DateTime,TiltMeter,Site,Time,Speed,Heading,Velocity_N,Velocity_E,Speed_m,VelocityN_m,VelocityE_m
2025-08-01T11:00:00Z,Tilt1,Oki02,13,1.8674358974358973,255.3771794871795,-0.34615384615384615,-1.3628205128205129,0.018674358974358974,-0.0034615384615384616,-0.013628205128205128
2025-08-01T12:00:00Z,Tilt1,Oki02,13,1.4471666666666667,214.05566666666667,-0.9048333333333334,-0.7893333333333333,0.014471666666666667,-0.009048333333333334,-0.007893333333333334
2025-08-01T13:00:00Z,Tilt1,Oki02,13,1.5555,206.26666666666668,-1.3691666666666666,-0.6133333333333333,0.015555000000000001,-0.013691666666666668,-0.0061333333333333335
2025-08-01T13:00:00Z,Tilt2,Oki03,42,0.5201666666666667,191.96416666666667,-0.23516666666666666,0.007999999999999997,0.005201666666666667,-0.002351666666666667,8e-5
2025-08-01T14:00:00Z,Tilt1,Oki02,13,1.3395,210.5045,-1.0371666666666666,-0.5973333333333334,0.013395,-0.010371666666666666,-0.005973333333333333
2025-08-01T14:00:00Z,Tilt2,Oki03,42,0.6213333333333333,149.2085,-0.15666666666666668,0.2663333333333333,0.006213333333333334,-0.0015666666666666667,0.0026633333333333335
2025-08-01T14:00:00Z,Tilt3,Oki04,50,2.156,217.15933333333334,-0.0646666666666667,0.04333333333333332,0.02156,-6.466666666666672e-4,4.333333333333333e-4
2025-08-01T15:00:00Z,Tilt1,Oki02,13,1.0878333333333332,180.73633333333333,-0.9349999999999999,0.03666666666666666,0.010878333333333334,-0.00935,3.666666666666666e-4
2025-08-01T15:00:00Z,Tilt2,Oki03,42,0.5126666666666667,192.2885,-0.05266666666666667,-0.00983333333333333,0.0051266666666666665,-5.266666666666667e-4,-9.83333333333333e-5
2025-08-01T15:00:00Z,Tilt3,Oki04,50,1.9981666666666666,223.8105,1.286,-0.16566666666666668,0.01998166666666667,0.01286,-0.0016566666666666667
2025-08-01T16:00:00Z,Tilt1,Oki02,13,1.1293333333333333,154.72016666666667,-0.614,0.41783333333333333,0.011293333333333334,-0.00614,0.004178333333333333
2025-08-01T16:00:00Z,Tilt2,Oki03,42,0.6188333333333333,200.97816666666668,0.034833333333333334,-0.013999999999999997,0.006188333333333334,3.4833333333333336e-4,-1.4000000000000001e-4
2025-08-01T16:00:00Z,Tilt3,Oki04,50,3.2728333333333333,297.912,2.5016666666666665,-1.4091666666666667,0.03272833333333333,0.025016666666666666,-0.014091666666666667
2025-08-01T17:00:00Z,Tilt1,Oki02,13,1.235,205.796,-0.9426666666666667,-0.52,0.01235,-0.009426666666666667,-0.0052
2025-08-01T17:00:00Z,Tilt2,Oki03,42,0.4766666666666667,240.35983333333334,0.173,-0.2805,0.0047666666666666664,0.00173,-0.002805
2025-08-01T17:00:00Z,Tilt3,Oki04,50,3.8985,302.53133333333335,1.8686666666666667,-3.2096666666666667,0.038985,0.018686666666666667,-0.03209666666666667
2025-08-01T18:00:00Z,Tilt1,Oki02,13,1.3953333333333333,229.256,-0.7085,-0.8596666666666667,0.013953333333333333,-0.007085,-0.008596666666666667
2025-08-01T18:00:00Z,Tilt2,Oki03,42,0.738,210.28883333333334,-0.0325,-0.0825,0.00738,-3.2500000000000004e-4,-8.249999999999999e-4
2025-08-01T18:00:00Z,Tilt3,Oki04,50,4.7465,277.5613333333333,0.555,-4.555166666666667,0.047465,0.00555,-0.04555166666666667
2025-08-01T19:00:00Z,Tilt1,Oki02,13,0.9716666666666667,170.66716666666667,-0.6013333333333334,0.19383333333333333,0.009716666666666667,-0.006013333333333333,0.0019383333333333334
2025-08-01T19:00:00Z,Tilt2,Oki03,42,0.5193333333333333,178.98116666666667,-0.06833333333333333,0.1335,0.005193333333333334,-6.833333333333333e-4,0.001335
2025-08-01T19:00:00Z,Tilt3,Oki04,50,2.8158333333333334,282.7241666666667,0.34500000000000003,-2.6135,0.028158333333333334,0.00345,-0.026135000000000002
2025-08-01T20:00:00Z,Tilt1,Oki02,13,1.0658333333333334,188.45933333333332,-0.7565,-0.1045,0.010658333333333334,-0.0075650000000000005,-0.001045
2025-08-01T20:00:00Z,Tilt2,Oki03,42,0.9026666666666666,175.79233333333335,-0.07916666666666666,0.21733333333333332,0.009026666666666667,-7.916666666666668e-4,0.0021733333333333335
2025-08-01T20:00:00Z,Tilt3,Oki04,50,1.8023333333333333,293.931,0.7306666666666667,-1.5463333333333333,0.018023333333333332,0.007306666666666667,-0.015463333333333334
2025-08-01T21:00:00Z,Tilt1,Oki02,13,1.238,145.23183333333333,-0.6468333333333334,0.4325,0.01238,-0.006468333333333334,0.004325
2025-08-01T21:00:00Z,Tilt2,Oki03,42,0.7018333333333333,222.30216666666666,0.06816666666666667,-0.2585,0.007018333333333334,6.816666666666667e-4,-0.002585
2025-08-01T21:00:00Z,Tilt3,Oki04,50,3.3773333333333335,295.34116666666665,1.3468333333333333,-3.0103333333333335,0.033773333333333336,0.013468333333333334,-0.030103333333333333
2025-08-01T22:00:00Z,Tilt1,Oki02,13,1.0981666666666667,176.3505,-0.21816666666666668,0.2485,0.010981666666666667,-0.002181666666666667,0.0024850000000000002
2025-08-01T22:00:00Z,Tilt2,Oki03,42,0.40850000000000003,236.21166666666667,-0.013833333333333336,-0.17216666666666666,0.004085,-1.3833333333333338e-4,-0.0017216666666666667
2025-08-01T22:00:00Z,Tilt3,Oki04,50,4.792833333333333,299.7001666666667,2.3256666666666668,-4.0365,0.04792833333333334,0.02325666666666667,-0.040365
2025-08-01T23:00:00Z,Tilt1,Oki02,13,2.5236666666666667,120.24616666666667,0.24233333333333335,2.1085,0.025236666666666668,0.0024233333333333333,0.021085
2025-08-01T23:00:00Z,Tilt2,Oki03,42,0.6225,209.24083333333334,0.003666666666666666,0.16666666666666666,0.0062250000000000005,3.6666666666666666e-5,0.0016666666666666666
2025-08-01T23:00:00Z,Tilt3,Oki04,50,5.3775,295.3688333333333,2.1738333333333335,-4.672166666666667,0.053775,0.021738333333333335,-0.04672166666666667
2025-08-02T00:00:00Z,Tilt1,Oki02,13,1.7995,197.85766666666666,-1.4831666666666667,-0.6816666666666666,0.017995,-0.014831666666666667,-0.006816666666666667
2025-08-02T00:00:00Z,Tilt2,Oki03,42,0.8171666666666667,152.82366666666667,-0.13883333333333334,0.45633333333333337,0.008171666666666667,-0.0013883333333333334,0.004563333333333333
2025-08-02T00:00:00Z,Tilt3,Oki04,50,7.8275,292.51366666666667,2.949,-7.087,0.078275,0.029490000000000002,-0.07087
2025-08-02T01:00:00Z,Tilt1,Oki02,13,1.5725,222.0435,-1.034,-0.9738333333333333,0.015725,-0.01034,-0.009738333333333333
2025-08-02T01:00:00Z,Tilt2,Oki03,42,0.8256666666666667,205.5145,-0.15616666666666665,0.09183333333333334,0.008256666666666667,-0.0015616666666666667,9.183333333333334e-4
2025-08-02T01:00:00Z,Tilt3,Oki04,50,7.7835,303.746,4.148833333333333,-6.439,0.077835,0.041488333333333335,-0.06439
2025-08-02T02:00:00Z,Tilt1,Oki02,13,1.918,219.9055,-1.3941666666666666,-1.1055,0.01918,-0.013941666666666666,-0.011055
2025-08-02T02:00:00Z,Tilt2,Oki03,42,0.6296666666666667,197.11983333333333,-0.20083333333333334,-0.0745,0.0062966666666666666,-0.0020083333333333333,-7.450000000000001e-4
2025-08-02T02:00:00Z,Tilt3,Oki04,50,3.9305,294.5806666666667,1.6831666666666667,-3.057,0.039305,0.01683166666666667,-0.03057
2025-08-02T03:00:00Z,Tilt1,Oki02,13,2.437333333333333,226.6335,-1.575,-1.653,0.024373333333333334,-0.01575,-0.01653
2025-08-02T03:00:00Z,Tilt2,Oki03,42,0.5506666666666666,217.86466666666666,0.06616666666666667,-0.1105,0.005506666666666667,6.616666666666666e-4,-0.001105
2025-08-02T03:00:00Z,Tilt3,Oki04,50,1.4896666666666667,182.39166666666668,0.278,0.23483333333333334,0.014896666666666667,0.0027800000000000004,0.0023483333333333333
2025-08-02T04:00:00Z,Tilt1,Oki02,13,2.011,177.94766666666666,-0.9578333333333333,0.22316666666666668,0.02011,-0.009578333333333335,0.0022316666666666665
2025-08-02T04:00:00Z,Tilt2,Oki03,42,0.6581666666666667,189.33966666666666,0.06516666666666666,-0.03483333333333332,0.006581666666666667,6.516666666666667e-4,-3.483333333333332e-4
2025-08-02T04:00:00Z,Tilt3,Oki04,50,2.720666666666667,235.90316666666666,2.0648333333333335,-0.6498333333333334,0.027206666666666667,0.020648333333333335,-0.006498333333333333
2025-08-02T05:00:00Z,Tilt1,Oki02,13,2.744,128.82933333333332,-0.12216666666666667,2.1751666666666667,0.027440000000000003,-0.0012216666666666667,0.021751666666666666
2025-08-02T05:00:00Z,Tilt2,Oki03,42,0.7061666666666666,252.71266666666668,0.09966666666666667,-0.5075000000000001,0.007061666666666667,9.966666666666665e-4,-0.0050750000000000005
2025-08-02T05:00:00Z,Tilt3,Oki04,50,2.3796666666666666,227.03416666666666,1.9291666666666667,-0.4781666666666667,0.023796666666666667,0.019291666666666665,-0.004781666666666667
2025-08-02T06:00:00Z,Tilt1,Oki02,13,1.8001666666666667,222.35883333333334,-1.1588333333333334,-0.995,0.018001666666666666,-0.011588333333333334,-0.00995
2025-08-02T06:00:00Z,Tilt2,Oki03,42,0.495,200.88633333333334,-0.08633333333333333,0.0031666666666666675,0.00495,-8.633333333333334e-4,3.166666666666669e-5
2025-08-02T06:00:00Z,Tilt3,Oki04,50,3.9713333333333334,276.8926666666667,3.686166666666667,-1.1268333333333334,0.03971333333333334,0.03686166666666667,-0.011268333333333333
2025-08-02T07:00:00Z,Tilt1,Oki02,13,2.1898333333333335,225.934,-1.378,-1.5356666666666667,0.021898333333333332,-0.01378,-0.015356666666666668
2025-08-02T07:00:00Z,Tilt2,Oki03,42,0.6291666666666667,176.66733333333335,-0.11583333333333333,0.15016666666666667,0.006291666666666667,-0.0011583333333333335,0.0015016666666666668
2025-08-02T07:00:00Z,Tilt3,Oki04,50,1.9081666666666668,301.94933333333336,1.2505,-1.234,0.019081666666666667,0.012505,-0.01234
2025-08-02T08:00:00Z,Tilt1,Oki02,13,2.238,211.60983333333334,-1.4875,-1.4445000000000001,0.02238,-0.014875,-0.014445000000000001
2025-08-02T08:00:00Z,Tilt2,Oki03,42,0.734,228.259,-0.00783333333333333,-0.2758333333333333,0.00734,-7.833333333333326e-5,-0.0027583333333333336
2025-08-02T08:00:00Z,Tilt3,Oki04,50,2.2648333333333333,291.7655,1.0131666666666668,-1.4683333333333333,0.022648333333333333,0.010131666666666667,-0.014683333333333333
2025-08-02T09:00:00Z,Tilt1,Oki02,13,1.4635,197.1915,-1.3376666666666666,-0.4175,0.014635,-0.013376666666666667,-0.004175
2025-08-02T09:00:00Z,Tilt2,Oki03,42,0.6116666666666667,217.85266666666666,-0.03333333333333333,-0.10116666666666667,0.006116666666666667,-3.333333333333334e-4,-0.0010116666666666668
2025-08-02T09:00:00Z,Tilt3,Oki04,50,2.7664999999999997,302.0925,1.4865,-2.0803333333333334,0.027665,0.014865,-0.020803333333333333
2025-08-02T10:00:00Z,Tilt1,Oki02,13,1.0771666666666666,212.19916666666666,-0.8448333333333333,-0.4691666666666667,0.010771666666666667,-0.008448333333333334,-0.004691666666666667
2025-08-02T10:00:00Z,Tilt2,Oki03,42,0.41083333333333333,194.38033333333334,-0.035833333333333335,-0.0625,0.004108333333333334,-3.583333333333334e-4,-6.25e-4
2025-08-02T10:00:00Z,Tilt3,Oki04,50,2.3841666666666668,296.8405,1.0588333333333333,-1.8821666666666668,0.023841666666666667,0.010588333333333333,-0.018821666666666667
2025-08-02T10:00:00Z,Tilt4,Oki07,0,4.007844444444444,186.20662222222222,-1.5376888888888889,0.4373777777777778,0.040078444444444444,-0.01537688888888889,0.0043737777777777785
2025-08-02T11:00:00Z,Tilt1,Oki02,13,1.3313333333333333,216.08233333333334,-0.8973333333333333,-0.674,0.013313333333333333,-0.008973333333333333,-0.00674
2025-08-02T11:00:00Z,Tilt2,Oki03,42,0.4335,233.25900000000001,-0.029500000000000002,-0.14733333333333334,0.004335,-2.95e-4,-0.0014733333333333334
2025-08-02T11:00:00Z,Tilt3,Oki04,50,4.404333333333334,301.3876666666667,1.9941666666666666,-3.695666666666667,0.04404333333333334,0.019941666666666667,-0.036956666666666665
2025-08-02T11:00:00Z,Tilt4,Oki07,0,3.8483055555555556,190.86875,-1.064638888888889,0.26261111111111113,0.038483055555555555,-0.01064638888888889,0.002626111111111111
2025-08-02T12:00:00Z,Tilt1,Oki02,13,1.3408333333333333,194.62466666666666,-1.2041666666666666,-0.2843333333333333,0.013408333333333335,-0.012041666666666668,-0.0028433333333333336
2025-08-02T12:00:00Z,Tilt2,Oki03,42,0.39916666666666667,209.21433333333334,-0.06216666666666666,-0.09233333333333334,0.003991666666666667,-6.216666666666666e-4,-9.233333333333333e-4
2025-08-02T12:00:00Z,Tilt3,Oki04,50,4.930666666666666,291.0921666666667,1.7611666666666668,-4.409166666666667,0.049306666666666665,0.017611666666666668,-0.04409166666666667
2025-08-02T12:00:00Z,Tilt4,Oki07,0,4.636166666666667,190.61436111111112,-2.493,-0.20619444444444443,0.04636166666666667,-0.02493,-0.0020619444444444444
2025-08-02T12:00:00Z,Tilt5,Oki09,28,1.8923809523809523,252.6352380952381,0.37476190476190474,-1.2278571428571428,0.018923809523809523,0.003747619047619048,-0.012278571428571429
2025-08-02T13:00:00Z,Tilt1,Oki02,13,2.2443333333333335,222.99683333333334,-1.0575,-1.435,0.022443333333333332,-0.010575000000000001,-0.01435
2025-08-02T13:00:00Z,Tilt2,Oki03,42,0.6968333333333333,143.8665,-0.2275,0.46499999999999997,0.006968333333333333,-0.002275,0.0046500000000000005
2025-08-02T13:00:00Z,Tilt3,Oki04,50,2.6988333333333334,300.98333333333335,1.3015,-2.229,0.026988333333333333,0.013015,-0.02229
2025-08-02T13:00:00Z,Tilt4,Oki07,0,5.897388888888889,184.21772222222222,-4.130694444444445,0.18758333333333332,0.05897388888888889,-0.041306944444444445,0.0018758333333333333
2025-08-02T13:00:00Z,Tilt5,Oki09,28,2.6298333333333335,291.2776666666667,1.332,-1.7996666666666667,0.026298333333333333,0.01332,-0.017996666666666668
2025-08-02T13:00:00Z,Tilt6,Oki11,0,0.7033333333333334,313.05,0.4666666666666667,-0.47,0.007033333333333334,0.004666666666666667,-0.0047
2025-08-02T14:00:00Z,Tilt1,Oki02,13,0.9268333333333334,157.42366666666666,-0.6991666666666667,0.2846666666666667,0.009268333333333333,-0.006991666666666667,0.0028466666666666666
2025-08-02T14:00:00Z,Tilt2,Oki03,42,0.5641666666666667,190.31983333333332,-0.09883333333333333,-0.030833333333333334,0.005641666666666667,-9.883333333333333e-4,-3.083333333333333e-4
2025-08-02T14:00:00Z,Tilt3,Oki04,50,1.0453333333333334,283.26366666666667,0.2945,-0.751,0.010453333333333334,0.002945,-0.00751
2025-08-02T14:00:00Z,Tilt4,Oki07,0,7.039138888888889,192.2144722222222,-5.38725,-0.9888055555555556,0.07039138888888889,-0.053872500000000004,-0.009888055555555556
2025-08-02T14:00:00Z,Tilt5,Oki09,28,2.3266666666666667,281.7853333333333,1.0231666666666666,-1.632,0.023266666666666668,0.010231666666666667,-0.01632
2025-08-02T14:00:00Z,Tilt6,Oki11,0,0.7753333333333333,245.229,0.29883333333333334,-0.22266666666666668,0.007753333333333333,0.0029883333333333333,-0.0022266666666666667
2025-08-02T15:00:00Z,Tilt1,Oki02,13,1.3196666666666668,199.525,-1.1576666666666666,-0.4071666666666667,0.013196666666666667,-0.011576666666666667,-0.004071666666666667
2025-08-02T15:00:00Z,Tilt2,Oki03,42,0.37166666666666665,242.10833333333332,-0.015999999999999997,-0.17816666666666667,0.0037166666666666667,-1.5999999999999999e-4,-0.0017816666666666666
2025-08-02T15:00:00Z,Tilt3,Oki04,50,1.6595,204.21,1.0271666666666668,-0.18966666666666668,0.016595000000000002,0.010271666666666667,-0.0018966666666666667
2025-08-02T15:00:00Z,Tilt4,Oki07,0,4.5673055555555555,197.82427777777778,-1.9641111111111111,-0.7598055555555555,0.04567305555555556,-0.019641111111111113,-0.007598055555555556
2025-08-02T15:00:00Z,Tilt5,Oki09,28,1.344,273.326,0.6446666666666666,-0.942,0.01344,0.0064466666666666665,-0.00942
2025-08-02T15:00:00Z,Tilt6,Oki11,0,0.654,219.69266666666667,0.23816666666666667,-0.11,0.00654,0.002381666666666667,-0.0011
2025-08-02T16:00:00Z,Tilt1,Oki02,13,1.3611666666666666,197.295,-1.0468333333333333,-0.21283333333333335,0.013611666666666668,-0.010468333333333333,-0.002128333333333333
2025-08-02T16:00:00Z,Tilt2,Oki03,42,0.37383333333333335,226.48033333333333,0.040666666666666663,-0.207,0.0037383333333333335,4.0666666666666667e-4,-0.0020700000000000002
2025-08-02T16:00:00Z,Tilt3,Oki04,50,2.2715,277.4008333333333,1.0018333333333334,-1.6101666666666667,0.022715,0.010018333333333334,-0.016101666666666667
2025-08-02T16:00:00Z,Tilt4,Oki07,0,4.841888888888889,159.04408333333333,1.7910833333333334,0.8612222222222222,0.04841888888888889,0.017910833333333334,0.0086122222222222225
2025-08-02T16:00:00Z,Tilt5,Oki09,28,1.7731666666666668,293.728,0.9938333333333333,-1.1575,0.017731666666666666,0.009938333333333334,-0.011575
2025-08-02T16:00:00Z,Tilt6,Oki11,0,1.3263333333333334,240.31783333333334,0.504,-0.5613333333333334,0.013263333333333334,0.00504,-0.005613333333333334
2025-08-02T17:00:00Z,Tilt1,Oki02,13,0.9415,161.04983333333334,-0.6331666666666667,0.197,0.009415,-0.006331666666666667,0.00197
2025-08-02T17:00:00Z,Tilt2,Oki03,42,0.4076666666666667,202.41733333333335,-0.016999999999999998,-0.06283333333333334,0.004076666666666667,-1.6999999999999999e-4,-6.283333333333334e-4
2025-08-02T17:00:00Z,Tilt3,Oki04,50,5.158166666666666,293.599,1.9621666666666666,-4.616,0.051581666666666665,0.019621666666666666,-0.04616
2025-08-02T17:00:00Z,Tilt4,Oki07,0,8.016444444444444,121.07222222222222,7.0125,1.8327777777777778,0.08016444444444444,0.070125,0.01832777777777778
2025-08-02T17:00:00Z,Tilt5,Oki09,28,1.7778333333333334,270.22616666666664,1.0348333333333333,-0.9388333333333333,0.017778333333333333,0.010348333333333333,-0.009388333333333334
2025-08-02T17:00:00Z,Tilt6,Oki11,0,0.9811666666666666,228.01233333333332,-0.14783333333333334,-0.47433333333333333,0.009811666666666666,-0.0014783333333333335,-0.004743333333333334
2025-08-02T18:00:00Z,Tilt1,Oki02,13,2.0336666666666665,229.97966666666667,-1.1083333333333334,-1.5366666666666666,0.020336666666666666,-0.011083333333333334,-0.015366666666666667
2025-08-02T18:00:00Z,Tilt2,Oki03,42,0.6641666666666667,184.46916666666667,-0.0525,0.2125,0.006641666666666666,-5.25e-4,0.002125
2025-08-02T18:00:00Z,Tilt3,Oki04,50,2.3305,299.176,1.2373333333333334,-1.7831666666666666,0.023305,0.012373333333333333,-0.017831666666666666
2025-08-02T18:00:00Z,Tilt4,Oki07,0,6.745666666666667,117.31705555555556,4.950277777777778,2.44775,0.06745666666666666,0.04950277777777778,0.0244775
2025-08-02T18:00:00Z,Tilt5,Oki09,28,1.7581666666666667,285.4745,0.9303333333333333,-1.0045,0.017581666666666666,0.009303333333333334,-0.010045
2025-08-02T18:00:00Z,Tilt6,Oki11,0,0.9056666666666666,165.318,-0.5651666666666667,0.17233333333333334,0.009056666666666668,-0.005651666666666667,0.0017233333333333334
2025-08-02T19:00:00Z,Tilt1,Oki02,13,1.28,225.71983333333333,-0.7693333333333333,-0.7353333333333334,0.0128,-0.007693333333333333,-0.007353333333333333
2025-08-02T19:00:00Z,Tilt2,Oki03,42,0.8838333333333334,198.02416666666667,0.04016666666666666,0.14533333333333331,0.008838333333333333,4.016666666666666e-4,0.0014533333333333334
2025-08-02T19:00:00Z,Tilt3,Oki04,50,1.2226666666666666,267.90766666666667,0.6671666666666667,-0.5585,0.012226666666666667,0.006671666666666667,-0.0055850000000000006
2025-08-02T19:00:00Z,Tilt4,Oki07,0,7.383305555555555,135.05733333333333,6.10775,1.7241388888888889,0.07383305555555555,0.0610775,0.01724138888888889
2025-08-02T19:00:00Z,Tilt5,Oki09,28,2.7085,279.1931666666667,1.6428333333333334,-1.7288333333333334,0.027085,0.016428333333333333,-0.017288333333333333
2025-08-02T19:00:00Z,Tilt6,Oki11,0,0.7533333333333333,189.0255,0.09566666666666666,0.02416666666666666,0.007533333333333334,9.566666666666666e-4,2.4166666666666661e-4
2025-08-02T20:00:00Z,Tilt1,Oki02,13,1.297,200.11966666666666,-0.904,-0.6011666666666666,0.01297,-0.00904,-0.006011666666666667
2025-08-02T20:00:00Z,Tilt2,Oki03,42,0.42033333333333334,183.09266666666667,-0.028,-0.053,0.004203333333333333,-2.8e-4,-5.3e-4
2025-08-02T20:00:00Z,Tilt3,Oki04,50,3.025,266.6335,2.777,-0.7275,0.03025,0.02777,-0.007275
2025-08-02T20:00:00Z,Tilt4,Oki07,0,4.3588611111111115,174.54336111111112,2.467277777777778,0.47636111111111107,0.04358861111111111,0.02467277777777778,0.004763611111111111
2025-08-02T20:00:00Z,Tilt5,Oki09,28,2.3706666666666667,261.51416666666665,1.0406666666666666,-1.1941666666666666,0.023706666666666668,0.010406666666666666,-0.011941666666666666
2025-08-02T20:00:00Z,Tilt6,Oki11,0,0.9451666666666667,218.885,0.03166666666666667,0.09616666666666666,0.009451666666666667,3.1666666666666676e-4,9.616666666666667e-4
2025-08-02T21:00:00Z,Tilt1,Oki02,13,2.0508333333333333,97.51383333333334,0.236,1.5288333333333333,0.020508333333333333,0.00236,0.015288333333333334
2025-08-02T21:00:00Z,Tilt2,Oki03,42,0.6211666666666666,232.77733333333333,0.009000000000000001,-0.3506666666666667,0.0062116666666666666,9e-5,-0.0035066666666666666
2025-08-02T21:00:00Z,Tilt3,Oki04,50,6.4465,321.9745,5.137333333333333,-3.1758333333333333,0.064465,0.05137333333333333,-0.03175833333333333
2025-08-02T21:00:00Z,Tilt4,Oki07,0,3.291361111111111,189.65872222222222,-0.11124999999999999,0.3232777777777778,0.03291361111111111,-0.0011125,0.003232777777777778
2025-08-02T21:00:00Z,Tilt5,Oki09,28,2.312,242.88316666666665,1.279,-1.236,0.02312,0.012790000000000001,-0.012360000000000001
2025-08-02T21:00:00Z,Tilt6,Oki11,0,0.6345,198.57916666666665,0.14866666666666667,0.007499999999999999,0.006345,0.0014866666666666667,7.499999999999994e-5
2025-08-02T22:00:00Z,Tilt1,Oki02,13,2.2781666666666665,231.7805,-0.6091666666666666,-1.5743333333333334,0.022781666666666665,-0.006091666666666667,-0.015743333333333335
2025-08-02T22:00:00Z,Tilt2,Oki03,42,0.4633333333333333,189.23483333333334,-0.09150000000000001,0.0715,0.004633333333333333,-9.150000000000001e-4,7.15e-4
2025-08-02T22:00:00Z,Tilt3,Oki04,50,4.669833333333333,290.819,1.5426666666666666,-4.2668333333333335,0.046698333333333335,0.015426666666666667,-0.042668333333333336
2025-08-02T22:00:00Z,Tilt4,Oki07,0,3.1500833333333333,192.41705555555555,-1.4862222222222221,-0.10708333333333334,0.03150083333333333,-0.014862222222222223,-0.0010708333333333336
2025-08-02T22:00:00Z,Tilt5,Oki09,28,2.1948333333333334,308.5036666666667,1.5918333333333334,-1.354,0.021948333333333334,0.015918333333333333,-0.01354
2025-08-02T22:00:00Z,Tilt6,Oki11,0,0.8611666666666666,259.3351666666667,0.17633333333333331,-0.18766666666666668,0.008611666666666667,0.0017633333333333331,-0.0018766666666666667
2025-08-02T23:00:00Z,Tilt1,Oki02,13,1.6636666666666666,218.4785,-1.1743333333333332,-0.8408333333333333,0.016636666666666668,-0.011743333333333333,-0.008408333333333334
2025-08-02T23:00:00Z,Tilt2,Oki03,42,0.45666666666666667,218.75483333333332,-0.027166666666666665,-0.15366666666666667,0.004566666666666667,-2.716666666666667e-4,-0.0015366666666666666
2025-08-02T23:00:00Z,Tilt3,Oki04,50,4.171666666666667,296.3573333333333,1.7146666666666666,-3.6536666666666666,0.041716666666666666,0.017146666666666668,-0.03653666666666667
2025-08-02T23:00:00Z,Tilt4,Oki07,0,5.89675,192.92644444444446,-4.819805555555556,-0.6758888888888889,0.0589675,-0.048198055555555556,-0.006758888888888889
2025-08-02T23:00:00Z,Tilt5,Oki09,28,1.8541666666666667,300.0396666666667,1.2833333333333334,-1.1425,0.018541666666666668,0.012833333333333334,-0.011425000000000001
2025-08-02T23:00:00Z,Tilt6,Oki11,0,0.7618333333333334,236.56366666666668,0.12216666666666666,-0.2685,0.007618333333333334,0.0012216666666666667,-0.002685
2025-08-03T00:00:00Z,Tilt1,Oki02,13,1.4948333333333332,207.10466666666667,-1.2361666666666666,-0.6405,0.014948333333333334,-0.012361666666666667,-0.006405
2025-08-03T00:00:00Z,Tilt2,Oki03,42,0.3075,208.74616666666665,-0.036833333333333336,-0.09983333333333333,0.003075,-3.6833333333333336e-4,-9.983333333333333e-4
2025-08-03T00:00:00Z,Tilt3,Oki04,50,2.692833333333333,315.45883333333336,1.8648333333333333,-1.6901666666666666,0.026928333333333335,0.018648333333333333,-0.016901666666666666
2025-08-03T00:00:00Z,Tilt4,Oki07,0,3.7505,185.8466388888889,-1.451638888888889,0.2758333333333333,0.037505000000000004,-0.01451638888888889,0.0027583333333333336
2025-08-03T00:00:00Z,Tilt5,Oki09,28,1.618,279.5921666666667,0.9986666666666667,-0.9531666666666667,0.01618,0.009986666666666666,-0.009531666666666667
2025-08-03T00:00:00Z,Tilt6,Oki11,0,0.7593333333333333,237.92033333333333,0.30333333333333334,-0.37733333333333335,0.007593333333333334,0.003033333333333333,-0.0037733333333333334
2025-08-03T01:00:00Z,Tilt1,Oki02,13,1.3695,194.6545,-1.1671666666666667,-0.41033333333333333,0.013695,-0.011671666666666667,-0.004103333333333334
2025-08-03T01:00:00Z,Tilt2,Oki03,42,0.38616666666666666,195.39733333333334,-0.09166666666666666,0.016833333333333336,0.003861666666666667,-9.166666666666666e-4,1.6833333333333338e-4
2025-08-03T01:00:00Z,Tilt3,Oki04,50,1.5313333333333334,302.79133333333334,0.7913333333333333,-0.943,0.015313333333333333,0.007913333333333333,-0.009430000000000001
2025-08-03T01:00:00Z,Tilt4,Oki07,0,3.3008611111111112,152.17236111111112,1.6406666666666667,1.0291944444444445,0.033008611111111114,0.016406666666666667,0.010291944444444446
2025-08-03T01:00:00Z,Tilt5,Oki09,28,1.8586666666666667,303.24283333333335,1.365,-1.0106666666666666,0.018586666666666668,0.01365,-0.010106666666666667
2025-08-03T01:00:00Z,Tilt6,Oki11,0,0.5406666666666666,205.95683333333335,0.12783333333333333,0.0675,0.005406666666666666,0.0012783333333333334,6.75e-4
2025-08-03T02:00:00Z,Tilt1,Oki02,13,1.3718333333333332,161.42683333333332,-0.9348333333333333,0.1605,0.013718333333333334,-0.009348333333333333,0.001605
2025-08-03T02:00:00Z,Tilt2,Oki03,42,0.784,225.617,-0.001499999999999999,-0.4925,0.00784,-1.5000000000000009e-5,-0.004925
2025-08-03T02:00:00Z,Tilt3,Oki04,50,1.8041666666666667,294.98316666666665,1.1455,-0.9746666666666667,0.018041666666666668,0.011455,-0.009746666666666667
2025-08-03T02:00:00Z,Tilt4,Oki07,0,4.066944444444444,133.18744444444445,1.9541388888888889,1.990388888888889,0.040669444444444446,0.01954138888888889,0.01990388888888889
2025-08-03T02:00:00Z,Tilt5,Oki09,28,1.748,266.41566666666665,1.0536666666666668,-0.8068333333333334,0.01748,0.010536666666666666,-0.008068333333333334
2025-08-03T02:00:00Z,Tilt6,Oki11,0,0.532,197.04783333333333,-0.187,8.333333333333313e-4,0.00532,-0.00187,8.33333333333332e-6
2025-08-03T03:00:00Z,Tilt1,Oki02,13,1.0475,180.28316666666666,-0.658,-0.19883333333333333,0.010475,-0.00658,-0.0019883333333333333
2025-08-03T03:00:00Z,Tilt2,Oki03,42,0.4201666666666667,209.49183333333332,-0.009666666666666667,-0.12266666666666666,0.004201666666666667,-9.666666666666664e-5,-0.0012266666666666667
2025-08-03T03:00:00Z,Tilt3,Oki04,50,1.1518333333333333,285.969,0.667,-0.6738333333333333,0.011518333333333334,0.006670000000000001,-0.006738333333333333
2025-08-03T03:00:00Z,Tilt4,Oki07,0,3.775638888888889,155.21622222222223,1.4948333333333332,1.052138888888889,0.03775638888888889,0.014948333333333334,0.01052138888888889
2025-08-03T03:00:00Z,Tilt5,Oki09,28,1.8805,297.28683333333333,1.3703333333333334,-1.1466666666666667,0.018805,0.013703333333333333,-0.011466666666666667
2025-08-03T03:00:00Z,Tilt6,Oki11,0,0.5658333333333333,205.298,0.16266666666666665,-0.128,0.005658333333333334,0.0016266666666666667,-0.00128
2025-08-03T04:00:00Z,Tilt1,Oki02,13,1.3083333333333333,208.10883333333334,-1.1291666666666667,-0.5683333333333334,0.013083333333333334,-0.011291666666666667,-0.005683333333333334
2025-08-03T04:00:00Z,Tilt2,Oki03,42,0.4106666666666667,207.08333333333334,-0.09533333333333334,-0.03383333333333334,0.0041066666666666665,-9.533333333333334e-4,-3.3833333333333344e-4
2025-08-03T04:00:00Z,Tilt3,Oki04,50,1.3018333333333334,262.28333333333336,0.9013333333333333,-0.4365,0.013018333333333333,0.009013333333333333,-0.004365
2025-08-03T04:00:00Z,Tilt4,Oki07,0,3.781222222222222,164.50866666666667,0.633,1.04525,0.037812222222222226,0.00633,0.0104525
2025-08-03T04:00:00Z,Tilt5,Oki09,28,2.1175,277.8786666666667,1.4965,-1.2346666666666666,0.021175,0.014965000000000001,-0.012346666666666667
2025-08-03T04:00:00Z,Tilt6,Oki11,0,0.6065,226.85516666666666,0.277,-0.22833333333333333,0.006065,0.00277,-0.0022833333333333334
2025-08-03T05:00:00Z,Tilt1,Oki02,13,1.2868333333333333,194.3155,-1.1495,-0.30966666666666665,0.012868333333333334,-0.011495,-0.003096666666666667
2025-08-03T05:00:00Z,Tilt2,Oki03,42,0.6166666666666667,213.56266666666667,-0.12,-0.224,0.006166666666666667,-0.0012000000000000001,-0.0022400000000000002
2025-08-03T05:00:00Z,Tilt3,Oki04,50,1.7353333333333334,269.7785,1.0598333333333334,-0.3463333333333333,0.017353333333333335,0.010598333333333333,-0.0034633333333333335
2025-08-03T05:00:00Z,Tilt4,Oki07,0,5.811555555555556,143.1346111111111,4.1001111111111115,1.4374166666666666,0.05811555555555556,0.04100111111111111,0.014374166666666667
2025-08-03T05:00:00Z,Tilt5,Oki09,28,1.6321666666666668,315.3156666666667,1.2035,-1.0491666666666666,0.01632166666666667,0.012035,-0.010491666666666667
2025-08-03T05:00:00Z,Tilt6,Oki11,0,0.8271666666666667,186.86016666666666,0.09266666666666666,0.0625,0.008271666666666667,9.266666666666667e-4,6.25e-4
2025-08-03T06:00:00Z,Tilt1,Oki02,13,1.1083333333333334,174.91766666666666,-0.6443333333333333,0.04933333333333333,0.011083333333333334,-0.006443333333333333,4.933333333333334e-4
2025-08-03T06:00:00Z,Tilt2,Oki03,42,0.5453333333333333,174.41316666666665,-0.241,0.183,0.0054533333333333335,-0.0024100000000000002,0.00183
2025-08-03T06:00:00Z,Tilt3,Oki04,50,1.3638333333333335,289.6868333333333,1.0033333333333334,-0.6066666666666667,0.013638333333333334,0.010033333333333333,-0.006066666666666666
2025-08-03T06:00:00Z,Tilt4,Oki07,0,6.502083333333333,149.64025,4.464361111111111,1.4434444444444445,0.06502083333333333,0.04464361111111111,0.014434444444444444
2025-08-03T06:00:00Z,Tilt5,Oki09,28,1.6566666666666667,320.5355,1.2523333333333333,-1.049,0.016566666666666667,0.012523333333333334,-0.010490000000000001
2025-08-03T06:00:00Z,Tilt6,Oki11,0,0.6731666666666667,237.46416666666667,0.26516666666666666,-0.15733333333333335,0.006731666666666667,0.0026516666666666668,-0.0015733333333333335
2025-08-03T07:00:00Z,Tilt1,Oki02,13,2.9788333333333332,227.53216666666665,-1.6816666666666666,-2.2685,0.029788333333333333,-0.016816666666666667,-0.022685
2025-08-03T07:00:00Z,Tilt2,Oki03,42,0.7608333333333334,234.50933333333333,-0.013000000000000001,-0.2688333333333333,0.007608333333333333,-1.3000000000000004e-4,-0.0026883333333333334
2025-08-03T07:00:00Z,Tilt3,Oki04,50,1.7658333333333334,314.49066666666664,1.5266666666666666,-0.7641666666666667,0.017658333333333335,0.015266666666666666,-0.007641666666666667
2025-08-03T07:00:00Z,Tilt4,Oki07,0,4.864194444444444,178.52744444444446,2.9266111111111113,0.32375,0.048641944444444446,0.02926611111111111,0.0032374999999999995
2025-08-03T07:00:00Z,Tilt5,Oki09,28,1.3411666666666666,301.83866666666665,0.9718333333333333,-0.815,0.013411666666666667,0.009718333333333334,-0.008150000000000001
2025-08-03T07:00:00Z,Tilt6,Oki11,0,0.8775,234.32066666666668,0.48,-0.14166666666666666,0.008775,0.0048000000000000004,-0.0014166666666666668
2025-08-03T08:00:00Z,Tilt1,Oki02,13,3.9688333333333334,244.0405,-1.5028333333333332,-3.6085,0.03968833333333333,-0.015028333333333333,-0.036085
2025-08-03T08:00:00Z,Tilt2,Oki03,42,0.6953333333333334,239.814,0.041,-0.4821666666666667,0.006953333333333334,4.1000000000000005e-4,-0.004821666666666667
2025-08-03T08:00:00Z,Tilt3,Oki04,50,1.7771666666666668,323.0325,1.474,-0.8308333333333333,0.017771666666666668,0.01474,-0.008308333333333334
2025-08-03T08:00:00Z,Tilt4,Oki07,0,4.099583333333333,191.721,-1.142777777777778,0.3437222222222222,0.040995833333333336,-0.011427777777777778,0.003437222222222222
2025-08-03T08:00:00Z,Tilt5,Oki09,28,1.5733333333333333,297.39366666666666,1.095,-0.87283333333333335,0.015733333333333335,0.01095,-0.008728333333333334
2025-08-03T08:00:00Z,Tilt6,Oki11,0,1.1293333333333333,273.12716666666665,0.6331666666666667,-0.577,0.011293333333333334,0.006331666666666667,-0.00577
2025-08-03T09:00:00Z,Tilt1,Oki02,13,2.8085,236.646,-1.3381666666666667,-2.2741666666666664,0.028085,-0.013381666666666667,-0.022741666666666667
2025-08-03T09:00:00Z,Tilt2,Oki03,42,0.6766666666666666,126.04083333333334,-0.08366666666666667,0.4666666666666667,0.0067666666666666665,-8.366666666666668e-4,0.004666666666666667
2025-08-03T09:00:00Z,Tilt3,Oki04,50,1.6596666666666666,310.516,1.243,-0.8046666666666666,0.016596666666666666,0.01243,-0.008046666666666667
2025-08-03T09:00:00Z,Tilt4,Oki07,0,4.602888888888889,186.03875,-2.597638888888889,0.22802777777777777,0.04602888888888889,-0.02597638888888889,0.0022802777777777778
2025-08-03T09:00:00Z,Tilt5,Oki09,28,1.281,297.1911666666667,0.733,-0.8035,0.01281,0.007330000000000001,-0.008035
2025-08-03T09:00:00Z,Tilt6,Oki11,0,0.911,244.19883333333334,0.34933333333333333,-0.34983333333333333,0.00911,0.0034933333333333335,-0.0034983333333333333
2025-08-03T10:00:00Z,Tilt1,Oki02,13,1.269,212.85833333333335,-0.9531666666666667,-0.6511666666666667,0.01269,-0.009531666666666667,-0.0065116666666666665
2025-08-03T10:00:00Z,Tilt2,Oki03,42,0.6458333333333334,187.61316666666667,-0.15666666666666668,0.016666666666666673,0.006458333333333333,-0.0015666666666666667,1.6666666666666672e-4
2025-08-03T10:00:00Z,Tilt3,Oki04,50,1.4958333333333333,291.4608333333333,0.5711666666666667,-1.2438333333333333,0.014958333333333334,0.005711666666666667,-0.012438333333333334
2025-08-03T10:00:00Z,Tilt4,Oki07,0,4.724805555555555,189.78925,-3.415166666666667,-0.28602777777777777,0.04724805555555556,-0.03415166666666667,-0.0028602777777777776
2025-08-03T10:00:00Z,Tilt5,Oki09,28,1.5183333333333333,236.29966666666667,-0.35,-0.0685,0.015183333333333333,-0.0035,-6.85e-4
2025-08-03T10:00:00Z,Tilt6,Oki11,0,0.7923333333333333,162.43933333333334,-0.5091666666666667,0.43483333333333335,0.007923333333333334,-0.005091666666666667,0.004348333333333333
2025-08-03T10:00:00Z,Tilt7,Oki15,0,1.4398690476190477,196.62751955782312,-0.26681037414965986,-0.04772619047619048,0.014398690476190476,-0.0026681037414965987,-4.7726190476190476e-4
2025-08-03T11:00:00Z,Tilt1,Oki02,13,1.234,168.45016666666666,-1.036,0.193,0.01234,-0.01036,0.0019299999999999999
2025-08-03T11:00:00Z,Tilt2,Oki03,42,0.447,214.6405,0.018833333333333334,-0.2285,0.00447,1.8833333333333335e-4,-0.002285
2025-08-03T11:00:00Z,Tilt3,Oki04,50,1.7601666666666667,296.669,1.025,-1.2843333333333333,0.017601666666666668,0.01025,-0.012843333333333333
2025-08-03T11:00:00Z,Tilt4,Oki07,0,5.698972222222222,193.21622222222223,-4.318805555555556,-1.02975,0.056989722222222226,-0.043188055555555556,-0.010297500000000001
2025-08-03T11:00:00Z,Tilt5,Oki09,28,6.094166666666666,309.8471666666667,4.5841666666666665,-3.6456666666666666,0.060941666666666665,0.04584166666666667,-0.036456666666666665
2025-08-03T11:00:00Z,Tilt6,Oki11,0,0.9945,209.37016666666668,0.4078333333333333,-0.14866666666666667,0.009945,0.004078333333333333,-0.0014866666666666667
2025-08-03T11:00:00Z,Tilt7,Oki15,0,1.4301527777777778,191.92846944444446,-0.3943138888888889,0.080875,0.014301527777777778,-0.003943138888888889,8.0875e-4
2025-08-03T12:00:00Z,Tilt1,Oki02,13,1.0928333333333333,196.39733333333334,-0.9803333333333333,-0.30433333333333334,0.010928333333333333,-0.009803333333333334,-0.0030433333333333332
2025-08-03T12:00:00Z,Tilt2,Oki03,42,0.3385,234.09066666666666,-0.07516666666666667,-0.15916666666666668,0.003385,-7.516666666666667e-4,-0.0015916666666666668
2025-08-03T12:00:00Z,Tilt3,Oki04,50,3.082333333333333,296.32183333333336,1.2865,-2.6798333333333333,0.030823333333333335,0.012865,-0.026798333333333334
2025-08-03T12:00:00Z,Tilt4,Oki07,0,7.364777777777777,190.82136111111112,-5.884222222222222,-0.9774444444444444,0.07364777777777778,-0.058842222222222226,-0.009774444444444445
2025-08-03T12:00:00Z,Tilt5,Oki09,28,2.5046666666666666,208.96783333333335,1.447,0.1381666666666667,0.02504666666666667,0.01447,0.001381666666666667
2025-08-03T12:00:00Z,Tilt6,Oki11,0,0.6086666666666667,252.81933333333333,0.2783333333333333,-0.25516666666666665,0.0060866666666666664,0.0027833333333333334,-0.0025516666666666665
2025-08-03T12:00:00Z,Tilt7,Oki15,0,1.3953888888888888,186.54999722222223,-0.30601666666666666,0.14936944444444444,0.013953888888888889,-0.0030601666666666668,0.0014936944444444444
2025-08-03T12:00:00Z,Tilt8,Oki14,0,5.55604938271605,216.51246913580246,-1.3417283950617283,-3.073888888888889,0.055560493827160495,-0.013417283950617283,-0.03073888888888889
2025-08-03T13:00:00Z,Tilt1,Oki02,13,1.2145,210.26333333333332,-0.9773333333333334,-0.571,0.012145,-0.009773333333333334,-0.00571
2025-08-03T13:00:00Z,Tilt2,Oki03,42,0.7291666666666666,120.3565,-0.2295,0.5551666666666667,0.007291666666666667,-0.002295,0.0055516666666666666
2025-08-03T13:00:00Z,Tilt3,Oki04,50,3.7441666666666666,290.4965,1.1471666666666667,-3.4566666666666666,0.037441666666666665,0.011471666666666666,-0.03456666666666667
2025-08-03T13:00:00Z,Tilt4,Oki07,0,6.458,191.58541666666667,-4.745833333333334,-1.1700277777777777,0.06458,-0.04745833333333333,-0.011700277777777778
2025-08-03T13:00:00Z,Tilt5,Oki09,28,2.1545,291.45116666666667,1.363,-1.3595,0.021545,0.01363,-0.013595
2025-08-03T13:00:00Z,Tilt6,Oki11,0,0.6799999999999999,213.84633333333332,0.3015,-0.1585,0.0068000000000000005,0.003015,-0.001585
2025-08-03T13:00:00Z,Tilt7,Oki15,0,1.2268861111111111,187.18373888888888,-0.373575,0.14385555555555554,0.01226886111111111,-0.00373575,0.0014385555555555556
2025-08-03T13:00:00Z,Tilt8,Oki14,0,4.480888888888889,211.63416666666666,-2.567277777777778,-2.595666666666667,0.04480888888888889,-0.025672777777777777,-0.025956666666666666
2025-08-03T14:00:00Z,Tilt1,Oki02,13,1.2445,161.16166666666666,-0.9646666666666667,0.427,0.012445000000000001,-0.009646666666666666,0.00427
2025-08-03T14:00:00Z,Tilt2,Oki03,42,0.3858333333333333,222.77716666666666,-9.999999999999994e-4,-0.23600000000000002,0.0038583333333333334,-9.999999999999984e-6,-0.00236
2025-08-03T14:00:00Z,Tilt3,Oki04,50,5.255333333333334,287.3975,1.4723333333333333,-4.870833333333334,0.052553333333333334,0.014723333333333333,-0.04870833333333333
2025-08-03T14:00:00Z,Tilt4,Oki07,0,5.78925,200.62247222222223,-3.6,-1.5832222222222223,0.0578925,-0.036,-0.015832222222222223
2025-08-03T14:00:00Z,Tilt5,Oki09,28,1.6675,282.4033333333333,0.7805,-0.9430000000000001,0.016675,0.007805,-0.009430000000000001
2025-08-03T14:00:00Z,Tilt6,Oki11,0,0.6583333333333333,187.2935,0.09533333333333333,0.08700000000000001,0.006583333333333333,9.533333333333333e-4,8.7e-4
2025-08-03T14:00:00Z,Tilt7,Oki15,0,1.1511888888888888,186.02376388888888,-0.3992583333333333,0.14970277777777777,0.01151188888888889,-0.003992583333333333,0.001497027777777778
2025-08-03T14:00:00Z,Tilt8,Oki14,0,6.254166666666666,224.9086111111111,-4.027222222222222,-4.223333333333334,0.06254166666666666,-0.04027222222222222,-0.04223333333333333
2025-08-03T15:00:00Z,Tilt1,Oki02,13,0.8035,187.1985,-0.6713333333333333,-0.14666666666666667,0.008035,-0.006713333333333333,-0.0014666666666666667
2025-08-03T15:00:00Z,Tilt2,Oki03,42,0.44633333333333336,214.71316666666667,-0.03766666666666667,-0.02266666666666667,0.004463333333333333,-3.7666666666666664e-4,-2.2666666666666668e-4
2025-08-03T15:00:00Z,Tilt3,Oki04,50,3.361666666666667,291.2461666666667,0.9888333333333333,-2.9928333333333335,0.03361666666666667,0.009888333333333334,-0.029928333333333335
2025-08-03T15:00:00Z,Tilt4,Oki07,0,4.414361111111111,193.22283333333334,-1.960361111111111,-0.46249999999999997,0.04414361111111111,-0.01960361111111111,-0.004625
2025-08-03T15:00:00Z,Tilt5,Oki09,28,1.4791666666666667,281.21933333333334,0.7093333333333334,-0.7921666666666667,0.014791666666666667,0.0070933333333333334,-0.007921666666666667
2025-08-03T15:00:00Z,Tilt6,Oki11,0,0.6553333333333333,168.7425,-0.2991666666666667,0.17200000000000001,0.006553333333333334,-0.0029916666666666668,0.00172
2025-08-03T15:00:00Z,Tilt7,Oki15,0,1.1851222222222222,182.94783055555556,-0.46418333333333334,0.18341944444444444,0.011851222222222223,-0.004641833333333334,0.0018341944444444445
2025-08-03T15:00:00Z,Tilt8,Oki14,0,4.600555555555555,176.3813888888889,-1.032,-1.8699444444444444,0.046005555555555556,-0.010320000000000001,-0.018699444444444446
2025-08-03T16:00:00Z,Tilt1,Oki02,13,1.3985,205.07166666666666,-1.0728333333333333,-0.6231666666666666,0.013985000000000001,-0.010728333333333333,-0.006231666666666667
2025-08-03T16:00:00Z,Tilt2,Oki03,42,0.7941666666666667,196.8435,0.08466666666666667,-0.03433333333333334,0.007941666666666666,8.466666666666667e-4,-3.433333333333334e-4
2025-08-03T16:00:00Z,Tilt3,Oki04,50,5.897333333333333,290.252,1.9781666666666666,-5.379,0.058973333333333336,0.019781666666666666,-0.05379
2025-08-03T16:00:00Z,Tilt4,Oki07,0,6.038055555555555,192.35166666666666,-4.550861111111111,-0.9823611111111111,0.060380555555555555,-0.04550861111111111,-0.009823611111111111
2025-08-03T16:00:00Z,Tilt5,Oki09,28,1.5866666666666667,317.4815,1.1616666666666666,-1.0496666666666667,0.015866666666666668,0.011616666666666668,-0.010496666666666666
2025-08-03T16:00:00Z,Tilt6,Oki11,0,1.1583333333333332,148.5445,-0.7668333333333334,0.5985,0.011583333333333333,-0.007668333333333333,0.005985
2025-08-03T16:00:00Z,Tilt7,Oki15,0,1.1911527777777777,191.17423888888888,-0.3802388888888889,0.03983333333333333,0.011911527777777778,-0.003802388888888889,3.9833333333333333e-4
2025-08-03T16:00:00Z,Tilt8,Oki14,0,4.237222222222222,66.3381111111111,1.734388888888889,3.6902777777777778,0.04237222222222222,0.017343888888888888,0.03690277777777778
2025-08-03T17:00:00Z,Tilt1,Oki02,13,1.133,225.581,-0.7598333333333334,-0.6921666666666667,0.01133,-0.007598333333333334,-0.006921666666666667
2025-08-03T17:00:00Z,Tilt2,Oki03,42,0.636,171.21566666666666,-0.11966666666666667,0.248,0.00636,-0.0011966666666666666,0.00248
2025-08-03T17:00:00Z,Tilt3,Oki04,50,6.067833333333334,290.62216666666666,2.0275,-5.5605,0.060678333333333334,0.020275,-0.055605
2025-08-03T17:00:00Z,Tilt4,Oki07,0,4.042805555555556,174.9502222222222,-0.8146944444444444,0.5342777777777777,0.04042805555555556,-0.008146944444444445,0.005342777777777778
2025-08-03T17:00:00Z,Tilt5,Oki09,28,1.463,303.2518333333333,1.0265,-0.8273333333333334,0.01463,0.010265,-0.008273333333333334
2025-08-03T17:00:00Z,Tilt6,Oki11,0,1.1111666666666666,186.84483333333333,-0.6576666666666666,0.2605,0.011111666666666667,-0.006576666666666667,0.002605
2025-08-03T17:00:00Z,Tilt7,Oki15,0,1.1944861111111111,191.54779444444443,-0.3309666666666667,0.025452777777777776,0.011944861111111111,-0.003309666666666667,2.545277777777778e-4
2025-08-03T17:00:00Z,Tilt8,Oki14,0,1.7776666666666667,216.36205555555554,-0.4652777777777778,-0.8939444444444444,0.017776666666666666,-0.004652777777777778,-0.008939444444444444
2025-08-03T18:00:00Z,Tilt1,Oki02,13,1.8636666666666666,219.17733333333334,-1.2066666666666668,-1.2131666666666667,0.018636666666666666,-0.012066666666666667,-0.012131666666666667
2025-08-03T18:00:00Z,Tilt2,Oki03,42,0.5546666666666666,203.68233333333333,-0.06566666666666666,-0.03816666666666667,0.005546666666666667,-6.566666666666667e-4,-3.816666666666667e-4
2025-08-03T18:00:00Z,Tilt3,Oki04,50,1.6766666666666667,304.2315,0.9628333333333333,-1.1478333333333333,0.016766666666666666,0.009628333333333334,-0.011478333333333333
2025-08-03T18:00:00Z,Tilt4,Oki07,0,3.6401666666666666,160.37769444444444,1.6064444444444443,1.044722222222222,0.036401666666666666,0.016064444444444444,0.010447222222222222
2025-08-03T18:00:00Z,Tilt5,Oki09,28,2.2218333333333335,304.2425,1.639,-1.3965,0.022218333333333333,0.016390000000000002,-0.013965
2025-08-03T18:00:00Z,Tilt6,Oki11,0,1.1356666666666666,195.292,-0.7688333333333334,-0.2806666666666667,0.011356666666666668,-0.0076883333333333335,-0.0028066666666666665
2025-08-03T18:00:00Z,Tilt7,Oki15,0,1.2931,183.121675,-0.47533055555555553,0.19601944444444444,0.012931,-0.004753305555555556,0.0019601944444444445
2025-08-03T18:00:00Z,Tilt8,Oki14,0,2.891111111111111,240.16194444444443,-1.0572777777777778,-2.3947777777777777,0.028911111111111113,-0.010572777777777778,-0.02394777777777778
2025-08-03T19:00:00Z,Tilt1,Oki02,13,1.0513333333333332,205.58083333333335,-0.5773333333333334,-0.3135,0.010513333333333333,-0.0057733333333333334,-0.003135
2025-08-03T19:00:00Z,Tilt2,Oki03,42,0.8428333333333333,136.60283333333334,-0.156,0.618,0.008428333333333333,-0.00156,0.00618
2025-08-03T19:00:00Z,Tilt3,Oki04,50,2.604,256.6558333333333,-0.23016666666666669,-1.0346666666666666,0.02604,-0.0023016666666666667,-0.010346666666666667
2025-08-03T19:00:00Z,Tilt4,Oki07,0,3.8968611111111113,156.67858333333334,2.4894444444444446,0.7371111111111112,0.038968611111111114,0.024894444444444445,0.007371111111111111
2025-08-03T19:00:00Z,Tilt5,Oki09,28,1.835,293.2031666666667,1.2175,-1.099,0.01835,0.012175,-0.01099
2025-08-03T19:00:00Z,Tilt6,Oki11,0,0.7258333333333333,189.14,-0.41866666666666663,0.081,0.007258333333333334,-0.004186666666666667,8.100000000000001e-4
2025-08-03T19:00:00Z,Tilt7,Oki15,0,1.145636111111111,187.79802222222222,-0.2954611111111111,0.09356111111111111,0.011456361111111112,-0.0029546111111111114,9.356111111111111e-4
2025-08-03T19:00:00Z,Tilt8,Oki14,0,1.861,230.40466666666666,-0.5405555555555556,-1.0839444444444444,0.01861,-0.005405555555555556,-0.010839444444444445
2025-08-03T20:00:00Z,Tilt1,Oki02,13,1.6128333333333333,193.66883333333334,-1.4303333333333332,-0.5016666666666667,0.016128333333333335,-0.014303333333333333,-0.005016666666666667
2025-08-03T20:00:00Z,Tilt2,Oki03,42,0.7441666666666666,141.35216666666668,-0.06833333333333333,0.524,0.007441666666666667,-6.833333333333333e-4,0.005240000000000001
2025-08-03T20:00:00Z,Tilt3,Oki04,50,4.0008333333333335,316.31933333333336,3.5553333333333335,-1.38,0.04000833333333333,0.03555333333333333,-0.0138
2025-08-03T20:00:00Z,Tilt4,Oki07,0,3.5951944444444446,185.57675,-1.4366388888888888,0.33252777777777776,0.035951944444444446,-0.014366388888888889,0.0033252777777777777
2025-08-03T20:00:00Z,Tilt5,Oki09,28,1.917,289.7345,1.241,-1.1645,0.01917,0.012410000000000001,-0.011645
2025-08-03T20:00:00Z,Tilt6,Oki11,0,0.5208333333333334,187.37816666666666,-0.268,0.17683333333333334,0.005208333333333333,-0.00268,0.0017683333333333333
2025-08-03T20:00:00Z,Tilt7,Oki15,0,1.1901861111111112,184.2318388888889,-0.4069888888888889,0.12499166666666667,0.011901861111111111,-0.004069888888888889,0.0012499166666666668
2025-08-03T20:00:00Z,Tilt8,Oki14,0,1.853388888888889,201.61577777777777,-0.7060555555555555,-0.9085,0.018533888888888888,-0.007060555555555556,-0.009085
2025-08-03T21:00:00Z,Tilt1,Oki02,13,1.3321666666666667,185.09266666666667,-1.2308333333333334,-0.06999999999999999,0.013321666666666667,-0.012308333333333334,-7e-4
2025-08-03T21:00:00Z,Tilt2,Oki03,42,0.4716666666666667,237.39716666666666,0.03183333333333333,-0.058833333333333335,0.004716666666666667,3.1833333333333334e-4,-5.883333333333333e-4
2025-08-03T21:00:00Z,Tilt3,Oki04,50,2.345,315.1446666666667,1.6438333333333333,-1.552,0.02345,0.016438333333333333,-0.01552
2025-08-03T21:00:00Z,Tilt4,Oki07,0,5.310611111111111,188.94575,-4.213027777777778,-0.22441666666666665,0.05310611111111111,-0.04213027777777778,-0.002244166666666667
2025-08-03T21:00:00Z,Tilt5,Oki09,28,1.7128333333333334,270.2368333333333,0.9875,-0.9091666666666667,0.017128333333333336,0.009875,-0.009091666666666666
2025-08-03T21:00:00Z,Tilt6,Oki11,0,0.37266666666666665,244.56033333333335,0.13933333333333334,-0.16883333333333334,0.0037266666666666668,0.0013933333333333334,-0.0016883333333333334
2025-08-03T21:00:00Z,Tilt7,Oki15,0,1.1213694444444444,187.99490277777778,-0.34855,0.10891944444444444,0.011213694444444445,-0.0034855,0.0010891944444444445
2025-08-03T21:00:00Z,Tilt8,Oki14,0,1.9360555555555554,113.78094444444444,0.30549999999999994,1.17,0.019360555555555554,0.003055,0.0117
2025-08-03T22:00:00Z,Tilt1,Oki02,13,2.3461666666666665,107.73949999999999,0.17883333333333332,1.976,0.023461666666666665,0.0017883333333333334,0.01976
2025-08-03T22:00:00Z,Tilt2,Oki03,42,0.43033333333333335,211.47616666666667,0.152,-0.209,0.0043033333333333335,0.00152,-0.00209
2025-08-03T22:00:00Z,Tilt3,Oki04,50,2.7503333333333333,299.9455,1.304,-2.243,0.027503333333333334,0.01304,-0.022430000000000002
2025-08-03T22:00:00Z,Tilt4,Oki07,0,4.754333333333333,194.38680555555555,-3.504305555555556,-0.8421666666666666,0.04754333333333333,-0.035043055555555556,-0.008421666666666668
2025-08-03T22:00:00Z,Tilt5,Oki09,28,1.9235,297.64983333333333,1.3005,-1.2195,0.019235000000000002,0.013005000000000001,-0.012195000000000001
2025-08-03T22:00:00Z,Tilt6,Oki11,0,0.5018333333333334,198.2005,0.05366666666666666,0.05333333333333334,0.005018333333333334,5.366666666666666e-4,5.333333333333334e-4
2025-08-03T22:00:00Z,Tilt7,Oki15,0,1.0292333333333332,191.41288055555555,-0.2941416666666667,0.04054722222222222,0.010292333333333334,-0.002941416666666667,4.054722222222222e-4
2025-08-03T22:00:00Z,Tilt8,Oki14,0,3.6495,62.06183333333333,1.7486111111111111,2.9127222222222224,0.036495,0.017486111111111112,0.029127222222222224
2025-08-03T23:00:00Z,Tilt1,Oki02,13,4.853833333333333,105.329,0.03816666666666668,4.548166666666667,0.048538333333333336,3.8166666666666676e-4,0.04548166666666667
2025-08-03T23:00:00Z,Tilt2,Oki03,42,0.5705,227.71333333333334,0.09016666666666667,-0.1905,0.005705,9.016666666666667e-4,-0.001905
2025-08-03T23:00:00Z,Tilt3,Oki04,50,4.098,287.971,1.1645,-3.758166666666667,0.04098,0.011645,-0.037581666666666666
2025-08-03T23:00:00Z,Tilt4,Oki07,0,4.9014444444444445,203.10663888888888,-3.0224166666666665,-1.5026111111111111,0.049014444444444444,-0.030224166666666667,-0.015026111111111112
2025-08-03T23:00:00Z,Tilt5,Oki09,28,1.5431666666666666,303.66333333333336,1.0293333333333332,-1.044,0.015431666666666666,0.010293333333333333,-0.01044
2025-08-03T23:00:00Z,Tilt6,Oki11,0,0.6188333333333333,195.12183333333334,-0.18316666666666667,0.127,0.006188333333333333,-0.0018316666666666668,0.00127
2025-08-03T23:00:00Z,Tilt7,Oki15,0,1.1282333333333334,191.54473055555556,-0.35099722222222224,0.02078611111111111,0.011282333333333333,-0.0035099722222222225,2.0786111111111114e-4
2025-08-03T23:00:00Z,Tilt8,Oki14,0,4.998777777777778,78.10388888888889,1.4952777777777777,4.5056111111111115,0.04998777777777778,0.014952777777777778,0.04505611111111111
2025-08-04T00:00:00Z,Tilt1,Oki02,13,1.0551666666666666,197.8655,-0.974,-0.321,0.010551666666666668,-0.00974,-0.00321
2025-08-04T00:00:00Z,Tilt2,Oki03,42,0.3903333333333333,233.95333333333332,0.1425,-0.17766666666666667,0.0039033333333333333,0.001425,-0.0017766666666666666
2025-08-04T00:00:00Z,Tilt3,Oki04,50,5.0168333333333335,293.3953333333333,1.9325,-4.451,0.050168333333333336,0.019325000000000002,-0.04451
2025-08-04T00:00:00Z,Tilt4,Oki07,0,3.229888888888889,191.958,-1.2186944444444445,-0.002888888888888884,0.03229888888888889,-0.012186944444444445,-2.888888888888873e-5
2025-08-04T00:00:00Z,Tilt5,Oki09,28,2.0596666666666668,290.6053333333333,1.5101666666666667,-1.2873333333333334,0.020596666666666666,0.015101666666666666,-0.012873333333333334
2025-08-04T00:00:00Z,Tilt6,Oki11,0,0.724,255.88633333333334,0.40116666666666667,-0.3178333333333333,0.00724,0.004011666666666667,-0.0031783333333333334
2025-08-04T00:00:00Z,Tilt7,Oki15,0,0.9383277777777778,191.5924388888889,-0.3294416666666667,0.03407222222222222,0.009383277777777777,-0.003294416666666667,3.4072222222222224e-4
2025-08-04T00:00:00Z,Tilt8,Oki14,0,5.834833333333333,75.70716666666667,1.8978333333333333,5.1033888888888885,0.058348333333333335,0.018978333333333333,0.05103388888888889
2025-08-04T01:00:00Z,Tilt1,Oki02,13,1.2173333333333334,214.18266666666668,-0.9293333333333333,-0.597,0.012173333333333333,-0.009293333333333334,-0.0059700000000000005
2025-08-04T01:00:00Z,Tilt2,Oki03,42,0.7765,247.76516666666666,0.15466666666666667,-0.3625,0.007765,0.0015466666666666667,-0.003625
2025-08-04T01:00:00Z,Tilt3,Oki04,50,4.055833333333333,295.0858333333333,1.6753333333333333,-3.565,0.040558333333333335,0.016753333333333335,-0.03565
2025-08-04T01:00:00Z,Tilt4,Oki07,0,3.350861111111111,184.07344444444445,-0.5415555555555556,0.3208611111111111,0.033508611111111114,-0.005415555555555556,0.0032086111111111113
2025-08-04T01:00:00Z,Tilt5,Oki09,28,1.5291666666666668,254.138,0.499,-0.7756666666666667,0.015291666666666667,0.00499,-0.007756666666666667
2025-08-04T01:00:00Z,Tilt6,Oki11,0,0.7276666666666667,279.1295,0.41733333333333333,-0.49616666666666664,0.0072766666666666665,0.004173333333333334,-0.004961666666666666
2025-08-04T01:00:00Z,Tilt7,Oki15,0,1.0548388888888889,189.059375,-0.3139361111111111,0.10635555555555555,0.010548388888888888,-0.003139361111111111,0.0010635555555555557
2025-08-04T01:00:00Z,Tilt8,Oki14,0,3.4306666666666668,217.8898888888889,0.09277777777777778,-1.2308333333333334,0.034306666666666666,9.277777777777778e-4,-0.012308333333333334
2025-08-04T02:00:00Z,Tilt1,Oki02,13,1.2775,196.359,-1.1593333333333333,-0.328,0.012775,-0.011593333333333334,-0.00328
2025-08-04T02:00:00Z,Tilt2,Oki03,42,0.481,214.5125,0.010166666666666666,-0.09016666666666667,0.00481,1.0166666666666665e-4,-9.016666666666667e-4
2025-08-04T02:00:00Z,Tilt3,Oki04,50,6.829666666666666,299.5088333333333,3.4931666666666668,-5.629666666666667,0.06829666666666667,0.034931666666666666,-0.05629666666666667
2025-08-04T02:00:00Z,Tilt4,Oki07,0,4.199305555555556,141.90022222222223,1.9599444444444445,1.5851944444444444,0.041993055555555554,0.019599444444444444,0.015851944444444446
2025-08-04T02:00:00Z,Tilt5,Oki09,28,1.0243333333333333,243.31716666666668,0.4875,-0.4701666666666667,0.010243333333333333,0.004875,-0.0047016666666666665
2025-08-04T02:00:00Z,Tilt6,Oki11,0,0.36983333333333335,203.95066666666668,-0.11366666666666667,0.036833333333333336,0.0036983333333333334,-0.0011366666666666667,3.6833333333333336e-4
2025-08-04T02:00:00Z,Tilt7,Oki15,0,1.0604416666666667,187.13351666666668,-0.3411722222222222,0.09487777777777778,0.010604416666666667,-0.0034117222222222222,9.487777777777778e-4
2025-08-04T02:00:00Z,Tilt8,Oki14,0,4.094388888888889,202.84794444444444,-1.5904444444444443,-2.6115,0.04094388888888889,-0.015904444444444443,-0.026115
2025-08-04T03:00:00Z,Tilt1,Oki02,13,1.0546666666666666,173.19966666666667,-0.8180000000000001,0.14049999999999999,0.010546666666666668,-0.00818,0.001405
2025-08-04T03:00:00Z,Tilt2,Oki03,42,0.7561666666666667,223.53333333333333,0.0315,-0.20233333333333334,0.007561666666666667,3.15e-4,-0.0020233333333333336
2025-08-04T03:00:00Z,Tilt3,Oki04,50,5.1295,276.946,1.8318333333333334,-4.506833333333334,0.051295,0.018318333333333332,-0.045068333333333335
2025-08-04T03:00:00Z,Tilt4,Oki07,0,5.483638888888889,159.04922222222223,4.019694444444444,1.0284722222222222,0.05483638888888889,0.040196944444444445,0.010284722222222223
2025-08-04T03:00:00Z,Tilt5,Oki09,28,1.8211666666666666,286.61266666666666,1.1555,-1.1133333333333333,0.018211666666666668,0.011555000000000001,-0.011133333333333334
2025-08-04T03:00:00Z,Tilt6,Oki11,0,0.8793333333333333,175.00366666666667,-0.6811666666666667,0.24316666666666667,0.008793333333333334,-0.006811666666666667,0.0024316666666666666
2025-08-04T03:00:00Z,Tilt7,Oki15,0,1.1036083333333333,187.16292777777778,-0.3599861111111111,0.10975833333333333,0.011036083333333334,-0.003599861111111111,0.0010975833333333334
2025-08-04T03:00:00Z,Tilt8,Oki14,0,2.6712777777777776,87.64422222222223,0.9411111111111111,1.8340555555555556,0.02671277777777778,0.009411111111111111,0.018340555555555558
2025-08-04T04:00:00Z,Tilt1,Oki02,13,1.3408333333333333,200.33366666666666,-1.1738333333333333,-0.4633333333333333,0.013408333333333333,-0.011738333333333333,-0.004633333333333333
2025-08-04T04:00:00Z,Tilt2,Oki03,42,0.7813333333333333,169.12199999999999,-0.022500000000000003,0.09416666666666666,0.007813333333333334,-2.2500000000000002e-4,9.416666666666667e-4
2025-08-04T04:00:00Z,Tilt3,Oki04,50,1.3098333333333334,259.87533333333334,0.6788333333333333,-0.4493333333333333,0.013098333333333333,0.006788333333333334,-0.0044933333333333336
2025-08-04T04:00:00Z,Tilt4,Oki07,0,4.0553333333333335,196.77008333333333,-1.024138888888889,0.5076111111111111,0.04055333333333334,-0.010241388888888888,0.00507611111111111
2025-08-04T04:00:00Z,Tilt5,Oki09,28,1.89,284.46133333333336,1.1755,-1.1391666666666667,0.0189,0.011755,-0.011391666666666666
2025-08-04T04:00:00Z,Tilt6,Oki11,0,0.5826666666666667,188.74583333333334,-0.17716666666666667,0.07933333333333333,0.005826666666666667,-0.0017716666666666666,7.933333333333333e-4
2025-08-04T04:00:00Z,Tilt7,Oki15,0,1.142711111111111,189.05592777777778,-0.3037972222222222,0.07455277777777779,0.011427111111111112,-0.0030379722222222223,7.455277777777778e-4
2025-08-04T04:00:00Z,Tilt8,Oki14,0,3.9941666666666666,80.2611111111111,1.4986111111111111,3.1015555555555556,0.03994166666666667,0.014986111111111112,0.031015555555555557
2025-08-04T05:00:00Z,Tilt1,Oki02,13,0.9711666666666666,207.277,-0.7891666666666667,-0.381,0.009711666666666667,-0.007891666666666667,-0.00381
2025-08-04T05:00:00Z,Tilt2,Oki03,42,0.7345,198.0665,0.043333333333333335,0.05383333333333333,0.007345,4.3333333333333337e-4,5.383333333333335e-4
2025-08-04T05:00:00Z,Tilt3,Oki04,50,1.7008333333333334,271.30583333333334,0.984,-0.9298333333333333,0.017008333333333334,0.00984,-0.009298333333333334
2025-08-04T05:00:00Z,Tilt4,Oki07,0,4.999027777777778,186.9338888888889,-1.5315277777777778,0.8716944444444444,0.04999027777777778,-0.015315277777777778,0.008716944444444446
2025-08-04T05:00:00Z,Tilt5,Oki09,28,2.3905,272.48133333333334,1.6965,-1.1966666666666668,0.023905,0.016965,-0.011966666666666667
2025-08-04T05:00:00Z,Tilt6,Oki11,0,0.5888333333333333,210.6695,0.04533333333333334,0.06416666666666666,0.005888333333333333,4.5333333333333337e-4,6.416666666666667e-4
2025-08-04T05:00:00Z,Tilt7,Oki15,0,1.2868388888888889,186.97948888888888,-0.2990361111111111,0.10834722222222222,0.01286838888888889,-0.002990361111111111,0.0010834722222222222
2025-08-04T05:00:00Z,Tilt8,Oki14,0,6.177388888888889,65.72577777777778,2.7423333333333333,5.231,0.06177388888888889,0.027423333333333334,0.05231
2025-08-04T06:00:00Z,Tilt1,Oki02,13,1.1986666666666668,200.39833333333334,-1.0505,-0.3935,0.011986666666666666,-0.010505,-0.003935
2025-08-04T06:00:00Z,Tilt2,Oki03,42,0.7441666666666666,183.25383333333335,0.02616666666666667,0.041,0.007441666666666667,2.616666666666667e-4,4.1e-4
2025-08-04T06:00:00Z,Tilt3,Oki04,50,3.3161666666666667,318.8415,2.450833333333333,-2.0841666666666665,0.033161666666666666,0.024508333333333333,-0.020841666666666668
2025-08-04T06:00:00Z,Tilt4,Oki07,0,4.260611111111111,181.23691666666667,1.4698333333333333,0.6470555555555556,0.042606111111111115,0.014698333333333334,0.006470555555555556
2025-08-04T06:00:00Z,Tilt5,Oki09,28,3.0458333333333334,316.08983333333333,2.2081666666666666,-2.0625,0.030458333333333334,0.022081666666666666,-0.020625
2025-08-04T06:00:00Z,Tilt6,Oki11,0,0.7628333333333334,189.00966666666667,0.3258333333333333,-0.05466666666666667,0.007628333333333333,0.0032583333333333336,-5.466666666666667e-4
2025-08-04T06:00:00Z,Tilt7,Oki15,0,1.3915694444444444,187.86183055555554,-0.3743388888888889,0.1307222222222222,0.013915694444444444,-0.003743388888888889,0.0013072222222222222
2025-08-04T06:00:00Z,Tilt8,Oki14,0,2.8245,113.74361111111111,0.5667222222222222,2.078388888888889,0.028245,0.005667222222222222,0.02078388888888889
2025-08-04T07:00:00Z,Tilt1,Oki02,13,2.4466666666666668,139.6365,0.24783333333333335,1.5713333333333332,0.024466666666666668,0.0024783333333333333,0.015713333333333333
2025-08-04T07:00:00Z,Tilt2,Oki03,42,0.9151666666666667,137.13583333333332,0.15100000000000002,0.545,0.009151666666666667,0.00151,0.00545
2025-08-04T07:00:00Z,Tilt3,Oki04,50,3.9938333333333333,291.5491666666667,1.3918333333333333,-3.6035,0.03993833333333333,0.013918333333333333,-0.036035
2025-08-04T07:00:00Z,Tilt4,Oki07,0,6.018777777777778,166.19180555555556,3.1477222222222223,1.828638888888889,0.06018777777777778,0.031477222222222226,0.01828638888888889
2025-08-04T07:00:00Z,Tilt5,Oki09,28,1.4225,305.98516666666666,0.904,-1.0446666666666666,0.014225,0.00904,-0.010446666666666667
2025-08-04T07:00:00Z,Tilt6,Oki11,0,0.6,197.86733333333333,0.06316666666666666,0.07033333333333333,0.006,6.316666666666667e-4,7.033333333333334e-4
2025-08-04T07:00:00Z,Tilt7,Oki15,0,1.5826694444444445,194.31043055555554,-0.28328055555555554,0.02822777777777778,0.015826694444444445,-0.0028328055555555554,2.822777777777778e-4
2025-08-04T07:00:00Z,Tilt8,Oki14,0,1.2107222222222223,221.00777777777776,-0.2106111111111111,-0.31827777777777777,0.012107222222222222,-0.002106111111111111,-0.003182777777777778
2025-08-04T08:00:00Z,Tilt1,Oki02,13,6.2535,81.85483333333333,1.3015,6.0248333333333335,0.06253500000000001,0.013015,0.060248333333333334
2025-08-04T08:00:00Z,Tilt2,Oki03,42,0.7183333333333334,202.24,0.156,-0.20033333333333334,0.007183333333333333,0.00156,-0.002003333333333333
2025-08-04T08:00:00Z,Tilt3,Oki04,50,6.287166666666667,300.2835,3.1798333333333333,-4.9705,0.06287166666666667,0.03179833333333333,-0.049705
2025-08-04T08:00:00Z,Tilt4,Oki07,0,7.497833333333333,141.75402777777776,4.272194444444445,2.8180277777777776,0.07497833333333334,0.042721944444444444,0.02818027777777778
2025-08-04T08:00:00Z,Tilt5,Oki09,28,1.2328333333333332,273.9406666666667,0.5613333333333334,-0.7458333333333333,0.012328333333333334,0.005613333333333334,-0.007458333333333333
2025-08-04T08:00:00Z,Tilt6,Oki11,0,0.6776666666666666,205.61616666666666,0.306,0.0815,0.006776666666666667,0.0030600000000000002,8.15e-4
2025-08-04T08:00:00Z,Tilt7,Oki15,0,1.747861111111111,193.2043277777778,-0.33825555555555553,0.04230833333333333,0.01747861111111111,-0.0033825555555555557,4.2308333333333336e-4
2025-08-04T08:00:00Z,Tilt8,Oki14,0,2.1752777777777776,233.5785,-0.9835,-1.5363333333333333,0.021752777777777777,-0.009835,-0.015363333333333333
2025-08-04T09:00:00Z,Tilt1,Oki02,13,1.9596666666666667,155.7955,0.247,0.883,0.01959666666666667,0.00247,0.00883
2025-08-04T09:00:00Z,Tilt2,Oki03,42,0.927,241.7085,0.2916666666666667,-0.36583333333333334,0.00927,0.002916666666666667,-0.0036583333333333333
2025-08-04T09:00:00Z,Tilt3,Oki04,50,6.385666666666666,293.59383333333335,2.795166666666667,-5.339333333333333,0.06385666666666667,0.027951666666666666,-0.053393333333333334
2025-08-04T09:00:00Z,Tilt4,Oki07,0,6.466388888888889,158.0698888888889,3.300972222222222,1.3060277777777778,0.0646638888888889,0.033009722222222225,0.013060277777777778
2025-08-04T09:00:00Z,Tilt5,Oki09,28,1.8126666666666666,300.9331666666667,1.1353333333333333,-1.3195000000000001,0.018126666666666666,0.011353333333333333,-0.013195
2025-08-04T09:00:00Z,Tilt6,Oki11,0,0.9381666666666667,166.13366666666667,0.36533333333333334,0.3253333333333333,0.009381666666666667,0.0036533333333333335,0.0032533333333333333
2025-08-04T09:00:00Z,Tilt7,Oki15,0,1.9189611111111111,193.06129444444446,-0.26590277777777777,0.07843333333333333,0.019189611111111112,-0.002659027777777778,7.843333333333334e-4
2025-08-04T09:00:00Z,Tilt8,Oki14,0,4.0969999999999995,230.2848888888889,-2.3505555555555557,-2.900333333333333,0.04097,-0.023505555555555557,-0.029003333333333332
2025-08-04T10:00:00Z,Tilt1,Oki02,13,1.5055,211.598,-1.138,-0.6461666666666667,0.015055,-0.01138,-0.006461666666666667
2025-08-04T10:00:00Z,Tilt2,Oki03,42,0.8496666666666667,184.576,0.22616666666666668,0.039333333333333324,0.008496666666666666,0.0022616666666666666,3.9333333333333337e-4
2025-08-04T10:00:00Z,Tilt3,Oki04,50,1.8321666666666667,275.0176666666667,0.0815,-1.5331666666666666,0.018321666666666667,8.150000000000002e-4,-0.015331666666666667
2025-08-04T10:00:00Z,Tilt4,Oki07,0,5.3494166666666665,192.16641666666666,-0.37369444444444444,0.16644444444444448,0.05349416666666667,-0.0037369444444444446,0.001664444444444445
2025-08-04T10:00:00Z,Tilt5,Oki09,28,1.2516666666666667,279.69233333333335,0.622,-0.7486666666666667,0.012516666666666667,0.00622,-0.007486666666666667
2025-08-04T10:00:00Z,Tilt6,Oki11,0,0.9368333333333333,137.00483333333332,0.2285,0.507,0.009368333333333334,0.002285,0.00507
2025-08-04T10:00:00Z,Tilt7,Oki15,0,2.2312694444444445,195.78462777777779,-0.31748055555555554,0.060302777777777775,0.022312694444444444,-0.0031748055555555557,6.030277777777777e-4
2025-08-04T10:00:00Z,Tilt8,Oki14,0,2.141388888888889,228.28233333333333,-0.6046666666666667,-1.1428333333333334,0.02141388888888889,-0.006046666666666667,-0.011428333333333334
2025-08-04T11:00:00Z,Tilt1,Oki02,13,1.1353333333333333,195.25983333333335,-0.8718333333333333,-0.18133333333333335,0.011353333333333333,-0.008718333333333333,-0.0018133333333333332
2025-08-04T11:00:00Z,Tilt2,Oki03,42,1.0915,165.40716666666665,-0.157,0.551,0.010915000000000001,-0.00157,0.00551
2025-08-04T11:00:00Z,Tilt3,Oki04,50,3.1486666666666667,301.7891666666667,1.6013333333333333,-2.543,0.03148666666666667,0.016013333333333334,-0.02543
2025-08-04T11:00:00Z,Tilt4,Oki07,0,5.715861111111111,191.9045277777778,-2.1338055555555555,0.5880277777777777,0.05715861111111111,-0.021338055555555555,0.005880277777777778
2025-08-04T11:00:00Z,Tilt5,Oki09,28,1.7465,272.247,0.6508333333333334,-1.2765,0.017465,0.006508333333333334,-0.012765
2025-08-04T11:00:00Z,Tilt6,Oki11,0,0.9433333333333334,143.10633333333334,0.1185,0.501,0.0094333333333333335,0.001185,0.00501
2025-08-04T11:00:00Z,Tilt7,Oki15,0,2.1087333333333333,194.38668611111112,-0.2973722222222222,0.015419444444444446,0.021087333333333333,-0.0029737222222222222,1.5419444444444449e-4
2025-08-04T11:00:00Z,Tilt8,Oki14,0,3.3196666666666665,245.52716666666666,-1.1379444444444444,-2.4026666666666667,0.033196666666666666,-0.011379444444444446,-0.02402666666666667
2025-08-04T12:00:00Z,Tilt1,Oki02,13,2.0406666666666666,92.23916666666666,0.18283333333333335,1.9116666666666666,0.020406666666666667,0.0018283333333333335,0.019116666666666667
2025-08-04T12:00:00Z,Tilt2,Oki03,42,1.064,143.11683333333335,-0.17350000000000002,0.783,0.01064,-0.001735,0.00783
2025-08-04T12:00:00Z,Tilt3,Oki04,50,2.609166666666667,273.75166666666667,0.20433333333333334,-2.4198333333333335,0.026091666666666666,0.0020433333333333336,-0.024198333333333332
2025-08-04T12:00:00Z,Tilt4,Oki07,0,6.0115,180.0135,-1.9407777777777777,1.3128333333333333,0.060115,-0.019407777777777777,0.013128333333333334
2025-08-04T12:00:00Z,Tilt5,Oki09,28,1.7425,295.07233333333335,0.949,-1.3955,0.017425,0.00949,-0.013955
2025-08-04T12:00:00Z,Tilt6,Oki11,0,1.1568333333333334,160.279,0.5405,0.37116666666666664,0.011568333333333333,0.005405,0.0037116666666666665
2025-08-04T12:00:00Z,Tilt7,Oki15,0,1.9401388888888889,192.54106388888889,-0.41184444444444446,0.11680833333333333,0.019401388888888888,-0.0041184444444444445,0.0011680833333333333
2025-08-04T12:00:00Z,Tilt8,Oki14,0,4.434944444444445,229.36444444444444,-1.6720555555555554,-3.2106666666666666,0.04434944444444445,-0.016720555555555554,-0.032106666666666665
2025-08-04T13:00:00Z,Tilt1,Oki02,13,0.9733333333333334,124.81466666666667,-0.3815,0.5553333333333333,0.009733333333333333,-0.0038150000000000002,0.005553333333333334
2025-08-04T13:00:00Z,Tilt2,Oki03,42,1.1761666666666666,162.51266666666666,-0.18383333333333335,0.6678333333333333,0.011761666666666667,-0.0018383333333333335,0.006678333333333333
2025-08-04T13:00:00Z,Tilt3,Oki04,50,2.069,292.4286666666667,0.7886666666666666,-1.7648333333333333,0.02069,0.007886666666666667,-0.017648333333333335
2025-08-04T13:00:00Z,Tilt4,Oki07,0,5.211777777777778,201.27627777777778,-1.2024166666666667,-0.09580555555555557,0.05211777777777778,-0.012024166666666667,-9.580555555555559e-4
2025-08-04T13:00:00Z,Tilt5,Oki09,28,1.7608333333333333,295.9771666666667,0.9043333333333333,-1.38,0.017608333333333333,0.009043333333333334,-0.0138
2025-08-04T13:00:00Z,Tilt6,Oki11,0,1.4205,206.3505,0.833,0.22333333333333333,0.014205,0.00833,0.0022333333333333333
2025-08-04T13:00:00Z,Tilt7,Oki15,0,1.8871111111111112,187.87851388888888,-0.47259999999999996,0.18593333333333334,0.01887111111111111,-0.004726,0.0018593333333333335
2025-08-04T13:00:00Z,Tilt8,Oki14,0,7.322333333333333,249.17711111111112,-2.4456666666666664,-6.433055555555556,0.07322333333333333,-0.024456666666666668,-0.06433055555555556
2025-08-04T14:00:00Z,Tilt1,Oki02,13,1.1671666666666667,117.52266666666667,-0.4655,0.877,0.011671666666666667,-0.004655,0.00877
2025-08-04T14:00:00Z,Tilt2,Oki03,42,1.0448333333333333,212.88366666666667,0.18933333333333333,-0.14666666666666667,0.010448333333333334,0.0018933333333333335,-0.001466666666666667
2025-08-04T14:00:00Z,Tilt3,Oki04,50,1.6641666666666666,280.7493333333333,0.249,-1.3775,0.016641666666666666,0.00249,-0.013775
2025-08-04T14:00:00Z,Tilt4,Oki07,0,5.962555555555555,194.16636111111112,-2.7074166666666666,0.20430555555555555,0.05962555555555556,-0.027074166666666667,0.0020430555555555553
2025-08-04T14:00:00Z,Tilt5,Oki09,28,1.1828333333333334,257.394,0.399,-0.7266666666666667,0.011828333333333333,0.00399,-0.007266666666666667
2025-08-04T14:00:00Z,Tilt6,Oki11,0,0.7548333333333334,176.4055,0.19616666666666666,0.1815,0.007548333333333333,0.0019616666666666667,0.001815
2025-08-04T14:00:00Z,Tilt7,Oki15,0,1.7759527777777777,194.92481666666666,-0.2703583333333333,0.028825,0.017759527777777777,-0.0027035833333333334,2.8825000000000004e-4
2025-08-04T14:00:00Z,Tilt8,Oki14,0,5.585555555555556,230.19516666666667,-2.2016666666666667,-4.320111111111111,0.055855555555555554,-0.022016666666666667,-0.043201111111111114
2025-08-04T15:00:00Z,Tilt1,Oki02,13,1.4661666666666666,88.89533333333334,0.058833333333333335,1.33,0.014661666666666667,5.883333333333334e-4,0.013300000000000001
2025-08-04T15:00:00Z,Tilt2,Oki03,42,1.3143333333333334,198.483,0.009833333333333338,-0.3355,0.013143333333333333,9.833333333333337e-5,-0.003355
2025-08-04T15:00:00Z,Tilt3,Oki04,50,2.7876666666666665,284.2241666666667,0.6208333333333333,-2.4383333333333335,0.027876666666666668,0.006208333333333334,-0.024383333333333333
2025-08-04T15:00:00Z,Tilt4,Oki07,0,6.135861111111111,189.3025,-3.5995,0.2393611111111112,0.061358611111111114,-0.035995,0.002393611111111112
2025-08-04T15:00:00Z,Tilt5,Oki09,28,1.7928333333333333,291.24966666666666,0.9101666666666667,-1.297,0.017928333333333334,0.009101666666666668,-0.01297
2025-08-04T15:00:00Z,Tilt6,Oki11,0,0.6845,184.66616666666667,0.054,0.1115,0.006845,5.4e-4,0.001115
2025-08-04T15:00:00Z,Tilt7,Oki15,0,1.6292972222222222,189.98402222222222,-0.35428611111111113,0.11032222222222222,0.016292972222222223,-0.003542861111111111,0.0011032222222222222
2025-08-04T15:00:00Z,Tilt8,Oki14,0,4.596,102.84238888888889,1.8852222222222221,2.2168888888888887,0.04596,0.01885222222222222,0.022168888888888887
2025-08-04T16:00:00Z,Tilt1,Oki02,13,1.8623333333333334,102.43783333333333,-0.3855,1.681,0.018623333333333332,-0.003855,0.016810000000000002
2025-08-04T16:00:00Z,Tilt2,Oki03,42,1.2075,154.5785,-0.18416666666666667,0.5958333333333333,0.012075,-0.0018416666666666666,0.005958333333333334
2025-08-04T16:00:00Z,Tilt3,Oki04,50,3.2245,284.7631666666667,0.7845,-2.8865,0.032245,0.007845,-0.028865000000000002
2025-08-04T16:00:00Z,Tilt4,Oki07,0,4.611138888888889,202.17013888888889,-0.4550555555555556,-0.32825,0.04611138888888889,-0.004550555555555556,-0.0032825
2025-08-04T16:00:00Z,Tilt5,Oki09,28,1.3718333333333332,299.65416666666664,0.8305,-0.9401666666666667,0.013718333333333334,0.008305,-0.009401666666666668
2025-08-04T16:00:00Z,Tilt6,Oki11,0,0.7043333333333334,163.67983333333333,-0.07983333333333334,0.36666666666666664,0.007043333333333334,-7.983333333333334e-4,0.0036666666666666666
2025-08-04T16:00:00Z,Tilt7,Oki15,0,1.681775,191.42229722222223,-0.33615555555555554,0.07693611111111111,0.01681775,-0.0033615555555555556,7.693611111111111e-4
2025-08-04T16:00:00Z,Tilt8,Oki14,0,5.436,53.86244444444444,3.2975,3.9227222222222222,0.05436,0.032975000000000004,0.039227222222222226
2025-08-04T17:00:00Z,Tilt1,Oki02,13,1.513,117.6795,-0.03183333333333333,1.0896666666666668,0.015130000000000001,-3.1833333333333334e-4,0.010896666666666667
2025-08-04T17:00:00Z,Tilt2,Oki03,42,0.708,192.56083333333333,0.0063333333333333314,0.02116666666666667,0.00708,6.33333333333333e-5,2.116666666666667e-4
2025-08-04T17:00:00Z,Tilt3,Oki04,50,4.066333333333334,284.4026666666667,1.1535,-3.579833333333333,0.040663333333333336,0.011535,-0.035798333333333335
2025-08-04T17:00:00Z,Tilt4,Oki07,0,5.614916666666667,193.2545,-2.587972222222222,-0.27908333333333335,0.05614916666666667,-0.025879722222222224,-0.0027908333333333335
2025-08-04T17:00:00Z,Tilt5,Oki09,28,1.6831666666666667,259.1406666666667,0.09616666666666666,-0.8180000000000001,0.01683166666666667,9.616666666666666e-4,-0.00818
2025-08-04T17:00:00Z,Tilt6,Oki11,0,0.5508333333333333,215.16833333333332,0.12183333333333334,-0.091,0.005508333333333334,0.0012183333333333334,-9.1e-4
2025-08-04T17:00:00Z,Tilt7,Oki15,0,1.5729638888888888,190.48550555555556,-0.3526888888888889,0.11751666666666667,0.01572963888888889,-0.003526888888888889,0.0011751666666666666
2025-08-04T17:00:00Z,Tilt8,Oki14,0,2.857666666666667,72.1601111111111,1.0440555555555555,2.3964444444444446,0.028576666666666667,0.010440555555555555,0.023964444444444444
2025-08-04T18:00:00Z,Tilt1,Oki02,13,1.2941666666666667,108.93333333333334,0.007833333333333335,0.6953333333333334,0.012941666666666667,7.833333333333328e-5,0.006953333333333333
2025-08-04T18:00:00Z,Tilt2,Oki03,42,0.7346666666666667,196.5255,0.06716666666666667,-0.012499999999999999,0.007346666666666667,6.716666666666667e-4,-1.25e-4
2025-08-04T18:00:00Z,Tilt3,Oki04,50,3.2933333333333334,286.95116666666667,1.0826666666666667,-2.7086666666666668,0.032933333333333335,0.010826666666666667,-0.02708666666666667
2025-08-04T18:00:00Z,Tilt4,Oki07,0,4.191194444444444,206.94261111111112,-0.34358333333333335,-0.56575,0.041911944444444446,-0.0034358333333333333,-0.0056575
2025-08-04T18:00:00Z,Tilt5,Oki09,28,1.3751666666666666,280.41433333333333,0.30733333333333335,-0.9706666666666667,0.013751666666666667,0.0030733333333333333,-0.009706666666666667
2025-08-04T18:00:00Z,Tilt6,Oki11,0,0.608,187.03683333333333,0.16766666666666666,0.017166666666666663,0.00608,0.0016766666666666666,1.7166666666666662e-4
2025-08-04T18:00:00Z,Tilt7,Oki15,0,1.5445444444444445,191.56376111111112,-0.3748972222222222,0.07195555555555556,0.015445444444444444,-0.003748972222222222,7.195555555555556e-4
2025-08-04T18:00:00Z,Tilt8,Oki14,0,1.9849999999999999,82.08361111111111,1.0895555555555556,1.1887777777777777,0.01985,0.010895555555555556,0.011887777777777778
2025-08-04T19:00:00Z,Tilt1,Oki02,13,1.256,151.856,-0.6456666666666667,0.5011666666666666,0.01256,-0.006456666666666667,0.005011666666666667
2025-08-04T19:00:00Z,Tilt2,Oki03,42,0.6766666666666666,161.091,-0.035333333333333335,0.246,0.0067666666666666665,-3.533333333333333e-4,0.00246
2025-08-04T19:00:00Z,Tilt3,Oki04,50,3.0218333333333334,297.17133333333334,1.2501666666666666,-2.5465,0.030218333333333333,0.012501666666666666,-0.025465
2025-08-04T19:00:00Z,Tilt4,Oki07,0,4.3117777777777775,195.25169444444444,0.25916666666666666,0.51575,0.043117777777777776,0.0025916666666666666,0.005157500000000001
2025-08-04T19:00:00Z,Tilt5,Oki09,28,2.2838333333333334,265.42333333333335,1.3096666666666668,-1.2511666666666668,0.022838333333333332,0.013096666666666666,-0.012511666666666667
2025-08-04T19:00:00Z,Tilt6,Oki11,0,0.768,230.9945,0.43766666666666665,-0.18466666666666667,0.00768,0.004376666666666667,-0.0018466666666666668
2025-08-04T19:00:00Z,Tilt7,Oki15,0,1.3641388888888888,191.80180833333333,-0.32279722222222224,0.06664166666666667,0.013641388888888889,-0.0032279722222222224,6.664166666666666e-4
2025-08-04T19:00:00Z,Tilt8,Oki14,0,2.601,93.2538888888889,1.3699444444444444,1.2930555555555556,0.026010000000000002,0.013699444444444445,0.012930555555555556
2025-08-04T20:00:00Z,Tilt1,Oki02,13,1.4043333333333334,119.82416666666667,-0.6645,1.1196666666666666,0.014043333333333333,-0.006645,0.011196666666666667
2025-08-04T20:00:00Z,Tilt2,Oki03,42,0.6621666666666667,170.13516666666666,-0.021166666666666667,0.2685,0.006621666666666666,-2.1166666666666667e-4,0.002685
2025-08-04T20:00:00Z,Tilt3,Oki04,50,4.073,297.3275,1.9018333333333333,-3.16,0.04073,0.019018333333333335,-0.0316
2025-08-04T20:00:00Z,Tilt4,Oki07,0,4.376166666666666,173.87641666666667,1.35675,1.0086111111111111,0.043761666666666664,0.0135675,0.010086111111111112
2025-08-04T20:00:00Z,Tilt5,Oki09,28,1.2916666666666667,248.18416666666667,0.39966666666666667,-0.5435,0.012916666666666667,0.003996666666666667,-0.005435
2025-08-04T20:00:00Z,Tilt6,Oki11,0,1.1183333333333334,197.13666666666666,-0.04566666666666667,0.3175,0.011183333333333333,-4.566666666666667e-4,0.0031750000000000003
2025-08-04T20:00:00Z,Tilt7,Oki15,0,1.5204472222222223,192.99388611111112,-0.328675,0.041961111111111116,0.015204472222222222,-0.00328675,4.196111111111111e-4
2025-08-04T20:00:00Z,Tilt8,Oki14,0,4.271,50.98061111111111,2.6181666666666668,3.1147222222222224,0.042710000000000005,0.02618166666666667,0.031147222222222222
2025-08-04T21:00:00Z,Tilt1,Oki02,13,1.3285,113.27816666666666,-0.3765,1.0965,0.013285,-0.003765,0.010965
2025-08-04T21:00:00Z,Tilt2,Oki03,42,1.1026666666666667,131.4725,-0.20633333333333334,0.8015,0.011026666666666667,-0.0020633333333333333,0.008015
2025-08-04T21:00:00Z,Tilt3,Oki04,50,2.0406666666666666,290.19283333333334,1.5425,-0.741,0.020406666666666667,0.015425000000000001,-0.00741
2025-08-04T21:00:00Z,Tilt4,Oki07,0,3.699333333333333,207.90275,1.3163888888888888,-0.3113611111111111,0.036993333333333336,0.01316388888888889,-0.0031136111111111113
2025-08-04T21:00:00Z,Tilt5,Oki09,28,1.8946666666666667,256.68733333333336,1.0626666666666666,-1.0571666666666666,0.018946666666666667,0.010626666666666666,-0.010571666666666667
2025-08-04T21:00:00Z,Tilt6,Oki11,0,0.9821666666666666,207.49666666666667,0.17683333333333331,0.0026666666666666666,0.009821666666666666,0.0017683333333333333,2.6666666666666626e-5
2025-08-04T21:00:00Z,Tilt7,Oki15,0,1.4748611111111112,189.74576944444445,-0.3819694444444444,0.10901666666666666,0.014748611111111112,-0.0038196944444444446,0.0010901666666666668
2025-08-04T21:00:00Z,Tilt8,Oki14,0,7.174333333333333,62.61355555555556,3.6375,5.684555555555556,0.07174333333333334,0.036375,0.05684555555555556
2025-08-04T22:00:00Z,Tilt1,Oki02,13,1.5491666666666666,109.72616666666667,-0.24333333333333332,1.4076666666666666,0.015491666666666667,-0.0024333333333333334,0.014076666666666666
2025-08-04T22:00:00Z,Tilt2,Oki03,42,0.87716666666666665,139.03666666666666,-0.058,0.49133333333333334,0.008771666666666667,-5.8e-4,0.004913333333333334
2025-08-04T22:00:00Z,Tilt3,Oki04,50,1.7261666666666666,237.77833333333334,0.7085,-0.7796666666666667,0.017261666666666668,0.007085,-0.007796666666666667
2025-08-04T22:00:00Z,Tilt4,Oki07,0,4.247833333333333,197.66227777777777,-1.707361111111111,-0.1345555555555556,0.04247833333333333,-0.017073611111111112,-0.0013455555555555558
2025-08-04T22:00:00Z,Tilt5,Oki09,28,1.8196666666666668,281.03183333333334,1.0551666666666666,-1.139,0.018196666666666667,0.010551666666666668,-0.01139
2025-08-04T22:00:00Z,Tilt6,Oki11,0,0.9188333333333333,174.47033333333334,-0.040499999999999994,0.12983333333333333,0.009188333333333333,-4.049999999999999e-4,0.0012983333333333334
2025-08-04T22:00:00Z,Tilt7,Oki15,0,1.3994833333333334,188.2961861111111,-0.43793055555555555,0.0956,0.013994833333333333,-0.0043793055555555556,9.56e-4
2025-08-04T22:00:00Z,Tilt8,Oki14,0,3.7627777777777776,64.26227777777778,1.8433333333333333,2.772611111111111,0.03762777777777778,0.018433333333333333,0.02772611111111111
2025-08-04T23:00:00Z,Tilt1,Oki02,13,1.6103333333333334,92.72566666666667,-0.07016666666666667,1.5383333333333333,0.016103333333333334,-7.016666666666666e-4,0.015383333333333334
2025-08-04T23:00:00Z,Tilt2,Oki03,42,1.2353333333333334,198.8075,-0.02616666666666667,-0.418,0.012353333333333334,-2.616666666666667e-4,-0.0041800000000000006
2025-08-04T23:00:00Z,Tilt3,Oki04,50,1.6233333333333333,253.72833333333332,0.3561666666666667,-1.0243333333333333,0.016233333333333332,0.003561666666666667,-0.010243333333333333
2025-08-04T23:00:00Z,Tilt4,Oki07,0,4.107638888888889,191.02377777777778,-2.579361111111111,-5.555555555555013e-5,0.04107638888888889,-0.02579361111111111,-5.555555555553009e-7
2025-08-04T23:00:00Z,Tilt5,Oki09,28,1.6313333333333333,285.507,0.9855,-1.0833333333333333,0.016313333333333332,0.009855000000000001,-0.010833333333333334
2025-08-04T23:00:00Z,Tilt6,Oki11,0,0.6376666666666667,223.018,0.19999999999999998,-0.1435,0.006376666666666667,0.002,-0.001435
2025-08-04T23:00:00Z,Tilt7,Oki15,0,1.3891499999999999,193.93647222222222,-0.3492777777777778,0.015027777777777777,0.013891500000000001,-0.003492777777777778,1.502777777777778e-4
2025-08-04T23:00:00Z,Tilt8,Oki14,0,5.6451666666666664,109.37172222222222,1.3543333333333332,4.841888888888889,0.056451666666666664,0.013543333333333333,0.04841888888888889
2025-08-05T00:00:00Z,Tilt1,Oki02,13,1.0248333333333333,119.60416666666667,-0.42383333333333334,0.8615,0.010248333333333333,-0.0042383333333333335,0.008615
2025-08-05T00:00:00Z,Tilt2,Oki03,42,0.656,160.043,-0.04033333333333333,0.29866666666666664,0.00656,-4.033333333333333e-4,0.0029866666666666665
2025-08-05T00:00:00Z,Tilt3,Oki04,50,1.7248333333333334,260.19283333333334,0.7783333333333333,-0.7271666666666666,0.017248333333333334,0.007783333333333334,-0.007271666666666667
2025-08-05T00:00:00Z,Tilt4,Oki07,0,3.6080277777777776,195.62041666666667,-1.1162222222222222,0.010805555555555554,0.03608027777777778,-0.011162222222222223,1.0805555555555552e-4
2025-08-05T00:00:00Z,Tilt5,Oki09,28,3.0541666666666667,292.01966666666664,1.6855,-1.3351666666666666,0.03054166666666667,0.016855000000000002,-0.013351666666666666
2025-08-05T00:00:00Z,Tilt6,Oki11,0,0.7595,217.256,0.2758333333333333,-0.11566666666666667,0.007595,0.0027583333333333336,-0.0011566666666666667
2025-08-05T00:00:00Z,Tilt7,Oki15,0,1.3730444444444445,189.9388888888889,-0.4373861111111111,0.040169444444444445,0.013730444444444444,-0.004373861111111111,4.0169444444444443e-4
2025-08-05T00:00:00Z,Tilt8,Oki14,0,14.182944444444445,74.68233333333333,3.931888888888889,13.479777777777779,0.14182944444444445,0.03931888888888889,0.1347977777777778
2025-08-05T01:00:00Z,Tilt1,Oki02,13,1.3483333333333334,163.067,-0.739,0.2818333333333333,0.013483333333333333,-0.00739,0.0028183333333333333
2025-08-05T01:00:00Z,Tilt2,Oki03,42,0.9428333333333333,255.40783333333334,0.16733333333333333,-0.5555,0.009428333333333334,0.0016733333333333333,-0.005555
2025-08-05T01:00:00Z,Tilt3,Oki04,50,2.465,291.0305,1.9406666666666665,-1.0153333333333334,0.024650000000000002,0.019406666666666666,-0.010153333333333334
2025-08-05T01:00:00Z,Tilt4,Oki07,0,3.693388888888889,205.42663888888887,1.0306111111111111,-0.2652777777777778,0.03693388888888889,0.010306111111111111,-0.0026527777777777778
2025-08-05T01:00:00Z,Tilt5,Oki09,28,2.177,297.48583333333335,1.6113333333333333,-1.311,0.02177,0.016113333333333334,-0.01311
2025-08-05T01:00:00Z,Tilt6,Oki11,0,1.535,260.76,0.524,-0.5825,0.01535,0.005240000000000001,-0.005825
2025-08-05T01:00:00Z,Tilt7,Oki15,0,1.5781027777777776,183.69751944444445,-0.572525,0.21962222222222222,0.015781027777777776,-0.00572525,0.0021962222222222222
2025-08-05T01:00:00Z,Tilt8,Oki14,0,7.902722222222223,75.31344444444444,2.1284444444444444,7.483555555555555,0.07902722222222222,0.021284444444444446,0.07483555555555556
2025-08-05T02:00:00Z,Tilt1,Oki02,13,1.482,194.82033333333334,-0.8281666666666666,-0.366,0.01482,-0.008281666666666666,-0.00366
2025-08-05T02:00:00Z,Tilt2,Oki03,42,0.9095,182.48499999999999,0.021166666666666674,0.2803333333333333,0.009095,2.1166666666666675e-4,0.0028033333333333335
2025-08-05T02:00:00Z,Tilt3,Oki04,50,2.3221666666666665,291.4531666666667,1.1271666666666667,-1.7076666666666667,0.023221666666666668,0.011271666666666666,-0.017076666666666667
2025-08-05T02:00:00Z,Tilt4,Oki07,0,5.117083333333333,161.85080555555555,2.890222222222222,1.4713611111111111,0.05117083333333333,0.02890222222222222,0.014713611111111111
2025-08-05T02:00:00Z,Tilt5,Oki09,28,2.3466666666666667,307.88916666666665,1.6993333333333334,-1.509,0.023466666666666667,0.016993333333333333,-0.015090000000000001
2025-08-05T02:00:00Z,Tilt6,Oki11,0,0.9576666666666667,247.7365,0.5068333333333334,-0.36333333333333334,0.009576666666666667,0.0050683333333333335,-0.0036333333333333335
2025-08-05T02:00:00Z,Tilt7,Oki15,0,1.7000083333333333,194.40740277777778,-0.37777222222222223,0.05728055555555556,0.017000083333333332,-0.0037777222222222222,5.728055555555556e-4
2025-08-05T02:00:00Z,Tilt8,Oki14,0,1.7356111111111112,184.85794444444446,-0.019055555555555555,0.11833333333333335,0.01735611111111111,-1.9055555555555555e-4,0.0011833333333333335
2025-08-05T03:00:00Z,Tilt1,Oki02,13,1.13,132.00333333333333,-0.40549999999999997,0.7555,0.011300000000000001,-0.0040550000000000004,0.007555
2025-08-05T03:00:00Z,Tilt2,Oki03,42,0.9463333333333334,136.922,0.001999999999999998,0.6713333333333333,0.009463333333333334,1.9999999999999985e-5,0.006713333333333333
2025-08-05T03:00:00Z,Tilt3,Oki04,50,1.9875,264.55383333333333,0.11416666666666667,-1.5708333333333333,0.019875,0.0011416666666666665,-0.015708333333333335
2025-08-05T03:00:00Z,Tilt4,Oki07,0,8.618305555555555,125.70191666666666,6.617944444444444,2.5449444444444445,0.08618305555555555,0.06617944444444444,0.025449444444444445
2025-08-05T03:00:00Z,Tilt5,Oki09,28,1.582,310.53633333333335,1.1661666666666666,-0.9558333333333333,0.01582,0.011661666666666667,-0.009558333333333334
2025-08-05T03:00:00Z,Tilt6,Oki11,0,0.6515,194.3125,0.25016666666666665,0.013000000000000003,0.006515,0.002501666666666667,1.3000000000000004e-4
2025-08-05T03:00:00Z,Tilt7,Oki15,0,1.6339388888888888,194.24475,-0.3324416666666667,0.045233333333333334,0.01633938888888889,-0.003324416666666667,4.523333333333334e-4
2025-08-05T03:00:00Z,Tilt8,Oki14,0,2.204388888888889,229.02566666666667,-0.5113888888888889,-1.2966111111111112,0.02204388888888889,-0.005113888888888889,-0.01296611111111111
2025-08-05T04:00:00Z,Tilt1,Oki02,13,1.2951666666666666,111.82983333333334,-0.48583333333333334,1.0598333333333334,0.012951666666666667,-0.004858333333333333,0.010598333333333333
2025-08-05T04:00:00Z,Tilt2,Oki03,42,1.1496666666666666,136.70116666666667,-0.49866666666666665,0.8388333333333333,0.011496666666666667,-0.004986666666666667,0.008388333333333334
2025-08-05T04:00:00Z,Tilt3,Oki04,50,1.8413333333333333,240.3635,0.074,-1.0243333333333333,0.018413333333333334,7.4e-4,-0.010243333333333333
2025-08-05T04:00:00Z,Tilt4,Oki07,0,7.7315,130.50644444444444,5.118416666666667,2.6094166666666667,0.077315,0.05118416666666667,0.02609416666666667
2025-08-05T04:00:00Z,Tilt5,Oki09,28,1.6705,309.284,1.1118333333333332,-1.1966666666666668,0.016705,0.011118333333333334,-0.011966666666666667
2025-08-05T04:00:00Z,Tilt6,Oki11,0,0.8216666666666667,213.3525,0.4966666666666667,-0.087,0.008216666666666667,0.004966666666666667,-8.699999999999999e-4
2025-08-05T04:00:00Z,Tilt7,Oki15,0,1.7456583333333333,192.18051666666668,-0.3392027777777778,0.06825,0.017456583333333334,-0.0033920277777777777,6.825e-4
2025-08-05T04:00:00Z,Tilt8,Oki14,0,2.495,68.57427777777778,1.053388888888889,1.9648333333333332,0.02495,0.01053388888888889,0.019648333333333334
2025-08-05T05:00:00Z,Tilt1,Oki02,13,1.4308333333333334,93.61033333333333,-0.174,1.2743333333333333,0.014308333333333333,-0.00174,0.012743333333333334
2025-08-05T05:00:00Z,Tilt2,Oki03,42,1.2838333333333334,229.2105,0.002166666666666673,-0.7615000000000001,0.012838333333333334,2.1666666666666708e-5,-0.007615
2025-08-05T05:00:00Z,Tilt3,Oki04,50,1.927,268.9045,0.2775,-1.4995,0.019270000000000002,0.002775,-0.014995
2025-08-05T05:00:00Z,Tilt4,Oki07,0,5.323527777777778,165.09875,1.5905555555555555,1.8013333333333335,0.05323527777777778,0.015905555555555555,0.018013333333333333
2025-08-05T05:00:00Z,Tilt5,Oki09,28,2.086333333333333,304.5325,1.3175,-1.4213333333333333,0.020863333333333334,0.013175000000000001,-0.014213333333333333
2025-08-05T05:00:00Z,Tilt6,Oki11,0,0.9156666666666666,183.47266666666667,0.4708333333333333,0.07916666666666668,0.009156666666666667,0.0047083333333333335,7.916666666666668e-4
2025-08-05T05:00:00Z,Tilt7,Oki15,0,1.689561111111111,195.73619722222222,-0.2689166666666667,0.023738888888888886,0.01689561111111111,-0.0026891666666666665,2.3738888888888887e-4
2025-08-05T05:00:00Z,Tilt8,Oki14,0,3.309388888888889,70.631,1.098277777777778,2.8027777777777776,0.03309388888888889,0.010982777777777779,0.028027777777777776
2025-08-05T06:00:00Z,Tilt1,Oki02,13,1.5313333333333334,103.1605,-0.3565,1.3581666666666667,0.015313333333333333,-0.003565,0.013581666666666667
2025-08-05T06:00:00Z,Tilt2,Oki03,42,0.904,202.07333333333332,0.11366666666666667,-0.030833333333333327,0.00904,0.0011366666666666667,-3.083333333333333e-4
2025-08-05T06:00:00Z,Tilt3,Oki04,50,2.3753333333333333,251.1825,0.35500000000000004,-1.3385,0.023753333333333335,0.00355,-0.013385000000000001
2025-08-05T06:00:00Z,Tilt4,Oki07,0,4.485944444444445,182.63925,-0.2720555555555556,0.8578888888888889,0.044859444444444445,-0.002720555555555556,0.00857888888888889
2025-08-05T06:00:00Z,Tilt5,Oki09,28,1.7945,253.86116666666666,-0.6113333333333333,-0.6763333333333333,0.017945,-0.0061133333333333335,-0.006763333333333334
2025-08-05T06:00:00Z,Tilt6,Oki11,0,0.7126666666666667,169.64816666666667,0.25466666666666665,0.14466666666666667,0.0071266666666666666,0.0025466666666666667,0.0014466666666666668
2025-08-05T06:00:00Z,Tilt7,Oki15,0,1.7361527777777779,193.66893055555556,-0.2128972222222222,3.4166666666666455e-4,0.017361527777777778,-0.002128972222222222,3.4166666666666215e-6
2025-08-05T06:00:00Z,Tilt8,Oki14,0,1.8953333333333333,120.89688888888888,-0.25477777777777777,1.3913888888888888,0.018953333333333332,-0.0025477777777777777,0.013913888888888889
2025-08-05T07:00:00Z,Tilt1,Oki02,13,3.8511666666666664,72.2485,1.3731666666666666,3.4171666666666667,0.038511666666666666,0.013731666666666666,0.03417166666666667
2025-08-05T07:00:00Z,Tilt2,Oki03,42,0.926,170.8475,0.07716666666666668,0.11166666666666666,0.009260000000000001,7.716666666666667e-4,0.0011166666666666666
2025-08-05T07:00:00Z,Tilt3,Oki04,50,2.438,275.9105,0.7705,-1.8625,0.02438,0.007705,-0.018625
2025-08-05T07:00:00Z,Tilt4,Oki07,0,6.6161666666666665,147.99302777777777,3.154611111111111,2.1065833333333335,0.06616166666666667,0.031546111111111115,0.021065833333333332
2025-08-05T07:00:00Z,Tilt5,Oki09,28,1.8455,214.61883333333333,-1.2431666666666668,-0.6706666666666666,0.018455,-0.012431666666666667,-0.006706666666666667
2025-08-05T07:00:00Z,Tilt6,Oki11,0,1.0376666666666667,190.74933333333334,0.3275,0.25033333333333335,0.010376666666666666,0.003275,0.002503333333333333
2025-08-05T07:00:00Z,Tilt7,Oki15,0,2.0922444444444444,200.15401666666668,-0.178775,-0.11041111111111111,0.020922444444444445,-0.00178775,-0.0011041111111111113
2025-08-05T07:00:00Z,Tilt8,Oki14,0,2.9780555555555557,228.20366666666666,-1.2132777777777777,-1.9057222222222223,0.029780555555555557,-0.012132777777777777,-0.019057222222222222
2025-08-05T08:00:00Z,Tilt1,Oki02,13,1.8195,95.91316666666667,-0.23299999999999998,1.7193333333333334,0.018195,-0.00233,0.017193333333333335
2025-08-05T08:00:00Z,Tilt2,Oki03,42,0.898,180.01383333333334,0.04,0.13233333333333333,0.00898,4e-4,0.0013233333333333335
2025-08-05T08:00:00Z,Tilt3,Oki04,50,3.2023333333333333,263.54716666666667,-0.31633333333333336,-2.9725,0.032023333333333334,-0.0031633333333333335,-0.029725
2025-08-05T08:00:00Z,Tilt4,Oki07,0,10.825972222222223,105.98502777777777,8.12036111111111,4.301805555555555,0.10825972222222222,0.08120361111111112,0.04301805555555556
2025-08-05T08:00:00Z,Tilt5,Oki09,28,1.2678333333333334,263.08633333333336,-0.010166666666666676,-0.7746666666666667,0.012678333333333333,-1.0166666666666683e-4,-0.0077466666666666665
2025-08-05T08:00:00Z,Tilt6,Oki11,0,1.2658333333333334,157.29566666666668,0.6686666666666666,0.3611666666666667,0.012658333333333334,0.006686666666666667,0.0036116666666666667
2025-08-05T08:00:00Z,Tilt7,Oki15,0,2.2098416666666667,193.13920833333333,-0.3014361111111111,0.042727777777777774,0.02209841666666667,-0.0030143611111111113,4.272777777777778e-4
2025-08-05T08:00:00Z,Tilt8,Oki14,0,5.533277777777778,219.959,-3.6737777777777776,-2.9993333333333334,0.05533277777777778,-0.03673777777777778,-0.029993333333333334
2025-08-05T09:00:00Z,Tilt1,Oki02,13,1.3935,106.4615,-0.39416666666666667,1.1416666666666666,0.013935,-0.003941666666666667,0.011416666666666667
2025-08-05T09:00:00Z,Tilt2,Oki03,42,1.369,126.76866666666666,-0.2605,1.0791666666666666,0.01369,-0.002605,0.010791666666666666
2025-08-05T09:00:00Z,Tilt3,Oki04,50,2.8648333333333333,253.03716666666668,-0.49716666666666665,-2.4208333333333334,0.028648333333333335,-0.004971666666666667,-0.024208333333333335
2025-08-05T09:00:00Z,Tilt4,Oki07,0,10.660833333333333,117.00125,7.791888888888889,4.178111111111111,0.10660833333333333,0.07791888888888888,0.04178111111111111
2025-08-05T09:00:00Z,Tilt5,Oki09,28,1.519,271.1616666666667,0.10916666666666668,-1.37,0.01519,0.0010916666666666668,-0.0137
2025-08-05T09:00:00Z,Tilt6,Oki11,0,1.2283333333333333,170.35766666666666,0.5401666666666667,0.39716666666666667,0.012283333333333334,0.005401666666666667,0.003971666666666667
2025-08-05T09:00:00Z,Tilt7,Oki15,0,2.241636111111111,198.01548333333332,-0.15739444444444445,-0.012441666666666667,0.022416361111111113,-0.0015739444444444444,-1.244166666666667e-4
2025-08-05T09:00:00Z,Tilt8,Oki14,0,2.7928888888888888,170.32444444444445,0.0443888888888889,0.7253333333333334,0.02792888888888889,4.438888888888892e-4,0.007253333333333334
2025-08-05T10:00:00Z,Tilt1,Oki02,13,1.3765,116.02250000000001,-0.3915,1.0281666666666667,0.013765,-0.003915,0.010281666666666666
2025-08-05T10:00:00Z,Tilt2,Oki03,42,1.4933333333333334,111.38183333333333,-0.28683333333333333,1.3485,0.014933333333333335,-0.0028683333333333334,0.013485
2025-08-05T10:00:00Z,Tilt3,Oki04,50,3.4303333333333335,205.4965,1.363,-0.33866666666666667,0.03430333333333333,0.013630000000000001,-0.0033866666666666667
2025-08-05T10:00:00Z,Tilt4,Oki07,0,10.315777777777777,105.16802777777778,7.699777777777777,4.078777777777778,0.10315777777777778,0.07699777777777778,0.04078777777777778
2025-08-05T10:00:00Z,Tilt5,Oki09,28,1.1595,272.49,0.2885,-0.9221666666666667,0.011595000000000001,0.002885,-0.009221666666666666
2025-08-05T10:00:00Z,Tilt6,Oki11,0,1.3113333333333332,124.07683333333333,0.27516666666666667,0.821,0.013113333333333334,0.0027516666666666666,0.00821
2025-08-05T10:00:00Z,Tilt7,Oki15,0,2.2269944444444443,193.71495555555555,-0.26086944444444443,0.10906666666666667,0.022269944444444446,-0.0026086944444444447,0.0010906666666666667
2025-08-05T10:00:00Z,Tilt8,Oki14,0,3.420888888888889,196.569,0.7071666666666667,-0.9602777777777778,0.03420888888888889,0.007071666666666667,-0.009602777777777778
2025-08-05T11:00:00Z,Tilt1,Oki02,13,1.481,100.9575,-0.14666666666666667,1.228,0.01481,-0.0014666666666666667,0.012280000000000001
2025-08-05T11:00:00Z,Tilt2,Oki03,42,1.8388333333333333,97.93233333333333,-0.2796666666666667,1.702,0.018388333333333333,-0.002796666666666667,0.01702
2025-08-05T11:00:00Z,Tilt3,Oki04,50,5.565333333333333,81.37,0.9575,5.175833333333333,0.05565333333333333,0.009575,0.05175833333333334
2025-08-05T11:00:00Z,Tilt4,Oki07,0,7.758805555555556,135.80058333333332,4.728027777777777,3.022666666666667,0.07758805555555556,0.047280277777777775,0.03022666666666667
2025-08-05T11:00:00Z,Tilt5,Oki09,28,1.3795,201.09683333333334,0.504,-0.27366666666666667,0.013795,0.00504,-0.0027366666666666668
2025-08-05T11:00:00Z,Tilt6,Oki11,0,1.108,152.566,0.34933333333333333,0.5145,0.01108,0.0034933333333333335,0.005145
2025-08-05T11:00:00Z,Tilt7,Oki15,0,2.2922944444444444,195.42386944444445,-0.375575,0.13924722222222222,0.022922944444444444,-0.00375575,0.0013924722222222222
2025-08-05T11:00:00Z,Tilt8,Oki14,0,2.8096111111111113,190.62616666666668,-0.0717222222222222,-0.5747222222222222,0.02809611111111111,-7.17222222222222e-4,-0.005747222222222222
2025-08-05T12:00:00Z,Tilt1,Oki02,13,1.7238333333333333,96.38766666666666,-0.19616666666666666,1.61,0.017238333333333335,-0.0019616666666666667,0.0161
2025-08-05T12:00:00Z,Tilt2,Oki03,42,1.5043333333333333,129.844,-0.351,1.1396666666666666,0.015043333333333334,-0.00351,0.011396666666666666
2025-08-05T12:00:00Z,Tilt3,Oki04,50,3.0961666666666665,71.86466666666666,0.8665,2.6723333333333334,0.03096166666666667,0.008665,0.026723333333333335
2025-08-05T12:00:00Z,Tilt4,Oki07,0,4.8613333333333335,179.8937222222222,0.6236388888888889,1.4130277777777778,0.048613333333333335,0.006236388888888889,0.014130277777777778
2025-08-05T12:00:00Z,Tilt5,Oki09,28,2.1203333333333334,215.124,1.5161666666666667,-0.455,0.021203333333333334,0.015161666666666667,-0.00455
2025-08-05T12:00:00Z,Tilt6,Oki11,0,1.0613333333333332,194.61783333333332,0.6313333333333333,0.2125,0.010613333333333334,0.006313333333333334,0.002125
2025-08-05T12:00:00Z,Tilt7,Oki15,0,2.181113888888889,200.3080111111111,-0.1781861111111111,-0.05689444444444445,0.02181113888888889,-0.0017818611111111112,-5.689444444444445e-4
2025-08-05T12:00:00Z,Tilt8,Oki14,0,5.766111111111111,240.24033333333333,-2.1349444444444443,-4.343944444444444,0.057661111111111114,-0.021349444444444445,-0.04343944444444445
2025-08-05T13:00:00Z,Tilt1,Oki02,13,2.3048333333333333,71.4135,0.6355,2.1193333333333335,0.023048333333333334,0.006355,0.021193333333333335
2025-08-05T13:00:00Z,Tilt2,Oki03,42,1.0155,115.60033333333332,-0.07816666666666668,0.7425,0.010155,-7.816666666666667e-4,0.007425
2025-08-05T13:00:00Z,Tilt3,Oki04,50,2.015,126.431,0.71,0.8748333333333334,0.02015,0.0071,0.008748333333333334
2025-08-05T13:00:00Z,Tilt4,Oki07,0,4.437083333333334,190.43405555555555,-1.0187777777777778,0.5148888888888888,0.04437083333333333,-0.010187777777777778,0.005148888888888889
2025-08-05T13:00:00Z,Tilt5,Oki09,28,2.422833333333333,200.477,1.6556666666666666,-0.24466666666666664,0.024228333333333334,0.016556666666666667,-0.0024466666666666664
2025-08-05T13:00:00Z,Tilt6,Oki11,0,1.0028333333333332,205.07033333333334,0.666,0.07283333333333333,0.010028333333333334,0.00666,7.283333333333332e-4
2025-08-05T13:00:00Z,Tilt7,Oki15,0,2.1336555555555554,196.93730277777777,-0.29898888888888886,-0.009169444444444444,0.021336555555555557,-0.002989888888888889,-9.169444444444443e-5
2025-08-05T13:00:00Z,Tilt8,Oki14,0,5.243111111111111,243.93183333333334,-1.6156666666666666,-4.239888888888889,0.05243111111111111,-0.016156666666666666,-0.04239888888888889
2025-08-05T14:00:00Z,Tilt1,Oki02,13,1.345,102.29483333333333,-0.08650000000000001,0.8105,0.01345,-8.650000000000001e-4,0.008105
2025-08-05T14:00:00Z,Tilt2,Oki03,42,0.9173333333333333,219.11783333333332,0.16633333333333333,-0.2713333333333333,0.009173333333333334,0.0016633333333333333,-0.0027133333333333332
2025-08-05T14:00:00Z,Tilt3,Oki04,50,1.9176666666666666,120.50433333333334,0.5301666666666667,1.0971666666666666,0.019176666666666668,0.005301666666666667,0.010971666666666666
2025-08-05T14:00:00Z,Tilt4,Oki07,0,4.006888888888889,197.25233333333333,-1.7720833333333332,-0.3198333333333333,0.04006888888888889,-0.017720833333333335,-0.0031983333333333334
2025-08-05T14:00:00Z,Tilt5,Oki09,28,4.4695,193.793,2.3448333333333333,1.1598333333333333,0.044695,0.02344833333333333,0.011598333333333334
2025-08-05T14:00:00Z,Tilt6,Oki11,0,1.2408333333333332,238.65816666666666,0.9551666666666666,-0.207,0.012408333333333334,0.009551666666666667,-0.00207
2025-08-05T14:00:00Z,Tilt7,Oki15,0,1.9721444444444445,194.48606388888888,-0.34568055555555555,0.021936111111111115,0.019721444444444444,-0.003456805555555556,2.1936111111111115e-4
2025-08-05T14:00:00Z,Tilt8,Oki14,0,4.4235,205.20605555555557,-1.6493333333333333,-2.196277777777778,0.044235000000000003,-0.016493333333333332,-0.02196277777777778
2025-08-05T15:00:00Z,Tilt1,Oki02,13,1.576,127.7855,-0.9213333333333333,1.0786666666666667,0.01576,-0.009213333333333334,0.010786666666666667
2025-08-05T15:00:00Z,Tilt2,Oki03,42,0.786,244.80933333333334,0.2826666666666667,-0.537,0.00786,0.0028266666666666666,-0.00537
2025-08-05T15:00:00Z,Tilt3,Oki04,50,1.8245,81.5525,0.872,1.2821666666666667,0.018245,0.00872,0.012821666666666667
2025-08-05T15:00:00Z,Tilt4,Oki07,0,3.7425555555555556,194.12844444444445,-1.8027777777777778,-0.013666666666666669,0.03742555555555556,-0.018027777777777778,-1.3666666666666656e-4
2025-08-05T15:00:00Z,Tilt5,Oki09,28,5.769,111.62583333333333,-2.0556666666666668,4.866833333333333,0.05769,-0.020556666666666668,0.048668333333333334
2025-08-05T15:00:00Z,Tilt6,Oki11,0,0.6798333333333333,181.9965,0.23316666666666666,0.1,0.006798333333333333,0.0023316666666666668,0.001
2025-08-05T15:00:00Z,Tilt7,Oki15,0,1.649613888888889,192.274925,-0.3194472222222222,0.06845833333333333,0.01649613888888889,-0.0031944722222222222,6.845833333333334e-4
2025-08-05T15:00:00Z,Tilt8,Oki14,0,2.642611111111111,110.37883333333333,0.5241666666666667,1.2443333333333333,0.026426111111111112,0.005241666666666667,0.012443333333333334
2025-08-05T16:00:00Z,Tilt1,Oki02,13,1.325,110.68183333333333,-0.3938333333333333,1.1443333333333334,0.01325,-0.003938333333333334,0.011443333333333333
2025-08-05T16:00:00Z,Tilt2,Oki03,42,0.7021666666666667,193.44,-0.10683333333333334,0.029166666666666664,0.0070216666666666665,-0.0010683333333333332,2.916666666666667e-4
2025-08-05T16:00:00Z,Tilt3,Oki04,50,3.4411666666666667,246.76683333333332,1.508,-2.1235,0.03441166666666667,0.01508,-0.021235
2025-08-05T16:00:00Z,Tilt4,Oki07,0,3.6310555555555557,189.51733333333334,-0.5495833333333333,0.22266666666666665,0.036310555555555554,-0.0054958333333333335,0.0022266666666666667
2025-08-05T16:00:00Z,Tilt5,Oki09,28,2.151666666666667,186.05783333333332,0.61,0.5378333333333333,0.021516666666666667,0.0061,0.005378333333333333
2025-08-05T16:00:00Z,Tilt6,Oki11,0,0.6658333333333334,161.57583333333332,0.04866666666666667,0.17350000000000002,0.006658333333333334,4.866666666666667e-4,0.001735
2025-08-05T16:00:00Z,Tilt7,Oki15,0,1.3829805555555557,191.87676666666667,-0.3197583333333333,0.02389722222222222,0.013829805555555555,-0.0031975833333333335,2.3897222222222218e-4
2025-08-05T16:00:00Z,Tilt8,Oki14,0,4.735555555555556,247.07183333333333,-1.0218888888888888,-2.9603888888888887,0.04735555555555556,-0.010218888888888888,-0.029603888888888888
2025-08-05T17:00:00Z,Tilt1,Oki02,13,1.1955,120.3315,-0.5703333333333334,0.9605,0.011955,-0.005703333333333334,0.009605
2025-08-05T17:00:00Z,Tilt2,Oki03,42,0.5436666666666666,193.56816666666666,0.10483333333333333,-0.05916666666666666,0.005436666666666667,0.0010483333333333334,-5.916666666666666e-4
2025-08-05T17:00:00Z,Tilt3,Oki04,50,5.5808333333333335,302.3206666666667,2.7223333333333333,-4.593833333333333,0.055808333333333335,0.027223333333333335,-0.04593833333333334
2025-08-05T17:00:00Z,Tilt4,Oki07,0,3.616222222222222,184.89380555555556,0.10958333333333332,0.5171944444444445,0.03616222222222222,0.0010958333333333332,0.005171944444444444
2025-08-05T17:00:00Z,Tilt5,Oki09,28,1.3568333333333333,253.33966666666666,0.9556666666666667,-0.3556666666666667,0.013568333333333333,0.009556666666666666,-0.0035566666666666667
2025-08-05T17:00:00Z,Tilt6,Oki11,0,0.7435,172.6275,-0.5498333333333333,0.1255,0.007435000000000001,-0.005498333333333333,0.001255
2025-08-05T17:00:00Z,Tilt7,Oki15,0,1.3334527777777778,189.05507777777777,-0.382725,0.07262777777777778,0.013334527777777778,-0.00382725,7.262777777777778e-4
2025-08-05T17:00:00Z,Tilt8,Oki14,0,4.034666666666666,164.46383333333333,0.5139444444444444,-0.274,0.04034666666666667,0.005139444444444445,-0.00274
2025-08-05T18:00:00Z,Tilt1,Oki02,13,0.987,125.81916666666666,-0.4018333333333333,0.7475,0.00987,-0.004018333333333334,0.007475
2025-08-05T18:00:00Z,Tilt2,Oki03,42,0.4036666666666667,196.65583333333333,-0.026333333333333334,-0.0175,0.004036666666666667,-2.6333333333333336e-4,-1.7500000000000003e-4
2025-08-05T18:00:00Z,Tilt3,Oki04,50,3.7598333333333334,286.624,1.446,-3.1458333333333335,0.03759833333333333,0.01446,-0.03145833333333333
2025-08-05T18:00:00Z,Tilt4,Oki07,0,3.6019444444444444,177.19208333333333,0.4920277777777778,0.7901944444444444,0.036019444444444444,0.004920277777777778,0.007901944444444444
2025-08-05T18:00:00Z,Tilt5,Oki09,28,1.3536666666666666,293.47516666666667,0.5171666666666667,-1.2036666666666667,0.013536666666666667,0.005171666666666666,-0.012036666666666668
2025-08-05T18:00:00Z,Tilt6,Oki11,0,0.7628333333333334,234.263,0.25166666666666665,-0.21283333333333335,0.007628333333333333,0.0025166666666666666,-0.002128333333333333
2025-08-05T18:00:00Z,Tilt7,Oki15,0,1.2516722222222223,190.68835555555555,-0.31180555555555556,0.05173888888888889,0.012516722222222222,-0.0031180555555555558,5.173888888888888e-4
2025-08-05T18:00:00Z,Tilt8,Oki14,0,5.319,70.64155555555556,3.900777777777778,2.9075555555555557,0.05319,0.03900777777777778,0.029075555555555556
2025-08-05T19:00:00Z,Tilt1,Oki02,13,1.3691666666666666,108.74033333333334,-0.37783333333333335,1.1621666666666666,0.013691666666666666,-0.003778333333333333,0.011621666666666667
2025-08-05T19:00:00Z,Tilt2,Oki03,42,0.4651666666666667,167.77383333333333,-0.17333333333333334,0.14466666666666667,0.004651666666666667,-0.0017333333333333335,0.0014466666666666666
2025-08-05T19:00:00Z,Tilt3,Oki04,50,2.4405,286.4218333333333,1.8166666666666667,-1.2278333333333333,0.024405,0.018166666666666668,-0.012278333333333334
2025-08-05T19:00:00Z,Tilt4,Oki07,0,3.595972222222222,185.388,-1.3252777777777778,0.43327777777777776,0.035959722222222226,-0.013252777777777778,0.004332777777777777
2025-08-05T19:00:00Z,Tilt5,Oki09,28,1.425,294.163,0.5613333333333334,-1.2435,0.01425,0.005613333333333334,-0.012435
2025-08-05T19:00:00Z,Tilt6,Oki11,0,0.7355,240.22116666666668,-0.10633333333333334,-0.48383333333333334,0.007355,-0.0010633333333333334,-0.004838333333333333
2025-08-05T19:00:00Z,Tilt7,Oki15,0,1.1118555555555556,189.84347222222223,-0.33671388888888887,0.06797500000000001,0.011118555555555555,-0.003367138888888889,6.7975e-4
2025-08-05T19:00:00Z,Tilt8,Oki14,0,4.066888888888889,84.02855555555556,1.7130555555555556,3.255333333333333,0.04066888888888889,0.017130555555555555,0.03255333333333334
2025-08-05T20:00:00Z,Tilt1,Oki02,13,1.1451666666666667,129.00766666666667,-0.6106666666666667,0.7671666666666667,0.011451666666666667,-0.0061066666666666665,0.007671666666666667
2025-08-05T20:00:00Z,Tilt2,Oki03,42,0.38783333333333336,188.518,-0.06816666666666667,0.02933333333333333,0.0038783333333333335,-6.816666666666667e-4,2.9333333333333327e-4
2025-08-05T20:00:00Z,Tilt3,Oki04,50,1.583,156.1655,0.9378333333333333,-0.25816666666666666,0.01583,0.009378333333333334,-0.0025816666666666666
2025-08-05T20:00:00Z,Tilt4,Oki07,0,3.3710833333333334,164.76572222222222,1.5436388888888888,0.7883333333333333,0.033710833333333336,0.015436388888888888,0.007883333333333334
2025-08-05T20:00:00Z,Tilt5,Oki09,28,1.5606666666666666,299.74333333333334,0.7788333333333334,-1.2521666666666667,0.015606666666666666,0.007788333333333334,-0.012521666666666667
2025-08-05T20:00:00Z,Tilt6,Oki11,0,0.6445,223.84883333333335,-0.19133333333333333,-0.197,0.006445,-0.0019133333333333333,-0.00197
2025-08-05T20:00:00Z,Tilt7,Oki15,0,1.3992055555555556,177.61009444444446,-0.8449527777777778,0.2493138888888889,0.013992055555555556,-0.008449527777777778,0.002493138888888889
2025-08-05T20:00:00Z,Tilt8,Oki14,0,7.2075555555555555,59.38561111111111,3.7264444444444442,5.968555555555556,0.07207555555555556,0.03726444444444445,0.059685555555555554
2025-08-05T21:00:00Z,Tilt1,Oki02,13,1.3263333333333334,118.501,-0.6168333333333333,1.1128333333333333,0.013263333333333334,-0.006168333333333334,0.011128333333333334
2025-08-05T21:00:00Z,Tilt2,Oki03,42,0.4618333333333333,138.03983333333332,-0.13116666666666665,0.249,0.004618333333333334,-0.0013116666666666667,0.00249
2025-08-05T21:00:00Z,Tilt3,Oki04,50,1.485,192.8315,1.0481666666666667,-0.25283333333333335,0.01485,0.010481666666666667,-0.0025283333333333334
2025-08-05T21:00:00Z,Tilt4,Oki07,0,5.4745,108.61833333333334,4.2131388888888885,2.0410833333333334,0.054745,0.04213138888888889,0.020410833333333333
2025-08-05T21:00:00Z,Tilt5,Oki09,28,1.1633333333333333,293.42316666666665,0.48233333333333334,-0.9728333333333333,0.011633333333333334,0.004823333333333333,-0.009728333333333334
2025-08-05T21:00:00Z,Tilt6,Oki11,0,0.558,205.1025,-0.16683333333333333,-0.1205,0.00558,-0.0016683333333333335,-0.001205
2025-08-05T21:00:00Z,Tilt7,Oki15,0,1.9798166666666666,186.58229722222222,-1.5031666666666668,-0.06685555555555556,0.01979816666666667,-0.015031666666666667,-6.685555555555555e-4
2025-08-05T21:00:00Z,Tilt8,Oki14,0,2.9813888888888886,78.64472222222223,0.5972777777777778,2.7949444444444445,0.02981388888888889,0.005972777777777778,0.027949444444444447
2025-08-05T22:00:00Z,Tilt1,Oki02,13,1.1068333333333333,122.734,-0.5518333333333333,0.8656666666666667,0.011068333333333333,-0.005518333333333333,0.008656666666666667
2025-08-05T22:00:00Z,Tilt2,Oki03,42,0.474,155.6,-0.146,0.23600000000000002,0.00474,-0.00146,0.00236
2025-08-05T22:00:00Z,Tilt3,Oki04,50,1.3571666666666666,60.27483333333333,0.5918333333333333,1.0581666666666667,0.013571666666666668,0.005918333333333334,0.010581666666666666
2025-08-05T22:00:00Z,Tilt4,Oki07,0,5.882361111111111,130.97205555555556,4.551027777777778,1.9913055555555554,0.05882361111111111,0.04551027777777778,0.019913055555555555
2025-08-05T22:00:00Z,Tilt5,Oki09,28,1.9588333333333334,316.425,1.407,-1.2746666666666666,0.019588333333333333,0.014070000000000001,-0.012746666666666667
2025-08-05T22:00:00Z,Tilt6,Oki11,0,0.959,165.9145,-0.7945,0.2871666666666667,0.00959,-0.007945,0.002871666666666667
2025-08-05T22:00:00Z,Tilt7,Oki15,0,1.378763888888889,186.5991222222222,-0.5526638888888888,0.1113611111111111,0.01378763888888889,-0.005526638888888889,0.001113611111111111
2025-08-05T22:00:00Z,Tilt8,Oki14,0,2.911166666666667,199.97272222222222,-2.1194444444444445,-1.0521111111111112,0.029111666666666668,-0.021194444444444446,-0.010521111111111111
2025-08-05T23:00:00Z,Tilt1,Oki02,13,1.4889999999999999,105.40983333333334,-0.31066666666666665,1.3768333333333334,0.01489,-0.003106666666666667,0.013768333333333334
2025-08-05T23:00:00Z,Tilt2,Oki03,42,0.556,220.18083333333334,-0.14916666666666667,-0.22183333333333333,0.00556,-0.0014916666666666667,-0.0022183333333333334
2025-08-05T23:00:00Z,Tilt3,Oki04,50,1.5086666666666666,72.9915,0.5273333333333333,1.194,0.015086666666666667,0.005273333333333334,0.011940000000000001
2025-08-05T23:00:00Z,Tilt4,Oki07,0,5.356388888888889,125.01977777777778,4.044833333333333,1.8493888888888887,0.05356388888888889,0.040448333333333336,0.01849388888888889
2025-08-05T23:00:00Z,Tilt5,Oki09,28,1.3215,309.9866666666667,0.9076666666666666,-0.8655,0.013215000000000001,0.009076666666666667,-0.008655
2025-08-05T23:00:00Z,Tilt6,Oki11,0,0.4638333333333333,206.76066666666668,-0.20633333333333334,-0.06116666666666667,0.004638333333333334,-0.0020633333333333333,-6.116666666666667e-4
2025-08-05T23:00:00Z,Tilt7,Oki15,0,1.4048944444444444,187.0790861111111,-0.3993305555555556,0.11982222222222222,0.014048944444444445,-0.0039933055555555555,0.0011982222222222223
2025-08-05T23:00:00Z,Tilt8,Oki14,0,3.814611111111111,176.848,-3.260111111111111,-0.6048888888888889,0.03814611111111111,-0.03260111111111111,-0.006048888888888889
2025-08-06T00:00:00Z,Tilt1,Oki02,13,1.3125,100.198,-0.10149999999999999,1.204,0.013125,-0.001015,0.01204
2025-08-06T00:00:00Z,Tilt2,Oki03,42,0.4021666666666667,205.0335,-0.11800000000000001,-0.11333333333333333,0.0040216666666666664,-0.00118,-0.0011333333333333332
2025-08-06T00:00:00Z,Tilt3,Oki04,50,1.4826666666666666,80.87466666666667,0.4176666666666667,1.1995,0.014826666666666667,0.004176666666666667,0.011995
2025-08-06T00:00:00Z,Tilt4,Oki07,0,4.769694444444444,135.93758333333332,3.26225,1.8160833333333333,0.047696944444444445,0.0326225,0.018160833333333334
2025-08-06T00:00:00Z,Tilt5,Oki09,28,1.5938333333333332,322.64133333333336,1.3178333333333334,-0.7415,0.015938333333333332,0.013178333333333334,-0.007415000000000001
2025-08-06T00:00:00Z,Tilt6,Oki11,0,0.6829999999999999,178.966,-0.518,0.13466666666666666,0.00683,-0.00518,0.0013466666666666666
2025-08-06T00:00:00Z,Tilt7,Oki15,0,1.5683833333333332,189.78746666666666,-0.4144888888888889,0.11864722222222222,0.015683833333333334,-0.004144888888888889,0.0011864722222222222
2025-08-06T00:00:00Z,Tilt8,Oki14,0,1.2677222222222222,199.89833333333334,-0.205,-0.40444444444444444,0.012677222222222222,-0.0020499999999999997,-0.004044444444444444
2025-08-06T01:00:00Z,Tilt1,Oki02,13,1.4751666666666667,105.108,-0.32216666666666666,1.3735,0.014751666666666666,-0.0032216666666666665,0.013735
2025-08-06T01:00:00Z,Tilt2,Oki03,42,0.49333333333333335,177.08866666666668,-0.259,0.10366666666666667,0.004933333333333333,-0.00259,0.0010366666666666666
2025-08-06T01:00:00Z,Tilt3,Oki04,50,1.8901666666666668,44.62716666666667,1.3196666666666668,1.224,0.018901666666666667,0.013196666666666667,0.012240000000000001
2025-08-06T01:00:00Z,Tilt4,Oki07,0,3.193888888888889,152.1388611111111,0.12283333333333335,1.5238055555555556,0.03193888888888889,0.0012283333333333337,0.015238055555555557
2025-08-06T01:00:00Z,Tilt5,Oki09,28,1.4608333333333334,168.86516666666665,1.0571666666666666,0.2055,0.014608333333333334,0.010571666666666667,0.002055
2025-08-06T01:00:00Z,Tilt6,Oki11,0,0.4036666666666667,176.011,-0.08883333333333333,0.0995,0.004036666666666667,-8.883333333333334e-4,9.95e-4
2025-08-06T01:00:00Z,Tilt7,Oki15,0,1.6207555555555555,193.45576666666668,-0.36635277777777775,0.09335277777777777,0.016207555555555555,-0.0036635277777777777,9.335277777777778e-4
2025-08-06T01:00:00Z,Tilt8,Oki14,0,3.1612222222222224,227.9576111111111,-1.2485,-2.3676666666666666,0.03161222222222222,-0.012485,-0.023676666666666665
2025-08-06T02:00:00Z,Tilt1,Oki02,13,2.044,93.43633333333334,-0.1005,2.0018333333333334,0.02044,-0.001005,0.020018333333333332
2025-08-06T02:00:00Z,Tilt2,Oki03,42,0.3406666666666667,199.81966666666668,-0.11233333333333334,-0.026833333333333334,0.003406666666666667,-0.0011233333333333334,-2.683333333333333e-4
2025-08-06T02:00:00Z,Tilt3,Oki04,50,1.8678333333333332,56.774,1.4241666666666666,0.934,0.018678333333333335,0.014241666666666666,0.009340000000000001
2025-08-06T02:00:00Z,Tilt4,Oki07,0,2.9165,183.65591666666666,-2.0336944444444445,0.30069444444444443,0.029165,-0.020336944444444446,0.0030069444444444445
2025-08-06T02:00:00Z,Tilt5,Oki09,28,1.557,318.72616666666664,1.3105,-0.6395,0.01557,0.013105,-0.006395
2025-08-06T02:00:00Z,Tilt6,Oki11,0,0.544,262.67583333333334,0.3631666666666667,-0.20633333333333334,0.00544,0.0036316666666666667,-0.0020633333333333333
2025-08-06T02:00:00Z,Tilt7,Oki15,0,1.5188194444444445,193.10485277777778,-0.2979555555555556,0.07585,0.015188194444444445,-0.0029795555555555556,7.585000000000001e-4
2025-08-06T02:00:00Z,Tilt8,Oki14,0,8.542444444444444,215.9001111111111,-6.8117777777777775,-4.899222222222222,0.08542444444444444,-0.06811777777777778,-0.04899222222222222
2025-08-06T03:00:00Z,Tilt1,Oki02,13,1.4683333333333333,118.68316666666666,-0.6908333333333333,1.2621666666666667,0.014683333333333333,-0.006908333333333333,0.012621666666666666
2025-08-06T03:00:00Z,Tilt2,Oki03,42,0.4498333333333333,223.80916666666667,-0.0815,-0.237,0.004498333333333333,-8.15e-4,-0.00237
2025-08-06T03:00:00Z,Tilt3,Oki04,50,2.3651666666666666,131.28366666666668,2.3141666666666665,0.15,0.023651666666666668,0.023141666666666668,0.0015
2025-08-06T03:00:00Z,Tilt4,Oki07,0,3.6262222222222222,192.23469444444444,-2.7046666666666668,-0.2561111111111111,0.036262222222222223,-0.027046666666666667,-0.0025611111111111112
2025-08-06T03:00:00Z,Tilt5,Oki09,28,1.1555,296.1648333333333,0.8761666666666666,-0.6251666666666666,0.011555,0.008761666666666668,-0.006251666666666667
2025-08-06T03:00:00Z,Tilt6,Oki11,0,0.3665,233.14066666666668,0.008333333333333335,-0.14166666666666666,0.003665,8.333333333333334e-5,-0.0014166666666666668
2025-08-06T03:00:00Z,Tilt7,Oki15,0,1.3911638888888889,193.56730277777777,-0.2856472222222222,0.04461111111111111,0.013911638888888888,-0.0028564722222222225,4.4611111111111115e-4
2025-08-06T03:00:00Z,Tilt8,Oki14,0,10.034055555555556,204.92600000000002,-8.952388888888889,-4.153611111111111,0.10034055555555556,-0.08952388888888889,-0.041536111111111114
2025-08-06T04:00:00Z,Tilt1,Oki02,13,1.1036666666666666,119.08683333333333,-0.5425,0.9026666666666667,0.011036666666666667,-0.005425,0.009026666666666667
2025-08-06T04:00:00Z,Tilt2,Oki03,42,0.3595,200.06533333333334,-0.14116666666666666,-0.057999999999999996,0.003595,-0.0014116666666666668,-5.8e-4
2025-08-06T04:00:00Z,Tilt3,Oki04,50,3.7826666666666666,313.4273333333333,3.3521666666666667,-1.4355,0.03782666666666667,0.033521666666666665,-0.014355
2025-08-06T04:00:00Z,Tilt4,Oki07,0,4.0336944444444445,190.0626388888889,-3.276666666666667,-0.20372222222222222,0.040336944444444446,-0.032766666666666666,-0.0020372222222222224
2025-08-06T04:00:00Z,Tilt5,Oki09,28,1.3035,320.54566666666665,0.9776666666666667,-0.7833333333333333,0.013035,0.009776666666666666,-0.007833333333333333
2025-08-06T04:00:00Z,Tilt6,Oki11,0,0.38066666666666665,214.81433333333334,-0.17516666666666666,-0.0555,0.003806666666666667,-0.0017516666666666668,-5.549999999999999e-4
2025-08-06T04:00:00Z,Tilt7,Oki15,0,1.4020083333333333,199.46120833333333,-0.1077388888888889,-0.08383333333333333,0.014020083333333334,-0.001077388888888889,-8.383333333333334e-4
2025-08-06T04:00:00Z,Tilt8,Oki14,0,7.772888888888889,213.6952222222222,-6.191611111111111,-3.7316666666666665,0.07772888888888889,-0.06191611111111111,-0.037316666666666665
2025-08-06T05:00:00Z,Tilt1,Oki02,13,1.2423333333333333,116.36433333333333,-0.5438333333333334,1.0806666666666667,0.012423333333333333,-0.005438333333333333,0.010806666666666668
2025-08-06T05:00:00Z,Tilt2,Oki03,42,0.3631666666666667,207.81033333333335,-0.17466666666666666,-0.07733333333333334,0.0036316666666666667,-0.0017466666666666668,-7.733333333333333e-4
2025-08-06T05:00:00Z,Tilt3,Oki04,50,5.049,316.37716666666665,4.117333333333334,-2.671666666666667,0.05049,0.04117333333333333,-0.026716666666666666
2025-08-06T05:00:00Z,Tilt4,Oki07,0,4.012305555555556,194.95322222222222,-3.1486944444444442,-0.6103055555555555,0.04012305555555556,-0.03148694444444444,-0.006103055555555556
2025-08-06T05:00:00Z,Tilt5,Oki09,28,1.2448333333333332,308.782,0.831,-0.859,0.012448333333333334,0.00831,-0.00859
2025-08-06T05:00:00Z,Tilt6,Oki11,0,0.3395,224.83833333333334,0.05566666666666667,-0.14566666666666667,0.003395,5.566666666666667e-4,-0.0014566666666666667
2025-08-06T05:00:00Z,Tilt7,Oki15,0,1.257563888888889,185.0658138888889,-0.46884166666666666,0.15532222222222222,0.01257563888888889,-0.004688416666666667,0.0015532222222222223
2025-08-06T05:00:00Z,Tilt8,Oki14,0,2.8112777777777778,195.442,0.5945,-0.8378333333333333,0.028112777777777778,0.005945,-0.008378333333333333
2025-08-06T06:00:00Z,Tilt1,Oki02,13,1.3026666666666666,116.58516666666667,-0.5751666666666667,1.1211666666666666,0.013026666666666667,-0.005751666666666667,0.011211666666666667
2025-08-06T06:00:00Z,Tilt2,Oki03,42,0.37833333333333335,209.36966666666666,-0.16066666666666668,-0.15833333333333333,0.0037833333333333334,-0.0016066666666666666,-0.0015833333333333333
2025-08-06T06:00:00Z,Tilt3,Oki04,50,3.6576666666666666,312.4388333333333,2.7485,-2.1093333333333333,0.03657666666666667,0.027485,-0.021093333333333332
2025-08-06T06:00:00Z,Tilt4,Oki07,0,4.117333333333334,195.71238888888888,-3.0559166666666666,-0.7509444444444444,0.04117333333333333,-0.03055916666666667,-0.0075094444444444445
2025-08-06T06:00:00Z,Tilt5,Oki09,28,1.5153333333333334,315.5895,1.0708333333333333,-1.0225,0.015153333333333333,0.010708333333333334,-0.010225
2025-08-06T06:00:00Z,Tilt6,Oki11,0,0.39316666666666666,235.14016666666666,-0.10333333333333333,-0.2,0.003931666666666667,-0.0010333333333333334,-0.002
2025-08-06T06:00:00Z,Tilt7,Oki15,0,1.3131194444444445,191.0330888888889,-0.36404166666666665,0.08203333333333333,0.013131194444444445,-0.003640416666666667,8.203333333333333e-4
2025-08-06T06:00:00Z,Tilt8,Oki14,0,1.8535,118.62194444444444,0.21083333333333332,0.8038333333333333,0.018535,0.002108333333333333,0.008038333333333333
2025-08-06T07:00:00Z,Tilt1,Oki02,13,1.2693333333333334,108.5285,-0.4125,1.1393333333333333,0.012693333333333334,-0.004125,0.011393333333333333
2025-08-06T07:00:00Z,Tilt2,Oki03,42,0.4205,204.50183333333334,-0.18666666666666668,-0.08783333333333333,0.004205,-0.0018666666666666666,-8.783333333333334e-4
2025-08-06T07:00:00Z,Tilt3,Oki04,50,2.0523333333333333,125.10666666666667,1.7363333333333333,0.378,0.020523333333333334,0.017363333333333335,0.00378
2025-08-06T07:00:00Z,Tilt4,Oki07,0,4.5762777777777774,191.0968611111111,-3.432027777777778,-0.5228055555555555,0.04576277777777778,-0.034320277777777776,-0.005228055555555555
2025-08-06T07:00:00Z,Tilt5,Oki09,28,1.9491666666666667,307.6995,1.2656666666666667,-1.4098333333333333,0.019491666666666668,0.012656666666666667,-0.014098333333333334
2025-08-06T07:00:00Z,Tilt6,Oki11,0,0.541,207.339,-0.33716666666666667,-0.14533333333333334,0.00541,-0.003371666666666667,-0.0014533333333333334
2025-08-06T07:00:00Z,Tilt7,Oki15,0,1.2985361111111111,187.33599166666667,-0.36139166666666667,0.1031,0.01298536111111111,-0.0036139166666666668,0.001031
2025-08-06T07:00:00Z,Tilt8,Oki14,0,3.5610555555555554,75.29599999999999,0.9573333333333334,3.3415,0.035610555555555555,0.009573333333333333,0.033415
2025-08-06T08:00:00Z,Tilt1,Oki02,13,1.3145,106.333,-0.333,1.223,0.013145,-0.00333,0.01223
2025-08-06T08:00:00Z,Tilt2,Oki03,42,0.42183333333333334,207.583,-0.17516666666666666,-0.087,0.0042183333333333335,-0.0017516666666666668,-8.7e-4
2025-08-06T08:00:00Z,Tilt3,Oki04,50,1.689,60.20916666666667,0.9461666666666667,1.1398333333333333,0.01689,0.009461666666666667,0.011398333333333333
2025-08-06T08:00:00Z,Tilt4,Oki07,0,3.8642222222222222,194.91944444444445,-2.3199722222222223,-0.2088888888888889,0.038642222222222224,-0.023199722222222222,-0.0020888888888888893
2025-08-06T08:00:00Z,Tilt5,Oki09,28,1.424,269.392,0.008,-0.5166666666666667,0.014240000000000001,7.999999999999993e-5,-0.005166666666666667
2025-08-06T08:00:00Z,Tilt6,Oki11,0,0.6615,199.95116666666667,-0.4455,-0.18733333333333332,0.006615,-0.004455,-0.0018733333333333334
2025-08-06T08:00:00Z,Tilt7,Oki15,0,1.3686416666666668,187.74781388888889,-0.43011944444444444,0.11316666666666667,0.013686416666666668,-0.004301194444444444,0.0011316666666666667
2025-08-06T08:00:00Z,Tilt8,Oki14,0,1.9699444444444445,96.623,0.2654444444444444,1.6515555555555554,0.019699444444444447,0.0026544444444444445,0.016515555555555558
2025-08-06T09:00:00Z,Tilt1,Oki02,13,2.1321666666666665,83.3935,0.2505,2.0585,0.021321666666666666,0.002505,0.020585
2025-08-06T09:00:00Z,Tilt2,Oki03,42,0.40016666666666667,232.5265,-0.10466666666666667,-0.2835,0.004001666666666666,-0.0010466666666666667,-0.002835
2025-08-06T09:00:00Z,Tilt3,Oki04,50,1.3083333333333333,67.819,0.4306666666666667,1.0928333333333333,0.013083333333333334,0.004306666666666667,0.010928333333333333
2025-08-06T09:00:00Z,Tilt4,Oki07,0,3.0785,177.7886388888889,0.5001111111111111,0.638888888888889,0.030785,0.005001111111111111,0.006388888888888889
2025-08-06T09:00:00Z,Tilt5,Oki09,28,1.7816666666666667,189.508,-1.5426666666666666,-0.0016666666666666605,0.017816666666666668,-0.015426666666666667,-1.666666666666659e-5
2025-08-06T09:00:00Z,Tilt6,Oki11,0,0.8801666666666667,178.26633333333334,-0.7393333333333333,0.20366666666666666,0.008801666666666666,-0.007393333333333333,0.0020366666666666667
2025-08-06T09:00:00Z,Tilt7,Oki15,0,1.4188194444444444,192.00383888888888,-0.4035222222222222,0.062575,0.014188194444444444,-0.004035222222222222,6.2575e-4
2025-08-06T09:00:00Z,Tilt8,Oki14,0,2.8961666666666668,224.82399999999998,-2.021,-1.7379444444444445,0.028961666666666667,-0.02021,-0.017379444444444444
2025-08-06T10:00:00Z,Tilt1,Oki02,13,3.2501666666666664,76.7425,0.7448333333333333,3.1441666666666666,0.032501666666666665,0.007448333333333334,0.031441666666666666
2025-08-06T10:00:00Z,Tilt2,Oki03,42,0.3665,193.17033333333333,-0.15383333333333335,-0.07316666666666667,0.0036650000000000003,-0.0015383333333333334,-7.316666666666667e-4
2025-08-06T10:00:00Z,Tilt3,Oki04,50,1.7618333333333334,63.07066666666667,0.9976666666666667,1.2983333333333333,0.017618333333333333,0.009976666666666667,0.012983333333333333
2025-08-06T10:00:00Z,Tilt4,Oki07,0,4.219111111111111,146.8841111111111,2.6955555555555555,1.3297222222222222,0.04219111111111111,0.026955555555555556,0.013297222222222222
2025-08-06T10:00:00Z,Tilt5,Oki09,28,0.8,264.493,0.06633333333333334,-0.5406666666666666,0.008,6.633333333333334e-4,-0.005406666666666666
2025-08-06T10:00:00Z,Tilt6,Oki11,0,0.912,180.02916666666667,-0.7973333333333333,0.05616666666666667,0.00912,-0.007973333333333334,5.616666666666667e-4
2025-08-06T10:00:00Z,Tilt7,Oki15,0,1.3976305555555555,191.35750555555555,-0.4307361111111111,0.07623333333333333,0.013976305555555556,-0.004307361111111111,7.623333333333334e-4
2025-08-06T10:00:00Z,Tilt8,Oki14,0,6.4013333333333335,207.79788888888888,-5.504666666666667,-3.031277777777778,0.06401333333333334,-0.05504666666666667,-0.03031277777777778
2025-08-06T11:00:00Z,Tilt1,Oki02,13,2.4988333333333332,83.95983333333334,0.29683333333333334,2.4473333333333334,0.024988333333333335,0.0029683333333333332,0.024473333333333333
2025-08-06T11:00:00Z,Tilt2,Oki03,42,0.41183333333333333,201.14183333333332,-0.184,-0.04133333333333333,0.004118333333333333,-0.00184,-4.1333333333333337e-4
2025-08-06T11:00:00Z,Tilt3,Oki04,50,2.1465,75.6705,0.555,1.805,0.021465,0.00555,0.01805
2025-08-06T11:00:00Z,Tilt4,Oki07,0,4.585916666666667,138.83533333333332,3.27325,1.4873333333333334,0.045859166666666666,0.0327325,0.014873333333333334
2025-08-06T11:00:00Z,Tilt5,Oki09,28,1.147,306.086,0.6848333333333333,-0.8210000000000001,0.011470000000000001,0.006848333333333334,-0.00821
2025-08-06T11:00:00Z,Tilt6,Oki11,0,0.7411666666666666,180.9915,-0.5381666666666667,0.0835,0.007411666666666667,-0.0053816666666666665,8.35e-4
2025-08-06T11:00:00Z,Tilt7,Oki15,0,1.4982194444444445,189.80888055555556,-0.542875,0.10690555555555556,0.014982194444444444,-0.00542875,0.0010690555555555555
2025-08-06T11:00:00Z,Tilt8,Oki14,0,9.678722222222222,207.74944444444444,-8.398666666666667,-4.3949444444444445,0.09678722222222222,-0.08398666666666667,-0.043949444444444444
2025-08-06T12:00:00Z,Tilt1,Oki02,13,1.2043333333333333,99.873,-0.21266666666666667,1.1281666666666668,0.012043333333333333,-0.002126666666666667,0.011281666666666667
2025-08-06T12:00:00Z,Tilt2,Oki03,42,0.4756666666666667,221.1805,-0.1,-0.18033333333333335,0.004756666666666667,-0.001,-0.0018033333333333334
2025-08-06T12:00:00Z,Tilt3,Oki04,50,1.4463333333333332,72.152,0.457,1.0475,0.014463333333333333,0.00457,0.010475
2025-08-06T12:00:00Z,Tilt4,Oki07,0,3.0416666666666665,186.257,-0.6103333333333333,0.19586111111111112,0.030416666666666668,-0.006103333333333333,0.0019586111111111115
2025-08-06T12:00:00Z,Tilt5,Oki09,28,1.035,304.61333333333334,0.75216666666666665,-0.6413333333333333,0.01035,0.007521666666666667,-0.006413333333333333
2025-08-06T12:00:00Z,Tilt6,Oki11,0,0.5631666666666667,179.63466666666667,0.26666666666666666,-0.07983333333333333,0.005631666666666667,0.0026666666666666666,-7.983333333333333e-4
2025-08-06T12:00:00Z,Tilt7,Oki15,0,1.45115,190.7664388888889,-0.349125,0.06873333333333333,0.0145115,-0.00349125,6.873333333333333e-4
2025-08-06T12:00:00Z,Tilt8,Oki14,0,10.978222222222222,209.16666666666666,-9.467222222222222,-5.228611111111111,0.10978222222222223,-0.09467222222222223,-0.05228611111111111
2025-08-06T13:00:00Z,Tilt1,Oki02,13,1.37,110.8355,-0.47933333333333333,1.2441666666666666,0.0137,-0.0047933333333333335,0.012441666666666667
2025-08-06T13:00:00Z,Tilt2,Oki03,42,0.4151666666666667,175.54883333333333,-0.25383333333333336,0.086,0.004151666666666667,-0.0025383333333333334,8.6e-4
2025-08-06T13:00:00Z,Tilt3,Oki04,50,1.3275,212.557,0.8028333333333333,-0.5033333333333333,0.013275,0.008028333333333334,-0.005033333333333333
2025-08-06T13:00:00Z,Tilt4,Oki07,0,4.511527777777777,195.84611111111113,-3.152361111111111,-0.7805555555555556,0.045115277777777775,-0.03152361111111111,-0.007805555555555556
2025-08-06T13:00:00Z,Tilt5,Oki09,28,2.1241666666666665,180.21083333333334,0.7625,0.7243333333333333,0.021241666666666666,0.007625,0.007243333333333333
2025-08-06T13:00:00Z,Tilt6,Oki11,0,0.8988333333333334,197.19483333333332,0.34450000000000003,0.050166666666666665,0.008988333333333333,0.003445,5.016666666666666e-4
2025-08-06T13:00:00Z,Tilt7,Oki15,0,1.3851638888888889,189.68150277777778,-0.35908055555555557,0.12001111111111111,0.013851638888888889,-0.0035908055555555554,0.0012001111111111112
2025-08-06T13:00:00Z,Tilt8,Oki14,0,4.908611111111111,222.87911111111111,-3.2426666666666666,-3.3209444444444443,0.049086111111111115,-0.032426666666666666,-0.033209444444444444
2025-08-06T14:00:00Z,Tilt1,Oki02,13,1.1175,113.7205,-0.44766666666666666,0.9806666666666667,0.011175000000000001,-0.004476666666666667,0.009806666666666667
2025-08-06T14:00:00Z,Tilt2,Oki03,42,0.4861666666666667,241.65383333333332,-0.09416666666666666,-0.33116666666666666,0.004861666666666667,-9.416666666666666e-4,-0.0033116666666666668
2025-08-06T14:00:00Z,Tilt3,Oki04,50,2.391,251.65733333333333,1.3246666666666667,-1.5158333333333334,0.02391,0.013246666666666667,-0.015158333333333333
2025-08-06T14:00:00Z,Tilt4,Oki07,0,8.69125,184.98741666666666,-7.757694444444445,-0.5376111111111112,0.0869125,-0.07757694444444445,-0.005376111111111111
2025-08-06T14:00:00Z,Tilt5,Oki09,28,3.8503333333333334,112.39316666666667,-1.1573333333333333,3.2325,0.038503333333333334,-0.011573333333333333,0.032325
2025-08-06T14:00:00Z,Tilt6,Oki11,0,0.925,238.12683333333334,0.7193333333333334,-0.2505,0.00925,0.007193333333333334,-0.002505
2025-08-06T14:00:00Z,Tilt7,Oki15,0,1.3802972222222223,196.65132499999999,-0.2976361111111111,-0.017763888888888888,0.013802972222222222,-0.002976361111111111,-1.776388888888889e-4
2025-08-06T14:00:00Z,Tilt8,Oki14,0,3.0176666666666665,94.31461111111112,0.8502777777777778,2.4209444444444443,0.030176666666666668,0.008502777777777778,0.024209444444444447
2025-08-06T15:00:00Z,Tilt1,Oki02,13,1.072,111.28966666666666,-0.4048333333333333,0.9421666666666667,0.01072,-0.0040483333333333335,0.009421666666666667
2025-08-06T15:00:00Z,Tilt2,Oki03,42,0.9775,259.65333333333336,-0.1025,-0.9298333333333333,0.009775,-0.001025,-0.009298333333333334
2025-08-06T15:00:00Z,Tilt3,Oki04,50,1.9111666666666667,241.9045,1.2323333333333333,-0.9705,0.019111666666666666,0.012323333333333334,-0.009705
2025-08-06T15:00:00Z,Tilt4,Oki07,0,10.342916666666667,189.0306111111111,-9.183361111111111,-1.2181666666666666,0.10342916666666667,-0.09183361111111112,-0.012181666666666667
2025-08-06T15:00:00Z,Tilt5,Oki09,28,1.4051666666666667,159.22516666666667,0.8438333333333333,0.355,0.014051666666666667,0.008438333333333334,0.00355
2025-08-06T15:00:00Z,Tilt6,Oki11,0,0.6038333333333333,271.1868333333333,0.29583333333333334,-0.4355,0.006038333333333334,0.0029583333333333336,-0.004355
2025-08-06T15:00:00Z,Tilt7,Oki15,0,1.3631222222222221,186.3568388888889,-0.510625,0.1277111111111111,0.013631222222222223,-0.00510625,0.0012771111111111112
2025-08-06T15:00:00Z,Tilt8,Oki14,0,2.0028888888888887,206.34827777777778,0.5977222222222223,-0.6226666666666667,0.02002888888888889,0.005977222222222222,-0.006226666666666667
2025-08-06T16:00:00Z,Tilt1,Oki02,13,1.1791666666666667,129.99533333333332,-0.7376666666666667,0.8758333333333334,0.011791666666666667,-0.007376666666666667,0.008758333333333333
2025-08-06T16:00:00Z,Tilt2,Oki03,42,0.404,225.15183333333334,-0.0595,-0.21266666666666667,0.00404,-5.95e-4,-0.0021266666666666665
2025-08-06T16:00:00Z,Tilt3,Oki04,50,3.180833333333333,302.9773333333333,1.8781666666666665,-2.2875,0.031808333333333334,0.018781666666666665,-0.022875
2025-08-06T16:00:00Z,Tilt4,Oki07,0,10.539333333333333,193.99141666666668,-9.156694444444444,-2.3040555555555557,0.10539333333333334,-0.09156694444444445,-0.023040555555555557
2025-08-06T16:00:00Z,Tilt5,Oki09,28,1.3538333333333334,302.06333333333333,0.6943333333333334,-1.0918333333333334,0.013538333333333335,0.0069433333333333335,-0.010918333333333334
2025-08-06T16:00:00Z,Tilt6,Oki11,0,0.5038333333333334,245.86916666666667,0.18333333333333335,-0.3225,0.005038333333333333,0.0018333333333333335,-0.003225
2025-08-06T16:00:00Z,Tilt7,Oki15,0,1.380525,188.34031666666667,-0.7445333333333334,0.03398611111111111,0.01380525,-0.007445333333333333,3.398611111111111e-4
2025-08-06T16:00:00Z,Tilt8,Oki14,0,3.4907222222222223,251.3117777777778,-0.7786111111111111,-2.710722222222222,0.03490722222222222,-0.007786111111111112,-0.027107222222222224
2025-08-06T17:00:00Z,Tilt1,Oki02,13,1.0243333333333333,120.2685,-0.35483333333333333,0.8421666666666666,0.010243333333333333,-0.0035483333333333335,0.008421666666666668
2025-08-06T17:00:00Z,Tilt2,Oki03,42,0.3606666666666667,241.37883333333335,0.007000000000000001,-0.16116666666666668,0.003606666666666667,7.000000000000002e-5,-0.0016116666666666666
2025-08-06T17:00:00Z,Tilt3,Oki04,50,5.416666666666667,292.4456666666667,2.203,-4.7225,0.05416666666666667,0.02203,-0.047225
2025-08-06T17:00:00Z,Tilt4,Oki07,0,8.911388888888888,199.2548611111111,-7.098222222222223,-2.424027777777778,0.0891138888888889,-0.07098222222222222,-0.024240277777777777
2025-08-06T17:00:00Z,Tilt5,Oki09,28,1.2475,284.6061666666667,0.4513333333333333,-1.0385,0.012475,0.004513333333333334,-0.010385
2025-08-06T17:00:00Z,Tilt6,Oki11,0,0.29383333333333334,222.6475,-0.015333333333333334,-0.08933333333333333,0.0029383333333333336,-1.5333333333333334e-4,-8.933333333333333e-4
2025-08-06T17:00:00Z,Tilt7,Oki15,0,1.4989944444444445,184.682275,-1.1104222222222222,0.016616666666666665,0.014989944444444445,-0.011104222222222222,1.6616666666666662e-4
2025-08-06T17:00:00Z,Tilt8,Oki14,0,9.195444444444444,222.51344444444445,-6.784666666666666,-4.844444444444444,0.09195444444444445,-0.06784666666666667,-0.04844444444444444
2025-08-06T18:00:00Z,Tilt1,Oki02,13,1.166,111.36133333333333,-0.4191666666666667,1.024,0.01166,-0.0041916666666666665,0.01024
2025-08-06T18:00:00Z,Tilt2,Oki03,42,0.3345,231.48016666666666,0.019333333333333334,-0.17,0.003345,1.9333333333333333e-4,-0.0017000000000000001
2025-08-06T18:00:00Z,Tilt3,Oki04,50,4.634,302.83183333333335,2.2123333333333335,-3.8386666666666667,0.04634,0.022123333333333335,-0.038386666666666666
2025-08-06T18:00:00Z,Tilt4,Oki07,0,6.039583333333334,202.85216666666668,-3.9640555555555554,-1.7105555555555556,0.060395833333333336,-0.039640555555555554,-0.017105555555555558
2025-08-06T18:00:00Z,Tilt5,Oki09,28,1.1355,299.29333333333335,0.5395,-0.886,0.011355,0.0053950000000000005,-0.00886
2025-08-06T18:00:00Z,Tilt6,Oki11,0,1.3673333333333333,284.8055,0.2675,-1.2336666666666667,0.013673333333333334,0.002675,-0.012336666666666668
2025-08-06T18:00:00Z,Tilt7,Oki15,0,1.2987666666666666,186.22259444444444,-0.8043972222222222,0.06940555555555555,0.012987666666666666,-0.008043972222222223,6.940555555555556e-4
2025-08-06T18:00:00Z,Tilt8,Oki14,0,3.8875555555555557,230.98566666666667,-1.110111111111111,-2.5409444444444444,0.03887555555555556,-0.011101111111111112,-0.025409444444444446
2025-08-06T19:00:00Z,Tilt1,Oki02,13,0.985,159.14283333333333,0.27566666666666667,0.3006666666666667,0.00985,0.002756666666666667,0.0030066666666666666
2025-08-06T19:00:00Z,Tilt2,Oki03,42,0.3953333333333333,224.81033333333332,-0.08883333333333333,-0.25566666666666665,0.003953333333333333,-8.883333333333333e-4,-0.0025566666666666667
2025-08-06T19:00:00Z,Tilt3,Oki04,50,2.9058333333333333,292.48216666666667,1.7133333333333334,-2.0295,0.029058333333333335,0.017133333333333334,-0.020295
2025-08-06T19:00:00Z,Tilt4,Oki07,0,6.254833333333333,205.37241666666668,-4.277666666666667,-1.9125555555555556,0.06254833333333333,-0.042776666666666664,-0.019125555555555555
2025-08-06T19:00:00Z,Tilt5,Oki09,28,1.346,313.4075,0.9151666666666667,-0.9668333333333333,0.01346,0.009151666666666667,-0.009668333333333334
2025-08-06T19:00:00Z,Tilt6,Oki11,0,1.25,249.29283333333333,-0.26716666666666666,-1.0258333333333334,0.0125,-0.002671666666666667,-0.010258333333333333
2025-08-06T19:00:00Z,Tilt7,Oki15,0,1.1006833333333332,188.23922222222222,-0.4860638888888889,0.081775,0.011006833333333334,-0.004860638888888889,8.1775e-4
2025-08-06T19:00:00Z,Tilt8,Oki14,0,1.8262777777777777,173.7796111111111,0.8686666666666667,0.5254444444444445,0.018262777777777777,0.008686666666666667,0.005254444444444444
2025-08-06T20:00:00Z,Tilt1,Oki02,13,0.7891666666666667,149.13966666666667,-0.1845,0.308,0.007891666666666667,-0.001845,0.00308
2025-08-06T20:00:00Z,Tilt2,Oki03,42,0.5205,247.14933333333335,-0.09983333333333333,-0.4231666666666667,0.005205,-9.983333333333333e-4,-0.0042316666666666666
2025-08-06T20:00:00Z,Tilt3,Oki04,50,1.9736666666666667,289.88733333333334,1.5191666666666668,-1.0218333333333334,0.019736666666666666,0.015191666666666668,-0.010218333333333333
2025-08-06T20:00:00Z,Tilt4,Oki07,0,4.069333333333334,223.84419444444444,-1.8346111111111112,-2.2583055555555553,0.04069333333333333,-0.01834611111111111,-0.022583055555555558
2025-08-06T20:00:00Z,Tilt5,Oki09,28,1.8803333333333334,259.79133333333334,-0.07,-1.0003333333333333,0.018803333333333335,-7.000000000000002e-4,-0.010003333333333333
2025-08-06T20:00:00Z,Tilt6,Oki11,0,1.284,249.51366666666667,-0.16433333333333333,-1.0856666666666666,0.01284,-0.0016433333333333335,-0.010856666666666667
2025-08-06T20:00:00Z,Tilt7,Oki15,0,1.0332666666666666,187.28445833333333,-0.4691972222222222,0.08729166666666667,0.010332666666666667,-0.004691972222222222,8.729166666666667e-4
2025-08-06T20:00:00Z,Tilt8,Oki14,0,1.6048333333333333,84.34427777777778,0.4156111111111111,1.3909444444444443,0.016048333333333335,0.004156111111111111,0.013909444444444445
2025-08-06T21:00:00Z,Tilt1,Oki02,13,1.1725,117.21466666666667,-0.5215,0.8681666666666666,0.011725000000000001,-0.005215,0.008681666666666667
2025-08-06T21:00:00Z,Tilt2,Oki03,42,0.42433333333333334,232.56166666666667,-0.19666666666666666,-0.25616666666666665,0.004243333333333333,-0.001966666666666667,-0.0025616666666666665
2025-08-06T21:00:00Z,Tilt3,Oki04,50,2.017333333333333,234.64333333333335,1.83,-0.45916666666666667,0.020173333333333335,0.0183,-0.004591666666666667
2025-08-06T21:00:00Z,Tilt4,Oki07,0,4.0875,265.30663888888887,1.8979444444444444,-2.66325,0.040875,0.018979444444444445,-0.0266325
2025-08-06T21:00:00Z,Tilt5,Oki09,28,1.8261666666666667,315.5745,1.2883333333333333,-1.2616666666666667,0.018261666666666666,0.012883333333333333,-0.012616666666666667
2025-08-06T21:00:00Z,Tilt6,Oki11,0,0.5821666666666666,207.51883333333333,-0.30683333333333335,-0.18333333333333332,0.005821666666666667,-0.0030683333333333335,-0.0018333333333333333
2025-08-06T21:00:00Z,Tilt7,Oki15,0,1.0248472222222222,186.51524444444445,-0.5726361111111111,0.06695833333333333,0.010248472222222223,-0.005726361111111111,6.695833333333333e-4
2025-08-06T21:00:00Z,Tilt8,Oki14,0,2.7484444444444445,84.00277777777778,0.29544444444444445,2.6430555555555557,0.027484444444444447,0.0029544444444444444,0.026430555555555558
2025-08-06T22:00:00Z,Tilt1,Oki02,13,1.198,125.9505,-0.606,0.8828333333333334,0.01198,-0.00606,0.008828333333333334
2025-08-06T22:00:00Z,Tilt2,Oki03,42,0.4,213.77933333333334,-0.19366666666666668,-0.17133333333333334,0.004,-0.0019366666666666668,-0.0017133333333333334
2025-08-06T22:00:00Z,Tilt3,Oki04,50,1.7658333333333334,185.34916666666666,1.5148333333333333,-0.09116666666666667,0.017658333333333335,0.015148333333333333,-9.116666666666667e-4
2025-08-06T22:00:00Z,Tilt4,Oki07,0,4.552611111111111,203.75758333333334,3.8578888888888887,-0.1902222222222222,0.045526111111111114,0.03857888888888889,-0.001902222222222222
2025-08-06T22:00:00Z,Tilt5,Oki09,28,1.2816666666666667,282.82483333333334,0.3378333333333333,-0.9248333333333334,0.012816666666666667,0.0033783333333333334,-0.009248333333333334
2025-08-06T22:00:00Z,Tilt6,Oki11,0,0.38916666666666666,205.514,-0.19366666666666665,-0.115,0.0038916666666666665,-0.0019366666666666668,-0.00115
2025-08-06T22:00:00Z,Tilt7,Oki15,0,1.1467222222222222,186.57325277777778,-0.5852333333333334,0.06713333333333334,0.011467222222222222,-0.0058523333333333335,6.713333333333334e-4
2025-08-06T22:00:00Z,Tilt8,Oki14,0,1.0082222222222221,99.8845,0.074,0.7507777777777778,0.010082222222222223,7.400000000000001e-4,0.007507777777777778
2025-08-06T23:00:00Z,Tilt1,Oki02,13,1.1125,107.348,-0.3421666666666667,0.9805,0.011125,-0.0034216666666666666,0.009805
2025-08-06T23:00:00Z,Tilt2,Oki03,42,0.36833333333333335,220.3165,-0.1645,-0.11766666666666667,0.0036833333333333336,-0.001645,-0.0011766666666666666
2025-08-06T23:00:00Z,Tilt3,Oki04,50,1.4003333333333334,60.423833333333334,0.671,1.048,0.014003333333333335,0.00671,0.01048
2025-08-06T23:00:00Z,Tilt4,Oki07,0,4.541805555555555,168.43669444444444,3.941777777777778,0.3123888888888889,0.04541805555555556,0.03941777777777778,0.0031238888888888887
2025-08-06T23:00:00Z,Tilt5,Oki09,28,2.1518333333333333,319.5776666666667,1.6293333333333333,-1.379,0.021518333333333334,0.016293333333333333,-0.01379
2025-08-06T23:00:00Z,Tilt6,Oki11,0,0.4226666666666667,218.09366666666668,-0.23650000000000002,-0.18383333333333332,0.004226666666666667,-0.002365,-0.0018383333333333333
2025-08-06T23:00:00Z,Tilt7,Oki15,0,1.1659,185.53338055555557,-0.5917333333333333,0.08763333333333333,0.011659000000000001,-0.0059173333333333335,8.763333333333333e-4
2025-08-06T23:00:00Z,Tilt8,Oki14,0,0.8517222222222223,133.49272222222223,-0.015444444444444448,0.4493888888888889,0.008517222222222223,-1.544444444444445e-4,0.004493888888888889
2025-08-07T00:00:00Z,Tilt1,Oki02,13,1.1755,108.89183333333334,-0.3686666666666667,1.0793333333333333,0.011755,-0.0036866666666666667,0.010793333333333334
2025-08-07T00:00:00Z,Tilt2,Oki03,42,0.42933333333333334,189.30866666666665,-0.1925,-0.013166666666666669,0.004293333333333333,-0.001925,-1.3166666666666665e-4
2025-08-07T00:00:00Z,Tilt3,Oki04,50,1.8543333333333334,59.0745,0.9148333333333334,1.3906666666666667,0.018543333333333332,0.009148333333333333,0.013906666666666666
2025-08-07T00:00:00Z,Tilt4,Oki07,0,3.9416944444444444,171.0115,2.885388888888889,0.6734166666666667,0.03941694444444444,0.02885388888888889,0.006734166666666667
2025-08-07T00:00:00Z,Tilt5,Oki09,28,1.3893333333333333,312.92033333333336,0.9176666666666666,-0.9775,0.013893333333333334,0.009176666666666666,-0.009775
2025-08-07T00:00:00Z,Tilt6,Oki11,0,0.3496666666666667,204.13066666666666,-0.18833333333333332,-0.06333333333333334,0.0034966666666666666,-0.0018833333333333334,-6.333333333333333e-4
2025-08-07T00:00:00Z,Tilt7,Oki15,0,1.2993611111111112,189.34228333333334,-0.4482027777777778,0.07395277777777778,0.012993611111111112,-0.0044820277777777775,7.395277777777779e-4
2025-08-07T00:00:00Z,Tilt8,Oki14,0,0.8728888888888889,169.67366666666666,-0.4429444444444444,0.09644444444444446,0.008728888888888888,-0.004429444444444444,9.644444444444445e-4
2025-08-07T01:00:00Z,Tilt1,Oki02,13,1.5281666666666667,90.62566666666666,-0.023166666666666665,1.481,0.015281666666666667,-2.316666666666666e-4,0.01481
2025-08-07T01:00:00Z,Tilt2,Oki03,42,0.397,214.514,-0.16466666666666666,-0.12416666666666668,0.0039700000000000004,-0.0016466666666666667,-0.0012416666666666667
2025-08-07T01:00:00Z,Tilt3,Oki04,50,1.7863333333333333,54.30866666666667,1.0776666666666668,1.2663333333333333,0.017863333333333335,0.010776666666666667,0.012663333333333334
2025-08-07T01:00:00Z,Tilt4,Oki07,0,2.6780833333333334,177.31280555555554,1.3534722222222222,0.4477777777777778,0.026780833333333334,0.013534722222222222,0.004477777777777778
2025-08-07T01:00:00Z,Tilt5,Oki09,28,2.343,319.71616666666665,1.8145,-1.4146666666666667,0.02343,0.018145,-0.014146666666666667
2025-08-07T01:00:00Z,Tilt6,Oki11,0,0.3011666666666667,194.6735,-0.05466666666666667,-0.07333333333333333,0.003011666666666667,-5.466666666666668e-4,-7.333333333333333e-4
2025-08-07T01:00:00Z,Tilt7,Oki15,0,1.2212527777777777,187.86649444444444,-0.42081944444444447,0.10696111111111112,0.012212527777777779,-0.004208194444444445,0.0010696111111111112
2025-08-07T01:00:00Z,Tilt8,Oki14,0,2.7454444444444444,219.56283333333334,-1.640111111111111,-1.7766111111111111,0.027454444444444445,-0.016401111111111113,-0.01776611111111111
2025-08-07T02:00:00Z,Tilt1,Oki02,13,1.3048333333333333,101.61366666666667,-0.22516666666666665,1.2365,0.013048333333333334,-0.0022516666666666666,0.012365000000000001
2025-08-07T02:00:00Z,Tilt2,Oki03,42,0.4036666666666667,231.60566666666668,-0.1935,-0.2776666666666667,0.004036666666666667,-0.001935,-0.002776666666666667
2025-08-07T02:00:00Z,Tilt3,Oki04,50,1.6538333333333333,65.5465,0.678,1.3315,0.016538333333333335,0.00678,0.013315
2025-08-07T02:00:00Z,Tilt4,Oki07,0,2.1949722222222223,225.26125,-0.30233333333333334,-0.6981111111111111,0.02194972222222222,-0.0030233333333333336,-0.0069811111111111115
2025-08-07T02:00:00Z,Tilt5,Oki09,28,2.5401666666666665,190.8885,0.8891666666666667,1.0868333333333333,0.025401666666666666,0.008891666666666668,0.010868333333333334
2025-08-07T02:00:00Z,Tilt6,Oki11,0,0.526,193.32933333333332,-0.1235,0.16166666666666668,0.00526,-0.001235,0.0016166666666666666
2025-08-07T02:00:00Z,Tilt7,Oki15,0,1.1258277777777779,193.54921666666667,-0.29559722222222223,0.013922222222222223,0.011258277777777779,-0.0029559722222222222,1.3922222222222225e-4
2025-08-07T02:00:00Z,Tilt8,Oki14,0,5.077333333333334,218.47355555555555,-3.737888888888889,-2.9389444444444446,0.05077333333333334,-0.03737888888888889,-0.029389444444444444
2025-08-07T03:00:00Z,Tilt1,Oki02,13,1.1236666666666666,123.236,-0.5825,0.8331666666666667,0.011236666666666667,-0.005825,0.008331666666666666
2025-08-07T03:00:00Z,Tilt2,Oki03,42,0.553,247.48733333333334,-0.12266666666666667,-0.4816666666666667,0.00553,-0.0012266666666666667,-0.004816666666666667
2025-08-07T03:00:00Z,Tilt3,Oki04,50,1.0065,72.82616666666667,0.5741666666666667,0.5963333333333334,0.010065000000000001,0.005741666666666667,0.0059633333333333335
2025-08-07T03:00:00Z,Tilt4,Oki07,0,2.4834722222222223,221.16244444444445,-0.99175,-1.0437777777777777,0.024834722222222223,-0.0099175,-0.010437777777777778
2025-08-07T03:00:00Z,Tilt5,Oki09,28,2.5068333333333332,174.45816666666667,0.331,1.3719999999999999,0.025068333333333335,0.00331,0.01372
2025-08-07T03:00:00Z,Tilt6,Oki11,0,0.386,226.7975,0.16233333333333333,-0.12166666666666666,0.00386,0.0016233333333333334,-0.0012166666666666667
2025-08-07T03:00:00Z,Tilt7,Oki15,0,1.1436694444444444,190.34785,-0.389575,0.05841111111111111,0.011436694444444446,-0.00389575,5.841111111111111e-4
2025-08-07T03:00:00Z,Tilt8,Oki14,0,6.8229444444444445,222.5195,-4.772777777777778,-4.574055555555556,0.06822944444444444,-0.04772777777777778,-0.045740555555555555
2025-08-07T04:00:00Z,Tilt1,Oki02,13,1.1635,148.81783333333334,-0.9316666666666666,0.5338333333333334,0.011635,-0.009316666666666668,0.005338333333333334
2025-08-07T04:00:00Z,Tilt2,Oki03,42,0.39716666666666667,229.11866666666666,-0.186,-0.276,0.003971666666666667,-0.0018600000000000001,-0.00276
2025-08-07T04:00:00Z,Tilt3,Oki04,50,1.1456666666666666,197.80483333333333,0.9261666666666667,-0.078,0.011456666666666667,0.009261666666666666,-7.8e-4
2025-08-07T04:00:00Z,Tilt4,Oki07,0,2.8278055555555555,211.43430555555557,-1.8364444444444445,-0.9356111111111111,0.028278055555555556,-0.018364444444444444,-0.009356111111111112
2025-08-07T04:00:00Z,Tilt5,Oki09,28,2.6856666666666666,99.06783333333333,-0.2906666666666667,2.2715,0.026856666666666668,-0.002906666666666667,0.022715
2025-08-07T04:00:00Z,Tilt6,Oki11,0,0.4156666666666667,216.355,0.14483333333333334,-0.11283333333333333,0.004156666666666667,0.0014483333333333334,-0.0011283333333333334
2025-08-07T04:00:00Z,Tilt7,Oki15,0,1.244425,192.128775,-0.3334333333333333,0.06483333333333334,0.01244425,-0.0033343333333333332,6.483333333333333e-4
2025-08-07T04:00:00Z,Tilt8,Oki14,0,10.747944444444444,205.49433333333334,-9.543944444444444,-4.19,0.10747944444444445,-0.09543944444444445,-0.0419
2025-08-07T05:00:00Z,Tilt1,Oki02,13,1.0125,128.38066666666666,-0.6018333333333333,0.6988333333333333,0.010125,-0.006018333333333333,0.006988333333333333
2025-08-07T05:00:00Z,Tilt2,Oki03,42,0.36533333333333334,225.72616666666667,-0.16833333333333333,-0.19116666666666668,0.0036533333333333335,-0.0016833333333333333,-0.0019116666666666668
2025-08-07T05:00:00Z,Tilt3,Oki04,50,2.7655,274.428,1.9313333333333333,-1.648,0.027655,0.019313333333333335,-0.01648
2025-08-07T05:00:00Z,Tilt4,Oki07,0,2.316388888888889,217.26461111111112,-1.1450277777777778,-0.6931944444444444,0.02316388888888889,-0.011450277777777778,-0.006931944444444445
2025-08-07T05:00:00Z,Tilt5,Oki09,28,3.0271666666666666,96.94066666666667,-0.5596666666666666,2.5551666666666666,0.03027166666666667,-0.0055966666666666665,0.025551666666666667
2025-08-07T05:00:00Z,Tilt6,Oki11,0,0.31383333333333335,207.186,-0.058666666666666666,-0.012333333333333337,0.0031383333333333333,-5.866666666666667e-4,-1.2333333333333334e-4
2025-08-07T05:00:00Z,Tilt7,Oki15,0,1.2586222222222223,193.13763055555555,-0.3414083333333333,0.039969444444444446,0.012586222222222223,-0.003414083333333333,3.996944444444445e-4
2025-08-07T05:00:00Z,Tilt8,Oki14,0,10.387611111111111,212.75922222222223,-8.156611111111111,-4.629277777777777,0.10387611111111111,-0.08156611111111112,-0.04629277777777778
2025-08-07T06:00:00Z,Tilt1,Oki02,13,1.1853333333333333,122.13816666666666,-0.597,0.9398333333333333,0.011853333333333334,-0.0059700000000000005,0.009398333333333333
2025-08-07T06:00:00Z,Tilt2,Oki03,42,0.46,177.088,-0.226,0.06966666666666667,0.0046,-0.00226,6.966666666666666e-4
2025-08-07T06:00:00Z,Tilt3,Oki04,50,4.733666666666667,291.39383333333336,2.4683333333333333,-3.758,0.047336666666666666,0.024683333333333335,-0.03758
2025-08-07T06:00:00Z,Tilt4,Oki07,0,1.984361111111111,219.42038888888888,-0.7188611111111112,-0.6325555555555555,0.01984361111111111,-0.007188611111111111,-0.006325555555555556
2025-08-07T06:00:00Z,Tilt5,Oki09,28,1.1833333333333333,99.655,0.3213333333333333,0.76,0.011833333333333333,0.0032133333333333332,0.0076
2025-08-07T06:00:00Z,Tilt6,Oki11,0,0.3908333333333333,193.93933333333334,-0.11933333333333333,-0.0135,0.003908333333333333,-0.0011933333333333334,-1.3500000000000003e-4
2025-08-07T06:00:00Z,Tilt7,Oki15,0,1.4009111111111112,189.3854861111111,-0.5130750000000001,0.0810111111111111,0.014009111111111111,-0.00513075,8.101111111111112e-4
2025-08-07T06:00:00Z,Tilt8,Oki14,0,6.590388888888889,268.75811111111113,0.3217222222222222,-5.374833333333333,0.06590388888888889,0.003217222222222222,-0.053748333333333335
2025-08-07T07:00:00Z,Tilt1,Oki02,13,1.2465,109.12650000000001,-0.30183333333333334,1.0415,0.012465,-0.0030183333333333334,0.010415
2025-08-07T07:00:00Z,Tilt2,Oki03,42,0.38816666666666666,188.07383333333334,-0.22216666666666668,-0.023666666666666666,0.0038816666666666665,-0.002221666666666667,-2.366666666666667e-4
2025-08-07T07:00:00Z,Tilt3,Oki04,50,2.2411666666666665,157.04533333333333,1.259,-0.32766666666666666,0.022411666666666667,0.01259,-0.0032766666666666664
2025-08-07T07:00:00Z,Tilt4,Oki07,0,4.046333333333333,204.1123611111111,-3.21975,-1.1297222222222223,0.04046333333333334,-0.032197500000000004,-0.011297222222222222
2025-08-07T07:00:00Z,Tilt5,Oki09,28,1.071,310.574,0.8744999999999999,-0.5246666666666666,0.01071,0.008745,-0.005246666666666667
2025-08-07T07:00:00Z,Tilt6,Oki11,0,0.6303333333333333,207.9835,-0.41100000000000003,-0.09016666666666667,0.0063033333333333335,-0.00411,-9.016666666666667e-4
2025-08-07T07:00:00Z,Tilt7,Oki15,0,1.4996583333333333,187.12618055555555,-0.6800666666666667,0.11145277777777778,0.014996583333333334,-0.006800666666666667,0.0011145277777777779
2025-08-07T07:00:00Z,Tilt8,Oki14,0,6.544,84.529,3.157,5.4462222222222225,0.06544,0.03157,0.054462222222222224
2025-08-07T08:00:00Z,Tilt1,Oki02,13,1.0748333333333333,136.14416666666668,-0.5556666666666666,0.515,0.010748333333333334,-0.005556666666666667,0.00515
2025-08-07T08:00:00Z,Tilt2,Oki03,42,0.44633333333333336,214.73016666666666,-0.18683333333333332,-0.188,0.004463333333333333,-0.0018683333333333334,-0.00188
2025-08-07T08:00:00Z,Tilt3,Oki04,50,1.764,75.70966666666666,0.43583333333333335,1.4498333333333333,0.01764,0.004358333333333333,0.014498333333333334
2025-08-07T08:00:00Z,Tilt4,Oki07,0,4.832916666666667,200.12744444444445,-4.0697222222222225,-1.202388888888889,0.048329166666666666,-0.040697222222222225,-0.01202388888888889
2025-08-07T08:00:00Z,Tilt5,Oki09,28,1.3693333333333333,262.3396666666667,-0.37583333333333335,-0.6234999999999999,0.013693333333333333,-0.0037583333333333336,-0.006235
2025-08-07T08:00:00Z,Tilt6,Oki11,0,0.5913333333333334,230.69050000000001,-0.20233333333333334,-0.26083333333333336,0.005913333333333334,-0.0020233333333333336,-0.0026083333333333336
2025-08-07T08:00:00Z,Tilt7,Oki15,0,1.582375,188.3392638888889,-0.5705055555555556,0.1617638888888889,0.01582375,-0.005705055555555555,0.001617638888888889
2025-08-07T08:00:00Z,Tilt8,Oki14,0,9.630555555555556,62.64061111111111,4.3629444444444445,8.450388888888888,0.09630555555555556,0.04362944444444444,0.08450388888888889
2025-08-07T09:00:00Z,Tilt1,Oki02,13,1.3586666666666667,112.83516666666667,-0.5625,1.1198333333333332,0.013586666666666667,-0.005625,0.011198333333333334
2025-08-07T09:00:00Z,Tilt2,Oki03,42,0.44183333333333336,205.02516666666668,-0.18283333333333335,-0.06316666666666666,0.004418333333333333,-0.0018283333333333333,-6.316666666666667e-4
2025-08-07T09:00:00Z,Tilt3,Oki04,50,1.9171666666666667,69.69066666666667,1.071,1.3363333333333334,0.019171666666666667,0.01071,0.013363333333333333
2025-08-07T09:00:00Z,Tilt4,Oki07,0,2.4335555555555555,196.09575,0.3141666666666667,-0.09797222222222222,0.024335555555555555,0.003141666666666667,-9.79722222222222e-4
2025-08-07T09:00:00Z,Tilt5,Oki09,28,1.1755,191.90833333333333,-0.6128333333333333,-0.03216666666666666,0.011755,-0.006128333333333334,-3.216666666666667e-4
2025-08-07T09:00:00Z,Tilt6,Oki11,0,0.6068333333333333,242.62183333333334,-0.06983333333333333,-0.36183333333333334,0.0060683333333333336,-6.983333333333332e-4,-0.0036183333333333336
2025-08-07T09:00:00Z,Tilt7,Oki15,0,1.6523666666666668,192.6549222222222,-0.4467888888888889,0.10704999999999999,0.016523666666666666,-0.004467888888888889,0.0010705
2025-08-07T09:00:00Z,Tilt8,Oki14,0,2.8119444444444444,179.33655555555555,0.0036111111111111305,-1.2902777777777779,0.028119444444444443,3.61111111111113e-5,-0.012902777777777779
2025-08-07T10:00:00Z,Tilt1,Oki02,13,1.6475,85.5995,0.14683333333333334,1.522,0.016475,0.0014683333333333334,0.015220000000000001
2025-08-07T10:00:00Z,Tilt2,Oki03,42,0.5625,191.522,-0.22516666666666665,0.092,0.005625,-0.0022516666666666666,9.2e-4
2025-08-07T10:00:00Z,Tilt3,Oki04,50,1.8078333333333334,62.772999999999996,0.8748333333333334,1.2836666666666667,0.018078333333333335,0.008748333333333334,0.012836666666666666
2025-08-07T10:00:00Z,Tilt4,Oki07,0,6.364333333333334,129.99061111111112,5.754277777777777,1.234138888888889,0.06364333333333333,0.057542777777777776,0.01234138888888889
2025-08-07T10:00:00Z,Tilt5,Oki09,28,0.9606666666666667,245.31433333333334,-0.26,-0.449,0.009606666666666666,-0.0026,-0.00449
2025-08-07T10:00:00Z,Tilt6,Oki11,0,0.498,195.73316666666668,-0.1675,-0.07533333333333334,0.00498,-0.001675,-7.533333333333334e-4
2025-08-07T10:00:00Z,Tilt7,Oki15,0,1.688013888888889,187.97334166666667,-0.4681472222222222,0.1907111111111111,0.01688013888888889,-0.004681472222222222,0.0019071111111111112
2025-08-07T10:00:00Z,Tilt8,Oki14,0,3.447111111111111,218.34422222222221,-2.4202222222222223,-1.6807777777777777,0.03447111111111111,-0.024202222222222222,-0.01680777777777778
2025-08-07T11:00:00Z,Tilt1,Oki02,13,1.3293333333333333,96.64866666666667,-0.12266666666666667,1.2221666666666666,0.013293333333333334,-0.0012266666666666667,0.012221666666666667
2025-08-07T11:00:00Z,Tilt2,Oki03,42,0.768,167.36733333333333,-0.3421666666666667,0.30933333333333335,0.00768,-0.0034216666666666666,0.0030933333333333334
2025-08-07T11:00:00Z,Tilt3,Oki04,50,1.9273333333333333,59.94683333333333,1.0306666666666666,1.3255,0.019273333333333333,0.010306666666666667,0.013255
2025-08-07T11:00:00Z,Tilt4,Oki07,0,10.275611111111111,104.55055555555555,9.427027777777777,2.4713333333333334,0.10275611111111112,0.09427027777777779,0.024713333333333334
2025-08-07T11:00:00Z,Tilt5,Oki09,28,0.8576666666666667,279.4538333333333,0.5521666666666667,-0.4885,0.008576666666666666,0.005521666666666667,-0.0048850000000000005
2025-08-07T11:00:00Z,Tilt6,Oki11,0,0.7261666666666666,149.2105,-0.4851666666666667,0.32216666666666666,0.007261666666666667,-0.0048516666666666665,0.0032216666666666665
2025-08-07T11:00:00Z,Tilt7,Oki15,0,1.890686111111111,185.22859444444444,-0.6399111111111111,0.2638111111111111,0.01890686111111111,-0.0063991111111111115,0.002638111111111111
2025-08-07T11:00:00Z,Tilt8,Oki14,0,1.4108888888888889,142.92877777777778,-0.2571111111111111,0.7703888888888889,0.01410888888888889,-0.002571111111111111,0.007703888888888889
2025-08-07T12:00:00Z,Tilt1,Oki02,13,1.34,126.49833333333333,-0.721,1.0075,0.0134,-0.00721,0.010075
2025-08-07T12:00:00Z,Tilt2,Oki03,42,0.9895,225.8825,0.022500000000000006,-0.6813333333333333,0.009895,2.250000000000001e-4,-0.006813333333333334
2025-08-07T12:00:00Z,Tilt3,Oki04,50,1.8866666666666667,86.14883333333333,0.5670000000000001,1.3413333333333333,0.018866666666666667,0.0056700000000000006,0.013413333333333334
2025-08-07T12:00:00Z,Tilt4,Oki07,0,8.739166666666666,86.35783333333333,8.107555555555555,1.9405833333333333,0.08739166666666667,0.08107555555555555,0.019405833333333334
2025-08-07T12:00:00Z,Tilt5,Oki09,28,1.0718333333333334,302.3768333333333,0.6586666666666666,-0.783,0.010718333333333333,0.006586666666666667,-0.00783
2025-08-07T12:00:00Z,Tilt6,Oki11,0,0.5875,192.878,0.12466666666666666,0.03283333333333333,0.005875,0.0012466666666666665,3.283333333333333e-4
2025-08-07T12:00:00Z,Tilt7,Oki15,0,1.9452722222222223,191.67095,-0.5113916666666667,0.15154166666666666,0.019452722222222222,-0.005113916666666667,0.0015154166666666666
2025-08-07T12:00:00Z,Tilt8,Oki14,0,3.0315555555555553,230.63244444444445,-1.5992777777777778,-2.0829444444444443,0.030315555555555557,-0.01599277777777778,-0.020829444444444446
2025-08-07T13:00:00Z,Tilt1,Oki02,13,1.0785,133.0695,-0.5713333333333334,0.6921666666666667,0.010785000000000001,-0.005713333333333333,0.006921666666666667
2025-08-07T13:00:00Z,Tilt2,Oki03,42,0.8033333333333333,205.66016666666667,-0.23383333333333334,-0.19566666666666666,0.008033333333333333,-0.0023383333333333333,-0.0019566666666666665
2025-08-07T13:00:00Z,Tilt3,Oki04,50,2.1106666666666665,74.13266666666667,0.9138333333333334,1.4725,0.021106666666666666,0.009138333333333333,0.014725
2025-08-07T13:00:00Z,Tilt4,Oki07,0,4.579138888888889,109.38575,3.3667777777777776,1.6604999999999999,0.04579138888888889,0.033667777777777776,0.016605
2025-08-07T13:00:00Z,Tilt5,Oki09,28,1.0273333333333334,310.92466666666667,0.6556666666666666,-0.716,0.010273333333333334,0.006556666666666667,-0.0071600000000000006
2025-08-07T13:00:00Z,Tilt6,Oki11,0,0.601,166.30783333333332,-0.29833333333333334,0.20483333333333334,0.00601,-0.0029833333333333335,0.0020483333333333334
2025-08-07T13:00:00Z,Tilt7,Oki15,0,1.8537055555555555,190.05194166666666,-0.489725,0.15468055555555554,0.018537055555555557,-0.0048972500000000006,0.0015468055555555556
2025-08-07T13:00:00Z,Tilt8,Oki14,0,3.7087222222222223,235.73216666666667,-1.8736666666666666,-2.6096666666666666,0.03708722222222222,-0.01873666666666667,-0.026096666666666667
2025-08-07T14:00:00Z,Tilt1,Oki02,13,1.2888333333333333,133.22083333333333,-0.792,0.8781666666666667,0.012888333333333333,-0.00792,0.008781666666666667
2025-08-07T14:00:00Z,Tilt2,Oki03,42,0.4835,213.07416666666666,-0.15066666666666667,-0.15816666666666668,0.004835,-0.0015066666666666668,-0.0015816666666666668
2025-08-07T14:00:00Z,Tilt3,Oki04,50,1.1968333333333334,92.7355,-0.0033333333333333383,0.82,0.011968333333333334,-3.3333333333333464e-5,0.0082
2025-08-07T14:00:00Z,Tilt4,Oki07,0,2.89125,196.92947222222222,-1.2698055555555556,-0.6196111111111111,0.0289125,-0.012698055555555556,-0.0061961111111111114
2025-08-07T14:00:00Z,Tilt5,Oki09,28,1.075,308.26883333333336,0.6681666666666667,-0.7156666666666667,0.010750000000000001,0.0066816666666666665,-0.007156666666666667
2025-08-07T14:00:00Z,Tilt6,Oki11,0,0.7556666666666667,176.99,-0.16533333333333333,0.32083333333333336,0.007556666666666666,-0.0016533333333333335,0.0032083333333333334
2025-08-07T14:00:00Z,Tilt7,Oki15,0,1.7983694444444445,192.86456388888888,-0.38543055555555555,0.10645833333333334,0.017983694444444445,-0.0038543055555555557,0.0010645833333333334
2025-08-07T14:00:00Z,Tilt8,Oki14,0,2.019,108.84272222222222,-0.19633333333333333,1.7290555555555556,0.02019,-0.0019633333333333334,0.017290555555555556
2025-08-07T15:00:00Z,Tilt1,Oki02,13,1.0891666666666666,121.86216666666667,-0.5326666666666666,0.7321666666666666,0.010891666666666668,-0.005326666666666667,0.007321666666666666
2025-08-07T15:00:00Z,Tilt2,Oki03,42,0.4771666666666667,181.8675,-0.06816666666666667,0.021166666666666667,0.004771666666666667,-6.816666666666667e-4,2.1166666666666667e-4
2025-08-07T15:00:00Z,Tilt3,Oki04,50,1.8235,203.60733333333334,1.0706666666666667,-0.642,0.018235,0.010706666666666666,-0.00642
2025-08-07T15:00:00Z,Tilt4,Oki07,0,3.8549444444444445,221.46655555555554,-2.4398333333333335,-1.9328611111111111,0.03854944444444445,-0.024398333333333334,-0.019328611111111112
2025-08-07T15:00:00Z,Tilt5,Oki09,28,1.777,320.4268333333333,1.3823333333333334,-1.0133333333333334,0.01777,0.013823333333333333,-0.010133333333333334
2025-08-07T15:00:00Z,Tilt6,Oki11,0,0.7703333333333333,161.078,-0.027166666666666665,0.3263333333333333,0.007703333333333334,-2.7166666666666675e-4,0.0032633333333333334
2025-08-07T15:00:00Z,Tilt7,Oki15,0,1.8212611111111112,193.19888055555555,-0.3856527777777778,0.13313611111111112,0.018212611111111113,-0.0038565277777777777,0.001331361111111111
2025-08-07T15:00:00Z,Tilt8,Oki14,0,1.1397222222222223,146.33366666666666,0.014555555555555549,0.2847222222222222,0.011397222222222224,1.4555555555555548e-4,0.0028472222222222223
2025-08-07T16:00:00Z,Tilt1,Oki02,13,1.0455,109.4625,-0.35583333333333333,0.8985,0.010455,-0.0035583333333333335,0.008985
2025-08-07T16:00:00Z,Tilt2,Oki03,42,0.5626666666666666,160.28266666666667,-0.104,0.23016666666666666,0.005626666666666667,-0.0010400000000000001,0.0023016666666666667
2025-08-07T16:00:00Z,Tilt3,Oki04,50,2.894833333333333,278.3516666666667,0.8918333333333334,-2.3263333333333334,0.028948333333333333,0.008918333333333334,-0.023263333333333334
2025-08-07T16:00:00Z,Tilt4,Oki07,0,4.13225,220.6397777777778,-2.6286111111111112,-2.1358333333333333,0.0413225,-0.02628611111111111,-0.021358333333333333
2025-08-07T16:00:00Z,Tilt5,Oki09,28,1.9301666666666666,255.9285,1.714,-0.43966666666666665,0.01930166666666667,0.01714,-0.004396666666666667
2025-08-07T16:00:00Z,Tilt6,Oki11,0,0.35383333333333333,216.59216666666666,-0.018333333333333333,-0.06766666666666667,0.0035383333333333334,-1.8333333333333334e-4,-6.766666666666667e-4
2025-08-07T16:00:00Z,Tilt7,Oki15,0,1.5174222222222222,190.20629444444444,-0.5018888888888889,0.12556666666666666,0.015174222222222223,-0.005018888888888889,0.0012556666666666666
2025-08-07T16:00:00Z,Tilt8,Oki14,0,1.5398888888888889,205.1631111111111,0.21716666666666667,-0.6793333333333333,0.015398888888888889,0.002171666666666667,-0.0067933333333333335
2025-08-07T17:00:00Z,Tilt1,Oki02,13,1.2386666666666666,110.05516666666666,-0.416,1.0626666666666666,0.012386666666666667,-0.00416,0.010626666666666666
2025-08-07T17:00:00Z,Tilt2,Oki03,42,0.5513333333333333,135.543,-0.1385,0.4,0.005513333333333334,-0.001385,0.004
2025-08-07T17:00:00Z,Tilt3,Oki04,50,4.9885,293.17066666666665,1.852,-4.2956666666666665,0.049885,0.018520000000000002,-0.04295666666666667
2025-08-07T17:00:00Z,Tilt4,Oki07,0,3.809361111111111,225.14730555555556,-2.3821666666666665,-2.2790555555555554,0.03809361111111111,-0.023821666666666668,-0.022790555555555557
2025-08-07T17:00:00Z,Tilt5,Oki09,28,1.4161666666666666,99.7475,1.0925,0.4405,0.014161666666666668,0.010925,0.004405
2025-08-07T17:00:00Z,Tilt6,Oki11,0,0.5976666666666667,242.54816666666667,0.11266666666666666,-0.37133333333333335,0.005976666666666667,0.0011266666666666667,-0.0037133333333333332
2025-08-07T17:00:00Z,Tilt7,Oki15,0,1.3935083333333333,187.868125,-0.48728055555555555,0.13020833333333334,0.013935083333333334,-0.004872805555555556,0.0013020833333333333
2025-08-07T17:00:00Z,Tilt8,Oki14,0,7.064388888888889,235.06194444444444,-4.000555555555556,-5.227111111111111,0.0706438888888889,-0.04000555555555556,-0.052271111111111115
2025-08-07T18:00:00Z,Tilt1,Oki02,13,1.1166666666666667,118.04333333333334,-0.30683333333333335,0.8006666666666666,0.011166666666666667,-0.0030683333333333335,0.008006666666666667
2025-08-07T18:00:00Z,Tilt2,Oki03,42,0.35533333333333333,195.80383333333333,-0.11666666666666667,-0.08333333333333333,0.0035533333333333333,-0.0011666666666666668,-8.333333333333334e-4
2025-08-07T18:00:00Z,Tilt3,Oki04,50,8.232666666666667,298.6363333333333,3.561,-7.195,0.08232666666666667,0.03561,-0.07195
2025-08-07T18:00:00Z,Tilt4,Oki07,0,2.253861111111111,230.15183333333334,-0.5508611111111111,-1.1889166666666666,0.022538611111111113,-0.005508611111111112,-0.011889166666666666
2025-08-07T18:00:00Z,Tilt5,Oki09,28,1.2855,265.9415,1.1195,-0.37033333333333335,0.012855,0.011195,-0.0037033333333333332
2025-08-07T18:00:00Z,Tilt6,Oki11,0,1.0601666666666667,263.8181666666667,-0.0036666666666666636,-0.9211666666666667,0.010601666666666667,-3.666666666666667e-5,-0.009211666666666667
2025-08-07T18:00:00Z,Tilt7,Oki15,0,1.352961111111111,192.30588055555555,-0.43574999999999997,0.08315277777777778,0.013529611111111112,-0.0043575,8.315277777777778e-4
2025-08-07T18:00:00Z,Tilt8,Oki14,0,6.386555555555556,225.56605555555555,-3.8735,-4.027055555555556,0.06386555555555556,-0.038735,-0.04027055555555556
2025-08-07T19:00:00Z,Tilt1,Oki02,13,1.6183333333333334,111.47033333333333,-0.6036666666666667,1.2326666666666666,0.016183333333333334,-0.006036666666666667,0.012326666666666666
2025-08-07T19:00:00Z,Tilt2,Oki03,42,5.240833333333333,80.45316666666666,-0.9908333333333333,4.1081666666666665,0.052408333333333335,-0.009908333333333335,0.04108166666666667
2025-08-07T19:00:00Z,Tilt3,Oki04,50,6.221333333333333,299.0371666666667,2.807,-5.411333333333333,0.062213333333333336,0.02807,-0.05411333333333333
2025-08-07T19:00:00Z,Tilt4,Oki07,0,3.2369166666666667,184.7276388888889,2.542,0.25463888888888886,0.032369166666666664,0.02542,0.002546388888888889
2025-08-07T19:00:00Z,Tilt5,Oki09,28,1.2706666666666666,322.0278333333333,0.9875,-0.7743333333333333,0.012706666666666666,0.009875,-0.007743333333333334
2025-08-07T19:00:00Z,Tilt6,Oki11,0,0.8265,258.17,-0.025166666666666667,-0.7103333333333334,0.008265,-2.5166666666666675e-4,-0.007103333333333334
2025-08-07T19:00:00Z,Tilt7,Oki15,0,1.1728888888888889,190.89705555555557,-0.44181944444444443,0.05655555555555555,0.01172888888888889,-0.004418194444444444,5.655555555555556e-4
2025-08-07T19:00:00Z,Tilt8,Oki14,0,2.0588888888888888,175.72783333333334,0.3055,-0.21611111111111111,0.02058888888888889,0.003055,-0.002161111111111111
2025-08-07T20:00:00Z,Tilt1,Oki02,13,1.5058333333333334,105.75316666666667,-0.3983333333333333,0.9643333333333334,0.015058333333333333,-0.0039833333333333335,0.009643333333333334
2025-08-07T20:00:00Z,Tilt2,Oki03,42,0.7761666666666667,60.866166666666665,0.41883333333333334,0.5861666666666666,0.007761666666666667,0.004188333333333334,0.005861666666666667
2025-08-07T20:00:00Z,Tilt3,Oki04,50,3.5363333333333333,255.222,1.7181666666666666,-2.508,0.03536333333333334,0.017181666666666668,-0.02508
2025-08-07T20:00:00Z,Tilt4,Oki07,0,4.502527777777778,120.7003611111111,3.722,1.3641666666666665,0.045025277777777775,0.03722,0.013641666666666667
2025-08-07T20:00:00Z,Tilt5,Oki09,28,2.012166666666667,243.562,-0.7738333333333334,-0.486,0.020121666666666666,-0.007738333333333333,-0.004860000000000001
2025-08-07T20:00:00Z,Tilt6,Oki11,0,0.7625,214.50766666666667,-0.43183333333333335,-0.31483333333333335,0.007625,-0.004318333333333334,-0.0031483333333333333
2025-08-07T20:00:00Z,Tilt7,Oki15,0,1.170688888888889,195.37318611111112,-0.3783611111111111,0.0093,0.01170688888888889,-0.0037836111111111113,9.300000000000001e-5
2025-08-07T20:00:00Z,Tilt8,Oki14,0,5.807111111111111,61.87272222222222,3.088722222222222,4.777888888888889,0.05807111111111111,0.030887222222222222,0.04777888888888889
2025-08-07T21:00:00Z,Tilt1,Oki02,13,1.6275,117.4845,-0.6996666666666667,1.3358333333333334,0.016275,-0.006996666666666667,0.013358333333333333
2025-08-07T21:00:00Z,Tilt2,Oki03,42,0.7625,65.39916666666667,0.508,0.49533333333333335,0.007625,0.00508,0.004953333333333333
2025-08-07T21:00:00Z,Tilt3,Oki04,50,1.3266666666666667,63.538000000000004,0.6156666666666667,1.0056666666666667,0.013266666666666668,0.006156666666666667,0.010056666666666667
2025-08-07T21:00:00Z,Tilt4,Oki07,0,4.400833333333333,143.333,3.867583333333333,0.8219166666666666,0.04400833333333334,0.03867583333333333,0.008219166666666666
2025-08-07T21:00:00Z,Tilt5,Oki09,28,2.8104999999999998,185.28666666666666,-2.6216666666666666,0.06583333333333333,0.028105,-0.026216666666666666,6.583333333333334e-4
2025-08-07T21:00:00Z,Tilt6,Oki11,0,0.7248333333333333,225.1625,-0.273,-0.44916666666666666,0.007248333333333333,-0.0027300000000000002,-0.004491666666666666
2025-08-07T21:00:00Z,Tilt7,Oki15,0,1.1485972222222223,193.24666666666667,-0.41972777777777776,0.03678055555555555,0.011485972222222222,-0.004197277777777778,3.6780555555555557e-4
2025-08-07T21:00:00Z,Tilt8,Oki14,0,4.7861666666666665,70.65188888888889,1.5488333333333333,4.440722222222222,0.04786166666666667,0.015488333333333333,0.04440722222222222
2025-08-07T22:00:00Z,Tilt1,Oki02,13,1.1556666666666666,146.29933333333332,-0.7733333333333333,0.53,0.011556666666666666,-0.007733333333333333,0.0053
2025-08-07T22:00:00Z,Tilt2,Oki03,42,0.7113333333333334,68.43966666666667,0.5015000000000001,0.3433333333333333,0.0071133333333333335,0.005015,0.0034333333333333334
2025-08-07T22:00:00Z,Tilt3,Oki04,50,1.1175,126.49816666666666,0.6895,0.5,0.011175000000000001,0.006895,0.005
2025-08-07T22:00:00Z,Tilt4,Oki07,0,4.3145,132.82533333333333,3.6543888888888887,0.9776388888888888,0.043145,0.03654388888888889,0.009776388888888888
2025-08-07T22:00:00Z,Tilt5,Oki09,28,2.252666666666667,214.213,-1.7773333333333332,-0.18416666666666667,0.022526666666666667,-0.017773333333333332,-0.0018416666666666668
2025-08-07T22:00:00Z,Tilt6,Oki11,0,0.5193333333333333,257.54533333333336,0.036333333333333336,-0.38466666666666666,0.005193333333333334,3.6333333333333335e-4,-0.0038466666666666666
2025-08-07T22:00:00Z,Tilt7,Oki15,0,1.2466805555555556,193.03555,-0.47784166666666666,0.05300833333333333,0.012466805555555556,-0.004778416666666667,5.300833333333334e-4
2025-08-07T22:00:00Z,Tilt8,Oki14,0,2.3818888888888887,77.1361111111111,0.8458888888888889,2.068111111111111,0.02381888888888889,0.008458888888888889,0.020681111111111112
2025-08-07T23:00:00Z,Tilt1,Oki02,13,1.3356666666666668,102.37133333333334,-0.2688333333333333,1.2558333333333334,0.013356666666666668,-0.0026883333333333334,0.012558333333333333
2025-08-07T23:00:00Z,Tilt2,Oki03,42,0.8166666666666667,48.89233333333333,0.4826666666666667,0.5911666666666666,0.008166666666666668,0.004826666666666667,0.005911666666666667
2025-08-07T23:00:00Z,Tilt3,Oki04,50,1.1076666666666666,114.416,0.739,0.2808333333333333,0.011076666666666667,0.00739,0.0028083333333333333
2025-08-07T23:00:00Z,Tilt4,Oki07,0,10.591666666666667,88.33305555555556,9.835916666666666,2.6069444444444443,0.10591666666666667,0.09835916666666666,0.026069444444444444
2025-08-07T23:00:00Z,Tilt5,Oki09,28,1.0356666666666667,310.5225,0.6705,-0.7651666666666667,0.010356666666666667,0.006705,-0.007651666666666667
2025-08-07T23:00:00Z,Tilt6,Oki11,0,0.3358333333333333,227.8105,0.010166666666666668,-0.134,0.0033583333333333334,1.0166666666666667e-4,-0.00134
2025-08-07T23:00:00Z,Tilt7,Oki15,0,1.6441805555555555,189.429675,-0.7404388888888889,0.1304722222222222,0.016441805555555557,-0.007404388888888889,0.0013047222222222223
2025-08-07T23:00:00Z,Tilt8,Oki14,0,1.1351111111111112,232.67777777777778,0.1728888888888889,-0.5991666666666666,0.01135111111111111,0.001728888888888889,-0.005991666666666667
2025-08-08T00:00:00Z,Tilt1,Oki02,13,1.1633333333333333,123.03016666666667,-0.607,0.9381666666666667,0.011633333333333334,-0.00607,0.009381666666666667
2025-08-08T00:00:00Z,Tilt2,Oki03,42,0.8503333333333334,56.492,0.508,0.637,0.008503333333333333,0.00508,0.00637
2025-08-08T00:00:00Z,Tilt3,Oki04,50,1.5106666666666666,58.259166666666665,0.7083333333333334,1.222,0.015106666666666668,0.007083333333333334,0.01222
2025-08-08T00:00:00Z,Tilt4,Oki07,0,14.020527777777778,75.65330555555555,13.359527777777778,2.9324166666666667,0.14020527777777778,0.13359527777777777,0.02932416666666667
2025-08-08T00:00:00Z,Tilt5,Oki09,28,0.8373333333333334,294.09166666666664,0.49566666666666664,-0.533,0.008373333333333333,0.0049566666666666665,-0.00533
2025-08-08T00:00:00Z,Tilt6,Oki11,0,0.4796666666666667,229.64483333333334,0.03233333333333334,-0.12166666666666666,0.004796666666666667,3.233333333333334e-4,-0.0012166666666666667
2025-08-08T00:00:00Z,Tilt7,Oki15,0,1.4445833333333333,195.79970555555556,-0.3246277777777778,0.01961388888888889,0.014445833333333333,-0.003246277777777778,1.961388888888889e-4
2025-08-08T00:00:00Z,Tilt8,Oki14,0,2.0096666666666665,237.32805555555555,-0.41055555555555556,-1.5232777777777777,0.020096666666666665,-0.004105555555555556,-0.015232777777777777
2025-08-08T01:00:00Z,Tilt1,Oki02,13,1.2911666666666666,112.91966666666667,-0.439,1.1678333333333333,0.012911666666666667,-0.00439,0.011678333333333334
2025-08-08T01:00:00Z,Tilt2,Oki03,42,0.8756666666666667,65.96533333333333,0.45616666666666666,0.6948333333333333,0.008756666666666668,0.004561666666666667,0.006948333333333333
2025-08-08T01:00:00Z,Tilt3,Oki04,50,3.3248333333333333,56.773833333333336,1.909,2.2843333333333335,0.03324833333333333,0.01909,0.022843333333333334
2025-08-08T01:00:00Z,Tilt4,Oki07,0,9.710472222222222,118.11111111111111,9.177111111111111,1.706,0.09710472222222222,0.09177111111111111,0.01706
2025-08-08T01:00:00Z,Tilt5,Oki09,28,0.9968333333333333,306.44916666666666,0.6038333333333333,-0.7146666666666667,0.009968333333333334,0.006038333333333334,-0.007146666666666667
2025-08-08T01:00:00Z,Tilt6,Oki11,0,0.478,172.64666666666668,-0.21583333333333335,0.18533333333333332,0.00478,-0.0021583333333333333,0.0018533333333333334
2025-08-08T01:00:00Z,Tilt7,Oki15,0,1.6239222222222223,194.67665277777778,-0.36280833333333334,0.09853888888888888,0.016239222222222224,-0.0036280833333333334,9.85388888888889e-4
2025-08-08T01:00:00Z,Tilt8,Oki14,0,4.934333333333333,263.90077777777776,-0.572,-4.708277777777778,0.049343333333333336,-0.00572,-0.04708277777777778
2025-08-08T02:00:00Z,Tilt1,Oki02,13,1.5805,100.754,-0.22883333333333333,1.5085,0.015805,-0.0022883333333333336,0.015085000000000001
2025-08-08T02:00:00Z,Tilt2,Oki03,42,0.7065,75.01166666666667,0.44366666666666665,0.4036666666666667,0.007065,0.004436666666666667,0.004036666666666667
2025-08-08T02:00:00Z,Tilt3,Oki04,50,1.767,149.3805,1.13,0.43,0.01767,0.011300000000000001,0.0043
2025-08-08T02:00:00Z,Tilt4,Oki07,0,3.844,196.02247222222223,3.3398333333333334,-0.06611111111111112,0.03844,0.033398333333333335,-6.611111111111111e-4
2025-08-08T02:00:00Z,Tilt5,Oki09,28,1.2573333333333334,321.59383333333335,0.9733333333333334,-0.7783333333333333,0.012573333333333334,0.009733333333333333,-0.007783333333333334
2025-08-08T02:00:00Z,Tilt6,Oki11,0,0.4558333333333333,206.583,0.022166666666666664,-0.029333333333333333,0.0045583333333333335,2.2166666666666664e-4,-2.933333333333333e-4
2025-08-08T02:00:00Z,Tilt7,Oki15,0,1.6652416666666667,193.78072777777777,-0.287,0.07575555555555556,0.016652416666666666,-0.00287,7.575555555555556e-4
2025-08-08T02:00:00Z,Tilt8,Oki14,0,7.141444444444445,216.47166666666666,-5.396,-4.1146666666666665,0.07141444444444445,-0.05396,-0.041146666666666665
2025-08-08T03:00:00Z,Tilt1,Oki02,13,1.0523333333333333,120.00033333333333,-0.5053333333333333,0.8605,0.010523333333333334,-0.005053333333333333,0.008605
2025-08-08T03:00:00Z,Tilt2,Oki03,42,0.8703333333333333,60.72533333333333,0.5588333333333333,0.5668333333333333,0.008703333333333334,0.005588333333333333,0.005668333333333333
2025-08-08T03:00:00Z,Tilt3,Oki04,50,2.3316666666666666,270.41833333333335,1.5778333333333334,-1.3491666666666666,0.023316666666666666,0.015778333333333335,-0.013491666666666667
2025-08-08T03:00:00Z,Tilt4,Oki07,0,2.2959722222222223,236.92294444444445,-0.22586111111111112,-1.1104444444444443,0.02295972222222222,-0.002258611111111111,-0.011104444444444445
2025-08-08T03:00:00Z,Tilt5,Oki09,28,1.4038333333333333,259.0113333333333,0.9508333333333333,-0.14150000000000001,0.014038333333333333,0.009508333333333334,-0.0014150000000000002
2025-08-08T03:00:00Z,Tilt6,Oki11,0,0.6016666666666667,261.4608333333333,0.39316666666666666,-0.24366666666666667,0.006016666666666667,0.003931666666666667,-0.002436666666666667
2025-08-08T03:00:00Z,Tilt7,Oki15,0,1.8173694444444444,195.10316944444443,-0.38137777777777776,0.06295833333333334,0.018173694444444444,-0.003813777777777778,6.295833333333333e-4
2025-08-08T03:00:00Z,Tilt8,Oki14,0,4.820277777777778,197.41466666666668,-4.314388888888889,-1.4687222222222223,0.04820277777777778,-0.04314388888888889,-0.014687222222222223
2025-08-08T04:00:00Z,Tilt1,Oki02,13,1.462,111.09816666666667,-0.49066666666666664,1.252,0.01462,-0.004906666666666667,0.01252
2025-08-08T04:00:00Z,Tilt2,Oki03,42,1.5181666666666667,67.641,0.5158333333333334,1.372,0.015181666666666666,0.005158333333333333,0.01372
2025-08-08T04:00:00Z,Tilt3,Oki04,50,4.551833333333334,306.76,2.3891666666666667,-3.6391666666666667,0.045518333333333334,0.02389166666666667,-0.03639166666666667
2025-08-08T04:00:00Z,Tilt4,Oki07,0,5.9360277777777775,203.66625,-5.195,-1.8768055555555556,0.059360277777777776,-0.05195,-0.018768055555555555
2025-08-08T04:00:00Z,Tilt5,Oki09,28,2.8078333333333334,106.793,-0.6766666666666666,2.346,0.028078333333333334,-0.0067666666666666665,0.02346
2025-08-08T04:00:00Z,Tilt6,Oki11,0,0.5491666666666667,212.75983333333335,0.17683333333333334,-0.06883333333333333,0.005491666666666666,0.0017683333333333333,-6.883333333333333e-4
2025-08-08T04:00:00Z,Tilt7,Oki15,0,1.8076583333333334,193.361125,-0.38580555555555557,0.121,0.018076583333333333,-0.0038580555555555555,0.00121
2025-08-08T04:00:00Z,Tilt8,Oki14,0,3.994666666666667,210.15655555555554,-2.962666666666667,-1.6376111111111111,0.039946666666666665,-0.02962666666666667,-0.016376111111111112
2025-08-08T05:00:00Z,Tilt1,Oki02,13,1.4928333333333335,109.49833333333333,-0.4633333333333333,1.325,0.014928333333333333,-0.004633333333333333,0.01325
2025-08-08T05:00:00Z,Tilt2,Oki03,42,2.1388333333333334,76.31033333333333,0.46,2.054333333333333,0.021388333333333336,0.0046,0.020543333333333334
2025-08-08T05:00:00Z,Tilt3,Oki04,50,4.244166666666667,295.62966666666665,2.132,-3.3935,0.04244166666666667,0.02132,-0.033935
2025-08-08T05:00:00Z,Tilt4,Oki07,0,3.4329722222222223,239.69558333333333,-1.6009444444444445,-1.896,0.03432972222222222,-0.016009444444444444,-0.01896
2025-08-08T05:00:00Z,Tilt5,Oki09,28,1.5503333333333333,100.57383333333334,0.10716666666666666,1.319,0.015503333333333334,0.0010716666666666667,0.01319
2025-08-08T05:00:00Z,Tilt6,Oki11,0,0.5083333333333333,236.292,0.20133333333333334,-0.17233333333333334,0.005083333333333333,0.0020133333333333336,-0.0017233333333333334
2025-08-08T05:00:00Z,Tilt7,Oki15,0,1.7354805555555555,198.2225361111111,-0.17560833333333334,-0.016452777777777778,0.017354805555555557,-0.0017560833333333335,-1.6452777777777776e-4
2025-08-08T05:00:00Z,Tilt8,Oki14,0,13.91088888888889,203.76816666666667,-12.469388888888888,-5.200555555555556,0.1391088888888889,-0.1246938888888889,-0.052005555555555555
2025-08-08T06:00:00Z,Tilt1,Oki02,13,1.4381666666666666,112.802,-0.594,1.1051666666666666,0.014381666666666668,-0.00594,0.011051666666666666
2025-08-08T06:00:00Z,Tilt2,Oki03,42,0.636,77.38433333333333,0.38366666666666666,0.4295,0.00636,0.0038366666666666666,0.004295
2025-08-08T06:00:00Z,Tilt3,Oki04,50,5.4928333333333335,300.3856666666667,2.4538333333333333,-4.671666666666667,0.054928333333333336,0.024538333333333332,-0.04671666666666667
2025-08-08T06:00:00Z,Tilt4,Oki07,0,2.811138888888889,247.93869444444445,-0.5853055555555555,-2.0576666666666665,0.02811138888888889,-0.005853055555555556,-0.020576666666666667
2025-08-08T06:00:00Z,Tilt5,Oki09,28,1.957,155.0275,1.4475,0.545,0.01957,0.014475,0.00545
2025-08-08T06:00:00Z,Tilt6,Oki11,0,0.4245,241.32216666666667,0.09516666666666668,-0.12183333333333334,0.0042450000000000005,9.516666666666667e-4,-0.0012183333333333334
2025-08-08T06:00:00Z,Tilt7,Oki15,0,1.6477083333333333,190.22463611111112,-0.4461,0.11930277777777777,0.016477083333333333,-0.004461,0.0011930277777777779
2025-08-08T06:00:00Z,Tilt8,Oki14,0,13.220777777777778,215.12477777777778,-10.535222222222222,-6.652388888888889,0.13220777777777779,-0.10535222222222222,-0.06652388888888888
2025-08-08T07:00:00Z,Tilt1,Oki02,13,1.1531666666666667,110.19133333333333,-0.3491666666666667,0.9741666666666667,0.011531666666666667,-0.003491666666666667,0.009741666666666668
2025-08-08T07:00:00Z,Tilt2,Oki03,42,0.7613333333333333,44.284666666666666,0.5193333333333333,0.5005,0.007613333333333334,0.005193333333333334,0.005005
2025-08-08T07:00:00Z,Tilt3,Oki04,50,4.425166666666667,305.342,2.2895,-3.612,0.04425166666666667,0.022895,-0.03612
2025-08-08T07:00:00Z,Tilt4,Oki07,0,2.20625,234.17091666666667,-0.5025277777777778,-1.0526111111111112,0.022062500000000002,-0.005025277777777778,-0.010526111111111111
2025-08-08T07:00:00Z,Tilt5,Oki09,28,1.5353333333333332,257.0275,1.3005,-0.11533333333333333,0.015353333333333333,0.013005000000000001,-0.0011533333333333333
2025-08-08T07:00:00Z,Tilt6,Oki11,0,0.4236666666666667,222.615,-0.10566666666666667,-0.17466666666666666,0.004236666666666666,-0.0010566666666666667,-0.0017466666666666665
2025-08-08T07:00:00Z,Tilt7,Oki15,0,1.7382055555555556,196.16375,-0.37193611111111113,0.04135,0.017382055555555557,-0.0037193611111111112,4.135e-4
2025-08-08T07:00:00Z,Tilt8,Oki14,0,4.826333333333333,116.67711111111112,1.389,2.2098333333333335,0.04826333333333333,0.01389,0.022098333333333334
2025-08-08T08:00:00Z,Tilt1,Oki02,13,1.353,104.9515,-0.3175,1.1871666666666667,0.01353,-0.003175,0.011871666666666668
2025-08-08T08:00:00Z,Tilt2,Oki03,42,0.6131666666666666,53.07816666666667,0.426,0.38816666666666666,0.006131666666666667,0.00426,0.003881666666666667
2025-08-08T08:00:00Z,Tilt3,Oki04,50,1.5126666666666666,175.15816666666666,0.7775,-0.11399999999999999,0.015126666666666667,0.007775,-0.00114
2025-08-08T08:00:00Z,Tilt4,Oki07,0,3.443388888888889,213.37633333333335,-2.471861111111111,-1.348,0.03443388888888889,-0.02471861111111111,-0.01348
2025-08-08T08:00:00Z,Tilt5,Oki09,28,0.8818333333333334,210.25766666666667,0.2915,-0.25483333333333336,0.008818333333333334,0.002915,-0.0025483333333333334
2025-08-08T08:00:00Z,Tilt6,Oki11,0,0.908,234.504,-0.32783333333333337,-0.5631666666666667,0.00908,-0.0032783333333333336,-0.005631666666666667
2025-08-08T08:00:00Z,Tilt7,Oki15,0,2.1155444444444442,192.63086388888888,-0.6298861111111111,0.2295,0.021155444444444445,-0.006298861111111111,0.002295
2025-08-08T08:00:00Z,Tilt8,Oki14,0,8.570333333333334,56.33261111111111,4.598,7.098833333333333,0.08570333333333334,0.04598,0.07098833333333333
2025-08-08T09:00:00Z,Tilt1,Oki02,13,0.8556666666666667,122.33866666666667,-0.314,0.557,0.008556666666666667,-0.00314,0.00557
2025-08-08T09:00:00Z,Tilt2,Oki03,42,0.7586666666666667,50.20433333333333,0.50216666666666665,0.5046666666666667,0.007586666666666667,0.0050216666666666665,0.005046666666666667
2025-08-08T09:00:00Z,Tilt3,Oki04,50,1.944,73.36166666666666,0.853,1.5016666666666667,0.01944,0.008530000000000001,0.015016666666666668
2025-08-08T09:00:00Z,Tilt4,Oki07,0,2.8561666666666667,220.46602777777778,-1.6188333333333333,-1.2785833333333334,0.028561666666666666,-0.016188333333333336,-0.012785833333333333
2025-08-08T09:00:00Z,Tilt5,Oki09,28,3.7028333333333334,187.9545,-3.5385,-0.18133333333333332,0.03702833333333334,-0.035385,-0.0018133333333333332
2025-08-08T09:00:00Z,Tilt6,Oki11,0,0.9816666666666667,234.09066666666666,-0.4135,-0.6371666666666667,0.009816666666666666,-0.004135,-0.006371666666666667
2025-08-08T09:00:00Z,Tilt7,Oki15,0,2.1339333333333332,191.5552277777778,-0.7246666666666667,0.20198888888888888,0.021339333333333335,-0.007246666666666667,0.0020198888888888888
2025-08-08T09:00:00Z,Tilt8,Oki14,0,5.849055555555555,64.33655555555556,2.4138333333333333,5.143222222222223,0.05849055555555556,0.024138333333333335,0.051432222222222226
2025-08-08T10:00:00Z,Tilt1,Oki02,13,1.3948333333333334,114.2005,-0.4086666666666667,1.1993333333333334,0.013948333333333333,-0.004086666666666666,0.011993333333333333
2025-08-08T10:00:00Z,Tilt2,Oki03,42,0.8108333333333333,62.410666666666664,0.406,0.6408333333333334,0.008108333333333334,0.00406,0.006408333333333334
2025-08-08T10:00:00Z,Tilt3,Oki04,50,2.093,68.72933333333333,0.8111666666666667,1.5728333333333333,0.02093,0.008111666666666666,0.015728333333333334
2025-08-08T10:00:00Z,Tilt4,Oki07,0,4.504361111111111,173.86705555555557,3.1794444444444445,-0.17036111111111113,0.04504361111111111,0.031794444444444445,-0.0017036111111111113
2025-08-08T10:00:00Z,Tilt5,Oki09,28,2.148833333333333,205.78116666666668,-1.7876666666666667,-0.032999999999999995,0.021488333333333335,-0.017876666666666666,-3.3e-4
2025-08-08T10:00:00Z,Tilt6,Oki11,0,0.7328333333333333,243.55266666666668,-0.14733333333333334,-0.47333333333333333,0.007328333333333333,-0.0014733333333333334,-0.004733333333333333
2025-08-08T10:00:00Z,Tilt7,Oki15,0,2.126925,191.02341944444444,-0.5252555555555556,0.22561111111111112,0.02126925,-0.0052525555555555554,0.002256111111111111
2025-08-08T10:00:00Z,Tilt8,Oki14,0,2.2631666666666668,87.12716666666667,0.8551666666666666,1.6810555555555555,0.022631666666666668,0.008551666666666666,0.016810555555555554
2025-08-08T11:00:00Z,Tilt1,Oki02,13,3.1853333333333333,83.59633333333333,0.5926666666666667,3.0636666666666668,0.03185333333333333,0.005926666666666667,0.030636666666666666
2025-08-08T11:00:00Z,Tilt2,Oki03,42,0.8308333333333333,59.584,0.4053333333333333,0.6633333333333333,0.008308333333333334,0.004053333333333333,0.006633333333333333
2025-08-08T11:00:00Z,Tilt3,Oki04,50,1.406,63.25833333333333,0.5481666666666667,1.1205,0.01406,0.005481666666666667,0.011205
2025-08-08T11:00:00Z,Tilt4,Oki07,0,13.34175,83.42066666666666,12.54288888888889,3.1541944444444443,0.1334175,0.1254288888888889,0.03154194444444444
2025-08-08T11:00:00Z,Tilt5,Oki09,28,1.0265,304.04083333333335,0.664,-0.603,0.010265,0.00664,-0.00603
2025-08-08T11:00:00Z,Tilt6,Oki11,0,0.43316666666666664,191.90933333333334,-0.157,-0.041,0.004331666666666667,-0.00157,-4.1e-4
2025-08-08T11:00:00Z,Tilt7,Oki15,0,2.278872222222222,193.20005,-0.46034444444444444,0.20125,0.022788722222222224,-0.004603444444444445,0.0020125
2025-08-08T11:00:00Z,Tilt8,Oki14,0,2.4140555555555556,111.16555555555556,0.74783333333333335,1.5925,0.024140555555555557,0.007478333333333333,0.015925
2025-08-08T12:00:00Z,Tilt1,Oki02,13,1.33,108.90316666666666,-0.35133333333333333,1.1071666666666666,0.013300000000000001,-0.0035133333333333336,0.011071666666666667
2025-08-08T12:00:00Z,Tilt2,Oki03,42,0.8391666666666667,75.581,0.32066666666666666,0.6761666666666667,0.008391666666666667,0.0032066666666666667,0.006761666666666667
2025-08-08T12:00:00Z,Tilt3,Oki04,50,1.823,65.86333333333333,0.6711666666666667,1.4455,0.01823,0.006711666666666667,0.014455
2025-08-08T12:00:00Z,Tilt4,Oki07,0,15.537333333333333,46.84511111111111,14.259944444444445,4.957083333333333,0.15537333333333334,0.14259944444444445,0.049570833333333335
2025-08-08T12:00:00Z,Tilt5,Oki09,28,0.8646666666666667,290.01866666666666,0.4703333333333333,-0.5575,0.008646666666666667,0.004703333333333334,-0.005575
2025-08-08T12:00:00Z,Tilt6,Oki11,0,0.662,161.174,-0.42566666666666664,0.16816666666666666,0.00662,-0.004256666666666666,0.0016816666666666668
2025-08-08T12:00:00Z,Tilt7,Oki15,0,2.1632416666666665,199.18531388888889,-0.34668055555555555,0.02375,0.021632416666666668,-0.003466805555555556,2.3750000000000003e-4
2025-08-08T12:00:00Z,Tilt8,Oki14,0,3.3762222222222222,238.73605555555554,-1.5867777777777776,-2.529333333333333,0.03376222222222222,-0.015867777777777776,-0.025293333333333334
2025-08-08T13:00:00Z,Tilt1,Oki02,13,1.5186666666666666,115.80416666666666,-0.594,1.1255,0.015186666666666668,-0.00594,0.011255
2025-08-08T13:00:00Z,Tilt2,Oki03,42,1.2675,75.5765,0.3481666666666667,1.133,0.012675,0.0034816666666666668,0.01133
2025-08-08T13:00:00Z,Tilt3,Oki04,50,2.8251666666666666,100.559,0.5235,2.131666666666667,0.028251666666666668,0.005235,0.021316666666666668
2025-08-08T13:00:00Z,Tilt4,Oki07,0,12.334027777777777,47.82525,11.347916666666666,3.904861111111111,0.12334027777777778,0.11347916666666667,0.03904861111111111
2025-08-08T13:00:00Z,Tilt5,Oki09,28,1.6008333333333333,323.3815,1.2458333333333333,-0.9598333333333333,0.016008333333333333,0.012458333333333333,-0.009598333333333334
2025-08-08T13:00:00Z,Tilt6,Oki11,0,0.5908333333333333,148.0345,-0.11950000000000001,0.293,0.005908333333333333,-0.001195,0.00293
2025-08-08T13:00:00Z,Tilt7,Oki15,0,2.2050055555555557,195.26533333333333,-0.3846,0.10311666666666666,0.022050055555555555,-0.003846,0.0010311666666666668
2025-08-08T13:00:00Z,Tilt8,Oki14,0,2.7865,210.172,-2.0166666666666666,-1.1931111111111112,0.027865,-0.020166666666666666,-0.011931111111111111
2025-08-08T14:00:00Z,Tilt1,Oki02,13,3.394,84.9,0.5448333333333333,3.2525,0.03394,0.005448333333333334,0.032525
2025-08-08T14:00:00Z,Tilt2,Oki03,42,1.5418333333333334,78.1865,0.2845,1.4586666666666668,0.015418333333333334,0.002845,0.014586666666666666
2025-08-08T14:00:00Z,Tilt3,Oki04,50,1.7951666666666666,96.99533333333333,-0.161,1.4781666666666666,0.017951666666666668,-0.00161,0.014781666666666667
2025-08-08T14:00:00Z,Tilt4,Oki07,0,5.2138333333333335,106.46752777777778,4.376,1.5584722222222223,0.052138333333333335,0.04376,0.015584722222222222
2025-08-08T14:00:00Z,Tilt5,Oki09,28,1.531,247.96316666666667,0.9771666666666666,-0.6533333333333333,0.01531,0.009771666666666666,-0.006533333333333334
2025-08-08T14:00:00Z,Tilt6,Oki11,0,0.806,168.61583333333334,-0.31533333333333335,0.39566666666666667,0.00806,-0.0031533333333333335,0.0039566666666666665
2025-08-08T14:00:00Z,Tilt7,Oki15,0,2.1009583333333333,192.12543333333332,-0.4393361111111111,0.17211944444444444,0.021009583333333335,-0.004393361111111111,0.0017211944444444445
2025-08-08T14:00:00Z,Tilt8,Oki14,0,1.6462222222222223,149.77394444444445,-0.18216666666666664,0.42483333333333334,0.016462222222222222,-0.0018216666666666665,0.004248333333333333
2025-08-08T15:00:00Z,Tilt1,Oki02,13,1.1196666666666666,124.348,-0.513,0.856,0.011196666666666667,-0.00513,0.00856
2025-08-08T15:00:00Z,Tilt2,Oki03,42,0.9658333333333333,77.92283333333333,0.5226666666666667,0.6456666666666667,0.009658333333333333,0.005226666666666667,0.006456666666666667
2025-08-08T15:00:00Z,Tilt3,Oki04,50,2.218,189.3805,1.342,-0.9155,0.022180000000000002,0.01342,-0.009155
2025-08-08T15:00:00Z,Tilt4,Oki07,0,3.9879444444444445,193.30116666666666,-3.1815555555555557,-0.94125,0.039879444444444447,-0.031815555555555555,-0.0094125
2025-08-08T15:00:00Z,Tilt5,Oki09,28,1.5255,236.80966666666666,1.2561666666666667,-0.25416666666666665,0.015255,0.012561666666666667,-0.002541666666666667
2025-08-08T15:00:00Z,Tilt6,Oki11,0,1.2448333333333332,265.8881666666667,1.035,-0.41783333333333333,0.012448333333333334,0.01035,-0.004178333333333333
2025-08-08T15:00:00Z,Tilt7,Oki15,0,1.9816444444444445,191.00684166666667,-0.47936944444444446,0.153775,0.019816444444444446,-0.004793694444444444,0.00153775
2025-08-08T15:00:00Z,Tilt8,Oki14,0,3.1495,169.56088888888888,1.089,0.46066666666666667,0.031495,0.01089,0.004606666666666667
2025-08-08T16:00:00Z,Tilt1,Oki02,13,1.4746666666666666,175.4945,-1.3191666666666666,0.004333333333333329,0.014746666666666667,-0.013191666666666668,4.333333333333327e-5
2025-08-08T16:00:00Z,Tilt2,Oki03,42,1.1561666666666666,69.66583333333334,0.6658333333333334,0.7851666666666667,0.011561666666666666,0.006658333333333334,0.007851666666666667
2025-08-08T16:00:00Z,Tilt3,Oki04,50,4.1035,308.72616666666664,2.896333333333333,-2.6006666666666667,0.041035,0.028963333333333334,-0.026006666666666668
2025-08-08T16:00:00Z,Tilt4,Oki07,0,4.284027777777778,214.57569444444445,-2.9659166666666668,-2.1008055555555556,0.04284027777777778,-0.029659166666666667,-0.021008055555555558
2025-08-08T16:00:00Z,Tilt5,Oki09,28,2.696833333333333,90.78316666666667,0.9085,2.0933333333333333,0.026968333333333334,0.009085000000000001,0.020933333333333335
2025-08-08T16:00:00Z,Tilt6,Oki11,0,0.5111666666666667,167.60633333333334,-0.12033333333333333,0.15516666666666667,0.005111666666666666,-0.0012033333333333334,0.0015516666666666667
2025-08-08T16:00:00Z,Tilt7,Oki15,0,1.638286111111111,197.79759444444443,-0.3625333333333333,-0.016083333333333335,0.016382861111111112,-0.0036253333333333333,-1.6083333333333336e-4
2025-08-08T16:00:00Z,Tilt8,Oki14,0,4.9995,68.00288888888889,2.1367777777777777,4.228555555555555,0.049995,0.021367777777777777,0.042285555555555555
2025-08-08T17:00:00Z,Tilt1,Oki02,13,1.1746666666666667,134.1145,-0.7475,0.7713333333333333,0.011746666666666667,-0.007475,0.007713333333333333
2025-08-08T17:00:00Z,Tilt2,Oki03,42,1.085,55.05083333333333,0.5481666666666667,0.8695,0.01085,0.005481666666666667,0.008695
2025-08-08T17:00:00Z,Tilt3,Oki04,50,3.2905,298.3011666666667,2.003833333333333,-2.2548333333333335,0.032905000000000004,0.020038333333333335,-0.022548333333333333
2025-08-08T17:00:00Z,Tilt4,Oki07,0,4.696611111111111,205.23325,-3.765,-1.7820555555555555,0.04696611111111111,-0.03765,-0.017820555555555555
2025-08-08T17:00:00Z,Tilt5,Oki09,28,1.8588333333333333,174.84799999999998,1.263,0.19199999999999998,0.018588333333333335,0.01263,0.0019199999999999998
2025-08-08T17:00:00Z,Tilt6,Oki11,0,0.4625,223.45683333333332,0.0018333333333333311,-0.14733333333333334,0.004625,1.833333333333331e-5,-0.0014733333333333334
2025-08-08T17:00:00Z,Tilt7,Oki15,0,1.600775,194.9551138888889,-0.3898138888888889,0.057861111111111106,0.01600775,-0.003898138888888889,5.786111111111111e-4
2025-08-08T17:00:00Z,Tilt8,Oki14,0,2.3087222222222223,153.1645,1.1182777777777777,0.3135555555555556,0.023087222222222224,0.011182777777777778,0.003135555555555556
2025-08-08T18:00:00Z,Tilt1,Oki02,13,1.559,124.324,-0.7963333333333333,1.0678333333333334,0.01559,-0.007963333333333334,0.010678333333333333
2025-08-08T18:00:00Z,Tilt2,Oki03,42,1.0028333333333332,58.209833333333336,0.703,0.594,0.010028333333333334,0.00703,0.00594
2025-08-08T18:00:00Z,Tilt3,Oki04,50,4.308666666666666,303.5685,2.275166666666667,-3.3746666666666667,0.04308666666666667,0.022751666666666667,-0.03374666666666667
2025-08-08T18:00:00Z,Tilt4,Oki07,0,6.616416666666667,224.08816666666667,-4.182861111111111,-3.9103055555555555,0.06616416666666666,-0.04182861111111111,-0.03910305555555556
2025-08-08T18:00:00Z,Tilt5,Oki09,28,1.5683333333333334,322.2865,1.2325,-0.8935,0.015683333333333334,0.012325000000000001,-0.008935
2025-08-08T18:00:00Z,Tilt6,Oki11,0,0.5395,246.97916666666666,0.1435,-0.32766666666666666,0.0053950000000000005,0.001435,-0.003276666666666667
2025-08-08T18:00:00Z,Tilt7,Oki15,0,1.613613888888889,191.80778333333333,-0.6742055555555555,0.049563888888888886,0.01613613888888889,-0.006742055555555556,4.956388888888889e-4
2025-08-08T18:00:00Z,Tilt8,Oki14,0,1.5811666666666666,256.26605555555557,0.23972222222222223,-1.2026666666666666,0.01581166666666667,0.002397222222222222,-0.012026666666666666
2025-08-08T19:00:00Z,Tilt1,Oki02,13,1.697,101.03233333333333,-0.08183333333333333,1.2676666666666667,0.01697,-8.183333333333335e-4,0.012676666666666668
2025-08-08T19:00:00Z,Tilt2,Oki03,42,0.8676666666666667,231.3,0.695,-0.273,0.008676666666666668,0.0069500000000000004,-0.0027300000000000002
2025-08-08T19:00:00Z,Tilt3,Oki04,50,7.4639999999999995,302.2803333333333,3.6896666666666667,-6.339666666666667,0.07464,0.03689666666666667,-0.06339666666666667
2025-08-08T19:00:00Z,Tilt4,Oki07,0,3.4325833333333335,204.20805555555555,0.30175,-1.4355277777777777,0.03432583333333333,0.0030175000000000002,-0.014355277777777778
2025-08-08T19:00:00Z,Tilt5,Oki09,28,1.436,315.842,1.1361666666666668,-0.822,0.014360000000000001,0.011361666666666667,-0.00822
2025-08-08T19:00:00Z,Tilt6,Oki11,0,0.29933333333333334,189.15433333333334,-0.0985,-0.034833333333333334,0.0029933333333333335,-9.85e-4,-3.4833333333333336e-4
2025-08-08T19:00:00Z,Tilt7,Oki15,0,1.5871305555555555,192.03935277777776,-0.6535055555555556,0.042508333333333335,0.015871305555555555,-0.006535055555555555,4.2508333333333336e-4
2025-08-08T19:00:00Z,Tilt8,Oki14,0,2.459111111111111,223.7238888888889,-0.884,-1.5282222222222221,0.024591111111111112,-0.00884,-0.015282222222222223
2025-08-08T20:00:00Z,Tilt1,Oki02,13,2.279,112.05283333333334,-0.8205,2.020166666666667,0.02279,-0.008205,0.020201666666666666
2025-08-08T20:00:00Z,Tilt2,Oki03,42,0.87283333333333335,44.4305,0.5693333333333334,0.5875,0.008728333333333333,0.005693333333333333,0.005875
2025-08-08T20:00:00Z,Tilt3,Oki04,50,8.889333333333333,303.617,4.702166666666667,-7.354,0.08889333333333334,0.04702166666666667,-0.07354000000000001
2025-08-08T20:00:00Z,Tilt4,Oki07,0,1.7982222222222222,185.7001388888889,-0.40988888888888886,-0.020055555555555535,0.017982222222222222,-0.004098888888888889,-2.005555555555554e-4
2025-08-08T20:00:00Z,Tilt5,Oki09,28,1.0531666666666666,313.47833333333335,0.8271666666666667,-0.4831666666666667,0.010531666666666667,0.008271666666666667,-0.004831666666666666
2025-08-08T20:00:00Z,Tilt6,Oki11,0,0.3255,196.70933333333335,-0.08,-0.053,0.003255,-8e-4,-5.3e-4
2025-08-08T20:00:00Z,Tilt7,Oki15,0,1.7547833333333334,190.528675,-0.8324472222222222,0.04302222222222222,0.017547833333333332,-0.008324472222222223,4.302222222222222e-4
2025-08-08T20:00:00Z,Tilt8,Oki14,0,2.7042777777777776,141.55794444444444,1.5104444444444445,1.3417222222222223,0.027042777777777777,0.015104444444444445,0.013417222222222223
2025-08-08T21:00:00Z,Tilt1,Oki02,13,2.0553333333333335,127.91966666666667,-1.2576666666666667,1.3523333333333334,0.020553333333333333,-0.012576666666666667,0.013523333333333333
2025-08-08T21:00:00Z,Tilt2,Oki03,42,0.775,51.198166666666665,0.6193333333333333,0.3975,0.00775,0.006193333333333334,0.003975
2025-08-08T21:00:00Z,Tilt3,Oki04,50,2.7601666666666667,201.1355,1.1866666666666668,-1.648,0.027601666666666667,0.011866666666666668,-0.01648
2025-08-08T21:00:00Z,Tilt4,Oki07,0,2.088861111111111,169.60888888888888,-0.9648888888888889,0.49283333333333335,0.02088861111111111,-0.00964888888888889,0.004928333333333333
2025-08-08T21:00:00Z,Tilt5,Oki09,28,3.6123333333333334,215.49683333333334,-3.0953333333333335,0.044333333333333336,0.036123333333333334,-0.030953333333333333,4.4333333333333334e-4
2025-08-08T21:00:00Z,Tilt6,Oki11,0,0.561,247.57366666666667,0.0325,-0.3985,0.00561,3.2500000000000004e-4,-0.003985
2025-08-08T21:00:00Z,Tilt7,Oki15,0,1.4607333333333334,189.41518888888888,-0.5836749999999999,0.09415277777777778,0.014607333333333333,-0.00583675,9.415277777777778e-4
2025-08-08T21:00:00Z,Tilt8,Oki14,0,9.333555555555556,61.17516666666667,4.059444444444445,8.158666666666667,0.09333555555555556,0.04059444444444445,0.08158666666666667
2025-08-08T22:00:00Z,Tilt1,Oki02,13,1.2715,114.4595,-0.559,1.0326666666666666,0.012715,-0.00559,0.010326666666666666
2025-08-08T22:00:00Z,Tilt2,Oki03,42,0.7565,70.657,0.569,0.4098333333333333,0.0075650000000000005,0.005690000000000001,0.004098333333333333
2025-08-08T22:00:00Z,Tilt3,Oki04,50,1.317,126.16866666666667,0.7188333333333333,0.5293333333333333,0.013170000000000001,0.007188333333333334,0.005293333333333334
2025-08-08T22:00:00Z,Tilt4,Oki07,0,3.0508333333333333,196.85283333333334,-2.3766944444444444,-0.7088333333333333,0.030508333333333335,-0.023766944444444445,-0.007088333333333334
2025-08-08T22:00:00Z,Tilt5,Oki09,28,5.935333333333333,174.79133333333334,-5.713,0.7411666666666666,0.059353333333333334,-0.05713,0.007411666666666667
2025-08-08T22:00:00Z,Tilt6,Oki11,0,0.45516666666666666,245.54383333333334,-0.115,-0.3651666666666667,0.0045516666666666665,-0.00115,-0.0036516666666666668
2025-08-08T22:00:00Z,Tilt7,Oki15,0,1.4070055555555556,192.67246111111112,-0.4536833333333333,0.04445277777777778,0.014070055555555556,-0.004536833333333334,4.445277777777778e-4
2025-08-08T22:00:00Z,Tilt8,Oki14,0,6.365944444444445,68.84294444444444,2.3498888888888887,5.791666666666667,0.06365944444444445,0.02349888888888889,0.057916666666666665
2025-08-08T23:00:00Z,Tilt1,Oki02,13,1.14,103.507,-0.2798333333333333,0.991,0.0114,-0.0027983333333333332,0.00991
2025-08-08T23:00:00Z,Tilt2,Oki03,42,0.8545,67.6695,0.7588333333333334,0.2643333333333333,0.008545,0.007588333333333333,0.0026433333333333335
2025-08-08T23:00:00Z,Tilt3,Oki04,50,1.4868333333333332,74.45066666666666,0.563,1.1726666666666667,0.014868333333333334,0.0056300000000000005,0.011726666666666666
2025-08-08T23:00:00Z,Tilt4,Oki07,0,9.881694444444445,49.408,8.695694444444444,3.8110833333333334,0.09881694444444444,0.08695694444444445,0.03811083333333334
2025-08-08T23:00:00Z,Tilt5,Oki09,28,1.9471666666666667,213.78133333333335,-1.5891666666666666,-0.35933333333333334,0.01947166666666667,-0.01589166666666667,-0.0035933333333333334
2025-08-08T23:00:00Z,Tilt6,Oki11,0,0.5238333333333334,204.76883333333333,-0.3345,-0.0955,0.0052383333333333336,-0.003345,-9.55e-4
2025-08-08T23:00:00Z,Tilt7,Oki15,0,1.5318555555555555,188.1783722222222,-0.7211694444444444,0.10032777777777778,0.015318555555555556,-0.007211694444444445,0.0010032777777777778
2025-08-08T23:00:00Z,Tilt8,Oki14,0,2.044277777777778,84.39505555555556,0.3258333333333333,1.8296666666666668,0.02044277777777778,0.003258333333333333,0.018296666666666666
2025-08-09T00:00:00Z,Tilt1,Oki02,13,2.4803333333333333,95.6575,-0.13166666666666665,2.4221666666666666,0.024803333333333333,-0.0013166666666666667,0.024221666666666666
2025-08-09T00:00:00Z,Tilt2,Oki03,42,0.8655,90.00666666666666,0.7371666666666666,0.22666666666666666,0.008655,0.007371666666666667,0.002266666666666667
2025-08-09T00:00:00Z,Tilt3,Oki04,50,2.0923333333333334,53.43683333333333,1.314,1.3668333333333333,0.020923333333333332,0.01314,0.013668333333333334
2025-08-09T00:00:00Z,Tilt4,Oki07,0,20.08877777777778,40.425694444444446,18.629444444444445,6.3350277777777775,0.20088777777777778,0.18629444444444446,0.06335027777777778
2025-08-09T00:00:00Z,Tilt5,Oki09,28,1.1346666666666667,313.99266666666665,0.7856666666666666,-0.7885,0.011346666666666666,0.007856666666666666,-0.007885
2025-08-09T00:00:00Z,Tilt6,Oki11,0,0.32716666666666666,181.81766666666667,-0.11900000000000001,0.016833333333333332,0.0032716666666666666,-0.00119,1.6833333333333335e-4
2025-08-09T00:00:00Z,Tilt7,Oki15,0,1.657636111111111,191.66728055555555,-0.5279611111111111,0.11680277777777778,0.01657636111111111,-0.005279611111111112,0.0011680277777777778
2025-08-09T00:00:00Z,Tilt8,Oki14,0,1.6016666666666666,71.02316666666667,0.575388888888889,1.3411111111111111,0.016016666666666665,0.005753888888888889,0.013411111111111111
2025-08-09T01:00:00Z,Tilt1,Oki02,13,5.336333333333333,82.42766666666667,0.7968333333333333,5.246833333333333,0.05336333333333333,0.007968333333333334,0.05246833333333333
2025-08-09T01:00:00Z,Tilt2,Oki03,42,0.7711666666666667,77.255,0.6541666666666667,0.18266666666666667,0.007711666666666667,0.006541666666666667,0.0018266666666666668
2025-08-09T01:00:00Z,Tilt3,Oki04,50,1.5416666666666667,58.623666666666665,0.9375,1.0356666666666667,0.015416666666666667,0.009375,0.010356666666666667
2025-08-09T01:00:00Z,Tilt4,Oki07,0,14.844861111111111,47.677,13.88588888888889,4.347861111111111,0.14844861111111113,0.1388588888888889,0.043478611111111114
2025-08-09T01:00:00Z,Tilt5,Oki09,28,0.9185,286.91583333333335,0.6758333333333333,-0.5278333333333334,0.009185,0.006758333333333333,-0.005278333333333334
2025-08-09T01:00:00Z,Tilt6,Oki11,0,0.2771666666666667,229.1805,-0.05733333333333333,-0.1255,0.0027716666666666666,-5.733333333333334e-4,-0.001255
2025-08-09T01:00:00Z,Tilt7,Oki15,0,1.573036111111111,198.3277,-0.29634444444444447,-0.02100555555555555,0.01573036111111111,-0.0029634444444444443,-2.1005555555555553e-4
2025-08-09T01:00:00Z,Tilt8,Oki14,0,2.584,218.05033333333333,-0.7683333333333333,-1.8172777777777778,0.025840000000000002,-0.007683333333333334,-0.018172777777777777
2025-08-09T02:00:00Z,Tilt1,Oki02,13,1.491,104.03533333333333,-0.339,1.4248333333333334,0.01491,-0.0033900000000000002,0.014248333333333333
2025-08-09T02:00:00Z,Tilt2,Oki03,42,0.7781666666666667,48.044333333333334,0.5518333333333333,0.49416666666666664,0.007781666666666667,0.005518333333333333,0.004941666666666667
2025-08-09T02:00:00Z,Tilt3,Oki04,50,1.8525,236.55766666666668,1.5595,-0.12283333333333334,0.018525,0.015595000000000001,-0.0012283333333333332
2025-08-09T02:00:00Z,Tilt4,Oki07,0,8.166027777777778,120.5243611111111,7.806722222222223,1.2936666666666667,0.08166027777777778,0.07806722222222222,0.012936666666666667
2025-08-09T02:00:00Z,Tilt5,Oki09,28,1.7165,317.8055,1.2735,-1.1328333333333334,0.017165,0.012735,-0.011328333333333334
2025-08-09T02:00:00Z,Tilt6,Oki11,0,0.37283333333333335,215.7305,0.057499999999999996,-0.06016666666666667,0.0037283333333333335,5.75e-4,-6.016666666666666e-4
2025-08-09T02:00:00Z,Tilt7,Oki15,0,1.722775,195.8440361111111,-0.40418611111111113,0.05238888888888889,0.01722775,-0.0040418611111111115,5.238888888888888e-4
2025-08-09T02:00:00Z,Tilt8,Oki14,0,8.176722222222223,214.29244444444444,-6.579,-4.591388888888889,0.08176722222222223,-0.06579,-0.045913888888888886
2025-08-09T03:00:00Z,Tilt1,Oki02,13,1.412,118.3065,-0.6493333333333333,1.2271666666666667,0.01412,-0.006493333333333334,0.012271666666666667
2025-08-09T03:00:00Z,Tilt2,Oki03,42,0.9701666666666666,66.72616666666667,0.6286666666666667,0.6398333333333334,0.009701666666666667,0.006286666666666667,0.006398333333333334
2025-08-09T03:00:00Z,Tilt3,Oki04,50,4.729333333333333,262.194,1.9858333333333333,-3.323166666666667,0.04729333333333333,0.019858333333333335,-0.033231666666666666
2025-08-09T03:00:00Z,Tilt4,Oki07,0,3.563,126.65588888888888,3.1273333333333335,0.5786111111111111,0.03563,0.031273333333333334,0.005786111111111112
2025-08-09T03:00:00Z,Tilt5,Oki09,28,2.0368333333333335,318.58733333333333,1.6266666666666667,-1.1345,0.020368333333333336,0.016266666666666665,-0.011345000000000001
2025-08-09T03:00:00Z,Tilt6,Oki11,0,0.4445,208.57016666666667,0.06333333333333334,-0.043500000000000004,0.004445,6.333333333333333e-4,-4.35e-4
2025-08-09T03:00:00Z,Tilt7,Oki15,0,1.626763888888889,194.05895,-0.4071861111111111,0.08706111111111112,0.01626763888888889,-0.004071861111111111,8.706111111111112e-4
2025-08-09T03:00:00Z,Tilt8,Oki14,0,5.623444444444445,166.2818888888889,-2.143111111111111,0.07272222222222224,0.05623444444444445,-0.021431111111111113,7.272222222222223e-4
2025-08-09T04:00:00Z,Tilt1,Oki02,13,1.0791666666666666,135.621,-0.681,0.7035,0.010791666666666666,-0.00681,0.0070350000000000005
2025-08-09T04:00:00Z,Tilt2,Oki03,42,0.926,78.65833333333333,0.6206666666666667,0.478,0.009260000000000001,0.006206666666666667,0.00478
2025-08-09T04:00:00Z,Tilt3,Oki04,50,1.3618333333333332,74.77250000000001,0.24633333333333335,1.2196666666666667,0.013618333333333333,0.0024633333333333334,0.012196666666666666
2025-08-09T04:00:00Z,Tilt4,Oki07,0,4.535222222222222,212.7685277777778,-3.3817222222222223,-1.8119444444444444,0.045352222222222224,-0.03381722222222222,-0.018119444444444445
2025-08-09T04:00:00Z,Tilt5,Oki09,28,2.1281666666666665,121.07833333333333,0.5403333333333333,1.2213333333333334,0.021281666666666667,0.005403333333333334,0.012213333333333335
2025-08-09T04:00:00Z,Tilt6,Oki11,0,0.464,206.84616666666668,0.164,-0.0225,0.00464,0.00164,-2.25e-4
2025-08-09T04:00:00Z,Tilt7,Oki15,0,1.6000361111111112,193.75065833333332,-0.4397611111111111,0.11751388888888889,0.01600036111111111,-0.004397611111111112,0.001175138888888889
2025-08-09T04:00:00Z,Tilt8,Oki14,0,2.7635,134.24672222222222,0.17944444444444443,1.4028888888888889,0.027635,0.0017944444444444442,0.01402888888888889
2025-08-09T05:00:00Z,Tilt1,Oki02,13,1.2908333333333333,113.1545,-0.4708333333333333,1.1526666666666667,0.012908333333333334,-0.0047083333333333335,0.011526666666666668
2025-08-09T05:00:00Z,Tilt2,Oki03,42,1.3986666666666667,59.0875,0.9356666666666666,0.9205,0.013986666666666666,0.009356666666666666,0.009205
2025-08-09T05:00:00Z,Tilt3,Oki04,50,0.9441666666666667,73.22166666666666,0.4073333333333333,0.6781666666666667,0.009441666666666668,0.004073333333333333,0.006781666666666667
2025-08-09T05:00:00Z,Tilt4,Oki07,0,7.537944444444444,204.3492777777778,-6.6048333333333336,-2.2951111111111113,0.07537944444444444,-0.06604833333333333,-0.022951111111111113
2025-08-09T05:00:00Z,Tilt5,Oki09,28,2.086,110.12483333333333,-0.20500000000000002,1.6718333333333333,0.02086,-0.00205,0.016718333333333335
2025-08-09T05:00:00Z,Tilt6,Oki11,0,0.7893333333333333,235.2565,0.5593333333333333,-0.1085,0.007893333333333334,0.005593333333333334,-0.001085
2025-08-09T05:00:00Z,Tilt7,Oki15,0,1.621025,191.25855277777777,-0.5211916666666667,0.10895277777777777,0.01621025,-0.005211916666666667,0.0010895277777777778
2025-08-09T05:00:00Z,Tilt8,Oki14,0,7.9085,228.64944444444444,-5.282,-5.166388888888889,0.079085,-0.05282,-0.05166388888888889
2025-08-09T06:00:00Z,Tilt1,Oki02,13,1.4718333333333333,104.5395,-0.38833333333333336,1.2968333333333333,0.014718333333333333,-0.0038833333333333333,0.012968333333333333
2025-08-09T06:00:00Z,Tilt2,Oki03,42,2.2625,68.9675,0.5666666666666667,2.089166666666667,0.022625,0.005666666666666667,0.020891666666666666
2025-08-09T06:00:00Z,Tilt3,Oki04,50,1.2758333333333334,101.92566666666667,0.5745,0.6816666666666666,0.012758333333333333,0.005745,0.006816666666666667
2025-08-09T06:00:00Z,Tilt4,Oki07,0,3.65475,226.2565277777778,-1.9408888888888889,-1.86325,0.036547500000000004,-0.01940888888888889,-0.0186325
2025-08-09T06:00:00Z,Tilt5,Oki09,28,1.6773333333333333,80.28433333333334,0.07066666666666667,1.3085,0.016773333333333335,7.066666666666667e-4,0.013085000000000001
2025-08-09T06:00:00Z,Tilt6,Oki11,0,1.338,307.415,1.1928333333333334,-0.48483333333333334,0.01338,0.011928333333333334,-0.004848333333333333
2025-08-09T06:00:00Z,Tilt7,Oki15,0,1.5448083333333333,190.2798361111111,-0.5091111111111111,0.12187222222222222,0.015448083333333334,-0.005091111111111111,0.0012187222222222222
2025-08-09T06:00:00Z,Tilt8,Oki14,0,13.185055555555556,229.1341111111111,-7.906666666666666,-9.571444444444444,0.13185055555555555,-0.07906666666666667,-0.09571444444444445
2025-08-09T07:00:00Z,Tilt1,Oki02,13,1.4411666666666667,123.0725,-0.5718333333333333,0.959,0.014411666666666666,-0.005718333333333333,0.00959
2025-08-09T07:00:00Z,Tilt2,Oki03,42,1.2773333333333334,60.648666666666664,0.5606666666666666,1.095,0.012773333333333333,0.005606666666666667,0.01095
2025-08-09T07:00:00Z,Tilt3,Oki04,50,3.763,284.59433333333334,2.5425,-2.2675,0.03763,0.025425,-0.022675
2025-08-09T07:00:00Z,Tilt4,Oki07,0,2.991416666666667,193.9296388888889,2.1643333333333334,-0.44427777777777777,0.02991416666666667,0.021643333333333334,-0.004442777777777778
2025-08-09T07:00:00Z,Tilt5,Oki09,28,4.750333333333334,99.975,-0.8846666666666667,4.329,0.047503333333333335,-0.008846666666666668,0.04329
2025-08-09T07:00:00Z,Tilt6,Oki11,0,0.37966666666666665,210.30983333333333,0.13766666666666666,-0.020833333333333332,0.0037966666666666665,0.0013766666666666667,-2.0833333333333335e-4
2025-08-09T07:00:00Z,Tilt7,Oki15,0,1.715411111111111,194.32709444444444,-0.8129861111111111,-0.05031111111111111,0.017154111111111113,-0.008129861111111112,-5.031111111111111e-4
2025-08-09T07:00:00Z,Tilt8,Oki14,0,5.487666666666667,249.94633333333334,0.6782222222222222,-3.9951666666666665,0.05487666666666667,0.0067822222222222225,-0.03995166666666667
2025-08-09T08:00:00Z,Tilt1,Oki02,13,1.5133333333333334,104.78383333333333,-0.224,1.3093333333333332,0.015133333333333334,-0.0022400000000000002,0.013093333333333334
2025-08-09T08:00:00Z,Tilt2,Oki03,42,0.7753333333333333,51.15833333333333,0.5433333333333333,0.491,0.007753333333333333,0.005433333333333333,0.00491
2025-08-09T08:00:00Z,Tilt3,Oki04,50,1.413,149.36816666666667,0.16933333333333334,0.295,0.01413,0.0016933333333333334,0.00295
2025-08-09T08:00:00Z,Tilt4,Oki07,0,2.4605,176.35483333333335,0.9464166666666667,-0.06108333333333335,0.024605000000000002,0.009464166666666668,-6.108333333333335e-4
2025-08-09T08:00:00Z,Tilt5,Oki09,28,1.8463333333333334,173.6805,-0.20033333333333334,1.221,0.018463333333333335,-0.002003333333333333,0.01221
2025-08-09T08:00:00Z,Tilt6,Oki11,0,1.2091666666666667,204.63633333333334,-0.6835,-0.44466666666666665,0.012091666666666667,-0.006835,-0.004446666666666667
2025-08-09T08:00:00Z,Tilt7,Oki15,0,1.6992916666666666,194.01481388888888,-0.7110361111111111,0.018019444444444446,0.016992916666666667,-0.007110361111111112,1.801944444444445e-4
2025-08-09T08:00:00Z,Tilt8,Oki14,0,8.504833333333334,101.95972222222223,3.0621111111111112,5.552277777777777,0.08504833333333334,0.030621111111111113,0.05552277777777778
2025-08-09T09:00:00Z,Tilt1,Oki02,13,1.5626666666666666,128.27183333333335,-0.8611666666666666,1.1441666666666668,0.015626666666666667,-0.008611666666666667,0.011441666666666668
2025-08-09T09:00:00Z,Tilt2,Oki03,42,0.827,56.562666666666665,0.4806666666666667,0.6046666666666667,0.00827,0.0048066666666666666,0.006046666666666666
2025-08-09T09:00:00Z,Tilt3,Oki04,50,1.86,98.72016666666667,-0.15433333333333332,1.4525,0.018600000000000002,-0.0015433333333333334,0.014525
2025-08-09T09:00:00Z,Tilt4,Oki07,0,4.154361111111111,202.96525,-3.4588888888888887,-1.3617777777777778,0.041543611111111114,-0.03458888888888889,-0.013617777777777779
2025-08-09T09:00:00Z,Tilt5,Oki09,28,3.304,202.31733333333332,-2.932166666666667,-0.12466666666666666,0.03304,-0.029321666666666666,-0.0012466666666666665
2025-08-09T09:00:00Z,Tilt6,Oki11,0,1.38,252.92533333333333,-0.31866666666666665,-1.1763333333333332,0.0138,-0.0031866666666666666,-0.011763333333333334
2025-08-09T09:00:00Z,Tilt7,Oki15,0,1.4603083333333333,191.19471388888888,-0.6478916666666666,0.06476111111111112,0.014603083333333334,-0.006478916666666667,6.476111111111112e-4
2025-08-09T09:00:00Z,Tilt8,Oki14,0,9.479666666666667,67.45488888888889,3.521777777777778,8.685277777777777,0.09479666666666667,0.03521777777777778,0.08685277777777778
2025-08-09T10:00:00Z,Tilt1,Oki02,13,1.2073333333333334,117.482,-0.544,1.01,0.012073333333333333,-0.00544,0.0101
2025-08-09T10:00:00Z,Tilt2,Oki03,42,0.7771666666666667,52.294666666666664,0.4375,0.5653333333333334,0.007771666666666667,0.004375,0.005653333333333333
2025-08-09T10:00:00Z,Tilt3,Oki04,50,1.5805,95.47800000000001,1.1241666666666668,0.6683333333333333,0.015805,0.011241666666666667,0.006683333333333334
2025-08-09T10:00:00Z,Tilt4,Oki07,0,4.552138888888889,209.1213611111111,-3.4319444444444445,-1.816361111111111,0.04552138888888889,-0.034319444444444444,-0.01816361111111111
2025-08-09T10:00:00Z,Tilt5,Oki09,28,7.319166666666667,170.861,-6.985,1.3388333333333333,0.07319166666666667,-0.06985,0.013388333333333334
2025-08-09T10:00:00Z,Tilt6,Oki11,0,0.7878333333333334,240.774,-0.23433333333333334,-0.5026666666666667,0.007878333333333334,-0.0023433333333333336,-0.005026666666666667
2025-08-09T10:00:00Z,Tilt7,Oki15,0,1.4167888888888889,193.25498888888887,-0.3977861111111111,0.05712222222222222,0.01416788888888889,-0.003977861111111111,5.712222222222222e-4
2025-08-09T10:00:00Z,Tilt8,Oki14,0,6.8725555555555555,73.46022222222223,2.4519444444444445,6.1485,0.06872555555555555,0.024519444444444444,0.061485000000000005
2025-08-09T11:00:00Z,Tilt1,Oki02,13,1.1763333333333332,97.325,-0.10333333333333333,1.1188333333333333,0.011763333333333334,-0.0010333333333333334,0.011188333333333333
2025-08-09T11:00:00Z,Tilt2,Oki03,42,0.7378333333333333,39.07716666666666,0.5305,0.44333333333333336,0.007378333333333334,0.005305,0.004433333333333333
2025-08-09T11:00:00Z,Tilt3,Oki04,50,1.0768333333333333,167.951,0.7766666666666666,5.000000000000079e-4,0.010768333333333333,0.0077666666666666665,5.0000000000000826e-6
2025-08-09T11:00:00Z,Tilt4,Oki07,0,7.400055555555555,96.94905555555556,5.912305555555555,2.0763333333333334,0.07400055555555556,0.05912305555555556,0.020763333333333335
2025-08-09T11:00:00Z,Tilt5,Oki09,28,3.7203333333333335,200.34033333333332,-3.2165,0.4091666666666667,0.03720333333333333,-0.032165,0.004091666666666667
2025-08-09T11:00:00Z,Tilt6,Oki11,0,0.4915,199.071,-0.30033333333333334,-0.17816666666666667,0.004915,-0.0030033333333333335,-0.0017816666666666666
2025-08-09T11:00:00Z,Tilt7,Oki15,0,1.392711111111111,189.17829722222223,-0.4704583333333333,0.14211666666666667,0.01392711111111111,-0.004704583333333333,0.0014211666666666667
2025-08-09T11:00:00Z,Tilt8,Oki14,0,1.2296666666666667,195.38888888888889,-0.6927777777777778,-0.16466666666666666,0.012296666666666666,-0.006927777777777778,-0.0016466666666666667
2025-08-09T12:00:00Z,Tilt1,Oki02,13,1.3996666666666666,134.80283333333333,-0.7655,0.7181666666666666,0.013996666666666668,-0.007655,0.007181666666666667
2025-08-09T12:00:00Z,Tilt2,Oki03,42,0.7925,54.49616666666667,0.48983333333333334,0.5506666666666666,0.007925,0.0048983333333333335,0.005506666666666667
2025-08-09T12:00:00Z,Tilt3,Oki04,50,1.5486666666666666,105.17450000000001,1.2936666666666667,0.1855,0.015486666666666668,0.012936666666666667,0.001855
2025-08-09T12:00:00Z,Tilt4,Oki07,0,17.21838888888889,50.10744444444445,15.994944444444444,5.1216944444444445,0.1721838888888889,0.15994944444444445,0.05121694444444445
2025-08-09T12:00:00Z,Tilt5,Oki09,28,1.1648333333333334,293.46866666666665,0.5176666666666667,-0.8888333333333334,0.011648333333333333,0.005176666666666667,-0.008888333333333333
2025-08-09T12:00:00Z,Tilt6,Oki11,0,0.6166666666666667,183.03683333333333,-0.2971666666666667,0.016333333333333335,0.006166666666666667,-0.0029716666666666667,1.633333333333333e-4
2025-08-09T12:00:00Z,Tilt7,Oki15,0,1.4009694444444445,191.95291388888887,-0.3585277777777778,0.07251944444444444,0.014009694444444444,-0.003585277777777778,7.251944444444444e-4
2025-08-09T12:00:00Z,Tilt8,Oki14,0,1.7610000000000001,205.0725,-0.9664444444444444,-0.9178888888888889,0.01761,-0.009664444444444444,-0.00917888888888889
2025-08-09T13:00:00Z,Tilt1,Oki02,13,1.235,133.73916666666668,-0.7915,0.8,0.01235,-0.007915,0.008
2025-08-09T13:00:00Z,Tilt2,Oki03,42,0.7833333333333333,57.037166666666664,0.5153333333333333,0.5005000000000001,0.007833333333333333,0.0051533333333333336,0.005005
2025-08-09T13:00:00Z,Tilt3,Oki04,50,2.0011666666666668,81.67116666666666,0.597,1.5221666666666667,0.020011666666666667,0.0059700000000000005,0.015221666666666666
2025-08-09T13:00:00Z,Tilt4,Oki07,0,21.026416666666666,50.087944444444446,19.840222222222224,5.589138888888889,0.21026416666666667,0.19840222222222223,0.05589138888888889
2025-08-09T13:00:00Z,Tilt5,Oki09,28,2.3005,321.26933333333335,1.8648333333333333,-1.1911666666666667,0.023005,0.018648333333333333,-0.011911666666666668
2025-08-09T13:00:00Z,Tilt6,Oki11,0,0.5961666666666666,188.57516666666666,-0.15233333333333332,0.010166666666666664,0.005961666666666666,-0.0015233333333333334,1.0166666666666665e-4
2025-08-09T13:00:00Z,Tilt7,Oki15,0,1.7695333333333334,190.80581944444444,-0.5209555555555555,0.15075833333333333,0.017695333333333334,-0.005209555555555556,0.0015075833333333334
2025-08-09T13:00:00Z,Tilt8,Oki14,0,4.197611111111111,234.8707222222222,-2.3734444444444445,-3.144888888888889,0.04197611111111111,-0.023734444444444443,-0.03144888888888889
2025-08-09T14:00:00Z,Tilt1,Oki02,13,1.1975,122.119,-0.578,0.7963333333333333,0.011975,-0.00578,0.007963333333333334
2025-08-09T14:00:00Z,Tilt2,Oki03,42,0.7625,68.17316666666666,0.5381666666666667,0.43566666666666665,0.007625,0.0053816666666666665,0.004356666666666667
2025-08-09T14:00:00Z,Tilt3,Oki04,50,2.1523333333333334,150.32033333333334,0.8481666666666666,0.525,0.021523333333333335,0.008481666666666667,0.00525
2025-08-09T14:00:00Z,Tilt4,Oki07,0,12.65236111111111,82.54566666666666,11.939305555555556,3.016888888888889,0.1265236111111111,0.11939305555555556,0.030168888888888887
2025-08-09T14:00:00Z,Tilt5,Oki09,28,0.93966666666666665,263.17883333333333,0.7403333333333333,-0.2981666666666667,0.009396666666666668,0.007403333333333334,-0.0029816666666666668
2025-08-09T14:00:00Z,Tilt6,Oki11,0,0.7474999999999999,120.16266666666667,-0.1285,0.4666666666666667,0.007475,-0.0012850000000000001,0.004666666666666667
2025-08-09T14:00:00Z,Tilt7,Oki15,0,1.7699083333333334,196.22253333333333,-0.3390972222222222,0.05666388888888889,0.017699083333333334,-0.0033909722222222223,5.666388888888889e-4
2025-08-09T14:00:00Z,Tilt8,Oki14,0,7.266055555555556,244.13505555555557,-3.114888888888889,-6.255944444444444,0.07266055555555556,-0.03114888888888889,-0.06255944444444445
2025-08-09T15:00:00Z,Tilt1,Oki02,13,1.4106666666666667,179.034,-0.9601666666666667,-0.36833333333333335,0.014106666666666667,-0.009601666666666666,-0.0036833333333333336
2025-08-09T15:00:00Z,Tilt2,Oki03,42,0.9033333333333333,53.88316666666667,0.6335,0.5638333333333333,0.009033333333333334,0.006335,0.005638333333333334
2025-08-09T15:00:00Z,Tilt3,Oki04,50,4.0248333333333335,263.36016666666666,0.7523333333333333,-3.6045,0.04024833333333334,0.007523333333333333,-0.036045
2025-08-09T15:00:00Z,Tilt4,Oki07,0,3.5012499999999998,198.88675,-0.3046111111111111,-0.623,0.0350125,-0.0030461111111111114,-0.00623
2025-08-09T15:00:00Z,Tilt5,Oki09,28,1.1461666666666666,300.345,0.7801666666666667,-0.5958333333333333,0.011461666666666667,0.007801666666666667,-0.005958333333333334
2025-08-09T15:00:00Z,Tilt6,Oki11,0,0.798,247.058,0.59,-0.22683333333333333,0.007980000000000001,0.0059,-0.0022683333333333336
2025-08-09T15:00:00Z,Tilt7,Oki15,0,1.6903944444444445,191.95042222222222,-0.4257972222222222,0.1607472222222222,0.016903944444444444,-0.004257972222222222,0.0016074722222222222
2025-08-09T15:00:00Z,Tilt8,Oki14,0,5.635,129.78783333333334,-0.4967777777777778,1.8521666666666667,0.056350000000000004,-0.004967777777777778,0.01852166666666667
2025-08-09T16:00:00Z,Tilt1,Oki02,13,1.1875,123.06083333333333,-0.587,0.927,0.011875,-0.00587,0.00927
2025-08-09T16:00:00Z,Tilt2,Oki03,42,1.0303333333333333,59.7515,0.6916666666666667,0.6761666666666667,0.010303333333333333,0.0069166666666666664,0.006761666666666667
2025-08-09T16:00:00Z,Tilt3,Oki04,50,4.161333333333333,306.15233333333333,2.6746666666666665,-2.872333333333333,0.041613333333333336,0.02674666666666667,-0.028723333333333333
2025-08-09T16:00:00Z,Tilt4,Oki07,0,4.557444444444444,201.74494444444443,-3.5089166666666665,-1.6417222222222223,0.045574444444444445,-0.035089166666666664,-0.016417222222222222
2025-08-09T16:00:00Z,Tilt5,Oki09,28,2.3478333333333334,149.22766666666666,0.8213333333333334,1.3246666666666667,0.023478333333333334,0.008213333333333333,0.013246666666666667
2025-08-09T16:00:00Z,Tilt6,Oki11,0,1.0225,190.00133333333332,-0.02966666666666666,0.26566666666666666,0.010225,-2.966666666666666e-4,0.0026566666666666666
2025-08-09T16:00:00Z,Tilt7,Oki15,0,1.6930972222222223,201.83088055555555,-0.22859722222222223,-0.12250833333333333,0.016930972222222222,-0.0022859722222222222,-0.0012250833333333332
2025-08-09T16:00:00Z,Tilt8,Oki14,0,2.6668333333333334,159.9215,0.7862777777777777,0.2472222222222222,0.026668333333333336,0.007862777777777778,0.002472222222222222
2025-08-09T17:00:00Z,Tilt1,Oki02,13,1.3606666666666667,101.57300000000001,-0.21766666666666667,1.2798333333333334,0.013606666666666666,-0.0021766666666666666,0.012798333333333333
2025-08-09T17:00:00Z,Tilt2,Oki03,42,0.9201666666666667,49.008,0.583,0.6735,0.009201666666666667,0.00583,0.0067350000000000005
2025-08-09T17:00:00Z,Tilt3,Oki04,50,3.4738333333333333,287.23883333333333,1.387,-2.8971666666666667,0.034738333333333336,0.01387,-0.028971666666666666
2025-08-09T17:00:00Z,Tilt4,Oki07,0,10.726444444444445,198.98202777777777,-9.680666666666667,-3.146472222222222,0.10726444444444444,-0.09680666666666667,-0.03146472222222222
2025-08-09T17:00:00Z,Tilt5,Oki09,28,5.188166666666667,83.50516666666667,1.8401666666666667,3.8125,0.051881666666666666,0.018401666666666667,0.038125
2025-08-09T17:00:00Z,Tilt6,Oki11,0,1.8808333333333334,271.9571666666667,1.5571666666666666,-0.7245,0.018808333333333333,0.015571666666666668,-0.007245
2025-08-09T17:00:00Z,Tilt7,Oki15,0,1.6155055555555555,195.84016666666668,-0.3090777777777778,0.05929722222222222,0.016155055555555554,-0.003090777777777778,5.929722222222223e-4
2025-08-09T17:00:00Z,Tilt8,Oki14,0,5.331277777777777,259.0687222222222,-0.7106111111111111,-4.8495,0.05331277777777778,-0.007106111111111112,-0.048495
2025-08-09T18:00:00Z,Tilt1,Oki02,13,1.3621666666666667,128.44216666666668,-0.7883333333333333,0.9346666666666666,0.013621666666666667,-0.007883333333333334,0.009346666666666666
2025-08-09T18:00:00Z,Tilt2,Oki03,42,1.0925,55.7445,0.5565,0.8588333333333333,0.010925,0.005565,0.008588333333333333
2025-08-09T18:00:00Z,Tilt3,Oki04,50,4.547833333333333,291.154,2.5211666666666668,-3.3615,0.045478333333333336,0.025211666666666667,-0.033615
2025-08-09T18:00:00Z,Tilt4,Oki07,0,11.336083333333333,209.9383611111111,-9.374638888888889,-4.781138888888889,0.11336083333333334,-0.09374638888888889,-0.04781138888888889
2025-08-09T18:00:00Z,Tilt5,Oki09,28,3.434833333333333,43.07233333333333,2.7256666666666667,1.5225,0.034348333333333335,0.02725666666666667,0.015225
2025-08-09T18:00:00Z,Tilt6,Oki11,0,1.9105,266.61266666666666,1.7113333333333334,-0.4563333333333333,0.019105,0.017113333333333335,-0.004563333333333333
2025-08-09T18:00:00Z,Tilt7,Oki15,0,1.4319638888888888,189.67411388888888,-0.5272611111111111,0.10241666666666667,0.014319638888888889,-0.005272611111111112,0.0010241666666666667
2025-08-09T18:00:00Z,Tilt8,Oki14,0,2.8955555555555557,232.36283333333333,-0.5970555555555556,-2.4868333333333332,0.028955555555555557,-0.005970555555555555,-0.024868333333333336
2025-08-09T19:00:00Z,Tilt1,Oki02,13,2.0896666666666666,99.70266666666667,-0.05216666666666667,1.7126666666666668,0.020896666666666668,-5.216666666666667e-4,0.01712666666666667
2025-08-09T19:00:00Z,Tilt2,Oki03,42,1.0596666666666668,55.387166666666666,0.567,0.8371666666666666,0.010596666666666667,0.00567,0.008371666666666666
2025-08-09T19:00:00Z,Tilt3,Oki04,50,4.511833333333334,310.31783333333334,2.8871666666666664,-3.2626666666666666,0.04511833333333334,0.028871666666666667,-0.032626666666666665
2025-08-09T19:00:00Z,Tilt4,Oki07,0,7.167694444444444,230.64991666666666,-3.970361111111111,-4.938527777777778,0.07167694444444445,-0.03970361111111111,-0.04938527777777778
2025-08-09T19:00:00Z,Tilt5,Oki09,28,1.8121666666666667,108.23333333333333,1.0783333333333334,0.8008333333333333,0.018121666666666668,0.010783333333333334,0.008008333333333334
2025-08-09T19:00:00Z,Tilt6,Oki11,0,0.356,227.9295,-0.021333333333333333,-0.124,0.0035600000000000002,-2.133333333333333e-4,-0.00124
2025-08-09T19:00:00Z,Tilt7,Oki15,0,1.3203305555555556,192.498375,-0.6035277777777778,0.0012583333333333292,0.013203305555555557,-0.006035277777777778,1.2583333333333296e-5
2025-08-09T19:00:00Z,Tilt8,Oki14,0,4.753666666666667,225.1281111111111,-3.1255,-3.1034444444444444,0.047536666666666665,-0.031255,-0.031034444444444444
2025-08-09T20:00:00Z,Tilt1,Oki02,13,2.697,113.50216666666667,-1.0636666666666668,1.962,0.02697,-0.010636666666666668,0.019620000000000002
2025-08-09T20:00:00Z,Tilt2,Oki03,42,1.2825,61.80233333333333,0.58,1.0816666666666668,0.012825,0.0058000000000000005,0.010816666666666667
2025-08-09T20:00:00Z,Tilt3,Oki04,50,13.4695,297.69733333333335,5.928,-11.8545,0.134695,0.05928,-0.118545
2025-08-09T20:00:00Z,Tilt4,Oki07,0,5.909305555555556,262.3001388888889,-1.0223333333333333,-5.29625,0.05909305555555556,-0.010223333333333333,-0.0529625
2025-08-09T20:00:00Z,Tilt5,Oki09,28,1.4548333333333334,78.26816666666667,0.5335,0.6411666666666667,0.014548333333333333,0.005335,0.006411666666666667
2025-08-09T20:00:00Z,Tilt6,Oki11,0,0.3433333333333333,252.38033333333334,0.050833333333333335,-0.2235,0.0034333333333333334,5.083333333333333e-4,-0.002235
2025-08-09T20:00:00Z,Tilt7,Oki15,0,1.1991972222222222,189.83581944444444,-0.5562722222222223,0.09783611111111111,0.011991972222222223,-0.005562722222222222,9.78361111111111e-4
2025-08-09T20:00:00Z,Tilt8,Oki14,0,3.9685555555555556,227.6433888888889,-1.5034444444444446,-2.301111111111111,0.03968555555555556,-0.015034444444444446,-0.02301111111111111
2025-08-09T21:00:00Z,Tilt1,Oki02,13,2.014,118.58183333333334,-0.9248333333333333,1.6226666666666667,0.02014,-0.009248333333333334,0.016226666666666667
2025-08-09T21:00:00Z,Tilt2,Oki03,42,0.7696666666666667,51.374,0.5,0.5378333333333334,0.007696666666666667,0.005,0.005378333333333333
2025-08-09T21:00:00Z,Tilt3,Oki04,50,4.1866666666666665,188.34,2.3366666666666664,-2.0195,0.04186666666666667,0.023366666666666668,-0.020194999999999998
2025-08-09T21:00:00Z,Tilt4,Oki07,0,3.6764444444444444,196.77638888888887,0.9010277777777778,-1.0478888888888889,0.03676444444444445,0.009010277777777779,-0.010478888888888888
2025-08-09T21:00:00Z,Tilt5,Oki09,28,1.546,122.93616666666667,0.6461666666666667,0.5715,0.01546,0.006461666666666667,0.0057150000000000005
2025-08-09T21:00:00Z,Tilt6,Oki11,0,0.29033333333333333,217.971,-0.0615,-0.08533333333333333,0.0029033333333333333,-6.15e-4,-8.533333333333333e-4
2025-08-09T21:00:00Z,Tilt7,Oki15,0,1.1900583333333334,193.522,-0.44355555555555554,0.06513888888888889,0.011900583333333334,-0.0044355555555555554,6.513888888888889e-4
2025-08-09T21:00:00Z,Tilt8,Oki14,0,2.036722222222222,95.59138888888889,0.988,1.2274444444444446,0.020367222222222224,0.00988,0.012274444444444445
2025-08-09T22:00:00Z,Tilt1,Oki02,13,1.8883333333333334,127.30866666666667,-1.173,1.2481666666666666,0.018883333333333332,-0.01173,0.012481666666666667
2025-08-09T22:00:00Z,Tilt2,Oki03,42,0.7785,55.342666666666666,0.5178333333333334,0.505,0.007785,0.005178333333333333,0.00505
2025-08-09T22:00:00Z,Tilt3,Oki04,50,2.171,73.26216666666667,1.111,1.5891666666666666,0.02171,0.01111,0.01589166666666667
2025-08-09T22:00:00Z,Tilt4,Oki07,0,2.603638888888889,139.02305555555554,1.5658611111111111,0.6482777777777777,0.02603638888888889,0.015658611111111113,0.006482777777777777
2025-08-09T22:00:00Z,Tilt5,Oki09,28,2.2108333333333334,163.16716666666667,-0.602,0.5296666666666666,0.022108333333333334,-0.00602,0.0052966666666666665
2025-08-09T22:00:00Z,Tilt6,Oki11,0,0.7898333333333333,221.02033333333333,-0.5003333333333333,-0.4435,0.007898333333333334,-0.005003333333333334,-0.004435
2025-08-09T22:00:00Z,Tilt7,Oki15,0,1.1153472222222223,190.96184444444444,-0.462525,0.0794861111111111,0.011153472222222223,-0.00462525,7.948611111111111e-4
2025-08-09T22:00:00Z,Tilt8,Oki14,0,8.339944444444445,62.897,3.764222222222222,7.314666666666667,0.08339944444444444,0.03764222222222222,0.07314666666666667
2025-08-09T23:00:00Z,Tilt1,Oki02,13,1.6026666666666667,108.77833333333334,-0.37083333333333335,1.4771666666666667,0.016026666666666668,-0.0037083333333333334,0.014771666666666667
2025-08-09T23:00:00Z,Tilt2,Oki03,42,0.7378333333333333,93.83183333333334,0.4785,0.4023333333333333,0.007378333333333333,0.004785,0.004023333333333334
2025-08-09T23:00:00Z,Tilt3,Oki04,50,2.6611666666666665,125.72516666666667,2.1101666666666667,0.6523333333333333,0.02661166666666667,0.021101666666666668,0.006523333333333333
2025-08-09T23:00:00Z,Tilt4,Oki07,0,4.4665,186.86116666666666,-3.9700277777777777,-0.5560277777777778,0.044665,-0.03970027777777778,-0.005560277777777778
2025-08-09T23:00:00Z,Tilt5,Oki09,28,3.0768333333333335,108.61566666666667,-1.715,1.3936666666666666,0.030768333333333335,-0.017150000000000002,0.013936666666666667
2025-08-09T23:00:00Z,Tilt6,Oki11,0,0.5841666666666666,233.28,-0.223,-0.4035,0.005841666666666667,-0.00223,-0.004035
2025-08-09T23:00:00Z,Tilt7,Oki15,0,1.2132555555555555,190.421775,-0.5110944444444444,0.08071111111111111,0.012132555555555556,-0.005110944444444445,8.071111111111111e-4
2025-08-09T23:00:00Z,Tilt8,Oki14,0,9.20738888888889,74.10133333333333,2.521,8.800666666666666,0.09207388888888889,0.02521,0.08800666666666666
2025-08-10T00:00:00Z,Tilt1,Oki02,13,4.1075,84.88383333333333,0.48883333333333334,4.0473333333333334,0.041075,0.004888333333333334,0.04047333333333333
2025-08-10T00:00:00Z,Tilt2,Oki03,42,0.8676666666666667,82.6095,0.6786666666666666,0.371,0.008676666666666668,0.0067866666666666665,0.00371
2025-08-10T00:00:00Z,Tilt3,Oki04,50,1.1971666666666667,153.88316666666665,0.5488333333333333,0.2876666666666667,0.011971666666666667,0.005488333333333334,0.0028766666666666667
2025-08-10T00:00:00Z,Tilt4,Oki07,0,9.627305555555555,85.04961111111112,7.17175,3.438111111111111,0.09627305555555556,0.0717175,0.03438111111111111
2025-08-10T00:00:00Z,Tilt5,Oki09,28,1.0785,94.99866666666667,-0.0105,0.7753333333333333,0.010785,-1.0499999999999994e-4,0.007753333333333333
2025-08-10T00:00:00Z,Tilt6,Oki11,0,0.5131666666666667,226.81716666666668,-0.15766666666666668,-0.2985,0.005131666666666667,-0.0015766666666666668,-0.0029850000000000002
2025-08-10T00:00:00Z,Tilt7,Oki15,0,1.4044611111111112,192.5435527777778,-0.446525,0.10266111111111112,0.014044611111111112,-0.0044652500000000005,0.0010266111111111112
2025-08-10T00:00:00Z,Tilt8,Oki14,0,11.527777777777779,72.273,3.463722222222222,10.908611111111112,0.11527777777777778,0.03463722222222222,0.1090861111111111
2025-08-10T01:00:00Z,Tilt1,Oki02,13,2.6668333333333334,76.0245,0.6201666666666666,2.3566666666666665,0.026668333333333336,0.006201666666666667,0.023566666666666666
2025-08-10T01:00:00Z,Tilt2,Oki03,42,0.925,46.779333333333334,0.5878333333333333,0.635,0.00925,0.0058783333333333335,0.006350000000000001
2025-08-10T01:00:00Z,Tilt3,Oki04,50,1.3438333333333334,54.980000000000004,0.6708333333333333,1.0506666666666666,0.013438333333333333,0.0067083333333333335,0.010506666666666668
2025-08-10T01:00:00Z,Tilt4,Oki07,0,15.501388888888888,55.38222222222222,14.531277777777778,4.17025,0.1550138888888889,0.1453127777777778,0.041702500000000003
2025-08-10T01:00:00Z,Tilt5,Oki09,28,1.0686666666666667,75.21333333333334,0.23900000000000002,0.7693333333333333,0.010686666666666667,0.00239,0.007693333333333333
2025-08-10T01:00:00Z,Tilt6,Oki11,0,0.4315,234.9205,-0.14583333333333334,-0.22483333333333333,0.004315,-0.0014583333333333334,-0.0022483333333333335
2025-08-10T01:00:00Z,Tilt7,Oki15,0,1.498175,195.66219166666667,-0.4945305555555556,0.040119444444444444,0.01498175,-0.004945305555555556,4.011944444444444e-4
2025-08-10T01:00:00Z,Tilt8,Oki14,0,2.8691666666666666,176.81688888888888,-1.075,-0.8704999999999999,0.028691666666666667,-0.01075,-0.008705000000000001
2025-08-10T02:00:00Z,Tilt1,Oki02,13,1.9273333333333333,106.9625,-0.2205,1.788,0.019273333333333333,-0.002205,0.01788
2025-08-10T02:00:00Z,Tilt2,Oki03,42,0.8155,41.68183333333334,0.5618333333333333,0.524,0.008155,0.005618333333333334,0.00524
2025-08-10T02:00:00Z,Tilt3,Oki04,50,2.0165,78.98716666666667,1.2501666666666666,1.1865,0.020165000000000002,0.012501666666666666,0.011865
2025-08-10T02:00:00Z,Tilt4,Oki07,0,17.973277777777778,47.01808333333334,16.889916666666668,5.017944444444445,0.1797327777777778,0.16889916666666666,0.05017944444444444
2025-08-10T02:00:00Z,Tilt5,Oki09,28,1.5955,149.13083333333333,1.4241666666666666,0.06566666666666666,0.015955,0.014241666666666666,6.566666666666666e-4
2025-08-10T02:00:00Z,Tilt6,Oki11,0,0.32583333333333336,203.933,-0.12766666666666668,-0.103,0.0032583333333333336,-0.0012766666666666666,-0.00103
2025-08-10T02:00:00Z,Tilt7,Oki15,0,1.4728611111111112,190.08868055555556,-0.16455277777777777,0.0871611111111111,0.01472861111111111,-0.0016455277777777779,8.716111111111111e-4
2025-08-10T02:00:00Z,Tilt8,Oki14,0,6.537388888888889,215.1356111111111,-5.1885,-3.5929444444444445,0.06537388888888888,-0.051885,-0.035929444444444444
2025-08-10T03:00:00Z,Tilt1,Oki02,13,1.1743333333333332,135.191,-0.8046666666666666,0.7821666666666667,0.011743333333333333,-0.008046666666666667,0.007821666666666668
2025-08-10T03:00:00Z,Tilt2,Oki03,42,0.7441666666666666,84.40066666666667,0.6358333333333334,0.20650000000000002,0.007441666666666667,0.006358333333333333,0.002065
2025-08-10T03:00:00Z,Tilt3,Oki04,50,1.8028333333333333,69.3945,1.4156666666666666,0.7928333333333334,0.018028333333333334,0.014156666666666666,0.007928333333333334
2025-08-10T03:00:00Z,Tilt4,Oki07,0,7.515916666666667,86.13008333333333,6.878138888888889,2.0848333333333335,0.07515916666666667,0.06878138888888889,0.020848333333333333
2025-08-10T03:00:00Z,Tilt5,Oki09,28,1.3468333333333333,29.207833333333333,1.2231666666666667,0.5028333333333334,0.013468333333333334,0.012231666666666667,0.0050283333333333334
2025-08-10T03:00:00Z,Tilt6,Oki11,0,0.48683333333333334,228.66083333333333,0.20516666666666666,-0.12683333333333333,0.004868333333333333,0.0020516666666666665,-0.0012683333333333333
2025-08-10T03:00:00Z,Tilt7,Oki15,0,1.573911111111111,187.46152222222221,-0.3688694444444444,0.1904361111111111,0.01573911111111111,-0.0036886944444444445,0.0019043611111111112
2025-08-10T03:00:00Z,Tilt8,Oki14,0,4.741055555555556,210.81822222222223,-3.437777777777778,-2.579388888888889,0.04741055555555556,-0.03437777777777778,-0.02579388888888889
2025-08-10T04:00:00Z,Tilt1,Oki02,13,1.1816666666666666,111.85166666666667,-0.4216666666666667,0.8743333333333333,0.011816666666666666,-0.004216666666666667,0.008743333333333334
2025-08-10T04:00:00Z,Tilt2,Oki03,42,0.7541666666666667,133.0815,0.6145,0.14666666666666667,0.007541666666666667,0.006145,0.0014666666666666667
2025-08-10T04:00:00Z,Tilt3,Oki04,50,4.5405,309.92716666666666,2.902833333333333,-3.2388333333333335,0.045405,0.029028333333333333,-0.03238833333333333
2025-08-10T04:00:00Z,Tilt4,Oki07,0,2.0120277777777775,180.83625,0.2862222222222222,-0.03383333333333334,0.02012027777777778,0.002862222222222222,-3.383333333333335e-4
2025-08-10T04:00:00Z,Tilt5,Oki09,28,2.661,45.6725,1.6826666666666668,1.8473333333333333,0.02661,0.016826666666666667,0.018473333333333335
2025-08-10T04:00:00Z,Tilt6,Oki11,0,0.6348333333333334,169.5105,0.13616666666666666,0.09066666666666667,0.0063483333333333334,0.0013616666666666666,9.066666666666666e-4
2025-08-10T04:00:00Z,Tilt7,Oki15,0,1.5136527777777777,193.13484722222222,-0.20353333333333334,0.045719444444444444,0.015136527777777778,-0.0020353333333333334,4.571944444444445e-4
2025-08-10T04:00:00Z,Tilt8,Oki14,0,4.799444444444444,208.67155555555556,-3.366111111111111,-2.306722222222222,0.047994444444444444,-0.033661111111111114,-0.02306722222222222
2025-08-10T05:00:00Z,Tilt1,Oki02,13,1.2473333333333334,122.30133333333333,-0.62283333333333335,0.9913333333333333,0.012473333333333333,-0.006228333333333333,0.009913333333333333
2025-08-10T05:00:00Z,Tilt2,Oki03,42,0.9155,44.3305,0.6278333333333334,0.62283333333333335,0.009155,0.006278333333333334,0.006228333333333333
2025-08-10T05:00:00Z,Tilt3,Oki04,50,2.1853333333333333,222.98633333333333,0.9126666666666666,-1.3105,0.021853333333333336,0.009126666666666667,-0.013105
2025-08-10T05:00:00Z,Tilt4,Oki07,0,6.407388888888889,188.99661111111112,-5.933472222222222,-1.1078055555555555,0.06407388888888889,-0.059334722222222226,-0.011078055555555556
2025-08-10T05:00:00Z,Tilt5,Oki09,28,4.996166666666666,92.46566666666666,-0.3463333333333333,4.686166666666667,0.04996166666666667,-0.0034633333333333335,0.04686166666666667
2025-08-10T05:00:00Z,Tilt6,Oki11,0,0.3373333333333333,209.19166666666666,0.0535,-0.036166666666666666,0.0033733333333333332,5.35e-4,-3.6166666666666666e-4
2025-08-10T05:00:00Z,Tilt7,Oki15,0,1.5037,192.7972861111111,-0.4351138888888889,0.07682777777777777,0.015037,-0.004351138888888889,7.682777777777778e-4
2025-08-10T05:00:00Z,Tilt8,Oki14,0,4.5023888888888886,248.01944444444445,-1.6163333333333334,-3.7070555555555553,0.04502388888888889,-0.016163333333333335,-0.03707055555555556
2025-08-10T06:00:00Z,Tilt1,Oki02,13,1.6566666666666667,128.07033333333334,-0.869,1.1808333333333334,0.016566666666666667,-0.00869,0.011808333333333334
2025-08-10T06:00:00Z,Tilt2,Oki03,42,1.163,128.4495,0.9321666666666667,0.3358333333333333,0.01163,0.009321666666666667,0.0033583333333333334
2025-08-10T06:00:00Z,Tilt3,Oki04,50,1.8103333333333333,191.55566666666667,1.0515,-0.46449999999999997,0.018103333333333332,0.010515,-0.004645
2025-08-10T06:00:00Z,Tilt4,Oki07,0,6.529416666666667,199.02622222222223,-5.657361111111111,-1.6177222222222223,0.06529416666666667,-0.05657361111111111,-0.01617722222222222
2025-08-10T06:00:00Z,Tilt5,Oki09,28,2.597166666666667,65.56183333333334,0.9646666666666667,2.253833333333333,0.025971666666666667,0.009646666666666666,0.022538333333333334
2025-08-10T06:00:00Z,Tilt6,Oki11,0,0.5456666666666666,213.05416666666667,0.28783333333333333,-0.13616666666666666,0.005456666666666667,0.0028783333333333334,-0.0013616666666666666
2025-08-10T06:00:00Z,Tilt7,Oki15,0,1.4495666666666667,189.44370833333332,-0.4561527777777778,0.11964444444444444,0.014495666666666667,-0.004561527777777778,0.0011964444444444444
2025-08-10T06:00:00Z,Tilt8,Oki14,0,8.234333333333334,216.6677222222222,-6.493166666666666,-4.452333333333334,0.08234333333333334,-0.06493166666666667,-0.04452333333333333
2025-08-10T07:00:00Z,Tilt1,Oki02,13,1.9173333333333333,113.44283333333333,-0.5205,1.5021666666666667,0.019173333333333334,-0.005205,0.015021666666666668
2025-08-10T07:00:00Z,Tilt2,Oki03,42,0.8128333333333333,33.88633333333333,0.661,0.427,0.008128333333333333,0.00661,0.00427
2025-08-10T07:00:00Z,Tilt3,Oki04,50,0.9068333333333334,91.752,0.43066666666666664,0.5873333333333334,0.009068333333333333,0.004306666666666667,0.005873333333333334
2025-08-10T07:00:00Z,Tilt4,Oki07,0,3.8419166666666666,202.88327777777778,-2.6626666666666665,-1.4741111111111111,0.038419166666666664,-0.026626666666666667,-0.014741111111111111
2025-08-10T07:00:00Z,Tilt5,Oki09,28,1.613,47.67733333333334,1.0336666666666667,1.1136666666666666,0.016130000000000002,0.010336666666666668,0.011136666666666666
2025-08-10T07:00:00Z,Tilt6,Oki11,0,1.3045,274.3625,1.1515,-0.38216666666666665,0.013045,0.011515000000000001,-0.003821666666666667
2025-08-10T07:00:00Z,Tilt7,Oki15,0,1.4196777777777778,191.68435277777778,-0.6582583333333333,0.037505555555555556,0.014196777777777779,-0.0065825833333333335,3.7505555555555556e-4
2025-08-10T07:00:00Z,Tilt8,Oki14,0,13.931333333333333,208.21061111111112,-11.592444444444444,-6.411277777777778,0.13931333333333334,-0.11592444444444444,-0.06411277777777778
2025-08-10T08:00:00Z,Tilt1,Oki02,13,1.5206666666666666,110.10266666666666,-0.44016666666666665,1.3141666666666667,0.015206666666666667,-0.004401666666666667,0.013141666666666668
2025-08-10T08:00:00Z,Tilt2,Oki03,42,0.8255,46.883833333333335,0.5311666666666667,0.5676666666666667,0.008255,0.005311666666666667,0.005676666666666667
2025-08-10T08:00:00Z,Tilt3,Oki04,50,4.422166666666667,230.88833333333332,1.7993333333333332,-3.3778333333333332,0.044221666666666666,0.017993333333333333,-0.033778333333333334
2025-08-10T08:00:00Z,Tilt4,Oki07,0,1.8158888888888889,177.23533333333333,-0.9119166666666667,0.1555,0.018158888888888888,-0.009119166666666668,0.0015550000000000002
2025-08-10T08:00:00Z,Tilt5,Oki09,28,8.338666666666667,106.8695,-2.5645,7.801833333333334,0.08338666666666666,-0.025645,0.07801833333333333
2025-08-10T08:00:00Z,Tilt6,Oki11,0,0.5271666666666667,202.55716666666666,0.2935,-0.132,0.005271666666666667,0.002935,-0.00132
2025-08-10T08:00:00Z,Tilt7,Oki15,0,2.2992777777777778,182.58224722222224,-1.8853333333333333,0.03135555555555555,0.02299277777777778,-0.018853333333333333,3.1355555555555553e-4
2025-08-10T08:00:00Z,Tilt8,Oki14,0,12.120444444444445,66.83394444444444,6.189277777777778,10.056611111111112,0.12120444444444445,0.061892777777777776,0.10056611111111112
2025-08-10T09:00:00Z,Tilt1,Oki02,13,1.543,106.1205,-0.38333333333333336,1.3156666666666668,0.015430000000000001,-0.0038333333333333336,0.013156666666666667
2025-08-10T09:00:00Z,Tilt2,Oki03,42,1.766,61.321666666666665,0.7805,1.5243333333333333,0.01766,0.007805,0.015243333333333334
2025-08-10T09:00:00Z,Tilt3,Oki04,50,7.541166666666666,260.0965,3.85,-5.892333333333333,0.07541166666666667,0.0385,-0.058923333333333335
2025-08-10T09:00:00Z,Tilt4,Oki07,0,3.3498055555555557,203.51708333333332,-2.489138888888889,-1.044638888888889,0.03349805555555556,-0.02489138888888889,-0.010446388888888889
2025-08-10T09:00:00Z,Tilt5,Oki09,28,2.0401666666666665,64.98716666666667,0.5616666666666666,1.5941666666666667,0.020401666666666665,0.0056166666666666665,0.015941666666666666
2025-08-10T09:00:00Z,Tilt6,Oki11,0,0.8935,180.82133333333334,-0.5670000000000001,-0.107,0.008935,-0.00567,-0.00107
2025-08-10T09:00:00Z,Tilt7,Oki15,0,1.9721638888888888,186.28279722222223,-1.511036111111111,-0.059963888888888886,0.01972163888888889,-0.015110361111111111,-5.996388888888888e-4
2025-08-10T09:00:00Z,Tilt8,Oki14,0,12.113222222222221,119.1555,6.086888888888889,9.007277777777778,0.12113222222222222,0.06086888888888889,0.09007277777777778
2025-08-10T10:00:00Z,Tilt1,Oki02,13,1.434,112.65966666666667,-0.4081666666666667,1.161,0.01434,-0.004081666666666667,0.01161
2025-08-10T10:00:00Z,Tilt2,Oki03,42,0.929,58.07333333333333,0.5741666666666667,0.6593333333333333,0.00929,0.005741666666666667,0.006593333333333333
2025-08-10T10:00:00Z,Tilt3,Oki04,50,1.7961666666666667,84.942,0.47150000000000003,1.431,0.017961666666666667,0.0047150000000000004,0.01431
2025-08-10T10:00:00Z,Tilt4,Oki07,0,4.140833333333333,204.78300000000002,-3.0050833333333333,-1.7375277777777778,0.04140833333333333,-0.030050833333333332,-0.017375277777777778
2025-08-10T10:00:00Z,Tilt5,Oki09,28,3.6791666666666667,158.4335,-3.3651666666666666,0.9808333333333333,0.03679166666666667,-0.03365166666666667,0.009808333333333334
2025-08-10T10:00:00Z,Tilt6,Oki11,0,1.562,239.15583333333333,-0.494,-1.2466666666666666,0.01562,-0.00494,-0.012466666666666668
2025-08-10T10:00:00Z,Tilt7,Oki15,0,2.1258194444444443,180.37034444444444,-1.7304666666666666,0.10642499999999999,0.021258194444444444,-0.017304666666666666,0.00106425
2025-08-10T10:00:00Z,Tilt8,Oki14,0,8.761444444444445,90.25955555555555,1.7042777777777778,8.259555555555556,0.08761444444444444,0.017042777777777778,0.08259555555555556
2025-08-10T11:00:00Z,Tilt1,Oki02,13,1.7268333333333332,101.92983333333333,-0.2778333333333333,1.6473333333333333,0.017268333333333333,-0.0027783333333333336,0.016473333333333333
2025-08-10T11:00:00Z,Tilt2,Oki03,42,0.7488333333333334,84.44,0.6671666666666667,0.19666666666666666,0.007488333333333334,0.006671666666666667,0.0019666666666666665
2025-08-10T11:00:00Z,Tilt3,Oki04,50,1.5346666666666666,76.7005,0.4688333333333333,1.2241666666666666,0.015346666666666666,0.004688333333333333,0.012241666666666666
2025-08-10T11:00:00Z,Tilt4,Oki07,0,2.344388888888889,156.9055277777778,0.23816666666666667,0.27399999999999997,0.02344388888888889,0.002381666666666667,0.00274
2025-08-10T11:00:00Z,Tilt5,Oki09,28,6.3148333333333335,152.20666666666668,-5.572166666666667,2.3561666666666667,0.06314833333333333,-0.05572166666666667,0.023561666666666668
2025-08-10T11:00:00Z,Tilt6,Oki11,0,0.9473333333333334,230.27366666666666,-0.476,-0.44166666666666665,0.009473333333333334,-0.00476,-0.004416666666666667
2025-08-10T11:00:00Z,Tilt7,Oki15,0,1.4799972222222222,181.2933277777778,-0.9608305555555555,0.1965611111111111,0.014799972222222223,-0.009608305555555556,0.001965611111111111
2025-08-10T11:00:00Z,Tilt8,Oki14,0,6.9013333333333335,83.51477777777778,0.8694444444444445,6.758111111111111,0.06901333333333333,0.008694444444444444,0.0675811111111111
2025-08-10T12:00:00Z,Tilt1,Oki02,13,3.0938333333333334,89.7785,0.30633333333333335,2.9463333333333335,0.030938333333333335,0.0030633333333333333,0.029463333333333334
2025-08-10T12:00:00Z,Tilt2,Oki03,42,0.7806666666666666,53.2065,0.4691666666666667,0.5298333333333334,0.007806666666666667,0.004691666666666667,0.005298333333333334
2025-08-10T12:00:00Z,Tilt3,Oki04,50,1.1203333333333334,76.59283333333333,0.2956666666666667,0.8733333333333333,0.011203333333333334,0.002956666666666667,0.008733333333333334
2025-08-10T12:00:00Z,Tilt4,Oki07,0,8.038083333333333,54.099666666666664,6.971611111111111,3.2624166666666667,0.08038083333333333,0.06971611111111112,0.03262416666666667
2025-08-10T12:00:00Z,Tilt5,Oki09,28,5.817166666666667,153.46533333333335,-5.4035,1.437,0.05817166666666667,-0.054035,0.01437
2025-08-10T12:00:00Z,Tilt6,Oki11,0,0.603,228.39933333333335,-0.247,-0.2788333333333333,0.00603,-0.00247,-0.002788333333333333
2025-08-10T12:00:00Z,Tilt7,Oki15,0,1.2436222222222222,191.2032027777778,-0.4807527777777778,0.07568888888888889,0.012436222222222222,-0.004807527777777778,7.568888888888889e-4
2025-08-10T12:00:00Z,Tilt8,Oki14,0,6.692722222222223,79.37933333333334,1.049,6.3709999999999996,0.06692722222222222,0.01049,0.06371
2025-08-10T13:00:00Z,Tilt1,Oki02,13,1.5225,123.51916666666666,-0.7641666666666667,1.1431666666666667,0.015225,-0.007641666666666666,0.011431666666666666
2025-08-10T13:00:00Z,Tilt2,Oki03,42,0.768,47.305166666666665,0.5758333333333333,0.43416666666666665,0.00768,0.005758333333333333,0.004341666666666666
2025-08-10T13:00:00Z,Tilt3,Oki04,50,1.7865,76.72083333333333,0.5501666666666667,1.3283333333333334,0.017865,0.005501666666666667,0.013283333333333333
2025-08-10T13:00:00Z,Tilt4,Oki07,0,19.062305555555554,41.98861111111111,17.482416666666666,6.376888888888889,0.19062305555555556,0.17482416666666667,0.06376888888888889
2025-08-10T13:00:00Z,Tilt5,Oki09,28,1.103,53.1245,0.6491666666666667,0.6803333333333333,0.01103,0.006491666666666666,0.006803333333333334
2025-08-10T13:00:00Z,Tilt6,Oki11,0,0.9693333333333334,207.71166666666667,-0.5241666666666667,-0.29283333333333333,0.009693333333333333,-0.005241666666666667,-0.002928333333333333
2025-08-10T13:00:00Z,Tilt7,Oki15,0,1.4324722222222221,189.9338361111111,-0.47494166666666665,0.11966388888888889,0.014324722222222223,-0.0047494166666666665,0.0011966388888888888
2025-08-10T13:00:00Z,Tilt8,Oki14,0,2.5479444444444446,236.1803888888889,-0.5778888888888889,-1.7985555555555555,0.025479444444444443,-0.005778888888888889,-0.017985555555555557
2025-08-10T14:00:00Z,Tilt1,Oki02,13,1.2065,107.941,-0.27516666666666667,1.0638333333333334,0.012065,-0.0027516666666666666,0.010638333333333333
2025-08-10T14:00:00Z,Tilt2,Oki03,42,0.7623333333333333,121.38116666666667,0.44033333333333335,0.4335,0.0076233333333333335,0.004403333333333334,0.004335
2025-08-10T14:00:00Z,Tilt3,Oki04,50,3.2176666666666667,92.73283333333333,1.098,2.4038333333333335,0.032176666666666666,0.01098,0.024038333333333335
2025-08-10T14:00:00Z,Tilt4,Oki07,0,20.012305555555557,47.052527777777776,18.639833333333332,5.909416666666667,0.20012305555555557,0.18639833333333333,0.05909416666666667
2025-08-10T14:00:00Z,Tilt5,Oki09,28,1.7603333333333333,29.529,1.5023333333333333,0.8160000000000001,0.017603333333333332,0.015023333333333333,0.00816
2025-08-10T14:00:00Z,Tilt6,Oki11,0,0.9036666666666667,150.56183333333334,-0.6553333333333333,0.4781666666666667,0.009036666666666667,-0.006553333333333334,0.004781666666666667
2025-08-10T14:00:00Z,Tilt7,Oki15,0,1.5052388888888888,194.29424444444444,-0.39413611111111113,0.06872777777777778,0.01505238888888889,-0.003941361111111111,6.872777777777778e-4
2025-08-10T14:00:00Z,Tilt8,Oki14,0,3.976722222222222,220.22344444444445,-2.7343333333333333,-2.639777777777778,0.039767222222222225,-0.027343333333333334,-0.026397777777777777
2025-08-10T15:00:00Z,Tilt1,Oki02,13,1.1571666666666667,179.1515,-0.74783333333333335,-0.24733333333333332,0.011571666666666666,-0.007478333333333333,-0.0024733333333333335
2025-08-10T15:00:00Z,Tilt2,Oki03,42,0.8495,51.96666666666667,0.5650000000000001,0.5628333333333333,0.008495,0.00565,0.005628333333333333
2025-08-10T15:00:00Z,Tilt3,Oki04,50,1.7681666666666667,160.56983333333332,0.8811666666666667,0.06783333333333333,0.01768166666666667,0.008811666666666667,6.783333333333334e-4
2025-08-10T15:00:00Z,Tilt4,Oki07,0,14.315472222222223,56.90797222222222,13.233472222222222,4.342555555555555,0.14315472222222222,0.13233472222222223,0.04342555555555556
2025-08-10T15:00:00Z,Tilt5,Oki09,28,1.6875,40.063,1.262,1.0043333333333333,0.016875,0.01262,0.010043333333333333
2025-08-10T15:00:00Z,Tilt6,Oki11,0,0.6106666666666667,151.11233333333334,-0.3355,0.2836666666666667,0.0061066666666666665,-0.003355,0.0028366666666666666
2025-08-10T15:00:00Z,Tilt7,Oki15,0,1.9048416666666665,195.4363111111111,-0.40481666666666666,0.08165,0.01904841666666667,-0.004048166666666667,8.165e-4
2025-08-10T15:00:00Z,Tilt8,Oki14,0,3.752388888888889,211.97305555555556,-2.1905555555555556,-2.3521666666666667,0.03752388888888889,-0.021905555555555557,-0.023521666666666666
2025-08-10T16:00:00Z,Tilt1,Oki02,13,1.4323333333333332,113.52316666666667,-0.38316666666666666,1.0665,0.014323333333333334,-0.003831666666666667,0.010665000000000001
2025-08-10T16:00:00Z,Tilt2,Oki03,42,1.0635000000000001,41.82683333333333,0.7618333333333334,0.675,0.010635,0.007618333333333334,0.00675
2025-08-10T16:00:00Z,Tilt3,Oki04,50,5.104,288.54116666666664,2.161166666666667,-4.230833333333333,0.05104,0.021611666666666668,-0.04230833333333334
2025-08-10T16:00:00Z,Tilt4,Oki07,0,3.714277777777778,187.4051388888889,2.7894444444444444,0.06825,0.03714277777777778,0.027894444444444444,6.825000000000001e-4
2025-08-10T16:00:00Z,Tilt5,Oki09,28,1.687,60.81916666666667,0.7816666666666666,1.3953333333333333,0.01687,0.007816666666666666,0.013953333333333333
2025-08-10T16:00:00Z,Tilt6,Oki11,0,0.5043333333333333,170.05533333333332,0.045,0.09683333333333333,0.005043333333333334,4.5000000000000004e-4,9.683333333333333e-4
2025-08-10T16:00:00Z,Tilt7,Oki15,0,1.8242027777777778,195.7143888888889,-0.4058833333333333,0.09556666666666666,0.018242027777777777,-0.0040588333333333336,9.556666666666667e-4
2025-08-10T16:00:00Z,Tilt8,Oki14,0,2.066,152.25438888888888,-0.6886666666666666,0.3396666666666667,0.02066,-0.006886666666666667,0.003396666666666667
2025-08-10T17:00:00Z,Tilt1,Oki02,13,1.1906666666666668,113.63833333333334,-0.2265,0.9075,0.011906666666666666,-0.002265,0.009075
2025-08-10T17:00:00Z,Tilt2,Oki03,42,0.8958333333333334,43.31016666666667,0.7436666666666667,0.4285,0.008958333333333334,0.007436666666666667,0.004285
2025-08-10T17:00:00Z,Tilt3,Oki04,50,4.694833333333333,295.3838333333333,2.1598333333333333,-3.9141666666666666,0.046948333333333335,0.021598333333333334,-0.039141666666666665
2025-08-10T17:00:00Z,Tilt4,Oki07,0,5.873166666666666,201.21058333333335,-5.109194444444444,-1.3672222222222223,0.05873166666666667,-0.05109194444444445,-0.013672222222222223
2025-08-10T17:00:00Z,Tilt5,Oki09,28,3.7306666666666666,83.485,-0.11516666666666668,3.2251666666666665,0.03730666666666667,-0.0011516666666666667,0.032251666666666665
2025-08-10T17:00:00Z,Tilt6,Oki11,0,0.5321666666666667,201.309,0.03933333333333334,-0.02316666666666667,0.005321666666666666,3.9333333333333337e-4,-2.316666666666667e-4
2025-08-10T17:00:00Z,Tilt7,Oki15,0,1.8108111111111111,192.90926666666667,-0.4462111111111111,0.08606666666666667,0.018108111111111113,-0.004462111111111111,8.606666666666667e-4
2025-08-10T17:00:00Z,Tilt8,Oki14,0,3.4735555555555555,121.40083333333334,0.8201666666666667,1.7416666666666667,0.034735555555555554,0.008201666666666666,0.017416666666666667
2025-08-10T18:00:00Z,Tilt1,Oki02,13,1.2351666666666667,130.58033333333333,-0.766,0.9158333333333334,0.012351666666666667,-0.00766,0.009158333333333334
2025-08-10T18:00:00Z,Tilt2,Oki03,42,1.1286666666666667,52.1095,0.814,0.7003333333333334,0.011286666666666667,0.00814,0.007003333333333334
2025-08-10T18:00:00Z,Tilt3,Oki04,50,4.618833333333334,298.3761666666667,2.0533333333333332,-3.9118333333333335,0.04618833333333333,0.020533333333333334,-0.03911833333333333
2025-08-10T18:00:00Z,Tilt4,Oki07,0,12.896166666666666,197.4206111111111,-11.679388888888889,-3.611861111111111,0.12896166666666667,-0.11679388888888889,-0.03611861111111111
2025-08-10T18:00:00Z,Tilt5,Oki09,28,6.879166666666666,109.39383333333333,-2.1915,6.272166666666667,0.06879166666666667,-0.021915,0.06272166666666666
2025-08-10T18:00:00Z,Tilt6,Oki11,0,1.839,283.29766666666666,1.5643333333333334,-0.608,0.01839,0.015643333333333335,-0.00608
2025-08-10T18:00:00Z,Tilt7,Oki15,0,1.4201833333333334,190.577175,-0.44401666666666667,0.11254444444444445,0.014201833333333334,-0.004440166666666667,0.0011254444444444445
2025-08-10T18:00:00Z,Tilt8,Oki14,0,2.6286111111111112,60.82494444444444,1.3249444444444445,2.0498333333333334,0.02628611111111111,0.013249444444444446,0.020498333333333334
2025-08-10T19:00:00Z,Tilt1,Oki02,13,1.4046666666666667,118.33283333333333,-0.631,1.1643333333333332,0.014046666666666667,-0.0063100000000000005,0.011643333333333334
2025-08-10T19:00:00Z,Tilt2,Oki03,42,1.152,49.84866666666667,0.6685,0.8808333333333334,0.01152,0.006685,0.008808333333333333
2025-08-10T19:00:00Z,Tilt3,Oki04,50,6.475833333333333,299.8426666666667,2.8733333333333335,-5.626,0.06475833333333333,0.028733333333333333,-0.056260000000000004
2025-08-10T19:00:00Z,Tilt4,Oki07,0,6.563666666666666,233.13377777777777,-2.986083333333333,-4.675305555555555,0.06563666666666666,-0.029860833333333333,-0.046753055555555555
2025-08-10T19:00:00Z,Tilt5,Oki09,28,2.6028333333333333,92.56183333333333,-0.07016666666666665,2.2495,0.026028333333333334,-7.016666666666665e-4,0.022495
2025-08-10T19:00:00Z,Tilt6,Oki11,0,1.322,248.36183333333332,1.1568333333333334,-0.329,0.01322,0.011568333333333333,-0.00329
2025-08-10T19:00:00Z,Tilt7,Oki15,0,1.159713888888889,188.6037,-0.43070555555555556,0.10820277777777777,0.01159713888888889,-0.004307055555555555,0.001082027777777778
2025-08-10T19:00:00Z,Tilt8,Oki14,0,2.9470555555555555,233.8407777777778,-0.19955555555555554,-2.031833333333333,0.029470555555555555,-0.0019955555555555555,-0.020318333333333334
2025-08-10T20:00:00Z,Tilt1,Oki02,13,2.0555,96.68783333333333,-0.015666666666666672,1.7301666666666666,0.020555,-1.5666666666666666e-4,0.017301666666666667
2025-08-10T20:00:00Z,Tilt2,Oki03,42,1.5801666666666667,65.0805,0.7116666666666667,1.2501666666666666,0.01580166666666667,0.007116666666666667,0.012501666666666666
2025-08-10T20:00:00Z,Tilt3,Oki04,50,10.671166666666666,296.6811666666667,4.432666666666667,-9.536833333333334,0.10671166666666666,0.04432666666666667,-0.09536833333333333
2025-08-10T20:00:00Z,Tilt4,Oki07,0,3.4384722222222224,204.37588888888888,-2.0770555555555554,-1.1452499999999999,0.034384722222222226,-0.020770555555555556,-0.011452500000000001
2025-08-10T20:00:00Z,Tilt5,Oki09,28,1.4836666666666667,86.14933333333333,0.05633333333333333,1.3775,0.014836666666666666,5.633333333333333e-4,0.013775
2025-08-10T20:00:00Z,Tilt6,Oki11,0,0.5571666666666667,247.23733333333334,0.289,-0.21216666666666667,0.005571666666666667,0.00289,-0.0021216666666666667
2025-08-10T20:00:00Z,Tilt7,Oki15,0,1.3165444444444445,187.27658888888888,-0.4927611111111111,0.17541944444444443,0.013165444444444445,-0.004927611111111111,0.0017541944444444445
2025-08-10T20:00:00Z,Tilt8,Oki14,0,14.98161111111111,211.21027777777778,-12.290944444444444,-6.486944444444444,0.14981611111111112,-0.12290944444444445,-0.06486944444444444
2025-08-10T21:00:00Z,Tilt1,Oki02,13,2.4611666666666667,91.4185,-0.01233333333333331,2.0188333333333333,0.024611666666666667,-1.2333333333333315e-4,0.020188333333333332
2025-08-10T21:00:00Z,Tilt2,Oki03,42,0.8511666666666666,65.18283333333333,0.5396666666666666,0.5670000000000001,0.008511666666666667,0.005396666666666667,0.00567
2025-08-10T21:00:00Z,Tilt3,Oki04,50,10.393833333333333,297.1583333333333,4.378833333333334,-9.223,0.10393833333333333,0.04378833333333333,-0.09223
2025-08-10T21:00:00Z,Tilt4,Oki07,0,3.2615833333333333,112.94116666666666,2.4250555555555557,1.206388888888889,0.03261583333333334,0.024250555555555556,0.01206388888888889
2025-08-10T21:00:00Z,Tilt5,Oki09,28,3.541166666666667,98.88033333333334,-0.5301666666666667,3.0148333333333333,0.03541166666666667,-0.005301666666666667,0.030148333333333333
2025-08-10T21:00:00Z,Tilt6,Oki11,0,0.44266666666666665,220.58433333333332,0.23316666666666666,-0.06866666666666667,0.004426666666666666,0.0023316666666666668,-6.866666666666667e-4
2025-08-10T21:00:00Z,Tilt7,Oki15,0,1.7021305555555555,187.56333055555555,-0.8353166666666667,0.09921944444444444,0.017021305555555557,-0.008353166666666667,9.921944444444444e-4
2025-08-10T21:00:00Z,Tilt8,Oki14,0,15.174888888888889,89.74961111111111,2.844222222222222,13.151777777777777,0.1517488888888889,0.028442222222222223,0.1315177777777778
2025-08-10T22:00:00Z,Tilt1,Oki02,13,1.626,111.67633333333333,-0.4931666666666667,1.375,0.01626,-0.004931666666666667,0.01375
2025-08-10T22:00:00Z,Tilt2,Oki03,42,0.7873333333333333,56.7925,0.6731666666666667,0.3405,0.007873333333333333,0.006731666666666667,0.003405
2025-08-10T22:00:00Z,Tilt3,Oki04,50,5.599666666666667,298.9035,2.4168333333333334,-4.859333333333334,0.05599666666666667,0.024168333333333333,-0.048593333333333336
2025-08-10T22:00:00Z,Tilt4,Oki07,0,2.7709166666666665,165.63158333333334,-0.5754444444444444,0.07791666666666669,0.027709166666666667,-0.005754444444444445,7.791666666666668e-4
2025-08-10T22:00:00Z,Tilt5,Oki09,28,2.1826666666666665,90.35316666666667,-0.003500000000000002,1.6343333333333334,0.021826666666666668,-3.5000000000000065e-5,0.016343333333333335
2025-08-10T22:00:00Z,Tilt6,Oki11,0,1.4166666666666667,224.034,-0.3476666666666667,-0.9881666666666666,0.014166666666666666,-0.0034766666666666665,-0.009881666666666667
2025-08-10T22:00:00Z,Tilt7,Oki15,0,1.9889666666666668,188.39135555555555,-1.496025,-0.10023611111111111,0.019889666666666667,-0.014960250000000001,-0.0010023611111111112
2025-08-10T22:00:00Z,Tilt8,Oki14,0,11.486277777777778,63.28805555555556,4.882055555555556,10.254722222222222,0.11486277777777779,0.048820555555555555,0.10254722222222222
2025-08-10T23:00:00Z,Tilt1,Oki02,13,5.7265,76.41183333333333,1.5106666666666666,5.430166666666667,0.057265,0.015106666666666668,0.054301666666666665
2025-08-10T23:00:00Z,Tilt2,Oki03,42,0.6828333333333333,95.59166666666667,0.5086666666666667,0.224,0.006828333333333334,0.005086666666666666,0.0022400000000000002
2025-08-10T23:00:00Z,Tilt3,Oki04,50,1.7681666666666667,90.29283333333333,1.2395,0.612,0.01768166666666667,0.012395,0.0061200000000000004
2025-08-10T23:00:00Z,Tilt4,Oki07,0,5.72675,205.50569444444446,-4.624666666666666,-2.3759722222222224,0.0572675,-0.046246666666666665,-0.02375972222222222
2025-08-10T23:00:00Z,Tilt5,Oki09,28,8.064166666666667,151.68833333333333,-7.097666666666667,3.2995,0.08064166666666667,-0.07097666666666667,0.032995000000000003
2025-08-10T23:00:00Z,Tilt6,Oki11,0,1.1755,242.286,-0.31016666666666665,-0.9218333333333333,0.011755,-0.0031016666666666666,-0.009218333333333334
2025-08-10T23:00:00Z,Tilt7,Oki15,0,1.489175,187.5968611111111,-0.7753722222222222,0.12328611111111111,0.01489175,-0.007753722222222223,0.0012328611111111112
2025-08-10T23:00:00Z,Tilt8,Oki14,0,9.380333333333333,64.27344444444445,3.726888888888889,8.400222222222222,0.09380333333333334,0.037268888888888886,0.08400222222222223
2025-08-11T00:00:00Z,Tilt1,Oki02,13,1.6943333333333332,116.341,-0.7436666666666667,1.3753333333333333,0.016943333333333335,-0.007436666666666667,0.013753333333333333
2025-08-11T00:00:00Z,Tilt2,Oki03,42,0.8155,71.38316666666667,0.5628333333333333,0.47933333333333333,0.008155,0.005628333333333333,0.0047933333333333335
2025-08-11T00:00:00Z,Tilt3,Oki04,50,1.3626666666666667,80.71533333333333,0.7098333333333333,0.9105,0.013626666666666667,0.007098333333333334,0.009105
2025-08-11T00:00:00Z,Tilt4,Oki07,0,7.139888888888889,164.22744444444444,3.05675,0.2698055555555556,0.07139888888888889,0.0305675,0.002698055555555556
2025-08-11T00:00:00Z,Tilt5,Oki09,28,6.403666666666666,154.23133333333334,-5.724166666666666,2.5223333333333335,0.06403666666666667,-0.05724166666666667,0.025223333333333334
2025-08-11T00:00:00Z,Tilt6,Oki11,0,0.9505,237.82783333333333,-0.15733333333333333,-0.7605000000000001,0.009505,-0.0015733333333333333,-0.007605
2025-08-11T00:00:00Z,Tilt7,Oki15,0,1.378625,192.03705277777777,-0.5011222222222222,0.09441111111111111,0.01378625,-0.0050112222222222225,9.441111111111112e-4
2025-08-11T00:00:00Z,Tilt8,Oki14,0,13.422944444444445,73.8615,3.6530555555555555,12.807722222222223,0.13422944444444446,0.03653055555555556,0.12807722222222223
2025-08-11T01:00:00Z,Tilt1,Oki02,13,1.5171666666666668,128.77783333333335,-0.7208333333333333,1.0786666666666667,0.015171666666666667,-0.007208333333333333,0.010786666666666667
2025-08-11T01:00:00Z,Tilt2,Oki03,42,0.879,59.099333333333334,0.43183333333333335,0.7398333333333333,0.008790000000000001,0.004318333333333334,0.007398333333333333
2025-08-11T01:00:00Z,Tilt3,Oki04,50,1.2131666666666667,53.1145,0.8816666666666667,0.7375,0.012131666666666667,0.008816666666666667,0.0073750000000000005
2025-08-11T01:00:00Z,Tilt4,Oki07,0,21.723944444444445,40.79066666666667,20.04797222222222,7.027083333333334,0.21723944444444446,0.2004797222222222,0.07027083333333334
2025-08-11T01:00:00Z,Tilt5,Oki09,28,3.4326666666666665,138.84966666666668,-2.7596666666666665,1.8135,0.034326666666666665,-0.02759666666666667,0.018135000000000002
2025-08-11T01:00:00Z,Tilt6,Oki11,0,0.8069999999999999,262.9891666666667,-0.03166666666666666,-0.6585,0.00807,-3.1666666666666665e-4,-0.006585
2025-08-11T01:00:00Z,Tilt7,Oki15,0,1.5776333333333332,188.5464,-0.6534666666666666,0.10735833333333333,0.015776333333333333,-0.006534666666666667,0.0010735833333333333
2025-08-11T01:00:00Z,Tilt8,Oki14,0,2.3235555555555556,194.79477777777777,0.32527777777777783,0.3496111111111111,0.023235555555555554,0.003252777777777778,0.0034961111111111104
2025-08-11T02:00:00Z,Tilt1,Oki02,13,5.464,77.39916666666667,1.3493333333333333,5.2305,0.05464,0.013493333333333333,0.052305
2025-08-11T02:00:00Z,Tilt2,Oki03,42,0.8195,45.525666666666666,0.5793333333333334,0.5056666666666667,0.008195000000000001,0.0057933333333333335,0.005056666666666667
2025-08-11T02:00:00Z,Tilt3,Oki04,50,1.1815,62.81183333333333,0.4745,0.9723333333333334,0.011815,0.004745,0.009723333333333334
2025-08-11T02:00:00Z,Tilt4,Oki07,0,21.29361111111111,70.58422222222222,20.10436111111111,5.142972222222222,0.2129361111111111,0.20104361111111113,0.051429722222222224
2025-08-11T02:00:00Z,Tilt5,Oki09,28,1.5183333333333333,116.31233333333333,-0.7078333333333333,1.2836666666666667,0.015183333333333333,-0.007078333333333333,0.012836666666666666
2025-08-11T02:00:00Z,Tilt6,Oki11,0,0.6436666666666667,265.78866666666664,0.16033333333333333,-0.47383333333333333,0.006436666666666667,0.0016033333333333333,-0.004738333333333333
2025-08-11T02:00:00Z,Tilt7,Oki15,0,1.6219194444444445,191.34810277777777,-0.4373222222222222,0.10203888888888889,0.016219194444444446,-0.004373222222222222,0.0010203888888888888
2025-08-11T02:00:00Z,Tilt8,Oki14,0,6.750277777777778,221.84627777777777,-4.940555555555555,-4.116,0.06750277777777777,-0.04940555555555556,-0.04116
2025-08-11T03:00:00Z,Tilt1,Oki02,13,6.868,76.71066666666667,1.5281666666666667,6.654833333333333,0.06868,0.015281666666666667,0.06654833333333333
2025-08-11T03:00:00Z,Tilt2,Oki03,42,0.8606666666666667,38.466166666666666,0.644,0.5206666666666666,0.008606666666666667,0.00644,0.005206666666666667
2025-08-11T03:00:00Z,Tilt3,Oki04,50,2.7968333333333333,81.05466666666666,1.0706666666666667,1.8296666666666668,0.027968333333333335,0.010706666666666666,0.018296666666666666
2025-08-11T03:00:00Z,Tilt4,Oki07,0,13.80813888888889,76.38369444444444,12.888194444444444,3.6531666666666665,0.13808138888888888,0.12888194444444445,0.03653166666666667
2025-08-11T03:00:00Z,Tilt5,Oki09,28,1.133,92.55566666666667,0.7141666666666666,0.5601666666666667,0.01133,0.007141666666666667,0.005601666666666666
2025-08-11T03:00:00Z,Tilt6,Oki11,0,0.42433333333333334,217.58083333333335,-0.003499999999999999,-0.0775,0.004243333333333333,-3.499999999999999e-5,-7.75e-4
2025-08-11T03:00:00Z,Tilt7,Oki15,0,1.6722277777777779,193.80841666666666,-0.40951944444444444,0.04287777777777778,0.016722277777777777,-0.004095194444444445,4.287777777777778e-4
2025-08-11T03:00:00Z,Tilt8,Oki14,0,6.251277777777778,217.71155555555555,-4.569388888888889,-3.7930555555555556,0.06251277777777778,-0.04569388888888889,-0.03793055555555556
2025-08-11T04:00:00Z,Tilt1,Oki02,13,1.8153333333333332,95.40350000000001,0.31066666666666665,1.6045,0.018153333333333334,0.003106666666666667,0.016045
2025-08-11T04:00:00Z,Tilt2,Oki03,42,0.8,65.43,0.6633333333333333,0.30933333333333335,0.008,0.006633333333333333,0.0030933333333333334
2025-08-11T04:00:00Z,Tilt3,Oki04,50,5.138166666666667,261.71433333333334,2.9756666666666667,-3.5858333333333334,0.051381666666666666,0.029756666666666667,-0.03585833333333333
2025-08-11T04:00:00Z,Tilt4,Oki07,0,5.574027777777777,150.65627777777777,4.981111111111111,0.9286111111111112,0.05574027777777778,0.04981111111111111,0.009286111111111111
2025-08-11T04:00:00Z,Tilt5,Oki09,28,2.755,79.56133333333334,0.09999999999999999,2.512,0.02755,9.999999999999998e-4,0.02512
2025-08-11T04:00:00Z,Tilt6,Oki11,0,0.3875,160.489,-0.126,0.1665,0.003875,-0.00126,0.001665
2025-08-11T04:00:00Z,Tilt7,Oki15,0,1.8103972222222222,190.3727722222222,-0.46323333333333333,0.15337222222222222,0.018103972222222223,-0.004632333333333334,0.0015337222222222223
2025-08-11T04:00:00Z,Tilt8,Oki14,0,5.0408333333333335,107.87544444444444,1.0301111111111112,3.6050555555555555,0.05040833333333333,0.010301111111111112,0.03605055555555556
2025-08-11T05:00:00Z,Tilt1,Oki02,13,1.2341666666666666,115.83266666666667,-0.5221666666666667,1.0545,0.012341666666666667,-0.005221666666666667,0.010545
2025-08-11T05:00:00Z,Tilt2,Oki03,42,0.7806666666666666,45.31433333333334,0.6721666666666667,0.35133333333333333,0.007806666666666667,0.006721666666666667,0.0035133333333333336
2025-08-11T05:00:00Z,Tilt3,Oki04,50,2.4958333333333336,127.8845,0.9475,0.5975,0.024958333333333336,0.009475,0.005975
2025-08-11T05:00:00Z,Tilt4,Oki07,0,2.393527777777778,199.57697222222222,-0.12177777777777776,-0.3770277777777778,0.023935277777777778,-0.0012177777777777777,-0.0037702777777777778
2025-08-11T05:00:00Z,Tilt5,Oki09,28,4.416833333333333,126.466,0.21233333333333335,3.3225000000000002,0.04416833333333334,0.0021233333333333334,0.033225000000000005
2025-08-11T05:00:00Z,Tilt6,Oki11,0,0.4095,199.14983333333333,-0.03666666666666667,-0.025666666666666667,0.004095,-3.6666666666666667e-4,-2.5666666666666665e-4
2025-08-11T05:00:00Z,Tilt7,Oki15,0,1.8193611111111112,192.70780277777777,-0.44712222222222225,0.1154638888888889,0.018193611111111112,-0.004471222222222223,0.0011546388888888889
2025-08-11T05:00:00Z,Tilt8,Oki14,0,5.270277777777777,199.83066666666667,-1.5070555555555556,-2.855611111111111,0.05270277777777778,-0.015070555555555556,-0.028556111111111112
2025-08-11T06:00:00Z,Tilt1,Oki02,13,1.095,121.891,-0.56033333333333335,0.8571666666666666,0.01095,-0.005603333333333333,0.008571666666666667
2025-08-11T06:00:00Z,Tilt2,Oki03,42,1.6473333333333333,87.24416666666667,0.8356666666666667,1.2406666666666666,0.016473333333333333,0.008356666666666667,0.012406666666666667
2025-08-11T06:00:00Z,Tilt3,Oki04,50,2.281,101.34366666666666,0.8346666666666667,1.3716666666666666,0.02281,0.008346666666666667,0.013716666666666667
2025-08-11T06:00:00Z,Tilt4,Oki07,0,12.630194444444445,197.71258333333333,-11.423944444444444,-3.5986944444444444,0.12630194444444445,-0.11423944444444445,-0.035986944444444446
2025-08-11T06:00:00Z,Tilt5,Oki09,28,3.8726666666666665,102.13233333333334,0.07516666666666665,3.0748333333333333,0.038726666666666666,7.516666666666664e-4,0.030748333333333332
2025-08-11T06:00:00Z,Tilt6,Oki11,0,0.5001666666666666,200.31616666666667,-0.13733333333333334,0.004999999999999997,0.005001666666666666,-0.0013733333333333334,4.999999999999998e-5
2025-08-11T06:00:00Z,Tilt7,Oki15,0,1.6756527777777779,192.79495277777778,-0.42533055555555555,0.09034444444444445,0.016756527777777776,-0.004253305555555555,9.034444444444445e-4
2025-08-11T06:00:00Z,Tilt8,Oki14,0,2.887722222222222,156.51633333333334,-0.6418333333333333,0.18977777777777777,0.02887722222222222,-0.006418333333333333,0.001897777777777778
2025-08-11T07:00:00Z,Tilt1,Oki02,13,1.8243333333333334,119.0525,-0.8458333333333333,1.5271666666666666,0.018243333333333334,-0.008458333333333333,0.015271666666666668
2025-08-11T07:00:00Z,Tilt2,Oki03,42,1.418,68.36266666666667,0.57,1.1985,0.01418,0.0057,0.011985
2025-08-11T07:00:00Z,Tilt3,Oki04,50,11.421,303.09583333333336,5.011666666666667,-9.8775,0.11421,0.05011666666666667,-0.098775
2025-08-11T07:00:00Z,Tilt4,Oki07,0,10.657083333333333,227.58241666666666,-6.721555555555556,-6.5167222222222225,0.10657083333333334,-0.06721555555555556,-0.06516722222222222
2025-08-11T07:00:00Z,Tilt5,Oki09,28,2.0283333333333333,100.69816666666667,0.0795,1.584,0.020283333333333334,7.95e-4,0.01584
2025-08-11T07:00:00Z,Tilt6,Oki11,0,0.8083333333333333,202.7215,0.33716666666666667,-0.13283333333333333,0.008083333333333333,0.0033716666666666665,-0.0013283333333333335
2025-08-11T07:00:00Z,Tilt7,Oki15,0,1.5125972222222221,196.5548638888889,-0.260625,-0.043324999999999995,0.015125972222222223,-0.00260625,-4.3324999999999993e-4
2025-08-11T07:00:00Z,Tilt8,Oki14,0,7.823,224.02316666666667,-5.106333333333334,-5.358611111111111,0.07823000000000001,-0.051063333333333336,-0.05358611111111111
2025-08-11T08:00:00Z,Tilt1,Oki02,13,2.6611666666666665,113.14833333333333,-1.1948333333333334,1.7166666666666668,0.026611666666666665,-0.011948333333333333,0.017166666666666667
2025-08-11T08:00:00Z,Tilt2,Oki03,42,0.9471666666666667,56.12533333333333,0.5966666666666667,0.606,0.009471666666666666,0.005966666666666667,0.00606
2025-08-11T08:00:00Z,Tilt3,Oki04,50,14.021833333333333,293.4311666666667,5.229,-12.797333333333333,0.14021833333333333,0.05229,-0.12797333333333333
2025-08-11T08:00:00Z,Tilt4,Oki07,0,4.301888888888889,201.95983333333334,-0.22416666666666663,-2.0123333333333333,0.04301888888888889,-0.002241666666666666,-0.020123333333333333
2025-08-11T08:00:00Z,Tilt5,Oki09,28,4.246166666666666,99.73333333333333,-1.2575,3.8516666666666666,0.04246166666666667,-0.012575,0.038516666666666664
2025-08-11T08:00:00Z,Tilt6,Oki11,0,4.163333333333333,258.0205,2.836333333333333,-0.769,0.041633333333333335,0.028363333333333334,-0.00769
2025-08-11T08:00:00Z,Tilt7,Oki15,0,1.3028277777777777,191.61324166666665,-0.39421944444444446,0.07211666666666666,0.013028277777777778,-0.003942194444444444,7.211666666666666e-4
2025-08-11T08:00:00Z,Tilt8,Oki14,0,11.613944444444444,243.99294444444445,-3.455222222222222,-9.084277777777778,0.11613944444444445,-0.03455222222222222,-0.09084277777777779
2025-08-11T09:00:00Z,Tilt1,Oki02,13,1.7685,105.8985,-0.38316666666666666,1.4881666666666666,0.017685,-0.003831666666666667,0.014881666666666666
2025-08-11T09:00:00Z,Tilt2,Oki03,42,0.8038333333333334,46.99766666666667,0.4895,0.5555,0.008038333333333333,0.004895,0.005555
2025-08-11T09:00:00Z,Tilt3,Oki04,50,15.345833333333333,295.412,6.3595,-13.871166666666667,0.15345833333333334,0.063595,-0.13871166666666668
2025-08-11T09:00:00Z,Tilt4,Oki07,0,12.849305555555555,185.03883333333334,-4.432555555555555,-3.141111111111111,0.12849305555555557,-0.044325555555555556,-0.03141111111111111
2025-08-11T09:00:00Z,Tilt5,Oki09,28,10.313666666666666,106.78766666666667,-3.101,9.433166666666667,0.10313666666666667,-0.03101,0.09433166666666667
2025-08-11T09:00:00Z,Tilt6,Oki11,0,0.8616666666666667,252.31883333333334,0.266,-0.38533333333333336,0.008616666666666667,0.00266,-0.0038533333333333336
2025-08-11T09:00:00Z,Tilt7,Oki15,0,2.0298166666666666,183.61835555555555,-1.5945916666666666,0.041166666666666664,0.020298166666666666,-0.015945916666666667,4.116666666666667e-4
2025-08-11T09:00:00Z,Tilt8,Oki14,0,9.548166666666667,222.0756111111111,2.0773333333333333,-3.189944444444444,0.09548166666666667,0.020773333333333335,-0.031899444444444446
2025-08-11T10:00:00Z,Tilt1,Oki02,13,1.7326666666666666,105.137,-0.48966666666666664,1.5205,0.017326666666666667,-0.004896666666666666,0.015205
2025-08-11T10:00:00Z,Tilt2,Oki03,42,1.0383333333333333,164.21683333333334,0.37666666666666665,-0.408,0.010383333333333333,0.003766666666666667,-0.00408
2025-08-11T10:00:00Z,Tilt3,Oki04,50,7.969,231.91716666666667,3.1206666666666667,-5.582,0.07969,0.031206666666666667,-0.05582
2025-08-11T10:00:00Z,Tilt4,Oki07,0,5.152777777777778,208.4645,-4.207166666666667,-2.0363055555555554,0.051527777777777777,-0.04207166666666667,-0.020363055555555554
2025-08-11T10:00:00Z,Tilt5,Oki09,28,3.5073333333333334,117.64583333333333,-1.562,2.8145,0.03507333333333333,-0.01562,0.028145
2025-08-11T10:00:00Z,Tilt6,Oki11,0,1.525,236.1375,-0.052666666666666674,-1.0785,0.01525,-5.266666666666668e-4,-0.010785
2025-08-11T10:00:00Z,Tilt7,Oki15,0,2.9400583333333334,180.9111888888889,-2.4248083333333335,0.07645833333333334,0.029400583333333334,-0.024248083333333333,7.645833333333334e-4
2025-08-11T10:00:00Z,Tilt8,Oki14,0,13.418111111111111,63.81938888888889,5.916944444444445,11.890055555555556,0.1341811111111111,0.05916944444444445,0.11890055555555555
2025-08-11T11:00:00Z,Tilt1,Oki02,13,3.2946666666666666,85.51333333333334,0.5091666666666667,3.153166666666667,0.032946666666666666,0.005091666666666667,0.031531666666666666
2025-08-11T11:00:00Z,Tilt2,Oki03,42,0.8335,103.51966666666667,0.4573333333333333,0.49083333333333334,0.008335,0.004573333333333334,0.004908333333333333
2025-08-11T11:00:00Z,Tilt3,Oki04,50,3.5608333333333335,58.69883333333333,1.9035,2.787166666666667,0.03560833333333333,0.019035,0.027871666666666666
2025-08-11T11:00:00Z,Tilt4,Oki07,0,4.949694444444445,217.46952777777778,-3.5519166666666666,-2.5591666666666666,0.04949694444444445,-0.035519166666666664,-0.02559166666666667
2025-08-11T11:00:00Z,Tilt5,Oki09,28,1.2311666666666667,112.445,-0.056999999999999995,0.8661666666666666,0.012311666666666667,-5.699999999999999e-4,0.008661666666666666
2025-08-11T11:00:00Z,Tilt6,Oki11,0,1.7685,261.65583333333336,-0.043500000000000004,-1.5198333333333334,0.017685,-4.3500000000000006e-4,-0.015198333333333335
2025-08-11T11:00:00Z,Tilt7,Oki15,0,2.288161111111111,179.05808611111112,-1.8088277777777777,0.18564999999999998,0.022881611111111113,-0.01808827777777778,0.0018565
2025-08-11T11:00:00Z,Tilt8,Oki14,0,12.651722222222222,69.73722222222221,4.724444444444445,11.56938888888889,0.12651722222222223,0.04724444444444444,0.1156938888888889
2025-08-11T12:00:00Z,Tilt1,Oki02,13,6.2365,80.474,1.0888333333333333,6.1066666666666665,0.062365000000000004,0.010888333333333333,0.061066666666666665
2025-08-11T12:00:00Z,Tilt2,Oki03,42,0.7213333333333334,107.10483333333333,0.5348333333333334,0.23266666666666666,0.007213333333333334,0.005348333333333333,0.0023266666666666666
2025-08-11T12:00:00Z,Tilt3,Oki04,50,3.2198333333333333,219.80783333333332,2.0285,-1.671,0.032198333333333336,0.020285,-0.01671
2025-08-11T12:00:00Z,Tilt4,Oki07,0,1.9034166666666668,163.68280555555555,1.0018888888888888,0.2989722222222222,0.019034166666666668,0.01001888888888889,0.002989722222222222
2025-08-11T12:00:00Z,Tilt5,Oki09,28,2.173,101.06099999999999,-0.7036666666666667,1.9278333333333333,0.02173,-0.007036666666666667,0.019278333333333335
2025-08-11T12:00:00Z,Tilt6,Oki11,0,2.070666666666667,244.50433333333334,-0.708,-1.6998333333333333,0.02070666666666667,-0.00708,-0.016998333333333334
2025-08-11T12:00:00Z,Tilt7,Oki15,0,1.5519166666666666,192.0240388888889,-0.6020666666666666,0.049513888888888885,0.015519166666666667,-0.006020666666666667,4.951388888888889e-4
2025-08-11T12:00:00Z,Tilt8,Oki14,0,4.441222222222223,72.6835,1.4594444444444445,4.033333333333333,0.04441222222222222,0.014594444444444445,0.04033333333333333
2025-08-11T13:00:00Z,Tilt1,Oki02,13,3.508,80.11566666666667,0.588,3.436166666666667,0.03508,0.00588,0.034361666666666665
2025-08-11T13:00:00Z,Tilt2,Oki03,42,0.8036666666666666,63.241166666666665,0.522,0.534,0.008036666666666668,0.00522,0.00534
2025-08-11T13:00:00Z,Tilt3,Oki04,50,2.5051666666666668,260.79333333333335,1.2923333333333333,-1.7001666666666666,0.025051666666666667,0.012923333333333334,-0.01700166666666667
2025-08-11T13:00:00Z,Tilt4,Oki07,0,11.3215,88.62466666666667,9.956194444444444,4.142805555555555,0.11321500000000001,0.09956194444444445,0.04142805555555556
2025-08-11T13:00:00Z,Tilt5,Oki09,28,2.6571666666666665,121.74866666666667,0.7715,0.618,0.026571666666666667,0.0077150000000000005,0.00618
2025-08-11T13:00:00Z,Tilt6,Oki11,0,1.5388333333333333,248.0685,-0.263,-1.3191666666666666,0.015388333333333334,-0.00263,-0.013191666666666668
2025-08-11T13:00:00Z,Tilt7,Oki15,0,1.7808805555555556,197.52692222222223,-0.35864722222222223,0.04753333333333334,0.017808805555555557,-0.0035864722222222222,4.7533333333333336e-4
2025-08-11T13:00:00Z,Tilt8,Oki14,0,4.9303888888888885,166.22316666666666,-0.01527777777777779,1.4452222222222224,0.04930388888888889,-1.5277777777777788e-4,0.014452222222222222
2025-08-11T14:00:00Z,Tilt1,Oki02,13,1.3353333333333333,98.89933333333333,-0.17066666666666666,1.256,0.013353333333333333,-0.0017066666666666667,0.01256
2025-08-11T14:00:00Z,Tilt2,Oki03,42,0.7413333333333333,93.0515,0.583,0.2876666666666667,0.007413333333333333,0.00583,0.0028766666666666667
2025-08-11T14:00:00Z,Tilt3,Oki04,50,1.4205,103.24616666666667,0.45416666666666666,0.6886666666666666,0.014205,0.004541666666666667,0.006886666666666667
2025-08-11T14:00:00Z,Tilt4,Oki07,0,14.467666666666666,38.21597222222222,12.425972222222223,6.443944444444444,0.14467666666666668,0.12425972222222223,0.06443944444444445
2025-08-11T14:00:00Z,Tilt5,Oki09,28,1.2596666666666667,125.89133333333334,0.6863333333333334,0.34650000000000003,0.012596666666666667,0.006863333333333333,0.003465
2025-08-11T14:00:00Z,Tilt6,Oki11,0,1.1568333333333334,226.45783333333333,-0.576,-0.48416666666666663,0.011568333333333333,-0.00576,-0.004841666666666667
2025-08-11T14:00:00Z,Tilt7,Oki15,0,1.8735472222222223,189.33096944444443,-0.6350111111111111,0.1524222222222222,0.018735472222222223,-0.006350111111111111,0.0015242222222222222
2025-08-11T14:00:00Z,Tilt8,Oki14,0,3.2406111111111113,128.64105555555557,0.8288888888888889,1.251111111111111,0.032406111111111115,0.008288888888888889,0.012511111111111112
2025-08-11T15:00:00Z,Tilt1,Oki02,13,1.2788333333333333,162.8265,-1.052,0.22683333333333333,0.012788333333333334,-0.01052,0.0022683333333333336
2025-08-11T15:00:00Z,Tilt2,Oki03,42,0.8763333333333333,48.925666666666665,0.5505,0.6008333333333333,0.008763333333333333,0.005505,0.006008333333333333
2025-08-11T15:00:00Z,Tilt3,Oki04,50,1.5748333333333333,75.64283333333333,0.303,1.3028333333333333,0.015748333333333333,0.00303,0.013028333333333333
2025-08-11T15:00:00Z,Tilt4,Oki07,0,12.182916666666667,53.284,10.87275,4.3212777777777776,0.12182916666666667,0.1087275,0.04321277777777778
2025-08-11T15:00:00Z,Tilt5,Oki09,28,1.7815,127.23933333333333,0.8873333333333333,0.732,0.017815,0.008873333333333334,0.00732
2025-08-11T15:00:00Z,Tilt6,Oki11,0,1.1603333333333334,192.66133333333335,-0.21966666666666665,0.20616666666666666,0.011603333333333334,-0.0021966666666666666,0.002061666666666667
2025-08-11T15:00:00Z,Tilt7,Oki15,0,1.9148333333333334,194.94900555555554,-0.4104611111111111,0.1287222222222222,0.019148333333333333,-0.004104611111111111,0.0012872222222222222
2025-08-11T15:00:00Z,Tilt8,Oki14,0,1.4623333333333333,132.3665,0.001166666666666669,0.8067777777777778,0.014623333333333334,1.1666666666666681e-5,0.008067777777777778
2025-08-11T16:00:00Z,Tilt1,Oki02,13,1.1311666666666667,169.286,-0.272,0.2033333333333333,0.011311666666666666,-0.00272,0.002033333333333333
2025-08-11T16:00:00Z,Tilt2,Oki03,42,0.9196666666666666,71.65783333333333,0.44866666666666666,0.6865,0.009196666666666667,0.004486666666666667,0.0068650000000000004
2025-08-11T16:00:00Z,Tilt3,Oki04,50,1.5373333333333334,76.21416666666667,0.3675,1.1986666666666668,0.015373333333333334,0.0036750000000000003,0.011986666666666666
2025-08-11T16:00:00Z,Tilt4,Oki07,0,6.305083333333333,72.24461111111111,4.859388888888889,3.1417777777777776,0.06305083333333333,0.04859388888888889,0.03141777777777778
2025-08-11T16:00:00Z,Tilt5,Oki09,28,2.358833333333333,109.51783333333333,-0.7738333333333334,1.974,0.023588333333333333,-0.007738333333333334,0.01974
2025-08-11T16:00:00Z,Tilt6,Oki11,0,0.898,240.97166666666666,0.44483333333333336,-0.309,0.00898,0.004448333333333334,-0.00309
2025-08-11T16:00:00Z,Tilt7,Oki15,0,1.9787777777777777,193.67163333333335,-0.366525,0.103625,0.01978777777777778,-0.00366525,0.00103625
2025-08-11T16:00:00Z,Tilt8,Oki14,0,2.0688333333333335,239.6225,-0.6302222222222222,-1.355388888888889,0.020688333333333333,-0.006302222222222222,-0.01355388888888889
2025-08-11T17:00:00Z,Tilt1,Oki02,13,1.3348333333333333,123.20316666666666,-0.6303333333333333,0.951,0.013348333333333334,-0.0063033333333333335,0.00951
2025-08-11T17:00:00Z,Tilt2,Oki03,42,0.7435,65.05866666666667,0.37383333333333335,0.5431666666666667,0.007435,0.0037383333333333335,0.005431666666666667
2025-08-11T17:00:00Z,Tilt3,Oki04,50,1.1199999999999999,168.71516666666668,0.5471666666666667,0.19266666666666668,0.0112,0.005471666666666666,0.0019266666666666668
2025-08-11T17:00:00Z,Tilt4,Oki07,0,3.859777777777778,185.7290277777778,-2.9951944444444445,-0.5586111111111111,0.03859777777777778,-0.029951944444444444,-0.005586111111111111
2025-08-11T17:00:00Z,Tilt5,Oki09,28,2.408,144.26833333333335,-0.35283333333333333,0.9199999999999999,0.02408,-0.0035283333333333334,0.0092
2025-08-11T17:00:00Z,Tilt6,Oki11,0,0.6755,163.53316666666666,0.24783333333333335,0.12666666666666668,0.006755000000000001,0.0024783333333333337,0.0012666666666666666
2025-08-11T17:00:00Z,Tilt7,Oki15,0,2.1141555555555556,197.58435277777778,-0.4235361111111111,0.006422222222222222,0.021141555555555556,-0.004235361111111111,6.42222222222222e-5
2025-08-11T17:00:00Z,Tilt8,Oki14,0,3.523277777777778,170.3732777777778,-1.8787777777777779,-1.0245,0.03523277777777778,-0.018787777777777778,-0.010245
2025-08-11T18:00:00Z,Tilt1,Oki02,13,1.4228333333333334,96.70966666666666,-0.1485,1.3313333333333333,0.014228333333333334,-0.0014850000000000002,0.013313333333333333
2025-08-11T18:00:00Z,Tilt2,Oki03,42,0.7606666666666667,38.82366666666667,0.625,0.3993333333333333,0.007606666666666667,0.00625,0.003993333333333333
2025-08-11T18:00:00Z,Tilt3,Oki04,50,5.845,275.99833333333333,2.6431666666666667,-4.976166666666667,0.05845,0.026431666666666666,-0.04976166666666667
2025-08-11T18:00:00Z,Tilt4,Oki07,0,11.549694444444444,203.3781111111111,-10.187194444444444,-4.348833333333333,0.11549694444444444,-0.10187194444444445,-0.04348833333333333
2025-08-11T18:00:00Z,Tilt5,Oki09,28,3.5115,123.2855,0.8621666666666667,2.2075,0.035115,0.008621666666666666,0.022075
2025-08-11T18:00:00Z,Tilt6,Oki11,0,1.0921666666666667,228.09266666666667,0.8426666666666667,-0.1945,0.010921666666666666,0.008426666666666667,-0.0019450000000000001
2025-08-11T18:00:00Z,Tilt7,Oki15,0,2.0221194444444444,195.39098333333334,-0.4490722222222222,0.11405833333333333,0.020221194444444444,-0.004490722222222222,0.0011405833333333333
2025-08-11T18:00:00Z,Tilt8,Oki14,0,1.5570555555555556,149.86955555555556,0.1451111111111111,0.40311111111111114,0.015570555555555556,0.0014511111111111111,0.004031111111111111
2025-08-11T19:00:00Z,Tilt1,Oki02,13,1.1275,127.47116666666666,-0.6171666666666666,0.8075,0.011275,-0.0061716666666666664,0.008075
2025-08-11T19:00:00Z,Tilt2,Oki03,42,0.8018333333333333,42.21066666666667,0.6131666666666666,0.4565,0.008018333333333334,0.006131666666666667,0.0045650000000000005
2025-08-11T19:00:00Z,Tilt3,Oki04,50,7.005333333333334,300.67066666666665,3.2418333333333336,-6.055666666666666,0.07005333333333333,0.032418333333333334,-0.06055666666666667
2025-08-11T19:00:00Z,Tilt4,Oki07,0,9.838305555555555,210.21838888888888,-7.982638888888889,-4.412527777777778,0.09838305555555556,-0.07982638888888889,-0.04412527777777778
2025-08-11T19:00:00Z,Tilt5,Oki09,28,2.3388333333333335,164.07216666666667,0.33583333333333326,0.477,0.023388333333333334,0.003358333333333333,0.00477
2025-08-11T19:00:00Z,Tilt6,Oki11,0,0.7466666666666667,245.92383333333333,0.2901666666666667,-0.2638333333333333,0.007466666666666667,0.0029016666666666665,-0.0026383333333333332
2025-08-11T19:00:00Z,Tilt7,Oki15,0,1.6121722222222221,193.72060555555555,-0.4577527777777778,0.11360277777777779,0.01612172222222222,-0.004577527777777778,0.001136027777777778
2025-08-11T19:00:00Z,Tilt8,Oki14,0,3.130777777777778,188.4897222222222,-1.051388888888889,0.02855555555555553,0.031307777777777775,-0.010513888888888889,2.855555555555551e-4
2025-08-11T20:00:00Z,Tilt1,Oki02,13,1.7645,119.45366666666666,-0.7063333333333334,0.642,0.017645,-0.007063333333333334,0.00642
2025-08-11T20:00:00Z,Tilt2,Oki03,42,0.874,40.4625,0.6368333333333334,0.548,0.00874,0.0063683333333333335,0.0054800000000000005
2025-08-11T20:00:00Z,Tilt3,Oki04,50,11.166333333333334,295.40566666666666,4.445333333333333,-10.051,0.11166333333333334,0.04445333333333334,-0.10051
2025-08-11T20:00:00Z,Tilt4,Oki07,0,8.019972222222222,208.2710277777778,-6.517222222222222,-3.1499444444444444,0.08019972222222223,-0.06517222222222223,-0.03149944444444445
2025-08-11T20:00:00Z,Tilt5,Oki09,28,1.4083333333333334,100.51933333333334,0.45016666666666666,0.9816666666666667,0.014083333333333333,0.004501666666666667,0.009816666666666666
2025-08-11T20:00:00Z,Tilt6,Oki11,0,0.782,224.40183333333334,0.1635,-0.0845,0.00782,0.0016350000000000002,-8.45e-4
2025-08-11T20:00:00Z,Tilt7,Oki15,0,1.3625277777777778,189.80841944444444,-0.4727,0.10245555555555555,0.013625277777777778,-0.004727,0.0010245555555555557
2025-08-11T20:00:00Z,Tilt8,Oki14,0,3.3221666666666665,225.40294444444444,-0.13355555555555554,-1.9690555555555556,0.03322166666666667,-0.0013355555555555553,-0.019690555555555555
2025-08-11T21:00:00Z,Tilt1,Oki02,13,1.7886666666666666,117.52066666666667,-0.6496666666666666,1.2251666666666667,0.01788666666666667,-0.006496666666666667,0.012251666666666668
2025-08-11T21:00:00Z,Tilt2,Oki03,42,0.8951666666666667,55.7,0.5935,0.6041666666666666,0.008951666666666667,0.005935,0.0060416666666666665
2025-08-11T21:00:00Z,Tilt3,Oki04,50,14.8285,296.9411666666667,6.5376666666666665,-13.158333333333333,0.148285,0.06537666666666667,-0.13158333333333333
2025-08-11T21:00:00Z,Tilt4,Oki07,0,5.228361111111111,172.83427777777777,-3.86025,-1.0571388888888889,0.052283611111111114,-0.0386025,-0.010571388888888889
2025-08-11T21:00:00Z,Tilt5,Oki09,28,1.3408333333333333,155.39216666666667,0.03083333333333334,0.6001666666666666,0.013408333333333333,3.0833333333333337e-4,0.006001666666666667
2025-08-11T21:00:00Z,Tilt6,Oki11,0,0.7931666666666667,273.3485,0.3075,-0.6291666666666667,0.007931666666666667,0.003075,-0.006291666666666667
2025-08-11T21:00:00Z,Tilt7,Oki15,0,1.3420916666666667,192.18844444444446,-0.369575,0.057466666666666666,0.013420916666666668,-0.0036957500000000003,5.746666666666666e-4
2025-08-11T21:00:00Z,Tilt8,Oki14,0,6.228166666666667,205.4011111111111,-4.395388888888888,-3.3600555555555554,0.062281666666666666,-0.04395388888888889,-0.03360055555555556
2025-08-11T22:00:00Z,Tilt1,Oki02,13,1.9033333333333333,100.30983333333333,-0.40299999999999997,1.623,0.019033333333333333,-0.00403,0.01623
2025-08-11T22:00:00Z,Tilt2,Oki03,42,0.8001666666666667,48.544333333333334,0.5226666666666666,0.5291666666666667,0.008001666666666667,0.005226666666666667,0.005291666666666667
2025-08-11T22:00:00Z,Tilt3,Oki04,50,16.491333333333333,296.2606666666667,7.1385,-14.707666666666666,0.16491333333333333,0.071385,-0.14707666666666666
2025-08-11T22:00:00Z,Tilt4,Oki07,0,5.270111111111111,54.644194444444445,4.049722222222222,2.8199444444444444,0.052701111111111115,0.040497222222222226,0.028199444444444444
2025-08-11T22:00:00Z,Tilt5,Oki09,28,1.4163333333333332,138.93883333333332,-0.08883333333333332,0.7873333333333333,0.014163333333333333,-8.883333333333333e-4,0.007873333333333333
2025-08-11T22:00:00Z,Tilt6,Oki11,0,0.6141666666666666,240.11183333333332,0.17066666666666666,-0.42533333333333334,0.006141666666666667,0.0017066666666666667,-0.004253333333333334
2025-08-11T22:00:00Z,Tilt7,Oki15,0,1.1532833333333334,186.00519722222222,-0.489825,0.15378333333333333,0.011532833333333334,-0.00489825,0.0015378333333333333
2025-08-11T22:00:00Z,Tilt8,Oki14,0,6.6001111111111115,89.42183333333334,2.2575,4.847277777777777,0.06600111111111111,0.022575,0.04847277777777778
2025-08-11T23:00:00Z,Tilt1,Oki02,13,2.2358333333333333,114.02533333333334,-0.9076666666666666,1.9371666666666667,0.022358333333333334,-0.009076666666666667,0.019371666666666666
2025-08-11T23:00:00Z,Tilt2,Oki03,42,0.7253333333333334,43.54366666666667,0.534,0.4063333333333333,0.007253333333333334,0.00534,0.004063333333333334
2025-08-11T23:00:00Z,Tilt3,Oki04,50,10.552666666666667,294.62416666666667,4.401,-9.1365,0.10552666666666667,0.04401,-0.091365
2025-08-11T23:00:00Z,Tilt4,Oki07,0,3.168,135.2347777777778,1.4296944444444444,0.5783055555555555,0.03168,0.014296944444444445,0.005783055555555555
2025-08-11T23:00:00Z,Tilt5,Oki09,28,2.2283333333333335,205.97733333333332,0.642,-0.00699999999999999,0.022283333333333336,0.0064199999999999995,-6.999999999999997e-5
2025-08-11T23:00:00Z,Tilt6,Oki11,0,1.0075,200.65449999999998,-0.6441666666666667,-0.15016666666666667,0.010075,-0.006441666666666667,-0.0015016666666666668
2025-08-11T23:00:00Z,Tilt7,Oki15,0,1.182275,187.03231666666667,-0.44151944444444446,0.14343333333333333,0.01182275,-0.004415194444444445,0.0014343333333333333
2025-08-11T23:00:00Z,Tilt8,Oki14,0,10.664,60.98288888888889,4.932722222222222,9.015888888888888,0.10664,0.049327222222222224,0.09015888888888889
2025-08-12T00:00:00Z,Tilt1,Oki02,13,1.5576666666666668,116.89966666666666,-0.6445,1.3458333333333332,0.015576666666666667,-0.006445,0.013458333333333334
2025-08-12T00:00:00Z,Tilt2,Oki03,42,0.7581666666666667,42.88166666666667,0.6186666666666667,0.3905,0.007581666666666667,0.006186666666666667,0.003905
2025-08-12T00:00:00Z,Tilt3,Oki04,50,2.6628333333333334,89.77816666666666,1.2668333333333333,1.7393333333333334,0.026628333333333334,0.012668333333333334,0.017393333333333334
2025-08-12T00:00:00Z,Tilt4,Oki07,0,3.4859444444444443,189.7583611111111,-2.6658055555555555,0.18000000000000002,0.03485944444444444,-0.026658055555555556,0.0018
2025-08-12T00:00:00Z,Tilt5,Oki09,28,1.1018333333333334,129.62466666666666,-0.44466666666666665,0.5018333333333334,0.011018333333333333,-0.0044466666666666665,0.005018333333333334
2025-08-12T00:00:00Z,Tilt6,Oki11,0,1.0298333333333334,234.47283333333334,-0.43516666666666665,-0.68,0.010298333333333333,-0.004351666666666667,-0.0068000000000000005
2025-08-12T00:00:00Z,Tilt7,Oki15,0,1.3489111111111112,185.10526944444445,-0.649675,0.16696944444444445,0.013489111111111111,-0.00649675,0.0016696944444444446
2025-08-12T00:00:00Z,Tilt8,Oki14,0,8.323833333333333,54.42488888888889,4.5858888888888885,6.768222222222223,0.08323833333333333,0.04585888888888889,0.06768222222222223
2025-08-12T01:00:00Z,Tilt1,Oki02,13,5.460166666666667,85.51066666666667,0.987,5.2745,0.054601666666666666,0.00987,0.052745
2025-08-12T01:00:00Z,Tilt2,Oki03,42,0.7783333333333333,48.4775,0.5456666666666666,0.5038333333333334,0.007783333333333333,0.005456666666666667,0.005038333333333333
2025-08-12T01:00:00Z,Tilt3,Oki04,50,1.3348333333333333,59.15533333333333,0.7496666666666667,0.9818333333333333,0.013348333333333334,0.007496666666666667,0.009818333333333333
2025-08-12T01:00:00Z,Tilt4,Oki07,0,9.90825,82.82138888888889,9.268194444444445,2.5660833333333333,0.0990825,0.09268194444444444,0.025660833333333334
2025-08-12T01:00:00Z,Tilt5,Oki09,28,0.9465,95.531,0.46166666666666667,0.4735,0.009465,0.0046166666666666665,0.0047350000000000005
2025-08-12T01:00:00Z,Tilt6,Oki11,0,0.5615,233.11566666666667,-0.123,-0.3441666666666667,0.005615,-0.00123,-0.0034416666666666667
2025-08-12T01:00:00Z,Tilt7,Oki15,0,1.3168055555555556,197.00061944444445,-0.47003055555555556,-0.029338888888888883,0.013168055555555556,-0.004700305555555556,-2.933888888888889e-4
2025-08-12T01:00:00Z,Tilt8,Oki14,0,8.68238888888889,66.58977777777778,3.229111111111111,7.906333333333333,0.0868238888888889,0.03229111111111111,0.07906333333333333
2025-08-12T02:00:00Z,Tilt1,Oki02,13,4.895333333333333,88.7635,0.486,4.820333333333333,0.048953333333333335,0.00486,0.048203333333333334
2025-08-12T02:00:00Z,Tilt2,Oki03,42,0.784,61.1875,0.6341666666666667,0.3481666666666667,0.00784,0.0063416666666666665,0.0034816666666666668
2025-08-12T02:00:00Z,Tilt3,Oki04,50,1.1175,69.31,0.6916666666666667,0.7055,0.011175000000000001,0.0069166666666666664,0.0070550000000000005
2025-08-12T02:00:00Z,Tilt4,Oki07,0,24.136388888888888,52.47366666666667,22.81288888888889,5.9847777777777775,0.24136388888888888,0.22812888888888888,0.05984777777777778
2025-08-12T02:00:00Z,Tilt5,Oki09,28,0.6628333333333334,64.3225,0.25283333333333335,0.431,0.006628333333333333,0.0025283333333333334,0.0043100000000000005
2025-08-12T02:00:00Z,Tilt6,Oki11,0,0.92,181.09166666666667,-0.43616666666666665,0.23183333333333334,0.0092,-0.0043616666666666665,0.0023183333333333333
2025-08-12T02:00:00Z,Tilt7,Oki15,0,1.3381361111111112,188.41779444444444,-0.45805,0.13805,0.013381361111111111,-0.0045805,0.0013805
2025-08-12T02:00:00Z,Tilt8,Oki14,0,5.966055555555555,160.79555555555555,-2.4315,-0.5432222222222223,0.05966055555555556,-0.024315,-0.005432222222222223
2025-08-12T03:00:00Z,Tilt1,Oki02,13,1.1158333333333332,116.83716666666666,-0.4745,0.934,0.011158333333333334,-0.004745,0.00934
2025-08-12T03:00:00Z,Tilt2,Oki03,42,1.5443333333333333,69.90366666666667,0.882,1.0236666666666667,0.015443333333333333,0.00882,0.010236666666666666
2025-08-12T03:00:00Z,Tilt3,Oki04,50,1.6411666666666667,56.1395,0.7831666666666667,1.2476666666666667,0.016411666666666668,0.007831666666666667,0.012476666666666667
2025-08-12T03:00:00Z,Tilt4,Oki07,0,23.59327777777778,47.92319444444444,22.279555555555557,6.203722222222222,0.23593277777777777,0.22279555555555555,0.06203722222222222
2025-08-12T03:00:00Z,Tilt5,Oki09,28,1.4455,105.289,-0.5701666666666667,1.169,0.014455,-0.0057016666666666665,0.01169
2025-08-12T03:00:00Z,Tilt6,Oki11,0,0.4736666666666667,153.1825,-0.23016666666666666,0.18333333333333332,0.004736666666666667,-0.0023016666666666667,0.0018333333333333333
2025-08-12T03:00:00Z,Tilt7,Oki15,0,1.2969444444444445,190.25630555555557,-0.47867777777777776,0.09454166666666666,0.012969444444444445,-0.004786777777777778,9.454166666666667e-4
2025-08-12T03:00:00Z,Tilt8,Oki14,0,6.920111111111111,209.36072222222222,-5.2155555555555555,-3.6678333333333333,0.06920111111111112,-0.05215555555555556,-0.036678333333333334
2025-08-12T04:00:00Z,Tilt1,Oki02,13,1.6175,113.1405,-0.6011666666666666,1.1661666666666666,0.016175000000000002,-0.006011666666666667,0.011661666666666667
2025-08-12T04:00:00Z,Tilt2,Oki03,42,0.9073333333333333,43.73,0.6286666666666667,0.6136666666666667,0.009073333333333334,0.006286666666666667,0.006136666666666667
2025-08-12T04:00:00Z,Tilt3,Oki04,50,3.8888333333333334,193.655,2.4008333333333334,-0.4498333333333333,0.03888833333333334,0.024008333333333333,-0.0044983333333333325
2025-08-12T04:00:00Z,Tilt4,Oki07,0,12.8695,44.37002777777778,11.754333333333333,4.323361111111111,0.128695,0.11754333333333333,0.04323361111111111
2025-08-12T04:00:00Z,Tilt5,Oki09,28,1.1701666666666666,229.4375,0.7235,0.07683333333333334,0.011701666666666668,0.007235,7.683333333333334e-4
2025-08-12T04:00:00Z,Tilt6,Oki11,0,0.517,226.10966666666667,0.116,-0.08133333333333333,0.00517,0.00116,-8.133333333333333e-4
2025-08-12T04:00:00Z,Tilt7,Oki15,0,1.3316222222222223,198.41035,-0.2052388888888889,-0.013583333333333334,0.013316222222222222,-0.002052388888888889,-1.3583333333333335e-4
2025-08-12T04:00:00Z,Tilt8,Oki14,0,1.7979444444444446,219.463,-0.9347222222222222,-0.8981666666666667,0.017979444444444444,-0.009347222222222222,-0.008981666666666667
2025-08-12T05:00:00Z,Tilt1,Oki02,13,1.8133333333333332,109.59616666666666,-0.48683333333333334,1.6593333333333333,0.018133333333333335,-0.004868333333333334,0.016593333333333335
2025-08-12T05:00:00Z,Tilt2,Oki03,42,0.6946666666666667,75.49666666666667,0.6301666666666667,0.17883333333333334,0.006946666666666667,0.006301666666666667,0.0017883333333333334
2025-08-12T05:00:00Z,Tilt3,Oki04,50,1.5073333333333334,204.76616666666666,0.27216666666666667,-0.6088333333333333,0.015073333333333334,0.002721666666666667,-0.006088333333333334
2025-08-12T05:00:00Z,Tilt4,Oki07,0,3.624888888888889,163.77622222222223,2.9874722222222223,-0.3115833333333333,0.036248888888888886,0.029874722222222223,-0.0031158333333333333
2025-08-12T05:00:00Z,Tilt5,Oki09,28,3.2081666666666666,132.15483333333333,-1.238,2.1203333333333334,0.03208166666666667,-0.01238,0.021203333333333334
2025-08-12T05:00:00Z,Tilt6,Oki11,0,0.681,197.319,0.2535,0.005666666666666668,0.00681,0.002535,5.666666666666668e-5
2025-08-12T05:00:00Z,Tilt7,Oki15,0,1.513838888888889,191.7791222222222,-0.379175,0.15304166666666666,0.015138388888888889,-0.00379175,0.0015304166666666667
2025-08-12T05:00:00Z,Tilt8,Oki14,0,2.592111111111111,175.3647222222222,-0.20816666666666667,-0.35616666666666663,0.025921111111111114,-0.002081666666666667,-0.0035616666666666665
2025-08-12T06:00:00Z,Tilt1,Oki02,13,1.0323333333333333,121.00383333333333,-0.43616666666666665,0.8168333333333333,0.010323333333333334,-0.0043616666666666665,0.008168333333333333
2025-08-12T06:00:00Z,Tilt2,Oki03,42,0.88,39.949333333333335,0.6061666666666666,0.5703333333333334,0.0088,0.006061666666666667,0.005703333333333334
2025-08-12T06:00:00Z,Tilt3,Oki04,50,1.6761666666666666,247.98566666666667,1.2608333333333333,-0.749,0.016761666666666668,0.012608333333333334,-0.00749
2025-08-12T06:00:00Z,Tilt4,Oki07,0,6.366833333333333,226.73294444444446,-4.287972222222222,-2.952777777777778,0.06366833333333333,-0.04287972222222222,-0.029527777777777778
2025-08-12T06:00:00Z,Tilt5,Oki09,28,7.659666666666666,145.04916666666668,-0.9076666666666666,3.669,0.07659666666666667,-0.009076666666666667,0.03669
2025-08-12T06:00:00Z,Tilt6,Oki11,0,0.7811666666666667,236.73116666666667,0.022666666666666665,-0.10083333333333333,0.007811666666666667,2.2666666666666668e-4,-0.0010083333333333333
2025-08-12T06:00:00Z,Tilt7,Oki15,0,1.5407555555555557,190.24351944444444,-0.4931916666666667,0.15283333333333332,0.015407555555555556,-0.004931916666666667,0.0015283333333333334
2025-08-12T06:00:00Z,Tilt8,Oki14,0,2.2539444444444445,206.6605,-1.0646111111111112,-0.7722222222222223,0.022539444444444445,-0.010646111111111111,-0.007722222222222222
2025-08-12T07:00:00Z,Tilt1,Oki02,13,1.2126666666666668,112.83933333333333,-0.4555,1.0898333333333334,0.012126666666666668,-0.004555,0.010898333333333335
2025-08-12T07:00:00Z,Tilt2,Oki03,42,0.8223333333333334,39.410833333333336,0.6525,0.451,0.008223333333333334,0.006525,0.00451
2025-08-12T07:00:00Z,Tilt3,Oki04,50,3.5523333333333333,308.283,2.3066666666666666,-2.4013333333333335,0.03552333333333333,0.023066666666666666,-0.024013333333333334
2025-08-12T07:00:00Z,Tilt4,Oki07,0,15.639055555555556,207.49880555555555,-13.590333333333334,-5.99125,0.15639055555555556,-0.13590333333333335,-0.0599125
2025-08-12T07:00:00Z,Tilt5,Oki09,28,2.4286666666666665,192.5115,-0.2685,0.766,0.024286666666666668,-0.0026850000000000003,0.00766
2025-08-12T07:00:00Z,Tilt6,Oki11,0,0.556,245.88066666666666,0.17516666666666666,-0.35233333333333333,0.00556,0.0017516666666666668,-0.0035233333333333336
2025-08-12T07:00:00Z,Tilt7,Oki15,0,1.3328833333333334,185.80669444444445,-0.41965277777777776,0.17855555555555555,0.013328833333333333,-0.004196527777777777,0.0017855555555555556
2025-08-12T07:00:00Z,Tilt8,Oki14,0,4.822444444444445,198.64172222222223,-2.4265,-2.7328888888888887,0.048224444444444445,-0.024265000000000002,-0.027328888888888892
2025-08-12T08:00:00Z,Tilt1,Oki02,13,1.6605,106.82466666666667,-0.2718333333333333,1.1428333333333334,0.016605,-0.0027183333333333335,0.011428333333333334
2025-08-12T08:00:00Z,Tilt2,Oki03,42,0.7345,96.32,0.524,0.27516666666666667,0.007345,0.00524,0.0027516666666666666
2025-08-12T08:00:00Z,Tilt3,Oki04,50,7.890833333333333,302.1755,3.3605,-6.8933333333333335,0.07890833333333333,0.033605,-0.06893333333333333
2025-08-12T08:00:00Z,Tilt4,Oki07,0,9.61288888888889,237.9928611111111,-5.186694444444444,-6.941694444444445,0.09612888888888889,-0.051866944444444445,-0.06941694444444445
2025-08-12T08:00:00Z,Tilt5,Oki09,28,3.415,178.6025,1.6741666666666666,-0.479,0.03415,0.01674166666666667,-0.00479
2025-08-12T08:00:00Z,Tilt6,Oki11,0,1.1203333333333334,220.98666666666668,0.7643333333333333,-0.3665,0.011203333333333334,0.007643333333333334,-0.0036650000000000003
2025-08-12T08:00:00Z,Tilt7,Oki15,0,1.2485277777777777,186.9857027777778,-0.42620833333333336,0.1519861111111111,0.012485277777777777,-0.004262083333333334,0.0015198611111111112
2025-08-12T08:00:00Z,Tilt8,Oki14,0,10.954333333333333,227.51216666666667,-7.116611111111111,-7.591166666666667,0.10954333333333334,-0.07116611111111111,-0.07591166666666667
2025-08-12T09:00:00Z,Tilt1,Oki02,13,2.445333333333333,100.36616666666667,-0.22333333333333333,2.2835,0.024453333333333334,-0.0022333333333333333,0.022835
2025-08-12T09:00:00Z,Tilt2,Oki03,42,0.7888333333333334,52.6445,0.4296666666666667,0.5703333333333334,0.007888333333333334,0.0042966666666666665,0.005703333333333334
2025-08-12T09:00:00Z,Tilt3,Oki04,50,14.536666666666667,290.7655,4.8615,-13.449833333333332,0.14536666666666667,0.048615,-0.13449833333333333
2025-08-12T09:00:00Z,Tilt4,Oki07,0,2.449666666666667,224.88580555555555,-0.3548611111111111,-1.5187777777777778,0.024496666666666667,-0.0035486111111111113,-0.015187777777777777
2025-08-12T09:00:00Z,Tilt5,Oki09,28,2.2118333333333333,147.221,-0.11549999999999999,0.9061666666666667,0.022118333333333334,-0.001155,0.009061666666666668
2025-08-12T09:00:00Z,Tilt6,Oki11,0,1.044,161.281,-0.14416666666666667,0.407,0.01044,-0.0014416666666666668,0.00407
2025-08-12T09:00:00Z,Tilt7,Oki15,0,1.236863888888889,192.81007222222223,-0.35067777777777775,0.016622222222222226,0.012368638888888889,-0.003506777777777778,1.6622222222222228e-4
2025-08-12T09:00:00Z,Tilt8,Oki14,0,10.930888888888889,250.9771111111111,0.5815555555555555,-8.964611111111111,0.1093088888888889,0.005815555555555555,-0.08964611111111111
2025-08-12T10:00:00Z,Tilt1,Oki02,13,2.0615,108.39383333333333,-0.43716666666666665,0.7708333333333334,0.020615,-0.004371666666666667,0.0077083333333333335
2025-08-12T10:00:00Z,Tilt2,Oki03,42,0.6945,101.80583333333334,0.54,0.2775,0.006945,0.0054,0.002775
2025-08-12T10:00:00Z,Tilt3,Oki04,50,12.975666666666667,300.21116666666666,6.171666666666667,-11.141833333333333,0.12975666666666666,0.06171666666666667,-0.11141833333333334
2025-08-12T10:00:00Z,Tilt4,Oki07,0,5.9315,203.75980555555554,-5.10525,-2.1847222222222222,0.059315,-0.0510525,-0.021847222222222223
2025-08-12T10:00:00Z,Tilt5,Oki09,28,2.257,153.87466666666666,-0.5373333333333333,0.9275,0.02257,-0.005373333333333333,0.009275
2025-08-12T10:00:00Z,Tilt6,Oki11,0,1.124,230.934,-0.5165,-0.029500000000000002,0.01124,-0.0051649999999999995,-2.9499999999999996e-4
2025-08-12T10:00:00Z,Tilt7,Oki15,0,1.1958166666666667,187.41532777777778,-0.44455,0.14670277777777777,0.011958166666666667,-0.0044455,0.0014670277777777778
2025-08-12T10:00:00Z,Tilt8,Oki14,0,9.617833333333333,266.85366666666664,0.7184444444444446,-7.719388888888889,0.09617833333333334,0.0071844444444444456,-0.0771938888888889
2025-08-12T11:00:00Z,Tilt1,Oki02,13,1.6003333333333334,137.25233333333333,-0.6516666666666666,0.20833333333333334,0.016003333333333335,-0.006516666666666667,0.0020833333333333333
2025-08-12T11:00:00Z,Tilt2,Oki03,42,0.7618333333333334,170.04083333333332,0.5338333333333334,-0.08833333333333333,0.007618333333333334,0.005338333333333333,-8.833333333333333e-4
2025-08-12T11:00:00Z,Tilt3,Oki04,50,6.4535,205.9235,2.3251666666666666,-2.5361666666666665,0.064535,0.023251666666666667,-0.025361666666666668
2025-08-12T11:00:00Z,Tilt4,Oki07,0,4.253444444444444,185.51622222222224,-1.8445,-0.07136111111111113,0.042534444444444444,-0.018445,-7.136111111111113e-4
2025-08-12T11:00:00Z,Tilt5,Oki09,28,2.8836666666666666,194.94783333333334,-0.013666666666666652,-0.04233333333333332,0.028836666666666667,-1.3666666666666672e-4,-4.233333333333333e-4
2025-08-12T11:00:00Z,Tilt6,Oki11,0,0.485,237.06816666666666,0.1165,-0.19966666666666666,0.00485,0.001165,-0.0019966666666666666
2025-08-12T11:00:00Z,Tilt7,Oki15,0,0.9961444444444445,193.69692777777777,-0.19734166666666667,0.03490833333333333,0.009961444444444445,-0.0019734166666666667,3.4908333333333335e-4
2025-08-12T11:00:00Z,Tilt8,Oki14,0,4.952111111111111,190.45194444444445,-1.8746666666666667,-2.023,0.04952111111111111,-0.018746666666666665,-0.02023
2025-08-12T12:00:00Z,Tilt1,Oki02,13,3.1203333333333334,82.691,0.6871666666666667,2.8688333333333333,0.031203333333333333,0.006871666666666667,0.028688333333333333
2025-08-12T12:00:00Z,Tilt2,Oki03,42,0.6975,135.53833333333333,0.4588333333333333,0.24433333333333332,0.006975,0.004588333333333333,0.0024433333333333334
2025-08-12T12:00:00Z,Tilt3,Oki04,50,2.9111666666666665,83.13933333333334,1.1705,2.2983333333333333,0.029111666666666668,0.011705,0.022983333333333335
2025-08-12T12:00:00Z,Tilt4,Oki07,0,3.7005,179.8331111111111,3.2953055555555557,0.06713888888888889,0.037005,0.032953055555555555,6.713888888888889e-4
2025-08-12T12:00:00Z,Tilt5,Oki09,28,1.5871666666666666,130.8915,-0.3953333333333333,0.9393333333333334,0.015871666666666666,-0.003953333333333333,0.009393333333333333
2025-08-12T12:00:00Z,Tilt6,Oki11,0,1.4405,219.56883333333334,-0.5068333333333334,0.018333333333333333,0.014405000000000001,-0.0050683333333333335,1.8333333333333336e-4
2025-08-12T12:00:00Z,Tilt7,Oki15,0,1.120511111111111,190.24309722222222,-0.24231388888888888,0.045913888888888886,0.011205111111111112,-0.002423138888888889,4.591388888888889e-4
2025-08-12T12:00:00Z,Tilt8,Oki14,0,3.4318333333333335,66.83533333333334,1.3598333333333332,3.0365555555555557,0.03431833333333333,0.013598333333333334,0.030365555555555555
2025-08-12T13:00:00Z,Tilt1,Oki02,13,3.0183333333333335,101.43733333333333,0.2808333333333333,2.5088333333333335,0.030183333333333333,0.0028083333333333333,0.025088333333333334
2025-08-12T13:00:00Z,Tilt2,Oki03,42,0.6508333333333334,177.89183333333332,0.5156666666666667,0.0825,0.006508333333333334,0.005156666666666667,8.25e-4
2025-08-12T13:00:00Z,Tilt3,Oki04,50,1.4618333333333333,128.50300000000001,0.539,0.4085,0.014618333333333334,0.00539,0.004085
2025-08-12T13:00:00Z,Tilt4,Oki07,0,3.592416666666667,154.96280555555555,2.967222222222222,0.5584166666666667,0.03592416666666667,0.02967222222222222,0.005584166666666667
2025-08-12T13:00:00Z,Tilt5,Oki09,28,4.097166666666666,194.87516666666667,0.7050000000000001,-0.278,0.04097166666666667,0.007050000000000001,-0.0027800000000000004
2025-08-12T13:00:00Z,Tilt6,Oki11,0,1.8233333333333333,243.716,-0.5793333333333334,-1.354,0.018233333333333334,-0.0057933333333333335,-0.01354
2025-08-12T13:00:00Z,Tilt7,Oki15,0,1.1953694444444445,195.11366944444444,-0.28636666666666666,0.03167222222222222,0.011953694444444444,-0.0028636666666666667,3.167222222222222e-4
2025-08-12T13:00:00Z,Tilt8,Oki14,0,2.7625,70.07033333333334,0.9320555555555555,2.433,0.027625,0.009320555555555556,0.02433
2025-08-12T14:00:00Z,Tilt1,Oki02,13,1.3568333333333333,133.77133333333333,-0.7863333333333333,0.7406666666666667,0.013568333333333333,-0.007863333333333333,0.007406666666666667
2025-08-12T14:00:00Z,Tilt2,Oki03,42,0.7021666666666667,163.68966666666668,0.5981666666666666,0.11033333333333334,0.0070216666666666665,0.005981666666666667,0.0011033333333333333
2025-08-12T14:00:00Z,Tilt3,Oki04,50,1.7496666666666667,220.61133333333333,0.8848333333333334,-0.17333333333333334,0.017496666666666667,0.008848333333333333,-0.0017333333333333335
2025-08-12T14:00:00Z,Tilt4,Oki07,0,8.66388888888889,72.53808333333333,7.932666666666667,2.608138888888889,0.08663888888888889,0.07932666666666667,0.02608138888888889
2025-08-12T14:00:00Z,Tilt5,Oki09,28,1.6896666666666667,111.04716666666667,-0.7055,1.462,0.016896666666666667,-0.0070550000000000005,0.014620000000000001
2025-08-12T14:00:00Z,Tilt6,Oki11,0,1.8001666666666667,185.0945,-1.3438333333333334,-0.03749999999999999,0.018001666666666666,-0.013438333333333333,-3.7500000000000006e-4
2025-08-12T14:00:00Z,Tilt7,Oki15,0,1.2176638888888889,185.58037222222222,-0.3583861111111111,0.15809722222222222,0.01217663888888889,-0.003583861111111111,0.0015809722222222223
2025-08-12T14:00:00Z,Tilt8,Oki14,0,2.207222222222222,109.57,0.8575555555555556,0.7126111111111111,0.022072222222222222,0.008575555555555557,0.007126111111111112
2025-08-12T15:00:00Z,Tilt1,Oki02,13,1.4958333333333333,130.95433333333332,-0.9683333333333334,0.9565,0.014958333333333334,-0.009683333333333334,0.009565
2025-08-12T15:00:00Z,Tilt2,Oki03,42,0.8851666666666667,120.623,0.47783333333333333,0.4176666666666667,0.008851666666666667,0.004778333333333333,0.004176666666666667
2025-08-12T15:00:00Z,Tilt3,Oki04,50,1.6855,87.20183333333334,-0.125,1.5001666666666666,0.016855000000000002,-0.00125,0.015001666666666667
2025-08-12T15:00:00Z,Tilt4,Oki07,0,6.971972222222222,98.79041666666667,5.991111111111111,2.351111111111111,0.06971972222222222,0.05991111111111111,0.02351111111111111
2025-08-12T15:00:00Z,Tilt5,Oki09,28,1.8401666666666667,160.21083333333334,0.3606666666666667,0.43883333333333335,0.018401666666666667,0.003606666666666667,0.0043883333333333335
2025-08-12T15:00:00Z,Tilt6,Oki11,0,1.2445,178.25866666666667,-1.0033333333333334,0.232,0.012445,-0.010033333333333333,0.00232
2025-08-12T15:00:00Z,Tilt7,Oki15,0,1.346063888888889,188.98115833333333,-0.427075,0.13223888888888888,0.013460638888888888,-0.00427075,0.001322388888888889
2025-08-12T15:00:00Z,Tilt8,Oki14,0,2.6055,182.74755555555555,1.0234999999999999,-0.5494444444444444,0.026055000000000002,0.010235,-0.005494444444444444
2025-08-12T16:00:00Z,Tilt1,Oki02,13,1.8335,106.28116666666666,-0.2876666666666667,1.6921666666666666,0.018335,-0.0028766666666666667,0.016921666666666668
2025-08-12T16:00:00Z,Tilt2,Oki03,42,0.966,146.28433333333334,0.6111666666666666,0.17316666666666666,0.00966,0.006111666666666667,0.0017316666666666667
2025-08-12T16:00:00Z,Tilt3,Oki04,50,2.7546666666666666,95.1305,-0.5095,2.4871666666666665,0.027546666666666667,-0.005095,0.024871666666666667
2025-08-12T16:00:00Z,Tilt4,Oki07,0,4.940083333333333,129.62330555555556,3.972611111111111,1.6469166666666666,0.04940083333333333,0.039726111111111115,0.016469166666666667
2025-08-12T16:00:00Z,Tilt5,Oki09,28,1.5515,166.13533333333334,0.03716666666666666,0.47983333333333333,0.015515000000000001,3.716666666666667e-4,0.004798333333333333
2025-08-12T16:00:00Z,Tilt6,Oki11,0,0.5471666666666667,229.24583333333334,-0.022333333333333334,-0.22483333333333333,0.005471666666666667,-2.2333333333333333e-4,-0.0022483333333333335
2025-08-12T16:00:00Z,Tilt7,Oki15,0,1.4962694444444444,185.53604166666668,-0.4165138888888889,0.1793722222222222,0.014962694444444445,-0.004165138888888889,0.0017937222222222222
2025-08-12T16:00:00Z,Tilt8,Oki14,0,3.6348333333333334,255.15116666666665,1.0081666666666667,-1.6145555555555555,0.03634833333333334,0.010081666666666668,-0.016145555555555555
2025-08-12T17:00:00Z,Tilt1,Oki02,13,1.6055,113.31016666666666,-0.41233333333333333,1.2285,0.016055,-0.004123333333333333,0.012285
2025-08-12T17:00:00Z,Tilt2,Oki03,42,0.8913333333333333,139.59016666666668,0.5426666666666666,0.25483333333333336,0.008913333333333334,0.0054266666666666664,0.0025483333333333334
2025-08-12T17:00:00Z,Tilt3,Oki04,50,3.885,82.304,1.824,1.9015,0.03885,0.01824,0.019015
2025-08-12T17:00:00Z,Tilt4,Oki07,0,2.289361111111111,162.04227777777777,1.6669444444444446,0.41411111111111115,0.02289361111111111,0.016669444444444445,0.004141111111111111
2025-08-12T17:00:00Z,Tilt5,Oki09,28,2.1948333333333334,124.6155,-0.6073333333333333,1.4585,0.021948333333333334,-0.006073333333333333,0.014585
2025-08-12T17:00:00Z,Tilt6,Oki11,0,0.476,233.98266666666666,0.1885,-0.14833333333333332,0.00476,0.0018850000000000002,-0.0014833333333333332
2025-08-12T17:00:00Z,Tilt7,Oki15,0,1.6162583333333334,195.50948055555557,-0.31703333333333333,0.04843055555555555,0.016162583333333334,-0.003170333333333333,4.8430555555555553e-4
2025-08-12T17:00:00Z,Tilt8,Oki14,0,1.4602222222222223,155.14644444444446,-0.4287222222222222,0.1827777777777778,0.014602222222222223,-0.004287222222222222,0.0018277777777777778
2025-08-12T18:00:00Z,Tilt1,Oki02,13,1.6496666666666666,99.93716666666667,-0.1445,1.2581666666666667,0.016496666666666666,-0.0014449999999999999,0.012581666666666666
2025-08-12T18:00:00Z,Tilt2,Oki03,42,0.9516666666666667,184.43333333333334,0.8671666666666666,-0.06783333333333333,0.009516666666666666,0.008671666666666666,-6.783333333333333e-4
2025-08-12T18:00:00Z,Tilt3,Oki04,50,2.5893333333333333,172.3955,1.8011666666666666,0.00366666666666668,0.025893333333333334,0.018011666666666665,3.666666666666682e-5
2025-08-12T18:00:00Z,Tilt4,Oki07,0,4.414611111111111,184.17347222222222,-3.607,-1.0779722222222223,0.04414611111111111,-0.03607,-0.010779722222222222
2025-08-12T18:00:00Z,Tilt5,Oki09,28,6.7895,109.62816666666667,-2.7981666666666665,5.785833333333334,0.067895,-0.02798166666666667,0.05785833333333333
2025-08-12T18:00:00Z,Tilt6,Oki11,0,0.448,188.52066666666667,0.0575,0.02433333333333333,0.00448,5.75e-4,2.4333333333333328e-4
2025-08-12T18:00:00Z,Tilt7,Oki15,0,1.4592166666666666,184.4941472222222,-0.40880555555555553,0.1539388888888889,0.014592166666666666,-0.004088055555555556,0.001539388888888889
2025-08-12T18:00:00Z,Tilt8,Oki14,0,2.253388888888889,209.76544444444446,-1.5865555555555555,-1.146111111111111,0.022533888888888888,-0.015865555555555556,-0.011461111111111111
2025-08-12T19:00:00Z,Tilt1,Oki02,13,1.4411666666666667,98.06866666666667,-0.19083333333333333,1.3568333333333333,0.014411666666666666,-0.0019083333333333335,0.013568333333333333
2025-08-12T19:00:00Z,Tilt2,Oki03,42,0.7895,241.18,0.7141666666666666,-0.17916666666666667,0.007895,0.007141666666666667,-0.0017916666666666667
2025-08-12T19:00:00Z,Tilt3,Oki04,50,3.6195,313.0505,2.6645,-2.068,0.036195,0.026645000000000002,-0.02068
2025-08-12T19:00:00Z,Tilt4,Oki07,0,12.58911111111111,202.74941666666666,-11.088666666666667,-4.225777777777778,0.12589111111111112,-0.11088666666666666,-0.042257777777777776
2025-08-12T19:00:00Z,Tilt5,Oki09,28,2.072,121.71366666666667,-1.07,1.6955,0.020720000000000002,-0.0107,0.016955
2025-08-12T19:00:00Z,Tilt6,Oki11,0,0.6265,253.07733333333334,0.3995,-0.32066666666666666,0.006265,0.003995,-0.0032066666666666667
2025-08-12T19:00:00Z,Tilt7,Oki15,0,1.1090444444444445,191.684575,-0.4356277777777778,0.048375,0.011090444444444444,-0.0043562777777777775,4.8374999999999997e-4
2025-08-12T19:00:00Z,Tilt8,Oki14,0,4.471277777777778,223.48811111111112,-2.123388888888889,-3.476722222222222,0.04471277777777778,-0.02123388888888889,-0.03476722222222222
2025-08-12T20:00:00Z,Tilt1,Oki02,13,1.1953333333333334,143.96866666666668,-0.7896666666666666,0.47733333333333333,0.011953333333333333,-0.007896666666666666,0.004773333333333333
2025-08-12T20:00:00Z,Tilt2,Oki03,42,0.6351666666666667,61.885666666666665,0.5983333333333333,0.154,0.006351666666666667,0.0059833333333333336,0.00154
2025-08-12T20:00:00Z,Tilt3,Oki04,50,6.345166666666667,307.7725,3.5993333333333335,-5.054,0.06345166666666667,0.035993333333333336,-0.05054
2025-08-12T20:00:00Z,Tilt4,Oki07,0,12.402916666666666,204.6558611111111,-10.71636111111111,-4.787861111111111,0.12402916666666668,-0.10716361111111111,-0.047878611111111115
2025-08-12T20:00:00Z,Tilt5,Oki09,28,1.346,129.33933333333334,-0.3815,1.0095,0.01346,-0.0038150000000000002,0.010095
2025-08-12T20:00:00Z,Tilt6,Oki11,0,0.9671666666666666,258.15166666666664,0.8043333333333333,-0.25916666666666666,0.009671666666666667,0.008043333333333333,-0.0025916666666666666
2025-08-12T20:00:00Z,Tilt7,Oki15,0,1.0446416666666667,189.58836944444445,-0.44088333333333335,0.10578333333333334,0.010446416666666666,-0.004408833333333333,0.0010578333333333334
2025-08-12T20:00:00Z,Tilt8,Oki14,0,3.3097222222222222,200.26072222222223,-2.899388888888889,-1.215111111111111,0.03309722222222222,-0.02899388888888889,-0.01215111111111111
2025-08-12T21:00:00Z,Tilt1,Oki02,13,1.436,141.66616666666667,-0.643,0.305,0.014360000000000001,-0.00643,0.0030499999999999998
2025-08-12T21:00:00Z,Tilt2,Oki03,42,0.6873333333333334,47.1635,0.5928333333333333,0.245,0.006873333333333334,0.005928333333333333,0.00245
2025-08-12T21:00:00Z,Tilt3,Oki04,50,10.949,301.6046666666667,5.378,-9.2845,0.10949,0.05378,-0.092845
2025-08-12T21:00:00Z,Tilt4,Oki07,0,10.100083333333334,198.01494444444444,-9.145166666666666,-3.275916666666667,0.10100083333333333,-0.09145166666666667,-0.032759166666666666
2025-08-12T21:00:00Z,Tilt5,Oki09,28,2.099666666666667,173.73166666666665,1.3291666666666666,0.09299999999999999,0.020996666666666667,0.013291666666666667,9.299999999999999e-4
2025-08-12T21:00:00Z,Tilt6,Oki11,0,0.6851666666666667,240.16666666666666,0.501,-0.1455,0.0068516666666666665,0.00501,-0.0014550000000000001
2025-08-12T21:00:00Z,Tilt7,Oki15,0,0.8556805555555556,186.01629166666666,-0.47794722222222225,0.12666666666666668,0.008556805555555555,-0.004779472222222222,0.0012666666666666666
2025-08-12T21:00:00Z,Tilt8,Oki14,0,7.690722222222222,205.34272222222222,-6.699,-3.1525,0.07690722222222222,-0.06699000000000001,-0.031525
2025-08-12T22:00:00Z,Tilt1,Oki02,13,1.9986666666666666,103.7845,-0.42533333333333334,1.7688333333333333,0.019986666666666666,-0.004253333333333334,0.017688333333333334
2025-08-12T22:00:00Z,Tilt2,Oki03,42,0.7763333333333333,65.233,0.4735,0.5096666666666667,0.007763333333333334,0.0047350000000000005,0.005096666666666667
2025-08-12T22:00:00Z,Tilt3,Oki04,50,10.142333333333333,288.45433333333335,3.0035,-9.478833333333334,0.10142333333333334,0.030035,-0.09478833333333334
2025-08-12T22:00:00Z,Tilt4,Oki07,0,4.209222222222222,178.23163888888888,-3.8713055555555558,0.4728888888888889,0.042092222222222225,-0.038713055555555556,0.004728888888888889
2025-08-12T22:00:00Z,Tilt5,Oki09,28,5.488666666666667,236.57183333333333,4.7755,-1.3041666666666667,0.05488666666666667,0.047755,-0.013041666666666667
2025-08-12T22:00:00Z,Tilt6,Oki11,0,0.3895,182.43766666666667,0.009666666666666665,-0.008999999999999996,0.003895,9.666666666666663e-5,-8.999999999999998e-5
2025-08-12T22:00:00Z,Tilt7,Oki15,0,0.7400083333333334,187.47201666666666,-0.39390000000000003,0.0824,0.007400083333333334,-0.003939,8.24e-4
2025-08-12T22:00:00Z,Tilt8,Oki14,0,2.573722222222222,157.65644444444445,-0.4727777777777778,-0.2649444444444444,0.02573722222222222,-0.004727777777777778,-0.0026494444444444443
2025-08-12T23:00:00Z,Tilt1,Oki02,13,2.5206666666666666,107.516,-0.7693333333333333,2.165,0.02520666666666667,-0.007693333333333333,0.02165
2025-08-12T23:00:00Z,Tilt2,Oki03,42,0.703,64.17333333333333,0.496,0.37583333333333335,0.00703,0.00496,0.0037583333333333336
2025-08-12T23:00:00Z,Tilt3,Oki04,50,3.138333333333333,200.35416666666666,1.0511666666666668,-0.906,0.03138333333333333,0.010511666666666667,-0.00906
2025-08-12T23:00:00Z,Tilt4,Oki07,0,3.989333333333333,184.04252777777776,-3.467722222222222,-0.2566111111111111,0.039893333333333336,-0.03467722222222222,-0.002566111111111111
2025-08-12T23:00:00Z,Tilt5,Oki09,28,3.0218333333333334,141.01883333333333,-0.08683333333333336,1.3365,0.030218333333333333,-8.683333333333336e-4,0.013365
2025-08-12T23:00:00Z,Tilt6,Oki11,0,0.6181666666666666,264.576,0.027166666666666665,-0.35,0.006181666666666667,2.716666666666667e-4,-0.0035
2025-08-12T23:00:00Z,Tilt7,Oki15,0,0.7685388888888889,195.94261944444446,-0.30195,9.66666666666667e-4,0.007685388888888889,-0.0030195,9.66666666666667e-6
2025-08-12T23:00:00Z,Tilt8,Oki14,0,2.216833333333333,89.85877777777777,0.00733333333333333,2.1414444444444443,0.022168333333333335,7.333333333333329e-5,0.021414444444444444
2025-08-13T00:00:00Z,Tilt1,Oki02,13,2.4426666666666668,105.5505,-0.112,2.2765,0.024426666666666666,-0.0011200000000000001,0.022765
2025-08-13T00:00:00Z,Tilt2,Oki03,42,0.6783333333333333,65.70016666666666,0.48833333333333334,0.39016666666666666,0.006783333333333333,0.004883333333333333,0.0039016666666666666
2025-08-13T00:00:00Z,Tilt3,Oki04,50,3.5835,60.146499999999996,2.1565,2.5348333333333333,0.035835,0.021565,0.025348333333333334
2025-08-13T00:00:00Z,Tilt4,Oki07,0,2.2636666666666665,188.28966666666668,-1.5285833333333334,0.11377777777777777,0.022636666666666666,-0.015285833333333334,0.0011377777777777777
2025-08-13T00:00:00Z,Tilt5,Oki09,28,2.6545,147.59233333333333,0.583,0.15100000000000002,0.026545,0.00583,0.0015100000000000005
2025-08-13T00:00:00Z,Tilt6,Oki11,0,0.6268333333333334,242.564,-0.30433333333333334,-0.2185,0.006268333333333333,-0.0030433333333333337,-0.002185
2025-08-13T00:00:00Z,Tilt7,Oki15,0,0.81585,188.136975,-0.4044666666666667,0.10843611111111111,0.0081585,-0.004044666666666667,0.001084361111111111
2025-08-13T00:00:00Z,Tilt8,Oki14,0,4.6005,62.291222222222224,2.233,3.8385555555555557,0.046005000000000004,0.02233,0.038385555555555555
2025-08-13T01:00:00Z,Tilt1,Oki02,13,4.847166666666666,81.33966666666667,1.1826666666666668,4.6385,0.04847166666666667,0.011826666666666668,0.046385
2025-08-13T01:00:00Z,Tilt2,Oki03,42,0.6105,63.68966666666667,0.5205,0.2275,0.006105,0.005205,0.002275
2025-08-13T01:00:00Z,Tilt3,Oki04,50,4.326833333333333,214.8375,4.283,-0.08633333333333333,0.04326833333333333,0.04283,-8.633333333333332e-4
2025-08-13T01:00:00Z,Tilt4,Oki07,0,2.2119444444444443,122.83372222222222,0.8098055555555556,1.2055833333333335,0.022119444444444445,0.008098055555555556,0.012055833333333333
2025-08-13T01:00:00Z,Tilt5,Oki09,28,1.8426666666666667,112.22833333333334,-0.8646666666666667,1.4893333333333334,0.018426666666666668,-0.008646666666666667,0.014893333333333333
2025-08-13T01:00:00Z,Tilt6,Oki11,0,0.2936666666666667,223.74316666666667,-0.104,-0.12366666666666667,0.002936666666666667,-0.00104,-0.0012366666666666667
2025-08-13T01:00:00Z,Tilt7,Oki15,0,0.8331861111111111,186.70468333333335,-0.43672777777777777,0.13664722222222223,0.008331861111111111,-0.004367277777777778,0.0013664722222222223
2025-08-13T01:00:00Z,Tilt8,Oki14,0,7.749944444444445,51.40394444444445,5.822,4.24,0.07749944444444444,0.05822,0.0424
2025-08-13T02:00:00Z,Tilt1,Oki02,13,2.1301666666666668,101.912,-0.060166666666666674,2.0316666666666667,0.021301666666666667,-6.016666666666667e-4,0.020316666666666667
2025-08-13T02:00:00Z,Tilt2,Oki03,42,0.708,55.19233333333334,0.667,0.16283333333333333,0.00708,0.00667,0.0016283333333333334
2025-08-13T02:00:00Z,Tilt3,Oki04,50,3.3708333333333336,219.4455,1.5408333333333333,-1.9741666666666666,0.03370833333333333,0.015408333333333333,-0.019741666666666668
2025-08-13T02:00:00Z,Tilt4,Oki07,0,12.352333333333334,45.58591666666667,10.952805555555555,4.7917499999999995,0.12352333333333333,0.10952805555555556,0.0479175
2025-08-13T02:00:00Z,Tilt5,Oki09,28,1.0185,93.20383333333334,-0.16766666666666666,0.9365,0.010185,-0.0016766666666666668,0.009365
2025-08-13T02:00:00Z,Tilt6,Oki11,0,0.3263333333333333,244.3615,0.004833333333333334,-0.19683333333333333,0.0032633333333333334,4.833333333333332e-5,-0.0019683333333333332
2025-08-13T02:00:00Z,Tilt7,Oki15,0,0.8985833333333333,182.90175555555555,-0.49943611111111114,0.11228611111111111,0.008985833333333334,-0.004994361111111111,0.0011228611111111112
2025-08-13T02:00:00Z,Tilt8,Oki14,0,4.900611111111111,75.86972222222222,3.5886666666666667,2.6620555555555554,0.04900611111111111,0.035886666666666664,0.026620555555555554
2025-08-13T03:00:00Z,Tilt1,Oki02,13,2.2465,125.74066666666667,-0.3745,1.891,0.022465,-0.003745,0.01891
2025-08-13T03:00:00Z,Tilt2,Oki03,42,0.7058333333333333,39.87683333333333,0.6303333333333333,0.25916666666666666,0.007058333333333333,0.0063033333333333335,0.0025916666666666666
2025-08-13T03:00:00Z,Tilt3,Oki04,50,2.2721666666666667,125.42083333333333,0.938,1.0358333333333334,0.022721666666666668,0.00938,0.010358333333333334
2025-08-13T03:00:00Z,Tilt4,Oki07,0,15.698222222222222,74.28372222222222,14.769777777777778,3.89375,0.15698222222222222,0.1476977777777778,0.0389375
2025-08-13T03:00:00Z,Tilt5,Oki09,28,0.7575000000000001,80.21866666666666,0.113,0.6803333333333333,0.007575,0.00113,0.006803333333333333
2025-08-13T03:00:00Z,Tilt6,Oki11,0,0.7163333333333334,275.84683333333334,0.29883333333333334,-0.5615,0.007163333333333334,0.0029883333333333333,-0.005615
2025-08-13T03:00:00Z,Tilt7,Oki15,0,0.9290944444444444,182.60076111111113,-0.5318611111111111,0.163075,0.009290944444444445,-0.005318611111111111,0.00163075
2025-08-13T03:00:00Z,Tilt8,Oki14,0,1.6645,161.2782222222222,1.0749444444444445,-0.005222222222222238,0.016645,0.010749444444444445,-5.222222222222228e-5
2025-08-13T04:00:00Z,Tilt1,Oki02,13,1.467,123.4575,-0.676,1.0818333333333334,0.01467,-0.00676,0.010818333333333334
2025-08-13T04:00:00Z,Tilt2,Oki03,42,0.9061666666666667,123.20733333333334,0.4715,0.26033333333333336,0.009061666666666668,0.0047150000000000004,0.0026033333333333334
2025-08-13T04:00:00Z,Tilt3,Oki04,50,2.110333333333333,73.51433333333333,1.0778333333333334,1.49,0.021103333333333335,0.010778333333333334,0.0149
2025-08-13T04:00:00Z,Tilt4,Oki07,0,14.590722222222222,118.07686111111111,14.097805555555555,1.9481666666666666,0.14590722222222222,0.14097805555555556,0.019481666666666668
2025-08-13T04:00:00Z,Tilt5,Oki09,28,1.284,110.34683333333334,0.8886666666666667,0.47933333333333333,0.01284,0.008886666666666666,0.0047933333333333335
2025-08-13T04:00:00Z,Tilt6,Oki11,0,0.6588333333333334,249.89566666666667,0.23783333333333334,-0.506,0.006588333333333333,0.0023783333333333334,-0.00506
2025-08-13T04:00:00Z,Tilt7,Oki15,0,1.300347222222222,207.49387222222222,0.1367111111111111,-0.25654444444444446,0.013003472222222222,0.001367111111111111,-0.0025654444444444444
2025-08-13T04:00:00Z,Tilt8,Oki14,0,3.252222222222222,256.45,-0.7318333333333333,-2.6590555555555557,0.03252222222222222,-0.007318333333333334,-0.026590555555555555
2025-08-13T05:00:00Z,Tilt1,Oki02,13,1.28,130.38183333333333,-0.6755,0.8216666666666667,0.0128,-0.006755000000000001,0.008216666666666667
2025-08-13T05:00:00Z,Tilt2,Oki03,42,1.2573333333333334,191.92966666666666,0.4866666666666667,-0.4276666666666667,0.012573333333333334,0.004866666666666667,-0.0042766666666666665
2025-08-13T05:00:00Z,Tilt3,Oki04,50,3.105,25.000833333333333,2.7678333333333334,1.3135,0.03105,0.027678333333333333,0.013135
2025-08-13T05:00:00Z,Tilt4,Oki07,0,10.306305555555555,181.97316666666666,9.8035,0.01836111111111111,0.10306305555555556,0.098035,1.836111111111112e-4
2025-08-13T05:00:00Z,Tilt5,Oki09,28,1.4746666666666666,71.30016666666667,0.5403333333333333,1.1608333333333334,0.014746666666666667,0.005403333333333334,0.011608333333333333
2025-08-13T05:00:00Z,Tilt6,Oki11,0,0.5196666666666667,181.13183333333333,-0.07216666666666667,0.2145,0.005196666666666667,-7.216666666666667e-4,0.002145
2025-08-13T05:00:00Z,Tilt7,Oki15,0,0.8003777777777777,191.52415833333333,-0.20415277777777777,0.06745,0.008003777777777778,-0.002041527777777778,6.745000000000001e-4
2025-08-13T05:00:00Z,Tilt8,Oki14,0,10.414111111111112,225.4381111111111,-6.8421111111111115,-6.841,0.10414111111111111,-0.06842111111111111,-0.06841
2025-08-13T06:00:00Z,Tilt1,Oki02,13,1.0376666666666667,118.616,-0.25233333333333335,0.7008333333333333,0.010376666666666668,-0.002523333333333333,0.007008333333333333
2025-08-13T06:00:00Z,Tilt2,Oki03,42,0.7398333333333333,195.66466666666668,0.5466666666666666,0.134,0.007398333333333333,0.0054666666666666665,0.00134
2025-08-13T06:00:00Z,Tilt3,Oki04,50,3.8201666666666667,247.44133333333335,3.6526666666666667,-0.46549999999999997,0.03820166666666667,0.036526666666666666,-0.004655
2025-08-13T06:00:00Z,Tilt4,Oki07,0,4.500694444444444,194.47277777777776,-1.6826666666666668,-1.0499166666666666,0.04500694444444445,-0.016826666666666667,-0.010499166666666667
2025-08-13T06:00:00Z,Tilt5,Oki09,28,2.393,102.79016666666666,-1.1416666666666666,1.8771666666666667,0.02393,-0.011416666666666667,0.018771666666666666
2025-08-13T06:00:00Z,Tilt6,Oki11,0,0.40850000000000003,177.92666666666668,0.0855,0.13316666666666666,0.004085,8.55e-4,0.0013316666666666665
2025-08-13T06:00:00Z,Tilt7,Oki15,0,0.7606861111111111,188.09396388888888,-0.4422527777777778,0.0947888888888889,0.007606861111111111,-0.004422527777777778,9.47888888888889e-4
2025-08-13T06:00:00Z,Tilt8,Oki14,0,6.0536666666666665,233.14911111111113,-2.8754444444444442,-4.413111111111111,0.06053666666666667,-0.028754444444444444,-0.044131111111111114
2025-08-13T07:00:00Z,Tilt1,Oki02,13,1.9521666666666666,110.59883333333333,-0.6056666666666667,1.5488333333333333,0.019521666666666666,-0.006056666666666667,0.015488333333333333
2025-08-13T07:00:00Z,Tilt2,Oki03,42,0.7156666666666667,140.04066666666668,0.5548333333333333,0.0985,0.007156666666666667,0.005548333333333333,9.85e-4
2025-08-13T07:00:00Z,Tilt3,Oki04,50,4.351166666666667,307.508,2.315,-3.5181666666666667,0.04351166666666667,0.02315,-0.03518166666666667
2025-08-13T07:00:00Z,Tilt4,Oki07,0,8.632888888888889,194.25630555555554,-7.699,-2.155222222222222,0.08632888888888889,-0.07699,-0.021552222222222223
2025-08-13T07:00:00Z,Tilt5,Oki09,28,1.8616666666666666,132.53633333333335,-0.6018333333333333,1.1179999999999999,0.018616666666666667,-0.006018333333333333,0.01118
2025-08-13T07:00:00Z,Tilt6,Oki11,0,0.5113333333333333,193.88316666666665,-0.2796666666666667,0.049999999999999996,0.0051133333333333334,-0.0027966666666666665,5e-4
2025-08-13T07:00:00Z,Tilt7,Oki15,0,0.8318361111111111,182.92039722222222,-0.40682222222222225,0.17150555555555555,0.008318361111111111,-0.004068222222222222,0.0017150555555555556
2025-08-13T07:00:00Z,Tilt8,Oki14,0,2.5709444444444443,201.79394444444446,-1.4792222222222222,-1.1263333333333334,0.025709444444444444,-0.014792222222222222,-0.011263333333333334
2025-08-13T08:00:00Z,Tilt1,Oki02,13,1.3775,115.03583333333333,-0.32466666666666666,0.7713333333333333,0.013775,-0.003246666666666667,0.007713333333333333
2025-08-13T08:00:00Z,Tilt2,Oki03,42,0.7205,270.6985,0.5621666666666667,-0.36033333333333334,0.0072050000000000005,0.005621666666666667,-0.0036033333333333334
2025-08-13T08:00:00Z,Tilt3,Oki04,50,8.25,297.3975,3.3263333333333334,-7.321666666666666,0.0825,0.03326333333333333,-0.07321666666666667
2025-08-13T08:00:00Z,Tilt4,Oki07,0,12.104527777777777,207.92091666666667,-9.845083333333333,-5.448416666666667,0.12104527777777778,-0.09845083333333333,-0.05448416666666667
2025-08-13T08:00:00Z,Tilt5,Oki09,28,2.9305,173.46916666666667,-0.17583333333333334,0.7673333333333333,0.029305,-0.0017583333333333335,0.007673333333333333
2025-08-13T08:00:00Z,Tilt6,Oki11,0,0.8191666666666667,273.07733333333334,0.578,-0.39016666666666666,0.008191666666666667,0.00578,-0.0039016666666666666
2025-08-13T08:00:00Z,Tilt7,Oki15,0,1.0368527777777778,182.2742722222222,-0.6545138888888888,0.1606,0.010368527777777779,-0.0065451388888888885,0.001606
2025-08-13T08:00:00Z,Tilt8,Oki14,0,2.711333333333333,155.092,0.6492222222222223,0.5320555555555555,0.027113333333333333,0.006492222222222222,0.005320555555555556
2025-08-13T09:00:00Z,Tilt1,Oki02,13,1.9615,106.52783333333333,-0.18849999999999997,1.3341666666666667,0.019615,-0.001885,0.013341666666666667
2025-08-13T09:00:00Z,Tilt2,Oki03,42,0.62283333333333335,135.0035,0.5831666666666667,0.0865,0.006228333333333333,0.005831666666666667,8.65e-4
2025-08-13T09:00:00Z,Tilt3,Oki04,50,5.211166666666666,290.60183333333333,1.7918333333333334,-4.6265,0.05211166666666667,0.017918333333333335,-0.046265
2025-08-13T09:00:00Z,Tilt4,Oki07,0,5.756833333333334,205.11694444444444,-3.199027777777778,-2.7629722222222224,0.05756833333333333,-0.03199027777777778,-0.027629722222222222
2025-08-13T09:00:00Z,Tilt5,Oki09,28,4.183666666666666,143.932,1.061,2.072,0.04183666666666667,0.01061,0.020720000000000002
2025-08-13T09:00:00Z,Tilt6,Oki11,0,1.3343333333333334,204.16516666666666,-0.21166666666666667,0.5035,0.013343333333333334,-0.002116666666666667,0.005035
2025-08-13T09:00:00Z,Tilt7,Oki15,0,0.8969083333333333,180.56489722222221,-0.4728777777777778,0.1820388888888889,0.008969083333333334,-0.004728777777777778,0.001820388888888889
2025-08-13T09:00:00Z,Tilt8,Oki14,0,12.685611111111111,261.94044444444444,-1.0661666666666667,-11.087222222222222,0.12685611111111111,-0.010661666666666667,-0.11087222222222222
2025-08-13T10:00:00Z,Tilt1,Oki02,13,2.928166666666667,140.053,-1.5166666666666666,0.36316666666666664,0.029281666666666668,-0.015166666666666667,0.0036316666666666667
2025-08-13T10:00:00Z,Tilt2,Oki03,42,0.7058333333333333,89.29833333333333,0.49216666666666664,0.2921666666666667,0.007058333333333333,0.004921666666666667,0.0029216666666666666
2025-08-13T10:00:00Z,Tilt3,Oki04,50,6.5925,298.04699999999997,2.894,-5.71,0.065925,0.02894,-0.057100000000000005
2025-08-13T10:00:00Z,Tilt4,Oki07,0,7.055083333333333,192.2123611111111,-6.513222222222223,-1.3958333333333333,0.07055083333333334,-0.06513222222222223,-0.013958333333333333
2025-08-13T10:00:00Z,Tilt5,Oki09,28,6.667666666666666,80.8575,1.9891666666666667,4.356166666666667,0.06667666666666666,0.019891666666666665,0.043561666666666665
2025-08-13T10:00:00Z,Tilt6,Oki11,0,1.0231666666666666,277.4506666666667,0.45366666666666666,-0.5811666666666667,0.010231666666666667,0.004536666666666667,-0.005811666666666667
2025-08-13T10:00:00Z,Tilt7,Oki15,0,0.7233944444444445,189.59263055555556,-0.36625833333333335,0.06505277777777778,0.007233944444444445,-0.0036625833333333332,6.505277777777778e-4
2025-08-13T10:00:00Z,Tilt8,Oki14,0,10.30488888888889,230.57733333333334,-3.616888888888889,-7.089222222222222,0.1030488888888889,-0.03616888888888889,-0.07089222222222222
2025-08-13T11:00:00Z,Tilt1,Oki02,13,1.504,124.38833333333334,-0.5756666666666667,1.1316666666666666,0.015040000000000001,-0.005756666666666667,0.011316666666666668
2025-08-13T11:00:00Z,Tilt2,Oki03,42,0.8693333333333333,70.5305,0.752,0.2781666666666667,0.008693333333333334,0.00752,0.0027816666666666667
2025-08-13T11:00:00Z,Tilt3,Oki04,50,2.5486666666666666,190.5105,0.12933333333333333,-0.045666666666666626,0.025486666666666668,0.0012933333333333334,-4.5666666666666626e-4
2025-08-13T11:00:00Z,Tilt4,Oki07,0,7.606083333333333,193.01997222222224,-6.709777777777778,-1.5790277777777777,0.07606083333333333,-0.06709777777777778,-0.015790277777777778
2025-08-13T11:00:00Z,Tilt5,Oki09,28,2.2263333333333333,120.11,-0.8173333333333334,1.593,0.022263333333333333,-0.008173333333333333,0.01593
2025-08-13T11:00:00Z,Tilt6,Oki11,0,0.8283333333333334,245.63316666666665,0.09983333333333333,-0.6881666666666667,0.008283333333333334,9.983333333333333e-4,-0.006881666666666667
2025-08-13T11:00:00Z,Tilt7,Oki15,0,0.7404916666666667,185.55315833333333,-0.37099444444444446,0.127275,0.007404916666666666,-0.0037099444444444445,0.00127275
2025-08-13T11:00:00Z,Tilt8,Oki14,0,14.977333333333334,143.6871111111111,7.971777777777778,5.735444444444444,0.14977333333333334,0.07971777777777778,0.057354444444444444
2025-08-13T12:00:00Z,Tilt1,Oki02,13,1.412,112.12166666666667,-0.11933333333333333,1.186,0.01412,-0.0011933333333333334,0.01186
2025-08-13T12:00:00Z,Tilt2,Oki03,42,0.9556666666666667,110.82000000000001,0.623,0.4736666666666667,0.009556666666666666,0.00623,0.004736666666666667
2025-08-13T12:00:00Z,Tilt3,Oki04,50,1.4466666666666665,73.27783333333333,0.301,1.2048333333333334,0.014466666666666668,0.00301,0.012048333333333335
2025-08-13T12:00:00Z,Tilt4,Oki07,0,6.222777777777778,201.6520277777778,-5.121638888888889,-2.16175,0.06222777777777778,-0.05121638888888889,-0.0216175
2025-08-13T12:00:00Z,Tilt5,Oki09,28,1.6135,168.7735,0.1475,0.24866666666666667,0.016135,0.0014749999999999997,0.0024866666666666665
2025-08-13T12:00:00Z,Tilt6,Oki11,0,1.3891666666666667,241.08783333333332,-0.33266666666666667,-1.0923333333333334,0.013891666666666667,-0.003326666666666667,-0.010923333333333334
2025-08-13T12:00:00Z,Tilt7,Oki15,0,0.8091027777777777,191.19135,-0.3281222222222222,0.05383611111111111,0.008091027777777779,-0.0032812222222222223,5.383611111111111e-4
2025-08-13T12:00:00Z,Tilt8,Oki14,0,12.55411111111111,55.51705555555556,6.928555555555556,10.277222222222223,0.1255411111111111,0.06928555555555556,0.10277222222222222
2025-08-13T13:00:00Z,Tilt1,Oki02,13,2.42,85.47966666666667,0.23383333333333334,2.3601666666666667,0.0242,0.0023383333333333333,0.023601666666666667
2025-08-13T13:00:00Z,Tilt2,Oki03,42,0.8083333333333333,98.851,0.6445,0.23700000000000002,0.008083333333333333,0.006445,0.00237
2025-08-13T13:00:00Z,Tilt3,Oki04,50,2.7036666666666664,270.6786666666667,1.3595,-2.016166666666667,0.027036666666666667,0.013595,-0.020161666666666668
2025-08-13T13:00:00Z,Tilt4,Oki07,0,4.111472222222222,196.94766666666666,-3.0548611111111112,-0.7826944444444445,0.04111472222222222,-0.030548611111111113,-0.007826944444444445
2025-08-13T13:00:00Z,Tilt5,Oki09,28,2.0455,135.0185,-1.1283333333333334,1.079,0.020455,-0.011283333333333334,0.010790000000000001
2025-08-13T13:00:00Z,Tilt6,Oki11,0,2.94,246.50683333333333,-0.8805,-1.5456666666666667,0.0294,-0.008805,-0.015456666666666667
2025-08-13T13:00:00Z,Tilt7,Oki15,0,0.8586888888888888,194.58978333333334,-0.3728416666666667,0.009547222222222224,0.008586888888888889,-0.0037284166666666668,9.547222222222224e-5
2025-08-13T13:00:00Z,Tilt8,Oki14,0,2.7665555555555557,163.4545,1.4268333333333334,-0.4025555555555556,0.027665555555555554,0.014268333333333334,-0.004025555555555556
2025-08-13T14:00:00Z,Tilt1,Oki02,13,1.4848333333333332,113.57916666666667,-0.5491666666666667,1.2886666666666666,0.014848333333333333,-0.005491666666666667,0.012886666666666668
2025-08-13T14:00:00Z,Tilt2,Oki03,42,0.6,150.17616666666666,0.5543333333333333,0.023999999999999997,0.006,0.005543333333333333,2.3999999999999995e-4
2025-08-13T14:00:00Z,Tilt3,Oki04,50,3.2688333333333333,273.7948333333333,1.1896666666666667,-2.626,0.03268833333333333,0.011896666666666667,-0.026260000000000002
2025-08-13T14:00:00Z,Tilt4,Oki07,0,4.738083333333333,135.70402777777778,3.5144444444444445,1.2099166666666665,0.04738083333333334,0.03514444444444444,0.012099166666666666
2025-08-13T14:00:00Z,Tilt5,Oki09,28,1.8003333333333333,133.129,-1.1768333333333334,1.2793333333333334,0.018003333333333333,-0.011768333333333334,0.012793333333333334
2025-08-13T14:00:00Z,Tilt6,Oki11,0,2.7521666666666667,281.38483333333335,0.5785,-2.4996666666666667,0.027521666666666667,0.005785,-0.024996666666666667
2025-08-13T14:00:00Z,Tilt7,Oki15,0,0.9576111111111111,194.554925,-0.41465555555555556,0.047094444444444446,0.009576111111111112,-0.004146555555555556,4.7094444444444446e-4
2025-08-13T14:00:00Z,Tilt8,Oki14,0,3.183,243.17694444444444,-0.5174444444444445,-2.451277777777778,0.031830000000000004,-0.005174444444444445,-0.02451277777777778
2025-08-13T15:00:00Z,Tilt1,Oki02,13,1.4173333333333333,104.6775,-0.3255,1.3078333333333334,0.014173333333333333,-0.003255,0.013078333333333334
2025-08-13T15:00:00Z,Tilt2,Oki03,42,0.907,112.95,0.8535,0.15916666666666668,0.00907,0.008535000000000001,0.0015916666666666668
2025-08-13T15:00:00Z,Tilt3,Oki04,50,1.1335,100.50383333333333,0.048,0.6055,0.011335,4.7999999999999996e-4,0.0060550000000000005
2025-08-13T15:00:00Z,Tilt4,Oki07,0,11.360916666666666,74.63094444444444,9.633722222222222,4.5256944444444445,0.11360916666666666,0.09633722222222223,0.04525694444444445
2025-08-13T15:00:00Z,Tilt5,Oki09,28,1.2078333333333333,120.297,-0.48333333333333334,0.934,0.012078333333333333,-0.004833333333333334,0.009340000000000001
2025-08-13T15:00:00Z,Tilt6,Oki11,0,0.8663333333333333,219.68783333333334,0.118,-0.198,0.008663333333333334,0.0011799999999999998,-0.00198
2025-08-13T15:00:00Z,Tilt7,Oki15,0,0.9483583333333333,191.38439722222222,-0.4417388888888889,0.05509166666666667,0.009483583333333333,-0.004417388888888889,5.509166666666667e-4
2025-08-13T15:00:00Z,Tilt8,Oki14,0,2.6553333333333335,240.68638888888887,0.24183333333333334,-1.6736666666666666,0.026553333333333335,0.002418333333333333,-0.016736666666666667
2025-08-13T16:00:00Z,Tilt1,Oki02,13,1.7166666666666666,166.27183333333332,-1.1936666666666667,-0.10283333333333333,0.017166666666666667,-0.011936666666666667,-0.0010283333333333334
2025-08-13T16:00:00Z,Tilt2,Oki03,42,1.5898333333333334,125.25633333333333,0.632,1.0288333333333333,0.015898333333333334,0.00632,0.010288333333333333
2025-08-13T16:00:00Z,Tilt3,Oki04,50,1.485,73.29716666666667,0.22999999999999998,1.1505,0.01485,0.0023,0.011505
2025-08-13T16:00:00Z,Tilt4,Oki07,0,8.88625,75.96819444444445,7.142861111111111,3.894972222222222,0.0888625,0.07142861111111111,0.038949722222222226
2025-08-13T16:00:00Z,Tilt5,Oki09,28,1.234,157.29466666666667,0.378,0.3606666666666667,0.01234,0.00378,0.003606666666666667
2025-08-13T16:00:00Z,Tilt6,Oki11,0,0.7036666666666667,251.47766666666666,0.21633333333333332,-0.151,0.007036666666666667,0.0021633333333333335,-0.00151
2025-08-13T16:00:00Z,Tilt7,Oki15,0,0.9407,183.10507222222222,-0.5232,0.1545138888888889,0.009407,-0.0052320000000000005,0.0015451388888888889
2025-08-13T16:00:00Z,Tilt8,Oki14,0,5.0199444444444445,233.72872222222222,-2.6526111111111113,-3.8290555555555557,0.05019944444444445,-0.02652611111111111,-0.03829055555555556
2025-08-13T17:00:00Z,Tilt1,Oki02,13,1.942,100.65833333333333,1.2695,0.747,0.01942,0.012695,0.00747
2025-08-13T17:00:00Z,Tilt2,Oki03,42,0.9293333333333333,218.49933333333334,0.4215,-0.19783333333333333,0.009293333333333334,0.004215,-0.0019783333333333332
2025-08-13T17:00:00Z,Tilt3,Oki04,50,1.6736666666666666,61.3855,1.0838333333333334,0.974,0.016736666666666667,0.010838333333333333,0.00974
2025-08-13T17:00:00Z,Tilt4,Oki07,0,4.093333333333334,131.12241666666665,0.2477222222222222,2.701138888888889,0.040933333333333335,0.0024772222222222222,0.02701138888888889
2025-08-13T17:00:00Z,Tilt5,Oki09,28,1.675,127.428,-0.8516666666666667,1.277,0.01675,-0.008516666666666667,0.01277
2025-08-13T17:00:00Z,Tilt6,Oki11,0,0.7883333333333333,149.74483333333333,-0.419,0.4916666666666667,0.007883333333333334,-0.00419,0.004916666666666667
2025-08-13T17:00:00Z,Tilt7,Oki15,0,1.06275,193.48523055555555,-0.4046388888888889,0.051672222222222224,0.0106275,-0.004046388888888889,5.167222222222222e-4
2025-08-13T17:00:00Z,Tilt8,Oki14,0,6.499777777777778,234.80972222222223,-3.3857777777777778,-4.781555555555555,0.06499777777777778,-0.03385777777777778,-0.047815555555555556
2025-08-13T18:00:00Z,Tilt1,Oki02,13,1.3241666666666667,116.62583333333333,-0.5453333333333333,1.0771666666666666,0.013241666666666667,-0.0054533333333333335,0.010771666666666667
2025-08-13T18:00:00Z,Tilt2,Oki03,42,0.6885,150.23516666666666,0.5376666666666666,0.17783333333333334,0.0068850000000000005,0.005376666666666667,0.0017783333333333334
2025-08-13T18:00:00Z,Tilt3,Oki04,50,1.5030000000000001,132.65033333333332,1.2248333333333334,0.0825,0.01503,0.012248333333333333,8.25e-4
2025-08-13T18:00:00Z,Tilt4,Oki07,0,3.2887222222222223,208.51847222222221,-1.0738333333333334,-0.6855277777777777,0.03288722222222222,-0.010738333333333334,-0.006855277777777778
2025-08-13T18:00:00Z,Tilt5,Oki09,28,1.6321666666666665,111.057,-0.49983333333333335,1.3931666666666667,0.01632166666666667,-0.004998333333333334,0.013931666666666667
2025-08-13T18:00:00Z,Tilt6,Oki11,0,0.4881666666666667,226.53416666666666,-0.004666666666666665,-0.12783333333333333,0.004881666666666667,-4.6666666666666645e-5,-0.0012783333333333334
2025-08-13T18:00:00Z,Tilt7,Oki15,0,1.1370305555555555,178.74869444444445,-0.5290416666666666,0.24662222222222221,0.011370305555555555,-0.005290416666666666,0.002466222222222222
2025-08-13T18:00:00Z,Tilt8,Oki14,0,6.8235,72.95327777777779,3.0025555555555554,5.858222222222222,0.068235,0.030025555555555555,0.05858222222222222
2025-08-13T19:00:00Z,Tilt1,Oki02,13,2.0356666666666667,92.04816666666667,-0.050166666666666665,1.9936666666666667,0.02035666666666667,-5.016666666666666e-4,0.01993666666666667
2025-08-13T19:00:00Z,Tilt2,Oki03,42,0.7698333333333334,100.921,0.43783333333333335,0.4111666666666667,0.007698333333333333,0.004378333333333333,0.004111666666666667
2025-08-13T19:00:00Z,Tilt3,Oki04,50,3.2333333333333334,308.39916666666664,2.099,-2.1073333333333335,0.03233333333333333,0.02099,-0.021073333333333333
2025-08-13T19:00:00Z,Tilt4,Oki07,0,10.54588888888889,198.17619444444443,-9.51225,-2.93175,0.1054588888888889,-0.0951225,-0.0293175
2025-08-13T19:00:00Z,Tilt5,Oki09,28,1.4071666666666667,92.39766666666667,-0.11166666666666666,1.2386666666666666,0.014071666666666666,-0.0011166666666666666,0.012386666666666667
2025-08-13T19:00:00Z,Tilt6,Oki11,0,0.449,227.75283333333334,0.08750000000000001,-0.22883333333333333,0.00449,8.75e-4,-0.002288333333333333
2025-08-13T19:00:00Z,Tilt7,Oki15,0,0.8964333333333333,188.50840277777777,-0.41920833333333335,0.11168611111111111,0.008964333333333333,-0.004192083333333333,0.0011168611111111112
2025-08-13T19:00:00Z,Tilt8,Oki14,0,1.9593888888888888,221.85583333333332,0.6790555555555555,-0.7509444444444444,0.01959388888888889,0.006790555555555556,-0.0075094444444444445
2025-08-13T20:00:00Z,Tilt1,Oki02,13,1.3888333333333334,134.26216666666667,-0.658,0.37366666666666665,0.013888333333333334,-0.00658,0.0037366666666666668
2025-08-13T20:00:00Z,Tilt2,Oki03,42,0.8348333333333333,57.971,0.4548333333333333,0.6008333333333333,0.008348333333333333,0.004548333333333333,0.006008333333333333
2025-08-13T20:00:00Z,Tilt3,Oki04,50,2.45,284.10966666666667,1.2723333333333333,-1.8185,0.0245,0.012723333333333335,-0.018185
2025-08-13T20:00:00Z,Tilt4,Oki07,0,6.559694444444444,208.96488888888888,-4.880027777777777,-2.706277777777778,0.06559694444444444,-0.04880027777777778,-0.02706277777777778
2025-08-13T20:00:00Z,Tilt5,Oki09,28,1.672,90.41133333333333,0.03583333333333333,1.3888333333333334,0.01672,3.583333333333332e-4,0.013888333333333334
2025-08-13T20:00:00Z,Tilt6,Oki11,0,0.46950000000000003,250.32966666666667,0.059833333333333336,-0.15683333333333332,0.004695,5.983333333333333e-4,-0.0015683333333333335
2025-08-13T20:00:00Z,Tilt7,Oki15,0,0.9408527777777778,190.84919722222222,-0.3708638888888889,0.08613888888888889,0.009408527777777778,-0.003708638888888889,8.613888888888889e-4
2025-08-13T20:00:00Z,Tilt8,Oki14,0,13.454777777777778,224.78,-9.90338888888889,-7.386166666666667,0.13454777777777777,-0.0990338888888889,-0.07386166666666667
2025-08-13T21:00:00Z,Tilt1,Oki02,13,1.2193333333333334,140.65483333333333,-0.7956666666666666,0.6455,0.012193333333333334,-0.007956666666666667,0.006455000000000001
2025-08-13T21:00:00Z,Tilt2,Oki03,42,0.953,197.54616666666666,0.5535,-0.36883333333333335,0.00953,0.005535,-0.0036883333333333334
2025-08-13T21:00:00Z,Tilt3,Oki04,50,4.8215,293.58616666666666,1.547,-4.3566666666666665,0.048215,0.01547,-0.04356666666666667
2025-08-13T21:00:00Z,Tilt4,Oki07,0,3.8922499999999998,221.10997222222224,-1.4399166666666667,-1.8129166666666667,0.0389225,-0.014399166666666668,-0.01812916666666667
2025-08-13T21:00:00Z,Tilt5,Oki09,28,2.2886666666666664,145.914,1.0371666666666666,0.6423333333333333,0.022886666666666666,0.010371666666666666,0.006423333333333334
2025-08-13T21:00:00Z,Tilt6,Oki11,0,0.39083333333333337,217.7375,-0.05633333333333333,-0.06883333333333333,0.003908333333333333,-5.633333333333333e-4,-6.883333333333333e-4
2025-08-13T21:00:00Z,Tilt7,Oki15,0,0.91845,187.68578333333335,-0.3772583333333333,0.1345,0.0091845,-0.0037725833333333335,0.001345
2025-08-13T21:00:00Z,Tilt8,Oki14,0,12.947555555555555,208.88316666666665,-11.1535,-5.568944444444444,0.12947555555555557,-0.111535,-0.055689444444444444
2025-08-13T22:00:00Z,Tilt1,Oki02,13,2.4048333333333334,129.25066666666666,-0.9133333333333333,1.1233333333333333,0.024048333333333335,-0.009133333333333334,0.011233333333333333
2025-08-13T22:00:00Z,Tilt2,Oki03,42,0.673,155.93683333333334,0.5171666666666667,0.01483333333333333,0.00673,0.005171666666666666,1.4833333333333324e-4
2025-08-13T22:00:00Z,Tilt3,Oki04,50,8.615333333333334,289.62766666666664,2.7278333333333333,-8.0365,0.08615333333333333,0.027278333333333335,-0.080365
2025-08-13T22:00:00Z,Tilt4,Oki07,0,2.7448333333333332,229.2877777777778,-0.5199166666666667,-1.5044444444444445,0.027448333333333335,-0.005199166666666666,-0.015044444444444445
2025-08-13T22:00:00Z,Tilt5,Oki09,28,1.6255,137.444,0.9348333333333333,0.5676666666666667,0.016255000000000002,0.009348333333333333,0.005676666666666667
2025-08-13T22:00:00Z,Tilt6,Oki11,0,0.3645,223.39633333333333,-0.05216666666666667,-0.05466666666666666,0.003645,-5.216666666666667e-4,-5.466666666666667e-4
2025-08-13T22:00:00Z,Tilt7,Oki15,0,0.8437111111111111,186.82281944444443,-0.3961527777777778,0.14469444444444443,0.00843711111111111,-0.003961527777777778,0.0014469444444444445
2025-08-13T22:00:00Z,Tilt8,Oki14,0,2.5444999999999998,185.08494444444443,-2.2617777777777777,-0.3323888888888889,0.025445,-0.02261777777777778,-0.0033238888888888892
2025-08-13T23:00:00Z,Tilt1,Oki02,13,2.552,107.16733333333333,-0.25433333333333336,1.9763333333333333,0.02552,-0.0025433333333333336,0.019763333333333334
2025-08-13T23:00:00Z,Tilt2,Oki03,42,0.7753333333333333,61.54833333333333,0.373,0.5918333333333333,0.007753333333333333,0.0037300000000000002,0.005918333333333334
2025-08-13T23:00:00Z,Tilt3,Oki04,50,4.361166666666667,218.78549999999998,2.4683333333333333,-1.83,0.04361166666666667,0.024683333333333335,-0.0183
2025-08-13T23:00:00Z,Tilt4,Oki07,0,2.173861111111111,200.76427777777778,-0.4333611111111111,-0.0611388888888889,0.02173861111111111,-0.004333611111111111,-6.113888888888891e-4
2025-08-13T23:00:00Z,Tilt5,Oki09,28,1.3855,98.718,-0.24383333333333335,1.0928333333333333,0.013855000000000001,-0.0024383333333333336,0.010928333333333333
2025-08-13T23:00:00Z,Tilt6,Oki11,0,0.532,224.528,-0.019000000000000003,-0.005999999999999997,0.00532,-1.9000000000000004e-4,-5.999999999999994e-5
2025-08-13T23:00:00Z,Tilt7,Oki15,0,0.8081666666666667,182.91703055555556,-0.36452222222222225,0.17617222222222223,0.008081666666666668,-0.0036452222222222224,0.0017617222222222222
2025-08-13T23:00:00Z,Tilt8,Oki14,0,1.8551666666666666,198.9996111111111,-0.3775555555555556,-0.4790555555555555,0.018551666666666668,-0.003775555555555556,-0.004790555555555556
2025-08-14T00:00:00Z,Tilt1,Oki02,13,1.8191666666666666,101.8455,-0.23683333333333334,1.6628333333333334,0.01819166666666667,-0.0023683333333333334,0.016628333333333335
2025-08-14T00:00:00Z,Tilt2,Oki03,42,0.8625,108.60933333333334,0.3556666666666667,0.24983333333333332,0.008625,0.0035566666666666667,0.0024983333333333333
2025-08-14T00:00:00Z,Tilt3,Oki04,50,2.824,73.86583333333333,1.1363333333333334,1.9976666666666667,0.02824,0.011363333333333333,0.019976666666666667
2025-08-14T00:00:00Z,Tilt4,Oki07,0,3.873972222222222,198.14302777777777,-2.7594444444444446,-0.4881388888888889,0.038739722222222224,-0.027594444444444446,-0.004881388888888889
2025-08-14T00:00:00Z,Tilt5,Oki09,28,1.0456666666666667,118.96066666666667,-0.463,0.8741666666666666,0.010456666666666666,-0.0046300000000000004,0.008741666666666667
2025-08-14T00:00:00Z,Tilt6,Oki11,0,0.43433333333333335,245.25366666666667,0.05216666666666667,-0.19116666666666665,0.004343333333333334,5.216666666666667e-4,-0.0019116666666666665
2025-08-14T00:00:00Z,Tilt7,Oki15,0,0.8249722222222222,178.47579444444446,-0.40539166666666665,0.2181972222222222,0.008249722222222223,-0.004053916666666667,0.0021819722222222223
2025-08-14T00:00:00Z,Tilt8,Oki14,0,3.6435555555555554,80.49427777777778,2.131222222222222,2.1422777777777777,0.036435555555555554,0.021312222222222222,0.021422777777777777
2025-08-14T01:00:00Z,Tilt1,Oki02,13,7.1235,79.452,1.2526666666666666,6.945166666666666,0.071235,0.012526666666666667,0.06945166666666666
2025-08-14T01:00:00Z,Tilt2,Oki03,42,0.7858333333333334,84.81983333333334,0.4445,0.48633333333333334,0.007858333333333333,0.004445,0.004863333333333333
2025-08-14T01:00:00Z,Tilt3,Oki04,50,1.6268333333333334,80.228,1.0031666666666668,0.8371666666666667,0.016268333333333333,0.010031666666666666,0.008371666666666666
2025-08-14T01:00:00Z,Tilt4,Oki07,0,3.599527777777778,199.08825,-2.081638888888889,-0.26949999999999996,0.03599527777777778,-0.020816388888888888,-0.002695
2025-08-14T01:00:00Z,Tilt5,Oki09,28,1.1351666666666667,118.08183333333334,-0.4825,0.9048333333333334,0.011351666666666666,-0.004825,0.009048333333333334
2025-08-14T01:00:00Z,Tilt6,Oki11,0,0.6890000000000001,236.60233333333335,-0.14016666666666666,-0.38866666666666666,0.00689,-0.0014016666666666667,-0.0038866666666666667
2025-08-14T01:00:00Z,Tilt7,Oki15,0,1.1447083333333334,187.52333333333334,-0.7619138888888889,0.08102777777777778,0.011447083333333333,-0.007619138888888889,8.102777777777778e-4
2025-08-14T01:00:00Z,Tilt8,Oki14,0,15.602388888888889,64.71116666666667,6.614166666666667,13.943888888888889,0.15602388888888888,0.06614166666666667,0.1394388888888889
2025-08-14T02:00:00Z,Tilt1,Oki02,13,3.626,114.8775,0.906,3.2106666666666666,0.03626,0.00906,0.032106666666666665
2025-08-14T02:00:00Z,Tilt2,Oki03,42,0.687,134.66483333333332,0.56033333333333335,0.13133333333333333,0.00687,0.005603333333333333,0.0013133333333333335
2025-08-14T02:00:00Z,Tilt3,Oki04,50,1.4076666666666666,79.22516666666667,1.0676666666666668,0.6251666666666666,0.014076666666666668,0.010676666666666668,0.006251666666666667
2025-08-14T02:00:00Z,Tilt4,Oki07,0,7.525666666666667,114.04352777777778,5.965916666666667,2.0955555555555554,0.07525666666666667,0.05965916666666667,0.020955555555555557
2025-08-14T02:00:00Z,Tilt5,Oki09,28,1.195,130.85366666666667,-0.7143333333333334,0.9056666666666666,0.01195,-0.007143333333333333,0.009056666666666666
2025-08-14T02:00:00Z,Tilt6,Oki11,0,0.58,224.00900000000001,-0.25666666666666665,-0.3015,0.0058000000000000005,-0.0025666666666666667,-0.003015
2025-08-14T02:00:00Z,Tilt7,Oki15,0,0.8866138888888889,182.06134166666666,-0.4195055555555556,0.19656666666666667,0.008866138888888889,-0.004195055555555556,0.0019656666666666668
2025-08-14T02:00:00Z,Tilt8,Oki14,0,6.074277777777778,62.12866666666667,2.864333333333333,5.220388888888889,0.06074277777777778,0.028643333333333333,0.05220388888888889
2025-08-14T03:00:00Z,Tilt1,Oki02,13,1.1861666666666666,110.208,-0.2105,0.9903333333333333,0.011861666666666666,-0.002105,0.009903333333333333
2025-08-14T03:00:00Z,Tilt2,Oki03,42,0.7453333333333333,190.179,0.6331666666666667,-0.07533333333333334,0.0074533333333333335,0.006331666666666667,-7.533333333333334e-4
2025-08-14T03:00:00Z,Tilt3,Oki04,50,1.2755,115.14383333333333,0.6806666666666666,0.5198333333333334,0.012755,0.006806666666666667,0.0051983333333333335
2025-08-14T03:00:00Z,Tilt4,Oki07,0,9.837833333333334,129.29308333333333,8.791305555555555,1.96925,0.09837833333333333,0.08791305555555555,0.019692499999999998
2025-08-14T03:00:00Z,Tilt5,Oki09,28,0.857,109.777,-0.33,0.763,0.00857,-0.0033,0.0076300000000000005
2025-08-14T03:00:00Z,Tilt6,Oki11,0,0.5996666666666667,229.98816666666667,-0.2725,-0.3458333333333333,0.005996666666666667,-0.002725,-0.0034583333333333332
2025-08-14T03:00:00Z,Tilt7,Oki15,0,0.9543222222222222,186.4276972222222,-0.39037777777777777,0.16639722222222222,0.009543222222222222,-0.003903777777777778,0.0016639722222222223
2025-08-14T03:00:00Z,Tilt8,Oki14,0,1.7235,185.2835,0.15805555555555556,-0.6201666666666666,0.017235,0.0015805555555555555,-0.006201666666666667
2025-08-14T04:00:00Z,Tilt1,Oki02,13,1.563,133.10933333333332,-0.2925,0.999,0.01563,-0.002925,0.00999
2025-08-14T04:00:00Z,Tilt2,Oki03,42,1.006,96.05266666666667,0.449,0.7513333333333333,0.01006,0.00449,0.007513333333333334
2025-08-14T04:00:00Z,Tilt3,Oki04,50,3.082,60.25066666666667,1.7093333333333334,1.9428333333333334,0.03082,0.017093333333333332,0.019428333333333332
2025-08-14T04:00:00Z,Tilt4,Oki07,0,6.945777777777778,277.1736666666667,6.083861111111111,-2.4611388888888888,0.06945777777777778,0.060838611111111114,-0.024611388888888888
2025-08-14T04:00:00Z,Tilt5,Oki09,28,0.9541666666666667,107.67216666666667,-0.2618333333333333,0.8363333333333334,0.009541666666666667,-0.002618333333333333,0.008363333333333334
2025-08-14T04:00:00Z,Tilt6,Oki11,0,0.5933333333333334,239.69183333333334,-0.14783333333333334,-0.30016666666666664,0.005933333333333334,-0.0014783333333333335,-0.003001666666666667
2025-08-14T04:00:00Z,Tilt7,Oki15,0,0.9529333333333333,188.7606,-0.3955194444444444,0.12830833333333333,0.009529333333333334,-0.003955194444444444,0.0012830833333333333
2025-08-14T04:00:00Z,Tilt8,Oki14,0,6.958,219.69266666666667,-5.215,-4.410055555555555,0.06958,-0.05215,-0.04410055555555555
2025-08-14T05:00:00Z,Tilt1,Oki02,13,1.4931666666666668,105.41933333333333,-0.06633333333333336,0.9918333333333333,0.014931666666666668,-6.633333333333334e-4,0.009918333333333333
2025-08-14T05:00:00Z,Tilt2,Oki03,42,2.2771666666666666,257.2776666666667,0.664,-1.7231666666666667,0.022771666666666666,0.00664,-0.017231666666666666
2025-08-14T05:00:00Z,Tilt3,Oki04,50,4.341166666666667,243.79133333333334,4.251333333333333,-0.212,0.04341166666666667,0.042513333333333334,-0.00212
2025-08-14T05:00:00Z,Tilt4,Oki07,0,3.84775,229.20544444444445,1.2548055555555555,-0.9640555555555556,0.0384775,0.012548055555555555,-0.009640555555555557
2025-08-14T05:00:00Z,Tilt5,Oki09,28,1.5315,80.35916666666667,0.16483333333333333,1.3101666666666667,0.015315,0.0016483333333333335,0.013101666666666668
2025-08-14T05:00:00Z,Tilt6,Oki11,0,0.5373333333333333,218.2515,-0.057833333333333334,-0.007666666666666672,0.005373333333333333,-5.783333333333334e-4,-7.666666666666672e-5
2025-08-14T05:00:00Z,Tilt7,Oki15,0,0.9570361111111111,185.60646111111112,-0.41156944444444443,0.16332777777777777,0.009570361111111111,-0.004115694444444444,0.0016332777777777778
2025-08-14T05:00:00Z,Tilt8,Oki14,0,14.7715,203.047,-13.39338888888889,-5.786111111111111,0.147715,-0.13393388888888888,-0.05786111111111111
2025-08-14T06:00:00Z,Tilt1,Oki02,13,1.6883333333333332,158.13166666666666,-1.0671666666666666,0.074,0.016883333333333334,-0.010671666666666666,7.399999999999999e-4
2025-08-14T06:00:00Z,Tilt2,Oki03,42,1.3908333333333334,276.92466666666667,0.6811666666666667,-1.097,0.013908333333333333,0.006811666666666666,-0.01097
2025-08-14T06:00:00Z,Tilt3,Oki04,50,4.930666666666666,321.76116666666667,3.9478333333333335,-2.7006666666666668,0.049306666666666665,0.03947833333333334,-0.02700666666666667
2025-08-14T06:00:00Z,Tilt4,Oki07,0,4.14,204.75705555555555,-1.365361111111111,-0.5549166666666666,0.0414,-0.013653611111111111,-0.005549166666666667
2025-08-14T06:00:00Z,Tilt5,Oki09,28,3.502666666666667,84.19166666666666,0.7086666666666667,2.9038333333333335,0.035026666666666664,0.0070866666666666665,0.029038333333333333
2025-08-14T06:00:00Z,Tilt6,Oki11,0,1.3443333333333334,208.26016666666666,1.0050000000000001,-0.137,0.013443333333333333,0.01005,-0.0013700000000000001
2025-08-14T06:00:00Z,Tilt7,Oki15,0,1.1574305555555555,188.13138055555555,-0.40224166666666666,0.15232777777777778,0.011574305555555556,-0.004022416666666666,0.001523277777777778
2025-08-14T06:00:00Z,Tilt8,Oki14,0,8.039166666666667,202.69327777777778,-7.290055555555555,-2.7602777777777776,0.08039166666666667,-0.07290055555555555,-0.027602777777777778
2025-08-14T07:00:00Z,Tilt1,Oki02,13,4.504,107.04433333333333,0.8705,4.161666666666667,0.045040000000000004,0.008705000000000001,0.04161666666666667
2025-08-14T07:00:00Z,Tilt2,Oki03,42,1.3381666666666667,122.26183333333333,0.6866666666666666,0.8098333333333333,0.013381666666666667,0.006866666666666667,0.008098333333333334
2025-08-14T07:00:00Z,Tilt3,Oki04,50,6.9155,313.5853333333333,4.4235,-4.986833333333333,0.06915500000000001,0.044235000000000003,-0.049868333333333334
2025-08-14T07:00:00Z,Tilt4,Oki07,0,9.415694444444444,203.40002777777778,-6.7255,-2.7466944444444445,0.09415694444444445,-0.067255,-0.027466944444444447
2025-08-14T07:00:00Z,Tilt5,Oki09,28,4.625333333333334,109.49616666666667,-1.6768333333333334,4.101,0.046253333333333334,-0.016768333333333333,0.04101
2025-08-14T07:00:00Z,Tilt6,Oki11,0,0.9563333333333334,223.52883333333332,0.37966666666666665,-0.06616666666666667,0.009563333333333333,0.0037966666666666665,-6.616666666666667e-4
2025-08-14T07:00:00Z,Tilt7,Oki15,0,1.1013666666666666,195.72611944444444,-0.32574444444444445,0.06760277777777778,0.011013666666666666,-0.0032574444444444443,6.760277777777778e-4
2025-08-14T07:00:00Z,Tilt8,Oki14,0,10.237444444444444,207.25611111111112,-8.927222222222222,-4.2219444444444445,0.10237444444444445,-0.08927222222222223,-0.04221944444444445
2025-08-14T08:00:00Z,Tilt1,Oki02,13,1.022391304347826,88.39391304347826,0.06695652173913044,0.7576086956521739,0.01022391304347826,6.695652173913044e-4,0.0075760869565217395
2025-08-14T08:00:00Z,Tilt2,Oki03,42,2.235333333333333,111.646,0.9143333333333333,1.4616666666666667,0.022353333333333333,0.009143333333333333,0.014616666666666667
2025-08-14T08:00:00Z,Tilt3,Oki04,50,12.145666666666667,301.46666666666664,6.123166666666667,-10.233166666666667,0.12145666666666667,0.06123166666666667,-0.10233166666666667
2025-08-14T08:00:00Z,Tilt4,Oki07,0,12.574694444444445,198.20208333333332,-10.485277777777778,-2.8065277777777777,0.12574694444444445,-0.10485277777777778,-0.02806527777777778
2025-08-14T08:00:00Z,Tilt5,Oki09,28,6.004,93.538,-0.5523333333333333,5.040166666666667,0.06004,-0.005523333333333334,0.05040166666666667
2025-08-14T08:00:00Z,Tilt6,Oki11,0,0.8086666666666666,207.22383333333335,0.16583333333333333,-0.010500000000000002,0.008086666666666667,0.0016583333333333335,-1.05e-4
2025-08-14T08:00:00Z,Tilt7,Oki15,0,1.2161805555555556,192.11101666666667,-0.38806111111111113,0.09870555555555556,0.012161805555555556,-0.003880611111111111,9.870555555555557e-4
2025-08-14T08:00:00Z,Tilt8,Oki14,0,12.781944444444445,220.53205555555556,-9.537944444444445,-7.9565,0.12781944444444446,-0.09537944444444445,-0.079565
2025-08-14T09:00:00Z,Tilt2,Oki03,42,1.1106451612903225,136.46451612903226,0.7438709677419355,0.37806451612903225,0.011106451612903226,0.007438709677419355,0.0037806451612903227
2025-08-14T09:00:00Z,Tilt3,Oki04,50,15.265333333333333,291.6355,5.380333333333334,-13.984,0.15265333333333334,0.053803333333333335,-0.13984
2025-08-14T09:00:00Z,Tilt4,Oki07,0,7.90325,219.33969444444443,-1.6051666666666666,-3.3096666666666668,0.0790325,-0.016051666666666665,-0.03309666666666667
2025-08-14T09:00:00Z,Tilt5,Oki09,28,8.2035,108.83916666666667,-2.863,7.261,0.082035,-0.02863,0.07261000000000001
2025-08-14T09:00:00Z,Tilt6,Oki11,0,0.8233333333333334,191.171,-0.12383333333333334,0.339,0.008233333333333334,-0.0012383333333333335,0.00339
2025-08-14T09:00:00Z,Tilt7,Oki15,0,1.1500444444444444,188.2014861111111,-0.3785833333333333,0.1693611111111111,0.011500444444444445,-0.0037858333333333333,0.0016936111111111112
2025-08-14T09:00:00Z,Tilt8,Oki14,0,11.754388888888888,237.7923888888889,-4.6962222222222225,-9.334444444444445,0.11754388888888889,-0.046962222222222225,-0.09334444444444445
2025-08-14T10:00:00Z,Tilt3,Oki04,50,10.290666666666667,293.1963333333333,4.08,-9.210666666666667,0.10290666666666667,0.0408,-0.09210666666666667
2025-08-14T10:00:00Z,Tilt4,Oki07,0,5.5110833333333336,191.4495,2.413777777777778,0.07788888888888888,0.05511083333333333,0.02413777777777778,7.788888888888884e-4
2025-08-14T10:00:00Z,Tilt5,Oki09,28,9.573333333333334,108.13233333333334,-3.2586666666666666,8.648833333333334,0.09573333333333334,-0.03258666666666667,0.08648833333333333
2025-08-14T10:00:00Z,Tilt6,Oki11,0,0.7145,196.55166666666668,-0.20766666666666667,0.15816666666666668,0.007145,-0.0020766666666666668,0.0015816666666666668
2025-08-14T10:00:00Z,Tilt7,Oki15,0,1.1340722222222221,190.41006388888889,-0.39929166666666666,0.13295555555555555,0.011340722222222223,-0.003992916666666666,0.0013295555555555556
2025-08-14T10:00:00Z,Tilt8,Oki14,0,15.087111111111112,241.37449999999998,-6.443277777777777,-12.422833333333333,0.15087111111111112,-0.06443277777777778,-0.12422833333333334
2025-08-14T11:00:00Z,Tilt3,Oki04,50,2.845483870967742,246.12387096774194,0.36741935483870963,-2.2438709677419353,0.02845483870967742,0.0036741935483870967,-0.022438709677419354
2025-08-14T11:00:00Z,Tilt4,Oki07,0,5.551472222222222,220.34380555555555,-1.8581944444444445,-1.7061944444444443,0.05551472222222222,-0.018581944444444446,-0.017061944444444446
2025-08-14T11:00:00Z,Tilt5,Oki09,28,2.8193333333333332,150.96266666666668,0.4121666666666667,1.4535,0.028193333333333334,0.004121666666666667,0.014535000000000001
2025-08-14T11:00:00Z,Tilt6,Oki11,0,0.9705,227.057,-0.3015,-0.1985,0.009705,-0.0030150000000000003,-0.001985
2025-08-14T11:00:00Z,Tilt7,Oki15,0,1.120188888888889,187.6640277777778,-0.39655,0.16392222222222222,0.01120188888888889,-0.0039655,0.0016392222222222223
2025-08-14T11:00:00Z,Tilt8,Oki14,0,8.909888888888888,237.66083333333333,-3.7071666666666667,-6.993388888888889,0.0890988888888889,-0.03707166666666667,-0.06993388888888889
2025-08-14T12:00:00Z,Tilt4,Oki07,0,9.424927536231884,200.90844202898552,-6.545688405797102,-1.9263768115942028,0.09424927536231885,-0.06545688405797101,-0.01926376811594203
2025-08-14T12:00:00Z,Tilt5,Oki09,28,1.7021666666666666,123.275,-0.49583333333333335,1.2396666666666667,0.017021666666666668,-0.004958333333333334,0.012396666666666667
2025-08-14T12:00:00Z,Tilt6,Oki11,0,1.2696666666666667,215.77266666666668,-0.48466666666666663,-0.5073333333333333,0.012696666666666667,-0.004846666666666667,-0.005073333333333333
2025-08-14T12:00:00Z,Tilt7,Oki15,0,1.1008694444444445,181.68136944444444,-0.44648055555555555,0.2165111111111111,0.011008694444444444,-0.004464805555555556,0.002165111111111111
2025-08-14T12:00:00Z,Tilt8,Oki14,0,10.835111111111111,120.33044444444444,4.359444444444445,6.8036666666666665,0.1083511111111111,0.04359444444444444,0.06803666666666666
2025-08-14T13:00:00Z,Tilt5,Oki09,28,1.7348333333333334,171.18483333333333,-0.3001666666666667,0.5588333333333333,0.017348333333333334,-0.003001666666666667,0.005588333333333333
2025-08-14T13:00:00Z,Tilt6,Oki11,0,1.5166666666666666,237.4495,-0.338,-0.9441666666666667,0.015166666666666667,-0.00338,-0.009441666666666668
2025-08-14T13:00:00Z,Tilt7,Oki15,0,1.1430527777777777,194.84305,-0.2563416666666667,0.03530277777777778,0.011430527777777777,-0.0025634166666666665,3.530277777777778e-4
2025-08-14T13:00:00Z,Tilt8,Oki14,0,13.220611111111111,80.37183333333333,3.781,12.395666666666667,0.1322061111111111,0.03781,0.12395666666666667
2025-08-14T14:00:00Z,Tilt5,Oki09,28,1.3125,159.60366666666667,0.25366666666666665,0.5171666666666667,0.013125000000000001,0.0025366666666666667,0.005171666666666666
2025-08-14T14:00:00Z,Tilt6,Oki11,0,1.4763333333333333,252.67366666666666,0.025166666666666664,-1.2425,0.014763333333333333,2.5166666666666664e-4,-0.012425
2025-08-14T14:00:00Z,Tilt7,Oki15,0,1.552086111111111,198.0335888888889,-0.31674722222222224,8.777777777777784e-4,0.015520861111111112,-0.003167472222222222,8.77777777777779e-6
2025-08-14T14:00:00Z,Tilt8,Oki14,0,3.2560555555555557,155.24127777777778,1.1279444444444444,1.2904444444444445,0.03256055555555556,0.011279444444444444,0.012904444444444446
2025-08-14T15:00:00Z,Tilt5,Oki09,28,1.52,161.26966666666667,0.186,0.5488333333333333,0.0152,0.0018600000000000001,0.005488333333333334
2025-08-14T15:00:00Z,Tilt6,Oki11,0,1.525,264.675,0.3458333333333333,-1.0561666666666667,0.01525,0.0034583333333333337,-0.010561666666666667
2025-08-14T15:00:00Z,Tilt7,Oki15,0,1.318638888888889,195.32167777777778,-0.2570472222222222,0.038024999999999996,0.01318638888888889,-0.0025704722222222223,3.8025e-4
2025-08-14T15:00:00Z,Tilt8,Oki14,0,2.1106666666666665,185.06716666666668,0.6547777777777778,-0.7275555555555555,0.021106666666666666,0.006547777777777778,-0.007275555555555556
2025-08-14T16:00:00Z,Tilt5,Oki09,28,3.3778333333333332,74.632,0.9875,2.3646666666666665,0.033778333333333334,0.009875,0.023646666666666667
2025-08-14T16:00:00Z,Tilt6,Oki11,0,1.1555,155.282,-0.6221666666666666,0.6915,0.011555000000000001,-0.006221666666666667,0.006915
2025-08-14T16:00:00Z,Tilt7,Oki15,0,1.3179027777777779,186.70844444444444,-0.35989444444444446,0.16436944444444446,0.013179027777777777,-0.0035989444444444445,0.0016436944444444446
2025-08-14T16:00:00Z,Tilt8,Oki14,0,5.648166666666667,248.37794444444447,-1.7212222222222222,-4.808166666666667,0.056481666666666666,-0.017212222222222223,-0.04808166666666667
2025-08-14T17:00:00Z,Tilt5,Oki09,28,2.0705,102.96616666666667,-0.30883333333333335,1.9295,0.020705,-0.0030883333333333336,0.019295
2025-08-14T17:00:00Z,Tilt6,Oki11,0,1.0253333333333334,184.55333333333334,-0.3685,0.4523333333333333,0.010253333333333333,-0.003685,0.004523333333333333
2025-08-14T17:00:00Z,Tilt7,Oki15,0,1.3453027777777777,185.6292,-0.3633888888888889,0.19484722222222223,0.013453027777777779,-0.0036338888888888888,0.0019484722222222223
2025-08-14T17:00:00Z,Tilt8,Oki14,0,6.202444444444445,226.47166666666666,-2.1228333333333333,-4.9688888888888885,0.06202444444444445,-0.02122833333333333,-0.04968888888888889
2025-08-14T18:00:00Z,Tilt5,Oki09,28,2.8565,103.25,-0.8140000000000001,2.3676666666666666,0.028565,-0.00814,0.02367666666666667
2025-08-14T18:00:00Z,Tilt6,Oki11,0,0.7085,203.76216666666667,0.17483333333333334,0.004833333333333334,0.007085,0.0017483333333333333,4.833333333333333e-5
2025-08-14T18:00:00Z,Tilt7,Oki15,0,1.1948472222222222,193.74729722222222,-0.2713527777777778,0.06459999999999999,0.011948472222222223,-0.002713527777777778,6.46e-4
2025-08-14T18:00:00Z,Tilt8,Oki14,0,2.0514444444444444,113.42783333333334,0.17533333333333334,1.3291111111111111,0.020514444444444443,0.0017533333333333333,0.013291111111111111
2025-08-14T19:00:00Z,Tilt5,Oki09,28,6.494833333333333,65.66416666666667,3.371,3.660833333333333,0.06494833333333333,0.03371,0.03660833333333333
2025-08-14T19:00:00Z,Tilt6,Oki11,0,1.3248333333333333,206.37983333333332,-0.10283333333333333,0.11166666666666668,0.013248333333333334,-0.0010283333333333336,0.0011166666666666666
2025-08-14T19:00:00Z,Tilt7,Oki15,0,1.1017611111111112,190.4543972222222,-0.34075,0.11686111111111111,0.011017611111111112,-0.0034075,0.0011686111111111112
2025-08-14T19:00:00Z,Tilt8,Oki14,0,1.5177222222222222,122.98922222222222,0.26116666666666666,0.8086111111111111,0.015177222222222222,0.0026116666666666667,0.008086111111111112
2025-08-14T20:00:00Z,Tilt5,Oki09,28,4.060333333333333,97.3395,0.8111666666666667,2.7011666666666665,0.04060333333333333,0.008111666666666666,0.027011666666666666
2025-08-14T20:00:00Z,Tilt6,Oki11,0,1.1021666666666667,200.2645,0.4975,0.062,0.011021666666666667,0.004975,6.2e-4
2025-08-14T20:00:00Z,Tilt7,Oki15,0,1.0905555555555555,191.07809444444445,-0.3410722222222222,0.11634722222222223,0.010905555555555555,-0.003410722222222222,0.0011634722222222222
2025-08-14T20:00:00Z,Tilt8,Oki14,0,2.596611111111111,216.46911111111112,-0.2216111111111111,-0.9207777777777778,0.025966111111111113,-0.002216111111111111,-0.009207777777777778
2025-08-14T21:00:00Z,Tilt5,Oki09,28,1.6076666666666666,152.17783333333333,-0.581,0.9565,0.016076666666666666,-0.00581,0.009565
2025-08-14T21:00:00Z,Tilt6,Oki11,0,0.8525,158.01783333333333,-0.515,0.44966666666666666,0.008525,-0.00515,0.004496666666666667
2025-08-14T21:00:00Z,Tilt7,Oki15,0,1.0721805555555555,186.70020277777778,-0.36451944444444445,0.17048888888888888,0.010721805555555556,-0.0036451944444444444,0.001704888888888889
2025-08-14T21:00:00Z,Tilt8,Oki14,0,8.132388888888888,200.5911111111111,-4.521722222222222,-5.215777777777777,0.08132388888888889,-0.04521722222222222,-0.05215777777777778
2025-08-14T22:00:00Z,Tilt5,Oki09,28,1.574,260.52383333333336,1.3571666666666666,-0.5046666666666667,0.01574,0.013571666666666668,-0.005046666666666666
2025-08-14T22:00:00Z,Tilt6,Oki11,0,0.7113333333333334,242.38616666666667,0.01066666666666667,-0.48383333333333334,0.0071133333333333335,1.0666666666666671e-4,-0.004838333333333333
2025-08-14T22:00:00Z,Tilt7,Oki15,0,1.12545,187.5792888888889,-0.3085472222222222,0.1620861111111111,0.0112545,-0.003085472222222222,0.0016208611111111111
2025-08-14T22:00:00Z,Tilt8,Oki14,0,13.572444444444445,212.4166111111111,-11.152166666666666,-7.154944444444444,0.13572444444444445,-0.11152166666666667,-0.07154944444444444
2025-08-14T23:00:00Z,Tilt5,Oki09,28,3.45,246.17216666666667,2.9118333333333335,-0.8581666666666666,0.0345,0.029118333333333333,-0.008581666666666666
2025-08-14T23:00:00Z,Tilt6,Oki11,0,0.5323333333333333,209.77833333333334,-0.03466666666666667,-0.08349999999999999,0.0053233333333333336,-3.466666666666667e-4,-8.35e-4
2025-08-14T23:00:00Z,Tilt7,Oki15,0,1.026075,186.838675,-0.28685,0.16886666666666666,0.01026075,-0.0028685,0.0016886666666666667
2025-08-14T23:00:00Z,Tilt8,Oki14,0,17.569833333333335,201.8543888888889,-16.080944444444444,-6.246722222222222,0.17569833333333335,-0.16080944444444445,-0.06246722222222222
2025-08-15T00:00:00Z,Tilt5,Oki09,28,1.4153333333333333,101.76816666666667,0.5628333333333333,0.8916666666666667,0.014153333333333334,0.005628333333333333,0.008916666666666666
2025-08-15T00:00:00Z,Tilt6,Oki11,0,0.47383333333333333,217.67633333333333,-0.03883333333333333,-0.12333333333333334,0.004738333333333333,-3.883333333333333e-4,-0.0012333333333333332
2025-08-15T00:00:00Z,Tilt7,Oki15,0,1.544925,183.7918611111111,-1.151025,0.11043055555555556,0.015449250000000001,-0.01151025,0.0011043055555555556
2025-08-15T00:00:00Z,Tilt8,Oki14,0,6.431055555555555,214.0625,-5.022444444444444,-2.6485555555555558,0.06431055555555555,-0.05022444444444445,-0.026485555555555557
2025-08-15T01:00:00Z,Tilt5,Oki09,28,2.4078333333333335,108.69916666666667,-0.17566666666666667,1.4308333333333334,0.024078333333333334,-0.0017566666666666666,0.014308333333333334
2025-08-15T01:00:00Z,Tilt6,Oki11,0,0.7318333333333333,193.854,-0.39,-0.0665,0.007318333333333333,-0.0039,-6.65e-4
2025-08-15T01:00:00Z,Tilt7,Oki15,0,2.6264083333333335,184.6174,-2.1856138888888887,-0.1607583333333333,0.026264083333333334,-0.02185613888888889,-0.0016075833333333333
2025-08-15T01:00:00Z,Tilt8,Oki14,0,6.431777777777778,73.797111111111107,3.296111111111111,5.129166666666666,0.06431777777777778,0.032961111111111115,0.051291666666666666
2025-08-15T02:00:00Z,Tilt5,Oki09,28,1.1533333333333333,111.66333333333333,-0.3353333333333333,0.838,0.011533333333333333,-0.003353333333333333,0.00838
2025-08-15T02:00:00Z,Tilt6,Oki11,0,1.5878333333333334,226.73533333333333,-0.9051666666666667,-0.9738333333333333,0.015878333333333335,-0.009051666666666666,-0.009738333333333333
2025-08-15T02:00:00Z,Tilt7,Oki15,0,1.584886111111111,183.388275,-1.063311111111111,0.1574,0.015848861111111112,-0.010633111111111112,0.001574
2025-08-15T02:00:00Z,Tilt8,Oki14,0,4.031555555555555,46.25394444444444,3.425777777777778,1.8005,0.040315555555555556,0.034257777777777776,0.018005
2025-08-15T03:00:00Z,Tilt5,Oki09,28,0.9008333333333334,106.432,-0.11733333333333333,0.774,0.009008333333333333,-0.0011733333333333333,0.00774
2025-08-15T03:00:00Z,Tilt6,Oki11,0,0.9816666666666667,229.6855,-0.4513333333333333,-0.6068333333333333,0.009816666666666666,-0.004513333333333334,-0.0060683333333333336
2025-08-15T03:00:00Z,Tilt7,Oki15,0,1.3521722222222223,195.09181944444444,-0.31505833333333333,0.041133333333333334,0.013521722222222223,-0.0031505833333333334,4.113333333333334e-4
2025-08-15T03:00:00Z,Tilt8,Oki14,0,2.8447222222222224,57.10633333333333,1.8051111111111111,1.9876666666666667,0.02844722222222222,0.01805111111111111,0.019876666666666667
2025-08-15T04:00:00Z,Tilt5,Oki09,28,0.9153333333333333,109.30033333333334,0.4028333333333333,0.5458333333333333,0.009153333333333333,0.004028333333333333,0.005458333333333333
2025-08-15T04:00:00Z,Tilt6,Oki11,0,0.7323333333333334,232.003,-0.3215,-0.393,0.007323333333333334,-0.003215,-0.00393
2025-08-15T04:00:00Z,Tilt7,Oki15,0,1.5396694444444445,185.86295833333332,-0.4755083333333333,0.22746944444444445,0.015396694444444445,-0.004755083333333333,0.0022746944444444446
2025-08-15T04:00:00Z,Tilt8,Oki14,0,2.3259444444444446,94.44494444444445,0.42244444444444446,1.8555,0.023259444444444444,0.004224444444444445,0.018555
2025-08-15T05:00:00Z,Tilt5,Oki09,28,1.9281666666666666,124.20066666666666,-0.744,1.564,0.019281666666666666,-0.0074400000000000004,0.01564
2025-08-15T05:00:00Z,Tilt6,Oki11,0,0.48483333333333334,249.49866666666668,0.039,-0.2823333333333333,0.004848333333333334,3.9e-4,-0.0028233333333333335
2025-08-15T05:00:00Z,Tilt7,Oki15,0,1.3918472222222222,189.9069638888889,-0.426125,0.12143888888888889,0.013918472222222223,-0.00426125,0.001214388888888889
2025-08-15T05:00:00Z,Tilt8,Oki14,0,2.399611111111111,227.16083333333333,-1.212388888888889,-1.6783333333333335,0.02399611111111111,-0.012123888888888889,-0.016783333333333334
2025-08-15T06:00:00Z,Tilt5,Oki09,28,3.464,92.02250000000001,-0.10183333333333335,3.2483333333333335,0.034640000000000004,-0.0010183333333333335,0.032483333333333336
2025-08-15T06:00:00Z,Tilt6,Oki11,0,0.43383333333333335,262.8135,0.12383333333333334,-0.241,0.004338333333333334,0.0012383333333333333,-0.0024100000000000002
2025-08-15T06:00:00Z,Tilt7,Oki15,0,1.3187916666666666,189.8901972222222,-0.3974972222222222,0.12560555555555555,0.013187916666666667,-0.003974972222222223,0.0012560555555555556
2025-08-15T06:00:00Z,Tilt8,Oki14,0,6.6898333333333335,230.51011111111112,-4.001277777777778,-4.999388888888888,0.06689833333333334,-0.04001277777777778,-0.049993888888888886
2025-08-15T07:00:00Z,Tilt5,Oki09,28,3.6733333333333333,98.12,-0.6461666666666667,3.2845,0.03673333333333333,-0.006461666666666667,0.032845
2025-08-15T07:00:00Z,Tilt6,Oki11,0,0.37883333333333336,198.65266666666668,-0.0825,-0.02816666666666667,0.0037883333333333332,-8.25e-4,-2.816666666666667e-4
2025-08-15T07:00:00Z,Tilt7,Oki15,0,1.3830444444444445,196.8607,-0.34350277777777777,0.04365555555555556,0.013830444444444444,-0.0034350277777777777,4.365555555555556e-4
2025-08-15T07:00:00Z,Tilt8,Oki14,0,9.521055555555556,223.92255555555556,-6.7956666666666665,-6.075611111111111,0.09521055555555556,-0.06795666666666667,-0.060756111111111115
2025-08-15T08:00:00Z,Tilt5,Oki09,28,1.737,120.52583333333334,-0.3566666666666667,1.2238333333333333,0.01737,-0.0035666666666666668,0.012238333333333334
2025-08-15T08:00:00Z,Tilt6,Oki11,0,0.3825,213.07416666666666,0.036166666666666666,-0.08166666666666667,0.003825,3.616666666666667e-4,-8.166666666666667e-4
2025-08-15T08:00:00Z,Tilt7,Oki15,0,1.2127021276595744,186.86825886524824,-0.5049822695035461,0.1534290780141844,0.012127021276595745,-0.005049822695035461,0.001534290780141844
2025-08-15T08:00:00Z,Tilt8,Oki14,0,12.943388888888888,226.149,-8.373833333333334,-8.924444444444445,0.1294338888888889,-0.08373833333333333,-0.08924444444444445
2025-08-15T09:00:00Z,Tilt5,Oki09,28,1.6111666666666666,110.33066666666667,-0.5866666666666667,1.3806666666666667,0.016111666666666666,-0.005866666666666667,0.013806666666666667
2025-08-15T09:00:00Z,Tilt6,Oki11,0,1.508,276.13933333333335,1.1811666666666667,-0.6686666666666666,0.01508,0.011811666666666666,-0.006686666666666667
2025-08-15T09:00:00Z,Tilt8,Oki14,0,11.091458333333334,225.27756944444445,-7.511597222222222,-7.56375,0.11091458333333333,-0.07511597222222223,-0.0756375
2025-08-15T10:00:00Z,Tilt5,Oki09,28,9.429833333333333,97.38466666666666,-1.9058333333333333,7.855166666666666,0.09429833333333333,-0.019058333333333333,0.07855166666666667
2025-08-15T10:00:00Z,Tilt6,Oki11,0,0.7268333333333333,228.38133333333334,0.2475,-0.12783333333333333,0.007268333333333333,0.002475,-0.0012783333333333334
2025-08-15T11:00:00Z,Tilt5,Oki09,28,6.583166666666667,107.9505,-0.2215,4.694166666666667,0.06583166666666666,-0.002215,0.046941666666666666
2025-08-15T11:00:00Z,Tilt6,Oki11,0,1.1916129032258065,176.46290322580646,-0.984516129032258,0.25870967741935486,0.011916129032258065,-0.00984516129032258,0.0025870967741935483
2025-08-15T12:00:00Z,Tilt5,Oki09,28,2.2293548387096775,98.34387096774194,0.3593548387096774,1.6203225806451613,0.022293548387096775,0.003593548387096774,0.016203225806451612
