date,species,sample_ID,frag_ID,run_block,SA_cm2,chamber_channel,temp_c_level,temp_c_value,PR,Values,id_block,full_ID,outlier_run,outlier_block,outlier_ids,outlier_any,full_species
2025-08-01,Elam,G01_TPC,G01,RUN1,20.38296944,2,1,24.5,Respiration,0.37249847991644947,G01_TPC RUN1 Respiration,G01_TPC RUN1 24.5 Respiration,FALSE,FALSE,FALSE,FALSE,Echinopora lamellosa
2025-08-01,Elam,G01_TPC,G01,RUN1,20.38296944,2,1,24.5,NetPhoto,0.7178391488272683,G01_TPC RUN1 NetPhoto,G01_TPC RUN1 24.5 NetPhoto,FALSE,FALSE,FALSE,FALSE,Echinopora lamellosa
2025-08-01,Elam,G01_TPC,G01,RUN1,20.38296944,2,1,24.5,GrossPhoto,1.090337628743718,G01_TPC RUN1 GrossPhoto,G01_TPC RUN1 24.5 GrossPhoto,FALSE,FALSE,FALSE,FALSE,Echinopora lamellosa
2025-08-01,Fcom,C01_TPC,C01,RUN1,23.69761104,3,1,24.5,Respiration,0.33419814746205395,C01_TPC RUN1 Respiration,C01_TPC RUN1 24.5 Respiration,FALSE,FALSE,FALSE,FALSE,Favites complanata
2025-08-01,Fcom,C01_TPC,C01,RUN1,23.69761104,3,1,24.5,NetPhoto,0.7315115615296514,C01_TPC RUN1 NetPhoto,C01_TPC RUN1 24.5 NetPhoto,FALSE,FALSE,FALSE,FALSE,Favites complanata
2025-08-01,Fcom,C01_TPC,C01,RUN1,23.69761104,3,1,24.5,GrossPhoto,1.0657097089917054,C01_TPC RUN1 GrossPhoto,C01_TPC RUN1 24.5 GrossPhoto,FALSE,FALSE,FALSE,FALSE,Favites complanata
2025-08-01,Peyd,E01_TPC,E01,RUN1,33.93822657,5,1,24.5,Respiration,0.3707926275822228,E01_TPC RUN1 Respiration,E01_TPC RUN1 24.5 Respiration,FALSE,FALSE,FALSE,FALSE,Pocillopora eydouxi
2025-08-01,Peyd,E01_TPC,E01,RUN1,33.93822657,5,1,24.5,NetPhoto,0.5992639570977295,E01_TPC RUN1 NetPhoto,E01_TPC RUN1 24.5 NetPhoto,FALSE,FALSE,FALSE,FALSE,Pocillopora eydouxi
2025-08-01,Peyd,E01_TPC,E01,RUN1,33.93822657,5,1,24.5,GrossPhoto,0.9700565846799524,E01_TPC RUN1 GrossPhoto,E01_TPC RUN1 24.5 GrossPhoto,FALSE,FALSE,FALSE,FALSE,Pocillopora eydouxi
2025-08-01,Ahya,J01_TPC,J01,RUN1,16.22929921,7,1,24.5,Respiration,0.31162630580692574,J01_TPC RUN1 Respiration,J01_TPC RUN1 24.5 Respiration,FALSE,FALSE,FALSE,FALSE,Acropora hyacinthus
2025-08-01,Ahya,J01_TPC,J01,RUN1,16.22929921,7,1,24.5,NetPhoto,0.5784558628076567,J01_TPC RUN1 NetPhoto,J01_TPC RUN1 24.5 NetPhoto,FALSE,FALSE,FALSE,FALSE,Acropora hyacinthus
2025-08-01,Ahya,J01_TPC,J01,RUN1,16.22929921,7,1,24.5,GrossPhoto,0.8900821686145824,J01_TPC RUN1 GrossPhoto,J01_TPC RUN1 24.5 GrossPhoto,FALSE,FALSE,FALSE,FALSE,Acropora hyacinthus
2025-08-01,Tfro,I01_TPC,I01,RUN1,26.20193602,8,1,24.5,Respiration,0.42006846705664547,I01_TPC RUN1 Respiration,I01_TPC RUN1 24.5 Respiration,FALSE,FALSE,FALSE,FALSE,Turbinaria frondens
2025-08-01,Tfro,I01_TPC,I01,RUN1,26.20193602,8,1,24.5,NetPhoto,0.42047825851959064,I01_TPC RUN1 NetPhoto,I01_TPC RUN1 24.5 NetPhoto,FALSE,FALSE,FALSE,FALSE,Turbinaria frondens
2025-08-01,Tfro,I01_TPC,I01,RUN1,26.20193602,8,1,24.5,GrossPhoto,0.8405467255762361,I01_TPC RUN1 GrossPhoto,I01_TPC RUN1 24.5 GrossPhoto,FALSE,FALSE,FALSE,FALSE,Turbinaria frondens
2025-08-01,Maeq,H01_TPC,H01,RUN1,32.84078989,11,1,24.5,Respiration,0.419033008782943,H01_TPC RUN1 Respiration,H01_TPC RUN1 24.5 Respiration,FALSE,FALSE,FALSE,FALSE,Montipora aequituberculata
2025-08-01,Maeq,H01_TPC,H01,RUN1,32.84078989,11,1,24.5,NetPhoto,0.3877895414467652,H01_TPC RUN1 NetPhoto,H01_TPC RUN1 24.5 NetPhoto,FALSE,FALSE,FALSE,FALSE,Montipora aequituberculata
2025-08-01,Maeq,H01_TPC,H01,RUN1,32.84078989,11,1,24.5,GrossPhoto,0.8068225502297082,H01_TPC RUN1 GrossPhoto,H01_TPC RUN1 24.5 GrossPhoto,FALSE,FALSE,FALSE,FALSE,Montipora aequituberculata
2025-08-01,Prus,D01_TPC,D01,RUN1,28.54674986,12,1,24.5,Respiration,0.3621929078860696,D01_TPC RUN1 Respiration,D01_TPC RUN1 24.5 Respiration,FALSE,FALSE,FALSE,FALSE,Porites rus
2025-08-01,Prus,D01_TPC,D01,RUN1,28.54674986,12,1,24.5,NetPhoto,0.865701221669624,D01_TPC RUN1 NetPhoto,D01_TPC RUN1 24.5 NetPhoto,FALSE,FALSE,FALSE,FALSE,Porites rus
2025-08-01,Prus,D01_TPC,D01,RUN1,28.54674986,12,1,24.5,GrossPhoto,1.2278941295556935,D01_TPC RUN1 GrossPhoto,D01_TPC RUN1 24.5 GrossPhoto,FALSE,FALSE,FALSE,FALSE,Porites rus
2025-08-02,Elam,G02_TPC,G02,RUN2,16.88329491,1,1,24.5,Respiration,0.3981978066722897,G02_TPC RUN2 Respiration,G02_TPC RUN2 24.5 Respiration,FALSE,FALSE,FALSE,FALSE,Echinopora lamellosa
2025-08-02,Elam,G02_TPC,G02,RUN2,16.88329491,1,1,24.5,NetPhoto,0.92981279690949,G02_TPC RUN2 NetPhoto,G02_TPC RUN2 24.5 NetPhoto,FALSE,FALSE,FALSE,FALSE,Echinopora lamellosa
2025-08-02,Elam,G02_TPC,G02,RUN2,16.88329491,1,1,24.5,GrossPhoto,1.3280106035817796,G02_TPC RUN2 GrossPhoto,G02_TPC RUN2 24.5 GrossPhoto,FALSE,FALSE,FALSE,FALSE,Echinopora lamellosa
2025-08-02,Peyd,E02_TPC,E02,RUN2,34.41995023,2,1,24.5,Respiration,0.35760761844538397,E02_TPC RUN2 Respiration,E02_TPC RUN2 24.5 Respiration,FALSE,FALSE,FALSE,FALSE,Pocillopora eydouxi
2025-08-02,Peyd,E02_TPC,E02,RUN2,34.41995023,2,1,24.5,NetPhoto,0.812525899293145,E02_TPC RUN2 NetPhoto,E02_TPC RUN2 24.5 NetPhoto,FALSE,FALSE,FALSE,FALSE,Pocillopora eydouxi
2025-08-02,Peyd,E02_TPC,E02,RUN2,34.41995023,2,1,24.5,GrossPhoto,1.170133517738529,E02_TPC RUN2 GrossPhoto,E02_TPC RUN2 24.5 GrossPhoto,FALSE,FALSE,FALSE,FALSE,Pocillopora eydouxi
2025-08-02,Prus,D02_TPC,D02,RUN2,18.28699298,4,1,24.5,Respiration,0.4469469730440467,D02_TPC RUN2 Respiration,D02_TPC RUN2 24.5 Respiration,FALSE,FALSE,FALSE,FALSE,Porites rus
2025-08-02,Prus,D02_TPC,D02,RUN2,18.28699298,4,1,24.5,NetPhoto,0.8526773159607326,D02_TPC RUN2 NetPhoto,D02_TPC RUN2 24.5 NetPhoto,FALSE,FALSE,FALSE,FALSE,Porites rus
2025-08-02,Prus,D02_TPC,D02,RUN2,18.28699298,4,1,24.5,GrossPhoto,1.299624289004779,D02_TPC RUN2 GrossPhoto,D02_TPC RUN2 24.5 GrossPhoto,FALSE,FALSE,FALSE,FALSE,Porites rus
2025-08-02,Tfro,I02_TPC,I02,RUN2,24.37074807,6,1,24.5,Respiration,0.4061362248620654,I02_TPC RUN2 Respiration,I02_TPC RUN2 24.5 Respiration,FALSE,FALSE,FALSE,FALSE,Turbinaria frondens
2025-08-02,Tfro,I02_TPC,I02,RUN2,24.37074807,6,1,24.5,NetPhoto,0.5973524995731486,I02_TPC RUN2 NetPhoto,I02_TPC RUN2 24.5 NetPhoto,FALSE,FALSE,FALSE,FALSE,Turbinaria frondens
2025-08-02,Tfro,I02_TPC,I02,RUN2,24.37074807,6,1,24.5,GrossPhoto,1.003488724435214,I02_TPC RUN2 GrossPhoto,I02_TPC RUN2 24.5 GrossPhoto,FALSE,FALSE,FALSE,FALSE,Turbinaria frondens
2025-08-02,Fcom,C02_TPC,C02,RUN2,24.72805304,8,1,24.5,Respiration,0.5004208201344535,C02_TPC RUN2 Respiration,C02_TPC RUN2 24.5 Respiration,FALSE,FALSE,FALSE,FALSE,Favites complanata
2025-08-02,Fcom,C02_TPC,C02,RUN2,24.72805304,8,1,24.5,NetPhoto,0.755980792644236,C02_TPC RUN2 NetPhoto,C02_TPC RUN2 24.5 NetPhoto,FALSE,FALSE,FALSE,FALSE,Favites complanata
2025-08-02,Fcom,C02_TPC,C02,RUN2,24.72805304,8,1,24.5,GrossPhoto,1.2564016127786894,C02_TPC RUN2 GrossPhoto,C02_TPC RUN2 24.5 GrossPhoto,FALSE,FALSE,FALSE,FALSE,Favites complanata
2025-08-02,Ahya,J02_TPC,J02,RUN2,20.79769841,9,1,24.5,Respiration,0.27485190728166303,J02_TPC RUN2 Respiration,J02_TPC RUN2 24.5 Respiration,FALSE,FALSE,FALSE,FALSE,Acropora hyacinthus
2025-08-02,Ahya,J02_TPC,J02,RUN2,20.79769841,9,1,24.5,NetPhoto,0.5521294951867285,J02_TPC RUN2 NetPhoto,J02_TPC RUN2 24.5 NetPhoto,FALSE,FALSE,FALSE,FALSE,Acropora hyacinthus
2025-08-02,Ahya,J02_TPC,J02,RUN2,20.79769841,9,1,24.5,GrossPhoto,0.8269814024683915,J02_TPC RUN2 GrossPhoto,J02_TPC RUN2 24.5 GrossPhoto,FALSE,FALSE,FALSE,FALSE,Acropora hyacinthus
2025-08-02,Maeq,H02_TPC,H02,RUN2,37.79520607,12,1,24.5,Respiration,0.18905655086938197,H02_TPC RUN2 Respiration,H02_TPC RUN2 24.5 Respiration,FALSE,FALSE,FALSE,FALSE,Montipora aequituberculata
2025-08-02,Maeq,H02_TPC,H02,RUN2,37.79520607,12,1,24.5,NetPhoto,0.4839143166974688,H02_TPC RUN2 NetPhoto,H02_TPC RUN2 24.5 NetPhoto,FALSE,FALSE,FALSE,FALSE,Montipora aequituberculata
2025-08-02,Maeq,H02_TPC,H02,RUN2,37.79520607,12,1,24.5,GrossPhoto,0.6729708675668508,H02_TPC RUN2 GrossPhoto,H02_TPC RUN2 24.5 GrossPhoto,FALSE,FALSE,FALSE,FALSE,Montipora aequituberculata
2025-08-03,Peyd,E03_TPC,E03,RUN3,37.62293403,1,1,24.5,Respiration,0.3663135919339822,E03_TPC RUN3 Respiration,E03_TPC RUN3 24.5 Respiration,FALSE,FALSE,FALSE,FALSE,Pocillopora eydouxi
2025-08-03,Peyd,E03_TPC,E03,RUN3,37.62293403,1,1,24.5,NetPhoto,0.6530165221611326,E03_TPC RUN3 NetPhoto,E03_TPC RUN3 24.5 NetPhoto,FALSE,FALSE,FALSE,FALSE,Pocillopora eydouxi
2025-08-03,Peyd,E03_TPC,E03,RUN3,37.62293403,1,1,24.5,GrossPhoto,1.0193301140951148,E03_TPC RUN3 GrossPhoto,E03_TPC RUN3 24.5 GrossPhoto,FALSE,FALSE,FALSE,FALSE,Pocillopora eydouxi
2025-08-03,Tfro,I03_TPC,I03,RUN3,30.56935118,2,1,24.5,Respiration,0.1489126692347937,I03_TPC RUN3 Respiration,I03_TPC RUN3 24.5 Respiration,FALSE,FALSE,FALSE,FALSE,Turbinaria frondens
2025-08-03,Tfro,I03_TPC,I03,RUN3,30.56935118,2,1,24.5,NetPhoto,0.3882551325203898,I03_TPC RUN3 NetPhoto,I03_TPC RUN3 24.5 NetPhoto,FALSE,FALSE,FALSE,FALSE,Turbinaria frondens
2025-08-03,Tfro,I03_TPC,I03,RUN3,30.56935118,2,1,24.5,GrossPhoto,0.5371678017551835,I03_TPC RUN3 GrossPhoto,I03_TPC RUN3 24.5 GrossPhoto,FALSE,FALSE,FALSE,FALSE,Turbinaria frondens
2025-08-03,Maeq,H04_TPC,H04,RUN3,41.64580512,4,1,24.5,Respiration,0.28235410316968623,H04_TPC RUN3 Respiration,H04_TPC RUN3 24.5 Respiration,FALSE,FALSE,FALSE,FALSE,Montipora aequituberculata
2025-08-03,Maeq,H04_TPC,H04,RUN3,41.64580512,4,1,24.5,NetPhoto,0.5205754852122192,H04_TPC RUN3 NetPhoto,H04_TPC RUN3 24.5 NetPhoto,FALSE,FALSE,FALSE,FALSE,Montipora aequituberculata
2025-08-03,Maeq,H04_TPC,H04,RUN3,41.64580512,4,1,24.5,GrossPhoto,0.8029295883819054,H04_TPC RUN3 GrossPhoto,H04_TPC RUN3 24.5 GrossPhoto,FALSE,FALSE,FALSE,FALSE,Montipora aequituberculata
2025-08-03,Ahya,J03_TPC,J03,RUN3,29.80688791,7,1,24.5,Respiration,0.2975623310545302,J03_TPC RUN3 Respiration,J03_TPC RUN3 24.5 Respiration,FALSE,FALSE,FALSE,FALSE,Acropora hyacinthus
2025-08-03,Ahya,J03_TPC,J03,RUN3,29.80688791,7,1,24.5,NetPhoto,0.6569683431378669,J03_TPC RUN3 NetPhoto,J03_TPC RUN3 24.5 NetPhoto,FALSE,FALSE,FALSE,FALSE,Acropora hyacinthus
2025-08-03,Ahya,J03_TPC,J03,RUN3,29.80688791,7,1,24.5,GrossPhoto,0.9545306741923972,J03_TPC RUN3 GrossPhoto,J03_TPC RUN3 24.5 GrossPhoto,FALSE,FALSE,FALSE,FALSE,Acropora hyacinthus
2025-08-03,Fcom,C03_TPC,C03,RUN3,26.45396363,9,1,24.5,Respiration,0.36049528378000206,C03_TPC RUN3 Respiration,C03_TPC RUN3 24.5 Respiration,FALSE,FALSE,FALSE,FALSE,Favites complanata
2025-08-03,Fcom,C03_TPC,C03,RUN3,26.45396363,9,1,24.5,NetPhoto,1.0846973907776067,C03_TPC RUN3 NetPhoto,C03_TPC RUN3 24.5 NetPhoto,FALSE,FALSE,FALSE,FALSE,Favites complanata
2025-08-03,Fcom,C03_TPC,C03,RUN3,26.45396363,9,1,24.5,GrossPhoto,1.445192674557609,C03_TPC RUN3 GrossPhoto,C03_TPC RUN3 24.5 GrossPhoto,FALSE,FALSE,FALSE,FALSE,Favites complanata
2025-08-03,Elam,G05_TPC,G05,RUN3,17.26931188,11,1,24.5,Respiration,0.37492638857396954,G05_TPC RUN3 Respiration,G05_TPC RUN3 24.5 Respiration,FALSE,FALSE,FALSE,FALSE,Echinopora lamellosa
2025-08-03,Elam,G05_TPC,G05,RUN3,17.26931188,11,1,24.5,NetPhoto,0.8412760982177265,G05_TPC RUN3 NetPhoto,G05_TPC RUN3 24.5 NetPhoto,FALSE,FALSE,FALSE,FALSE,Echinopora lamellosa
2025-08-03,Elam,G05_TPC,G05,RUN3,17.26931188,11,1,24.5,GrossPhoto,1.216202486791696,G05_TPC RUN3 GrossPhoto,G05_TPC RUN3 24.5 GrossPhoto,FALSE,FALSE,FALSE,FALSE,Echinopora lamellosa
2025-08-03,Prus,D03_TPC,D03,RUN3,17.32354567,12,1,24.5,Respiration,0.4263165212209048,D03_TPC RUN3 Respiration,D03_TPC RUN3 24.5 Respiration,FALSE,FALSE,FALSE,FALSE,Porites rus
2025-08-03,Prus,D03_TPC,D03,RUN3,17.32354567,12,1,24.5,NetPhoto,0.6140750279846199,D03_TPC RUN3 NetPhoto,D03_TPC RUN3 24.5 NetPhoto,FALSE,FALSE,FALSE,FALSE,Porites rus
2025-08-03,Prus,D03_TPC,D03,RUN3,17.32354567,12,1,24.5,GrossPhoto,1.040391549205525,D03_TPC RUN3 GrossPhoto,D03_TPC RUN3 24.5 GrossPhoto,FALSE,FALSE,FALSE,FALSE,Porites rus
2025-08-09,Peyd,E07_TPC,E07,RUN5,18.03177515,3,1,24.5,Respiration,0.3996104338800976,E07_TPC RUN5 Respiration,E07_TPC RUN5 24.5 Respiration,FALSE,FALSE,FALSE,FALSE,Pocillopora eydouxi
2025-08-09,Peyd,E07_TPC,E07,RUN5,18.03177515,3,1,24.5,NetPhoto,0.8239253190767214,E07_TPC RUN5 NetPhoto,E07_TPC RUN5 24.5 NetPhoto,FALSE,FALSE,FALSE,FALSE,Pocillopora eydouxi
2025-08-09,Peyd,E07_TPC,E07,RUN5,18.03177515,3,1,24.5,GrossPhoto,1.223535752956819,E07_TPC RUN5 GrossPhoto,E07_TPC RUN5 24.5 GrossPhoto,FALSE,FALSE,FALSE,FALSE,Pocillopora eydouxi
2025-08-09,Ahya,J07_TPC,J07,RUN5,16.49727793,4,1,24.5,Respiration,0.30964002421046916,J07_TPC RUN5 Respiration,J07_TPC RUN5 24.5 Respiration,FALSE,FALSE,FALSE,FALSE,Acropora hyacinthus
2025-08-09,Ahya,J07_TPC,J07,RUN5,16.49727793,4,1,24.5,NetPhoto,0.6888435362925293,J07_TPC RUN5 NetPhoto,J07_TPC RUN5 24.5 NetPhoto,FALSE,FALSE,FALSE,FALSE,Acropora hyacinthus
2025-08-09,Ahya,J07_TPC,J07,RUN5,16.49727793,4,1,24.5,GrossPhoto,0.9984835605029984,J07_TPC RUN5 GrossPhoto,J07_TPC RUN5 24.5 GrossPhoto,FALSE,FALSE,FALSE,FALSE,Acropora hyacinthus
2025-08-09,Fcom,C07_TPC,C07,RUN5,12.85404337,5,1,24.5,Respiration,0.4180262707377652,C07_TPC RUN5 Respiration,C07_TPC RUN5 24.5 Respiration,FALSE,FALSE,FALSE,FALSE,Favites complanata
2025-08-09,Fcom,C07_TPC,C07,RUN5,12.85404337,5,1,24.5,NetPhoto,1.1197889171214306,C07_TPC RUN5 NetPhoto,C07_TPC RUN5 24.5 NetPhoto,FALSE,FALSE,FALSE,FALSE,Favites complanata
2025-08-09,Fcom,C07_TPC,C07,RUN5,12.85404337,5,1,24.5,GrossPhoto,1.537815187859196,C07_TPC RUN5 GrossPhoto,C07_TPC RUN5 24.5 GrossPhoto,FALSE,FALSE,FALSE,FALSE,Favites complanata
2025-08-09,Prus,D07_TPC,D07,RUN5,13.26877235,8,1,24.5,Respiration,0.3976225416031331,D07_TPC RUN5 Respiration,D07_TPC RUN5 24.5 Respiration,FALSE,FALSE,FALSE,FALSE,Porites rus
2025-08-09,Prus,D07_TPC,D07,RUN5,13.26877235,8,1,24.5,NetPhoto,0.8957472436731789,D07_TPC RUN5 NetPhoto,D07_TPC RUN5 24.5 NetPhoto,FALSE,FALSE,FALSE,FALSE,Porites rus
2025-08-09,Prus,D07_TPC,D07,RUN5,13.26877235,8,1,24.5,GrossPhoto,1.293369785276312,D07_TPC RUN5 GrossPhoto,D07_TPC RUN5 24.5 GrossPhoto,FALSE,FALSE,FALSE,FALSE,Porites rus
2025-08-09,Tfro,I07_TPC,I07,RUN5,10.84739316,9,1,24.5,Respiration,0.4776373785833163,I07_TPC RUN5 Respiration,I07_TPC RUN5 24.5 Respiration,FALSE,FALSE,FALSE,FALSE,Turbinaria frondens
2025-08-09,Tfro,I07_TPC,I07,RUN5,10.84739316,9,1,24.5,NetPhoto,0.6287243565906195,I07_TPC RUN5 NetPhoto,I07_TPC RUN5 24.5 NetPhoto,FALSE,FALSE,FALSE,FALSE,Turbinaria frondens
2025-08-09,Tfro,I07_TPC,I07,RUN5,10.84739316,9,1,24.5,GrossPhoto,1.106361735173936,I07_TPC RUN5 GrossPhoto,I07_TPC RUN5 24.5 GrossPhoto,FALSE,FALSE,FALSE,FALSE,Turbinaria frondens
2025-08-09,Elam,G07_TPC,G07,RUN5,20.22026807,10,1,24.5,Respiration,0.2575958699673903,G07_TPC RUN5 Respiration,G07_TPC RUN5 24.5 Respiration,FALSE,FALSE,FALSE,FALSE,Echinopora lamellosa
2025-08-09,Elam,G07_TPC,G07,RUN5,20.22026807,10,1,24.5,NetPhoto,0.6913682814226336,G07_TPC RUN5 NetPhoto,G07_TPC RUN5 24.5 NetPhoto,FALSE,FALSE,FALSE,FALSE,Echinopora lamellosa
2025-08-09,Elam,G07_TPC,G07,RUN5,20.22026807,10,1,24.5,GrossPhoto,0.948964151390024,G07_TPC RUN5 GrossPhoto,G07_TPC RUN5 24.5 GrossPhoto,FALSE,FALSE,FALSE,FALSE,Echinopora lamellosa
2025-08-09,Maeq,H07_TPC,H07,RUN5,19.99695246,11,1,24.5,Respiration,0.25899345531439477,H07_TPC RUN5 Respiration,H07_TPC RUN5 24.5 Respiration,FALSE,FALSE,FALSE,FALSE,Montipora aequituberculata
2025-08-09,Maeq,H07_TPC,H07,RUN5,19.99695246,11,1,24.5,NetPhoto,0.6520520913538226,H07_TPC RUN5 NetPhoto,H07_TPC RUN5 24.5 NetPhoto,FALSE,FALSE,FALSE,FALSE,Montipora aequituberculata
2025-08-09,Maeq,H07_TPC,H07,RUN5,19.99695246,11,1,24.5,GrossPhoto,0.9110455466682174,H07_TPC RUN5 GrossPhoto,H07_TPC RUN5 24.5 GrossPhoto,FALSE,FALSE,FALSE,FALSE,Montipora aequituberculata
2025-08-10,Maeq,H08_TPC,H08,RUN6,15.57211329,2,1,24.5,Respiration,0.27497885427333935,H08_TPC RUN6 Respiration,H08_TPC RUN6 24.5 Respiration,FALSE,FALSE,FALSE,FALSE,Montipora aequituberculata
2025-08-10,Maeq,H08_TPC,H08,RUN6,15.57211329,2,1,24.5,NetPhoto,0.3388793366005324,H08_TPC RUN6 NetPhoto,H08_TPC RUN6 24.5 NetPhoto,FALSE,FALSE,FALSE,FALSE,Montipora aequituberculata
2025-08-10,Maeq,H08_TPC,H08,RUN6,15.57211329,2,1,24.5,GrossPhoto,0.6138581908738717,H08_TPC RUN6 GrossPhoto,H08_TPC RUN6 24.5 GrossPhoto,FALSE,FALSE,FALSE,FALSE,Montipora aequituberculata
2025-08-10,Peyd,E08_TPC,E08,RUN6,30.03020351,5,1,24.5,Respiration,0.36989463281929846,E08_TPC RUN6 Respiration,E08_TPC RUN6 24.5 Respiration,FALSE,FALSE,FALSE,FALSE,Pocillopora eydouxi
2025-08-10,Peyd,E08_TPC,E08,RUN6,30.03020351,5,1,24.5,NetPhoto,0.7907626306690728,E08_TPC RUN6 NetPhoto,E08_TPC RUN6 24.5 NetPhoto,FALSE,FALSE,FALSE,FALSE,Pocillopora eydouxi
2025-08-10,Peyd,E08_TPC,E08,RUN6,30.03020351,5,1,24.5,GrossPhoto,1.1606572634883712,E08_TPC RUN6 GrossPhoto,E08_TPC RUN6 24.5 GrossPhoto,FALSE,FALSE,FALSE,FALSE,Pocillopora eydouxi
2025-08-10,Prus,D04_TPC,D04,RUN6,15.43174348,6,1,24.5,Respiration,0.3202371859843309,D04_TPC RUN6 Respiration,D04_TPC RUN6 24.5 Respiration,FALSE,FALSE,FALSE,FALSE,Porites rus
2025-08-10,Prus,D04_TPC,D04,RUN6,15.43174348,6,1,24.5,NetPhoto,1.283339518408533,D04_TPC RUN6 NetPhoto,D04_TPC RUN6 24.5 NetPhoto,FALSE,FALSE,FALSE,FALSE,Porites rus
2025-08-10,Prus,D04_TPC,D04,RUN6,15.43174348,6,1,24.5,GrossPhoto,1.603576704392864,D04_TPC RUN6 GrossPhoto,D04_TPC RUN6 24.5 GrossPhoto,FALSE,FALSE,FALSE,FALSE,Porites rus
2025-08-10,Ahya,J08_TPC,J08,RUN6,15.59444485,7,1,24.5,Respiration,0.20157382584500505,J08_TPC RUN6 Respiration,J08_TPC RUN6 24.5 Respiration,FALSE,FALSE,FALSE,FALSE,Acropora hyacinthus
2025-08-10,Ahya,J08_TPC,J08,RUN6,15.59444485,7,1,24.5,NetPhoto,0.6336763445449206,J08_TPC RUN6 NetPhoto,J08_TPC RUN6 24.5 NetPhoto,FALSE,FALSE,FALSE,FALSE,Acropora hyacinthus
2025-08-10,Ahya,J08_TPC,J08,RUN6,15.59444485,7,1,24.5,GrossPhoto,0.8352501703899257,J08_TPC RUN6 GrossPhoto,J08_TPC RUN6 24.5 GrossPhoto,FALSE,FALSE,FALSE,FALSE,Acropora hyacinthus
2025-08-10,Tfro,I08_TPC,I08,RUN6,7.194587934,10,1,24.5,Respiration,0.4133738265799856,I08_TPC RUN6 Respiration,I08_TPC RUN6 24.5 Respiration,FALSE,FALSE,FALSE,FALSE,Turbinaria frondens
2025-08-10,Tfro,I08_TPC,I08,RUN6,7.194587934,10,1,24.5,NetPhoto,1.205653257912749,I08_TPC RUN6 NetPhoto,I08_TPC RUN6 24.5 NetPhoto,FALSE,FALSE,FALSE,FALSE,Turbinaria frondens
2025-08-10,Tfro,I08_TPC,I08,RUN6,7.194587934,10,1,24.5,GrossPhoto,1.6190270844927346,I08_TPC RUN6 GrossPhoto,I08_TPC RUN6 24.5 GrossPhoto,FALSE,FALSE,FALSE,FALSE,Turbinaria frondens
2025-08-10,Elam,G08_TPC,G08,RUN6,22.74054416,12,1,24.5,Respiration,0.2842930894330874,G08_TPC RUN6 Respiration,G08_TPC RUN6 24.5 Respiration,FALSE,FALSE,FALSE,FALSE,Echinopora lamellosa
2025-08-10,Elam,G08_TPC,G08,RUN6,22.74054416,12,1,24.5,NetPhoto,0.7672164666620876,G08_TPC RUN6 NetPhoto,G08_TPC RUN6 24.5 NetPhoto,FALSE,FALSE,FALSE,FALSE,Echinopora lamellosa
2025-08-10,Elam,G08_TPC,G08,RUN6,22.74054416,12,1,24.5,GrossPhoto,1.051509556095175,G08_TPC RUN6 GrossPhoto,G08_TPC RUN6 24.5 GrossPhoto,FALSE,FALSE,FALSE,FALSE,Echinopora lamellosa
2025-08-01,Elam,G01_TPC,G01,RUN1,20.38296944,2,2,26,Respiration,0.393421826899611,G01_TPC RUN1 Respiration,G01_TPC RUN1 26 Respiration,FALSE,FALSE,FALSE,FALSE,Echinopora lamellosa
2025-08-01,Elam,G01_TPC,G01,RUN1,20.38296944,2,2,26,NetPhoto,0.974627297564104,G01_TPC RUN1 NetPhoto,G01_TPC RUN1 26 NetPhoto,FALSE,FALSE,FALSE,FALSE,Echinopora lamellosa
2025-08-01,Elam,G01_TPC,G01,RUN1,20.38296944,2,2,26,GrossPhoto,1.368049124463715,G01_TPC RUN1 GrossPhoto,G01_TPC RUN1 26 GrossPhoto,FALSE,FALSE,FALSE,FALSE,Echinopora lamellosa
2025-08-01,Fcom,C01_TPC,C01,RUN1,23.69761104,3,2,26,Respiration,0.36824439378191925,C01_TPC RUN1 Respiration,C01_TPC RUN1 26 Respiration,FALSE,FALSE,FALSE,FALSE,Favites complanata
2025-08-01,Fcom,C01_TPC,C01,RUN1,23.69761104,3,2,26,NetPhoto,0.7971335657589622,C01_TPC RUN1 NetPhoto,C01_TPC RUN1 26 NetPhoto,FALSE,FALSE,FALSE,FALSE,Favites complanata
2025-08-01,Fcom,C01_TPC,C01,RUN1,23.69761104,3,2,26,GrossPhoto,1.1653779595408815,C01_TPC RUN1 GrossPhoto,C01_TPC RUN1 26 GrossPhoto,FALSE,FALSE,FALSE,FALSE,Favites complanata
2025-08-01,Peyd,E01_TPC,E01,RUN1,33.93822657,5,2,26,Respiration,0.4051088388833553,E01_TPC RUN1 Respiration,E01_TPC RUN1 26 Respiration,FALSE,FALSE,FALSE,FALSE,Pocillopora eydouxi
2025-08-01,Peyd,E01_TPC,E01,RUN1,33.93822657,5,2,26,NetPhoto,0.6701921481145806,E01_TPC RUN1 NetPhoto,E01_TPC RUN1 26 NetPhoto,FALSE,FALSE,FALSE,FALSE,Pocillopora eydouxi
2025-08-01,Peyd,E01_TPC,E01,RUN1,33.93822657,5,2,26,GrossPhoto,1.0753009869979355,E01_TPC RUN1 GrossPhoto,E01_TPC RUN1 26 GrossPhoto,FALSE,FALSE,FALSE,FALSE,Pocillopora eydouxi
2025-08-01,Ahya,J01_TPC,J01,RUN1,16.22929921,7,2,26,Respiration,0.3546448859578726,J01_TPC RUN1 Respiration,J01_TPC RUN1 26 Respiration,FALSE,FALSE,FALSE,FALSE,Acropora hyacinthus
2025-08-01,Ahya,J01_TPC,J01,RUN1,16.22929921,7,2,26,NetPhoto,0.7740339257944562,J01_TPC RUN1 NetPhoto,J01_TPC RUN1 26 NetPhoto,FALSE,FALSE,FALSE,FALSE,Acropora hyacinthus
2025-08-01,Ahya,J01_TPC,J01,RUN1,16.22929921,7,2,26,GrossPhoto,1.1286788117523288,J01_TPC RUN1 GrossPhoto,J01_TPC RUN1 26 GrossPhoto,FALSE,FALSE,FALSE,FALSE,Acropora hyacinthus
2025-08-01,Tfro,I01_TPC,I01,RUN1,26.20193602,8,2,26,Respiration,0.4434789079457146,I01_TPC RUN1 Respiration,I01_TPC RUN1 26 Respiration,FALSE,FALSE,FALSE,FALSE,Turbinaria frondens
2025-08-01,Tfro,I01_TPC,I01,RUN1,26.20193602,8,2,26,NetPhoto,0.553905030981618,I01_TPC RUN1 NetPhoto,I01_TPC RUN1 26 NetPhoto,FALSE,FALSE,FALSE,FALSE,Turbinaria frondens
2025-08-01,Tfro,I01_TPC,I01,RUN1,26.20193602,8,2,26,GrossPhoto,0.9973839389273328,I01_TPC RUN1 GrossPhoto,I01_TPC RUN1 26 GrossPhoto,FALSE,FALSE,FALSE,FALSE,Turbinaria frondens
2025-08-01,Maeq,H01_TPC,H01,RUN1,32.84078989,11,2,26,Respiration,0.4452961083678339,H01_TPC RUN1 Respiration,H01_TPC RUN1 26 Respiration,FALSE,FALSE,FALSE,FALSE,Montipora aequituberculata
2025-08-01,Maeq,H01_TPC,H01,RUN1,32.84078989,11,2,26,NetPhoto,0.4547051506480858,H01_TPC RUN1 NetPhoto,H01_TPC RUN1 26 NetPhoto,FALSE,FALSE,FALSE,FALSE,Montipora aequituberculata
2025-08-01,Maeq,H01_TPC,H01,RUN1,32.84078989,11,2,26,GrossPhoto,0.9000012590159198,H01_TPC RUN1 GrossPhoto,H01_TPC RUN1 26 GrossPhoto,FALSE,FALSE,FALSE,FALSE,Montipora aequituberculata
2025-08-01,Prus,D01_TPC,D01,RUN1,28.54674986,12,2,26,Respiration,0.43323310953830263,D01_TPC RUN1 Respiration,D01_TPC RUN1 26 Respiration,FALSE,FALSE,FALSE,FALSE,Porites rus
2025-08-01,Prus,D01_TPC,D01,RUN1,28.54674986,12,2,26,NetPhoto,0.8614638856030709,D01_TPC RUN1 NetPhoto,D01_TPC RUN1 26 NetPhoto,FALSE,FALSE,FALSE,FALSE,Porites rus
2025-08-01,Prus,D01_TPC,D01,RUN1,28.54674986,12,2,26,GrossPhoto,1.2946969951413734,D01_TPC RUN1 GrossPhoto,D01_TPC RUN1 26 GrossPhoto,FALSE,FALSE,FALSE,FALSE,Porites rus
2025-08-02,Elam,G02_TPC,G02,RUN2,16.88329491,1,2,26,Respiration,0.46050432376759326,G02_TPC RUN2 Respiration,G02_TPC RUN2 26 Respiration,FALSE,FALSE,FALSE,FALSE,Echinopora lamellosa
2025-08-02,Elam,G02_TPC,G02,RUN2,16.88329491,1,2,26,NetPhoto,1.0151332940925664,G02_TPC RUN2 NetPhoto,G02_TPC RUN2 26 NetPhoto,FALSE,FALSE,FALSE,FALSE,Echinopora lamellosa
2025-08-02,Elam,G02_TPC,G02,RUN2,16.88329491,1,2,26,GrossPhoto,1.4756376178601596,G02_TPC RUN2 GrossPhoto,G02_TPC RUN2 26 GrossPhoto,FALSE,FALSE,FALSE,FALSE,Echinopora lamellosa
2025-08-02,Peyd,E02_TPC,E02,RUN2,34.41995023,2,2,26,Respiration,0.4363466721689882,E02_TPC RUN2 Respiration,E02_TPC RUN2 26 Respiration,FALSE,FALSE,FALSE,FALSE,Pocillopora eydouxi
2025-08-02,Peyd,E02_TPC,E02,RUN2,34.41995023,2,2,26,NetPhoto,0.8578475866912013,E02_TPC RUN2 NetPhoto,E02_TPC RUN2 26 NetPhoto,FALSE,FALSE,FALSE,FALSE,Pocillopora eydouxi
2025-08-02,Peyd,E02_TPC,E02,RUN2,34.41995023,2,2,26,GrossPhoto,1.2941942588601896,E02_TPC RUN2 GrossPhoto,E02_TPC RUN2 26 GrossPhoto,FALSE,FALSE,FALSE,FALSE,Pocillopora eydouxi
2025-08-02,Prus,D02_TPC,D02,RUN2,18.28699298,4,2,26,Respiration,0.5576157954870974,D02_TPC RUN2 Respiration,D02_TPC RUN2 26 Respiration,FALSE,FALSE,FALSE,FALSE,Porites rus
2025-08-02,Prus,D02_TPC,D02,RUN2,18.28699298,4,2,26,NetPhoto,0.9126160360802588,D02_TPC RUN2 NetPhoto,D02_TPC RUN2 26 NetPhoto,FALSE,FALSE,FALSE,FALSE,Porites rus
2025-08-02,Prus,D02_TPC,D02,RUN2,18.28699298,4,2,26,GrossPhoto,1.470231831567356,D02_TPC RUN2 GrossPhoto,D02_TPC RUN2 26 GrossPhoto,FALSE,FALSE,FALSE,FALSE,Porites rus
2025-08-02,Tfro,I02_TPC,I02,RUN2,24.37074807,6,2,26,Respiration,0.5057231385348767,I02_TPC RUN2 Respiration,I02_TPC RUN2 26 Respiration,FALSE,FALSE,FALSE,FALSE,Turbinaria frondens
2025-08-02,Tfro,I02_TPC,I02,RUN2,24.37074807,6,2,26,NetPhoto,0.7235472865258844,I02_TPC RUN2 NetPhoto,I02_TPC RUN2 26 NetPhoto,FALSE,FALSE,FALSE,FALSE,Turbinaria frondens
2025-08-02,Tfro,I02_TPC,I02,RUN2,24.37074807,6,2,26,GrossPhoto,1.2292704250607611,I02_TPC RUN2 GrossPhoto,I02_TPC RUN2 26 GrossPhoto,FALSE,FALSE,FALSE,FALSE,Turbinaria frondens
2025-08-02,Fcom,C02_TPC,C02,RUN2,24.72805304,8,2,26,Respiration,0.5651432738486858,C02_TPC RUN2 Respiration,C02_TPC RUN2 26 Respiration,FALSE,FALSE,FALSE,FALSE,Favites complanata
2025-08-02,Fcom,C02_TPC,C02,RUN2,24.72805304,8,2,26,NetPhoto,0.9808224728163304,C02_TPC RUN2 NetPhoto,C02_TPC RUN2 26 NetPhoto,FALSE,FALSE,FALSE,FALSE,Favites complanata
2025-08-02,Fcom,C02_TPC,C02,RUN2,24.72805304,8,2,26,GrossPhoto,1.545965746665016,C02_TPC RUN2 GrossPhoto,C02_TPC RUN2 26 GrossPhoto,FALSE,FALSE,FALSE,FALSE,Favites complanata
2025-08-02,Ahya,J02_TPC,J02,RUN2,20.79769841,9,2,26,Respiration,0.3522388470466472,J02_TPC RUN2 Respiration,J02_TPC RUN2 26 Respiration,FALSE,FALSE,FALSE,FALSE,Acropora hyacinthus
2025-08-02,Ahya,J02_TPC,J02,RUN2,20.79769841,9,2,26,NetPhoto,0.7731561108123649,J02_TPC RUN2 NetPhoto,J02_TPC RUN2 26 NetPhoto,FALSE,FALSE,FALSE,FALSE,Acropora hyacinthus
2025-08-02,Ahya,J02_TPC,J02,RUN2,20.79769841,9,2,26,GrossPhoto,1.125394957859012,J02_TPC RUN2 GrossPhoto,J02_TPC RUN2 26 GrossPhoto,FALSE,FALSE,FALSE,FALSE,Acropora hyacinthus
2025-08-02,Maeq,H02_TPC,H02,RUN2,37.79520607,12,2,26,Respiration,0.19022817797087208,H02_TPC RUN2 Respiration,H02_TPC RUN2 26 Respiration,FALSE,FALSE,FALSE,FALSE,Montipora aequituberculata
2025-08-02,Maeq,H02_TPC,H02,RUN2,37.79520607,12,2,26,NetPhoto,0.4983785713095751,H02_TPC RUN2 NetPhoto,H02_TPC RUN2 26 NetPhoto,FALSE,FALSE,FALSE,FALSE,Montipora aequituberculata
2025-08-02,Maeq,H02_TPC,H02,RUN2,37.79520607,12,2,26,GrossPhoto,0.6886067492804472,H02_TPC RUN2 GrossPhoto,H02_TPC RUN2 26 GrossPhoto,FALSE,FALSE,FALSE,FALSE,Montipora aequituberculata
2025-08-03,Peyd,E03_TPC,E03,RUN3,37.62293403,1,2,26,Respiration,0.47545494037927616,E03_TPC RUN3 Respiration,E03_TPC RUN3 26 Respiration,FALSE,FALSE,FALSE,FALSE,Pocillopora eydouxi
2025-08-03,Peyd,E03_TPC,E03,RUN3,37.62293403,1,2,26,NetPhoto,0.7050449723803395,E03_TPC RUN3 NetPhoto,E03_TPC RUN3 26 NetPhoto,FALSE,FALSE,FALSE,FALSE,Pocillopora eydouxi
2025-08-03,Peyd,E03_TPC,E03,RUN3,37.62293403,1,2,26,GrossPhoto,1.1804999127596156,E03_TPC RUN3 GrossPhoto,E03_TPC RUN3 26 GrossPhoto,FALSE,FALSE,FALSE,FALSE,Pocillopora eydouxi
2025-08-03,Tfro,I03_TPC,I03,RUN3,30.56935118,2,2,26,Respiration,0.4049217065594932,I03_TPC RUN3 Respiration,I03_TPC RUN3 26 Respiration,FALSE,FALSE,FALSE,FALSE,Turbinaria frondens
2025-08-03,Tfro,I03_TPC,I03,RUN3,30.56935118,2,2,26,NetPhoto,0.4830276209709837,I03_TPC RUN3 NetPhoto,I03_TPC RUN3 26 NetPhoto,FALSE,FALSE,FALSE,FALSE,Turbinaria frondens
2025-08-03,Tfro,I03_TPC,I03,RUN3,30.56935118,2,2,26,GrossPhoto,0.8879493275304768,I03_TPC RUN3 GrossPhoto,I03_TPC RUN3 26 GrossPhoto,FALSE,FALSE,FALSE,FALSE,Turbinaria frondens
2025-08-03,Maeq,H04_TPC,H04,RUN3,41.64580512,4,2,26,Respiration,0.3833323529818016,H04_TPC RUN3 Respiration,H04_TPC RUN3 26 Respiration,FALSE,FALSE,FALSE,FALSE,Montipora aequituberculata
2025-08-03,Maeq,H04_TPC,H04,RUN3,41.64580512,4,2,26,NetPhoto,0.6096028417863669,H04_TPC RUN3 NetPhoto,H04_TPC RUN3 26 NetPhoto,FALSE,FALSE,FALSE,FALSE,Montipora aequituberculata
2025-08-03,Maeq,H04_TPC,H04,RUN3,41.64580512,4,2,26,GrossPhoto,0.9929351947681684,H04_TPC RUN3 GrossPhoto,H04_TPC RUN3 26 GrossPhoto,FALSE,FALSE,FALSE,FALSE,Montipora aequituberculata
2025-08-03,Ahya,J03_TPC,J03,RUN3,29.80688791,7,2,26,Respiration,0.4854229410935374,J03_TPC RUN3 Respiration,J03_TPC RUN3 26 Respiration,FALSE,FALSE,FALSE,FALSE,Acropora hyacinthus
2025-08-03,Ahya,J03_TPC,J03,RUN3,29.80688791,7,2,26,NetPhoto,0.8891754282846236,J03_TPC RUN3 NetPhoto,J03_TPC RUN3 26 NetPhoto,FALSE,FALSE,FALSE,FALSE,Acropora hyacinthus
2025-08-03,Ahya,J03_TPC,J03,RUN3,29.80688791,7,2,26,GrossPhoto,1.374598369378161,J03_TPC RUN3 GrossPhoto,J03_TPC RUN3 26 GrossPhoto,FALSE,FALSE,FALSE,FALSE,Acropora hyacinthus
2025-08-03,Fcom,C03_TPC,C03,RUN3,26.45396363,9,2,26,Respiration,0.4089172063157436,C03_TPC RUN3 Respiration,C03_TPC RUN3 26 Respiration,FALSE,FALSE,FALSE,FALSE,Favites complanata
2025-08-03,Fcom,C03_TPC,C03,RUN3,26.45396363,9,2,26,NetPhoto,1.2126778213711875,C03_TPC RUN3 NetPhoto,C03_TPC RUN3 26 NetPhoto,FALSE,FALSE,FALSE,FALSE,Favites complanata
2025-08-03,Fcom,C03_TPC,C03,RUN3,26.45396363,9,2,26,GrossPhoto,1.621595027686931,C03_TPC RUN3 GrossPhoto,C03_TPC RUN3 26 GrossPhoto,FALSE,FALSE,FALSE,FALSE,Favites complanata
2025-08-03,Elam,G05_TPC,G05,RUN3,17.26931188,11,2,26,Respiration,0.45074865390964286,G05_TPC RUN3 Respiration,G05_TPC RUN3 26 Respiration,FALSE,FALSE,FALSE,FALSE,Echinopora lamellosa
2025-08-03,Elam,G05_TPC,G05,RUN3,17.26931188,11,2,26,NetPhoto,1.2355429999068468,G05_TPC RUN3 NetPhoto,G05_TPC RUN3 26 NetPhoto,FALSE,FALSE,FALSE,FALSE,Echinopora lamellosa
2025-08-03,Elam,G05_TPC,G05,RUN3,17.26931188,11,2,26,GrossPhoto,1.6862916538164896,G05_TPC RUN3 GrossPhoto,G05_TPC RUN3 26 GrossPhoto,FALSE,FALSE,FALSE,FALSE,Echinopora lamellosa
2025-08-03,Prus,D03_TPC,D03,RUN3,17.32354567,12,2,26,Respiration,0.5202258725248273,D03_TPC RUN3 Respiration,D03_TPC RUN3 26 Respiration,FALSE,FALSE,FALSE,FALSE,Porites rus
2025-08-03,Prus,D03_TPC,D03,RUN3,17.32354567,12,2,26,NetPhoto,0.7452524080826242,D03_TPC RUN3 NetPhoto,D03_TPC RUN3 26 NetPhoto,FALSE,FALSE,FALSE,FALSE,Porites rus
2025-08-03,Prus,D03_TPC,D03,RUN3,17.32354567,12,2,26,GrossPhoto,1.2654782806074514,D03_TPC RUN3 GrossPhoto,D03_TPC RUN3 26 GrossPhoto,FALSE,FALSE,FALSE,FALSE,Porites rus
2025-08-09,Peyd,E07_TPC,E07,RUN5,18.03177515,3,2,26,Respiration,0.4801525132588706,E07_TPC RUN5 Respiration,E07_TPC RUN5 26 Respiration,FALSE,FALSE,FALSE,FALSE,Pocillopora eydouxi
2025-08-09,Peyd,E07_TPC,E07,RUN5,18.03177515,3,2,26,NetPhoto,1.0621391962764193,E07_TPC RUN5 NetPhoto,E07_TPC RUN5 26 NetPhoto,FALSE,FALSE,FALSE,FALSE,Pocillopora eydouxi
2025-08-09,Peyd,E07_TPC,E07,RUN5,18.03177515,3,2,26,GrossPhoto,1.54229170953529,E07_TPC RUN5 GrossPhoto,E07_TPC RUN5 26 GrossPhoto,FALSE,FALSE,FALSE,FALSE,Pocillopora eydouxi
2025-08-09,Ahya,J07_TPC,J07,RUN5,16.49727793,4,2,26,Respiration,0.4329951081479173,J07_TPC RUN5 Respiration,J07_TPC RUN5 26 Respiration,FALSE,FALSE,FALSE,FALSE,Acropora hyacinthus
2025-08-09,Ahya,J07_TPC,J07,RUN5,16.49727793,4,2,26,NetPhoto,0.8096292461910461,J07_TPC RUN5 NetPhoto,J07_TPC RUN5 26 NetPhoto,FALSE,FALSE,FALSE,FALSE,Acropora hyacinthus
2025-08-09,Ahya,J07_TPC,J07,RUN5,16.49727793,4,2,26,GrossPhoto,1.2426243543389637,J07_TPC RUN5 GrossPhoto,J07_TPC RUN5 26 GrossPhoto,FALSE,FALSE,FALSE,FALSE,Acropora hyacinthus
2025-08-09,Fcom,C07_TPC,C07,RUN5,12.85404337,5,2,26,Respiration,0.5499763787252329,C07_TPC RUN5 Respiration,C07_TPC RUN5 26 Respiration,FALSE,FALSE,FALSE,FALSE,Favites complanata
2025-08-09,Fcom,C07_TPC,C07,RUN5,12.85404337,5,2,26,NetPhoto,1.274610525577725,C07_TPC RUN5 NetPhoto,C07_TPC RUN5 26 NetPhoto,FALSE,FALSE,FALSE,FALSE,Favites complanata
2025-08-09,Fcom,C07_TPC,C07,RUN5,12.85404337,5,2,26,GrossPhoto,1.824586904302958,C07_TPC RUN5 GrossPhoto,C07_TPC RUN5 26 GrossPhoto,FALSE,FALSE,FALSE,FALSE,Favites complanata
2025-08-09,Prus,D07_TPC,D07,RUN5,13.26877235,8,2,26,Respiration,0.6069525769609525,D07_TPC RUN5 Respiration,D07_TPC RUN5 26 Respiration,FALSE,FALSE,FALSE,FALSE,Porites rus
2025-08-09,Prus,D07_TPC,D07,RUN5,13.26877235,8,2,26,NetPhoto,1.006519094046816,D07_TPC RUN5 NetPhoto,D07_TPC RUN5 26 NetPhoto,FALSE,FALSE,FALSE,FALSE,Porites rus
2025-08-09,Prus,D07_TPC,D07,RUN5,13.26877235,8,2,26,GrossPhoto,1.6134716710077686,D07_TPC RUN5 GrossPhoto,D07_TPC RUN5 26 GrossPhoto,FALSE,FALSE,FALSE,FALSE,Porites rus
2025-08-09,Tfro,I07_TPC,I07,RUN5,10.84739316,9,2,26,Respiration,0.5463739085094811,I07_TPC RUN5 Respiration,I07_TPC RUN5 26 Respiration,FALSE,FALSE,FALSE,FALSE,Turbinaria frondens
2025-08-09,Tfro,I07_TPC,I07,RUN5,10.84739316,9,2,26,NetPhoto,0.8312038018554324,I07_TPC RUN5 NetPhoto,I07_TPC RUN5 26 NetPhoto,FALSE,FALSE,FALSE,FALSE,Turbinaria frondens
2025-08-09,Tfro,I07_TPC,I07,RUN5,10.84739316,9,2,26,GrossPhoto,1.3775777103649136,I07_TPC RUN5 GrossPhoto,I07_TPC RUN5 26 GrossPhoto,FALSE,FALSE,FALSE,FALSE,Turbinaria frondens
2025-08-09,Elam,G07_TPC,G07,RUN5,20.22026807,10,2,26,Respiration,0.39623092660774106,G07_TPC RUN5 Respiration,G07_TPC RUN5 26 Respiration,FALSE,FALSE,FALSE,FALSE,Echinopora lamellosa
2025-08-09,Elam,G07_TPC,G07,RUN5,20.22026807,10,2,26,NetPhoto,0.7809400562365006,G07_TPC RUN5 NetPhoto,G07_TPC RUN5 26 NetPhoto,FALSE,FALSE,FALSE,FALSE,Echinopora lamellosa
2025-08-09,Elam,G07_TPC,G07,RUN5,20.22026807,10,2,26,GrossPhoto,1.1771709828442418,G07_TPC RUN5 GrossPhoto,G07_TPC RUN5 26 GrossPhoto,FALSE,FALSE,FALSE,FALSE,Echinopora lamellosa
2025-08-09,Maeq,H07_TPC,H07,RUN5,19.99695246,11,2,26,Respiration,0.306961258203909,H07_TPC RUN5 Respiration,H07_TPC RUN5 26 Respiration,FALSE,FALSE,FALSE,FALSE,Montipora aequituberculata
2025-08-09,Maeq,H07_TPC,H07,RUN5,19.99695246,11,2,26,NetPhoto,0.7811916865607271,H07_TPC RUN5 NetPhoto,H07_TPC RUN5 26 NetPhoto,FALSE,FALSE,FALSE,FALSE,Montipora aequituberculata
2025-08-09,Maeq,H07_TPC,H07,RUN5,19.99695246,11,2,26,GrossPhoto,1.088152944764636,H07_TPC RUN5 GrossPhoto,H07_TPC RUN5 26 GrossPhoto,FALSE,FALSE,FALSE,FALSE,Montipora aequituberculata
2025-08-10,Maeq,H08_TPC,H08,RUN6,15.57211329,2,2,26,Respiration,0.3010855408119654,H08_TPC RUN6 Respiration,H08_TPC RUN6 26 Respiration,FALSE,FALSE,FALSE,FALSE,Montipora aequituberculata
2025-08-10,Maeq,H08_TPC,H08,RUN6,15.57211329,2,2,26,NetPhoto,0.46062986769766434,H08_TPC RUN6 NetPhoto,H08_TPC RUN6 26 NetPhoto,FALSE,FALSE,FALSE,FALSE,Montipora aequituberculata
2025-08-10,Maeq,H08_TPC,H08,RUN6,15.57211329,2,2,26,GrossPhoto,0.7617154085096298,H08_TPC RUN6 GrossPhoto,H08_TPC RUN6 26 GrossPhoto,FALSE,FALSE,FALSE,FALSE,Montipora aequituberculata
2025-08-10,Fcom,C08_TPC,C08,RUN6,8.907737636,4,2,26,Respiration,0.3164777173662842,C08_TPC RUN6 Respiration,C08_TPC RUN6 26 Respiration,FALSE,FALSE,FALSE,FALSE,Favites complanata
2025-08-10,Fcom,C08_TPC,C08,RUN6,8.907737636,4,2,26,NetPhoto,0.6406224067991997,C08_TPC RUN6 NetPhoto,C08_TPC RUN6 26 NetPhoto,FALSE,FALSE,FALSE,FALSE,Favites complanata
2025-08-10,Fcom,C08_TPC,C08,RUN6,8.907737636,4,2,26,GrossPhoto,0.957100124165484,C08_TPC RUN6 GrossPhoto,C08_TPC RUN6 26 GrossPhoto,FALSE,FALSE,FALSE,FALSE,Favites complanata
2025-08-10,Peyd,E08_TPC,E08,RUN6,30.03020351,5,2,26,Respiration,0.4704705011860223,E08_TPC RUN6 Respiration,E08_TPC RUN6 26 Respiration,FALSE,FALSE,FALSE,FALSE,Pocillopora eydouxi
2025-08-10,Peyd,E08_TPC,E08,RUN6,30.03020351,5,2,26,NetPhoto,0.950004118076104,E08_TPC RUN6 NetPhoto,E08_TPC RUN6 26 NetPhoto,FALSE,FALSE,FALSE,FALSE,Pocillopora eydouxi
2025-08-10,Peyd,E08_TPC,E08,RUN6,30.03020351,5,2,26,GrossPhoto,1.4204746192621265,E08_TPC RUN6 GrossPhoto,E08_TPC RUN6 26 GrossPhoto,FALSE,FALSE,FALSE,FALSE,Pocillopora eydouxi
2025-08-10,Prus,D04_TPC,D04,RUN6,15.43174348,6,2,26,Respiration,0.505522882089698,D04_TPC RUN6 Respiration,D04_TPC RUN6 26 Respiration,FALSE,FALSE,FALSE,FALSE,Porites rus
2025-08-10,Prus,D04_TPC,D04,RUN6,15.43174348,6,2,26,NetPhoto,1.458852801757362,D04_TPC RUN6 NetPhoto,D04_TPC RUN6 26 NetPhoto,FALSE,FALSE,FALSE,FALSE,Porites rus
2025-08-10,Prus,D04_TPC,D04,RUN6,15.43174348,6,2,26,GrossPhoto,1.96437568384706,D04_TPC RUN6 GrossPhoto,D04_TPC RUN6 26 GrossPhoto,FALSE,FALSE,FALSE,FALSE,Porites rus
2025-08-10,Ahya,J08_TPC,J08,RUN6,15.59444485,7,2,26,Respiration,0.2664128414964435,J08_TPC RUN6 Respiration,J08_TPC RUN6 26 Respiration,FALSE,FALSE,FALSE,FALSE,Acropora hyacinthus
2025-08-10,Ahya,J08_TPC,J08,RUN6,15.59444485,7,2,26,NetPhoto,0.6693382272451772,J08_TPC RUN6 NetPhoto,J08_TPC RUN6 26 NetPhoto,FALSE,FALSE,FALSE,FALSE,Acropora hyacinthus
2025-08-10,Ahya,J08_TPC,J08,RUN6,15.59444485,7,2,26,GrossPhoto,0.9357510687416208,J08_TPC RUN6 GrossPhoto,J08_TPC RUN6 26 GrossPhoto,FALSE,FALSE,FALSE,FALSE,Acropora hyacinthus
2025-08-10,Tfro,I08_TPC,I08,RUN6,7.194587934,10,2,26,Respiration,0.565528340410501,I08_TPC RUN6 Respiration,I08_TPC RUN6 26 Respiration,FALSE,FALSE,FALSE,FALSE,Turbinaria frondens
2025-08-10,Tfro,I08_TPC,I08,RUN6,7.194587934,10,2,26,NetPhoto,1.3196997957118608,I08_TPC RUN6 NetPhoto,I08_TPC RUN6 26 NetPhoto,FALSE,FALSE,FALSE,FALSE,Turbinaria frondens
2025-08-10,Tfro,I08_TPC,I08,RUN6,7.194587934,10,2,26,GrossPhoto,1.885228136122362,I08_TPC RUN6 GrossPhoto,I08_TPC RUN6 26 GrossPhoto,FALSE,FALSE,FALSE,FALSE,Turbinaria frondens
2025-08-10,Elam,G08_TPC,G08,RUN6,22.74054416,12,2,26,Respiration,0.4106516006323157,G08_TPC RUN6 Respiration,G08_TPC RUN6 26 Respiration,FALSE,FALSE,FALSE,FALSE,Echinopora lamellosa
2025-08-10,Elam,G08_TPC,G08,RUN6,22.74054416,12,2,26,NetPhoto,0.8362847906825848,G08_TPC RUN6 NetPhoto,G08_TPC RUN6 26 NetPhoto,FALSE,FALSE,FALSE,FALSE,Echinopora lamellosa
2025-08-10,Elam,G08_TPC,G08,RUN6,22.74054416,12,2,26,GrossPhoto,1.2469363913149003,G08_TPC RUN6 GrossPhoto,G08_TPC RUN6 26 GrossPhoto,FALSE,FALSE,FALSE,FALSE,Echinopora lamellosa
2025-08-01,Elam,G01_TPC,G01,RUN1,20.38296944,2,3,27,Respiration,0.4506435279388093,G01_TPC RUN1 Respiration,G01_TPC RUN1 27 Respiration,FALSE,FALSE,FALSE,FALSE,Echinopora lamellosa
2025-08-01,Elam,G01_TPC,G01,RUN1,20.38296944,2,3,27,NetPhoto,1.012635798129594,G01_TPC RUN1 NetPhoto,G01_TPC RUN1 27 NetPhoto,FALSE,FALSE,FALSE,FALSE,Echinopora lamellosa
2025-08-01,Elam,G01_TPC,G01,RUN1,20.38296944,2,3,27,GrossPhoto,1.4632793260684034,G01_TPC RUN1 GrossPhoto,G01_TPC RUN1 27 GrossPhoto,FALSE,FALSE,FALSE,FALSE,Echinopora lamellosa
2025-08-01,Fcom,C01_TPC,C01,RUN1,23.69761104,3,3,27,Respiration,0.40870878739885314,C01_TPC RUN1 Respiration,C01_TPC RUN1 27 Respiration,FALSE,FALSE,FALSE,FALSE,Favites complanata
2025-08-01,Fcom,C01_TPC,C01,RUN1,23.69761104,3,3,27,NetPhoto,0.796802164446516,C01_TPC RUN1 NetPhoto,C01_TPC RUN1 27 NetPhoto,FALSE,FALSE,FALSE,FALSE,Favites complanata
2025-08-01,Fcom,C01_TPC,C01,RUN1,23.69761104,3,3,27,GrossPhoto,1.205510951845369,C01_TPC RUN1 GrossPhoto,C01_TPC RUN1 27 GrossPhoto,FALSE,FALSE,FALSE,FALSE,Favites complanata
2025-08-01,Peyd,E01_TPC,E01,RUN1,33.93822657,5,3,27,Respiration,0.46615689966643287,E01_TPC RUN1 Respiration,E01_TPC RUN1 27 Respiration,FALSE,FALSE,FALSE,FALSE,Pocillopora eydouxi
2025-08-01,Peyd,E01_TPC,E01,RUN1,33.93822657,5,3,27,NetPhoto,0.7030586422021625,E01_TPC RUN1 NetPhoto,E01_TPC RUN1 27 NetPhoto,FALSE,FALSE,FALSE,FALSE,Pocillopora eydouxi
2025-08-01,Peyd,E01_TPC,E01,RUN1,33.93822657,5,3,27,GrossPhoto,1.1692155418685954,E01_TPC RUN1 GrossPhoto,E01_TPC RUN1 27 GrossPhoto,FALSE,FALSE,FALSE,FALSE,Pocillopora eydouxi
2025-08-01,Ahya,J01_TPC,J01,RUN1,16.22929921,7,3,27,Respiration,0.38256199508615074,J01_TPC RUN1 Respiration,J01_TPC RUN1 27 Respiration,FALSE,FALSE,FALSE,FALSE,Acropora hyacinthus
2025-08-01,Ahya,J01_TPC,J01,RUN1,16.22929921,7,3,27,NetPhoto,0.7436011383298466,J01_TPC RUN1 NetPhoto,J01_TPC RUN1 27 NetPhoto,FALSE,FALSE,FALSE,FALSE,Acropora hyacinthus
2025-08-01,Ahya,J01_TPC,J01,RUN1,16.22929921,7,3,27,GrossPhoto,1.1261631334159974,J01_TPC RUN1 GrossPhoto,J01_TPC RUN1 27 GrossPhoto,FALSE,FALSE,FALSE,FALSE,Acropora hyacinthus
2025-08-01,Tfro,I01_TPC,I01,RUN1,26.20193602,8,3,27,Respiration,0.49205058281650366,I01_TPC RUN1 Respiration,I01_TPC RUN1 27 Respiration,FALSE,FALSE,FALSE,FALSE,Turbinaria frondens
2025-08-01,Tfro,I01_TPC,I01,RUN1,26.20193602,8,3,27,NetPhoto,0.5310704252439572,I01_TPC RUN1 NetPhoto,I01_TPC RUN1 27 NetPhoto,FALSE,FALSE,FALSE,FALSE,Turbinaria frondens
2025-08-01,Tfro,I01_TPC,I01,RUN1,26.20193602,8,3,27,GrossPhoto,1.023121008060461,I01_TPC RUN1 GrossPhoto,I01_TPC RUN1 27 GrossPhoto,FALSE,FALSE,FALSE,FALSE,Turbinaria frondens
2025-08-01,Maeq,H01_TPC,H01,RUN1,32.84078989,11,3,27,Respiration,0.5164882724024149,H01_TPC RUN1 Respiration,H01_TPC RUN1 27 Respiration,FALSE,FALSE,FALSE,FALSE,Montipora aequituberculata
2025-08-01,Maeq,H01_TPC,H01,RUN1,32.84078989,11,3,27,NetPhoto,0.4248899105886059,H01_TPC RUN1 NetPhoto,H01_TPC RUN1 27 NetPhoto,FALSE,FALSE,FALSE,FALSE,Montipora aequituberculata
2025-08-01,Maeq,H01_TPC,H01,RUN1,32.84078989,11,3,27,GrossPhoto,0.9413781829910208,H01_TPC RUN1 GrossPhoto,H01_TPC RUN1 27 GrossPhoto,FALSE,FALSE,FALSE,FALSE,Montipora aequituberculata
2025-08-01,Prus,D01_TPC,D01,RUN1,28.54674986,12,3,27,Respiration,0.4501909154631607,D01_TPC RUN1 Respiration,D01_TPC RUN1 27 Respiration,FALSE,FALSE,FALSE,FALSE,Porites rus
2025-08-01,Prus,D01_TPC,D01,RUN1,28.54674986,12,3,27,NetPhoto,0.8693738271332596,D01_TPC RUN1 NetPhoto,D01_TPC RUN1 27 NetPhoto,FALSE,FALSE,FALSE,FALSE,Porites rus
2025-08-01,Prus,D01_TPC,D01,RUN1,28.54674986,12,3,27,GrossPhoto,1.3195647425964203,D01_TPC RUN1 GrossPhoto,D01_TPC RUN1 27 GrossPhoto,FALSE,FALSE,FALSE,FALSE,Porites rus
2025-08-02,Elam,G02_TPC,G02,RUN2,16.88329491,1,3,27,Respiration,0.46514220150539826,G02_TPC RUN2 Respiration,G02_TPC RUN2 27 Respiration,FALSE,FALSE,FALSE,FALSE,Echinopora lamellosa
2025-08-02,Elam,G02_TPC,G02,RUN2,16.88329491,1,3,27,NetPhoto,1.1643362524535237,G02_TPC RUN2 NetPhoto,G02_TPC RUN2 27 NetPhoto,FALSE,FALSE,FALSE,FALSE,Echinopora lamellosa
2025-08-02,Elam,G02_TPC,G02,RUN2,16.88329491,1,3,27,GrossPhoto,1.6294784539589218,G02_TPC RUN2 GrossPhoto,G02_TPC RUN2 27 GrossPhoto,FALSE,FALSE,FALSE,FALSE,Echinopora lamellosa
2025-08-02,Peyd,E02_TPC,E02,RUN2,34.41995023,2,3,27,Respiration,0.439051684804527,E02_TPC RUN2 Respiration,E02_TPC RUN2 27 Respiration,FALSE,FALSE,FALSE,FALSE,Pocillopora eydouxi
2025-08-02,Peyd,E02_TPC,E02,RUN2,34.41995023,2,3,27,NetPhoto,0.7261254237122526,E02_TPC RUN2 NetPhoto,E02_TPC RUN2 27 NetPhoto,FALSE,FALSE,FALSE,FALSE,Pocillopora eydouxi
2025-08-02,Peyd,E02_TPC,E02,RUN2,34.41995023,2,3,27,GrossPhoto,1.1651771085167797,E02_TPC RUN2 GrossPhoto,E02_TPC RUN2 27 GrossPhoto,FALSE,FALSE,FALSE,FALSE,Pocillopora eydouxi
2025-08-02,Prus,D02_TPC,D02,RUN2,18.28699298,4,3,27,Respiration,0.6060060498503248,D02_TPC RUN2 Respiration,D02_TPC RUN2 27 Respiration,FALSE,FALSE,FALSE,FALSE,Porites rus
2025-08-02,Prus,D02_TPC,D02,RUN2,18.28699298,4,3,27,NetPhoto,0.9031381534523578,D02_TPC RUN2 NetPhoto,D02_TPC RUN2 27 NetPhoto,FALSE,FALSE,FALSE,FALSE,Porites rus
2025-08-02,Prus,D02_TPC,D02,RUN2,18.28699298,4,3,27,GrossPhoto,1.5091442033026827,D02_TPC RUN2 GrossPhoto,D02_TPC RUN2 27 GrossPhoto,FALSE,FALSE,FALSE,FALSE,Porites rus
2025-08-02,Tfro,I02_TPC,I02,RUN2,24.37074807,6,3,27,Respiration,0.5174510466947667,I02_TPC RUN2 Respiration,I02_TPC RUN2 27 Respiration,FALSE,FALSE,FALSE,FALSE,Turbinaria frondens
2025-08-02,Tfro,I02_TPC,I02,RUN2,24.37074807,6,3,27,NetPhoto,0.5638991729099162,I02_TPC RUN2 NetPhoto,I02_TPC RUN2 27 NetPhoto,FALSE,FALSE,FALSE,FALSE,Turbinaria frondens
2025-08-02,Tfro,I02_TPC,I02,RUN2,24.37074807,6,3,27,GrossPhoto,1.081350219604683,I02_TPC RUN2 GrossPhoto,I02_TPC RUN2 27 GrossPhoto,FALSE,FALSE,FALSE,FALSE,Turbinaria frondens
2025-08-02,Fcom,C02_TPC,C02,RUN2,24.72805304,8,3,27,Respiration,0.609257362491746,C02_TPC RUN2 Respiration,C02_TPC RUN2 27 Respiration,FALSE,FALSE,FALSE,FALSE,Favites complanata
2025-08-02,Fcom,C02_TPC,C02,RUN2,24.72805304,8,3,27,NetPhoto,0.9964371765455924,C02_TPC RUN2 NetPhoto,C02_TPC RUN2 27 NetPhoto,FALSE,FALSE,FALSE,FALSE,Favites complanata
2025-08-02,Fcom,C02_TPC,C02,RUN2,24.72805304,8,3,27,GrossPhoto,1.6056945390373385,C02_TPC RUN2 GrossPhoto,C02_TPC RUN2 27 GrossPhoto,FALSE,FALSE,FALSE,FALSE,Favites complanata
2025-08-02,Ahya,J02_TPC,J02,RUN2,20.79769841,9,3,27,Respiration,0.38268854246840384,J02_TPC RUN2 Respiration,J02_TPC RUN2 27 Respiration,FALSE,FALSE,FALSE,FALSE,Acropora hyacinthus
2025-08-02,Ahya,J02_TPC,J02,RUN2,20.79769841,9,3,27,NetPhoto,0.7939787971334805,J02_TPC RUN2 NetPhoto,J02_TPC RUN2 27 NetPhoto,FALSE,FALSE,FALSE,FALSE,Acropora hyacinthus
2025-08-02,Ahya,J02_TPC,J02,RUN2,20.79769841,9,3,27,GrossPhoto,1.1766673396018843,J02_TPC RUN2 GrossPhoto,J02_TPC RUN2 27 GrossPhoto,FALSE,FALSE,FALSE,FALSE,Acropora hyacinthus
2025-08-02,Maeq,H02_TPC,H02,RUN2,37.79520607,12,3,27,Respiration,0.22470888986469767,H02_TPC RUN2 Respiration,H02_TPC RUN2 27 Respiration,FALSE,FALSE,FALSE,FALSE,Montipora aequituberculata
2025-08-02,Maeq,H02_TPC,H02,RUN2,37.79520607,12,3,27,NetPhoto,0.5046128180750611,H02_TPC RUN2 NetPhoto,H02_TPC RUN2 27 NetPhoto,FALSE,FALSE,FALSE,FALSE,Montipora aequituberculata
2025-08-02,Maeq,H02_TPC,H02,RUN2,37.79520607,12,3,27,GrossPhoto,0.7293217079397587,H02_TPC RUN2 GrossPhoto,H02_TPC RUN2 27 GrossPhoto,FALSE,FALSE,FALSE,FALSE,Montipora aequituberculata
2025-08-03,Peyd,E03_TPC,E03,RUN3,37.62293403,1,3,27,Respiration,0.45010109065795106,E03_TPC RUN3 Respiration,E03_TPC RUN3 27 Respiration,FALSE,FALSE,FALSE,FALSE,Pocillopora eydouxi
2025-08-03,Peyd,E03_TPC,E03,RUN3,37.62293403,1,3,27,NetPhoto,0.6598771747681046,E03_TPC RUN3 NetPhoto,E03_TPC RUN3 27 NetPhoto,FALSE,FALSE,FALSE,FALSE,Pocillopora eydouxi
2025-08-03,Peyd,E03_TPC,E03,RUN3,37.62293403,1,3,27,GrossPhoto,1.1099782654260557,E03_TPC RUN3 GrossPhoto,E03_TPC RUN3 27 GrossPhoto,FALSE,FALSE,FALSE,FALSE,Pocillopora eydouxi
2025-08-03,Tfro,I03_TPC,I03,RUN3,30.56935118,2,3,27,Respiration,0.45434445408073054,I03_TPC RUN3 Respiration,I03_TPC RUN3 27 Respiration,FALSE,FALSE,FALSE,FALSE,Turbinaria frondens
2025-08-03,Tfro,I03_TPC,I03,RUN3,30.56935118,2,3,27,NetPhoto,0.42782853242581814,I03_TPC RUN3 NetPhoto,I03_TPC RUN3 27 NetPhoto,FALSE,FALSE,FALSE,FALSE,Turbinaria frondens
2025-08-03,Tfro,I03_TPC,I03,RUN3,30.56935118,2,3,27,GrossPhoto,0.8821729865065486,I03_TPC RUN3 GrossPhoto,I03_TPC RUN3 27 GrossPhoto,FALSE,FALSE,FALSE,FALSE,Turbinaria frondens
2025-08-03,Maeq,H04_TPC,H04,RUN3,41.64580512,4,3,27,Respiration,0.36017766809403384,H04_TPC RUN3 Respiration,H04_TPC RUN3 27 Respiration,FALSE,FALSE,FALSE,FALSE,Montipora aequituberculata
2025-08-03,Maeq,H04_TPC,H04,RUN3,41.64580512,4,3,27,NetPhoto,0.6459027230773906,H04_TPC RUN3 NetPhoto,H04_TPC RUN3 27 NetPhoto,FALSE,FALSE,FALSE,FALSE,Montipora aequituberculata
2025-08-03,Maeq,H04_TPC,H04,RUN3,41.64580512,4,3,27,GrossPhoto,1.0060803911714244,H04_TPC RUN3 GrossPhoto,H04_TPC RUN3 27 GrossPhoto,FALSE,FALSE,FALSE,FALSE,Montipora aequituberculata
2025-08-03,Ahya,J03_TPC,J03,RUN3,29.80688791,7,3,27,Respiration,0.5461347596843218,J03_TPC RUN3 Respiration,J03_TPC RUN3 27 Respiration,FALSE,FALSE,FALSE,FALSE,Acropora hyacinthus
2025-08-03,Ahya,J03_TPC,J03,RUN3,29.80688791,7,3,27,NetPhoto,0.9051338642271132,J03_TPC RUN3 NetPhoto,J03_TPC RUN3 27 NetPhoto,FALSE,FALSE,FALSE,FALSE,Acropora hyacinthus
2025-08-03,Ahya,J03_TPC,J03,RUN3,29.80688791,7,3,27,GrossPhoto,1.451268623911435,J03_TPC RUN3 GrossPhoto,J03_TPC RUN3 27 GrossPhoto,FALSE,FALSE,FALSE,FALSE,Acropora hyacinthus
2025-08-03,Fcom,C03_TPC,C03,RUN3,26.45396363,9,3,27,Respiration,0.6469334582611387,C03_TPC RUN3 Respiration,C03_TPC RUN3 27 Respiration,FALSE,FALSE,FALSE,FALSE,Favites complanata
2025-08-03,Fcom,C03_TPC,C03,RUN3,26.45396363,9,3,27,NetPhoto,1.382765545109557,C03_TPC RUN3 NetPhoto,C03_TPC RUN3 27 NetPhoto,FALSE,FALSE,FALSE,FALSE,Favites complanata
2025-08-03,Fcom,C03_TPC,C03,RUN3,26.45396363,9,3,27,GrossPhoto,2.0296990033706956,C03_TPC RUN3 GrossPhoto,C03_TPC RUN3 27 GrossPhoto,FALSE,FALSE,FALSE,FALSE,Favites complanata
2025-08-03,Elam,G05_TPC,G05,RUN3,17.26931188,11,3,27,Respiration,0.5403790425844,G05_TPC RUN3 Respiration,G05_TPC RUN3 27 Respiration,FALSE,FALSE,FALSE,FALSE,Echinopora lamellosa
2025-08-03,Elam,G05_TPC,G05,RUN3,17.26931188,11,3,27,NetPhoto,1.2866182325053517,G05_TPC RUN3 NetPhoto,G05_TPC RUN3 27 NetPhoto,FALSE,FALSE,FALSE,FALSE,Echinopora lamellosa
2025-08-03,Elam,G05_TPC,G05,RUN3,17.26931188,11,3,27,GrossPhoto,1.8269972750897516,G05_TPC RUN3 GrossPhoto,G05_TPC RUN3 27 GrossPhoto,FALSE,FALSE,FALSE,FALSE,Echinopora lamellosa
2025-08-03,Prus,D03_TPC,D03,RUN3,17.32354567,12,3,27,Respiration,0.5770806392102705,D03_TPC RUN3 Respiration,D03_TPC RUN3 27 Respiration,FALSE,FALSE,FALSE,FALSE,Porites rus
2025-08-03,Prus,D03_TPC,D03,RUN3,17.32354567,12,3,27,NetPhoto,0.7675743316156659,D03_TPC RUN3 NetPhoto,D03_TPC RUN3 27 NetPhoto,FALSE,FALSE,FALSE,FALSE,Porites rus
2025-08-03,Prus,D03_TPC,D03,RUN3,17.32354567,12,3,27,GrossPhoto,1.3446549708259363,D03_TPC RUN3 GrossPhoto,D03_TPC RUN3 27 GrossPhoto,FALSE,FALSE,FALSE,FALSE,Porites rus
2025-08-09,Peyd,E07_TPC,E07,RUN5,18.03177515,3,3,27,Respiration,0.5731105416276836,E07_TPC RUN5 Respiration,E07_TPC RUN5 27 Respiration,FALSE,FALSE,FALSE,FALSE,Pocillopora eydouxi
2025-08-09,Peyd,E07_TPC,E07,RUN5,18.03177515,3,3,27,NetPhoto,1.0329601406608953,E07_TPC RUN5 NetPhoto,E07_TPC RUN5 27 NetPhoto,FALSE,FALSE,FALSE,FALSE,Pocillopora eydouxi
2025-08-09,Peyd,E07_TPC,E07,RUN5,18.03177515,3,3,27,GrossPhoto,1.6060706822885789,E07_TPC RUN5 GrossPhoto,E07_TPC RUN5 27 GrossPhoto,FALSE,FALSE,FALSE,FALSE,Pocillopora eydouxi
2025-08-09,Ahya,J07_TPC,J07,RUN5,16.49727793,4,3,27,Respiration,0.5098805229181416,J07_TPC RUN5 Respiration,J07_TPC RUN5 27 Respiration,FALSE,FALSE,FALSE,FALSE,Acropora hyacinthus
2025-08-09,Ahya,J07_TPC,J07,RUN5,16.49727793,4,3,27,NetPhoto,0.8390675373416941,J07_TPC RUN5 NetPhoto,J07_TPC RUN5 27 NetPhoto,FALSE,FALSE,FALSE,FALSE,Acropora hyacinthus
2025-08-09,Ahya,J07_TPC,J07,RUN5,16.49727793,4,3,27,GrossPhoto,1.3489480602598358,J07_TPC RUN5 GrossPhoto,J07_TPC RUN5 27 GrossPhoto,FALSE,FALSE,FALSE,FALSE,Acropora hyacinthus
2025-08-09,Fcom,C07_TPC,C07,RUN5,12.85404337,5,3,27,Respiration,0.6318338603013438,C07_TPC RUN5 Respiration,C07_TPC RUN5 27 Respiration,FALSE,FALSE,FALSE,FALSE,Favites complanata
2025-08-09,Fcom,C07_TPC,C07,RUN5,12.85404337,5,3,27,NetPhoto,1.2662063065098887,C07_TPC RUN5 NetPhoto,C07_TPC RUN5 27 NetPhoto,FALSE,FALSE,FALSE,FALSE,Favites complanata
2025-08-09,Fcom,C07_TPC,C07,RUN5,12.85404337,5,3,27,GrossPhoto,1.8980401668112328,C07_TPC RUN5 GrossPhoto,C07_TPC RUN5 27 GrossPhoto,FALSE,FALSE,FALSE,FALSE,Favites complanata
2025-08-09,Prus,D07_TPC,D07,RUN5,13.26877235,8,3,27,Respiration,0.6821760646068215,D07_TPC RUN5 Respiration,D07_TPC RUN5 27 Respiration,FALSE,FALSE,FALSE,FALSE,Porites rus
2025-08-09,Prus,D07_TPC,D07,RUN5,13.26877235,8,3,27,NetPhoto,1.0126629027480654,D07_TPC RUN5 NetPhoto,D07_TPC RUN5 27 NetPhoto,FALSE,FALSE,FALSE,FALSE,Porites rus
2025-08-09,Prus,D07_TPC,D07,RUN5,13.26877235,8,3,27,GrossPhoto,1.6948389673548867,D07_TPC RUN5 GrossPhoto,D07_TPC RUN5 27 GrossPhoto,FALSE,FALSE,FALSE,FALSE,Porites rus
2025-08-09,Tfro,I07_TPC,I07,RUN5,10.84739316,9,3,27,Respiration,0.6956568995137014,I07_TPC RUN5 Respiration,I07_TPC RUN5 27 Respiration,FALSE,FALSE,FALSE,FALSE,Turbinaria frondens
2025-08-09,Tfro,I07_TPC,I07,RUN5,10.84739316,9,3,27,NetPhoto,0.7377536718734203,I07_TPC RUN5 NetPhoto,I07_TPC RUN5 27 NetPhoto,FALSE,FALSE,FALSE,FALSE,Turbinaria frondens
2025-08-09,Tfro,I07_TPC,I07,RUN5,10.84739316,9,3,27,GrossPhoto,1.4334105713871217,I07_TPC RUN5 GrossPhoto,I07_TPC RUN5 27 GrossPhoto,FALSE,FALSE,FALSE,FALSE,Turbinaria frondens
2025-08-09,Elam,G07_TPC,G07,RUN5,20.22026807,10,3,27,Respiration,0.43244577892324304,G07_TPC RUN5 Respiration,G07_TPC RUN5 27 Respiration,FALSE,FALSE,FALSE,FALSE,Echinopora lamellosa
2025-08-09,Elam,G07_TPC,G07,RUN5,20.22026807,10,3,27,NetPhoto,0.7890362580058234,G07_TPC RUN5 NetPhoto,G07_TPC RUN5 27 NetPhoto,FALSE,FALSE,FALSE,FALSE,Echinopora lamellosa
2025-08-09,Elam,G07_TPC,G07,RUN5,20.22026807,10,3,27,GrossPhoto,1.2214820369290664,G07_TPC RUN5 GrossPhoto,G07_TPC RUN5 27 GrossPhoto,FALSE,FALSE,FALSE,FALSE,Echinopora lamellosa
2025-08-09,Maeq,H07_TPC,H07,RUN5,19.99695246,11,3,27,Respiration,0.36799930828647326,H07_TPC RUN5 Respiration,H07_TPC RUN5 27 Respiration,FALSE,FALSE,FALSE,FALSE,Montipora aequituberculata
2025-08-09,Maeq,H07_TPC,H07,RUN5,19.99695246,11,3,27,NetPhoto,0.6844383721686679,H07_TPC RUN5 NetPhoto,H07_TPC RUN5 27 NetPhoto,FALSE,FALSE,FALSE,FALSE,Montipora aequituberculata
2025-08-09,Maeq,H07_TPC,H07,RUN5,19.99695246,11,3,27,GrossPhoto,1.0524376804551412,H07_TPC RUN5 GrossPhoto,H07_TPC RUN5 27 GrossPhoto,FALSE,FALSE,FALSE,FALSE,Montipora aequituberculata
2025-08-10,Maeq,H08_TPC,H08,RUN6,15.57211329,2,3,27,Respiration,0.3498861648186518,H08_TPC RUN6 Respiration,H08_TPC RUN6 27 Respiration,FALSE,FALSE,FALSE,FALSE,Montipora aequituberculata
2025-08-10,Maeq,H08_TPC,H08,RUN6,15.57211329,2,3,27,NetPhoto,0.481985669286602,H08_TPC RUN6 NetPhoto,H08_TPC RUN6 27 NetPhoto,FALSE,FALSE,FALSE,FALSE,Montipora aequituberculata
2025-08-10,Maeq,H08_TPC,H08,RUN6,15.57211329,2,3,27,GrossPhoto,0.8318718341052538,H08_TPC RUN6 GrossPhoto,H08_TPC RUN6 27 GrossPhoto,FALSE,FALSE,FALSE,FALSE,Montipora aequituberculata
2025-08-10,Fcom,C08_TPC,C08,RUN6,8.907737636,4,3,27,Respiration,0.2569408096356468,C08_TPC RUN6 Respiration,C08_TPC RUN6 27 Respiration,FALSE,FALSE,FALSE,FALSE,Favites complanata
2025-08-10,Fcom,C08_TPC,C08,RUN6,8.907737636,4,3,27,NetPhoto,0.5997516344203372,C08_TPC RUN6 NetPhoto,C08_TPC RUN6 27 NetPhoto,FALSE,FALSE,FALSE,FALSE,Favites complanata
2025-08-10,Fcom,C08_TPC,C08,RUN6,8.907737636,4,3,27,GrossPhoto,0.856692444055984,C08_TPC RUN6 GrossPhoto,C08_TPC RUN6 27 GrossPhoto,FALSE,FALSE,FALSE,FALSE,Favites complanata
2025-08-10,Peyd,E08_TPC,E08,RUN6,30.03020351,5,3,27,Respiration,0.5021940316162544,E08_TPC RUN6 Respiration,E08_TPC RUN6 27 Respiration,FALSE,FALSE,FALSE,FALSE,Pocillopora eydouxi
2025-08-10,Peyd,E08_TPC,E08,RUN6,30.03020351,5,3,27,NetPhoto,0.9546031020839932,E08_TPC RUN6 NetPhoto,E08_TPC RUN6 27 NetPhoto,FALSE,FALSE,FALSE,FALSE,Pocillopora eydouxi
2025-08-10,Peyd,E08_TPC,E08,RUN6,30.03020351,5,3,27,GrossPhoto,1.4567971337002477,E08_TPC RUN6 GrossPhoto,E08_TPC RUN6 27 GrossPhoto,FALSE,FALSE,FALSE,FALSE,Pocillopora eydouxi
2025-08-10,Prus,D04_TPC,D04,RUN6,15.43174348,6,3,27,Respiration,0.525916529901919,D04_TPC RUN6 Respiration,D04_TPC RUN6 27 Respiration,FALSE,FALSE,FALSE,FALSE,Porites rus
2025-08-10,Prus,D04_TPC,D04,RUN6,15.43174348,6,3,27,NetPhoto,1.437537456363959,D04_TPC RUN6 NetPhoto,D04_TPC RUN6 27 NetPhoto,FALSE,FALSE,FALSE,FALSE,Porites rus
2025-08-10,Prus,D04_TPC,D04,RUN6,15.43174348,6,3,27,GrossPhoto,1.9634539862658775,D04_TPC RUN6 GrossPhoto,D04_TPC RUN6 27 GrossPhoto,FALSE,FALSE,FALSE,FALSE,Porites rus
2025-08-10,Ahya,J08_TPC,J08,RUN6,15.59444485,7,3,27,Respiration,0.2655442114259243,J08_TPC RUN6 Respiration,J08_TPC RUN6 27 Respiration,FALSE,FALSE,FALSE,FALSE,Acropora hyacinthus
2025-08-10,Ahya,J08_TPC,J08,RUN6,15.59444485,7,3,27,NetPhoto,0.7704084509806701,J08_TPC RUN6 NetPhoto,J08_TPC RUN6 27 NetPhoto,FALSE,FALSE,FALSE,FALSE,Acropora hyacinthus
2025-08-10,Ahya,J08_TPC,J08,RUN6,15.59444485,7,3,27,GrossPhoto,1.0359526624065944,J08_TPC RUN6 GrossPhoto,J08_TPC RUN6 27 GrossPhoto,FALSE,FALSE,FALSE,FALSE,Acropora hyacinthus
2025-08-10,Tfro,I08_TPC,I08,RUN6,7.194587934,10,3,27,Respiration,0.584618826637638,I08_TPC RUN6 Respiration,I08_TPC RUN6 27 Respiration,FALSE,FALSE,FALSE,FALSE,Turbinaria frondens
2025-08-10,Tfro,I08_TPC,I08,RUN6,7.194587934,10,3,27,NetPhoto,1.274810360772174,I08_TPC RUN6 NetPhoto,I08_TPC RUN6 27 NetPhoto,FALSE,FALSE,FALSE,FALSE,Turbinaria frondens
2025-08-10,Tfro,I08_TPC,I08,RUN6,7.194587934,10,3,27,GrossPhoto,1.859429187409812,I08_TPC RUN6 GrossPhoto,I08_TPC RUN6 27 GrossPhoto,FALSE,FALSE,FALSE,FALSE,Turbinaria frondens
2025-08-10,Elam,G08_TPC,G08,RUN6,22.74054416,12,3,27,Respiration,0.531839493281973,G08_TPC RUN6 Respiration,G08_TPC RUN6 27 Respiration,FALSE,FALSE,FALSE,FALSE,Echinopora lamellosa
2025-08-10,Elam,G08_TPC,G08,RUN6,22.74054416,12,3,27,NetPhoto,0.9714116065719955,G08_TPC RUN6 NetPhoto,G08_TPC RUN6 27 NetPhoto,FALSE,FALSE,FALSE,FALSE,Echinopora lamellosa
2025-08-10,Elam,G08_TPC,G08,RUN6,22.74054416,12,3,27,GrossPhoto,1.5032510998539683,G08_TPC RUN6 GrossPhoto,G08_TPC RUN6 27 GrossPhoto,FALSE,FALSE,FALSE,FALSE,Echinopora lamellosa
2025-08-01,Elam,G01_TPC,G01,RUN1,20.38296944,2,4,28,Respiration,0.34735812133725763,G01_TPC RUN1 Respiration,G01_TPC RUN1 28 Respiration,FALSE,FALSE,FALSE,FALSE,Echinopora lamellosa
2025-08-01,Elam,G01_TPC,G01,RUN1,20.38296944,2,4,28,NetPhoto,1.0829733116700426,G01_TPC RUN1 NetPhoto,G01_TPC RUN1 28 NetPhoto,FALSE,FALSE,FALSE,FALSE,Echinopora lamellosa
2025-08-01,Elam,G01_TPC,G01,RUN1,20.38296944,2,4,28,GrossPhoto,1.4303314330073005,G01_TPC RUN1 GrossPhoto,G01_TPC RUN1 28 GrossPhoto,FALSE,FALSE,FALSE,FALSE,Echinopora lamellosa
2025-08-01,Fcom,C01_TPC,C01,RUN1,23.69761104,3,4,28,Respiration,0.3893089256084687,C01_TPC RUN1 Respiration,C01_TPC RUN1 28 Respiration,FALSE,FALSE,FALSE,FALSE,Favites complanata
2025-08-01,Fcom,C01_TPC,C01,RUN1,23.69761104,3,4,28,NetPhoto,0.8461282993637551,C01_TPC RUN1 NetPhoto,C01_TPC RUN1 28 NetPhoto,FALSE,FALSE,FALSE,FALSE,Favites complanata
2025-08-01,Fcom,C01_TPC,C01,RUN1,23.69761104,3,4,28,GrossPhoto,1.235437224972224,C01_TPC RUN1 GrossPhoto,C01_TPC RUN1 28 GrossPhoto,FALSE,FALSE,FALSE,FALSE,Favites complanata
2025-08-01,Peyd,E01_TPC,E01,RUN1,33.93822657,5,4,28,Respiration,0.5041674454897839,E01_TPC RUN1 Respiration,E01_TPC RUN1 28 Respiration,FALSE,FALSE,FALSE,FALSE,Pocillopora eydouxi
2025-08-01,Peyd,E01_TPC,E01,RUN1,33.93822657,5,4,28,NetPhoto,0.7320308458073672,E01_TPC RUN1 NetPhoto,E01_TPC RUN1 28 NetPhoto,FALSE,FALSE,FALSE,FALSE,Pocillopora eydouxi
2025-08-01,Peyd,E01_TPC,E01,RUN1,33.93822657,5,4,28,GrossPhoto,1.2361982912971512,E01_TPC RUN1 GrossPhoto,E01_TPC RUN1 28 GrossPhoto,FALSE,FALSE,FALSE,FALSE,Pocillopora eydouxi
2025-08-01,Ahya,J01_TPC,J01,RUN1,16.22929921,7,4,28,Respiration,0.4347830339103565,J01_TPC RUN1 Respiration,J01_TPC RUN1 28 Respiration,FALSE,FALSE,FALSE,FALSE,Acropora hyacinthus
2025-08-01,Ahya,J01_TPC,J01,RUN1,16.22929921,7,4,28,NetPhoto,0.7442378312105783,J01_TPC RUN1 NetPhoto,J01_TPC RUN1 28 NetPhoto,FALSE,FALSE,FALSE,FALSE,Acropora hyacinthus
2025-08-01,Ahya,J01_TPC,J01,RUN1,16.22929921,7,4,28,GrossPhoto,1.1790208651209348,J01_TPC RUN1 GrossPhoto,J01_TPC RUN1 28 GrossPhoto,FALSE,FALSE,FALSE,FALSE,Acropora hyacinthus
2025-08-01,Tfro,I01_TPC,I01,RUN1,26.20193602,8,4,28,Respiration,0.5394423835211183,I01_TPC RUN1 Respiration,I01_TPC RUN1 28 Respiration,FALSE,FALSE,FALSE,FALSE,Turbinaria frondens
2025-08-01,Tfro,I01_TPC,I01,RUN1,26.20193602,8,4,28,NetPhoto,0.599397475790317,I01_TPC RUN1 NetPhoto,I01_TPC RUN1 28 NetPhoto,FALSE,FALSE,FALSE,FALSE,Turbinaria frondens
2025-08-01,Tfro,I01_TPC,I01,RUN1,26.20193602,8,4,28,GrossPhoto,1.1388398593114353,I01_TPC RUN1 GrossPhoto,I01_TPC RUN1 28 GrossPhoto,FALSE,FALSE,FALSE,FALSE,Turbinaria frondens
2025-08-01,Maeq,H01_TPC,H01,RUN1,32.84078989,11,4,28,Respiration,0.5496360786415893,H01_TPC RUN1 Respiration,H01_TPC RUN1 28 Respiration,FALSE,FALSE,FALSE,FALSE,Montipora aequituberculata
2025-08-01,Maeq,H01_TPC,H01,RUN1,32.84078989,11,4,28,NetPhoto,0.3980017891562273,H01_TPC RUN1 NetPhoto,H01_TPC RUN1 28 NetPhoto,FALSE,FALSE,FALSE,FALSE,Montipora aequituberculata
2025-08-01,Maeq,H01_TPC,H01,RUN1,32.84078989,11,4,28,GrossPhoto,0.9476378677978166,H01_TPC RUN1 GrossPhoto,H01_TPC RUN1 28 GrossPhoto,FALSE,FALSE,FALSE,FALSE,Montipora aequituberculata
2025-08-01,Prus,D01_TPC,D01,RUN1,28.54674986,12,4,28,Respiration,0.4724010981709572,D01_TPC RUN1 Respiration,D01_TPC RUN1 28 Respiration,FALSE,FALSE,FALSE,FALSE,Porites rus
2025-08-01,Prus,D01_TPC,D01,RUN1,28.54674986,12,4,28,NetPhoto,0.8658658816386314,D01_TPC RUN1 NetPhoto,D01_TPC RUN1 28 NetPhoto,FALSE,FALSE,FALSE,FALSE,Porites rus
2025-08-01,Prus,D01_TPC,D01,RUN1,28.54674986,12,4,28,GrossPhoto,1.3382669798095883,D01_TPC RUN1 GrossPhoto,D01_TPC RUN1 28 GrossPhoto,FALSE,FALSE,FALSE,FALSE,Porites rus
2025-08-02,Elam,G02_TPC,G02,RUN2,16.88329491,1,4,28,Respiration,0.5217726073303534,G02_TPC RUN2 Respiration,G02_TPC RUN2 28 Respiration,FALSE,FALSE,FALSE,FALSE,Echinopora lamellosa
2025-08-02,Elam,G02_TPC,G02,RUN2,16.88329491,1,4,28,NetPhoto,1.0554362977271632,G02_TPC RUN2 NetPhoto,G02_TPC RUN2 28 NetPhoto,FALSE,FALSE,FALSE,FALSE,Echinopora lamellosa
2025-08-02,Elam,G02_TPC,G02,RUN2,16.88329491,1,4,28,GrossPhoto,1.5772089050575169,G02_TPC RUN2 GrossPhoto,G02_TPC RUN2 28 GrossPhoto,FALSE,FALSE,FALSE,FALSE,Echinopora lamellosa
2025-08-02,Peyd,E02_TPC,E02,RUN2,34.41995023,2,4,28,Respiration,0.4796049394891764,E02_TPC RUN2 Respiration,E02_TPC RUN2 28 Respiration,FALSE,FALSE,FALSE,FALSE,Pocillopora eydouxi
2025-08-02,Peyd,E02_TPC,E02,RUN2,34.41995023,2,4,28,NetPhoto,0.7909540516163555,E02_TPC RUN2 NetPhoto,E02_TPC RUN2 28 NetPhoto,FALSE,FALSE,FALSE,FALSE,Pocillopora eydouxi
2025-08-02,Peyd,E02_TPC,E02,RUN2,34.41995023,2,4,28,GrossPhoto,1.2705589911055315,E02_TPC RUN2 GrossPhoto,E02_TPC RUN2 28 GrossPhoto,FALSE,FALSE,FALSE,FALSE,Pocillopora eydouxi
2025-08-02,Prus,D02_TPC,D02,RUN2,18.28699298,4,4,28,Respiration,0.642962729199329,D02_TPC RUN2 Respiration,D02_TPC RUN2 28 Respiration,FALSE,FALSE,FALSE,FALSE,Porites rus
2025-08-02,Prus,D02_TPC,D02,RUN2,18.28699298,4,4,28,NetPhoto,0.8574677702429931,D02_TPC RUN2 NetPhoto,D02_TPC RUN2 28 NetPhoto,FALSE,FALSE,FALSE,FALSE,Porites rus
2025-08-02,Prus,D02_TPC,D02,RUN2,18.28699298,4,4,28,GrossPhoto,1.500430499442322,D02_TPC RUN2 GrossPhoto,D02_TPC RUN2 28 GrossPhoto,FALSE,FALSE,FALSE,FALSE,Porites rus
2025-08-02,Tfro,I02_TPC,I02,RUN2,24.37074807,6,4,28,Respiration,0.5687726137258681,I02_TPC RUN2 Respiration,I02_TPC RUN2 28 Respiration,FALSE,FALSE,FALSE,FALSE,Turbinaria frondens
2025-08-02,Tfro,I02_TPC,I02,RUN2,24.37074807,6,4,28,NetPhoto,0.736988618655754,I02_TPC RUN2 NetPhoto,I02_TPC RUN2 28 NetPhoto,FALSE,FALSE,FALSE,FALSE,Turbinaria frondens
2025-08-02,Tfro,I02_TPC,I02,RUN2,24.37074807,6,4,28,GrossPhoto,1.305761232381622,I02_TPC RUN2 GrossPhoto,I02_TPC RUN2 28 GrossPhoto,FALSE,FALSE,FALSE,FALSE,Turbinaria frondens
2025-08-02,Fcom,C02_TPC,C02,RUN2,24.72805304,8,4,28,Respiration,0.6577512952677761,C02_TPC RUN2 Respiration,C02_TPC RUN2 28 Respiration,FALSE,FALSE,FALSE,FALSE,Favites complanata
2025-08-02,Fcom,C02_TPC,C02,RUN2,24.72805304,8,4,28,NetPhoto,1.0161146362591182,C02_TPC RUN2 NetPhoto,C02_TPC RUN2 28 NetPhoto,FALSE,FALSE,FALSE,FALSE,Favites complanata
2025-08-02,Fcom,C02_TPC,C02,RUN2,24.72805304,8,4,28,GrossPhoto,1.6738659315268944,C02_TPC RUN2 GrossPhoto,C02_TPC RUN2 28 GrossPhoto,FALSE,FALSE,FALSE,FALSE,Favites complanata
2025-08-02,Ahya,J02_TPC,J02,RUN2,20.79769841,9,4,28,Respiration,0.3973386517943951,J02_TPC RUN2 Respiration,J02_TPC RUN2 28 Respiration,FALSE,FALSE,FALSE,FALSE,Acropora hyacinthus
2025-08-02,Ahya,J02_TPC,J02,RUN2,20.79769841,9,4,28,NetPhoto,0.7254180371299107,J02_TPC RUN2 NetPhoto,J02_TPC RUN2 28 NetPhoto,FALSE,FALSE,FALSE,FALSE,Acropora hyacinthus
2025-08-02,Ahya,J02_TPC,J02,RUN2,20.79769841,9,4,28,GrossPhoto,1.122756688924306,J02_TPC RUN2 GrossPhoto,J02_TPC RUN2 28 GrossPhoto,FALSE,FALSE,FALSE,FALSE,Acropora hyacinthus
2025-08-02,Maeq,H02_TPC,H02,RUN2,37.79520607,12,4,28,Respiration,0.23995306113174877,H02_TPC RUN2 Respiration,H02_TPC RUN2 28 Respiration,FALSE,FALSE,FALSE,FALSE,Montipora aequituberculata
2025-08-02,Maeq,H02_TPC,H02,RUN2,37.79520607,12,4,28,NetPhoto,0.5647260030863965,H02_TPC RUN2 NetPhoto,H02_TPC RUN2 28 NetPhoto,FALSE,FALSE,FALSE,FALSE,Montipora aequituberculata
2025-08-02,Maeq,H02_TPC,H02,RUN2,37.79520607,12,4,28,GrossPhoto,0.8046790642181453,H02_TPC RUN2 GrossPhoto,H02_TPC RUN2 28 GrossPhoto,FALSE,FALSE,FALSE,FALSE,Montipora aequituberculata
2025-08-03,Peyd,E03_TPC,E03,RUN3,37.62293403,1,4,28,Respiration,0.45319134375783354,E03_TPC RUN3 Respiration,E03_TPC RUN3 28 Respiration,FALSE,FALSE,FALSE,FALSE,Pocillopora eydouxi
2025-08-03,Peyd,E03_TPC,E03,RUN3,37.62293403,1,4,28,NetPhoto,0.6765693244887427,E03_TPC RUN3 NetPhoto,E03_TPC RUN3 28 NetPhoto,FALSE,FALSE,FALSE,FALSE,Pocillopora eydouxi
2025-08-03,Peyd,E03_TPC,E03,RUN3,37.62293403,1,4,28,GrossPhoto,1.1297606682465764,E03_TPC RUN3 GrossPhoto,E03_TPC RUN3 28 GrossPhoto,FALSE,FALSE,FALSE,FALSE,Pocillopora eydouxi
2025-08-03,Tfro,I03_TPC,I03,RUN3,30.56935118,2,4,28,Respiration,0.4493934077343816,I03_TPC RUN3 Respiration,I03_TPC RUN3 28 Respiration,FALSE,FALSE,FALSE,FALSE,Turbinaria frondens
2025-08-03,Tfro,I03_TPC,I03,RUN3,30.56935118,2,4,28,NetPhoto,0.4970597930693409,I03_TPC RUN3 NetPhoto,I03_TPC RUN3 28 NetPhoto,FALSE,FALSE,FALSE,FALSE,Turbinaria frondens
2025-08-03,Tfro,I03_TPC,I03,RUN3,30.56935118,2,4,28,GrossPhoto,0.9464532008037224,I03_TPC RUN3 GrossPhoto,I03_TPC RUN3 28 GrossPhoto,FALSE,FALSE,FALSE,FALSE,Turbinaria frondens
2025-08-03,Maeq,H04_TPC,H04,RUN3,41.64580512,4,4,28,Respiration,0.367495897401393,H04_TPC RUN3 Respiration,H04_TPC RUN3 28 Respiration,FALSE,FALSE,FALSE,FALSE,Montipora aequituberculata
2025-08-03,Maeq,H04_TPC,H04,RUN3,41.64580512,4,4,28,NetPhoto,0.6860324374406435,H04_TPC RUN3 NetPhoto,H04_TPC RUN3 28 NetPhoto,FALSE,FALSE,FALSE,FALSE,Montipora aequituberculata
2025-08-03,Maeq,H04_TPC,H04,RUN3,41.64580512,4,4,28,GrossPhoto,1.0535283348420363,H04_TPC RUN3 GrossPhoto,H04_TPC RUN3 28 GrossPhoto,FALSE,FALSE,FALSE,FALSE,Montipora aequituberculata
2025-08-03,Ahya,J03_TPC,J03,RUN3,29.80688791,7,4,28,Respiration,0.5180182777287746,J03_TPC RUN3 Respiration,J03_TPC RUN3 28 Respiration,FALSE,FALSE,FALSE,FALSE,Acropora hyacinthus
2025-08-03,Ahya,J03_TPC,J03,RUN3,29.80688791,7,4,28,NetPhoto,0.8896470270311256,J03_TPC RUN3 NetPhoto,J03_TPC RUN3 28 NetPhoto,FALSE,FALSE,FALSE,FALSE,Acropora hyacinthus
2025-08-03,Ahya,J03_TPC,J03,RUN3,29.80688791,7,4,28,GrossPhoto,1.4076653047599,J03_TPC RUN3 GrossPhoto,J03_TPC RUN3 28 GrossPhoto,FALSE,FALSE,FALSE,FALSE,Acropora hyacinthus
2025-08-03,Fcom,C03_TPC,C03,RUN3,26.45396363,9,4,28,Respiration,0.7487687234501066,C03_TPC RUN3 Respiration,C03_TPC RUN3 28 Respiration,FALSE,FALSE,FALSE,FALSE,Favites complanata
2025-08-03,Fcom,C03_TPC,C03,RUN3,26.45396363,9,4,28,NetPhoto,1.3690912411788092,C03_TPC RUN3 NetPhoto,C03_TPC RUN3 28 NetPhoto,FALSE,FALSE,FALSE,FALSE,Favites complanata
2025-08-03,Fcom,C03_TPC,C03,RUN3,26.45396363,9,4,28,GrossPhoto,2.1178599646289156,C03_TPC RUN3 GrossPhoto,C03_TPC RUN3 28 GrossPhoto,FALSE,FALSE,FALSE,FALSE,Favites complanata
2025-08-03,Elam,G05_TPC,G05,RUN3,17.26931188,11,4,28,Respiration,0.5761080403074597,G05_TPC RUN3 Respiration,G05_TPC RUN3 28 Respiration,FALSE,FALSE,FALSE,FALSE,Echinopora lamellosa
2025-08-03,Elam,G05_TPC,G05,RUN3,17.26931188,11,4,28,NetPhoto,1.3364729371082718,G05_TPC RUN3 NetPhoto,G05_TPC RUN3 28 NetPhoto,FALSE,FALSE,FALSE,FALSE,Echinopora lamellosa
2025-08-03,Elam,G05_TPC,G05,RUN3,17.26931188,11,4,28,GrossPhoto,1.9125809774157312,G05_TPC RUN3 GrossPhoto,G05_TPC RUN3 28 GrossPhoto,FALSE,FALSE,FALSE,FALSE,Echinopora lamellosa
2025-08-03,Prus,D03_TPC,D03,RUN3,17.32354567,12,4,28,Respiration,0.5937861853308929,D03_TPC RUN3 Respiration,D03_TPC RUN3 28 Respiration,FALSE,FALSE,FALSE,FALSE,Porites rus
2025-08-03,Prus,D03_TPC,D03,RUN3,17.32354567,12,4,28,NetPhoto,0.7921677136128723,D03_TPC RUN3 NetPhoto,D03_TPC RUN3 28 NetPhoto,FALSE,FALSE,FALSE,FALSE,Porites rus
2025-08-03,Prus,D03_TPC,D03,RUN3,17.32354567,12,4,28,GrossPhoto,1.3859538989437652,D03_TPC RUN3 GrossPhoto,D03_TPC RUN3 28 GrossPhoto,FALSE,FALSE,FALSE,FALSE,Porites rus
2025-08-09,Peyd,E07_TPC,E07,RUN5,18.03177515,3,4,28,Respiration,0.5117596497857965,E07_TPC RUN5 Respiration,E07_TPC RUN5 28 Respiration,FALSE,FALSE,FALSE,FALSE,Pocillopora eydouxi
2025-08-09,Peyd,E07_TPC,E07,RUN5,18.03177515,3,4,28,NetPhoto,1.1083108240207256,E07_TPC RUN5 NetPhoto,E07_TPC RUN5 28 NetPhoto,FALSE,FALSE,FALSE,FALSE,Pocillopora eydouxi
2025-08-09,Peyd,E07_TPC,E07,RUN5,18.03177515,3,4,28,GrossPhoto,1.620070473806522,E07_TPC RUN5 GrossPhoto,E07_TPC RUN5 28 GrossPhoto,FALSE,FALSE,FALSE,FALSE,Pocillopora eydouxi
2025-08-09,Ahya,J07_TPC,J07,RUN5,16.49727793,4,4,28,Respiration,0.4554405243960052,J07_TPC RUN5 Respiration,J07_TPC RUN5 28 Respiration,FALSE,FALSE,FALSE,FALSE,Acropora hyacinthus
2025-08-09,Ahya,J07_TPC,J07,RUN5,16.49727793,4,4,28,NetPhoto,0.9404342190088316,J07_TPC RUN5 NetPhoto,J07_TPC RUN5 28 NetPhoto,FALSE,FALSE,FALSE,FALSE,Acropora hyacinthus
2025-08-09,Ahya,J07_TPC,J07,RUN5,16.49727793,4,4,28,GrossPhoto,1.3958747434048369,J07_TPC RUN5 GrossPhoto,J07_TPC RUN5 28 GrossPhoto,FALSE,FALSE,FALSE,FALSE,Acropora hyacinthus
2025-08-09,Fcom,C07_TPC,C07,RUN5,12.85404337,5,4,28,Respiration,0.5419121975011618,C07_TPC RUN5 Respiration,C07_TPC RUN5 28 Respiration,FALSE,FALSE,FALSE,FALSE,Favites complanata
2025-08-09,Fcom,C07_TPC,C07,RUN5,12.85404337,5,4,28,NetPhoto,1.4167032665322643,C07_TPC RUN5 NetPhoto,C07_TPC RUN5 28 NetPhoto,FALSE,FALSE,FALSE,FALSE,Favites complanata
2025-08-09,Fcom,C07_TPC,C07,RUN5,12.85404337,5,4,28,GrossPhoto,1.958615464033426,C07_TPC RUN5 GrossPhoto,C07_TPC RUN5 28 GrossPhoto,FALSE,FALSE,FALSE,FALSE,Favites complanata
2025-08-09,Prus,D07_TPC,D07,RUN5,13.26877235,8,4,28,Respiration,0.6442648046243822,D07_TPC RUN5 Respiration,D07_TPC RUN5 28 Respiration,FALSE,FALSE,FALSE,FALSE,Porites rus
2025-08-09,Prus,D07_TPC,D07,RUN5,13.26877235,8,4,28,NetPhoto,1.0260110057378866,D07_TPC RUN5 NetPhoto,D07_TPC RUN5 28 NetPhoto,FALSE,FALSE,FALSE,FALSE,Porites rus
2025-08-09,Prus,D07_TPC,D07,RUN5,13.26877235,8,4,28,GrossPhoto,1.6702758103622688,D07_TPC RUN5 GrossPhoto,D07_TPC RUN5 28 GrossPhoto,FALSE,FALSE,FALSE,FALSE,Porites rus
2025-08-09,Tfro,I07_TPC,I07,RUN5,10.84739316,9,4,28,Respiration,0.6166936442115386,I07_TPC RUN5 Respiration,I07_TPC RUN5 28 Respiration,FALSE,FALSE,FALSE,FALSE,Turbinaria frondens
2025-08-09,Tfro,I07_TPC,I07,RUN5,10.84739316,9,4,28,NetPhoto,0.7897137066605786,I07_TPC RUN5 NetPhoto,I07_TPC RUN5 28 NetPhoto,FALSE,FALSE,FALSE,FALSE,Turbinaria frondens
2025-08-09,Tfro,I07_TPC,I07,RUN5,10.84739316,9,4,28,GrossPhoto,1.406407350872117,I07_TPC RUN5 GrossPhoto,I07_TPC RUN5 28 GrossPhoto,FALSE,FALSE,FALSE,FALSE,Turbinaria frondens
2025-08-09,Elam,G07_TPC,G07,RUN5,20.22026807,10,4,28,Respiration,0.40639577416858114,G07_TPC RUN5 Respiration,G07_TPC RUN5 28 Respiration,FALSE,FALSE,FALSE,FALSE,Echinopora lamellosa
2025-08-09,Elam,G07_TPC,G07,RUN5,20.22026807,10,4,28,NetPhoto,0.8074120266381027,G07_TPC RUN5 NetPhoto,G07_TPC RUN5 28 NetPhoto,FALSE,FALSE,FALSE,FALSE,Echinopora lamellosa
2025-08-09,Elam,G07_TPC,G07,RUN5,20.22026807,10,4,28,GrossPhoto,1.213807800806684,G07_TPC RUN5 GrossPhoto,G07_TPC RUN5 28 GrossPhoto,FALSE,FALSE,FALSE,FALSE,Echinopora lamellosa
2025-08-09,Maeq,H07_TPC,H07,RUN5,19.99695246,11,4,28,Respiration,0.3071165538872259,H07_TPC RUN5 Respiration,H07_TPC RUN5 28 Respiration,FALSE,FALSE,FALSE,FALSE,Montipora aequituberculata
2025-08-09,Maeq,H07_TPC,H07,RUN5,19.99695246,11,4,28,NetPhoto,0.7042832444442158,H07_TPC RUN5 NetPhoto,H07_TPC RUN5 28 NetPhoto,FALSE,FALSE,FALSE,FALSE,Montipora aequituberculata
2025-08-09,Maeq,H07_TPC,H07,RUN5,19.99695246,11,4,28,GrossPhoto,1.0113997983314418,H07_TPC RUN5 GrossPhoto,H07_TPC RUN5 28 GrossPhoto,FALSE,FALSE,FALSE,FALSE,Montipora aequituberculata
2025-08-10,Maeq,H08_TPC,H08,RUN6,15.57211329,2,4,28,Respiration,0.359584678785993,H08_TPC RUN6 Respiration,H08_TPC RUN6 28 Respiration,FALSE,FALSE,FALSE,FALSE,Montipora aequituberculata
2025-08-10,Maeq,H08_TPC,H08,RUN6,15.57211329,2,4,28,NetPhoto,0.45530917080140626,H08_TPC RUN6 NetPhoto,H08_TPC RUN6 28 NetPhoto,FALSE,FALSE,FALSE,FALSE,Montipora aequituberculata
2025-08-10,Maeq,H08_TPC,H08,RUN6,15.57211329,2,4,28,GrossPhoto,0.8148938495873992,H08_TPC RUN6 GrossPhoto,H08_TPC RUN6 28 GrossPhoto,FALSE,FALSE,FALSE,FALSE,Montipora aequituberculata
2025-08-10,Fcom,C08_TPC,C08,RUN6,8.907737636,4,4,28,Respiration,0.23872078720396944,C08_TPC RUN6 Respiration,C08_TPC RUN6 28 Respiration,FALSE,FALSE,FALSE,FALSE,Favites complanata
2025-08-10,Fcom,C08_TPC,C08,RUN6,8.907737636,4,4,28,NetPhoto,0.6696983827540962,C08_TPC RUN6 NetPhoto,C08_TPC RUN6 28 NetPhoto,FALSE,FALSE,FALSE,FALSE,Favites complanata
2025-08-10,Fcom,C08_TPC,C08,RUN6,8.907737636,4,4,28,GrossPhoto,0.9084191699580656,C08_TPC RUN6 GrossPhoto,C08_TPC RUN6 28 GrossPhoto,FALSE,FALSE,FALSE,FALSE,Favites complanata
2025-08-10,Peyd,E08_TPC,E08,RUN6,30.03020351,5,4,28,Respiration,0.5399815314709053,E08_TPC RUN6 Respiration,E08_TPC RUN6 28 Respiration,FALSE,FALSE,FALSE,FALSE,Pocillopora eydouxi
2025-08-10,Peyd,E08_TPC,E08,RUN6,30.03020351,5,4,28,NetPhoto,0.9445051266489064,E08_TPC RUN6 NetPhoto,E08_TPC RUN6 28 NetPhoto,FALSE,FALSE,FALSE,FALSE,Pocillopora eydouxi
2025-08-10,Peyd,E08_TPC,E08,RUN6,30.03020351,5,4,28,GrossPhoto,1.484486658119812,E08_TPC RUN6 GrossPhoto,E08_TPC RUN6 28 GrossPhoto,FALSE,FALSE,FALSE,FALSE,Pocillopora eydouxi
2025-08-10,Prus,D04_TPC,D04,RUN6,15.43174348,6,4,28,Respiration,0.6203764432293746,D04_TPC RUN6 Respiration,D04_TPC RUN6 28 Respiration,FALSE,FALSE,FALSE,FALSE,Porites rus
2025-08-10,Prus,D04_TPC,D04,RUN6,15.43174348,6,4,28,NetPhoto,1.4753187447800062,D04_TPC RUN6 NetPhoto,D04_TPC RUN6 28 NetPhoto,FALSE,FALSE,FALSE,FALSE,Porites rus
2025-08-10,Prus,D04_TPC,D04,RUN6,15.43174348,6,4,28,GrossPhoto,2.0956951880093806,D04_TPC RUN6 GrossPhoto,D04_TPC RUN6 28 GrossPhoto,FALSE,FALSE,FALSE,FALSE,Porites rus
2025-08-10,Ahya,J08_TPC,J08,RUN6,15.59444485,7,4,28,Respiration,0.2806517089043982,J08_TPC RUN6 Respiration,J08_TPC RUN6 28 Respiration,FALSE,FALSE,FALSE,FALSE,Acropora hyacinthus
2025-08-10,Ahya,J08_TPC,J08,RUN6,15.59444485,7,4,28,NetPhoto,0.8078207681060326,J08_TPC RUN6 NetPhoto,J08_TPC RUN6 28 NetPhoto,FALSE,FALSE,FALSE,FALSE,Acropora hyacinthus
2025-08-10,Ahya,J08_TPC,J08,RUN6,15.59444485,7,4,28,GrossPhoto,1.0884724770104308,J08_TPC RUN6 GrossPhoto,J08_TPC RUN6 28 GrossPhoto,FALSE,FALSE,FALSE,FALSE,Acropora hyacinthus
2025-08-10,Tfro,I08_TPC,I08,RUN6,7.194587934,10,4,28,Respiration,0.5899614904793082,I08_TPC RUN6 Respiration,I08_TPC RUN6 28 Respiration,FALSE,FALSE,FALSE,FALSE,Turbinaria frondens
2025-08-10,Tfro,I08_TPC,I08,RUN6,7.194587934,10,4,28,NetPhoto,1.470936887798851,I08_TPC RUN6 NetPhoto,I08_TPC RUN6 28 NetPhoto,FALSE,FALSE,FALSE,FALSE,Turbinaria frondens
2025-08-10,Tfro,I08_TPC,I08,RUN6,7.194587934,10,4,28,GrossPhoto,2.060898378278159,I08_TPC RUN6 GrossPhoto,I08_TPC RUN6 28 GrossPhoto,FALSE,FALSE,FALSE,FALSE,Turbinaria frondens
2025-08-10,Elam,G08_TPC,G08,RUN6,22.74054416,12,4,28,Respiration,0.53698207078444,G08_TPC RUN6 Respiration,G08_TPC RUN6 28 Respiration,FALSE,FALSE,FALSE,FALSE,Echinopora lamellosa
2025-08-10,Elam,G08_TPC,G08,RUN6,22.74054416,12,4,28,NetPhoto,0.9909627222198524,G08_TPC RUN6 NetPhoto,G08_TPC RUN6 28 NetPhoto,FALSE,FALSE,FALSE,FALSE,Echinopora lamellosa
2025-08-10,Elam,G08_TPC,G08,RUN6,22.74054416,12,4,28,GrossPhoto,1.5279447930042924,G08_TPC RUN6 GrossPhoto,G08_TPC RUN6 28 GrossPhoto,FALSE,FALSE,FALSE,FALSE,Echinopora lamellosa
2025-08-01,Elam,G01_TPC,G01,RUN1,20.38296944,2,5,29,Respiration,0.5084700225114653,G01_TPC RUN1 Respiration,G01_TPC RUN1 29 Respiration,FALSE,FALSE,FALSE,FALSE,Echinopora lamellosa
2025-08-01,Elam,G01_TPC,G01,RUN1,20.38296944,2,5,29,NetPhoto,0.9780933969327652,G01_TPC RUN1 NetPhoto,G01_TPC RUN1 29 NetPhoto,FALSE,FALSE,FALSE,FALSE,Echinopora lamellosa
2025-08-01,Elam,G01_TPC,G01,RUN1,20.38296944,2,5,29,GrossPhoto,1.4865634194442308,G01_TPC RUN1 GrossPhoto,G01_TPC RUN1 29 GrossPhoto,FALSE,FALSE,FALSE,FALSE,Echinopora lamellosa
2025-08-01,Fcom,C01_TPC,C01,RUN1,23.69761104,3,5,29,Respiration,0.5001991052857744,C01_TPC RUN1 Respiration,C01_TPC RUN1 29 Respiration,FALSE,FALSE,FALSE,FALSE,Favites complanata
2025-08-01,Fcom,C01_TPC,C01,RUN1,23.69761104,3,5,29,NetPhoto,0.8946959982550973,C01_TPC RUN1 NetPhoto,C01_TPC RUN1 29 NetPhoto,FALSE,FALSE,FALSE,FALSE,Favites complanata
2025-08-01,Fcom,C01_TPC,C01,RUN1,23.69761104,3,5,29,GrossPhoto,1.3948951035408717,C01_TPC RUN1 GrossPhoto,C01_TPC RUN1 29 GrossPhoto,FALSE,FALSE,FALSE,FALSE,Favites complanata
2025-08-01,Peyd,E01_TPC,E01,RUN1,33.93822657,5,5,29,Respiration,0.5229133243999975,E01_TPC RUN1 Respiration,E01_TPC RUN1 29 Respiration,FALSE,FALSE,FALSE,FALSE,Pocillopora eydouxi
2025-08-01,Peyd,E01_TPC,E01,RUN1,33.93822657,5,5,29,NetPhoto,0.7436771422051729,E01_TPC RUN1 NetPhoto,E01_TPC RUN1 29 NetPhoto,FALSE,FALSE,FALSE,FALSE,Pocillopora eydouxi
2025-08-01,Peyd,E01_TPC,E01,RUN1,33.93822657,5,5,29,GrossPhoto,1.2665904666051704,E01_TPC RUN1 GrossPhoto,E01_TPC RUN1 29 GrossPhoto,FALSE,FALSE,FALSE,FALSE,Pocillopora eydouxi
2025-08-01,Ahya,J01_TPC,J01,RUN1,16.22929921,7,5,29,Respiration,0.4723570075796484,J01_TPC RUN1 Respiration,J01_TPC RUN1 29 Respiration,FALSE,FALSE,FALSE,FALSE,Acropora hyacinthus
2025-08-01,Ahya,J01_TPC,J01,RUN1,16.22929921,7,5,29,NetPhoto,0.7363309664174746,J01_TPC RUN1 NetPhoto,J01_TPC RUN1 29 NetPhoto,FALSE,FALSE,FALSE,FALSE,Acropora hyacinthus
2025-08-01,Ahya,J01_TPC,J01,RUN1,16.22929921,7,5,29,GrossPhoto,1.208687973997123,J01_TPC RUN1 GrossPhoto,J01_TPC RUN1 29 GrossPhoto,FALSE,FALSE,FALSE,FALSE,Acropora hyacinthus
2025-08-01,Tfro,I01_TPC,I01,RUN1,26.20193602,8,5,29,Respiration,0.5804864078847464,I01_TPC RUN1 Respiration,I01_TPC RUN1 29 Respiration,FALSE,FALSE,FALSE,FALSE,Turbinaria frondens
2025-08-01,Tfro,I01_TPC,I01,RUN1,26.20193602,8,5,29,NetPhoto,0.525178240279445,I01_TPC RUN1 NetPhoto,I01_TPC RUN1 29 NetPhoto,FALSE,FALSE,FALSE,FALSE,Turbinaria frondens
2025-08-01,Tfro,I01_TPC,I01,RUN1,26.20193602,8,5,29,GrossPhoto,1.1056646481641914,I01_TPC RUN1 GrossPhoto,I01_TPC RUN1 29 GrossPhoto,FALSE,FALSE,FALSE,FALSE,Turbinaria frondens
2025-08-01,Maeq,H01_TPC,H01,RUN1,32.84078989,11,5,29,Respiration,0.5910529147151707,H01_TPC RUN1 Respiration,H01_TPC RUN1 29 Respiration,FALSE,FALSE,FALSE,FALSE,Montipora aequituberculata
2025-08-01,Maeq,H01_TPC,H01,RUN1,32.84078989,11,5,29,NetPhoto,0.3851265483867898,H01_TPC RUN1 NetPhoto,H01_TPC RUN1 29 NetPhoto,FALSE,FALSE,FALSE,FALSE,Montipora aequituberculata
2025-08-01,Maeq,H01_TPC,H01,RUN1,32.84078989,11,5,29,GrossPhoto,0.9761794631019604,H01_TPC RUN1 GrossPhoto,H01_TPC RUN1 29 GrossPhoto,FALSE,FALSE,FALSE,FALSE,Montipora aequituberculata
2025-08-01,Prus,D01_TPC,D01,RUN1,28.54674986,12,5,29,Respiration,0.5229635525385153,D01_TPC RUN1 Respiration,D01_TPC RUN1 29 Respiration,FALSE,FALSE,FALSE,FALSE,Porites rus
2025-08-01,Prus,D01_TPC,D01,RUN1,28.54674986,12,5,29,NetPhoto,0.8421777267129851,D01_TPC RUN1 NetPhoto,D01_TPC RUN1 29 NetPhoto,FALSE,FALSE,FALSE,FALSE,Porites rus
2025-08-01,Prus,D01_TPC,D01,RUN1,28.54674986,12,5,29,GrossPhoto,1.3651412792515003,D01_TPC RUN1 GrossPhoto,D01_TPC RUN1 29 GrossPhoto,FALSE,FALSE,FALSE,FALSE,Porites rus
2025-08-02,Elam,G02_TPC,G02,RUN2,16.88329491,1,5,29,Respiration,0.5592256976821104,G02_TPC RUN2 Respiration,G02_TPC RUN2 29 Respiration,FALSE,FALSE,FALSE,FALSE,Echinopora lamellosa
2025-08-02,Elam,G02_TPC,G02,RUN2,16.88329491,1,5,29,NetPhoto,1.056995549672971,G02_TPC RUN2 NetPhoto,G02_TPC RUN2 29 NetPhoto,FALSE,FALSE,FALSE,FALSE,Echinopora lamellosa
2025-08-02,Elam,G02_TPC,G02,RUN2,16.88329491,1,5,29,GrossPhoto,1.6162212473550814,G02_TPC RUN2 GrossPhoto,G02_TPC RUN2 29 GrossPhoto,FALSE,FALSE,FALSE,FALSE,Echinopora lamellosa
2025-08-02,Peyd,E02_TPC,E02,RUN2,34.41995023,2,5,29,Respiration,0.4821459030331217,E02_TPC RUN2 Respiration,E02_TPC RUN2 29 Respiration,FALSE,FALSE,FALSE,FALSE,Pocillopora eydouxi
2025-08-02,Peyd,E02_TPC,E02,RUN2,34.41995023,2,5,29,NetPhoto,0.8563893262782878,E02_TPC RUN2 NetPhoto,E02_TPC RUN2 29 NetPhoto,FALSE,FALSE,FALSE,FALSE,Pocillopora eydouxi
2025-08-02,Peyd,E02_TPC,E02,RUN2,34.41995023,2,5,29,GrossPhoto,1.3385352293114094,E02_TPC RUN2 GrossPhoto,E02_TPC RUN2 29 GrossPhoto,FALSE,FALSE,FALSE,FALSE,Pocillopora eydouxi
2025-08-02,Prus,D02_TPC,D02,RUN2,18.28699298,4,5,29,Respiration,0.6756417833709522,D02_TPC RUN2 Respiration,D02_TPC RUN2 29 Respiration,FALSE,FALSE,FALSE,FALSE,Porites rus
2025-08-02,Prus,D02_TPC,D02,RUN2,18.28699298,4,5,29,NetPhoto,0.9374078811311478,D02_TPC RUN2 NetPhoto,D02_TPC RUN2 29 NetPhoto,FALSE,FALSE,FALSE,FALSE,Porites rus
2025-08-02,Prus,D02_TPC,D02,RUN2,18.28699298,4,5,29,GrossPhoto,1.6130496645021,D02_TPC RUN2 GrossPhoto,D02_TPC RUN2 29 GrossPhoto,FALSE,FALSE,FALSE,FALSE,Porites rus
2025-08-02,Tfro,I02_TPC,I02,RUN2,24.37074807,6,5,29,Respiration,0.5628802711791813,I02_TPC RUN2 Respiration,I02_TPC RUN2 29 Respiration,FALSE,FALSE,FALSE,FALSE,Turbinaria frondens
2025-08-02,Tfro,I02_TPC,I02,RUN2,24.37074807,6,5,29,NetPhoto,0.7499996751919497,I02_TPC RUN2 NetPhoto,I02_TPC RUN2 29 NetPhoto,FALSE,FALSE,FALSE,FALSE,Turbinaria frondens
2025-08-02,Tfro,I02_TPC,I02,RUN2,24.37074807,6,5,29,GrossPhoto,1.312879946371131,I02_TPC RUN2 GrossPhoto,I02_TPC RUN2 29 GrossPhoto,FALSE,FALSE,FALSE,FALSE,Turbinaria frondens
2025-08-02,Fcom,C02_TPC,C02,RUN2,24.72805304,8,5,29,Respiration,0.6135552643271932,C02_TPC RUN2 Respiration,C02_TPC RUN2 29 Respiration,FALSE,FALSE,FALSE,FALSE,Favites complanata
2025-08-02,Fcom,C02_TPC,C02,RUN2,24.72805304,8,5,29,NetPhoto,0.9513665096294868,C02_TPC RUN2 NetPhoto,C02_TPC RUN2 29 NetPhoto,FALSE,FALSE,FALSE,FALSE,Favites complanata
2025-08-02,Fcom,C02_TPC,C02,RUN2,24.72805304,8,5,29,GrossPhoto,1.56492177395668,C02_TPC RUN2 GrossPhoto,C02_TPC RUN2 29 GrossPhoto,FALSE,FALSE,FALSE,FALSE,Favites complanata
2025-08-02,Ahya,J02_TPC,J02,RUN2,20.79769841,9,5,29,Respiration,0.4187769262016071,J02_TPC RUN2 Respiration,J02_TPC RUN2 29 Respiration,FALSE,FALSE,FALSE,FALSE,Acropora hyacinthus
2025-08-02,Ahya,J02_TPC,J02,RUN2,20.79769841,9,5,29,NetPhoto,0.6543343780273692,J02_TPC RUN2 NetPhoto,J02_TPC RUN2 29 NetPhoto,FALSE,FALSE,FALSE,FALSE,Acropora hyacinthus
2025-08-02,Ahya,J02_TPC,J02,RUN2,20.79769841,9,5,29,GrossPhoto,1.0731113042289762,J02_TPC RUN2 GrossPhoto,J02_TPC RUN2 29 GrossPhoto,FALSE,FALSE,FALSE,FALSE,Acropora hyacinthus
2025-08-02,Maeq,H02_TPC,H02,RUN2,37.79520607,12,5,29,Respiration,0.23504379321644855,H02_TPC RUN2 Respiration,H02_TPC RUN2 29 Respiration,FALSE,FALSE,FALSE,FALSE,Montipora aequituberculata
2025-08-02,Maeq,H02_TPC,H02,RUN2,37.79520607,12,5,29,NetPhoto,0.5175638014769883,H02_TPC RUN2 NetPhoto,H02_TPC RUN2 29 NetPhoto,FALSE,FALSE,FALSE,FALSE,Montipora aequituberculata
2025-08-02,Maeq,H02_TPC,H02,RUN2,37.79520607,12,5,29,GrossPhoto,0.7526075946934369,H02_TPC RUN2 GrossPhoto,H02_TPC RUN2 29 GrossPhoto,FALSE,FALSE,FALSE,FALSE,Montipora aequituberculata
2025-08-03,Peyd,E03_TPC,E03,RUN3,37.62293403,1,5,29,Respiration,0.4653204007539096,E03_TPC RUN3 Respiration,E03_TPC RUN3 29 Respiration,FALSE,FALSE,FALSE,FALSE,Pocillopora eydouxi
2025-08-03,Peyd,E03_TPC,E03,RUN3,37.62293403,1,5,29,NetPhoto,0.8042906855208318,E03_TPC RUN3 NetPhoto,E03_TPC RUN3 29 NetPhoto,FALSE,FALSE,FALSE,FALSE,Pocillopora eydouxi
2025-08-03,Peyd,E03_TPC,E03,RUN3,37.62293403,1,5,29,GrossPhoto,1.2696110862747414,E03_TPC RUN3 GrossPhoto,E03_TPC RUN3 29 GrossPhoto,FALSE,FALSE,FALSE,FALSE,Pocillopora eydouxi
2025-08-03,Tfro,I03_TPC,I03,RUN3,30.56935118,2,5,29,Respiration,0.4629991971594195,I03_TPC RUN3 Respiration,I03_TPC RUN3 29 Respiration,FALSE,FALSE,FALSE,FALSE,Turbinaria frondens
2025-08-03,Tfro,I03_TPC,I03,RUN3,30.56935118,2,5,29,NetPhoto,0.5034410453719089,I03_TPC RUN3 NetPhoto,I03_TPC RUN3 29 NetPhoto,FALSE,FALSE,FALSE,FALSE,Turbinaria frondens
2025-08-03,Tfro,I03_TPC,I03,RUN3,30.56935118,2,5,29,GrossPhoto,0.9664402425313284,I03_TPC RUN3 GrossPhoto,I03_TPC RUN3 29 GrossPhoto,FALSE,FALSE,FALSE,FALSE,Turbinaria frondens
2025-08-03,Maeq,H04_TPC,H04,RUN3,41.64580512,4,5,29,Respiration,0.3875888575044206,H04_TPC RUN3 Respiration,H04_TPC RUN3 29 Respiration,FALSE,FALSE,FALSE,FALSE,Montipora aequituberculata
2025-08-03,Maeq,H04_TPC,H04,RUN3,41.64580512,4,5,29,NetPhoto,0.7004748235016904,H04_TPC RUN3 NetPhoto,H04_TPC RUN3 29 NetPhoto,FALSE,FALSE,FALSE,FALSE,Montipora aequituberculata
2025-08-03,Maeq,H04_TPC,H04,RUN3,41.64580512,4,5,29,GrossPhoto,1.088063681006111,H04_TPC RUN3 GrossPhoto,H04_TPC RUN3 29 GrossPhoto,FALSE,FALSE,FALSE,FALSE,Montipora aequituberculata
2025-08-03,Ahya,J03_TPC,J03,RUN3,29.80688791,7,5,29,Respiration,0.5223877141906371,J03_TPC RUN3 Respiration,J03_TPC RUN3 29 Respiration,FALSE,FALSE,FALSE,FALSE,Acropora hyacinthus
2025-08-03,Ahya,J03_TPC,J03,RUN3,29.80688791,7,5,29,NetPhoto,0.8624540084695886,J03_TPC RUN3 NetPhoto,J03_TPC RUN3 29 NetPhoto,FALSE,FALSE,FALSE,FALSE,Acropora hyacinthus
2025-08-03,Ahya,J03_TPC,J03,RUN3,29.80688791,7,5,29,GrossPhoto,1.3848417226602256,J03_TPC RUN3 GrossPhoto,J03_TPC RUN3 29 GrossPhoto,FALSE,FALSE,FALSE,FALSE,Acropora hyacinthus
2025-08-03,Fcom,C03_TPC,C03,RUN3,26.45396363,9,5,29,Respiration,0.7823105411904505,C03_TPC RUN3 Respiration,C03_TPC RUN3 29 Respiration,FALSE,FALSE,FALSE,FALSE,Favites complanata
2025-08-03,Fcom,C03_TPC,C03,RUN3,26.45396363,9,5,29,NetPhoto,1.5100130738472606,C03_TPC RUN3 NetPhoto,C03_TPC RUN3 29 NetPhoto,FALSE,FALSE,FALSE,FALSE,Favites complanata
2025-08-03,Fcom,C03_TPC,C03,RUN3,26.45396363,9,5,29,GrossPhoto,2.292323615037711,C03_TPC RUN3 GrossPhoto,C03_TPC RUN3 29 GrossPhoto,FALSE,FALSE,FALSE,FALSE,Favites complanata
2025-08-03,Elam,G05_TPC,G05,RUN3,17.26931188,11,5,29,Respiration,0.5440056264962974,G05_TPC RUN3 Respiration,G05_TPC RUN3 29 Respiration,FALSE,FALSE,FALSE,FALSE,Echinopora lamellosa
2025-08-03,Elam,G05_TPC,G05,RUN3,17.26931188,11,5,29,NetPhoto,1.3484557769948884,G05_TPC RUN3 NetPhoto,G05_TPC RUN3 29 NetPhoto,FALSE,FALSE,FALSE,FALSE,Echinopora lamellosa
2025-08-03,Elam,G05_TPC,G05,RUN3,17.26931188,11,5,29,GrossPhoto,1.8924614034911855,G05_TPC RUN3 GrossPhoto,G05_TPC RUN3 29 GrossPhoto,FALSE,FALSE,FALSE,FALSE,Echinopora lamellosa
2025-08-03,Prus,D03_TPC,D03,RUN3,17.32354567,12,5,29,Respiration,0.5786807293037085,D03_TPC RUN3 Respiration,D03_TPC RUN3 29 Respiration,FALSE,FALSE,FALSE,FALSE,Porites rus
2025-08-03,Prus,D03_TPC,D03,RUN3,17.32354567,12,5,29,NetPhoto,0.701881720615272,D03_TPC RUN3 NetPhoto,D03_TPC RUN3 29 NetPhoto,FALSE,FALSE,FALSE,FALSE,Porites rus
2025-08-03,Prus,D03_TPC,D03,RUN3,17.32354567,12,5,29,GrossPhoto,1.2805624499189805,D03_TPC RUN3 GrossPhoto,D03_TPC RUN3 29 GrossPhoto,FALSE,FALSE,FALSE,FALSE,Porites rus
2025-08-09,Peyd,E07_TPC,E07,RUN5,18.03177515,3,5,29,Respiration,0.5372661894555318,E07_TPC RUN5 Respiration,E07_TPC RUN5 29 Respiration,FALSE,FALSE,FALSE,FALSE,Pocillopora eydouxi
2025-08-09,Peyd,E07_TPC,E07,RUN5,18.03177515,3,5,29,NetPhoto,1.0562577308361123,E07_TPC RUN5 NetPhoto,E07_TPC RUN5 29 NetPhoto,FALSE,FALSE,FALSE,FALSE,Pocillopora eydouxi
2025-08-09,Peyd,E07_TPC,E07,RUN5,18.03177515,3,5,29,GrossPhoto,1.593523920291644,E07_TPC RUN5 GrossPhoto,E07_TPC RUN5 29 GrossPhoto,FALSE,FALSE,FALSE,FALSE,Pocillopora eydouxi
2025-08-09,Ahya,J07_TPC,J07,RUN5,16.49727793,4,5,29,Respiration,0.48475733968947626,J07_TPC RUN5 Respiration,J07_TPC RUN5 29 Respiration,FALSE,FALSE,FALSE,FALSE,Acropora hyacinthus
2025-08-09,Ahya,J07_TPC,J07,RUN5,16.49727793,4,5,29,NetPhoto,0.90703981710447,J07_TPC RUN5 NetPhoto,J07_TPC RUN5 29 NetPhoto,FALSE,FALSE,FALSE,FALSE,Acropora hyacinthus
2025-08-09,Ahya,J07_TPC,J07,RUN5,16.49727793,4,5,29,GrossPhoto,1.3917971567939462,J07_TPC RUN5 GrossPhoto,J07_TPC RUN5 29 GrossPhoto,FALSE,FALSE,FALSE,FALSE,Acropora hyacinthus
2025-08-09,Fcom,C07_TPC,C07,RUN5,12.85404337,5,5,29,Respiration,0.6149286891894847,C07_TPC RUN5 Respiration,C07_TPC RUN5 29 Respiration,FALSE,FALSE,FALSE,FALSE,Favites complanata
2025-08-09,Fcom,C07_TPC,C07,RUN5,12.85404337,5,5,29,NetPhoto,1.3168196140875816,C07_TPC RUN5 NetPhoto,C07_TPC RUN5 29 NetPhoto,FALSE,FALSE,FALSE,FALSE,Favites complanata
2025-08-09,Fcom,C07_TPC,C07,RUN5,12.85404337,5,5,29,GrossPhoto,1.9317483032770664,C07_TPC RUN5 GrossPhoto,C07_TPC RUN5 29 GrossPhoto,FALSE,FALSE,FALSE,FALSE,Favites complanata
2025-08-09,Prus,D07_TPC,D07,RUN5,13.26877235,8,5,29,Respiration,0.6447525481102233,D07_TPC RUN5 Respiration,D07_TPC RUN5 29 Respiration,FALSE,FALSE,FALSE,FALSE,Porites rus
2025-08-09,Prus,D07_TPC,D07,RUN5,13.26877235,8,5,29,NetPhoto,0.9849727567095686,D07_TPC RUN5 NetPhoto,D07_TPC RUN5 29 NetPhoto,FALSE,FALSE,FALSE,FALSE,Porites rus
2025-08-09,Prus,D07_TPC,D07,RUN5,13.26877235,8,5,29,GrossPhoto,1.629725304819792,D07_TPC RUN5 GrossPhoto,D07_TPC RUN5 29 GrossPhoto,FALSE,FALSE,FALSE,FALSE,Porites rus
2025-08-09,Tfro,I07_TPC,I07,RUN5,10.84739316,9,5,29,Respiration,0.6834315357292343,I07_TPC RUN5 Respiration,I07_TPC RUN5 29 Respiration,FALSE,FALSE,FALSE,FALSE,Turbinaria frondens
2025-08-09,Tfro,I07_TPC,I07,RUN5,10.84739316,9,5,29,NetPhoto,0.7467695755463154,I07_TPC RUN5 NetPhoto,I07_TPC RUN5 29 NetPhoto,FALSE,FALSE,FALSE,FALSE,Turbinaria frondens
2025-08-09,Tfro,I07_TPC,I07,RUN5,10.84739316,9,5,29,GrossPhoto,1.4302011112755495,I07_TPC RUN5 GrossPhoto,I07_TPC RUN5 29 GrossPhoto,FALSE,FALSE,FALSE,FALSE,Turbinaria frondens
2025-08-09,Elam,G07_TPC,G07,RUN5,20.22026807,10,5,29,Respiration,0.38836487349318327,G07_TPC RUN5 Respiration,G07_TPC RUN5 29 Respiration,FALSE,FALSE,FALSE,FALSE,Echinopora lamellosa
2025-08-09,Elam,G07_TPC,G07,RUN5,20.22026807,10,5,29,NetPhoto,0.7784952006302078,G07_TPC RUN5 NetPhoto,G07_TPC RUN5 29 NetPhoto,FALSE,FALSE,FALSE,FALSE,Echinopora lamellosa
2025-08-09,Elam,G07_TPC,G07,RUN5,20.22026807,10,5,29,GrossPhoto,1.1668600741233912,G07_TPC RUN5 GrossPhoto,G07_TPC RUN5 29 GrossPhoto,FALSE,FALSE,FALSE,FALSE,Echinopora lamellosa
2025-08-09,Maeq,H07_TPC,H07,RUN5,19.99695246,11,5,29,Respiration,0.3283850907919386,H07_TPC RUN5 Respiration,H07_TPC RUN5 29 Respiration,FALSE,FALSE,FALSE,FALSE,Montipora aequituberculata
2025-08-09,Maeq,H07_TPC,H07,RUN5,19.99695246,11,5,29,NetPhoto,0.6839885609667754,H07_TPC RUN5 NetPhoto,H07_TPC RUN5 29 NetPhoto,FALSE,FALSE,FALSE,FALSE,Montipora aequituberculata
2025-08-09,Maeq,H07_TPC,H07,RUN5,19.99695246,11,5,29,GrossPhoto,1.012373651758714,H07_TPC RUN5 GrossPhoto,H07_TPC RUN5 29 GrossPhoto,FALSE,FALSE,FALSE,FALSE,Montipora aequituberculata
2025-08-10,Maeq,H08_TPC,H08,RUN6,15.57211329,2,5,29,Respiration,0.37592150932832097,H08_TPC RUN6 Respiration,H08_TPC RUN6 29 Respiration,FALSE,FALSE,FALSE,FALSE,Montipora aequituberculata
2025-08-10,Maeq,H08_TPC,H08,RUN6,15.57211329,2,5,29,NetPhoto,0.43955989919961175,H08_TPC RUN6 NetPhoto,H08_TPC RUN6 29 NetPhoto,FALSE,FALSE,FALSE,FALSE,Montipora aequituberculata
2025-08-10,Maeq,H08_TPC,H08,RUN6,15.57211329,2,5,29,GrossPhoto,0.8154814085279327,H08_TPC RUN6 GrossPhoto,H08_TPC RUN6 29 GrossPhoto,FALSE,FALSE,FALSE,FALSE,Montipora aequituberculata
2025-08-10,Fcom,C08_TPC,C08,RUN6,8.907737636,4,5,29,Respiration,0.28097918526019583,C08_TPC RUN6 Respiration,C08_TPC RUN6 29 Respiration,FALSE,FALSE,FALSE,FALSE,Favites complanata
2025-08-10,Fcom,C08_TPC,C08,RUN6,8.907737636,4,5,29,NetPhoto,0.6740714151541488,C08_TPC RUN6 NetPhoto,C08_TPC RUN6 29 NetPhoto,FALSE,FALSE,FALSE,FALSE,Favites complanata
2025-08-10,Fcom,C08_TPC,C08,RUN6,8.907737636,4,5,29,GrossPhoto,0.9550506004143446,C08_TPC RUN6 GrossPhoto,C08_TPC RUN6 29 GrossPhoto,FALSE,FALSE,FALSE,FALSE,Favites complanata
2025-08-10,Peyd,E08_TPC,E08,RUN6,30.03020351,5,5,29,Respiration,0.6180829797529608,E08_TPC RUN6 Respiration,E08_TPC RUN6 29 Respiration,FALSE,FALSE,FALSE,FALSE,Pocillopora eydouxi
2025-08-10,Peyd,E08_TPC,E08,RUN6,30.03020351,5,5,29,NetPhoto,0.9134001269622308,E08_TPC RUN6 NetPhoto,E08_TPC RUN6 29 NetPhoto,FALSE,FALSE,FALSE,FALSE,Pocillopora eydouxi
2025-08-10,Peyd,E08_TPC,E08,RUN6,30.03020351,5,5,29,GrossPhoto,1.5314831067151915,E08_TPC RUN6 GrossPhoto,E08_TPC RUN6 29 GrossPhoto,FALSE,FALSE,FALSE,FALSE,Pocillopora eydouxi
2025-08-10,Prus,D04_TPC,D04,RUN6,15.43174348,6,5,29,Respiration,0.6257462673114653,D04_TPC RUN6 Respiration,D04_TPC RUN6 29 Respiration,FALSE,FALSE,FALSE,FALSE,Porites rus
2025-08-10,Prus,D04_TPC,D04,RUN6,15.43174348,6,5,29,NetPhoto,1.4020882387969968,D04_TPC RUN6 NetPhoto,D04_TPC RUN6 29 NetPhoto,FALSE,FALSE,FALSE,FALSE,Porites rus
2025-08-10,Prus,D04_TPC,D04,RUN6,15.43174348,6,5,29,GrossPhoto,2.027834506108462,D04_TPC RUN6 GrossPhoto,D04_TPC RUN6 29 GrossPhoto,FALSE,FALSE,FALSE,FALSE,Porites rus
2025-08-10,Ahya,J08_TPC,J08,RUN6,15.59444485,7,5,29,Respiration,0.32214594675187325,J08_TPC RUN6 Respiration,J08_TPC RUN6 29 Respiration,FALSE,FALSE,FALSE,FALSE,Acropora hyacinthus
2025-08-10,Ahya,J08_TPC,J08,RUN6,15.59444485,7,5,29,NetPhoto,0.7756692185678995,J08_TPC RUN6 NetPhoto,J08_TPC RUN6 29 NetPhoto,FALSE,FALSE,FALSE,FALSE,Acropora hyacinthus
2025-08-10,Ahya,J08_TPC,J08,RUN6,15.59444485,7,5,29,GrossPhoto,1.0978151653197727,J08_TPC RUN6 GrossPhoto,J08_TPC RUN6 29 GrossPhoto,FALSE,FALSE,FALSE,FALSE,Acropora hyacinthus
2025-08-10,Tfro,I08_TPC,I08,RUN6,7.194587934,10,5,29,Respiration,0.6761406695381361,I08_TPC RUN6 Respiration,I08_TPC RUN6 29 Respiration,FALSE,FALSE,FALSE,FALSE,Turbinaria frondens
2025-08-10,Tfro,I08_TPC,I08,RUN6,7.194587934,10,5,29,NetPhoto,1.3326103121720616,I08_TPC RUN6 NetPhoto,I08_TPC RUN6 29 NetPhoto,FALSE,FALSE,FALSE,FALSE,Turbinaria frondens
2025-08-10,Tfro,I08_TPC,I08,RUN6,7.194587934,10,5,29,GrossPhoto,2.0087509817101976,I08_TPC RUN6 GrossPhoto,I08_TPC RUN6 29 GrossPhoto,FALSE,FALSE,FALSE,FALSE,Turbinaria frondens
2025-08-10,Elam,G08_TPC,G08,RUN6,22.74054416,12,5,29,Respiration,0.5934222303209616,G08_TPC RUN6 Respiration,G08_TPC RUN6 29 Respiration,FALSE,FALSE,FALSE,FALSE,Echinopora lamellosa
2025-08-10,Elam,G08_TPC,G08,RUN6,22.74054416,12,5,29,NetPhoto,1.0389175891259987,G08_TPC RUN6 NetPhoto,G08_TPC RUN6 29 NetPhoto,FALSE,FALSE,FALSE,FALSE,Echinopora lamellosa
2025-08-10,Elam,G08_TPC,G08,RUN6,22.74054416,12,5,29,GrossPhoto,1.6323398194469605,G08_TPC RUN6 GrossPhoto,G08_TPC RUN6 29 GrossPhoto,FALSE,FALSE,FALSE,FALSE,Echinopora lamellosa
2025-08-01,Elam,G01_TPC,G01,RUN1,20.38296944,2,6,30,Respiration,0.5730775293457591,G01_TPC RUN1 Respiration,G01_TPC RUN1 30 Respiration,FALSE,FALSE,FALSE,FALSE,Echinopora lamellosa
2025-08-01,Elam,G01_TPC,G01,RUN1,20.38296944,2,6,30,NetPhoto,0.9734766139068476,G01_TPC RUN1 NetPhoto,G01_TPC RUN1 30 NetPhoto,FALSE,FALSE,FALSE,FALSE,Echinopora lamellosa
2025-08-01,Elam,G01_TPC,G01,RUN1,20.38296944,2,6,30,GrossPhoto,1.5465541432526069,G01_TPC RUN1 GrossPhoto,G01_TPC RUN1 30 GrossPhoto,FALSE,FALSE,FALSE,FALSE,Echinopora lamellosa
2025-08-01,Fcom,C01_TPC,C01,RUN1,23.69761104,3,6,30,Respiration,0.512113912195273,C01_TPC RUN1 Respiration,C01_TPC RUN1 30 Respiration,FALSE,FALSE,FALSE,FALSE,Favites complanata
2025-08-01,Fcom,C01_TPC,C01,RUN1,23.69761104,3,6,30,NetPhoto,0.8549114327151912,C01_TPC RUN1 NetPhoto,C01_TPC RUN1 30 NetPhoto,FALSE,FALSE,FALSE,FALSE,Favites complanata
2025-08-01,Fcom,C01_TPC,C01,RUN1,23.69761104,3,6,30,GrossPhoto,1.367025344910464,C01_TPC RUN1 GrossPhoto,C01_TPC RUN1 30 GrossPhoto,FALSE,FALSE,FALSE,FALSE,Favites complanata
2025-08-01,Peyd,E01_TPC,E01,RUN1,33.93822657,5,6,30,Respiration,0.5560722209900961,E01_TPC RUN1 Respiration,E01_TPC RUN1 30 Respiration,FALSE,FALSE,FALSE,FALSE,Pocillopora eydouxi
2025-08-01,Peyd,E01_TPC,E01,RUN1,33.93822657,5,6,30,NetPhoto,0.714996428618194,E01_TPC RUN1 NetPhoto,E01_TPC RUN1 30 NetPhoto,FALSE,FALSE,FALSE,FALSE,Pocillopora eydouxi
2025-08-01,Peyd,E01_TPC,E01,RUN1,33.93822657,5,6,30,GrossPhoto,1.27106864960829,E01_TPC RUN1 GrossPhoto,E01_TPC RUN1 30 GrossPhoto,FALSE,FALSE,FALSE,FALSE,Pocillopora eydouxi
2025-08-01,Ahya,J01_TPC,J01,RUN1,16.22929921,7,6,30,Respiration,0.5099650091026766,J01_TPC RUN1 Respiration,J01_TPC RUN1 30 Respiration,FALSE,FALSE,FALSE,FALSE,Acropora hyacinthus
2025-08-01,Ahya,J01_TPC,J01,RUN1,16.22929921,7,6,30,NetPhoto,0.8059702458451062,J01_TPC RUN1 NetPhoto,J01_TPC RUN1 30 NetPhoto,FALSE,FALSE,FALSE,FALSE,Acropora hyacinthus
2025-08-01,Ahya,J01_TPC,J01,RUN1,16.22929921,7,6,30,GrossPhoto,1.315935254947783,J01_TPC RUN1 GrossPhoto,J01_TPC RUN1 30 GrossPhoto,FALSE,FALSE,FALSE,FALSE,Acropora hyacinthus
2025-08-01,Tfro,I01_TPC,I01,RUN1,26.20193602,8,6,30,Respiration,0.6242857496890495,I01_TPC RUN1 Respiration,I01_TPC RUN1 30 Respiration,FALSE,FALSE,FALSE,FALSE,Turbinaria frondens
2025-08-01,Tfro,I01_TPC,I01,RUN1,26.20193602,8,6,30,NetPhoto,0.5123422213225604,I01_TPC RUN1 NetPhoto,I01_TPC RUN1 30 NetPhoto,FALSE,FALSE,FALSE,FALSE,Turbinaria frondens
2025-08-01,Tfro,I01_TPC,I01,RUN1,26.20193602,8,6,30,GrossPhoto,1.1366279710116098,I01_TPC RUN1 GrossPhoto,I01_TPC RUN1 30 GrossPhoto,FALSE,FALSE,FALSE,FALSE,Turbinaria frondens
2025-08-01,Maeq,H01_TPC,H01,RUN1,32.84078989,11,6,30,Respiration,0.6063168934468249,H01_TPC RUN1 Respiration,H01_TPC RUN1 30 Respiration,FALSE,FALSE,FALSE,FALSE,Montipora aequituberculata
2025-08-01,Maeq,H01_TPC,H01,RUN1,32.84078989,11,6,30,NetPhoto,0.4126117220727218,H01_TPC RUN1 NetPhoto,H01_TPC RUN1 30 NetPhoto,FALSE,FALSE,FALSE,FALSE,Montipora aequituberculata
2025-08-01,Maeq,H01_TPC,H01,RUN1,32.84078989,11,6,30,GrossPhoto,1.0189286155195467,H01_TPC RUN1 GrossPhoto,H01_TPC RUN1 30 GrossPhoto,FALSE,FALSE,FALSE,FALSE,Montipora aequituberculata
2025-08-01,Prus,D01_TPC,D01,RUN1,28.54674986,12,6,30,Respiration,0.6223021335103052,D01_TPC RUN1 Respiration,D01_TPC RUN1 30 Respiration,FALSE,FALSE,FALSE,FALSE,Porites rus
2025-08-01,Prus,D01_TPC,D01,RUN1,28.54674986,12,6,30,NetPhoto,0.9082498769802072,D01_TPC RUN1 NetPhoto,D01_TPC RUN1 30 NetPhoto,FALSE,FALSE,FALSE,FALSE,Porites rus
2025-08-01,Prus,D01_TPC,D01,RUN1,28.54674986,12,6,30,GrossPhoto,1.5305520104905126,D01_TPC RUN1 GrossPhoto,D01_TPC RUN1 30 GrossPhoto,FALSE,FALSE,FALSE,FALSE,Porites rus
2025-08-02,Elam,G02_TPC,G02,RUN2,16.88329491,1,6,30,Respiration,0.6294630343330638,G02_TPC RUN2 Respiration,G02_TPC RUN2 30 Respiration,FALSE,FALSE,FALSE,FALSE,Echinopora lamellosa
2025-08-02,Elam,G02_TPC,G02,RUN2,16.88329491,1,6,30,NetPhoto,0.9885520132995638,G02_TPC RUN2 NetPhoto,G02_TPC RUN2 30 NetPhoto,FALSE,FALSE,FALSE,FALSE,Echinopora lamellosa
2025-08-02,Elam,G02_TPC,G02,RUN2,16.88329491,1,6,30,GrossPhoto,1.6180150476326276,G02_TPC RUN2 GrossPhoto,G02_TPC RUN2 30 GrossPhoto,FALSE,FALSE,FALSE,FALSE,Echinopora lamellosa
2025-08-02,Peyd,E02_TPC,E02,RUN2,34.41995023,2,6,30,Respiration,0.5452949602584597,E02_TPC RUN2 Respiration,E02_TPC RUN2 30 Respiration,FALSE,FALSE,FALSE,FALSE,Pocillopora eydouxi
2025-08-02,Peyd,E02_TPC,E02,RUN2,34.41995023,2,6,30,NetPhoto,0.828453502677186,E02_TPC RUN2 NetPhoto,E02_TPC RUN2 30 NetPhoto,FALSE,FALSE,FALSE,FALSE,Pocillopora eydouxi
2025-08-02,Peyd,E02_TPC,E02,RUN2,34.41995023,2,6,30,GrossPhoto,1.3737484629356458,E02_TPC RUN2 GrossPhoto,E02_TPC RUN2 30 GrossPhoto,FALSE,FALSE,FALSE,FALSE,Pocillopora eydouxi
2025-08-02,Prus,D02_TPC,D02,RUN2,18.28699298,4,6,30,Respiration,0.7659215379886479,D02_TPC RUN2 Respiration,D02_TPC RUN2 30 Respiration,FALSE,FALSE,FALSE,FALSE,Porites rus
2025-08-02,Prus,D02_TPC,D02,RUN2,18.28699298,4,6,30,NetPhoto,0.7911015564557237,D02_TPC RUN2 NetPhoto,D02_TPC RUN2 30 NetPhoto,FALSE,FALSE,FALSE,FALSE,Porites rus
2025-08-02,Prus,D02_TPC,D02,RUN2,18.28699298,4,6,30,GrossPhoto,1.5570230944443717,D02_TPC RUN2 GrossPhoto,D02_TPC RUN2 30 GrossPhoto,FALSE,FALSE,FALSE,FALSE,Porites rus
2025-08-02,Tfro,I02_TPC,I02,RUN2,24.37074807,6,6,30,Respiration,0.6039468410835361,I02_TPC RUN2 Respiration,I02_TPC RUN2 30 Respiration,FALSE,FALSE,FALSE,FALSE,Turbinaria frondens
2025-08-02,Tfro,I02_TPC,I02,RUN2,24.37074807,6,6,30,NetPhoto,0.6685442589358044,I02_TPC RUN2 NetPhoto,I02_TPC RUN2 30 NetPhoto,FALSE,FALSE,FALSE,FALSE,Turbinaria frondens
2025-08-02,Tfro,I02_TPC,I02,RUN2,24.37074807,6,6,30,GrossPhoto,1.2724911000193404,I02_TPC RUN2 GrossPhoto,I02_TPC RUN2 30 GrossPhoto,FALSE,FALSE,FALSE,FALSE,Turbinaria frondens
2025-08-02,Fcom,C02_TPC,C02,RUN2,24.72805304,8,6,30,Respiration,0.7004524309833047,C02_TPC RUN2 Respiration,C02_TPC RUN2 30 Respiration,FALSE,FALSE,FALSE,FALSE,Favites complanata
2025-08-02,Fcom,C02_TPC,C02,RUN2,24.72805304,8,6,30,NetPhoto,0.9460693521682104,C02_TPC RUN2 NetPhoto,C02_TPC RUN2 30 NetPhoto,FALSE,FALSE,FALSE,FALSE,Favites complanata
2025-08-02,Fcom,C02_TPC,C02,RUN2,24.72805304,8,6,30,GrossPhoto,1.646521783151515,C02_TPC RUN2 GrossPhoto,C02_TPC RUN2 30 GrossPhoto,FALSE,FALSE,FALSE,FALSE,Favites complanata
2025-08-02,Ahya,J02_TPC,J02,RUN2,20.79769841,9,6,30,Respiration,0.4703973081309686,J02_TPC RUN2 Respiration,J02_TPC RUN2 30 Respiration,FALSE,FALSE,FALSE,FALSE,Acropora hyacinthus
2025-08-02,Ahya,J02_TPC,J02,RUN2,20.79769841,9,6,30,NetPhoto,0.6128479110442052,J02_TPC RUN2 NetPhoto,J02_TPC RUN2 30 NetPhoto,FALSE,FALSE,FALSE,FALSE,Acropora hyacinthus
2025-08-02,Ahya,J02_TPC,J02,RUN2,20.79769841,9,6,30,GrossPhoto,1.0832452191751738,J02_TPC RUN2 GrossPhoto,J02_TPC RUN2 30 GrossPhoto,FALSE,FALSE,FALSE,FALSE,Acropora hyacinthus
2025-08-02,Maeq,H02_TPC,H02,RUN2,37.79520607,12,6,30,Respiration,0.29444733160095593,H02_TPC RUN2 Respiration,H02_TPC RUN2 30 Respiration,FALSE,FALSE,FALSE,FALSE,Montipora aequituberculata
2025-08-02,Maeq,H02_TPC,H02,RUN2,37.79520607,12,6,30,NetPhoto,0.5319268505191989,H02_TPC RUN2 NetPhoto,H02_TPC RUN2 30 NetPhoto,FALSE,FALSE,FALSE,FALSE,Montipora aequituberculata
2025-08-02,Maeq,H02_TPC,H02,RUN2,37.79520607,12,6,30,GrossPhoto,0.8263741821201548,H02_TPC RUN2 GrossPhoto,H02_TPC RUN2 30 GrossPhoto,FALSE,FALSE,FALSE,FALSE,Montipora aequituberculata
2025-08-03,Peyd,E03_TPC,E03,RUN3,37.62293403,1,6,30,Respiration,0.5033749189651976,E03_TPC RUN3 Respiration,E03_TPC RUN3 30 Respiration,FALSE,FALSE,FALSE,FALSE,Pocillopora eydouxi
2025-08-03,Peyd,E03_TPC,E03,RUN3,37.62293403,1,6,30,NetPhoto,0.7149518446268857,E03_TPC RUN3 NetPhoto,E03_TPC RUN3 30 NetPhoto,FALSE,FALSE,FALSE,FALSE,Pocillopora eydouxi
2025-08-03,Peyd,E03_TPC,E03,RUN3,37.62293403,1,6,30,GrossPhoto,1.2183267635920831,E03_TPC RUN3 GrossPhoto,E03_TPC RUN3 30 GrossPhoto,FALSE,FALSE,FALSE,FALSE,Pocillopora eydouxi
2025-08-03,Tfro,I03_TPC,I03,RUN3,30.56935118,2,6,30,Respiration,0.5166777127555671,I03_TPC RUN3 Respiration,I03_TPC RUN3 30 Respiration,FALSE,FALSE,FALSE,FALSE,Turbinaria frondens
2025-08-03,Tfro,I03_TPC,I03,RUN3,30.56935118,2,6,30,NetPhoto,0.48272191988204866,I03_TPC RUN3 NetPhoto,I03_TPC RUN3 30 NetPhoto,FALSE,FALSE,FALSE,FALSE,Turbinaria frondens
2025-08-03,Tfro,I03_TPC,I03,RUN3,30.56935118,2,6,30,GrossPhoto,0.9993996326376158,I03_TPC RUN3 GrossPhoto,I03_TPC RUN3 30 GrossPhoto,FALSE,FALSE,FALSE,FALSE,Turbinaria frondens
2025-08-03,Maeq,H04_TPC,H04,RUN3,41.64580512,4,6,30,Respiration,0.4133398909509207,H04_TPC RUN3 Respiration,H04_TPC RUN3 30 Respiration,FALSE,FALSE,FALSE,FALSE,Montipora aequituberculata
2025-08-03,Maeq,H04_TPC,H04,RUN3,41.64580512,4,6,30,NetPhoto,0.6618796507186878,H04_TPC RUN3 NetPhoto,H04_TPC RUN3 30 NetPhoto,FALSE,FALSE,FALSE,FALSE,Montipora aequituberculata
2025-08-03,Maeq,H04_TPC,H04,RUN3,41.64580512,4,6,30,GrossPhoto,1.0752195416696084,H04_TPC RUN3 GrossPhoto,H04_TPC RUN3 30 GrossPhoto,FALSE,FALSE,FALSE,FALSE,Montipora aequituberculata
2025-08-03,Ahya,J03_TPC,J03,RUN3,29.80688791,7,6,30,Respiration,0.587243959392857,J03_TPC RUN3 Respiration,J03_TPC RUN3 30 Respiration,FALSE,FALSE,FALSE,FALSE,Acropora hyacinthus
2025-08-03,Ahya,J03_TPC,J03,RUN3,29.80688791,7,6,30,NetPhoto,0.8857348441943705,J03_TPC RUN3 NetPhoto,J03_TPC RUN3 30 NetPhoto,FALSE,FALSE,FALSE,FALSE,Acropora hyacinthus
2025-08-03,Ahya,J03_TPC,J03,RUN3,29.80688791,7,6,30,GrossPhoto,1.4729788035872275,J03_TPC RUN3 GrossPhoto,J03_TPC RUN3 30 GrossPhoto,FALSE,FALSE,FALSE,FALSE,Acropora hyacinthus
2025-08-03,Fcom,C03_TPC,C03,RUN3,26.45396363,9,6,30,Respiration,0.797769759337325,C03_TPC RUN3 Respiration,C03_TPC RUN3 30 Respiration,FALSE,FALSE,FALSE,FALSE,Favites complanata
2025-08-03,Fcom,C03_TPC,C03,RUN3,26.45396363,9,6,30,NetPhoto,1.4994831992236493,C03_TPC RUN3 NetPhoto,C03_TPC RUN3 30 NetPhoto,FALSE,FALSE,FALSE,FALSE,Favites complanata
2025-08-03,Fcom,C03_TPC,C03,RUN3,26.45396363,9,6,30,GrossPhoto,2.297252958560974,C03_TPC RUN3 GrossPhoto,C03_TPC RUN3 30 GrossPhoto,FALSE,FALSE,FALSE,FALSE,Favites complanata
2025-08-03,Elam,G05_TPC,G05,RUN3,17.26931188,11,6,30,Respiration,0.5333559775400963,G05_TPC RUN3 Respiration,G05_TPC RUN3 30 Respiration,FALSE,FALSE,FALSE,FALSE,Echinopora lamellosa
2025-08-03,Elam,G05_TPC,G05,RUN3,17.26931188,11,6,30,NetPhoto,1.2762318879388177,G05_TPC RUN3 NetPhoto,G05_TPC RUN3 30 NetPhoto,FALSE,FALSE,FALSE,FALSE,Echinopora lamellosa
2025-08-03,Elam,G05_TPC,G05,RUN3,17.26931188,11,6,30,GrossPhoto,1.809587865478914,G05_TPC RUN3 GrossPhoto,G05_TPC RUN3 30 GrossPhoto,FALSE,FALSE,FALSE,FALSE,Echinopora lamellosa
2025-08-03,Prus,D03_TPC,D03,RUN3,17.32354567,12,6,30,Respiration,0.586069759919975,D03_TPC RUN3 Respiration,D03_TPC RUN3 30 Respiration,FALSE,FALSE,FALSE,FALSE,Porites rus
2025-08-03,Prus,D03_TPC,D03,RUN3,17.32354567,12,6,30,NetPhoto,0.7190299285909081,D03_TPC RUN3 NetPhoto,D03_TPC RUN3 30 NetPhoto,FALSE,FALSE,FALSE,FALSE,Porites rus
2025-08-03,Prus,D03_TPC,D03,RUN3,17.32354567,12,6,30,GrossPhoto,1.3050996885108832,D03_TPC RUN3 GrossPhoto,D03_TPC RUN3 30 GrossPhoto,FALSE,FALSE,FALSE,FALSE,Porites rus
2025-08-09,Peyd,E07_TPC,E07,RUN5,18.03177515,3,6,30,Respiration,0.5343818549045348,E07_TPC RUN5 Respiration,E07_TPC RUN5 30 Respiration,FALSE,FALSE,FALSE,FALSE,Pocillopora eydouxi
2025-08-09,Peyd,E07_TPC,E07,RUN5,18.03177515,3,6,30,NetPhoto,1.0474323856072485,E07_TPC RUN5 NetPhoto,E07_TPC RUN5 30 NetPhoto,FALSE,FALSE,FALSE,FALSE,Pocillopora eydouxi
2025-08-09,Peyd,E07_TPC,E07,RUN5,18.03177515,3,6,30,GrossPhoto,1.581814240511783,E07_TPC RUN5 GrossPhoto,E07_TPC RUN5 30 GrossPhoto,FALSE,FALSE,FALSE,FALSE,Pocillopora eydouxi
2025-08-09,Ahya,J07_TPC,J07,RUN5,16.49727793,4,6,30,Respiration,0.5009565611906995,J07_TPC RUN5 Respiration,J07_TPC RUN5 30 Respiration,FALSE,FALSE,FALSE,FALSE,Acropora hyacinthus
2025-08-09,Ahya,J07_TPC,J07,RUN5,16.49727793,4,6,30,NetPhoto,0.932553794531718,J07_TPC RUN5 NetPhoto,J07_TPC RUN5 30 NetPhoto,FALSE,FALSE,FALSE,FALSE,Acropora hyacinthus
2025-08-09,Ahya,J07_TPC,J07,RUN5,16.49727793,4,6,30,GrossPhoto,1.4335103557224174,J07_TPC RUN5 GrossPhoto,J07_TPC RUN5 30 GrossPhoto,FALSE,FALSE,FALSE,FALSE,Acropora hyacinthus
2025-08-09,Fcom,C07_TPC,C07,RUN5,12.85404337,5,6,30,Respiration,0.6173606232392002,C07_TPC RUN5 Respiration,C07_TPC RUN5 30 Respiration,FALSE,FALSE,FALSE,FALSE,Favites complanata
2025-08-09,Fcom,C07_TPC,C07,RUN5,12.85404337,5,6,30,NetPhoto,1.404886782933536,C07_TPC RUN5 NetPhoto,C07_TPC RUN5 30 NetPhoto,FALSE,FALSE,FALSE,FALSE,Favites complanata
2025-08-09,Fcom,C07_TPC,C07,RUN5,12.85404337,5,6,30,GrossPhoto,2.0222474061727365,C07_TPC RUN5 GrossPhoto,C07_TPC RUN5 30 GrossPhoto,FALSE,FALSE,FALSE,FALSE,Favites complanata
2025-08-09,Prus,D07_TPC,D07,RUN5,13.26877235,8,6,30,Respiration,0.6739481989478808,D07_TPC RUN5 Respiration,D07_TPC RUN5 30 Respiration,FALSE,FALSE,FALSE,FALSE,Porites rus
2025-08-09,Prus,D07_TPC,D07,RUN5,13.26877235,8,6,30,NetPhoto,1.0547994566510035,D07_TPC RUN5 NetPhoto,D07_TPC RUN5 30 NetPhoto,FALSE,FALSE,FALSE,FALSE,Porites rus
2025-08-09,Prus,D07_TPC,D07,RUN5,13.26877235,8,6,30,GrossPhoto,1.7287476555988843,D07_TPC RUN5 GrossPhoto,D07_TPC RUN5 30 GrossPhoto,FALSE,FALSE,FALSE,FALSE,Porites rus
2025-08-09,Tfro,I07_TPC,I07,RUN5,10.84739316,9,6,30,Respiration,0.6429638422918895,I07_TPC RUN5 Respiration,I07_TPC RUN5 30 Respiration,FALSE,FALSE,FALSE,FALSE,Turbinaria frondens
2025-08-09,Tfro,I07_TPC,I07,RUN5,10.84739316,9,6,30,NetPhoto,0.7945528563559577,I07_TPC RUN5 NetPhoto,I07_TPC RUN5 30 NetPhoto,FALSE,FALSE,FALSE,FALSE,Turbinaria frondens
2025-08-09,Tfro,I07_TPC,I07,RUN5,10.84739316,9,6,30,GrossPhoto,1.4375166986478471,I07_TPC RUN5 GrossPhoto,I07_TPC RUN5 30 GrossPhoto,FALSE,FALSE,FALSE,FALSE,Turbinaria frondens
2025-08-09,Elam,G07_TPC,G07,RUN5,20.22026807,10,6,30,Respiration,0.43060851356456215,G07_TPC RUN5 Respiration,G07_TPC RUN5 30 Respiration,FALSE,FALSE,FALSE,FALSE,Echinopora lamellosa
2025-08-09,Elam,G07_TPC,G07,RUN5,20.22026807,10,6,30,NetPhoto,0.8502151347293196,G07_TPC RUN5 NetPhoto,G07_TPC RUN5 30 NetPhoto,FALSE,FALSE,FALSE,FALSE,Echinopora lamellosa
2025-08-09,Elam,G07_TPC,G07,RUN5,20.22026807,10,6,30,GrossPhoto,1.2808236482938815,G07_TPC RUN5 GrossPhoto,G07_TPC RUN5 30 GrossPhoto,FALSE,FALSE,FALSE,FALSE,Echinopora lamellosa
2025-08-09,Maeq,H07_TPC,H07,RUN5,19.99695246,11,6,30,Respiration,0.345842775313706,H07_TPC RUN5 Respiration,H07_TPC RUN5 30 Respiration,FALSE,FALSE,FALSE,FALSE,Montipora aequituberculata
2025-08-09,Maeq,H07_TPC,H07,RUN5,19.99695246,11,6,30,NetPhoto,0.7030787527777259,H07_TPC RUN5 NetPhoto,H07_TPC RUN5 30 NetPhoto,FALSE,FALSE,FALSE,FALSE,Montipora aequituberculata
2025-08-09,Maeq,H07_TPC,H07,RUN5,19.99695246,11,6,30,GrossPhoto,1.048921528091432,H07_TPC RUN5 GrossPhoto,H07_TPC RUN5 30 GrossPhoto,FALSE,FALSE,FALSE,FALSE,Montipora aequituberculata
2025-08-10,Maeq,H08_TPC,H08,RUN6,15.57211329,2,6,30,Respiration,0.41348705904627014,H08_TPC RUN6 Respiration,H08_TPC RUN6 30 Respiration,FALSE,FALSE,FALSE,FALSE,Montipora aequituberculata
2025-08-10,Maeq,H08_TPC,H08,RUN6,15.57211329,2,6,30,NetPhoto,0.36321816961080566,H08_TPC RUN6 NetPhoto,H08_TPC RUN6 30 NetPhoto,FALSE,FALSE,FALSE,FALSE,Montipora aequituberculata
2025-08-10,Maeq,H08_TPC,H08,RUN6,15.57211329,2,6,30,GrossPhoto,0.7767052286570758,H08_TPC RUN6 GrossPhoto,H08_TPC RUN6 30 GrossPhoto,FALSE,FALSE,FALSE,FALSE,Montipora aequituberculata
2025-08-10,Fcom,C08_TPC,C08,RUN6,8.907737636,4,6,30,Respiration,0.31688125772392184,C08_TPC RUN6 Respiration,C08_TPC RUN6 30 Respiration,FALSE,FALSE,FALSE,FALSE,Favites complanata
2025-08-10,Fcom,C08_TPC,C08,RUN6,8.907737636,4,6,30,NetPhoto,0.6299188157883446,C08_TPC RUN6 NetPhoto,C08_TPC RUN6 30 NetPhoto,FALSE,FALSE,FALSE,FALSE,Favites complanata
2025-08-10,Fcom,C08_TPC,C08,RUN6,8.907737636,4,6,30,GrossPhoto,0.9468000735122664,C08_TPC RUN6 GrossPhoto,C08_TPC RUN6 30 GrossPhoto,FALSE,FALSE,FALSE,FALSE,Favites complanata
2025-08-10,Peyd,E08_TPC,E08,RUN6,30.03020351,5,6,30,Respiration,0.6445830581697448,E08_TPC RUN6 Respiration,E08_TPC RUN6 30 Respiration,FALSE,FALSE,FALSE,FALSE,Pocillopora eydouxi
2025-08-10,Peyd,E08_TPC,E08,RUN6,30.03020351,5,6,30,NetPhoto,0.8542728590080669,E08_TPC RUN6 NetPhoto,E08_TPC RUN6 30 NetPhoto,FALSE,FALSE,FALSE,FALSE,Pocillopora eydouxi
2025-08-10,Peyd,E08_TPC,E08,RUN6,30.03020351,5,6,30,GrossPhoto,1.4988559171778115,E08_TPC RUN6 GrossPhoto,E08_TPC RUN6 30 GrossPhoto,FALSE,FALSE,FALSE,FALSE,Pocillopora eydouxi
2025-08-10,Prus,D04_TPC,D04,RUN6,15.43174348,6,6,30,Respiration,0.6853619107947008,D04_TPC RUN6 Respiration,D04_TPC RUN6 30 Respiration,FALSE,FALSE,FALSE,FALSE,Porites rus
2025-08-10,Prus,D04_TPC,D04,RUN6,15.43174348,6,6,30,NetPhoto,1.459758802723456,D04_TPC RUN6 NetPhoto,D04_TPC RUN6 30 NetPhoto,FALSE,FALSE,FALSE,FALSE,Porites rus
2025-08-10,Prus,D04_TPC,D04,RUN6,15.43174348,6,6,30,GrossPhoto,2.145120713518157,D04_TPC RUN6 GrossPhoto,D04_TPC RUN6 30 GrossPhoto,FALSE,FALSE,FALSE,FALSE,Porites rus
2025-08-10,Ahya,J08_TPC,J08,RUN6,15.59444485,7,6,30,Respiration,0.29797878749843437,J08_TPC RUN6 Respiration,J08_TPC RUN6 30 Respiration,FALSE,FALSE,FALSE,FALSE,Acropora hyacinthus
2025-08-10,Ahya,J08_TPC,J08,RUN6,15.59444485,7,6,30,NetPhoto,0.8211224341431831,J08_TPC RUN6 NetPhoto,J08_TPC RUN6 30 NetPhoto,FALSE,FALSE,FALSE,FALSE,Acropora hyacinthus
2025-08-10,Ahya,J08_TPC,J08,RUN6,15.59444485,7,6,30,GrossPhoto,1.1191012216416174,J08_TPC RUN6 GrossPhoto,J08_TPC RUN6 30 GrossPhoto,FALSE,FALSE,FALSE,FALSE,Acropora hyacinthus
2025-08-10,Tfro,I08_TPC,I08,RUN6,7.194587934,10,6,30,Respiration,0.7261631428716461,I08_TPC RUN6 Respiration,I08_TPC RUN6 30 Respiration,FALSE,FALSE,FALSE,FALSE,Turbinaria frondens
2025-08-10,Tfro,I08_TPC,I08,RUN6,7.194587934,10,6,30,NetPhoto,1.157054224098642,I08_TPC RUN6 NetPhoto,I08_TPC RUN6 30 NetPhoto,FALSE,FALSE,FALSE,FALSE,Turbinaria frondens
2025-08-10,Tfro,I08_TPC,I08,RUN6,7.194587934,10,6,30,GrossPhoto,1.883217366970288,I08_TPC RUN6 GrossPhoto,I08_TPC RUN6 30 GrossPhoto,FALSE,FALSE,FALSE,FALSE,Turbinaria frondens
2025-08-10,Elam,G08_TPC,G08,RUN6,22.74054416,12,6,30,Respiration,0.6220994212478809,G08_TPC RUN6 Respiration,G08_TPC RUN6 30 Respiration,FALSE,FALSE,FALSE,FALSE,Echinopora lamellosa
2025-08-10,Elam,G08_TPC,G08,RUN6,22.74054416,12,6,30,NetPhoto,0.9555632705995292,G08_TPC RUN6 NetPhoto,G08_TPC RUN6 30 NetPhoto,FALSE,FALSE,FALSE,FALSE,Echinopora lamellosa
2025-08-10,Elam,G08_TPC,G08,RUN6,22.74054416,12,6,30,GrossPhoto,1.57766269184741,G08_TPC RUN6 GrossPhoto,G08_TPC RUN6 30 GrossPhoto,FALSE,FALSE,FALSE,FALSE,Echinopora lamellosa
2025-08-01,Elam,G01_TPC,G01,RUN1,20.38296944,2,7,31,Respiration,0.5792168208022651,G01_TPC RUN1 Respiration,G01_TPC RUN1 31 Respiration,FALSE,FALSE,FALSE,FALSE,Echinopora lamellosa
2025-08-01,Elam,G01_TPC,G01,RUN1,20.38296944,2,7,31,NetPhoto,0.894142355783696,G01_TPC RUN1 NetPhoto,G01_TPC RUN1 31 NetPhoto,FALSE,FALSE,FALSE,FALSE,Echinopora lamellosa
2025-08-01,Elam,G01_TPC,G01,RUN1,20.38296944,2,7,31,GrossPhoto,1.4733591765859613,G01_TPC RUN1 GrossPhoto,G01_TPC RUN1 31 GrossPhoto,FALSE,FALSE,FALSE,FALSE,Echinopora lamellosa
2025-08-01,Fcom,C01_TPC,C01,RUN1,23.69761104,3,7,31,Respiration,0.5176514419646481,C01_TPC RUN1 Respiration,C01_TPC RUN1 31 Respiration,FALSE,FALSE,FALSE,FALSE,Favites complanata
2025-08-01,Fcom,C01_TPC,C01,RUN1,23.69761104,3,7,31,NetPhoto,0.9013917663257204,C01_TPC RUN1 NetPhoto,C01_TPC RUN1 31 NetPhoto,FALSE,FALSE,FALSE,FALSE,Favites complanata
2025-08-01,Fcom,C01_TPC,C01,RUN1,23.69761104,3,7,31,GrossPhoto,1.4190432082903683,C01_TPC RUN1 GrossPhoto,C01_TPC RUN1 31 GrossPhoto,FALSE,FALSE,FALSE,FALSE,Favites complanata
2025-08-01,Peyd,E01_TPC,E01,RUN1,33.93822657,5,7,31,Respiration,0.5829217189919078,E01_TPC RUN1 Respiration,E01_TPC RUN1 31 Respiration,FALSE,FALSE,FALSE,FALSE,Pocillopora eydouxi
2025-08-01,Peyd,E01_TPC,E01,RUN1,33.93822657,5,7,31,NetPhoto,0.7163209763735026,E01_TPC RUN1 NetPhoto,E01_TPC RUN1 31 NetPhoto,FALSE,FALSE,FALSE,FALSE,Pocillopora eydouxi
2025-08-01,Peyd,E01_TPC,E01,RUN1,33.93822657,5,7,31,GrossPhoto,1.2992426953654104,E01_TPC RUN1 GrossPhoto,E01_TPC RUN1 31 GrossPhoto,FALSE,FALSE,FALSE,FALSE,Pocillopora eydouxi
2025-08-01,Ahya,J01_TPC,J01,RUN1,16.22929921,7,7,31,Respiration,0.5216683284679687,J01_TPC RUN1 Respiration,J01_TPC RUN1 31 Respiration,FALSE,FALSE,FALSE,FALSE,Acropora hyacinthus
2025-08-01,Ahya,J01_TPC,J01,RUN1,16.22929921,7,7,31,NetPhoto,0.7032063755913491,J01_TPC RUN1 NetPhoto,J01_TPC RUN1 31 NetPhoto,FALSE,FALSE,FALSE,FALSE,Acropora hyacinthus
2025-08-01,Ahya,J01_TPC,J01,RUN1,16.22929921,7,7,31,GrossPhoto,1.2248747040593178,J01_TPC RUN1 GrossPhoto,J01_TPC RUN1 31 GrossPhoto,FALSE,FALSE,FALSE,FALSE,Acropora hyacinthus
2025-08-01,Tfro,I01_TPC,I01,RUN1,26.20193602,8,7,31,Respiration,0.6305070752871488,I01_TPC RUN1 Respiration,I01_TPC RUN1 31 Respiration,FALSE,FALSE,FALSE,FALSE,Turbinaria frondens
2025-08-01,Tfro,I01_TPC,I01,RUN1,26.20193602,8,7,31,NetPhoto,0.5235487158968001,I01_TPC RUN1 NetPhoto,I01_TPC RUN1 31 NetPhoto,FALSE,FALSE,FALSE,FALSE,Turbinaria frondens
2025-08-01,Tfro,I01_TPC,I01,RUN1,26.20193602,8,7,31,GrossPhoto,1.1540557911839489,I01_TPC RUN1 GrossPhoto,I01_TPC RUN1 31 GrossPhoto,FALSE,FALSE,FALSE,FALSE,Turbinaria frondens
2025-08-01,Maeq,H01_TPC,H01,RUN1,32.84078989,11,7,31,Respiration,0.612680638421388,H01_TPC RUN1 Respiration,H01_TPC RUN1 31 Respiration,FALSE,FALSE,FALSE,FALSE,Montipora aequituberculata
2025-08-01,Maeq,H01_TPC,H01,RUN1,32.84078989,11,7,31,NetPhoto,0.393554077303546,H01_TPC RUN1 NetPhoto,H01_TPC RUN1 31 NetPhoto,FALSE,FALSE,FALSE,FALSE,Montipora aequituberculata
2025-08-01,Maeq,H01_TPC,H01,RUN1,32.84078989,11,7,31,GrossPhoto,1.006234715724934,H01_TPC RUN1 GrossPhoto,H01_TPC RUN1 31 GrossPhoto,FALSE,FALSE,FALSE,FALSE,Montipora aequituberculata
2025-08-01,Prus,D01_TPC,D01,RUN1,28.54674986,12,7,31,Respiration,0.6595985588738124,D01_TPC RUN1 Respiration,D01_TPC RUN1 31 Respiration,FALSE,FALSE,FALSE,FALSE,Porites rus
2025-08-01,Prus,D01_TPC,D01,RUN1,28.54674986,12,7,31,NetPhoto,0.8117154889168555,D01_TPC RUN1 NetPhoto,D01_TPC RUN1 31 NetPhoto,FALSE,FALSE,FALSE,FALSE,Porites rus
2025-08-01,Prus,D01_TPC,D01,RUN1,28.54674986,12,7,31,GrossPhoto,1.471314047790668,D01_TPC RUN1 GrossPhoto,D01_TPC RUN1 31 GrossPhoto,FALSE,FALSE,FALSE,FALSE,Porites rus
2025-08-02,Elam,G02_TPC,G02,RUN2,16.88329491,1,7,31,Respiration,0.6355819557931478,G02_TPC RUN2 Respiration,G02_TPC RUN2 31 Respiration,FALSE,FALSE,FALSE,FALSE,Echinopora lamellosa
2025-08-02,Elam,G02_TPC,G02,RUN2,16.88329491,1,7,31,NetPhoto,0.9534661431983636,G02_TPC RUN2 NetPhoto,G02_TPC RUN2 31 NetPhoto,FALSE,FALSE,FALSE,FALSE,Echinopora lamellosa
2025-08-02,Elam,G02_TPC,G02,RUN2,16.88329491,1,7,31,GrossPhoto,1.5890480989915114,G02_TPC RUN2 GrossPhoto,G02_TPC RUN2 31 GrossPhoto,FALSE,FALSE,FALSE,FALSE,Echinopora lamellosa
2025-08-02,Peyd,E02_TPC,E02,RUN2,34.41995023,2,7,31,Respiration,0.5482819794022579,E02_TPC RUN2 Respiration,E02_TPC RUN2 31 Respiration,FALSE,FALSE,FALSE,FALSE,Pocillopora eydouxi
2025-08-02,Peyd,E02_TPC,E02,RUN2,34.41995023,2,7,31,NetPhoto,0.7019714288652936,E02_TPC RUN2 NetPhoto,E02_TPC RUN2 31 NetPhoto,FALSE,FALSE,FALSE,FALSE,Pocillopora eydouxi
2025-08-02,Peyd,E02_TPC,E02,RUN2,34.41995023,2,7,31,GrossPhoto,1.2502534082675516,E02_TPC RUN2 GrossPhoto,E02_TPC RUN2 31 GrossPhoto,FALSE,FALSE,FALSE,FALSE,Pocillopora eydouxi
2025-08-02,Prus,D02_TPC,D02,RUN2,18.28699298,4,7,31,Respiration,0.8117630420213422,D02_TPC RUN2 Respiration,D02_TPC RUN2 31 Respiration,FALSE,FALSE,FALSE,FALSE,Porites rus
2025-08-02,Prus,D02_TPC,D02,RUN2,18.28699298,4,7,31,NetPhoto,0.6920093915523504,D02_TPC RUN2 NetPhoto,D02_TPC RUN2 31 NetPhoto,FALSE,FALSE,FALSE,FALSE,Porites rus
2025-08-02,Prus,D02_TPC,D02,RUN2,18.28699298,4,7,31,GrossPhoto,1.5037724335736926,D02_TPC RUN2 GrossPhoto,D02_TPC RUN2 31 GrossPhoto,FALSE,FALSE,FALSE,FALSE,Porites rus
2025-08-02,Tfro,I02_TPC,I02,RUN2,24.37074807,6,7,31,Respiration,0.5666497141560876,I02_TPC RUN2 Respiration,I02_TPC RUN2 31 Respiration,FALSE,FALSE,FALSE,FALSE,Turbinaria frondens
2025-08-02,Tfro,I02_TPC,I02,RUN2,24.37074807,6,7,31,NetPhoto,0.7020357331876513,I02_TPC RUN2 NetPhoto,I02_TPC RUN2 31 NetPhoto,FALSE,FALSE,FALSE,FALSE,Turbinaria frondens
2025-08-02,Tfro,I02_TPC,I02,RUN2,24.37074807,6,7,31,GrossPhoto,1.268685447343739,I02_TPC RUN2 GrossPhoto,I02_TPC RUN2 31 GrossPhoto,FALSE,FALSE,FALSE,FALSE,Turbinaria frondens
2025-08-02,Fcom,C02_TPC,C02,RUN2,24.72805304,8,7,31,Respiration,0.7478089862668343,C02_TPC RUN2 Respiration,C02_TPC RUN2 31 Respiration,FALSE,FALSE,FALSE,FALSE,Favites complanata
2025-08-02,Fcom,C02_TPC,C02,RUN2,24.72805304,8,7,31,NetPhoto,0.9594336639369532,C02_TPC RUN2 NetPhoto,C02_TPC RUN2 31 NetPhoto,FALSE,FALSE,FALSE,FALSE,Favites complanata
2025-08-02,Fcom,C02_TPC,C02,RUN2,24.72805304,8,7,31,GrossPhoto,1.7072426502037874,C02_TPC RUN2 GrossPhoto,C02_TPC RUN2 31 GrossPhoto,FALSE,FALSE,FALSE,FALSE,Favites complanata
2025-08-02,Ahya,J02_TPC,J02,RUN2,20.79769841,9,7,31,Respiration,0.470446094510592,J02_TPC RUN2 Respiration,J02_TPC RUN2 31 Respiration,FALSE,FALSE,FALSE,FALSE,Acropora hyacinthus
2025-08-02,Ahya,J02_TPC,J02,RUN2,20.79769841,9,7,31,NetPhoto,0.4898713597830658,J02_TPC RUN2 NetPhoto,J02_TPC RUN2 31 NetPhoto,FALSE,FALSE,FALSE,FALSE,Acropora hyacinthus
2025-08-02,Ahya,J02_TPC,J02,RUN2,20.79769841,9,7,31,GrossPhoto,0.9603174542936578,J02_TPC RUN2 GrossPhoto,J02_TPC RUN2 31 GrossPhoto,FALSE,FALSE,FALSE,FALSE,Acropora hyacinthus
2025-08-02,Maeq,H02_TPC,H02,RUN2,37.79520607,12,7,31,Respiration,0.2652669509633924,H02_TPC RUN2 Respiration,H02_TPC RUN2 31 Respiration,FALSE,FALSE,FALSE,FALSE,Montipora aequituberculata
2025-08-02,Maeq,H02_TPC,H02,RUN2,37.79520607,12,7,31,NetPhoto,0.4359437685156062,H02_TPC RUN2 NetPhoto,H02_TPC RUN2 31 NetPhoto,FALSE,FALSE,FALSE,FALSE,Montipora aequituberculata
2025-08-02,Maeq,H02_TPC,H02,RUN2,37.79520607,12,7,31,GrossPhoto,0.7012107194789986,H02_TPC RUN2 GrossPhoto,H02_TPC RUN2 31 GrossPhoto,FALSE,FALSE,FALSE,FALSE,Montipora aequituberculata
2025-08-03,Peyd,E03_TPC,E03,RUN3,37.62293403,1,7,31,Respiration,0.49092481401441246,E03_TPC RUN3 Respiration,E03_TPC RUN3 31 Respiration,FALSE,FALSE,FALSE,FALSE,Pocillopora eydouxi
2025-08-03,Peyd,E03_TPC,E03,RUN3,37.62293403,1,7,31,NetPhoto,0.6468245237043078,E03_TPC RUN3 NetPhoto,E03_TPC RUN3 31 NetPhoto,FALSE,FALSE,FALSE,FALSE,Pocillopora eydouxi
2025-08-03,Peyd,E03_TPC,E03,RUN3,37.62293403,1,7,31,GrossPhoto,1.1377493377187202,E03_TPC RUN3 GrossPhoto,E03_TPC RUN3 31 GrossPhoto,FALSE,FALSE,FALSE,FALSE,Pocillopora eydouxi
2025-08-03,Tfro,I03_TPC,I03,RUN3,30.56935118,2,7,31,Respiration,0.49268504782056577,I03_TPC RUN3 Respiration,I03_TPC RUN3 31 Respiration,FALSE,FALSE,FALSE,FALSE,Turbinaria frondens
2025-08-03,Tfro,I03_TPC,I03,RUN3,30.56935118,2,7,31,NetPhoto,0.4099591643577163,I03_TPC RUN3 NetPhoto,I03_TPC RUN3 31 NetPhoto,FALSE,FALSE,FALSE,FALSE,Turbinaria frondens
2025-08-03,Tfro,I03_TPC,I03,RUN3,30.56935118,2,7,31,GrossPhoto,0.902644212178282,I03_TPC RUN3 GrossPhoto,I03_TPC RUN3 31 GrossPhoto,FALSE,FALSE,FALSE,FALSE,Turbinaria frondens
2025-08-03,Maeq,H04_TPC,H04,RUN3,41.64580512,4,7,31,Respiration,0.3938464121434826,H04_TPC RUN3 Respiration,H04_TPC RUN3 31 Respiration,FALSE,FALSE,FALSE,FALSE,Montipora aequituberculata
2025-08-03,Maeq,H04_TPC,H04,RUN3,41.64580512,4,7,31,NetPhoto,0.5377973480262128,H04_TPC RUN3 NetPhoto,H04_TPC RUN3 31 NetPhoto,FALSE,FALSE,FALSE,FALSE,Montipora aequituberculata
2025-08-03,Maeq,H04_TPC,H04,RUN3,41.64580512,4,7,31,GrossPhoto,0.9316437601696954,H04_TPC RUN3 GrossPhoto,H04_TPC RUN3 31 GrossPhoto,FALSE,FALSE,FALSE,FALSE,Montipora aequituberculata
2025-08-03,Ahya,J03_TPC,J03,RUN3,29.80688791,7,7,31,Respiration,0.615612206266731,J03_TPC RUN3 Respiration,J03_TPC RUN3 31 Respiration,FALSE,FALSE,FALSE,FALSE,Acropora hyacinthus
2025-08-03,Ahya,J03_TPC,J03,RUN3,29.80688791,7,7,31,NetPhoto,0.7941163351961713,J03_TPC RUN3 NetPhoto,J03_TPC RUN3 31 NetPhoto,FALSE,FALSE,FALSE,FALSE,Acropora hyacinthus
2025-08-03,Ahya,J03_TPC,J03,RUN3,29.80688791,7,7,31,GrossPhoto,1.4097285414629024,J03_TPC RUN3 GrossPhoto,J03_TPC RUN3 31 GrossPhoto,FALSE,FALSE,FALSE,FALSE,Acropora hyacinthus
2025-08-03,Fcom,C03_TPC,C03,RUN3,26.45396363,9,7,31,Respiration,0.8565148903529304,C03_TPC RUN3 Respiration,C03_TPC RUN3 31 Respiration,FALSE,FALSE,FALSE,FALSE,Favites complanata
2025-08-03,Fcom,C03_TPC,C03,RUN3,26.45396363,9,7,31,NetPhoto,1.489025558692629,C03_TPC RUN3 NetPhoto,C03_TPC RUN3 31 NetPhoto,FALSE,FALSE,FALSE,FALSE,Favites complanata
2025-08-03,Fcom,C03_TPC,C03,RUN3,26.45396363,9,7,31,GrossPhoto,2.3455404490455596,C03_TPC RUN3 GrossPhoto,C03_TPC RUN3 31 GrossPhoto,FALSE,FALSE,FALSE,FALSE,Favites complanata
2025-08-03,Elam,G05_TPC,G05,RUN3,17.26931188,11,7,31,Respiration,0.662618298364412,G05_TPC RUN3 Respiration,G05_TPC RUN3 31 Respiration,FALSE,FALSE,FALSE,FALSE,Echinopora lamellosa
2025-08-03,Elam,G05_TPC,G05,RUN3,17.26931188,11,7,31,NetPhoto,1.1869115588899486,G05_TPC RUN3 NetPhoto,G05_TPC RUN3 31 NetPhoto,FALSE,FALSE,FALSE,FALSE,Echinopora lamellosa
2025-08-03,Elam,G05_TPC,G05,RUN3,17.26931188,11,7,31,GrossPhoto,1.8495298572543608,G05_TPC RUN3 GrossPhoto,G05_TPC RUN3 31 GrossPhoto,FALSE,FALSE,FALSE,FALSE,Echinopora lamellosa
2025-08-03,Prus,D03_TPC,D03,RUN3,17.32354567,12,7,31,Respiration,0.6917427709410467,D03_TPC RUN3 Respiration,D03_TPC RUN3 31 Respiration,FALSE,FALSE,FALSE,FALSE,Porites rus
2025-08-03,Prus,D03_TPC,D03,RUN3,17.32354567,12,7,31,NetPhoto,0.6505140086280321,D03_TPC RUN3 NetPhoto,D03_TPC RUN3 31 NetPhoto,FALSE,FALSE,FALSE,FALSE,Porites rus
2025-08-03,Prus,D03_TPC,D03,RUN3,17.32354567,12,7,31,GrossPhoto,1.342256779569079,D03_TPC RUN3 GrossPhoto,D03_TPC RUN3 31 GrossPhoto,FALSE,FALSE,FALSE,FALSE,Porites rus
2025-08-09,Peyd,E07_TPC,E07,RUN5,18.03177515,3,7,31,Respiration,0.5445475899982832,E07_TPC RUN5 Respiration,E07_TPC RUN5 31 Respiration,FALSE,FALSE,FALSE,FALSE,Pocillopora eydouxi
2025-08-09,Peyd,E07_TPC,E07,RUN5,18.03177515,3,7,31,NetPhoto,1.014484100182381,E07_TPC RUN5 NetPhoto,E07_TPC RUN5 31 NetPhoto,FALSE,FALSE,FALSE,FALSE,Pocillopora eydouxi
2025-08-09,Peyd,E07_TPC,E07,RUN5,18.03177515,3,7,31,GrossPhoto,1.5590316901806642,E07_TPC RUN5 GrossPhoto,E07_TPC RUN5 31 GrossPhoto,FALSE,FALSE,FALSE,FALSE,Pocillopora eydouxi
2025-08-09,Ahya,J07_TPC,J07,RUN5,16.49727793,4,7,31,Respiration,0.521645548049875,J07_TPC RUN5 Respiration,J07_TPC RUN5 31 Respiration,FALSE,FALSE,FALSE,FALSE,Acropora hyacinthus
2025-08-09,Ahya,J07_TPC,J07,RUN5,16.49727793,4,7,31,NetPhoto,0.8222048800999444,J07_TPC RUN5 NetPhoto,J07_TPC RUN5 31 NetPhoto,FALSE,FALSE,FALSE,FALSE,Acropora hyacinthus
2025-08-09,Ahya,J07_TPC,J07,RUN5,16.49727793,4,7,31,GrossPhoto,1.3438504281498194,J07_TPC RUN5 GrossPhoto,J07_TPC RUN5 31 GrossPhoto,FALSE,FALSE,FALSE,FALSE,Acropora hyacinthus
2025-08-09,Fcom,C07_TPC,C07,RUN5,12.85404337,5,7,31,Respiration,0.6296234839284763,C07_TPC RUN5 Respiration,C07_TPC RUN5 31 Respiration,FALSE,FALSE,FALSE,FALSE,Favites complanata
2025-08-09,Fcom,C07_TPC,C07,RUN5,12.85404337,5,7,31,NetPhoto,1.3057345463327643,C07_TPC RUN5 NetPhoto,C07_TPC RUN5 31 NetPhoto,FALSE,FALSE,FALSE,FALSE,Favites complanata
2025-08-09,Fcom,C07_TPC,C07,RUN5,12.85404337,5,7,31,GrossPhoto,1.9353580302612403,C07_TPC RUN5 GrossPhoto,C07_TPC RUN5 31 GrossPhoto,FALSE,FALSE,FALSE,FALSE,Favites complanata
2025-08-09,Prus,D07_TPC,D07,RUN5,13.26877235,8,7,31,Respiration,0.7045449114622848,D07_TPC RUN5 Respiration,D07_TPC RUN5 31 Respiration,FALSE,FALSE,FALSE,FALSE,Porites rus
2025-08-09,Prus,D07_TPC,D07,RUN5,13.26877235,8,7,31,NetPhoto,1.0456781011831882,D07_TPC RUN5 NetPhoto,D07_TPC RUN5 31 NetPhoto,FALSE,FALSE,FALSE,FALSE,Porites rus
2025-08-09,Prus,D07_TPC,D07,RUN5,13.26877235,8,7,31,GrossPhoto,1.750223012645473,D07_TPC RUN5 GrossPhoto,D07_TPC RUN5 31 GrossPhoto,FALSE,FALSE,FALSE,FALSE,Porites rus
2025-08-09,Tfro,I07_TPC,I07,RUN5,10.84739316,9,7,31,Respiration,0.6966959846408936,I07_TPC RUN5 Respiration,I07_TPC RUN5 31 Respiration,FALSE,FALSE,FALSE,FALSE,Turbinaria frondens
2025-08-09,Tfro,I07_TPC,I07,RUN5,10.84739316,9,7,31,NetPhoto,0.7157708196347062,I07_TPC RUN5 NetPhoto,I07_TPC RUN5 31 NetPhoto,FALSE,FALSE,FALSE,FALSE,Turbinaria frondens
2025-08-09,Tfro,I07_TPC,I07,RUN5,10.84739316,9,7,31,GrossPhoto,1.4124668042755997,I07_TPC RUN5 GrossPhoto,I07_TPC RUN5 31 GrossPhoto,FALSE,FALSE,FALSE,FALSE,Turbinaria frondens
2025-08-09,Elam,G07_TPC,G07,RUN5,20.22026807,10,7,31,Respiration,0.4861787419549338,G07_TPC RUN5 Respiration,G07_TPC RUN5 31 Respiration,FALSE,FALSE,FALSE,FALSE,Echinopora lamellosa
2025-08-09,Elam,G07_TPC,G07,RUN5,20.22026807,10,7,31,NetPhoto,0.7652910435253425,G07_TPC RUN5 NetPhoto,G07_TPC RUN5 31 NetPhoto,FALSE,FALSE,FALSE,FALSE,Echinopora lamellosa
2025-08-09,Elam,G07_TPC,G07,RUN5,20.22026807,10,7,31,GrossPhoto,1.2514697854802763,G07_TPC RUN5 GrossPhoto,G07_TPC RUN5 31 GrossPhoto,FALSE,FALSE,FALSE,FALSE,Echinopora lamellosa
2025-08-09,Maeq,H07_TPC,H07,RUN5,19.99695246,11,7,31,Respiration,0.3959519514408493,H07_TPC RUN5 Respiration,H07_TPC RUN5 31 Respiration,FALSE,FALSE,FALSE,FALSE,Montipora aequituberculata
2025-08-09,Maeq,H07_TPC,H07,RUN5,19.99695246,11,7,31,NetPhoto,0.6710862341985849,H07_TPC RUN5 NetPhoto,H07_TPC RUN5 31 NetPhoto,FALSE,FALSE,FALSE,FALSE,Montipora aequituberculata
2025-08-09,Maeq,H07_TPC,H07,RUN5,19.99695246,11,7,31,GrossPhoto,1.0670381856394342,H07_TPC RUN5 GrossPhoto,H07_TPC RUN5 31 GrossPhoto,FALSE,FALSE,FALSE,FALSE,Montipora aequituberculata
2025-08-10,Maeq,H08_TPC,H08,RUN6,15.57211329,2,7,31,Respiration,0.4486880361075968,H08_TPC RUN6 Respiration,H08_TPC RUN6 31 Respiration,FALSE,FALSE,FALSE,FALSE,Montipora aequituberculata
2025-08-10,Maeq,H08_TPC,H08,RUN6,15.57211329,2,7,31,NetPhoto,0.40806767653545145,H08_TPC RUN6 NetPhoto,H08_TPC RUN6 31 NetPhoto,FALSE,FALSE,FALSE,FALSE,Montipora aequituberculata
2025-08-10,Maeq,H08_TPC,H08,RUN6,15.57211329,2,7,31,GrossPhoto,0.8567557126430483,H08_TPC RUN6 GrossPhoto,H08_TPC RUN6 31 GrossPhoto,FALSE,FALSE,FALSE,FALSE,Montipora aequituberculata
2025-08-10,Fcom,C08_TPC,C08,RUN6,8.907737636,4,7,31,Respiration,0.30076955104297687,C08_TPC RUN6 Respiration,C08_TPC RUN6 31 Respiration,FALSE,FALSE,FALSE,FALSE,Favites complanata
2025-08-10,Fcom,C08_TPC,C08,RUN6,8.907737636,4,7,31,NetPhoto,0.6735503415179546,C08_TPC RUN6 NetPhoto,C08_TPC RUN6 31 NetPhoto,FALSE,FALSE,FALSE,FALSE,Favites complanata
2025-08-10,Fcom,C08_TPC,C08,RUN6,8.907737636,4,7,31,GrossPhoto,0.9743198925609314,C08_TPC RUN6 GrossPhoto,C08_TPC RUN6 31 GrossPhoto,FALSE,FALSE,FALSE,FALSE,Favites complanata
2025-08-10,Peyd,E08_TPC,E08,RUN6,30.03020351,5,7,31,Respiration,0.7207054461526825,E08_TPC RUN6 Respiration,E08_TPC RUN6 31 Respiration,FALSE,FALSE,FALSE,FALSE,Pocillopora eydouxi
2025-08-10,Peyd,E08_TPC,E08,RUN6,30.03020351,5,7,31,NetPhoto,0.9023463096700088,E08_TPC RUN6 NetPhoto,E08_TPC RUN6 31 NetPhoto,FALSE,FALSE,FALSE,FALSE,Pocillopora eydouxi
2025-08-10,Peyd,E08_TPC,E08,RUN6,30.03020351,5,7,31,GrossPhoto,1.6230517558226911,E08_TPC RUN6 GrossPhoto,E08_TPC RUN6 31 GrossPhoto,FALSE,FALSE,FALSE,FALSE,Pocillopora eydouxi
2025-08-10,Prus,D04_TPC,D04,RUN6,15.43174348,6,7,31,Respiration,0.6580355122831788,D04_TPC RUN6 Respiration,D04_TPC RUN6 31 Respiration,FALSE,FALSE,FALSE,FALSE,Porites rus
2025-08-10,Prus,D04_TPC,D04,RUN6,15.43174348,6,7,31,NetPhoto,1.4978743489432953,D04_TPC RUN6 NetPhoto,D04_TPC RUN6 31 NetPhoto,FALSE,FALSE,FALSE,FALSE,Porites rus
2025-08-10,Prus,D04_TPC,D04,RUN6,15.43174348,6,7,31,GrossPhoto,2.155909861226474,D04_TPC RUN6 GrossPhoto,D04_TPC RUN6 31 GrossPhoto,FALSE,FALSE,FALSE,FALSE,Porites rus
2025-08-10,Ahya,J08_TPC,J08,RUN6,15.59444485,7,7,31,Respiration,0.34269399565002784,J08_TPC RUN6 Respiration,J08_TPC RUN6 31 Respiration,FALSE,FALSE,FALSE,FALSE,Acropora hyacinthus
2025-08-10,Ahya,J08_TPC,J08,RUN6,15.59444485,7,7,31,NetPhoto,0.7966359050100373,J08_TPC RUN6 NetPhoto,J08_TPC RUN6 31 NetPhoto,FALSE,FALSE,FALSE,FALSE,Acropora hyacinthus
2025-08-10,Ahya,J08_TPC,J08,RUN6,15.59444485,7,7,31,GrossPhoto,1.1393299006600652,J08_TPC RUN6 GrossPhoto,J08_TPC RUN6 31 GrossPhoto,FALSE,FALSE,FALSE,FALSE,Acropora hyacinthus
2025-08-10,Tfro,I08_TPC,I08,RUN6,7.194587934,10,7,31,Respiration,0.7165088427792592,I08_TPC RUN6 Respiration,I08_TPC RUN6 31 Respiration,FALSE,FALSE,FALSE,FALSE,Turbinaria frondens
2025-08-10,Tfro,I08_TPC,I08,RUN6,7.194587934,10,7,31,NetPhoto,1.1591900006996676,I08_TPC RUN6 NetPhoto,I08_TPC RUN6 31 NetPhoto,FALSE,FALSE,FALSE,FALSE,Turbinaria frondens
2025-08-10,Tfro,I08_TPC,I08,RUN6,7.194587934,10,7,31,GrossPhoto,1.8756988434789268,I08_TPC RUN6 GrossPhoto,I08_TPC RUN6 31 GrossPhoto,FALSE,FALSE,FALSE,FALSE,Turbinaria frondens
2025-08-10,Elam,G08_TPC,G08,RUN6,22.74054416,12,7,31,Respiration,0.6239607983750804,G08_TPC RUN6 Respiration,G08_TPC RUN6 31 Respiration,FALSE,FALSE,FALSE,FALSE,Echinopora lamellosa
2025-08-10,Elam,G08_TPC,G08,RUN6,22.74054416,12,7,31,NetPhoto,0.9068499004403155,G08_TPC RUN6 NetPhoto,G08_TPC RUN6 31 NetPhoto,FALSE,FALSE,FALSE,FALSE,Echinopora lamellosa
2025-08-10,Elam,G08_TPC,G08,RUN6,22.74054416,12,7,31,GrossPhoto,1.530810698815396,G08_TPC RUN6 GrossPhoto,G08_TPC RUN6 31 GrossPhoto,FALSE,FALSE,FALSE,FALSE,Echinopora lamellosa
2025-08-01,Elam,G01_TPC,G01,RUN1,20.38296944,2,8,32,Respiration,0.6526234612117153,G01_TPC RUN1 Respiration,G01_TPC RUN1 32 Respiration,FALSE,FALSE,FALSE,FALSE,Echinopora lamellosa
2025-08-01,Elam,G01_TPC,G01,RUN1,20.38296944,2,8,32,NetPhoto,0.7718300088721922,G01_TPC RUN1 NetPhoto,G01_TPC RUN1 32 NetPhoto,FALSE,FALSE,FALSE,FALSE,Echinopora lamellosa
2025-08-01,Elam,G01_TPC,G01,RUN1,20.38296944,2,8,32,GrossPhoto,1.4244534700839075,G01_TPC RUN1 GrossPhoto,G01_TPC RUN1 32 GrossPhoto,FALSE,FALSE,FALSE,FALSE,Echinopora lamellosa
2025-08-01,Fcom,C01_TPC,C01,RUN1,23.69761104,3,8,32,Respiration,0.5415845259007106,C01_TPC RUN1 Respiration,C01_TPC RUN1 32 Respiration,FALSE,FALSE,FALSE,FALSE,Favites complanata
2025-08-01,Fcom,C01_TPC,C01,RUN1,23.69761104,3,8,32,NetPhoto,0.7227624420863192,C01_TPC RUN1 NetPhoto,C01_TPC RUN1 32 NetPhoto,FALSE,FALSE,FALSE,FALSE,Favites complanata
2025-08-01,Fcom,C01_TPC,C01,RUN1,23.69761104,3,8,32,GrossPhoto,1.2643469679870298,C01_TPC RUN1 GrossPhoto,C01_TPC RUN1 32 GrossPhoto,FALSE,FALSE,FALSE,FALSE,Favites complanata
2025-08-01,Peyd,E01_TPC,E01,RUN1,33.93822657,5,8,32,Respiration,0.623878921892234,E01_TPC RUN1 Respiration,E01_TPC RUN1 32 Respiration,FALSE,FALSE,FALSE,FALSE,Pocillopora eydouxi
2025-08-01,Peyd,E01_TPC,E01,RUN1,33.93822657,5,8,32,NetPhoto,0.5671339602662998,E01_TPC RUN1 NetPhoto,E01_TPC RUN1 32 NetPhoto,FALSE,FALSE,FALSE,FALSE,Pocillopora eydouxi
2025-08-01,Peyd,E01_TPC,E01,RUN1,33.93822657,5,8,32,GrossPhoto,1.191012882158534,E01_TPC RUN1 GrossPhoto,E01_TPC RUN1 32 GrossPhoto,FALSE,FALSE,FALSE,FALSE,Pocillopora eydouxi
2025-08-01,Ahya,J01_TPC,J01,RUN1,16.22929921,7,8,32,Respiration,0.5580985396447352,J01_TPC RUN1 Respiration,J01_TPC RUN1 32 Respiration,FALSE,FALSE,FALSE,FALSE,Acropora hyacinthus
2025-08-01,Ahya,J01_TPC,J01,RUN1,16.22929921,7,8,32,NetPhoto,0.6415898316831526,J01_TPC RUN1 NetPhoto,J01_TPC RUN1 32 NetPhoto,FALSE,FALSE,FALSE,FALSE,Acropora hyacinthus
2025-08-01,Ahya,J01_TPC,J01,RUN1,16.22929921,7,8,32,GrossPhoto,1.199688371327888,J01_TPC RUN1 GrossPhoto,J01_TPC RUN1 32 GrossPhoto,FALSE,FALSE,FALSE,FALSE,Acropora hyacinthus
2025-08-01,Tfro,I01_TPC,I01,RUN1,26.20193602,8,8,32,Respiration,0.6943758861307243,I01_TPC RUN1 Respiration,I01_TPC RUN1 32 Respiration,FALSE,FALSE,FALSE,FALSE,Turbinaria frondens
2025-08-01,Tfro,I01_TPC,I01,RUN1,26.20193602,8,8,32,NetPhoto,0.3859741565304875,I01_TPC RUN1 NetPhoto,I01_TPC RUN1 32 NetPhoto,FALSE,FALSE,FALSE,FALSE,Turbinaria frondens
2025-08-01,Tfro,I01_TPC,I01,RUN1,26.20193602,8,8,32,GrossPhoto,1.0803500426612118,I01_TPC RUN1 GrossPhoto,I01_TPC RUN1 32 GrossPhoto,FALSE,FALSE,FALSE,FALSE,Turbinaria frondens
2025-08-01,Maeq,H01_TPC,H01,RUN1,32.84078989,11,8,32,Respiration,0.6526089038389746,H01_TPC RUN1 Respiration,H01_TPC RUN1 32 Respiration,FALSE,FALSE,FALSE,FALSE,Montipora aequituberculata
2025-08-01,Maeq,H01_TPC,H01,RUN1,32.84078989,11,8,32,NetPhoto,0.3267374945278465,H01_TPC RUN1 NetPhoto,H01_TPC RUN1 32 NetPhoto,FALSE,FALSE,FALSE,FALSE,Montipora aequituberculata
2025-08-01,Maeq,H01_TPC,H01,RUN1,32.84078989,11,8,32,GrossPhoto,0.9793463983668212,H01_TPC RUN1 GrossPhoto,H01_TPC RUN1 32 GrossPhoto,FALSE,FALSE,FALSE,FALSE,Montipora aequituberculata
2025-08-01,Prus,D01_TPC,D01,RUN1,28.54674986,12,8,32,Respiration,0.6902328005987786,D01_TPC RUN1 Respiration,D01_TPC RUN1 32 Respiration,FALSE,FALSE,FALSE,FALSE,Porites rus
2025-08-01,Prus,D01_TPC,D01,RUN1,28.54674986,12,8,32,NetPhoto,0.6562021380389175,D01_TPC RUN1 NetPhoto,D01_TPC RUN1 32 NetPhoto,FALSE,FALSE,FALSE,FALSE,Porites rus
2025-08-01,Prus,D01_TPC,D01,RUN1,28.54674986,12,8,32,GrossPhoto,1.346434938637696,D01_TPC RUN1 GrossPhoto,D01_TPC RUN1 32 GrossPhoto,FALSE,FALSE,FALSE,FALSE,Porites rus
2025-08-02,Elam,G02_TPC,G02,RUN2,16.88329491,1,8,32,Respiration,0.6564388752127396,G02_TPC RUN2 Respiration,G02_TPC RUN2 32 Respiration,FALSE,FALSE,FALSE,FALSE,Echinopora lamellosa
2025-08-02,Elam,G02_TPC,G02,RUN2,16.88329491,1,8,32,NetPhoto,0.856527412940286,G02_TPC RUN2 NetPhoto,G02_TPC RUN2 32 NetPhoto,FALSE,FALSE,FALSE,FALSE,Echinopora lamellosa
2025-08-02,Elam,G02_TPC,G02,RUN2,16.88329491,1,8,32,GrossPhoto,1.5129662881530257,G02_TPC RUN2 GrossPhoto,G02_TPC RUN2 32 GrossPhoto,FALSE,FALSE,FALSE,FALSE,Echinopora lamellosa
2025-08-02,Peyd,E02_TPC,E02,RUN2,34.41995023,2,8,32,Respiration,0.5785212187213534,E02_TPC RUN2 Respiration,E02_TPC RUN2 32 Respiration,FALSE,FALSE,FALSE,FALSE,Pocillopora eydouxi
2025-08-02,Peyd,E02_TPC,E02,RUN2,34.41995023,2,8,32,NetPhoto,0.607199466685905,E02_TPC RUN2 NetPhoto,E02_TPC RUN2 32 NetPhoto,FALSE,FALSE,FALSE,FALSE,Pocillopora eydouxi
2025-08-02,Peyd,E02_TPC,E02,RUN2,34.41995023,2,8,32,GrossPhoto,1.1857206854072584,E02_TPC RUN2 GrossPhoto,E02_TPC RUN2 32 GrossPhoto,FALSE,FALSE,FALSE,FALSE,Pocillopora eydouxi
2025-08-02,Prus,D02_TPC,D02,RUN2,18.28699298,4,8,32,Respiration,0.8298295653060459,D02_TPC RUN2 Respiration,D02_TPC RUN2 32 Respiration,FALSE,FALSE,FALSE,FALSE,Porites rus
2025-08-02,Prus,D02_TPC,D02,RUN2,18.28699298,4,8,32,NetPhoto,0.7424580292411956,D02_TPC RUN2 NetPhoto,D02_TPC RUN2 32 NetPhoto,FALSE,FALSE,FALSE,FALSE,Porites rus
2025-08-02,Prus,D02_TPC,D02,RUN2,18.28699298,4,8,32,GrossPhoto,1.5722875945472414,D02_TPC RUN2 GrossPhoto,D02_TPC RUN2 32 GrossPhoto,FALSE,FALSE,FALSE,FALSE,Porites rus
2025-08-02,Tfro,I02_TPC,I02,RUN2,24.37074807,6,8,32,Respiration,0.6235329485712878,I02_TPC RUN2 Respiration,I02_TPC RUN2 32 Respiration,FALSE,FALSE,FALSE,FALSE,Turbinaria frondens
2025-08-02,Tfro,I02_TPC,I02,RUN2,24.37074807,6,8,32,NetPhoto,0.6282389140721877,I02_TPC RUN2 NetPhoto,I02_TPC RUN2 32 NetPhoto,FALSE,FALSE,FALSE,FALSE,Turbinaria frondens
2025-08-02,Tfro,I02_TPC,I02,RUN2,24.37074807,6,8,32,GrossPhoto,1.2517718626434755,I02_TPC RUN2 GrossPhoto,I02_TPC RUN2 32 GrossPhoto,FALSE,FALSE,FALSE,FALSE,Turbinaria frondens
2025-08-02,Fcom,C02_TPC,C02,RUN2,24.72805304,8,8,32,Respiration,0.7271027975197213,C02_TPC RUN2 Respiration,C02_TPC RUN2 32 Respiration,FALSE,FALSE,FALSE,FALSE,Favites complanata
2025-08-02,Fcom,C02_TPC,C02,RUN2,24.72805304,8,8,32,NetPhoto,0.9122959190892448,C02_TPC RUN2 NetPhoto,C02_TPC RUN2 32 NetPhoto,FALSE,FALSE,FALSE,FALSE,Favites complanata
2025-08-02,Fcom,C02_TPC,C02,RUN2,24.72805304,8,8,32,GrossPhoto,1.639398716608966,C02_TPC RUN2 GrossPhoto,C02_TPC RUN2 32 GrossPhoto,FALSE,FALSE,FALSE,FALSE,Favites complanata
2025-08-02,Ahya,J02_TPC,J02,RUN2,20.79769841,9,8,32,Respiration,0.4939255349413527,J02_TPC RUN2 Respiration,J02_TPC RUN2 32 Respiration,FALSE,FALSE,FALSE,FALSE,Acropora hyacinthus
2025-08-02,Ahya,J02_TPC,J02,RUN2,20.79769841,9,8,32,NetPhoto,0.4554925247691626,J02_TPC RUN2 NetPhoto,J02_TPC RUN2 32 NetPhoto,FALSE,FALSE,FALSE,FALSE,Acropora hyacinthus
2025-08-02,Ahya,J02_TPC,J02,RUN2,20.79769841,9,8,32,GrossPhoto,0.9494180597105152,J02_TPC RUN2 GrossPhoto,J02_TPC RUN2 32 GrossPhoto,FALSE,FALSE,FALSE,FALSE,Acropora hyacinthus
2025-08-02,Maeq,H02_TPC,H02,RUN2,37.79520607,12,8,32,Respiration,0.25857008762524497,H02_TPC RUN2 Respiration,H02_TPC RUN2 32 Respiration,FALSE,FALSE,FALSE,FALSE,Montipora aequituberculata
2025-08-02,Maeq,H02_TPC,H02,RUN2,37.79520607,12,8,32,NetPhoto,0.4251890991130979,H02_TPC RUN2 NetPhoto,H02_TPC RUN2 32 NetPhoto,FALSE,FALSE,FALSE,FALSE,Montipora aequituberculata
2025-08-02,Maeq,H02_TPC,H02,RUN2,37.79520607,12,8,32,GrossPhoto,0.6837591867383428,H02_TPC RUN2 GrossPhoto,H02_TPC RUN2 32 GrossPhoto,FALSE,FALSE,FALSE,FALSE,Montipora aequituberculata
2025-08-03,Peyd,E03_TPC,E03,RUN3,37.62293403,1,8,32,Respiration,0.5282805142225523,E03_TPC RUN3 Respiration,E03_TPC RUN3 32 Respiration,FALSE,FALSE,FALSE,FALSE,Pocillopora eydouxi
2025-08-03,Peyd,E03_TPC,E03,RUN3,37.62293403,1,8,32,NetPhoto,0.6220065909914171,E03_TPC RUN3 NetPhoto,E03_TPC RUN3 32 NetPhoto,FALSE,FALSE,FALSE,FALSE,Pocillopora eydouxi
2025-08-03,Peyd,E03_TPC,E03,RUN3,37.62293403,1,8,32,GrossPhoto,1.1502871052139694,E03_TPC RUN3 GrossPhoto,E03_TPC RUN3 32 GrossPhoto,FALSE,FALSE,FALSE,FALSE,Pocillopora eydouxi
2025-08-03,Tfro,I03_TPC,I03,RUN3,30.56935118,2,8,32,Respiration,0.5680043893755576,I03_TPC RUN3 Respiration,I03_TPC RUN3 32 Respiration,FALSE,FALSE,FALSE,FALSE,Turbinaria frondens
2025-08-03,Tfro,I03_TPC,I03,RUN3,30.56935118,2,8,32,NetPhoto,0.4469068671104529,I03_TPC RUN3 NetPhoto,I03_TPC RUN3 32 NetPhoto,FALSE,FALSE,FALSE,FALSE,Turbinaria frondens
2025-08-03,Tfro,I03_TPC,I03,RUN3,30.56935118,2,8,32,GrossPhoto,1.0149112564860103,I03_TPC RUN3 GrossPhoto,I03_TPC RUN3 32 GrossPhoto,FALSE,FALSE,FALSE,FALSE,Turbinaria frondens
2025-08-03,Maeq,H04_TPC,H04,RUN3,41.64580512,4,8,32,Respiration,0.4018897359868004,H04_TPC RUN3 Respiration,H04_TPC RUN3 32 Respiration,FALSE,FALSE,FALSE,FALSE,Montipora aequituberculata
2025-08-03,Maeq,H04_TPC,H04,RUN3,41.64580512,4,8,32,NetPhoto,0.5767602722373242,H04_TPC RUN3 NetPhoto,H04_TPC RUN3 32 NetPhoto,FALSE,FALSE,FALSE,FALSE,Montipora aequituberculata
2025-08-03,Maeq,H04_TPC,H04,RUN3,41.64580512,4,8,32,GrossPhoto,0.9786500082241244,H04_TPC RUN3 GrossPhoto,H04_TPC RUN3 32 GrossPhoto,FALSE,FALSE,FALSE,FALSE,Montipora aequituberculata
2025-08-03,Ahya,J03_TPC,J03,RUN3,29.80688791,7,8,32,Respiration,0.6403607740674468,J03_TPC RUN3 Respiration,J03_TPC RUN3 32 Respiration,FALSE,FALSE,FALSE,FALSE,Acropora hyacinthus
2025-08-03,Ahya,J03_TPC,J03,RUN3,29.80688791,7,8,32,NetPhoto,0.7562271692145119,J03_TPC RUN3 NetPhoto,J03_TPC RUN3 32 NetPhoto,FALSE,FALSE,FALSE,FALSE,Acropora hyacinthus
2025-08-03,Ahya,J03_TPC,J03,RUN3,29.80688791,7,8,32,GrossPhoto,1.3965879432819588,J03_TPC RUN3 GrossPhoto,J03_TPC RUN3 32 GrossPhoto,FALSE,FALSE,FALSE,FALSE,Acropora hyacinthus
2025-08-03,Fcom,C03_TPC,C03,RUN3,26.45396363,9,8,32,Respiration,0.8733148968096454,C03_TPC RUN3 Respiration,C03_TPC RUN3 32 Respiration,FALSE,FALSE,FALSE,FALSE,Favites complanata
2025-08-03,Fcom,C03_TPC,C03,RUN3,26.45396363,9,8,32,NetPhoto,1.4231124701835225,C03_TPC RUN3 NetPhoto,C03_TPC RUN3 32 NetPhoto,FALSE,FALSE,FALSE,FALSE,Favites complanata
2025-08-03,Fcom,C03_TPC,C03,RUN3,26.45396363,9,8,32,GrossPhoto,2.296427366993168,C03_TPC RUN3 GrossPhoto,C03_TPC RUN3 32 GrossPhoto,FALSE,FALSE,FALSE,FALSE,Favites complanata
2025-08-03,Elam,G05_TPC,G05,RUN3,17.26931188,11,8,32,Respiration,0.6734719084808045,G05_TPC RUN3 Respiration,G05_TPC RUN3 32 Respiration,FALSE,FALSE,FALSE,FALSE,Echinopora lamellosa
2025-08-03,Elam,G05_TPC,G05,RUN3,17.26931188,11,8,32,NetPhoto,0.993455005711318,G05_TPC RUN3 NetPhoto,G05_TPC RUN3 32 NetPhoto,FALSE,FALSE,FALSE,FALSE,Echinopora lamellosa
2025-08-03,Elam,G05_TPC,G05,RUN3,17.26931188,11,8,32,GrossPhoto,1.6669269141921226,G05_TPC RUN3 GrossPhoto,G05_TPC RUN3 32 GrossPhoto,FALSE,FALSE,FALSE,FALSE,Echinopora lamellosa
2025-08-03,Prus,D03_TPC,D03,RUN3,17.32354567,12,8,32,Respiration,0.6762213938392099,D03_TPC RUN3 Respiration,D03_TPC RUN3 32 Respiration,FALSE,FALSE,FALSE,FALSE,Porites rus
2025-08-03,Prus,D03_TPC,D03,RUN3,17.32354567,12,8,32,NetPhoto,0.6374808112206835,D03_TPC RUN3 NetPhoto,D03_TPC RUN3 32 NetPhoto,FALSE,FALSE,FALSE,FALSE,Porites rus
2025-08-03,Prus,D03_TPC,D03,RUN3,17.32354567,12,8,32,GrossPhoto,1.3137022050598932,D03_TPC RUN3 GrossPhoto,D03_TPC RUN3 32 GrossPhoto,FALSE,FALSE,FALSE,FALSE,Porites rus
2025-08-09,Peyd,E07_TPC,E07,RUN5,18.03177515,3,8,32,Respiration,0.4703722619867987,E07_TPC RUN5 Respiration,E07_TPC RUN5 32 Respiration,FALSE,FALSE,FALSE,FALSE,Pocillopora eydouxi
2025-08-09,Peyd,E07_TPC,E07,RUN5,18.03177515,3,8,32,NetPhoto,1.0350813356907334,E07_TPC RUN5 NetPhoto,E07_TPC RUN5 32 NetPhoto,FALSE,FALSE,FALSE,FALSE,Pocillopora eydouxi
2025-08-09,Peyd,E07_TPC,E07,RUN5,18.03177515,3,8,32,GrossPhoto,1.505453597677532,E07_TPC RUN5 GrossPhoto,E07_TPC RUN5 32 GrossPhoto,FALSE,FALSE,FALSE,FALSE,Pocillopora eydouxi
2025-08-09,Ahya,J07_TPC,J07,RUN5,16.49727793,4,8,32,Respiration,0.4296522459016805,J07_TPC RUN5 Respiration,J07_TPC RUN5 32 Respiration,FALSE,FALSE,FALSE,FALSE,Acropora hyacinthus
2025-08-09,Ahya,J07_TPC,J07,RUN5,16.49727793,4,8,32,NetPhoto,0.8306309959655378,J07_TPC RUN5 NetPhoto,J07_TPC RUN5 32 NetPhoto,FALSE,FALSE,FALSE,FALSE,Acropora hyacinthus
2025-08-09,Ahya,J07_TPC,J07,RUN5,16.49727793,4,8,32,GrossPhoto,1.2602832418672183,J07_TPC RUN5 GrossPhoto,J07_TPC RUN5 32 GrossPhoto,FALSE,FALSE,FALSE,FALSE,Acropora hyacinthus
2025-08-09,Fcom,C07_TPC,C07,RUN5,12.85404337,5,8,32,Respiration,0.5294192685638175,C07_TPC RUN5 Respiration,C07_TPC RUN5 32 Respiration,FALSE,FALSE,FALSE,FALSE,Favites complanata
2025-08-09,Fcom,C07_TPC,C07,RUN5,12.85404337,5,8,32,NetPhoto,1.4135936817554997,C07_TPC RUN5 NetPhoto,C07_TPC RUN5 32 NetPhoto,FALSE,FALSE,FALSE,FALSE,Favites complanata
2025-08-09,Fcom,C07_TPC,C07,RUN5,12.85404337,5,8,32,GrossPhoto,1.9430129503193172,C07_TPC RUN5 GrossPhoto,C07_TPC RUN5 32 GrossPhoto,FALSE,FALSE,FALSE,FALSE,Favites complanata
2025-08-09,Prus,D07_TPC,D07,RUN5,13.26877235,8,8,32,Respiration,0.4997081444162387,D07_TPC RUN5 Respiration,D07_TPC RUN5 32 Respiration,FALSE,FALSE,FALSE,FALSE,Porites rus
2025-08-09,Prus,D07_TPC,D07,RUN5,13.26877235,8,8,32,NetPhoto,0.9453046472004926,D07_TPC RUN5 NetPhoto,D07_TPC RUN5 32 NetPhoto,FALSE,FALSE,FALSE,FALSE,Porites rus
2025-08-09,Prus,D07_TPC,D07,RUN5,13.26877235,8,8,32,GrossPhoto,1.4450127916167312,D07_TPC RUN5 GrossPhoto,D07_TPC RUN5 32 GrossPhoto,FALSE,FALSE,FALSE,FALSE,Porites rus
2025-08-09,Tfro,I07_TPC,I07,RUN5,10.84739316,9,8,32,Respiration,0.529269604210276,I07_TPC RUN5 Respiration,I07_TPC RUN5 32 Respiration,FALSE,FALSE,FALSE,FALSE,Turbinaria frondens
2025-08-09,Tfro,I07_TPC,I07,RUN5,10.84739316,9,8,32,NetPhoto,0.7538106952260522,I07_TPC RUN5 NetPhoto,I07_TPC RUN5 32 NetPhoto,FALSE,FALSE,FALSE,FALSE,Turbinaria frondens
2025-08-09,Tfro,I07_TPC,I07,RUN5,10.84739316,9,8,32,GrossPhoto,1.2830802994363282,I07_TPC RUN5 GrossPhoto,I07_TPC RUN5 32 GrossPhoto,FALSE,FALSE,FALSE,FALSE,Turbinaria frondens
2025-08-09,Elam,G07_TPC,G07,RUN5,20.22026807,10,8,32,Respiration,0.3983313630798411,G07_TPC RUN5 Respiration,G07_TPC RUN5 32 Respiration,FALSE,FALSE,FALSE,FALSE,Echinopora lamellosa
2025-08-09,Elam,G07_TPC,G07,RUN5,20.22026807,10,8,32,NetPhoto,0.6978451819934883,G07_TPC RUN5 NetPhoto,G07_TPC RUN5 32 NetPhoto,FALSE,FALSE,FALSE,FALSE,Echinopora lamellosa
2025-08-09,Elam,G07_TPC,G07,RUN5,20.22026807,10,8,32,GrossPhoto,1.0961765450733294,G07_TPC RUN5 GrossPhoto,G07_TPC RUN5 32 GrossPhoto,FALSE,FALSE,FALSE,FALSE,Echinopora lamellosa
2025-08-09,Maeq,H07_TPC,H07,RUN5,19.99695246,11,8,32,Respiration,0.30682591113081537,H07_TPC RUN5 Respiration,H07_TPC RUN5 32 Respiration,FALSE,FALSE,FALSE,FALSE,Montipora aequituberculata
2025-08-09,Maeq,H07_TPC,H07,RUN5,19.99695246,11,8,32,NetPhoto,0.648072995038154,H07_TPC RUN5 NetPhoto,H07_TPC RUN5 32 NetPhoto,FALSE,FALSE,FALSE,FALSE,Montipora aequituberculata
2025-08-09,Maeq,H07_TPC,H07,RUN5,19.99695246,11,8,32,GrossPhoto,0.9548989061689692,H07_TPC RUN5 GrossPhoto,H07_TPC RUN5 32 GrossPhoto,FALSE,FALSE,FALSE,FALSE,Montipora aequituberculata
2025-08-10,Maeq,H08_TPC,H08,RUN6,15.57211329,2,8,32,Respiration,0.449500906043187,H08_TPC RUN6 Respiration,H08_TPC RUN6 32 Respiration,FALSE,FALSE,FALSE,FALSE,Montipora aequituberculata
2025-08-10,Maeq,H08_TPC,H08,RUN6,15.57211329,2,8,32,NetPhoto,0.4476059120753139,H08_TPC RUN6 NetPhoto,H08_TPC RUN6 32 NetPhoto,FALSE,FALSE,FALSE,FALSE,Montipora aequituberculata
2025-08-10,Maeq,H08_TPC,H08,RUN6,15.57211329,2,8,32,GrossPhoto,0.8971068181185009,H08_TPC RUN6 GrossPhoto,H08_TPC RUN6 32 GrossPhoto,FALSE,FALSE,FALSE,FALSE,Montipora aequituberculata
2025-08-10,Fcom,C08_TPC,C08,RUN6,8.907737636,4,8,32,Respiration,0.23429636607658477,C08_TPC RUN6 Respiration,C08_TPC RUN6 32 Respiration,FALSE,FALSE,FALSE,FALSE,Favites complanata
2025-08-10,Fcom,C08_TPC,C08,RUN6,8.907737636,4,8,32,NetPhoto,0.6735726426990397,C08_TPC RUN6 NetPhoto,C08_TPC RUN6 32 NetPhoto,FALSE,FALSE,FALSE,FALSE,Favites complanata
2025-08-10,Fcom,C08_TPC,C08,RUN6,8.907737636,4,8,32,GrossPhoto,0.9078690087756244,C08_TPC RUN6 GrossPhoto,C08_TPC RUN6 32 GrossPhoto,FALSE,FALSE,FALSE,FALSE,Favites complanata
2025-08-10,Peyd,E08_TPC,E08,RUN6,30.03020351,5,8,32,Respiration,0.7215643953506147,E08_TPC RUN6 Respiration,E08_TPC RUN6 32 Respiration,FALSE,FALSE,FALSE,FALSE,Pocillopora eydouxi
2025-08-10,Peyd,E08_TPC,E08,RUN6,30.03020351,5,8,32,NetPhoto,0.9354214925799818,E08_TPC RUN6 NetPhoto,E08_TPC RUN6 32 NetPhoto,FALSE,FALSE,FALSE,FALSE,Pocillopora eydouxi
2025-08-10,Peyd,E08_TPC,E08,RUN6,30.03020351,5,8,32,GrossPhoto,1.6569858879305963,E08_TPC RUN6 GrossPhoto,E08_TPC RUN6 32 GrossPhoto,FALSE,FALSE,FALSE,FALSE,Pocillopora eydouxi
2025-08-10,Prus,D04_TPC,D04,RUN6,15.43174348,6,8,32,Respiration,0.6801193945984116,D04_TPC RUN6 Respiration,D04_TPC RUN6 32 Respiration,FALSE,FALSE,FALSE,FALSE,Porites rus
2025-08-10,Prus,D04_TPC,D04,RUN6,15.43174348,6,8,32,NetPhoto,1.5307279955460742,D04_TPC RUN6 NetPhoto,D04_TPC RUN6 32 NetPhoto,FALSE,FALSE,FALSE,FALSE,Porites rus
2025-08-10,Prus,D04_TPC,D04,RUN6,15.43174348,6,8,32,GrossPhoto,2.210847390144486,D04_TPC RUN6 GrossPhoto,D04_TPC RUN6 32 GrossPhoto,FALSE,FALSE,FALSE,FALSE,Porites rus
2025-08-10,Ahya,J08_TPC,J08,RUN6,15.59444485,7,8,32,Respiration,0.3056590541642826,J08_TPC RUN6 Respiration,J08_TPC RUN6 32 Respiration,FALSE,FALSE,FALSE,FALSE,Acropora hyacinthus
2025-08-10,Ahya,J08_TPC,J08,RUN6,15.59444485,7,8,32,NetPhoto,0.7599690788245476,J08_TPC RUN6 NetPhoto,J08_TPC RUN6 32 NetPhoto,FALSE,FALSE,FALSE,FALSE,Acropora hyacinthus
2025-08-10,Ahya,J08_TPC,J08,RUN6,15.59444485,7,8,32,GrossPhoto,1.0656281329888302,J08_TPC RUN6 GrossPhoto,J08_TPC RUN6 32 GrossPhoto,FALSE,FALSE,FALSE,FALSE,Acropora hyacinthus
2025-08-10,Tfro,I08_TPC,I08,RUN6,7.194587934,10,8,32,Respiration,0.8259554588678808,I08_TPC RUN6 Respiration,I08_TPC RUN6 32 Respiration,FALSE,FALSE,FALSE,FALSE,Turbinaria frondens
2025-08-10,Tfro,I08_TPC,I08,RUN6,7.194587934,10,8,32,NetPhoto,1.5234709636819237,I08_TPC RUN6 NetPhoto,I08_TPC RUN6 32 NetPhoto,FALSE,FALSE,FALSE,FALSE,Turbinaria frondens
2025-08-10,Tfro,I08_TPC,I08,RUN6,7.194587934,10,8,32,GrossPhoto,2.3494264225498043,I08_TPC RUN6 GrossPhoto,I08_TPC RUN6 32 GrossPhoto,FALSE,FALSE,FALSE,FALSE,Turbinaria frondens
2025-08-10,Elam,G08_TPC,G08,RUN6,22.74054416,12,8,32,Respiration,0.5101902100123701,G08_TPC RUN6 Respiration,G08_TPC RUN6 32 Respiration,FALSE,FALSE,FALSE,FALSE,Echinopora lamellosa
2025-08-10,Elam,G08_TPC,G08,RUN6,22.74054416,12,8,32,NetPhoto,0.8911502618307389,G08_TPC RUN6 NetPhoto,G08_TPC RUN6 32 NetPhoto,FALSE,FALSE,FALSE,FALSE,Echinopora lamellosa
2025-08-10,Elam,G08_TPC,G08,RUN6,22.74054416,12,8,32,GrossPhoto,1.4013404718431088,G08_TPC RUN6 GrossPhoto,G08_TPC RUN6 32 GrossPhoto,FALSE,FALSE,FALSE,FALSE,Echinopora lamellosa
2025-08-01,Elam,G01_TPC,G01,RUN1,20.38296944,2,9,34,Respiration,0.6034350393809093,G01_TPC RUN1 Respiration,G01_TPC RUN1 34 Respiration,FALSE,FALSE,FALSE,FALSE,Echinopora lamellosa
2025-08-01,Elam,G01_TPC,G01,RUN1,20.38296944,2,9,34,NetPhoto,0.625475190711915,G01_TPC RUN1 NetPhoto,G01_TPC RUN1 34 NetPhoto,FALSE,FALSE,FALSE,FALSE,Echinopora lamellosa
2025-08-01,Elam,G01_TPC,G01,RUN1,20.38296944,2,9,34,GrossPhoto,1.2289102300928243,G01_TPC RUN1 GrossPhoto,G01_TPC RUN1 34 GrossPhoto,FALSE,FALSE,FALSE,FALSE,Echinopora lamellosa
2025-08-01,Fcom,C01_TPC,C01,RUN1,23.69761104,3,9,34,Respiration,0.5660647564387614,C01_TPC RUN1 Respiration,C01_TPC RUN1 34 Respiration,FALSE,FALSE,FALSE,FALSE,Favites complanata
2025-08-01,Fcom,C01_TPC,C01,RUN1,23.69761104,3,9,34,NetPhoto,0.5277967918583556,C01_TPC RUN1 NetPhoto,C01_TPC RUN1 34 NetPhoto,FALSE,FALSE,FALSE,FALSE,Favites complanata
2025-08-01,Fcom,C01_TPC,C01,RUN1,23.69761104,3,9,34,GrossPhoto,1.093861548297117,C01_TPC RUN1 GrossPhoto,C01_TPC RUN1 34 GrossPhoto,FALSE,FALSE,FALSE,FALSE,Favites complanata
2025-08-01,Peyd,E01_TPC,E01,RUN1,33.93822657,5,9,34,Respiration,0.6730895730376573,E01_TPC RUN1 Respiration,E01_TPC RUN1 34 Respiration,FALSE,FALSE,FALSE,FALSE,Pocillopora eydouxi
2025-08-01,Peyd,E01_TPC,E01,RUN1,33.93822657,5,9,34,NetPhoto,0.5266480737725736,E01_TPC RUN1 NetPhoto,E01_TPC RUN1 34 NetPhoto,FALSE,FALSE,FALSE,FALSE,Pocillopora eydouxi
2025-08-01,Peyd,E01_TPC,E01,RUN1,33.93822657,5,9,34,GrossPhoto,1.199737646810231,E01_TPC RUN1 GrossPhoto,E01_TPC RUN1 34 GrossPhoto,FALSE,FALSE,FALSE,FALSE,Pocillopora eydouxi
2025-08-01,Ahya,J01_TPC,J01,RUN1,16.22929921,7,9,34,Respiration,0.6096575293296106,J01_TPC RUN1 Respiration,J01_TPC RUN1 34 Respiration,FALSE,FALSE,FALSE,FALSE,Acropora hyacinthus
2025-08-01,Ahya,J01_TPC,J01,RUN1,16.22929921,7,9,34,NetPhoto,0.45995409225192385,J01_TPC RUN1 NetPhoto,J01_TPC RUN1 34 NetPhoto,FALSE,FALSE,FALSE,FALSE,Acropora hyacinthus
2025-08-01,Ahya,J01_TPC,J01,RUN1,16.22929921,7,9,34,GrossPhoto,1.0696116215815343,J01_TPC RUN1 GrossPhoto,J01_TPC RUN1 34 GrossPhoto,FALSE,FALSE,FALSE,FALSE,Acropora hyacinthus
2025-08-01,Tfro,I01_TPC,I01,RUN1,26.20193602,8,9,34,Respiration,0.7008284638446665,I01_TPC RUN1 Respiration,I01_TPC RUN1 34 Respiration,FALSE,FALSE,FALSE,FALSE,Turbinaria frondens
2025-08-01,Tfro,I01_TPC,I01,RUN1,26.20193602,8,9,34,NetPhoto,0.3254572045131617,I01_TPC RUN1 NetPhoto,I01_TPC RUN1 34 NetPhoto,FALSE,FALSE,FALSE,FALSE,Turbinaria frondens
2025-08-01,Tfro,I01_TPC,I01,RUN1,26.20193602,8,9,34,GrossPhoto,1.026285668357828,I01_TPC RUN1 GrossPhoto,I01_TPC RUN1 34 GrossPhoto,FALSE,FALSE,FALSE,FALSE,Turbinaria frondens
2025-08-01,Maeq,H01_TPC,H01,RUN1,32.84078989,11,9,34,Respiration,0.597535671581979,H01_TPC RUN1 Respiration,H01_TPC RUN1 34 Respiration,FALSE,FALSE,FALSE,FALSE,Montipora aequituberculata
2025-08-01,Maeq,H01_TPC,H01,RUN1,32.84078989,11,9,34,NetPhoto,0.21878007812569356,H01_TPC RUN1 NetPhoto,H01_TPC RUN1 34 NetPhoto,FALSE,FALSE,FALSE,FALSE,Montipora aequituberculata
2025-08-01,Maeq,H01_TPC,H01,RUN1,32.84078989,11,9,34,GrossPhoto,0.8163157497076725,H01_TPC RUN1 GrossPhoto,H01_TPC RUN1 34 GrossPhoto,FALSE,FALSE,FALSE,FALSE,Montipora aequituberculata
2025-08-01,Prus,D01_TPC,D01,RUN1,28.54674986,12,9,34,Respiration,0.7495070668609232,D01_TPC RUN1 Respiration,D01_TPC RUN1 34 Respiration,FALSE,FALSE,FALSE,FALSE,Porites rus
2025-08-01,Prus,D01_TPC,D01,RUN1,28.54674986,12,9,34,NetPhoto,0.5625117710643228,D01_TPC RUN1 NetPhoto,D01_TPC RUN1 34 NetPhoto,FALSE,FALSE,FALSE,FALSE,Porites rus
2025-08-01,Prus,D01_TPC,D01,RUN1,28.54674986,12,9,34,GrossPhoto,1.312018837925246,D01_TPC RUN1 GrossPhoto,D01_TPC RUN1 34 GrossPhoto,FALSE,FALSE,FALSE,FALSE,Porites rus
2025-08-02,Elam,G02_TPC,G02,RUN2,16.88329491,1,9,34,Respiration,0.6526518821879097,G02_TPC RUN2 Respiration,G02_TPC RUN2 34 Respiration,FALSE,FALSE,FALSE,FALSE,Echinopora lamellosa
2025-08-02,Elam,G02_TPC,G02,RUN2,16.88329491,1,9,34,NetPhoto,0.6877764909952933,G02_TPC RUN2 NetPhoto,G02_TPC RUN2 34 NetPhoto,FALSE,FALSE,FALSE,FALSE,Echinopora lamellosa
2025-08-02,Elam,G02_TPC,G02,RUN2,16.88329491,1,9,34,GrossPhoto,1.340428373183203,G02_TPC RUN2 GrossPhoto,G02_TPC RUN2 34 GrossPhoto,FALSE,FALSE,FALSE,FALSE,Echinopora lamellosa
2025-08-02,Peyd,E02_TPC,E02,RUN2,34.41995023,2,9,34,Respiration,0.6127342478799525,E02_TPC RUN2 Respiration,E02_TPC RUN2 34 Respiration,FALSE,FALSE,FALSE,FALSE,Pocillopora eydouxi
2025-08-02,Peyd,E02_TPC,E02,RUN2,34.41995023,2,9,34,NetPhoto,0.5906984806508907,E02_TPC RUN2 NetPhoto,E02_TPC RUN2 34 NetPhoto,FALSE,FALSE,FALSE,FALSE,Pocillopora eydouxi
2025-08-02,Peyd,E02_TPC,E02,RUN2,34.41995023,2,9,34,GrossPhoto,1.203432728530843,E02_TPC RUN2 GrossPhoto,E02_TPC RUN2 34 GrossPhoto,FALSE,FALSE,FALSE,FALSE,Pocillopora eydouxi
2025-08-02,Prus,D02_TPC,D02,RUN2,18.28699298,4,9,34,Respiration,0.8937529736496449,D02_TPC RUN2 Respiration,D02_TPC RUN2 34 Respiration,FALSE,FALSE,FALSE,FALSE,Porites rus
2025-08-02,Prus,D02_TPC,D02,RUN2,18.28699298,4,9,34,NetPhoto,0.45041159709866274,D02_TPC RUN2 NetPhoto,D02_TPC RUN2 34 NetPhoto,FALSE,FALSE,FALSE,FALSE,Porites rus
2025-08-02,Prus,D02_TPC,D02,RUN2,18.28699298,4,9,34,GrossPhoto,1.3441645707483076,D02_TPC RUN2 GrossPhoto,D02_TPC RUN2 34 GrossPhoto,FALSE,FALSE,FALSE,FALSE,Porites rus
2025-08-02,Tfro,I02_TPC,I02,RUN2,24.37074807,6,9,34,Respiration,0.6150476474006163,I02_TPC RUN2 Respiration,I02_TPC RUN2 34 Respiration,FALSE,FALSE,FALSE,FALSE,Turbinaria frondens
2025-08-02,Tfro,I02_TPC,I02,RUN2,24.37074807,6,9,34,NetPhoto,0.5750857370861239,I02_TPC RUN2 NetPhoto,I02_TPC RUN2 34 NetPhoto,FALSE,FALSE,FALSE,FALSE,Turbinaria frondens
2025-08-02,Tfro,I02_TPC,I02,RUN2,24.37074807,6,9,34,GrossPhoto,1.19013338448674,I02_TPC RUN2 GrossPhoto,I02_TPC RUN2 34 GrossPhoto,FALSE,FALSE,FALSE,FALSE,Turbinaria frondens
2025-08-02,Fcom,C02_TPC,C02,RUN2,24.72805304,8,9,34,Respiration,0.7878784639626406,C02_TPC RUN2 Respiration,C02_TPC RUN2 34 Respiration,FALSE,FALSE,FALSE,FALSE,Favites complanata
2025-08-02,Fcom,C02_TPC,C02,RUN2,24.72805304,8,9,34,NetPhoto,0.6370877368114963,C02_TPC RUN2 NetPhoto,C02_TPC RUN2 34 NetPhoto,FALSE,FALSE,FALSE,FALSE,Favites complanata
2025-08-02,Fcom,C02_TPC,C02,RUN2,24.72805304,8,9,34,GrossPhoto,1.4249662007741368,C02_TPC RUN2 GrossPhoto,C02_TPC RUN2 34 GrossPhoto,FALSE,FALSE,FALSE,FALSE,Favites complanata
2025-08-02,Ahya,J02_TPC,J02,RUN2,20.79769841,9,9,34,Respiration,0.5154760667888035,J02_TPC RUN2 Respiration,J02_TPC RUN2 34 Respiration,FALSE,FALSE,FALSE,FALSE,Acropora hyacinthus
2025-08-02,Ahya,J02_TPC,J02,RUN2,20.79769841,9,9,34,NetPhoto,0.3442178655423556,J02_TPC RUN2 NetPhoto,J02_TPC RUN2 34 NetPhoto,FALSE,FALSE,FALSE,FALSE,Acropora hyacinthus
2025-08-02,Ahya,J02_TPC,J02,RUN2,20.79769841,9,9,34,GrossPhoto,0.8596939323311592,J02_TPC RUN2 GrossPhoto,J02_TPC RUN2 34 GrossPhoto,FALSE,FALSE,FALSE,FALSE,Acropora hyacinthus
2025-08-02,Maeq,H02_TPC,H02,RUN2,37.79520607,12,9,34,Respiration,0.2684409814235525,H02_TPC RUN2 Respiration,H02_TPC RUN2 34 Respiration,FALSE,FALSE,FALSE,FALSE,Montipora aequituberculata
2025-08-02,Maeq,H02_TPC,H02,RUN2,37.79520607,12,9,34,NetPhoto,0.30808826154874414,H02_TPC RUN2 NetPhoto,H02_TPC RUN2 34 NetPhoto,FALSE,FALSE,FALSE,FALSE,Montipora aequituberculata
2025-08-02,Maeq,H02_TPC,H02,RUN2,37.79520607,12,9,34,GrossPhoto,0.5765292429722966,H02_TPC RUN2 GrossPhoto,H02_TPC RUN2 34 GrossPhoto,FALSE,FALSE,FALSE,FALSE,Montipora aequituberculata
2025-08-03,Peyd,E03_TPC,E03,RUN3,37.62293403,1,9,34,Respiration,0.6599955988004261,E03_TPC RUN3 Respiration,E03_TPC RUN3 34 Respiration,FALSE,FALSE,FALSE,FALSE,Pocillopora eydouxi
2025-08-03,Peyd,E03_TPC,E03,RUN3,37.62293403,1,9,34,NetPhoto,0.48097848449861086,E03_TPC RUN3 NetPhoto,E03_TPC RUN3 34 NetPhoto,FALSE,FALSE,FALSE,FALSE,Pocillopora eydouxi
2025-08-03,Peyd,E03_TPC,E03,RUN3,37.62293403,1,9,34,GrossPhoto,1.140974083299037,E03_TPC RUN3 GrossPhoto,E03_TPC RUN3 34 GrossPhoto,FALSE,FALSE,FALSE,FALSE,Pocillopora eydouxi
2025-08-03,Tfro,I03_TPC,I03,RUN3,30.56935118,2,9,34,Respiration,0.6383231345135775,I03_TPC RUN3 Respiration,I03_TPC RUN3 34 Respiration,FALSE,FALSE,FALSE,FALSE,Turbinaria frondens
2025-08-03,Tfro,I03_TPC,I03,RUN3,30.56935118,2,9,34,NetPhoto,0.27685777883493834,I03_TPC RUN3 NetPhoto,I03_TPC RUN3 34 NetPhoto,FALSE,FALSE,FALSE,FALSE,Turbinaria frondens
2025-08-03,Tfro,I03_TPC,I03,RUN3,30.56935118,2,9,34,GrossPhoto,0.9151809133485158,I03_TPC RUN3 GrossPhoto,I03_TPC RUN3 34 GrossPhoto,FALSE,FALSE,FALSE,FALSE,Turbinaria frondens
2025-08-03,Maeq,H04_TPC,H04,RUN3,41.64580512,4,9,34,Respiration,0.4328750493947738,H04_TPC RUN3 Respiration,H04_TPC RUN3 34 Respiration,FALSE,FALSE,FALSE,FALSE,Montipora aequituberculata
2025-08-03,Maeq,H04_TPC,H04,RUN3,41.64580512,4,9,34,NetPhoto,0.4452399876862286,H04_TPC RUN3 NetPhoto,H04_TPC RUN3 34 NetPhoto,FALSE,FALSE,FALSE,FALSE,Montipora aequituberculata
2025-08-03,Maeq,H04_TPC,H04,RUN3,41.64580512,4,9,34,GrossPhoto,0.8781150370810024,H04_TPC RUN3 GrossPhoto,H04_TPC RUN3 34 GrossPhoto,FALSE,FALSE,FALSE,FALSE,Montipora aequituberculata
2025-08-03,Ahya,J03_TPC,J03,RUN3,29.80688791,7,9,34,Respiration,0.8036612086481232,J03_TPC RUN3 Respiration,J03_TPC RUN3 34 Respiration,FALSE,FALSE,FALSE,FALSE,Acropora hyacinthus
2025-08-03,Ahya,J03_TPC,J03,RUN3,29.80688791,7,9,34,NetPhoto,0.43544240396165235,J03_TPC RUN3 NetPhoto,J03_TPC RUN3 34 NetPhoto,FALSE,FALSE,FALSE,FALSE,Acropora hyacinthus
2025-08-03,Ahya,J03_TPC,J03,RUN3,29.80688791,7,9,34,GrossPhoto,1.2391036126097754,J03_TPC RUN3 GrossPhoto,J03_TPC RUN3 34 GrossPhoto,FALSE,FALSE,FALSE,FALSE,Acropora hyacinthus
2025-08-03,Fcom,C03_TPC,C03,RUN3,26.45396363,9,9,34,Respiration,0.729877165166017,C03_TPC RUN3 Respiration,C03_TPC RUN3 34 Respiration,FALSE,FALSE,FALSE,FALSE,Favites complanata
2025-08-03,Fcom,C03_TPC,C03,RUN3,26.45396363,9,9,34,NetPhoto,0.93244976988704,C03_TPC RUN3 NetPhoto,C03_TPC RUN3 34 NetPhoto,FALSE,FALSE,FALSE,FALSE,Favites complanata
2025-08-03,Fcom,C03_TPC,C03,RUN3,26.45396363,9,9,34,GrossPhoto,1.662326935053057,C03_TPC RUN3 GrossPhoto,C03_TPC RUN3 34 GrossPhoto,FALSE,FALSE,FALSE,FALSE,Favites complanata
2025-08-03,Elam,G05_TPC,G05,RUN3,17.26931188,11,9,34,Respiration,0.7030519565544722,G05_TPC RUN3 Respiration,G05_TPC RUN3 34 Respiration,FALSE,FALSE,FALSE,FALSE,Echinopora lamellosa
2025-08-03,Elam,G05_TPC,G05,RUN3,17.26931188,11,9,34,NetPhoto,0.8736719585608519,G05_TPC RUN3 NetPhoto,G05_TPC RUN3 34 NetPhoto,FALSE,FALSE,FALSE,FALSE,Echinopora lamellosa
2025-08-03,Elam,G05_TPC,G05,RUN3,17.26931188,11,9,34,GrossPhoto,1.576723915115324,G05_TPC RUN3 GrossPhoto,G05_TPC RUN3 34 GrossPhoto,FALSE,FALSE,FALSE,FALSE,Echinopora lamellosa
2025-08-03,Prus,D03_TPC,D03,RUN3,17.32354567,12,9,34,Respiration,0.6528894962546475,D03_TPC RUN3 Respiration,D03_TPC RUN3 34 Respiration,FALSE,FALSE,FALSE,FALSE,Porites rus
2025-08-03,Prus,D03_TPC,D03,RUN3,17.32354567,12,9,34,NetPhoto,0.5739751434889897,D03_TPC RUN3 NetPhoto,D03_TPC RUN3 34 NetPhoto,FALSE,FALSE,FALSE,FALSE,Porites rus
2025-08-03,Prus,D03_TPC,D03,RUN3,17.32354567,12,9,34,GrossPhoto,1.2268646397436371,D03_TPC RUN3 GrossPhoto,D03_TPC RUN3 34 GrossPhoto,FALSE,FALSE,FALSE,FALSE,Porites rus
2025-08-09,Peyd,E07_TPC,E07,RUN5,18.03177515,3,9,34,Respiration,0.8296640177460899,E07_TPC RUN5 Respiration,E07_TPC RUN5 34 Respiration,FALSE,FALSE,FALSE,FALSE,Pocillopora eydouxi
2025-08-09,Peyd,E07_TPC,E07,RUN5,18.03177515,3,9,34,NetPhoto,0.684598259512396,E07_TPC RUN5 NetPhoto,E07_TPC RUN5 34 NetPhoto,FALSE,FALSE,FALSE,FALSE,Pocillopora eydouxi
2025-08-09,Peyd,E07_TPC,E07,RUN5,18.03177515,3,9,34,GrossPhoto,1.514262277258486,E07_TPC RUN5 GrossPhoto,E07_TPC RUN5 34 GrossPhoto,FALSE,FALSE,FALSE,FALSE,Pocillopora eydouxi
2025-08-09,Ahya,J07_TPC,J07,RUN5,16.49727793,4,9,34,Respiration,0.6300537289790199,J07_TPC RUN5 Respiration,J07_TPC RUN5 34 Respiration,FALSE,FALSE,FALSE,FALSE,Acropora hyacinthus
2025-08-09,Ahya,J07_TPC,J07,RUN5,16.49727793,4,9,34,NetPhoto,0.462167727188267,J07_TPC RUN5 NetPhoto,J07_TPC RUN5 34 NetPhoto,FALSE,FALSE,FALSE,FALSE,Acropora hyacinthus
2025-08-09,Ahya,J07_TPC,J07,RUN5,16.49727793,4,9,34,GrossPhoto,1.092221456167287,J07_TPC RUN5 GrossPhoto,J07_TPC RUN5 34 GrossPhoto,FALSE,FALSE,FALSE,FALSE,Acropora hyacinthus
2025-08-09,Fcom,C07_TPC,C07,RUN5,12.85404337,5,9,34,Respiration,0.8216790100690243,C07_TPC RUN5 Respiration,C07_TPC RUN5 34 Respiration,FALSE,FALSE,FALSE,FALSE,Favites complanata
2025-08-09,Fcom,C07_TPC,C07,RUN5,12.85404337,5,9,34,NetPhoto,0.8635835695013858,C07_TPC RUN5 NetPhoto,C07_TPC RUN5 34 NetPhoto,FALSE,FALSE,FALSE,FALSE,Favites complanata
2025-08-09,Fcom,C07_TPC,C07,RUN5,12.85404337,5,9,34,GrossPhoto,1.68526257957041,C07_TPC RUN5 GrossPhoto,C07_TPC RUN5 34 GrossPhoto,FALSE,FALSE,FALSE,FALSE,Favites complanata
2025-08-09,Prus,D07_TPC,D07,RUN5,13.26877235,8,9,34,Respiration,0.6605629938421941,D07_TPC RUN5 Respiration,D07_TPC RUN5 34 Respiration,FALSE,FALSE,FALSE,FALSE,Porites rus
2025-08-09,Prus,D07_TPC,D07,RUN5,13.26877235,8,9,34,NetPhoto,0.7670282570662863,D07_TPC RUN5 NetPhoto,D07_TPC RUN5 34 NetPhoto,FALSE,FALSE,FALSE,FALSE,Porites rus
2025-08-09,Prus,D07_TPC,D07,RUN5,13.26877235,8,9,34,GrossPhoto,1.4275912509084805,D07_TPC RUN5 GrossPhoto,D07_TPC RUN5 34 GrossPhoto,FALSE,FALSE,FALSE,FALSE,Porites rus
2025-08-09,Tfro,I07_TPC,I07,RUN5,10.84739316,9,9,34,Respiration,0.7224932960569539,I07_TPC RUN5 Respiration,I07_TPC RUN5 34 Respiration,FALSE,FALSE,FALSE,FALSE,Turbinaria frondens
2025-08-09,Tfro,I07_TPC,I07,RUN5,10.84739316,9,9,34,NetPhoto,0.5031661822311176,I07_TPC RUN5 NetPhoto,I07_TPC RUN5 34 NetPhoto,FALSE,FALSE,FALSE,FALSE,Turbinaria frondens
2025-08-09,Tfro,I07_TPC,I07,RUN5,10.84739316,9,9,34,GrossPhoto,1.2256594782880716,I07_TPC RUN5 GrossPhoto,I07_TPC RUN5 34 GrossPhoto,FALSE,FALSE,FALSE,FALSE,Turbinaria frondens
2025-08-09,Elam,G07_TPC,G07,RUN5,20.22026807,10,9,34,Respiration,0.4655143686210016,G07_TPC RUN5 Respiration,G07_TPC RUN5 34 Respiration,FALSE,FALSE,FALSE,FALSE,Echinopora lamellosa
2025-08-09,Elam,G07_TPC,G07,RUN5,20.22026807,10,9,34,NetPhoto,0.5212135406139686,G07_TPC RUN5 NetPhoto,G07_TPC RUN5 34 NetPhoto,FALSE,FALSE,FALSE,FALSE,Echinopora lamellosa
2025-08-09,Elam,G07_TPC,G07,RUN5,20.22026807,10,9,34,GrossPhoto,0.9867279092349702,G07_TPC RUN5 GrossPhoto,G07_TPC RUN5 34 GrossPhoto,FALSE,FALSE,FALSE,FALSE,Echinopora lamellosa
2025-08-09,Maeq,H07_TPC,H07,RUN5,19.99695246,11,9,34,Respiration,0.4285439304136489,H07_TPC RUN5 Respiration,H07_TPC RUN5 34 Respiration,FALSE,FALSE,FALSE,FALSE,Montipora aequituberculata
2025-08-09,Maeq,H07_TPC,H07,RUN5,19.99695246,11,9,34,NetPhoto,0.534500143779162,H07_TPC RUN5 NetPhoto,H07_TPC RUN5 34 NetPhoto,FALSE,FALSE,FALSE,FALSE,Montipora aequituberculata
2025-08-09,Maeq,H07_TPC,H07,RUN5,19.99695246,11,9,34,GrossPhoto,0.9630440741928108,H07_TPC RUN5 GrossPhoto,H07_TPC RUN5 34 GrossPhoto,FALSE,FALSE,FALSE,FALSE,Montipora aequituberculata
2025-08-10,Maeq,H08_TPC,H08,RUN6,15.57211329,2,9,34,Respiration,0.38912652834283074,H08_TPC RUN6 Respiration,H08_TPC RUN6 34 Respiration,FALSE,FALSE,FALSE,FALSE,Montipora aequituberculata
2025-08-10,Maeq,H08_TPC,H08,RUN6,15.57211329,2,9,34,NetPhoto,0.26831064652648257,H08_TPC RUN6 NetPhoto,H08_TPC RUN6 34 NetPhoto,FALSE,FALSE,FALSE,FALSE,Montipora aequituberculata
2025-08-10,Maeq,H08_TPC,H08,RUN6,15.57211329,2,9,34,GrossPhoto,0.6574371748693133,H08_TPC RUN6 GrossPhoto,H08_TPC RUN6 34 GrossPhoto,FALSE,FALSE,FALSE,FALSE,Montipora aequituberculata
2025-08-10,Fcom,C08_TPC,C08,RUN6,8.907737636,4,9,34,Respiration,0.3050973130852785,C08_TPC RUN6 Respiration,C08_TPC RUN6 34 Respiration,FALSE,FALSE,FALSE,FALSE,Favites complanata
2025-08-10,Fcom,C08_TPC,C08,RUN6,8.907737636,4,9,34,NetPhoto,0.476297044125124,C08_TPC RUN6 NetPhoto,C08_TPC RUN6 34 NetPhoto,FALSE,FALSE,FALSE,FALSE,Favites complanata
2025-08-10,Fcom,C08_TPC,C08,RUN6,8.907737636,4,9,34,GrossPhoto,0.7813943572104025,C08_TPC RUN6 GrossPhoto,C08_TPC RUN6 34 GrossPhoto,FALSE,FALSE,FALSE,FALSE,Favites complanata
2025-08-10,Peyd,E08_TPC,E08,RUN6,30.03020351,5,9,34,Respiration,0.791073818637559,E08_TPC RUN6 Respiration,E08_TPC RUN6 34 Respiration,FALSE,FALSE,FALSE,FALSE,Pocillopora eydouxi
2025-08-10,Peyd,E08_TPC,E08,RUN6,30.03020351,5,9,34,NetPhoto,0.5768342423061217,E08_TPC RUN6 NetPhoto,E08_TPC RUN6 34 NetPhoto,FALSE,FALSE,FALSE,FALSE,Pocillopora eydouxi
2025-08-10,Peyd,E08_TPC,E08,RUN6,30.03020351,5,9,34,GrossPhoto,1.367908060943681,E08_TPC RUN6 GrossPhoto,E08_TPC RUN6 34 GrossPhoto,FALSE,FALSE,FALSE,FALSE,Pocillopora eydouxi
2025-08-10,Prus,D04_TPC,D04,RUN6,15.43174348,6,9,34,Respiration,0.7972906628785524,D04_TPC RUN6 Respiration,D04_TPC RUN6 34 Respiration,FALSE,FALSE,FALSE,FALSE,Porites rus
2025-08-10,Prus,D04_TPC,D04,RUN6,15.43174348,6,9,34,NetPhoto,1.1973226222268014,D04_TPC RUN6 NetPhoto,D04_TPC RUN6 34 NetPhoto,FALSE,FALSE,FALSE,FALSE,Porites rus
2025-08-10,Prus,D04_TPC,D04,RUN6,15.43174348,6,9,34,GrossPhoto,1.9946132851053535,D04_TPC RUN6 GrossPhoto,D04_TPC RUN6 34 GrossPhoto,FALSE,FALSE,FALSE,FALSE,Porites rus
2025-08-10,Ahya,J08_TPC,J08,RUN6,15.59444485,7,9,34,Respiration,0.37641915364801154,J08_TPC RUN6 Respiration,J08_TPC RUN6 34 Respiration,FALSE,FALSE,FALSE,FALSE,Acropora hyacinthus
2025-08-10,Ahya,J08_TPC,J08,RUN6,15.59444485,7,9,34,NetPhoto,0.579400870886053,J08_TPC RUN6 NetPhoto,J08_TPC RUN6 34 NetPhoto,FALSE,FALSE,FALSE,FALSE,Acropora hyacinthus
2025-08-10,Ahya,J08_TPC,J08,RUN6,15.59444485,7,9,34,GrossPhoto,0.9558200245340644,J08_TPC RUN6 GrossPhoto,J08_TPC RUN6 34 GrossPhoto,FALSE,FALSE,FALSE,FALSE,Acropora hyacinthus
2025-08-10,Tfro,I08_TPC,I08,RUN6,7.194587934,10,9,34,Respiration,0.901231823459646,I08_TPC RUN6 Respiration,I08_TPC RUN6 34 Respiration,FALSE,FALSE,FALSE,FALSE,Turbinaria frondens
2025-08-10,Tfro,I08_TPC,I08,RUN6,7.194587934,10,9,34,NetPhoto,0.9673290473150958,I08_TPC RUN6 NetPhoto,I08_TPC RUN6 34 NetPhoto,FALSE,FALSE,FALSE,FALSE,Turbinaria frondens
2025-08-10,Tfro,I08_TPC,I08,RUN6,7.194587934,10,9,34,GrossPhoto,1.868560870774742,I08_TPC RUN6 GrossPhoto,I08_TPC RUN6 34 GrossPhoto,FALSE,FALSE,FALSE,FALSE,Turbinaria frondens
2025-08-10,Elam,G08_TPC,G08,RUN6,22.74054416,12,9,34,Respiration,0.6416484285466469,G08_TPC RUN6 Respiration,G08_TPC RUN6 34 Respiration,FALSE,FALSE,FALSE,FALSE,Echinopora lamellosa
2025-08-10,Elam,G08_TPC,G08,RUN6,22.74054416,12,9,34,NetPhoto,0.6179677370750742,G08_TPC RUN6 NetPhoto,G08_TPC RUN6 34 NetPhoto,FALSE,FALSE,FALSE,FALSE,Echinopora lamellosa
2025-08-10,Elam,G08_TPC,G08,RUN6,22.74054416,12,9,34,GrossPhoto,1.259616165621721,G08_TPC RUN6 GrossPhoto,G08_TPC RUN6 34 GrossPhoto,FALSE,FALSE,FALSE,FALSE,Echinopora lamellosa
