date,species,sample_ID,frag_ID,run_block,SA_cm2,chamber_channel,temp_c_level,temp_c_value,PR,Values,full_ID,id_block,outlier_manual,outlier_iqr,outlier_any
2025-08-01,Pcyl,A01_TPC,A01,RUN1,24.72486281,1,1,24.5,Respiration,0.4794571684305704,A01_TPC RUN1 24.5 Respiration,A01_TPC RUN1 Respiration,FALSE,FALSE,FALSE
2025-08-01,Pcyl,A01_TPC,A01,RUN1,24.72486281,1,1,24.5,NetPhoto,0.8802817187498612,A01_TPC RUN1 24.5 NetPhoto,A01_TPC RUN1 NetPhoto,FALSE,FALSE,FALSE
2025-08-01,Pcyl,A01_TPC,A01,RUN1,24.72486281,1,1,24.5,GrossPhoto,1.3597388871804317,A01_TPC RUN1 24.5 GrossPhoto,A01_TPC RUN1 GrossPhoto,FALSE,FALSE,FALSE
2025-08-01,Elam,G01_TPC,G01,RUN1,20.38296944,2,1,24.5,Respiration,0.37249847991644947,G01_TPC RUN1 24.5 Respiration,G01_TPC RUN1 Respiration,FALSE,FALSE,FALSE
2025-08-01,Elam,G01_TPC,G01,RUN1,20.38296944,2,1,24.5,NetPhoto,0.7178391488272683,G01_TPC RUN1 24.5 NetPhoto,G01_TPC RUN1 NetPhoto,FALSE,FALSE,FALSE
2025-08-01,Elam,G01_TPC,G01,RUN1,20.38296944,2,1,24.5,GrossPhoto,1.090337628743718,G01_TPC RUN1 24.5 GrossPhoto,G01_TPC RUN1 GrossPhoto,FALSE,FALSE,FALSE
2025-08-01,Fcom,C01_TPC,C01,RUN1,23.69761104,3,1,24.5,Respiration,0.33419814746205395,C01_TPC RUN1 24.5 Respiration,C01_TPC RUN1 Respiration,FALSE,FALSE,FALSE
2025-08-01,Fcom,C01_TPC,C01,RUN1,23.69761104,3,1,24.5,NetPhoto,0.7315115615296514,C01_TPC RUN1 24.5 NetPhoto,C01_TPC RUN1 NetPhoto,FALSE,FALSE,FALSE
2025-08-01,Fcom,C01_TPC,C01,RUN1,23.69761104,3,1,24.5,GrossPhoto,1.0657097089917054,C01_TPC RUN1 24.5 GrossPhoto,C01_TPC RUN1 GrossPhoto,FALSE,FALSE,FALSE
2025-08-01,Prug,F01_TPC,F01,RUN1,14.38535037,4,1,24.5,Respiration,0.2636521210930906,F01_TPC RUN1 24.5 Respiration,F01_TPC RUN1 Respiration,FALSE,FALSE,FALSE
2025-08-01,Prug,F01_TPC,F01,RUN1,14.38535037,4,1,24.5,NetPhoto,0.704906463560301,F01_TPC RUN1 24.5 NetPhoto,F01_TPC RUN1 NetPhoto,FALSE,FALSE,FALSE
2025-08-01,Prug,F01_TPC,F01,RUN1,14.38535037,4,1,24.5,GrossPhoto,0.9685585846533916,F01_TPC RUN1 24.5 GrossPhoto,F01_TPC RUN1 GrossPhoto,FALSE,FALSE,FALSE
2025-08-01,Peyd,E01_TPC,E01,RUN1,33.93822657,5,1,24.5,Respiration,0.3707926275822228,E01_TPC RUN1 24.5 Respiration,E01_TPC RUN1 Respiration,FALSE,FALSE,FALSE
2025-08-01,Peyd,E01_TPC,E01,RUN1,33.93822657,5,1,24.5,NetPhoto,0.5992639570977295,E01_TPC RUN1 24.5 NetPhoto,E01_TPC RUN1 NetPhoto,FALSE,FALSE,FALSE
2025-08-01,Peyd,E01_TPC,E01,RUN1,33.93822657,5,1,24.5,GrossPhoto,0.9700565846799524,E01_TPC RUN1 24.5 GrossPhoto,E01_TPC RUN1 GrossPhoto,FALSE,FALSE,FALSE
2025-08-01,Ahya,J01_TPC,J01,RUN1,16.22929921,7,1,24.5,Respiration,0.31162630580692574,J01_TPC RUN1 24.5 Respiration,J01_TPC RUN1 Respiration,FALSE,FALSE,FALSE
2025-08-01,Ahya,J01_TPC,J01,RUN1,16.22929921,7,1,24.5,NetPhoto,0.5784558628076567,J01_TPC RUN1 24.5 NetPhoto,J01_TPC RUN1 NetPhoto,FALSE,FALSE,FALSE
2025-08-01,Ahya,J01_TPC,J01,RUN1,16.22929921,7,1,24.5,GrossPhoto,0.8900821686145824,J01_TPC RUN1 24.5 GrossPhoto,J01_TPC RUN1 GrossPhoto,FALSE,FALSE,FALSE
2025-08-01,Tfro,I01_TPC,I01,RUN1,26.20193602,8,1,24.5,Respiration,0.42006846705664547,I01_TPC RUN1 24.5 Respiration,I01_TPC RUN1 Respiration,FALSE,FALSE,FALSE
2025-08-01,Tfro,I01_TPC,I01,RUN1,26.20193602,8,1,24.5,NetPhoto,0.42047825851959064,I01_TPC RUN1 24.5 NetPhoto,I01_TPC RUN1 NetPhoto,FALSE,FALSE,FALSE
2025-08-01,Tfro,I01_TPC,I01,RUN1,26.20193602,8,1,24.5,GrossPhoto,0.8405467255762361,I01_TPC RUN1 24.5 GrossPhoto,I01_TPC RUN1 GrossPhoto,FALSE,FALSE,FALSE
2025-08-01,Mvie,B01_TPC,B01,RUN1,19.26639142,10,1,24.5,Respiration,0.36701211970588465,B01_TPC RUN1 24.5 Respiration,B01_TPC RUN1 Respiration,FALSE,FALSE,FALSE
2025-08-01,Mvie,B01_TPC,B01,RUN1,19.26639142,10,1,24.5,NetPhoto,0.6628196317889582,B01_TPC RUN1 24.5 NetPhoto,B01_TPC RUN1 NetPhoto,FALSE,FALSE,FALSE
2025-08-01,Mvie,B01_TPC,B01,RUN1,19.26639142,10,1,24.5,GrossPhoto,1.029831751494843,B01_TPC RUN1 24.5 GrossPhoto,B01_TPC RUN1 GrossPhoto,FALSE,FALSE,FALSE
2025-08-01,Maeq,H01_TPC,H01,RUN1,32.84078989,11,1,24.5,Respiration,0.419033008782943,H01_TPC RUN1 24.5 Respiration,H01_TPC RUN1 Respiration,FALSE,FALSE,FALSE
2025-08-01,Maeq,H01_TPC,H01,RUN1,32.84078989,11,1,24.5,NetPhoto,0.3877895414467652,H01_TPC RUN1 24.5 NetPhoto,H01_TPC RUN1 NetPhoto,FALSE,FALSE,FALSE
2025-08-01,Maeq,H01_TPC,H01,RUN1,32.84078989,11,1,24.5,GrossPhoto,0.8068225502297082,H01_TPC RUN1 24.5 GrossPhoto,H01_TPC RUN1 GrossPhoto,FALSE,FALSE,FALSE
2025-08-01,Prus,D01_TPC,D01,RUN1,28.54674986,12,1,24.5,Respiration,0.3621929078860696,D01_TPC RUN1 24.5 Respiration,D01_TPC RUN1 Respiration,FALSE,FALSE,FALSE
2025-08-01,Prus,D01_TPC,D01,RUN1,28.54674986,12,1,24.5,NetPhoto,0.865701221669624,D01_TPC RUN1 24.5 NetPhoto,D01_TPC RUN1 NetPhoto,FALSE,FALSE,FALSE
2025-08-01,Prus,D01_TPC,D01,RUN1,28.54674986,12,1,24.5,GrossPhoto,1.2278941295556935,D01_TPC RUN1 24.5 GrossPhoto,D01_TPC RUN1 GrossPhoto,FALSE,FALSE,FALSE
2025-08-02,Elam,G02_TPC,G02,RUN2,16.88329491,1,1,24.5,Respiration,0.3981978066722897,G02_TPC RUN2 24.5 Respiration,G02_TPC RUN2 Respiration,FALSE,FALSE,FALSE
2025-08-02,Elam,G02_TPC,G02,RUN2,16.88329491,1,1,24.5,NetPhoto,0.92981279690949,G02_TPC RUN2 24.5 NetPhoto,G02_TPC RUN2 NetPhoto,FALSE,FALSE,FALSE
2025-08-02,Elam,G02_TPC,G02,RUN2,16.88329491,1,1,24.5,GrossPhoto,1.3280106035817796,G02_TPC RUN2 24.5 GrossPhoto,G02_TPC RUN2 GrossPhoto,FALSE,FALSE,FALSE
2025-08-02,Peyd,E02_TPC,E02,RUN2,34.41995023,2,1,24.5,Respiration,0.35760761844538397,E02_TPC RUN2 24.5 Respiration,E02_TPC RUN2 Respiration,FALSE,FALSE,FALSE
2025-08-02,Peyd,E02_TPC,E02,RUN2,34.41995023,2,1,24.5,NetPhoto,0.812525899293145,E02_TPC RUN2 24.5 NetPhoto,E02_TPC RUN2 NetPhoto,FALSE,FALSE,FALSE
2025-08-02,Peyd,E02_TPC,E02,RUN2,34.41995023,2,1,24.5,GrossPhoto,1.170133517738529,E02_TPC RUN2 24.5 GrossPhoto,E02_TPC RUN2 GrossPhoto,FALSE,FALSE,FALSE
2025-08-02,Prug,F04_TPC,F04,RUN2,22.44704366,3,1,24.5,Respiration,0.35174100831724864,F04_TPC RUN2 24.5 Respiration,F04_TPC RUN2 Respiration,FALSE,FALSE,FALSE
2025-08-02,Prug,F04_TPC,F04,RUN2,22.44704366,3,1,24.5,NetPhoto,0.7684116868380377,F04_TPC RUN2 24.5 NetPhoto,F04_TPC RUN2 NetPhoto,FALSE,FALSE,FALSE
2025-08-02,Prug,F04_TPC,F04,RUN2,22.44704366,3,1,24.5,GrossPhoto,1.1201526951552865,F04_TPC RUN2 24.5 GrossPhoto,F04_TPC RUN2 GrossPhoto,FALSE,FALSE,FALSE
2025-08-02,Prus,D02_TPC,D02,RUN2,18.28699298,4,1,24.5,Respiration,0.4469469730440467,D02_TPC RUN2 24.5 Respiration,D02_TPC RUN2 Respiration,FALSE,FALSE,FALSE
2025-08-02,Prus,D02_TPC,D02,RUN2,18.28699298,4,1,24.5,NetPhoto,0.8526773159607326,D02_TPC RUN2 24.5 NetPhoto,D02_TPC RUN2 NetPhoto,FALSE,FALSE,FALSE
2025-08-02,Prus,D02_TPC,D02,RUN2,18.28699298,4,1,24.5,GrossPhoto,1.299624289004779,D02_TPC RUN2 24.5 GrossPhoto,D02_TPC RUN2 GrossPhoto,FALSE,FALSE,FALSE
2025-08-02,Pcyl,A02_TPC,A02,RUN2,19.14835317,5,1,24.5,Respiration,0.4697211651218425,A02_TPC RUN2 24.5 Respiration,A02_TPC RUN2 Respiration,FALSE,FALSE,FALSE
2025-08-02,Pcyl,A02_TPC,A02,RUN2,19.14835317,5,1,24.5,NetPhoto,0.6417703101795147,A02_TPC RUN2 24.5 NetPhoto,A02_TPC RUN2 NetPhoto,FALSE,FALSE,FALSE
2025-08-02,Pcyl,A02_TPC,A02,RUN2,19.14835317,5,1,24.5,GrossPhoto,1.1114914753013572,A02_TPC RUN2 24.5 GrossPhoto,A02_TPC RUN2 GrossPhoto,FALSE,FALSE,FALSE
2025-08-02,Tfro,I02_TPC,I02,RUN2,24.37074807,6,1,24.5,Respiration,0.4061362248620654,I02_TPC RUN2 24.5 Respiration,I02_TPC RUN2 Respiration,FALSE,FALSE,FALSE
2025-08-02,Tfro,I02_TPC,I02,RUN2,24.37074807,6,1,24.5,NetPhoto,0.5973524995731486,I02_TPC RUN2 24.5 NetPhoto,I02_TPC RUN2 NetPhoto,FALSE,FALSE,FALSE
2025-08-02,Tfro,I02_TPC,I02,RUN2,24.37074807,6,1,24.5,GrossPhoto,1.003488724435214,I02_TPC RUN2 24.5 GrossPhoto,I02_TPC RUN2 GrossPhoto,FALSE,FALSE,FALSE
2025-08-02,Fcom,C02_TPC,C02,RUN2,24.72805304,8,1,24.5,Respiration,0.5004208201344535,C02_TPC RUN2 24.5 Respiration,C02_TPC RUN2 Respiration,FALSE,FALSE,FALSE
2025-08-02,Fcom,C02_TPC,C02,RUN2,24.72805304,8,1,24.5,NetPhoto,0.755980792644236,C02_TPC RUN2 24.5 NetPhoto,C02_TPC RUN2 NetPhoto,FALSE,FALSE,FALSE
2025-08-02,Fcom,C02_TPC,C02,RUN2,24.72805304,8,1,24.5,GrossPhoto,1.2564016127786894,C02_TPC RUN2 24.5 GrossPhoto,C02_TPC RUN2 GrossPhoto,FALSE,FALSE,FALSE
2025-08-02,Ahya,J02_TPC,J02,RUN2,20.79769841,9,1,24.5,Respiration,0.27485190728166303,J02_TPC RUN2 24.5 Respiration,J02_TPC RUN2 Respiration,FALSE,FALSE,FALSE
2025-08-02,Ahya,J02_TPC,J02,RUN2,20.79769841,9,1,24.5,NetPhoto,0.5521294951867285,J02_TPC RUN2 24.5 NetPhoto,J02_TPC RUN2 NetPhoto,FALSE,FALSE,FALSE
2025-08-02,Ahya,J02_TPC,J02,RUN2,20.79769841,9,1,24.5,GrossPhoto,0.8269814024683915,J02_TPC RUN2 24.5 GrossPhoto,J02_TPC RUN2 GrossPhoto,FALSE,FALSE,FALSE
2025-08-02,Mvie,B02_TPC,B02,RUN2,18.64110773,10,1,24.5,Respiration,0.28979092286813235,B02_TPC RUN2 24.5 Respiration,B02_TPC RUN2 Respiration,FALSE,FALSE,FALSE
2025-08-02,Mvie,B02_TPC,B02,RUN2,18.64110773,10,1,24.5,NetPhoto,0.5631976868693099,B02_TPC RUN2 24.5 NetPhoto,B02_TPC RUN2 NetPhoto,FALSE,FALSE,FALSE
2025-08-02,Mvie,B02_TPC,B02,RUN2,18.64110773,10,1,24.5,GrossPhoto,0.8529886097374423,B02_TPC RUN2 24.5 GrossPhoto,B02_TPC RUN2 GrossPhoto,FALSE,FALSE,FALSE
2025-08-02,Maeq,H02_TPC,H02,RUN2,37.79520607,12,1,24.5,Respiration,0.18905655086938197,H02_TPC RUN2 24.5 Respiration,H02_TPC RUN2 Respiration,FALSE,FALSE,FALSE
2025-08-02,Maeq,H02_TPC,H02,RUN2,37.79520607,12,1,24.5,NetPhoto,0.4839143166974688,H02_TPC RUN2 24.5 NetPhoto,H02_TPC RUN2 NetPhoto,FALSE,FALSE,FALSE
2025-08-02,Maeq,H02_TPC,H02,RUN2,37.79520607,12,1,24.5,GrossPhoto,0.6729708675668508,H02_TPC RUN2 24.5 GrossPhoto,H02_TPC RUN2 GrossPhoto,FALSE,FALSE,FALSE
2025-08-03,Peyd,E03_TPC,E03,RUN3,37.62293403,1,1,24.5,Respiration,0.3663135919339822,E03_TPC RUN3 24.5 Respiration,E03_TPC RUN3 Respiration,FALSE,FALSE,FALSE
2025-08-03,Peyd,E03_TPC,E03,RUN3,37.62293403,1,1,24.5,NetPhoto,0.6530165221611326,E03_TPC RUN3 24.5 NetPhoto,E03_TPC RUN3 NetPhoto,FALSE,FALSE,FALSE
2025-08-03,Peyd,E03_TPC,E03,RUN3,37.62293403,1,1,24.5,GrossPhoto,1.0193301140951148,E03_TPC RUN3 24.5 GrossPhoto,E03_TPC RUN3 GrossPhoto,FALSE,FALSE,FALSE
2025-08-03,Tfro,I03_TPC,I03,RUN3,30.56935118,2,1,24.5,Respiration,0.1489126692347937,I03_TPC RUN3 24.5 Respiration,I03_TPC RUN3 Respiration,FALSE,FALSE,FALSE
2025-08-03,Tfro,I03_TPC,I03,RUN3,30.56935118,2,1,24.5,NetPhoto,0.3882551325203898,I03_TPC RUN3 24.5 NetPhoto,I03_TPC RUN3 NetPhoto,FALSE,FALSE,FALSE
2025-08-03,Tfro,I03_TPC,I03,RUN3,30.56935118,2,1,24.5,GrossPhoto,0.5371678017551835,I03_TPC RUN3 24.5 GrossPhoto,I03_TPC RUN3 GrossPhoto,FALSE,FALSE,FALSE
2025-08-03,Pcyl,A03_TPC,A03,RUN3,19.11326072,3,1,24.5,Respiration,0.4846531146830556,A03_TPC RUN3 24.5 Respiration,A03_TPC RUN3 Respiration,FALSE,FALSE,FALSE
2025-08-03,Pcyl,A03_TPC,A03,RUN3,19.11326072,3,1,24.5,NetPhoto,0.9095710724047584,A03_TPC RUN3 24.5 NetPhoto,A03_TPC RUN3 NetPhoto,FALSE,FALSE,FALSE
2025-08-03,Pcyl,A03_TPC,A03,RUN3,19.11326072,3,1,24.5,GrossPhoto,1.394224187087814,A03_TPC RUN3 24.5 GrossPhoto,A03_TPC RUN3 GrossPhoto,FALSE,FALSE,FALSE
2025-08-03,Maeq,H04_TPC,H04,RUN3,41.64580512,4,1,24.5,Respiration,0.28235410316968623,H04_TPC RUN3 24.5 Respiration,H04_TPC RUN3 Respiration,FALSE,FALSE,FALSE
2025-08-03,Maeq,H04_TPC,H04,RUN3,41.64580512,4,1,24.5,NetPhoto,0.5205754852122192,H04_TPC RUN3 24.5 NetPhoto,H04_TPC RUN3 NetPhoto,FALSE,FALSE,FALSE
2025-08-03,Maeq,H04_TPC,H04,RUN3,41.64580512,4,1,24.5,GrossPhoto,0.8029295883819054,H04_TPC RUN3 24.5 GrossPhoto,H04_TPC RUN3 GrossPhoto,FALSE,FALSE,FALSE
2025-08-03,Prug,F03_TPC,F03,RUN3,17.6489484,6,1,24.5,Respiration,0.3176399042586949,F03_TPC RUN3 24.5 Respiration,F03_TPC RUN3 Respiration,FALSE,FALSE,FALSE
2025-08-03,Prug,F03_TPC,F03,RUN3,17.6489484,6,1,24.5,NetPhoto,0.8990549234423604,F03_TPC RUN3 24.5 NetPhoto,F03_TPC RUN3 NetPhoto,FALSE,FALSE,FALSE
2025-08-03,Prug,F03_TPC,F03,RUN3,17.6489484,6,1,24.5,GrossPhoto,1.2166948277010552,F03_TPC RUN3 24.5 GrossPhoto,F03_TPC RUN3 GrossPhoto,FALSE,FALSE,FALSE
2025-08-03,Ahya,J03_TPC,J03,RUN3,29.80688791,7,1,24.5,Respiration,0.2975623310545302,J03_TPC RUN3 24.5 Respiration,J03_TPC RUN3 Respiration,FALSE,FALSE,FALSE
2025-08-03,Ahya,J03_TPC,J03,RUN3,29.80688791,7,1,24.5,NetPhoto,0.6569683431378669,J03_TPC RUN3 24.5 NetPhoto,J03_TPC RUN3 NetPhoto,FALSE,FALSE,FALSE
2025-08-03,Ahya,J03_TPC,J03,RUN3,29.80688791,7,1,24.5,GrossPhoto,0.9545306741923972,J03_TPC RUN3 24.5 GrossPhoto,J03_TPC RUN3 GrossPhoto,FALSE,FALSE,FALSE
2025-08-03,Mvie,B03_TPC,B03,RUN3,17.06832783,8,1,24.5,Respiration,0.05748348552821512,B03_TPC RUN3 24.5 Respiration,B03_TPC RUN3 Respiration,FALSE,FALSE,FALSE
2025-08-03,Mvie,B03_TPC,B03,RUN3,17.06832783,8,1,24.5,NetPhoto,0.5713552628353882,B03_TPC RUN3 24.5 NetPhoto,B03_TPC RUN3 NetPhoto,FALSE,FALSE,FALSE
2025-08-03,Mvie,B03_TPC,B03,RUN3,17.06832783,8,1,24.5,GrossPhoto,0.6288387483636033,B03_TPC RUN3 24.5 GrossPhoto,B03_TPC RUN3 GrossPhoto,FALSE,FALSE,FALSE
2025-08-03,Fcom,C03_TPC,C03,RUN3,26.45396363,9,1,24.5,Respiration,0.36049528378000206,C03_TPC RUN3 24.5 Respiration,C03_TPC RUN3 Respiration,FALSE,FALSE,FALSE
2025-08-03,Fcom,C03_TPC,C03,RUN3,26.45396363,9,1,24.5,NetPhoto,1.0846973907776067,C03_TPC RUN3 24.5 NetPhoto,C03_TPC RUN3 NetPhoto,FALSE,FALSE,FALSE
2025-08-03,Fcom,C03_TPC,C03,RUN3,26.45396363,9,1,24.5,GrossPhoto,1.445192674557609,C03_TPC RUN3 24.5 GrossPhoto,C03_TPC RUN3 GrossPhoto,FALSE,FALSE,FALSE
2025-08-03,Elam,G05_TPC,G05,RUN3,17.26931188,11,1,24.5,Respiration,0.37492638857396954,G05_TPC RUN3 24.5 Respiration,G05_TPC RUN3 Respiration,FALSE,FALSE,FALSE
2025-08-03,Elam,G05_TPC,G05,RUN3,17.26931188,11,1,24.5,NetPhoto,0.8412760982177265,G05_TPC RUN3 24.5 NetPhoto,G05_TPC RUN3 NetPhoto,FALSE,FALSE,FALSE
2025-08-03,Elam,G05_TPC,G05,RUN3,17.26931188,11,1,24.5,GrossPhoto,1.216202486791696,G05_TPC RUN3 24.5 GrossPhoto,G05_TPC RUN3 GrossPhoto,FALSE,FALSE,FALSE
2025-08-03,Prus,D03_TPC,D03,RUN3,17.32354567,12,1,24.5,Respiration,0.4263165212209048,D03_TPC RUN3 24.5 Respiration,D03_TPC RUN3 Respiration,FALSE,FALSE,FALSE
2025-08-03,Prus,D03_TPC,D03,RUN3,17.32354567,12,1,24.5,NetPhoto,0.6140750279846199,D03_TPC RUN3 24.5 NetPhoto,D03_TPC RUN3 NetPhoto,FALSE,FALSE,FALSE
2025-08-03,Prus,D03_TPC,D03,RUN3,17.32354567,12,1,24.5,GrossPhoto,1.040391549205525,D03_TPC RUN3 24.5 GrossPhoto,D03_TPC RUN3 GrossPhoto,FALSE,FALSE,FALSE
2025-08-08,Tfro,I06_TPC,I06,RUN4,22.32262496,1,1,24.5,Respiration,0.1759157190181066,I06_TPC RUN4 24.5 Respiration,I06_TPC RUN4 Respiration,FALSE,FALSE,FALSE
2025-08-08,Tfro,I06_TPC,I06,RUN4,22.32262496,1,1,24.5,NetPhoto,0.25207896017081116,I06_TPC RUN4 24.5 NetPhoto,I06_TPC RUN4 NetPhoto,FALSE,FALSE,FALSE
2025-08-08,Tfro,I06_TPC,I06,RUN4,22.32262496,1,1,24.5,GrossPhoto,0.42799467918891776,I06_TPC RUN4 24.5 GrossPhoto,I06_TPC RUN4 GrossPhoto,FALSE,FALSE,FALSE
2025-08-08,Ahya,J06_TPC,J06,RUN4,15.5880644,3,1,24.5,Respiration,-0.04946406077535265,J06_TPC RUN4 24.5 Respiration,J06_TPC RUN4 Respiration,FALSE,FALSE,FALSE
2025-08-08,Ahya,J06_TPC,J06,RUN4,15.5880644,3,1,24.5,NetPhoto,0.357906634289325,J06_TPC RUN4 24.5 NetPhoto,J06_TPC RUN4 NetPhoto,FALSE,FALSE,FALSE
2025-08-08,Pcyl,A06_TPC,A06,RUN4,17.41606213,4,1,24.5,Respiration,0.2510041646666969,A06_TPC RUN4 24.5 Respiration,A06_TPC RUN4 Respiration,FALSE,FALSE,FALSE
2025-08-08,Pcyl,A06_TPC,A06,RUN4,17.41606213,4,1,24.5,NetPhoto,0.8839828862555904,A06_TPC RUN4 24.5 NetPhoto,A06_TPC RUN4 NetPhoto,FALSE,FALSE,FALSE
2025-08-08,Pcyl,A06_TPC,A06,RUN4,17.41606213,4,1,24.5,GrossPhoto,1.1349870509222872,A06_TPC RUN4 24.5 GrossPhoto,A06_TPC RUN4 GrossPhoto,FALSE,FALSE,FALSE
2025-08-08,Maeq,H06_TPC,H06,RUN4,24.44093297,5,1,24.5,Respiration,0.14171231577543203,H06_TPC RUN4 24.5 Respiration,H06_TPC RUN4 Respiration,FALSE,FALSE,FALSE
2025-08-08,Maeq,H06_TPC,H06,RUN4,24.44093297,5,1,24.5,NetPhoto,0.2622684641328004,H06_TPC RUN4 24.5 NetPhoto,H06_TPC RUN4 NetPhoto,FALSE,FALSE,FALSE
2025-08-08,Maeq,H06_TPC,H06,RUN4,24.44093297,5,1,24.5,GrossPhoto,0.4039807799082325,H06_TPC RUN4 24.5 GrossPhoto,H06_TPC RUN4 GrossPhoto,FALSE,FALSE,FALSE
2025-08-08,Elam,G06_TPC,G06,RUN4,22.13759203,8,1,24.5,Respiration,0.09641590742518072,G06_TPC RUN4 24.5 Respiration,G06_TPC RUN4 Respiration,FALSE,FALSE,FALSE
2025-08-08,Elam,G06_TPC,G06,RUN4,22.13759203,8,1,24.5,NetPhoto,0.4254970291255314,G06_TPC RUN4 24.5 NetPhoto,G06_TPC RUN4 NetPhoto,FALSE,FALSE,FALSE
2025-08-08,Elam,G06_TPC,G06,RUN4,22.13759203,8,1,24.5,GrossPhoto,0.5219129365507121,G06_TPC RUN4 24.5 GrossPhoto,G06_TPC RUN4 GrossPhoto,FALSE,FALSE,FALSE
2025-08-08,Peyd,E06_TPC,E06,RUN4,44.66694621,9,1,24.5,Respiration,0.47298672853636126,E06_TPC RUN4 24.5 Respiration,E06_TPC RUN4 Respiration,FALSE,FALSE,FALSE
2025-08-08,Peyd,E06_TPC,E06,RUN4,44.66694621,9,1,24.5,NetPhoto,0.4770341815338814,E06_TPC RUN4 24.5 NetPhoto,E06_TPC RUN4 NetPhoto,FALSE,FALSE,FALSE
2025-08-08,Peyd,E06_TPC,E06,RUN4,44.66694621,9,1,24.5,GrossPhoto,0.9500209100702426,E06_TPC RUN4 24.5 GrossPhoto,E06_TPC RUN4 GrossPhoto,FALSE,FALSE,FALSE
2025-08-08,Prus,D06_TPC,D06,RUN4,16.312245,10,1,24.5,Respiration,0.2198933709163939,D06_TPC RUN4 24.5 Respiration,D06_TPC RUN4 Respiration,FALSE,FALSE,FALSE
2025-08-08,Prus,D06_TPC,D06,RUN4,16.312245,10,1,24.5,NetPhoto,0.6935158074565373,D06_TPC RUN4 24.5 NetPhoto,D06_TPC RUN4 NetPhoto,FALSE,FALSE,FALSE
2025-08-08,Prus,D06_TPC,D06,RUN4,16.312245,10,1,24.5,GrossPhoto,0.9134091783729312,D06_TPC RUN4 24.5 GrossPhoto,D06_TPC RUN4 GrossPhoto,FALSE,FALSE,FALSE
2025-08-08,Prug,F06_TPC,F06,RUN4,20.08308848,11,1,24.5,Respiration,0.23196902857904067,F06_TPC RUN4 24.5 Respiration,F06_TPC RUN4 Respiration,FALSE,FALSE,FALSE
2025-08-08,Prug,F06_TPC,F06,RUN4,20.08308848,11,1,24.5,NetPhoto,0.982453121516088,F06_TPC RUN4 24.5 NetPhoto,F06_TPC RUN4 NetPhoto,FALSE,FALSE,FALSE
2025-08-08,Prug,F06_TPC,F06,RUN4,20.08308848,11,1,24.5,GrossPhoto,1.2144221500951289,F06_TPC RUN4 24.5 GrossPhoto,F06_TPC RUN4 GrossPhoto,FALSE,FALSE,FALSE
2025-08-08,Mvie,B06_TPC,B06,RUN4,13.28791369,12,1,24.5,Respiration,0.13442640202670675,B06_TPC RUN4 24.5 Respiration,B06_TPC RUN4 Respiration,FALSE,FALSE,FALSE
2025-08-08,Mvie,B06_TPC,B06,RUN4,13.28791369,12,1,24.5,NetPhoto,0.4559800679669576,B06_TPC RUN4 24.5 NetPhoto,B06_TPC RUN4 NetPhoto,FALSE,FALSE,FALSE
2025-08-08,Mvie,B06_TPC,B06,RUN4,13.28791369,12,1,24.5,GrossPhoto,0.5904064699936644,B06_TPC RUN4 24.5 GrossPhoto,B06_TPC RUN4 GrossPhoto,FALSE,FALSE,FALSE
2025-08-09,Mvie,B07_TPC,B07,RUN5,13.30067458,1,1,24.5,Respiration,0.3224118453292801,B07_TPC RUN5 24.5 Respiration,B07_TPC RUN5 Respiration,FALSE,FALSE,FALSE
2025-08-09,Mvie,B07_TPC,B07,RUN5,13.30067458,1,1,24.5,NetPhoto,0.7063719246472916,B07_TPC RUN5 24.5 NetPhoto,B07_TPC RUN5 NetPhoto,FALSE,FALSE,FALSE
2025-08-09,Mvie,B07_TPC,B07,RUN5,13.30067458,1,1,24.5,GrossPhoto,1.0287837699765716,B07_TPC RUN5 24.5 GrossPhoto,B07_TPC RUN5 GrossPhoto,FALSE,FALSE,FALSE
2025-08-09,Pcyl,A07_TPC,A07,RUN5,13.81749069,2,1,24.5,Respiration,0.43545953651453734,A07_TPC RUN5 24.5 Respiration,A07_TPC RUN5 Respiration,FALSE,FALSE,FALSE
2025-08-09,Pcyl,A07_TPC,A07,RUN5,13.81749069,2,1,24.5,NetPhoto,1.1472412445848328,A07_TPC RUN5 24.5 NetPhoto,A07_TPC RUN5 NetPhoto,FALSE,FALSE,FALSE
2025-08-09,Pcyl,A07_TPC,A07,RUN5,13.81749069,2,1,24.5,GrossPhoto,1.58270078109937,A07_TPC RUN5 24.5 GrossPhoto,A07_TPC RUN5 GrossPhoto,FALSE,FALSE,FALSE
2025-08-09,Peyd,E07_TPC,E07,RUN5,18.03177515,3,1,24.5,Respiration,0.3996104338800976,E07_TPC RUN5 24.5 Respiration,E07_TPC RUN5 Respiration,FALSE,FALSE,FALSE
2025-08-09,Peyd,E07_TPC,E07,RUN5,18.03177515,3,1,24.5,NetPhoto,0.8239253190767214,E07_TPC RUN5 24.5 NetPhoto,E07_TPC RUN5 NetPhoto,FALSE,FALSE,FALSE
2025-08-09,Peyd,E07_TPC,E07,RUN5,18.03177515,3,1,24.5,GrossPhoto,1.223535752956819,E07_TPC RUN5 24.5 GrossPhoto,E07_TPC RUN5 GrossPhoto,FALSE,FALSE,FALSE
2025-08-09,Ahya,J07_TPC,J07,RUN5,16.49727793,4,1,24.5,Respiration,0.30964002421046916,J07_TPC RUN5 24.5 Respiration,J07_TPC RUN5 Respiration,FALSE,FALSE,FALSE
2025-08-09,Ahya,J07_TPC,J07,RUN5,16.49727793,4,1,24.5,NetPhoto,0.6888435362925293,J07_TPC RUN5 24.5 NetPhoto,J07_TPC RUN5 NetPhoto,FALSE,FALSE,FALSE
2025-08-09,Ahya,J07_TPC,J07,RUN5,16.49727793,4,1,24.5,GrossPhoto,0.9984835605029984,J07_TPC RUN5 24.5 GrossPhoto,J07_TPC RUN5 GrossPhoto,FALSE,FALSE,FALSE
2025-08-09,Fcom,C07_TPC,C07,RUN5,12.85404337,5,1,24.5,Respiration,0.4180262707377652,C07_TPC RUN5 24.5 Respiration,C07_TPC RUN5 Respiration,FALSE,FALSE,FALSE
2025-08-09,Fcom,C07_TPC,C07,RUN5,12.85404337,5,1,24.5,NetPhoto,1.1197889171214306,C07_TPC RUN5 24.5 NetPhoto,C07_TPC RUN5 NetPhoto,FALSE,FALSE,FALSE
2025-08-09,Fcom,C07_TPC,C07,RUN5,12.85404337,5,1,24.5,GrossPhoto,1.537815187859196,C07_TPC RUN5 24.5 GrossPhoto,C07_TPC RUN5 GrossPhoto,FALSE,FALSE,FALSE
2025-08-09,Prug,F07_TPC,F07,RUN5,25.48732609,6,1,24.5,Respiration,0.5447325714822078,F07_TPC RUN5 24.5 Respiration,F07_TPC RUN5 Respiration,FALSE,FALSE,FALSE
2025-08-09,Prug,F07_TPC,F07,RUN5,25.48732609,6,1,24.5,NetPhoto,1.0668593406282996,F07_TPC RUN5 24.5 NetPhoto,F07_TPC RUN5 NetPhoto,FALSE,FALSE,FALSE
2025-08-09,Prug,F07_TPC,F07,RUN5,25.48732609,6,1,24.5,GrossPhoto,1.6115919121105071,F07_TPC RUN5 24.5 GrossPhoto,F07_TPC RUN5 GrossPhoto,FALSE,FALSE,FALSE
2025-08-09,Prus,D07_TPC,D07,RUN5,13.26877235,8,1,24.5,Respiration,0.3976225416031331,D07_TPC RUN5 24.5 Respiration,D07_TPC RUN5 Respiration,FALSE,FALSE,FALSE
2025-08-09,Prus,D07_TPC,D07,RUN5,13.26877235,8,1,24.5,NetPhoto,0.8957472436731789,D07_TPC RUN5 24.5 NetPhoto,D07_TPC RUN5 NetPhoto,FALSE,FALSE,FALSE
2025-08-09,Prus,D07_TPC,D07,RUN5,13.26877235,8,1,24.5,GrossPhoto,1.293369785276312,D07_TPC RUN5 24.5 GrossPhoto,D07_TPC RUN5 GrossPhoto,FALSE,FALSE,FALSE
2025-08-09,Tfro,I07_TPC,I07,RUN5,10.84739316,9,1,24.5,Respiration,0.4776373785833163,I07_TPC RUN5 24.5 Respiration,I07_TPC RUN5 Respiration,FALSE,FALSE,FALSE
2025-08-09,Tfro,I07_TPC,I07,RUN5,10.84739316,9,1,24.5,NetPhoto,0.6287243565906195,I07_TPC RUN5 24.5 NetPhoto,I07_TPC RUN5 NetPhoto,FALSE,FALSE,FALSE
2025-08-09,Tfro,I07_TPC,I07,RUN5,10.84739316,9,1,24.5,GrossPhoto,1.106361735173936,I07_TPC RUN5 24.5 GrossPhoto,I07_TPC RUN5 GrossPhoto,FALSE,FALSE,FALSE
2025-08-09,Elam,G07_TPC,G07,RUN5,20.22026807,10,1,24.5,Respiration,0.2575958699673903,G07_TPC RUN5 24.5 Respiration,G07_TPC RUN5 Respiration,FALSE,FALSE,FALSE
2025-08-09,Elam,G07_TPC,G07,RUN5,20.22026807,10,1,24.5,NetPhoto,0.6913682814226336,G07_TPC RUN5 24.5 NetPhoto,G07_TPC RUN5 NetPhoto,FALSE,FALSE,FALSE
2025-08-09,Elam,G07_TPC,G07,RUN5,20.22026807,10,1,24.5,GrossPhoto,0.948964151390024,G07_TPC RUN5 24.5 GrossPhoto,G07_TPC RUN5 GrossPhoto,FALSE,FALSE,FALSE
2025-08-09,Maeq,H07_TPC,H07,RUN5,19.99695246,11,1,24.5,Respiration,0.25899345531439477,H07_TPC RUN5 24.5 Respiration,H07_TPC RUN5 Respiration,FALSE,FALSE,FALSE
2025-08-09,Maeq,H07_TPC,H07,RUN5,19.99695246,11,1,24.5,NetPhoto,0.6520520913538226,H07_TPC RUN5 24.5 NetPhoto,H07_TPC RUN5 NetPhoto,FALSE,FALSE,FALSE
2025-08-09,Maeq,H07_TPC,H07,RUN5,19.99695246,11,1,24.5,GrossPhoto,0.9110455466682174,H07_TPC RUN5 24.5 GrossPhoto,H07_TPC RUN5 GrossPhoto,FALSE,FALSE,FALSE
2025-08-10,Mvie,B08_TPC,B08,RUN6,21.71648261,1,1,24.5,Respiration,0.2722228606784977,B08_TPC RUN6 24.5 Respiration,B08_TPC RUN6 Respiration,FALSE,FALSE,FALSE
2025-08-10,Mvie,B08_TPC,B08,RUN6,21.71648261,1,1,24.5,NetPhoto,0.48166550641605527,B08_TPC RUN6 24.5 NetPhoto,B08_TPC RUN6 NetPhoto,FALSE,FALSE,FALSE
2025-08-10,Mvie,B08_TPC,B08,RUN6,21.71648261,1,1,24.5,GrossPhoto,0.753888367094553,B08_TPC RUN6 24.5 GrossPhoto,B08_TPC RUN6 GrossPhoto,FALSE,FALSE,FALSE
2025-08-10,Maeq,H08_TPC,H08,RUN6,15.57211329,2,1,24.5,Respiration,0.27497885427333935,H08_TPC RUN6 24.5 Respiration,H08_TPC RUN6 Respiration,FALSE,FALSE,FALSE
2025-08-10,Maeq,H08_TPC,H08,RUN6,15.57211329,2,1,24.5,NetPhoto,0.3388793366005324,H08_TPC RUN6 24.5 NetPhoto,H08_TPC RUN6 NetPhoto,FALSE,FALSE,FALSE
2025-08-10,Maeq,H08_TPC,H08,RUN6,15.57211329,2,1,24.5,GrossPhoto,0.6138581908738717,H08_TPC RUN6 24.5 GrossPhoto,H08_TPC RUN6 GrossPhoto,FALSE,FALSE,FALSE
2025-08-10,Pcyl,A08_TPC,A08,RUN6,13.2751528,3,1,24.5,Respiration,0.3732367251849673,A08_TPC RUN6 24.5 Respiration,A08_TPC RUN6 Respiration,FALSE,FALSE,FALSE
2025-08-10,Fcom,C08_TPC,C08,RUN6,8.907737636,4,1,24.5,Respiration,0.1782787347570207,C08_TPC RUN6 24.5 Respiration,C08_TPC RUN6 Respiration,FALSE,FALSE,FALSE
2025-08-10,Fcom,C08_TPC,C08,RUN6,8.907737636,4,1,24.5,NetPhoto,-0.13191573549758057,C08_TPC RUN6 24.5 NetPhoto,C08_TPC RUN6 NetPhoto,FALSE,FALSE,FALSE
2025-08-10,Fcom,C08_TPC,C08,RUN6,8.907737636,4,1,24.5,GrossPhoto,0.04636299925944012,C08_TPC RUN6 24.5 GrossPhoto,C08_TPC RUN6 GrossPhoto,FALSE,FALSE,FALSE
2025-08-10,Peyd,E08_TPC,E08,RUN6,30.03020351,5,1,24.5,Respiration,0.36989463281929846,E08_TPC RUN6 24.5 Respiration,E08_TPC RUN6 Respiration,FALSE,FALSE,FALSE
2025-08-10,Peyd,E08_TPC,E08,RUN6,30.03020351,5,1,24.5,NetPhoto,0.7907626306690728,E08_TPC RUN6 24.5 NetPhoto,E08_TPC RUN6 NetPhoto,FALSE,FALSE,FALSE
2025-08-10,Peyd,E08_TPC,E08,RUN6,30.03020351,5,1,24.5,GrossPhoto,1.1606572634883712,E08_TPC RUN6 24.5 GrossPhoto,E08_TPC RUN6 GrossPhoto,FALSE,FALSE,FALSE
2025-08-10,Prus,D04_TPC,D04,RUN6,15.43174348,6,1,24.5,Respiration,0.3202371859843309,D04_TPC RUN6 24.5 Respiration,D04_TPC RUN6 Respiration,FALSE,FALSE,FALSE
2025-08-10,Prus,D04_TPC,D04,RUN6,15.43174348,6,1,24.5,GrossPhoto,1.603576704392864,D04_TPC RUN6 24.5 GrossPhoto,D04_TPC RUN6 GrossPhoto,FALSE,FALSE,FALSE
2025-08-10,Ahya,J08_TPC,J08,RUN6,15.59444485,7,1,24.5,Respiration,0.20157382584500505,J08_TPC RUN6 24.5 Respiration,J08_TPC RUN6 Respiration,FALSE,FALSE,FALSE
2025-08-10,Ahya,J08_TPC,J08,RUN6,15.59444485,7,1,24.5,NetPhoto,0.6336763445449206,J08_TPC RUN6 24.5 NetPhoto,J08_TPC RUN6 NetPhoto,FALSE,FALSE,FALSE
2025-08-10,Ahya,J08_TPC,J08,RUN6,15.59444485,7,1,24.5,GrossPhoto,0.8352501703899257,J08_TPC RUN6 24.5 GrossPhoto,J08_TPC RUN6 GrossPhoto,FALSE,FALSE,FALSE
2025-08-10,Prug,F08_TPC,F08,RUN6,24.85885218,9,1,24.5,Respiration,0.3266971953461925,F08_TPC RUN6 24.5 Respiration,F08_TPC RUN6 Respiration,FALSE,FALSE,FALSE
2025-08-10,Prug,F08_TPC,F08,RUN6,24.85885218,9,1,24.5,NetPhoto,0.8732700652977474,F08_TPC RUN6 24.5 NetPhoto,F08_TPC RUN6 NetPhoto,FALSE,FALSE,FALSE
2025-08-10,Prug,F08_TPC,F08,RUN6,24.85885218,9,1,24.5,GrossPhoto,1.19996726064394,F08_TPC RUN6 24.5 GrossPhoto,F08_TPC RUN6 GrossPhoto,FALSE,FALSE,FALSE
2025-08-10,Tfro,I08_TPC,I08,RUN6,7.194587934,10,1,24.5,Respiration,0.4133738265799856,I08_TPC RUN6 24.5 Respiration,I08_TPC RUN6 Respiration,FALSE,FALSE,FALSE
2025-08-10,Tfro,I08_TPC,I08,RUN6,7.194587934,10,1,24.5,GrossPhoto,1.6190270844927346,I08_TPC RUN6 24.5 GrossPhoto,I08_TPC RUN6 GrossPhoto,FALSE,FALSE,FALSE
2025-08-10,Elam,G08_TPC,G08,RUN6,22.74054416,12,1,24.5,Respiration,0.2842930894330874,G08_TPC RUN6 24.5 Respiration,G08_TPC RUN6 Respiration,FALSE,FALSE,FALSE
2025-08-10,Elam,G08_TPC,G08,RUN6,22.74054416,12,1,24.5,NetPhoto,0.7672164666620876,G08_TPC RUN6 24.5 NetPhoto,G08_TPC RUN6 NetPhoto,FALSE,FALSE,FALSE
2025-08-10,Elam,G08_TPC,G08,RUN6,22.74054416,12,1,24.5,GrossPhoto,1.051509556095175,G08_TPC RUN6 24.5 GrossPhoto,G08_TPC RUN6 GrossPhoto,FALSE,FALSE,FALSE
2025-08-01,Pcyl,A01_TPC,A01,RUN1,24.72486281,1,2,26,Respiration,0.4866919617846717,A01_TPC RUN1 26 Respiration,A01_TPC RUN1 Respiration,FALSE,FALSE,FALSE
2025-08-01,Pcyl,A01_TPC,A01,RUN1,24.72486281,1,2,26,NetPhoto,0.9757394032619244,A01_TPC RUN1 26 NetPhoto,A01_TPC RUN1 NetPhoto,FALSE,FALSE,FALSE
2025-08-01,Pcyl,A01_TPC,A01,RUN1,24.72486281,1,2,26,GrossPhoto,1.4624313650465963,A01_TPC RUN1 26 GrossPhoto,A01_TPC RUN1 GrossPhoto,FALSE,FALSE,FALSE
2025-08-01,Elam,G01_TPC,G01,RUN1,20.38296944,2,2,26,Respiration,0.393421826899611,G01_TPC RUN1 26 Respiration,G01_TPC RUN1 Respiration,FALSE,FALSE,FALSE
2025-08-01,Elam,G01_TPC,G01,RUN1,20.38296944,2,2,26,NetPhoto,0.974627297564104,G01_TPC RUN1 26 NetPhoto,G01_TPC RUN1 NetPhoto,FALSE,FALSE,FALSE
2025-08-01,Elam,G01_TPC,G01,RUN1,20.38296944,2,2,26,GrossPhoto,1.368049124463715,G01_TPC RUN1 26 GrossPhoto,G01_TPC RUN1 GrossPhoto,FALSE,FALSE,FALSE
2025-08-01,Fcom,C01_TPC,C01,RUN1,23.69761104,3,2,26,Respiration,0.36824439378191925,C01_TPC RUN1 26 Respiration,C01_TPC RUN1 Respiration,FALSE,FALSE,FALSE
2025-08-01,Fcom,C01_TPC,C01,RUN1,23.69761104,3,2,26,NetPhoto,0.7971335657589622,C01_TPC RUN1 26 NetPhoto,C01_TPC RUN1 NetPhoto,FALSE,FALSE,FALSE
2025-08-01,Fcom,C01_TPC,C01,RUN1,23.69761104,3,2,26,GrossPhoto,1.1653779595408815,C01_TPC RUN1 26 GrossPhoto,C01_TPC RUN1 GrossPhoto,FALSE,FALSE,FALSE
2025-08-01,Prug,F01_TPC,F01,RUN1,14.38535037,4,2,26,Respiration,0.28648071643599105,F01_TPC RUN1 26 Respiration,F01_TPC RUN1 Respiration,FALSE,FALSE,FALSE
2025-08-01,Prug,F01_TPC,F01,RUN1,14.38535037,4,2,26,NetPhoto,0.7629813333670189,F01_TPC RUN1 26 NetPhoto,F01_TPC RUN1 NetPhoto,FALSE,FALSE,FALSE
2025-08-01,Prug,F01_TPC,F01,RUN1,14.38535037,4,2,26,GrossPhoto,1.0494620498030098,F01_TPC RUN1 26 GrossPhoto,F01_TPC RUN1 GrossPhoto,FALSE,FALSE,FALSE
2025-08-01,Peyd,E01_TPC,E01,RUN1,33.93822657,5,2,26,Respiration,0.4051088388833553,E01_TPC RUN1 26 Respiration,E01_TPC RUN1 Respiration,FALSE,FALSE,FALSE
2025-08-01,Peyd,E01_TPC,E01,RUN1,33.93822657,5,2,26,NetPhoto,0.6701921481145806,E01_TPC RUN1 26 NetPhoto,E01_TPC RUN1 NetPhoto,FALSE,FALSE,FALSE
2025-08-01,Peyd,E01_TPC,E01,RUN1,33.93822657,5,2,26,GrossPhoto,1.0753009869979355,E01_TPC RUN1 26 GrossPhoto,E01_TPC RUN1 GrossPhoto,FALSE,FALSE,FALSE
2025-08-01,Ahya,J01_TPC,J01,RUN1,16.22929921,7,2,26,Respiration,0.3546448859578726,J01_TPC RUN1 26 Respiration,J01_TPC RUN1 Respiration,FALSE,FALSE,FALSE
2025-08-01,Ahya,J01_TPC,J01,RUN1,16.22929921,7,2,26,NetPhoto,0.7740339257944562,J01_TPC RUN1 26 NetPhoto,J01_TPC RUN1 NetPhoto,FALSE,FALSE,FALSE
2025-08-01,Ahya,J01_TPC,J01,RUN1,16.22929921,7,2,26,GrossPhoto,1.1286788117523288,J01_TPC RUN1 26 GrossPhoto,J01_TPC RUN1 GrossPhoto,FALSE,FALSE,FALSE
2025-08-01,Tfro,I01_TPC,I01,RUN1,26.20193602,8,2,26,Respiration,0.4434789079457146,I01_TPC RUN1 26 Respiration,I01_TPC RUN1 Respiration,FALSE,FALSE,FALSE
2025-08-01,Tfro,I01_TPC,I01,RUN1,26.20193602,8,2,26,NetPhoto,0.553905030981618,I01_TPC RUN1 26 NetPhoto,I01_TPC RUN1 NetPhoto,FALSE,FALSE,FALSE
2025-08-01,Tfro,I01_TPC,I01,RUN1,26.20193602,8,2,26,GrossPhoto,0.9973839389273328,I01_TPC RUN1 26 GrossPhoto,I01_TPC RUN1 GrossPhoto,FALSE,FALSE,FALSE
2025-08-01,Mvie,B01_TPC,B01,RUN1,19.26639142,10,2,26,Respiration,0.3920605738038233,B01_TPC RUN1 26 Respiration,B01_TPC RUN1 Respiration,FALSE,FALSE,FALSE
2025-08-01,Mvie,B01_TPC,B01,RUN1,19.26639142,10,2,26,NetPhoto,0.7297671709038829,B01_TPC RUN1 26 NetPhoto,B01_TPC RUN1 NetPhoto,FALSE,FALSE,FALSE
2025-08-01,Mvie,B01_TPC,B01,RUN1,19.26639142,10,2,26,GrossPhoto,1.1218277447077063,B01_TPC RUN1 26 GrossPhoto,B01_TPC RUN1 GrossPhoto,FALSE,FALSE,FALSE
2025-08-01,Maeq,H01_TPC,H01,RUN1,32.84078989,11,2,26,Respiration,0.4452961083678339,H01_TPC RUN1 26 Respiration,H01_TPC RUN1 Respiration,FALSE,FALSE,FALSE
2025-08-01,Maeq,H01_TPC,H01,RUN1,32.84078989,11,2,26,NetPhoto,0.4547051506480858,H01_TPC RUN1 26 NetPhoto,H01_TPC RUN1 NetPhoto,FALSE,FALSE,FALSE
2025-08-01,Maeq,H01_TPC,H01,RUN1,32.84078989,11,2,26,GrossPhoto,0.9000012590159198,H01_TPC RUN1 26 GrossPhoto,H01_TPC RUN1 GrossPhoto,FALSE,FALSE,FALSE
2025-08-01,Prus,D01_TPC,D01,RUN1,28.54674986,12,2,26,Respiration,0.43323310953830263,D01_TPC RUN1 26 Respiration,D01_TPC RUN1 Respiration,FALSE,FALSE,FALSE
2025-08-01,Prus,D01_TPC,D01,RUN1,28.54674986,12,2,26,NetPhoto,0.8614638856030709,D01_TPC RUN1 26 NetPhoto,D01_TPC RUN1 NetPhoto,FALSE,FALSE,FALSE
2025-08-01,Prus,D01_TPC,D01,RUN1,28.54674986,12,2,26,GrossPhoto,1.2946969951413734,D01_TPC RUN1 26 GrossPhoto,D01_TPC RUN1 GrossPhoto,FALSE,FALSE,FALSE
2025-08-02,Elam,G02_TPC,G02,RUN2,16.88329491,1,2,26,Respiration,0.46050432376759326,G02_TPC RUN2 26 Respiration,G02_TPC RUN2 Respiration,FALSE,FALSE,FALSE
2025-08-02,Elam,G02_TPC,G02,RUN2,16.88329491,1,2,26,NetPhoto,1.0151332940925664,G02_TPC RUN2 26 NetPhoto,G02_TPC RUN2 NetPhoto,FALSE,FALSE,FALSE
2025-08-02,Elam,G02_TPC,G02,RUN2,16.88329491,1,2,26,GrossPhoto,1.4756376178601596,G02_TPC RUN2 26 GrossPhoto,G02_TPC RUN2 GrossPhoto,FALSE,FALSE,FALSE
2025-08-02,Peyd,E02_TPC,E02,RUN2,34.41995023,2,2,26,Respiration,0.4363466721689882,E02_TPC RUN2 26 Respiration,E02_TPC RUN2 Respiration,FALSE,FALSE,FALSE
2025-08-02,Peyd,E02_TPC,E02,RUN2,34.41995023,2,2,26,NetPhoto,0.8578475866912013,E02_TPC RUN2 26 NetPhoto,E02_TPC RUN2 NetPhoto,FALSE,FALSE,FALSE
2025-08-02,Peyd,E02_TPC,E02,RUN2,34.41995023,2,2,26,GrossPhoto,1.2941942588601896,E02_TPC RUN2 26 GrossPhoto,E02_TPC RUN2 GrossPhoto,FALSE,FALSE,FALSE
2025-08-02,Prug,F04_TPC,F04,RUN2,22.44704366,3,2,26,Respiration,0.4404972133485265,F04_TPC RUN2 26 Respiration,F04_TPC RUN2 Respiration,FALSE,FALSE,FALSE
2025-08-02,Prug,F04_TPC,F04,RUN2,22.44704366,3,2,26,NetPhoto,0.8456164295701837,F04_TPC RUN2 26 NetPhoto,F04_TPC RUN2 NetPhoto,FALSE,FALSE,FALSE
2025-08-02,Prug,F04_TPC,F04,RUN2,22.44704366,3,2,26,GrossPhoto,1.28611364291871,F04_TPC RUN2 26 GrossPhoto,F04_TPC RUN2 GrossPhoto,FALSE,FALSE,FALSE
2025-08-02,Prus,D02_TPC,D02,RUN2,18.28699298,4,2,26,Respiration,0.5576157954870974,D02_TPC RUN2 26 Respiration,D02_TPC RUN2 Respiration,FALSE,FALSE,FALSE
2025-08-02,Prus,D02_TPC,D02,RUN2,18.28699298,4,2,26,NetPhoto,0.9126160360802588,D02_TPC RUN2 26 NetPhoto,D02_TPC RUN2 NetPhoto,FALSE,FALSE,FALSE
2025-08-02,Prus,D02_TPC,D02,RUN2,18.28699298,4,2,26,GrossPhoto,1.470231831567356,D02_TPC RUN2 26 GrossPhoto,D02_TPC RUN2 GrossPhoto,FALSE,FALSE,FALSE
2025-08-02,Pcyl,A02_TPC,A02,RUN2,19.14835317,5,2,26,Respiration,0.5465852968181838,A02_TPC RUN2 26 Respiration,A02_TPC RUN2 Respiration,FALSE,FALSE,FALSE
2025-08-02,Pcyl,A02_TPC,A02,RUN2,19.14835317,5,2,26,NetPhoto,0.710260508191314,A02_TPC RUN2 26 NetPhoto,A02_TPC RUN2 NetPhoto,FALSE,FALSE,FALSE
2025-08-02,Pcyl,A02_TPC,A02,RUN2,19.14835317,5,2,26,GrossPhoto,1.256845805009498,A02_TPC RUN2 26 GrossPhoto,A02_TPC RUN2 GrossPhoto,FALSE,FALSE,FALSE
2025-08-02,Tfro,I02_TPC,I02,RUN2,24.37074807,6,2,26,Respiration,0.5057231385348767,I02_TPC RUN2 26 Respiration,I02_TPC RUN2 Respiration,FALSE,FALSE,FALSE
2025-08-02,Tfro,I02_TPC,I02,RUN2,24.37074807,6,2,26,NetPhoto,0.7235472865258844,I02_TPC RUN2 26 NetPhoto,I02_TPC RUN2 NetPhoto,FALSE,FALSE,FALSE
2025-08-02,Tfro,I02_TPC,I02,RUN2,24.37074807,6,2,26,GrossPhoto,1.2292704250607611,I02_TPC RUN2 26 GrossPhoto,I02_TPC RUN2 GrossPhoto,FALSE,FALSE,FALSE
2025-08-02,Fcom,C02_TPC,C02,RUN2,24.72805304,8,2,26,Respiration,0.5651432738486858,C02_TPC RUN2 26 Respiration,C02_TPC RUN2 Respiration,FALSE,FALSE,FALSE
2025-08-02,Fcom,C02_TPC,C02,RUN2,24.72805304,8,2,26,NetPhoto,0.9808224728163304,C02_TPC RUN2 26 NetPhoto,C02_TPC RUN2 NetPhoto,FALSE,FALSE,FALSE
2025-08-02,Fcom,C02_TPC,C02,RUN2,24.72805304,8,2,26,GrossPhoto,1.545965746665016,C02_TPC RUN2 26 GrossPhoto,C02_TPC RUN2 GrossPhoto,FALSE,FALSE,FALSE
2025-08-02,Ahya,J02_TPC,J02,RUN2,20.79769841,9,2,26,Respiration,0.3522388470466472,J02_TPC RUN2 26 Respiration,J02_TPC RUN2 Respiration,FALSE,FALSE,FALSE
2025-08-02,Ahya,J02_TPC,J02,RUN2,20.79769841,9,2,26,NetPhoto,0.7731561108123649,J02_TPC RUN2 26 NetPhoto,J02_TPC RUN2 NetPhoto,FALSE,FALSE,FALSE
2025-08-02,Ahya,J02_TPC,J02,RUN2,20.79769841,9,2,26,GrossPhoto,1.125394957859012,J02_TPC RUN2 26 GrossPhoto,J02_TPC RUN2 GrossPhoto,FALSE,FALSE,FALSE
2025-08-02,Mvie,B02_TPC,B02,RUN2,18.64110773,10,2,26,Respiration,0.35905396124577316,B02_TPC RUN2 26 Respiration,B02_TPC RUN2 Respiration,FALSE,FALSE,FALSE
2025-08-02,Mvie,B02_TPC,B02,RUN2,18.64110773,10,2,26,NetPhoto,0.6426049573258675,B02_TPC RUN2 26 NetPhoto,B02_TPC RUN2 NetPhoto,FALSE,FALSE,FALSE
2025-08-02,Mvie,B02_TPC,B02,RUN2,18.64110773,10,2,26,GrossPhoto,1.001658918571641,B02_TPC RUN2 26 GrossPhoto,B02_TPC RUN2 GrossPhoto,FALSE,FALSE,FALSE
2025-08-02,Maeq,H02_TPC,H02,RUN2,37.79520607,12,2,26,Respiration,0.19022817797087208,H02_TPC RUN2 26 Respiration,H02_TPC RUN2 Respiration,FALSE,FALSE,FALSE
2025-08-02,Maeq,H02_TPC,H02,RUN2,37.79520607,12,2,26,NetPhoto,0.4983785713095751,H02_TPC RUN2 26 NetPhoto,H02_TPC RUN2 NetPhoto,FALSE,FALSE,FALSE
2025-08-02,Maeq,H02_TPC,H02,RUN2,37.79520607,12,2,26,GrossPhoto,0.6886067492804472,H02_TPC RUN2 26 GrossPhoto,H02_TPC RUN2 GrossPhoto,FALSE,FALSE,FALSE
2025-08-03,Peyd,E03_TPC,E03,RUN3,37.62293403,1,2,26,Respiration,0.47545494037927616,E03_TPC RUN3 26 Respiration,E03_TPC RUN3 Respiration,FALSE,FALSE,FALSE
2025-08-03,Peyd,E03_TPC,E03,RUN3,37.62293403,1,2,26,NetPhoto,0.7050449723803395,E03_TPC RUN3 26 NetPhoto,E03_TPC RUN3 NetPhoto,FALSE,FALSE,FALSE
2025-08-03,Peyd,E03_TPC,E03,RUN3,37.62293403,1,2,26,GrossPhoto,1.1804999127596156,E03_TPC RUN3 26 GrossPhoto,E03_TPC RUN3 GrossPhoto,FALSE,FALSE,FALSE
2025-08-03,Tfro,I03_TPC,I03,RUN3,30.56935118,2,2,26,Respiration,0.4049217065594932,I03_TPC RUN3 26 Respiration,I03_TPC RUN3 Respiration,FALSE,FALSE,FALSE
2025-08-03,Tfro,I03_TPC,I03,RUN3,30.56935118,2,2,26,NetPhoto,0.4830276209709837,I03_TPC RUN3 26 NetPhoto,I03_TPC RUN3 NetPhoto,FALSE,FALSE,FALSE
2025-08-03,Tfro,I03_TPC,I03,RUN3,30.56935118,2,2,26,GrossPhoto,0.8879493275304768,I03_TPC RUN3 26 GrossPhoto,I03_TPC RUN3 GrossPhoto,FALSE,FALSE,FALSE
2025-08-03,Pcyl,A03_TPC,A03,RUN3,19.11326072,3,2,26,Respiration,0.705745518825277,A03_TPC RUN3 26 Respiration,A03_TPC RUN3 Respiration,FALSE,FALSE,FALSE
2025-08-03,Pcyl,A03_TPC,A03,RUN3,19.11326072,3,2,26,NetPhoto,0.9721397625085466,A03_TPC RUN3 26 NetPhoto,A03_TPC RUN3 NetPhoto,FALSE,FALSE,FALSE
2025-08-03,Pcyl,A03_TPC,A03,RUN3,19.11326072,3,2,26,GrossPhoto,1.6778852813338236,A03_TPC RUN3 26 GrossPhoto,A03_TPC RUN3 GrossPhoto,FALSE,FALSE,FALSE
2025-08-03,Maeq,H04_TPC,H04,RUN3,41.64580512,4,2,26,Respiration,0.3833323529818016,H04_TPC RUN3 26 Respiration,H04_TPC RUN3 Respiration,FALSE,FALSE,FALSE
2025-08-03,Maeq,H04_TPC,H04,RUN3,41.64580512,4,2,26,NetPhoto,0.6096028417863669,H04_TPC RUN3 26 NetPhoto,H04_TPC RUN3 NetPhoto,FALSE,FALSE,FALSE
2025-08-03,Maeq,H04_TPC,H04,RUN3,41.64580512,4,2,26,GrossPhoto,0.9929351947681684,H04_TPC RUN3 26 GrossPhoto,H04_TPC RUN3 GrossPhoto,FALSE,FALSE,FALSE
2025-08-03,Prug,F03_TPC,F03,RUN3,17.6489484,6,2,26,Respiration,0.47650221613486526,F03_TPC RUN3 26 Respiration,F03_TPC RUN3 Respiration,FALSE,FALSE,FALSE
2025-08-03,Prug,F03_TPC,F03,RUN3,17.6489484,6,2,26,NetPhoto,1.019321648568965,F03_TPC RUN3 26 NetPhoto,F03_TPC RUN3 NetPhoto,FALSE,FALSE,FALSE
2025-08-03,Prug,F03_TPC,F03,RUN3,17.6489484,6,2,26,GrossPhoto,1.49582386470383,F03_TPC RUN3 26 GrossPhoto,F03_TPC RUN3 GrossPhoto,FALSE,FALSE,FALSE
2025-08-03,Ahya,J03_TPC,J03,RUN3,29.80688791,7,2,26,Respiration,0.4854229410935374,J03_TPC RUN3 26 Respiration,J03_TPC RUN3 Respiration,FALSE,FALSE,FALSE
2025-08-03,Ahya,J03_TPC,J03,RUN3,29.80688791,7,2,26,NetPhoto,0.8891754282846236,J03_TPC RUN3 26 NetPhoto,J03_TPC RUN3 NetPhoto,FALSE,FALSE,FALSE
2025-08-03,Ahya,J03_TPC,J03,RUN3,29.80688791,7,2,26,GrossPhoto,1.374598369378161,J03_TPC RUN3 26 GrossPhoto,J03_TPC RUN3 GrossPhoto,FALSE,FALSE,FALSE
2025-08-03,Mvie,B03_TPC,B03,RUN3,17.06832783,8,2,26,Respiration,0.4004676379601505,B03_TPC RUN3 26 Respiration,B03_TPC RUN3 Respiration,FALSE,FALSE,FALSE
2025-08-03,Mvie,B03_TPC,B03,RUN3,17.06832783,8,2,26,NetPhoto,0.6125564783509977,B03_TPC RUN3 26 NetPhoto,B03_TPC RUN3 NetPhoto,FALSE,FALSE,FALSE
2025-08-03,Mvie,B03_TPC,B03,RUN3,17.06832783,8,2,26,GrossPhoto,1.0130241163111482,B03_TPC RUN3 26 GrossPhoto,B03_TPC RUN3 GrossPhoto,FALSE,FALSE,FALSE
2025-08-03,Fcom,C03_TPC,C03,RUN3,26.45396363,9,2,26,Respiration,0.4089172063157436,C03_TPC RUN3 26 Respiration,C03_TPC RUN3 Respiration,FALSE,FALSE,FALSE
2025-08-03,Fcom,C03_TPC,C03,RUN3,26.45396363,9,2,26,NetPhoto,1.2126778213711875,C03_TPC RUN3 26 NetPhoto,C03_TPC RUN3 NetPhoto,FALSE,FALSE,FALSE
2025-08-03,Fcom,C03_TPC,C03,RUN3,26.45396363,9,2,26,GrossPhoto,1.621595027686931,C03_TPC RUN3 26 GrossPhoto,C03_TPC RUN3 GrossPhoto,FALSE,FALSE,FALSE
2025-08-03,Elam,G05_TPC,G05,RUN3,17.26931188,11,2,26,Respiration,0.45074865390964286,G05_TPC RUN3 26 Respiration,G05_TPC RUN3 Respiration,FALSE,FALSE,FALSE
2025-08-03,Elam,G05_TPC,G05,RUN3,17.26931188,11,2,26,NetPhoto,1.2355429999068468,G05_TPC RUN3 26 NetPhoto,G05_TPC RUN3 NetPhoto,FALSE,FALSE,FALSE
2025-08-03,Elam,G05_TPC,G05,RUN3,17.26931188,11,2,26,GrossPhoto,1.6862916538164896,G05_TPC RUN3 26 GrossPhoto,G05_TPC RUN3 GrossPhoto,FALSE,FALSE,FALSE
2025-08-03,Prus,D03_TPC,D03,RUN3,17.32354567,12,2,26,Respiration,0.5202258725248273,D03_TPC RUN3 26 Respiration,D03_TPC RUN3 Respiration,FALSE,FALSE,FALSE
2025-08-03,Prus,D03_TPC,D03,RUN3,17.32354567,12,2,26,NetPhoto,0.7452524080826242,D03_TPC RUN3 26 NetPhoto,D03_TPC RUN3 NetPhoto,FALSE,FALSE,FALSE
2025-08-03,Prus,D03_TPC,D03,RUN3,17.32354567,12,2,26,GrossPhoto,1.2654782806074514,D03_TPC RUN3 26 GrossPhoto,D03_TPC RUN3 GrossPhoto,FALSE,FALSE,FALSE
2025-08-08,Tfro,I06_TPC,I06,RUN4,22.32262496,1,2,26,Respiration,0.17959174930895846,I06_TPC RUN4 26 Respiration,I06_TPC RUN4 Respiration,FALSE,FALSE,FALSE
2025-08-08,Tfro,I06_TPC,I06,RUN4,22.32262496,1,2,26,NetPhoto,0.2797659122968875,I06_TPC RUN4 26 NetPhoto,I06_TPC RUN4 NetPhoto,FALSE,FALSE,FALSE
2025-08-08,Tfro,I06_TPC,I06,RUN4,22.32262496,1,2,26,GrossPhoto,0.459357661605846,I06_TPC RUN4 26 GrossPhoto,I06_TPC RUN4 GrossPhoto,FALSE,FALSE,FALSE
2025-08-08,Ahya,J06_TPC,J06,RUN4,15.5880644,3,2,26,NetPhoto,0.34490720528567287,J06_TPC RUN4 26 NetPhoto,J06_TPC RUN4 NetPhoto,FALSE,FALSE,FALSE
2025-08-08,Pcyl,A06_TPC,A06,RUN4,17.41606213,4,2,26,NetPhoto,0.7960391918670406,A06_TPC RUN4 26 NetPhoto,A06_TPC RUN4 NetPhoto,FALSE,FALSE,FALSE
2025-08-08,Pcyl,A06_TPC,A06,RUN4,17.41606213,4,2,26,GrossPhoto,0.9334152955736014,A06_TPC RUN4 26 GrossPhoto,A06_TPC RUN4 GrossPhoto,FALSE,FALSE,FALSE
2025-08-08,Maeq,H06_TPC,H06,RUN4,24.44093297,5,2,26,Respiration,0.1416071656513424,H06_TPC RUN4 26 Respiration,H06_TPC RUN4 Respiration,FALSE,FALSE,FALSE
2025-08-08,Maeq,H06_TPC,H06,RUN4,24.44093297,5,2,26,NetPhoto,0.2653601869912895,H06_TPC RUN4 26 NetPhoto,H06_TPC RUN4 NetPhoto,FALSE,FALSE,FALSE
2025-08-08,Maeq,H06_TPC,H06,RUN4,24.44093297,5,2,26,GrossPhoto,0.4069673526426319,H06_TPC RUN4 26 GrossPhoto,H06_TPC RUN4 GrossPhoto,FALSE,FALSE,FALSE
2025-08-08,Elam,G06_TPC,G06,RUN4,22.13759203,8,2,26,Respiration,0.2189326847737554,G06_TPC RUN4 26 Respiration,G06_TPC RUN4 Respiration,FALSE,FALSE,FALSE
2025-08-08,Elam,G06_TPC,G06,RUN4,22.13759203,8,2,26,NetPhoto,0.5147239478197623,G06_TPC RUN4 26 NetPhoto,G06_TPC RUN4 NetPhoto,FALSE,FALSE,FALSE
2025-08-08,Elam,G06_TPC,G06,RUN4,22.13759203,8,2,26,GrossPhoto,0.7336566325935177,G06_TPC RUN4 26 GrossPhoto,G06_TPC RUN4 GrossPhoto,FALSE,FALSE,FALSE
2025-08-08,Peyd,E06_TPC,E06,RUN4,44.66694621,9,2,26,Respiration,0.5172153999874891,E06_TPC RUN4 26 Respiration,E06_TPC RUN4 Respiration,FALSE,FALSE,FALSE
2025-08-08,Peyd,E06_TPC,E06,RUN4,44.66694621,9,2,26,NetPhoto,0.5629714003685162,E06_TPC RUN4 26 NetPhoto,E06_TPC RUN4 NetPhoto,FALSE,FALSE,FALSE
2025-08-08,Peyd,E06_TPC,E06,RUN4,44.66694621,9,2,26,GrossPhoto,1.0801868003560051,E06_TPC RUN4 26 GrossPhoto,E06_TPC RUN4 GrossPhoto,FALSE,FALSE,FALSE
2025-08-08,Prus,D06_TPC,D06,RUN4,16.312245,10,2,26,Respiration,0.3089470921596588,D06_TPC RUN4 26 Respiration,D06_TPC RUN4 Respiration,FALSE,FALSE,FALSE
2025-08-08,Prus,D06_TPC,D06,RUN4,16.312245,10,2,26,NetPhoto,0.8298799539907512,D06_TPC RUN4 26 NetPhoto,D06_TPC RUN4 NetPhoto,FALSE,FALSE,FALSE
2025-08-08,Prus,D06_TPC,D06,RUN4,16.312245,10,2,26,GrossPhoto,1.13882704615041,D06_TPC RUN4 26 GrossPhoto,D06_TPC RUN4 GrossPhoto,FALSE,FALSE,FALSE
2025-08-08,Prug,F06_TPC,F06,RUN4,20.08308848,11,2,26,Respiration,0.23434968638510953,F06_TPC RUN4 26 Respiration,F06_TPC RUN4 Respiration,FALSE,FALSE,FALSE
2025-08-08,Prug,F06_TPC,F06,RUN4,20.08308848,11,2,26,NetPhoto,1.1194283102418057,F06_TPC RUN4 26 NetPhoto,F06_TPC RUN4 NetPhoto,FALSE,FALSE,FALSE
2025-08-08,Prug,F06_TPC,F06,RUN4,20.08308848,11,2,26,GrossPhoto,1.3537779966269152,F06_TPC RUN4 26 GrossPhoto,F06_TPC RUN4 GrossPhoto,FALSE,FALSE,FALSE
2025-08-08,Mvie,B06_TPC,B06,RUN4,13.28791369,12,2,26,Respiration,0.13105243092684107,B06_TPC RUN4 26 Respiration,B06_TPC RUN4 Respiration,FALSE,FALSE,FALSE
2025-08-08,Mvie,B06_TPC,B06,RUN4,13.28791369,12,2,26,NetPhoto,0.4336708669131947,B06_TPC RUN4 26 NetPhoto,B06_TPC RUN4 NetPhoto,FALSE,FALSE,FALSE
2025-08-08,Mvie,B06_TPC,B06,RUN4,13.28791369,12,2,26,GrossPhoto,0.5647232978400357,B06_TPC RUN4 26 GrossPhoto,B06_TPC RUN4 GrossPhoto,FALSE,FALSE,FALSE
2025-08-09,Mvie,B07_TPC,B07,RUN5,13.30067458,1,2,26,Respiration,0.4389006032339506,B07_TPC RUN5 26 Respiration,B07_TPC RUN5 Respiration,FALSE,FALSE,FALSE
2025-08-09,Mvie,B07_TPC,B07,RUN5,13.30067458,1,2,26,NetPhoto,0.8270980330161148,B07_TPC RUN5 26 NetPhoto,B07_TPC RUN5 NetPhoto,FALSE,FALSE,FALSE
2025-08-09,Mvie,B07_TPC,B07,RUN5,13.30067458,1,2,26,GrossPhoto,1.2659986362500657,B07_TPC RUN5 26 GrossPhoto,B07_TPC RUN5 GrossPhoto,FALSE,FALSE,FALSE
2025-08-09,Pcyl,A07_TPC,A07,RUN5,13.81749069,2,2,26,Respiration,0.5417051255140555,A07_TPC RUN5 26 Respiration,A07_TPC RUN5 Respiration,FALSE,FALSE,FALSE
2025-08-09,Pcyl,A07_TPC,A07,RUN5,13.81749069,2,2,26,NetPhoto,0.9441416630235556,A07_TPC RUN5 26 NetPhoto,A07_TPC RUN5 NetPhoto,FALSE,FALSE,FALSE
2025-08-09,Pcyl,A07_TPC,A07,RUN5,13.81749069,2,2,26,GrossPhoto,1.4858467885376112,A07_TPC RUN5 26 GrossPhoto,A07_TPC RUN5 GrossPhoto,FALSE,FALSE,FALSE
2025-08-09,Peyd,E07_TPC,E07,RUN5,18.03177515,3,2,26,Respiration,0.4801525132588706,E07_TPC RUN5 26 Respiration,E07_TPC RUN5 Respiration,FALSE,FALSE,FALSE
2025-08-09,Peyd,E07_TPC,E07,RUN5,18.03177515,3,2,26,NetPhoto,1.0621391962764193,E07_TPC RUN5 26 NetPhoto,E07_TPC RUN5 NetPhoto,FALSE,FALSE,FALSE
2025-08-09,Peyd,E07_TPC,E07,RUN5,18.03177515,3,2,26,GrossPhoto,1.54229170953529,E07_TPC RUN5 26 GrossPhoto,E07_TPC RUN5 GrossPhoto,FALSE,FALSE,FALSE
2025-08-09,Ahya,J07_TPC,J07,RUN5,16.49727793,4,2,26,Respiration,0.4329951081479173,J07_TPC RUN5 26 Respiration,J07_TPC RUN5 Respiration,FALSE,FALSE,FALSE
2025-08-09,Ahya,J07_TPC,J07,RUN5,16.49727793,4,2,26,NetPhoto,0.8096292461910461,J07_TPC RUN5 26 NetPhoto,J07_TPC RUN5 NetPhoto,FALSE,FALSE,FALSE
2025-08-09,Ahya,J07_TPC,J07,RUN5,16.49727793,4,2,26,GrossPhoto,1.2426243543389637,J07_TPC RUN5 26 GrossPhoto,J07_TPC RUN5 GrossPhoto,FALSE,FALSE,FALSE
2025-08-09,Fcom,C07_TPC,C07,RUN5,12.85404337,5,2,26,Respiration,0.5499763787252329,C07_TPC RUN5 26 Respiration,C07_TPC RUN5 Respiration,FALSE,FALSE,FALSE
2025-08-09,Fcom,C07_TPC,C07,RUN5,12.85404337,5,2,26,NetPhoto,1.274610525577725,C07_TPC RUN5 26 NetPhoto,C07_TPC RUN5 NetPhoto,FALSE,FALSE,FALSE
2025-08-09,Fcom,C07_TPC,C07,RUN5,12.85404337,5,2,26,GrossPhoto,1.824586904302958,C07_TPC RUN5 26 GrossPhoto,C07_TPC RUN5 GrossPhoto,FALSE,FALSE,FALSE
2025-08-09,Prug,F07_TPC,F07,RUN5,25.48732609,6,2,26,Respiration,0.6224399938871267,F07_TPC RUN5 26 Respiration,F07_TPC RUN5 Respiration,FALSE,FALSE,FALSE
2025-08-09,Prug,F07_TPC,F07,RUN5,25.48732609,6,2,26,NetPhoto,1.2454217281351243,F07_TPC RUN5 26 NetPhoto,F07_TPC RUN5 NetPhoto,FALSE,FALSE,FALSE
2025-08-09,Prug,F07_TPC,F07,RUN5,25.48732609,6,2,26,GrossPhoto,1.867861722022251,F07_TPC RUN5 26 GrossPhoto,F07_TPC RUN5 GrossPhoto,FALSE,FALSE,FALSE
2025-08-09,Prus,D07_TPC,D07,RUN5,13.26877235,8,2,26,Respiration,0.6069525769609525,D07_TPC RUN5 26 Respiration,D07_TPC RUN5 Respiration,FALSE,FALSE,FALSE
2025-08-09,Prus,D07_TPC,D07,RUN5,13.26877235,8,2,26,NetPhoto,1.006519094046816,D07_TPC RUN5 26 NetPhoto,D07_TPC RUN5 NetPhoto,FALSE,FALSE,FALSE
2025-08-09,Prus,D07_TPC,D07,RUN5,13.26877235,8,2,26,GrossPhoto,1.6134716710077686,D07_TPC RUN5 26 GrossPhoto,D07_TPC RUN5 GrossPhoto,FALSE,FALSE,FALSE
2025-08-09,Tfro,I07_TPC,I07,RUN5,10.84739316,9,2,26,Respiration,0.5463739085094811,I07_TPC RUN5 26 Respiration,I07_TPC RUN5 Respiration,FALSE,FALSE,FALSE
2025-08-09,Tfro,I07_TPC,I07,RUN5,10.84739316,9,2,26,NetPhoto,0.8312038018554324,I07_TPC RUN5 26 NetPhoto,I07_TPC RUN5 NetPhoto,FALSE,FALSE,FALSE
2025-08-09,Tfro,I07_TPC,I07,RUN5,10.84739316,9,2,26,GrossPhoto,1.3775777103649136,I07_TPC RUN5 26 GrossPhoto,I07_TPC RUN5 GrossPhoto,FALSE,FALSE,FALSE
2025-08-09,Elam,G07_TPC,G07,RUN5,20.22026807,10,2,26,Respiration,0.39623092660774106,G07_TPC RUN5 26 Respiration,G07_TPC RUN5 Respiration,FALSE,FALSE,FALSE
2025-08-09,Elam,G07_TPC,G07,RUN5,20.22026807,10,2,26,NetPhoto,0.7809400562365006,G07_TPC RUN5 26 NetPhoto,G07_TPC RUN5 NetPhoto,FALSE,FALSE,FALSE
2025-08-09,Elam,G07_TPC,G07,RUN5,20.22026807,10,2,26,GrossPhoto,1.1771709828442418,G07_TPC RUN5 26 GrossPhoto,G07_TPC RUN5 GrossPhoto,FALSE,FALSE,FALSE
2025-08-09,Maeq,H07_TPC,H07,RUN5,19.99695246,11,2,26,Respiration,0.306961258203909,H07_TPC RUN5 26 Respiration,H07_TPC RUN5 Respiration,FALSE,FALSE,FALSE
2025-08-09,Maeq,H07_TPC,H07,RUN5,19.99695246,11,2,26,NetPhoto,0.7811916865607271,H07_TPC RUN5 26 NetPhoto,H07_TPC RUN5 NetPhoto,FALSE,FALSE,FALSE
2025-08-09,Maeq,H07_TPC,H07,RUN5,19.99695246,11,2,26,GrossPhoto,1.088152944764636,H07_TPC RUN5 26 GrossPhoto,H07_TPC RUN5 GrossPhoto,FALSE,FALSE,FALSE
2025-08-10,Mvie,B08_TPC,B08,RUN6,21.71648261,1,2,26,Respiration,0.32658674226726564,B08_TPC RUN6 26 Respiration,B08_TPC RUN6 Respiration,FALSE,FALSE,FALSE
2025-08-10,Mvie,B08_TPC,B08,RUN6,21.71648261,1,2,26,NetPhoto,0.5025390225780423,B08_TPC RUN6 26 NetPhoto,B08_TPC RUN6 NetPhoto,FALSE,FALSE,FALSE
2025-08-10,Mvie,B08_TPC,B08,RUN6,21.71648261,1,2,26,GrossPhoto,0.8291257648453079,B08_TPC RUN6 26 GrossPhoto,B08_TPC RUN6 GrossPhoto,FALSE,FALSE,FALSE
2025-08-10,Maeq,H08_TPC,H08,RUN6,15.57211329,2,2,26,Respiration,0.3010855408119654,H08_TPC RUN6 26 Respiration,H08_TPC RUN6 Respiration,FALSE,FALSE,FALSE
2025-08-10,Maeq,H08_TPC,H08,RUN6,15.57211329,2,2,26,NetPhoto,0.46062986769766434,H08_TPC RUN6 26 NetPhoto,H08_TPC RUN6 NetPhoto,FALSE,FALSE,FALSE
2025-08-10,Maeq,H08_TPC,H08,RUN6,15.57211329,2,2,26,GrossPhoto,0.7617154085096298,H08_TPC RUN6 26 GrossPhoto,H08_TPC RUN6 GrossPhoto,FALSE,FALSE,FALSE
2025-08-10,Pcyl,A08_TPC,A08,RUN6,13.2751528,3,2,26,Respiration,0.4581959530001128,A08_TPC RUN6 26 Respiration,A08_TPC RUN6 Respiration,FALSE,FALSE,FALSE
2025-08-10,Pcyl,A08_TPC,A08,RUN6,13.2751528,3,2,26,NetPhoto,1.1364578285757634,A08_TPC RUN6 26 NetPhoto,A08_TPC RUN6 NetPhoto,FALSE,FALSE,FALSE
2025-08-10,Pcyl,A08_TPC,A08,RUN6,13.2751528,3,2,26,GrossPhoto,1.594653781575876,A08_TPC RUN6 26 GrossPhoto,A08_TPC RUN6 GrossPhoto,FALSE,FALSE,FALSE
2025-08-10,Fcom,C08_TPC,C08,RUN6,8.907737636,4,2,26,Respiration,0.3164777173662842,C08_TPC RUN6 26 Respiration,C08_TPC RUN6 Respiration,FALSE,FALSE,FALSE
2025-08-10,Fcom,C08_TPC,C08,RUN6,8.907737636,4,2,26,NetPhoto,0.6406224067991997,C08_TPC RUN6 26 NetPhoto,C08_TPC RUN6 NetPhoto,FALSE,FALSE,FALSE
2025-08-10,Fcom,C08_TPC,C08,RUN6,8.907737636,4,2,26,GrossPhoto,0.957100124165484,C08_TPC RUN6 26 GrossPhoto,C08_TPC RUN6 GrossPhoto,FALSE,FALSE,FALSE
2025-08-10,Peyd,E08_TPC,E08,RUN6,30.03020351,5,2,26,Respiration,0.4704705011860223,E08_TPC RUN6 26 Respiration,E08_TPC RUN6 Respiration,FALSE,FALSE,FALSE
2025-08-10,Peyd,E08_TPC,E08,RUN6,30.03020351,5,2,26,NetPhoto,0.950004118076104,E08_TPC RUN6 26 NetPhoto,E08_TPC RUN6 NetPhoto,FALSE,FALSE,FALSE
2025-08-10,Peyd,E08_TPC,E08,RUN6,30.03020351,5,2,26,GrossPhoto,1.4204746192621265,E08_TPC RUN6 26 GrossPhoto,E08_TPC RUN6 GrossPhoto,FALSE,FALSE,FALSE
2025-08-10,Prus,D04_TPC,D04,RUN6,15.43174348,6,2,26,Respiration,0.505522882089698,D04_TPC RUN6 26 Respiration,D04_TPC RUN6 Respiration,FALSE,FALSE,FALSE
2025-08-10,Prus,D04_TPC,D04,RUN6,15.43174348,6,2,26,GrossPhoto,1.96437568384706,D04_TPC RUN6 26 GrossPhoto,D04_TPC RUN6 GrossPhoto,FALSE,FALSE,FALSE
2025-08-10,Ahya,J08_TPC,J08,RUN6,15.59444485,7,2,26,Respiration,0.2664128414964435,J08_TPC RUN6 26 Respiration,J08_TPC RUN6 Respiration,FALSE,FALSE,FALSE
2025-08-10,Ahya,J08_TPC,J08,RUN6,15.59444485,7,2,26,NetPhoto,0.6693382272451772,J08_TPC RUN6 26 NetPhoto,J08_TPC RUN6 NetPhoto,FALSE,FALSE,FALSE
2025-08-10,Ahya,J08_TPC,J08,RUN6,15.59444485,7,2,26,GrossPhoto,0.9357510687416208,J08_TPC RUN6 26 GrossPhoto,J08_TPC RUN6 GrossPhoto,FALSE,FALSE,FALSE
2025-08-10,Prug,F08_TPC,F08,RUN6,24.85885218,9,2,26,Respiration,0.390122457353008,F08_TPC RUN6 26 Respiration,F08_TPC RUN6 Respiration,FALSE,FALSE,FALSE
2025-08-10,Prug,F08_TPC,F08,RUN6,24.85885218,9,2,26,NetPhoto,0.9015126718500336,F08_TPC RUN6 26 NetPhoto,F08_TPC RUN6 NetPhoto,FALSE,FALSE,FALSE
2025-08-10,Prug,F08_TPC,F08,RUN6,24.85885218,9,2,26,GrossPhoto,1.2916351292030417,F08_TPC RUN6 26 GrossPhoto,F08_TPC RUN6 GrossPhoto,FALSE,FALSE,FALSE
2025-08-10,Tfro,I08_TPC,I08,RUN6,7.194587934,10,2,26,Respiration,0.565528340410501,I08_TPC RUN6 26 Respiration,I08_TPC RUN6 Respiration,FALSE,FALSE,FALSE
2025-08-10,Tfro,I08_TPC,I08,RUN6,7.194587934,10,2,26,GrossPhoto,1.885228136122362,I08_TPC RUN6 26 GrossPhoto,I08_TPC RUN6 GrossPhoto,FALSE,FALSE,FALSE
2025-08-10,Elam,G08_TPC,G08,RUN6,22.74054416,12,2,26,Respiration,0.4106516006323157,G08_TPC RUN6 26 Respiration,G08_TPC RUN6 Respiration,FALSE,FALSE,FALSE
2025-08-10,Elam,G08_TPC,G08,RUN6,22.74054416,12,2,26,NetPhoto,0.8362847906825848,G08_TPC RUN6 26 NetPhoto,G08_TPC RUN6 NetPhoto,FALSE,FALSE,FALSE
2025-08-10,Elam,G08_TPC,G08,RUN6,22.74054416,12,2,26,GrossPhoto,1.2469363913149003,G08_TPC RUN6 26 GrossPhoto,G08_TPC RUN6 GrossPhoto,FALSE,FALSE,FALSE
2025-08-01,Pcyl,A01_TPC,A01,RUN1,24.72486281,1,3,27,Respiration,0.5389298293301557,A01_TPC RUN1 27 Respiration,A01_TPC RUN1 Respiration,FALSE,FALSE,FALSE
2025-08-01,Pcyl,A01_TPC,A01,RUN1,24.72486281,1,3,27,NetPhoto,0.8480444586985465,A01_TPC RUN1 27 NetPhoto,A01_TPC RUN1 NetPhoto,FALSE,FALSE,FALSE
2025-08-01,Pcyl,A01_TPC,A01,RUN1,24.72486281,1,3,27,GrossPhoto,1.3869742880287022,A01_TPC RUN1 27 GrossPhoto,A01_TPC RUN1 GrossPhoto,FALSE,FALSE,FALSE
2025-08-01,Elam,G01_TPC,G01,RUN1,20.38296944,2,3,27,Respiration,0.4506435279388093,G01_TPC RUN1 27 Respiration,G01_TPC RUN1 Respiration,FALSE,FALSE,FALSE
2025-08-01,Elam,G01_TPC,G01,RUN1,20.38296944,2,3,27,NetPhoto,1.012635798129594,G01_TPC RUN1 27 NetPhoto,G01_TPC RUN1 NetPhoto,FALSE,FALSE,FALSE
2025-08-01,Elam,G01_TPC,G01,RUN1,20.38296944,2,3,27,GrossPhoto,1.4632793260684034,G01_TPC RUN1 27 GrossPhoto,G01_TPC RUN1 GrossPhoto,FALSE,FALSE,FALSE
2025-08-01,Fcom,C01_TPC,C01,RUN1,23.69761104,3,3,27,Respiration,0.40870878739885314,C01_TPC RUN1 27 Respiration,C01_TPC RUN1 Respiration,FALSE,FALSE,FALSE
2025-08-01,Fcom,C01_TPC,C01,RUN1,23.69761104,3,3,27,NetPhoto,0.796802164446516,C01_TPC RUN1 27 NetPhoto,C01_TPC RUN1 NetPhoto,FALSE,FALSE,FALSE
2025-08-01,Fcom,C01_TPC,C01,RUN1,23.69761104,3,3,27,GrossPhoto,1.205510951845369,C01_TPC RUN1 27 GrossPhoto,C01_TPC RUN1 GrossPhoto,FALSE,FALSE,FALSE
2025-08-01,Prug,F01_TPC,F01,RUN1,14.38535037,4,3,27,Respiration,0.3273062165150777,F01_TPC RUN1 27 Respiration,F01_TPC RUN1 Respiration,FALSE,FALSE,FALSE
2025-08-01,Prug,F01_TPC,F01,RUN1,14.38535037,4,3,27,NetPhoto,0.8881685139460556,F01_TPC RUN1 27 NetPhoto,F01_TPC RUN1 NetPhoto,FALSE,FALSE,FALSE
2025-08-01,Prug,F01_TPC,F01,RUN1,14.38535037,4,3,27,GrossPhoto,1.2154747304611333,F01_TPC RUN1 27 GrossPhoto,F01_TPC RUN1 GrossPhoto,FALSE,FALSE,FALSE
2025-08-01,Peyd,E01_TPC,E01,RUN1,33.93822657,5,3,27,Respiration,0.46615689966643287,E01_TPC RUN1 27 Respiration,E01_TPC RUN1 Respiration,FALSE,FALSE,FALSE
2025-08-01,Peyd,E01_TPC,E01,RUN1,33.93822657,5,3,27,NetPhoto,0.7030586422021625,E01_TPC RUN1 27 NetPhoto,E01_TPC RUN1 NetPhoto,FALSE,FALSE,FALSE
2025-08-01,Peyd,E01_TPC,E01,RUN1,33.93822657,5,3,27,GrossPhoto,1.1692155418685954,E01_TPC RUN1 27 GrossPhoto,E01_TPC RUN1 GrossPhoto,FALSE,FALSE,FALSE
2025-08-01,Ahya,J01_TPC,J01,RUN1,16.22929921,7,3,27,Respiration,0.38256199508615074,J01_TPC RUN1 27 Respiration,J01_TPC RUN1 Respiration,FALSE,FALSE,FALSE
2025-08-01,Ahya,J01_TPC,J01,RUN1,16.22929921,7,3,27,NetPhoto,0.7436011383298466,J01_TPC RUN1 27 NetPhoto,J01_TPC RUN1 NetPhoto,FALSE,FALSE,FALSE
2025-08-01,Ahya,J01_TPC,J01,RUN1,16.22929921,7,3,27,GrossPhoto,1.1261631334159974,J01_TPC RUN1 27 GrossPhoto,J01_TPC RUN1 GrossPhoto,FALSE,FALSE,FALSE
2025-08-01,Tfro,I01_TPC,I01,RUN1,26.20193602,8,3,27,Respiration,0.49205058281650366,I01_TPC RUN1 27 Respiration,I01_TPC RUN1 Respiration,FALSE,FALSE,FALSE
2025-08-01,Tfro,I01_TPC,I01,RUN1,26.20193602,8,3,27,NetPhoto,0.5310704252439572,I01_TPC RUN1 27 NetPhoto,I01_TPC RUN1 NetPhoto,FALSE,FALSE,FALSE
2025-08-01,Tfro,I01_TPC,I01,RUN1,26.20193602,8,3,27,GrossPhoto,1.023121008060461,I01_TPC RUN1 27 GrossPhoto,I01_TPC RUN1 GrossPhoto,FALSE,FALSE,FALSE
2025-08-01,Mvie,B01_TPC,B01,RUN1,19.26639142,10,3,27,Respiration,0.4350392037176556,B01_TPC RUN1 27 Respiration,B01_TPC RUN1 Respiration,FALSE,FALSE,FALSE
2025-08-01,Mvie,B01_TPC,B01,RUN1,19.26639142,10,3,27,NetPhoto,0.7432770195276758,B01_TPC RUN1 27 NetPhoto,B01_TPC RUN1 NetPhoto,FALSE,FALSE,FALSE
2025-08-01,Mvie,B01_TPC,B01,RUN1,19.26639142,10,3,27,GrossPhoto,1.1783162232453313,B01_TPC RUN1 27 GrossPhoto,B01_TPC RUN1 GrossPhoto,FALSE,FALSE,FALSE
2025-08-01,Maeq,H01_TPC,H01,RUN1,32.84078989,11,3,27,Respiration,0.5164882724024149,H01_TPC RUN1 27 Respiration,H01_TPC RUN1 Respiration,FALSE,FALSE,FALSE
2025-08-01,Maeq,H01_TPC,H01,RUN1,32.84078989,11,3,27,NetPhoto,0.4248899105886059,H01_TPC RUN1 27 NetPhoto,H01_TPC RUN1 NetPhoto,FALSE,FALSE,FALSE
2025-08-01,Maeq,H01_TPC,H01,RUN1,32.84078989,11,3,27,GrossPhoto,0.9413781829910208,H01_TPC RUN1 27 GrossPhoto,H01_TPC RUN1 GrossPhoto,FALSE,FALSE,FALSE
2025-08-01,Prus,D01_TPC,D01,RUN1,28.54674986,12,3,27,Respiration,0.4501909154631607,D01_TPC RUN1 27 Respiration,D01_TPC RUN1 Respiration,FALSE,FALSE,FALSE
2025-08-01,Prus,D01_TPC,D01,RUN1,28.54674986,12,3,27,NetPhoto,0.8693738271332596,D01_TPC RUN1 27 NetPhoto,D01_TPC RUN1 NetPhoto,FALSE,FALSE,FALSE
2025-08-01,Prus,D01_TPC,D01,RUN1,28.54674986,12,3,27,GrossPhoto,1.3195647425964203,D01_TPC RUN1 27 GrossPhoto,D01_TPC RUN1 GrossPhoto,FALSE,FALSE,FALSE
2025-08-02,Elam,G02_TPC,G02,RUN2,16.88329491,1,3,27,Respiration,0.46514220150539826,G02_TPC RUN2 27 Respiration,G02_TPC RUN2 Respiration,FALSE,FALSE,FALSE
2025-08-02,Elam,G02_TPC,G02,RUN2,16.88329491,1,3,27,NetPhoto,1.1643362524535237,G02_TPC RUN2 27 NetPhoto,G02_TPC RUN2 NetPhoto,FALSE,FALSE,FALSE
2025-08-02,Elam,G02_TPC,G02,RUN2,16.88329491,1,3,27,GrossPhoto,1.6294784539589218,G02_TPC RUN2 27 GrossPhoto,G02_TPC RUN2 GrossPhoto,FALSE,FALSE,FALSE
2025-08-02,Peyd,E02_TPC,E02,RUN2,34.41995023,2,3,27,Respiration,0.439051684804527,E02_TPC RUN2 27 Respiration,E02_TPC RUN2 Respiration,FALSE,FALSE,FALSE
2025-08-02,Peyd,E02_TPC,E02,RUN2,34.41995023,2,3,27,NetPhoto,0.7261254237122526,E02_TPC RUN2 27 NetPhoto,E02_TPC RUN2 NetPhoto,FALSE,FALSE,FALSE
2025-08-02,Peyd,E02_TPC,E02,RUN2,34.41995023,2,3,27,GrossPhoto,1.1651771085167797,E02_TPC RUN2 27 GrossPhoto,E02_TPC RUN2 GrossPhoto,FALSE,FALSE,FALSE
2025-08-02,Prug,F04_TPC,F04,RUN2,22.44704366,3,3,27,Respiration,0.46272338204383856,F04_TPC RUN2 27 Respiration,F04_TPC RUN2 Respiration,FALSE,FALSE,FALSE
2025-08-02,Prug,F04_TPC,F04,RUN2,22.44704366,3,3,27,NetPhoto,0.9162493506081716,F04_TPC RUN2 27 NetPhoto,F04_TPC RUN2 NetPhoto,FALSE,FALSE,FALSE
2025-08-02,Prug,F04_TPC,F04,RUN2,22.44704366,3,3,27,GrossPhoto,1.3789727326520105,F04_TPC RUN2 27 GrossPhoto,F04_TPC RUN2 GrossPhoto,FALSE,FALSE,FALSE
2025-08-02,Prus,D02_TPC,D02,RUN2,18.28699298,4,3,27,Respiration,0.6060060498503248,D02_TPC RUN2 27 Respiration,D02_TPC RUN2 Respiration,FALSE,FALSE,FALSE
2025-08-02,Prus,D02_TPC,D02,RUN2,18.28699298,4,3,27,NetPhoto,0.9031381534523578,D02_TPC RUN2 27 NetPhoto,D02_TPC RUN2 NetPhoto,FALSE,FALSE,FALSE
2025-08-02,Prus,D02_TPC,D02,RUN2,18.28699298,4,3,27,GrossPhoto,1.5091442033026827,D02_TPC RUN2 27 GrossPhoto,D02_TPC RUN2 GrossPhoto,FALSE,FALSE,FALSE
2025-08-02,Pcyl,A02_TPC,A02,RUN2,19.14835317,5,3,27,Respiration,0.698458364547526,A02_TPC RUN2 27 Respiration,A02_TPC RUN2 Respiration,FALSE,FALSE,FALSE
2025-08-02,Pcyl,A02_TPC,A02,RUN2,19.14835317,5,3,27,NetPhoto,0.96326681281925,A02_TPC RUN2 27 NetPhoto,A02_TPC RUN2 NetPhoto,FALSE,FALSE,FALSE
2025-08-02,Pcyl,A02_TPC,A02,RUN2,19.14835317,5,3,27,GrossPhoto,1.6617251773667758,A02_TPC RUN2 27 GrossPhoto,A02_TPC RUN2 GrossPhoto,FALSE,FALSE,FALSE
2025-08-02,Tfro,I02_TPC,I02,RUN2,24.37074807,6,3,27,Respiration,0.5174510466947667,I02_TPC RUN2 27 Respiration,I02_TPC RUN2 Respiration,FALSE,FALSE,FALSE
2025-08-02,Tfro,I02_TPC,I02,RUN2,24.37074807,6,3,27,NetPhoto,0.5638991729099162,I02_TPC RUN2 27 NetPhoto,I02_TPC RUN2 NetPhoto,FALSE,FALSE,FALSE
2025-08-02,Tfro,I02_TPC,I02,RUN2,24.37074807,6,3,27,GrossPhoto,1.081350219604683,I02_TPC RUN2 27 GrossPhoto,I02_TPC RUN2 GrossPhoto,FALSE,FALSE,FALSE
2025-08-02,Fcom,C02_TPC,C02,RUN2,24.72805304,8,3,27,Respiration,0.609257362491746,C02_TPC RUN2 27 Respiration,C02_TPC RUN2 Respiration,FALSE,FALSE,FALSE
2025-08-02,Fcom,C02_TPC,C02,RUN2,24.72805304,8,3,27,NetPhoto,0.9964371765455924,C02_TPC RUN2 27 NetPhoto,C02_TPC RUN2 NetPhoto,FALSE,FALSE,FALSE
2025-08-02,Fcom,C02_TPC,C02,RUN2,24.72805304,8,3,27,GrossPhoto,1.6056945390373385,C02_TPC RUN2 27 GrossPhoto,C02_TPC RUN2 GrossPhoto,FALSE,FALSE,FALSE
2025-08-02,Ahya,J02_TPC,J02,RUN2,20.79769841,9,3,27,Respiration,0.38268854246840384,J02_TPC RUN2 27 Respiration,J02_TPC RUN2 Respiration,FALSE,FALSE,FALSE
2025-08-02,Ahya,J02_TPC,J02,RUN2,20.79769841,9,3,27,NetPhoto,0.7939787971334805,J02_TPC RUN2 27 NetPhoto,J02_TPC RUN2 NetPhoto,FALSE,FALSE,FALSE
2025-08-02,Ahya,J02_TPC,J02,RUN2,20.79769841,9,3,27,GrossPhoto,1.1766673396018843,J02_TPC RUN2 27 GrossPhoto,J02_TPC RUN2 GrossPhoto,FALSE,FALSE,FALSE
2025-08-02,Mvie,B02_TPC,B02,RUN2,18.64110773,10,3,27,Respiration,0.3715980437963943,B02_TPC RUN2 27 Respiration,B02_TPC RUN2 Respiration,FALSE,FALSE,FALSE
2025-08-02,Mvie,B02_TPC,B02,RUN2,18.64110773,10,3,27,NetPhoto,0.6847219217271499,B02_TPC RUN2 27 NetPhoto,B02_TPC RUN2 NetPhoto,FALSE,FALSE,FALSE
2025-08-02,Mvie,B02_TPC,B02,RUN2,18.64110773,10,3,27,GrossPhoto,1.056319965523544,B02_TPC RUN2 27 GrossPhoto,B02_TPC RUN2 GrossPhoto,FALSE,FALSE,FALSE
2025-08-02,Maeq,H02_TPC,H02,RUN2,37.79520607,12,3,27,Respiration,0.22470888986469767,H02_TPC RUN2 27 Respiration,H02_TPC RUN2 Respiration,FALSE,FALSE,FALSE
2025-08-02,Maeq,H02_TPC,H02,RUN2,37.79520607,12,3,27,NetPhoto,0.5046128180750611,H02_TPC RUN2 27 NetPhoto,H02_TPC RUN2 NetPhoto,FALSE,FALSE,FALSE
2025-08-02,Maeq,H02_TPC,H02,RUN2,37.79520607,12,3,27,GrossPhoto,0.7293217079397587,H02_TPC RUN2 27 GrossPhoto,H02_TPC RUN2 GrossPhoto,FALSE,FALSE,FALSE
2025-08-03,Peyd,E03_TPC,E03,RUN3,37.62293403,1,3,27,Respiration,0.45010109065795106,E03_TPC RUN3 27 Respiration,E03_TPC RUN3 Respiration,FALSE,FALSE,FALSE
2025-08-03,Peyd,E03_TPC,E03,RUN3,37.62293403,1,3,27,NetPhoto,0.6598771747681046,E03_TPC RUN3 27 NetPhoto,E03_TPC RUN3 NetPhoto,FALSE,FALSE,FALSE
2025-08-03,Peyd,E03_TPC,E03,RUN3,37.62293403,1,3,27,GrossPhoto,1.1099782654260557,E03_TPC RUN3 27 GrossPhoto,E03_TPC RUN3 GrossPhoto,FALSE,FALSE,FALSE
2025-08-03,Tfro,I03_TPC,I03,RUN3,30.56935118,2,3,27,Respiration,0.45434445408073054,I03_TPC RUN3 27 Respiration,I03_TPC RUN3 Respiration,FALSE,FALSE,FALSE
2025-08-03,Tfro,I03_TPC,I03,RUN3,30.56935118,2,3,27,NetPhoto,0.42782853242581814,I03_TPC RUN3 27 NetPhoto,I03_TPC RUN3 NetPhoto,FALSE,FALSE,FALSE
2025-08-03,Tfro,I03_TPC,I03,RUN3,30.56935118,2,3,27,GrossPhoto,0.8821729865065486,I03_TPC RUN3 27 GrossPhoto,I03_TPC RUN3 GrossPhoto,FALSE,FALSE,FALSE
2025-08-03,Pcyl,A03_TPC,A03,RUN3,19.11326072,3,3,27,Respiration,0.6697317424800433,A03_TPC RUN3 27 Respiration,A03_TPC RUN3 Respiration,FALSE,FALSE,FALSE
2025-08-03,Pcyl,A03_TPC,A03,RUN3,19.11326072,3,3,27,NetPhoto,0.8579316407370329,A03_TPC RUN3 27 NetPhoto,A03_TPC RUN3 NetPhoto,FALSE,FALSE,FALSE
2025-08-03,Pcyl,A03_TPC,A03,RUN3,19.11326072,3,3,27,GrossPhoto,1.5276633832170765,A03_TPC RUN3 27 GrossPhoto,A03_TPC RUN3 GrossPhoto,FALSE,FALSE,FALSE
2025-08-03,Maeq,H04_TPC,H04,RUN3,41.64580512,4,3,27,Respiration,0.36017766809403384,H04_TPC RUN3 27 Respiration,H04_TPC RUN3 Respiration,FALSE,FALSE,FALSE
2025-08-03,Maeq,H04_TPC,H04,RUN3,41.64580512,4,3,27,NetPhoto,0.6459027230773906,H04_TPC RUN3 27 NetPhoto,H04_TPC RUN3 NetPhoto,FALSE,FALSE,FALSE
2025-08-03,Maeq,H04_TPC,H04,RUN3,41.64580512,4,3,27,GrossPhoto,1.0060803911714244,H04_TPC RUN3 27 GrossPhoto,H04_TPC RUN3 GrossPhoto,FALSE,FALSE,FALSE
2025-08-03,Prug,F03_TPC,F03,RUN3,17.6489484,6,3,27,Respiration,0.5571219334388908,F03_TPC RUN3 27 Respiration,F03_TPC RUN3 Respiration,FALSE,FALSE,FALSE
2025-08-03,Prug,F03_TPC,F03,RUN3,17.6489484,6,3,27,NetPhoto,1.054880172057755,F03_TPC RUN3 27 NetPhoto,F03_TPC RUN3 NetPhoto,FALSE,FALSE,FALSE
2025-08-03,Prug,F03_TPC,F03,RUN3,17.6489484,6,3,27,GrossPhoto,1.6120021054966458,F03_TPC RUN3 27 GrossPhoto,F03_TPC RUN3 GrossPhoto,FALSE,FALSE,FALSE
2025-08-03,Ahya,J03_TPC,J03,RUN3,29.80688791,7,3,27,Respiration,0.5461347596843218,J03_TPC RUN3 27 Respiration,J03_TPC RUN3 Respiration,FALSE,FALSE,FALSE
2025-08-03,Ahya,J03_TPC,J03,RUN3,29.80688791,7,3,27,NetPhoto,0.9051338642271132,J03_TPC RUN3 27 NetPhoto,J03_TPC RUN3 NetPhoto,FALSE,FALSE,FALSE
2025-08-03,Ahya,J03_TPC,J03,RUN3,29.80688791,7,3,27,GrossPhoto,1.451268623911435,J03_TPC RUN3 27 GrossPhoto,J03_TPC RUN3 GrossPhoto,FALSE,FALSE,FALSE
2025-08-03,Mvie,B03_TPC,B03,RUN3,17.06832783,8,3,27,Respiration,0.4625223346711837,B03_TPC RUN3 27 Respiration,B03_TPC RUN3 Respiration,FALSE,FALSE,FALSE
2025-08-03,Mvie,B03_TPC,B03,RUN3,17.06832783,8,3,27,NetPhoto,0.6755689743928509,B03_TPC RUN3 27 NetPhoto,B03_TPC RUN3 NetPhoto,FALSE,FALSE,FALSE
2025-08-03,Mvie,B03_TPC,B03,RUN3,17.06832783,8,3,27,GrossPhoto,1.1380913090640346,B03_TPC RUN3 27 GrossPhoto,B03_TPC RUN3 GrossPhoto,FALSE,FALSE,FALSE
2025-08-03,Fcom,C03_TPC,C03,RUN3,26.45396363,9,3,27,Respiration,0.6469334582611387,C03_TPC RUN3 27 Respiration,C03_TPC RUN3 Respiration,FALSE,FALSE,FALSE
2025-08-03,Fcom,C03_TPC,C03,RUN3,26.45396363,9,3,27,NetPhoto,1.382765545109557,C03_TPC RUN3 27 NetPhoto,C03_TPC RUN3 NetPhoto,FALSE,FALSE,FALSE
2025-08-03,Fcom,C03_TPC,C03,RUN3,26.45396363,9,3,27,GrossPhoto,2.0296990033706956,C03_TPC RUN3 27 GrossPhoto,C03_TPC RUN3 GrossPhoto,FALSE,FALSE,FALSE
2025-08-03,Elam,G05_TPC,G05,RUN3,17.26931188,11,3,27,Respiration,0.5403790425844,G05_TPC RUN3 27 Respiration,G05_TPC RUN3 Respiration,FALSE,FALSE,FALSE
2025-08-03,Elam,G05_TPC,G05,RUN3,17.26931188,11,3,27,NetPhoto,1.2866182325053517,G05_TPC RUN3 27 NetPhoto,G05_TPC RUN3 NetPhoto,FALSE,FALSE,FALSE
2025-08-03,Elam,G05_TPC,G05,RUN3,17.26931188,11,3,27,GrossPhoto,1.8269972750897516,G05_TPC RUN3 27 GrossPhoto,G05_TPC RUN3 GrossPhoto,FALSE,FALSE,FALSE
2025-08-03,Prus,D03_TPC,D03,RUN3,17.32354567,12,3,27,Respiration,0.5770806392102705,D03_TPC RUN3 27 Respiration,D03_TPC RUN3 Respiration,FALSE,FALSE,FALSE
2025-08-03,Prus,D03_TPC,D03,RUN3,17.32354567,12,3,27,NetPhoto,0.7675743316156659,D03_TPC RUN3 27 NetPhoto,D03_TPC RUN3 NetPhoto,FALSE,FALSE,FALSE
2025-08-03,Prus,D03_TPC,D03,RUN3,17.32354567,12,3,27,GrossPhoto,1.3446549708259363,D03_TPC RUN3 27 GrossPhoto,D03_TPC RUN3 GrossPhoto,FALSE,FALSE,FALSE
2025-08-08,Tfro,I06_TPC,I06,RUN4,22.32262496,1,3,27,Respiration,0.2529069589602104,I06_TPC RUN4 27 Respiration,I06_TPC RUN4 Respiration,FALSE,FALSE,FALSE
2025-08-08,Tfro,I06_TPC,I06,RUN4,22.32262496,1,3,27,NetPhoto,0.21953688216004685,I06_TPC RUN4 27 NetPhoto,I06_TPC RUN4 NetPhoto,FALSE,FALSE,FALSE
2025-08-08,Tfro,I06_TPC,I06,RUN4,22.32262496,1,3,27,GrossPhoto,0.4724438411202573,I06_TPC RUN4 27 GrossPhoto,I06_TPC RUN4 GrossPhoto,FALSE,FALSE,FALSE
2025-08-08,Ahya,J06_TPC,J06,RUN4,15.5880644,3,3,27,Respiration,0.09938771153549449,J06_TPC RUN4 27 Respiration,J06_TPC RUN4 Respiration,FALSE,FALSE,FALSE
2025-08-08,Ahya,J06_TPC,J06,RUN4,15.5880644,3,3,27,NetPhoto,0.3954494217994738,J06_TPC RUN4 27 NetPhoto,J06_TPC RUN4 NetPhoto,FALSE,FALSE,FALSE
2025-08-08,Ahya,J06_TPC,J06,RUN4,15.5880644,3,3,27,GrossPhoto,0.49483713333496826,J06_TPC RUN4 27 GrossPhoto,J06_TPC RUN4 GrossPhoto,FALSE,FALSE,FALSE
2025-08-08,Pcyl,A06_TPC,A06,RUN4,17.41606213,4,3,27,Respiration,0.3687080194586113,A06_TPC RUN4 27 Respiration,A06_TPC RUN4 Respiration,FALSE,FALSE,FALSE
2025-08-08,Pcyl,A06_TPC,A06,RUN4,17.41606213,4,3,27,NetPhoto,0.6485995688114464,A06_TPC RUN4 27 NetPhoto,A06_TPC RUN4 NetPhoto,FALSE,FALSE,FALSE
2025-08-08,Pcyl,A06_TPC,A06,RUN4,17.41606213,4,3,27,GrossPhoto,1.0173075882700575,A06_TPC RUN4 27 GrossPhoto,A06_TPC RUN4 GrossPhoto,FALSE,FALSE,FALSE
2025-08-08,Maeq,H06_TPC,H06,RUN4,24.44093297,5,3,27,Respiration,0.20615116077381185,H06_TPC RUN4 27 Respiration,H06_TPC RUN4 Respiration,FALSE,FALSE,FALSE
2025-08-08,Maeq,H06_TPC,H06,RUN4,24.44093297,5,3,27,NetPhoto,0.1636140884976638,H06_TPC RUN4 27 NetPhoto,H06_TPC RUN4 NetPhoto,FALSE,FALSE,FALSE
2025-08-08,Maeq,H06_TPC,H06,RUN4,24.44093297,5,3,27,GrossPhoto,0.3697652492714756,H06_TPC RUN4 27 GrossPhoto,H06_TPC RUN4 GrossPhoto,FALSE,FALSE,FALSE
2025-08-08,Elam,G06_TPC,G06,RUN4,22.13759203,8,3,27,Respiration,0.27165306119989185,G06_TPC RUN4 27 Respiration,G06_TPC RUN4 Respiration,FALSE,FALSE,FALSE
2025-08-08,Elam,G06_TPC,G06,RUN4,22.13759203,8,3,27,NetPhoto,0.3843980181457726,G06_TPC RUN4 27 NetPhoto,G06_TPC RUN4 NetPhoto,FALSE,FALSE,FALSE
2025-08-08,Elam,G06_TPC,G06,RUN4,22.13759203,8,3,27,GrossPhoto,0.6560510793456644,G06_TPC RUN4 27 GrossPhoto,G06_TPC RUN4 GrossPhoto,FALSE,FALSE,FALSE
2025-08-08,Peyd,E06_TPC,E06,RUN4,44.66694621,9,3,27,Respiration,0.6010970280734829,E06_TPC RUN4 27 Respiration,E06_TPC RUN4 Respiration,FALSE,FALSE,FALSE
2025-08-08,Peyd,E06_TPC,E06,RUN4,44.66694621,9,3,27,NetPhoto,0.5294902620897249,E06_TPC RUN4 27 NetPhoto,E06_TPC RUN4 NetPhoto,FALSE,FALSE,FALSE
2025-08-08,Peyd,E06_TPC,E06,RUN4,44.66694621,9,3,27,GrossPhoto,1.130587290163208,E06_TPC RUN4 27 GrossPhoto,E06_TPC RUN4 GrossPhoto,FALSE,FALSE,FALSE
2025-08-08,Prus,D06_TPC,D06,RUN4,16.312245,10,3,27,Respiration,0.3603517035325144,D06_TPC RUN4 27 Respiration,D06_TPC RUN4 Respiration,FALSE,FALSE,FALSE
2025-08-08,Prus,D06_TPC,D06,RUN4,16.312245,10,3,27,NetPhoto,0.6338115934912918,D06_TPC RUN4 27 NetPhoto,D06_TPC RUN4 NetPhoto,FALSE,FALSE,FALSE
2025-08-08,Prus,D06_TPC,D06,RUN4,16.312245,10,3,27,GrossPhoto,0.9941632970238062,D06_TPC RUN4 27 GrossPhoto,D06_TPC RUN4 GrossPhoto,FALSE,FALSE,FALSE
2025-08-08,Prug,F06_TPC,F06,RUN4,20.08308848,11,3,27,Respiration,0.31237269820509633,F06_TPC RUN4 27 Respiration,F06_TPC RUN4 Respiration,FALSE,FALSE,FALSE
2025-08-08,Prug,F06_TPC,F06,RUN4,20.08308848,11,3,27,NetPhoto,1.011383715039556,F06_TPC RUN4 27 NetPhoto,F06_TPC RUN4 NetPhoto,FALSE,FALSE,FALSE
2025-08-08,Prug,F06_TPC,F06,RUN4,20.08308848,11,3,27,GrossPhoto,1.3237564132446522,F06_TPC RUN4 27 GrossPhoto,F06_TPC RUN4 GrossPhoto,FALSE,FALSE,FALSE
2025-08-08,Mvie,B06_TPC,B06,RUN4,13.28791369,12,3,27,Respiration,0.22492091995495875,B06_TPC RUN4 27 Respiration,B06_TPC RUN4 Respiration,FALSE,FALSE,FALSE
2025-08-08,Mvie,B06_TPC,B06,RUN4,13.28791369,12,3,27,NetPhoto,0.3378969182791773,B06_TPC RUN4 27 NetPhoto,B06_TPC RUN4 NetPhoto,FALSE,FALSE,FALSE
2025-08-08,Mvie,B06_TPC,B06,RUN4,13.28791369,12,3,27,GrossPhoto,0.562817838234136,B06_TPC RUN4 27 GrossPhoto,B06_TPC RUN4 GrossPhoto,FALSE,FALSE,FALSE
2025-08-09,Mvie,B07_TPC,B07,RUN5,13.30067458,1,3,27,Respiration,0.5432556883694348,B07_TPC RUN5 27 Respiration,B07_TPC RUN5 Respiration,FALSE,FALSE,FALSE
2025-08-09,Mvie,B07_TPC,B07,RUN5,13.30067458,1,3,27,NetPhoto,0.8343081672443776,B07_TPC RUN5 27 NetPhoto,B07_TPC RUN5 NetPhoto,FALSE,FALSE,FALSE
2025-08-09,Mvie,B07_TPC,B07,RUN5,13.30067458,1,3,27,GrossPhoto,1.3775638556138126,B07_TPC RUN5 27 GrossPhoto,B07_TPC RUN5 GrossPhoto,FALSE,FALSE,FALSE
2025-08-09,Pcyl,A07_TPC,A07,RUN5,13.81749069,2,3,27,Respiration,0.6398794349146758,A07_TPC RUN5 27 Respiration,A07_TPC RUN5 Respiration,FALSE,FALSE,FALSE
2025-08-09,Pcyl,A07_TPC,A07,RUN5,13.81749069,2,3,27,NetPhoto,0.9800253277113454,A07_TPC RUN5 27 NetPhoto,A07_TPC RUN5 NetPhoto,FALSE,FALSE,FALSE
2025-08-09,Pcyl,A07_TPC,A07,RUN5,13.81749069,2,3,27,GrossPhoto,1.6199047626260212,A07_TPC RUN5 27 GrossPhoto,A07_TPC RUN5 GrossPhoto,FALSE,FALSE,FALSE
2025-08-09,Peyd,E07_TPC,E07,RUN5,18.03177515,3,3,27,Respiration,0.5731105416276836,E07_TPC RUN5 27 Respiration,E07_TPC RUN5 Respiration,FALSE,FALSE,FALSE
2025-08-09,Peyd,E07_TPC,E07,RUN5,18.03177515,3,3,27,NetPhoto,1.0329601406608953,E07_TPC RUN5 27 NetPhoto,E07_TPC RUN5 NetPhoto,FALSE,FALSE,FALSE
2025-08-09,Peyd,E07_TPC,E07,RUN5,18.03177515,3,3,27,GrossPhoto,1.6060706822885789,E07_TPC RUN5 27 GrossPhoto,E07_TPC RUN5 GrossPhoto,FALSE,FALSE,FALSE
2025-08-09,Ahya,J07_TPC,J07,RUN5,16.49727793,4,3,27,Respiration,0.5098805229181416,J07_TPC RUN5 27 Respiration,J07_TPC RUN5 Respiration,FALSE,FALSE,FALSE
2025-08-09,Ahya,J07_TPC,J07,RUN5,16.49727793,4,3,27,NetPhoto,0.8390675373416941,J07_TPC RUN5 27 NetPhoto,J07_TPC RUN5 NetPhoto,FALSE,FALSE,FALSE
2025-08-09,Ahya,J07_TPC,J07,RUN5,16.49727793,4,3,27,GrossPhoto,1.3489480602598358,J07_TPC RUN5 27 GrossPhoto,J07_TPC RUN5 GrossPhoto,FALSE,FALSE,FALSE
2025-08-09,Fcom,C07_TPC,C07,RUN5,12.85404337,5,3,27,Respiration,0.6318338603013438,C07_TPC RUN5 27 Respiration,C07_TPC RUN5 Respiration,FALSE,FALSE,FALSE
2025-08-09,Fcom,C07_TPC,C07,RUN5,12.85404337,5,3,27,NetPhoto,1.2662063065098887,C07_TPC RUN5 27 NetPhoto,C07_TPC RUN5 NetPhoto,FALSE,FALSE,FALSE
2025-08-09,Fcom,C07_TPC,C07,RUN5,12.85404337,5,3,27,GrossPhoto,1.8980401668112328,C07_TPC RUN5 27 GrossPhoto,C07_TPC RUN5 GrossPhoto,FALSE,FALSE,FALSE
2025-08-09,Prug,F07_TPC,F07,RUN5,25.48732609,6,3,27,Respiration,0.6922048822666952,F07_TPC RUN5 27 Respiration,F07_TPC RUN5 Respiration,FALSE,FALSE,FALSE
2025-08-09,Prug,F07_TPC,F07,RUN5,25.48732609,6,3,27,NetPhoto,1.270426327132326,F07_TPC RUN5 27 NetPhoto,F07_TPC RUN5 NetPhoto,FALSE,FALSE,FALSE
2025-08-09,Prug,F07_TPC,F07,RUN5,25.48732609,6,3,27,GrossPhoto,1.9626312093990212,F07_TPC RUN5 27 GrossPhoto,F07_TPC RUN5 GrossPhoto,FALSE,FALSE,FALSE
2025-08-09,Prus,D07_TPC,D07,RUN5,13.26877235,8,3,27,Respiration,0.6821760646068215,D07_TPC RUN5 27 Respiration,D07_TPC RUN5 Respiration,FALSE,FALSE,FALSE
2025-08-09,Prus,D07_TPC,D07,RUN5,13.26877235,8,3,27,NetPhoto,1.0126629027480654,D07_TPC RUN5 27 NetPhoto,D07_TPC RUN5 NetPhoto,FALSE,FALSE,FALSE
2025-08-09,Prus,D07_TPC,D07,RUN5,13.26877235,8,3,27,GrossPhoto,1.6948389673548867,D07_TPC RUN5 27 GrossPhoto,D07_TPC RUN5 GrossPhoto,FALSE,FALSE,FALSE
2025-08-09,Tfro,I07_TPC,I07,RUN5,10.84739316,9,3,27,Respiration,0.6956568995137014,I07_TPC RUN5 27 Respiration,I07_TPC RUN5 Respiration,FALSE,FALSE,FALSE
2025-08-09,Tfro,I07_TPC,I07,RUN5,10.84739316,9,3,27,NetPhoto,0.7377536718734203,I07_TPC RUN5 27 NetPhoto,I07_TPC RUN5 NetPhoto,FALSE,FALSE,FALSE
2025-08-09,Tfro,I07_TPC,I07,RUN5,10.84739316,9,3,27,GrossPhoto,1.4334105713871217,I07_TPC RUN5 27 GrossPhoto,I07_TPC RUN5 GrossPhoto,FALSE,FALSE,FALSE
2025-08-09,Elam,G07_TPC,G07,RUN5,20.22026807,10,3,27,Respiration,0.43244577892324304,G07_TPC RUN5 27 Respiration,G07_TPC RUN5 Respiration,FALSE,FALSE,FALSE
2025-08-09,Elam,G07_TPC,G07,RUN5,20.22026807,10,3,27,NetPhoto,0.7890362580058234,G07_TPC RUN5 27 NetPhoto,G07_TPC RUN5 NetPhoto,FALSE,FALSE,FALSE
2025-08-09,Elam,G07_TPC,G07,RUN5,20.22026807,10,3,27,GrossPhoto,1.2214820369290664,G07_TPC RUN5 27 GrossPhoto,G07_TPC RUN5 GrossPhoto,FALSE,FALSE,FALSE
2025-08-09,Maeq,H07_TPC,H07,RUN5,19.99695246,11,3,27,Respiration,0.36799930828647326,H07_TPC RUN5 27 Respiration,H07_TPC RUN5 Respiration,FALSE,FALSE,FALSE
2025-08-09,Maeq,H07_TPC,H07,RUN5,19.99695246,11,3,27,NetPhoto,0.6844383721686679,H07_TPC RUN5 27 NetPhoto,H07_TPC RUN5 NetPhoto,FALSE,FALSE,FALSE
2025-08-09,Maeq,H07_TPC,H07,RUN5,19.99695246,11,3,27,GrossPhoto,1.0524376804551412,H07_TPC RUN5 27 GrossPhoto,H07_TPC RUN5 GrossPhoto,FALSE,FALSE,FALSE
2025-08-10,Mvie,B08_TPC,B08,RUN6,21.71648261,1,3,27,Respiration,0.3763950009055887,B08_TPC RUN6 27 Respiration,B08_TPC RUN6 Respiration,FALSE,FALSE,FALSE
2025-08-10,Mvie,B08_TPC,B08,RUN6,21.71648261,1,3,27,NetPhoto,0.4865427590737459,B08_TPC RUN6 27 NetPhoto,B08_TPC RUN6 NetPhoto,FALSE,FALSE,FALSE
2025-08-10,Mvie,B08_TPC,B08,RUN6,21.71648261,1,3,27,GrossPhoto,0.8629377599793346,B08_TPC RUN6 27 GrossPhoto,B08_TPC RUN6 GrossPhoto,FALSE,FALSE,FALSE
2025-08-10,Maeq,H08_TPC,H08,RUN6,15.57211329,2,3,27,Respiration,0.3498861648186518,H08_TPC RUN6 27 Respiration,H08_TPC RUN6 Respiration,FALSE,FALSE,FALSE
2025-08-10,Maeq,H08_TPC,H08,RUN6,15.57211329,2,3,27,NetPhoto,0.481985669286602,H08_TPC RUN6 27 NetPhoto,H08_TPC RUN6 NetPhoto,FALSE,FALSE,FALSE
2025-08-10,Maeq,H08_TPC,H08,RUN6,15.57211329,2,3,27,GrossPhoto,0.8318718341052538,H08_TPC RUN6 27 GrossPhoto,H08_TPC RUN6 GrossPhoto,FALSE,FALSE,FALSE
2025-08-10,Pcyl,A08_TPC,A08,RUN6,13.2751528,3,3,27,Respiration,0.4914860175991099,A08_TPC RUN6 27 Respiration,A08_TPC RUN6 Respiration,FALSE,FALSE,FALSE
2025-08-10,Pcyl,A08_TPC,A08,RUN6,13.2751528,3,3,27,NetPhoto,1.1873433106536817,A08_TPC RUN6 27 NetPhoto,A08_TPC RUN6 NetPhoto,FALSE,FALSE,FALSE
2025-08-10,Pcyl,A08_TPC,A08,RUN6,13.2751528,3,3,27,GrossPhoto,1.6788293282527915,A08_TPC RUN6 27 GrossPhoto,A08_TPC RUN6 GrossPhoto,FALSE,FALSE,FALSE
2025-08-10,Fcom,C08_TPC,C08,RUN6,8.907737636,4,3,27,Respiration,0.2569408096356468,C08_TPC RUN6 27 Respiration,C08_TPC RUN6 Respiration,FALSE,FALSE,FALSE
2025-08-10,Fcom,C08_TPC,C08,RUN6,8.907737636,4,3,27,NetPhoto,0.5997516344203372,C08_TPC RUN6 27 NetPhoto,C08_TPC RUN6 NetPhoto,FALSE,FALSE,FALSE
2025-08-10,Fcom,C08_TPC,C08,RUN6,8.907737636,4,3,27,GrossPhoto,0.856692444055984,C08_TPC RUN6 27 GrossPhoto,C08_TPC RUN6 GrossPhoto,FALSE,FALSE,FALSE
2025-08-10,Peyd,E08_TPC,E08,RUN6,30.03020351,5,3,27,Respiration,0.5021940316162544,E08_TPC RUN6 27 Respiration,E08_TPC RUN6 Respiration,FALSE,FALSE,FALSE
2025-08-10,Peyd,E08_TPC,E08,RUN6,30.03020351,5,3,27,NetPhoto,0.9546031020839932,E08_TPC RUN6 27 NetPhoto,E08_TPC RUN6 NetPhoto,FALSE,FALSE,FALSE
2025-08-10,Peyd,E08_TPC,E08,RUN6,30.03020351,5,3,27,GrossPhoto,1.4567971337002477,E08_TPC RUN6 27 GrossPhoto,E08_TPC RUN6 GrossPhoto,FALSE,FALSE,FALSE
2025-08-10,Prus,D04_TPC,D04,RUN6,15.43174348,6,3,27,Respiration,0.525916529901919,D04_TPC RUN6 27 Respiration,D04_TPC RUN6 Respiration,FALSE,FALSE,FALSE
2025-08-10,Prus,D04_TPC,D04,RUN6,15.43174348,6,3,27,GrossPhoto,1.9634539862658775,D04_TPC RUN6 27 GrossPhoto,D04_TPC RUN6 GrossPhoto,FALSE,FALSE,FALSE
2025-08-10,Ahya,J08_TPC,J08,RUN6,15.59444485,7,3,27,Respiration,0.2655442114259243,J08_TPC RUN6 27 Respiration,J08_TPC RUN6 Respiration,FALSE,FALSE,FALSE
2025-08-10,Ahya,J08_TPC,J08,RUN6,15.59444485,7,3,27,NetPhoto,0.7704084509806701,J08_TPC RUN6 27 NetPhoto,J08_TPC RUN6 NetPhoto,FALSE,FALSE,FALSE
2025-08-10,Ahya,J08_TPC,J08,RUN6,15.59444485,7,3,27,GrossPhoto,1.0359526624065944,J08_TPC RUN6 27 GrossPhoto,J08_TPC RUN6 GrossPhoto,FALSE,FALSE,FALSE
2025-08-10,Prug,F08_TPC,F08,RUN6,24.85885218,9,3,27,Respiration,0.43150877401018106,F08_TPC RUN6 27 Respiration,F08_TPC RUN6 Respiration,FALSE,FALSE,FALSE
2025-08-10,Prug,F08_TPC,F08,RUN6,24.85885218,9,3,27,NetPhoto,0.8913502028015778,F08_TPC RUN6 27 NetPhoto,F08_TPC RUN6 NetPhoto,FALSE,FALSE,FALSE
2025-08-10,Prug,F08_TPC,F08,RUN6,24.85885218,9,3,27,GrossPhoto,1.322858976811759,F08_TPC RUN6 27 GrossPhoto,F08_TPC RUN6 GrossPhoto,FALSE,FALSE,FALSE
2025-08-10,Tfro,I08_TPC,I08,RUN6,7.194587934,10,3,27,Respiration,0.584618826637638,I08_TPC RUN6 27 Respiration,I08_TPC RUN6 Respiration,FALSE,FALSE,FALSE
2025-08-10,Tfro,I08_TPC,I08,RUN6,7.194587934,10,3,27,GrossPhoto,1.859429187409812,I08_TPC RUN6 27 GrossPhoto,I08_TPC RUN6 GrossPhoto,FALSE,FALSE,FALSE
2025-08-10,Elam,G08_TPC,G08,RUN6,22.74054416,12,3,27,Respiration,0.531839493281973,G08_TPC RUN6 27 Respiration,G08_TPC RUN6 Respiration,FALSE,FALSE,FALSE
2025-08-10,Elam,G08_TPC,G08,RUN6,22.74054416,12,3,27,NetPhoto,0.9714116065719955,G08_TPC RUN6 27 NetPhoto,G08_TPC RUN6 NetPhoto,FALSE,FALSE,FALSE
2025-08-10,Elam,G08_TPC,G08,RUN6,22.74054416,12,3,27,GrossPhoto,1.5032510998539683,G08_TPC RUN6 27 GrossPhoto,G08_TPC RUN6 GrossPhoto,FALSE,FALSE,FALSE
2025-08-01,Pcyl,A01_TPC,A01,RUN1,24.72486281,1,4,28,Respiration,0.5803981399776131,A01_TPC RUN1 28 Respiration,A01_TPC RUN1 Respiration,FALSE,FALSE,FALSE
2025-08-01,Pcyl,A01_TPC,A01,RUN1,24.72486281,1,4,28,NetPhoto,0.8225562130254456,A01_TPC RUN1 28 NetPhoto,A01_TPC RUN1 NetPhoto,FALSE,FALSE,FALSE
2025-08-01,Pcyl,A01_TPC,A01,RUN1,24.72486281,1,4,28,GrossPhoto,1.4029543530030586,A01_TPC RUN1 28 GrossPhoto,A01_TPC RUN1 GrossPhoto,FALSE,FALSE,FALSE
2025-08-01,Elam,G01_TPC,G01,RUN1,20.38296944,2,4,28,Respiration,0.34735812133725763,G01_TPC RUN1 28 Respiration,G01_TPC RUN1 Respiration,FALSE,FALSE,FALSE
2025-08-01,Elam,G01_TPC,G01,RUN1,20.38296944,2,4,28,NetPhoto,1.0829733116700426,G01_TPC RUN1 28 NetPhoto,G01_TPC RUN1 NetPhoto,FALSE,FALSE,FALSE
2025-08-01,Elam,G01_TPC,G01,RUN1,20.38296944,2,4,28,GrossPhoto,1.4303314330073005,G01_TPC RUN1 28 GrossPhoto,G01_TPC RUN1 GrossPhoto,FALSE,FALSE,FALSE
2025-08-01,Fcom,C01_TPC,C01,RUN1,23.69761104,3,4,28,Respiration,0.3893089256084687,C01_TPC RUN1 28 Respiration,C01_TPC RUN1 Respiration,FALSE,FALSE,FALSE
2025-08-01,Fcom,C01_TPC,C01,RUN1,23.69761104,3,4,28,NetPhoto,0.8461282993637551,C01_TPC RUN1 28 NetPhoto,C01_TPC RUN1 NetPhoto,FALSE,FALSE,FALSE
2025-08-01,Fcom,C01_TPC,C01,RUN1,23.69761104,3,4,28,GrossPhoto,1.235437224972224,C01_TPC RUN1 28 GrossPhoto,C01_TPC RUN1 GrossPhoto,FALSE,FALSE,FALSE
2025-08-01,Prug,F01_TPC,F01,RUN1,14.38535037,4,4,28,Respiration,0.29759911514225057,F01_TPC RUN1 28 Respiration,F01_TPC RUN1 Respiration,FALSE,FALSE,FALSE
2025-08-01,Prug,F01_TPC,F01,RUN1,14.38535037,4,4,28,NetPhoto,0.8893513149322175,F01_TPC RUN1 28 NetPhoto,F01_TPC RUN1 NetPhoto,FALSE,FALSE,FALSE
2025-08-01,Prug,F01_TPC,F01,RUN1,14.38535037,4,4,28,GrossPhoto,1.186950430074468,F01_TPC RUN1 28 GrossPhoto,F01_TPC RUN1 GrossPhoto,FALSE,FALSE,FALSE
2025-08-01,Peyd,E01_TPC,E01,RUN1,33.93822657,5,4,28,Respiration,0.5041674454897839,E01_TPC RUN1 28 Respiration,E01_TPC RUN1 Respiration,FALSE,FALSE,FALSE
2025-08-01,Peyd,E01_TPC,E01,RUN1,33.93822657,5,4,28,NetPhoto,0.7320308458073672,E01_TPC RUN1 28 NetPhoto,E01_TPC RUN1 NetPhoto,FALSE,FALSE,FALSE
2025-08-01,Peyd,E01_TPC,E01,RUN1,33.93822657,5,4,28,GrossPhoto,1.2361982912971512,E01_TPC RUN1 28 GrossPhoto,E01_TPC RUN1 GrossPhoto,FALSE,FALSE,FALSE
2025-08-01,Ahya,J01_TPC,J01,RUN1,16.22929921,7,4,28,Respiration,0.4347830339103565,J01_TPC RUN1 28 Respiration,J01_TPC RUN1 Respiration,FALSE,FALSE,FALSE
2025-08-01,Ahya,J01_TPC,J01,RUN1,16.22929921,7,4,28,NetPhoto,0.7442378312105783,J01_TPC RUN1 28 NetPhoto,J01_TPC RUN1 NetPhoto,FALSE,FALSE,FALSE
2025-08-01,Ahya,J01_TPC,J01,RUN1,16.22929921,7,4,28,GrossPhoto,1.1790208651209348,J01_TPC RUN1 28 GrossPhoto,J01_TPC RUN1 GrossPhoto,FALSE,FALSE,FALSE
2025-08-01,Tfro,I01_TPC,I01,RUN1,26.20193602,8,4,28,Respiration,0.5394423835211183,I01_TPC RUN1 28 Respiration,I01_TPC RUN1 Respiration,FALSE,FALSE,FALSE
2025-08-01,Tfro,I01_TPC,I01,RUN1,26.20193602,8,4,28,NetPhoto,0.599397475790317,I01_TPC RUN1 28 NetPhoto,I01_TPC RUN1 NetPhoto,FALSE,FALSE,FALSE
2025-08-01,Tfro,I01_TPC,I01,RUN1,26.20193602,8,4,28,GrossPhoto,1.1388398593114353,I01_TPC RUN1 28 GrossPhoto,I01_TPC RUN1 GrossPhoto,FALSE,FALSE,FALSE
2025-08-01,Mvie,B01_TPC,B01,RUN1,19.26639142,10,4,28,Respiration,0.4024394924541789,B01_TPC RUN1 28 Respiration,B01_TPC RUN1 Respiration,FALSE,FALSE,FALSE
2025-08-01,Mvie,B01_TPC,B01,RUN1,19.26639142,10,4,28,NetPhoto,0.7225557071063715,B01_TPC RUN1 28 NetPhoto,B01_TPC RUN1 NetPhoto,FALSE,FALSE,FALSE
2025-08-01,Mvie,B01_TPC,B01,RUN1,19.26639142,10,4,28,GrossPhoto,1.1249951995605505,B01_TPC RUN1 28 GrossPhoto,B01_TPC RUN1 GrossPhoto,FALSE,FALSE,FALSE
2025-08-01,Maeq,H01_TPC,H01,RUN1,32.84078989,11,4,28,Respiration,0.5496360786415893,H01_TPC RUN1 28 Respiration,H01_TPC RUN1 Respiration,FALSE,FALSE,FALSE
2025-08-01,Maeq,H01_TPC,H01,RUN1,32.84078989,11,4,28,NetPhoto,0.3980017891562273,H01_TPC RUN1 28 NetPhoto,H01_TPC RUN1 NetPhoto,FALSE,FALSE,FALSE
2025-08-01,Maeq,H01_TPC,H01,RUN1,32.84078989,11,4,28,GrossPhoto,0.9476378677978166,H01_TPC RUN1 28 GrossPhoto,H01_TPC RUN1 GrossPhoto,FALSE,FALSE,FALSE
2025-08-01,Prus,D01_TPC,D01,RUN1,28.54674986,12,4,28,Respiration,0.4724010981709572,D01_TPC RUN1 28 Respiration,D01_TPC RUN1 Respiration,FALSE,FALSE,FALSE
2025-08-01,Prus,D01_TPC,D01,RUN1,28.54674986,12,4,28,NetPhoto,0.8658658816386314,D01_TPC RUN1 28 NetPhoto,D01_TPC RUN1 NetPhoto,FALSE,FALSE,FALSE
2025-08-01,Prus,D01_TPC,D01,RUN1,28.54674986,12,4,28,GrossPhoto,1.3382669798095883,D01_TPC RUN1 28 GrossPhoto,D01_TPC RUN1 GrossPhoto,FALSE,FALSE,FALSE
2025-08-02,Elam,G02_TPC,G02,RUN2,16.88329491,1,4,28,Respiration,0.5217726073303534,G02_TPC RUN2 28 Respiration,G02_TPC RUN2 Respiration,FALSE,FALSE,FALSE
2025-08-02,Elam,G02_TPC,G02,RUN2,16.88329491,1,4,28,NetPhoto,1.0554362977271632,G02_TPC RUN2 28 NetPhoto,G02_TPC RUN2 NetPhoto,FALSE,FALSE,FALSE
2025-08-02,Elam,G02_TPC,G02,RUN2,16.88329491,1,4,28,GrossPhoto,1.5772089050575169,G02_TPC RUN2 28 GrossPhoto,G02_TPC RUN2 GrossPhoto,FALSE,FALSE,FALSE
2025-08-02,Peyd,E02_TPC,E02,RUN2,34.41995023,2,4,28,Respiration,0.4796049394891764,E02_TPC RUN2 28 Respiration,E02_TPC RUN2 Respiration,FALSE,FALSE,FALSE
2025-08-02,Peyd,E02_TPC,E02,RUN2,34.41995023,2,4,28,NetPhoto,0.7909540516163555,E02_TPC RUN2 28 NetPhoto,E02_TPC RUN2 NetPhoto,FALSE,FALSE,FALSE
2025-08-02,Peyd,E02_TPC,E02,RUN2,34.41995023,2,4,28,GrossPhoto,1.2705589911055315,E02_TPC RUN2 28 GrossPhoto,E02_TPC RUN2 GrossPhoto,FALSE,FALSE,FALSE
2025-08-02,Prug,F04_TPC,F04,RUN2,22.44704366,3,4,28,Respiration,0.47911227356351455,F04_TPC RUN2 28 Respiration,F04_TPC RUN2 Respiration,FALSE,FALSE,FALSE
2025-08-02,Prug,F04_TPC,F04,RUN2,22.44704366,3,4,28,NetPhoto,0.912167029264677,F04_TPC RUN2 28 NetPhoto,F04_TPC RUN2 NetPhoto,FALSE,FALSE,FALSE
2025-08-02,Prug,F04_TPC,F04,RUN2,22.44704366,3,4,28,GrossPhoto,1.3912793028281916,F04_TPC RUN2 28 GrossPhoto,F04_TPC RUN2 GrossPhoto,FALSE,FALSE,FALSE
2025-08-02,Prus,D02_TPC,D02,RUN2,18.28699298,4,4,28,Respiration,0.642962729199329,D02_TPC RUN2 28 Respiration,D02_TPC RUN2 Respiration,FALSE,FALSE,FALSE
2025-08-02,Prus,D02_TPC,D02,RUN2,18.28699298,4,4,28,NetPhoto,0.8574677702429931,D02_TPC RUN2 28 NetPhoto,D02_TPC RUN2 NetPhoto,FALSE,FALSE,FALSE
2025-08-02,Prus,D02_TPC,D02,RUN2,18.28699298,4,4,28,GrossPhoto,1.500430499442322,D02_TPC RUN2 28 GrossPhoto,D02_TPC RUN2 GrossPhoto,FALSE,FALSE,FALSE
2025-08-02,Pcyl,A02_TPC,A02,RUN2,19.14835317,5,4,28,Respiration,0.7027629492630432,A02_TPC RUN2 28 Respiration,A02_TPC RUN2 Respiration,FALSE,FALSE,FALSE
2025-08-02,Pcyl,A02_TPC,A02,RUN2,19.14835317,5,4,28,NetPhoto,0.7324299732660209,A02_TPC RUN2 28 NetPhoto,A02_TPC RUN2 NetPhoto,FALSE,FALSE,FALSE
2025-08-02,Pcyl,A02_TPC,A02,RUN2,19.14835317,5,4,28,GrossPhoto,1.435192922529064,A02_TPC RUN2 28 GrossPhoto,A02_TPC RUN2 GrossPhoto,FALSE,FALSE,FALSE
2025-08-02,Tfro,I02_TPC,I02,RUN2,24.37074807,6,4,28,Respiration,0.5687726137258681,I02_TPC RUN2 28 Respiration,I02_TPC RUN2 Respiration,FALSE,FALSE,FALSE
2025-08-02,Tfro,I02_TPC,I02,RUN2,24.37074807,6,4,28,NetPhoto,0.736988618655754,I02_TPC RUN2 28 NetPhoto,I02_TPC RUN2 NetPhoto,FALSE,FALSE,FALSE
2025-08-02,Tfro,I02_TPC,I02,RUN2,24.37074807,6,4,28,GrossPhoto,1.305761232381622,I02_TPC RUN2 28 GrossPhoto,I02_TPC RUN2 GrossPhoto,FALSE,FALSE,FALSE
2025-08-02,Fcom,C02_TPC,C02,RUN2,24.72805304,8,4,28,Respiration,0.6577512952677761,C02_TPC RUN2 28 Respiration,C02_TPC RUN2 Respiration,FALSE,FALSE,FALSE
2025-08-02,Fcom,C02_TPC,C02,RUN2,24.72805304,8,4,28,NetPhoto,1.0161146362591182,C02_TPC RUN2 28 NetPhoto,C02_TPC RUN2 NetPhoto,FALSE,FALSE,FALSE
2025-08-02,Fcom,C02_TPC,C02,RUN2,24.72805304,8,4,28,GrossPhoto,1.6738659315268944,C02_TPC RUN2 28 GrossPhoto,C02_TPC RUN2 GrossPhoto,FALSE,FALSE,FALSE
2025-08-02,Ahya,J02_TPC,J02,RUN2,20.79769841,9,4,28,Respiration,0.3973386517943951,J02_TPC RUN2 28 Respiration,J02_TPC RUN2 Respiration,FALSE,FALSE,FALSE
2025-08-02,Ahya,J02_TPC,J02,RUN2,20.79769841,9,4,28,NetPhoto,0.7254180371299107,J02_TPC RUN2 28 NetPhoto,J02_TPC RUN2 NetPhoto,FALSE,FALSE,FALSE
2025-08-02,Ahya,J02_TPC,J02,RUN2,20.79769841,9,4,28,GrossPhoto,1.122756688924306,J02_TPC RUN2 28 GrossPhoto,J02_TPC RUN2 GrossPhoto,FALSE,FALSE,FALSE
2025-08-02,Mvie,B02_TPC,B02,RUN2,18.64110773,10,4,28,Respiration,0.3979138434145295,B02_TPC RUN2 28 Respiration,B02_TPC RUN2 Respiration,FALSE,FALSE,FALSE
2025-08-02,Mvie,B02_TPC,B02,RUN2,18.64110773,10,4,28,NetPhoto,0.7315883446548238,B02_TPC RUN2 28 NetPhoto,B02_TPC RUN2 NetPhoto,FALSE,FALSE,FALSE
2025-08-02,Mvie,B02_TPC,B02,RUN2,18.64110773,10,4,28,GrossPhoto,1.1295021880693534,B02_TPC RUN2 28 GrossPhoto,B02_TPC RUN2 GrossPhoto,FALSE,FALSE,FALSE
2025-08-02,Maeq,H02_TPC,H02,RUN2,37.79520607,12,4,28,Respiration,0.23995306113174877,H02_TPC RUN2 28 Respiration,H02_TPC RUN2 Respiration,FALSE,FALSE,FALSE
2025-08-02,Maeq,H02_TPC,H02,RUN2,37.79520607,12,4,28,NetPhoto,0.5647260030863965,H02_TPC RUN2 28 NetPhoto,H02_TPC RUN2 NetPhoto,FALSE,FALSE,FALSE
2025-08-02,Maeq,H02_TPC,H02,RUN2,37.79520607,12,4,28,GrossPhoto,0.8046790642181453,H02_TPC RUN2 28 GrossPhoto,H02_TPC RUN2 GrossPhoto,FALSE,FALSE,FALSE
2025-08-03,Peyd,E03_TPC,E03,RUN3,37.62293403,1,4,28,Respiration,0.45319134375783354,E03_TPC RUN3 28 Respiration,E03_TPC RUN3 Respiration,FALSE,FALSE,FALSE
2025-08-03,Peyd,E03_TPC,E03,RUN3,37.62293403,1,4,28,NetPhoto,0.6765693244887427,E03_TPC RUN3 28 NetPhoto,E03_TPC RUN3 NetPhoto,FALSE,FALSE,FALSE
2025-08-03,Peyd,E03_TPC,E03,RUN3,37.62293403,1,4,28,GrossPhoto,1.1297606682465764,E03_TPC RUN3 28 GrossPhoto,E03_TPC RUN3 GrossPhoto,FALSE,FALSE,FALSE
2025-08-03,Tfro,I03_TPC,I03,RUN3,30.56935118,2,4,28,Respiration,0.4493934077343816,I03_TPC RUN3 28 Respiration,I03_TPC RUN3 Respiration,FALSE,FALSE,FALSE
2025-08-03,Tfro,I03_TPC,I03,RUN3,30.56935118,2,4,28,NetPhoto,0.4970597930693409,I03_TPC RUN3 28 NetPhoto,I03_TPC RUN3 NetPhoto,FALSE,FALSE,FALSE
2025-08-03,Tfro,I03_TPC,I03,RUN3,30.56935118,2,4,28,GrossPhoto,0.9464532008037224,I03_TPC RUN3 28 GrossPhoto,I03_TPC RUN3 GrossPhoto,FALSE,FALSE,FALSE
2025-08-03,Pcyl,A03_TPC,A03,RUN3,19.11326072,3,4,28,Respiration,0.6575634058269558,A03_TPC RUN3 28 Respiration,A03_TPC RUN3 Respiration,FALSE,FALSE,FALSE
2025-08-03,Pcyl,A03_TPC,A03,RUN3,19.11326072,3,4,28,NetPhoto,0.8340471289159038,A03_TPC RUN3 28 NetPhoto,A03_TPC RUN3 NetPhoto,FALSE,FALSE,FALSE
2025-08-03,Pcyl,A03_TPC,A03,RUN3,19.11326072,3,4,28,GrossPhoto,1.4916105347428597,A03_TPC RUN3 28 GrossPhoto,A03_TPC RUN3 GrossPhoto,FALSE,FALSE,FALSE
2025-08-03,Maeq,H04_TPC,H04,RUN3,41.64580512,4,4,28,Respiration,0.367495897401393,H04_TPC RUN3 28 Respiration,H04_TPC RUN3 Respiration,FALSE,FALSE,FALSE
2025-08-03,Maeq,H04_TPC,H04,RUN3,41.64580512,4,4,28,NetPhoto,0.6860324374406435,H04_TPC RUN3 28 NetPhoto,H04_TPC RUN3 NetPhoto,FALSE,FALSE,FALSE
2025-08-03,Maeq,H04_TPC,H04,RUN3,41.64580512,4,4,28,GrossPhoto,1.0535283348420363,H04_TPC RUN3 28 GrossPhoto,H04_TPC RUN3 GrossPhoto,FALSE,FALSE,FALSE
2025-08-03,Prug,F03_TPC,F03,RUN3,17.6489484,6,4,28,Respiration,0.5610054860172248,F03_TPC RUN3 28 Respiration,F03_TPC RUN3 Respiration,FALSE,FALSE,FALSE
2025-08-03,Prug,F03_TPC,F03,RUN3,17.6489484,6,4,28,NetPhoto,1.0287155414390703,F03_TPC RUN3 28 NetPhoto,F03_TPC RUN3 NetPhoto,FALSE,FALSE,FALSE
2025-08-03,Prug,F03_TPC,F03,RUN3,17.6489484,6,4,28,GrossPhoto,1.5897210274562954,F03_TPC RUN3 28 GrossPhoto,F03_TPC RUN3 GrossPhoto,FALSE,FALSE,FALSE
2025-08-03,Ahya,J03_TPC,J03,RUN3,29.80688791,7,4,28,Respiration,0.5180182777287746,J03_TPC RUN3 28 Respiration,J03_TPC RUN3 Respiration,FALSE,FALSE,FALSE
2025-08-03,Ahya,J03_TPC,J03,RUN3,29.80688791,7,4,28,NetPhoto,0.8896470270311256,J03_TPC RUN3 28 NetPhoto,J03_TPC RUN3 NetPhoto,FALSE,FALSE,FALSE
2025-08-03,Ahya,J03_TPC,J03,RUN3,29.80688791,7,4,28,GrossPhoto,1.4076653047599,J03_TPC RUN3 28 GrossPhoto,J03_TPC RUN3 GrossPhoto,FALSE,FALSE,FALSE
2025-08-03,Mvie,B03_TPC,B03,RUN3,17.06832783,8,4,28,Respiration,0.5139642780388136,B03_TPC RUN3 28 Respiration,B03_TPC RUN3 Respiration,FALSE,FALSE,FALSE
2025-08-03,Mvie,B03_TPC,B03,RUN3,17.06832783,8,4,28,NetPhoto,0.6906963334003834,B03_TPC RUN3 28 NetPhoto,B03_TPC RUN3 NetPhoto,FALSE,FALSE,FALSE
2025-08-03,Mvie,B03_TPC,B03,RUN3,17.06832783,8,4,28,GrossPhoto,1.2046606114391971,B03_TPC RUN3 28 GrossPhoto,B03_TPC RUN3 GrossPhoto,FALSE,FALSE,FALSE
2025-08-03,Fcom,C03_TPC,C03,RUN3,26.45396363,9,4,28,Respiration,0.7487687234501066,C03_TPC RUN3 28 Respiration,C03_TPC RUN3 Respiration,FALSE,FALSE,FALSE
2025-08-03,Fcom,C03_TPC,C03,RUN3,26.45396363,9,4,28,NetPhoto,1.3690912411788092,C03_TPC RUN3 28 NetPhoto,C03_TPC RUN3 NetPhoto,FALSE,FALSE,FALSE
2025-08-03,Fcom,C03_TPC,C03,RUN3,26.45396363,9,4,28,GrossPhoto,2.1178599646289156,C03_TPC RUN3 28 GrossPhoto,C03_TPC RUN3 GrossPhoto,FALSE,FALSE,FALSE
2025-08-03,Elam,G05_TPC,G05,RUN3,17.26931188,11,4,28,Respiration,0.5761080403074597,G05_TPC RUN3 28 Respiration,G05_TPC RUN3 Respiration,FALSE,FALSE,FALSE
2025-08-03,Elam,G05_TPC,G05,RUN3,17.26931188,11,4,28,NetPhoto,1.3364729371082718,G05_TPC RUN3 28 NetPhoto,G05_TPC RUN3 NetPhoto,FALSE,FALSE,FALSE
2025-08-03,Elam,G05_TPC,G05,RUN3,17.26931188,11,4,28,GrossPhoto,1.9125809774157312,G05_TPC RUN3 28 GrossPhoto,G05_TPC RUN3 GrossPhoto,FALSE,FALSE,FALSE
2025-08-03,Prus,D03_TPC,D03,RUN3,17.32354567,12,4,28,Respiration,0.5937861853308929,D03_TPC RUN3 28 Respiration,D03_TPC RUN3 Respiration,FALSE,FALSE,FALSE
2025-08-03,Prus,D03_TPC,D03,RUN3,17.32354567,12,4,28,NetPhoto,0.7921677136128723,D03_TPC RUN3 28 NetPhoto,D03_TPC RUN3 NetPhoto,FALSE,FALSE,FALSE
2025-08-03,Prus,D03_TPC,D03,RUN3,17.32354567,12,4,28,GrossPhoto,1.3859538989437652,D03_TPC RUN3 28 GrossPhoto,D03_TPC RUN3 GrossPhoto,FALSE,FALSE,FALSE
2025-08-08,Tfro,I06_TPC,I06,RUN4,22.32262496,1,4,28,Respiration,0.2627569633720583,I06_TPC RUN4 28 Respiration,I06_TPC RUN4 Respiration,FALSE,FALSE,FALSE
2025-08-08,Tfro,I06_TPC,I06,RUN4,22.32262496,1,4,28,NetPhoto,0.22137254279738777,I06_TPC RUN4 28 NetPhoto,I06_TPC RUN4 NetPhoto,FALSE,FALSE,FALSE
2025-08-08,Tfro,I06_TPC,I06,RUN4,22.32262496,1,4,28,GrossPhoto,0.48412950616944606,I06_TPC RUN4 28 GrossPhoto,I06_TPC RUN4 GrossPhoto,FALSE,FALSE,FALSE
2025-08-08,Ahya,J06_TPC,J06,RUN4,15.5880644,3,4,28,Respiration,0.08066625818429939,J06_TPC RUN4 28 Respiration,J06_TPC RUN4 Respiration,FALSE,FALSE,FALSE
2025-08-08,Ahya,J06_TPC,J06,RUN4,15.5880644,3,4,28,NetPhoto,0.4523678987701772,J06_TPC RUN4 28 NetPhoto,J06_TPC RUN4 NetPhoto,FALSE,FALSE,FALSE
2025-08-08,Ahya,J06_TPC,J06,RUN4,15.5880644,3,4,28,GrossPhoto,0.5330341569544765,J06_TPC RUN4 28 GrossPhoto,J06_TPC RUN4 GrossPhoto,FALSE,FALSE,FALSE
2025-08-08,Pcyl,A06_TPC,A06,RUN4,17.41606213,4,4,28,Respiration,0.3386022760696368,A06_TPC RUN4 28 Respiration,A06_TPC RUN4 Respiration,FALSE,FALSE,FALSE
2025-08-08,Pcyl,A06_TPC,A06,RUN4,17.41606213,4,4,28,NetPhoto,0.566498364190408,A06_TPC RUN4 28 NetPhoto,A06_TPC RUN4 NetPhoto,FALSE,FALSE,FALSE
2025-08-08,Maeq,H06_TPC,H06,RUN4,24.44093297,5,4,28,Respiration,0.2176324910859361,H06_TPC RUN4 28 Respiration,H06_TPC RUN4 Respiration,FALSE,FALSE,FALSE
2025-08-08,Maeq,H06_TPC,H06,RUN4,24.44093297,5,4,28,NetPhoto,0.2142971149726313,H06_TPC RUN4 28 NetPhoto,H06_TPC RUN4 NetPhoto,FALSE,FALSE,FALSE
2025-08-08,Maeq,H06_TPC,H06,RUN4,24.44093297,5,4,28,GrossPhoto,0.43192960605856734,H06_TPC RUN4 28 GrossPhoto,H06_TPC RUN4 GrossPhoto,FALSE,FALSE,FALSE
2025-08-08,Elam,G06_TPC,G06,RUN4,22.13759203,8,4,28,Respiration,0.29168168845995185,G06_TPC RUN4 28 Respiration,G06_TPC RUN4 Respiration,FALSE,FALSE,FALSE
2025-08-08,Elam,G06_TPC,G06,RUN4,22.13759203,8,4,28,NetPhoto,0.491306658947112,G06_TPC RUN4 28 NetPhoto,G06_TPC RUN4 NetPhoto,FALSE,FALSE,FALSE
2025-08-08,Elam,G06_TPC,G06,RUN4,22.13759203,8,4,28,GrossPhoto,0.7829883474070638,G06_TPC RUN4 28 GrossPhoto,G06_TPC RUN4 GrossPhoto,FALSE,FALSE,FALSE
2025-08-08,Peyd,E06_TPC,E06,RUN4,44.66694621,9,4,28,Respiration,0.6349443807283356,E06_TPC RUN4 28 Respiration,E06_TPC RUN4 Respiration,FALSE,FALSE,FALSE
2025-08-08,Peyd,E06_TPC,E06,RUN4,44.66694621,9,4,28,NetPhoto,0.49934043259953387,E06_TPC RUN4 28 NetPhoto,E06_TPC RUN4 NetPhoto,FALSE,FALSE,FALSE
2025-08-08,Peyd,E06_TPC,E06,RUN4,44.66694621,9,4,28,GrossPhoto,1.1342848133278696,E06_TPC RUN4 28 GrossPhoto,E06_TPC RUN4 GrossPhoto,FALSE,FALSE,FALSE
2025-08-08,Prus,D06_TPC,D06,RUN4,16.312245,10,4,28,Respiration,0.3539074571883235,D06_TPC RUN4 28 Respiration,D06_TPC RUN4 Respiration,FALSE,FALSE,FALSE
2025-08-08,Prus,D06_TPC,D06,RUN4,16.312245,10,4,28,NetPhoto,0.7601034173308043,D06_TPC RUN4 28 NetPhoto,D06_TPC RUN4 NetPhoto,FALSE,FALSE,FALSE
2025-08-08,Prus,D06_TPC,D06,RUN4,16.312245,10,4,28,GrossPhoto,1.1140108745191275,D06_TPC RUN4 28 GrossPhoto,D06_TPC RUN4 GrossPhoto,FALSE,FALSE,FALSE
2025-08-08,Prug,F06_TPC,F06,RUN4,20.08308848,11,4,28,Respiration,0.3224508749720687,F06_TPC RUN4 28 Respiration,F06_TPC RUN4 Respiration,FALSE,FALSE,FALSE
2025-08-08,Prug,F06_TPC,F06,RUN4,20.08308848,11,4,28,NetPhoto,1.1778551011467917,F06_TPC RUN4 28 NetPhoto,F06_TPC RUN4 NetPhoto,FALSE,FALSE,FALSE
2025-08-08,Prug,F06_TPC,F06,RUN4,20.08308848,11,4,28,GrossPhoto,1.5003059761188602,F06_TPC RUN4 28 GrossPhoto,F06_TPC RUN4 GrossPhoto,FALSE,FALSE,FALSE
2025-08-08,Mvie,B06_TPC,B06,RUN4,13.28791369,12,4,28,Respiration,0.2191008643652139,B06_TPC RUN4 28 Respiration,B06_TPC RUN4 Respiration,FALSE,FALSE,FALSE
2025-08-08,Mvie,B06_TPC,B06,RUN4,13.28791369,12,4,28,NetPhoto,0.34268499931502183,B06_TPC RUN4 28 NetPhoto,B06_TPC RUN4 NetPhoto,FALSE,FALSE,FALSE
2025-08-08,Mvie,B06_TPC,B06,RUN4,13.28791369,12,4,28,GrossPhoto,0.5617858636802358,B06_TPC RUN4 28 GrossPhoto,B06_TPC RUN4 GrossPhoto,FALSE,FALSE,FALSE
2025-08-09,Mvie,B07_TPC,B07,RUN5,13.30067458,1,4,28,Respiration,0.4689297476558519,B07_TPC RUN5 28 Respiration,B07_TPC RUN5 Respiration,FALSE,FALSE,FALSE
2025-08-09,Mvie,B07_TPC,B07,RUN5,13.30067458,1,4,28,NetPhoto,0.9664789785111184,B07_TPC RUN5 28 NetPhoto,B07_TPC RUN5 NetPhoto,FALSE,FALSE,FALSE
2025-08-09,Mvie,B07_TPC,B07,RUN5,13.30067458,1,4,28,GrossPhoto,1.4354087261669704,B07_TPC RUN5 28 GrossPhoto,B07_TPC RUN5 GrossPhoto,FALSE,FALSE,FALSE
2025-08-09,Pcyl,A07_TPC,A07,RUN5,13.81749069,2,4,28,Respiration,0.5781828342596435,A07_TPC RUN5 28 Respiration,A07_TPC RUN5 Respiration,FALSE,FALSE,FALSE
2025-08-09,Pcyl,A07_TPC,A07,RUN5,13.81749069,2,4,28,NetPhoto,1.0199731644282093,A07_TPC RUN5 28 NetPhoto,A07_TPC RUN5 NetPhoto,FALSE,FALSE,FALSE
2025-08-09,Pcyl,A07_TPC,A07,RUN5,13.81749069,2,4,28,GrossPhoto,1.5981559986878526,A07_TPC RUN5 28 GrossPhoto,A07_TPC RUN5 GrossPhoto,FALSE,FALSE,FALSE
2025-08-09,Peyd,E07_TPC,E07,RUN5,18.03177515,3,4,28,Respiration,0.5117596497857965,E07_TPC RUN5 28 Respiration,E07_TPC RUN5 Respiration,FALSE,FALSE,FALSE
2025-08-09,Peyd,E07_TPC,E07,RUN5,18.03177515,3,4,28,NetPhoto,1.1083108240207256,E07_TPC RUN5 28 NetPhoto,E07_TPC RUN5 NetPhoto,FALSE,FALSE,FALSE
2025-08-09,Peyd,E07_TPC,E07,RUN5,18.03177515,3,4,28,GrossPhoto,1.620070473806522,E07_TPC RUN5 28 GrossPhoto,E07_TPC RUN5 GrossPhoto,FALSE,FALSE,FALSE
2025-08-09,Ahya,J07_TPC,J07,RUN5,16.49727793,4,4,28,Respiration,0.4554405243960052,J07_TPC RUN5 28 Respiration,J07_TPC RUN5 Respiration,FALSE,FALSE,FALSE
2025-08-09,Ahya,J07_TPC,J07,RUN5,16.49727793,4,4,28,NetPhoto,0.9404342190088316,J07_TPC RUN5 28 NetPhoto,J07_TPC RUN5 NetPhoto,FALSE,FALSE,FALSE
2025-08-09,Ahya,J07_TPC,J07,RUN5,16.49727793,4,4,28,GrossPhoto,1.3958747434048369,J07_TPC RUN5 28 GrossPhoto,J07_TPC RUN5 GrossPhoto,FALSE,FALSE,FALSE
2025-08-09,Fcom,C07_TPC,C07,RUN5,12.85404337,5,4,28,Respiration,0.5419121975011618,C07_TPC RUN5 28 Respiration,C07_TPC RUN5 Respiration,FALSE,FALSE,FALSE
2025-08-09,Fcom,C07_TPC,C07,RUN5,12.85404337,5,4,28,NetPhoto,1.4167032665322643,C07_TPC RUN5 28 NetPhoto,C07_TPC RUN5 NetPhoto,FALSE,FALSE,FALSE
2025-08-09,Fcom,C07_TPC,C07,RUN5,12.85404337,5,4,28,GrossPhoto,1.958615464033426,C07_TPC RUN5 28 GrossPhoto,C07_TPC RUN5 GrossPhoto,FALSE,FALSE,FALSE
2025-08-09,Prug,F07_TPC,F07,RUN5,25.48732609,6,4,28,Respiration,0.4135478903859746,F07_TPC RUN5 28 Respiration,F07_TPC RUN5 Respiration,FALSE,FALSE,FALSE
2025-08-09,Prug,F07_TPC,F07,RUN5,25.48732609,6,4,28,NetPhoto,1.1164636629695308,F07_TPC RUN5 28 NetPhoto,F07_TPC RUN5 NetPhoto,FALSE,FALSE,FALSE
2025-08-09,Prug,F07_TPC,F07,RUN5,25.48732609,6,4,28,GrossPhoto,1.5300115533555054,F07_TPC RUN5 28 GrossPhoto,F07_TPC RUN5 GrossPhoto,FALSE,FALSE,FALSE
2025-08-09,Prus,D07_TPC,D07,RUN5,13.26877235,8,4,28,Respiration,0.6442648046243822,D07_TPC RUN5 28 Respiration,D07_TPC RUN5 Respiration,FALSE,FALSE,FALSE
2025-08-09,Prus,D07_TPC,D07,RUN5,13.26877235,8,4,28,NetPhoto,1.0260110057378866,D07_TPC RUN5 28 NetPhoto,D07_TPC RUN5 NetPhoto,FALSE,FALSE,FALSE
2025-08-09,Prus,D07_TPC,D07,RUN5,13.26877235,8,4,28,GrossPhoto,1.6702758103622688,D07_TPC RUN5 28 GrossPhoto,D07_TPC RUN5 GrossPhoto,FALSE,FALSE,FALSE
2025-08-09,Tfro,I07_TPC,I07,RUN5,10.84739316,9,4,28,Respiration,0.6166936442115386,I07_TPC RUN5 28 Respiration,I07_TPC RUN5 Respiration,FALSE,FALSE,FALSE
2025-08-09,Tfro,I07_TPC,I07,RUN5,10.84739316,9,4,28,NetPhoto,0.7897137066605786,I07_TPC RUN5 28 NetPhoto,I07_TPC RUN5 NetPhoto,FALSE,FALSE,FALSE
2025-08-09,Tfro,I07_TPC,I07,RUN5,10.84739316,9,4,28,GrossPhoto,1.406407350872117,I07_TPC RUN5 28 GrossPhoto,I07_TPC RUN5 GrossPhoto,FALSE,FALSE,FALSE
2025-08-09,Elam,G07_TPC,G07,RUN5,20.22026807,10,4,28,Respiration,0.40639577416858114,G07_TPC RUN5 28 Respiration,G07_TPC RUN5 Respiration,FALSE,FALSE,FALSE
2025-08-09,Elam,G07_TPC,G07,RUN5,20.22026807,10,4,28,NetPhoto,0.8074120266381027,G07_TPC RUN5 28 NetPhoto,G07_TPC RUN5 NetPhoto,FALSE,FALSE,FALSE
2025-08-09,Elam,G07_TPC,G07,RUN5,20.22026807,10,4,28,GrossPhoto,1.213807800806684,G07_TPC RUN5 28 GrossPhoto,G07_TPC RUN5 GrossPhoto,FALSE,FALSE,FALSE
2025-08-09,Maeq,H07_TPC,H07,RUN5,19.99695246,11,4,28,Respiration,0.3071165538872259,H07_TPC RUN5 28 Respiration,H07_TPC RUN5 Respiration,FALSE,FALSE,FALSE
2025-08-09,Maeq,H07_TPC,H07,RUN5,19.99695246,11,4,28,NetPhoto,0.7042832444442158,H07_TPC RUN5 28 NetPhoto,H07_TPC RUN5 NetPhoto,FALSE,FALSE,FALSE
2025-08-09,Maeq,H07_TPC,H07,RUN5,19.99695246,11,4,28,GrossPhoto,1.0113997983314418,H07_TPC RUN5 28 GrossPhoto,H07_TPC RUN5 GrossPhoto,FALSE,FALSE,FALSE
2025-08-10,Mvie,B08_TPC,B08,RUN6,21.71648261,1,4,28,Respiration,0.3371186968944608,B08_TPC RUN6 28 Respiration,B08_TPC RUN6 Respiration,FALSE,FALSE,FALSE
2025-08-10,Mvie,B08_TPC,B08,RUN6,21.71648261,1,4,28,NetPhoto,0.45497704943644185,B08_TPC RUN6 28 NetPhoto,B08_TPC RUN6 NetPhoto,FALSE,FALSE,FALSE
2025-08-10,Mvie,B08_TPC,B08,RUN6,21.71648261,1,4,28,GrossPhoto,0.7920957463309026,B08_TPC RUN6 28 GrossPhoto,B08_TPC RUN6 GrossPhoto,FALSE,FALSE,FALSE
2025-08-10,Maeq,H08_TPC,H08,RUN6,15.57211329,2,4,28,Respiration,0.359584678785993,H08_TPC RUN6 28 Respiration,H08_TPC RUN6 Respiration,FALSE,FALSE,FALSE
2025-08-10,Maeq,H08_TPC,H08,RUN6,15.57211329,2,4,28,NetPhoto,0.45530917080140626,H08_TPC RUN6 28 NetPhoto,H08_TPC RUN6 NetPhoto,FALSE,FALSE,FALSE
2025-08-10,Maeq,H08_TPC,H08,RUN6,15.57211329,2,4,28,GrossPhoto,0.8148938495873992,H08_TPC RUN6 28 GrossPhoto,H08_TPC RUN6 GrossPhoto,FALSE,FALSE,FALSE
2025-08-10,Pcyl,A08_TPC,A08,RUN6,13.2751528,3,4,28,Respiration,0.5401354020749479,A08_TPC RUN6 28 Respiration,A08_TPC RUN6 Respiration,FALSE,FALSE,FALSE
2025-08-10,Pcyl,A08_TPC,A08,RUN6,13.2751528,3,4,28,NetPhoto,1.1515231869920093,A08_TPC RUN6 28 NetPhoto,A08_TPC RUN6 NetPhoto,FALSE,FALSE,FALSE
2025-08-10,Pcyl,A08_TPC,A08,RUN6,13.2751528,3,4,28,GrossPhoto,1.691658589066957,A08_TPC RUN6 28 GrossPhoto,A08_TPC RUN6 GrossPhoto,FALSE,FALSE,FALSE
2025-08-10,Fcom,C08_TPC,C08,RUN6,8.907737636,4,4,28,Respiration,0.23872078720396944,C08_TPC RUN6 28 Respiration,C08_TPC RUN6 Respiration,FALSE,FALSE,FALSE
2025-08-10,Fcom,C08_TPC,C08,RUN6,8.907737636,4,4,28,NetPhoto,0.6696983827540962,C08_TPC RUN6 28 NetPhoto,C08_TPC RUN6 NetPhoto,FALSE,FALSE,FALSE
2025-08-10,Fcom,C08_TPC,C08,RUN6,8.907737636,4,4,28,GrossPhoto,0.9084191699580656,C08_TPC RUN6 28 GrossPhoto,C08_TPC RUN6 GrossPhoto,FALSE,FALSE,FALSE
2025-08-10,Peyd,E08_TPC,E08,RUN6,30.03020351,5,4,28,Respiration,0.5399815314709053,E08_TPC RUN6 28 Respiration,E08_TPC RUN6 Respiration,FALSE,FALSE,FALSE
2025-08-10,Peyd,E08_TPC,E08,RUN6,30.03020351,5,4,28,NetPhoto,0.9445051266489064,E08_TPC RUN6 28 NetPhoto,E08_TPC RUN6 NetPhoto,FALSE,FALSE,FALSE
2025-08-10,Peyd,E08_TPC,E08,RUN6,30.03020351,5,4,28,GrossPhoto,1.484486658119812,E08_TPC RUN6 28 GrossPhoto,E08_TPC RUN6 GrossPhoto,FALSE,FALSE,FALSE
2025-08-10,Prus,D04_TPC,D04,RUN6,15.43174348,6,4,28,Respiration,0.6203764432293746,D04_TPC RUN6 28 Respiration,D04_TPC RUN6 Respiration,FALSE,FALSE,FALSE
2025-08-10,Prus,D04_TPC,D04,RUN6,15.43174348,6,4,28,GrossPhoto,2.0956951880093806,D04_TPC RUN6 28 GrossPhoto,D04_TPC RUN6 GrossPhoto,FALSE,FALSE,FALSE
2025-08-10,Ahya,J08_TPC,J08,RUN6,15.59444485,7,4,28,Respiration,0.2806517089043982,J08_TPC RUN6 28 Respiration,J08_TPC RUN6 Respiration,FALSE,FALSE,FALSE
2025-08-10,Ahya,J08_TPC,J08,RUN6,15.59444485,7,4,28,NetPhoto,0.8078207681060326,J08_TPC RUN6 28 NetPhoto,J08_TPC RUN6 NetPhoto,FALSE,FALSE,FALSE
2025-08-10,Ahya,J08_TPC,J08,RUN6,15.59444485,7,4,28,GrossPhoto,1.0884724770104308,J08_TPC RUN6 28 GrossPhoto,J08_TPC RUN6 GrossPhoto,FALSE,FALSE,FALSE
2025-08-10,Prug,F08_TPC,F08,RUN6,24.85885218,9,4,28,Respiration,0.4793588553103456,F08_TPC RUN6 28 Respiration,F08_TPC RUN6 Respiration,FALSE,FALSE,FALSE
2025-08-10,Prug,F08_TPC,F08,RUN6,24.85885218,9,4,28,NetPhoto,0.9408869475664676,F08_TPC RUN6 28 NetPhoto,F08_TPC RUN6 NetPhoto,FALSE,FALSE,FALSE
2025-08-10,Prug,F08_TPC,F08,RUN6,24.85885218,9,4,28,GrossPhoto,1.4202458028768132,F08_TPC RUN6 28 GrossPhoto,F08_TPC RUN6 GrossPhoto,FALSE,FALSE,FALSE
2025-08-10,Tfro,I08_TPC,I08,RUN6,7.194587934,10,4,28,Respiration,0.5899614904793082,I08_TPC RUN6 28 Respiration,I08_TPC RUN6 Respiration,FALSE,FALSE,FALSE
2025-08-10,Tfro,I08_TPC,I08,RUN6,7.194587934,10,4,28,GrossPhoto,2.060898378278159,I08_TPC RUN6 28 GrossPhoto,I08_TPC RUN6 GrossPhoto,FALSE,FALSE,FALSE
2025-08-10,Elam,G08_TPC,G08,RUN6,22.74054416,12,4,28,Respiration,0.53698207078444,G08_TPC RUN6 28 Respiration,G08_TPC RUN6 Respiration,FALSE,FALSE,FALSE
2025-08-10,Elam,G08_TPC,G08,RUN6,22.74054416,12,4,28,NetPhoto,0.9909627222198524,G08_TPC RUN6 28 NetPhoto,G08_TPC RUN6 NetPhoto,FALSE,FALSE,FALSE
2025-08-10,Elam,G08_TPC,G08,RUN6,22.74054416,12,4,28,GrossPhoto,1.5279447930042924,G08_TPC RUN6 28 GrossPhoto,G08_TPC RUN6 GrossPhoto,FALSE,FALSE,FALSE
2025-08-01,Pcyl,A01_TPC,A01,RUN1,24.72486281,1,5,29,Respiration,0.6397033542413336,A01_TPC RUN1 29 Respiration,A01_TPC RUN1 Respiration,FALSE,FALSE,FALSE
2025-08-01,Pcyl,A01_TPC,A01,RUN1,24.72486281,1,5,29,NetPhoto,0.7933945717770107,A01_TPC RUN1 29 NetPhoto,A01_TPC RUN1 NetPhoto,FALSE,FALSE,FALSE
2025-08-01,Pcyl,A01_TPC,A01,RUN1,24.72486281,1,5,29,GrossPhoto,1.4330979260183443,A01_TPC RUN1 29 GrossPhoto,A01_TPC RUN1 GrossPhoto,FALSE,FALSE,FALSE
2025-08-01,Elam,G01_TPC,G01,RUN1,20.38296944,2,5,29,Respiration,0.5084700225114653,G01_TPC RUN1 29 Respiration,G01_TPC RUN1 Respiration,FALSE,FALSE,FALSE
2025-08-01,Elam,G01_TPC,G01,RUN1,20.38296944,2,5,29,NetPhoto,0.9780933969327652,G01_TPC RUN1 29 NetPhoto,G01_TPC RUN1 NetPhoto,FALSE,FALSE,FALSE
2025-08-01,Elam,G01_TPC,G01,RUN1,20.38296944,2,5,29,GrossPhoto,1.4865634194442308,G01_TPC RUN1 29 GrossPhoto,G01_TPC RUN1 GrossPhoto,FALSE,FALSE,FALSE
2025-08-01,Fcom,C01_TPC,C01,RUN1,23.69761104,3,5,29,Respiration,0.5001991052857744,C01_TPC RUN1 29 Respiration,C01_TPC RUN1 Respiration,FALSE,FALSE,FALSE
2025-08-01,Fcom,C01_TPC,C01,RUN1,23.69761104,3,5,29,NetPhoto,0.8946959982550973,C01_TPC RUN1 29 NetPhoto,C01_TPC RUN1 NetPhoto,FALSE,FALSE,FALSE
2025-08-01,Fcom,C01_TPC,C01,RUN1,23.69761104,3,5,29,GrossPhoto,1.3948951035408717,C01_TPC RUN1 29 GrossPhoto,C01_TPC RUN1 GrossPhoto,FALSE,FALSE,FALSE
2025-08-01,Prug,F01_TPC,F01,RUN1,14.38535037,4,5,29,Respiration,0.34465799781329925,F01_TPC RUN1 29 Respiration,F01_TPC RUN1 Respiration,FALSE,FALSE,FALSE
2025-08-01,Prug,F01_TPC,F01,RUN1,14.38535037,4,5,29,NetPhoto,0.8896653868856603,F01_TPC RUN1 29 NetPhoto,F01_TPC RUN1 NetPhoto,FALSE,FALSE,FALSE
2025-08-01,Prug,F01_TPC,F01,RUN1,14.38535037,4,5,29,GrossPhoto,1.2343233846989596,F01_TPC RUN1 29 GrossPhoto,F01_TPC RUN1 GrossPhoto,FALSE,FALSE,FALSE
2025-08-01,Peyd,E01_TPC,E01,RUN1,33.93822657,5,5,29,Respiration,0.5229133243999975,E01_TPC RUN1 29 Respiration,E01_TPC RUN1 Respiration,FALSE,FALSE,FALSE
2025-08-01,Peyd,E01_TPC,E01,RUN1,33.93822657,5,5,29,NetPhoto,0.7436771422051729,E01_TPC RUN1 29 NetPhoto,E01_TPC RUN1 NetPhoto,FALSE,FALSE,FALSE
2025-08-01,Peyd,E01_TPC,E01,RUN1,33.93822657,5,5,29,GrossPhoto,1.2665904666051704,E01_TPC RUN1 29 GrossPhoto,E01_TPC RUN1 GrossPhoto,FALSE,FALSE,FALSE
2025-08-01,Ahya,J01_TPC,J01,RUN1,16.22929921,7,5,29,Respiration,0.4723570075796484,J01_TPC RUN1 29 Respiration,J01_TPC RUN1 Respiration,FALSE,FALSE,FALSE
2025-08-01,Ahya,J01_TPC,J01,RUN1,16.22929921,7,5,29,NetPhoto,0.7363309664174746,J01_TPC RUN1 29 NetPhoto,J01_TPC RUN1 NetPhoto,FALSE,FALSE,FALSE
2025-08-01,Ahya,J01_TPC,J01,RUN1,16.22929921,7,5,29,GrossPhoto,1.208687973997123,J01_TPC RUN1 29 GrossPhoto,J01_TPC RUN1 GrossPhoto,FALSE,FALSE,FALSE
2025-08-01,Tfro,I01_TPC,I01,RUN1,26.20193602,8,5,29,Respiration,0.5804864078847464,I01_TPC RUN1 29 Respiration,I01_TPC RUN1 Respiration,FALSE,FALSE,FALSE
2025-08-01,Tfro,I01_TPC,I01,RUN1,26.20193602,8,5,29,NetPhoto,0.525178240279445,I01_TPC RUN1 29 NetPhoto,I01_TPC RUN1 NetPhoto,FALSE,FALSE,FALSE
2025-08-01,Tfro,I01_TPC,I01,RUN1,26.20193602,8,5,29,GrossPhoto,1.1056646481641914,I01_TPC RUN1 29 GrossPhoto,I01_TPC RUN1 GrossPhoto,FALSE,FALSE,FALSE
2025-08-01,Mvie,B01_TPC,B01,RUN1,19.26639142,10,5,29,Respiration,0.5194369260725754,B01_TPC RUN1 29 Respiration,B01_TPC RUN1 Respiration,FALSE,FALSE,FALSE
2025-08-01,Mvie,B01_TPC,B01,RUN1,19.26639142,10,5,29,NetPhoto,0.8282776272357654,B01_TPC RUN1 29 NetPhoto,B01_TPC RUN1 NetPhoto,FALSE,FALSE,FALSE
2025-08-01,Mvie,B01_TPC,B01,RUN1,19.26639142,10,5,29,GrossPhoto,1.3477145533083408,B01_TPC RUN1 29 GrossPhoto,B01_TPC RUN1 GrossPhoto,FALSE,FALSE,FALSE
2025-08-01,Maeq,H01_TPC,H01,RUN1,32.84078989,11,5,29,Respiration,0.5910529147151707,H01_TPC RUN1 29 Respiration,H01_TPC RUN1 Respiration,FALSE,FALSE,FALSE
2025-08-01,Maeq,H01_TPC,H01,RUN1,32.84078989,11,5,29,NetPhoto,0.3851265483867898,H01_TPC RUN1 29 NetPhoto,H01_TPC RUN1 NetPhoto,FALSE,FALSE,FALSE
2025-08-01,Maeq,H01_TPC,H01,RUN1,32.84078989,11,5,29,GrossPhoto,0.9761794631019604,H01_TPC RUN1 29 GrossPhoto,H01_TPC RUN1 GrossPhoto,FALSE,FALSE,FALSE
2025-08-01,Prus,D01_TPC,D01,RUN1,28.54674986,12,5,29,Respiration,0.5229635525385153,D01_TPC RUN1 29 Respiration,D01_TPC RUN1 Respiration,FALSE,FALSE,FALSE
2025-08-01,Prus,D01_TPC,D01,RUN1,28.54674986,12,5,29,NetPhoto,0.8421777267129851,D01_TPC RUN1 29 NetPhoto,D01_TPC RUN1 NetPhoto,FALSE,FALSE,FALSE
2025-08-01,Prus,D01_TPC,D01,RUN1,28.54674986,12,5,29,GrossPhoto,1.3651412792515003,D01_TPC RUN1 29 GrossPhoto,D01_TPC RUN1 GrossPhoto,FALSE,FALSE,FALSE
2025-08-02,Elam,G02_TPC,G02,RUN2,16.88329491,1,5,29,Respiration,0.5592256976821104,G02_TPC RUN2 29 Respiration,G02_TPC RUN2 Respiration,FALSE,FALSE,FALSE
2025-08-02,Elam,G02_TPC,G02,RUN2,16.88329491,1,5,29,NetPhoto,1.056995549672971,G02_TPC RUN2 29 NetPhoto,G02_TPC RUN2 NetPhoto,FALSE,FALSE,FALSE
2025-08-02,Elam,G02_TPC,G02,RUN2,16.88329491,1,5,29,GrossPhoto,1.6162212473550814,G02_TPC RUN2 29 GrossPhoto,G02_TPC RUN2 GrossPhoto,FALSE,FALSE,FALSE
2025-08-02,Peyd,E02_TPC,E02,RUN2,34.41995023,2,5,29,Respiration,0.4821459030331217,E02_TPC RUN2 29 Respiration,E02_TPC RUN2 Respiration,FALSE,FALSE,FALSE
2025-08-02,Peyd,E02_TPC,E02,RUN2,34.41995023,2,5,29,NetPhoto,0.8563893262782878,E02_TPC RUN2 29 NetPhoto,E02_TPC RUN2 NetPhoto,FALSE,FALSE,FALSE
2025-08-02,Peyd,E02_TPC,E02,RUN2,34.41995023,2,5,29,GrossPhoto,1.3385352293114094,E02_TPC RUN2 29 GrossPhoto,E02_TPC RUN2 GrossPhoto,FALSE,FALSE,FALSE
2025-08-02,Prug,F04_TPC,F04,RUN2,22.44704366,3,5,29,Respiration,0.5401416598427837,F04_TPC RUN2 29 Respiration,F04_TPC RUN2 Respiration,FALSE,FALSE,FALSE
2025-08-02,Prug,F04_TPC,F04,RUN2,22.44704366,3,5,29,NetPhoto,0.8866650697856019,F04_TPC RUN2 29 NetPhoto,F04_TPC RUN2 NetPhoto,FALSE,FALSE,FALSE
2025-08-02,Prug,F04_TPC,F04,RUN2,22.44704366,3,5,29,GrossPhoto,1.4268067296283855,F04_TPC RUN2 29 GrossPhoto,F04_TPC RUN2 GrossPhoto,FALSE,FALSE,FALSE
2025-08-02,Prus,D02_TPC,D02,RUN2,18.28699298,4,5,29,Respiration,0.6756417833709522,D02_TPC RUN2 29 Respiration,D02_TPC RUN2 Respiration,FALSE,FALSE,FALSE
2025-08-02,Prus,D02_TPC,D02,RUN2,18.28699298,4,5,29,NetPhoto,0.9374078811311478,D02_TPC RUN2 29 NetPhoto,D02_TPC RUN2 NetPhoto,FALSE,FALSE,FALSE
2025-08-02,Prus,D02_TPC,D02,RUN2,18.28699298,4,5,29,GrossPhoto,1.6130496645021,D02_TPC RUN2 29 GrossPhoto,D02_TPC RUN2 GrossPhoto,FALSE,FALSE,FALSE
2025-08-02,Pcyl,A02_TPC,A02,RUN2,19.14835317,5,5,29,Respiration,0.6802601584309138,A02_TPC RUN2 29 Respiration,A02_TPC RUN2 Respiration,FALSE,FALSE,FALSE
2025-08-02,Pcyl,A02_TPC,A02,RUN2,19.14835317,5,5,29,NetPhoto,0.6495714080844025,A02_TPC RUN2 29 NetPhoto,A02_TPC RUN2 NetPhoto,FALSE,FALSE,FALSE
2025-08-02,Pcyl,A02_TPC,A02,RUN2,19.14835317,5,5,29,GrossPhoto,1.3298315665153164,A02_TPC RUN2 29 GrossPhoto,A02_TPC RUN2 GrossPhoto,FALSE,FALSE,FALSE
2025-08-02,Tfro,I02_TPC,I02,RUN2,24.37074807,6,5,29,Respiration,0.5628802711791813,I02_TPC RUN2 29 Respiration,I02_TPC RUN2 Respiration,FALSE,FALSE,FALSE
2025-08-02,Tfro,I02_TPC,I02,RUN2,24.37074807,6,5,29,NetPhoto,0.7499996751919497,I02_TPC RUN2 29 NetPhoto,I02_TPC RUN2 NetPhoto,FALSE,FALSE,FALSE
2025-08-02,Tfro,I02_TPC,I02,RUN2,24.37074807,6,5,29,GrossPhoto,1.312879946371131,I02_TPC RUN2 29 GrossPhoto,I02_TPC RUN2 GrossPhoto,FALSE,FALSE,FALSE
2025-08-02,Fcom,C02_TPC,C02,RUN2,24.72805304,8,5,29,Respiration,0.6135552643271932,C02_TPC RUN2 29 Respiration,C02_TPC RUN2 Respiration,FALSE,FALSE,FALSE
2025-08-02,Fcom,C02_TPC,C02,RUN2,24.72805304,8,5,29,NetPhoto,0.9513665096294868,C02_TPC RUN2 29 NetPhoto,C02_TPC RUN2 NetPhoto,FALSE,FALSE,FALSE
2025-08-02,Fcom,C02_TPC,C02,RUN2,24.72805304,8,5,29,GrossPhoto,1.56492177395668,C02_TPC RUN2 29 GrossPhoto,C02_TPC RUN2 GrossPhoto,FALSE,FALSE,FALSE
2025-08-02,Ahya,J02_TPC,J02,RUN2,20.79769841,9,5,29,Respiration,0.4187769262016071,J02_TPC RUN2 29 Respiration,J02_TPC RUN2 Respiration,FALSE,FALSE,FALSE
2025-08-02,Ahya,J02_TPC,J02,RUN2,20.79769841,9,5,29,NetPhoto,0.6543343780273692,J02_TPC RUN2 29 NetPhoto,J02_TPC RUN2 NetPhoto,FALSE,FALSE,FALSE
2025-08-02,Ahya,J02_TPC,J02,RUN2,20.79769841,9,5,29,GrossPhoto,1.0731113042289762,J02_TPC RUN2 29 GrossPhoto,J02_TPC RUN2 GrossPhoto,FALSE,FALSE,FALSE
2025-08-02,Mvie,B02_TPC,B02,RUN2,18.64110773,10,5,29,Respiration,0.4197414524065527,B02_TPC RUN2 29 Respiration,B02_TPC RUN2 Respiration,FALSE,FALSE,FALSE
2025-08-02,Mvie,B02_TPC,B02,RUN2,18.64110773,10,5,29,NetPhoto,0.7370506858851893,B02_TPC RUN2 29 NetPhoto,B02_TPC RUN2 NetPhoto,FALSE,FALSE,FALSE
2025-08-02,Mvie,B02_TPC,B02,RUN2,18.64110773,10,5,29,GrossPhoto,1.156792138291742,B02_TPC RUN2 29 GrossPhoto,B02_TPC RUN2 GrossPhoto,FALSE,FALSE,FALSE
2025-08-02,Maeq,H02_TPC,H02,RUN2,37.79520607,12,5,29,Respiration,0.23504379321644855,H02_TPC RUN2 29 Respiration,H02_TPC RUN2 Respiration,FALSE,FALSE,FALSE
2025-08-02,Maeq,H02_TPC,H02,RUN2,37.79520607,12,5,29,NetPhoto,0.5175638014769883,H02_TPC RUN2 29 NetPhoto,H02_TPC RUN2 NetPhoto,FALSE,FALSE,FALSE
2025-08-02,Maeq,H02_TPC,H02,RUN2,37.79520607,12,5,29,GrossPhoto,0.7526075946934369,H02_TPC RUN2 29 GrossPhoto,H02_TPC RUN2 GrossPhoto,FALSE,FALSE,FALSE
2025-08-03,Peyd,E03_TPC,E03,RUN3,37.62293403,1,5,29,Respiration,0.4653204007539096,E03_TPC RUN3 29 Respiration,E03_TPC RUN3 Respiration,FALSE,FALSE,FALSE
2025-08-03,Peyd,E03_TPC,E03,RUN3,37.62293403,1,5,29,NetPhoto,0.8042906855208318,E03_TPC RUN3 29 NetPhoto,E03_TPC RUN3 NetPhoto,FALSE,FALSE,FALSE
2025-08-03,Peyd,E03_TPC,E03,RUN3,37.62293403,1,5,29,GrossPhoto,1.2696110862747414,E03_TPC RUN3 29 GrossPhoto,E03_TPC RUN3 GrossPhoto,FALSE,FALSE,FALSE
2025-08-03,Tfro,I03_TPC,I03,RUN3,30.56935118,2,5,29,Respiration,0.4629991971594195,I03_TPC RUN3 29 Respiration,I03_TPC RUN3 Respiration,FALSE,FALSE,FALSE
2025-08-03,Tfro,I03_TPC,I03,RUN3,30.56935118,2,5,29,NetPhoto,0.5034410453719089,I03_TPC RUN3 29 NetPhoto,I03_TPC RUN3 NetPhoto,FALSE,FALSE,FALSE
2025-08-03,Tfro,I03_TPC,I03,RUN3,30.56935118,2,5,29,GrossPhoto,0.9664402425313284,I03_TPC RUN3 29 GrossPhoto,I03_TPC RUN3 GrossPhoto,FALSE,FALSE,FALSE
2025-08-03,Pcyl,A03_TPC,A03,RUN3,19.11326072,3,5,29,Respiration,0.6816827994747006,A03_TPC RUN3 29 Respiration,A03_TPC RUN3 Respiration,FALSE,FALSE,FALSE
2025-08-03,Pcyl,A03_TPC,A03,RUN3,19.11326072,3,5,29,NetPhoto,0.9660219140838712,A03_TPC RUN3 29 NetPhoto,A03_TPC RUN3 NetPhoto,FALSE,FALSE,FALSE
2025-08-03,Pcyl,A03_TPC,A03,RUN3,19.11326072,3,5,29,GrossPhoto,1.6477047135585718,A03_TPC RUN3 29 GrossPhoto,A03_TPC RUN3 GrossPhoto,FALSE,FALSE,FALSE
2025-08-03,Maeq,H04_TPC,H04,RUN3,41.64580512,4,5,29,Respiration,0.3875888575044206,H04_TPC RUN3 29 Respiration,H04_TPC RUN3 Respiration,FALSE,FALSE,FALSE
2025-08-03,Maeq,H04_TPC,H04,RUN3,41.64580512,4,5,29,NetPhoto,0.7004748235016904,H04_TPC RUN3 29 NetPhoto,H04_TPC RUN3 NetPhoto,FALSE,FALSE,FALSE
2025-08-03,Maeq,H04_TPC,H04,RUN3,41.64580512,4,5,29,GrossPhoto,1.088063681006111,H04_TPC RUN3 29 GrossPhoto,H04_TPC RUN3 GrossPhoto,FALSE,FALSE,FALSE
2025-08-03,Prug,F03_TPC,F03,RUN3,17.6489484,6,5,29,Respiration,0.5539164116532602,F03_TPC RUN3 29 Respiration,F03_TPC RUN3 Respiration,FALSE,FALSE,FALSE
2025-08-03,Prug,F03_TPC,F03,RUN3,17.6489484,6,5,29,NetPhoto,1.239426189507402,F03_TPC RUN3 29 NetPhoto,F03_TPC RUN3 NetPhoto,FALSE,FALSE,FALSE
2025-08-03,Prug,F03_TPC,F03,RUN3,17.6489484,6,5,29,GrossPhoto,1.793342601160662,F03_TPC RUN3 29 GrossPhoto,F03_TPC RUN3 GrossPhoto,FALSE,FALSE,FALSE
2025-08-03,Ahya,J03_TPC,J03,RUN3,29.80688791,7,5,29,Respiration,0.5223877141906371,J03_TPC RUN3 29 Respiration,J03_TPC RUN3 Respiration,FALSE,FALSE,FALSE
2025-08-03,Ahya,J03_TPC,J03,RUN3,29.80688791,7,5,29,NetPhoto,0.8624540084695886,J03_TPC RUN3 29 NetPhoto,J03_TPC RUN3 NetPhoto,FALSE,FALSE,FALSE
2025-08-03,Ahya,J03_TPC,J03,RUN3,29.80688791,7,5,29,GrossPhoto,1.3848417226602256,J03_TPC RUN3 29 GrossPhoto,J03_TPC RUN3 GrossPhoto,FALSE,FALSE,FALSE
2025-08-03,Mvie,B03_TPC,B03,RUN3,17.06832783,8,5,29,Respiration,0.5107793406958843,B03_TPC RUN3 29 Respiration,B03_TPC RUN3 Respiration,FALSE,FALSE,FALSE
2025-08-03,Mvie,B03_TPC,B03,RUN3,17.06832783,8,5,29,NetPhoto,0.7160609574887734,B03_TPC RUN3 29 NetPhoto,B03_TPC RUN3 NetPhoto,FALSE,FALSE,FALSE
2025-08-03,Mvie,B03_TPC,B03,RUN3,17.06832783,8,5,29,GrossPhoto,1.2268402981846576,B03_TPC RUN3 29 GrossPhoto,B03_TPC RUN3 GrossPhoto,FALSE,FALSE,FALSE
2025-08-03,Fcom,C03_TPC,C03,RUN3,26.45396363,9,5,29,Respiration,0.7823105411904505,C03_TPC RUN3 29 Respiration,C03_TPC RUN3 Respiration,FALSE,FALSE,FALSE
2025-08-03,Fcom,C03_TPC,C03,RUN3,26.45396363,9,5,29,NetPhoto,1.5100130738472606,C03_TPC RUN3 29 NetPhoto,C03_TPC RUN3 NetPhoto,FALSE,FALSE,FALSE
2025-08-03,Fcom,C03_TPC,C03,RUN3,26.45396363,9,5,29,GrossPhoto,2.292323615037711,C03_TPC RUN3 29 GrossPhoto,C03_TPC RUN3 GrossPhoto,FALSE,FALSE,FALSE
2025-08-03,Elam,G05_TPC,G05,RUN3,17.26931188,11,5,29,Respiration,0.5440056264962974,G05_TPC RUN3 29 Respiration,G05_TPC RUN3 Respiration,FALSE,FALSE,FALSE
2025-08-03,Elam,G05_TPC,G05,RUN3,17.26931188,11,5,29,NetPhoto,1.3484557769948884,G05_TPC RUN3 29 NetPhoto,G05_TPC RUN3 NetPhoto,FALSE,FALSE,FALSE
2025-08-03,Elam,G05_TPC,G05,RUN3,17.26931188,11,5,29,GrossPhoto,1.8924614034911855,G05_TPC RUN3 29 GrossPhoto,G05_TPC RUN3 GrossPhoto,FALSE,FALSE,FALSE
2025-08-03,Prus,D03_TPC,D03,RUN3,17.32354567,12,5,29,Respiration,0.5786807293037085,D03_TPC RUN3 29 Respiration,D03_TPC RUN3 Respiration,FALSE,FALSE,FALSE
2025-08-03,Prus,D03_TPC,D03,RUN3,17.32354567,12,5,29,NetPhoto,0.701881720615272,D03_TPC RUN3 29 NetPhoto,D03_TPC RUN3 NetPhoto,FALSE,FALSE,FALSE
2025-08-03,Prus,D03_TPC,D03,RUN3,17.32354567,12,5,29,GrossPhoto,1.2805624499189805,D03_TPC RUN3 29 GrossPhoto,D03_TPC RUN3 GrossPhoto,FALSE,FALSE,FALSE
2025-08-08,Tfro,I06_TPC,I06,RUN4,22.32262496,1,5,29,Respiration,0.31633465034238567,I06_TPC RUN4 29 Respiration,I06_TPC RUN4 Respiration,FALSE,FALSE,FALSE
2025-08-08,Tfro,I06_TPC,I06,RUN4,22.32262496,1,5,29,NetPhoto,0.25668004301694486,I06_TPC RUN4 29 NetPhoto,I06_TPC RUN4 NetPhoto,FALSE,FALSE,FALSE
2025-08-08,Tfro,I06_TPC,I06,RUN4,22.32262496,1,5,29,GrossPhoto,0.5730146933593305,I06_TPC RUN4 29 GrossPhoto,I06_TPC RUN4 GrossPhoto,FALSE,FALSE,FALSE
2025-08-08,Ahya,J06_TPC,J06,RUN4,15.5880644,3,5,29,Respiration,0.12444324060083362,J06_TPC RUN4 29 Respiration,J06_TPC RUN4 Respiration,FALSE,FALSE,FALSE
2025-08-08,Ahya,J06_TPC,J06,RUN4,15.5880644,3,5,29,NetPhoto,0.518214398808114,J06_TPC RUN4 29 NetPhoto,J06_TPC RUN4 NetPhoto,FALSE,FALSE,FALSE
2025-08-08,Ahya,J06_TPC,J06,RUN4,15.5880644,3,5,29,GrossPhoto,0.6426576394089476,J06_TPC RUN4 29 GrossPhoto,J06_TPC RUN4 GrossPhoto,FALSE,FALSE,FALSE
2025-08-08,Pcyl,A06_TPC,A06,RUN4,17.41606213,4,5,29,Respiration,0.4003999732901478,A06_TPC RUN4 29 Respiration,A06_TPC RUN4 Respiration,FALSE,FALSE,FALSE
2025-08-08,Pcyl,A06_TPC,A06,RUN4,17.41606213,4,5,29,NetPhoto,0.7773469235216511,A06_TPC RUN4 29 NetPhoto,A06_TPC RUN4 NetPhoto,FALSE,FALSE,FALSE
2025-08-08,Pcyl,A06_TPC,A06,RUN4,17.41606213,4,5,29,GrossPhoto,1.177746896811799,A06_TPC RUN4 29 GrossPhoto,A06_TPC RUN4 GrossPhoto,FALSE,FALSE,FALSE
2025-08-08,Maeq,H06_TPC,H06,RUN4,24.44093297,5,5,29,Respiration,0.22540270012522265,H06_TPC RUN4 29 Respiration,H06_TPC RUN4 Respiration,FALSE,FALSE,FALSE
2025-08-08,Maeq,H06_TPC,H06,RUN4,24.44093297,5,5,29,NetPhoto,0.23233066124744345,H06_TPC RUN4 29 NetPhoto,H06_TPC RUN4 NetPhoto,FALSE,FALSE,FALSE
2025-08-08,Maeq,H06_TPC,H06,RUN4,24.44093297,5,5,29,GrossPhoto,0.45773336137266607,H06_TPC RUN4 29 GrossPhoto,H06_TPC RUN4 GrossPhoto,FALSE,FALSE,FALSE
2025-08-08,Elam,G06_TPC,G06,RUN4,22.13759203,8,5,29,Respiration,0.322685078768291,G06_TPC RUN4 29 Respiration,G06_TPC RUN4 Respiration,FALSE,FALSE,FALSE
2025-08-08,Elam,G06_TPC,G06,RUN4,22.13759203,8,5,29,NetPhoto,0.5279827191091083,G06_TPC RUN4 29 NetPhoto,G06_TPC RUN4 NetPhoto,FALSE,FALSE,FALSE
2025-08-08,Elam,G06_TPC,G06,RUN4,22.13759203,8,5,29,GrossPhoto,0.8506677978773993,G06_TPC RUN4 29 GrossPhoto,G06_TPC RUN4 GrossPhoto,FALSE,FALSE,FALSE
2025-08-08,Peyd,E06_TPC,E06,RUN4,44.66694621,9,5,29,Respiration,0.6853167863810438,E06_TPC RUN4 29 Respiration,E06_TPC RUN4 Respiration,FALSE,FALSE,FALSE
2025-08-08,Peyd,E06_TPC,E06,RUN4,44.66694621,9,5,29,NetPhoto,0.5561064631845799,E06_TPC RUN4 29 NetPhoto,E06_TPC RUN4 NetPhoto,FALSE,FALSE,FALSE
2025-08-08,Peyd,E06_TPC,E06,RUN4,44.66694621,9,5,29,GrossPhoto,1.2414232495656237,E06_TPC RUN4 29 GrossPhoto,E06_TPC RUN4 GrossPhoto,FALSE,FALSE,FALSE
2025-08-08,Prus,D06_TPC,D06,RUN4,16.312245,10,5,29,Respiration,0.44322258433001555,D06_TPC RUN4 29 Respiration,D06_TPC RUN4 Respiration,FALSE,FALSE,FALSE
2025-08-08,Prus,D06_TPC,D06,RUN4,16.312245,10,5,29,NetPhoto,0.8314647475147547,D06_TPC RUN4 29 NetPhoto,D06_TPC RUN4 NetPhoto,FALSE,FALSE,FALSE
2025-08-08,Prus,D06_TPC,D06,RUN4,16.312245,10,5,29,GrossPhoto,1.2746873318447702,D06_TPC RUN4 29 GrossPhoto,D06_TPC RUN4 GrossPhoto,FALSE,FALSE,FALSE
2025-08-08,Prug,F06_TPC,F06,RUN4,20.08308848,11,5,29,Respiration,0.31365523116475574,F06_TPC RUN4 29 Respiration,F06_TPC RUN4 Respiration,FALSE,FALSE,FALSE
2025-08-08,Prug,F06_TPC,F06,RUN4,20.08308848,11,5,29,NetPhoto,1.1963224855175134,F06_TPC RUN4 29 NetPhoto,F06_TPC RUN4 NetPhoto,FALSE,FALSE,FALSE
2025-08-08,Prug,F06_TPC,F06,RUN4,20.08308848,11,5,29,GrossPhoto,1.5099777166822692,F06_TPC RUN4 29 GrossPhoto,F06_TPC RUN4 GrossPhoto,FALSE,FALSE,FALSE
2025-08-08,Mvie,B06_TPC,B06,RUN4,13.28791369,12,5,29,NetPhoto,0.5166525774680538,B06_TPC RUN4 29 NetPhoto,B06_TPC RUN4 NetPhoto,FALSE,FALSE,FALSE
2025-08-09,Mvie,B07_TPC,B07,RUN5,13.30067458,1,5,29,Respiration,0.5261836173627679,B07_TPC RUN5 29 Respiration,B07_TPC RUN5 Respiration,FALSE,FALSE,FALSE
2025-08-09,Mvie,B07_TPC,B07,RUN5,13.30067458,1,5,29,NetPhoto,0.8842769289436551,B07_TPC RUN5 29 NetPhoto,B07_TPC RUN5 NetPhoto,FALSE,FALSE,FALSE
2025-08-09,Mvie,B07_TPC,B07,RUN5,13.30067458,1,5,29,GrossPhoto,1.4104605463064228,B07_TPC RUN5 29 GrossPhoto,B07_TPC RUN5 GrossPhoto,FALSE,FALSE,FALSE
2025-08-09,Pcyl,A07_TPC,A07,RUN5,13.81749069,2,5,29,Respiration,0.6351389602214443,A07_TPC RUN5 29 Respiration,A07_TPC RUN5 Respiration,FALSE,FALSE,FALSE
2025-08-09,Pcyl,A07_TPC,A07,RUN5,13.81749069,2,5,29,NetPhoto,1.2290564433657067,A07_TPC RUN5 29 NetPhoto,A07_TPC RUN5 NetPhoto,FALSE,FALSE,FALSE
2025-08-09,Pcyl,A07_TPC,A07,RUN5,13.81749069,2,5,29,GrossPhoto,1.864195403587151,A07_TPC RUN5 29 GrossPhoto,A07_TPC RUN5 GrossPhoto,FALSE,FALSE,FALSE
2025-08-09,Peyd,E07_TPC,E07,RUN5,18.03177515,3,5,29,Respiration,0.5372661894555318,E07_TPC RUN5 29 Respiration,E07_TPC RUN5 Respiration,FALSE,FALSE,FALSE
2025-08-09,Peyd,E07_TPC,E07,RUN5,18.03177515,3,5,29,NetPhoto,1.0562577308361123,E07_TPC RUN5 29 NetPhoto,E07_TPC RUN5 NetPhoto,FALSE,FALSE,FALSE
2025-08-09,Peyd,E07_TPC,E07,RUN5,18.03177515,3,5,29,GrossPhoto,1.593523920291644,E07_TPC RUN5 29 GrossPhoto,E07_TPC RUN5 GrossPhoto,FALSE,FALSE,FALSE
2025-08-09,Ahya,J07_TPC,J07,RUN5,16.49727793,4,5,29,Respiration,0.48475733968947626,J07_TPC RUN5 29 Respiration,J07_TPC RUN5 Respiration,FALSE,FALSE,FALSE
2025-08-09,Ahya,J07_TPC,J07,RUN5,16.49727793,4,5,29,NetPhoto,0.90703981710447,J07_TPC RUN5 29 NetPhoto,J07_TPC RUN5 NetPhoto,FALSE,FALSE,FALSE
2025-08-09,Ahya,J07_TPC,J07,RUN5,16.49727793,4,5,29,GrossPhoto,1.3917971567939462,J07_TPC RUN5 29 GrossPhoto,J07_TPC RUN5 GrossPhoto,FALSE,FALSE,FALSE
2025-08-09,Fcom,C07_TPC,C07,RUN5,12.85404337,5,5,29,Respiration,0.6149286891894847,C07_TPC RUN5 29 Respiration,C07_TPC RUN5 Respiration,FALSE,FALSE,FALSE
2025-08-09,Fcom,C07_TPC,C07,RUN5,12.85404337,5,5,29,NetPhoto,1.3168196140875816,C07_TPC RUN5 29 NetPhoto,C07_TPC RUN5 NetPhoto,FALSE,FALSE,FALSE
2025-08-09,Fcom,C07_TPC,C07,RUN5,12.85404337,5,5,29,GrossPhoto,1.9317483032770664,C07_TPC RUN5 29 GrossPhoto,C07_TPC RUN5 GrossPhoto,FALSE,FALSE,FALSE
2025-08-09,Prug,F07_TPC,F07,RUN5,25.48732609,6,5,29,Respiration,0.7203832536793171,F07_TPC RUN5 29 Respiration,F07_TPC RUN5 Respiration,FALSE,FALSE,FALSE
2025-08-09,Prug,F07_TPC,F07,RUN5,25.48732609,6,5,29,NetPhoto,1.2968876176974378,F07_TPC RUN5 29 NetPhoto,F07_TPC RUN5 NetPhoto,FALSE,FALSE,FALSE
2025-08-09,Prus,D07_TPC,D07,RUN5,13.26877235,8,5,29,Respiration,0.6447525481102233,D07_TPC RUN5 29 Respiration,D07_TPC RUN5 Respiration,FALSE,FALSE,FALSE
2025-08-09,Prus,D07_TPC,D07,RUN5,13.26877235,8,5,29,NetPhoto,0.9849727567095686,D07_TPC RUN5 29 NetPhoto,D07_TPC RUN5 NetPhoto,FALSE,FALSE,FALSE
2025-08-09,Prus,D07_TPC,D07,RUN5,13.26877235,8,5,29,GrossPhoto,1.629725304819792,D07_TPC RUN5 29 GrossPhoto,D07_TPC RUN5 GrossPhoto,FALSE,FALSE,FALSE
2025-08-09,Tfro,I07_TPC,I07,RUN5,10.84739316,9,5,29,Respiration,0.6834315357292343,I07_TPC RUN5 29 Respiration,I07_TPC RUN5 Respiration,FALSE,FALSE,FALSE
2025-08-09,Tfro,I07_TPC,I07,RUN5,10.84739316,9,5,29,NetPhoto,0.7467695755463154,I07_TPC RUN5 29 NetPhoto,I07_TPC RUN5 NetPhoto,FALSE,FALSE,FALSE
2025-08-09,Tfro,I07_TPC,I07,RUN5,10.84739316,9,5,29,GrossPhoto,1.4302011112755495,I07_TPC RUN5 29 GrossPhoto,I07_TPC RUN5 GrossPhoto,FALSE,FALSE,FALSE
2025-08-09,Elam,G07_TPC,G07,RUN5,20.22026807,10,5,29,Respiration,0.38836487349318327,G07_TPC RUN5 29 Respiration,G07_TPC RUN5 Respiration,FALSE,FALSE,FALSE
2025-08-09,Elam,G07_TPC,G07,RUN5,20.22026807,10,5,29,NetPhoto,0.7784952006302078,G07_TPC RUN5 29 NetPhoto,G07_TPC RUN5 NetPhoto,FALSE,FALSE,FALSE
2025-08-09,Elam,G07_TPC,G07,RUN5,20.22026807,10,5,29,GrossPhoto,1.1668600741233912,G07_TPC RUN5 29 GrossPhoto,G07_TPC RUN5 GrossPhoto,FALSE,FALSE,FALSE
2025-08-09,Maeq,H07_TPC,H07,RUN5,19.99695246,11,5,29,Respiration,0.3283850907919386,H07_TPC RUN5 29 Respiration,H07_TPC RUN5 Respiration,FALSE,FALSE,FALSE
2025-08-09,Maeq,H07_TPC,H07,RUN5,19.99695246,11,5,29,NetPhoto,0.6839885609667754,H07_TPC RUN5 29 NetPhoto,H07_TPC RUN5 NetPhoto,FALSE,FALSE,FALSE
2025-08-09,Maeq,H07_TPC,H07,RUN5,19.99695246,11,5,29,GrossPhoto,1.012373651758714,H07_TPC RUN5 29 GrossPhoto,H07_TPC RUN5 GrossPhoto,FALSE,FALSE,FALSE
2025-08-10,Mvie,B08_TPC,B08,RUN6,21.71648261,1,5,29,Respiration,0.3367251670698657,B08_TPC RUN6 29 Respiration,B08_TPC RUN6 Respiration,FALSE,FALSE,FALSE
2025-08-10,Mvie,B08_TPC,B08,RUN6,21.71648261,1,5,29,NetPhoto,0.43460188593188614,B08_TPC RUN6 29 NetPhoto,B08_TPC RUN6 NetPhoto,FALSE,FALSE,FALSE
2025-08-10,Mvie,B08_TPC,B08,RUN6,21.71648261,1,5,29,GrossPhoto,0.7713270530017519,B08_TPC RUN6 29 GrossPhoto,B08_TPC RUN6 GrossPhoto,FALSE,FALSE,FALSE
2025-08-10,Maeq,H08_TPC,H08,RUN6,15.57211329,2,5,29,Respiration,0.37592150932832097,H08_TPC RUN6 29 Respiration,H08_TPC RUN6 Respiration,FALSE,FALSE,FALSE
2025-08-10,Maeq,H08_TPC,H08,RUN6,15.57211329,2,5,29,NetPhoto,0.43955989919961175,H08_TPC RUN6 29 NetPhoto,H08_TPC RUN6 NetPhoto,FALSE,FALSE,FALSE
2025-08-10,Maeq,H08_TPC,H08,RUN6,15.57211329,2,5,29,GrossPhoto,0.8154814085279327,H08_TPC RUN6 29 GrossPhoto,H08_TPC RUN6 GrossPhoto,FALSE,FALSE,FALSE
2025-08-10,Pcyl,A08_TPC,A08,RUN6,13.2751528,3,5,29,Respiration,0.5928519868928693,A08_TPC RUN6 29 Respiration,A08_TPC RUN6 Respiration,FALSE,FALSE,FALSE
2025-08-10,Pcyl,A08_TPC,A08,RUN6,13.2751528,3,5,29,NetPhoto,1.1241663276838654,A08_TPC RUN6 29 NetPhoto,A08_TPC RUN6 NetPhoto,FALSE,FALSE,FALSE
2025-08-10,Pcyl,A08_TPC,A08,RUN6,13.2751528,3,5,29,GrossPhoto,1.7170183145767348,A08_TPC RUN6 29 GrossPhoto,A08_TPC RUN6 GrossPhoto,FALSE,FALSE,FALSE
2025-08-10,Fcom,C08_TPC,C08,RUN6,8.907737636,4,5,29,Respiration,0.28097918526019583,C08_TPC RUN6 29 Respiration,C08_TPC RUN6 Respiration,FALSE,FALSE,FALSE
2025-08-10,Fcom,C08_TPC,C08,RUN6,8.907737636,4,5,29,NetPhoto,0.6740714151541488,C08_TPC RUN6 29 NetPhoto,C08_TPC RUN6 NetPhoto,FALSE,FALSE,FALSE
2025-08-10,Fcom,C08_TPC,C08,RUN6,8.907737636,4,5,29,GrossPhoto,0.9550506004143446,C08_TPC RUN6 29 GrossPhoto,C08_TPC RUN6 GrossPhoto,FALSE,FALSE,FALSE
2025-08-10,Peyd,E08_TPC,E08,RUN6,30.03020351,5,5,29,Respiration,0.6180829797529608,E08_TPC RUN6 29 Respiration,E08_TPC RUN6 Respiration,FALSE,FALSE,FALSE
2025-08-10,Peyd,E08_TPC,E08,RUN6,30.03020351,5,5,29,NetPhoto,0.9134001269622308,E08_TPC RUN6 29 NetPhoto,E08_TPC RUN6 NetPhoto,FALSE,FALSE,FALSE
2025-08-10,Peyd,E08_TPC,E08,RUN6,30.03020351,5,5,29,GrossPhoto,1.5314831067151915,E08_TPC RUN6 29 GrossPhoto,E08_TPC RUN6 GrossPhoto,FALSE,FALSE,FALSE
2025-08-10,Prus,D04_TPC,D04,RUN6,15.43174348,6,5,29,Respiration,0.6257462673114653,D04_TPC RUN6 29 Respiration,D04_TPC RUN6 Respiration,FALSE,FALSE,FALSE
2025-08-10,Prus,D04_TPC,D04,RUN6,15.43174348,6,5,29,GrossPhoto,2.027834506108462,D04_TPC RUN6 29 GrossPhoto,D04_TPC RUN6 GrossPhoto,FALSE,FALSE,FALSE
2025-08-10,Ahya,J08_TPC,J08,RUN6,15.59444485,7,5,29,Respiration,0.32214594675187325,J08_TPC RUN6 29 Respiration,J08_TPC RUN6 Respiration,FALSE,FALSE,FALSE
2025-08-10,Ahya,J08_TPC,J08,RUN6,15.59444485,7,5,29,NetPhoto,0.7756692185678995,J08_TPC RUN6 29 NetPhoto,J08_TPC RUN6 NetPhoto,FALSE,FALSE,FALSE
2025-08-10,Ahya,J08_TPC,J08,RUN6,15.59444485,7,5,29,GrossPhoto,1.0978151653197727,J08_TPC RUN6 29 GrossPhoto,J08_TPC RUN6 GrossPhoto,FALSE,FALSE,FALSE
2025-08-10,Prug,F08_TPC,F08,RUN6,24.85885218,9,5,29,Respiration,0.5577451272169447,F08_TPC RUN6 29 Respiration,F08_TPC RUN6 Respiration,FALSE,FALSE,FALSE
2025-08-10,Prug,F08_TPC,F08,RUN6,24.85885218,9,5,29,NetPhoto,0.9189752653993024,F08_TPC RUN6 29 NetPhoto,F08_TPC RUN6 NetPhoto,FALSE,FALSE,FALSE
2025-08-10,Prug,F08_TPC,F08,RUN6,24.85885218,9,5,29,GrossPhoto,1.476720392616247,F08_TPC RUN6 29 GrossPhoto,F08_TPC RUN6 GrossPhoto,FALSE,FALSE,FALSE
2025-08-10,Tfro,I08_TPC,I08,RUN6,7.194587934,10,5,29,Respiration,0.6761406695381361,I08_TPC RUN6 29 Respiration,I08_TPC RUN6 Respiration,FALSE,FALSE,FALSE
2025-08-10,Tfro,I08_TPC,I08,RUN6,7.194587934,10,5,29,GrossPhoto,2.0087509817101976,I08_TPC RUN6 29 GrossPhoto,I08_TPC RUN6 GrossPhoto,FALSE,FALSE,FALSE
2025-08-10,Elam,G08_TPC,G08,RUN6,22.74054416,12,5,29,Respiration,0.5934222303209616,G08_TPC RUN6 29 Respiration,G08_TPC RUN6 Respiration,FALSE,FALSE,FALSE
2025-08-10,Elam,G08_TPC,G08,RUN6,22.74054416,12,5,29,NetPhoto,1.0389175891259987,G08_TPC RUN6 29 NetPhoto,G08_TPC RUN6 NetPhoto,FALSE,FALSE,FALSE
2025-08-10,Elam,G08_TPC,G08,RUN6,22.74054416,12,5,29,GrossPhoto,1.6323398194469605,G08_TPC RUN6 29 GrossPhoto,G08_TPC RUN6 GrossPhoto,FALSE,FALSE,FALSE
2025-08-01,Pcyl,A01_TPC,A01,RUN1,24.72486281,1,6,30,Respiration,0.6777715166848127,A01_TPC RUN1 30 Respiration,A01_TPC RUN1 Respiration,FALSE,FALSE,FALSE
2025-08-01,Pcyl,A01_TPC,A01,RUN1,24.72486281,1,6,30,NetPhoto,0.8602215524474749,A01_TPC RUN1 30 NetPhoto,A01_TPC RUN1 NetPhoto,FALSE,FALSE,FALSE
2025-08-01,Pcyl,A01_TPC,A01,RUN1,24.72486281,1,6,30,GrossPhoto,1.5379930691322876,A01_TPC RUN1 30 GrossPhoto,A01_TPC RUN1 GrossPhoto,FALSE,FALSE,FALSE
2025-08-01,Elam,G01_TPC,G01,RUN1,20.38296944,2,6,30,Respiration,0.5730775293457591,G01_TPC RUN1 30 Respiration,G01_TPC RUN1 Respiration,FALSE,FALSE,FALSE
2025-08-01,Elam,G01_TPC,G01,RUN1,20.38296944,2,6,30,NetPhoto,0.9734766139068476,G01_TPC RUN1 30 NetPhoto,G01_TPC RUN1 NetPhoto,FALSE,FALSE,FALSE
2025-08-01,Elam,G01_TPC,G01,RUN1,20.38296944,2,6,30,GrossPhoto,1.5465541432526069,G01_TPC RUN1 30 GrossPhoto,G01_TPC RUN1 GrossPhoto,FALSE,FALSE,FALSE
2025-08-01,Fcom,C01_TPC,C01,RUN1,23.69761104,3,6,30,Respiration,0.512113912195273,C01_TPC RUN1 30 Respiration,C01_TPC RUN1 Respiration,FALSE,FALSE,FALSE
2025-08-01,Fcom,C01_TPC,C01,RUN1,23.69761104,3,6,30,NetPhoto,0.8549114327151912,C01_TPC RUN1 30 NetPhoto,C01_TPC RUN1 NetPhoto,FALSE,FALSE,FALSE
2025-08-01,Fcom,C01_TPC,C01,RUN1,23.69761104,3,6,30,GrossPhoto,1.367025344910464,C01_TPC RUN1 30 GrossPhoto,C01_TPC RUN1 GrossPhoto,FALSE,FALSE,FALSE
2025-08-01,Prug,F01_TPC,F01,RUN1,14.38535037,4,6,30,Respiration,0.3889118199691582,F01_TPC RUN1 30 Respiration,F01_TPC RUN1 Respiration,FALSE,FALSE,FALSE
2025-08-01,Prug,F01_TPC,F01,RUN1,14.38535037,4,6,30,NetPhoto,0.8689552613239299,F01_TPC RUN1 30 NetPhoto,F01_TPC RUN1 NetPhoto,FALSE,FALSE,FALSE
2025-08-01,Prug,F01_TPC,F01,RUN1,14.38535037,4,6,30,GrossPhoto,1.257867081293088,F01_TPC RUN1 30 GrossPhoto,F01_TPC RUN1 GrossPhoto,FALSE,FALSE,FALSE
2025-08-01,Peyd,E01_TPC,E01,RUN1,33.93822657,5,6,30,Respiration,0.5560722209900961,E01_TPC RUN1 30 Respiration,E01_TPC RUN1 Respiration,FALSE,FALSE,FALSE
2025-08-01,Peyd,E01_TPC,E01,RUN1,33.93822657,5,6,30,NetPhoto,0.714996428618194,E01_TPC RUN1 30 NetPhoto,E01_TPC RUN1 NetPhoto,FALSE,FALSE,FALSE
2025-08-01,Peyd,E01_TPC,E01,RUN1,33.93822657,5,6,30,GrossPhoto,1.27106864960829,E01_TPC RUN1 30 GrossPhoto,E01_TPC RUN1 GrossPhoto,FALSE,FALSE,FALSE
2025-08-01,Ahya,J01_TPC,J01,RUN1,16.22929921,7,6,30,Respiration,0.5099650091026766,J01_TPC RUN1 30 Respiration,J01_TPC RUN1 Respiration,FALSE,FALSE,FALSE
2025-08-01,Ahya,J01_TPC,J01,RUN1,16.22929921,7,6,30,NetPhoto,0.8059702458451062,J01_TPC RUN1 30 NetPhoto,J01_TPC RUN1 NetPhoto,FALSE,FALSE,FALSE
2025-08-01,Ahya,J01_TPC,J01,RUN1,16.22929921,7,6,30,GrossPhoto,1.315935254947783,J01_TPC RUN1 30 GrossPhoto,J01_TPC RUN1 GrossPhoto,FALSE,FALSE,FALSE
2025-08-01,Tfro,I01_TPC,I01,RUN1,26.20193602,8,6,30,Respiration,0.6242857496890495,I01_TPC RUN1 30 Respiration,I01_TPC RUN1 Respiration,FALSE,FALSE,FALSE
2025-08-01,Tfro,I01_TPC,I01,RUN1,26.20193602,8,6,30,NetPhoto,0.5123422213225604,I01_TPC RUN1 30 NetPhoto,I01_TPC RUN1 NetPhoto,FALSE,FALSE,FALSE
2025-08-01,Tfro,I01_TPC,I01,RUN1,26.20193602,8,6,30,GrossPhoto,1.1366279710116098,I01_TPC RUN1 30 GrossPhoto,I01_TPC RUN1 GrossPhoto,FALSE,FALSE,FALSE
2025-08-01,Mvie,B01_TPC,B01,RUN1,19.26639142,10,6,30,Respiration,0.5612783848890817,B01_TPC RUN1 30 Respiration,B01_TPC RUN1 Respiration,FALSE,FALSE,FALSE
2025-08-01,Mvie,B01_TPC,B01,RUN1,19.26639142,10,6,30,NetPhoto,0.8691880571409181,B01_TPC RUN1 30 NetPhoto,B01_TPC RUN1 NetPhoto,FALSE,FALSE,FALSE
2025-08-01,Mvie,B01_TPC,B01,RUN1,19.26639142,10,6,30,GrossPhoto,1.4304664420299995,B01_TPC RUN1 30 GrossPhoto,B01_TPC RUN1 GrossPhoto,FALSE,FALSE,FALSE
2025-08-01,Maeq,H01_TPC,H01,RUN1,32.84078989,11,6,30,Respiration,0.6063168934468249,H01_TPC RUN1 30 Respiration,H01_TPC RUN1 Respiration,FALSE,FALSE,FALSE
2025-08-01,Maeq,H01_TPC,H01,RUN1,32.84078989,11,6,30,NetPhoto,0.4126117220727218,H01_TPC RUN1 30 NetPhoto,H01_TPC RUN1 NetPhoto,FALSE,FALSE,FALSE
2025-08-01,Maeq,H01_TPC,H01,RUN1,32.84078989,11,6,30,GrossPhoto,1.0189286155195467,H01_TPC RUN1 30 GrossPhoto,H01_TPC RUN1 GrossPhoto,FALSE,FALSE,FALSE
2025-08-01,Prus,D01_TPC,D01,RUN1,28.54674986,12,6,30,Respiration,0.6223021335103052,D01_TPC RUN1 30 Respiration,D01_TPC RUN1 Respiration,FALSE,FALSE,FALSE
2025-08-01,Prus,D01_TPC,D01,RUN1,28.54674986,12,6,30,NetPhoto,0.9082498769802072,D01_TPC RUN1 30 NetPhoto,D01_TPC RUN1 NetPhoto,FALSE,FALSE,FALSE
2025-08-01,Prus,D01_TPC,D01,RUN1,28.54674986,12,6,30,GrossPhoto,1.5305520104905126,D01_TPC RUN1 30 GrossPhoto,D01_TPC RUN1 GrossPhoto,FALSE,FALSE,FALSE
2025-08-02,Elam,G02_TPC,G02,RUN2,16.88329491,1,6,30,Respiration,0.6294630343330638,G02_TPC RUN2 30 Respiration,G02_TPC RUN2 Respiration,FALSE,FALSE,FALSE
2025-08-02,Elam,G02_TPC,G02,RUN2,16.88329491,1,6,30,NetPhoto,0.9885520132995638,G02_TPC RUN2 30 NetPhoto,G02_TPC RUN2 NetPhoto,FALSE,FALSE,FALSE
2025-08-02,Elam,G02_TPC,G02,RUN2,16.88329491,1,6,30,GrossPhoto,1.6180150476326276,G02_TPC RUN2 30 GrossPhoto,G02_TPC RUN2 GrossPhoto,FALSE,FALSE,FALSE
2025-08-02,Peyd,E02_TPC,E02,RUN2,34.41995023,2,6,30,Respiration,0.5452949602584597,E02_TPC RUN2 30 Respiration,E02_TPC RUN2 Respiration,FALSE,FALSE,FALSE
2025-08-02,Peyd,E02_TPC,E02,RUN2,34.41995023,2,6,30,NetPhoto,0.828453502677186,E02_TPC RUN2 30 NetPhoto,E02_TPC RUN2 NetPhoto,FALSE,FALSE,FALSE
2025-08-02,Peyd,E02_TPC,E02,RUN2,34.41995023,2,6,30,GrossPhoto,1.3737484629356458,E02_TPC RUN2 30 GrossPhoto,E02_TPC RUN2 GrossPhoto,FALSE,FALSE,FALSE
2025-08-02,Prug,F04_TPC,F04,RUN2,22.44704366,3,6,30,Respiration,0.6048452294079542,F04_TPC RUN2 30 Respiration,F04_TPC RUN2 Respiration,FALSE,FALSE,FALSE
2025-08-02,Prug,F04_TPC,F04,RUN2,22.44704366,3,6,30,NetPhoto,0.8970740698716602,F04_TPC RUN2 30 NetPhoto,F04_TPC RUN2 NetPhoto,FALSE,FALSE,FALSE
2025-08-02,Prug,F04_TPC,F04,RUN2,22.44704366,3,6,30,GrossPhoto,1.5019192992796144,F04_TPC RUN2 30 GrossPhoto,F04_TPC RUN2 GrossPhoto,FALSE,FALSE,FALSE
2025-08-02,Prus,D02_TPC,D02,RUN2,18.28699298,4,6,30,Respiration,0.7659215379886479,D02_TPC RUN2 30 Respiration,D02_TPC RUN2 Respiration,FALSE,FALSE,FALSE
2025-08-02,Prus,D02_TPC,D02,RUN2,18.28699298,4,6,30,NetPhoto,0.7911015564557237,D02_TPC RUN2 30 NetPhoto,D02_TPC RUN2 NetPhoto,FALSE,FALSE,FALSE
2025-08-02,Prus,D02_TPC,D02,RUN2,18.28699298,4,6,30,GrossPhoto,1.5570230944443717,D02_TPC RUN2 30 GrossPhoto,D02_TPC RUN2 GrossPhoto,FALSE,FALSE,FALSE
2025-08-02,Pcyl,A02_TPC,A02,RUN2,19.14835317,5,6,30,Respiration,0.7503418954086936,A02_TPC RUN2 30 Respiration,A02_TPC RUN2 Respiration,FALSE,FALSE,FALSE
2025-08-02,Pcyl,A02_TPC,A02,RUN2,19.14835317,5,6,30,NetPhoto,0.6367890320716595,A02_TPC RUN2 30 NetPhoto,A02_TPC RUN2 NetPhoto,FALSE,FALSE,FALSE
2025-08-02,Pcyl,A02_TPC,A02,RUN2,19.14835317,5,6,30,GrossPhoto,1.387130927480353,A02_TPC RUN2 30 GrossPhoto,A02_TPC RUN2 GrossPhoto,FALSE,FALSE,FALSE
2025-08-02,Tfro,I02_TPC,I02,RUN2,24.37074807,6,6,30,Respiration,0.6039468410835361,I02_TPC RUN2 30 Respiration,I02_TPC RUN2 Respiration,FALSE,FALSE,FALSE
2025-08-02,Tfro,I02_TPC,I02,RUN2,24.37074807,6,6,30,NetPhoto,0.6685442589358044,I02_TPC RUN2 30 NetPhoto,I02_TPC RUN2 NetPhoto,FALSE,FALSE,FALSE
2025-08-02,Tfro,I02_TPC,I02,RUN2,24.37074807,6,6,30,GrossPhoto,1.2724911000193404,I02_TPC RUN2 30 GrossPhoto,I02_TPC RUN2 GrossPhoto,FALSE,FALSE,FALSE
2025-08-02,Fcom,C02_TPC,C02,RUN2,24.72805304,8,6,30,Respiration,0.7004524309833047,C02_TPC RUN2 30 Respiration,C02_TPC RUN2 Respiration,FALSE,FALSE,FALSE
2025-08-02,Fcom,C02_TPC,C02,RUN2,24.72805304,8,6,30,NetPhoto,0.9460693521682104,C02_TPC RUN2 30 NetPhoto,C02_TPC RUN2 NetPhoto,FALSE,FALSE,FALSE
2025-08-02,Fcom,C02_TPC,C02,RUN2,24.72805304,8,6,30,GrossPhoto,1.646521783151515,C02_TPC RUN2 30 GrossPhoto,C02_TPC RUN2 GrossPhoto,FALSE,FALSE,FALSE
2025-08-02,Ahya,J02_TPC,J02,RUN2,20.79769841,9,6,30,Respiration,0.4703973081309686,J02_TPC RUN2 30 Respiration,J02_TPC RUN2 Respiration,FALSE,FALSE,FALSE
2025-08-02,Ahya,J02_TPC,J02,RUN2,20.79769841,9,6,30,NetPhoto,0.6128479110442052,J02_TPC RUN2 30 NetPhoto,J02_TPC RUN2 NetPhoto,FALSE,FALSE,FALSE
2025-08-02,Ahya,J02_TPC,J02,RUN2,20.79769841,9,6,30,GrossPhoto,1.0832452191751738,J02_TPC RUN2 30 GrossPhoto,J02_TPC RUN2 GrossPhoto,FALSE,FALSE,FALSE
2025-08-02,Mvie,B02_TPC,B02,RUN2,18.64110773,10,6,30,Respiration,0.4739154100860068,B02_TPC RUN2 30 Respiration,B02_TPC RUN2 Respiration,FALSE,FALSE,FALSE
2025-08-02,Mvie,B02_TPC,B02,RUN2,18.64110773,10,6,30,NetPhoto,0.6507197439648953,B02_TPC RUN2 30 NetPhoto,B02_TPC RUN2 NetPhoto,FALSE,FALSE,FALSE
2025-08-02,Mvie,B02_TPC,B02,RUN2,18.64110773,10,6,30,GrossPhoto,1.124635154050902,B02_TPC RUN2 30 GrossPhoto,B02_TPC RUN2 GrossPhoto,FALSE,FALSE,FALSE
2025-08-02,Maeq,H02_TPC,H02,RUN2,37.79520607,12,6,30,Respiration,0.29444733160095593,H02_TPC RUN2 30 Respiration,H02_TPC RUN2 Respiration,FALSE,FALSE,FALSE
2025-08-02,Maeq,H02_TPC,H02,RUN2,37.79520607,12,6,30,NetPhoto,0.5319268505191989,H02_TPC RUN2 30 NetPhoto,H02_TPC RUN2 NetPhoto,FALSE,FALSE,FALSE
2025-08-02,Maeq,H02_TPC,H02,RUN2,37.79520607,12,6,30,GrossPhoto,0.8263741821201548,H02_TPC RUN2 30 GrossPhoto,H02_TPC RUN2 GrossPhoto,FALSE,FALSE,FALSE
2025-08-03,Peyd,E03_TPC,E03,RUN3,37.62293403,1,6,30,Respiration,0.5033749189651976,E03_TPC RUN3 30 Respiration,E03_TPC RUN3 Respiration,FALSE,FALSE,FALSE
2025-08-03,Peyd,E03_TPC,E03,RUN3,37.62293403,1,6,30,NetPhoto,0.7149518446268857,E03_TPC RUN3 30 NetPhoto,E03_TPC RUN3 NetPhoto,FALSE,FALSE,FALSE
2025-08-03,Peyd,E03_TPC,E03,RUN3,37.62293403,1,6,30,GrossPhoto,1.2183267635920831,E03_TPC RUN3 30 GrossPhoto,E03_TPC RUN3 GrossPhoto,FALSE,FALSE,FALSE
2025-08-03,Tfro,I03_TPC,I03,RUN3,30.56935118,2,6,30,Respiration,0.5166777127555671,I03_TPC RUN3 30 Respiration,I03_TPC RUN3 Respiration,FALSE,FALSE,FALSE
2025-08-03,Tfro,I03_TPC,I03,RUN3,30.56935118,2,6,30,NetPhoto,0.48272191988204866,I03_TPC RUN3 30 NetPhoto,I03_TPC RUN3 NetPhoto,FALSE,FALSE,FALSE
2025-08-03,Tfro,I03_TPC,I03,RUN3,30.56935118,2,6,30,GrossPhoto,0.9993996326376158,I03_TPC RUN3 30 GrossPhoto,I03_TPC RUN3 GrossPhoto,FALSE,FALSE,FALSE
2025-08-03,Pcyl,A03_TPC,A03,RUN3,19.11326072,3,6,30,Respiration,0.6847951811583466,A03_TPC RUN3 30 Respiration,A03_TPC RUN3 Respiration,FALSE,FALSE,FALSE
2025-08-03,Pcyl,A03_TPC,A03,RUN3,19.11326072,3,6,30,NetPhoto,0.8291169194567284,A03_TPC RUN3 30 NetPhoto,A03_TPC RUN3 NetPhoto,FALSE,FALSE,FALSE
2025-08-03,Pcyl,A03_TPC,A03,RUN3,19.11326072,3,6,30,GrossPhoto,1.5139121006150749,A03_TPC RUN3 30 GrossPhoto,A03_TPC RUN3 GrossPhoto,FALSE,FALSE,FALSE
2025-08-03,Maeq,H04_TPC,H04,RUN3,41.64580512,4,6,30,Respiration,0.4133398909509207,H04_TPC RUN3 30 Respiration,H04_TPC RUN3 Respiration,FALSE,FALSE,FALSE
2025-08-03,Maeq,H04_TPC,H04,RUN3,41.64580512,4,6,30,NetPhoto,0.6618796507186878,H04_TPC RUN3 30 NetPhoto,H04_TPC RUN3 NetPhoto,FALSE,FALSE,FALSE
2025-08-03,Maeq,H04_TPC,H04,RUN3,41.64580512,4,6,30,GrossPhoto,1.0752195416696084,H04_TPC RUN3 30 GrossPhoto,H04_TPC RUN3 GrossPhoto,FALSE,FALSE,FALSE
2025-08-03,Prug,F03_TPC,F03,RUN3,17.6489484,6,6,30,Respiration,0.6058378551765468,F03_TPC RUN3 30 Respiration,F03_TPC RUN3 Respiration,FALSE,FALSE,FALSE
2025-08-03,Prug,F03_TPC,F03,RUN3,17.6489484,6,6,30,NetPhoto,1.09142067809904,F03_TPC RUN3 30 NetPhoto,F03_TPC RUN3 NetPhoto,FALSE,FALSE,FALSE
2025-08-03,Prug,F03_TPC,F03,RUN3,17.6489484,6,6,30,GrossPhoto,1.697258533275587,F03_TPC RUN3 30 GrossPhoto,F03_TPC RUN3 GrossPhoto,FALSE,FALSE,FALSE
2025-08-03,Ahya,J03_TPC,J03,RUN3,29.80688791,7,6,30,Respiration,0.587243959392857,J03_TPC RUN3 30 Respiration,J03_TPC RUN3 Respiration,FALSE,FALSE,FALSE
2025-08-03,Ahya,J03_TPC,J03,RUN3,29.80688791,7,6,30,NetPhoto,0.8857348441943705,J03_TPC RUN3 30 NetPhoto,J03_TPC RUN3 NetPhoto,FALSE,FALSE,FALSE
2025-08-03,Ahya,J03_TPC,J03,RUN3,29.80688791,7,6,30,GrossPhoto,1.4729788035872275,J03_TPC RUN3 30 GrossPhoto,J03_TPC RUN3 GrossPhoto,FALSE,FALSE,FALSE
2025-08-03,Mvie,B03_TPC,B03,RUN3,17.06832783,8,6,30,Respiration,0.5652538154677542,B03_TPC RUN3 30 Respiration,B03_TPC RUN3 Respiration,FALSE,FALSE,FALSE
2025-08-03,Mvie,B03_TPC,B03,RUN3,17.06832783,8,6,30,NetPhoto,0.6905880977990274,B03_TPC RUN3 30 NetPhoto,B03_TPC RUN3 NetPhoto,FALSE,FALSE,FALSE
2025-08-03,Mvie,B03_TPC,B03,RUN3,17.06832783,8,6,30,GrossPhoto,1.2558419132667815,B03_TPC RUN3 30 GrossPhoto,B03_TPC RUN3 GrossPhoto,FALSE,FALSE,FALSE
2025-08-03,Fcom,C03_TPC,C03,RUN3,26.45396363,9,6,30,Respiration,0.797769759337325,C03_TPC RUN3 30 Respiration,C03_TPC RUN3 Respiration,FALSE,FALSE,FALSE
2025-08-03,Fcom,C03_TPC,C03,RUN3,26.45396363,9,6,30,NetPhoto,1.4994831992236493,C03_TPC RUN3 30 NetPhoto,C03_TPC RUN3 NetPhoto,FALSE,FALSE,FALSE
2025-08-03,Fcom,C03_TPC,C03,RUN3,26.45396363,9,6,30,GrossPhoto,2.297252958560974,C03_TPC RUN3 30 GrossPhoto,C03_TPC RUN3 GrossPhoto,FALSE,FALSE,FALSE
2025-08-03,Elam,G05_TPC,G05,RUN3,17.26931188,11,6,30,Respiration,0.5333559775400963,G05_TPC RUN3 30 Respiration,G05_TPC RUN3 Respiration,FALSE,FALSE,FALSE
2025-08-03,Elam,G05_TPC,G05,RUN3,17.26931188,11,6,30,NetPhoto,1.2762318879388177,G05_TPC RUN3 30 NetPhoto,G05_TPC RUN3 NetPhoto,FALSE,FALSE,FALSE
2025-08-03,Elam,G05_TPC,G05,RUN3,17.26931188,11,6,30,GrossPhoto,1.809587865478914,G05_TPC RUN3 30 GrossPhoto,G05_TPC RUN3 GrossPhoto,FALSE,FALSE,FALSE
2025-08-03,Prus,D03_TPC,D03,RUN3,17.32354567,12,6,30,Respiration,0.586069759919975,D03_TPC RUN3 30 Respiration,D03_TPC RUN3 Respiration,FALSE,FALSE,FALSE
2025-08-03,Prus,D03_TPC,D03,RUN3,17.32354567,12,6,30,NetPhoto,0.7190299285909081,D03_TPC RUN3 30 NetPhoto,D03_TPC RUN3 NetPhoto,FALSE,FALSE,FALSE
2025-08-03,Prus,D03_TPC,D03,RUN3,17.32354567,12,6,30,GrossPhoto,1.3050996885108832,D03_TPC RUN3 30 GrossPhoto,D03_TPC RUN3 GrossPhoto,FALSE,FALSE,FALSE
2025-08-08,Tfro,I06_TPC,I06,RUN4,22.32262496,1,6,30,Respiration,0.28639075844351414,I06_TPC RUN4 30 Respiration,I06_TPC RUN4 Respiration,FALSE,FALSE,FALSE
2025-08-08,Tfro,I06_TPC,I06,RUN4,22.32262496,1,6,30,NetPhoto,0.2595327810971267,I06_TPC RUN4 30 NetPhoto,I06_TPC RUN4 NetPhoto,FALSE,FALSE,FALSE
2025-08-08,Tfro,I06_TPC,I06,RUN4,22.32262496,1,6,30,GrossPhoto,0.5459235395406408,I06_TPC RUN4 30 GrossPhoto,I06_TPC RUN4 GrossPhoto,FALSE,FALSE,FALSE
2025-08-08,Ahya,J06_TPC,J06,RUN4,15.5880644,3,6,30,Respiration,-0.02458350990055736,J06_TPC RUN4 30 Respiration,J06_TPC RUN4 Respiration,FALSE,FALSE,FALSE
2025-08-08,Ahya,J06_TPC,J06,RUN4,15.5880644,3,6,30,NetPhoto,0.44242107269012426,J06_TPC RUN4 30 NetPhoto,J06_TPC RUN4 NetPhoto,FALSE,FALSE,FALSE
2025-08-08,Pcyl,A06_TPC,A06,RUN4,17.41606213,4,6,30,Respiration,0.3792068626409158,A06_TPC RUN4 30 Respiration,A06_TPC RUN4 Respiration,FALSE,FALSE,FALSE
2025-08-08,Pcyl,A06_TPC,A06,RUN4,17.41606213,4,6,30,NetPhoto,0.6879653451737533,A06_TPC RUN4 30 NetPhoto,A06_TPC RUN4 NetPhoto,FALSE,FALSE,FALSE
2025-08-08,Pcyl,A06_TPC,A06,RUN4,17.41606213,4,6,30,GrossPhoto,1.067172207814669,A06_TPC RUN4 30 GrossPhoto,A06_TPC RUN4 GrossPhoto,FALSE,FALSE,FALSE
2025-08-08,Maeq,H06_TPC,H06,RUN4,24.44093297,5,6,30,Respiration,0.20615472950159092,H06_TPC RUN4 30 Respiration,H06_TPC RUN4 Respiration,FALSE,FALSE,FALSE
2025-08-08,Maeq,H06_TPC,H06,RUN4,24.44093297,5,6,30,NetPhoto,0.21411568775505793,H06_TPC RUN4 30 NetPhoto,H06_TPC RUN4 NetPhoto,FALSE,FALSE,FALSE
2025-08-08,Maeq,H06_TPC,H06,RUN4,24.44093297,5,6,30,GrossPhoto,0.4202704172566488,H06_TPC RUN4 30 GrossPhoto,H06_TPC RUN4 GrossPhoto,FALSE,FALSE,FALSE
2025-08-08,Elam,G06_TPC,G06,RUN4,22.13759203,8,6,30,Respiration,0.2942017032165589,G06_TPC RUN4 30 Respiration,G06_TPC RUN4 Respiration,FALSE,FALSE,FALSE
2025-08-08,Elam,G06_TPC,G06,RUN4,22.13759203,8,6,30,NetPhoto,0.4424262792399361,G06_TPC RUN4 30 NetPhoto,G06_TPC RUN4 NetPhoto,FALSE,FALSE,FALSE
2025-08-08,Elam,G06_TPC,G06,RUN4,22.13759203,8,6,30,GrossPhoto,0.736627982456495,G06_TPC RUN4 30 GrossPhoto,G06_TPC RUN4 GrossPhoto,FALSE,FALSE,FALSE
2025-08-08,Peyd,E06_TPC,E06,RUN4,44.66694621,9,6,30,Respiration,0.662607844842282,E06_TPC RUN4 30 Respiration,E06_TPC RUN4 Respiration,FALSE,FALSE,FALSE
2025-08-08,Peyd,E06_TPC,E06,RUN4,44.66694621,9,6,30,NetPhoto,0.5194788867757957,E06_TPC RUN4 30 NetPhoto,E06_TPC RUN4 NetPhoto,FALSE,FALSE,FALSE
2025-08-08,Peyd,E06_TPC,E06,RUN4,44.66694621,9,6,30,GrossPhoto,1.1820867316180776,E06_TPC RUN4 30 GrossPhoto,E06_TPC RUN4 GrossPhoto,FALSE,FALSE,FALSE
2025-08-08,Prus,D06_TPC,D06,RUN4,16.312245,10,6,30,Respiration,0.4122879844902509,D06_TPC RUN4 30 Respiration,D06_TPC RUN4 Respiration,FALSE,FALSE,FALSE
2025-08-08,Prus,D06_TPC,D06,RUN4,16.312245,10,6,30,NetPhoto,0.8103148070140064,D06_TPC RUN4 30 NetPhoto,D06_TPC RUN4 NetPhoto,FALSE,FALSE,FALSE
2025-08-08,Prus,D06_TPC,D06,RUN4,16.312245,10,6,30,GrossPhoto,1.2226027915042572,D06_TPC RUN4 30 GrossPhoto,D06_TPC RUN4 GrossPhoto,FALSE,FALSE,FALSE
2025-08-08,Prug,F06_TPC,F06,RUN4,20.08308848,11,6,30,Respiration,0.32056356348377957,F06_TPC RUN4 30 Respiration,F06_TPC RUN4 Respiration,FALSE,FALSE,FALSE
2025-08-08,Prug,F06_TPC,F06,RUN4,20.08308848,11,6,30,NetPhoto,1.2236970529794833,F06_TPC RUN4 30 NetPhoto,F06_TPC RUN4 NetPhoto,FALSE,FALSE,FALSE
2025-08-08,Prug,F06_TPC,F06,RUN4,20.08308848,11,6,30,GrossPhoto,1.5442606164632628,F06_TPC RUN4 30 GrossPhoto,F06_TPC RUN4 GrossPhoto,FALSE,FALSE,FALSE
2025-08-08,Mvie,B06_TPC,B06,RUN4,13.28791369,12,6,30,NetPhoto,0.4235855593250238,B06_TPC RUN4 30 NetPhoto,B06_TPC RUN4 NetPhoto,FALSE,FALSE,FALSE
2025-08-08,Mvie,B06_TPC,B06,RUN4,13.28791369,12,6,30,GrossPhoto,0.4206743336663497,B06_TPC RUN4 30 GrossPhoto,B06_TPC RUN4 GrossPhoto,FALSE,FALSE,FALSE
2025-08-09,Mvie,B07_TPC,B07,RUN5,13.30067458,1,6,30,Respiration,0.5085825567880197,B07_TPC RUN5 30 Respiration,B07_TPC RUN5 Respiration,FALSE,FALSE,FALSE
2025-08-09,Mvie,B07_TPC,B07,RUN5,13.30067458,1,6,30,NetPhoto,0.8980358790587618,B07_TPC RUN5 30 NetPhoto,B07_TPC RUN5 NetPhoto,FALSE,FALSE,FALSE
2025-08-09,Mvie,B07_TPC,B07,RUN5,13.30067458,1,6,30,GrossPhoto,1.4066184358467817,B07_TPC RUN5 30 GrossPhoto,B07_TPC RUN5 GrossPhoto,FALSE,FALSE,FALSE
2025-08-09,Pcyl,A07_TPC,A07,RUN5,13.81749069,2,6,30,Respiration,0.625961315819597,A07_TPC RUN5 30 Respiration,A07_TPC RUN5 Respiration,FALSE,FALSE,FALSE
2025-08-09,Pcyl,A07_TPC,A07,RUN5,13.81749069,2,6,30,NetPhoto,1.1839926018529756,A07_TPC RUN5 30 NetPhoto,A07_TPC RUN5 NetPhoto,FALSE,FALSE,FALSE
2025-08-09,Pcyl,A07_TPC,A07,RUN5,13.81749069,2,6,30,GrossPhoto,1.8099539176725727,A07_TPC RUN5 30 GrossPhoto,A07_TPC RUN5 GrossPhoto,FALSE,FALSE,FALSE
2025-08-09,Peyd,E07_TPC,E07,RUN5,18.03177515,3,6,30,Respiration,0.5343818549045348,E07_TPC RUN5 30 Respiration,E07_TPC RUN5 Respiration,FALSE,FALSE,FALSE
2025-08-09,Peyd,E07_TPC,E07,RUN5,18.03177515,3,6,30,NetPhoto,1.0474323856072485,E07_TPC RUN5 30 NetPhoto,E07_TPC RUN5 NetPhoto,FALSE,FALSE,FALSE
2025-08-09,Peyd,E07_TPC,E07,RUN5,18.03177515,3,6,30,GrossPhoto,1.581814240511783,E07_TPC RUN5 30 GrossPhoto,E07_TPC RUN5 GrossPhoto,FALSE,FALSE,FALSE
2025-08-09,Ahya,J07_TPC,J07,RUN5,16.49727793,4,6,30,Respiration,0.5009565611906995,J07_TPC RUN5 30 Respiration,J07_TPC RUN5 Respiration,FALSE,FALSE,FALSE
2025-08-09,Ahya,J07_TPC,J07,RUN5,16.49727793,4,6,30,NetPhoto,0.932553794531718,J07_TPC RUN5 30 NetPhoto,J07_TPC RUN5 NetPhoto,FALSE,FALSE,FALSE
2025-08-09,Ahya,J07_TPC,J07,RUN5,16.49727793,4,6,30,GrossPhoto,1.4335103557224174,J07_TPC RUN5 30 GrossPhoto,J07_TPC RUN5 GrossPhoto,FALSE,FALSE,FALSE
2025-08-09,Fcom,C07_TPC,C07,RUN5,12.85404337,5,6,30,Respiration,0.6173606232392002,C07_TPC RUN5 30 Respiration,C07_TPC RUN5 Respiration,FALSE,FALSE,FALSE
2025-08-09,Fcom,C07_TPC,C07,RUN5,12.85404337,5,6,30,NetPhoto,1.404886782933536,C07_TPC RUN5 30 NetPhoto,C07_TPC RUN5 NetPhoto,FALSE,FALSE,FALSE
2025-08-09,Fcom,C07_TPC,C07,RUN5,12.85404337,5,6,30,GrossPhoto,2.0222474061727365,C07_TPC RUN5 30 GrossPhoto,C07_TPC RUN5 GrossPhoto,FALSE,FALSE,FALSE
2025-08-09,Prug,F07_TPC,F07,RUN5,25.48732609,6,6,30,Respiration,0.7589503039315495,F07_TPC RUN5 30 Respiration,F07_TPC RUN5 Respiration,FALSE,FALSE,FALSE
2025-08-09,Prug,F07_TPC,F07,RUN5,25.48732609,6,6,30,NetPhoto,1.310804624563357,F07_TPC RUN5 30 NetPhoto,F07_TPC RUN5 NetPhoto,FALSE,FALSE,FALSE
2025-08-09,Prus,D07_TPC,D07,RUN5,13.26877235,8,6,30,Respiration,0.6739481989478808,D07_TPC RUN5 30 Respiration,D07_TPC RUN5 Respiration,FALSE,FALSE,FALSE
2025-08-09,Prus,D07_TPC,D07,RUN5,13.26877235,8,6,30,NetPhoto,1.0547994566510035,D07_TPC RUN5 30 NetPhoto,D07_TPC RUN5 NetPhoto,FALSE,FALSE,FALSE
2025-08-09,Prus,D07_TPC,D07,RUN5,13.26877235,8,6,30,GrossPhoto,1.7287476555988843,D07_TPC RUN5 30 GrossPhoto,D07_TPC RUN5 GrossPhoto,FALSE,FALSE,FALSE
2025-08-09,Tfro,I07_TPC,I07,RUN5,10.84739316,9,6,30,Respiration,0.6429638422918895,I07_TPC RUN5 30 Respiration,I07_TPC RUN5 Respiration,FALSE,FALSE,FALSE
2025-08-09,Tfro,I07_TPC,I07,RUN5,10.84739316,9,6,30,NetPhoto,0.7945528563559577,I07_TPC RUN5 30 NetPhoto,I07_TPC RUN5 NetPhoto,FALSE,FALSE,FALSE
2025-08-09,Tfro,I07_TPC,I07,RUN5,10.84739316,9,6,30,GrossPhoto,1.4375166986478471,I07_TPC RUN5 30 GrossPhoto,I07_TPC RUN5 GrossPhoto,FALSE,FALSE,FALSE
2025-08-09,Elam,G07_TPC,G07,RUN5,20.22026807,10,6,30,Respiration,0.43060851356456215,G07_TPC RUN5 30 Respiration,G07_TPC RUN5 Respiration,FALSE,FALSE,FALSE
2025-08-09,Elam,G07_TPC,G07,RUN5,20.22026807,10,6,30,NetPhoto,0.8502151347293196,G07_TPC RUN5 30 NetPhoto,G07_TPC RUN5 NetPhoto,FALSE,FALSE,FALSE
2025-08-09,Elam,G07_TPC,G07,RUN5,20.22026807,10,6,30,GrossPhoto,1.2808236482938815,G07_TPC RUN5 30 GrossPhoto,G07_TPC RUN5 GrossPhoto,FALSE,FALSE,FALSE
2025-08-09,Maeq,H07_TPC,H07,RUN5,19.99695246,11,6,30,Respiration,0.345842775313706,H07_TPC RUN5 30 Respiration,H07_TPC RUN5 Respiration,FALSE,FALSE,FALSE
2025-08-09,Maeq,H07_TPC,H07,RUN5,19.99695246,11,6,30,NetPhoto,0.7030787527777259,H07_TPC RUN5 30 NetPhoto,H07_TPC RUN5 NetPhoto,FALSE,FALSE,FALSE
2025-08-09,Maeq,H07_TPC,H07,RUN5,19.99695246,11,6,30,GrossPhoto,1.048921528091432,H07_TPC RUN5 30 GrossPhoto,H07_TPC RUN5 GrossPhoto,FALSE,FALSE,FALSE
2025-08-10,Mvie,B08_TPC,B08,RUN6,21.71648261,1,6,30,Respiration,0.3649866298457137,B08_TPC RUN6 30 Respiration,B08_TPC RUN6 Respiration,FALSE,FALSE,FALSE
2025-08-10,Mvie,B08_TPC,B08,RUN6,21.71648261,1,6,30,NetPhoto,0.36840051023749537,B08_TPC RUN6 30 NetPhoto,B08_TPC RUN6 NetPhoto,FALSE,FALSE,FALSE
2025-08-10,Mvie,B08_TPC,B08,RUN6,21.71648261,1,6,30,GrossPhoto,0.733387140083209,B08_TPC RUN6 30 GrossPhoto,B08_TPC RUN6 GrossPhoto,FALSE,FALSE,FALSE
2025-08-10,Maeq,H08_TPC,H08,RUN6,15.57211329,2,6,30,Respiration,0.41348705904627014,H08_TPC RUN6 30 Respiration,H08_TPC RUN6 Respiration,FALSE,FALSE,FALSE
2025-08-10,Maeq,H08_TPC,H08,RUN6,15.57211329,2,6,30,NetPhoto,0.36321816961080566,H08_TPC RUN6 30 NetPhoto,H08_TPC RUN6 NetPhoto,FALSE,FALSE,FALSE
2025-08-10,Maeq,H08_TPC,H08,RUN6,15.57211329,2,6,30,GrossPhoto,0.7767052286570758,H08_TPC RUN6 30 GrossPhoto,H08_TPC RUN6 GrossPhoto,FALSE,FALSE,FALSE
2025-08-10,Pcyl,A08_TPC,A08,RUN6,13.2751528,3,6,30,Respiration,0.5910103025528074,A08_TPC RUN6 30 Respiration,A08_TPC RUN6 Respiration,FALSE,FALSE,FALSE
2025-08-10,Pcyl,A08_TPC,A08,RUN6,13.2751528,3,6,30,NetPhoto,1.145495895633078,A08_TPC RUN6 30 NetPhoto,A08_TPC RUN6 NetPhoto,FALSE,FALSE,FALSE
2025-08-10,Pcyl,A08_TPC,A08,RUN6,13.2751528,3,6,30,GrossPhoto,1.7365061981858854,A08_TPC RUN6 30 GrossPhoto,A08_TPC RUN6 GrossPhoto,FALSE,FALSE,FALSE
2025-08-10,Fcom,C08_TPC,C08,RUN6,8.907737636,4,6,30,Respiration,0.31688125772392184,C08_TPC RUN6 30 Respiration,C08_TPC RUN6 Respiration,FALSE,FALSE,FALSE
2025-08-10,Fcom,C08_TPC,C08,RUN6,8.907737636,4,6,30,NetPhoto,0.6299188157883446,C08_TPC RUN6 30 NetPhoto,C08_TPC RUN6 NetPhoto,FALSE,FALSE,FALSE
2025-08-10,Fcom,C08_TPC,C08,RUN6,8.907737636,4,6,30,GrossPhoto,0.9468000735122664,C08_TPC RUN6 30 GrossPhoto,C08_TPC RUN6 GrossPhoto,FALSE,FALSE,FALSE
2025-08-10,Peyd,E08_TPC,E08,RUN6,30.03020351,5,6,30,Respiration,0.6445830581697448,E08_TPC RUN6 30 Respiration,E08_TPC RUN6 Respiration,FALSE,FALSE,FALSE
2025-08-10,Peyd,E08_TPC,E08,RUN6,30.03020351,5,6,30,NetPhoto,0.8542728590080669,E08_TPC RUN6 30 NetPhoto,E08_TPC RUN6 NetPhoto,FALSE,FALSE,FALSE
2025-08-10,Peyd,E08_TPC,E08,RUN6,30.03020351,5,6,30,GrossPhoto,1.4988559171778115,E08_TPC RUN6 30 GrossPhoto,E08_TPC RUN6 GrossPhoto,FALSE,FALSE,FALSE
2025-08-10,Prus,D04_TPC,D04,RUN6,15.43174348,6,6,30,Respiration,0.6853619107947008,D04_TPC RUN6 30 Respiration,D04_TPC RUN6 Respiration,FALSE,FALSE,FALSE
2025-08-10,Ahya,J08_TPC,J08,RUN6,15.59444485,7,6,30,Respiration,0.29797878749843437,J08_TPC RUN6 30 Respiration,J08_TPC RUN6 Respiration,FALSE,FALSE,FALSE
2025-08-10,Ahya,J08_TPC,J08,RUN6,15.59444485,7,6,30,NetPhoto,0.8211224341431831,J08_TPC RUN6 30 NetPhoto,J08_TPC RUN6 NetPhoto,FALSE,FALSE,FALSE
2025-08-10,Ahya,J08_TPC,J08,RUN6,15.59444485,7,6,30,GrossPhoto,1.1191012216416174,J08_TPC RUN6 30 GrossPhoto,J08_TPC RUN6 GrossPhoto,FALSE,FALSE,FALSE
2025-08-10,Prug,F08_TPC,F08,RUN6,24.85885218,9,6,30,Respiration,0.5248106816428358,F08_TPC RUN6 30 Respiration,F08_TPC RUN6 Respiration,FALSE,FALSE,FALSE
2025-08-10,Prug,F08_TPC,F08,RUN6,24.85885218,9,6,30,NetPhoto,0.8570084876804291,F08_TPC RUN6 30 NetPhoto,F08_TPC RUN6 NetPhoto,FALSE,FALSE,FALSE
2025-08-10,Prug,F08_TPC,F08,RUN6,24.85885218,9,6,30,GrossPhoto,1.3818191693232649,F08_TPC RUN6 30 GrossPhoto,F08_TPC RUN6 GrossPhoto,FALSE,FALSE,FALSE
2025-08-10,Tfro,I08_TPC,I08,RUN6,7.194587934,10,6,30,Respiration,0.7261631428716461,I08_TPC RUN6 30 Respiration,I08_TPC RUN6 Respiration,FALSE,FALSE,FALSE
2025-08-10,Tfro,I08_TPC,I08,RUN6,7.194587934,10,6,30,GrossPhoto,1.883217366970288,I08_TPC RUN6 30 GrossPhoto,I08_TPC RUN6 GrossPhoto,FALSE,FALSE,FALSE
2025-08-10,Elam,G08_TPC,G08,RUN6,22.74054416,12,6,30,Respiration,0.6220994212478809,G08_TPC RUN6 30 Respiration,G08_TPC RUN6 Respiration,FALSE,FALSE,FALSE
2025-08-10,Elam,G08_TPC,G08,RUN6,22.74054416,12,6,30,NetPhoto,0.9555632705995292,G08_TPC RUN6 30 NetPhoto,G08_TPC RUN6 NetPhoto,FALSE,FALSE,FALSE
2025-08-10,Elam,G08_TPC,G08,RUN6,22.74054416,12,6,30,GrossPhoto,1.57766269184741,G08_TPC RUN6 30 GrossPhoto,G08_TPC RUN6 GrossPhoto,FALSE,FALSE,FALSE
2025-08-01,Pcyl,A01_TPC,A01,RUN1,24.72486281,1,7,31,Respiration,0.6349245580641635,A01_TPC RUN1 31 Respiration,A01_TPC RUN1 Respiration,FALSE,FALSE,FALSE
2025-08-01,Pcyl,A01_TPC,A01,RUN1,24.72486281,1,7,31,NetPhoto,0.774682225947819,A01_TPC RUN1 31 NetPhoto,A01_TPC RUN1 NetPhoto,FALSE,FALSE,FALSE
2025-08-01,Pcyl,A01_TPC,A01,RUN1,24.72486281,1,7,31,GrossPhoto,1.4096067840119826,A01_TPC RUN1 31 GrossPhoto,A01_TPC RUN1 GrossPhoto,FALSE,FALSE,FALSE
2025-08-01,Elam,G01_TPC,G01,RUN1,20.38296944,2,7,31,Respiration,0.5792168208022651,G01_TPC RUN1 31 Respiration,G01_TPC RUN1 Respiration,FALSE,FALSE,FALSE
2025-08-01,Elam,G01_TPC,G01,RUN1,20.38296944,2,7,31,NetPhoto,0.894142355783696,G01_TPC RUN1 31 NetPhoto,G01_TPC RUN1 NetPhoto,FALSE,FALSE,FALSE
2025-08-01,Elam,G01_TPC,G01,RUN1,20.38296944,2,7,31,GrossPhoto,1.4733591765859613,G01_TPC RUN1 31 GrossPhoto,G01_TPC RUN1 GrossPhoto,FALSE,FALSE,FALSE
2025-08-01,Fcom,C01_TPC,C01,RUN1,23.69761104,3,7,31,Respiration,0.5176514419646481,C01_TPC RUN1 31 Respiration,C01_TPC RUN1 Respiration,FALSE,FALSE,FALSE
2025-08-01,Fcom,C01_TPC,C01,RUN1,23.69761104,3,7,31,NetPhoto,0.9013917663257204,C01_TPC RUN1 31 NetPhoto,C01_TPC RUN1 NetPhoto,FALSE,FALSE,FALSE
2025-08-01,Fcom,C01_TPC,C01,RUN1,23.69761104,3,7,31,GrossPhoto,1.4190432082903683,C01_TPC RUN1 31 GrossPhoto,C01_TPC RUN1 GrossPhoto,FALSE,FALSE,FALSE
2025-08-01,Prug,F01_TPC,F01,RUN1,14.38535037,4,7,31,Respiration,0.37978965166139006,F01_TPC RUN1 31 Respiration,F01_TPC RUN1 Respiration,FALSE,FALSE,FALSE
2025-08-01,Prug,F01_TPC,F01,RUN1,14.38535037,4,7,31,NetPhoto,0.8666295509840023,F01_TPC RUN1 31 NetPhoto,F01_TPC RUN1 NetPhoto,FALSE,FALSE,FALSE
2025-08-01,Prug,F01_TPC,F01,RUN1,14.38535037,4,7,31,GrossPhoto,1.2464192026453924,F01_TPC RUN1 31 GrossPhoto,F01_TPC RUN1 GrossPhoto,FALSE,FALSE,FALSE
2025-08-01,Peyd,E01_TPC,E01,RUN1,33.93822657,5,7,31,Respiration,0.5829217189919078,E01_TPC RUN1 31 Respiration,E01_TPC RUN1 Respiration,FALSE,FALSE,FALSE
2025-08-01,Peyd,E01_TPC,E01,RUN1,33.93822657,5,7,31,NetPhoto,0.7163209763735026,E01_TPC RUN1 31 NetPhoto,E01_TPC RUN1 NetPhoto,FALSE,FALSE,FALSE
2025-08-01,Peyd,E01_TPC,E01,RUN1,33.93822657,5,7,31,GrossPhoto,1.2992426953654104,E01_TPC RUN1 31 GrossPhoto,E01_TPC RUN1 GrossPhoto,FALSE,FALSE,FALSE
2025-08-01,Ahya,J01_TPC,J01,RUN1,16.22929921,7,7,31,Respiration,0.5216683284679687,J01_TPC RUN1 31 Respiration,J01_TPC RUN1 Respiration,FALSE,FALSE,FALSE
2025-08-01,Ahya,J01_TPC,J01,RUN1,16.22929921,7,7,31,NetPhoto,0.7032063755913491,J01_TPC RUN1 31 NetPhoto,J01_TPC RUN1 NetPhoto,FALSE,FALSE,FALSE
2025-08-01,Ahya,J01_TPC,J01,RUN1,16.22929921,7,7,31,GrossPhoto,1.2248747040593178,J01_TPC RUN1 31 GrossPhoto,J01_TPC RUN1 GrossPhoto,FALSE,FALSE,FALSE
2025-08-01,Tfro,I01_TPC,I01,RUN1,26.20193602,8,7,31,Respiration,0.6305070752871488,I01_TPC RUN1 31 Respiration,I01_TPC RUN1 Respiration,FALSE,FALSE,FALSE
2025-08-01,Tfro,I01_TPC,I01,RUN1,26.20193602,8,7,31,NetPhoto,0.5235487158968001,I01_TPC RUN1 31 NetPhoto,I01_TPC RUN1 NetPhoto,FALSE,FALSE,FALSE
2025-08-01,Tfro,I01_TPC,I01,RUN1,26.20193602,8,7,31,GrossPhoto,1.1540557911839489,I01_TPC RUN1 31 GrossPhoto,I01_TPC RUN1 GrossPhoto,FALSE,FALSE,FALSE
2025-08-01,Mvie,B01_TPC,B01,RUN1,19.26639142,10,7,31,Respiration,0.6191855927353536,B01_TPC RUN1 31 Respiration,B01_TPC RUN1 Respiration,FALSE,FALSE,FALSE
2025-08-01,Mvie,B01_TPC,B01,RUN1,19.26639142,10,7,31,NetPhoto,0.7551487864866466,B01_TPC RUN1 31 NetPhoto,B01_TPC RUN1 NetPhoto,FALSE,FALSE,FALSE
2025-08-01,Mvie,B01_TPC,B01,RUN1,19.26639142,10,7,31,GrossPhoto,1.3743343792220002,B01_TPC RUN1 31 GrossPhoto,B01_TPC RUN1 GrossPhoto,FALSE,FALSE,FALSE
2025-08-01,Maeq,H01_TPC,H01,RUN1,32.84078989,11,7,31,Respiration,0.612680638421388,H01_TPC RUN1 31 Respiration,H01_TPC RUN1 Respiration,FALSE,FALSE,FALSE
2025-08-01,Maeq,H01_TPC,H01,RUN1,32.84078989,11,7,31,NetPhoto,0.393554077303546,H01_TPC RUN1 31 NetPhoto,H01_TPC RUN1 NetPhoto,FALSE,FALSE,FALSE
2025-08-01,Maeq,H01_TPC,H01,RUN1,32.84078989,11,7,31,GrossPhoto,1.006234715724934,H01_TPC RUN1 31 GrossPhoto,H01_TPC RUN1 GrossPhoto,FALSE,FALSE,FALSE
2025-08-01,Prus,D01_TPC,D01,RUN1,28.54674986,12,7,31,Respiration,0.6595985588738124,D01_TPC RUN1 31 Respiration,D01_TPC RUN1 Respiration,FALSE,FALSE,FALSE
2025-08-01,Prus,D01_TPC,D01,RUN1,28.54674986,12,7,31,NetPhoto,0.8117154889168555,D01_TPC RUN1 31 NetPhoto,D01_TPC RUN1 NetPhoto,FALSE,FALSE,FALSE
2025-08-01,Prus,D01_TPC,D01,RUN1,28.54674986,12,7,31,GrossPhoto,1.471314047790668,D01_TPC RUN1 31 GrossPhoto,D01_TPC RUN1 GrossPhoto,FALSE,FALSE,FALSE
2025-08-02,Elam,G02_TPC,G02,RUN2,16.88329491,1,7,31,Respiration,0.6355819557931478,G02_TPC RUN2 31 Respiration,G02_TPC RUN2 Respiration,FALSE,FALSE,FALSE
2025-08-02,Elam,G02_TPC,G02,RUN2,16.88329491,1,7,31,NetPhoto,0.9534661431983636,G02_TPC RUN2 31 NetPhoto,G02_TPC RUN2 NetPhoto,FALSE,FALSE,FALSE
2025-08-02,Elam,G02_TPC,G02,RUN2,16.88329491,1,7,31,GrossPhoto,1.5890480989915114,G02_TPC RUN2 31 GrossPhoto,G02_TPC RUN2 GrossPhoto,FALSE,FALSE,FALSE
2025-08-02,Peyd,E02_TPC,E02,RUN2,34.41995023,2,7,31,Respiration,0.5482819794022579,E02_TPC RUN2 31 Respiration,E02_TPC RUN2 Respiration,FALSE,FALSE,FALSE
2025-08-02,Peyd,E02_TPC,E02,RUN2,34.41995023,2,7,31,NetPhoto,0.7019714288652936,E02_TPC RUN2 31 NetPhoto,E02_TPC RUN2 NetPhoto,FALSE,FALSE,FALSE
2025-08-02,Peyd,E02_TPC,E02,RUN2,34.41995023,2,7,31,GrossPhoto,1.2502534082675516,E02_TPC RUN2 31 GrossPhoto,E02_TPC RUN2 GrossPhoto,FALSE,FALSE,FALSE
2025-08-02,Prug,F04_TPC,F04,RUN2,22.44704366,3,7,31,Respiration,0.5896079588301638,F04_TPC RUN2 31 Respiration,F04_TPC RUN2 Respiration,FALSE,FALSE,FALSE
2025-08-02,Prug,F04_TPC,F04,RUN2,22.44704366,3,7,31,NetPhoto,0.8510336571247077,F04_TPC RUN2 31 NetPhoto,F04_TPC RUN2 NetPhoto,FALSE,FALSE,FALSE
2025-08-02,Prug,F04_TPC,F04,RUN2,22.44704366,3,7,31,GrossPhoto,1.4406416159548714,F04_TPC RUN2 31 GrossPhoto,F04_TPC RUN2 GrossPhoto,FALSE,FALSE,FALSE
2025-08-02,Prus,D02_TPC,D02,RUN2,18.28699298,4,7,31,Respiration,0.8117630420213422,D02_TPC RUN2 31 Respiration,D02_TPC RUN2 Respiration,FALSE,FALSE,FALSE
2025-08-02,Prus,D02_TPC,D02,RUN2,18.28699298,4,7,31,NetPhoto,0.6920093915523504,D02_TPC RUN2 31 NetPhoto,D02_TPC RUN2 NetPhoto,FALSE,FALSE,FALSE
2025-08-02,Prus,D02_TPC,D02,RUN2,18.28699298,4,7,31,GrossPhoto,1.5037724335736926,D02_TPC RUN2 31 GrossPhoto,D02_TPC RUN2 GrossPhoto,FALSE,FALSE,FALSE
2025-08-02,Pcyl,A02_TPC,A02,RUN2,19.14835317,5,7,31,Respiration,0.7538461255807627,A02_TPC RUN2 31 Respiration,A02_TPC RUN2 Respiration,FALSE,FALSE,FALSE
2025-08-02,Pcyl,A02_TPC,A02,RUN2,19.14835317,5,7,31,NetPhoto,0.6759118469493349,A02_TPC RUN2 31 NetPhoto,A02_TPC RUN2 NetPhoto,FALSE,FALSE,FALSE
2025-08-02,Pcyl,A02_TPC,A02,RUN2,19.14835317,5,7,31,GrossPhoto,1.4297579725300975,A02_TPC RUN2 31 GrossPhoto,A02_TPC RUN2 GrossPhoto,FALSE,FALSE,FALSE
2025-08-02,Tfro,I02_TPC,I02,RUN2,24.37074807,6,7,31,Respiration,0.5666497141560876,I02_TPC RUN2 31 Respiration,I02_TPC RUN2 Respiration,FALSE,FALSE,FALSE
2025-08-02,Tfro,I02_TPC,I02,RUN2,24.37074807,6,7,31,NetPhoto,0.7020357331876513,I02_TPC RUN2 31 NetPhoto,I02_TPC RUN2 NetPhoto,FALSE,FALSE,FALSE
2025-08-02,Tfro,I02_TPC,I02,RUN2,24.37074807,6,7,31,GrossPhoto,1.268685447343739,I02_TPC RUN2 31 GrossPhoto,I02_TPC RUN2 GrossPhoto,FALSE,FALSE,FALSE
2025-08-02,Fcom,C02_TPC,C02,RUN2,24.72805304,8,7,31,Respiration,0.7478089862668343,C02_TPC RUN2 31 Respiration,C02_TPC RUN2 Respiration,FALSE,FALSE,FALSE
2025-08-02,Fcom,C02_TPC,C02,RUN2,24.72805304,8,7,31,NetPhoto,0.9594336639369532,C02_TPC RUN2 31 NetPhoto,C02_TPC RUN2 NetPhoto,FALSE,FALSE,FALSE
2025-08-02,Fcom,C02_TPC,C02,RUN2,24.72805304,8,7,31,GrossPhoto,1.7072426502037874,C02_TPC RUN2 31 GrossPhoto,C02_TPC RUN2 GrossPhoto,FALSE,FALSE,FALSE
2025-08-02,Ahya,J02_TPC,J02,RUN2,20.79769841,9,7,31,Respiration,0.470446094510592,J02_TPC RUN2 31 Respiration,J02_TPC RUN2 Respiration,FALSE,FALSE,FALSE
2025-08-02,Ahya,J02_TPC,J02,RUN2,20.79769841,9,7,31,NetPhoto,0.4898713597830658,J02_TPC RUN2 31 NetPhoto,J02_TPC RUN2 NetPhoto,FALSE,FALSE,FALSE
2025-08-02,Ahya,J02_TPC,J02,RUN2,20.79769841,9,7,31,GrossPhoto,0.9603174542936578,J02_TPC RUN2 31 GrossPhoto,J02_TPC RUN2 GrossPhoto,FALSE,FALSE,FALSE
2025-08-02,Mvie,B02_TPC,B02,RUN2,18.64110773,10,7,31,Respiration,0.504367106146785,B02_TPC RUN2 31 Respiration,B02_TPC RUN2 Respiration,FALSE,FALSE,FALSE
2025-08-02,Mvie,B02_TPC,B02,RUN2,18.64110773,10,7,31,NetPhoto,0.6426127964892365,B02_TPC RUN2 31 NetPhoto,B02_TPC RUN2 NetPhoto,FALSE,FALSE,FALSE
2025-08-02,Mvie,B02_TPC,B02,RUN2,18.64110773,10,7,31,GrossPhoto,1.1469799026360217,B02_TPC RUN2 31 GrossPhoto,B02_TPC RUN2 GrossPhoto,FALSE,FALSE,FALSE
2025-08-02,Maeq,H02_TPC,H02,RUN2,37.79520607,12,7,31,Respiration,0.2652669509633924,H02_TPC RUN2 31 Respiration,H02_TPC RUN2 Respiration,FALSE,FALSE,FALSE
2025-08-02,Maeq,H02_TPC,H02,RUN2,37.79520607,12,7,31,NetPhoto,0.4359437685156062,H02_TPC RUN2 31 NetPhoto,H02_TPC RUN2 NetPhoto,FALSE,FALSE,FALSE
2025-08-02,Maeq,H02_TPC,H02,RUN2,37.79520607,12,7,31,GrossPhoto,0.7012107194789986,H02_TPC RUN2 31 GrossPhoto,H02_TPC RUN2 GrossPhoto,FALSE,FALSE,FALSE
2025-08-03,Peyd,E03_TPC,E03,RUN3,37.62293403,1,7,31,Respiration,0.49092481401441246,E03_TPC RUN3 31 Respiration,E03_TPC RUN3 Respiration,FALSE,FALSE,FALSE
2025-08-03,Peyd,E03_TPC,E03,RUN3,37.62293403,1,7,31,NetPhoto,0.6468245237043078,E03_TPC RUN3 31 NetPhoto,E03_TPC RUN3 NetPhoto,FALSE,FALSE,FALSE
2025-08-03,Peyd,E03_TPC,E03,RUN3,37.62293403,1,7,31,GrossPhoto,1.1377493377187202,E03_TPC RUN3 31 GrossPhoto,E03_TPC RUN3 GrossPhoto,FALSE,FALSE,FALSE
2025-08-03,Tfro,I03_TPC,I03,RUN3,30.56935118,2,7,31,Respiration,0.49268504782056577,I03_TPC RUN3 31 Respiration,I03_TPC RUN3 Respiration,FALSE,FALSE,FALSE
2025-08-03,Tfro,I03_TPC,I03,RUN3,30.56935118,2,7,31,NetPhoto,0.4099591643577163,I03_TPC RUN3 31 NetPhoto,I03_TPC RUN3 NetPhoto,FALSE,FALSE,FALSE
2025-08-03,Tfro,I03_TPC,I03,RUN3,30.56935118,2,7,31,GrossPhoto,0.902644212178282,I03_TPC RUN3 31 GrossPhoto,I03_TPC RUN3 GrossPhoto,FALSE,FALSE,FALSE
2025-08-03,Pcyl,A03_TPC,A03,RUN3,19.11326072,3,7,31,Respiration,0.6781898746681867,A03_TPC RUN3 31 Respiration,A03_TPC RUN3 Respiration,FALSE,FALSE,FALSE
2025-08-03,Pcyl,A03_TPC,A03,RUN3,19.11326072,3,7,31,NetPhoto,0.6686235597375562,A03_TPC RUN3 31 NetPhoto,A03_TPC RUN3 NetPhoto,FALSE,FALSE,FALSE
2025-08-03,Pcyl,A03_TPC,A03,RUN3,19.11326072,3,7,31,GrossPhoto,1.346813434405743,A03_TPC RUN3 31 GrossPhoto,A03_TPC RUN3 GrossPhoto,FALSE,FALSE,FALSE
2025-08-03,Maeq,H04_TPC,H04,RUN3,41.64580512,4,7,31,Respiration,0.3938464121434826,H04_TPC RUN3 31 Respiration,H04_TPC RUN3 Respiration,FALSE,FALSE,FALSE
2025-08-03,Maeq,H04_TPC,H04,RUN3,41.64580512,4,7,31,NetPhoto,0.5377973480262128,H04_TPC RUN3 31 NetPhoto,H04_TPC RUN3 NetPhoto,FALSE,FALSE,FALSE
2025-08-03,Maeq,H04_TPC,H04,RUN3,41.64580512,4,7,31,GrossPhoto,0.9316437601696954,H04_TPC RUN3 31 GrossPhoto,H04_TPC RUN3 GrossPhoto,FALSE,FALSE,FALSE
2025-08-03,Prug,F03_TPC,F03,RUN3,17.6489484,6,7,31,Respiration,0.6189396378480196,F03_TPC RUN3 31 Respiration,F03_TPC RUN3 Respiration,FALSE,FALSE,FALSE
2025-08-03,Prug,F03_TPC,F03,RUN3,17.6489484,6,7,31,NetPhoto,1.0056236118489938,F03_TPC RUN3 31 NetPhoto,F03_TPC RUN3 NetPhoto,FALSE,FALSE,FALSE
2025-08-03,Prug,F03_TPC,F03,RUN3,17.6489484,6,7,31,GrossPhoto,1.6245632496970135,F03_TPC RUN3 31 GrossPhoto,F03_TPC RUN3 GrossPhoto,FALSE,FALSE,FALSE
2025-08-03,Ahya,J03_TPC,J03,RUN3,29.80688791,7,7,31,Respiration,0.615612206266731,J03_TPC RUN3 31 Respiration,J03_TPC RUN3 Respiration,FALSE,FALSE,FALSE
2025-08-03,Ahya,J03_TPC,J03,RUN3,29.80688791,7,7,31,NetPhoto,0.7941163351961713,J03_TPC RUN3 31 NetPhoto,J03_TPC RUN3 NetPhoto,FALSE,FALSE,FALSE
2025-08-03,Ahya,J03_TPC,J03,RUN3,29.80688791,7,7,31,GrossPhoto,1.4097285414629024,J03_TPC RUN3 31 GrossPhoto,J03_TPC RUN3 GrossPhoto,FALSE,FALSE,FALSE
2025-08-03,Mvie,B03_TPC,B03,RUN3,17.06832783,8,7,31,Respiration,0.5696309429233153,B03_TPC RUN3 31 Respiration,B03_TPC RUN3 Respiration,FALSE,FALSE,FALSE
2025-08-03,Mvie,B03_TPC,B03,RUN3,17.06832783,8,7,31,NetPhoto,0.6487219052563017,B03_TPC RUN3 31 NetPhoto,B03_TPC RUN3 NetPhoto,FALSE,FALSE,FALSE
2025-08-03,Mvie,B03_TPC,B03,RUN3,17.06832783,8,7,31,GrossPhoto,1.218352848179617,B03_TPC RUN3 31 GrossPhoto,B03_TPC RUN3 GrossPhoto,FALSE,FALSE,FALSE
2025-08-03,Fcom,C03_TPC,C03,RUN3,26.45396363,9,7,31,Respiration,0.8565148903529304,C03_TPC RUN3 31 Respiration,C03_TPC RUN3 Respiration,FALSE,FALSE,FALSE
2025-08-03,Fcom,C03_TPC,C03,RUN3,26.45396363,9,7,31,NetPhoto,1.489025558692629,C03_TPC RUN3 31 NetPhoto,C03_TPC RUN3 NetPhoto,FALSE,FALSE,FALSE
2025-08-03,Fcom,C03_TPC,C03,RUN3,26.45396363,9,7,31,GrossPhoto,2.3455404490455596,C03_TPC RUN3 31 GrossPhoto,C03_TPC RUN3 GrossPhoto,FALSE,FALSE,FALSE
2025-08-03,Elam,G05_TPC,G05,RUN3,17.26931188,11,7,31,Respiration,0.662618298364412,G05_TPC RUN3 31 Respiration,G05_TPC RUN3 Respiration,FALSE,FALSE,FALSE
2025-08-03,Elam,G05_TPC,G05,RUN3,17.26931188,11,7,31,NetPhoto,1.1869115588899486,G05_TPC RUN3 31 NetPhoto,G05_TPC RUN3 NetPhoto,FALSE,FALSE,FALSE
2025-08-03,Elam,G05_TPC,G05,RUN3,17.26931188,11,7,31,GrossPhoto,1.8495298572543608,G05_TPC RUN3 31 GrossPhoto,G05_TPC RUN3 GrossPhoto,FALSE,FALSE,FALSE
2025-08-03,Prus,D03_TPC,D03,RUN3,17.32354567,12,7,31,Respiration,0.6917427709410467,D03_TPC RUN3 31 Respiration,D03_TPC RUN3 Respiration,FALSE,FALSE,FALSE
2025-08-03,Prus,D03_TPC,D03,RUN3,17.32354567,12,7,31,NetPhoto,0.6505140086280321,D03_TPC RUN3 31 NetPhoto,D03_TPC RUN3 NetPhoto,FALSE,FALSE,FALSE
2025-08-03,Prus,D03_TPC,D03,RUN3,17.32354567,12,7,31,GrossPhoto,1.342256779569079,D03_TPC RUN3 31 GrossPhoto,D03_TPC RUN3 GrossPhoto,FALSE,FALSE,FALSE
2025-08-08,Tfro,I06_TPC,I06,RUN4,22.32262496,1,7,31,Respiration,0.3120892907067156,I06_TPC RUN4 31 Respiration,I06_TPC RUN4 Respiration,FALSE,FALSE,FALSE
2025-08-08,Tfro,I06_TPC,I06,RUN4,22.32262496,1,7,31,NetPhoto,0.28594210048175717,I06_TPC RUN4 31 NetPhoto,I06_TPC RUN4 NetPhoto,FALSE,FALSE,FALSE
2025-08-08,Tfro,I06_TPC,I06,RUN4,22.32262496,1,7,31,GrossPhoto,0.5980313911884727,I06_TPC RUN4 31 GrossPhoto,I06_TPC RUN4 GrossPhoto,FALSE,FALSE,FALSE
2025-08-08,Ahya,J06_TPC,J06,RUN4,15.5880644,3,7,31,Respiration,0.08664097672199028,J06_TPC RUN4 31 Respiration,J06_TPC RUN4 Respiration,FALSE,FALSE,FALSE
2025-08-08,Ahya,J06_TPC,J06,RUN4,15.5880644,3,7,31,NetPhoto,0.4911506008310928,J06_TPC RUN4 31 NetPhoto,J06_TPC RUN4 NetPhoto,FALSE,FALSE,FALSE
2025-08-08,Ahya,J06_TPC,J06,RUN4,15.5880644,3,7,31,GrossPhoto,0.5777915775530831,J06_TPC RUN4 31 GrossPhoto,J06_TPC RUN4 GrossPhoto,FALSE,FALSE,FALSE
2025-08-08,Pcyl,A06_TPC,A06,RUN4,17.41606213,4,7,31,Respiration,0.3468594180543583,A06_TPC RUN4 31 Respiration,A06_TPC RUN4 Respiration,FALSE,FALSE,FALSE
2025-08-08,Pcyl,A06_TPC,A06,RUN4,17.41606213,4,7,31,NetPhoto,0.6821920813400904,A06_TPC RUN4 31 NetPhoto,A06_TPC RUN4 NetPhoto,FALSE,FALSE,FALSE
2025-08-08,Pcyl,A06_TPC,A06,RUN4,17.41606213,4,7,31,GrossPhoto,1.0290514993944486,A06_TPC RUN4 31 GrossPhoto,A06_TPC RUN4 GrossPhoto,FALSE,FALSE,FALSE
2025-08-08,Maeq,H06_TPC,H06,RUN4,24.44093297,5,7,31,Respiration,0.21864127761803295,H06_TPC RUN4 31 Respiration,H06_TPC RUN4 Respiration,FALSE,FALSE,FALSE
2025-08-08,Maeq,H06_TPC,H06,RUN4,24.44093297,5,7,31,NetPhoto,0.2233549515899364,H06_TPC RUN4 31 NetPhoto,H06_TPC RUN4 NetPhoto,FALSE,FALSE,FALSE
2025-08-08,Maeq,H06_TPC,H06,RUN4,24.44093297,5,7,31,GrossPhoto,0.4419962292079694,H06_TPC RUN4 31 GrossPhoto,H06_TPC RUN4 GrossPhoto,FALSE,FALSE,FALSE
2025-08-08,Elam,G06_TPC,G06,RUN4,22.13759203,8,7,31,Respiration,0.3523702723386466,G06_TPC RUN4 31 Respiration,G06_TPC RUN4 Respiration,FALSE,FALSE,FALSE
2025-08-08,Elam,G06_TPC,G06,RUN4,22.13759203,8,7,31,NetPhoto,0.4409813022258198,G06_TPC RUN4 31 NetPhoto,G06_TPC RUN4 NetPhoto,FALSE,FALSE,FALSE
2025-08-08,Elam,G06_TPC,G06,RUN4,22.13759203,8,7,31,GrossPhoto,0.7933515745644664,G06_TPC RUN4 31 GrossPhoto,G06_TPC RUN4 GrossPhoto,FALSE,FALSE,FALSE
2025-08-08,Peyd,E06_TPC,E06,RUN4,44.66694621,9,7,31,Respiration,0.736745175557012,E06_TPC RUN4 31 Respiration,E06_TPC RUN4 Respiration,FALSE,FALSE,FALSE
2025-08-08,Peyd,E06_TPC,E06,RUN4,44.66694621,9,7,31,NetPhoto,0.4837503699522008,E06_TPC RUN4 31 NetPhoto,E06_TPC RUN4 NetPhoto,FALSE,FALSE,FALSE
2025-08-08,Peyd,E06_TPC,E06,RUN4,44.66694621,9,7,31,GrossPhoto,1.2204955455092128,E06_TPC RUN4 31 GrossPhoto,E06_TPC RUN4 GrossPhoto,FALSE,FALSE,FALSE
2025-08-08,Prus,D06_TPC,D06,RUN4,16.312245,10,7,31,Respiration,0.3917876006476645,D06_TPC RUN4 31 Respiration,D06_TPC RUN4 Respiration,FALSE,FALSE,FALSE
2025-08-08,Prus,D06_TPC,D06,RUN4,16.312245,10,7,31,NetPhoto,0.7485262001508226,D06_TPC RUN4 31 NetPhoto,D06_TPC RUN4 NetPhoto,FALSE,FALSE,FALSE
2025-08-08,Prus,D06_TPC,D06,RUN4,16.312245,10,7,31,GrossPhoto,1.140313800798487,D06_TPC RUN4 31 GrossPhoto,D06_TPC RUN4 GrossPhoto,FALSE,FALSE,FALSE
2025-08-08,Prug,F06_TPC,F06,RUN4,20.08308848,11,7,31,Respiration,0.34922588788268577,F06_TPC RUN4 31 Respiration,F06_TPC RUN4 Respiration,FALSE,FALSE,FALSE
2025-08-08,Prug,F06_TPC,F06,RUN4,20.08308848,11,7,31,NetPhoto,1.0993904930229954,F06_TPC RUN4 31 NetPhoto,F06_TPC RUN4 NetPhoto,FALSE,FALSE,FALSE
2025-08-08,Prug,F06_TPC,F06,RUN4,20.08308848,11,7,31,GrossPhoto,1.4486163809056811,F06_TPC RUN4 31 GrossPhoto,F06_TPC RUN4 GrossPhoto,FALSE,FALSE,FALSE
2025-08-08,Mvie,B06_TPC,B06,RUN4,13.28791369,12,7,31,Respiration,0.23825486717398936,B06_TPC RUN4 31 Respiration,B06_TPC RUN4 Respiration,FALSE,FALSE,FALSE
2025-08-08,Mvie,B06_TPC,B06,RUN4,13.28791369,12,7,31,NetPhoto,0.4169147688658939,B06_TPC RUN4 31 NetPhoto,B06_TPC RUN4 NetPhoto,FALSE,FALSE,FALSE
2025-08-08,Mvie,B06_TPC,B06,RUN4,13.28791369,12,7,31,GrossPhoto,0.6551696360398833,B06_TPC RUN4 31 GrossPhoto,B06_TPC RUN4 GrossPhoto,FALSE,FALSE,FALSE
2025-08-09,Mvie,B07_TPC,B07,RUN5,13.30067458,1,7,31,Respiration,0.5663121852620188,B07_TPC RUN5 31 Respiration,B07_TPC RUN5 Respiration,FALSE,FALSE,FALSE
2025-08-09,Mvie,B07_TPC,B07,RUN5,13.30067458,1,7,31,NetPhoto,0.9262370372164772,B07_TPC RUN5 31 NetPhoto,B07_TPC RUN5 NetPhoto,FALSE,FALSE,FALSE
2025-08-09,Mvie,B07_TPC,B07,RUN5,13.30067458,1,7,31,GrossPhoto,1.492549222478496,B07_TPC RUN5 31 GrossPhoto,B07_TPC RUN5 GrossPhoto,FALSE,FALSE,FALSE
2025-08-09,Pcyl,A07_TPC,A07,RUN5,13.81749069,2,7,31,Respiration,0.6713766888245759,A07_TPC RUN5 31 Respiration,A07_TPC RUN5 Respiration,FALSE,FALSE,FALSE
2025-08-09,Pcyl,A07_TPC,A07,RUN5,13.81749069,2,7,31,NetPhoto,1.0843233168332045,A07_TPC RUN5 31 NetPhoto,A07_TPC RUN5 NetPhoto,FALSE,FALSE,FALSE
2025-08-09,Pcyl,A07_TPC,A07,RUN5,13.81749069,2,7,31,GrossPhoto,1.75570000565778,A07_TPC RUN5 31 GrossPhoto,A07_TPC RUN5 GrossPhoto,FALSE,FALSE,FALSE
2025-08-09,Peyd,E07_TPC,E07,RUN5,18.03177515,3,7,31,Respiration,0.5445475899982832,E07_TPC RUN5 31 Respiration,E07_TPC RUN5 Respiration,FALSE,FALSE,FALSE
2025-08-09,Peyd,E07_TPC,E07,RUN5,18.03177515,3,7,31,NetPhoto,1.014484100182381,E07_TPC RUN5 31 NetPhoto,E07_TPC RUN5 NetPhoto,FALSE,FALSE,FALSE
2025-08-09,Peyd,E07_TPC,E07,RUN5,18.03177515,3,7,31,GrossPhoto,1.5590316901806642,E07_TPC RUN5 31 GrossPhoto,E07_TPC RUN5 GrossPhoto,FALSE,FALSE,FALSE
2025-08-09,Ahya,J07_TPC,J07,RUN5,16.49727793,4,7,31,Respiration,0.521645548049875,J07_TPC RUN5 31 Respiration,J07_TPC RUN5 Respiration,FALSE,FALSE,FALSE
2025-08-09,Ahya,J07_TPC,J07,RUN5,16.49727793,4,7,31,NetPhoto,0.8222048800999444,J07_TPC RUN5 31 NetPhoto,J07_TPC RUN5 NetPhoto,FALSE,FALSE,FALSE
2025-08-09,Ahya,J07_TPC,J07,RUN5,16.49727793,4,7,31,GrossPhoto,1.3438504281498194,J07_TPC RUN5 31 GrossPhoto,J07_TPC RUN5 GrossPhoto,FALSE,FALSE,FALSE
2025-08-09,Fcom,C07_TPC,C07,RUN5,12.85404337,5,7,31,Respiration,0.6296234839284763,C07_TPC RUN5 31 Respiration,C07_TPC RUN5 Respiration,FALSE,FALSE,FALSE
2025-08-09,Fcom,C07_TPC,C07,RUN5,12.85404337,5,7,31,NetPhoto,1.3057345463327643,C07_TPC RUN5 31 NetPhoto,C07_TPC RUN5 NetPhoto,FALSE,FALSE,FALSE
2025-08-09,Fcom,C07_TPC,C07,RUN5,12.85404337,5,7,31,GrossPhoto,1.9353580302612403,C07_TPC RUN5 31 GrossPhoto,C07_TPC RUN5 GrossPhoto,FALSE,FALSE,FALSE
2025-08-09,Prug,F07_TPC,F07,RUN5,25.48732609,6,7,31,Respiration,0.73713127199815,F07_TPC RUN5 31 Respiration,F07_TPC RUN5 Respiration,FALSE,FALSE,FALSE
2025-08-09,Prug,F07_TPC,F07,RUN5,25.48732609,6,7,31,NetPhoto,1.2218695724376458,F07_TPC RUN5 31 NetPhoto,F07_TPC RUN5 NetPhoto,FALSE,FALSE,FALSE
2025-08-09,Prug,F07_TPC,F07,RUN5,25.48732609,6,7,31,GrossPhoto,1.959000844435796,F07_TPC RUN5 31 GrossPhoto,F07_TPC RUN5 GrossPhoto,FALSE,FALSE,FALSE
2025-08-09,Prus,D07_TPC,D07,RUN5,13.26877235,8,7,31,Respiration,0.7045449114622848,D07_TPC RUN5 31 Respiration,D07_TPC RUN5 Respiration,FALSE,FALSE,FALSE
2025-08-09,Prus,D07_TPC,D07,RUN5,13.26877235,8,7,31,NetPhoto,1.0456781011831882,D07_TPC RUN5 31 NetPhoto,D07_TPC RUN5 NetPhoto,FALSE,FALSE,FALSE
2025-08-09,Prus,D07_TPC,D07,RUN5,13.26877235,8,7,31,GrossPhoto,1.750223012645473,D07_TPC RUN5 31 GrossPhoto,D07_TPC RUN5 GrossPhoto,FALSE,FALSE,FALSE
2025-08-09,Tfro,I07_TPC,I07,RUN5,10.84739316,9,7,31,Respiration,0.6966959846408936,I07_TPC RUN5 31 Respiration,I07_TPC RUN5 Respiration,FALSE,FALSE,FALSE
2025-08-09,Tfro,I07_TPC,I07,RUN5,10.84739316,9,7,31,NetPhoto,0.7157708196347062,I07_TPC RUN5 31 NetPhoto,I07_TPC RUN5 NetPhoto,FALSE,FALSE,FALSE
2025-08-09,Tfro,I07_TPC,I07,RUN5,10.84739316,9,7,31,GrossPhoto,1.4124668042755997,I07_TPC RUN5 31 GrossPhoto,I07_TPC RUN5 GrossPhoto,FALSE,FALSE,FALSE
2025-08-09,Elam,G07_TPC,G07,RUN5,20.22026807,10,7,31,Respiration,0.4861787419549338,G07_TPC RUN5 31 Respiration,G07_TPC RUN5 Respiration,FALSE,FALSE,FALSE
2025-08-09,Elam,G07_TPC,G07,RUN5,20.22026807,10,7,31,NetPhoto,0.7652910435253425,G07_TPC RUN5 31 NetPhoto,G07_TPC RUN5 NetPhoto,FALSE,FALSE,FALSE
2025-08-09,Elam,G07_TPC,G07,RUN5,20.22026807,10,7,31,GrossPhoto,1.2514697854802763,G07_TPC RUN5 31 GrossPhoto,G07_TPC RUN5 GrossPhoto,FALSE,FALSE,FALSE
2025-08-09,Maeq,H07_TPC,H07,RUN5,19.99695246,11,7,31,Respiration,0.3959519514408493,H07_TPC RUN5 31 Respiration,H07_TPC RUN5 Respiration,FALSE,FALSE,FALSE
2025-08-09,Maeq,H07_TPC,H07,RUN5,19.99695246,11,7,31,NetPhoto,0.6710862341985849,H07_TPC RUN5 31 NetPhoto,H07_TPC RUN5 NetPhoto,FALSE,FALSE,FALSE
2025-08-09,Maeq,H07_TPC,H07,RUN5,19.99695246,11,7,31,GrossPhoto,1.0670381856394342,H07_TPC RUN5 31 GrossPhoto,H07_TPC RUN5 GrossPhoto,FALSE,FALSE,FALSE
2025-08-10,Mvie,B08_TPC,B08,RUN6,21.71648261,1,7,31,Respiration,0.35295659290193804,B08_TPC RUN6 31 Respiration,B08_TPC RUN6 Respiration,FALSE,FALSE,FALSE
2025-08-10,Mvie,B08_TPC,B08,RUN6,21.71648261,1,7,31,NetPhoto,0.3495857542971142,B08_TPC RUN6 31 NetPhoto,B08_TPC RUN6 NetPhoto,FALSE,FALSE,FALSE
2025-08-10,Mvie,B08_TPC,B08,RUN6,21.71648261,1,7,31,GrossPhoto,0.7025423471990522,B08_TPC RUN6 31 GrossPhoto,B08_TPC RUN6 GrossPhoto,FALSE,FALSE,FALSE
2025-08-10,Maeq,H08_TPC,H08,RUN6,15.57211329,2,7,31,Respiration,0.4486880361075968,H08_TPC RUN6 31 Respiration,H08_TPC RUN6 Respiration,FALSE,FALSE,FALSE
2025-08-10,Maeq,H08_TPC,H08,RUN6,15.57211329,2,7,31,NetPhoto,0.40806767653545145,H08_TPC RUN6 31 NetPhoto,H08_TPC RUN6 NetPhoto,FALSE,FALSE,FALSE
2025-08-10,Maeq,H08_TPC,H08,RUN6,15.57211329,2,7,31,GrossPhoto,0.8567557126430483,H08_TPC RUN6 31 GrossPhoto,H08_TPC RUN6 GrossPhoto,FALSE,FALSE,FALSE
2025-08-10,Pcyl,A08_TPC,A08,RUN6,13.2751528,3,7,31,Respiration,0.5700789501495787,A08_TPC RUN6 31 Respiration,A08_TPC RUN6 Respiration,FALSE,FALSE,FALSE
2025-08-10,Pcyl,A08_TPC,A08,RUN6,13.2751528,3,7,31,NetPhoto,1.140366832675396,A08_TPC RUN6 31 NetPhoto,A08_TPC RUN6 NetPhoto,FALSE,FALSE,FALSE
2025-08-10,Pcyl,A08_TPC,A08,RUN6,13.2751528,3,7,31,GrossPhoto,1.7104457828249746,A08_TPC RUN6 31 GrossPhoto,A08_TPC RUN6 GrossPhoto,FALSE,FALSE,FALSE
2025-08-10,Fcom,C08_TPC,C08,RUN6,8.907737636,4,7,31,Respiration,0.30076955104297687,C08_TPC RUN6 31 Respiration,C08_TPC RUN6 Respiration,FALSE,FALSE,FALSE
2025-08-10,Fcom,C08_TPC,C08,RUN6,8.907737636,4,7,31,NetPhoto,0.6735503415179546,C08_TPC RUN6 31 NetPhoto,C08_TPC RUN6 NetPhoto,FALSE,FALSE,FALSE
2025-08-10,Fcom,C08_TPC,C08,RUN6,8.907737636,4,7,31,GrossPhoto,0.9743198925609314,C08_TPC RUN6 31 GrossPhoto,C08_TPC RUN6 GrossPhoto,FALSE,FALSE,FALSE
2025-08-10,Peyd,E08_TPC,E08,RUN6,30.03020351,5,7,31,Respiration,0.7207054461526825,E08_TPC RUN6 31 Respiration,E08_TPC RUN6 Respiration,FALSE,FALSE,FALSE
2025-08-10,Peyd,E08_TPC,E08,RUN6,30.03020351,5,7,31,NetPhoto,0.9023463096700088,E08_TPC RUN6 31 NetPhoto,E08_TPC RUN6 NetPhoto,FALSE,FALSE,FALSE
2025-08-10,Peyd,E08_TPC,E08,RUN6,30.03020351,5,7,31,GrossPhoto,1.6230517558226911,E08_TPC RUN6 31 GrossPhoto,E08_TPC RUN6 GrossPhoto,FALSE,FALSE,FALSE
2025-08-10,Prus,D04_TPC,D04,RUN6,15.43174348,6,7,31,Respiration,0.6580355122831788,D04_TPC RUN6 31 Respiration,D04_TPC RUN6 Respiration,FALSE,FALSE,FALSE
2025-08-10,Ahya,J08_TPC,J08,RUN6,15.59444485,7,7,31,Respiration,0.34269399565002784,J08_TPC RUN6 31 Respiration,J08_TPC RUN6 Respiration,FALSE,FALSE,FALSE
2025-08-10,Ahya,J08_TPC,J08,RUN6,15.59444485,7,7,31,NetPhoto,0.7966359050100373,J08_TPC RUN6 31 NetPhoto,J08_TPC RUN6 NetPhoto,FALSE,FALSE,FALSE
2025-08-10,Ahya,J08_TPC,J08,RUN6,15.59444485,7,7,31,GrossPhoto,1.1393299006600652,J08_TPC RUN6 31 GrossPhoto,J08_TPC RUN6 GrossPhoto,FALSE,FALSE,FALSE
2025-08-10,Prug,F08_TPC,F08,RUN6,24.85885218,9,7,31,Respiration,0.5347096991701662,F08_TPC RUN6 31 Respiration,F08_TPC RUN6 Respiration,FALSE,FALSE,FALSE
2025-08-10,Prug,F08_TPC,F08,RUN6,24.85885218,9,7,31,NetPhoto,0.8471419346228266,F08_TPC RUN6 31 NetPhoto,F08_TPC RUN6 NetPhoto,FALSE,FALSE,FALSE
2025-08-10,Prug,F08_TPC,F08,RUN6,24.85885218,9,7,31,GrossPhoto,1.381851633792993,F08_TPC RUN6 31 GrossPhoto,F08_TPC RUN6 GrossPhoto,FALSE,FALSE,FALSE
2025-08-10,Tfro,I08_TPC,I08,RUN6,7.194587934,10,7,31,Respiration,0.7165088427792592,I08_TPC RUN6 31 Respiration,I08_TPC RUN6 Respiration,FALSE,FALSE,FALSE
2025-08-10,Tfro,I08_TPC,I08,RUN6,7.194587934,10,7,31,GrossPhoto,1.8756988434789268,I08_TPC RUN6 31 GrossPhoto,I08_TPC RUN6 GrossPhoto,FALSE,FALSE,FALSE
2025-08-10,Elam,G08_TPC,G08,RUN6,22.74054416,12,7,31,Respiration,0.6239607983750804,G08_TPC RUN6 31 Respiration,G08_TPC RUN6 Respiration,FALSE,FALSE,FALSE
2025-08-10,Elam,G08_TPC,G08,RUN6,22.74054416,12,7,31,NetPhoto,0.9068499004403155,G08_TPC RUN6 31 NetPhoto,G08_TPC RUN6 NetPhoto,FALSE,FALSE,FALSE
2025-08-10,Elam,G08_TPC,G08,RUN6,22.74054416,12,7,31,GrossPhoto,1.530810698815396,G08_TPC RUN6 31 GrossPhoto,G08_TPC RUN6 GrossPhoto,FALSE,FALSE,FALSE
2025-08-01,Pcyl,A01_TPC,A01,RUN1,24.72486281,1,8,32,Respiration,0.7577738146700133,A01_TPC RUN1 32 Respiration,A01_TPC RUN1 Respiration,FALSE,FALSE,FALSE
2025-08-01,Pcyl,A01_TPC,A01,RUN1,24.72486281,1,8,32,NetPhoto,0.7034507380581244,A01_TPC RUN1 32 NetPhoto,A01_TPC RUN1 NetPhoto,FALSE,FALSE,FALSE
2025-08-01,Pcyl,A01_TPC,A01,RUN1,24.72486281,1,8,32,GrossPhoto,1.4612245527281376,A01_TPC RUN1 32 GrossPhoto,A01_TPC RUN1 GrossPhoto,FALSE,FALSE,FALSE
2025-08-01,Elam,G01_TPC,G01,RUN1,20.38296944,2,8,32,Respiration,0.6526234612117153,G01_TPC RUN1 32 Respiration,G01_TPC RUN1 Respiration,FALSE,FALSE,FALSE
2025-08-01,Elam,G01_TPC,G01,RUN1,20.38296944,2,8,32,NetPhoto,0.7718300088721922,G01_TPC RUN1 32 NetPhoto,G01_TPC RUN1 NetPhoto,FALSE,FALSE,FALSE
2025-08-01,Elam,G01_TPC,G01,RUN1,20.38296944,2,8,32,GrossPhoto,1.4244534700839075,G01_TPC RUN1 32 GrossPhoto,G01_TPC RUN1 GrossPhoto,FALSE,FALSE,FALSE
2025-08-01,Fcom,C01_TPC,C01,RUN1,23.69761104,3,8,32,Respiration,0.5415845259007106,C01_TPC RUN1 32 Respiration,C01_TPC RUN1 Respiration,FALSE,FALSE,FALSE
2025-08-01,Fcom,C01_TPC,C01,RUN1,23.69761104,3,8,32,NetPhoto,0.7227624420863192,C01_TPC RUN1 32 NetPhoto,C01_TPC RUN1 NetPhoto,FALSE,FALSE,FALSE
2025-08-01,Fcom,C01_TPC,C01,RUN1,23.69761104,3,8,32,GrossPhoto,1.2643469679870298,C01_TPC RUN1 32 GrossPhoto,C01_TPC RUN1 GrossPhoto,FALSE,FALSE,FALSE
2025-08-01,Prug,F01_TPC,F01,RUN1,14.38535037,4,8,32,Respiration,0.4122033677025506,F01_TPC RUN1 32 Respiration,F01_TPC RUN1 Respiration,FALSE,FALSE,FALSE
2025-08-01,Prug,F01_TPC,F01,RUN1,14.38535037,4,8,32,NetPhoto,0.6814943536429708,F01_TPC RUN1 32 NetPhoto,F01_TPC RUN1 NetPhoto,FALSE,FALSE,FALSE
2025-08-01,Prug,F01_TPC,F01,RUN1,14.38535037,4,8,32,GrossPhoto,1.0936977213455217,F01_TPC RUN1 32 GrossPhoto,F01_TPC RUN1 GrossPhoto,FALSE,FALSE,FALSE
2025-08-01,Peyd,E01_TPC,E01,RUN1,33.93822657,5,8,32,Respiration,0.623878921892234,E01_TPC RUN1 32 Respiration,E01_TPC RUN1 Respiration,FALSE,FALSE,FALSE
2025-08-01,Peyd,E01_TPC,E01,RUN1,33.93822657,5,8,32,NetPhoto,0.5671339602662998,E01_TPC RUN1 32 NetPhoto,E01_TPC RUN1 NetPhoto,FALSE,FALSE,FALSE
2025-08-01,Peyd,E01_TPC,E01,RUN1,33.93822657,5,8,32,GrossPhoto,1.191012882158534,E01_TPC RUN1 32 GrossPhoto,E01_TPC RUN1 GrossPhoto,FALSE,FALSE,FALSE
2025-08-01,Ahya,J01_TPC,J01,RUN1,16.22929921,7,8,32,Respiration,0.5580985396447352,J01_TPC RUN1 32 Respiration,J01_TPC RUN1 Respiration,FALSE,FALSE,FALSE
2025-08-01,Ahya,J01_TPC,J01,RUN1,16.22929921,7,8,32,NetPhoto,0.6415898316831526,J01_TPC RUN1 32 NetPhoto,J01_TPC RUN1 NetPhoto,FALSE,FALSE,FALSE
2025-08-01,Ahya,J01_TPC,J01,RUN1,16.22929921,7,8,32,GrossPhoto,1.199688371327888,J01_TPC RUN1 32 GrossPhoto,J01_TPC RUN1 GrossPhoto,FALSE,FALSE,FALSE
2025-08-01,Tfro,I01_TPC,I01,RUN1,26.20193602,8,8,32,Respiration,0.6943758861307243,I01_TPC RUN1 32 Respiration,I01_TPC RUN1 Respiration,FALSE,FALSE,FALSE
2025-08-01,Tfro,I01_TPC,I01,RUN1,26.20193602,8,8,32,NetPhoto,0.3859741565304875,I01_TPC RUN1 32 NetPhoto,I01_TPC RUN1 NetPhoto,FALSE,FALSE,FALSE
2025-08-01,Tfro,I01_TPC,I01,RUN1,26.20193602,8,8,32,GrossPhoto,1.0803500426612118,I01_TPC RUN1 32 GrossPhoto,I01_TPC RUN1 GrossPhoto,FALSE,FALSE,FALSE
2025-08-01,Mvie,B01_TPC,B01,RUN1,19.26639142,10,8,32,Respiration,0.6215840053875579,B01_TPC RUN1 32 Respiration,B01_TPC RUN1 Respiration,FALSE,FALSE,FALSE
2025-08-01,Mvie,B01_TPC,B01,RUN1,19.26639142,10,8,32,NetPhoto,0.7181470962584748,B01_TPC RUN1 32 NetPhoto,B01_TPC RUN1 NetPhoto,FALSE,FALSE,FALSE
2025-08-01,Mvie,B01_TPC,B01,RUN1,19.26639142,10,8,32,GrossPhoto,1.3397311016460327,B01_TPC RUN1 32 GrossPhoto,B01_TPC RUN1 GrossPhoto,FALSE,FALSE,FALSE
2025-08-01,Maeq,H01_TPC,H01,RUN1,32.84078989,11,8,32,Respiration,0.6526089038389746,H01_TPC RUN1 32 Respiration,H01_TPC RUN1 Respiration,FALSE,FALSE,FALSE
2025-08-01,Maeq,H01_TPC,H01,RUN1,32.84078989,11,8,32,NetPhoto,0.3267374945278465,H01_TPC RUN1 32 NetPhoto,H01_TPC RUN1 NetPhoto,FALSE,FALSE,FALSE
2025-08-01,Maeq,H01_TPC,H01,RUN1,32.84078989,11,8,32,GrossPhoto,0.9793463983668212,H01_TPC RUN1 32 GrossPhoto,H01_TPC RUN1 GrossPhoto,FALSE,FALSE,FALSE
2025-08-01,Prus,D01_TPC,D01,RUN1,28.54674986,12,8,32,Respiration,0.6902328005987786,D01_TPC RUN1 32 Respiration,D01_TPC RUN1 Respiration,FALSE,FALSE,FALSE
2025-08-01,Prus,D01_TPC,D01,RUN1,28.54674986,12,8,32,NetPhoto,0.6562021380389175,D01_TPC RUN1 32 NetPhoto,D01_TPC RUN1 NetPhoto,FALSE,FALSE,FALSE
2025-08-01,Prus,D01_TPC,D01,RUN1,28.54674986,12,8,32,GrossPhoto,1.346434938637696,D01_TPC RUN1 32 GrossPhoto,D01_TPC RUN1 GrossPhoto,FALSE,FALSE,FALSE
2025-08-02,Elam,G02_TPC,G02,RUN2,16.88329491,1,8,32,Respiration,0.6564388752127396,G02_TPC RUN2 32 Respiration,G02_TPC RUN2 Respiration,FALSE,FALSE,FALSE
2025-08-02,Elam,G02_TPC,G02,RUN2,16.88329491,1,8,32,NetPhoto,0.856527412940286,G02_TPC RUN2 32 NetPhoto,G02_TPC RUN2 NetPhoto,FALSE,FALSE,FALSE
2025-08-02,Elam,G02_TPC,G02,RUN2,16.88329491,1,8,32,GrossPhoto,1.5129662881530257,G02_TPC RUN2 32 GrossPhoto,G02_TPC RUN2 GrossPhoto,FALSE,FALSE,FALSE
2025-08-02,Peyd,E02_TPC,E02,RUN2,34.41995023,2,8,32,Respiration,0.5785212187213534,E02_TPC RUN2 32 Respiration,E02_TPC RUN2 Respiration,FALSE,FALSE,FALSE
2025-08-02,Peyd,E02_TPC,E02,RUN2,34.41995023,2,8,32,NetPhoto,0.607199466685905,E02_TPC RUN2 32 NetPhoto,E02_TPC RUN2 NetPhoto,FALSE,FALSE,FALSE
2025-08-02,Peyd,E02_TPC,E02,RUN2,34.41995023,2,8,32,GrossPhoto,1.1857206854072584,E02_TPC RUN2 32 GrossPhoto,E02_TPC RUN2 GrossPhoto,FALSE,FALSE,FALSE
2025-08-02,Prug,F04_TPC,F04,RUN2,22.44704366,3,8,32,Respiration,0.5791983506759144,F04_TPC RUN2 32 Respiration,F04_TPC RUN2 Respiration,FALSE,FALSE,FALSE
2025-08-02,Prug,F04_TPC,F04,RUN2,22.44704366,3,8,32,NetPhoto,0.7457293570700267,F04_TPC RUN2 32 NetPhoto,F04_TPC RUN2 NetPhoto,FALSE,FALSE,FALSE
2025-08-02,Prug,F04_TPC,F04,RUN2,22.44704366,3,8,32,GrossPhoto,1.3249277077459412,F04_TPC RUN2 32 GrossPhoto,F04_TPC RUN2 GrossPhoto,FALSE,FALSE,FALSE
2025-08-02,Prus,D02_TPC,D02,RUN2,18.28699298,4,8,32,Respiration,0.8298295653060459,D02_TPC RUN2 32 Respiration,D02_TPC RUN2 Respiration,FALSE,FALSE,FALSE
2025-08-02,Prus,D02_TPC,D02,RUN2,18.28699298,4,8,32,NetPhoto,0.7424580292411956,D02_TPC RUN2 32 NetPhoto,D02_TPC RUN2 NetPhoto,FALSE,FALSE,FALSE
2025-08-02,Prus,D02_TPC,D02,RUN2,18.28699298,4,8,32,GrossPhoto,1.5722875945472414,D02_TPC RUN2 32 GrossPhoto,D02_TPC RUN2 GrossPhoto,FALSE,FALSE,FALSE
2025-08-02,Pcyl,A02_TPC,A02,RUN2,19.14835317,5,8,32,Respiration,0.807239997522898,A02_TPC RUN2 32 Respiration,A02_TPC RUN2 Respiration,FALSE,FALSE,FALSE
2025-08-02,Pcyl,A02_TPC,A02,RUN2,19.14835317,5,8,32,NetPhoto,0.6164352060047125,A02_TPC RUN2 32 NetPhoto,A02_TPC RUN2 NetPhoto,FALSE,FALSE,FALSE
2025-08-02,Pcyl,A02_TPC,A02,RUN2,19.14835317,5,8,32,GrossPhoto,1.4236752035276106,A02_TPC RUN2 32 GrossPhoto,A02_TPC RUN2 GrossPhoto,FALSE,FALSE,FALSE
2025-08-02,Tfro,I02_TPC,I02,RUN2,24.37074807,6,8,32,Respiration,0.6235329485712878,I02_TPC RUN2 32 Respiration,I02_TPC RUN2 Respiration,FALSE,FALSE,FALSE
2025-08-02,Tfro,I02_TPC,I02,RUN2,24.37074807,6,8,32,NetPhoto,0.6282389140721877,I02_TPC RUN2 32 NetPhoto,I02_TPC RUN2 NetPhoto,FALSE,FALSE,FALSE
2025-08-02,Tfro,I02_TPC,I02,RUN2,24.37074807,6,8,32,GrossPhoto,1.2517718626434755,I02_TPC RUN2 32 GrossPhoto,I02_TPC RUN2 GrossPhoto,FALSE,FALSE,FALSE
2025-08-02,Fcom,C02_TPC,C02,RUN2,24.72805304,8,8,32,Respiration,0.7271027975197213,C02_TPC RUN2 32 Respiration,C02_TPC RUN2 Respiration,FALSE,FALSE,FALSE
2025-08-02,Fcom,C02_TPC,C02,RUN2,24.72805304,8,8,32,NetPhoto,0.9122959190892448,C02_TPC RUN2 32 NetPhoto,C02_TPC RUN2 NetPhoto,FALSE,FALSE,FALSE
2025-08-02,Fcom,C02_TPC,C02,RUN2,24.72805304,8,8,32,GrossPhoto,1.639398716608966,C02_TPC RUN2 32 GrossPhoto,C02_TPC RUN2 GrossPhoto,FALSE,FALSE,FALSE
2025-08-02,Ahya,J02_TPC,J02,RUN2,20.79769841,9,8,32,Respiration,0.4939255349413527,J02_TPC RUN2 32 Respiration,J02_TPC RUN2 Respiration,FALSE,FALSE,FALSE
2025-08-02,Ahya,J02_TPC,J02,RUN2,20.79769841,9,8,32,NetPhoto,0.4554925247691626,J02_TPC RUN2 32 NetPhoto,J02_TPC RUN2 NetPhoto,FALSE,FALSE,FALSE
2025-08-02,Ahya,J02_TPC,J02,RUN2,20.79769841,9,8,32,GrossPhoto,0.9494180597105152,J02_TPC RUN2 32 GrossPhoto,J02_TPC RUN2 GrossPhoto,FALSE,FALSE,FALSE
2025-08-02,Mvie,B02_TPC,B02,RUN2,18.64110773,10,8,32,Respiration,0.49896790494978066,B02_TPC RUN2 32 Respiration,B02_TPC RUN2 Respiration,FALSE,FALSE,FALSE
2025-08-02,Mvie,B02_TPC,B02,RUN2,18.64110773,10,8,32,NetPhoto,0.5701164278258384,B02_TPC RUN2 32 NetPhoto,B02_TPC RUN2 NetPhoto,FALSE,FALSE,FALSE
2025-08-02,Mvie,B02_TPC,B02,RUN2,18.64110773,10,8,32,GrossPhoto,1.069084332775619,B02_TPC RUN2 32 GrossPhoto,B02_TPC RUN2 GrossPhoto,FALSE,FALSE,FALSE
2025-08-02,Maeq,H02_TPC,H02,RUN2,37.79520607,12,8,32,Respiration,0.25857008762524497,H02_TPC RUN2 32 Respiration,H02_TPC RUN2 Respiration,FALSE,FALSE,FALSE
2025-08-02,Maeq,H02_TPC,H02,RUN2,37.79520607,12,8,32,NetPhoto,0.4251890991130979,H02_TPC RUN2 32 NetPhoto,H02_TPC RUN2 NetPhoto,FALSE,FALSE,FALSE
2025-08-02,Maeq,H02_TPC,H02,RUN2,37.79520607,12,8,32,GrossPhoto,0.6837591867383428,H02_TPC RUN2 32 GrossPhoto,H02_TPC RUN2 GrossPhoto,FALSE,FALSE,FALSE
2025-08-03,Peyd,E03_TPC,E03,RUN3,37.62293403,1,8,32,Respiration,0.5282805142225523,E03_TPC RUN3 32 Respiration,E03_TPC RUN3 Respiration,FALSE,FALSE,FALSE
2025-08-03,Peyd,E03_TPC,E03,RUN3,37.62293403,1,8,32,NetPhoto,0.6220065909914171,E03_TPC RUN3 32 NetPhoto,E03_TPC RUN3 NetPhoto,FALSE,FALSE,FALSE
2025-08-03,Peyd,E03_TPC,E03,RUN3,37.62293403,1,8,32,GrossPhoto,1.1502871052139694,E03_TPC RUN3 32 GrossPhoto,E03_TPC RUN3 GrossPhoto,FALSE,FALSE,FALSE
2025-08-03,Tfro,I03_TPC,I03,RUN3,30.56935118,2,8,32,Respiration,0.5680043893755576,I03_TPC RUN3 32 Respiration,I03_TPC RUN3 Respiration,FALSE,FALSE,FALSE
2025-08-03,Tfro,I03_TPC,I03,RUN3,30.56935118,2,8,32,NetPhoto,0.4469068671104529,I03_TPC RUN3 32 NetPhoto,I03_TPC RUN3 NetPhoto,FALSE,FALSE,FALSE
2025-08-03,Tfro,I03_TPC,I03,RUN3,30.56935118,2,8,32,GrossPhoto,1.0149112564860103,I03_TPC RUN3 32 GrossPhoto,I03_TPC RUN3 GrossPhoto,FALSE,FALSE,FALSE
2025-08-03,Pcyl,A03_TPC,A03,RUN3,19.11326072,3,8,32,Respiration,0.6940051634325906,A03_TPC RUN3 32 Respiration,A03_TPC RUN3 Respiration,FALSE,FALSE,FALSE
2025-08-03,Pcyl,A03_TPC,A03,RUN3,19.11326072,3,8,32,NetPhoto,0.7670483190476024,A03_TPC RUN3 32 NetPhoto,A03_TPC RUN3 NetPhoto,FALSE,FALSE,FALSE
2025-08-03,Pcyl,A03_TPC,A03,RUN3,19.11326072,3,8,32,GrossPhoto,1.4610534824801928,A03_TPC RUN3 32 GrossPhoto,A03_TPC RUN3 GrossPhoto,FALSE,FALSE,FALSE
2025-08-03,Maeq,H04_TPC,H04,RUN3,41.64580512,4,8,32,Respiration,0.4018897359868004,H04_TPC RUN3 32 Respiration,H04_TPC RUN3 Respiration,FALSE,FALSE,FALSE
2025-08-03,Maeq,H04_TPC,H04,RUN3,41.64580512,4,8,32,NetPhoto,0.5767602722373242,H04_TPC RUN3 32 NetPhoto,H04_TPC RUN3 NetPhoto,FALSE,FALSE,FALSE
2025-08-03,Maeq,H04_TPC,H04,RUN3,41.64580512,4,8,32,GrossPhoto,0.9786500082241244,H04_TPC RUN3 32 GrossPhoto,H04_TPC RUN3 GrossPhoto,FALSE,FALSE,FALSE
2025-08-03,Prug,F03_TPC,F03,RUN3,17.6489484,6,8,32,Respiration,0.6531141978236465,F03_TPC RUN3 32 Respiration,F03_TPC RUN3 Respiration,FALSE,FALSE,FALSE
2025-08-03,Prug,F03_TPC,F03,RUN3,17.6489484,6,8,32,NetPhoto,1.004045220446208,F03_TPC RUN3 32 NetPhoto,F03_TPC RUN3 NetPhoto,FALSE,FALSE,FALSE
2025-08-03,Prug,F03_TPC,F03,RUN3,17.6489484,6,8,32,GrossPhoto,1.6571594182698546,F03_TPC RUN3 32 GrossPhoto,F03_TPC RUN3 GrossPhoto,FALSE,FALSE,FALSE
2025-08-03,Ahya,J03_TPC,J03,RUN3,29.80688791,7,8,32,Respiration,0.6403607740674468,J03_TPC RUN3 32 Respiration,J03_TPC RUN3 Respiration,FALSE,FALSE,FALSE
2025-08-03,Ahya,J03_TPC,J03,RUN3,29.80688791,7,8,32,NetPhoto,0.7562271692145119,J03_TPC RUN3 32 NetPhoto,J03_TPC RUN3 NetPhoto,FALSE,FALSE,FALSE
2025-08-03,Ahya,J03_TPC,J03,RUN3,29.80688791,7,8,32,GrossPhoto,1.3965879432819588,J03_TPC RUN3 32 GrossPhoto,J03_TPC RUN3 GrossPhoto,FALSE,FALSE,FALSE
2025-08-03,Mvie,B03_TPC,B03,RUN3,17.06832783,8,8,32,Respiration,0.592276809760389,B03_TPC RUN3 32 Respiration,B03_TPC RUN3 Respiration,FALSE,FALSE,FALSE
2025-08-03,Mvie,B03_TPC,B03,RUN3,17.06832783,8,8,32,NetPhoto,0.590423106729402,B03_TPC RUN3 32 NetPhoto,B03_TPC RUN3 NetPhoto,FALSE,FALSE,FALSE
2025-08-03,Mvie,B03_TPC,B03,RUN3,17.06832783,8,8,32,GrossPhoto,1.1826999164897911,B03_TPC RUN3 32 GrossPhoto,B03_TPC RUN3 GrossPhoto,FALSE,FALSE,FALSE
2025-08-03,Fcom,C03_TPC,C03,RUN3,26.45396363,9,8,32,Respiration,0.8733148968096454,C03_TPC RUN3 32 Respiration,C03_TPC RUN3 Respiration,FALSE,FALSE,FALSE
2025-08-03,Fcom,C03_TPC,C03,RUN3,26.45396363,9,8,32,NetPhoto,1.4231124701835225,C03_TPC RUN3 32 NetPhoto,C03_TPC RUN3 NetPhoto,FALSE,FALSE,FALSE
2025-08-03,Fcom,C03_TPC,C03,RUN3,26.45396363,9,8,32,GrossPhoto,2.296427366993168,C03_TPC RUN3 32 GrossPhoto,C03_TPC RUN3 GrossPhoto,FALSE,FALSE,FALSE
2025-08-03,Elam,G05_TPC,G05,RUN3,17.26931188,11,8,32,Respiration,0.6734719084808045,G05_TPC RUN3 32 Respiration,G05_TPC RUN3 Respiration,FALSE,FALSE,FALSE
2025-08-03,Elam,G05_TPC,G05,RUN3,17.26931188,11,8,32,NetPhoto,0.993455005711318,G05_TPC RUN3 32 NetPhoto,G05_TPC RUN3 NetPhoto,FALSE,FALSE,FALSE
2025-08-03,Elam,G05_TPC,G05,RUN3,17.26931188,11,8,32,GrossPhoto,1.6669269141921226,G05_TPC RUN3 32 GrossPhoto,G05_TPC RUN3 GrossPhoto,FALSE,FALSE,FALSE
2025-08-03,Prus,D03_TPC,D03,RUN3,17.32354567,12,8,32,Respiration,0.6762213938392099,D03_TPC RUN3 32 Respiration,D03_TPC RUN3 Respiration,FALSE,FALSE,FALSE
2025-08-03,Prus,D03_TPC,D03,RUN3,17.32354567,12,8,32,NetPhoto,0.6374808112206835,D03_TPC RUN3 32 NetPhoto,D03_TPC RUN3 NetPhoto,FALSE,FALSE,FALSE
2025-08-03,Prus,D03_TPC,D03,RUN3,17.32354567,12,8,32,GrossPhoto,1.3137022050598932,D03_TPC RUN3 32 GrossPhoto,D03_TPC RUN3 GrossPhoto,FALSE,FALSE,FALSE
2025-08-08,Tfro,I06_TPC,I06,RUN4,22.32262496,1,8,32,Respiration,0.3027584963484641,I06_TPC RUN4 32 Respiration,I06_TPC RUN4 Respiration,FALSE,FALSE,FALSE
2025-08-08,Tfro,I06_TPC,I06,RUN4,22.32262496,1,8,32,NetPhoto,0.2407813094327212,I06_TPC RUN4 32 NetPhoto,I06_TPC RUN4 NetPhoto,FALSE,FALSE,FALSE
2025-08-08,Tfro,I06_TPC,I06,RUN4,22.32262496,1,8,32,GrossPhoto,0.5435398057811853,I06_TPC RUN4 32 GrossPhoto,I06_TPC RUN4 GrossPhoto,FALSE,FALSE,FALSE
2025-08-08,Ahya,J06_TPC,J06,RUN4,15.5880644,3,8,32,Respiration,0.1287291484470608,J06_TPC RUN4 32 Respiration,J06_TPC RUN4 Respiration,FALSE,FALSE,FALSE
2025-08-08,Ahya,J06_TPC,J06,RUN4,15.5880644,3,8,32,NetPhoto,0.39242676708745267,J06_TPC RUN4 32 NetPhoto,J06_TPC RUN4 NetPhoto,FALSE,FALSE,FALSE
2025-08-08,Ahya,J06_TPC,J06,RUN4,15.5880644,3,8,32,GrossPhoto,0.5211559155345135,J06_TPC RUN4 32 GrossPhoto,J06_TPC RUN4 GrossPhoto,FALSE,FALSE,FALSE
2025-08-08,Pcyl,A06_TPC,A06,RUN4,17.41606213,4,8,32,Respiration,0.3395955826065778,A06_TPC RUN4 32 Respiration,A06_TPC RUN4 Respiration,FALSE,FALSE,FALSE
2025-08-08,Pcyl,A06_TPC,A06,RUN4,17.41606213,4,8,32,NetPhoto,0.6665396592795895,A06_TPC RUN4 32 NetPhoto,A06_TPC RUN4 NetPhoto,FALSE,FALSE,FALSE
2025-08-08,Pcyl,A06_TPC,A06,RUN4,17.41606213,4,8,32,GrossPhoto,1.006135241886167,A06_TPC RUN4 32 GrossPhoto,A06_TPC RUN4 GrossPhoto,FALSE,FALSE,FALSE
2025-08-08,Maeq,H06_TPC,H06,RUN4,24.44093297,5,8,32,Respiration,0.20626814334319657,H06_TPC RUN4 32 Respiration,H06_TPC RUN4 Respiration,FALSE,FALSE,FALSE
2025-08-08,Maeq,H06_TPC,H06,RUN4,24.44093297,5,8,32,NetPhoto,0.17527841693125,H06_TPC RUN4 32 NetPhoto,H06_TPC RUN4 NetPhoto,FALSE,FALSE,FALSE
2025-08-08,Maeq,H06_TPC,H06,RUN4,24.44093297,5,8,32,GrossPhoto,0.38154656027444656,H06_TPC RUN4 32 GrossPhoto,H06_TPC RUN4 GrossPhoto,FALSE,FALSE,FALSE
2025-08-08,Elam,G06_TPC,G06,RUN4,22.13759203,8,8,32,Respiration,0.3751346177481511,G06_TPC RUN4 32 Respiration,G06_TPC RUN4 Respiration,FALSE,FALSE,FALSE
2025-08-08,Elam,G06_TPC,G06,RUN4,22.13759203,8,8,32,NetPhoto,0.37069808208993793,G06_TPC RUN4 32 NetPhoto,G06_TPC RUN4 NetPhoto,FALSE,FALSE,FALSE
2025-08-08,Elam,G06_TPC,G06,RUN4,22.13759203,8,8,32,GrossPhoto,0.7458326998380891,G06_TPC RUN4 32 GrossPhoto,G06_TPC RUN4 GrossPhoto,FALSE,FALSE,FALSE
2025-08-08,Peyd,E06_TPC,E06,RUN4,44.66694621,9,8,32,Respiration,0.713256140196357,E06_TPC RUN4 32 Respiration,E06_TPC RUN4 Respiration,FALSE,FALSE,FALSE
2025-08-08,Peyd,E06_TPC,E06,RUN4,44.66694621,9,8,32,NetPhoto,0.45001790684825255,E06_TPC RUN4 32 NetPhoto,E06_TPC RUN4 NetPhoto,FALSE,FALSE,FALSE
2025-08-08,Peyd,E06_TPC,E06,RUN4,44.66694621,9,8,32,GrossPhoto,1.1632740470446097,E06_TPC RUN4 32 GrossPhoto,E06_TPC RUN4 GrossPhoto,FALSE,FALSE,FALSE
2025-08-08,Prus,D06_TPC,D06,RUN4,16.312245,10,8,32,Respiration,0.4368940536286886,D06_TPC RUN4 32 Respiration,D06_TPC RUN4 Respiration,FALSE,FALSE,FALSE
2025-08-08,Prus,D06_TPC,D06,RUN4,16.312245,10,8,32,NetPhoto,0.7628669010656661,D06_TPC RUN4 32 NetPhoto,D06_TPC RUN4 NetPhoto,FALSE,FALSE,FALSE
2025-08-08,Prus,D06_TPC,D06,RUN4,16.312245,10,8,32,GrossPhoto,1.1997609546943546,D06_TPC RUN4 32 GrossPhoto,D06_TPC RUN4 GrossPhoto,FALSE,FALSE,FALSE
2025-08-08,Prug,F06_TPC,F06,RUN4,20.08308848,11,8,32,Respiration,0.3269765478930248,F06_TPC RUN4 32 Respiration,F06_TPC RUN4 Respiration,FALSE,FALSE,FALSE
2025-08-08,Prug,F06_TPC,F06,RUN4,20.08308848,11,8,32,NetPhoto,1.0292666639313814,F06_TPC RUN4 32 NetPhoto,F06_TPC RUN4 NetPhoto,FALSE,FALSE,FALSE
2025-08-08,Prug,F06_TPC,F06,RUN4,20.08308848,11,8,32,GrossPhoto,1.3562432118244063,F06_TPC RUN4 32 GrossPhoto,F06_TPC RUN4 GrossPhoto,FALSE,FALSE,FALSE
2025-08-08,Mvie,B06_TPC,B06,RUN4,13.28791369,12,8,32,Respiration,0.18795318623220153,B06_TPC RUN4 32 Respiration,B06_TPC RUN4 Respiration,FALSE,FALSE,FALSE
2025-08-08,Mvie,B06_TPC,B06,RUN4,13.28791369,12,8,32,NetPhoto,0.3852184039335232,B06_TPC RUN4 32 NetPhoto,B06_TPC RUN4 NetPhoto,FALSE,FALSE,FALSE
2025-08-08,Mvie,B06_TPC,B06,RUN4,13.28791369,12,8,32,GrossPhoto,0.5731715901657247,B06_TPC RUN4 32 GrossPhoto,B06_TPC RUN4 GrossPhoto,FALSE,FALSE,FALSE
2025-08-09,Mvie,B07_TPC,B07,RUN5,13.30067458,1,8,32,Respiration,0.4892155638121165,B07_TPC RUN5 32 Respiration,B07_TPC RUN5 Respiration,FALSE,FALSE,FALSE
2025-08-09,Mvie,B07_TPC,B07,RUN5,13.30067458,1,8,32,NetPhoto,0.8988992360126569,B07_TPC RUN5 32 NetPhoto,B07_TPC RUN5 NetPhoto,FALSE,FALSE,FALSE
2025-08-09,Mvie,B07_TPC,B07,RUN5,13.30067458,1,8,32,GrossPhoto,1.3881147998247734,B07_TPC RUN5 32 GrossPhoto,B07_TPC RUN5 GrossPhoto,FALSE,FALSE,FALSE
2025-08-09,Pcyl,A07_TPC,A07,RUN5,13.81749069,2,8,32,Respiration,0.5311495609056603,A07_TPC RUN5 32 Respiration,A07_TPC RUN5 Respiration,FALSE,FALSE,FALSE
2025-08-09,Pcyl,A07_TPC,A07,RUN5,13.81749069,2,8,32,NetPhoto,1.0910005917367915,A07_TPC RUN5 32 NetPhoto,A07_TPC RUN5 NetPhoto,FALSE,FALSE,FALSE
2025-08-09,Pcyl,A07_TPC,A07,RUN5,13.81749069,2,8,32,GrossPhoto,1.622150152642452,A07_TPC RUN5 32 GrossPhoto,A07_TPC RUN5 GrossPhoto,FALSE,FALSE,FALSE
2025-08-09,Peyd,E07_TPC,E07,RUN5,18.03177515,3,8,32,Respiration,0.4703722619867987,E07_TPC RUN5 32 Respiration,E07_TPC RUN5 Respiration,FALSE,FALSE,FALSE
2025-08-09,Peyd,E07_TPC,E07,RUN5,18.03177515,3,8,32,NetPhoto,1.0350813356907334,E07_TPC RUN5 32 NetPhoto,E07_TPC RUN5 NetPhoto,FALSE,FALSE,FALSE
2025-08-09,Peyd,E07_TPC,E07,RUN5,18.03177515,3,8,32,GrossPhoto,1.505453597677532,E07_TPC RUN5 32 GrossPhoto,E07_TPC RUN5 GrossPhoto,FALSE,FALSE,FALSE
2025-08-09,Ahya,J07_TPC,J07,RUN5,16.49727793,4,8,32,Respiration,0.4296522459016805,J07_TPC RUN5 32 Respiration,J07_TPC RUN5 Respiration,FALSE,FALSE,FALSE
2025-08-09,Ahya,J07_TPC,J07,RUN5,16.49727793,4,8,32,NetPhoto,0.8306309959655378,J07_TPC RUN5 32 NetPhoto,J07_TPC RUN5 NetPhoto,FALSE,FALSE,FALSE
2025-08-09,Ahya,J07_TPC,J07,RUN5,16.49727793,4,8,32,GrossPhoto,1.2602832418672183,J07_TPC RUN5 32 GrossPhoto,J07_TPC RUN5 GrossPhoto,FALSE,FALSE,FALSE
2025-08-09,Fcom,C07_TPC,C07,RUN5,12.85404337,5,8,32,Respiration,0.5294192685638175,C07_TPC RUN5 32 Respiration,C07_TPC RUN5 Respiration,FALSE,FALSE,FALSE
2025-08-09,Fcom,C07_TPC,C07,RUN5,12.85404337,5,8,32,NetPhoto,1.4135936817554997,C07_TPC RUN5 32 NetPhoto,C07_TPC RUN5 NetPhoto,FALSE,FALSE,FALSE
2025-08-09,Fcom,C07_TPC,C07,RUN5,12.85404337,5,8,32,GrossPhoto,1.9430129503193172,C07_TPC RUN5 32 GrossPhoto,C07_TPC RUN5 GrossPhoto,FALSE,FALSE,FALSE
2025-08-09,Prug,F07_TPC,F07,RUN5,25.48732609,6,8,32,Respiration,0.679080558947065,F07_TPC RUN5 32 Respiration,F07_TPC RUN5 Respiration,FALSE,FALSE,FALSE
2025-08-09,Prug,F07_TPC,F07,RUN5,25.48732609,6,8,32,NetPhoto,1.1101781098420125,F07_TPC RUN5 32 NetPhoto,F07_TPC RUN5 NetPhoto,FALSE,FALSE,FALSE
2025-08-09,Prug,F07_TPC,F07,RUN5,25.48732609,6,8,32,GrossPhoto,1.7892586687890777,F07_TPC RUN5 32 GrossPhoto,F07_TPC RUN5 GrossPhoto,FALSE,FALSE,FALSE
2025-08-09,Prus,D07_TPC,D07,RUN5,13.26877235,8,8,32,Respiration,0.4997081444162387,D07_TPC RUN5 32 Respiration,D07_TPC RUN5 Respiration,FALSE,FALSE,FALSE
2025-08-09,Prus,D07_TPC,D07,RUN5,13.26877235,8,8,32,NetPhoto,0.9453046472004926,D07_TPC RUN5 32 NetPhoto,D07_TPC RUN5 NetPhoto,FALSE,FALSE,FALSE
2025-08-09,Prus,D07_TPC,D07,RUN5,13.26877235,8,8,32,GrossPhoto,1.4450127916167312,D07_TPC RUN5 32 GrossPhoto,D07_TPC RUN5 GrossPhoto,FALSE,FALSE,FALSE
2025-08-09,Tfro,I07_TPC,I07,RUN5,10.84739316,9,8,32,Respiration,0.529269604210276,I07_TPC RUN5 32 Respiration,I07_TPC RUN5 Respiration,FALSE,FALSE,FALSE
2025-08-09,Tfro,I07_TPC,I07,RUN5,10.84739316,9,8,32,NetPhoto,0.7538106952260522,I07_TPC RUN5 32 NetPhoto,I07_TPC RUN5 NetPhoto,FALSE,FALSE,FALSE
2025-08-09,Tfro,I07_TPC,I07,RUN5,10.84739316,9,8,32,GrossPhoto,1.2830802994363282,I07_TPC RUN5 32 GrossPhoto,I07_TPC RUN5 GrossPhoto,FALSE,FALSE,FALSE
2025-08-09,Elam,G07_TPC,G07,RUN5,20.22026807,10,8,32,Respiration,0.3983313630798411,G07_TPC RUN5 32 Respiration,G07_TPC RUN5 Respiration,FALSE,FALSE,FALSE
2025-08-09,Elam,G07_TPC,G07,RUN5,20.22026807,10,8,32,NetPhoto,0.6978451819934883,G07_TPC RUN5 32 NetPhoto,G07_TPC RUN5 NetPhoto,FALSE,FALSE,FALSE
2025-08-09,Elam,G07_TPC,G07,RUN5,20.22026807,10,8,32,GrossPhoto,1.0961765450733294,G07_TPC RUN5 32 GrossPhoto,G07_TPC RUN5 GrossPhoto,FALSE,FALSE,FALSE
2025-08-09,Maeq,H07_TPC,H07,RUN5,19.99695246,11,8,32,Respiration,0.30682591113081537,H07_TPC RUN5 32 Respiration,H07_TPC RUN5 Respiration,FALSE,FALSE,FALSE
2025-08-09,Maeq,H07_TPC,H07,RUN5,19.99695246,11,8,32,NetPhoto,0.648072995038154,H07_TPC RUN5 32 NetPhoto,H07_TPC RUN5 NetPhoto,FALSE,FALSE,FALSE
2025-08-09,Maeq,H07_TPC,H07,RUN5,19.99695246,11,8,32,GrossPhoto,0.9548989061689692,H07_TPC RUN5 32 GrossPhoto,H07_TPC RUN5 GrossPhoto,FALSE,FALSE,FALSE
2025-08-10,Mvie,B08_TPC,B08,RUN6,21.71648261,1,8,32,Respiration,0.35770787516284885,B08_TPC RUN6 32 Respiration,B08_TPC RUN6 Respiration,FALSE,FALSE,FALSE
2025-08-10,Mvie,B08_TPC,B08,RUN6,21.71648261,1,8,32,NetPhoto,0.32452600024270206,B08_TPC RUN6 32 NetPhoto,B08_TPC RUN6 NetPhoto,FALSE,FALSE,FALSE
2025-08-10,Mvie,B08_TPC,B08,RUN6,21.71648261,1,8,32,GrossPhoto,0.6822338754055509,B08_TPC RUN6 32 GrossPhoto,B08_TPC RUN6 GrossPhoto,FALSE,FALSE,FALSE
2025-08-10,Maeq,H08_TPC,H08,RUN6,15.57211329,2,8,32,Respiration,0.449500906043187,H08_TPC RUN6 32 Respiration,H08_TPC RUN6 Respiration,FALSE,FALSE,FALSE
2025-08-10,Maeq,H08_TPC,H08,RUN6,15.57211329,2,8,32,NetPhoto,0.4476059120753139,H08_TPC RUN6 32 NetPhoto,H08_TPC RUN6 NetPhoto,FALSE,FALSE,FALSE
2025-08-10,Maeq,H08_TPC,H08,RUN6,15.57211329,2,8,32,GrossPhoto,0.8971068181185009,H08_TPC RUN6 32 GrossPhoto,H08_TPC RUN6 GrossPhoto,FALSE,FALSE,FALSE
2025-08-10,Pcyl,A08_TPC,A08,RUN6,13.2751528,3,8,32,Respiration,0.5868892342657127,A08_TPC RUN6 32 Respiration,A08_TPC RUN6 Respiration,FALSE,FALSE,FALSE
2025-08-10,Pcyl,A08_TPC,A08,RUN6,13.2751528,3,8,32,NetPhoto,1.1507266002951928,A08_TPC RUN6 32 NetPhoto,A08_TPC RUN6 NetPhoto,FALSE,FALSE,FALSE
2025-08-10,Pcyl,A08_TPC,A08,RUN6,13.2751528,3,8,32,GrossPhoto,1.7376158345609056,A08_TPC RUN6 32 GrossPhoto,A08_TPC RUN6 GrossPhoto,FALSE,FALSE,FALSE
2025-08-10,Fcom,C08_TPC,C08,RUN6,8.907737636,4,8,32,Respiration,0.23429636607658477,C08_TPC RUN6 32 Respiration,C08_TPC RUN6 Respiration,FALSE,FALSE,FALSE
2025-08-10,Fcom,C08_TPC,C08,RUN6,8.907737636,4,8,32,NetPhoto,0.6735726426990397,C08_TPC RUN6 32 NetPhoto,C08_TPC RUN6 NetPhoto,FALSE,FALSE,FALSE
2025-08-10,Fcom,C08_TPC,C08,RUN6,8.907737636,4,8,32,GrossPhoto,0.9078690087756244,C08_TPC RUN6 32 GrossPhoto,C08_TPC RUN6 GrossPhoto,FALSE,FALSE,FALSE
2025-08-10,Peyd,E08_TPC,E08,RUN6,30.03020351,5,8,32,Respiration,0.7215643953506147,E08_TPC RUN6 32 Respiration,E08_TPC RUN6 Respiration,FALSE,FALSE,FALSE
2025-08-10,Peyd,E08_TPC,E08,RUN6,30.03020351,5,8,32,NetPhoto,0.9354214925799818,E08_TPC RUN6 32 NetPhoto,E08_TPC RUN6 NetPhoto,FALSE,FALSE,FALSE
2025-08-10,Peyd,E08_TPC,E08,RUN6,30.03020351,5,8,32,GrossPhoto,1.6569858879305963,E08_TPC RUN6 32 GrossPhoto,E08_TPC RUN6 GrossPhoto,FALSE,FALSE,FALSE
2025-08-10,Prus,D04_TPC,D04,RUN6,15.43174348,6,8,32,Respiration,0.6801193945984116,D04_TPC RUN6 32 Respiration,D04_TPC RUN6 Respiration,FALSE,FALSE,FALSE
2025-08-10,Ahya,J08_TPC,J08,RUN6,15.59444485,7,8,32,Respiration,0.3056590541642826,J08_TPC RUN6 32 Respiration,J08_TPC RUN6 Respiration,FALSE,FALSE,FALSE
2025-08-10,Ahya,J08_TPC,J08,RUN6,15.59444485,7,8,32,NetPhoto,0.7599690788245476,J08_TPC RUN6 32 NetPhoto,J08_TPC RUN6 NetPhoto,FALSE,FALSE,FALSE
2025-08-10,Ahya,J08_TPC,J08,RUN6,15.59444485,7,8,32,GrossPhoto,1.0656281329888302,J08_TPC RUN6 32 GrossPhoto,J08_TPC RUN6 GrossPhoto,FALSE,FALSE,FALSE
2025-08-10,Prug,F08_TPC,F08,RUN6,24.85885218,9,8,32,Respiration,0.5726106800918731,F08_TPC RUN6 32 Respiration,F08_TPC RUN6 Respiration,FALSE,FALSE,FALSE
2025-08-10,Prug,F08_TPC,F08,RUN6,24.85885218,9,8,32,NetPhoto,0.8452765269353866,F08_TPC RUN6 32 NetPhoto,F08_TPC RUN6 NetPhoto,FALSE,FALSE,FALSE
2025-08-10,Prug,F08_TPC,F08,RUN6,24.85885218,9,8,32,GrossPhoto,1.4178872070272597,F08_TPC RUN6 32 GrossPhoto,F08_TPC RUN6 GrossPhoto,FALSE,FALSE,FALSE
2025-08-10,Tfro,I08_TPC,I08,RUN6,7.194587934,10,8,32,Respiration,0.8259554588678808,I08_TPC RUN6 32 Respiration,I08_TPC RUN6 Respiration,FALSE,FALSE,FALSE
2025-08-10,Elam,G08_TPC,G08,RUN6,22.74054416,12,8,32,Respiration,0.5101902100123701,G08_TPC RUN6 32 Respiration,G08_TPC RUN6 Respiration,FALSE,FALSE,FALSE
2025-08-10,Elam,G08_TPC,G08,RUN6,22.74054416,12,8,32,NetPhoto,0.8911502618307389,G08_TPC RUN6 32 NetPhoto,G08_TPC RUN6 NetPhoto,FALSE,FALSE,FALSE
2025-08-10,Elam,G08_TPC,G08,RUN6,22.74054416,12,8,32,GrossPhoto,1.4013404718431088,G08_TPC RUN6 32 GrossPhoto,G08_TPC RUN6 GrossPhoto,FALSE,FALSE,FALSE
2025-08-01,Pcyl,A01_TPC,A01,RUN1,24.72486281,1,9,34,Respiration,0.7233738344628766,A01_TPC RUN1 34 Respiration,A01_TPC RUN1 Respiration,FALSE,FALSE,FALSE
2025-08-01,Pcyl,A01_TPC,A01,RUN1,24.72486281,1,9,34,NetPhoto,0.38121262783969734,A01_TPC RUN1 34 NetPhoto,A01_TPC RUN1 NetPhoto,FALSE,FALSE,FALSE
2025-08-01,Pcyl,A01_TPC,A01,RUN1,24.72486281,1,9,34,GrossPhoto,1.1045864623025738,A01_TPC RUN1 34 GrossPhoto,A01_TPC RUN1 GrossPhoto,FALSE,FALSE,FALSE
2025-08-01,Elam,G01_TPC,G01,RUN1,20.38296944,2,9,34,Respiration,0.6034350393809093,G01_TPC RUN1 34 Respiration,G01_TPC RUN1 Respiration,FALSE,FALSE,FALSE
2025-08-01,Elam,G01_TPC,G01,RUN1,20.38296944,2,9,34,NetPhoto,0.625475190711915,G01_TPC RUN1 34 NetPhoto,G01_TPC RUN1 NetPhoto,FALSE,FALSE,FALSE
2025-08-01,Elam,G01_TPC,G01,RUN1,20.38296944,2,9,34,GrossPhoto,1.2289102300928243,G01_TPC RUN1 34 GrossPhoto,G01_TPC RUN1 GrossPhoto,FALSE,FALSE,FALSE
2025-08-01,Fcom,C01_TPC,C01,RUN1,23.69761104,3,9,34,Respiration,0.5660647564387614,C01_TPC RUN1 34 Respiration,C01_TPC RUN1 Respiration,FALSE,FALSE,FALSE
2025-08-01,Fcom,C01_TPC,C01,RUN1,23.69761104,3,9,34,NetPhoto,0.5277967918583556,C01_TPC RUN1 34 NetPhoto,C01_TPC RUN1 NetPhoto,FALSE,FALSE,FALSE
2025-08-01,Fcom,C01_TPC,C01,RUN1,23.69761104,3,9,34,GrossPhoto,1.093861548297117,C01_TPC RUN1 34 GrossPhoto,C01_TPC RUN1 GrossPhoto,FALSE,FALSE,FALSE
2025-08-01,Prug,F01_TPC,F01,RUN1,14.38535037,4,9,34,Respiration,0.4449217533375711,F01_TPC RUN1 34 Respiration,F01_TPC RUN1 Respiration,FALSE,FALSE,FALSE
2025-08-01,Prug,F01_TPC,F01,RUN1,14.38535037,4,9,34,NetPhoto,0.5652316067829298,F01_TPC RUN1 34 NetPhoto,F01_TPC RUN1 NetPhoto,FALSE,FALSE,FALSE
2025-08-01,Prug,F01_TPC,F01,RUN1,14.38535037,4,9,34,GrossPhoto,1.0101533601205008,F01_TPC RUN1 34 GrossPhoto,F01_TPC RUN1 GrossPhoto,FALSE,FALSE,FALSE
2025-08-01,Peyd,E01_TPC,E01,RUN1,33.93822657,5,9,34,Respiration,0.6730895730376573,E01_TPC RUN1 34 Respiration,E01_TPC RUN1 Respiration,FALSE,FALSE,FALSE
2025-08-01,Peyd,E01_TPC,E01,RUN1,33.93822657,5,9,34,NetPhoto,0.5266480737725736,E01_TPC RUN1 34 NetPhoto,E01_TPC RUN1 NetPhoto,FALSE,FALSE,FALSE
2025-08-01,Peyd,E01_TPC,E01,RUN1,33.93822657,5,9,34,GrossPhoto,1.199737646810231,E01_TPC RUN1 34 GrossPhoto,E01_TPC RUN1 GrossPhoto,FALSE,FALSE,FALSE
2025-08-01,Ahya,J01_TPC,J01,RUN1,16.22929921,7,9,34,Respiration,0.6096575293296106,J01_TPC RUN1 34 Respiration,J01_TPC RUN1 Respiration,FALSE,FALSE,FALSE
2025-08-01,Ahya,J01_TPC,J01,RUN1,16.22929921,7,9,34,NetPhoto,0.45995409225192385,J01_TPC RUN1 34 NetPhoto,J01_TPC RUN1 NetPhoto,FALSE,FALSE,FALSE
2025-08-01,Ahya,J01_TPC,J01,RUN1,16.22929921,7,9,34,GrossPhoto,1.0696116215815343,J01_TPC RUN1 34 GrossPhoto,J01_TPC RUN1 GrossPhoto,FALSE,FALSE,FALSE
2025-08-01,Tfro,I01_TPC,I01,RUN1,26.20193602,8,9,34,Respiration,0.7008284638446665,I01_TPC RUN1 34 Respiration,I01_TPC RUN1 Respiration,FALSE,FALSE,FALSE
2025-08-01,Tfro,I01_TPC,I01,RUN1,26.20193602,8,9,34,NetPhoto,0.3254572045131617,I01_TPC RUN1 34 NetPhoto,I01_TPC RUN1 NetPhoto,FALSE,FALSE,FALSE
2025-08-01,Tfro,I01_TPC,I01,RUN1,26.20193602,8,9,34,GrossPhoto,1.026285668357828,I01_TPC RUN1 34 GrossPhoto,I01_TPC RUN1 GrossPhoto,FALSE,FALSE,FALSE
2025-08-01,Mvie,B01_TPC,B01,RUN1,19.26639142,10,9,34,Respiration,0.6586347996300655,B01_TPC RUN1 34 Respiration,B01_TPC RUN1 Respiration,FALSE,FALSE,FALSE
2025-08-01,Mvie,B01_TPC,B01,RUN1,19.26639142,10,9,34,NetPhoto,0.475167879744372,B01_TPC RUN1 34 NetPhoto,B01_TPC RUN1 NetPhoto,FALSE,FALSE,FALSE
2025-08-01,Mvie,B01_TPC,B01,RUN1,19.26639142,10,9,34,GrossPhoto,1.1338026793744376,B01_TPC RUN1 34 GrossPhoto,B01_TPC RUN1 GrossPhoto,FALSE,FALSE,FALSE
2025-08-01,Maeq,H01_TPC,H01,RUN1,32.84078989,11,9,34,Respiration,0.597535671581979,H01_TPC RUN1 34 Respiration,H01_TPC RUN1 Respiration,FALSE,FALSE,FALSE
2025-08-01,Maeq,H01_TPC,H01,RUN1,32.84078989,11,9,34,NetPhoto,0.21878007812569356,H01_TPC RUN1 34 NetPhoto,H01_TPC RUN1 NetPhoto,FALSE,FALSE,FALSE
2025-08-01,Maeq,H01_TPC,H01,RUN1,32.84078989,11,9,34,GrossPhoto,0.8163157497076725,H01_TPC RUN1 34 GrossPhoto,H01_TPC RUN1 GrossPhoto,FALSE,FALSE,FALSE
2025-08-01,Prus,D01_TPC,D01,RUN1,28.54674986,12,9,34,Respiration,0.7495070668609232,D01_TPC RUN1 34 Respiration,D01_TPC RUN1 Respiration,FALSE,FALSE,FALSE
2025-08-01,Prus,D01_TPC,D01,RUN1,28.54674986,12,9,34,NetPhoto,0.5625117710643228,D01_TPC RUN1 34 NetPhoto,D01_TPC RUN1 NetPhoto,FALSE,FALSE,FALSE
2025-08-01,Prus,D01_TPC,D01,RUN1,28.54674986,12,9,34,GrossPhoto,1.312018837925246,D01_TPC RUN1 34 GrossPhoto,D01_TPC RUN1 GrossPhoto,FALSE,FALSE,FALSE
2025-08-02,Elam,G02_TPC,G02,RUN2,16.88329491,1,9,34,Respiration,0.6526518821879097,G02_TPC RUN2 34 Respiration,G02_TPC RUN2 Respiration,FALSE,FALSE,FALSE
2025-08-02,Elam,G02_TPC,G02,RUN2,16.88329491,1,9,34,NetPhoto,0.6877764909952933,G02_TPC RUN2 34 NetPhoto,G02_TPC RUN2 NetPhoto,FALSE,FALSE,FALSE
2025-08-02,Elam,G02_TPC,G02,RUN2,16.88329491,1,9,34,GrossPhoto,1.340428373183203,G02_TPC RUN2 34 GrossPhoto,G02_TPC RUN2 GrossPhoto,FALSE,FALSE,FALSE
2025-08-02,Peyd,E02_TPC,E02,RUN2,34.41995023,2,9,34,Respiration,0.6127342478799525,E02_TPC RUN2 34 Respiration,E02_TPC RUN2 Respiration,FALSE,FALSE,FALSE
2025-08-02,Peyd,E02_TPC,E02,RUN2,34.41995023,2,9,34,NetPhoto,0.5906984806508907,E02_TPC RUN2 34 NetPhoto,E02_TPC RUN2 NetPhoto,FALSE,FALSE,FALSE
2025-08-02,Peyd,E02_TPC,E02,RUN2,34.41995023,2,9,34,GrossPhoto,1.203432728530843,E02_TPC RUN2 34 GrossPhoto,E02_TPC RUN2 GrossPhoto,FALSE,FALSE,FALSE
2025-08-02,Prug,F04_TPC,F04,RUN2,22.44704366,3,9,34,Respiration,0.6633047124050763,F04_TPC RUN2 34 Respiration,F04_TPC RUN2 Respiration,FALSE,FALSE,FALSE
2025-08-02,Prug,F04_TPC,F04,RUN2,22.44704366,3,9,34,GrossPhoto,1.0748777843065984,F04_TPC RUN2 34 GrossPhoto,F04_TPC RUN2 GrossPhoto,FALSE,FALSE,FALSE
2025-08-02,Prus,D02_TPC,D02,RUN2,18.28699298,4,9,34,Respiration,0.8937529736496449,D02_TPC RUN2 34 Respiration,D02_TPC RUN2 Respiration,FALSE,FALSE,FALSE
2025-08-02,Prus,D02_TPC,D02,RUN2,18.28699298,4,9,34,NetPhoto,0.45041159709866274,D02_TPC RUN2 34 NetPhoto,D02_TPC RUN2 NetPhoto,FALSE,FALSE,FALSE
2025-08-02,Prus,D02_TPC,D02,RUN2,18.28699298,4,9,34,GrossPhoto,1.3441645707483076,D02_TPC RUN2 34 GrossPhoto,D02_TPC RUN2 GrossPhoto,FALSE,FALSE,FALSE
2025-08-02,Pcyl,A02_TPC,A02,RUN2,19.14835317,5,9,34,Respiration,0.7154115570553506,A02_TPC RUN2 34 Respiration,A02_TPC RUN2 Respiration,FALSE,FALSE,FALSE
2025-08-02,Pcyl,A02_TPC,A02,RUN2,19.14835317,5,9,34,NetPhoto,0.6475309743750262,A02_TPC RUN2 34 NetPhoto,A02_TPC RUN2 NetPhoto,FALSE,FALSE,FALSE
2025-08-02,Pcyl,A02_TPC,A02,RUN2,19.14835317,5,9,34,GrossPhoto,1.362942531430377,A02_TPC RUN2 34 GrossPhoto,A02_TPC RUN2 GrossPhoto,FALSE,FALSE,FALSE
2025-08-02,Tfro,I02_TPC,I02,RUN2,24.37074807,6,9,34,Respiration,0.6150476474006163,I02_TPC RUN2 34 Respiration,I02_TPC RUN2 Respiration,FALSE,FALSE,FALSE
2025-08-02,Tfro,I02_TPC,I02,RUN2,24.37074807,6,9,34,NetPhoto,0.5750857370861239,I02_TPC RUN2 34 NetPhoto,I02_TPC RUN2 NetPhoto,FALSE,FALSE,FALSE
2025-08-02,Tfro,I02_TPC,I02,RUN2,24.37074807,6,9,34,GrossPhoto,1.19013338448674,I02_TPC RUN2 34 GrossPhoto,I02_TPC RUN2 GrossPhoto,FALSE,FALSE,FALSE
2025-08-02,Fcom,C02_TPC,C02,RUN2,24.72805304,8,9,34,Respiration,0.7878784639626406,C02_TPC RUN2 34 Respiration,C02_TPC RUN2 Respiration,FALSE,FALSE,FALSE
2025-08-02,Fcom,C02_TPC,C02,RUN2,24.72805304,8,9,34,NetPhoto,0.6370877368114963,C02_TPC RUN2 34 NetPhoto,C02_TPC RUN2 NetPhoto,FALSE,FALSE,FALSE
2025-08-02,Fcom,C02_TPC,C02,RUN2,24.72805304,8,9,34,GrossPhoto,1.4249662007741368,C02_TPC RUN2 34 GrossPhoto,C02_TPC RUN2 GrossPhoto,FALSE,FALSE,FALSE
2025-08-02,Ahya,J02_TPC,J02,RUN2,20.79769841,9,9,34,Respiration,0.5154760667888035,J02_TPC RUN2 34 Respiration,J02_TPC RUN2 Respiration,FALSE,FALSE,FALSE
2025-08-02,Ahya,J02_TPC,J02,RUN2,20.79769841,9,9,34,NetPhoto,0.3442178655423556,J02_TPC RUN2 34 NetPhoto,J02_TPC RUN2 NetPhoto,FALSE,FALSE,FALSE
2025-08-02,Ahya,J02_TPC,J02,RUN2,20.79769841,9,9,34,GrossPhoto,0.8596939323311592,J02_TPC RUN2 34 GrossPhoto,J02_TPC RUN2 GrossPhoto,FALSE,FALSE,FALSE
2025-08-02,Mvie,B02_TPC,B02,RUN2,18.64110773,10,9,34,Respiration,0.5233178767989298,B02_TPC RUN2 34 Respiration,B02_TPC RUN2 Respiration,FALSE,FALSE,FALSE
2025-08-02,Mvie,B02_TPC,B02,RUN2,18.64110773,10,9,34,NetPhoto,0.418401537267015,B02_TPC RUN2 34 NetPhoto,B02_TPC RUN2 NetPhoto,FALSE,FALSE,FALSE
2025-08-02,Mvie,B02_TPC,B02,RUN2,18.64110773,10,9,34,GrossPhoto,0.9417194140659448,B02_TPC RUN2 34 GrossPhoto,B02_TPC RUN2 GrossPhoto,FALSE,FALSE,FALSE
2025-08-02,Maeq,H02_TPC,H02,RUN2,37.79520607,12,9,34,Respiration,0.2684409814235525,H02_TPC RUN2 34 Respiration,H02_TPC RUN2 Respiration,FALSE,FALSE,FALSE
2025-08-02,Maeq,H02_TPC,H02,RUN2,37.79520607,12,9,34,NetPhoto,0.30808826154874414,H02_TPC RUN2 34 NetPhoto,H02_TPC RUN2 NetPhoto,FALSE,FALSE,FALSE
2025-08-02,Maeq,H02_TPC,H02,RUN2,37.79520607,12,9,34,GrossPhoto,0.5765292429722966,H02_TPC RUN2 34 GrossPhoto,H02_TPC RUN2 GrossPhoto,FALSE,FALSE,FALSE
2025-08-03,Peyd,E03_TPC,E03,RUN3,37.62293403,1,9,34,Respiration,0.6599955988004261,E03_TPC RUN3 34 Respiration,E03_TPC RUN3 Respiration,FALSE,FALSE,FALSE
2025-08-03,Peyd,E03_TPC,E03,RUN3,37.62293403,1,9,34,NetPhoto,0.48097848449861086,E03_TPC RUN3 34 NetPhoto,E03_TPC RUN3 NetPhoto,FALSE,FALSE,FALSE
2025-08-03,Peyd,E03_TPC,E03,RUN3,37.62293403,1,9,34,GrossPhoto,1.140974083299037,E03_TPC RUN3 34 GrossPhoto,E03_TPC RUN3 GrossPhoto,FALSE,FALSE,FALSE
2025-08-03,Tfro,I03_TPC,I03,RUN3,30.56935118,2,9,34,Respiration,0.6383231345135775,I03_TPC RUN3 34 Respiration,I03_TPC RUN3 Respiration,FALSE,FALSE,FALSE
2025-08-03,Tfro,I03_TPC,I03,RUN3,30.56935118,2,9,34,NetPhoto,0.27685777883493834,I03_TPC RUN3 34 NetPhoto,I03_TPC RUN3 NetPhoto,FALSE,FALSE,FALSE
2025-08-03,Tfro,I03_TPC,I03,RUN3,30.56935118,2,9,34,GrossPhoto,0.9151809133485158,I03_TPC RUN3 34 GrossPhoto,I03_TPC RUN3 GrossPhoto,FALSE,FALSE,FALSE
2025-08-03,Pcyl,A03_TPC,A03,RUN3,19.11326072,3,9,34,Respiration,0.7178348315849916,A03_TPC RUN3 34 Respiration,A03_TPC RUN3 Respiration,FALSE,FALSE,FALSE
2025-08-03,Pcyl,A03_TPC,A03,RUN3,19.11326072,3,9,34,NetPhoto,0.694985288209928,A03_TPC RUN3 34 NetPhoto,A03_TPC RUN3 NetPhoto,FALSE,FALSE,FALSE
2025-08-03,Pcyl,A03_TPC,A03,RUN3,19.11326072,3,9,34,GrossPhoto,1.4128201197949195,A03_TPC RUN3 34 GrossPhoto,A03_TPC RUN3 GrossPhoto,FALSE,FALSE,FALSE
2025-08-03,Maeq,H04_TPC,H04,RUN3,41.64580512,4,9,34,Respiration,0.4328750493947738,H04_TPC RUN3 34 Respiration,H04_TPC RUN3 Respiration,FALSE,FALSE,FALSE
2025-08-03,Maeq,H04_TPC,H04,RUN3,41.64580512,4,9,34,NetPhoto,0.4452399876862286,H04_TPC RUN3 34 NetPhoto,H04_TPC RUN3 NetPhoto,FALSE,FALSE,FALSE
2025-08-03,Maeq,H04_TPC,H04,RUN3,41.64580512,4,9,34,GrossPhoto,0.8781150370810024,H04_TPC RUN3 34 GrossPhoto,H04_TPC RUN3 GrossPhoto,FALSE,FALSE,FALSE
2025-08-03,Prug,F03_TPC,F03,RUN3,17.6489484,6,9,34,Respiration,0.66788084527856,F03_TPC RUN3 34 Respiration,F03_TPC RUN3 Respiration,FALSE,FALSE,FALSE
2025-08-03,Prug,F03_TPC,F03,RUN3,17.6489484,6,9,34,NetPhoto,0.8262435793308718,F03_TPC RUN3 34 NetPhoto,F03_TPC RUN3 NetPhoto,FALSE,FALSE,FALSE
2025-08-03,Prug,F03_TPC,F03,RUN3,17.6489484,6,9,34,GrossPhoto,1.4941244246094318,F03_TPC RUN3 34 GrossPhoto,F03_TPC RUN3 GrossPhoto,FALSE,FALSE,FALSE
2025-08-03,Ahya,J03_TPC,J03,RUN3,29.80688791,7,9,34,Respiration,0.8036612086481232,J03_TPC RUN3 34 Respiration,J03_TPC RUN3 Respiration,FALSE,FALSE,FALSE
2025-08-03,Ahya,J03_TPC,J03,RUN3,29.80688791,7,9,34,NetPhoto,0.43544240396165235,J03_TPC RUN3 34 NetPhoto,J03_TPC RUN3 NetPhoto,FALSE,FALSE,FALSE
2025-08-03,Ahya,J03_TPC,J03,RUN3,29.80688791,7,9,34,GrossPhoto,1.2391036126097754,J03_TPC RUN3 34 GrossPhoto,J03_TPC RUN3 GrossPhoto,FALSE,FALSE,FALSE
2025-08-03,Mvie,B03_TPC,B03,RUN3,17.06832783,8,9,34,Respiration,0.5395031416423504,B03_TPC RUN3 34 Respiration,B03_TPC RUN3 Respiration,FALSE,FALSE,FALSE
2025-08-03,Mvie,B03_TPC,B03,RUN3,17.06832783,8,9,34,NetPhoto,0.29878483384991583,B03_TPC RUN3 34 NetPhoto,B03_TPC RUN3 NetPhoto,FALSE,FALSE,FALSE
2025-08-03,Mvie,B03_TPC,B03,RUN3,17.06832783,8,9,34,GrossPhoto,0.8382879754922662,B03_TPC RUN3 34 GrossPhoto,B03_TPC RUN3 GrossPhoto,FALSE,FALSE,FALSE
2025-08-03,Fcom,C03_TPC,C03,RUN3,26.45396363,9,9,34,Respiration,0.729877165166017,C03_TPC RUN3 34 Respiration,C03_TPC RUN3 Respiration,FALSE,FALSE,FALSE
2025-08-03,Fcom,C03_TPC,C03,RUN3,26.45396363,9,9,34,NetPhoto,0.93244976988704,C03_TPC RUN3 34 NetPhoto,C03_TPC RUN3 NetPhoto,FALSE,FALSE,FALSE
2025-08-03,Fcom,C03_TPC,C03,RUN3,26.45396363,9,9,34,GrossPhoto,1.662326935053057,C03_TPC RUN3 34 GrossPhoto,C03_TPC RUN3 GrossPhoto,FALSE,FALSE,FALSE
2025-08-03,Elam,G05_TPC,G05,RUN3,17.26931188,11,9,34,Respiration,0.7030519565544722,G05_TPC RUN3 34 Respiration,G05_TPC RUN3 Respiration,FALSE,FALSE,FALSE
2025-08-03,Elam,G05_TPC,G05,RUN3,17.26931188,11,9,34,NetPhoto,0.8736719585608519,G05_TPC RUN3 34 NetPhoto,G05_TPC RUN3 NetPhoto,FALSE,FALSE,FALSE
2025-08-03,Elam,G05_TPC,G05,RUN3,17.26931188,11,9,34,GrossPhoto,1.576723915115324,G05_TPC RUN3 34 GrossPhoto,G05_TPC RUN3 GrossPhoto,FALSE,FALSE,FALSE
2025-08-03,Prus,D03_TPC,D03,RUN3,17.32354567,12,9,34,Respiration,0.6528894962546475,D03_TPC RUN3 34 Respiration,D03_TPC RUN3 Respiration,FALSE,FALSE,FALSE
2025-08-03,Prus,D03_TPC,D03,RUN3,17.32354567,12,9,34,NetPhoto,0.5739751434889897,D03_TPC RUN3 34 NetPhoto,D03_TPC RUN3 NetPhoto,FALSE,FALSE,FALSE
2025-08-03,Prus,D03_TPC,D03,RUN3,17.32354567,12,9,34,GrossPhoto,1.2268646397436371,D03_TPC RUN3 34 GrossPhoto,D03_TPC RUN3 GrossPhoto,FALSE,FALSE,FALSE
2025-08-08,Tfro,I06_TPC,I06,RUN4,22.32262496,1,9,34,Respiration,0.3278013273860004,I06_TPC RUN4 34 Respiration,I06_TPC RUN4 Respiration,FALSE,FALSE,FALSE
2025-08-08,Tfro,I06_TPC,I06,RUN4,22.32262496,1,9,34,NetPhoto,0.19363157784292503,I06_TPC RUN4 34 NetPhoto,I06_TPC RUN4 NetPhoto,FALSE,FALSE,FALSE
2025-08-08,Tfro,I06_TPC,I06,RUN4,22.32262496,1,9,34,GrossPhoto,0.5214329052289255,I06_TPC RUN4 34 GrossPhoto,I06_TPC RUN4 GrossPhoto,FALSE,FALSE,FALSE
2025-08-08,Ahya,J06_TPC,J06,RUN4,15.5880644,3,9,34,Respiration,0.1271550259947049,J06_TPC RUN4 34 Respiration,J06_TPC RUN4 Respiration,FALSE,FALSE,FALSE
2025-08-08,Ahya,J06_TPC,J06,RUN4,15.5880644,3,9,34,NetPhoto,0.3541297207104772,J06_TPC RUN4 34 NetPhoto,J06_TPC RUN4 NetPhoto,FALSE,FALSE,FALSE
2025-08-08,Ahya,J06_TPC,J06,RUN4,15.5880644,3,9,34,GrossPhoto,0.4812847467051821,J06_TPC RUN4 34 GrossPhoto,J06_TPC RUN4 GrossPhoto,FALSE,FALSE,FALSE
2025-08-08,Pcyl,A06_TPC,A06,RUN4,17.41606213,4,9,34,Respiration,0.38587169664217574,A06_TPC RUN4 34 Respiration,A06_TPC RUN4 Respiration,FALSE,FALSE,FALSE
2025-08-08,Pcyl,A06_TPC,A06,RUN4,17.41606213,4,9,34,NetPhoto,0.6203710038786457,A06_TPC RUN4 34 NetPhoto,A06_TPC RUN4 NetPhoto,FALSE,FALSE,FALSE
2025-08-08,Pcyl,A06_TPC,A06,RUN4,17.41606213,4,9,34,GrossPhoto,1.0062427005208214,A06_TPC RUN4 34 GrossPhoto,A06_TPC RUN4 GrossPhoto,FALSE,FALSE,FALSE
2025-08-08,Maeq,H06_TPC,H06,RUN4,24.44093297,5,9,34,Respiration,0.191653864742388,H06_TPC RUN4 34 Respiration,H06_TPC RUN4 Respiration,FALSE,FALSE,FALSE
2025-08-08,Maeq,H06_TPC,H06,RUN4,24.44093297,5,9,34,NetPhoto,0.1703285762247925,H06_TPC RUN4 34 NetPhoto,H06_TPC RUN4 NetPhoto,FALSE,FALSE,FALSE
2025-08-08,Maeq,H06_TPC,H06,RUN4,24.44093297,5,9,34,GrossPhoto,0.36198244096718046,H06_TPC RUN4 34 GrossPhoto,H06_TPC RUN4 GrossPhoto,FALSE,FALSE,FALSE
2025-08-08,Elam,G06_TPC,G06,RUN4,22.13759203,8,9,34,Respiration,0.37496031108597977,G06_TPC RUN4 34 Respiration,G06_TPC RUN4 Respiration,FALSE,FALSE,FALSE
2025-08-08,Elam,G06_TPC,G06,RUN4,22.13759203,8,9,34,GrossPhoto,0.564351738917078,G06_TPC RUN4 34 GrossPhoto,G06_TPC RUN4 GrossPhoto,FALSE,FALSE,FALSE
2025-08-08,Peyd,E06_TPC,E06,RUN4,44.66694621,9,9,34,Respiration,0.804292917185761,E06_TPC RUN4 34 Respiration,E06_TPC RUN4 Respiration,FALSE,FALSE,FALSE
2025-08-08,Peyd,E06_TPC,E06,RUN4,44.66694621,9,9,34,GrossPhoto,0.9709392706031964,E06_TPC RUN4 34 GrossPhoto,E06_TPC RUN4 GrossPhoto,FALSE,FALSE,FALSE
2025-08-08,Prus,D06_TPC,D06,RUN4,16.312245,10,9,34,Respiration,0.4050755482095473,D06_TPC RUN4 34 Respiration,D06_TPC RUN4 Respiration,FALSE,FALSE,FALSE
2025-08-08,Prus,D06_TPC,D06,RUN4,16.312245,10,9,34,NetPhoto,0.6896769535526153,D06_TPC RUN4 34 NetPhoto,D06_TPC RUN4 NetPhoto,FALSE,FALSE,FALSE
2025-08-08,Prus,D06_TPC,D06,RUN4,16.312245,10,9,34,GrossPhoto,1.0947525017621629,D06_TPC RUN4 34 GrossPhoto,D06_TPC RUN4 GrossPhoto,FALSE,FALSE,FALSE
2025-08-08,Prug,F06_TPC,F06,RUN4,20.08308848,11,9,34,Respiration,0.4052719628435829,F06_TPC RUN4 34 Respiration,F06_TPC RUN4 Respiration,FALSE,FALSE,FALSE
2025-08-08,Prug,F06_TPC,F06,RUN4,20.08308848,11,9,34,NetPhoto,0.8213797116353357,F06_TPC RUN4 34 NetPhoto,F06_TPC RUN4 NetPhoto,FALSE,FALSE,FALSE
2025-08-08,Prug,F06_TPC,F06,RUN4,20.08308848,11,9,34,GrossPhoto,1.2266516744789189,F06_TPC RUN4 34 GrossPhoto,F06_TPC RUN4 GrossPhoto,FALSE,FALSE,FALSE
2025-08-08,Mvie,B06_TPC,B06,RUN4,13.28791369,12,9,34,Respiration,0.1989893645404571,B06_TPC RUN4 34 Respiration,B06_TPC RUN4 Respiration,FALSE,FALSE,FALSE
2025-08-08,Mvie,B06_TPC,B06,RUN4,13.28791369,12,9,34,NetPhoto,0.27400701219446333,B06_TPC RUN4 34 NetPhoto,B06_TPC RUN4 NetPhoto,FALSE,FALSE,FALSE
2025-08-08,Mvie,B06_TPC,B06,RUN4,13.28791369,12,9,34,GrossPhoto,0.47299637673492045,B06_TPC RUN4 34 GrossPhoto,B06_TPC RUN4 GrossPhoto,FALSE,FALSE,FALSE
2025-08-09,Mvie,B07_TPC,B07,RUN5,13.30067458,1,9,34,Respiration,0.6879213213293915,B07_TPC RUN5 34 Respiration,B07_TPC RUN5 Respiration,FALSE,FALSE,FALSE
2025-08-09,Mvie,B07_TPC,B07,RUN5,13.30067458,1,9,34,NetPhoto,0.4720939082666292,B07_TPC RUN5 34 NetPhoto,B07_TPC RUN5 NetPhoto,FALSE,FALSE,FALSE
2025-08-09,Mvie,B07_TPC,B07,RUN5,13.30067458,1,9,34,GrossPhoto,1.1600152295960209,B07_TPC RUN5 34 GrossPhoto,B07_TPC RUN5 GrossPhoto,FALSE,FALSE,FALSE
2025-08-09,Pcyl,A07_TPC,A07,RUN5,13.81749069,2,9,34,Respiration,0.8057049025234806,A07_TPC RUN5 34 Respiration,A07_TPC RUN5 Respiration,FALSE,FALSE,FALSE
2025-08-09,Pcyl,A07_TPC,A07,RUN5,13.81749069,2,9,34,NetPhoto,0.7537390121262567,A07_TPC RUN5 34 NetPhoto,A07_TPC RUN5 NetPhoto,FALSE,FALSE,FALSE
2025-08-09,Pcyl,A07_TPC,A07,RUN5,13.81749069,2,9,34,GrossPhoto,1.5594439146497372,A07_TPC RUN5 34 GrossPhoto,A07_TPC RUN5 GrossPhoto,FALSE,FALSE,FALSE
2025-08-09,Peyd,E07_TPC,E07,RUN5,18.03177515,3,9,34,Respiration,0.8296640177460899,E07_TPC RUN5 34 Respiration,E07_TPC RUN5 Respiration,FALSE,FALSE,FALSE
2025-08-09,Peyd,E07_TPC,E07,RUN5,18.03177515,3,9,34,NetPhoto,0.684598259512396,E07_TPC RUN5 34 NetPhoto,E07_TPC RUN5 NetPhoto,FALSE,FALSE,FALSE
2025-08-09,Peyd,E07_TPC,E07,RUN5,18.03177515,3,9,34,GrossPhoto,1.514262277258486,E07_TPC RUN5 34 GrossPhoto,E07_TPC RUN5 GrossPhoto,FALSE,FALSE,FALSE
2025-08-09,Ahya,J07_TPC,J07,RUN5,16.49727793,4,9,34,Respiration,0.6300537289790199,J07_TPC RUN5 34 Respiration,J07_TPC RUN5 Respiration,FALSE,FALSE,FALSE
2025-08-09,Ahya,J07_TPC,J07,RUN5,16.49727793,4,9,34,NetPhoto,0.462167727188267,J07_TPC RUN5 34 NetPhoto,J07_TPC RUN5 NetPhoto,FALSE,FALSE,FALSE
2025-08-09,Ahya,J07_TPC,J07,RUN5,16.49727793,4,9,34,GrossPhoto,1.092221456167287,J07_TPC RUN5 34 GrossPhoto,J07_TPC RUN5 GrossPhoto,FALSE,FALSE,FALSE
2025-08-09,Fcom,C07_TPC,C07,RUN5,12.85404337,5,9,34,Respiration,0.8216790100690243,C07_TPC RUN5 34 Respiration,C07_TPC RUN5 Respiration,FALSE,FALSE,FALSE
2025-08-09,Fcom,C07_TPC,C07,RUN5,12.85404337,5,9,34,NetPhoto,0.8635835695013858,C07_TPC RUN5 34 NetPhoto,C07_TPC RUN5 NetPhoto,FALSE,FALSE,FALSE
2025-08-09,Fcom,C07_TPC,C07,RUN5,12.85404337,5,9,34,GrossPhoto,1.68526257957041,C07_TPC RUN5 34 GrossPhoto,C07_TPC RUN5 GrossPhoto,FALSE,FALSE,FALSE
2025-08-09,Prug,F07_TPC,F07,RUN5,25.48732609,6,9,34,Respiration,0.7266046664670662,F07_TPC RUN5 34 Respiration,F07_TPC RUN5 Respiration,FALSE,FALSE,FALSE
2025-08-09,Prug,F07_TPC,F07,RUN5,25.48732609,6,9,34,NetPhoto,0.6492980349286943,F07_TPC RUN5 34 NetPhoto,F07_TPC RUN5 NetPhoto,FALSE,FALSE,FALSE
2025-08-09,Prug,F07_TPC,F07,RUN5,25.48732609,6,9,34,GrossPhoto,1.3759027013957603,F07_TPC RUN5 34 GrossPhoto,F07_TPC RUN5 GrossPhoto,FALSE,FALSE,FALSE
2025-08-09,Prus,D07_TPC,D07,RUN5,13.26877235,8,9,34,Respiration,0.6605629938421941,D07_TPC RUN5 34 Respiration,D07_TPC RUN5 Respiration,FALSE,FALSE,FALSE
2025-08-09,Prus,D07_TPC,D07,RUN5,13.26877235,8,9,34,NetPhoto,0.7670282570662863,D07_TPC RUN5 34 NetPhoto,D07_TPC RUN5 NetPhoto,FALSE,FALSE,FALSE
2025-08-09,Prus,D07_TPC,D07,RUN5,13.26877235,8,9,34,GrossPhoto,1.4275912509084805,D07_TPC RUN5 34 GrossPhoto,D07_TPC RUN5 GrossPhoto,FALSE,FALSE,FALSE
2025-08-09,Tfro,I07_TPC,I07,RUN5,10.84739316,9,9,34,Respiration,0.7224932960569539,I07_TPC RUN5 34 Respiration,I07_TPC RUN5 Respiration,FALSE,FALSE,FALSE
2025-08-09,Tfro,I07_TPC,I07,RUN5,10.84739316,9,9,34,NetPhoto,0.5031661822311176,I07_TPC RUN5 34 NetPhoto,I07_TPC RUN5 NetPhoto,FALSE,FALSE,FALSE
2025-08-09,Tfro,I07_TPC,I07,RUN5,10.84739316,9,9,34,GrossPhoto,1.2256594782880716,I07_TPC RUN5 34 GrossPhoto,I07_TPC RUN5 GrossPhoto,FALSE,FALSE,FALSE
2025-08-09,Elam,G07_TPC,G07,RUN5,20.22026807,10,9,34,Respiration,0.4655143686210016,G07_TPC RUN5 34 Respiration,G07_TPC RUN5 Respiration,FALSE,FALSE,FALSE
2025-08-09,Elam,G07_TPC,G07,RUN5,20.22026807,10,9,34,NetPhoto,0.5212135406139686,G07_TPC RUN5 34 NetPhoto,G07_TPC RUN5 NetPhoto,FALSE,FALSE,FALSE
2025-08-09,Elam,G07_TPC,G07,RUN5,20.22026807,10,9,34,GrossPhoto,0.9867279092349702,G07_TPC RUN5 34 GrossPhoto,G07_TPC RUN5 GrossPhoto,FALSE,FALSE,FALSE
2025-08-09,Maeq,H07_TPC,H07,RUN5,19.99695246,11,9,34,Respiration,0.4285439304136489,H07_TPC RUN5 34 Respiration,H07_TPC RUN5 Respiration,FALSE,FALSE,FALSE
2025-08-09,Maeq,H07_TPC,H07,RUN5,19.99695246,11,9,34,NetPhoto,0.534500143779162,H07_TPC RUN5 34 NetPhoto,H07_TPC RUN5 NetPhoto,FALSE,FALSE,FALSE
2025-08-09,Maeq,H07_TPC,H07,RUN5,19.99695246,11,9,34,GrossPhoto,0.9630440741928108,H07_TPC RUN5 34 GrossPhoto,H07_TPC RUN5 GrossPhoto,FALSE,FALSE,FALSE
2025-08-10,Mvie,B08_TPC,B08,RUN6,21.71648261,1,9,34,Respiration,0.3842027063984425,B08_TPC RUN6 34 Respiration,B08_TPC RUN6 Respiration,FALSE,FALSE,FALSE
2025-08-10,Mvie,B08_TPC,B08,RUN6,21.71648261,1,9,34,NetPhoto,0.09673504494991156,B08_TPC RUN6 34 NetPhoto,B08_TPC RUN6 NetPhoto,FALSE,FALSE,FALSE
2025-08-10,Mvie,B08_TPC,B08,RUN6,21.71648261,1,9,34,GrossPhoto,0.4809377513483541,B08_TPC RUN6 34 GrossPhoto,B08_TPC RUN6 GrossPhoto,FALSE,FALSE,FALSE
2025-08-10,Maeq,H08_TPC,H08,RUN6,15.57211329,2,9,34,Respiration,0.38912652834283074,H08_TPC RUN6 34 Respiration,H08_TPC RUN6 Respiration,FALSE,FALSE,FALSE
2025-08-10,Maeq,H08_TPC,H08,RUN6,15.57211329,2,9,34,NetPhoto,0.26831064652648257,H08_TPC RUN6 34 NetPhoto,H08_TPC RUN6 NetPhoto,FALSE,FALSE,FALSE
2025-08-10,Maeq,H08_TPC,H08,RUN6,15.57211329,2,9,34,GrossPhoto,0.6574371748693133,H08_TPC RUN6 34 GrossPhoto,H08_TPC RUN6 GrossPhoto,FALSE,FALSE,FALSE
2025-08-10,Pcyl,A08_TPC,A08,RUN6,13.2751528,3,9,34,Respiration,0.5631693096247493,A08_TPC RUN6 34 Respiration,A08_TPC RUN6 Respiration,FALSE,FALSE,FALSE
2025-08-10,Pcyl,A08_TPC,A08,RUN6,13.2751528,3,9,34,NetPhoto,1.0026801515156818,A08_TPC RUN6 34 NetPhoto,A08_TPC RUN6 NetPhoto,FALSE,FALSE,FALSE
2025-08-10,Pcyl,A08_TPC,A08,RUN6,13.2751528,3,9,34,GrossPhoto,1.5658494611404312,A08_TPC RUN6 34 GrossPhoto,A08_TPC RUN6 GrossPhoto,FALSE,FALSE,FALSE
2025-08-10,Fcom,C08_TPC,C08,RUN6,8.907737636,4,9,34,Respiration,0.3050973130852785,C08_TPC RUN6 34 Respiration,C08_TPC RUN6 Respiration,FALSE,FALSE,FALSE
2025-08-10,Fcom,C08_TPC,C08,RUN6,8.907737636,4,9,34,NetPhoto,0.476297044125124,C08_TPC RUN6 34 NetPhoto,C08_TPC RUN6 NetPhoto,FALSE,FALSE,FALSE
2025-08-10,Fcom,C08_TPC,C08,RUN6,8.907737636,4,9,34,GrossPhoto,0.7813943572104025,C08_TPC RUN6 34 GrossPhoto,C08_TPC RUN6 GrossPhoto,FALSE,FALSE,FALSE
2025-08-10,Peyd,E08_TPC,E08,RUN6,30.03020351,5,9,34,Respiration,0.791073818637559,E08_TPC RUN6 34 Respiration,E08_TPC RUN6 Respiration,FALSE,FALSE,FALSE
2025-08-10,Peyd,E08_TPC,E08,RUN6,30.03020351,5,9,34,NetPhoto,0.5768342423061217,E08_TPC RUN6 34 NetPhoto,E08_TPC RUN6 NetPhoto,FALSE,FALSE,FALSE
2025-08-10,Peyd,E08_TPC,E08,RUN6,30.03020351,5,9,34,GrossPhoto,1.367908060943681,E08_TPC RUN6 34 GrossPhoto,E08_TPC RUN6 GrossPhoto,FALSE,FALSE,FALSE
2025-08-10,Prus,D04_TPC,D04,RUN6,15.43174348,6,9,34,Respiration,0.7972906628785524,D04_TPC RUN6 34 Respiration,D04_TPC RUN6 Respiration,FALSE,FALSE,FALSE
2025-08-10,Prus,D04_TPC,D04,RUN6,15.43174348,6,9,34,GrossPhoto,1.9946132851053535,D04_TPC RUN6 34 GrossPhoto,D04_TPC RUN6 GrossPhoto,FALSE,FALSE,FALSE
2025-08-10,Ahya,J08_TPC,J08,RUN6,15.59444485,7,9,34,Respiration,0.37641915364801154,J08_TPC RUN6 34 Respiration,J08_TPC RUN6 Respiration,FALSE,FALSE,FALSE
2025-08-10,Ahya,J08_TPC,J08,RUN6,15.59444485,7,9,34,NetPhoto,0.579400870886053,J08_TPC RUN6 34 NetPhoto,J08_TPC RUN6 NetPhoto,FALSE,FALSE,FALSE
2025-08-10,Ahya,J08_TPC,J08,RUN6,15.59444485,7,9,34,GrossPhoto,0.9558200245340644,J08_TPC RUN6 34 GrossPhoto,J08_TPC RUN6 GrossPhoto,FALSE,FALSE,FALSE
2025-08-10,Prug,F08_TPC,F08,RUN6,24.85885218,9,9,34,Respiration,0.4804941435433796,F08_TPC RUN6 34 Respiration,F08_TPC RUN6 Respiration,FALSE,FALSE,FALSE
2025-08-10,Prug,F08_TPC,F08,RUN6,24.85885218,9,9,34,GrossPhoto,0.8430344525837381,F08_TPC RUN6 34 GrossPhoto,F08_TPC RUN6 GrossPhoto,FALSE,FALSE,FALSE
2025-08-10,Tfro,I08_TPC,I08,RUN6,7.194587934,10,9,34,Respiration,0.901231823459646,I08_TPC RUN6 34 Respiration,I08_TPC RUN6 Respiration,FALSE,FALSE,FALSE
2025-08-10,Tfro,I08_TPC,I08,RUN6,7.194587934,10,9,34,GrossPhoto,1.868560870774742,I08_TPC RUN6 34 GrossPhoto,I08_TPC RUN6 GrossPhoto,FALSE,FALSE,FALSE
2025-08-10,Elam,G08_TPC,G08,RUN6,22.74054416,12,9,34,Respiration,0.6416484285466469,G08_TPC RUN6 34 Respiration,G08_TPC RUN6 Respiration,FALSE,FALSE,FALSE
2025-08-10,Elam,G08_TPC,G08,RUN6,22.74054416,12,9,34,NetPhoto,0.6179677370750742,G08_TPC RUN6 34 NetPhoto,G08_TPC RUN6 NetPhoto,FALSE,FALSE,FALSE
2025-08-10,Elam,G08_TPC,G08,RUN6,22.74054416,12,9,34,GrossPhoto,1.259616165621721,G08_TPC RUN6 34 GrossPhoto,G08_TPC RUN6 GrossPhoto,FALSE,FALSE,FALSE
