start_time,stop_time,date,frag_ID,sample_ID,FileID_csv,light_dark,run_block,blank,chamber_channel,temp_c_level,temp_c_value,weight_g,volume_mL,SA_cm2,species
2025-08-01T06:35:00Z,2025-08-01T06:56:00Z,2025-08-01,A01,A01_TPC,A01_TPC_O2.csv,LIGHT,RUN1,0,1,1,24.5,1,463,24.72486281,Pcyl
2025-08-01T06:35:00Z,2025-08-01T06:56:00Z,2025-08-01,G01,G01_TPC,G01_TPC_O2.csv,LIGHT,RUN1,0,2,1,24.5,1,460,20.38296944,Elam
2025-08-01T06:35:00Z,2025-08-01T06:56:00Z,2025-08-01,C01,C01_TPC,C01_TPC_O2.csv,LIGHT,RUN1,0,3,1,24.5,1,462,23.69761104,Fcom
2025-08-01T06:35:00Z,2025-08-01T06:56:00Z,2025-08-01,F01,F01_TPC,F01_TPC_O2.csv,LIGHT,RUN1,0,4,1,24.5,1,464,14.38535037,Prug
2025-08-01T06:35:00Z,2025-08-01T06:56:00Z,2025-08-01,E01,E01_TPC,E01_TPC_O2.csv,LIGHT,RUN1,0,5,1,24.5,1,460,33.93822657,Peyd
2025-08-01T06:35:00Z,2025-08-01T06:56:00Z,2025-08-01,BLANK1_Run1,BLANK1_Run1_TPC,BLANK1_Run1_TPC_O2.csv,LIGHT,RUN1,1,6,1,24.5,NA,475,NA,BLANK
2025-08-01T06:35:00Z,2025-08-01T06:56:00Z,2025-08-01,J01,J01_TPC,J01_TPC_O2.csv,LIGHT,RUN1,0,7,1,24.5,1,465,16.22929921,Ahya
2025-08-01T06:35:00Z,2025-08-01T06:56:00Z,2025-08-01,I01,I01_TPC,I01_TPC_O2.csv,LIGHT,RUN1,0,8,1,24.5,1,468,26.20193602,Tfro
2025-08-01T06:35:00Z,2025-08-01T06:56:00Z,2025-08-01,BLANK2_Run1,BLANK2_Run1_TPC,BLANK2_Run1_TPC_O2.csv,LIGHT,RUN1,1,9,1,24.5,NA,475,NA,BLANK
2025-08-01T06:35:00Z,2025-08-01T06:56:00Z,2025-08-01,B01,B01_TPC,B01_TPC_O2.csv,LIGHT,RUN1,0,10,1,24.5,1,462,19.26639142,Mvie
2025-08-01T06:35:00Z,2025-08-01T06:56:00Z,2025-08-01,H01,H01_TPC,H01_TPC_O2.csv,LIGHT,RUN1,0,11,1,24.5,1,461,32.84078989,Maeq
2025-08-01T06:35:00Z,2025-08-01T06:56:00Z,2025-08-01,D01,D01_TPC,D01_TPC_O2.csv,LIGHT,RUN1,0,12,1,24.5,1,460,28.54674986,Prus
2025-08-01T06:58:00Z,2025-08-01T07:19:00Z,2025-08-01,A01,A01_TPC,A01_TPC_O2.csv,DARK,RUN1,0,1,1,24.5,1,463,24.72486281,Pcyl
2025-08-01T06:58:00Z,2025-08-01T07:19:00Z,2025-08-01,G01,G01_TPC,G01_TPC_O2.csv,DARK,RUN1,0,2,1,24.5,1,460,20.38296944,Elam
2025-08-01T06:58:00Z,2025-08-01T07:19:00Z,2025-08-01,C01,C01_TPC,C01_TPC_O2.csv,DARK,RUN1,0,3,1,24.5,1,462,23.69761104,Fcom
2025-08-01T06:58:00Z,2025-08-01T07:19:00Z,2025-08-01,F01,F01_TPC,F01_TPC_O2.csv,DARK,RUN1,0,4,1,24.5,1,464,14.38535037,Prug
2025-08-01T06:58:00Z,2025-08-01T07:19:00Z,2025-08-01,E01,E01_TPC,E01_TPC_O2.csv,DARK,RUN1,0,5,1,24.5,1,460,33.93822657,Peyd
2025-08-01T06:58:00Z,2025-08-01T07:19:00Z,2025-08-01,BLANK1_Run1,BLANK1_Run1_TPC,BLANK1_Run1_TPC_O2.csv,DARK,RUN1,1,6,1,24.5,NA,475,NA,BLANK
2025-08-01T06:58:00Z,2025-08-01T07:19:00Z,2025-08-01,J01,J01_TPC,J01_TPC_O2.csv,DARK,RUN1,0,7,1,24.5,1,465,16.22929921,Ahya
2025-08-01T06:58:00Z,2025-08-01T07:19:00Z,2025-08-01,I01,I01_TPC,I01_TPC_O2.csv,DARK,RUN1,0,8,1,24.5,1,468,26.20193602,Tfro
2025-08-01T06:58:00Z,2025-08-01T07:19:00Z,2025-08-01,BLANK2_Run1,BLANK2_Run1_TPC,BLANK2_Run1_TPC_O2.csv,DARK,RUN1,1,9,1,24.5,NA,475,NA,BLANK
2025-08-01T06:58:00Z,2025-08-01T07:19:00Z,2025-08-01,B01,B01_TPC,B01_TPC_O2.csv,DARK,RUN1,0,10,1,24.5,1,462,19.26639142,Mvie
2025-08-01T06:58:00Z,2025-08-01T07:19:00Z,2025-08-01,H01,H01_TPC,H01_TPC_O2.csv,DARK,RUN1,0,11,1,24.5,1,461,32.84078989,Maeq
2025-08-01T06:58:00Z,2025-08-01T07:19:00Z,2025-08-01,D01,D01_TPC,D01_TPC_O2.csv,DARK,RUN1,0,12,1,24.5,1,460,28.54674986,Prus
2025-08-01T07:45:00Z,2025-08-01T08:05:00Z,2025-08-01,A01,A01_TPC,A01_TPC_O2.csv,LIGHT,RUN1,0,1,2,26,1,463,24.72486281,Pcyl
2025-08-01T07:45:00Z,2025-08-01T08:05:00Z,2025-08-01,G01,G01_TPC,G01_TPC_O2.csv,LIGHT,RUN1,0,2,2,26,1,460,20.38296944,Elam
2025-08-01T07:45:00Z,2025-08-01T08:05:00Z,2025-08-01,C01,C01_TPC,C01_TPC_O2.csv,LIGHT,RUN1,0,3,2,26,1,462,23.69761104,Fcom
2025-08-01T07:45:00Z,2025-08-01T08:05:00Z,2025-08-01,F01,F01_TPC,F01_TPC_O2.csv,LIGHT,RUN1,0,4,2,26,1,464,14.38535037,Prug
2025-08-01T07:45:00Z,2025-08-01T08:05:00Z,2025-08-01,E01,E01_TPC,E01_TPC_O2.csv,LIGHT,RUN1,0,5,2,26,1,460,33.93822657,Peyd
2025-08-01T07:45:00Z,2025-08-01T08:05:00Z,2025-08-01,BLANK1_Run1,BLANK1_Run1_TPC,BLANK1_Run1_TPC_O2.csv,LIGHT,RUN1,1,6,2,26,NA,475,NA,BLANK
2025-08-01T07:45:00Z,2025-08-01T08:05:00Z,2025-08-01,J01,J01_TPC,J01_TPC_O2.csv,LIGHT,RUN1,0,7,2,26,1,465,16.22929921,Ahya
2025-08-01T07:45:00Z,2025-08-01T08:05:00Z,2025-08-01,I01,I01_TPC,I01_TPC_O2.csv,LIGHT,RUN1,0,8,2,26,1,468,26.20193602,Tfro
2025-08-01T07:45:00Z,2025-08-01T08:05:00Z,2025-08-01,BLANK2_Run1,BLANK2_Run1_TPC,BLANK2_Run1_TPC_O2.csv,LIGHT,RUN1,1,9,2,26,NA,475,NA,BLANK
2025-08-01T07:45:00Z,2025-08-01T08:05:00Z,2025-08-01,B01,B01_TPC,B01_TPC_O2.csv,LIGHT,RUN1,0,10,2,26,1,462,19.26639142,Mvie
2025-08-01T07:45:00Z,2025-08-01T08:05:00Z,2025-08-01,H01,H01_TPC,H01_TPC_O2.csv,LIGHT,RUN1,0,11,2,26,1,461,32.84078989,Maeq
2025-08-01T07:45:00Z,2025-08-01T08:05:00Z,2025-08-01,D01,D01_TPC,D01_TPC_O2.csv,LIGHT,RUN1,0,12,2,26,1,460,28.54674986,Prus
2025-08-01T08:09:00Z,2025-08-01T08:30:00Z,2025-08-01,A01,A01_TPC,A01_TPC_O2.csv,DARK,RUN1,0,1,2,26,1,463,24.72486281,Pcyl
2025-08-01T08:09:00Z,2025-08-01T08:30:00Z,2025-08-01,G01,G01_TPC,G01_TPC_O2.csv,DARK,RUN1,0,2,2,26,1,460,20.38296944,Elam
2025-08-01T08:09:00Z,2025-08-01T08:30:00Z,2025-08-01,C01,C01_TPC,C01_TPC_O2.csv,DARK,RUN1,0,3,2,26,1,462,23.69761104,Fcom
2025-08-01T08:09:00Z,2025-08-01T08:30:00Z,2025-08-01,F01,F01_TPC,F01_TPC_O2.csv,DARK,RUN1,0,4,2,26,1,464,14.38535037,Prug
2025-08-01T08:09:00Z,2025-08-01T08:30:00Z,2025-08-01,E01,E01_TPC,E01_TPC_O2.csv,DARK,RUN1,0,5,2,26,1,460,33.93822657,Peyd
2025-08-01T08:09:00Z,2025-08-01T08:30:00Z,2025-08-01,BLANK1_Run1,BLANK1_Run1_TPC,BLANK1_Run1_TPC_O2.csv,DARK,RUN1,1,6,2,26,NA,475,NA,BLANK
2025-08-01T08:09:00Z,2025-08-01T08:30:00Z,2025-08-01,J01,J01_TPC,J01_TPC_O2.csv,DARK,RUN1,0,7,2,26,1,465,16.22929921,Ahya
2025-08-01T08:09:00Z,2025-08-01T08:30:00Z,2025-08-01,I01,I01_TPC,I01_TPC_O2.csv,DARK,RUN1,0,8,2,26,1,468,26.20193602,Tfro
2025-08-01T08:09:00Z,2025-08-01T08:30:00Z,2025-08-01,BLANK2_Run1,BLANK2_Run1_TPC,BLANK2_Run1_TPC_O2.csv,DARK,RUN1,1,9,2,26,NA,475,NA,BLANK
2025-08-01T08:09:00Z,2025-08-01T08:30:00Z,2025-08-01,B01,B01_TPC,B01_TPC_O2.csv,DARK,RUN1,0,10,2,26,1,462,19.26639142,Mvie
2025-08-01T08:09:00Z,2025-08-01T08:30:00Z,2025-08-01,H01,H01_TPC,H01_TPC_O2.csv,DARK,RUN1,0,11,2,26,1,461,32.84078989,Maeq
2025-08-01T08:09:00Z,2025-08-01T08:30:00Z,2025-08-01,D01,D01_TPC,D01_TPC_O2.csv,DARK,RUN1,0,12,2,26,1,460,28.54674986,Prus
2025-08-01T08:57:00Z,2025-08-01T09:17:00Z,2025-08-01,A01,A01_TPC,A01_TPC_O2.csv,LIGHT,RUN1,0,1,3,27,1,463,24.72486281,Pcyl
2025-08-01T08:57:00Z,2025-08-01T09:17:00Z,2025-08-01,G01,G01_TPC,G01_TPC_O2.csv,LIGHT,RUN1,0,2,3,27,1,460,20.38296944,Elam
2025-08-01T08:57:00Z,2025-08-01T09:17:00Z,2025-08-01,C01,C01_TPC,C01_TPC_O2.csv,LIGHT,RUN1,0,3,3,27,1,462,23.69761104,Fcom
2025-08-01T08:57:00Z,2025-08-01T09:17:00Z,2025-08-01,F01,F01_TPC,F01_TPC_O2.csv,LIGHT,RUN1,0,4,3,27,1,464,14.38535037,Prug
2025-08-01T08:57:00Z,2025-08-01T09:17:00Z,2025-08-01,E01,E01_TPC,E01_TPC_O2.csv,LIGHT,RUN1,0,5,3,27,1,460,33.93822657,Peyd
2025-08-01T08:57:00Z,2025-08-01T09:17:00Z,2025-08-01,BLANK1_Run1,BLANK1_Run1_TPC,BLANK1_Run1_TPC_O2.csv,LIGHT,RUN1,1,6,3,27,NA,475,NA,BLANK
2025-08-01T08:57:00Z,2025-08-01T09:17:00Z,2025-08-01,J01,J01_TPC,J01_TPC_O2.csv,LIGHT,RUN1,0,7,3,27,1,465,16.22929921,Ahya
2025-08-01T08:57:00Z,2025-08-01T09:17:00Z,2025-08-01,I01,I01_TPC,I01_TPC_O2.csv,LIGHT,RUN1,0,8,3,27,1,468,26.20193602,Tfro
2025-08-01T08:57:00Z,2025-08-01T09:17:00Z,2025-08-01,BLANK2_Run1,BLANK2_Run1_TPC,BLANK2_Run1_TPC_O2.csv,LIGHT,RUN1,1,9,3,27,NA,475,NA,BLANK
2025-08-01T08:57:00Z,2025-08-01T09:17:00Z,2025-08-01,B01,B01_TPC,B01_TPC_O2.csv,LIGHT,RUN1,0,10,3,27,1,462,19.26639142,Mvie
2025-08-01T08:57:00Z,2025-08-01T09:17:00Z,2025-08-01,H01,H01_TPC,H01_TPC_O2.csv,LIGHT,RUN1,0,11,3,27,1,461,32.84078989,Maeq
2025-08-01T08:57:00Z,2025-08-01T09:17:00Z,2025-08-01,D01,D01_TPC,D01_TPC_O2.csv,LIGHT,RUN1,0,12,3,27,1,460,28.54674986,Prus
2025-08-01T09:19:00Z,2025-08-01T09:39:00Z,2025-08-01,A01,A01_TPC,A01_TPC_O2.csv,DARK,RUN1,0,1,3,27,1,463,24.72486281,Pcyl
2025-08-01T09:19:00Z,2025-08-01T09:39:00Z,2025-08-01,G01,G01_TPC,G01_TPC_O2.csv,DARK,RUN1,0,2,3,27,1,460,20.38296944,Elam
2025-08-01T09:19:00Z,2025-08-01T09:39:00Z,2025-08-01,C01,C01_TPC,C01_TPC_O2.csv,DARK,RUN1,0,3,3,27,1,462,23.69761104,Fcom
2025-08-01T09:19:00Z,2025-08-01T09:39:00Z,2025-08-01,F01,F01_TPC,F01_TPC_O2.csv,DARK,RUN1,0,4,3,27,1,464,14.38535037,Prug
2025-08-01T09:19:00Z,2025-08-01T09:39:00Z,2025-08-01,E01,E01_TPC,E01_TPC_O2.csv,DARK,RUN1,0,5,3,27,1,460,33.93822657,Peyd
2025-08-01T09:19:00Z,2025-08-01T09:39:00Z,2025-08-01,BLANK1_Run1,BLANK1_Run1_TPC,BLANK1_Run1_TPC_O2.csv,DARK,RUN1,1,6,3,27,NA,475,NA,BLANK
2025-08-01T09:19:00Z,2025-08-01T09:39:00Z,2025-08-01,J01,J01_TPC,J01_TPC_O2.csv,DARK,RUN1,0,7,3,27,1,465,16.22929921,Ahya
2025-08-01T09:19:00Z,2025-08-01T09:39:00Z,2025-08-01,I01,I01_TPC,I01_TPC_O2.csv,DARK,RUN1,0,8,3,27,1,468,26.20193602,Tfro
2025-08-01T09:19:00Z,2025-08-01T09:39:00Z,2025-08-01,BLANK2_Run1,BLANK2_Run1_TPC,BLANK2_Run1_TPC_O2.csv,DARK,RUN1,1,9,3,27,NA,475,NA,BLANK
2025-08-01T09:19:00Z,2025-08-01T09:39:00Z,2025-08-01,B01,B01_TPC,B01_TPC_O2.csv,DARK,RUN1,0,10,3,27,1,462,19.26639142,Mvie
2025-08-01T09:19:00Z,2025-08-01T09:39:00Z,2025-08-01,H01,H01_TPC,H01_TPC_O2.csv,DARK,RUN1,0,11,3,27,1,461,32.84078989,Maeq
2025-08-01T09:19:00Z,2025-08-01T09:39:00Z,2025-08-01,D01,D01_TPC,D01_TPC_O2.csv,DARK,RUN1,0,12,3,27,1,460,28.54674986,Prus
2025-08-01T09:57:00Z,2025-08-01T10:17:00Z,2025-08-01,A01,A01_TPC,A01_TPC_O2.csv,LIGHT,RUN1,0,1,4,28,1,463,24.72486281,Pcyl
2025-08-01T09:57:00Z,2025-08-01T10:17:00Z,2025-08-01,G01,G01_TPC,G01_TPC_O2.csv,LIGHT,RUN1,0,2,4,28,1,460,20.38296944,Elam
2025-08-01T09:57:00Z,2025-08-01T10:17:00Z,2025-08-01,C01,C01_TPC,C01_TPC_O2.csv,LIGHT,RUN1,0,3,4,28,1,462,23.69761104,Fcom
2025-08-01T09:57:00Z,2025-08-01T10:17:00Z,2025-08-01,F01,F01_TPC,F01_TPC_O2.csv,LIGHT,RUN1,0,4,4,28,1,464,14.38535037,Prug
2025-08-01T09:57:00Z,2025-08-01T10:17:00Z,2025-08-01,E01,E01_TPC,E01_TPC_O2.csv,LIGHT,RUN1,0,5,4,28,1,460,33.93822657,Peyd
2025-08-01T09:57:00Z,2025-08-01T10:17:00Z,2025-08-01,BLANK1_Run1,BLANK1_Run1_TPC,BLANK1_Run1_TPC_O2.csv,LIGHT,RUN1,1,6,4,28,NA,475,NA,BLANK
2025-08-01T09:57:00Z,2025-08-01T10:17:00Z,2025-08-01,J01,J01_TPC,J01_TPC_O2.csv,LIGHT,RUN1,0,7,4,28,1,465,16.22929921,Ahya
2025-08-01T09:57:00Z,2025-08-01T10:17:00Z,2025-08-01,I01,I01_TPC,I01_TPC_O2.csv,LIGHT,RUN1,0,8,4,28,1,468,26.20193602,Tfro
2025-08-01T09:57:00Z,2025-08-01T10:17:00Z,2025-08-01,BLANK2_Run1,BLANK2_Run1_TPC,BLANK2_Run1_TPC_O2.csv,LIGHT,RUN1,1,9,4,28,NA,475,NA,BLANK
2025-08-01T09:57:00Z,2025-08-01T10:17:00Z,2025-08-01,B01,B01_TPC,B01_TPC_O2.csv,LIGHT,RUN1,0,10,4,28,1,462,19.26639142,Mvie
2025-08-01T09:57:00Z,2025-08-01T10:17:00Z,2025-08-01,H01,H01_TPC,H01_TPC_O2.csv,LIGHT,RUN1,0,11,4,28,1,461,32.84078989,Maeq
2025-08-01T09:57:00Z,2025-08-01T10:17:00Z,2025-08-01,D01,D01_TPC,D01_TPC_O2.csv,LIGHT,RUN1,0,12,4,28,1,460,28.54674986,Prus
2025-08-01T10:19:00Z,2025-08-01T10:39:00Z,2025-08-01,A01,A01_TPC,A01_TPC_O2.csv,DARK,RUN1,0,1,4,28,1,463,24.72486281,Pcyl
2025-08-01T10:19:00Z,2025-08-01T10:39:00Z,2025-08-01,G01,G01_TPC,G01_TPC_O2.csv,DARK,RUN1,0,2,4,28,1,460,20.38296944,Elam
2025-08-01T10:19:00Z,2025-08-01T10:39:00Z,2025-08-01,C01,C01_TPC,C01_TPC_O2.csv,DARK,RUN1,0,3,4,28,1,462,23.69761104,Fcom
2025-08-01T10:19:00Z,2025-08-01T10:39:00Z,2025-08-01,F01,F01_TPC,F01_TPC_O2.csv,DARK,RUN1,0,4,4,28,1,464,14.38535037,Prug
2025-08-01T10:19:00Z,2025-08-01T10:39:00Z,2025-08-01,E01,E01_TPC,E01_TPC_O2.csv,DARK,RUN1,0,5,4,28,1,460,33.93822657,Peyd
2025-08-01T10:19:00Z,2025-08-01T10:39:00Z,2025-08-01,BLANK1_Run1,BLANK1_Run1_TPC,BLANK1_Run1_TPC_O2.csv,DARK,RUN1,1,6,4,28,NA,475,NA,BLANK
2025-08-01T10:19:00Z,2025-08-01T10:39:00Z,2025-08-01,J01,J01_TPC,J01_TPC_O2.csv,DARK,RUN1,0,7,4,28,1,465,16.22929921,Ahya
2025-08-01T10:19:00Z,2025-08-01T10:39:00Z,2025-08-01,I01,I01_TPC,I01_TPC_O2.csv,DARK,RUN1,0,8,4,28,1,468,26.20193602,Tfro
2025-08-01T10:19:00Z,2025-08-01T10:39:00Z,2025-08-01,BLANK2_Run1,BLANK2_Run1_TPC,BLANK2_Run1_TPC_O2.csv,DARK,RUN1,1,9,4,28,NA,475,NA,BLANK
2025-08-01T10:19:00Z,2025-08-01T10:39:00Z,2025-08-01,B01,B01_TPC,B01_TPC_O2.csv,DARK,RUN1,0,10,4,28,1,462,19.26639142,Mvie
2025-08-01T10:19:00Z,2025-08-01T10:39:00Z,2025-08-01,H01,H01_TPC,H01_TPC_O2.csv,DARK,RUN1,0,11,4,28,1,461,32.84078989,Maeq
2025-08-01T10:19:00Z,2025-08-01T10:39:00Z,2025-08-01,D01,D01_TPC,D01_TPC_O2.csv,DARK,RUN1,0,12,4,28,1,460,28.54674986,Prus
2025-08-01T11:09:00Z,2025-08-01T11:29:00Z,2025-08-01,A01,A01_TPC,A01_TPC_O2.csv,LIGHT,RUN1,0,1,5,29,1,463,24.72486281,Pcyl
2025-08-01T11:09:00Z,2025-08-01T11:29:00Z,2025-08-01,G01,G01_TPC,G01_TPC_O2.csv,LIGHT,RUN1,0,2,5,29,1,460,20.38296944,Elam
2025-08-01T11:09:00Z,2025-08-01T11:29:00Z,2025-08-01,C01,C01_TPC,C01_TPC_O2.csv,LIGHT,RUN1,0,3,5,29,1,462,23.69761104,Fcom
2025-08-01T11:09:00Z,2025-08-01T11:29:00Z,2025-08-01,F01,F01_TPC,F01_TPC_O2.csv,LIGHT,RUN1,0,4,5,29,1,464,14.38535037,Prug
2025-08-01T11:09:00Z,2025-08-01T11:29:00Z,2025-08-01,E01,E01_TPC,E01_TPC_O2.csv,LIGHT,RUN1,0,5,5,29,1,460,33.93822657,Peyd
2025-08-01T11:09:00Z,2025-08-01T11:29:00Z,2025-08-01,BLANK1_Run1,BLANK1_Run1_TPC,BLANK1_Run1_TPC_O2.csv,LIGHT,RUN1,1,6,5,29,NA,475,NA,BLANK
2025-08-01T11:09:00Z,2025-08-01T11:29:00Z,2025-08-01,J01,J01_TPC,J01_TPC_O2.csv,LIGHT,RUN1,0,7,5,29,1,465,16.22929921,Ahya
2025-08-01T11:09:00Z,2025-08-01T11:29:00Z,2025-08-01,I01,I01_TPC,I01_TPC_O2.csv,LIGHT,RUN1,0,8,5,29,1,468,26.20193602,Tfro
2025-08-01T11:09:00Z,2025-08-01T11:29:00Z,2025-08-01,BLANK2_Run1,BLANK2_Run1_TPC,BLANK2_Run1_TPC_O2.csv,LIGHT,RUN1,1,9,5,29,NA,475,NA,BLANK
2025-08-01T11:09:00Z,2025-08-01T11:29:00Z,2025-08-01,B01,B01_TPC,B01_TPC_O2.csv,LIGHT,RUN1,0,10,5,29,1,462,19.26639142,Mvie
2025-08-01T11:09:00Z,2025-08-01T11:29:00Z,2025-08-01,H01,H01_TPC,H01_TPC_O2.csv,LIGHT,RUN1,0,11,5,29,1,461,32.84078989,Maeq
2025-08-01T11:09:00Z,2025-08-01T11:29:00Z,2025-08-01,D01,D01_TPC,D01_TPC_O2.csv,LIGHT,RUN1,0,12,5,29,1,460,28.54674986,Prus
2025-08-01T11:32:00Z,2025-08-01T11:52:00Z,2025-08-01,A01,A01_TPC,A01_TPC_O2.csv,DARK,RUN1,0,1,5,29,1,463,24.72486281,Pcyl
2025-08-01T11:32:00Z,2025-08-01T11:52:00Z,2025-08-01,G01,G01_TPC,G01_TPC_O2.csv,DARK,RUN1,0,2,5,29,1,460,20.38296944,Elam
2025-08-01T11:32:00Z,2025-08-01T11:52:00Z,2025-08-01,C01,C01_TPC,C01_TPC_O2.csv,DARK,RUN1,0,3,5,29,1,462,23.69761104,Fcom
2025-08-01T11:32:00Z,2025-08-01T11:52:00Z,2025-08-01,F01,F01_TPC,F01_TPC_O2.csv,DARK,RUN1,0,4,5,29,1,464,14.38535037,Prug
2025-08-01T11:32:00Z,2025-08-01T11:52:00Z,2025-08-01,E01,E01_TPC,E01_TPC_O2.csv,DARK,RUN1,0,5,5,29,1,460,33.93822657,Peyd
2025-08-01T11:32:00Z,2025-08-01T11:52:00Z,2025-08-01,BLANK1_Run1,BLANK1_Run1_TPC,BLANK1_Run1_TPC_O2.csv,DARK,RUN1,1,6,5,29,NA,475,NA,BLANK
2025-08-01T11:32:00Z,2025-08-01T11:52:00Z,2025-08-01,J01,J01_TPC,J01_TPC_O2.csv,DARK,RUN1,0,7,5,29,1,465,16.22929921,Ahya
2025-08-01T11:32:00Z,2025-08-01T11:52:00Z,2025-08-01,I01,I01_TPC,I01_TPC_O2.csv,DARK,RUN1,0,8,5,29,1,468,26.20193602,Tfro
2025-08-01T11:32:00Z,2025-08-01T11:52:00Z,2025-08-01,BLANK2_Run1,BLANK2_Run1_TPC,BLANK2_Run1_TPC_O2.csv,DARK,RUN1,1,9,5,29,NA,475,NA,BLANK
2025-08-01T11:32:00Z,2025-08-01T11:52:00Z,2025-08-01,B01,B01_TPC,B01_TPC_O2.csv,DARK,RUN1,0,10,5,29,1,462,19.26639142,Mvie
2025-08-01T11:32:00Z,2025-08-01T11:52:00Z,2025-08-01,H01,H01_TPC,H01_TPC_O2.csv,DARK,RUN1,0,11,5,29,1,461,32.84078989,Maeq
2025-08-01T11:32:00Z,2025-08-01T11:52:00Z,2025-08-01,D01,D01_TPC,D01_TPC_O2.csv,DARK,RUN1,0,12,5,29,1,460,28.54674986,Prus
2025-08-01T12:20:00Z,2025-08-01T12:40:00Z,2025-08-01,A01,A01_TPC,A01_TPC_O2.csv,LIGHT,RUN1,0,1,6,30,1,463,24.72486281,Pcyl
2025-08-01T12:20:00Z,2025-08-01T12:40:00Z,2025-08-01,G01,G01_TPC,G01_TPC_O2.csv,LIGHT,RUN1,0,2,6,30,1,460,20.38296944,Elam
2025-08-01T12:20:00Z,2025-08-01T12:40:00Z,2025-08-01,C01,C01_TPC,C01_TPC_O2.csv,LIGHT,RUN1,0,3,6,30,1,462,23.69761104,Fcom
2025-08-01T12:20:00Z,2025-08-01T12:40:00Z,2025-08-01,F01,F01_TPC,F01_TPC_O2.csv,LIGHT,RUN1,0,4,6,30,1,464,14.38535037,Prug
2025-08-01T12:20:00Z,2025-08-01T12:40:00Z,2025-08-01,E01,E01_TPC,E01_TPC_O2.csv,LIGHT,RUN1,0,5,6,30,1,460,33.93822657,Peyd
2025-08-01T12:20:00Z,2025-08-01T12:40:00Z,2025-08-01,BLANK1_Run1,BLANK1_Run1_TPC,BLANK1_Run1_TPC_O2.csv,LIGHT,RUN1,1,6,6,30,NA,475,NA,BLANK
2025-08-01T12:20:00Z,2025-08-01T12:40:00Z,2025-08-01,J01,J01_TPC,J01_TPC_O2.csv,LIGHT,RUN1,0,7,6,30,1,465,16.22929921,Ahya
2025-08-01T12:20:00Z,2025-08-01T12:40:00Z,2025-08-01,I01,I01_TPC,I01_TPC_O2.csv,LIGHT,RUN1,0,8,6,30,1,468,26.20193602,Tfro
2025-08-01T12:20:00Z,2025-08-01T12:40:00Z,2025-08-01,BLANK2_Run1,BLANK2_Run1_TPC,BLANK2_Run1_TPC_O2.csv,LIGHT,RUN1,1,9,6,30,NA,475,NA,BLANK
2025-08-01T12:20:00Z,2025-08-01T12:40:00Z,2025-08-01,B01,B01_TPC,B01_TPC_O2.csv,LIGHT,RUN1,0,10,6,30,1,462,19.26639142,Mvie
2025-08-01T12:20:00Z,2025-08-01T12:40:00Z,2025-08-01,H01,H01_TPC,H01_TPC_O2.csv,LIGHT,RUN1,0,11,6,30,1,461,32.84078989,Maeq
2025-08-01T12:20:00Z,2025-08-01T12:40:00Z,2025-08-01,D01,D01_TPC,D01_TPC_O2.csv,LIGHT,RUN1,0,12,6,30,1,460,28.54674986,Prus
2025-08-01T12:43:00Z,2025-08-01T13:03:00Z,2025-08-01,A01,A01_TPC,A01_TPC_O2.csv,DARK,RUN1,0,1,6,30,1,463,24.72486281,Pcyl
2025-08-01T12:43:00Z,2025-08-01T13:03:00Z,2025-08-01,G01,G01_TPC,G01_TPC_O2.csv,DARK,RUN1,0,2,6,30,1,460,20.38296944,Elam
2025-08-01T12:43:00Z,2025-08-01T13:03:00Z,2025-08-01,C01,C01_TPC,C01_TPC_O2.csv,DARK,RUN1,0,3,6,30,1,462,23.69761104,Fcom
2025-08-01T12:43:00Z,2025-08-01T13:03:00Z,2025-08-01,F01,F01_TPC,F01_TPC_O2.csv,DARK,RUN1,0,4,6,30,1,464,14.38535037,Prug
2025-08-01T12:43:00Z,2025-08-01T13:03:00Z,2025-08-01,E01,E01_TPC,E01_TPC_O2.csv,DARK,RUN1,0,5,6,30,1,460,33.93822657,Peyd
2025-08-01T12:43:00Z,2025-08-01T13:03:00Z,2025-08-01,BLANK1_Run1,BLANK1_Run1_TPC,BLANK1_Run1_TPC_O2.csv,DARK,RUN1,1,6,6,30,NA,475,NA,BLANK
2025-08-01T12:43:00Z,2025-08-01T13:03:00Z,2025-08-01,J01,J01_TPC,J01_TPC_O2.csv,DARK,RUN1,0,7,6,30,1,465,16.22929921,Ahya
2025-08-01T12:43:00Z,2025-08-01T13:03:00Z,2025-08-01,I01,I01_TPC,I01_TPC_O2.csv,DARK,RUN1,0,8,6,30,1,468,26.20193602,Tfro
2025-08-01T12:43:00Z,2025-08-01T13:03:00Z,2025-08-01,BLANK2_Run1,BLANK2_Run1_TPC,BLANK2_Run1_TPC_O2.csv,DARK,RUN1,1,9,6,30,NA,475,NA,BLANK
2025-08-01T12:43:00Z,2025-08-01T13:03:00Z,2025-08-01,B01,B01_TPC,B01_TPC_O2.csv,DARK,RUN1,0,10,6,30,1,462,19.26639142,Mvie
2025-08-01T12:43:00Z,2025-08-01T13:03:00Z,2025-08-01,H01,H01_TPC,H01_TPC_O2.csv,DARK,RUN1,0,11,6,30,1,461,32.84078989,Maeq
2025-08-01T12:43:00Z,2025-08-01T13:03:00Z,2025-08-01,D01,D01_TPC,D01_TPC_O2.csv,DARK,RUN1,0,12,6,30,1,460,28.54674986,Prus
2025-08-01T13:23:00Z,2025-08-01T13:43:00Z,2025-08-01,A01,A01_TPC,A01_TPC_O2.csv,LIGHT,RUN1,0,1,7,31,1,463,24.72486281,Pcyl
2025-08-01T13:23:00Z,2025-08-01T13:43:00Z,2025-08-01,G01,G01_TPC,G01_TPC_O2.csv,LIGHT,RUN1,0,2,7,31,1,460,20.38296944,Elam
2025-08-01T13:23:00Z,2025-08-01T13:43:00Z,2025-08-01,C01,C01_TPC,C01_TPC_O2.csv,LIGHT,RUN1,0,3,7,31,1,462,23.69761104,Fcom
2025-08-01T13:23:00Z,2025-08-01T13:43:00Z,2025-08-01,F01,F01_TPC,F01_TPC_O2.csv,LIGHT,RUN1,0,4,7,31,1,464,14.38535037,Prug
2025-08-01T13:23:00Z,2025-08-01T13:43:00Z,2025-08-01,E01,E01_TPC,E01_TPC_O2.csv,LIGHT,RUN1,0,5,7,31,1,460,33.93822657,Peyd
2025-08-01T13:23:00Z,2025-08-01T13:43:00Z,2025-08-01,BLANK1_Run1,BLANK1_Run1_TPC,BLANK1_Run1_TPC_O2.csv,LIGHT,RUN1,1,6,7,31,NA,475,NA,BLANK
2025-08-01T13:23:00Z,2025-08-01T13:43:00Z,2025-08-01,J01,J01_TPC,J01_TPC_O2.csv,LIGHT,RUN1,0,7,7,31,1,465,16.22929921,Ahya
2025-08-01T13:23:00Z,2025-08-01T13:43:00Z,2025-08-01,I01,I01_TPC,I01_TPC_O2.csv,LIGHT,RUN1,0,8,7,31,1,468,26.20193602,Tfro
2025-08-01T13:23:00Z,2025-08-01T13:43:00Z,2025-08-01,BLANK2_Run1,BLANK2_Run1_TPC,BLANK2_Run1_TPC_O2.csv,LIGHT,RUN1,1,9,7,31,NA,475,NA,BLANK
2025-08-01T13:23:00Z,2025-08-01T13:43:00Z,2025-08-01,B01,B01_TPC,B01_TPC_O2.csv,LIGHT,RUN1,0,10,7,31,1,462,19.26639142,Mvie
2025-08-01T13:23:00Z,2025-08-01T13:43:00Z,2025-08-01,H01,H01_TPC,H01_TPC_O2.csv,LIGHT,RUN1,0,11,7,31,1,461,32.84078989,Maeq
2025-08-01T13:23:00Z,2025-08-01T13:43:00Z,2025-08-01,D01,D01_TPC,D01_TPC_O2.csv,LIGHT,RUN1,0,12,7,31,1,460,28.54674986,Prus
2025-08-01T13:44:00Z,2025-08-01T14:05:00Z,2025-08-01,A01,A01_TPC,A01_TPC_O2.csv,DARK,RUN1,0,1,7,31,1,463,24.72486281,Pcyl
2025-08-01T13:44:00Z,2025-08-01T14:05:00Z,2025-08-01,G01,G01_TPC,G01_TPC_O2.csv,DARK,RUN1,0,2,7,31,1,460,20.38296944,Elam
2025-08-01T13:44:00Z,2025-08-01T14:05:00Z,2025-08-01,C01,C01_TPC,C01_TPC_O2.csv,DARK,RUN1,0,3,7,31,1,462,23.69761104,Fcom
2025-08-01T13:44:00Z,2025-08-01T14:05:00Z,2025-08-01,F01,F01_TPC,F01_TPC_O2.csv,DARK,RUN1,0,4,7,31,1,464,14.38535037,Prug
2025-08-01T13:44:00Z,2025-08-01T14:05:00Z,2025-08-01,E01,E01_TPC,E01_TPC_O2.csv,DARK,RUN1,0,5,7,31,1,460,33.93822657,Peyd
2025-08-01T13:44:00Z,2025-08-01T14:05:00Z,2025-08-01,BLANK1_Run1,BLANK1_Run1_TPC,BLANK1_Run1_TPC_O2.csv,DARK,RUN1,1,6,7,31,NA,475,NA,BLANK
2025-08-01T13:44:00Z,2025-08-01T14:05:00Z,2025-08-01,J01,J01_TPC,J01_TPC_O2.csv,DARK,RUN1,0,7,7,31,1,465,16.22929921,Ahya
2025-08-01T13:44:00Z,2025-08-01T14:05:00Z,2025-08-01,I01,I01_TPC,I01_TPC_O2.csv,DARK,RUN1,0,8,7,31,1,468,26.20193602,Tfro
2025-08-01T13:44:00Z,2025-08-01T14:05:00Z,2025-08-01,BLANK2_Run1,BLANK2_Run1_TPC,BLANK2_Run1_TPC_O2.csv,DARK,RUN1,1,9,7,31,NA,475,NA,BLANK
2025-08-01T13:44:00Z,2025-08-01T14:05:00Z,2025-08-01,B01,B01_TPC,B01_TPC_O2.csv,DARK,RUN1,0,10,7,31,1,462,19.26639142,Mvie
2025-08-01T13:44:00Z,2025-08-01T14:05:00Z,2025-08-01,H01,H01_TPC,H01_TPC_O2.csv,DARK,RUN1,0,11,7,31,1,461,32.84078989,Maeq
2025-08-01T13:44:00Z,2025-08-01T14:05:00Z,2025-08-01,D01,D01_TPC,D01_TPC_O2.csv,DARK,RUN1,0,12,7,31,1,460,28.54674986,Prus
2025-08-01T14:47:00Z,2025-08-01T15:08:00Z,2025-08-01,A01,A01_TPC,A01_TPC_O2.csv,LIGHT,RUN1,0,1,8,32,1,463,24.72486281,Pcyl
2025-08-01T14:47:00Z,2025-08-01T15:08:00Z,2025-08-01,G01,G01_TPC,G01_TPC_O2.csv,LIGHT,RUN1,0,2,8,32,1,460,20.38296944,Elam
2025-08-01T14:47:00Z,2025-08-01T15:08:00Z,2025-08-01,C01,C01_TPC,C01_TPC_O2.csv,LIGHT,RUN1,0,3,8,32,1,462,23.69761104,Fcom
2025-08-01T14:47:00Z,2025-08-01T15:08:00Z,2025-08-01,F01,F01_TPC,F01_TPC_O2.csv,LIGHT,RUN1,0,4,8,32,1,464,14.38535037,Prug
2025-08-01T14:47:00Z,2025-08-01T15:08:00Z,2025-08-01,E01,E01_TPC,E01_TPC_O2.csv,LIGHT,RUN1,0,5,8,32,1,460,33.93822657,Peyd
2025-08-01T14:47:00Z,2025-08-01T15:08:00Z,2025-08-01,BLANK1_Run1,BLANK1_Run1_TPC,BLANK1_Run1_TPC_O2.csv,LIGHT,RUN1,1,6,8,32,NA,475,NA,BLANK
2025-08-01T14:47:00Z,2025-08-01T15:08:00Z,2025-08-01,J01,J01_TPC,J01_TPC_O2.csv,LIGHT,RUN1,0,7,8,32,1,465,16.22929921,Ahya
2025-08-01T14:47:00Z,2025-08-01T15:08:00Z,2025-08-01,I01,I01_TPC,I01_TPC_O2.csv,LIGHT,RUN1,0,8,8,32,1,468,26.20193602,Tfro
2025-08-01T14:47:00Z,2025-08-01T15:08:00Z,2025-08-01,BLANK2_Run1,BLANK2_Run1_TPC,BLANK2_Run1_TPC_O2.csv,LIGHT,RUN1,1,9,8,32,NA,475,NA,BLANK
2025-08-01T14:47:00Z,2025-08-01T15:08:00Z,2025-08-01,B01,B01_TPC,B01_TPC_O2.csv,LIGHT,RUN1,0,10,8,32,1,462,19.26639142,Mvie
2025-08-01T14:47:00Z,2025-08-01T15:08:00Z,2025-08-01,H01,H01_TPC,H01_TPC_O2.csv,LIGHT,RUN1,0,11,8,32,1,461,32.84078989,Maeq
2025-08-01T14:47:00Z,2025-08-01T15:08:00Z,2025-08-01,D01,D01_TPC,D01_TPC_O2.csv,LIGHT,RUN1,0,12,8,32,1,460,28.54674986,Prus
2025-08-01T15:10:00Z,2025-08-01T15:30:00Z,2025-08-01,A01,A01_TPC,A01_TPC_O2.csv,DARK,RUN1,0,1,8,32,1,463,24.72486281,Pcyl
2025-08-01T15:10:00Z,2025-08-01T15:30:00Z,2025-08-01,G01,G01_TPC,G01_TPC_O2.csv,DARK,RUN1,0,2,8,32,1,460,20.38296944,Elam
2025-08-01T15:10:00Z,2025-08-01T15:30:00Z,2025-08-01,C01,C01_TPC,C01_TPC_O2.csv,DARK,RUN1,0,3,8,32,1,462,23.69761104,Fcom
2025-08-01T15:10:00Z,2025-08-01T15:30:00Z,2025-08-01,F01,F01_TPC,F01_TPC_O2.csv,DARK,RUN1,0,4,8,32,1,464,14.38535037,Prug
2025-08-01T15:10:00Z,2025-08-01T15:30:00Z,2025-08-01,E01,E01_TPC,E01_TPC_O2.csv,DARK,RUN1,0,5,8,32,1,460,33.93822657,Peyd
2025-08-01T15:10:00Z,2025-08-01T15:30:00Z,2025-08-01,BLANK1_Run1,BLANK1_Run1_TPC,BLANK1_Run1_TPC_O2.csv,DARK,RUN1,1,6,8,32,NA,475,NA,BLANK
2025-08-01T15:10:00Z,2025-08-01T15:30:00Z,2025-08-01,J01,J01_TPC,J01_TPC_O2.csv,DARK,RUN1,0,7,8,32,1,465,16.22929921,Ahya
2025-08-01T15:10:00Z,2025-08-01T15:30:00Z,2025-08-01,I01,I01_TPC,I01_TPC_O2.csv,DARK,RUN1,0,8,8,32,1,468,26.20193602,Tfro
2025-08-01T15:10:00Z,2025-08-01T15:30:00Z,2025-08-01,BLANK2_Run1,BLANK2_Run1_TPC,BLANK2_Run1_TPC_O2.csv,DARK,RUN1,1,9,8,32,NA,475,NA,BLANK
2025-08-01T15:10:00Z,2025-08-01T15:30:00Z,2025-08-01,B01,B01_TPC,B01_TPC_O2.csv,DARK,RUN1,0,10,8,32,1,462,19.26639142,Mvie
2025-08-01T15:10:00Z,2025-08-01T15:30:00Z,2025-08-01,H01,H01_TPC,H01_TPC_O2.csv,DARK,RUN1,0,11,8,32,1,461,32.84078989,Maeq
2025-08-01T15:10:00Z,2025-08-01T15:30:00Z,2025-08-01,D01,D01_TPC,D01_TPC_O2.csv,DARK,RUN1,0,12,8,32,1,460,28.54674986,Prus
2025-08-01T16:12:00Z,2025-08-01T16:34:00Z,2025-08-01,A01,A01_TPC,A01_TPC_O2.csv,LIGHT,RUN1,0,1,9,34,1,463,24.72486281,Pcyl
2025-08-01T16:12:00Z,2025-08-01T16:34:00Z,2025-08-01,G01,G01_TPC,G01_TPC_O2.csv,LIGHT,RUN1,0,2,9,34,1,460,20.38296944,Elam
2025-08-01T16:12:00Z,2025-08-01T16:34:00Z,2025-08-01,C01,C01_TPC,C01_TPC_O2.csv,LIGHT,RUN1,0,3,9,34,1,462,23.69761104,Fcom
2025-08-01T16:12:00Z,2025-08-01T16:34:00Z,2025-08-01,F01,F01_TPC,F01_TPC_O2.csv,LIGHT,RUN1,0,4,9,34,1,464,14.38535037,Prug
2025-08-01T16:12:00Z,2025-08-01T16:34:00Z,2025-08-01,E01,E01_TPC,E01_TPC_O2.csv,LIGHT,RUN1,0,5,9,34,1,460,33.93822657,Peyd
2025-08-01T16:12:00Z,2025-08-01T16:34:00Z,2025-08-01,BLANK1_Run1,BLANK1_Run1_TPC,BLANK1_Run1_TPC_O2.csv,LIGHT,RUN1,1,6,9,34,NA,475,NA,BLANK
2025-08-01T16:12:00Z,2025-08-01T16:34:00Z,2025-08-01,J01,J01_TPC,J01_TPC_O2.csv,LIGHT,RUN1,0,7,9,34,1,465,16.22929921,Ahya
2025-08-01T16:12:00Z,2025-08-01T16:34:00Z,2025-08-01,I01,I01_TPC,I01_TPC_O2.csv,LIGHT,RUN1,0,8,9,34,1,468,26.20193602,Tfro
2025-08-01T16:12:00Z,2025-08-01T16:34:00Z,2025-08-01,BLANK2_Run1,BLANK2_Run1_TPC,BLANK2_Run1_TPC_O2.csv,LIGHT,RUN1,1,9,9,34,NA,475,NA,BLANK
2025-08-01T16:12:00Z,2025-08-01T16:34:00Z,2025-08-01,B01,B01_TPC,B01_TPC_O2.csv,LIGHT,RUN1,0,10,9,34,1,462,19.26639142,Mvie
2025-08-01T16:12:00Z,2025-08-01T16:34:00Z,2025-08-01,H01,H01_TPC,H01_TPC_O2.csv,LIGHT,RUN1,0,11,9,34,1,461,32.84078989,Maeq
2025-08-01T16:12:00Z,2025-08-01T16:34:00Z,2025-08-01,D01,D01_TPC,D01_TPC_O2.csv,LIGHT,RUN1,0,12,9,34,1,460,28.54674986,Prus
2025-08-01T16:37:00Z,2025-08-01T16:57:00Z,2025-08-01,A01,A01_TPC,A01_TPC_O2.csv,DARK,RUN1,0,1,9,34,1,463,24.72486281,Pcyl
2025-08-01T16:37:00Z,2025-08-01T16:57:00Z,2025-08-01,G01,G01_TPC,G01_TPC_O2.csv,DARK,RUN1,0,2,9,34,1,460,20.38296944,Elam
2025-08-01T16:37:00Z,2025-08-01T16:57:00Z,2025-08-01,C01,C01_TPC,C01_TPC_O2.csv,DARK,RUN1,0,3,9,34,1,462,23.69761104,Fcom
2025-08-01T16:37:00Z,2025-08-01T16:57:00Z,2025-08-01,F01,F01_TPC,F01_TPC_O2.csv,DARK,RUN1,0,4,9,34,1,464,14.38535037,Prug
2025-08-01T16:37:00Z,2025-08-01T16:57:00Z,2025-08-01,E01,E01_TPC,E01_TPC_O2.csv,DARK,RUN1,0,5,9,34,1,460,33.93822657,Peyd
2025-08-01T16:37:00Z,2025-08-01T16:57:00Z,2025-08-01,BLANK1_Run1,BLANK1_Run1_TPC,BLANK1_Run1_TPC_O2.csv,DARK,RUN1,1,6,9,34,NA,475,NA,BLANK
2025-08-01T16:37:00Z,2025-08-01T16:57:00Z,2025-08-01,J01,J01_TPC,J01_TPC_O2.csv,DARK,RUN1,0,7,9,34,1,465,16.22929921,Ahya
2025-08-01T16:37:00Z,2025-08-01T16:57:00Z,2025-08-01,I01,I01_TPC,I01_TPC_O2.csv,DARK,RUN1,0,8,9,34,1,468,26.20193602,Tfro
2025-08-01T16:37:00Z,2025-08-01T16:57:00Z,2025-08-01,BLANK2_Run1,BLANK2_Run1_TPC,BLANK2_Run1_TPC_O2.csv,DARK,RUN1,1,9,9,34,NA,475,NA,BLANK
2025-08-01T16:37:00Z,2025-08-01T16:57:00Z,2025-08-01,B01,B01_TPC,B01_TPC_O2.csv,DARK,RUN1,0,10,9,34,1,462,19.26639142,Mvie
2025-08-01T16:37:00Z,2025-08-01T16:57:00Z,2025-08-01,H01,H01_TPC,H01_TPC_O2.csv,DARK,RUN1,0,11,9,34,1,461,32.84078989,Maeq
2025-08-01T16:37:00Z,2025-08-01T16:57:00Z,2025-08-01,D01,D01_TPC,D01_TPC_O2.csv,DARK,RUN1,0,12,9,34,1,460,28.54674986,Prus
2025-08-02T06:11:00Z,2025-08-02T06:31:00Z,2025-08-02,G02,G02_TPC,G02_TPC_O2.csv,LIGHT,RUN2,0,1,1,24.5,1,461,16.88329491,Elam
2025-08-02T06:11:00Z,2025-08-02T06:31:00Z,2025-08-02,E02,E02_TPC,E02_TPC_O2.csv,LIGHT,RUN2,0,2,1,24.5,1,457,34.41995023,Peyd
2025-08-02T06:11:00Z,2025-08-02T06:31:00Z,2025-08-02,F04,F04_TPC,F04_TPC_O2.csv,LIGHT,RUN2,0,3,1,24.5,1,463,22.44704366,Prug
2025-08-02T06:11:00Z,2025-08-02T06:31:00Z,2025-08-02,D02,D02_TPC,D02_TPC_O2.csv,LIGHT,RUN2,0,4,1,24.5,1,464,18.28699298,Prus
2025-08-02T06:11:00Z,2025-08-02T06:31:00Z,2025-08-02,A02,A02_TPC,A02_TPC_O2.csv,LIGHT,RUN2,0,5,1,24.5,1,459,19.14835317,Pcyl
2025-08-02T06:11:00Z,2025-08-02T06:31:00Z,2025-08-02,I02,I02_TPC,I02_TPC_O2.csv,LIGHT,RUN2,0,6,1,24.5,1,460,24.37074807,Tfro
2025-08-02T06:11:00Z,2025-08-02T06:31:00Z,2025-08-02,BLANK2_Run2,BLANK2_Run2_TPC,BLANK2_Run2_TPC_O2.csv,LIGHT,RUN2,1,7,1,24.5,NA,475,NA,BLANK
2025-08-02T06:11:00Z,2025-08-02T06:31:00Z,2025-08-02,C02,C02_TPC,C02_TPC_O2.csv,LIGHT,RUN2,0,8,1,24.5,1,460,24.72805304,Fcom
2025-08-02T06:11:00Z,2025-08-02T06:31:00Z,2025-08-02,J02,J02_TPC,J02_TPC_O2.csv,LIGHT,RUN2,0,9,1,24.5,1,464,20.79769841,Ahya
2025-08-02T06:11:00Z,2025-08-02T06:31:00Z,2025-08-02,B02,B02_TPC,B02_TPC_O2.csv,LIGHT,RUN2,0,10,1,24.5,1,464,18.64110773,Mvie
2025-08-02T06:11:00Z,2025-08-02T06:31:00Z,2025-08-02,BLANK1_Run2,BLANK1_Run2_TPC,BLANK1_Run2_TPC_O2.csv,LIGHT,RUN2,1,11,1,24.5,NA,475,NA,BLANK
2025-08-02T06:11:00Z,2025-08-02T06:31:00Z,2025-08-02,H02,H02_TPC,H02_TPC_O2.csv,LIGHT,RUN2,0,12,1,24.5,1,455,37.79520607,Maeq
2025-08-02T06:33:00Z,2025-08-02T06:53:00Z,2025-08-02,G02,G02_TPC,G02_TPC_O2.csv,DARK,RUN2,0,1,1,24.5,1,461,16.88329491,Elam
2025-08-02T06:33:00Z,2025-08-02T06:53:00Z,2025-08-02,E02,E02_TPC,E02_TPC_O2.csv,DARK,RUN2,0,2,1,24.5,1,457,34.41995023,Peyd
2025-08-02T06:33:00Z,2025-08-02T06:53:00Z,2025-08-02,F04,F04_TPC,F04_TPC_O2.csv,DARK,RUN2,0,3,1,24.5,1,463,22.44704366,Prug
2025-08-02T06:33:00Z,2025-08-02T06:53:00Z,2025-08-02,D02,D02_TPC,D02_TPC_O2.csv,DARK,RUN2,0,4,1,24.5,1,464,18.28699298,Prus
2025-08-02T06:33:00Z,2025-08-02T06:53:00Z,2025-08-02,A02,A02_TPC,A02_TPC_O2.csv,DARK,RUN2,0,5,1,24.5,1,459,19.14835317,Pcyl
2025-08-02T06:33:00Z,2025-08-02T06:53:00Z,2025-08-02,I02,I02_TPC,I02_TPC_O2.csv,DARK,RUN2,0,6,1,24.5,1,460,24.37074807,Tfro
2025-08-02T06:33:00Z,2025-08-02T06:53:00Z,2025-08-02,BLANK2_Run2,BLANK2_Run2_TPC,BLANK2_Run2_TPC_O2.csv,DARK,RUN2,1,7,1,24.5,NA,475,NA,BLANK
2025-08-02T06:33:00Z,2025-08-02T06:53:00Z,2025-08-02,C02,C02_TPC,C02_TPC_O2.csv,DARK,RUN2,0,8,1,24.5,1,460,24.72805304,Fcom
2025-08-02T06:33:00Z,2025-08-02T06:53:00Z,2025-08-02,J02,J02_TPC,J02_TPC_O2.csv,DARK,RUN2,0,9,1,24.5,1,464,20.79769841,Ahya
2025-08-02T06:33:00Z,2025-08-02T06:53:00Z,2025-08-02,B02,B02_TPC,B02_TPC_O2.csv,DARK,RUN2,0,10,1,24.5,1,464,18.64110773,Mvie
2025-08-02T06:33:00Z,2025-08-02T06:53:00Z,2025-08-02,BLANK1_Run2,BLANK1_Run2_TPC,BLANK1_Run2_TPC_O2.csv,DARK,RUN2,1,11,1,24.5,NA,475,NA,BLANK
2025-08-02T06:33:00Z,2025-08-02T06:53:00Z,2025-08-02,H02,H02_TPC,H02_TPC_O2.csv,DARK,RUN2,0,12,1,24.5,1,455,37.79520607,Maeq
2025-08-02T07:17:00Z,2025-08-02T07:38:00Z,2025-08-02,G02,G02_TPC,G02_TPC_O2.csv,LIGHT,RUN2,0,1,2,26,1,461,16.88329491,Elam
2025-08-02T07:17:00Z,2025-08-02T07:38:00Z,2025-08-02,E02,E02_TPC,E02_TPC_O2.csv,LIGHT,RUN2,0,2,2,26,1,457,34.41995023,Peyd
2025-08-02T07:17:00Z,2025-08-02T07:38:00Z,2025-08-02,F04,F04_TPC,F04_TPC_O2.csv,LIGHT,RUN2,0,3,2,26,1,463,22.44704366,Prug
2025-08-02T07:17:00Z,2025-08-02T07:38:00Z,2025-08-02,D02,D02_TPC,D02_TPC_O2.csv,LIGHT,RUN2,0,4,2,26,1,464,18.28699298,Prus
2025-08-02T07:17:00Z,2025-08-02T07:38:00Z,2025-08-02,A02,A02_TPC,A02_TPC_O2.csv,LIGHT,RUN2,0,5,2,26,1,459,19.14835317,Pcyl
2025-08-02T07:17:00Z,2025-08-02T07:38:00Z,2025-08-02,I02,I02_TPC,I02_TPC_O2.csv,LIGHT,RUN2,0,6,2,26,1,460,24.37074807,Tfro
2025-08-02T07:17:00Z,2025-08-02T07:38:00Z,2025-08-02,BLANK2_Run2,BLANK2_Run2_TPC,BLANK2_Run2_TPC_O2.csv,LIGHT,RUN2,1,7,2,26,NA,475,NA,BLANK
2025-08-02T07:17:00Z,2025-08-02T07:38:00Z,2025-08-02,C02,C02_TPC,C02_TPC_O2.csv,LIGHT,RUN2,0,8,2,26,1,460,24.72805304,Fcom
2025-08-02T07:17:00Z,2025-08-02T07:38:00Z,2025-08-02,J02,J02_TPC,J02_TPC_O2.csv,LIGHT,RUN2,0,9,2,26,1,464,20.79769841,Ahya
2025-08-02T07:17:00Z,2025-08-02T07:38:00Z,2025-08-02,B02,B02_TPC,B02_TPC_O2.csv,LIGHT,RUN2,0,10,2,26,1,464,18.64110773,Mvie
2025-08-02T07:17:00Z,2025-08-02T07:38:00Z,2025-08-02,BLANK1_Run2,BLANK1_Run2_TPC,BLANK1_Run2_TPC_O2.csv,LIGHT,RUN2,1,11,2,26,NA,475,NA,BLANK
2025-08-02T07:17:00Z,2025-08-02T07:38:00Z,2025-08-02,H02,H02_TPC,H02_TPC_O2.csv,LIGHT,RUN2,0,12,2,26,1,455,37.79520607,Maeq
2025-08-02T07:39:00Z,2025-08-02T08:00:00Z,2025-08-02,G02,G02_TPC,G02_TPC_O2.csv,DARK,RUN2,0,1,2,26,1,461,16.88329491,Elam
2025-08-02T07:39:00Z,2025-08-02T08:00:00Z,2025-08-02,E02,E02_TPC,E02_TPC_O2.csv,DARK,RUN2,0,2,2,26,1,457,34.41995023,Peyd
2025-08-02T07:39:00Z,2025-08-02T08:00:00Z,2025-08-02,F04,F04_TPC,F04_TPC_O2.csv,DARK,RUN2,0,3,2,26,1,463,22.44704366,Prug
2025-08-02T07:39:00Z,2025-08-02T08:00:00Z,2025-08-02,D02,D02_TPC,D02_TPC_O2.csv,DARK,RUN2,0,4,2,26,1,464,18.28699298,Prus
2025-08-02T07:39:00Z,2025-08-02T08:00:00Z,2025-08-02,A02,A02_TPC,A02_TPC_O2.csv,DARK,RUN2,0,5,2,26,1,459,19.14835317,Pcyl
2025-08-02T07:39:00Z,2025-08-02T08:00:00Z,2025-08-02,I02,I02_TPC,I02_TPC_O2.csv,DARK,RUN2,0,6,2,26,1,460,24.37074807,Tfro
2025-08-02T07:39:00Z,2025-08-02T08:00:00Z,2025-08-02,BLANK2_Run2,BLANK2_Run2_TPC,BLANK2_Run2_TPC_O2.csv,DARK,RUN2,1,7,2,26,NA,475,NA,BLANK
2025-08-02T07:39:00Z,2025-08-02T08:00:00Z,2025-08-02,C02,C02_TPC,C02_TPC_O2.csv,DARK,RUN2,0,8,2,26,1,460,24.72805304,Fcom
2025-08-02T07:39:00Z,2025-08-02T08:00:00Z,2025-08-02,J02,J02_TPC,J02_TPC_O2.csv,DARK,RUN2,0,9,2,26,1,464,20.79769841,Ahya
2025-08-02T07:39:00Z,2025-08-02T08:00:00Z,2025-08-02,B02,B02_TPC,B02_TPC_O2.csv,DARK,RUN2,0,10,2,26,1,464,18.64110773,Mvie
2025-08-02T07:39:00Z,2025-08-02T08:00:00Z,2025-08-02,BLANK1_Run2,BLANK1_Run2_TPC,BLANK1_Run2_TPC_O2.csv,DARK,RUN2,1,11,2,26,NA,475,NA,BLANK
2025-08-02T07:39:00Z,2025-08-02T08:00:00Z,2025-08-02,H02,H02_TPC,H02_TPC_O2.csv,DARK,RUN2,0,12,2,26,1,455,37.79520607,Maeq
2025-08-02T08:21:00Z,2025-08-02T08:41:00Z,2025-08-02,G02,G02_TPC,G02_TPC_O2.csv,LIGHT,RUN2,0,1,3,27,1,461,16.88329491,Elam
2025-08-02T08:21:00Z,2025-08-02T08:41:00Z,2025-08-02,E02,E02_TPC,E02_TPC_O2.csv,LIGHT,RUN2,0,2,3,27,1,457,34.41995023,Peyd
2025-08-02T08:21:00Z,2025-08-02T08:41:00Z,2025-08-02,F04,F04_TPC,F04_TPC_O2.csv,LIGHT,RUN2,0,3,3,27,1,463,22.44704366,Prug
2025-08-02T08:21:00Z,2025-08-02T08:41:00Z,2025-08-02,D02,D02_TPC,D02_TPC_O2.csv,LIGHT,RUN2,0,4,3,27,1,464,18.28699298,Prus
2025-08-02T08:21:00Z,2025-08-02T08:41:00Z,2025-08-02,A02,A02_TPC,A02_TPC_O2.csv,LIGHT,RUN2,0,5,3,27,1,459,19.14835317,Pcyl
2025-08-02T08:21:00Z,2025-08-02T08:41:00Z,2025-08-02,I02,I02_TPC,I02_TPC_O2.csv,LIGHT,RUN2,0,6,3,27,1,460,24.37074807,Tfro
2025-08-02T08:21:00Z,2025-08-02T08:41:00Z,2025-08-02,BLANK2_Run2,BLANK2_Run2_TPC,BLANK2_Run2_TPC_O2.csv,LIGHT,RUN2,1,7,3,27,NA,475,NA,BLANK
2025-08-02T08:21:00Z,2025-08-02T08:41:00Z,2025-08-02,C02,C02_TPC,C02_TPC_O2.csv,LIGHT,RUN2,0,8,3,27,1,460,24.72805304,Fcom
2025-08-02T08:21:00Z,2025-08-02T08:41:00Z,2025-08-02,J02,J02_TPC,J02_TPC_O2.csv,LIGHT,RUN2,0,9,3,27,1,464,20.79769841,Ahya
2025-08-02T08:21:00Z,2025-08-02T08:41:00Z,2025-08-02,B02,B02_TPC,B02_TPC_O2.csv,LIGHT,RUN2,0,10,3,27,1,464,18.64110773,Mvie
2025-08-02T08:21:00Z,2025-08-02T08:41:00Z,2025-08-02,BLANK1_Run2,BLANK1_Run2_TPC,BLANK1_Run2_TPC_O2.csv,LIGHT,RUN2,1,11,3,27,NA,475,NA,BLANK
2025-08-02T08:21:00Z,2025-08-02T08:41:00Z,2025-08-02,H02,H02_TPC,H02_TPC_O2.csv,LIGHT,RUN2,0,12,3,27,1,455,37.79520607,Maeq
2025-08-02T08:43:00Z,2025-08-02T09:03:00Z,2025-08-02,G02,G02_TPC,G02_TPC_O2.csv,DARK,RUN2,0,1,3,27,1,461,16.88329491,Elam
2025-08-02T08:43:00Z,2025-08-02T09:03:00Z,2025-08-02,E02,E02_TPC,E02_TPC_O2.csv,DARK,RUN2,0,2,3,27,1,457,34.41995023,Peyd
2025-08-02T08:43:00Z,2025-08-02T09:03:00Z,2025-08-02,F04,F04_TPC,F04_TPC_O2.csv,DARK,RUN2,0,3,3,27,1,463,22.44704366,Prug
2025-08-02T08:43:00Z,2025-08-02T09:03:00Z,2025-08-02,D02,D02_TPC,D02_TPC_O2.csv,DARK,RUN2,0,4,3,27,1,464,18.28699298,Prus
2025-08-02T08:43:00Z,2025-08-02T09:03:00Z,2025-08-02,A02,A02_TPC,A02_TPC_O2.csv,DARK,RUN2,0,5,3,27,1,459,19.14835317,Pcyl
2025-08-02T08:43:00Z,2025-08-02T09:03:00Z,2025-08-02,I02,I02_TPC,I02_TPC_O2.csv,DARK,RUN2,0,6,3,27,1,460,24.37074807,Tfro
2025-08-02T08:43:00Z,2025-08-02T09:03:00Z,2025-08-02,BLANK2_Run2,BLANK2_Run2_TPC,BLANK2_Run2_TPC_O2.csv,DARK,RUN2,1,7,3,27,NA,475,NA,BLANK
2025-08-02T08:43:00Z,2025-08-02T09:03:00Z,2025-08-02,C02,C02_TPC,C02_TPC_O2.csv,DARK,RUN2,0,8,3,27,1,460,24.72805304,Fcom
2025-08-02T08:43:00Z,2025-08-02T09:03:00Z,2025-08-02,J02,J02_TPC,J02_TPC_O2.csv,DARK,RUN2,0,9,3,27,1,464,20.79769841,Ahya
2025-08-02T08:43:00Z,2025-08-02T09:03:00Z,2025-08-02,B02,B02_TPC,B02_TPC_O2.csv,DARK,RUN2,0,10,3,27,1,464,18.64110773,Mvie
2025-08-02T08:43:00Z,2025-08-02T09:03:00Z,2025-08-02,BLANK1_Run2,BLANK1_Run2_TPC,BLANK1_Run2_TPC_O2.csv,DARK,RUN2,1,11,3,27,NA,475,NA,BLANK
2025-08-02T08:43:00Z,2025-08-02T09:03:00Z,2025-08-02,H02,H02_TPC,H02_TPC_O2.csv,DARK,RUN2,0,12,3,27,1,455,37.79520607,Maeq
2025-08-02T09:27:00Z,2025-08-02T09:47:00Z,2025-08-02,G02,G02_TPC,G02_TPC_O2.csv,LIGHT,RUN2,0,1,4,28,1,461,16.88329491,Elam
2025-08-02T09:27:00Z,2025-08-02T09:47:00Z,2025-08-02,E02,E02_TPC,E02_TPC_O2.csv,LIGHT,RUN2,0,2,4,28,1,457,34.41995023,Peyd
2025-08-02T09:27:00Z,2025-08-02T09:47:00Z,2025-08-02,F04,F04_TPC,F04_TPC_O2.csv,LIGHT,RUN2,0,3,4,28,1,463,22.44704366,Prug
2025-08-02T09:27:00Z,2025-08-02T09:47:00Z,2025-08-02,D02,D02_TPC,D02_TPC_O2.csv,LIGHT,RUN2,0,4,4,28,1,464,18.28699298,Prus
2025-08-02T09:27:00Z,2025-08-02T09:47:00Z,2025-08-02,A02,A02_TPC,A02_TPC_O2.csv,LIGHT,RUN2,0,5,4,28,1,459,19.14835317,Pcyl
2025-08-02T09:27:00Z,2025-08-02T09:47:00Z,2025-08-02,I02,I02_TPC,I02_TPC_O2.csv,LIGHT,RUN2,0,6,4,28,1,460,24.37074807,Tfro
2025-08-02T09:27:00Z,2025-08-02T09:47:00Z,2025-08-02,BLANK2_Run2,BLANK2_Run2_TPC,BLANK2_Run2_TPC_O2.csv,LIGHT,RUN2,1,7,4,28,NA,475,NA,BLANK
2025-08-02T09:27:00Z,2025-08-02T09:47:00Z,2025-08-02,C02,C02_TPC,C02_TPC_O2.csv,LIGHT,RUN2,0,8,4,28,1,460,24.72805304,Fcom
2025-08-02T09:27:00Z,2025-08-02T09:47:00Z,2025-08-02,J02,J02_TPC,J02_TPC_O2.csv,LIGHT,RUN2,0,9,4,28,1,464,20.79769841,Ahya
2025-08-02T09:27:00Z,2025-08-02T09:47:00Z,2025-08-02,B02,B02_TPC,B02_TPC_O2.csv,LIGHT,RUN2,0,10,4,28,1,464,18.64110773,Mvie
2025-08-02T09:27:00Z,2025-08-02T09:47:00Z,2025-08-02,BLANK1_Run2,BLANK1_Run2_TPC,BLANK1_Run2_TPC_O2.csv,LIGHT,RUN2,1,11,4,28,NA,475,NA,BLANK
2025-08-02T09:27:00Z,2025-08-02T09:47:00Z,2025-08-02,H02,H02_TPC,H02_TPC_O2.csv,LIGHT,RUN2,0,12,4,28,1,455,37.79520607,Maeq
2025-08-02T09:49:00Z,2025-08-02T10:08:00Z,2025-08-02,G02,G02_TPC,G02_TPC_O2.csv,DARK,RUN2,0,1,4,28,1,461,16.88329491,Elam
2025-08-02T09:49:00Z,2025-08-02T10:08:00Z,2025-08-02,E02,E02_TPC,E02_TPC_O2.csv,DARK,RUN2,0,2,4,28,1,457,34.41995023,Peyd
2025-08-02T09:49:00Z,2025-08-02T10:08:00Z,2025-08-02,F04,F04_TPC,F04_TPC_O2.csv,DARK,RUN2,0,3,4,28,1,463,22.44704366,Prug
2025-08-02T09:49:00Z,2025-08-02T10:08:00Z,2025-08-02,D02,D02_TPC,D02_TPC_O2.csv,DARK,RUN2,0,4,4,28,1,464,18.28699298,Prus
2025-08-02T09:49:00Z,2025-08-02T10:08:00Z,2025-08-02,A02,A02_TPC,A02_TPC_O2.csv,DARK,RUN2,0,5,4,28,1,459,19.14835317,Pcyl
2025-08-02T09:49:00Z,2025-08-02T10:08:00Z,2025-08-02,I02,I02_TPC,I02_TPC_O2.csv,DARK,RUN2,0,6,4,28,1,460,24.37074807,Tfro
2025-08-02T09:49:00Z,2025-08-02T10:08:00Z,2025-08-02,BLANK2_Run2,BLANK2_Run2_TPC,BLANK2_Run2_TPC_O2.csv,DARK,RUN2,1,7,4,28,NA,475,NA,BLANK
2025-08-02T09:49:00Z,2025-08-02T10:08:00Z,2025-08-02,C02,C02_TPC,C02_TPC_O2.csv,DARK,RUN2,0,8,4,28,1,460,24.72805304,Fcom
2025-08-02T09:49:00Z,2025-08-02T10:08:00Z,2025-08-02,J02,J02_TPC,J02_TPC_O2.csv,DARK,RUN2,0,9,4,28,1,464,20.79769841,Ahya
2025-08-02T09:49:00Z,2025-08-02T10:08:00Z,2025-08-02,B02,B02_TPC,B02_TPC_O2.csv,DARK,RUN2,0,10,4,28,1,464,18.64110773,Mvie
2025-08-02T09:49:00Z,2025-08-02T10:08:00Z,2025-08-02,BLANK1_Run2,BLANK1_Run2_TPC,BLANK1_Run2_TPC_O2.csv,DARK,RUN2,1,11,4,28,NA,475,NA,BLANK
2025-08-02T09:49:00Z,2025-08-02T10:08:00Z,2025-08-02,H02,H02_TPC,H02_TPC_O2.csv,DARK,RUN2,0,12,4,28,1,455,37.79520607,Maeq
2025-08-02T10:22:00Z,2025-08-02T10:42:00Z,2025-08-02,G02,G02_TPC,G02_TPC_O2.csv,LIGHT,RUN2,0,1,5,29,1,461,16.88329491,Elam
2025-08-02T10:22:00Z,2025-08-02T10:42:00Z,2025-08-02,E02,E02_TPC,E02_TPC_O2.csv,LIGHT,RUN2,0,2,5,29,1,457,34.41995023,Peyd
2025-08-02T10:22:00Z,2025-08-02T10:42:00Z,2025-08-02,F04,F04_TPC,F04_TPC_O2.csv,LIGHT,RUN2,0,3,5,29,1,463,22.44704366,Prug
2025-08-02T10:22:00Z,2025-08-02T10:42:00Z,2025-08-02,D02,D02_TPC,D02_TPC_O2.csv,LIGHT,RUN2,0,4,5,29,1,464,18.28699298,Prus
2025-08-02T10:22:00Z,2025-08-02T10:42:00Z,2025-08-02,A02,A02_TPC,A02_TPC_O2.csv,LIGHT,RUN2,0,5,5,29,1,459,19.14835317,Pcyl
2025-08-02T10:22:00Z,2025-08-02T10:42:00Z,2025-08-02,I02,I02_TPC,I02_TPC_O2.csv,LIGHT,RUN2,0,6,5,29,1,460,24.37074807,Tfro
2025-08-02T10:22:00Z,2025-08-02T10:42:00Z,2025-08-02,BLANK2_Run2,BLANK2_Run2_TPC,BLANK2_Run2_TPC_O2.csv,LIGHT,RUN2,1,7,5,29,NA,475,NA,BLANK
2025-08-02T10:22:00Z,2025-08-02T10:42:00Z,2025-08-02,C02,C02_TPC,C02_TPC_O2.csv,LIGHT,RUN2,0,8,5,29,1,460,24.72805304,Fcom
2025-08-02T10:22:00Z,2025-08-02T10:42:00Z,2025-08-02,J02,J02_TPC,J02_TPC_O2.csv,LIGHT,RUN2,0,9,5,29,1,464,20.79769841,Ahya
2025-08-02T10:22:00Z,2025-08-02T10:42:00Z,2025-08-02,B02,B02_TPC,B02_TPC_O2.csv,LIGHT,RUN2,0,10,5,29,1,464,18.64110773,Mvie
2025-08-02T10:22:00Z,2025-08-02T10:42:00Z,2025-08-02,BLANK1_Run2,BLANK1_Run2_TPC,BLANK1_Run2_TPC_O2.csv,LIGHT,RUN2,1,11,5,29,NA,475,NA,BLANK
2025-08-02T10:22:00Z,2025-08-02T10:42:00Z,2025-08-02,H02,H02_TPC,H02_TPC_O2.csv,LIGHT,RUN2,0,12,5,29,1,455,37.79520607,Maeq
2025-08-02T10:44:00Z,2025-08-02T11:04:00Z,2025-08-02,G02,G02_TPC,G02_TPC_O2.csv,DARK,RUN2,0,1,5,29,1,461,16.88329491,Elam
2025-08-02T10:44:00Z,2025-08-02T11:04:00Z,2025-08-02,E02,E02_TPC,E02_TPC_O2.csv,DARK,RUN2,0,2,5,29,1,457,34.41995023,Peyd
2025-08-02T10:44:00Z,2025-08-02T11:04:00Z,2025-08-02,F04,F04_TPC,F04_TPC_O2.csv,DARK,RUN2,0,3,5,29,1,463,22.44704366,Prug
2025-08-02T10:44:00Z,2025-08-02T11:04:00Z,2025-08-02,D02,D02_TPC,D02_TPC_O2.csv,DARK,RUN2,0,4,5,29,1,464,18.28699298,Prus
2025-08-02T10:44:00Z,2025-08-02T11:04:00Z,2025-08-02,A02,A02_TPC,A02_TPC_O2.csv,DARK,RUN2,0,5,5,29,1,459,19.14835317,Pcyl
2025-08-02T10:44:00Z,2025-08-02T11:04:00Z,2025-08-02,I02,I02_TPC,I02_TPC_O2.csv,DARK,RUN2,0,6,5,29,1,460,24.37074807,Tfro
2025-08-02T10:44:00Z,2025-08-02T11:04:00Z,2025-08-02,BLANK2_Run2,BLANK2_Run2_TPC,BLANK2_Run2_TPC_O2.csv,DARK,RUN2,1,7,5,29,NA,475,NA,BLANK
2025-08-02T10:44:00Z,2025-08-02T11:04:00Z,2025-08-02,C02,C02_TPC,C02_TPC_O2.csv,DARK,RUN2,0,8,5,29,1,460,24.72805304,Fcom
2025-08-02T10:44:00Z,2025-08-02T11:04:00Z,2025-08-02,J02,J02_TPC,J02_TPC_O2.csv,DARK,RUN2,0,9,5,29,1,464,20.79769841,Ahya
2025-08-02T10:44:00Z,2025-08-02T11:04:00Z,2025-08-02,B02,B02_TPC,B02_TPC_O2.csv,DARK,RUN2,0,10,5,29,1,464,18.64110773,Mvie
2025-08-02T10:44:00Z,2025-08-02T11:04:00Z,2025-08-02,BLANK1_Run2,BLANK1_Run2_TPC,BLANK1_Run2_TPC_O2.csv,DARK,RUN2,1,11,5,29,NA,475,NA,BLANK
2025-08-02T10:44:00Z,2025-08-02T11:04:00Z,2025-08-02,H02,H02_TPC,H02_TPC_O2.csv,DARK,RUN2,0,12,5,29,1,455,37.79520607,Maeq
2025-08-02T11:21:00Z,2025-08-02T11:40:00Z,2025-08-02,G02,G02_TPC,G02_TPC_O2.csv,LIGHT,RUN2,0,1,6,30,1,461,16.88329491,Elam
2025-08-02T11:21:00Z,2025-08-02T11:40:00Z,2025-08-02,E02,E02_TPC,E02_TPC_O2.csv,LIGHT,RUN2,0,2,6,30,1,457,34.41995023,Peyd
2025-08-02T11:21:00Z,2025-08-02T11:40:00Z,2025-08-02,F04,F04_TPC,F04_TPC_O2.csv,LIGHT,RUN2,0,3,6,30,1,463,22.44704366,Prug
2025-08-02T11:21:00Z,2025-08-02T11:40:00Z,2025-08-02,D02,D02_TPC,D02_TPC_O2.csv,LIGHT,RUN2,0,4,6,30,1,464,18.28699298,Prus
2025-08-02T11:21:00Z,2025-08-02T11:40:00Z,2025-08-02,A02,A02_TPC,A02_TPC_O2.csv,LIGHT,RUN2,0,5,6,30,1,459,19.14835317,Pcyl
2025-08-02T11:21:00Z,2025-08-02T11:40:00Z,2025-08-02,I02,I02_TPC,I02_TPC_O2.csv,LIGHT,RUN2,0,6,6,30,1,460,24.37074807,Tfro
2025-08-02T11:21:00Z,2025-08-02T11:40:00Z,2025-08-02,BLANK2_Run2,BLANK2_Run2_TPC,BLANK2_Run2_TPC_O2.csv,LIGHT,RUN2,1,7,6,30,NA,475,NA,BLANK
2025-08-02T11:21:00Z,2025-08-02T11:40:00Z,2025-08-02,C02,C02_TPC,C02_TPC_O2.csv,LIGHT,RUN2,0,8,6,30,1,460,24.72805304,Fcom
2025-08-02T11:21:00Z,2025-08-02T11:40:00Z,2025-08-02,J02,J02_TPC,J02_TPC_O2.csv,LIGHT,RUN2,0,9,6,30,1,464,20.79769841,Ahya
2025-08-02T11:21:00Z,2025-08-02T11:40:00Z,2025-08-02,B02,B02_TPC,B02_TPC_O2.csv,LIGHT,RUN2,0,10,6,30,1,464,18.64110773,Mvie
2025-08-02T11:21:00Z,2025-08-02T11:40:00Z,2025-08-02,BLANK1_Run2,BLANK1_Run2_TPC,BLANK1_Run2_TPC_O2.csv,LIGHT,RUN2,1,11,6,30,NA,475,NA,BLANK
2025-08-02T11:21:00Z,2025-08-02T11:40:00Z,2025-08-02,H02,H02_TPC,H02_TPC_O2.csv,LIGHT,RUN2,0,12,6,30,1,455,37.79520607,Maeq
2025-08-02T11:43:00Z,2025-08-02T12:02:00Z,2025-08-02,G02,G02_TPC,G02_TPC_O2.csv,DARK,RUN2,0,1,6,30,1,461,16.88329491,Elam
2025-08-02T11:43:00Z,2025-08-02T12:02:00Z,2025-08-02,E02,E02_TPC,E02_TPC_O2.csv,DARK,RUN2,0,2,6,30,1,457,34.41995023,Peyd
2025-08-02T11:43:00Z,2025-08-02T12:02:00Z,2025-08-02,F04,F04_TPC,F04_TPC_O2.csv,DARK,RUN2,0,3,6,30,1,463,22.44704366,Prug
2025-08-02T11:43:00Z,2025-08-02T12:02:00Z,2025-08-02,D02,D02_TPC,D02_TPC_O2.csv,DARK,RUN2,0,4,6,30,1,464,18.28699298,Prus
2025-08-02T11:43:00Z,2025-08-02T12:02:00Z,2025-08-02,A02,A02_TPC,A02_TPC_O2.csv,DARK,RUN2,0,5,6,30,1,459,19.14835317,Pcyl
2025-08-02T11:43:00Z,2025-08-02T12:02:00Z,2025-08-02,I02,I02_TPC,I02_TPC_O2.csv,DARK,RUN2,0,6,6,30,1,460,24.37074807,Tfro
2025-08-02T11:43:00Z,2025-08-02T12:02:00Z,2025-08-02,BLANK2_Run2,BLANK2_Run2_TPC,BLANK2_Run2_TPC_O2.csv,DARK,RUN2,1,7,6,30,NA,475,NA,BLANK
2025-08-02T11:43:00Z,2025-08-02T12:02:00Z,2025-08-02,C02,C02_TPC,C02_TPC_O2.csv,DARK,RUN2,0,8,6,30,1,460,24.72805304,Fcom
2025-08-02T11:43:00Z,2025-08-02T12:02:00Z,2025-08-02,J02,J02_TPC,J02_TPC_O2.csv,DARK,RUN2,0,9,6,30,1,464,20.79769841,Ahya
2025-08-02T11:43:00Z,2025-08-02T12:02:00Z,2025-08-02,B02,B02_TPC,B02_TPC_O2.csv,DARK,RUN2,0,10,6,30,1,464,18.64110773,Mvie
2025-08-02T11:43:00Z,2025-08-02T12:02:00Z,2025-08-02,BLANK1_Run2,BLANK1_Run2_TPC,BLANK1_Run2_TPC_O2.csv,DARK,RUN2,1,11,6,30,NA,475,NA,BLANK
2025-08-02T11:43:00Z,2025-08-02T12:02:00Z,2025-08-02,H02,H02_TPC,H02_TPC_O2.csv,DARK,RUN2,0,12,6,30,1,455,37.79520607,Maeq
2025-08-02T12:24:00Z,2025-08-02T12:43:00Z,2025-08-02,G02,G02_TPC,G02_TPC_O2.csv,LIGHT,RUN2,0,1,7,31,1,461,16.88329491,Elam
2025-08-02T12:24:00Z,2025-08-02T12:43:00Z,2025-08-02,E02,E02_TPC,E02_TPC_O2.csv,LIGHT,RUN2,0,2,7,31,1,457,34.41995023,Peyd
2025-08-02T12:24:00Z,2025-08-02T12:43:00Z,2025-08-02,F04,F04_TPC,F04_TPC_O2.csv,LIGHT,RUN2,0,3,7,31,1,463,22.44704366,Prug
2025-08-02T12:24:00Z,2025-08-02T12:43:00Z,2025-08-02,D02,D02_TPC,D02_TPC_O2.csv,LIGHT,RUN2,0,4,7,31,1,464,18.28699298,Prus
2025-08-02T12:24:00Z,2025-08-02T12:43:00Z,2025-08-02,A02,A02_TPC,A02_TPC_O2.csv,LIGHT,RUN2,0,5,7,31,1,459,19.14835317,Pcyl
2025-08-02T12:24:00Z,2025-08-02T12:43:00Z,2025-08-02,I02,I02_TPC,I02_TPC_O2.csv,LIGHT,RUN2,0,6,7,31,1,460,24.37074807,Tfro
2025-08-02T12:24:00Z,2025-08-02T12:43:00Z,2025-08-02,BLANK2_Run2,BLANK2_Run2_TPC,BLANK2_Run2_TPC_O2.csv,LIGHT,RUN2,1,7,7,31,NA,475,NA,BLANK
2025-08-02T12:24:00Z,2025-08-02T12:43:00Z,2025-08-02,C02,C02_TPC,C02_TPC_O2.csv,LIGHT,RUN2,0,8,7,31,1,460,24.72805304,Fcom
2025-08-02T12:24:00Z,2025-08-02T12:43:00Z,2025-08-02,J02,J02_TPC,J02_TPC_O2.csv,LIGHT,RUN2,0,9,7,31,1,464,20.79769841,Ahya
2025-08-02T12:24:00Z,2025-08-02T12:43:00Z,2025-08-02,B02,B02_TPC,B02_TPC_O2.csv,LIGHT,RUN2,0,10,7,31,1,464,18.64110773,Mvie
2025-08-02T12:24:00Z,2025-08-02T12:43:00Z,2025-08-02,BLANK1_Run2,BLANK1_Run2_TPC,BLANK1_Run2_TPC_O2.csv,LIGHT,RUN2,1,11,7,31,NA,475,NA,BLANK
2025-08-02T12:24:00Z,2025-08-02T12:43:00Z,2025-08-02,H02,H02_TPC,H02_TPC_O2.csv,LIGHT,RUN2,0,12,7,31,1,455,37.79520607,Maeq
2025-08-02T12:46:00Z,2025-08-02T13:05:00Z,2025-08-02,G02,G02_TPC,G02_TPC_O2.csv,DARK,RUN2,0,1,7,31,1,461,16.88329491,Elam
2025-08-02T12:46:00Z,2025-08-02T13:05:00Z,2025-08-02,E02,E02_TPC,E02_TPC_O2.csv,DARK,RUN2,0,2,7,31,1,457,34.41995023,Peyd
2025-08-02T12:46:00Z,2025-08-02T13:05:00Z,2025-08-02,F04,F04_TPC,F04_TPC_O2.csv,DARK,RUN2,0,3,7,31,1,463,22.44704366,Prug
2025-08-02T12:46:00Z,2025-08-02T13:05:00Z,2025-08-02,D02,D02_TPC,D02_TPC_O2.csv,DARK,RUN2,0,4,7,31,1,464,18.28699298,Prus
2025-08-02T12:46:00Z,2025-08-02T13:05:00Z,2025-08-02,A02,A02_TPC,A02_TPC_O2.csv,DARK,RUN2,0,5,7,31,1,459,19.14835317,Pcyl
2025-08-02T12:46:00Z,2025-08-02T13:05:00Z,2025-08-02,I02,I02_TPC,I02_TPC_O2.csv,DARK,RUN2,0,6,7,31,1,460,24.37074807,Tfro
2025-08-02T12:46:00Z,2025-08-02T13:05:00Z,2025-08-02,BLANK2_Run2,BLANK2_Run2_TPC,BLANK2_Run2_TPC_O2.csv,DARK,RUN2,1,7,7,31,NA,475,NA,BLANK
2025-08-02T12:46:00Z,2025-08-02T13:05:00Z,2025-08-02,C02,C02_TPC,C02_TPC_O2.csv,DARK,RUN2,0,8,7,31,1,460,24.72805304,Fcom
2025-08-02T12:46:00Z,2025-08-02T13:05:00Z,2025-08-02,J02,J02_TPC,J02_TPC_O2.csv,DARK,RUN2,0,9,7,31,1,464,20.79769841,Ahya
2025-08-02T12:46:00Z,2025-08-02T13:05:00Z,2025-08-02,B02,B02_TPC,B02_TPC_O2.csv,DARK,RUN2,0,10,7,31,1,464,18.64110773,Mvie
2025-08-02T12:46:00Z,2025-08-02T13:05:00Z,2025-08-02,BLANK1_Run2,BLANK1_Run2_TPC,BLANK1_Run2_TPC_O2.csv,DARK,RUN2,1,11,7,31,NA,475,NA,BLANK
2025-08-02T12:46:00Z,2025-08-02T13:05:00Z,2025-08-02,H02,H02_TPC,H02_TPC_O2.csv,DARK,RUN2,0,12,7,31,1,455,37.79520607,Maeq
2025-08-02T13:36:00Z,2025-08-02T13:56:00Z,2025-08-02,G02,G02_TPC,G02_TPC_O2.csv,LIGHT,RUN2,0,1,8,32,1,461,16.88329491,Elam
2025-08-02T13:36:00Z,2025-08-02T13:56:00Z,2025-08-02,E02,E02_TPC,E02_TPC_O2.csv,LIGHT,RUN2,0,2,8,32,1,457,34.41995023,Peyd
2025-08-02T13:36:00Z,2025-08-02T13:56:00Z,2025-08-02,F04,F04_TPC,F04_TPC_O2.csv,LIGHT,RUN2,0,3,8,32,1,463,22.44704366,Prug
2025-08-02T13:36:00Z,2025-08-02T13:56:00Z,2025-08-02,D02,D02_TPC,D02_TPC_O2.csv,LIGHT,RUN2,0,4,8,32,1,464,18.28699298,Prus
2025-08-02T13:36:00Z,2025-08-02T13:56:00Z,2025-08-02,A02,A02_TPC,A02_TPC_O2.csv,LIGHT,RUN2,0,5,8,32,1,459,19.14835317,Pcyl
2025-08-02T13:36:00Z,2025-08-02T13:56:00Z,2025-08-02,I02,I02_TPC,I02_TPC_O2.csv,LIGHT,RUN2,0,6,8,32,1,460,24.37074807,Tfro
2025-08-02T13:36:00Z,2025-08-02T13:56:00Z,2025-08-02,BLANK2_Run2,BLANK2_Run2_TPC,BLANK2_Run2_TPC_O2.csv,LIGHT,RUN2,1,7,8,32,NA,475,NA,BLANK
2025-08-02T13:36:00Z,2025-08-02T13:56:00Z,2025-08-02,C02,C02_TPC,C02_TPC_O2.csv,LIGHT,RUN2,0,8,8,32,1,460,24.72805304,Fcom
2025-08-02T13:36:00Z,2025-08-02T13:56:00Z,2025-08-02,J02,J02_TPC,J02_TPC_O2.csv,LIGHT,RUN2,0,9,8,32,1,464,20.79769841,Ahya
2025-08-02T13:36:00Z,2025-08-02T13:56:00Z,2025-08-02,B02,B02_TPC,B02_TPC_O2.csv,LIGHT,RUN2,0,10,8,32,1,464,18.64110773,Mvie
2025-08-02T13:36:00Z,2025-08-02T13:56:00Z,2025-08-02,BLANK1_Run2,BLANK1_Run2_TPC,BLANK1_Run2_TPC_O2.csv,LIGHT,RUN2,1,11,8,32,NA,475,NA,BLANK
2025-08-02T13:36:00Z,2025-08-02T13:56:00Z,2025-08-02,H02,H02_TPC,H02_TPC_O2.csv,LIGHT,RUN2,0,12,8,32,1,455,37.79520607,Maeq
2025-08-02T13:57:00Z,2025-08-02T14:16:00Z,2025-08-02,G02,G02_TPC,G02_TPC_O2.csv,DARK,RUN2,0,1,8,32,1,461,16.88329491,Elam
2025-08-02T13:57:00Z,2025-08-02T14:16:00Z,2025-08-02,E02,E02_TPC,E02_TPC_O2.csv,DARK,RUN2,0,2,8,32,1,457,34.41995023,Peyd
2025-08-02T13:57:00Z,2025-08-02T14:16:00Z,2025-08-02,F04,F04_TPC,F04_TPC_O2.csv,DARK,RUN2,0,3,8,32,1,463,22.44704366,Prug
2025-08-02T13:57:00Z,2025-08-02T14:16:00Z,2025-08-02,D02,D02_TPC,D02_TPC_O2.csv,DARK,RUN2,0,4,8,32,1,464,18.28699298,Prus
2025-08-02T13:57:00Z,2025-08-02T14:16:00Z,2025-08-02,A02,A02_TPC,A02_TPC_O2.csv,DARK,RUN2,0,5,8,32,1,459,19.14835317,Pcyl
2025-08-02T13:57:00Z,2025-08-02T14:16:00Z,2025-08-02,I02,I02_TPC,I02_TPC_O2.csv,DARK,RUN2,0,6,8,32,1,460,24.37074807,Tfro
2025-08-02T13:57:00Z,2025-08-02T14:16:00Z,2025-08-02,BLANK2_Run2,BLANK2_Run2_TPC,BLANK2_Run2_TPC_O2.csv,DARK,RUN2,1,7,8,32,NA,475,NA,BLANK
2025-08-02T13:57:00Z,2025-08-02T14:16:00Z,2025-08-02,C02,C02_TPC,C02_TPC_O2.csv,DARK,RUN2,0,8,8,32,1,460,24.72805304,Fcom
2025-08-02T13:57:00Z,2025-08-02T14:16:00Z,2025-08-02,J02,J02_TPC,J02_TPC_O2.csv,DARK,RUN2,0,9,8,32,1,464,20.79769841,Ahya
2025-08-02T13:57:00Z,2025-08-02T14:16:00Z,2025-08-02,B02,B02_TPC,B02_TPC_O2.csv,DARK,RUN2,0,10,8,32,1,464,18.64110773,Mvie
2025-08-02T13:57:00Z,2025-08-02T14:16:00Z,2025-08-02,BLANK1_Run2,BLANK1_Run2_TPC,BLANK1_Run2_TPC_O2.csv,DARK,RUN2,1,11,8,32,NA,475,NA,BLANK
2025-08-02T13:57:00Z,2025-08-02T14:16:00Z,2025-08-02,H02,H02_TPC,H02_TPC_O2.csv,DARK,RUN2,0,12,8,32,1,455,37.79520607,Maeq
2025-08-02T14:49:00Z,2025-08-02T15:09:00Z,2025-08-02,G02,G02_TPC,G02_TPC_O2.csv,LIGHT,RUN2,0,1,9,34,1,461,16.88329491,Elam
2025-08-02T14:49:00Z,2025-08-02T15:09:00Z,2025-08-02,E02,E02_TPC,E02_TPC_O2.csv,LIGHT,RUN2,0,2,9,34,1,457,34.41995023,Peyd
2025-08-02T14:49:00Z,2025-08-02T15:09:00Z,2025-08-02,F04,F04_TPC,F04_TPC_O2.csv,LIGHT,RUN2,0,3,9,34,1,463,22.44704366,Prug
2025-08-02T14:49:00Z,2025-08-02T15:09:00Z,2025-08-02,D02,D02_TPC,D02_TPC_O2.csv,LIGHT,RUN2,0,4,9,34,1,464,18.28699298,Prus
2025-08-02T14:49:00Z,2025-08-02T15:09:00Z,2025-08-02,A02,A02_TPC,A02_TPC_O2.csv,LIGHT,RUN2,0,5,9,34,1,459,19.14835317,Pcyl
2025-08-02T14:49:00Z,2025-08-02T15:09:00Z,2025-08-02,I02,I02_TPC,I02_TPC_O2.csv,LIGHT,RUN2,0,6,9,34,1,460,24.37074807,Tfro
2025-08-02T14:49:00Z,2025-08-02T15:09:00Z,2025-08-02,BLANK2_Run2,BLANK2_Run2_TPC,BLANK2_Run2_TPC_O2.csv,LIGHT,RUN2,1,7,9,34,NA,475,NA,BLANK
2025-08-02T14:49:00Z,2025-08-02T15:09:00Z,2025-08-02,C02,C02_TPC,C02_TPC_O2.csv,LIGHT,RUN2,0,8,9,34,1,460,24.72805304,Fcom
2025-08-02T14:49:00Z,2025-08-02T15:09:00Z,2025-08-02,J02,J02_TPC,J02_TPC_O2.csv,LIGHT,RUN2,0,9,9,34,1,464,20.79769841,Ahya
2025-08-02T14:49:00Z,2025-08-02T15:09:00Z,2025-08-02,B02,B02_TPC,B02_TPC_O2.csv,LIGHT,RUN2,0,10,9,34,1,464,18.64110773,Mvie
2025-08-02T14:49:00Z,2025-08-02T15:09:00Z,2025-08-02,BLANK1_Run2,BLANK1_Run2_TPC,BLANK1_Run2_TPC_O2.csv,LIGHT,RUN2,1,11,9,34,NA,475,NA,BLANK
2025-08-02T14:49:00Z,2025-08-02T15:09:00Z,2025-08-02,H02,H02_TPC,H02_TPC_O2.csv,LIGHT,RUN2,0,12,9,34,1,455,37.79520607,Maeq
2025-08-02T15:12:00Z,2025-08-02T15:31:00Z,2025-08-02,G02,G02_TPC,G02_TPC_O2.csv,DARK,RUN2,0,1,9,34,1,461,16.88329491,Elam
2025-08-02T15:12:00Z,2025-08-02T15:31:00Z,2025-08-02,E02,E02_TPC,E02_TPC_O2.csv,DARK,RUN2,0,2,9,34,1,457,34.41995023,Peyd
2025-08-02T15:12:00Z,2025-08-02T15:31:00Z,2025-08-02,F04,F04_TPC,F04_TPC_O2.csv,DARK,RUN2,0,3,9,34,1,463,22.44704366,Prug
2025-08-02T15:12:00Z,2025-08-02T15:31:00Z,2025-08-02,D02,D02_TPC,D02_TPC_O2.csv,DARK,RUN2,0,4,9,34,1,464,18.28699298,Prus
2025-08-02T15:12:00Z,2025-08-02T15:31:00Z,2025-08-02,A02,A02_TPC,A02_TPC_O2.csv,DARK,RUN2,0,5,9,34,1,459,19.14835317,Pcyl
2025-08-02T15:12:00Z,2025-08-02T15:31:00Z,2025-08-02,I02,I02_TPC,I02_TPC_O2.csv,DARK,RUN2,0,6,9,34,1,460,24.37074807,Tfro
2025-08-02T15:12:00Z,2025-08-02T15:31:00Z,2025-08-02,BLANK2_Run2,BLANK2_Run2_TPC,BLANK2_Run2_TPC_O2.csv,DARK,RUN2,1,7,9,34,NA,475,NA,BLANK
2025-08-02T15:12:00Z,2025-08-02T15:31:00Z,2025-08-02,C02,C02_TPC,C02_TPC_O2.csv,DARK,RUN2,0,8,9,34,1,460,24.72805304,Fcom
2025-08-02T15:12:00Z,2025-08-02T15:31:00Z,2025-08-02,J02,J02_TPC,J02_TPC_O2.csv,DARK,RUN2,0,9,9,34,1,464,20.79769841,Ahya
2025-08-02T15:12:00Z,2025-08-02T15:31:00Z,2025-08-02,B02,B02_TPC,B02_TPC_O2.csv,DARK,RUN2,0,10,9,34,1,464,18.64110773,Mvie
2025-08-02T15:12:00Z,2025-08-02T15:31:00Z,2025-08-02,BLANK1_Run2,BLANK1_Run2_TPC,BLANK1_Run2_TPC_O2.csv,DARK,RUN2,1,11,9,34,NA,475,NA,BLANK
2025-08-02T15:12:00Z,2025-08-02T15:31:00Z,2025-08-02,H02,H02_TPC,H02_TPC_O2.csv,DARK,RUN2,0,12,9,34,1,455,37.79520607,Maeq
2025-08-03T06:09:00Z,2025-08-03T06:30:00Z,2025-08-03,E03,E03_TPC,E03_TPC_O2.csv,LIGHT,RUN3,0,1,1,24.5,1,457,37.62293403,Peyd
2025-08-03T06:09:00Z,2025-08-03T06:30:00Z,2025-08-03,I03,I03_TPC,I03_TPC_O2.csv,LIGHT,RUN3,0,2,1,24.5,1,459,30.56935118,Tfro
2025-08-03T06:09:00Z,2025-08-03T06:30:00Z,2025-08-03,A03,A03_TPC,A03_TPC_O2.csv,LIGHT,RUN3,0,3,1,24.5,1,461,19.11326072,Pcyl
2025-08-03T06:09:00Z,2025-08-03T06:30:00Z,2025-08-03,H04,H04_TPC,H04_TPC_O2.csv,LIGHT,RUN3,0,4,1,24.5,1,458,41.64580512,Maeq
2025-08-03T06:09:00Z,2025-08-03T06:30:00Z,2025-08-03,BLANK2_Run3,BLANK2_Run3_TPC,BLANK2_Run3_TPC_O2.csv,LIGHT,RUN3,1,5,1,24.5,NA,475,NA,BLANK
2025-08-03T06:09:00Z,2025-08-03T06:30:00Z,2025-08-03,F03,F03_TPC,F03_TPC_O2.csv,LIGHT,RUN3,0,6,1,24.5,1,463,17.6489484,Prug
2025-08-03T06:09:00Z,2025-08-03T06:30:00Z,2025-08-03,J03,J03_TPC,J03_TPC_O2.csv,LIGHT,RUN3,0,7,1,24.5,1,461,29.80688791,Ahya
2025-08-03T06:09:00Z,2025-08-03T06:30:00Z,2025-08-03,B03,B03_TPC,B03_TPC_O2.csv,LIGHT,RUN3,0,8,1,24.5,1,465,17.06832783,Mvie
2025-08-03T06:09:00Z,2025-08-03T06:30:00Z,2025-08-03,C03,C03_TPC,C03_TPC_O2.csv,LIGHT,RUN3,0,9,1,24.5,1,452,26.45396363,Fcom
2025-08-03T06:09:00Z,2025-08-03T06:30:00Z,2025-08-03,BLANK1_Run3,BLANK1_Run3_TPC,BLANK1_Run3_TPC_O2.csv,LIGHT,RUN3,1,10,1,24.5,NA,475,NA,BLANK
2025-08-03T06:09:00Z,2025-08-03T06:30:00Z,2025-08-03,G05,G05_TPC,G05_TPC_O2.csv,LIGHT,RUN3,0,11,1,24.5,1,465,17.26931188,Elam
2025-08-03T06:09:00Z,2025-08-03T06:30:00Z,2025-08-03,D03,D03_TPC,D03_TPC_O2.csv,LIGHT,RUN3,0,12,1,24.5,1,463,17.32354567,Prus
2025-08-03T06:32:00Z,2025-08-03T06:51:00Z,2025-08-03,E03,E03_TPC,E03_TPC_O2.csv,DARK,RUN3,0,1,1,24.5,1,457,37.62293403,Peyd
2025-08-03T06:32:00Z,2025-08-03T06:51:00Z,2025-08-03,I03,I03_TPC,I03_TPC_O2.csv,DARK,RUN3,0,2,1,24.5,1,459,30.56935118,Tfro
2025-08-03T06:32:00Z,2025-08-03T06:51:00Z,2025-08-03,A03,A03_TPC,A03_TPC_O2.csv,DARK,RUN3,0,3,1,24.5,1,461,19.11326072,Pcyl
2025-08-03T06:32:00Z,2025-08-03T06:51:00Z,2025-08-03,H04,H04_TPC,H04_TPC_O2.csv,DARK,RUN3,0,4,1,24.5,1,458,41.64580512,Maeq
2025-08-03T06:32:00Z,2025-08-03T06:51:00Z,2025-08-03,BLANK2_Run3,BLANK2_Run3_TPC,BLANK2_Run3_TPC_O2.csv,DARK,RUN3,1,5,1,24.5,NA,475,NA,BLANK
2025-08-03T06:32:00Z,2025-08-03T06:51:00Z,2025-08-03,F03,F03_TPC,F03_TPC_O2.csv,DARK,RUN3,0,6,1,24.5,1,463,17.6489484,Prug
2025-08-03T06:32:00Z,2025-08-03T06:51:00Z,2025-08-03,J03,J03_TPC,J03_TPC_O2.csv,DARK,RUN3,0,7,1,24.5,1,461,29.80688791,Ahya
2025-08-03T06:32:00Z,2025-08-03T06:51:00Z,2025-08-03,B03,B03_TPC,B03_TPC_O2.csv,DARK,RUN3,0,8,1,24.5,1,465,17.06832783,Mvie
2025-08-03T06:32:00Z,2025-08-03T06:51:00Z,2025-08-03,C03,C03_TPC,C03_TPC_O2.csv,DARK,RUN3,0,9,1,24.5,1,452,26.45396363,Fcom
2025-08-03T06:32:00Z,2025-08-03T06:51:00Z,2025-08-03,BLANK1_Run3,BLANK1_Run3_TPC,BLANK1_Run3_TPC_O2.csv,DARK,RUN3,1,10,1,24.5,NA,475,NA,BLANK
2025-08-03T06:32:00Z,2025-08-03T06:51:00Z,2025-08-03,G05,G05_TPC,G05_TPC_O2.csv,DARK,RUN3,0,11,1,24.5,1,465,17.26931188,Elam
2025-08-03T06:32:00Z,2025-08-03T06:51:00Z,2025-08-03,D03,D03_TPC,D03_TPC_O2.csv,DARK,RUN3,0,12,1,24.5,1,463,17.32354567,Prus
2025-08-03T07:18:00Z,2025-08-03T07:38:00Z,2025-08-03,E03,E03_TPC,E03_TPC_O2.csv,LIGHT,RUN3,0,1,2,26,1,457,37.62293403,Peyd
2025-08-03T07:18:00Z,2025-08-03T07:38:00Z,2025-08-03,I03,I03_TPC,I03_TPC_O2.csv,LIGHT,RUN3,0,2,2,26,1,459,30.56935118,Tfro
2025-08-03T07:18:00Z,2025-08-03T07:38:00Z,2025-08-03,A03,A03_TPC,A03_TPC_O2.csv,LIGHT,RUN3,0,3,2,26,1,461,19.11326072,Pcyl
2025-08-03T07:18:00Z,2025-08-03T07:38:00Z,2025-08-03,H04,H04_TPC,H04_TPC_O2.csv,LIGHT,RUN3,0,4,2,26,1,458,41.64580512,Maeq
2025-08-03T07:18:00Z,2025-08-03T07:38:00Z,2025-08-03,BLANK2_Run3,BLANK2_Run3_TPC,BLANK2_Run3_TPC_O2.csv,LIGHT,RUN3,1,5,2,26,NA,475,NA,BLANK
2025-08-03T07:18:00Z,2025-08-03T07:38:00Z,2025-08-03,F03,F03_TPC,F03_TPC_O2.csv,LIGHT,RUN3,0,6,2,26,1,463,17.6489484,Prug
2025-08-03T07:18:00Z,2025-08-03T07:38:00Z,2025-08-03,J03,J03_TPC,J03_TPC_O2.csv,LIGHT,RUN3,0,7,2,26,1,461,29.80688791,Ahya
2025-08-03T07:18:00Z,2025-08-03T07:38:00Z,2025-08-03,B03,B03_TPC,B03_TPC_O2.csv,LIGHT,RUN3,0,8,2,26,1,465,17.06832783,Mvie
2025-08-03T07:18:00Z,2025-08-03T07:38:00Z,2025-08-03,C03,C03_TPC,C03_TPC_O2.csv,LIGHT,RUN3,0,9,2,26,1,452,26.45396363,Fcom
2025-08-03T07:18:00Z,2025-08-03T07:38:00Z,2025-08-03,BLANK1_Run3,BLANK1_Run3_TPC,BLANK1_Run3_TPC_O2.csv,LIGHT,RUN3,1,10,2,26,NA,475,NA,BLANK
2025-08-03T07:18:00Z,2025-08-03T07:38:00Z,2025-08-03,G05,G05_TPC,G05_TPC_O2.csv,LIGHT,RUN3,0,11,2,26,1,465,17.26931188,Elam
2025-08-03T07:18:00Z,2025-08-03T07:38:00Z,2025-08-03,D03,D03_TPC,D03_TPC_O2.csv,LIGHT,RUN3,0,12,2,26,1,463,17.32354567,Prus
2025-08-03T07:40:00Z,2025-08-03T07:59:00Z,2025-08-03,E03,E03_TPC,E03_TPC_O2.csv,DARK,RUN3,0,1,2,26,1,457,37.62293403,Peyd
2025-08-03T07:40:00Z,2025-08-03T07:59:00Z,2025-08-03,I03,I03_TPC,I03_TPC_O2.csv,DARK,RUN3,0,2,2,26,1,459,30.56935118,Tfro
2025-08-03T07:40:00Z,2025-08-03T07:59:00Z,2025-08-03,A03,A03_TPC,A03_TPC_O2.csv,DARK,RUN3,0,3,2,26,1,461,19.11326072,Pcyl
2025-08-03T07:40:00Z,2025-08-03T07:59:00Z,2025-08-03,H04,H04_TPC,H04_TPC_O2.csv,DARK,RUN3,0,4,2,26,1,458,41.64580512,Maeq
2025-08-03T07:40:00Z,2025-08-03T07:59:00Z,2025-08-03,BLANK2_Run3,BLANK2_Run3_TPC,BLANK2_Run3_TPC_O2.csv,DARK,RUN3,1,5,2,26,NA,475,NA,BLANK
2025-08-03T07:40:00Z,2025-08-03T07:59:00Z,2025-08-03,F03,F03_TPC,F03_TPC_O2.csv,DARK,RUN3,0,6,2,26,1,463,17.6489484,Prug
2025-08-03T07:40:00Z,2025-08-03T07:59:00Z,2025-08-03,J03,J03_TPC,J03_TPC_O2.csv,DARK,RUN3,0,7,2,26,1,461,29.80688791,Ahya
2025-08-03T07:40:00Z,2025-08-03T07:59:00Z,2025-08-03,B03,B03_TPC,B03_TPC_O2.csv,DARK,RUN3,0,8,2,26,1,465,17.06832783,Mvie
2025-08-03T07:40:00Z,2025-08-03T07:59:00Z,2025-08-03,C03,C03_TPC,C03_TPC_O2.csv,DARK,RUN3,0,9,2,26,1,452,26.45396363,Fcom
2025-08-03T07:40:00Z,2025-08-03T07:59:00Z,2025-08-03,BLANK1_Run3,BLANK1_Run3_TPC,BLANK1_Run3_TPC_O2.csv,DARK,RUN3,1,10,2,26,NA,475,NA,BLANK
2025-08-03T07:40:00Z,2025-08-03T07:59:00Z,2025-08-03,G05,G05_TPC,G05_TPC_O2.csv,DARK,RUN3,0,11,2,26,1,465,17.26931188,Elam
2025-08-03T07:40:00Z,2025-08-03T07:59:00Z,2025-08-03,D03,D03_TPC,D03_TPC_O2.csv,DARK,RUN3,0,12,2,26,1,463,17.32354567,Prus
2025-08-03T08:28:00Z,2025-08-03T08:48:00Z,2025-08-03,E03,E03_TPC,E03_TPC_O2.csv,LIGHT,RUN3,0,1,3,27,1,457,37.62293403,Peyd
2025-08-03T08:28:00Z,2025-08-03T08:48:00Z,2025-08-03,I03,I03_TPC,I03_TPC_O2.csv,LIGHT,RUN3,0,2,3,27,1,459,30.56935118,Tfro
2025-08-03T08:28:00Z,2025-08-03T08:48:00Z,2025-08-03,A03,A03_TPC,A03_TPC_O2.csv,LIGHT,RUN3,0,3,3,27,1,461,19.11326072,Pcyl
2025-08-03T08:28:00Z,2025-08-03T08:48:00Z,2025-08-03,H04,H04_TPC,H04_TPC_O2.csv,LIGHT,RUN3,0,4,3,27,1,458,41.64580512,Maeq
2025-08-03T08:28:00Z,2025-08-03T08:48:00Z,2025-08-03,BLANK2_Run3,BLANK2_Run3_TPC,BLANK2_Run3_TPC_O2.csv,LIGHT,RUN3,1,5,3,27,NA,475,NA,BLANK
2025-08-03T08:28:00Z,2025-08-03T08:48:00Z,2025-08-03,F03,F03_TPC,F03_TPC_O2.csv,LIGHT,RUN3,0,6,3,27,1,463,17.6489484,Prug
2025-08-03T08:28:00Z,2025-08-03T08:48:00Z,2025-08-03,J03,J03_TPC,J03_TPC_O2.csv,LIGHT,RUN3,0,7,3,27,1,461,29.80688791,Ahya
2025-08-03T08:28:00Z,2025-08-03T08:48:00Z,2025-08-03,B03,B03_TPC,B03_TPC_O2.csv,LIGHT,RUN3,0,8,3,27,1,465,17.06832783,Mvie
2025-08-03T08:28:00Z,2025-08-03T08:48:00Z,2025-08-03,C03,C03_TPC,C03_TPC_O2.csv,LIGHT,RUN3,0,9,3,27,1,452,26.45396363,Fcom
2025-08-03T08:28:00Z,2025-08-03T08:48:00Z,2025-08-03,BLANK1_Run3,BLANK1_Run3_TPC,BLANK1_Run3_TPC_O2.csv,LIGHT,RUN3,1,10,3,27,NA,475,NA,BLANK
2025-08-03T08:28:00Z,2025-08-03T08:48:00Z,2025-08-03,G05,G05_TPC,G05_TPC_O2.csv,LIGHT,RUN3,0,11,3,27,1,465,17.26931188,Elam
2025-08-03T08:28:00Z,2025-08-03T08:48:00Z,2025-08-03,D03,D03_TPC,D03_TPC_O2.csv,LIGHT,RUN3,0,12,3,27,1,463,17.32354567,Prus
2025-08-03T08:52:00Z,2025-08-03T09:11:00Z,2025-08-03,E03,E03_TPC,E03_TPC_O2.csv,DARK,RUN3,0,1,3,27,1,457,37.62293403,Peyd
2025-08-03T08:52:00Z,2025-08-03T09:11:00Z,2025-08-03,I03,I03_TPC,I03_TPC_O2.csv,DARK,RUN3,0,2,3,27,1,459,30.56935118,Tfro
2025-08-03T08:52:00Z,2025-08-03T09:11:00Z,2025-08-03,A03,A03_TPC,A03_TPC_O2.csv,DARK,RUN3,0,3,3,27,1,461,19.11326072,Pcyl
2025-08-03T08:52:00Z,2025-08-03T09:11:00Z,2025-08-03,H04,H04_TPC,H04_TPC_O2.csv,DARK,RUN3,0,4,3,27,1,458,41.64580512,Maeq
2025-08-03T08:52:00Z,2025-08-03T09:11:00Z,2025-08-03,BLANK2_Run3,BLANK2_Run3_TPC,BLANK2_Run3_TPC_O2.csv,DARK,RUN3,1,5,3,27,NA,475,NA,BLANK
2025-08-03T08:52:00Z,2025-08-03T09:11:00Z,2025-08-03,F03,F03_TPC,F03_TPC_O2.csv,DARK,RUN3,0,6,3,27,1,463,17.6489484,Prug
2025-08-03T08:52:00Z,2025-08-03T09:11:00Z,2025-08-03,J03,J03_TPC,J03_TPC_O2.csv,DARK,RUN3,0,7,3,27,1,461,29.80688791,Ahya
2025-08-03T08:52:00Z,2025-08-03T09:11:00Z,2025-08-03,B03,B03_TPC,B03_TPC_O2.csv,DARK,RUN3,0,8,3,27,1,465,17.06832783,Mvie
2025-08-03T08:52:00Z,2025-08-03T09:11:00Z,2025-08-03,C03,C03_TPC,C03_TPC_O2.csv,DARK,RUN3,0,9,3,27,1,452,26.45396363,Fcom
2025-08-03T08:52:00Z,2025-08-03T09:11:00Z,2025-08-03,BLANK1_Run3,BLANK1_Run3_TPC,BLANK1_Run3_TPC_O2.csv,DARK,RUN3,1,10,3,27,NA,475,NA,BLANK
2025-08-03T08:52:00Z,2025-08-03T09:11:00Z,2025-08-03,G05,G05_TPC,G05_TPC_O2.csv,DARK,RUN3,0,11,3,27,1,465,17.26931188,Elam
2025-08-03T08:52:00Z,2025-08-03T09:11:00Z,2025-08-03,D03,D03_TPC,D03_TPC_O2.csv,DARK,RUN3,0,12,3,27,1,463,17.32354567,Prus
2025-08-03T09:27:00Z,2025-08-03T09:48:00Z,2025-08-03,E03,E03_TPC,E03_TPC_O2.csv,LIGHT,RUN3,0,1,4,28,1,457,37.62293403,Peyd
2025-08-03T09:27:00Z,2025-08-03T09:48:00Z,2025-08-03,I03,I03_TPC,I03_TPC_O2.csv,LIGHT,RUN3,0,2,4,28,1,459,30.56935118,Tfro
2025-08-03T09:27:00Z,2025-08-03T09:48:00Z,2025-08-03,A03,A03_TPC,A03_TPC_O2.csv,LIGHT,RUN3,0,3,4,28,1,461,19.11326072,Pcyl
2025-08-03T09:27:00Z,2025-08-03T09:48:00Z,2025-08-03,H04,H04_TPC,H04_TPC_O2.csv,LIGHT,RUN3,0,4,4,28,1,458,41.64580512,Maeq
2025-08-03T09:27:00Z,2025-08-03T09:48:00Z,2025-08-03,BLANK2_Run3,BLANK2_Run3_TPC,BLANK2_Run3_TPC_O2.csv,LIGHT,RUN3,1,5,4,28,NA,475,NA,BLANK
2025-08-03T09:27:00Z,2025-08-03T09:48:00Z,2025-08-03,F03,F03_TPC,F03_TPC_O2.csv,LIGHT,RUN3,0,6,4,28,1,463,17.6489484,Prug
2025-08-03T09:27:00Z,2025-08-03T09:48:00Z,2025-08-03,J03,J03_TPC,J03_TPC_O2.csv,LIGHT,RUN3,0,7,4,28,1,461,29.80688791,Ahya
2025-08-03T09:27:00Z,2025-08-03T09:48:00Z,2025-08-03,B03,B03_TPC,B03_TPC_O2.csv,LIGHT,RUN3,0,8,4,28,1,465,17.06832783,Mvie
2025-08-03T09:27:00Z,2025-08-03T09:48:00Z,2025-08-03,C03,C03_TPC,C03_TPC_O2.csv,LIGHT,RUN3,0,9,4,28,1,452,26.45396363,Fcom
2025-08-03T09:27:00Z,2025-08-03T09:48:00Z,2025-08-03,BLANK1_Run3,BLANK1_Run3_TPC,BLANK1_Run3_TPC_O2.csv,LIGHT,RUN3,1,10,4,28,NA,475,NA,BLANK
2025-08-03T09:27:00Z,2025-08-03T09:48:00Z,2025-08-03,G05,G05_TPC,G05_TPC_O2.csv,LIGHT,RUN3,0,11,4,28,1,465,17.26931188,Elam
2025-08-03T09:27:00Z,2025-08-03T09:48:00Z,2025-08-03,D03,D03_TPC,D03_TPC_O2.csv,LIGHT,RUN3,0,12,4,28,1,463,17.32354567,Prus
2025-08-03T09:50:00Z,2025-08-03T10:10:00Z,2025-08-03,E03,E03_TPC,E03_TPC_O2.csv,DARK,RUN3,0,1,4,28,1,457,37.62293403,Peyd
2025-08-03T09:50:00Z,2025-08-03T10:10:00Z,2025-08-03,I03,I03_TPC,I03_TPC_O2.csv,DARK,RUN3,0,2,4,28,1,459,30.56935118,Tfro
2025-08-03T09:50:00Z,2025-08-03T10:10:00Z,2025-08-03,A03,A03_TPC,A03_TPC_O2.csv,DARK,RUN3,0,3,4,28,1,461,19.11326072,Pcyl
2025-08-03T09:50:00Z,2025-08-03T10:10:00Z,2025-08-03,H04,H04_TPC,H04_TPC_O2.csv,DARK,RUN3,0,4,4,28,1,458,41.64580512,Maeq
2025-08-03T09:50:00Z,2025-08-03T10:10:00Z,2025-08-03,BLANK2_Run3,BLANK2_Run3_TPC,BLANK2_Run3_TPC_O2.csv,DARK,RUN3,1,5,4,28,NA,475,NA,BLANK
2025-08-03T09:50:00Z,2025-08-03T10:10:00Z,2025-08-03,F03,F03_TPC,F03_TPC_O2.csv,DARK,RUN3,0,6,4,28,1,463,17.6489484,Prug
2025-08-03T09:50:00Z,2025-08-03T10:10:00Z,2025-08-03,J03,J03_TPC,J03_TPC_O2.csv,DARK,RUN3,0,7,4,28,1,461,29.80688791,Ahya
2025-08-03T09:50:00Z,2025-08-03T10:10:00Z,2025-08-03,B03,B03_TPC,B03_TPC_O2.csv,DARK,RUN3,0,8,4,28,1,465,17.06832783,Mvie
2025-08-03T09:50:00Z,2025-08-03T10:10:00Z,2025-08-03,C03,C03_TPC,C03_TPC_O2.csv,DARK,RUN3,0,9,4,28,1,452,26.45396363,Fcom
2025-08-03T09:50:00Z,2025-08-03T10:10:00Z,2025-08-03,BLANK1_Run3,BLANK1_Run3_TPC,BLANK1_Run3_TPC_O2.csv,DARK,RUN3,1,10,4,28,NA,475,NA,BLANK
2025-08-03T09:50:00Z,2025-08-03T10:10:00Z,2025-08-03,G05,G05_TPC,G05_TPC_O2.csv,DARK,RUN3,0,11,4,28,1,465,17.26931188,Elam
2025-08-03T09:50:00Z,2025-08-03T10:10:00Z,2025-08-03,D03,D03_TPC,D03_TPC_O2.csv,DARK,RUN3,0,12,4,28,1,463,17.32354567,Prus
2025-08-03T10:25:00Z,2025-08-03T10:45:00Z,2025-08-03,E03,E03_TPC,E03_TPC_O2.csv,LIGHT,RUN3,0,1,5,29,1,457,37.62293403,Peyd
2025-08-03T10:25:00Z,2025-08-03T10:45:00Z,2025-08-03,I03,I03_TPC,I03_TPC_O2.csv,LIGHT,RUN3,0,2,5,29,1,459,30.56935118,Tfro
2025-08-03T10:25:00Z,2025-08-03T10:45:00Z,2025-08-03,A03,A03_TPC,A03_TPC_O2.csv,LIGHT,RUN3,0,3,5,29,1,461,19.11326072,Pcyl
2025-08-03T10:25:00Z,2025-08-03T10:45:00Z,2025-08-03,H04,H04_TPC,H04_TPC_O2.csv,LIGHT,RUN3,0,4,5,29,1,458,41.64580512,Maeq
2025-08-03T10:25:00Z,2025-08-03T10:45:00Z,2025-08-03,BLANK2_Run3,BLANK2_Run3_TPC,BLANK2_Run3_TPC_O2.csv,LIGHT,RUN3,1,5,5,29,NA,475,NA,BLANK
2025-08-03T10:25:00Z,2025-08-03T10:45:00Z,2025-08-03,F03,F03_TPC,F03_TPC_O2.csv,LIGHT,RUN3,0,6,5,29,1,463,17.6489484,Prug
2025-08-03T10:25:00Z,2025-08-03T10:45:00Z,2025-08-03,J03,J03_TPC,J03_TPC_O2.csv,LIGHT,RUN3,0,7,5,29,1,461,29.80688791,Ahya
2025-08-03T10:25:00Z,2025-08-03T10:45:00Z,2025-08-03,B03,B03_TPC,B03_TPC_O2.csv,LIGHT,RUN3,0,8,5,29,1,465,17.06832783,Mvie
2025-08-03T10:25:00Z,2025-08-03T10:45:00Z,2025-08-03,C03,C03_TPC,C03_TPC_O2.csv,LIGHT,RUN3,0,9,5,29,1,452,26.45396363,Fcom
2025-08-03T10:25:00Z,2025-08-03T10:45:00Z,2025-08-03,BLANK1_Run3,BLANK1_Run3_TPC,BLANK1_Run3_TPC_O2.csv,LIGHT,RUN3,1,10,5,29,NA,475,NA,BLANK
2025-08-03T10:25:00Z,2025-08-03T10:45:00Z,2025-08-03,G05,G05_TPC,G05_TPC_O2.csv,LIGHT,RUN3,0,11,5,29,1,465,17.26931188,Elam
2025-08-03T10:25:00Z,2025-08-03T10:45:00Z,2025-08-03,D03,D03_TPC,D03_TPC_O2.csv,LIGHT,RUN3,0,12,5,29,1,463,17.32354567,Prus
2025-08-03T10:47:00Z,2025-08-03T11:06:00Z,2025-08-03,E03,E03_TPC,E03_TPC_O2.csv,DARK,RUN3,0,1,5,29,1,457,37.62293403,Peyd
2025-08-03T10:47:00Z,2025-08-03T11:06:00Z,2025-08-03,I03,I03_TPC,I03_TPC_O2.csv,DARK,RUN3,0,2,5,29,1,459,30.56935118,Tfro
2025-08-03T10:47:00Z,2025-08-03T11:06:00Z,2025-08-03,A03,A03_TPC,A03_TPC_O2.csv,DARK,RUN3,0,3,5,29,1,461,19.11326072,Pcyl
2025-08-03T10:47:00Z,2025-08-03T11:06:00Z,2025-08-03,H04,H04_TPC,H04_TPC_O2.csv,DARK,RUN3,0,4,5,29,1,458,41.64580512,Maeq
2025-08-03T10:47:00Z,2025-08-03T11:06:00Z,2025-08-03,BLANK2_Run3,BLANK2_Run3_TPC,BLANK2_Run3_TPC_O2.csv,DARK,RUN3,1,5,5,29,NA,475,NA,BLANK
2025-08-03T10:47:00Z,2025-08-03T11:06:00Z,2025-08-03,F03,F03_TPC,F03_TPC_O2.csv,DARK,RUN3,0,6,5,29,1,463,17.6489484,Prug
2025-08-03T10:47:00Z,2025-08-03T11:06:00Z,2025-08-03,J03,J03_TPC,J03_TPC_O2.csv,DARK,RUN3,0,7,5,29,1,461,29.80688791,Ahya
2025-08-03T10:47:00Z,2025-08-03T11:06:00Z,2025-08-03,B03,B03_TPC,B03_TPC_O2.csv,DARK,RUN3,0,8,5,29,1,465,17.06832783,Mvie
2025-08-03T10:47:00Z,2025-08-03T11:06:00Z,2025-08-03,C03,C03_TPC,C03_TPC_O2.csv,DARK,RUN3,0,9,5,29,1,452,26.45396363,Fcom
2025-08-03T10:47:00Z,2025-08-03T11:06:00Z,2025-08-03,BLANK1_Run3,BLANK1_Run3_TPC,BLANK1_Run3_TPC_O2.csv,DARK,RUN3,1,10,5,29,NA,475,NA,BLANK
2025-08-03T10:47:00Z,2025-08-03T11:06:00Z,2025-08-03,G05,G05_TPC,G05_TPC_O2.csv,DARK,RUN3,0,11,5,29,1,465,17.26931188,Elam
2025-08-03T10:47:00Z,2025-08-03T11:06:00Z,2025-08-03,D03,D03_TPC,D03_TPC_O2.csv,DARK,RUN3,0,12,5,29,1,463,17.32354567,Prus
2025-08-03T11:21:00Z,2025-08-03T11:41:00Z,2025-08-03,E03,E03_TPC,E03_TPC_O2.csv,LIGHT,RUN3,0,1,6,30,1,457,37.62293403,Peyd
2025-08-03T11:21:00Z,2025-08-03T11:41:00Z,2025-08-03,I03,I03_TPC,I03_TPC_O2.csv,LIGHT,RUN3,0,2,6,30,1,459,30.56935118,Tfro
2025-08-03T11:21:00Z,2025-08-03T11:41:00Z,2025-08-03,A03,A03_TPC,A03_TPC_O2.csv,LIGHT,RUN3,0,3,6,30,1,461,19.11326072,Pcyl
2025-08-03T11:21:00Z,2025-08-03T11:41:00Z,2025-08-03,H04,H04_TPC,H04_TPC_O2.csv,LIGHT,RUN3,0,4,6,30,1,458,41.64580512,Maeq
2025-08-03T11:21:00Z,2025-08-03T11:41:00Z,2025-08-03,BLANK2_Run3,BLANK2_Run3_TPC,BLANK2_Run3_TPC_O2.csv,LIGHT,RUN3,1,5,6,30,NA,475,NA,BLANK
2025-08-03T11:21:00Z,2025-08-03T11:41:00Z,2025-08-03,F03,F03_TPC,F03_TPC_O2.csv,LIGHT,RUN3,0,6,6,30,1,463,17.6489484,Prug
2025-08-03T11:21:00Z,2025-08-03T11:41:00Z,2025-08-03,J03,J03_TPC,J03_TPC_O2.csv,LIGHT,RUN3,0,7,6,30,1,461,29.80688791,Ahya
2025-08-03T11:21:00Z,2025-08-03T11:41:00Z,2025-08-03,B03,B03_TPC,B03_TPC_O2.csv,LIGHT,RUN3,0,8,6,30,1,465,17.06832783,Mvie
2025-08-03T11:21:00Z,2025-08-03T11:41:00Z,2025-08-03,C03,C03_TPC,C03_TPC_O2.csv,LIGHT,RUN3,0,9,6,30,1,452,26.45396363,Fcom
2025-08-03T11:21:00Z,2025-08-03T11:41:00Z,2025-08-03,BLANK1_Run3,BLANK1_Run3_TPC,BLANK1_Run3_TPC_O2.csv,LIGHT,RUN3,1,10,6,30,NA,475,NA,BLANK
2025-08-03T11:21:00Z,2025-08-03T11:41:00Z,2025-08-03,G05,G05_TPC,G05_TPC_O2.csv,LIGHT,RUN3,0,11,6,30,1,465,17.26931188,Elam
2025-08-03T11:21:00Z,2025-08-03T11:41:00Z,2025-08-03,D03,D03_TPC,D03_TPC_O2.csv,LIGHT,RUN3,0,12,6,30,1,463,17.32354567,Prus
2025-08-03T11:43:00Z,2025-08-03T12:03:00Z,2025-08-03,E03,E03_TPC,E03_TPC_O2.csv,DARK,RUN3,0,1,6,30,1,457,37.62293403,Peyd
2025-08-03T11:43:00Z,2025-08-03T12:03:00Z,2025-08-03,I03,I03_TPC,I03_TPC_O2.csv,DARK,RUN3,0,2,6,30,1,459,30.56935118,Tfro
2025-08-03T11:43:00Z,2025-08-03T12:03:00Z,2025-08-03,A03,A03_TPC,A03_TPC_O2.csv,DARK,RUN3,0,3,6,30,1,461,19.11326072,Pcyl
2025-08-03T11:43:00Z,2025-08-03T12:03:00Z,2025-08-03,H04,H04_TPC,H04_TPC_O2.csv,DARK,RUN3,0,4,6,30,1,458,41.64580512,Maeq
2025-08-03T11:43:00Z,2025-08-03T12:03:00Z,2025-08-03,BLANK2_Run3,BLANK2_Run3_TPC,BLANK2_Run3_TPC_O2.csv,DARK,RUN3,1,5,6,30,NA,475,NA,BLANK
2025-08-03T11:43:00Z,2025-08-03T12:03:00Z,2025-08-03,F03,F03_TPC,F03_TPC_O2.csv,DARK,RUN3,0,6,6,30,1,463,17.6489484,Prug
2025-08-03T11:43:00Z,2025-08-03T12:03:00Z,2025-08-03,J03,J03_TPC,J03_TPC_O2.csv,DARK,RUN3,0,7,6,30,1,461,29.80688791,Ahya
2025-08-03T11:43:00Z,2025-08-03T12:03:00Z,2025-08-03,B03,B03_TPC,B03_TPC_O2.csv,DARK,RUN3,0,8,6,30,1,465,17.06832783,Mvie
2025-08-03T11:43:00Z,2025-08-03T12:03:00Z,2025-08-03,C03,C03_TPC,C03_TPC_O2.csv,DARK,RUN3,0,9,6,30,1,452,26.45396363,Fcom
2025-08-03T11:43:00Z,2025-08-03T12:03:00Z,2025-08-03,BLANK1_Run3,BLANK1_Run3_TPC,BLANK1_Run3_TPC_O2.csv,DARK,RUN3,1,10,6,30,NA,475,NA,BLANK
2025-08-03T11:43:00Z,2025-08-03T12:03:00Z,2025-08-03,G05,G05_TPC,G05_TPC_O2.csv,DARK,RUN3,0,11,6,30,1,465,17.26931188,Elam
2025-08-03T11:43:00Z,2025-08-03T12:03:00Z,2025-08-03,D03,D03_TPC,D03_TPC_O2.csv,DARK,RUN3,0,12,6,30,1,463,17.32354567,Prus
2025-08-03T12:21:00Z,2025-08-03T12:41:00Z,2025-08-03,E03,E03_TPC,E03_TPC_O2.csv,LIGHT,RUN3,0,1,7,31,1,457,37.62293403,Peyd
2025-08-03T12:21:00Z,2025-08-03T12:41:00Z,2025-08-03,I03,I03_TPC,I03_TPC_O2.csv,LIGHT,RUN3,0,2,7,31,1,459,30.56935118,Tfro
2025-08-03T12:21:00Z,2025-08-03T12:41:00Z,2025-08-03,A03,A03_TPC,A03_TPC_O2.csv,LIGHT,RUN3,0,3,7,31,1,461,19.11326072,Pcyl
2025-08-03T12:21:00Z,2025-08-03T12:41:00Z,2025-08-03,H04,H04_TPC,H04_TPC_O2.csv,LIGHT,RUN3,0,4,7,31,1,458,41.64580512,Maeq
2025-08-03T12:21:00Z,2025-08-03T12:41:00Z,2025-08-03,BLANK2_Run3,BLANK2_Run3_TPC,BLANK2_Run3_TPC_O2.csv,LIGHT,RUN3,1,5,7,31,NA,475,NA,BLANK
2025-08-03T12:21:00Z,2025-08-03T12:41:00Z,2025-08-03,F03,F03_TPC,F03_TPC_O2.csv,LIGHT,RUN3,0,6,7,31,1,463,17.6489484,Prug
2025-08-03T12:21:00Z,2025-08-03T12:41:00Z,2025-08-03,J03,J03_TPC,J03_TPC_O2.csv,LIGHT,RUN3,0,7,7,31,1,461,29.80688791,Ahya
2025-08-03T12:21:00Z,2025-08-03T12:41:00Z,2025-08-03,B03,B03_TPC,B03_TPC_O2.csv,LIGHT,RUN3,0,8,7,31,1,465,17.06832783,Mvie
2025-08-03T12:21:00Z,2025-08-03T12:41:00Z,2025-08-03,C03,C03_TPC,C03_TPC_O2.csv,LIGHT,RUN3,0,9,7,31,1,452,26.45396363,Fcom
2025-08-03T12:21:00Z,2025-08-03T12:41:00Z,2025-08-03,BLANK1_Run3,BLANK1_Run3_TPC,BLANK1_Run3_TPC_O2.csv,LIGHT,RUN3,1,10,7,31,NA,475,NA,BLANK
2025-08-03T12:21:00Z,2025-08-03T12:41:00Z,2025-08-03,G05,G05_TPC,G05_TPC_O2.csv,LIGHT,RUN3,0,11,7,31,1,465,17.26931188,Elam
2025-08-03T12:21:00Z,2025-08-03T12:41:00Z,2025-08-03,D03,D03_TPC,D03_TPC_O2.csv,LIGHT,RUN3,0,12,7,31,1,463,17.32354567,Prus
2025-08-03T12:43:00Z,2025-08-03T13:02:00Z,2025-08-03,E03,E03_TPC,E03_TPC_O2.csv,DARK,RUN3,0,1,7,31,1,457,37.62293403,Peyd
2025-08-03T12:43:00Z,2025-08-03T13:02:00Z,2025-08-03,I03,I03_TPC,I03_TPC_O2.csv,DARK,RUN3,0,2,7,31,1,459,30.56935118,Tfro
2025-08-03T12:43:00Z,2025-08-03T13:02:00Z,2025-08-03,A03,A03_TPC,A03_TPC_O2.csv,DARK,RUN3,0,3,7,31,1,461,19.11326072,Pcyl
2025-08-03T12:43:00Z,2025-08-03T13:02:00Z,2025-08-03,H04,H04_TPC,H04_TPC_O2.csv,DARK,RUN3,0,4,7,31,1,458,41.64580512,Maeq
2025-08-03T12:43:00Z,2025-08-03T13:02:00Z,2025-08-03,BLANK2_Run3,BLANK2_Run3_TPC,BLANK2_Run3_TPC_O2.csv,DARK,RUN3,1,5,7,31,NA,475,NA,BLANK
2025-08-03T12:43:00Z,2025-08-03T13:02:00Z,2025-08-03,F03,F03_TPC,F03_TPC_O2.csv,DARK,RUN3,0,6,7,31,1,463,17.6489484,Prug
2025-08-03T12:43:00Z,2025-08-03T13:02:00Z,2025-08-03,J03,J03_TPC,J03_TPC_O2.csv,DARK,RUN3,0,7,7,31,1,461,29.80688791,Ahya
2025-08-03T12:43:00Z,2025-08-03T13:02:00Z,2025-08-03,B03,B03_TPC,B03_TPC_O2.csv,DARK,RUN3,0,8,7,31,1,465,17.06832783,Mvie
2025-08-03T12:43:00Z,2025-08-03T13:02:00Z,2025-08-03,C03,C03_TPC,C03_TPC_O2.csv,DARK,RUN3,0,9,7,31,1,452,26.45396363,Fcom
2025-08-03T12:43:00Z,2025-08-03T13:02:00Z,2025-08-03,BLANK1_Run3,BLANK1_Run3_TPC,BLANK1_Run3_TPC_O2.csv,DARK,RUN3,1,10,7,31,NA,475,NA,BLANK
2025-08-03T12:43:00Z,2025-08-03T13:02:00Z,2025-08-03,G05,G05_TPC,G05_TPC_O2.csv,DARK,RUN3,0,11,7,31,1,465,17.26931188,Elam
2025-08-03T12:43:00Z,2025-08-03T13:02:00Z,2025-08-03,D03,D03_TPC,D03_TPC_O2.csv,DARK,RUN3,0,12,7,31,1,463,17.32354567,Prus
2025-08-03T13:19:00Z,2025-08-03T13:39:00Z,2025-08-03,E03,E03_TPC,E03_TPC_O2.csv,LIGHT,RUN3,0,1,8,32,1,457,37.62293403,Peyd
2025-08-03T13:19:00Z,2025-08-03T13:39:00Z,2025-08-03,I03,I03_TPC,I03_TPC_O2.csv,LIGHT,RUN3,0,2,8,32,1,459,30.56935118,Tfro
2025-08-03T13:19:00Z,2025-08-03T13:39:00Z,2025-08-03,A03,A03_TPC,A03_TPC_O2.csv,LIGHT,RUN3,0,3,8,32,1,461,19.11326072,Pcyl
2025-08-03T13:19:00Z,2025-08-03T13:39:00Z,2025-08-03,H04,H04_TPC,H04_TPC_O2.csv,LIGHT,RUN3,0,4,8,32,1,458,41.64580512,Maeq
2025-08-03T13:19:00Z,2025-08-03T13:39:00Z,2025-08-03,BLANK2_Run3,BLANK2_Run3_TPC,BLANK2_Run3_TPC_O2.csv,LIGHT,RUN3,1,5,8,32,NA,475,NA,BLANK
2025-08-03T13:19:00Z,2025-08-03T13:39:00Z,2025-08-03,F03,F03_TPC,F03_TPC_O2.csv,LIGHT,RUN3,0,6,8,32,1,463,17.6489484,Prug
2025-08-03T13:19:00Z,2025-08-03T13:39:00Z,2025-08-03,J03,J03_TPC,J03_TPC_O2.csv,LIGHT,RUN3,0,7,8,32,1,461,29.80688791,Ahya
2025-08-03T13:19:00Z,2025-08-03T13:39:00Z,2025-08-03,B03,B03_TPC,B03_TPC_O2.csv,LIGHT,RUN3,0,8,8,32,1,465,17.06832783,Mvie
2025-08-03T13:19:00Z,2025-08-03T13:39:00Z,2025-08-03,C03,C03_TPC,C03_TPC_O2.csv,LIGHT,RUN3,0,9,8,32,1,452,26.45396363,Fcom
2025-08-03T13:19:00Z,2025-08-03T13:39:00Z,2025-08-03,BLANK1_Run3,BLANK1_Run3_TPC,BLANK1_Run3_TPC_O2.csv,LIGHT,RUN3,1,10,8,32,NA,475,NA,BLANK
2025-08-03T13:19:00Z,2025-08-03T13:39:00Z,2025-08-03,G05,G05_TPC,G05_TPC_O2.csv,LIGHT,RUN3,0,11,8,32,1,465,17.26931188,Elam
2025-08-03T13:19:00Z,2025-08-03T13:39:00Z,2025-08-03,D03,D03_TPC,D03_TPC_O2.csv,LIGHT,RUN3,0,12,8,32,1,463,17.32354567,Prus
2025-08-03T13:41:00Z,2025-08-03T14:01:00Z,2025-08-03,E03,E03_TPC,E03_TPC_O2.csv,DARK,RUN3,0,1,8,32,1,457,37.62293403,Peyd
2025-08-03T13:41:00Z,2025-08-03T14:01:00Z,2025-08-03,I03,I03_TPC,I03_TPC_O2.csv,DARK,RUN3,0,2,8,32,1,459,30.56935118,Tfro
2025-08-03T13:41:00Z,2025-08-03T14:01:00Z,2025-08-03,A03,A03_TPC,A03_TPC_O2.csv,DARK,RUN3,0,3,8,32,1,461,19.11326072,Pcyl
2025-08-03T13:41:00Z,2025-08-03T14:01:00Z,2025-08-03,H04,H04_TPC,H04_TPC_O2.csv,DARK,RUN3,0,4,8,32,1,458,41.64580512,Maeq
2025-08-03T13:41:00Z,2025-08-03T14:01:00Z,2025-08-03,BLANK2_Run3,BLANK2_Run3_TPC,BLANK2_Run3_TPC_O2.csv,DARK,RUN3,1,5,8,32,NA,475,NA,BLANK
2025-08-03T13:41:00Z,2025-08-03T14:01:00Z,2025-08-03,F03,F03_TPC,F03_TPC_O2.csv,DARK,RUN3,0,6,8,32,1,463,17.6489484,Prug
2025-08-03T13:41:00Z,2025-08-03T14:01:00Z,2025-08-03,J03,J03_TPC,J03_TPC_O2.csv,DARK,RUN3,0,7,8,32,1,461,29.80688791,Ahya
2025-08-03T13:41:00Z,2025-08-03T14:01:00Z,2025-08-03,B03,B03_TPC,B03_TPC_O2.csv,DARK,RUN3,0,8,8,32,1,465,17.06832783,Mvie
2025-08-03T13:41:00Z,2025-08-03T14:01:00Z,2025-08-03,C03,C03_TPC,C03_TPC_O2.csv,DARK,RUN3,0,9,8,32,1,452,26.45396363,Fcom
2025-08-03T13:41:00Z,2025-08-03T14:01:00Z,2025-08-03,BLANK1_Run3,BLANK1_Run3_TPC,BLANK1_Run3_TPC_O2.csv,DARK,RUN3,1,10,8,32,NA,475,NA,BLANK
2025-08-03T13:41:00Z,2025-08-03T14:01:00Z,2025-08-03,G05,G05_TPC,G05_TPC_O2.csv,DARK,RUN3,0,11,8,32,1,465,17.26931188,Elam
2025-08-03T13:41:00Z,2025-08-03T14:01:00Z,2025-08-03,D03,D03_TPC,D03_TPC_O2.csv,DARK,RUN3,0,12,8,32,1,463,17.32354567,Prus
2025-08-03T14:25:00Z,2025-08-03T14:50:00Z,2025-08-03,E03,E03_TPC,E03_TPC_O2.csv,LIGHT,RUN3,0,1,9,34,1,457,37.62293403,Peyd
2025-08-03T14:25:00Z,2025-08-03T14:50:00Z,2025-08-03,I03,I03_TPC,I03_TPC_O2.csv,LIGHT,RUN3,0,2,9,34,1,459,30.56935118,Tfro
2025-08-03T14:25:00Z,2025-08-03T14:50:00Z,2025-08-03,A03,A03_TPC,A03_TPC_O2.csv,LIGHT,RUN3,0,3,9,34,1,461,19.11326072,Pcyl
2025-08-03T14:25:00Z,2025-08-03T14:50:00Z,2025-08-03,H04,H04_TPC,H04_TPC_O2.csv,LIGHT,RUN3,0,4,9,34,1,458,41.64580512,Maeq
2025-08-03T14:25:00Z,2025-08-03T14:50:00Z,2025-08-03,BLANK2_Run3,BLANK2_Run3_TPC,BLANK2_Run3_TPC_O2.csv,LIGHT,RUN3,1,5,9,34,NA,475,NA,BLANK
2025-08-03T14:25:00Z,2025-08-03T14:50:00Z,2025-08-03,F03,F03_TPC,F03_TPC_O2.csv,LIGHT,RUN3,0,6,9,34,1,463,17.6489484,Prug
2025-08-03T14:25:00Z,2025-08-03T14:50:00Z,2025-08-03,J03,J03_TPC,J03_TPC_O2.csv,LIGHT,RUN3,0,7,9,34,1,461,29.80688791,Ahya
2025-08-03T14:25:00Z,2025-08-03T14:50:00Z,2025-08-03,B03,B03_TPC,B03_TPC_O2.csv,LIGHT,RUN3,0,8,9,34,1,465,17.06832783,Mvie
2025-08-03T14:25:00Z,2025-08-03T14:50:00Z,2025-08-03,C03,C03_TPC,C03_TPC_O2.csv,LIGHT,RUN3,0,9,9,34,1,452,26.45396363,Fcom
2025-08-03T14:25:00Z,2025-08-03T14:50:00Z,2025-08-03,BLANK1_Run3,BLANK1_Run3_TPC,BLANK1_Run3_TPC_O2.csv,LIGHT,RUN3,1,10,9,34,NA,475,NA,BLANK
2025-08-03T14:25:00Z,2025-08-03T14:50:00Z,2025-08-03,G05,G05_TPC,G05_TPC_O2.csv,LIGHT,RUN3,0,11,9,34,1,465,17.26931188,Elam
2025-08-03T14:25:00Z,2025-08-03T14:50:00Z,2025-08-03,D03,D03_TPC,D03_TPC_O2.csv,LIGHT,RUN3,0,12,9,34,1,463,17.32354567,Prus
2025-08-03T14:52:00Z,2025-08-03T15:12:00Z,2025-08-03,E03,E03_TPC,E03_TPC_O2.csv,DARK,RUN3,0,1,9,34,1,457,37.62293403,Peyd
2025-08-03T14:52:00Z,2025-08-03T15:12:00Z,2025-08-03,I03,I03_TPC,I03_TPC_O2.csv,DARK,RUN3,0,2,9,34,1,459,30.56935118,Tfro
2025-08-03T14:52:00Z,2025-08-03T15:12:00Z,2025-08-03,A03,A03_TPC,A03_TPC_O2.csv,DARK,RUN3,0,3,9,34,1,461,19.11326072,Pcyl
2025-08-03T14:52:00Z,2025-08-03T15:12:00Z,2025-08-03,H04,H04_TPC,H04_TPC_O2.csv,DARK,RUN3,0,4,9,34,1,458,41.64580512,Maeq
2025-08-03T14:52:00Z,2025-08-03T15:12:00Z,2025-08-03,BLANK2_Run3,BLANK2_Run3_TPC,BLANK2_Run3_TPC_O2.csv,DARK,RUN3,1,5,9,34,NA,475,NA,BLANK
2025-08-03T14:52:00Z,2025-08-03T15:12:00Z,2025-08-03,F03,F03_TPC,F03_TPC_O2.csv,DARK,RUN3,0,6,9,34,1,463,17.6489484,Prug
2025-08-03T14:52:00Z,2025-08-03T15:12:00Z,2025-08-03,J03,J03_TPC,J03_TPC_O2.csv,DARK,RUN3,0,7,9,34,1,461,29.80688791,Ahya
2025-08-03T14:52:00Z,2025-08-03T15:12:00Z,2025-08-03,B03,B03_TPC,B03_TPC_O2.csv,DARK,RUN3,0,8,9,34,1,465,17.06832783,Mvie
2025-08-03T14:52:00Z,2025-08-03T15:12:00Z,2025-08-03,C03,C03_TPC,C03_TPC_O2.csv,DARK,RUN3,0,9,9,34,1,452,26.45396363,Fcom
2025-08-03T14:52:00Z,2025-08-03T15:12:00Z,2025-08-03,BLANK1_Run3,BLANK1_Run3_TPC,BLANK1_Run3_TPC_O2.csv,DARK,RUN3,1,10,9,34,NA,475,NA,BLANK
2025-08-03T14:52:00Z,2025-08-03T15:12:00Z,2025-08-03,G05,G05_TPC,G05_TPC_O2.csv,DARK,RUN3,0,11,9,34,1,465,17.26931188,Elam
2025-08-03T14:52:00Z,2025-08-03T15:12:00Z,2025-08-03,D03,D03_TPC,D03_TPC_O2.csv,DARK,RUN3,0,12,9,34,1,463,17.32354567,Prus
2025-08-08T08:15:00Z,2025-08-08T08:34:00Z,2025-08-08,I06,I06_TPC,I06_TPC_O2.csv,LIGHT,RUN4,0,1,1,24.5,1,464,22.32262496,Tfro
2025-08-08T08:15:00Z,2025-08-08T08:34:00Z,2025-08-08,BLANK2_Run4,BLANK2_Run4_TPC,BLANK2_Run4_TPC_O2.csv,LIGHT,RUN4,1,2,1,24.5,NA,475,NA,BLANK
2025-08-08T08:15:00Z,2025-08-08T08:34:00Z,2025-08-08,J06,J06_TPC,J06_TPC_O2.csv,LIGHT,RUN4,0,3,1,24.5,1,466,15.5880644,Ahya
2025-08-08T08:15:00Z,2025-08-08T08:34:00Z,2025-08-08,A06,A06_TPC,A06_TPC_O2.csv,LIGHT,RUN4,0,4,1,24.5,1,464,17.41606213,Pcyl
2025-08-08T08:15:00Z,2025-08-08T08:34:00Z,2025-08-08,H06,H06_TPC,H06_TPC_O2.csv,LIGHT,RUN4,0,5,1,24.5,1,465,24.44093297,Maeq
2025-08-08T08:15:00Z,2025-08-08T08:34:00Z,2025-08-08,BLANK1_Run4,BLANK1_Run4_TPC,BLANK1_Run4_TPC_O2.csv,LIGHT,RUN4,1,6,1,24.5,NA,475,NA,BLANK
2025-08-08T08:15:00Z,2025-08-08T08:34:00Z,2025-08-08,C06,C06_TPC,C06_TPC_O2.csv,LIGHT,RUN4,0,7,1,24.5,1,456,18.47840636,Fcom
2025-08-08T08:15:00Z,2025-08-08T08:34:00Z,2025-08-08,G06,G06_TPC,G06_TPC_O2.csv,LIGHT,RUN4,0,8,1,24.5,1,462,22.13759203,Elam
2025-08-08T08:15:00Z,2025-08-08T08:34:00Z,2025-08-08,E06,E06_TPC,E06_TPC_O2.csv,LIGHT,RUN4,0,9,1,24.5,1,455,44.66694621,Peyd
2025-08-08T08:15:00Z,2025-08-08T08:34:00Z,2025-08-08,D06,D06_TPC,D06_TPC_O2.csv,LIGHT,RUN4,0,10,1,24.5,1,462,16.312245,Prus
2025-08-08T08:15:00Z,2025-08-08T08:34:00Z,2025-08-08,F06,F06_TPC,F06_TPC_O2.csv,LIGHT,RUN4,0,11,1,24.5,1,465,20.08308848,Prug
2025-08-08T08:15:00Z,2025-08-08T08:34:00Z,2025-08-08,B06,B06_TPC,B06_TPC_O2.csv,LIGHT,RUN4,0,12,1,24.5,1,466,13.28791369,Mvie
2025-08-08T08:35:00Z,2025-08-08T08:54:00Z,2025-08-08,I06,I06_TPC,I06_TPC_O2.csv,DARK,RUN4,0,1,1,24.5,1,464,22.32262496,Tfro
2025-08-08T08:35:00Z,2025-08-08T08:54:00Z,2025-08-08,BLANK2_Run4,BLANK2_Run4_TPC,BLANK2_Run4_TPC_O2.csv,DARK,RUN4,1,2,1,24.5,NA,475,NA,BLANK
2025-08-08T08:35:00Z,2025-08-08T08:54:00Z,2025-08-08,J06,J06_TPC,J06_TPC_O2.csv,DARK,RUN4,0,3,1,24.5,1,466,15.5880644,Ahya
2025-08-08T08:35:00Z,2025-08-08T08:54:00Z,2025-08-08,A06,A06_TPC,A06_TPC_O2.csv,DARK,RUN4,0,4,1,24.5,1,464,17.41606213,Pcyl
2025-08-08T08:35:00Z,2025-08-08T08:54:00Z,2025-08-08,H06,H06_TPC,H06_TPC_O2.csv,DARK,RUN4,0,5,1,24.5,1,465,24.44093297,Maeq
2025-08-08T08:35:00Z,2025-08-08T08:54:00Z,2025-08-08,BLANK1_Run4,BLANK1_Run4_TPC,BLANK1_Run4_TPC_O2.csv,DARK,RUN4,1,6,1,24.5,NA,475,NA,BLANK
2025-08-08T08:35:00Z,2025-08-08T08:54:00Z,2025-08-08,C06,C06_TPC,C06_TPC_O2.csv,DARK,RUN4,0,7,1,24.5,1,456,18.47840636,Fcom
2025-08-08T08:35:00Z,2025-08-08T08:54:00Z,2025-08-08,G06,G06_TPC,G06_TPC_O2.csv,DARK,RUN4,0,8,1,24.5,1,462,22.13759203,Elam
2025-08-08T08:35:00Z,2025-08-08T08:54:00Z,2025-08-08,E06,E06_TPC,E06_TPC_O2.csv,DARK,RUN4,0,9,1,24.5,1,455,44.66694621,Peyd
2025-08-08T08:35:00Z,2025-08-08T08:54:00Z,2025-08-08,D06,D06_TPC,D06_TPC_O2.csv,DARK,RUN4,0,10,1,24.5,1,462,16.312245,Prus
2025-08-08T08:35:00Z,2025-08-08T08:54:00Z,2025-08-08,F06,F06_TPC,F06_TPC_O2.csv,DARK,RUN4,0,11,1,24.5,1,465,20.08308848,Prug
2025-08-08T08:35:00Z,2025-08-08T08:54:00Z,2025-08-08,B06,B06_TPC,B06_TPC_O2.csv,DARK,RUN4,0,12,1,24.5,1,466,13.28791369,Mvie
2025-08-08T09:13:00Z,2025-08-08T09:32:00Z,2025-08-08,I06,I06_TPC,I06_TPC_O2.csv,LIGHT,RUN4,0,1,2,26,1,464,22.32262496,Tfro
2025-08-08T09:13:00Z,2025-08-08T09:32:00Z,2025-08-08,BLANK2_Run4,BLANK2_Run4_TPC,BLANK2_Run4_TPC_O2.csv,LIGHT,RUN4,1,2,2,26,NA,475,NA,BLANK
2025-08-08T09:13:00Z,2025-08-08T09:32:00Z,2025-08-08,J06,J06_TPC,J06_TPC_O2.csv,LIGHT,RUN4,0,3,2,26,1,466,15.5880644,Ahya
2025-08-08T09:13:00Z,2025-08-08T09:32:00Z,2025-08-08,A06,A06_TPC,A06_TPC_O2.csv,LIGHT,RUN4,0,4,2,26,1,464,17.41606213,Pcyl
2025-08-08T09:13:00Z,2025-08-08T09:32:00Z,2025-08-08,H06,H06_TPC,H06_TPC_O2.csv,LIGHT,RUN4,0,5,2,26,1,465,24.44093297,Maeq
2025-08-08T09:13:00Z,2025-08-08T09:32:00Z,2025-08-08,BLANK1_Run4,BLANK1_Run4_TPC,BLANK1_Run4_TPC_O2.csv,LIGHT,RUN4,1,6,2,26,NA,475,NA,BLANK
2025-08-08T09:13:00Z,2025-08-08T09:32:00Z,2025-08-08,C06,C06_TPC,C06_TPC_O2.csv,LIGHT,RUN4,0,7,2,26,1,456,18.47840636,Fcom
2025-08-08T09:13:00Z,2025-08-08T09:32:00Z,2025-08-08,G06,G06_TPC,G06_TPC_O2.csv,LIGHT,RUN4,0,8,2,26,1,462,22.13759203,Elam
2025-08-08T09:13:00Z,2025-08-08T09:32:00Z,2025-08-08,E06,E06_TPC,E06_TPC_O2.csv,LIGHT,RUN4,0,9,2,26,1,455,44.66694621,Peyd
2025-08-08T09:13:00Z,2025-08-08T09:32:00Z,2025-08-08,D06,D06_TPC,D06_TPC_O2.csv,LIGHT,RUN4,0,10,2,26,1,462,16.312245,Prus
2025-08-08T09:13:00Z,2025-08-08T09:32:00Z,2025-08-08,F06,F06_TPC,F06_TPC_O2.csv,LIGHT,RUN4,0,11,2,26,1,465,20.08308848,Prug
2025-08-08T09:13:00Z,2025-08-08T09:32:00Z,2025-08-08,B06,B06_TPC,B06_TPC_O2.csv,LIGHT,RUN4,0,12,2,26,1,466,13.28791369,Mvie
2025-08-08T09:34:00Z,2025-08-08T09:53:00Z,2025-08-08,I06,I06_TPC,I06_TPC_O2.csv,DARK,RUN4,0,1,2,26,1,464,22.32262496,Tfro
2025-08-08T09:34:00Z,2025-08-08T09:53:00Z,2025-08-08,BLANK2_Run4,BLANK2_Run4_TPC,BLANK2_Run4_TPC_O2.csv,DARK,RUN4,1,2,2,26,NA,475,NA,BLANK
2025-08-08T09:34:00Z,2025-08-08T09:53:00Z,2025-08-08,J06,J06_TPC,J06_TPC_O2.csv,DARK,RUN4,0,3,2,26,1,466,15.5880644,Ahya
2025-08-08T09:34:00Z,2025-08-08T09:53:00Z,2025-08-08,A06,A06_TPC,A06_TPC_O2.csv,DARK,RUN4,0,4,2,26,1,464,17.41606213,Pcyl
2025-08-08T09:34:00Z,2025-08-08T09:53:00Z,2025-08-08,H06,H06_TPC,H06_TPC_O2.csv,DARK,RUN4,0,5,2,26,1,465,24.44093297,Maeq
2025-08-08T09:34:00Z,2025-08-08T09:53:00Z,2025-08-08,BLANK1_Run4,BLANK1_Run4_TPC,BLANK1_Run4_TPC_O2.csv,DARK,RUN4,1,6,2,26,NA,475,NA,BLANK
2025-08-08T09:34:00Z,2025-08-08T09:53:00Z,2025-08-08,C06,C06_TPC,C06_TPC_O2.csv,DARK,RUN4,0,7,2,26,1,456,18.47840636,Fcom
2025-08-08T09:34:00Z,2025-08-08T09:53:00Z,2025-08-08,G06,G06_TPC,G06_TPC_O2.csv,DARK,RUN4,0,8,2,26,1,462,22.13759203,Elam
2025-08-08T09:34:00Z,2025-08-08T09:53:00Z,2025-08-08,E06,E06_TPC,E06_TPC_O2.csv,DARK,RUN4,0,9,2,26,1,455,44.66694621,Peyd
2025-08-08T09:34:00Z,2025-08-08T09:53:00Z,2025-08-08,D06,D06_TPC,D06_TPC_O2.csv,DARK,RUN4,0,10,2,26,1,462,16.312245,Prus
2025-08-08T09:34:00Z,2025-08-08T09:53:00Z,2025-08-08,F06,F06_TPC,F06_TPC_O2.csv,DARK,RUN4,0,11,2,26,1,465,20.08308848,Prug
2025-08-08T09:34:00Z,2025-08-08T09:53:00Z,2025-08-08,B06,B06_TPC,B06_TPC_O2.csv,DARK,RUN4,0,12,2,26,1,466,13.28791369,Mvie
2025-08-08T10:16:00Z,2025-08-08T10:35:00Z,2025-08-08,I06,I06_TPC,I06_TPC_O2.csv,LIGHT,RUN4,0,1,3,27,1,464,22.32262496,Tfro
2025-08-08T10:16:00Z,2025-08-08T10:35:00Z,2025-08-08,BLANK2_Run4,BLANK2_Run4_TPC,BLANK2_Run4_TPC_O2.csv,LIGHT,RUN4,1,2,3,27,NA,475,NA,BLANK
2025-08-08T10:16:00Z,2025-08-08T10:35:00Z,2025-08-08,J06,J06_TPC,J06_TPC_O2.csv,LIGHT,RUN4,0,3,3,27,1,466,15.5880644,Ahya
2025-08-08T10:16:00Z,2025-08-08T10:35:00Z,2025-08-08,A06,A06_TPC,A06_TPC_O2.csv,LIGHT,RUN4,0,4,3,27,1,464,17.41606213,Pcyl
2025-08-08T10:16:00Z,2025-08-08T10:35:00Z,2025-08-08,H06,H06_TPC,H06_TPC_O2.csv,LIGHT,RUN4,0,5,3,27,1,465,24.44093297,Maeq
2025-08-08T10:16:00Z,2025-08-08T10:35:00Z,2025-08-08,BLANK1_Run4,BLANK1_Run4_TPC,BLANK1_Run4_TPC_O2.csv,LIGHT,RUN4,1,6,3,27,NA,475,NA,BLANK
2025-08-08T10:16:00Z,2025-08-08T10:35:00Z,2025-08-08,C06,C06_TPC,C06_TPC_O2.csv,LIGHT,RUN4,0,7,3,27,1,456,18.47840636,Fcom
2025-08-08T10:16:00Z,2025-08-08T10:35:00Z,2025-08-08,G06,G06_TPC,G06_TPC_O2.csv,LIGHT,RUN4,0,8,3,27,1,462,22.13759203,Elam
2025-08-08T10:16:00Z,2025-08-08T10:35:00Z,2025-08-08,E06,E06_TPC,E06_TPC_O2.csv,LIGHT,RUN4,0,9,3,27,1,455,44.66694621,Peyd
2025-08-08T10:16:00Z,2025-08-08T10:35:00Z,2025-08-08,D06,D06_TPC,D06_TPC_O2.csv,LIGHT,RUN4,0,10,3,27,1,462,16.312245,Prus
2025-08-08T10:16:00Z,2025-08-08T10:35:00Z,2025-08-08,F06,F06_TPC,F06_TPC_O2.csv,LIGHT,RUN4,0,11,3,27,1,465,20.08308848,Prug
2025-08-08T10:16:00Z,2025-08-08T10:35:00Z,2025-08-08,B06,B06_TPC,B06_TPC_O2.csv,LIGHT,RUN4,0,12,3,27,1,466,13.28791369,Mvie
2025-08-08T10:36:00Z,2025-08-08T10:55:00Z,2025-08-08,I06,I06_TPC,I06_TPC_O2.csv,DARK,RUN4,0,1,3,27,1,464,22.32262496,Tfro
2025-08-08T10:36:00Z,2025-08-08T10:55:00Z,2025-08-08,BLANK2_Run4,BLANK2_Run4_TPC,BLANK2_Run4_TPC_O2.csv,DARK,RUN4,1,2,3,27,NA,475,NA,BLANK
2025-08-08T10:36:00Z,2025-08-08T10:55:00Z,2025-08-08,J06,J06_TPC,J06_TPC_O2.csv,DARK,RUN4,0,3,3,27,1,466,15.5880644,Ahya
2025-08-08T10:36:00Z,2025-08-08T10:55:00Z,2025-08-08,A06,A06_TPC,A06_TPC_O2.csv,DARK,RUN4,0,4,3,27,1,464,17.41606213,Pcyl
2025-08-08T10:36:00Z,2025-08-08T10:55:00Z,2025-08-08,H06,H06_TPC,H06_TPC_O2.csv,DARK,RUN4,0,5,3,27,1,465,24.44093297,Maeq
2025-08-08T10:36:00Z,2025-08-08T10:55:00Z,2025-08-08,BLANK1_Run4,BLANK1_Run4_TPC,BLANK1_Run4_TPC_O2.csv,DARK,RUN4,1,6,3,27,NA,475,NA,BLANK
2025-08-08T10:36:00Z,2025-08-08T10:55:00Z,2025-08-08,C06,C06_TPC,C06_TPC_O2.csv,DARK,RUN4,0,7,3,27,1,456,18.47840636,Fcom
2025-08-08T10:36:00Z,2025-08-08T10:55:00Z,2025-08-08,G06,G06_TPC,G06_TPC_O2.csv,DARK,RUN4,0,8,3,27,1,462,22.13759203,Elam
2025-08-08T10:36:00Z,2025-08-08T10:55:00Z,2025-08-08,E06,E06_TPC,E06_TPC_O2.csv,DARK,RUN4,0,9,3,27,1,455,44.66694621,Peyd
2025-08-08T10:36:00Z,2025-08-08T10:55:00Z,2025-08-08,D06,D06_TPC,D06_TPC_O2.csv,DARK,RUN4,0,10,3,27,1,462,16.312245,Prus
2025-08-08T10:36:00Z,2025-08-08T10:55:00Z,2025-08-08,F06,F06_TPC,F06_TPC_O2.csv,DARK,RUN4,0,11,3,27,1,465,20.08308848,Prug
2025-08-08T10:36:00Z,2025-08-08T10:55:00Z,2025-08-08,B06,B06_TPC,B06_TPC_O2.csv,DARK,RUN4,0,12,3,27,1,466,13.28791369,Mvie
2025-08-08T11:12:00Z,2025-08-08T11:31:00Z,2025-08-08,I06,I06_TPC,I06_TPC_O2.csv,LIGHT,RUN4,0,1,4,28,1,464,22.32262496,Tfro
2025-08-08T11:12:00Z,2025-08-08T11:31:00Z,2025-08-08,BLANK2_Run4,BLANK2_Run4_TPC,BLANK2_Run4_TPC_O2.csv,LIGHT,RUN4,1,2,4,28,NA,475,NA,BLANK
2025-08-08T11:12:00Z,2025-08-08T11:31:00Z,2025-08-08,J06,J06_TPC,J06_TPC_O2.csv,LIGHT,RUN4,0,3,4,28,1,466,15.5880644,Ahya
2025-08-08T11:12:00Z,2025-08-08T11:31:00Z,2025-08-08,A06,A06_TPC,A06_TPC_O2.csv,LIGHT,RUN4,0,4,4,28,1,464,17.41606213,Pcyl
2025-08-08T11:12:00Z,2025-08-08T11:31:00Z,2025-08-08,H06,H06_TPC,H06_TPC_O2.csv,LIGHT,RUN4,0,5,4,28,1,465,24.44093297,Maeq
2025-08-08T11:12:00Z,2025-08-08T11:31:00Z,2025-08-08,BLANK1_Run4,BLANK1_Run4_TPC,BLANK1_Run4_TPC_O2.csv,LIGHT,RUN4,1,6,4,28,NA,475,NA,BLANK
2025-08-08T11:12:00Z,2025-08-08T11:31:00Z,2025-08-08,C06,C06_TPC,C06_TPC_O2.csv,LIGHT,RUN4,0,7,4,28,1,456,18.47840636,Fcom
2025-08-08T11:12:00Z,2025-08-08T11:31:00Z,2025-08-08,G06,G06_TPC,G06_TPC_O2.csv,LIGHT,RUN4,0,8,4,28,1,462,22.13759203,Elam
2025-08-08T11:12:00Z,2025-08-08T11:31:00Z,2025-08-08,E06,E06_TPC,E06_TPC_O2.csv,LIGHT,RUN4,0,9,4,28,1,455,44.66694621,Peyd
2025-08-08T11:12:00Z,2025-08-08T11:31:00Z,2025-08-08,D06,D06_TPC,D06_TPC_O2.csv,LIGHT,RUN4,0,10,4,28,1,462,16.312245,Prus
2025-08-08T11:12:00Z,2025-08-08T11:31:00Z,2025-08-08,F06,F06_TPC,F06_TPC_O2.csv,LIGHT,RUN4,0,11,4,28,1,465,20.08308848,Prug
2025-08-08T11:12:00Z,2025-08-08T11:31:00Z,2025-08-08,B06,B06_TPC,B06_TPC_O2.csv,LIGHT,RUN4,0,12,4,28,1,466,13.28791369,Mvie
2025-08-08T11:33:00Z,2025-08-08T11:52:00Z,2025-08-08,I06,I06_TPC,I06_TPC_O2.csv,DARK,RUN4,0,1,4,28,1,464,22.32262496,Tfro
2025-08-08T11:33:00Z,2025-08-08T11:52:00Z,2025-08-08,BLANK2_Run4,BLANK2_Run4_TPC,BLANK2_Run4_TPC_O2.csv,DARK,RUN4,1,2,4,28,NA,475,NA,BLANK
2025-08-08T11:33:00Z,2025-08-08T11:52:00Z,2025-08-08,J06,J06_TPC,J06_TPC_O2.csv,DARK,RUN4,0,3,4,28,1,466,15.5880644,Ahya
2025-08-08T11:33:00Z,2025-08-08T11:52:00Z,2025-08-08,A06,A06_TPC,A06_TPC_O2.csv,DARK,RUN4,0,4,4,28,1,464,17.41606213,Pcyl
2025-08-08T11:33:00Z,2025-08-08T11:52:00Z,2025-08-08,H06,H06_TPC,H06_TPC_O2.csv,DARK,RUN4,0,5,4,28,1,465,24.44093297,Maeq
2025-08-08T11:33:00Z,2025-08-08T11:52:00Z,2025-08-08,BLANK1_Run4,BLANK1_Run4_TPC,BLANK1_Run4_TPC_O2.csv,DARK,RUN4,1,6,4,28,NA,475,NA,BLANK
2025-08-08T11:33:00Z,2025-08-08T11:52:00Z,2025-08-08,C06,C06_TPC,C06_TPC_O2.csv,DARK,RUN4,0,7,4,28,1,456,18.47840636,Fcom
2025-08-08T11:33:00Z,2025-08-08T11:52:00Z,2025-08-08,G06,G06_TPC,G06_TPC_O2.csv,DARK,RUN4,0,8,4,28,1,462,22.13759203,Elam
2025-08-08T11:33:00Z,2025-08-08T11:52:00Z,2025-08-08,E06,E06_TPC,E06_TPC_O2.csv,DARK,RUN4,0,9,4,28,1,455,44.66694621,Peyd
2025-08-08T11:33:00Z,2025-08-08T11:52:00Z,2025-08-08,D06,D06_TPC,D06_TPC_O2.csv,DARK,RUN4,0,10,4,28,1,462,16.312245,Prus
2025-08-08T11:33:00Z,2025-08-08T11:52:00Z,2025-08-08,F06,F06_TPC,F06_TPC_O2.csv,DARK,RUN4,0,11,4,28,1,465,20.08308848,Prug
2025-08-08T11:33:00Z,2025-08-08T11:52:00Z,2025-08-08,B06,B06_TPC,B06_TPC_O2.csv,DARK,RUN4,0,12,4,28,1,466,13.28791369,Mvie
2025-08-08T12:09:00Z,2025-08-08T12:32:00Z,2025-08-08,I06,I06_TPC,I06_TPC_O2.csv,LIGHT,RUN4,0,1,5,29,1,464,22.32262496,Tfro
2025-08-08T12:09:00Z,2025-08-08T12:32:00Z,2025-08-08,BLANK2_Run4,BLANK2_Run4_TPC,BLANK2_Run4_TPC_O2.csv,LIGHT,RUN4,1,2,5,29,NA,475,NA,BLANK
2025-08-08T12:09:00Z,2025-08-08T12:32:00Z,2025-08-08,J06,J06_TPC,J06_TPC_O2.csv,LIGHT,RUN4,0,3,5,29,1,466,15.5880644,Ahya
2025-08-08T12:09:00Z,2025-08-08T12:32:00Z,2025-08-08,A06,A06_TPC,A06_TPC_O2.csv,LIGHT,RUN4,0,4,5,29,1,464,17.41606213,Pcyl
2025-08-08T12:09:00Z,2025-08-08T12:32:00Z,2025-08-08,H06,H06_TPC,H06_TPC_O2.csv,LIGHT,RUN4,0,5,5,29,1,465,24.44093297,Maeq
2025-08-08T12:09:00Z,2025-08-08T12:32:00Z,2025-08-08,BLANK1_Run4,BLANK1_Run4_TPC,BLANK1_Run4_TPC_O2.csv,LIGHT,RUN4,1,6,5,29,NA,475,NA,BLANK
2025-08-08T12:09:00Z,2025-08-08T12:32:00Z,2025-08-08,C06,C06_TPC,C06_TPC_O2.csv,LIGHT,RUN4,0,7,5,29,1,456,18.47840636,Fcom
2025-08-08T12:09:00Z,2025-08-08T12:32:00Z,2025-08-08,G06,G06_TPC,G06_TPC_O2.csv,LIGHT,RUN4,0,8,5,29,1,462,22.13759203,Elam
2025-08-08T12:09:00Z,2025-08-08T12:32:00Z,2025-08-08,E06,E06_TPC,E06_TPC_O2.csv,LIGHT,RUN4,0,9,5,29,1,455,44.66694621,Peyd
2025-08-08T12:09:00Z,2025-08-08T12:32:00Z,2025-08-08,D06,D06_TPC,D06_TPC_O2.csv,LIGHT,RUN4,0,10,5,29,1,462,16.312245,Prus
2025-08-08T12:09:00Z,2025-08-08T12:32:00Z,2025-08-08,F06,F06_TPC,F06_TPC_O2.csv,LIGHT,RUN4,0,11,5,29,1,465,20.08308848,Prug
2025-08-08T12:09:00Z,2025-08-08T12:32:00Z,2025-08-08,B06,B06_TPC,B06_TPC_O2.csv,LIGHT,RUN4,0,12,5,29,1,466,13.28791369,Mvie
2025-08-08T12:34:00Z,2025-08-08T12:54:00Z,2025-08-08,I06,I06_TPC,I06_TPC_O2.csv,DARK,RUN4,0,1,5,29,1,464,22.32262496,Tfro
2025-08-08T12:34:00Z,2025-08-08T12:54:00Z,2025-08-08,BLANK2_Run4,BLANK2_Run4_TPC,BLANK2_Run4_TPC_O2.csv,DARK,RUN4,1,2,5,29,NA,475,NA,BLANK
2025-08-08T12:34:00Z,2025-08-08T12:54:00Z,2025-08-08,J06,J06_TPC,J06_TPC_O2.csv,DARK,RUN4,0,3,5,29,1,466,15.5880644,Ahya
2025-08-08T12:34:00Z,2025-08-08T12:54:00Z,2025-08-08,A06,A06_TPC,A06_TPC_O2.csv,DARK,RUN4,0,4,5,29,1,464,17.41606213,Pcyl
2025-08-08T12:34:00Z,2025-08-08T12:54:00Z,2025-08-08,H06,H06_TPC,H06_TPC_O2.csv,DARK,RUN4,0,5,5,29,1,465,24.44093297,Maeq
2025-08-08T12:34:00Z,2025-08-08T12:54:00Z,2025-08-08,BLANK1_Run4,BLANK1_Run4_TPC,BLANK1_Run4_TPC_O2.csv,DARK,RUN4,1,6,5,29,NA,475,NA,BLANK
2025-08-08T12:34:00Z,2025-08-08T12:54:00Z,2025-08-08,C06,C06_TPC,C06_TPC_O2.csv,DARK,RUN4,0,7,5,29,1,456,18.47840636,Fcom
2025-08-08T12:34:00Z,2025-08-08T12:54:00Z,2025-08-08,G06,G06_TPC,G06_TPC_O2.csv,DARK,RUN4,0,8,5,29,1,462,22.13759203,Elam
2025-08-08T12:34:00Z,2025-08-08T12:54:00Z,2025-08-08,E06,E06_TPC,E06_TPC_O2.csv,DARK,RUN4,0,9,5,29,1,455,44.66694621,Peyd
2025-08-08T12:34:00Z,2025-08-08T12:54:00Z,2025-08-08,D06,D06_TPC,D06_TPC_O2.csv,DARK,RUN4,0,10,5,29,1,462,16.312245,Prus
2025-08-08T12:34:00Z,2025-08-08T12:54:00Z,2025-08-08,F06,F06_TPC,F06_TPC_O2.csv,DARK,RUN4,0,11,5,29,1,465,20.08308848,Prug
2025-08-08T13:08:00Z,2025-08-08T13:33:00Z,2025-08-08,B06,B06_TPC,B06_TPC_O2.csv,DARK,RUN4,0,12,5,29,1,466,13.28791369,Mvie
2025-08-08T13:08:00Z,2025-08-08T13:33:00Z,2025-08-08,I06,I06_TPC,I06_TPC_O2.csv,LIGHT,RUN4,0,1,6,30,1,464,22.32262496,Tfro
2025-08-08T13:08:00Z,2025-08-08T13:33:00Z,2025-08-08,BLANK2_Run4,BLANK2_Run4_TPC,BLANK2_Run4_TPC_O2.csv,LIGHT,RUN4,1,2,6,30,NA,475,NA,BLANK
2025-08-08T13:08:00Z,2025-08-08T13:33:00Z,2025-08-08,J06,J06_TPC,J06_TPC_O2.csv,LIGHT,RUN4,0,3,6,30,1,466,15.5880644,Ahya
2025-08-08T13:08:00Z,2025-08-08T13:33:00Z,2025-08-08,A06,A06_TPC,A06_TPC_O2.csv,LIGHT,RUN4,0,4,6,30,1,464,17.41606213,Pcyl
2025-08-08T13:08:00Z,2025-08-08T13:33:00Z,2025-08-08,H06,H06_TPC,H06_TPC_O2.csv,LIGHT,RUN4,0,5,6,30,1,465,24.44093297,Maeq
2025-08-08T13:08:00Z,2025-08-08T13:33:00Z,2025-08-08,BLANK1_Run4,BLANK1_Run4_TPC,BLANK1_Run4_TPC_O2.csv,LIGHT,RUN4,1,6,6,30,NA,475,NA,BLANK
2025-08-08T13:08:00Z,2025-08-08T13:33:00Z,2025-08-08,C06,C06_TPC,C06_TPC_O2.csv,LIGHT,RUN4,0,7,6,30,1,456,18.47840636,Fcom
2025-08-08T13:08:00Z,2025-08-08T13:33:00Z,2025-08-08,G06,G06_TPC,G06_TPC_O2.csv,LIGHT,RUN4,0,8,6,30,1,462,22.13759203,Elam
2025-08-08T13:08:00Z,2025-08-08T13:33:00Z,2025-08-08,E06,E06_TPC,E06_TPC_O2.csv,LIGHT,RUN4,0,9,6,30,1,455,44.66694621,Peyd
2025-08-08T13:08:00Z,2025-08-08T13:33:00Z,2025-08-08,D06,D06_TPC,D06_TPC_O2.csv,LIGHT,RUN4,0,10,6,30,1,462,16.312245,Prus
2025-08-08T13:08:00Z,2025-08-08T13:33:00Z,2025-08-08,F06,F06_TPC,F06_TPC_O2.csv,LIGHT,RUN4,0,11,6,30,1,465,20.08308848,Prug
2025-08-08T13:08:00Z,2025-08-08T13:33:00Z,2025-08-08,B06,B06_TPC,B06_TPC_O2.csv,LIGHT,RUN4,0,12,6,30,1,466,13.28791369,Mvie
2025-08-08T13:35:00Z,2025-08-08T13:54:00Z,2025-08-08,I06,I06_TPC,I06_TPC_O2.csv,DARK,RUN4,0,1,6,30,1,464,22.32262496,Tfro
2025-08-08T13:35:00Z,2025-08-08T13:54:00Z,2025-08-08,BLANK2_Run4,BLANK2_Run4_TPC,BLANK2_Run4_TPC_O2.csv,DARK,RUN4,1,2,6,30,NA,475,NA,BLANK
2025-08-08T13:35:00Z,2025-08-08T13:54:00Z,2025-08-08,J06,J06_TPC,J06_TPC_O2.csv,DARK,RUN4,0,3,6,30,1,466,15.5880644,Ahya
2025-08-08T13:35:00Z,2025-08-08T13:54:00Z,2025-08-08,A06,A06_TPC,A06_TPC_O2.csv,DARK,RUN4,0,4,6,30,1,464,17.41606213,Pcyl
2025-08-08T13:35:00Z,2025-08-08T13:54:00Z,2025-08-08,H06,H06_TPC,H06_TPC_O2.csv,DARK,RUN4,0,5,6,30,1,465,24.44093297,Maeq
2025-08-08T13:35:00Z,2025-08-08T13:54:00Z,2025-08-08,BLANK1_Run4,BLANK1_Run4_TPC,BLANK1_Run4_TPC_O2.csv,DARK,RUN4,1,6,6,30,NA,475,NA,BLANK
2025-08-08T13:35:00Z,2025-08-08T13:54:00Z,2025-08-08,C06,C06_TPC,C06_TPC_O2.csv,DARK,RUN4,0,7,6,30,1,456,18.47840636,Fcom
2025-08-08T13:35:00Z,2025-08-08T13:54:00Z,2025-08-08,G06,G06_TPC,G06_TPC_O2.csv,DARK,RUN4,0,8,6,30,1,462,22.13759203,Elam
2025-08-08T13:35:00Z,2025-08-08T13:54:00Z,2025-08-08,E06,E06_TPC,E06_TPC_O2.csv,DARK,RUN4,0,9,6,30,1,455,44.66694621,Peyd
2025-08-08T13:35:00Z,2025-08-08T13:54:00Z,2025-08-08,D06,D06_TPC,D06_TPC_O2.csv,DARK,RUN4,0,10,6,30,1,462,16.312245,Prus
2025-08-08T13:35:00Z,2025-08-08T13:54:00Z,2025-08-08,F06,F06_TPC,F06_TPC_O2.csv,DARK,RUN4,0,11,6,30,1,465,20.08308848,Prug
2025-08-08T13:35:00Z,2025-08-08T13:54:00Z,2025-08-08,B06,B06_TPC,B06_TPC_O2.csv,DARK,RUN4,0,12,6,30,1,466,13.28791369,Mvie
2025-08-08T14:10:00Z,2025-08-08T14:29:00Z,2025-08-08,I06,I06_TPC,I06_TPC_O2.csv,LIGHT,RUN4,0,1,7,31,1,464,22.32262496,Tfro
2025-08-08T14:10:00Z,2025-08-08T14:29:00Z,2025-08-08,BLANK2_Run4,BLANK2_Run4_TPC,BLANK2_Run4_TPC_O2.csv,LIGHT,RUN4,1,2,7,31,NA,475,NA,BLANK
2025-08-08T14:10:00Z,2025-08-08T14:29:00Z,2025-08-08,J06,J06_TPC,J06_TPC_O2.csv,LIGHT,RUN4,0,3,7,31,1,466,15.5880644,Ahya
2025-08-08T14:10:00Z,2025-08-08T14:29:00Z,2025-08-08,A06,A06_TPC,A06_TPC_O2.csv,LIGHT,RUN4,0,4,7,31,1,464,17.41606213,Pcyl
2025-08-08T14:10:00Z,2025-08-08T14:29:00Z,2025-08-08,H06,H06_TPC,H06_TPC_O2.csv,LIGHT,RUN4,0,5,7,31,1,465,24.44093297,Maeq
2025-08-08T14:10:00Z,2025-08-08T14:29:00Z,2025-08-08,BLANK1_Run4,BLANK1_Run4_TPC,BLANK1_Run4_TPC_O2.csv,LIGHT,RUN4,1,6,7,31,NA,475,NA,BLANK
2025-08-08T14:10:00Z,2025-08-08T14:29:00Z,2025-08-08,C06,C06_TPC,C06_TPC_O2.csv,LIGHT,RUN4,0,7,7,31,1,456,18.47840636,Fcom
2025-08-08T14:10:00Z,2025-08-08T14:29:00Z,2025-08-08,G06,G06_TPC,G06_TPC_O2.csv,LIGHT,RUN4,0,8,7,31,1,462,22.13759203,Elam
2025-08-08T14:10:00Z,2025-08-08T14:29:00Z,2025-08-08,E06,E06_TPC,E06_TPC_O2.csv,LIGHT,RUN4,0,9,7,31,1,455,44.66694621,Peyd
2025-08-08T14:10:00Z,2025-08-08T14:29:00Z,2025-08-08,D06,D06_TPC,D06_TPC_O2.csv,LIGHT,RUN4,0,10,7,31,1,462,16.312245,Prus
2025-08-08T14:10:00Z,2025-08-08T14:29:00Z,2025-08-08,F06,F06_TPC,F06_TPC_O2.csv,LIGHT,RUN4,0,11,7,31,1,465,20.08308848,Prug
2025-08-08T14:10:00Z,2025-08-08T14:29:00Z,2025-08-08,B06,B06_TPC,B06_TPC_O2.csv,LIGHT,RUN4,0,12,7,31,1,466,13.28791369,Mvie
2025-08-08T14:31:00Z,2025-08-08T14:50:00Z,2025-08-08,I06,I06_TPC,I06_TPC_O2.csv,DARK,RUN4,0,1,7,31,1,464,22.32262496,Tfro
2025-08-08T14:31:00Z,2025-08-08T14:50:00Z,2025-08-08,BLANK2_Run4,BLANK2_Run4_TPC,BLANK2_Run4_TPC_O2.csv,DARK,RUN4,1,2,7,31,NA,475,NA,BLANK
2025-08-08T14:31:00Z,2025-08-08T14:50:00Z,2025-08-08,J06,J06_TPC,J06_TPC_O2.csv,DARK,RUN4,0,3,7,31,1,466,15.5880644,Ahya
2025-08-08T14:31:00Z,2025-08-08T14:50:00Z,2025-08-08,A06,A06_TPC,A06_TPC_O2.csv,DARK,RUN4,0,4,7,31,1,464,17.41606213,Pcyl
2025-08-08T14:31:00Z,2025-08-08T14:50:00Z,2025-08-08,H06,H06_TPC,H06_TPC_O2.csv,DARK,RUN4,0,5,7,31,1,465,24.44093297,Maeq
2025-08-08T14:31:00Z,2025-08-08T14:50:00Z,2025-08-08,BLANK1_Run4,BLANK1_Run4_TPC,BLANK1_Run4_TPC_O2.csv,DARK,RUN4,1,6,7,31,NA,475,NA,BLANK
2025-08-08T14:31:00Z,2025-08-08T14:50:00Z,2025-08-08,C06,C06_TPC,C06_TPC_O2.csv,DARK,RUN4,0,7,7,31,1,456,18.47840636,Fcom
2025-08-08T14:31:00Z,2025-08-08T14:50:00Z,2025-08-08,G06,G06_TPC,G06_TPC_O2.csv,DARK,RUN4,0,8,7,31,1,462,22.13759203,Elam
2025-08-08T14:31:00Z,2025-08-08T14:50:00Z,2025-08-08,E06,E06_TPC,E06_TPC_O2.csv,DARK,RUN4,0,9,7,31,1,455,44.66694621,Peyd
2025-08-08T14:31:00Z,2025-08-08T14:50:00Z,2025-08-08,D06,D06_TPC,D06_TPC_O2.csv,DARK,RUN4,0,10,7,31,1,462,16.312245,Prus
2025-08-08T14:31:00Z,2025-08-08T14:50:00Z,2025-08-08,F06,F06_TPC,F06_TPC_O2.csv,DARK,RUN4,0,11,7,31,1,465,20.08308848,Prug
2025-08-08T14:31:00Z,2025-08-08T14:50:00Z,2025-08-08,B06,B06_TPC,B06_TPC_O2.csv,DARK,RUN4,0,12,7,31,1,466,13.28791369,Mvie
2025-08-08T15:05:00Z,2025-08-08T15:24:00Z,2025-08-08,I06,I06_TPC,I06_TPC_O2.csv,LIGHT,RUN4,0,1,8,32,1,464,22.32262496,Tfro
2025-08-08T15:05:00Z,2025-08-08T15:24:00Z,2025-08-08,BLANK2_Run4,BLANK2_Run4_TPC,BLANK2_Run4_TPC_O2.csv,LIGHT,RUN4,1,2,8,32,NA,475,NA,BLANK
2025-08-08T15:05:00Z,2025-08-08T15:24:00Z,2025-08-08,J06,J06_TPC,J06_TPC_O2.csv,LIGHT,RUN4,0,3,8,32,1,466,15.5880644,Ahya
2025-08-08T15:05:00Z,2025-08-08T15:24:00Z,2025-08-08,A06,A06_TPC,A06_TPC_O2.csv,LIGHT,RUN4,0,4,8,32,1,464,17.41606213,Pcyl
2025-08-08T15:05:00Z,2025-08-08T15:24:00Z,2025-08-08,H06,H06_TPC,H06_TPC_O2.csv,LIGHT,RUN4,0,5,8,32,1,465,24.44093297,Maeq
2025-08-08T15:05:00Z,2025-08-08T15:24:00Z,2025-08-08,BLANK1_Run4,BLANK1_Run4_TPC,BLANK1_Run4_TPC_O2.csv,LIGHT,RUN4,1,6,8,32,NA,475,NA,BLANK
2025-08-08T15:05:00Z,2025-08-08T15:24:00Z,2025-08-08,C06,C06_TPC,C06_TPC_O2.csv,LIGHT,RUN4,0,7,8,32,1,456,18.47840636,Fcom
2025-08-08T15:05:00Z,2025-08-08T15:24:00Z,2025-08-08,G06,G06_TPC,G06_TPC_O2.csv,LIGHT,RUN4,0,8,8,32,1,462,22.13759203,Elam
2025-08-08T15:05:00Z,2025-08-08T15:24:00Z,2025-08-08,E06,E06_TPC,E06_TPC_O2.csv,LIGHT,RUN4,0,9,8,32,1,455,44.66694621,Peyd
2025-08-08T15:05:00Z,2025-08-08T15:24:00Z,2025-08-08,D06,D06_TPC,D06_TPC_O2.csv,LIGHT,RUN4,0,10,8,32,1,462,16.312245,Prus
2025-08-08T15:05:00Z,2025-08-08T15:24:00Z,2025-08-08,F06,F06_TPC,F06_TPC_O2.csv,LIGHT,RUN4,0,11,8,32,1,465,20.08308848,Prug
2025-08-08T15:05:00Z,2025-08-08T15:24:00Z,2025-08-08,B06,B06_TPC,B06_TPC_O2.csv,LIGHT,RUN4,0,12,8,32,1,466,13.28791369,Mvie
2025-08-08T15:26:00Z,2025-08-08T15:45:00Z,2025-08-08,I06,I06_TPC,I06_TPC_O2.csv,DARK,RUN4,0,1,8,32,1,464,22.32262496,Tfro
2025-08-08T15:26:00Z,2025-08-08T15:45:00Z,2025-08-08,BLANK2_Run4,BLANK2_Run4_TPC,BLANK2_Run4_TPC_O2.csv,DARK,RUN4,1,2,8,32,NA,475,NA,BLANK
2025-08-08T15:26:00Z,2025-08-08T15:45:00Z,2025-08-08,J06,J06_TPC,J06_TPC_O2.csv,DARK,RUN4,0,3,8,32,1,466,15.5880644,Ahya
2025-08-08T15:26:00Z,2025-08-08T15:45:00Z,2025-08-08,A06,A06_TPC,A06_TPC_O2.csv,DARK,RUN4,0,4,8,32,1,464,17.41606213,Pcyl
2025-08-08T15:26:00Z,2025-08-08T15:45:00Z,2025-08-08,H06,H06_TPC,H06_TPC_O2.csv,DARK,RUN4,0,5,8,32,1,465,24.44093297,Maeq
2025-08-08T15:26:00Z,2025-08-08T15:45:00Z,2025-08-08,BLANK1_Run4,BLANK1_Run4_TPC,BLANK1_Run4_TPC_O2.csv,DARK,RUN4,1,6,8,32,NA,475,NA,BLANK
2025-08-08T15:26:00Z,2025-08-08T15:45:00Z,2025-08-08,C06,C06_TPC,C06_TPC_O2.csv,DARK,RUN4,0,7,8,32,1,456,18.47840636,Fcom
2025-08-08T15:26:00Z,2025-08-08T15:45:00Z,2025-08-08,G06,G06_TPC,G06_TPC_O2.csv,DARK,RUN4,0,8,8,32,1,462,22.13759203,Elam
2025-08-08T15:26:00Z,2025-08-08T15:45:00Z,2025-08-08,E06,E06_TPC,E06_TPC_O2.csv,DARK,RUN4,0,9,8,32,1,455,44.66694621,Peyd
2025-08-08T15:26:00Z,2025-08-08T15:45:00Z,2025-08-08,D06,D06_TPC,D06_TPC_O2.csv,DARK,RUN4,0,10,8,32,1,462,16.312245,Prus
2025-08-08T15:26:00Z,2025-08-08T15:45:00Z,2025-08-08,F06,F06_TPC,F06_TPC_O2.csv,DARK,RUN4,0,11,8,32,1,465,20.08308848,Prug
2025-08-08T15:26:00Z,2025-08-08T15:45:00Z,2025-08-08,B06,B06_TPC,B06_TPC_O2.csv,DARK,RUN4,0,12,8,32,1,466,13.28791369,Mvie
2025-08-08T16:07:00Z,2025-08-08T16:26:00Z,2025-08-08,I06,I06_TPC,I06_TPC_O2.csv,LIGHT,RUN4,0,1,9,34,1,464,22.32262496,Tfro
2025-08-08T16:07:00Z,2025-08-08T16:26:00Z,2025-08-08,BLANK2_Run4,BLANK2_Run4_TPC,BLANK2_Run4_TPC_O2.csv,LIGHT,RUN4,1,2,9,34,NA,475,NA,BLANK
2025-08-08T16:07:00Z,2025-08-08T16:26:00Z,2025-08-08,J06,J06_TPC,J06_TPC_O2.csv,LIGHT,RUN4,0,3,9,34,1,466,15.5880644,Ahya
2025-08-08T16:07:00Z,2025-08-08T16:26:00Z,2025-08-08,A06,A06_TPC,A06_TPC_O2.csv,LIGHT,RUN4,0,4,9,34,1,464,17.41606213,Pcyl
2025-08-08T16:07:00Z,2025-08-08T16:26:00Z,2025-08-08,H06,H06_TPC,H06_TPC_O2.csv,LIGHT,RUN4,0,5,9,34,1,465,24.44093297,Maeq
2025-08-08T16:07:00Z,2025-08-08T16:26:00Z,2025-08-08,BLANK1_Run4,BLANK1_Run4_TPC,BLANK1_Run4_TPC_O2.csv,LIGHT,RUN4,1,6,9,34,NA,475,NA,BLANK
2025-08-08T16:07:00Z,2025-08-08T16:26:00Z,2025-08-08,C06,C06_TPC,C06_TPC_O2.csv,LIGHT,RUN4,0,7,9,34,1,456,18.47840636,Fcom
2025-08-08T16:07:00Z,2025-08-08T16:26:00Z,2025-08-08,G06,G06_TPC,G06_TPC_O2.csv,LIGHT,RUN4,0,8,9,34,1,462,22.13759203,Elam
2025-08-08T16:07:00Z,2025-08-08T16:26:00Z,2025-08-08,E06,E06_TPC,E06_TPC_O2.csv,LIGHT,RUN4,0,9,9,34,1,455,44.66694621,Peyd
2025-08-08T16:07:00Z,2025-08-08T16:26:00Z,2025-08-08,D06,D06_TPC,D06_TPC_O2.csv,LIGHT,RUN4,0,10,9,34,1,462,16.312245,Prus
2025-08-08T16:07:00Z,2025-08-08T16:26:00Z,2025-08-08,F06,F06_TPC,F06_TPC_O2.csv,LIGHT,RUN4,0,11,9,34,1,465,20.08308848,Prug
2025-08-08T16:07:00Z,2025-08-08T16:26:00Z,2025-08-08,B06,B06_TPC,B06_TPC_O2.csv,LIGHT,RUN4,0,12,9,34,1,466,13.28791369,Mvie
2025-08-08T16:28:00Z,2025-08-08T16:47:00Z,2025-08-08,I06,I06_TPC,I06_TPC_O2.csv,DARK,RUN4,0,1,9,34,1,464,22.32262496,Tfro
2025-08-08T16:28:00Z,2025-08-08T16:47:00Z,2025-08-08,BLANK2_Run4,BLANK2_Run4_TPC,BLANK2_Run4_TPC_O2.csv,DARK,RUN4,1,2,9,34,NA,475,NA,BLANK
2025-08-08T16:28:00Z,2025-08-08T16:47:00Z,2025-08-08,J06,J06_TPC,J06_TPC_O2.csv,DARK,RUN4,0,3,9,34,1,466,15.5880644,Ahya
2025-08-08T16:28:00Z,2025-08-08T16:47:00Z,2025-08-08,A06,A06_TPC,A06_TPC_O2.csv,DARK,RUN4,0,4,9,34,1,464,17.41606213,Pcyl
2025-08-08T16:28:00Z,2025-08-08T16:47:00Z,2025-08-08,H06,H06_TPC,H06_TPC_O2.csv,DARK,RUN4,0,5,9,34,1,465,24.44093297,Maeq
2025-08-08T16:28:00Z,2025-08-08T16:47:00Z,2025-08-08,BLANK1_Run4,BLANK1_Run4_TPC,BLANK1_Run4_TPC_O2.csv,DARK,RUN4,1,6,9,34,NA,475,NA,BLANK
2025-08-08T16:28:00Z,2025-08-08T16:47:00Z,2025-08-08,C06,C06_TPC,C06_TPC_O2.csv,DARK,RUN4,0,7,9,34,1,456,18.47840636,Fcom
2025-08-08T16:28:00Z,2025-08-08T16:47:00Z,2025-08-08,G06,G06_TPC,G06_TPC_O2.csv,DARK,RUN4,0,8,9,34,1,462,22.13759203,Elam
2025-08-08T16:28:00Z,2025-08-08T16:47:00Z,2025-08-08,E06,E06_TPC,E06_TPC_O2.csv,DARK,RUN4,0,9,9,34,1,455,44.66694621,Peyd
2025-08-08T16:28:00Z,2025-08-08T16:47:00Z,2025-08-08,D06,D06_TPC,D06_TPC_O2.csv,DARK,RUN4,0,10,9,34,1,462,16.312245,Prus
2025-08-08T16:28:00Z,2025-08-08T16:47:00Z,2025-08-08,F06,F06_TPC,F06_TPC_O2.csv,DARK,RUN4,0,11,9,34,1,465,20.08308848,Prug
2025-08-08T16:28:00Z,2025-08-08T16:47:00Z,2025-08-08,B06,B06_TPC,B06_TPC_O2.csv,DARK,RUN4,0,12,9,34,1,466,13.28791369,Mvie
2025-08-09T07:50:00Z,2025-08-09T08:10:00Z,2025-08-09,B07,B07_TPC,B07_TPC_O2.csv,LIGHT,RUN5,0,1,1,24.5,1,468,13.30067458,Mvie
2025-08-09T07:50:00Z,2025-08-09T08:10:00Z,2025-08-09,A07,A07_TPC,A07_TPC_O2.csv,LIGHT,RUN5,0,2,1,24.5,1,462,13.81749069,Pcyl
2025-08-09T07:50:00Z,2025-08-09T08:10:00Z,2025-08-09,E07,E07_TPC,E07_TPC_O2.csv,LIGHT,RUN5,0,3,1,24.5,1,462,18.03177515,Peyd
2025-08-09T07:50:00Z,2025-08-09T08:10:00Z,2025-08-09,J07,J07_TPC,J07_TPC_O2.csv,LIGHT,RUN5,0,4,1,24.5,1,465,16.49727793,Ahya
2025-08-09T07:50:00Z,2025-08-09T08:10:00Z,2025-08-09,C07,C07_TPC,C07_TPC_O2.csv,LIGHT,RUN5,0,5,1,24.5,1,463,12.85404337,Fcom
2025-08-09T07:50:00Z,2025-08-09T08:10:00Z,2025-08-09,F07,F07_TPC,F07_TPC_O2.csv,LIGHT,RUN5,0,6,1,24.5,1,444,25.48732609,Prug
2025-08-09T07:50:00Z,2025-08-09T08:10:00Z,2025-08-09,BLANK2_Run5,BLANK2_Run5_TPC,BLANK2_Run5_TPC_O2.csv,LIGHT,RUN5,1,7,1,24.5,NA,475,NA,BLANK
2025-08-09T07:50:00Z,2025-08-09T08:10:00Z,2025-08-09,D07,D07_TPC,D07_TPC_O2.csv,LIGHT,RUN5,0,8,1,24.5,1,465,13.26877235,Prus
2025-08-09T07:50:00Z,2025-08-09T08:10:00Z,2025-08-09,I07,I07_TPC,I07_TPC_O2.csv,LIGHT,RUN5,0,9,1,24.5,1,466,10.84739316,Tfro
2025-08-09T07:50:00Z,2025-08-09T08:10:00Z,2025-08-09,G07,G07_TPC,G07_TPC_O2.csv,LIGHT,RUN5,0,10,1,24.5,1,462,20.22026807,Elam
2025-08-09T07:50:00Z,2025-08-09T08:10:00Z,2025-08-09,H07,H07_TPC,H07_TPC_O2.csv,LIGHT,RUN5,0,11,1,24.5,1,468,19.99695246,Maeq
2025-08-09T07:50:00Z,2025-08-09T08:10:00Z,2025-08-09,BLANK1_Run5,BLANK1_Run5_TPC,BLANK1_Run5_TPC_O2.csv,LIGHT,RUN5,1,12,1,24.5,NA,475,NA,BLANK
2025-08-09T08:12:00Z,2025-08-09T08:31:00Z,2025-08-09,B07,B07_TPC,B07_TPC_O2.csv,DARK,RUN5,0,1,1,24.5,1,468,13.30067458,Mvie
2025-08-09T08:12:00Z,2025-08-09T08:31:00Z,2025-08-09,A07,A07_TPC,A07_TPC_O2.csv,DARK,RUN5,0,2,1,24.5,1,462,13.81749069,Pcyl
2025-08-09T08:12:00Z,2025-08-09T08:31:00Z,2025-08-09,E07,E07_TPC,E07_TPC_O2.csv,DARK,RUN5,0,3,1,24.5,1,462,18.03177515,Peyd
2025-08-09T08:12:00Z,2025-08-09T08:31:00Z,2025-08-09,J07,J07_TPC,J07_TPC_O2.csv,DARK,RUN5,0,4,1,24.5,1,465,16.49727793,Ahya
2025-08-09T08:12:00Z,2025-08-09T08:31:00Z,2025-08-09,C07,C07_TPC,C07_TPC_O2.csv,DARK,RUN5,0,5,1,24.5,1,463,12.85404337,Fcom
2025-08-09T08:12:00Z,2025-08-09T08:31:00Z,2025-08-09,F07,F07_TPC,F07_TPC_O2.csv,DARK,RUN5,0,6,1,24.5,1,444,25.48732609,Prug
2025-08-09T08:12:00Z,2025-08-09T08:31:00Z,2025-08-09,BLANK2_Run5,BLANK2_Run5_TPC,BLANK2_Run5_TPC_O2.csv,DARK,RUN5,1,7,1,24.5,NA,475,NA,BLANK
2025-08-09T08:12:00Z,2025-08-09T08:31:00Z,2025-08-09,D07,D07_TPC,D07_TPC_O2.csv,DARK,RUN5,0,8,1,24.5,1,465,13.26877235,Prus
2025-08-09T08:12:00Z,2025-08-09T08:31:00Z,2025-08-09,I07,I07_TPC,I07_TPC_O2.csv,DARK,RUN5,0,9,1,24.5,1,466,10.84739316,Tfro
2025-08-09T08:12:00Z,2025-08-09T08:31:00Z,2025-08-09,G07,G07_TPC,G07_TPC_O2.csv,DARK,RUN5,0,10,1,24.5,1,462,20.22026807,Elam
2025-08-09T08:12:00Z,2025-08-09T08:31:00Z,2025-08-09,H07,H07_TPC,H07_TPC_O2.csv,DARK,RUN5,0,11,1,24.5,1,468,19.99695246,Maeq
2025-08-09T08:12:00Z,2025-08-09T08:31:00Z,2025-08-09,BLANK1_Run5,BLANK1_Run5_TPC,BLANK1_Run5_TPC_O2.csv,DARK,RUN5,1,12,1,24.5,NA,475,NA,BLANK
2025-08-09T08:46:00Z,2025-08-09T09:06:00Z,2025-08-09,B07,B07_TPC,B07_TPC_O2.csv,LIGHT,RUN5,0,1,2,26,1,468,13.30067458,Mvie
2025-08-09T08:46:00Z,2025-08-09T09:06:00Z,2025-08-09,A07,A07_TPC,A07_TPC_O2.csv,LIGHT,RUN5,0,2,2,26,1,462,13.81749069,Pcyl
2025-08-09T08:46:00Z,2025-08-09T09:06:00Z,2025-08-09,E07,E07_TPC,E07_TPC_O2.csv,LIGHT,RUN5,0,3,2,26,1,462,18.03177515,Peyd
2025-08-09T08:46:00Z,2025-08-09T09:06:00Z,2025-08-09,J07,J07_TPC,J07_TPC_O2.csv,LIGHT,RUN5,0,4,2,26,1,465,16.49727793,Ahya
2025-08-09T08:46:00Z,2025-08-09T09:06:00Z,2025-08-09,C07,C07_TPC,C07_TPC_O2.csv,LIGHT,RUN5,0,5,2,26,1,463,12.85404337,Fcom
2025-08-09T08:46:00Z,2025-08-09T09:06:00Z,2025-08-09,F07,F07_TPC,F07_TPC_O2.csv,LIGHT,RUN5,0,6,2,26,1,444,25.48732609,Prug
2025-08-09T08:46:00Z,2025-08-09T09:06:00Z,2025-08-09,BLANK2_Run5,BLANK2_Run5_TPC,BLANK2_Run5_TPC_O2.csv,LIGHT,RUN5,1,7,2,26,NA,475,NA,BLANK
2025-08-09T08:46:00Z,2025-08-09T09:06:00Z,2025-08-09,D07,D07_TPC,D07_TPC_O2.csv,LIGHT,RUN5,0,8,2,26,1,465,13.26877235,Prus
2025-08-09T08:46:00Z,2025-08-09T09:06:00Z,2025-08-09,I07,I07_TPC,I07_TPC_O2.csv,LIGHT,RUN5,0,9,2,26,1,466,10.84739316,Tfro
2025-08-09T08:46:00Z,2025-08-09T09:06:00Z,2025-08-09,G07,G07_TPC,G07_TPC_O2.csv,LIGHT,RUN5,0,10,2,26,1,462,20.22026807,Elam
2025-08-09T08:46:00Z,2025-08-09T09:06:00Z,2025-08-09,H07,H07_TPC,H07_TPC_O2.csv,LIGHT,RUN5,0,11,2,26,1,468,19.99695246,Maeq
2025-08-09T08:46:00Z,2025-08-09T09:06:00Z,2025-08-09,BLANK1_Run5,BLANK1_Run5_TPC,BLANK1_Run5_TPC_O2.csv,LIGHT,RUN5,1,12,2,26,NA,475,NA,BLANK
2025-08-09T09:08:00Z,2025-08-09T09:28:00Z,2025-08-09,B07,B07_TPC,B07_TPC_O2.csv,DARK,RUN5,0,1,2,26,1,468,13.30067458,Mvie
2025-08-09T09:08:00Z,2025-08-09T09:28:00Z,2025-08-09,A07,A07_TPC,A07_TPC_O2.csv,DARK,RUN5,0,2,2,26,1,462,13.81749069,Pcyl
2025-08-09T09:08:00Z,2025-08-09T09:28:00Z,2025-08-09,E07,E07_TPC,E07_TPC_O2.csv,DARK,RUN5,0,3,2,26,1,462,18.03177515,Peyd
2025-08-09T09:08:00Z,2025-08-09T09:28:00Z,2025-08-09,J07,J07_TPC,J07_TPC_O2.csv,DARK,RUN5,0,4,2,26,1,465,16.49727793,Ahya
2025-08-09T09:08:00Z,2025-08-09T09:28:00Z,2025-08-09,C07,C07_TPC,C07_TPC_O2.csv,DARK,RUN5,0,5,2,26,1,463,12.85404337,Fcom
2025-08-09T09:08:00Z,2025-08-09T09:28:00Z,2025-08-09,F07,F07_TPC,F07_TPC_O2.csv,DARK,RUN5,0,6,2,26,1,444,25.48732609,Prug
2025-08-09T09:08:00Z,2025-08-09T09:28:00Z,2025-08-09,BLANK2_Run5,BLANK2_Run5_TPC,BLANK2_Run5_TPC_O2.csv,DARK,RUN5,1,7,2,26,NA,475,NA,BLANK
2025-08-09T09:08:00Z,2025-08-09T09:28:00Z,2025-08-09,D07,D07_TPC,D07_TPC_O2.csv,DARK,RUN5,0,8,2,26,1,465,13.26877235,Prus
2025-08-09T09:08:00Z,2025-08-09T09:28:00Z,2025-08-09,I07,I07_TPC,I07_TPC_O2.csv,DARK,RUN5,0,9,2,26,1,466,10.84739316,Tfro
2025-08-09T09:08:00Z,2025-08-09T09:28:00Z,2025-08-09,G07,G07_TPC,G07_TPC_O2.csv,DARK,RUN5,0,10,2,26,1,462,20.22026807,Elam
2025-08-09T09:08:00Z,2025-08-09T09:28:00Z,2025-08-09,H07,H07_TPC,H07_TPC_O2.csv,DARK,RUN5,0,11,2,26,1,468,19.99695246,Maeq
2025-08-09T09:08:00Z,2025-08-09T09:28:00Z,2025-08-09,BLANK1_Run5,BLANK1_Run5_TPC,BLANK1_Run5_TPC_O2.csv,DARK,RUN5,1,12,2,26,NA,475,NA,BLANK
2025-08-09T09:41:00Z,2025-08-09T10:00:00Z,2025-08-09,B07,B07_TPC,B07_TPC_O2.csv,LIGHT,RUN5,0,1,3,27,1,468,13.30067458,Mvie
2025-08-09T09:41:00Z,2025-08-09T10:00:00Z,2025-08-09,A07,A07_TPC,A07_TPC_O2.csv,LIGHT,RUN5,0,2,3,27,1,462,13.81749069,Pcyl
2025-08-09T09:41:00Z,2025-08-09T10:00:00Z,2025-08-09,E07,E07_TPC,E07_TPC_O2.csv,LIGHT,RUN5,0,3,3,27,1,462,18.03177515,Peyd
2025-08-09T09:41:00Z,2025-08-09T10:00:00Z,2025-08-09,J07,J07_TPC,J07_TPC_O2.csv,LIGHT,RUN5,0,4,3,27,1,465,16.49727793,Ahya
2025-08-09T09:41:00Z,2025-08-09T10:00:00Z,2025-08-09,C07,C07_TPC,C07_TPC_O2.csv,LIGHT,RUN5,0,5,3,27,1,463,12.85404337,Fcom
2025-08-09T09:41:00Z,2025-08-09T10:00:00Z,2025-08-09,F07,F07_TPC,F07_TPC_O2.csv,LIGHT,RUN5,0,6,3,27,1,444,25.48732609,Prug
2025-08-09T09:41:00Z,2025-08-09T10:00:00Z,2025-08-09,BLANK2_Run5,BLANK2_Run5_TPC,BLANK2_Run5_TPC_O2.csv,LIGHT,RUN5,1,7,3,27,NA,475,NA,BLANK
2025-08-09T09:41:00Z,2025-08-09T10:00:00Z,2025-08-09,D07,D07_TPC,D07_TPC_O2.csv,LIGHT,RUN5,0,8,3,27,1,465,13.26877235,Prus
2025-08-09T09:41:00Z,2025-08-09T10:00:00Z,2025-08-09,I07,I07_TPC,I07_TPC_O2.csv,LIGHT,RUN5,0,9,3,27,1,466,10.84739316,Tfro
2025-08-09T09:41:00Z,2025-08-09T10:00:00Z,2025-08-09,G07,G07_TPC,G07_TPC_O2.csv,LIGHT,RUN5,0,10,3,27,1,462,20.22026807,Elam
2025-08-09T09:41:00Z,2025-08-09T10:00:00Z,2025-08-09,H07,H07_TPC,H07_TPC_O2.csv,LIGHT,RUN5,0,11,3,27,1,468,19.99695246,Maeq
2025-08-09T09:41:00Z,2025-08-09T10:00:00Z,2025-08-09,BLANK1_Run5,BLANK1_Run5_TPC,BLANK1_Run5_TPC_O2.csv,LIGHT,RUN5,1,12,3,27,NA,475,NA,BLANK
2025-08-09T10:03:00Z,2025-08-09T10:23:00Z,2025-08-09,B07,B07_TPC,B07_TPC_O2.csv,DARK,RUN5,0,1,3,27,1,468,13.30067458,Mvie
2025-08-09T10:03:00Z,2025-08-09T10:23:00Z,2025-08-09,A07,A07_TPC,A07_TPC_O2.csv,DARK,RUN5,0,2,3,27,1,462,13.81749069,Pcyl
2025-08-09T10:03:00Z,2025-08-09T10:23:00Z,2025-08-09,E07,E07_TPC,E07_TPC_O2.csv,DARK,RUN5,0,3,3,27,1,462,18.03177515,Peyd
2025-08-09T10:03:00Z,2025-08-09T10:23:00Z,2025-08-09,J07,J07_TPC,J07_TPC_O2.csv,DARK,RUN5,0,4,3,27,1,465,16.49727793,Ahya
2025-08-09T10:03:00Z,2025-08-09T10:23:00Z,2025-08-09,C07,C07_TPC,C07_TPC_O2.csv,DARK,RUN5,0,5,3,27,1,463,12.85404337,Fcom
2025-08-09T10:03:00Z,2025-08-09T10:23:00Z,2025-08-09,F07,F07_TPC,F07_TPC_O2.csv,DARK,RUN5,0,6,3,27,1,444,25.48732609,Prug
2025-08-09T10:03:00Z,2025-08-09T10:23:00Z,2025-08-09,BLANK2_Run5,BLANK2_Run5_TPC,BLANK2_Run5_TPC_O2.csv,DARK,RUN5,1,7,3,27,NA,475,NA,BLANK
2025-08-09T10:03:00Z,2025-08-09T10:23:00Z,2025-08-09,D07,D07_TPC,D07_TPC_O2.csv,DARK,RUN5,0,8,3,27,1,465,13.26877235,Prus
2025-08-09T10:03:00Z,2025-08-09T10:23:00Z,2025-08-09,I07,I07_TPC,I07_TPC_O2.csv,DARK,RUN5,0,9,3,27,1,466,10.84739316,Tfro
2025-08-09T10:03:00Z,2025-08-09T10:23:00Z,2025-08-09,G07,G07_TPC,G07_TPC_O2.csv,DARK,RUN5,0,10,3,27,1,462,20.22026807,Elam
2025-08-09T10:03:00Z,2025-08-09T10:23:00Z,2025-08-09,H07,H07_TPC,H07_TPC_O2.csv,DARK,RUN5,0,11,3,27,1,468,19.99695246,Maeq
2025-08-09T10:03:00Z,2025-08-09T10:23:00Z,2025-08-09,BLANK1_Run5,BLANK1_Run5_TPC,BLANK1_Run5_TPC_O2.csv,DARK,RUN5,1,12,3,27,NA,475,NA,BLANK
2025-08-09T10:39:00Z,2025-08-09T10:58:00Z,2025-08-09,B07,B07_TPC,B07_TPC_O2.csv,LIGHT,RUN5,0,1,4,28,1,468,13.30067458,Mvie
2025-08-09T10:39:00Z,2025-08-09T10:58:00Z,2025-08-09,A07,A07_TPC,A07_TPC_O2.csv,LIGHT,RUN5,0,2,4,28,1,462,13.81749069,Pcyl
2025-08-09T10:39:00Z,2025-08-09T10:58:00Z,2025-08-09,E07,E07_TPC,E07_TPC_O2.csv,LIGHT,RUN5,0,3,4,28,1,462,18.03177515,Peyd
2025-08-09T10:39:00Z,2025-08-09T10:58:00Z,2025-08-09,J07,J07_TPC,J07_TPC_O2.csv,LIGHT,RUN5,0,4,4,28,1,465,16.49727793,Ahya
2025-08-09T10:39:00Z,2025-08-09T10:58:00Z,2025-08-09,C07,C07_TPC,C07_TPC_O2.csv,LIGHT,RUN5,0,5,4,28,1,463,12.85404337,Fcom
2025-08-09T10:39:00Z,2025-08-09T10:58:00Z,2025-08-09,F07,F07_TPC,F07_TPC_O2.csv,LIGHT,RUN5,0,6,4,28,1,444,25.48732609,Prug
2025-08-09T10:39:00Z,2025-08-09T10:58:00Z,2025-08-09,BLANK2_Run5,BLANK2_Run5_TPC,BLANK2_Run5_TPC_O2.csv,LIGHT,RUN5,1,7,4,28,NA,475,NA,BLANK
2025-08-09T10:39:00Z,2025-08-09T10:58:00Z,2025-08-09,D07,D07_TPC,D07_TPC_O2.csv,LIGHT,RUN5,0,8,4,28,1,465,13.26877235,Prus
2025-08-09T10:39:00Z,2025-08-09T10:58:00Z,2025-08-09,I07,I07_TPC,I07_TPC_O2.csv,LIGHT,RUN5,0,9,4,28,1,466,10.84739316,Tfro
2025-08-09T10:39:00Z,2025-08-09T10:58:00Z,2025-08-09,G07,G07_TPC,G07_TPC_O2.csv,LIGHT,RUN5,0,10,4,28,1,462,20.22026807,Elam
2025-08-09T10:39:00Z,2025-08-09T10:58:00Z,2025-08-09,H07,H07_TPC,H07_TPC_O2.csv,LIGHT,RUN5,0,11,4,28,1,468,19.99695246,Maeq
2025-08-09T10:39:00Z,2025-08-09T10:58:00Z,2025-08-09,BLANK1_Run5,BLANK1_Run5_TPC,BLANK1_Run5_TPC_O2.csv,LIGHT,RUN5,1,12,4,28,NA,475,NA,BLANK
2025-08-09T11:00:00Z,2025-08-09T11:20:00Z,2025-08-09,B07,B07_TPC,B07_TPC_O2.csv,DARK,RUN5,0,1,4,28,1,468,13.30067458,Mvie
2025-08-09T11:00:00Z,2025-08-09T11:20:00Z,2025-08-09,A07,A07_TPC,A07_TPC_O2.csv,DARK,RUN5,0,2,4,28,1,462,13.81749069,Pcyl
2025-08-09T11:00:00Z,2025-08-09T11:20:00Z,2025-08-09,E07,E07_TPC,E07_TPC_O2.csv,DARK,RUN5,0,3,4,28,1,462,18.03177515,Peyd
2025-08-09T11:00:00Z,2025-08-09T11:20:00Z,2025-08-09,J07,J07_TPC,J07_TPC_O2.csv,DARK,RUN5,0,4,4,28,1,465,16.49727793,Ahya
2025-08-09T11:00:00Z,2025-08-09T11:20:00Z,2025-08-09,C07,C07_TPC,C07_TPC_O2.csv,DARK,RUN5,0,5,4,28,1,463,12.85404337,Fcom
2025-08-09T11:00:00Z,2025-08-09T11:20:00Z,2025-08-09,F07,F07_TPC,F07_TPC_O2.csv,DARK,RUN5,0,6,4,28,1,444,25.48732609,Prug
2025-08-09T11:00:00Z,2025-08-09T11:20:00Z,2025-08-09,BLANK2_Run5,BLANK2_Run5_TPC,BLANK2_Run5_TPC_O2.csv,DARK,RUN5,1,7,4,28,NA,475,NA,BLANK
2025-08-09T11:00:00Z,2025-08-09T11:20:00Z,2025-08-09,D07,D07_TPC,D07_TPC_O2.csv,DARK,RUN5,0,8,4,28,1,465,13.26877235,Prus
2025-08-09T11:00:00Z,2025-08-09T11:20:00Z,2025-08-09,I07,I07_TPC,I07_TPC_O2.csv,DARK,RUN5,0,9,4,28,1,466,10.84739316,Tfro
2025-08-09T11:00:00Z,2025-08-09T11:20:00Z,2025-08-09,G07,G07_TPC,G07_TPC_O2.csv,DARK,RUN5,0,10,4,28,1,462,20.22026807,Elam
2025-08-09T11:00:00Z,2025-08-09T11:20:00Z,2025-08-09,H07,H07_TPC,H07_TPC_O2.csv,DARK,RUN5,0,11,4,28,1,468,19.99695246,Maeq
2025-08-09T11:00:00Z,2025-08-09T11:20:00Z,2025-08-09,BLANK1_Run5,BLANK1_Run5_TPC,BLANK1_Run5_TPC_O2.csv,DARK,RUN5,1,12,4,28,NA,475,NA,BLANK
2025-08-09T11:34:00Z,2025-08-09T11:53:00Z,2025-08-09,B07,B07_TPC,B07_TPC_O2.csv,LIGHT,RUN5,0,1,5,29,1,468,13.30067458,Mvie
2025-08-09T11:34:00Z,2025-08-09T11:53:00Z,2025-08-09,A07,A07_TPC,A07_TPC_O2.csv,LIGHT,RUN5,0,2,5,29,1,462,13.81749069,Pcyl
2025-08-09T11:34:00Z,2025-08-09T11:53:00Z,2025-08-09,E07,E07_TPC,E07_TPC_O2.csv,LIGHT,RUN5,0,3,5,29,1,462,18.03177515,Peyd
2025-08-09T11:34:00Z,2025-08-09T11:53:00Z,2025-08-09,J07,J07_TPC,J07_TPC_O2.csv,LIGHT,RUN5,0,4,5,29,1,465,16.49727793,Ahya
2025-08-09T11:34:00Z,2025-08-09T11:53:00Z,2025-08-09,C07,C07_TPC,C07_TPC_O2.csv,LIGHT,RUN5,0,5,5,29,1,463,12.85404337,Fcom
2025-08-09T11:34:00Z,2025-08-09T11:53:00Z,2025-08-09,F07,F07_TPC,F07_TPC_O2.csv,LIGHT,RUN5,0,6,5,29,1,444,25.48732609,Prug
2025-08-09T11:34:00Z,2025-08-09T11:53:00Z,2025-08-09,BLANK2_Run5,BLANK2_Run5_TPC,BLANK2_Run5_TPC_O2.csv,LIGHT,RUN5,1,7,5,29,NA,475,NA,BLANK
2025-08-09T11:34:00Z,2025-08-09T11:53:00Z,2025-08-09,D07,D07_TPC,D07_TPC_O2.csv,LIGHT,RUN5,0,8,5,29,1,465,13.26877235,Prus
2025-08-09T11:34:00Z,2025-08-09T11:53:00Z,2025-08-09,I07,I07_TPC,I07_TPC_O2.csv,LIGHT,RUN5,0,9,5,29,1,466,10.84739316,Tfro
2025-08-09T11:34:00Z,2025-08-09T11:53:00Z,2025-08-09,G07,G07_TPC,G07_TPC_O2.csv,LIGHT,RUN5,0,10,5,29,1,462,20.22026807,Elam
2025-08-09T11:34:00Z,2025-08-09T11:53:00Z,2025-08-09,H07,H07_TPC,H07_TPC_O2.csv,LIGHT,RUN5,0,11,5,29,1,468,19.99695246,Maeq
2025-08-09T11:34:00Z,2025-08-09T11:53:00Z,2025-08-09,BLANK1_Run5,BLANK1_Run5_TPC,BLANK1_Run5_TPC_O2.csv,LIGHT,RUN5,1,12,5,29,NA,475,NA,BLANK
2025-08-09T11:55:00Z,2025-08-09T12:15:00Z,2025-08-09,B07,B07_TPC,B07_TPC_O2.csv,DARK,RUN5,0,1,5,29,1,468,13.30067458,Mvie
2025-08-09T11:55:00Z,2025-08-09T12:15:00Z,2025-08-09,A07,A07_TPC,A07_TPC_O2.csv,DARK,RUN5,0,2,5,29,1,462,13.81749069,Pcyl
2025-08-09T11:55:00Z,2025-08-09T12:15:00Z,2025-08-09,E07,E07_TPC,E07_TPC_O2.csv,DARK,RUN5,0,3,5,29,1,462,18.03177515,Peyd
2025-08-09T11:55:00Z,2025-08-09T12:15:00Z,2025-08-09,J07,J07_TPC,J07_TPC_O2.csv,DARK,RUN5,0,4,5,29,1,465,16.49727793,Ahya
2025-08-09T11:55:00Z,2025-08-09T12:15:00Z,2025-08-09,C07,C07_TPC,C07_TPC_O2.csv,DARK,RUN5,0,5,5,29,1,463,12.85404337,Fcom
2025-08-09T11:55:00Z,2025-08-09T12:15:00Z,2025-08-09,F07,F07_TPC,F07_TPC_O2.csv,DARK,RUN5,0,6,5,29,1,444,25.48732609,Prug
2025-08-09T11:55:00Z,2025-08-09T12:15:00Z,2025-08-09,BLANK2_Run5,BLANK2_Run5_TPC,BLANK2_Run5_TPC_O2.csv,DARK,RUN5,1,7,5,29,NA,475,NA,BLANK
2025-08-09T11:55:00Z,2025-08-09T12:15:00Z,2025-08-09,D07,D07_TPC,D07_TPC_O2.csv,DARK,RUN5,0,8,5,29,1,465,13.26877235,Prus
2025-08-09T11:55:00Z,2025-08-09T12:15:00Z,2025-08-09,I07,I07_TPC,I07_TPC_O2.csv,DARK,RUN5,0,9,5,29,1,466,10.84739316,Tfro
2025-08-09T11:55:00Z,2025-08-09T12:15:00Z,2025-08-09,G07,G07_TPC,G07_TPC_O2.csv,DARK,RUN5,0,10,5,29,1,462,20.22026807,Elam
2025-08-09T11:55:00Z,2025-08-09T12:15:00Z,2025-08-09,H07,H07_TPC,H07_TPC_O2.csv,DARK,RUN5,0,11,5,29,1,468,19.99695246,Maeq
2025-08-09T11:55:00Z,2025-08-09T12:15:00Z,2025-08-09,BLANK1_Run5,BLANK1_Run5_TPC,BLANK1_Run5_TPC_O2.csv,DARK,RUN5,1,12,5,29,NA,475,NA,BLANK
2025-08-09T12:27:00Z,2025-08-09T12:47:00Z,2025-08-09,B07,B07_TPC,B07_TPC_O2.csv,LIGHT,RUN5,0,1,6,30,1,468,13.30067458,Mvie
2025-08-09T12:27:00Z,2025-08-09T12:47:00Z,2025-08-09,A07,A07_TPC,A07_TPC_O2.csv,LIGHT,RUN5,0,2,6,30,1,462,13.81749069,Pcyl
2025-08-09T12:27:00Z,2025-08-09T12:47:00Z,2025-08-09,E07,E07_TPC,E07_TPC_O2.csv,LIGHT,RUN5,0,3,6,30,1,462,18.03177515,Peyd
2025-08-09T12:27:00Z,2025-08-09T12:47:00Z,2025-08-09,J07,J07_TPC,J07_TPC_O2.csv,LIGHT,RUN5,0,4,6,30,1,465,16.49727793,Ahya
2025-08-09T12:27:00Z,2025-08-09T12:47:00Z,2025-08-09,C07,C07_TPC,C07_TPC_O2.csv,LIGHT,RUN5,0,5,6,30,1,463,12.85404337,Fcom
2025-08-09T12:27:00Z,2025-08-09T12:47:00Z,2025-08-09,F07,F07_TPC,F07_TPC_O2.csv,LIGHT,RUN5,0,6,6,30,1,444,25.48732609,Prug
2025-08-09T12:27:00Z,2025-08-09T12:47:00Z,2025-08-09,BLANK2_Run5,BLANK2_Run5_TPC,BLANK2_Run5_TPC_O2.csv,LIGHT,RUN5,1,7,6,30,NA,475,NA,BLANK
2025-08-09T12:27:00Z,2025-08-09T12:47:00Z,2025-08-09,D07,D07_TPC,D07_TPC_O2.csv,LIGHT,RUN5,0,8,6,30,1,465,13.26877235,Prus
2025-08-09T12:27:00Z,2025-08-09T12:47:00Z,2025-08-09,I07,I07_TPC,I07_TPC_O2.csv,LIGHT,RUN5,0,9,6,30,1,466,10.84739316,Tfro
2025-08-09T12:27:00Z,2025-08-09T12:47:00Z,2025-08-09,G07,G07_TPC,G07_TPC_O2.csv,LIGHT,RUN5,0,10,6,30,1,462,20.22026807,Elam
2025-08-09T12:27:00Z,2025-08-09T12:47:00Z,2025-08-09,H07,H07_TPC,H07_TPC_O2.csv,LIGHT,RUN5,0,11,6,30,1,468,19.99695246,Maeq
2025-08-09T12:27:00Z,2025-08-09T12:47:00Z,2025-08-09,BLANK1_Run5,BLANK1_Run5_TPC,BLANK1_Run5_TPC_O2.csv,LIGHT,RUN5,1,12,6,30,NA,475,NA,BLANK
2025-08-09T12:49:00Z,2025-08-09T13:08:00Z,2025-08-09,B07,B07_TPC,B07_TPC_O2.csv,DARK,RUN5,0,1,6,30,1,468,13.30067458,Mvie
2025-08-09T12:49:00Z,2025-08-09T13:08:00Z,2025-08-09,A07,A07_TPC,A07_TPC_O2.csv,DARK,RUN5,0,2,6,30,1,462,13.81749069,Pcyl
2025-08-09T12:49:00Z,2025-08-09T13:08:00Z,2025-08-09,E07,E07_TPC,E07_TPC_O2.csv,DARK,RUN5,0,3,6,30,1,462,18.03177515,Peyd
2025-08-09T12:49:00Z,2025-08-09T13:08:00Z,2025-08-09,J07,J07_TPC,J07_TPC_O2.csv,DARK,RUN5,0,4,6,30,1,465,16.49727793,Ahya
2025-08-09T12:49:00Z,2025-08-09T13:08:00Z,2025-08-09,C07,C07_TPC,C07_TPC_O2.csv,DARK,RUN5,0,5,6,30,1,463,12.85404337,Fcom
2025-08-09T12:49:00Z,2025-08-09T13:08:00Z,2025-08-09,F07,F07_TPC,F07_TPC_O2.csv,DARK,RUN5,0,6,6,30,1,444,25.48732609,Prug
2025-08-09T12:49:00Z,2025-08-09T13:08:00Z,2025-08-09,BLANK2_Run5,BLANK2_Run5_TPC,BLANK2_Run5_TPC_O2.csv,DARK,RUN5,1,7,6,30,NA,475,NA,BLANK
2025-08-09T12:49:00Z,2025-08-09T13:08:00Z,2025-08-09,D07,D07_TPC,D07_TPC_O2.csv,DARK,RUN5,0,8,6,30,1,465,13.26877235,Prus
2025-08-09T12:49:00Z,2025-08-09T13:08:00Z,2025-08-09,I07,I07_TPC,I07_TPC_O2.csv,DARK,RUN5,0,9,6,30,1,466,10.84739316,Tfro
2025-08-09T12:49:00Z,2025-08-09T13:08:00Z,2025-08-09,G07,G07_TPC,G07_TPC_O2.csv,DARK,RUN5,0,10,6,30,1,462,20.22026807,Elam
2025-08-09T12:49:00Z,2025-08-09T13:08:00Z,2025-08-09,H07,H07_TPC,H07_TPC_O2.csv,DARK,RUN5,0,11,6,30,1,468,19.99695246,Maeq
2025-08-09T12:49:00Z,2025-08-09T13:08:00Z,2025-08-09,BLANK1_Run5,BLANK1_Run5_TPC,BLANK1_Run5_TPC_O2.csv,DARK,RUN5,1,12,6,30,NA,475,NA,BLANK
2025-08-09T13:23:00Z,2025-08-09T13:42:00Z,2025-08-09,B07,B07_TPC,B07_TPC_O2.csv,LIGHT,RUN5,0,1,7,31,1,468,13.30067458,Mvie
2025-08-09T13:23:00Z,2025-08-09T13:42:00Z,2025-08-09,A07,A07_TPC,A07_TPC_O2.csv,LIGHT,RUN5,0,2,7,31,1,462,13.81749069,Pcyl
2025-08-09T13:23:00Z,2025-08-09T13:42:00Z,2025-08-09,E07,E07_TPC,E07_TPC_O2.csv,LIGHT,RUN5,0,3,7,31,1,462,18.03177515,Peyd
2025-08-09T13:23:00Z,2025-08-09T13:42:00Z,2025-08-09,J07,J07_TPC,J07_TPC_O2.csv,LIGHT,RUN5,0,4,7,31,1,465,16.49727793,Ahya
2025-08-09T13:23:00Z,2025-08-09T13:42:00Z,2025-08-09,C07,C07_TPC,C07_TPC_O2.csv,LIGHT,RUN5,0,5,7,31,1,463,12.85404337,Fcom
2025-08-09T13:23:00Z,2025-08-09T13:42:00Z,2025-08-09,F07,F07_TPC,F07_TPC_O2.csv,LIGHT,RUN5,0,6,7,31,1,444,25.48732609,Prug
2025-08-09T13:23:00Z,2025-08-09T13:42:00Z,2025-08-09,BLANK2_Run5,BLANK2_Run5_TPC,BLANK2_Run5_TPC_O2.csv,LIGHT,RUN5,1,7,7,31,NA,475,NA,BLANK
2025-08-09T13:23:00Z,2025-08-09T13:42:00Z,2025-08-09,D07,D07_TPC,D07_TPC_O2.csv,LIGHT,RUN5,0,8,7,31,1,465,13.26877235,Prus
2025-08-09T13:23:00Z,2025-08-09T13:42:00Z,2025-08-09,I07,I07_TPC,I07_TPC_O2.csv,LIGHT,RUN5,0,9,7,31,1,466,10.84739316,Tfro
2025-08-09T13:23:00Z,2025-08-09T13:42:00Z,2025-08-09,G07,G07_TPC,G07_TPC_O2.csv,LIGHT,RUN5,0,10,7,31,1,462,20.22026807,Elam
2025-08-09T13:23:00Z,2025-08-09T13:42:00Z,2025-08-09,H07,H07_TPC,H07_TPC_O2.csv,LIGHT,RUN5,0,11,7,31,1,468,19.99695246,Maeq
2025-08-09T13:23:00Z,2025-08-09T13:42:00Z,2025-08-09,BLANK1_Run5,BLANK1_Run5_TPC,BLANK1_Run5_TPC_O2.csv,LIGHT,RUN5,1,12,7,31,NA,475,NA,BLANK
2025-08-09T13:45:00Z,2025-08-09T14:05:00Z,2025-08-09,B07,B07_TPC,B07_TPC_O2.csv,DARK,RUN5,0,1,7,31,1,468,13.30067458,Mvie
2025-08-09T13:45:00Z,2025-08-09T14:05:00Z,2025-08-09,A07,A07_TPC,A07_TPC_O2.csv,DARK,RUN5,0,2,7,31,1,462,13.81749069,Pcyl
2025-08-09T13:45:00Z,2025-08-09T14:05:00Z,2025-08-09,E07,E07_TPC,E07_TPC_O2.csv,DARK,RUN5,0,3,7,31,1,462,18.03177515,Peyd
2025-08-09T13:45:00Z,2025-08-09T14:05:00Z,2025-08-09,J07,J07_TPC,J07_TPC_O2.csv,DARK,RUN5,0,4,7,31,1,465,16.49727793,Ahya
2025-08-09T13:45:00Z,2025-08-09T14:05:00Z,2025-08-09,C07,C07_TPC,C07_TPC_O2.csv,DARK,RUN5,0,5,7,31,1,463,12.85404337,Fcom
2025-08-09T13:45:00Z,2025-08-09T14:05:00Z,2025-08-09,F07,F07_TPC,F07_TPC_O2.csv,DARK,RUN5,0,6,7,31,1,444,25.48732609,Prug
2025-08-09T13:45:00Z,2025-08-09T14:05:00Z,2025-08-09,BLANK2_Run5,BLANK2_Run5_TPC,BLANK2_Run5_TPC_O2.csv,DARK,RUN5,1,7,7,31,NA,475,NA,BLANK
2025-08-09T13:45:00Z,2025-08-09T14:05:00Z,2025-08-09,D07,D07_TPC,D07_TPC_O2.csv,DARK,RUN5,0,8,7,31,1,465,13.26877235,Prus
2025-08-09T13:45:00Z,2025-08-09T14:05:00Z,2025-08-09,I07,I07_TPC,I07_TPC_O2.csv,DARK,RUN5,0,9,7,31,1,466,10.84739316,Tfro
2025-08-09T13:45:00Z,2025-08-09T14:05:00Z,2025-08-09,G07,G07_TPC,G07_TPC_O2.csv,DARK,RUN5,0,10,7,31,1,462,20.22026807,Elam
2025-08-09T13:45:00Z,2025-08-09T14:05:00Z,2025-08-09,H07,H07_TPC,H07_TPC_O2.csv,DARK,RUN5,0,11,7,31,1,468,19.99695246,Maeq
2025-08-09T13:45:00Z,2025-08-09T14:05:00Z,2025-08-09,BLANK1_Run5,BLANK1_Run5_TPC,BLANK1_Run5_TPC_O2.csv,DARK,RUN5,1,12,7,31,NA,475,NA,BLANK
2025-08-09T14:22:00Z,2025-08-09T14:41:00Z,2025-08-09,B07,B07_TPC,B07_TPC_O2.csv,LIGHT,RUN5,0,1,8,32,1,468,13.30067458,Mvie
2025-08-09T14:22:00Z,2025-08-09T14:41:00Z,2025-08-09,A07,A07_TPC,A07_TPC_O2.csv,LIGHT,RUN5,0,2,8,32,1,462,13.81749069,Pcyl
2025-08-09T14:22:00Z,2025-08-09T14:41:00Z,2025-08-09,E07,E07_TPC,E07_TPC_O2.csv,LIGHT,RUN5,0,3,8,32,1,462,18.03177515,Peyd
2025-08-09T14:22:00Z,2025-08-09T14:41:00Z,2025-08-09,J07,J07_TPC,J07_TPC_O2.csv,LIGHT,RUN5,0,4,8,32,1,465,16.49727793,Ahya
2025-08-09T14:22:00Z,2025-08-09T14:41:00Z,2025-08-09,C07,C07_TPC,C07_TPC_O2.csv,LIGHT,RUN5,0,5,8,32,1,463,12.85404337,Fcom
2025-08-09T14:22:00Z,2025-08-09T14:41:00Z,2025-08-09,F07,F07_TPC,F07_TPC_O2.csv,LIGHT,RUN5,0,6,8,32,1,444,25.48732609,Prug
2025-08-09T14:22:00Z,2025-08-09T14:41:00Z,2025-08-09,BLANK2_Run5,BLANK2_Run5_TPC,BLANK2_Run5_TPC_O2.csv,LIGHT,RUN5,1,7,8,32,NA,475,NA,BLANK
2025-08-09T14:22:00Z,2025-08-09T14:41:00Z,2025-08-09,D07,D07_TPC,D07_TPC_O2.csv,LIGHT,RUN5,0,8,8,32,1,465,13.26877235,Prus
2025-08-09T14:22:00Z,2025-08-09T14:41:00Z,2025-08-09,I07,I07_TPC,I07_TPC_O2.csv,LIGHT,RUN5,0,9,8,32,1,466,10.84739316,Tfro
2025-08-09T14:22:00Z,2025-08-09T14:41:00Z,2025-08-09,G07,G07_TPC,G07_TPC_O2.csv,LIGHT,RUN5,0,10,8,32,1,462,20.22026807,Elam
2025-08-09T14:22:00Z,2025-08-09T14:41:00Z,2025-08-09,H07,H07_TPC,H07_TPC_O2.csv,LIGHT,RUN5,0,11,8,32,1,468,19.99695246,Maeq
2025-08-09T14:22:00Z,2025-08-09T14:41:00Z,2025-08-09,BLANK1_Run5,BLANK1_Run5_TPC,BLANK1_Run5_TPC_O2.csv,LIGHT,RUN5,1,12,8,32,NA,475,NA,BLANK
2025-08-09T14:43:00Z,2025-08-09T15:02:00Z,2025-08-09,B07,B07_TPC,B07_TPC_O2.csv,DARK,RUN5,0,1,8,32,1,468,13.30067458,Mvie
2025-08-09T14:43:00Z,2025-08-09T15:02:00Z,2025-08-09,A07,A07_TPC,A07_TPC_O2.csv,DARK,RUN5,0,2,8,32,1,462,13.81749069,Pcyl
2025-08-09T14:43:00Z,2025-08-09T15:02:00Z,2025-08-09,E07,E07_TPC,E07_TPC_O2.csv,DARK,RUN5,0,3,8,32,1,462,18.03177515,Peyd
2025-08-09T14:43:00Z,2025-08-09T15:02:00Z,2025-08-09,J07,J07_TPC,J07_TPC_O2.csv,DARK,RUN5,0,4,8,32,1,465,16.49727793,Ahya
2025-08-09T14:43:00Z,2025-08-09T15:02:00Z,2025-08-09,C07,C07_TPC,C07_TPC_O2.csv,DARK,RUN5,0,5,8,32,1,463,12.85404337,Fcom
2025-08-09T14:43:00Z,2025-08-09T15:02:00Z,2025-08-09,F07,F07_TPC,F07_TPC_O2.csv,DARK,RUN5,0,6,8,32,1,444,25.48732609,Prug
2025-08-09T14:43:00Z,2025-08-09T15:02:00Z,2025-08-09,BLANK2_Run5,BLANK2_Run5_TPC,BLANK2_Run5_TPC_O2.csv,DARK,RUN5,1,7,8,32,NA,475,NA,BLANK
2025-08-09T14:43:00Z,2025-08-09T15:02:00Z,2025-08-09,D07,D07_TPC,D07_TPC_O2.csv,DARK,RUN5,0,8,8,32,1,465,13.26877235,Prus
2025-08-09T14:43:00Z,2025-08-09T15:02:00Z,2025-08-09,I07,I07_TPC,I07_TPC_O2.csv,DARK,RUN5,0,9,8,32,1,466,10.84739316,Tfro
2025-08-09T14:43:00Z,2025-08-09T15:02:00Z,2025-08-09,G07,G07_TPC,G07_TPC_O2.csv,DARK,RUN5,0,10,8,32,1,462,20.22026807,Elam
2025-08-09T14:43:00Z,2025-08-09T15:02:00Z,2025-08-09,H07,H07_TPC,H07_TPC_O2.csv,DARK,RUN5,0,11,8,32,1,468,19.99695246,Maeq
2025-08-09T14:43:00Z,2025-08-09T15:02:00Z,2025-08-09,BLANK1_Run5,BLANK1_Run5_TPC,BLANK1_Run5_TPC_O2.csv,DARK,RUN5,1,12,8,32,NA,475,NA,BLANK
2025-08-09T15:25:00Z,2025-08-09T15:45:00Z,2025-08-09,B07,B07_TPC,B07_TPC_O2.csv,LIGHT,RUN5,0,1,9,34,1,468,13.30067458,Mvie
2025-08-09T15:25:00Z,2025-08-09T15:45:00Z,2025-08-09,A07,A07_TPC,A07_TPC_O2.csv,LIGHT,RUN5,0,2,9,34,1,462,13.81749069,Pcyl
2025-08-09T15:25:00Z,2025-08-09T15:45:00Z,2025-08-09,E07,E07_TPC,E07_TPC_O2.csv,LIGHT,RUN5,0,3,9,34,1,462,18.03177515,Peyd
2025-08-09T15:25:00Z,2025-08-09T15:45:00Z,2025-08-09,J07,J07_TPC,J07_TPC_O2.csv,LIGHT,RUN5,0,4,9,34,1,465,16.49727793,Ahya
2025-08-09T15:25:00Z,2025-08-09T15:45:00Z,2025-08-09,C07,C07_TPC,C07_TPC_O2.csv,LIGHT,RUN5,0,5,9,34,1,463,12.85404337,Fcom
2025-08-09T15:25:00Z,2025-08-09T15:45:00Z,2025-08-09,F07,F07_TPC,F07_TPC_O2.csv,LIGHT,RUN5,0,6,9,34,1,444,25.48732609,Prug
2025-08-09T15:25:00Z,2025-08-09T15:45:00Z,2025-08-09,BLANK2_Run5,BLANK2_Run5_TPC,BLANK2_Run5_TPC_O2.csv,LIGHT,RUN5,1,7,9,34,NA,475,NA,BLANK
2025-08-09T15:25:00Z,2025-08-09T15:45:00Z,2025-08-09,D07,D07_TPC,D07_TPC_O2.csv,LIGHT,RUN5,0,8,9,34,1,465,13.26877235,Prus
2025-08-09T15:25:00Z,2025-08-09T15:45:00Z,2025-08-09,I07,I07_TPC,I07_TPC_O2.csv,LIGHT,RUN5,0,9,9,34,1,466,10.84739316,Tfro
2025-08-09T15:25:00Z,2025-08-09T15:45:00Z,2025-08-09,G07,G07_TPC,G07_TPC_O2.csv,LIGHT,RUN5,0,10,9,34,1,462,20.22026807,Elam
2025-08-09T15:25:00Z,2025-08-09T15:45:00Z,2025-08-09,H07,H07_TPC,H07_TPC_O2.csv,LIGHT,RUN5,0,11,9,34,1,468,19.99695246,Maeq
2025-08-09T15:25:00Z,2025-08-09T15:45:00Z,2025-08-09,BLANK1_Run5,BLANK1_Run5_TPC,BLANK1_Run5_TPC_O2.csv,LIGHT,RUN5,1,12,9,34,NA,475,NA,BLANK
2025-08-09T15:47:00Z,2025-08-09T16:07:00Z,2025-08-09,B07,B07_TPC,B07_TPC_O2.csv,DARK,RUN5,0,1,9,34,1,468,13.30067458,Mvie
2025-08-09T15:47:00Z,2025-08-09T16:07:00Z,2025-08-09,A07,A07_TPC,A07_TPC_O2.csv,DARK,RUN5,0,2,9,34,1,462,13.81749069,Pcyl
2025-08-09T15:47:00Z,2025-08-09T16:07:00Z,2025-08-09,E07,E07_TPC,E07_TPC_O2.csv,DARK,RUN5,0,3,9,34,1,462,18.03177515,Peyd
2025-08-09T15:47:00Z,2025-08-09T16:07:00Z,2025-08-09,J07,J07_TPC,J07_TPC_O2.csv,DARK,RUN5,0,4,9,34,1,465,16.49727793,Ahya
2025-08-09T15:47:00Z,2025-08-09T16:07:00Z,2025-08-09,C07,C07_TPC,C07_TPC_O2.csv,DARK,RUN5,0,5,9,34,1,463,12.85404337,Fcom
2025-08-09T15:47:00Z,2025-08-09T16:07:00Z,2025-08-09,F07,F07_TPC,F07_TPC_O2.csv,DARK,RUN5,0,6,9,34,1,444,25.48732609,Prug
2025-08-09T15:47:00Z,2025-08-09T16:07:00Z,2025-08-09,BLANK2_Run5,BLANK2_Run5_TPC,BLANK2_Run5_TPC_O2.csv,DARK,RUN5,1,7,9,34,NA,475,NA,BLANK
2025-08-09T15:47:00Z,2025-08-09T16:07:00Z,2025-08-09,D07,D07_TPC,D07_TPC_O2.csv,DARK,RUN5,0,8,9,34,1,465,13.26877235,Prus
2025-08-09T15:47:00Z,2025-08-09T16:07:00Z,2025-08-09,I07,I07_TPC,I07_TPC_O2.csv,DARK,RUN5,0,9,9,34,1,466,10.84739316,Tfro
2025-08-09T15:47:00Z,2025-08-09T16:07:00Z,2025-08-09,G07,G07_TPC,G07_TPC_O2.csv,DARK,RUN5,0,10,9,34,1,462,20.22026807,Elam
2025-08-09T15:47:00Z,2025-08-09T16:07:00Z,2025-08-09,H07,H07_TPC,H07_TPC_O2.csv,DARK,RUN5,0,11,9,34,1,468,19.99695246,Maeq
2025-08-09T15:47:00Z,2025-08-09T16:07:00Z,2025-08-09,BLANK1_Run5,BLANK1_Run5_TPC,BLANK1_Run5_TPC_O2.csv,DARK,RUN5,1,12,9,34,NA,475,NA,BLANK
2025-08-10T07:58:00Z,2025-08-10T09:18:00Z,2025-08-10,B08,B08_TPC,B08_TPC_O2.csv,LIGHT,RUN6,0,1,1,24.5,1,465,21.71648261,Mvie
2025-08-10T07:58:00Z,2025-08-10T09:18:00Z,2025-08-10,H08,H08_TPC,H08_TPC_O2.csv,LIGHT,RUN6,0,2,1,24.5,1,466,15.57211329,Maeq
2025-08-10T07:58:00Z,2025-08-10T09:18:00Z,2025-08-10,A08,A08_TPC,A08_TPC_O2.csv,LIGHT,RUN6,0,3,1,24.5,1,464,13.2751528,Pcyl
2025-08-10T07:58:00Z,2025-08-10T09:18:00Z,2025-08-10,C08,C08_TPC,C08_TPC_O2.csv,LIGHT,RUN6,0,4,1,24.5,1,467,8.907737636,Fcom
2025-08-10T07:58:00Z,2025-08-10T09:18:00Z,2025-08-10,E08,E08_TPC,E08_TPC_O2.csv,LIGHT,RUN6,0,5,1,24.5,1,461,30.03020351,Peyd
2025-08-10T07:58:00Z,2025-08-10T09:18:00Z,2025-08-10,D04,D04_TPC,D04_TPC_O2.csv,LIGHT,RUN6,0,6,1,24.5,1,460,15.43174348,Prus
2025-08-10T07:58:00Z,2025-08-10T09:18:00Z,2025-08-10,J08,J08_TPC,J08_TPC_O2.csv,LIGHT,RUN6,0,7,1,24.5,1,464,15.59444485,Ahya
2025-08-10T07:58:00Z,2025-08-10T09:18:00Z,2025-08-10,BLANK1_Run6,BLANK1_Run6_TPC,BLANK1_Run6_TPC_O2.csv,LIGHT,RUN6,1,8,1,24.5,NA,475,NA,BLANK
2025-08-10T07:58:00Z,2025-08-10T09:18:00Z,2025-08-10,F08,F08_TPC,F08_TPC_O2.csv,LIGHT,RUN6,0,9,1,24.5,1,457,24.85885218,Prug
2025-08-10T07:58:00Z,2025-08-10T09:18:00Z,2025-08-10,I08,I08_TPC,I08_TPC_O2.csv,LIGHT,RUN6,0,10,1,24.5,1,465,7.194587934,Tfro
2025-08-10T07:58:00Z,2025-08-10T09:18:00Z,2025-08-10,BLANK2_Run6,BLANK2_Run6_TPC,BLANK2_Run6_TPC_O2.csv,LIGHT,RUN6,1,11,1,24.5,NA,475,NA,BLANK
2025-08-10T07:58:00Z,2025-08-10T09:18:00Z,2025-08-10,G08,G08_TPC,G08_TPC_O2.csv,LIGHT,RUN6,0,12,1,24.5,1,461,22.74054416,Elam
2025-08-10T08:20:00Z,2025-08-10T08:39:00Z,2025-08-10,B08,B08_TPC,B08_TPC_O2.csv,DARK,RUN6,0,1,1,24.5,1,465,21.71648261,Mvie
2025-08-10T08:20:00Z,2025-08-10T08:39:00Z,2025-08-10,H08,H08_TPC,H08_TPC_O2.csv,DARK,RUN6,0,2,1,24.5,1,466,15.57211329,Maeq
2025-08-10T08:20:00Z,2025-08-10T08:39:00Z,2025-08-10,A08,A08_TPC,A08_TPC_O2.csv,DARK,RUN6,0,3,1,24.5,1,464,13.2751528,Pcyl
2025-08-10T08:20:00Z,2025-08-10T08:39:00Z,2025-08-10,C08,C08_TPC,C08_TPC_O2.csv,DARK,RUN6,0,4,1,24.5,1,467,8.907737636,Fcom
2025-08-10T08:20:00Z,2025-08-10T08:39:00Z,2025-08-10,E08,E08_TPC,E08_TPC_O2.csv,DARK,RUN6,0,5,1,24.5,1,461,30.03020351,Peyd
2025-08-10T08:20:00Z,2025-08-10T08:39:00Z,2025-08-10,D04,D04_TPC,D04_TPC_O2.csv,DARK,RUN6,0,6,1,24.5,1,460,15.43174348,Prus
2025-08-10T08:20:00Z,2025-08-10T08:39:00Z,2025-08-10,J08,J08_TPC,J08_TPC_O2.csv,DARK,RUN6,0,7,1,24.5,1,464,15.59444485,Ahya
2025-08-10T08:20:00Z,2025-08-10T08:39:00Z,2025-08-10,BLANK1_Run6,BLANK1_Run6_TPC,BLANK1_Run6_TPC_O2.csv,DARK,RUN6,1,8,1,24.5,NA,475,NA,BLANK
2025-08-10T08:20:00Z,2025-08-10T08:39:00Z,2025-08-10,F08,F08_TPC,F08_TPC_O2.csv,DARK,RUN6,0,9,1,24.5,1,457,24.85885218,Prug
2025-08-10T08:20:00Z,2025-08-10T08:39:00Z,2025-08-10,I08,I08_TPC,I08_TPC_O2.csv,DARK,RUN6,0,10,1,24.5,1,465,7.194587934,Tfro
2025-08-10T08:20:00Z,2025-08-10T08:39:00Z,2025-08-10,BLANK2_Run6,BLANK2_Run6_TPC,BLANK2_Run6_TPC_O2.csv,DARK,RUN6,1,11,1,24.5,NA,475,NA,BLANK
2025-08-10T08:20:00Z,2025-08-10T08:39:00Z,2025-08-10,G08,G08_TPC,G08_TPC_O2.csv,DARK,RUN6,0,12,1,24.5,1,461,22.74054416,Elam
2025-08-10T08:54:00Z,2025-08-10T09:13:00Z,2025-08-10,B08,B08_TPC,B08_TPC_O2.csv,LIGHT,RUN6,0,1,2,26,1,465,21.71648261,Mvie
2025-08-10T08:54:00Z,2025-08-10T09:13:00Z,2025-08-10,H08,H08_TPC,H08_TPC_O2.csv,LIGHT,RUN6,0,2,2,26,1,466,15.57211329,Maeq
2025-08-10T08:54:00Z,2025-08-10T09:13:00Z,2025-08-10,A08,A08_TPC,A08_TPC_O2.csv,LIGHT,RUN6,0,3,2,26,1,464,13.2751528,Pcyl
2025-08-10T08:54:00Z,2025-08-10T09:13:00Z,2025-08-10,C08,C08_TPC,C08_TPC_O2.csv,LIGHT,RUN6,0,4,2,26,1,467,8.907737636,Fcom
2025-08-10T08:54:00Z,2025-08-10T09:13:00Z,2025-08-10,E08,E08_TPC,E08_TPC_O2.csv,LIGHT,RUN6,0,5,2,26,1,461,30.03020351,Peyd
2025-08-10T08:54:00Z,2025-08-10T09:13:00Z,2025-08-10,D04,D04_TPC,D04_TPC_O2.csv,LIGHT,RUN6,0,6,2,26,1,460,15.43174348,Prus
2025-08-10T08:54:00Z,2025-08-10T09:13:00Z,2025-08-10,J08,J08_TPC,J08_TPC_O2.csv,LIGHT,RUN6,0,7,2,26,1,464,15.59444485,Ahya
2025-08-10T08:54:00Z,2025-08-10T09:13:00Z,2025-08-10,BLANK1_Run6,BLANK1_Run6_TPC,BLANK1_Run6_TPC_O2.csv,LIGHT,RUN6,1,8,2,26,NA,475,NA,BLANK
2025-08-10T08:54:00Z,2025-08-10T09:13:00Z,2025-08-10,F08,F08_TPC,F08_TPC_O2.csv,LIGHT,RUN6,0,9,2,26,1,457,24.85885218,Prug
2025-08-10T08:54:00Z,2025-08-10T09:13:00Z,2025-08-10,I08,I08_TPC,I08_TPC_O2.csv,LIGHT,RUN6,0,10,2,26,1,465,7.194587934,Tfro
2025-08-10T08:54:00Z,2025-08-10T09:13:00Z,2025-08-10,BLANK2_Run6,BLANK2_Run6_TPC,BLANK2_Run6_TPC_O2.csv,LIGHT,RUN6,1,11,2,26,NA,475,NA,BLANK
2025-08-10T08:54:00Z,2025-08-10T09:13:00Z,2025-08-10,G08,G08_TPC,G08_TPC_O2.csv,LIGHT,RUN6,0,12,2,26,1,461,22.74054416,Elam
2025-08-10T09:15:00Z,2025-08-10T09:34:00Z,2025-08-10,B08,B08_TPC,B08_TPC_O2.csv,DARK,RUN6,0,1,2,26,1,465,21.71648261,Mvie
2025-08-10T09:15:00Z,2025-08-10T09:34:00Z,2025-08-10,H08,H08_TPC,H08_TPC_O2.csv,DARK,RUN6,0,2,2,26,1,466,15.57211329,Maeq
2025-08-10T09:15:00Z,2025-08-10T09:34:00Z,2025-08-10,A08,A08_TPC,A08_TPC_O2.csv,DARK,RUN6,0,3,2,26,1,464,13.2751528,Pcyl
2025-08-10T09:15:00Z,2025-08-10T09:34:00Z,2025-08-10,C08,C08_TPC,C08_TPC_O2.csv,DARK,RUN6,0,4,2,26,1,467,8.907737636,Fcom
2025-08-10T09:15:00Z,2025-08-10T09:34:00Z,2025-08-10,E08,E08_TPC,E08_TPC_O2.csv,DARK,RUN6,0,5,2,26,1,461,30.03020351,Peyd
2025-08-10T09:15:00Z,2025-08-10T09:34:00Z,2025-08-10,D04,D04_TPC,D04_TPC_O2.csv,DARK,RUN6,0,6,2,26,1,460,15.43174348,Prus
2025-08-10T09:15:00Z,2025-08-10T09:34:00Z,2025-08-10,J08,J08_TPC,J08_TPC_O2.csv,DARK,RUN6,0,7,2,26,1,464,15.59444485,Ahya
2025-08-10T09:15:00Z,2025-08-10T09:34:00Z,2025-08-10,BLANK1_Run6,BLANK1_Run6_TPC,BLANK1_Run6_TPC_O2.csv,DARK,RUN6,1,8,2,26,NA,475,NA,BLANK
2025-08-10T09:15:00Z,2025-08-10T09:34:00Z,2025-08-10,F08,F08_TPC,F08_TPC_O2.csv,DARK,RUN6,0,9,2,26,1,457,24.85885218,Prug
2025-08-10T09:15:00Z,2025-08-10T09:34:00Z,2025-08-10,I08,I08_TPC,I08_TPC_O2.csv,DARK,RUN6,0,10,2,26,1,465,7.194587934,Tfro
2025-08-10T09:15:00Z,2025-08-10T09:34:00Z,2025-08-10,BLANK2_Run6,BLANK2_Run6_TPC,BLANK2_Run6_TPC_O2.csv,DARK,RUN6,1,11,2,26,NA,475,NA,BLANK
2025-08-10T09:15:00Z,2025-08-10T09:34:00Z,2025-08-10,G08,G08_TPC,G08_TPC_O2.csv,DARK,RUN6,0,12,2,26,1,461,22.74054416,Elam
2025-08-10T09:47:00Z,2025-08-10T10:07:00Z,2025-08-10,B08,B08_TPC,B08_TPC_O2.csv,LIGHT,RUN6,0,1,3,27,1,465,21.71648261,Mvie
2025-08-10T09:47:00Z,2025-08-10T10:07:00Z,2025-08-10,H08,H08_TPC,H08_TPC_O2.csv,LIGHT,RUN6,0,2,3,27,1,466,15.57211329,Maeq
2025-08-10T09:47:00Z,2025-08-10T10:07:00Z,2025-08-10,A08,A08_TPC,A08_TPC_O2.csv,LIGHT,RUN6,0,3,3,27,1,464,13.2751528,Pcyl
2025-08-10T09:47:00Z,2025-08-10T10:07:00Z,2025-08-10,C08,C08_TPC,C08_TPC_O2.csv,LIGHT,RUN6,0,4,3,27,1,467,8.907737636,Fcom
2025-08-10T09:47:00Z,2025-08-10T10:07:00Z,2025-08-10,E08,E08_TPC,E08_TPC_O2.csv,LIGHT,RUN6,0,5,3,27,1,461,30.03020351,Peyd
2025-08-10T09:47:00Z,2025-08-10T10:07:00Z,2025-08-10,D04,D04_TPC,D04_TPC_O2.csv,LIGHT,RUN6,0,6,3,27,1,460,15.43174348,Prus
2025-08-10T09:47:00Z,2025-08-10T10:07:00Z,2025-08-10,J08,J08_TPC,J08_TPC_O2.csv,LIGHT,RUN6,0,7,3,27,1,464,15.59444485,Ahya
2025-08-10T09:47:00Z,2025-08-10T10:07:00Z,2025-08-10,BLANK1_Run6,BLANK1_Run6_TPC,BLANK1_Run6_TPC_O2.csv,LIGHT,RUN6,1,8,3,27,NA,475,NA,BLANK
2025-08-10T09:47:00Z,2025-08-10T10:07:00Z,2025-08-10,F08,F08_TPC,F08_TPC_O2.csv,LIGHT,RUN6,0,9,3,27,1,457,24.85885218,Prug
2025-08-10T09:47:00Z,2025-08-10T10:07:00Z,2025-08-10,I08,I08_TPC,I08_TPC_O2.csv,LIGHT,RUN6,0,10,3,27,1,465,7.194587934,Tfro
2025-08-10T09:47:00Z,2025-08-10T10:07:00Z,2025-08-10,BLANK2_Run6,BLANK2_Run6_TPC,BLANK2_Run6_TPC_O2.csv,LIGHT,RUN6,1,11,3,27,NA,475,NA,BLANK
2025-08-10T09:47:00Z,2025-08-10T10:07:00Z,2025-08-10,G08,G08_TPC,G08_TPC_O2.csv,LIGHT,RUN6,0,12,3,27,1,461,22.74054416,Elam
2025-08-10T10:09:00Z,2025-08-10T10:28:00Z,2025-08-10,B08,B08_TPC,B08_TPC_O2.csv,DARK,RUN6,0,1,3,27,1,465,21.71648261,Mvie
2025-08-10T10:09:00Z,2025-08-10T10:28:00Z,2025-08-10,H08,H08_TPC,H08_TPC_O2.csv,DARK,RUN6,0,2,3,27,1,466,15.57211329,Maeq
2025-08-10T10:09:00Z,2025-08-10T10:28:00Z,2025-08-10,A08,A08_TPC,A08_TPC_O2.csv,DARK,RUN6,0,3,3,27,1,464,13.2751528,Pcyl
2025-08-10T10:09:00Z,2025-08-10T10:28:00Z,2025-08-10,C08,C08_TPC,C08_TPC_O2.csv,DARK,RUN6,0,4,3,27,1,467,8.907737636,Fcom
2025-08-10T10:09:00Z,2025-08-10T10:28:00Z,2025-08-10,E08,E08_TPC,E08_TPC_O2.csv,DARK,RUN6,0,5,3,27,1,461,30.03020351,Peyd
2025-08-10T10:09:00Z,2025-08-10T10:28:00Z,2025-08-10,D04,D04_TPC,D04_TPC_O2.csv,DARK,RUN6,0,6,3,27,1,460,15.43174348,Prus
2025-08-10T10:09:00Z,2025-08-10T10:28:00Z,2025-08-10,J08,J08_TPC,J08_TPC_O2.csv,DARK,RUN6,0,7,3,27,1,464,15.59444485,Ahya
2025-08-10T10:09:00Z,2025-08-10T10:28:00Z,2025-08-10,BLANK1_Run6,BLANK1_Run6_TPC,BLANK1_Run6_TPC_O2.csv,DARK,RUN6,1,8,3,27,NA,475,NA,BLANK
2025-08-10T10:09:00Z,2025-08-10T10:28:00Z,2025-08-10,F08,F08_TPC,F08_TPC_O2.csv,DARK,RUN6,0,9,3,27,1,457,24.85885218,Prug
2025-08-10T10:09:00Z,2025-08-10T10:28:00Z,2025-08-10,I08,I08_TPC,I08_TPC_O2.csv,DARK,RUN6,0,10,3,27,1,465,7.194587934,Tfro
2025-08-10T10:09:00Z,2025-08-10T10:28:00Z,2025-08-10,BLANK2_Run6,BLANK2_Run6_TPC,BLANK2_Run6_TPC_O2.csv,DARK,RUN6,1,11,3,27,NA,475,NA,BLANK
2025-08-10T10:09:00Z,2025-08-10T10:28:00Z,2025-08-10,G08,G08_TPC,G08_TPC_O2.csv,DARK,RUN6,0,12,3,27,1,461,22.74054416,Elam
2025-08-10T10:44:00Z,2025-08-10T11:03:00Z,2025-08-10,B08,B08_TPC,B08_TPC_O2.csv,LIGHT,RUN6,0,1,4,28,1,465,21.71648261,Mvie
2025-08-10T10:44:00Z,2025-08-10T11:03:00Z,2025-08-10,H08,H08_TPC,H08_TPC_O2.csv,LIGHT,RUN6,0,2,4,28,1,466,15.57211329,Maeq
2025-08-10T10:44:00Z,2025-08-10T11:03:00Z,2025-08-10,A08,A08_TPC,A08_TPC_O2.csv,LIGHT,RUN6,0,3,4,28,1,464,13.2751528,Pcyl
2025-08-10T10:44:00Z,2025-08-10T11:03:00Z,2025-08-10,C08,C08_TPC,C08_TPC_O2.csv,LIGHT,RUN6,0,4,4,28,1,467,8.907737636,Fcom
2025-08-10T10:44:00Z,2025-08-10T11:03:00Z,2025-08-10,E08,E08_TPC,E08_TPC_O2.csv,LIGHT,RUN6,0,5,4,28,1,461,30.03020351,Peyd
2025-08-10T10:44:00Z,2025-08-10T11:03:00Z,2025-08-10,D04,D04_TPC,D04_TPC_O2.csv,LIGHT,RUN6,0,6,4,28,1,460,15.43174348,Prus
2025-08-10T10:44:00Z,2025-08-10T11:03:00Z,2025-08-10,J08,J08_TPC,J08_TPC_O2.csv,LIGHT,RUN6,0,7,4,28,1,464,15.59444485,Ahya
2025-08-10T10:44:00Z,2025-08-10T11:03:00Z,2025-08-10,BLANK1_Run6,BLANK1_Run6_TPC,BLANK1_Run6_TPC_O2.csv,LIGHT,RUN6,1,8,4,28,NA,475,NA,BLANK
2025-08-10T10:44:00Z,2025-08-10T11:03:00Z,2025-08-10,F08,F08_TPC,F08_TPC_O2.csv,LIGHT,RUN6,0,9,4,28,1,457,24.85885218,Prug
2025-08-10T10:44:00Z,2025-08-10T11:03:00Z,2025-08-10,I08,I08_TPC,I08_TPC_O2.csv,LIGHT,RUN6,0,10,4,28,1,465,7.194587934,Tfro
2025-08-10T10:44:00Z,2025-08-10T11:03:00Z,2025-08-10,BLANK2_Run6,BLANK2_Run6_TPC,BLANK2_Run6_TPC_O2.csv,LIGHT,RUN6,1,11,4,28,NA,475,NA,BLANK
2025-08-10T10:44:00Z,2025-08-10T11:03:00Z,2025-08-10,G08,G08_TPC,G08_TPC_O2.csv,LIGHT,RUN6,0,12,4,28,1,461,22.74054416,Elam
2025-08-10T11:05:00Z,2025-08-10T11:24:00Z,2025-08-10,B08,B08_TPC,B08_TPC_O2.csv,DARK,RUN6,0,1,4,28,1,465,21.71648261,Mvie
2025-08-10T11:05:00Z,2025-08-10T11:24:00Z,2025-08-10,H08,H08_TPC,H08_TPC_O2.csv,DARK,RUN6,0,2,4,28,1,466,15.57211329,Maeq
2025-08-10T11:05:00Z,2025-08-10T11:24:00Z,2025-08-10,A08,A08_TPC,A08_TPC_O2.csv,DARK,RUN6,0,3,4,28,1,464,13.2751528,Pcyl
2025-08-10T11:05:00Z,2025-08-10T11:24:00Z,2025-08-10,C08,C08_TPC,C08_TPC_O2.csv,DARK,RUN6,0,4,4,28,1,467,8.907737636,Fcom
2025-08-10T11:05:00Z,2025-08-10T11:24:00Z,2025-08-10,E08,E08_TPC,E08_TPC_O2.csv,DARK,RUN6,0,5,4,28,1,461,30.03020351,Peyd
2025-08-10T11:05:00Z,2025-08-10T11:24:00Z,2025-08-10,D04,D04_TPC,D04_TPC_O2.csv,DARK,RUN6,0,6,4,28,1,460,15.43174348,Prus
2025-08-10T11:05:00Z,2025-08-10T11:24:00Z,2025-08-10,J08,J08_TPC,J08_TPC_O2.csv,DARK,RUN6,0,7,4,28,1,464,15.59444485,Ahya
2025-08-10T11:05:00Z,2025-08-10T11:24:00Z,2025-08-10,BLANK1_Run6,BLANK1_Run6_TPC,BLANK1_Run6_TPC_O2.csv,DARK,RUN6,1,8,4,28,NA,475,NA,BLANK
2025-08-10T11:05:00Z,2025-08-10T11:24:00Z,2025-08-10,F08,F08_TPC,F08_TPC_O2.csv,DARK,RUN6,0,9,4,28,1,457,24.85885218,Prug
2025-08-10T11:05:00Z,2025-08-10T11:24:00Z,2025-08-10,I08,I08_TPC,I08_TPC_O2.csv,DARK,RUN6,0,10,4,28,1,465,7.194587934,Tfro
2025-08-10T11:05:00Z,2025-08-10T11:24:00Z,2025-08-10,BLANK2_Run6,BLANK2_Run6_TPC,BLANK2_Run6_TPC_O2.csv,DARK,RUN6,1,11,4,28,NA,475,NA,BLANK
2025-08-10T11:05:00Z,2025-08-10T11:24:00Z,2025-08-10,G08,G08_TPC,G08_TPC_O2.csv,DARK,RUN6,0,12,4,28,1,461,22.74054416,Elam
2025-08-10T11:38:00Z,2025-08-10T11:58:00Z,2025-08-10,B08,B08_TPC,B08_TPC_O2.csv,LIGHT,RUN6,0,1,5,29,1,465,21.71648261,Mvie
2025-08-10T11:38:00Z,2025-08-10T11:58:00Z,2025-08-10,H08,H08_TPC,H08_TPC_O2.csv,LIGHT,RUN6,0,2,5,29,1,466,15.57211329,Maeq
2025-08-10T11:38:00Z,2025-08-10T11:58:00Z,2025-08-10,A08,A08_TPC,A08_TPC_O2.csv,LIGHT,RUN6,0,3,5,29,1,464,13.2751528,Pcyl
2025-08-10T11:38:00Z,2025-08-10T11:58:00Z,2025-08-10,C08,C08_TPC,C08_TPC_O2.csv,LIGHT,RUN6,0,4,5,29,1,467,8.907737636,Fcom
2025-08-10T11:38:00Z,2025-08-10T11:58:00Z,2025-08-10,E08,E08_TPC,E08_TPC_O2.csv,LIGHT,RUN6,0,5,5,29,1,461,30.03020351,Peyd
2025-08-10T11:38:00Z,2025-08-10T11:58:00Z,2025-08-10,D04,D04_TPC,D04_TPC_O2.csv,LIGHT,RUN6,0,6,5,29,1,460,15.43174348,Prus
2025-08-10T11:38:00Z,2025-08-10T11:58:00Z,2025-08-10,J08,J08_TPC,J08_TPC_O2.csv,LIGHT,RUN6,0,7,5,29,1,464,15.59444485,Ahya
2025-08-10T11:38:00Z,2025-08-10T11:58:00Z,2025-08-10,BLANK1_Run6,BLANK1_Run6_TPC,BLANK1_Run6_TPC_O2.csv,LIGHT,RUN6,1,8,5,29,NA,475,NA,BLANK
2025-08-10T11:38:00Z,2025-08-10T11:58:00Z,2025-08-10,F08,F08_TPC,F08_TPC_O2.csv,LIGHT,RUN6,0,9,5,29,1,457,24.85885218,Prug
2025-08-10T11:38:00Z,2025-08-10T11:58:00Z,2025-08-10,I08,I08_TPC,I08_TPC_O2.csv,LIGHT,RUN6,0,10,5,29,1,465,7.194587934,Tfro
2025-08-10T11:38:00Z,2025-08-10T11:58:00Z,2025-08-10,BLANK2_Run6,BLANK2_Run6_TPC,BLANK2_Run6_TPC_O2.csv,LIGHT,RUN6,1,11,5,29,NA,475,NA,BLANK
2025-08-10T11:38:00Z,2025-08-10T11:58:00Z,2025-08-10,G08,G08_TPC,G08_TPC_O2.csv,LIGHT,RUN6,0,12,5,29,1,461,22.74054416,Elam
2025-08-10T12:00:00Z,2025-08-10T12:20:00Z,2025-08-10,B08,B08_TPC,B08_TPC_O2.csv,DARK,RUN6,0,1,5,29,1,465,21.71648261,Mvie
2025-08-10T12:00:00Z,2025-08-10T12:20:00Z,2025-08-10,H08,H08_TPC,H08_TPC_O2.csv,DARK,RUN6,0,2,5,29,1,466,15.57211329,Maeq
2025-08-10T12:00:00Z,2025-08-10T12:20:00Z,2025-08-10,A08,A08_TPC,A08_TPC_O2.csv,DARK,RUN6,0,3,5,29,1,464,13.2751528,Pcyl
2025-08-10T12:00:00Z,2025-08-10T12:20:00Z,2025-08-10,C08,C08_TPC,C08_TPC_O2.csv,DARK,RUN6,0,4,5,29,1,467,8.907737636,Fcom
2025-08-10T12:00:00Z,2025-08-10T12:20:00Z,2025-08-10,E08,E08_TPC,E08_TPC_O2.csv,DARK,RUN6,0,5,5,29,1,461,30.03020351,Peyd
2025-08-10T12:00:00Z,2025-08-10T12:20:00Z,2025-08-10,D04,D04_TPC,D04_TPC_O2.csv,DARK,RUN6,0,6,5,29,1,460,15.43174348,Prus
2025-08-10T12:00:00Z,2025-08-10T12:20:00Z,2025-08-10,J08,J08_TPC,J08_TPC_O2.csv,DARK,RUN6,0,7,5,29,1,464,15.59444485,Ahya
2025-08-10T12:00:00Z,2025-08-10T12:20:00Z,2025-08-10,BLANK1_Run6,BLANK1_Run6_TPC,BLANK1_Run6_TPC_O2.csv,DARK,RUN6,1,8,5,29,NA,475,NA,BLANK
2025-08-10T12:00:00Z,2025-08-10T12:20:00Z,2025-08-10,F08,F08_TPC,F08_TPC_O2.csv,DARK,RUN6,0,9,5,29,1,457,24.85885218,Prug
2025-08-10T12:00:00Z,2025-08-10T12:20:00Z,2025-08-10,I08,I08_TPC,I08_TPC_O2.csv,DARK,RUN6,0,10,5,29,1,465,7.194587934,Tfro
2025-08-10T12:00:00Z,2025-08-10T12:20:00Z,2025-08-10,BLANK2_Run6,BLANK2_Run6_TPC,BLANK2_Run6_TPC_O2.csv,DARK,RUN6,1,11,5,29,NA,475,NA,BLANK
2025-08-10T12:00:00Z,2025-08-10T12:20:00Z,2025-08-10,G08,G08_TPC,G08_TPC_O2.csv,DARK,RUN6,0,12,5,29,1,461,22.74054416,Elam
2025-08-10T12:35:00Z,2025-08-10T12:54:00Z,2025-08-10,B08,B08_TPC,B08_TPC_O2.csv,LIGHT,RUN6,0,1,6,30,1,465,21.71648261,Mvie
2025-08-10T12:35:00Z,2025-08-10T12:54:00Z,2025-08-10,H08,H08_TPC,H08_TPC_O2.csv,LIGHT,RUN6,0,2,6,30,1,466,15.57211329,Maeq
2025-08-10T12:35:00Z,2025-08-10T12:54:00Z,2025-08-10,A08,A08_TPC,A08_TPC_O2.csv,LIGHT,RUN6,0,3,6,30,1,464,13.2751528,Pcyl
2025-08-10T12:35:00Z,2025-08-10T12:54:00Z,2025-08-10,C08,C08_TPC,C08_TPC_O2.csv,LIGHT,RUN6,0,4,6,30,1,467,8.907737636,Fcom
2025-08-10T12:35:00Z,2025-08-10T12:54:00Z,2025-08-10,E08,E08_TPC,E08_TPC_O2.csv,LIGHT,RUN6,0,5,6,30,1,461,30.03020351,Peyd
2025-08-10T12:35:00Z,2025-08-10T12:54:00Z,2025-08-10,D04,D04_TPC,D04_TPC_O2.csv,LIGHT,RUN6,0,6,6,30,1,460,15.43174348,Prus
2025-08-10T12:35:00Z,2025-08-10T12:54:00Z,2025-08-10,J08,J08_TPC,J08_TPC_O2.csv,LIGHT,RUN6,0,7,6,30,1,464,15.59444485,Ahya
2025-08-10T12:35:00Z,2025-08-10T12:54:00Z,2025-08-10,BLANK1_Run6,BLANK1_Run6_TPC,BLANK1_Run6_TPC_O2.csv,LIGHT,RUN6,1,8,6,30,NA,475,NA,BLANK
2025-08-10T12:35:00Z,2025-08-10T12:54:00Z,2025-08-10,F08,F08_TPC,F08_TPC_O2.csv,LIGHT,RUN6,0,9,6,30,1,457,24.85885218,Prug
2025-08-10T12:35:00Z,2025-08-10T12:54:00Z,2025-08-10,I08,I08_TPC,I08_TPC_O2.csv,LIGHT,RUN6,0,10,6,30,1,465,7.194587934,Tfro
2025-08-10T12:35:00Z,2025-08-10T12:54:00Z,2025-08-10,BLANK2_Run6,BLANK2_Run6_TPC,BLANK2_Run6_TPC_O2.csv,LIGHT,RUN6,1,11,6,30,NA,475,NA,BLANK
2025-08-10T12:35:00Z,2025-08-10T12:54:00Z,2025-08-10,G08,G08_TPC,G08_TPC_O2.csv,LIGHT,RUN6,0,12,6,30,1,461,22.74054416,Elam
2025-08-10T12:56:00Z,2025-08-10T13:16:00Z,2025-08-10,B08,B08_TPC,B08_TPC_O2.csv,DARK,RUN6,0,1,6,30,1,465,21.71648261,Mvie
2025-08-10T12:56:00Z,2025-08-10T13:16:00Z,2025-08-10,H08,H08_TPC,H08_TPC_O2.csv,DARK,RUN6,0,2,6,30,1,466,15.57211329,Maeq
2025-08-10T12:56:00Z,2025-08-10T13:16:00Z,2025-08-10,A08,A08_TPC,A08_TPC_O2.csv,DARK,RUN6,0,3,6,30,1,464,13.2751528,Pcyl
2025-08-10T12:56:00Z,2025-08-10T13:16:00Z,2025-08-10,C08,C08_TPC,C08_TPC_O2.csv,DARK,RUN6,0,4,6,30,1,467,8.907737636,Fcom
2025-08-10T12:56:00Z,2025-08-10T13:16:00Z,2025-08-10,E08,E08_TPC,E08_TPC_O2.csv,DARK,RUN6,0,5,6,30,1,461,30.03020351,Peyd
2025-08-10T12:56:00Z,2025-08-10T13:16:00Z,2025-08-10,D04,D04_TPC,D04_TPC_O2.csv,DARK,RUN6,0,6,6,30,1,460,15.43174348,Prus
2025-08-10T12:56:00Z,2025-08-10T13:16:00Z,2025-08-10,J08,J08_TPC,J08_TPC_O2.csv,DARK,RUN6,0,7,6,30,1,464,15.59444485,Ahya
2025-08-10T12:56:00Z,2025-08-10T13:16:00Z,2025-08-10,BLANK1_Run6,BLANK1_Run6_TPC,BLANK1_Run6_TPC_O2.csv,DARK,RUN6,1,8,6,30,NA,475,NA,BLANK
2025-08-10T12:56:00Z,2025-08-10T13:16:00Z,2025-08-10,F08,F08_TPC,F08_TPC_O2.csv,DARK,RUN6,0,9,6,30,1,457,24.85885218,Prug
2025-08-10T12:56:00Z,2025-08-10T13:16:00Z,2025-08-10,I08,I08_TPC,I08_TPC_O2.csv,DARK,RUN6,0,10,6,30,1,465,7.194587934,Tfro
2025-08-10T12:56:00Z,2025-08-10T13:16:00Z,2025-08-10,BLANK2_Run6,BLANK2_Run6_TPC,BLANK2_Run6_TPC_O2.csv,DARK,RUN6,1,11,6,30,NA,475,NA,BLANK
2025-08-10T12:56:00Z,2025-08-10T13:16:00Z,2025-08-10,G08,G08_TPC,G08_TPC_O2.csv,DARK,RUN6,0,12,6,30,1,461,22.74054416,Elam
2025-08-10T13:28:00Z,2025-08-10T13:47:00Z,2025-08-10,B08,B08_TPC,B08_TPC_O2.csv,LIGHT,RUN6,0,1,7,31,1,465,21.71648261,Mvie
2025-08-10T13:28:00Z,2025-08-10T13:47:00Z,2025-08-10,H08,H08_TPC,H08_TPC_O2.csv,LIGHT,RUN6,0,2,7,31,1,466,15.57211329,Maeq
2025-08-10T13:28:00Z,2025-08-10T13:47:00Z,2025-08-10,A08,A08_TPC,A08_TPC_O2.csv,LIGHT,RUN6,0,3,7,31,1,464,13.2751528,Pcyl
2025-08-10T13:28:00Z,2025-08-10T13:47:00Z,2025-08-10,C08,C08_TPC,C08_TPC_O2.csv,LIGHT,RUN6,0,4,7,31,1,467,8.907737636,Fcom
2025-08-10T13:28:00Z,2025-08-10T13:47:00Z,2025-08-10,E08,E08_TPC,E08_TPC_O2.csv,LIGHT,RUN6,0,5,7,31,1,461,30.03020351,Peyd
2025-08-10T13:28:00Z,2025-08-10T13:47:00Z,2025-08-10,D04,D04_TPC,D04_TPC_O2.csv,LIGHT,RUN6,0,6,7,31,1,460,15.43174348,Prus
2025-08-10T13:28:00Z,2025-08-10T13:47:00Z,2025-08-10,J08,J08_TPC,J08_TPC_O2.csv,LIGHT,RUN6,0,7,7,31,1,464,15.59444485,Ahya
2025-08-10T13:28:00Z,2025-08-10T13:47:00Z,2025-08-10,BLANK1_Run6,BLANK1_Run6_TPC,BLANK1_Run6_TPC_O2.csv,LIGHT,RUN6,1,8,7,31,NA,475,NA,BLANK
2025-08-10T13:28:00Z,2025-08-10T13:47:00Z,2025-08-10,F08,F08_TPC,F08_TPC_O2.csv,LIGHT,RUN6,0,9,7,31,1,457,24.85885218,Prug
2025-08-10T13:28:00Z,2025-08-10T13:47:00Z,2025-08-10,I08,I08_TPC,I08_TPC_O2.csv,LIGHT,RUN6,0,10,7,31,1,465,7.194587934,Tfro
2025-08-10T13:28:00Z,2025-08-10T13:47:00Z,2025-08-10,BLANK2_Run6,BLANK2_Run6_TPC,BLANK2_Run6_TPC_O2.csv,LIGHT,RUN6,1,11,7,31,NA,475,NA,BLANK
2025-08-10T13:28:00Z,2025-08-10T13:47:00Z,2025-08-10,G08,G08_TPC,G08_TPC_O2.csv,LIGHT,RUN6,0,12,7,31,1,461,22.74054416,Elam
2025-08-10T13:49:00Z,2025-08-10T14:09:00Z,2025-08-10,B08,B08_TPC,B08_TPC_O2.csv,DARK,RUN6,0,1,7,31,1,465,21.71648261,Mvie
2025-08-10T13:49:00Z,2025-08-10T14:09:00Z,2025-08-10,H08,H08_TPC,H08_TPC_O2.csv,DARK,RUN6,0,2,7,31,1,466,15.57211329,Maeq
2025-08-10T13:49:00Z,2025-08-10T14:09:00Z,2025-08-10,A08,A08_TPC,A08_TPC_O2.csv,DARK,RUN6,0,3,7,31,1,464,13.2751528,Pcyl
2025-08-10T13:49:00Z,2025-08-10T14:09:00Z,2025-08-10,C08,C08_TPC,C08_TPC_O2.csv,DARK,RUN6,0,4,7,31,1,467,8.907737636,Fcom
2025-08-10T13:49:00Z,2025-08-10T14:09:00Z,2025-08-10,E08,E08_TPC,E08_TPC_O2.csv,DARK,RUN6,0,5,7,31,1,461,30.03020351,Peyd
2025-08-10T13:49:00Z,2025-08-10T14:09:00Z,2025-08-10,D04,D04_TPC,D04_TPC_O2.csv,DARK,RUN6,0,6,7,31,1,460,15.43174348,Prus
2025-08-10T13:49:00Z,2025-08-10T14:09:00Z,2025-08-10,J08,J08_TPC,J08_TPC_O2.csv,DARK,RUN6,0,7,7,31,1,464,15.59444485,Ahya
2025-08-10T13:49:00Z,2025-08-10T14:09:00Z,2025-08-10,BLANK1_Run6,BLANK1_Run6_TPC,BLANK1_Run6_TPC_O2.csv,DARK,RUN6,1,8,7,31,NA,475,NA,BLANK
2025-08-10T13:49:00Z,2025-08-10T14:09:00Z,2025-08-10,F08,F08_TPC,F08_TPC_O2.csv,DARK,RUN6,0,9,7,31,1,457,24.85885218,Prug
2025-08-10T13:49:00Z,2025-08-10T14:09:00Z,2025-08-10,I08,I08_TPC,I08_TPC_O2.csv,DARK,RUN6,0,10,7,31,1,465,7.194587934,Tfro
2025-08-10T13:49:00Z,2025-08-10T14:09:00Z,2025-08-10,BLANK2_Run6,BLANK2_Run6_TPC,BLANK2_Run6_TPC_O2.csv,DARK,RUN6,1,11,7,31,NA,475,NA,BLANK
2025-08-10T13:49:00Z,2025-08-10T14:09:00Z,2025-08-10,G08,G08_TPC,G08_TPC_O2.csv,DARK,RUN6,0,12,7,31,1,461,22.74054416,Elam
2025-08-10T14:21:00Z,2025-08-10T14:40:00Z,2025-08-10,B08,B08_TPC,B08_TPC_O2.csv,LIGHT,RUN6,0,1,8,32,1,465,21.71648261,Mvie
2025-08-10T14:21:00Z,2025-08-10T14:40:00Z,2025-08-10,H08,H08_TPC,H08_TPC_O2.csv,LIGHT,RUN6,0,2,8,32,1,466,15.57211329,Maeq
2025-08-10T14:21:00Z,2025-08-10T14:40:00Z,2025-08-10,A08,A08_TPC,A08_TPC_O2.csv,LIGHT,RUN6,0,3,8,32,1,464,13.2751528,Pcyl
2025-08-10T14:21:00Z,2025-08-10T14:40:00Z,2025-08-10,C08,C08_TPC,C08_TPC_O2.csv,LIGHT,RUN6,0,4,8,32,1,467,8.907737636,Fcom
2025-08-10T14:21:00Z,2025-08-10T14:40:00Z,2025-08-10,E08,E08_TPC,E08_TPC_O2.csv,LIGHT,RUN6,0,5,8,32,1,461,30.03020351,Peyd
2025-08-10T14:21:00Z,2025-08-10T14:40:00Z,2025-08-10,D04,D04_TPC,D04_TPC_O2.csv,LIGHT,RUN6,0,6,8,32,1,460,15.43174348,Prus
2025-08-10T14:21:00Z,2025-08-10T14:40:00Z,2025-08-10,J08,J08_TPC,J08_TPC_O2.csv,LIGHT,RUN6,0,7,8,32,1,464,15.59444485,Ahya
2025-08-10T14:21:00Z,2025-08-10T14:40:00Z,2025-08-10,BLANK1_Run6,BLANK1_Run6_TPC,BLANK1_Run6_TPC_O2.csv,LIGHT,RUN6,1,8,8,32,NA,475,NA,BLANK
2025-08-10T14:21:00Z,2025-08-10T14:40:00Z,2025-08-10,F08,F08_TPC,F08_TPC_O2.csv,LIGHT,RUN6,0,9,8,32,1,457,24.85885218,Prug
2025-08-10T14:21:00Z,2025-08-10T14:40:00Z,2025-08-10,I08,I08_TPC,I08_TPC_O2.csv,LIGHT,RUN6,0,10,8,32,1,465,7.194587934,Tfro
2025-08-10T14:21:00Z,2025-08-10T14:40:00Z,2025-08-10,BLANK2_Run6,BLANK2_Run6_TPC,BLANK2_Run6_TPC_O2.csv,LIGHT,RUN6,1,11,8,32,NA,475,NA,BLANK
2025-08-10T14:21:00Z,2025-08-10T14:40:00Z,2025-08-10,G08,G08_TPC,G08_TPC_O2.csv,LIGHT,RUN6,0,12,8,32,1,461,22.74054416,Elam
2025-08-10T14:42:00Z,2025-08-10T15:02:00Z,2025-08-10,B08,B08_TPC,B08_TPC_O2.csv,DARK,RUN6,0,1,8,32,1,465,21.71648261,Mvie
2025-08-10T14:42:00Z,2025-08-10T15:02:00Z,2025-08-10,H08,H08_TPC,H08_TPC_O2.csv,DARK,RUN6,0,2,8,32,1,466,15.57211329,Maeq
2025-08-10T14:42:00Z,2025-08-10T15:02:00Z,2025-08-10,A08,A08_TPC,A08_TPC_O2.csv,DARK,RUN6,0,3,8,32,1,464,13.2751528,Pcyl
2025-08-10T14:42:00Z,2025-08-10T15:02:00Z,2025-08-10,C08,C08_TPC,C08_TPC_O2.csv,DARK,RUN6,0,4,8,32,1,467,8.907737636,Fcom
2025-08-10T14:42:00Z,2025-08-10T15:02:00Z,2025-08-10,E08,E08_TPC,E08_TPC_O2.csv,DARK,RUN6,0,5,8,32,1,461,30.03020351,Peyd
2025-08-10T14:42:00Z,2025-08-10T15:02:00Z,2025-08-10,D04,D04_TPC,D04_TPC_O2.csv,DARK,RUN6,0,6,8,32,1,460,15.43174348,Prus
2025-08-10T14:42:00Z,2025-08-10T15:02:00Z,2025-08-10,J08,J08_TPC,J08_TPC_O2.csv,DARK,RUN6,0,7,8,32,1,464,15.59444485,Ahya
2025-08-10T14:42:00Z,2025-08-10T15:02:00Z,2025-08-10,BLANK1_Run6,BLANK1_Run6_TPC,BLANK1_Run6_TPC_O2.csv,DARK,RUN6,1,8,8,32,NA,475,NA,BLANK
2025-08-10T14:42:00Z,2025-08-10T15:02:00Z,2025-08-10,F08,F08_TPC,F08_TPC_O2.csv,DARK,RUN6,0,9,8,32,1,457,24.85885218,Prug
2025-08-10T14:42:00Z,2025-08-10T15:02:00Z,2025-08-10,I08,I08_TPC,I08_TPC_O2.csv,DARK,RUN6,0,10,8,32,1,465,7.194587934,Tfro
2025-08-10T14:42:00Z,2025-08-10T15:02:00Z,2025-08-10,BLANK2_Run6,BLANK2_Run6_TPC,BLANK2_Run6_TPC_O2.csv,DARK,RUN6,1,11,8,32,NA,475,NA,BLANK
2025-08-10T14:42:00Z,2025-08-10T15:02:00Z,2025-08-10,G08,G08_TPC,G08_TPC_O2.csv,DARK,RUN6,0,12,8,32,1,461,22.74054416,Elam
2025-08-10T15:17:00Z,2025-08-10T15:36:00Z,2025-08-10,B08,B08_TPC,B08_TPC_O2.csv,LIGHT,RUN6,0,1,9,34,1,465,21.71648261,Mvie
2025-08-10T15:17:00Z,2025-08-10T15:36:00Z,2025-08-10,H08,H08_TPC,H08_TPC_O2.csv,LIGHT,RUN6,0,2,9,34,1,466,15.57211329,Maeq
2025-08-10T15:17:00Z,2025-08-10T15:36:00Z,2025-08-10,A08,A08_TPC,A08_TPC_O2.csv,LIGHT,RUN6,0,3,9,34,1,464,13.2751528,Pcyl
2025-08-10T15:17:00Z,2025-08-10T15:36:00Z,2025-08-10,C08,C08_TPC,C08_TPC_O2.csv,LIGHT,RUN6,0,4,9,34,1,467,8.907737636,Fcom
2025-08-10T15:17:00Z,2025-08-10T15:36:00Z,2025-08-10,E08,E08_TPC,E08_TPC_O2.csv,LIGHT,RUN6,0,5,9,34,1,461,30.03020351,Peyd
2025-08-10T15:17:00Z,2025-08-10T15:36:00Z,2025-08-10,D04,D04_TPC,D04_TPC_O2.csv,LIGHT,RUN6,0,6,9,34,1,460,15.43174348,Prus
2025-08-10T15:17:00Z,2025-08-10T15:36:00Z,2025-08-10,J08,J08_TPC,J08_TPC_O2.csv,LIGHT,RUN6,0,7,9,34,1,464,15.59444485,Ahya
2025-08-10T15:17:00Z,2025-08-10T15:36:00Z,2025-08-10,BLANK1_Run6,BLANK1_Run6_TPC,BLANK1_Run6_TPC_O2.csv,LIGHT,RUN6,1,8,9,34,NA,475,NA,BLANK
2025-08-10T15:17:00Z,2025-08-10T15:36:00Z,2025-08-10,F08,F08_TPC,F08_TPC_O2.csv,LIGHT,RUN6,0,9,9,34,1,457,24.85885218,Prug
2025-08-10T15:17:00Z,2025-08-10T15:36:00Z,2025-08-10,I08,I08_TPC,I08_TPC_O2.csv,LIGHT,RUN6,0,10,9,34,1,465,7.194587934,Tfro
2025-08-10T15:17:00Z,2025-08-10T15:36:00Z,2025-08-10,BLANK2_Run6,BLANK2_Run6_TPC,BLANK2_Run6_TPC_O2.csv,LIGHT,RUN6,1,11,9,34,NA,475,NA,BLANK
2025-08-10T15:17:00Z,2025-08-10T15:36:00Z,2025-08-10,G08,G08_TPC,G08_TPC_O2.csv,LIGHT,RUN6,0,12,9,34,1,461,22.74054416,Elam
2025-08-10T15:38:00Z,2025-08-10T15:58:00Z,2025-08-10,B08,B08_TPC,B08_TPC_O2.csv,DARK,RUN6,0,1,9,34,1,465,21.71648261,Mvie
2025-08-10T15:38:00Z,2025-08-10T15:58:00Z,2025-08-10,H08,H08_TPC,H08_TPC_O2.csv,DARK,RUN6,0,2,9,34,1,466,15.57211329,Maeq
2025-08-10T15:38:00Z,2025-08-10T15:58:00Z,2025-08-10,A08,A08_TPC,A08_TPC_O2.csv,DARK,RUN6,0,3,9,34,1,464,13.2751528,Pcyl
2025-08-10T15:38:00Z,2025-08-10T15:58:00Z,2025-08-10,C08,C08_TPC,C08_TPC_O2.csv,DARK,RUN6,0,4,9,34,1,467,8.907737636,Fcom
2025-08-10T15:38:00Z,2025-08-10T15:58:00Z,2025-08-10,E08,E08_TPC,E08_TPC_O2.csv,DARK,RUN6,0,5,9,34,1,461,30.03020351,Peyd
2025-08-10T15:38:00Z,2025-08-10T15:58:00Z,2025-08-10,D04,D04_TPC,D04_TPC_O2.csv,DARK,RUN6,0,6,9,34,1,460,15.43174348,Prus
2025-08-10T15:38:00Z,2025-08-10T15:58:00Z,2025-08-10,J08,J08_TPC,J08_TPC_O2.csv,DARK,RUN6,0,7,9,34,1,464,15.59444485,Ahya
2025-08-10T15:38:00Z,2025-08-10T15:58:00Z,2025-08-10,BLANK1_Run6,BLANK1_Run6_TPC,BLANK1_Run6_TPC_O2.csv,DARK,RUN6,1,8,9,34,NA,475,NA,BLANK
2025-08-10T15:38:00Z,2025-08-10T15:58:00Z,2025-08-10,F08,F08_TPC,F08_TPC_O2.csv,DARK,RUN6,0,9,9,34,1,457,24.85885218,Prug
2025-08-10T15:38:00Z,2025-08-10T15:58:00Z,2025-08-10,I08,I08_TPC,I08_TPC_O2.csv,DARK,RUN6,0,10,9,34,1,465,7.194587934,Tfro
2025-08-10T15:38:00Z,2025-08-10T15:58:00Z,2025-08-10,BLANK2_Run6,BLANK2_Run6_TPC,BLANK2_Run6_TPC_O2.csv,DARK,RUN6,1,11,9,34,NA,475,NA,BLANK
2025-08-10T15:38:00Z,2025-08-10T15:58:00Z,2025-08-10,G08,G08_TPC,G08_TPC_O2.csv,DARK,RUN6,0,12,9,34,1,461,22.74054416,Elam
