DateTime,Speed,Heading,Velocity_N,Velocity_E
2025-08-01T13:00:42Z,0.57,148.84,-0.49,0.3
2025-08-01T13:01:42Z,0.61,168.74,-0.59,0.12
2025-08-01T13:02:42Z,0.3,163.6,-0.29,0.09
2025-08-01T13:03:42Z,0.61,150.27,-0.53,0.3
2025-08-01T13:04:42Z,0.59,222,-0.44,-0.4
2025-08-01T13:05:42Z,0.76,249.5,-0.27,-0.71
2025-08-01T13:06:42Z,0.82,141.38,-0.64,0.51
2025-08-01T13:07:42Z,0.46,148.27,-0.39,0.24
2025-08-01T13:08:42Z,0.41,158.3,-0.39,0.15
2025-08-01T13:09:42Z,0.8,119.77,-0.39,0.69
2025-08-01T13:10:42Z,0.43,118.57,-0.2,0.38
2025-08-01T13:11:42Z,0.32,154.29,-0.29,0.14
2025-08-01T13:12:42Z,0.11,260.55,-0.02,-0.11
2025-08-01T13:13:42Z,0.33,102.8,-0.07,0.32
2025-08-01T13:14:42Z,0.67,260.75,-0.11,-0.67
2025-08-01T13:15:42Z,0.95,276.12,0.1,-0.95
2025-08-01T13:16:42Z,0.31,136.54,-0.22,0.21
2025-08-01T13:17:42Z,0.67,190.75,-0.66,-0.13
2025-08-01T13:18:42Z,1.21,129.14,-0.76,0.94
2025-08-01T13:19:42Z,0.97,114.59,-0.4,0.88
2025-08-01T13:20:42Z,0.42,157.6,-0.39,0.16
2025-08-01T13:21:42Z,0.63,276.65,0.07,-0.62
2025-08-01T13:22:42Z,0.34,185.47,-0.34,-0.03
2025-08-01T13:23:42Z,0.32,287.47,0.1,-0.31
2025-08-01T13:24:42Z,0.17,258.62,-0.03,-0.17
2025-08-01T13:25:42Z,0.45,285.1,0.12,-0.43
2025-08-01T13:26:42Z,0.16,251.39,-0.05,-0.15
2025-08-01T13:27:42Z,0.34,183.89,-0.34,-0.02
2025-08-01T13:28:42Z,0.47,136.79,-0.34,0.32
2025-08-01T13:29:42Z,0.83,133.71,-0.57,0.6
2025-08-01T13:30:42Z,0.82,157.67,-0.76,0.31
2025-08-01T13:31:42Z,0.18,194.31,-0.17,-0.04
2025-08-01T13:32:42Z,0.58,186.08,-0.58,-0.06
2025-08-01T13:33:42Z,0.75,146.46,-0.62,0.41
2025-08-01T13:34:42Z,0.27,192.49,-0.26,-0.06
2025-08-01T13:35:42Z,0.04,41.53,0.03,0.03
2025-08-01T13:36:42Z,0.34,111.4,-0.12,0.32
2025-08-01T13:37:42Z,0.88,139.25,-0.67,0.58
2025-08-01T13:38:42Z,0.74,155.95,-0.67,0.3
2025-08-01T13:39:42Z,0.23,166.5,-0.22,0.05
2025-08-01T13:40:42Z,0.53,247.97,-0.2,-0.49
2025-08-01T13:41:42Z,0.32,292.09,0.12,-0.29
2025-08-01T13:42:42Z,0.22,149.05,-0.19,0.11
2025-08-01T13:43:42Z,0.36,343.07,0.34,-0.1
2025-08-01T13:44:42Z,0.59,287.02,0.17,-0.57
2025-08-01T13:45:42Z,0.78,277.73,0.1,-0.77
2025-08-01T13:46:42Z,0.22,333.37,0.19,-0.1
2025-08-01T13:47:42Z,0.36,311.57,0.24,-0.27
2025-08-01T13:48:42Z,0.4,267.46,-0.02,-0.4
2025-08-01T13:49:42Z,0.34,126.42,-0.2,0.27
2025-08-01T13:50:42Z,0.33,96.13,-0.03,0.33
2025-08-01T13:51:42Z,0.29,255.56,-0.07,-0.28
2025-08-01T13:52:42Z,0.53,121.52,-0.28,0.45
2025-08-01T13:53:42Z,0.9,116.83,-0.41,0.8
2025-08-01T13:54:42Z,0.74,146.54,-0.61,0.41
2025-08-01T13:55:42Z,0.8,168.17,-0.78,0.16
2025-08-01T13:56:42Z,0.08,75.43,0.02,0.08
2025-08-01T13:57:42Z,0.42,304.42,0.23,-0.34
2025-08-01T13:58:42Z,1.39,288.17,0.43,-1.32
2025-08-01T13:59:42Z,0.75,246.23,-0.3,-0.69
2025-08-01T14:00:42Z,0.57,271.05,0.01,-0.57
2025-08-01T14:01:42Z,0.41,204.99,-0.37,-0.17
2025-08-01T14:02:42Z,0.68,300.91,0.35,-0.58
2025-08-01T14:03:42Z,0.54,254.88,-0.14,-0.53
2025-08-01T14:04:42Z,0.64,276.57,0.07,-0.64
2025-08-01T14:05:42Z,0.68,303.29,0.37,-0.57
2025-08-01T14:06:42Z,0.14,129.53,-0.09,0.11
2025-08-01T14:07:42Z,0.22,6.24,0.22,0.02
2025-08-01T14:08:42Z,0.83,143.69,-0.67,0.49
2025-08-01T14:09:42Z,0.32,264.64,-0.03,-0.32
2025-08-01T14:10:42Z,0.64,252.74,-0.19,-0.61
2025-08-01T14:11:42Z,0.42,112.54,-0.16,0.39
2025-08-01T14:12:42Z,0.59,85.79,0.04,0.59
2025-08-01T14:13:42Z,0.35,146.13,-0.29,0.19
2025-08-01T14:14:42Z,0.72,204.69,-0.65,-0.3
2025-08-01T14:15:42Z,0.33,129.86,-0.21,0.25
2025-08-01T14:16:42Z,0.53,259.17,-0.1,-0.52
2025-08-01T14:17:42Z,0.97,134.86,-0.68,0.68
2025-08-01T14:18:42Z,0.24,191.29,-0.24,-0.05
2025-08-01T14:19:42Z,0.31,134.06,-0.21,0.22
2025-08-01T14:20:42Z,0.27,68.14,0.1,0.25
2025-08-01T14:21:42Z,0.39,91.7,-0.01,0.39
2025-08-01T14:22:42Z,0.43,290.63,0.15,-0.4
2025-08-01T14:23:42Z,0.08,120.29,-0.04,0.07
2025-08-01T14:24:42Z,0.32,88.95,0.01,0.32
2025-08-01T14:25:42Z,0.87,117.9,-0.41,0.77
2025-08-01T14:26:42Z,0.15,89.38,0,0.15
2025-08-01T14:27:42Z,0.28,265.28,-0.02,-0.28
2025-08-01T14:28:42Z,0.48,115.69,-0.21,0.43
2025-08-01T14:29:42Z,0.94,135.39,-0.67,0.66
2025-08-01T14:30:42Z,1.41,94.83,-0.12,1.41
2025-08-01T14:31:42Z,0.7,96.27,-0.08,0.7
2025-08-01T14:32:42Z,0.22,103.28,-0.05,0.22
2025-08-01T14:33:42Z,0.38,96.15,-0.04,0.38
2025-08-01T14:34:42Z,0.45,86.37,0.03,0.45
2025-08-01T14:35:42Z,1.63,119.19,-0.79,1.42
2025-08-01T14:36:42Z,1.38,134.56,-0.97,0.98
2025-08-01T14:37:42Z,1.39,128.52,-0.86,1.08
2025-08-01T14:38:42Z,0.75,101.31,-0.15,0.73
2025-08-01T14:39:42Z,1.47,108.81,-0.47,1.39
2025-08-01T14:40:42Z,1.1,112.37,-0.42,1.01
2025-08-01T14:41:42Z,1.14,76.82,0.26,1.11
2025-08-01T14:42:42Z,1.81,104.52,-0.45,1.75
2025-08-01T14:43:42Z,0.77,130.81,-0.51,0.59
2025-08-01T14:44:42Z,0.13,109.48,-0.04,0.12
2025-08-01T14:45:42Z,0.81,283.61,0.19,-0.78
2025-08-01T14:46:42Z,0.34,93.47,-0.02,0.34
2025-08-01T14:47:42Z,0.78,64.09,0.34,0.71
2025-08-01T14:48:42Z,0.38,32.37,0.32,0.2
2025-08-01T14:49:42Z,0.23,29.93,0.2,0.12
2025-08-01T14:50:42Z,0.16,228.84,-0.1,-0.12
2025-08-01T14:51:42Z,0.5,273.09,0.03,-0.5
2025-08-01T14:52:42Z,0.79,289.19,0.26,-0.74
2025-08-01T14:53:42Z,0.7,116.33,-0.31,0.63
2025-08-01T14:54:42Z,0.21,112.27,-0.08,0.19
2025-08-01T14:55:42Z,0.58,131.81,-0.39,0.44
2025-08-01T14:56:42Z,1.07,99.55,-0.18,1.05
2025-08-01T14:57:42Z,0.28,94.82,-0.02,0.28
2025-08-01T14:58:42Z,0.72,199.2,-0.68,-0.24
2025-08-01T14:59:42Z,0.66,110.38,-0.23,0.62
2025-08-01T15:00:42Z,0.1,83.85,0.01,0.1
2025-08-01T15:01:42Z,0.38,242.91,-0.17,-0.34
2025-08-01T15:02:42Z,0.22,63.91,0.1,0.2
2025-08-01T15:03:42Z,0.95,112.79,-0.37,0.88
2025-08-01T15:04:42Z,0.3,133.05,-0.21,0.22
2025-08-01T15:05:42Z,0.2,246.95,-0.08,-0.19
2025-08-01T15:06:42Z,0.21,295.72,0.09,-0.19
2025-08-01T15:07:42Z,0.52,70.31,0.17,0.49
2025-08-01T15:08:42Z,0.93,265.63,-0.07,-0.93
2025-08-01T15:09:42Z,0.32,338.96,0.3,-0.12
2025-08-01T15:10:42Z,0.16,275.1,0.01,-0.16
2025-08-01T15:11:42Z,0.25,133.05,-0.17,0.19
2025-08-01T15:12:42Z,0.22,196.61,-0.21,-0.06
2025-08-01T15:13:42Z,0.29,136.64,-0.21,0.2
2025-08-01T15:14:42Z,0.34,158.37,-0.31,0.12
2025-08-01T15:15:42Z,0.54,280.97,0.1,-0.53
2025-08-01T15:16:42Z,0.95,273.7,0.06,-0.95
2025-08-01T15:17:42Z,0.41,314.75,0.29,-0.29
2025-08-01T15:18:42Z,0.8,138.2,-0.6,0.54
2025-08-01T15:19:42Z,0.17,116.31,-0.08,0.16
2025-08-01T15:20:42Z,0.29,82.51,0.04,0.29
2025-08-01T15:21:42Z,0.83,126.42,-0.49,0.67
2025-08-01T15:22:42Z,0.82,116.26,-0.36,0.74
2025-08-01T15:23:42Z,0.73,102.96,-0.16,0.71
2025-08-01T15:24:42Z,0.68,98.48,-0.1,0.67
2025-08-01T15:25:42Z,0.64,181.18,-0.64,-0.01
2025-08-01T15:26:42Z,0.29,204.51,-0.27,-0.12
2025-08-01T15:27:42Z,0.65,115.05,-0.27,0.59
2025-08-01T15:28:42Z,0.45,146.61,-0.37,0.25
2025-08-01T15:29:42Z,0.18,281.55,0.04,-0.17
2025-08-01T15:30:42Z,0.79,307.69,0.48,-0.63
2025-08-01T15:31:42Z,0.45,14.43,0.44,0.11
2025-08-01T15:32:42Z,0.32,7.31,0.32,0.04
2025-08-01T15:33:42Z,0.27,288.25,0.09,-0.26
2025-08-01T15:34:42Z,0.33,332.83,0.3,-0.15
2025-08-01T15:35:42Z,0.31,35.78,0.25,0.18
2025-08-01T15:36:42Z,0.22,240.11,-0.11,-0.19
2025-08-01T15:37:42Z,0.32,51.99,0.19,0.25
2025-08-01T15:38:42Z,0.82,95.28,-0.08,0.81
2025-08-01T15:39:42Z,0.12,229.59,-0.08,-0.09
2025-08-01T15:40:42Z,0.57,250.91,-0.19,-0.54
2025-08-01T15:41:42Z,1,284.15,0.24,-0.97
2025-08-01T15:42:42Z,0.75,293.41,0.3,-0.69
2025-08-01T15:43:42Z,0.55,278.87,0.08,-0.54
2025-08-01T15:44:42Z,0.41,207.53,-0.37,-0.19
2025-08-01T15:45:42Z,0.95,139.47,-0.72,0.62
2025-08-01T15:46:42Z,0.72,130.67,-0.47,0.55
2025-08-01T15:47:42Z,1.48,115.14,-0.63,1.34
2025-08-01T15:48:42Z,0.22,223.29,-0.16,-0.15
2025-08-01T15:49:42Z,0.37,293.27,0.14,-0.34
2025-08-01T15:50:42Z,0.85,286.83,0.25,-0.82
2025-08-01T15:51:42Z,1.22,279.97,0.21,-1.2
2025-08-01T15:52:42Z,0.03,308.91,0.02,-0.02
2025-08-01T15:53:42Z,0.36,115.6,-0.15,0.32
2025-08-01T15:54:42Z,0.82,100.81,-0.15,0.8
2025-08-01T15:55:42Z,0.39,274.65,0.03,-0.39
2025-08-01T15:56:42Z,0.68,260.98,-0.11,-0.67
2025-08-01T15:57:42Z,0.71,300.57,0.36,-0.61
2025-08-01T15:58:42Z,0.6,324.39,0.49,-0.35
2025-08-01T15:59:42Z,0.31,131.32,-0.2,0.23
2025-08-01T16:00:42Z,1.14,276.66,0.13,-1.13
2025-08-01T16:01:42Z,1.65,271.41,0.04,-1.65
2025-08-01T16:02:42Z,0.33,323.46,0.27,-0.2
2025-08-01T16:03:42Z,0.49,18.27,0.46,0.15
2025-08-01T16:04:42Z,0.53,268.54,-0.01,-0.53
2025-08-01T16:05:42Z,0.8,312.36,0.54,-0.59
2025-08-01T16:06:42Z,0.47,87.01,0.02,0.47
2025-08-01T16:07:42Z,0.81,145.79,-0.67,0.46
2025-08-01T16:08:42Z,0.59,178.03,-0.59,0.02
2025-08-01T16:09:42Z,2.44,94.37,-0.19,2.44
2025-08-01T16:10:42Z,1.1,82.99,0.13,1.09
2025-08-01T16:11:42Z,0.07,349.1,0.07,-0.01
2025-08-01T16:12:42Z,1.05,268.82,-0.02,-1.05
2025-08-01T16:13:42Z,0.16,293.99,0.06,-0.14
2025-08-01T16:14:42Z,2.53,109.76,-0.86,2.39
2025-08-01T16:15:42Z,0.91,121.71,-0.48,0.77
2025-08-01T16:16:42Z,0.61,259.36,-0.11,-0.6
2025-08-01T16:17:42Z,0.71,300.5,0.36,-0.61
2025-08-01T16:18:42Z,0.69,271.53,0.02,-0.69
2025-08-01T16:19:42Z,0.5,301.85,0.27,-0.43
2025-08-01T16:20:42Z,0.32,43.34,0.23,0.22
2025-08-01T16:21:42Z,0.53,8.4,0.53,0.08
2025-08-01T16:22:42Z,0.91,72.65,0.27,0.87
2025-08-01T16:23:42Z,0.38,262.4,-0.05,-0.38
2025-08-01T16:24:42Z,0.02,292.54,0.01,-0.02
2025-08-01T16:25:42Z,0.7,281.33,0.14,-0.69
2025-08-01T16:26:42Z,1.19,264.31,-0.12,-1.18
2025-08-01T16:27:42Z,1.12,273.74,0.07,-1.12
2025-08-01T16:28:42Z,0.8,335.4,0.73,-0.33
2025-08-01T16:29:42Z,0.4,285.91,0.11,-0.39
2025-08-01T16:30:42Z,0.58,318.77,0.44,-0.38
2025-08-01T16:31:42Z,1.01,303.57,0.56,-0.84
2025-08-01T16:32:42Z,0.26,153.73,-0.23,0.12
2025-08-01T16:33:42Z,1.2,95.28,-0.11,1.2
2025-08-01T16:34:42Z,0.17,303.37,0.09,-0.14
2025-08-01T16:35:42Z,0.31,242.88,-0.14,-0.28
2025-08-01T16:36:42Z,0.28,156.73,-0.26,0.11
2025-08-01T16:37:42Z,0.32,39.96,0.25,0.21
2025-08-01T16:38:42Z,0.24,19.31,0.23,0.08
2025-08-01T16:39:42Z,0.92,110.72,-0.33,0.86
2025-08-01T16:40:42Z,0.23,262.37,-0.03,-0.23
2025-08-01T16:41:42Z,0.31,220.48,-0.24,-0.2
2025-08-01T16:42:42Z,0.89,101.17,-0.17,0.87
2025-08-01T16:43:42Z,0.4,339.93,0.37,-0.14
2025-08-01T16:44:42Z,0.55,280.33,0.1,-0.54
2025-08-01T16:45:42Z,0.18,111.23,-0.06,0.17
2025-08-01T16:46:42Z,0.28,33.06,0.23,0.15
2025-08-01T16:47:42Z,0.22,340.16,0.21,-0.08
2025-08-01T16:48:42Z,0.37,101.7,-0.07,0.36
2025-08-01T16:49:42Z,0.37,264.98,-0.03,-0.37
2025-08-01T16:50:42Z,0.48,309.38,0.3,-0.37
2025-08-01T16:51:42Z,0.33,103.37,-0.08,0.32
2025-08-01T16:52:42Z,0.55,79.38,0.1,0.54
2025-08-01T16:53:42Z,0.4,48.13,0.27,0.3
2025-08-01T16:54:42Z,0.18,158.27,-0.17,0.07
2025-08-01T16:55:42Z,0.6,144.88,-0.49,0.35
2025-08-01T16:56:42Z,0.44,233.11,-0.27,-0.36
2025-08-01T16:57:42Z,0.13,326.67,0.11,-0.07
2025-08-01T16:58:42Z,0.58,97.46,-0.07,0.57
2025-08-01T16:59:42Z,0.4,302.78,0.22,-0.34
2025-08-01T17:00:42Z,0.19,206.98,-0.17,-0.08
2025-08-01T17:01:42Z,0.08,76.47,0.02,0.08
2025-08-01T17:02:42Z,0.23,274.55,0.02,-0.23
2025-08-01T17:03:42Z,0.39,287.53,0.12,-0.37
2025-08-01T17:04:42Z,0.21,327.7,0.18,-0.11
2025-08-01T17:05:42Z,0.49,334.04,0.44,-0.22
2025-08-01T17:06:42Z,0.09,220.32,-0.07,-0.06
2025-08-01T17:07:42Z,0.57,293.82,0.23,-0.52
2025-08-01T17:08:42Z,0.78,283.29,0.18,-0.76
2025-08-01T17:09:42Z,0.8,323.1,0.64,-0.48
2025-08-01T17:10:42Z,0.97,314.02,0.67,-0.7
2025-08-01T17:11:42Z,0.6,275.07,0.05,-0.6
2025-08-01T17:12:42Z,0.28,275.83,0.03,-0.28
2025-08-01T17:13:42Z,1.7,300.35,0.86,-1.47
2025-08-01T17:14:42Z,0.15,153.5,-0.14,0.07
2025-08-01T17:15:42Z,0.87,304.95,0.5,-0.72
2025-08-01T17:16:42Z,0.44,321.05,0.34,-0.28
2025-08-01T17:17:42Z,0.63,304.05,0.35,-0.52
2025-08-01T17:18:42Z,0.54,280.36,0.1,-0.53
2025-08-01T17:19:42Z,0.17,354.34,0.17,-0.02
2025-08-01T17:20:42Z,0.58,287.66,0.18,-0.56
2025-08-01T17:21:42Z,0.69,276.96,0.08,-0.68
2025-08-01T17:22:42Z,0.78,270.84,0.01,-0.78
2025-08-01T17:23:42Z,0.18,279.21,0.03,-0.18
2025-08-01T17:24:42Z,0.26,74.8,0.07,0.25
2025-08-01T17:25:42Z,0.29,330.25,0.25,-0.14
2025-08-01T17:26:42Z,0.51,324.01,0.41,-0.3
2025-08-01T17:27:42Z,0.55,302.67,0.3,-0.47
2025-08-01T17:28:42Z,0.37,254.22,-0.1,-0.36
2025-08-01T17:29:42Z,0.37,87.34,0.02,0.37
2025-08-01T17:30:42Z,0.33,38.86,0.25,0.21
2025-08-01T17:31:42Z,0.44,321.08,0.34,-0.27
2025-08-01T17:32:42Z,0.21,8.72,0.21,0.03
2025-08-01T17:33:42Z,0.44,333.11,0.4,-0.2
2025-08-01T17:34:42Z,0.37,253.63,-0.11,-0.36
2025-08-01T17:35:42Z,0.82,280.62,0.15,-0.81
2025-08-01T17:36:42Z,0.39,248.83,-0.14,-0.36
2025-08-01T17:37:42Z,0.28,116.98,-0.13,0.25
2025-08-01T17:38:42Z,0.66,69.2,0.23,0.61
2025-08-01T17:39:42Z,0.64,68.93,0.23,0.6
2025-08-01T17:40:42Z,0.87,295.45,0.37,-0.78
2025-08-01T17:41:42Z,1.02,293.78,0.41,-0.93
2025-08-01T17:42:42Z,0.69,278.16,0.1,-0.68
2025-08-01T17:43:42Z,0.32,101.11,-0.06,0.32
2025-08-01T17:44:42Z,0.42,332.39,0.37,-0.19
2025-08-01T17:45:42Z,0.87,254.76,-0.23,-0.84
2025-08-01T17:46:42Z,0.33,235.3,-0.19,-0.27
2025-08-01T17:47:42Z,0.53,273.99,0.04,-0.53
2025-08-01T17:48:42Z,0.32,11.24,0.31,0.06
2025-08-01T17:49:42Z,0.17,39.72,0.13,0.11
2025-08-01T17:50:42Z,0.13,317.14,0.09,-0.09
2025-08-01T17:51:42Z,0.89,280.04,0.16,-0.88
2025-08-01T17:52:42Z,1.08,319.84,0.83,-0.7
2025-08-01T17:53:42Z,0.22,328.83,0.18,-0.11
2025-08-01T17:54:42Z,0.27,344.56,0.26,-0.07
2025-08-01T17:55:42Z,0.14,118.14,-0.07,0.13
2025-08-01T17:56:42Z,0.41,292.49,0.16,-0.38
2025-08-01T17:57:42Z,0.38,22,0.35,0.14
2025-08-01T17:58:42Z,0.03,288.5,0.01,-0.03
2025-08-01T17:59:42Z,0.17,254.91,-0.04,-0.16
2025-08-01T18:00:42Z,0.47,94.15,-0.03,0.47
2025-08-01T18:01:42Z,0.58,344.73,0.55,-0.15
2025-08-01T18:02:42Z,0.74,295.76,0.32,-0.66
2025-08-01T18:03:42Z,0.73,286.57,0.21,-0.7
2025-08-01T18:04:42Z,0.63,36.84,0.51,0.38
2025-08-01T18:05:42Z,0.58,325.35,0.47,-0.33
2025-08-01T18:06:42Z,0.58,76.27,0.14,0.56
2025-08-01T18:07:42Z,0.87,129.38,-0.55,0.67
2025-08-01T18:08:42Z,1.68,124.25,-0.94,1.39
2025-08-01T18:09:42Z,0.83,125.14,-0.48,0.68
2025-08-01T18:10:42Z,1.29,135.48,-0.92,0.9
2025-08-01T18:11:42Z,1.38,118.12,-0.65,1.22
2025-08-01T18:12:42Z,0.84,156.87,-0.77,0.33
2025-08-01T18:13:42Z,1.12,154.41,-1.01,0.48
2025-08-01T18:14:42Z,0.35,184.29,-0.35,-0.03
2025-08-01T18:15:42Z,0.31,35.61,0.25,0.18
2025-08-01T18:16:42Z,0.52,312.19,0.35,-0.39
2025-08-01T18:17:42Z,0.31,177.25,-0.3,0.01
2025-08-01T18:18:42Z,0.31,299.67,0.15,-0.27
2025-08-01T18:19:42Z,0.37,120.67,-0.19,0.31
2025-08-01T18:20:42Z,0.62,258.79,-0.12,-0.6
2025-08-01T18:21:42Z,1.01,115.78,-0.44,0.91
2025-08-01T18:22:42Z,1.56,80.85,0.25,1.54
2025-08-01T18:23:42Z,0.38,255.02,-0.1,-0.36
2025-08-01T18:24:42Z,0.2,316.22,0.15,-0.14
2025-08-01T18:25:42Z,0.24,322.1,0.19,-0.15
2025-08-01T18:26:42Z,0.37,5.76,0.37,0.04
2025-08-01T18:27:42Z,1.35,282.4,0.29,-1.31
2025-08-01T18:28:42Z,0.12,246.95,-0.05,-0.11
2025-08-01T18:29:42Z,1.46,280.88,0.28,-1.44
2025-08-01T18:30:42Z,1.06,268.71,-0.02,-1.06
2025-08-01T18:31:42Z,1.56,289.33,0.52,-1.47
2025-08-01T18:32:42Z,1.07,286.64,0.31,-1.02
2025-08-01T18:33:42Z,0.68,287.59,0.21,-0.65
2025-08-01T18:34:42Z,0.53,148.67,-0.45,0.28
2025-08-01T18:35:42Z,0.87,84.14,0.09,0.87
2025-08-01T18:36:42Z,0.38,352.06,0.37,-0.05
2025-08-01T18:37:42Z,0.19,137.69,-0.14,0.13
2025-08-01T18:38:42Z,0.15,153.92,-0.14,0.07
2025-08-01T18:39:42Z,0.29,322.52,0.23,-0.18
2025-08-01T18:40:42Z,0.3,280.39,0.05,-0.3
2025-08-01T18:41:42Z,1.29,287.32,0.38,-1.23
2025-08-01T18:42:42Z,1.69,278.3,0.24,-1.68
2025-08-01T18:43:42Z,1.2,287.87,0.37,-1.14
2025-08-01T18:44:42Z,1.29,274.79,0.11,-1.29
2025-08-01T18:45:42Z,0.89,109.53,-0.3,0.84
2025-08-01T18:46:42Z,0.4,274.97,0.03,-0.4
2025-08-01T18:47:42Z,0.48,153.47,-0.43,0.21
2025-08-01T18:48:42Z,1.08,97.72,-0.14,1.07
2025-08-01T18:49:42Z,0.45,111.6,-0.16,0.41
2025-08-01T18:50:42Z,0.46,194.62,-0.44,-0.11
2025-08-01T18:51:42Z,0.4,286.02,0.11,-0.39
2025-08-01T18:52:42Z,0.44,259.14,-0.08,-0.43
2025-08-01T18:53:42Z,0.37,347.53,0.36,-0.08
2025-08-01T18:54:42Z,1.19,113.07,-0.47,1.09
2025-08-01T18:55:42Z,1,121.41,-0.52,0.85
2025-08-01T18:56:42Z,0.63,277.3,0.08,-0.62
2025-08-01T18:57:42Z,0.79,283.94,0.19,-0.77
2025-08-01T18:58:42Z,0.66,266.93,-0.04,-0.66
2025-08-01T18:59:42Z,0.69,282.39,0.15,-0.67
2025-08-01T19:00:42Z,0.53,356.34,0.53,-0.03
2025-08-01T19:01:42Z,0.15,244.58,-0.06,-0.14
2025-08-01T19:02:42Z,0.1,43.86,0.07,0.07
2025-08-01T19:03:42Z,0.79,292.18,0.3,-0.74
2025-08-01T19:04:42Z,0.94,273.58,0.06,-0.94
2025-08-01T19:05:42Z,0.66,251.85,-0.21,-0.63
2025-08-01T19:06:42Z,0.24,122.31,-0.13,0.2
2025-08-01T19:07:42Z,0.47,303.79,0.26,-0.39
2025-08-01T19:08:42Z,0.79,271.69,0.02,-0.79
2025-08-01T19:09:42Z,0.44,317.25,0.32,-0.3
2025-08-01T19:10:42Z,0.31,342.44,0.3,-0.09
2025-08-01T19:11:42Z,0.54,294.06,0.22,-0.5
2025-08-01T19:12:42Z,0.14,91.33,-0,0.14
2025-08-01T19:13:42Z,0.52,108.31,-0.16,0.5
2025-08-01T19:14:42Z,0.66,168.03,-0.65,0.14
2025-08-01T19:15:42Z,1.16,112.1,-0.44,1.07
2025-08-01T19:16:42Z,1.06,38.06,0.83,0.65
2025-08-01T19:17:42Z,1.05,52.67,0.64,0.84
2025-08-01T19:18:42Z,0.74,105.2,-0.19,0.71
2025-08-01T19:19:42Z,0.57,44.76,0.41,0.4
2025-08-01T19:20:42Z,0.21,323.17,0.17,-0.13
2025-08-01T19:21:42Z,0.23,280.81,0.04,-0.23
2025-08-01T19:22:42Z,0.18,94.44,-0.01,0.18
2025-08-01T19:23:42Z,0.29,355.01,0.29,-0.03
2025-08-01T19:24:42Z,0.58,311.15,0.38,-0.44
2025-08-01T19:25:42Z,0.65,313.06,0.44,-0.47
2025-08-01T19:26:42Z,0.07,236.08,-0.04,-0.05
2025-08-01T19:27:42Z,0.6,291.67,0.22,-0.56
2025-08-01T19:28:42Z,0.1,243.66,-0.05,-0.09
2025-08-01T19:29:42Z,0.74,325.19,0.61,-0.42
2025-08-01T19:30:42Z,0.19,242.32,-0.09,-0.17
2025-08-01T19:31:42Z,0.67,117.56,-0.31,0.6
2025-08-01T19:32:42Z,0.15,215.95,-0.12,-0.09
2025-08-01T19:33:42Z,1.09,120.87,-0.56,0.94
2025-08-01T19:34:42Z,0.63,138.56,-0.47,0.42
2025-08-01T19:35:42Z,0.97,104.34,-0.24,0.94
2025-08-01T19:36:42Z,0.23,10.89,0.22,0.04
2025-08-01T19:37:42Z,0.2,234.9,-0.11,-0.16
2025-08-01T19:38:42Z,0.25,159.66,-0.24,0.09
2025-08-01T19:39:42Z,0.55,118.94,-0.27,0.48
2025-08-01T19:40:42Z,0.11,159.24,-0.1,0.04
2025-08-01T19:41:42Z,0.05,125.9,-0.03,0.04
2025-08-01T19:42:42Z,0.58,139.62,-0.44,0.38
2025-08-01T19:43:42Z,1.24,141.89,-0.98,0.77
2025-08-01T19:44:42Z,0.15,167.27,-0.15,0.03
2025-08-01T19:45:42Z,0.27,185.43,-0.27,-0.03
2025-08-01T19:46:42Z,0.35,165.56,-0.33,0.09
2025-08-01T19:47:42Z,0.59,115.07,-0.25,0.54
2025-08-01T19:48:42Z,1.09,93.17,-0.06,1.09
2025-08-01T19:49:42Z,0.69,116.91,-0.31,0.61
2025-08-01T19:50:42Z,0.71,122.6,-0.38,0.6
2025-08-01T19:51:42Z,0.15,212.73,-0.13,-0.08
2025-08-01T19:52:42Z,1.15,139.35,-0.87,0.75
2025-08-01T19:53:42Z,1.39,138.79,-1.05,0.92
2025-08-01T19:54:42Z,0.68,131.78,-0.46,0.51
2025-08-01T19:55:42Z,0.48,84.05,0.05,0.48
2025-08-01T19:56:42Z,0.22,2,0.22,0.01
2025-08-01T19:57:42Z,0.19,141.71,-0.15,0.12
2025-08-01T19:58:42Z,0.41,193.92,-0.39,-0.1
2025-08-01T19:59:42Z,0.22,89.26,0,0.22
2025-08-01T20:00:42Z,0.16,135.97,-0.12,0.11
2025-08-01T20:01:42Z,1.33,280.61,0.25,-1.31
2025-08-01T20:02:42Z,0.27,270.71,0,-0.27
2025-08-01T20:03:42Z,0.45,261.81,-0.06,-0.45
2025-08-01T20:04:42Z,0.95,122.66,-0.51,0.8
2025-08-01T20:05:42Z,1.32,115.94,-0.58,1.19
2025-08-01T20:06:42Z,0.68,66.19,0.28,0.62
2025-08-01T20:07:42Z,0.78,102.67,-0.17,0.76
2025-08-01T20:08:42Z,0.81,87.48,0.04,0.81
2025-08-01T20:09:42Z,1.09,113.35,-0.43,1
2025-08-01T20:10:42Z,1.74,78.46,0.35,1.71
2025-08-01T20:11:42Z,1.32,113.78,-0.53,1.21
2025-08-01T20:12:42Z,0.62,46.38,0.43,0.45
2025-08-01T20:13:42Z,0.53,163.41,-0.51,0.15
2025-08-01T20:14:42Z,0.79,170.02,-0.78,0.14
2025-08-01T20:15:42Z,0.31,73.57,0.09,0.3
2025-08-01T20:16:42Z,0.43,147.13,-0.36,0.23
2025-08-01T20:17:42Z,1.13,94,-0.08,1.13
2025-08-01T20:18:42Z,1.73,116.98,-0.78,1.54
2025-08-01T20:19:42Z,0.73,112.93,-0.28,0.67
2025-08-01T20:20:42Z,0.3,251.46,-0.1,-0.29
2025-08-01T20:21:42Z,0.62,279.95,0.11,-0.61
2025-08-01T20:22:42Z,0.75,266.49,-0.05,-0.75
2025-08-01T20:23:42Z,1.67,120.48,-0.85,1.44
2025-08-01T20:24:42Z,1.05,98.12,-0.15,1.04
2025-08-01T20:25:42Z,0.71,113.49,-0.28,0.65
2025-08-01T20:26:42Z,0.36,182.47,-0.36,-0.02
2025-08-01T20:27:42Z,0.47,111.65,-0.17,0.44
2025-08-01T20:28:42Z,0.27,333.76,0.24,-0.12
2025-08-01T20:29:42Z,0.63,297.09,0.29,-0.56
2025-08-01T20:30:42Z,0.21,269.99,-0,-0.21
2025-08-01T20:31:42Z,0.62,305.22,0.36,-0.51
2025-08-01T20:32:42Z,1.28,303.2,0.7,-1.07
2025-08-01T20:33:42Z,2.11,282.11,0.44,-2.06
2025-08-01T20:34:42Z,1.61,279.53,0.27,-1.59
2025-08-01T20:35:42Z,1.94,290.32,0.67,-1.82
2025-08-01T20:36:42Z,1.66,272.72,0.08,-1.66
2025-08-01T20:37:42Z,1.99,236.61,-1.09,-1.66
2025-08-01T20:38:42Z,0.65,143.4,-0.52,0.39
2025-08-01T20:39:42Z,1.1,138.8,-0.83,0.73
2025-08-01T20:40:42Z,1.09,142.47,-0.86,0.66
2025-08-01T20:41:42Z,0.28,107.83,-0.09,0.27
2025-08-01T20:42:42Z,0.91,99.28,-0.15,0.9
2025-08-01T20:43:42Z,0.71,57.48,0.38,0.6
2025-08-01T20:44:42Z,0.57,124.51,-0.32,0.47
2025-08-01T20:45:42Z,2.17,91.15,-0.04,2.17
2025-08-01T20:46:42Z,0.43,92.31,-0.02,0.43
2025-08-01T20:47:42Z,0.18,359.09,0.18,-0
2025-08-01T20:48:42Z,1.14,285.77,0.31,-1.09
2025-08-01T20:49:42Z,0.51,300.4,0.26,-0.44
2025-08-01T20:50:42Z,0.49,304.11,0.27,-0.4
2025-08-01T20:51:42Z,1.58,110.09,-0.54,1.48
2025-08-01T20:52:42Z,2.36,77.57,0.51,2.31
2025-08-01T20:53:42Z,0.85,110.23,-0.29,0.8
2025-08-01T20:54:42Z,0.1,90.4,-0,0.1
2025-08-01T20:55:42Z,0.38,311.52,0.25,-0.29
2025-08-01T20:56:42Z,0.59,359.09,0.59,-0.01
2025-08-01T20:57:42Z,0.41,57.07,0.23,0.35
2025-08-01T20:58:42Z,0.25,116.95,-0.11,0.22
2025-08-01T20:59:42Z,1.99,99.31,-0.32,1.96
2025-08-01T21:00:42Z,1.42,84.34,0.14,1.41
2025-08-01T21:01:42Z,1.47,80.66,0.24,1.45
2025-08-01T21:02:42Z,0.71,82.68,0.09,0.7
2025-08-01T21:03:42Z,0.4,17.77,0.38,0.12
2025-08-01T21:04:42Z,0.22,156.03,-0.2,0.09
2025-08-01T21:05:42Z,0.96,294.77,0.4,-0.87
2025-08-01T21:06:42Z,0.62,260.99,-0.1,-0.61
2025-08-01T21:07:42Z,0.27,184.42,-0.27,-0.02
2025-08-01T21:08:42Z,0.3,291.98,0.11,-0.28
2025-08-01T21:09:42Z,0.21,206.05,-0.19,-0.09
2025-08-01T21:10:42Z,0.27,202.42,-0.25,-0.1
2025-08-01T21:11:42Z,0.31,5.46,0.31,0.03
2025-08-01T21:12:42Z,1.33,295.65,0.58,-1.2
2025-08-01T21:13:42Z,1.56,282.17,0.33,-1.53
2025-08-01T21:14:42Z,0.99,285.41,0.26,-0.95
2025-08-01T21:15:42Z,1.37,284.67,0.35,-1.32
2025-08-01T21:16:42Z,0.52,240.37,-0.26,-0.45
2025-08-01T21:17:42Z,1.34,265.41,-0.11,-1.34
2025-08-01T21:18:42Z,1.35,288.61,0.43,-1.28
2025-08-01T21:19:42Z,1.5,269.81,-0,-1.5
2025-08-01T21:20:42Z,1.5,272.39,0.06,-1.5
2025-08-01T21:21:42Z,1.35,262.84,-0.17,-1.34
2025-08-01T21:22:42Z,0.25,110.14,-0.09,0.24
2025-08-01T21:23:42Z,0.72,176.33,-0.72,0.05
2025-08-01T21:24:42Z,1.3,121.41,-0.68,1.11
2025-08-01T21:25:42Z,0.43,172.97,-0.43,0.05
2025-08-01T21:26:42Z,0.36,112.47,-0.14,0.33
2025-08-01T21:27:42Z,0.21,228.37,-0.14,-0.15
2025-08-01T21:28:42Z,0.4,311.67,0.27,-0.3
2025-08-01T21:29:42Z,0.62,341.31,0.59,-0.2
2025-08-01T21:30:42Z,0.24,262.15,-0.03,-0.24
2025-08-01T21:31:42Z,0.81,174.21,-0.81,0.08
2025-08-01T21:32:42Z,1.44,132.19,-0.97,1.07
2025-08-01T21:33:42Z,0.59,134,-0.41,0.42
2025-08-01T21:34:42Z,0.37,107.75,-0.11,0.35
2025-08-01T21:35:42Z,0.77,61.55,0.37,0.68
2025-08-01T21:36:42Z,1.23,26.07,1.1,0.54
2025-08-01T21:37:42Z,0.99,354.04,0.99,-0.1
2025-08-01T21:38:42Z,0.75,342.99,0.72,-0.22
2025-08-01T21:39:42Z,0.48,304.53,0.27,-0.39
2025-08-01T21:40:42Z,0.81,278.38,0.12,-0.8
2025-08-01T21:41:42Z,1.09,266.91,-0.06,-1.09
2025-08-01T21:42:42Z,0.63,296.58,0.28,-0.56
2025-08-01T21:43:42Z,0.44,129.49,-0.28,0.34
2025-08-01T21:44:42Z,0.3,279.68,0.05,-0.29
2025-08-01T21:45:42Z,0.31,335.06,0.28,-0.13
2025-08-01T21:46:42Z,0.31,334.5,0.28,-0.13
2025-08-01T21:47:42Z,1.17,277.2,0.15,-1.16
2025-08-01T21:48:42Z,1.02,297.59,0.47,-0.91
2025-08-01T21:49:42Z,0.61,255.31,-0.16,-0.59
2025-08-01T21:50:42Z,1.03,281.8,0.21,-1.01
2025-08-01T21:51:42Z,0.12,107.41,-0.04,0.11
2025-08-01T21:52:42Z,0.16,295.26,0.07,-0.15
2025-08-01T21:53:42Z,0.17,323.24,0.14,-0.1
2025-08-01T21:54:42Z,0.36,292.2,0.14,-0.33
2025-08-01T21:55:42Z,0.18,327.96,0.16,-0.1
2025-08-01T21:56:42Z,0.04,15.14,0.04,0.01
2025-08-01T21:57:42Z,0.69,280.26,0.12,-0.67
2025-08-01T21:58:42Z,0.36,301.62,0.19,-0.31
2025-08-01T21:59:42Z,0.38,273.49,0.02,-0.38
2025-08-01T22:00:42Z,0.36,277.68,0.05,-0.36
2025-08-01T22:01:42Z,0.23,266.26,-0.01,-0.23
2025-08-01T22:02:42Z,0.38,306.22,0.23,-0.31
2025-08-01T22:03:42Z,0.26,242.85,-0.12,-0.23
2025-08-01T22:04:42Z,0.77,136.65,-0.56,0.53
2025-08-01T22:05:42Z,0.64,135.91,-0.46,0.44
2025-08-01T22:06:42Z,1.03,140.56,-0.8,0.66
2025-08-01T22:07:42Z,1.09,121.01,-0.56,0.93
2025-08-01T22:08:42Z,0.27,251.56,-0.09,-0.26
2025-08-01T22:09:42Z,0.52,290.12,0.18,-0.49
2025-08-01T22:10:42Z,0.69,308.82,0.43,-0.54
2025-08-01T22:11:42Z,0.05,115.64,-0.02,0.05
2025-08-01T22:12:42Z,0.57,309.78,0.37,-0.44
2025-08-01T22:13:42Z,0.31,217.75,-0.25,-0.19
2025-08-01T22:14:42Z,0.32,252.16,-0.1,-0.31
2025-08-01T22:15:42Z,0.18,330.01,0.16,-0.09
2025-08-01T22:16:42Z,0.35,209.36,-0.3,-0.17
2025-08-01T22:17:42Z,0.18,165.6,-0.17,0.04
2025-08-01T22:18:42Z,0.09,339.73,0.08,-0.03
2025-08-01T22:19:42Z,0.15,54.85,0.08,0.12
2025-08-01T22:20:42Z,0.05,220.62,-0.04,-0.03
2025-08-01T22:21:42Z,0.35,277.25,0.04,-0.35
2025-08-01T22:22:42Z,0.26,264.41,-0.03,-0.26
2025-08-01T22:23:42Z,0.28,129.16,-0.18,0.22
2025-08-01T22:24:42Z,0.34,342.37,0.33,-0.1
2025-08-01T22:25:42Z,0.81,273.31,0.05,-0.81
2025-08-01T22:26:42Z,1.01,290.68,0.36,-0.95
2025-08-01T22:27:42Z,0.32,333.3,0.29,-0.15
2025-08-01T22:28:42Z,0.32,102.96,-0.07,0.31
2025-08-01T22:29:42Z,0.14,108.78,-0.04,0.13
2025-08-01T22:30:42Z,0.65,305.38,0.38,-0.53
2025-08-01T22:31:42Z,0.68,286.58,0.19,-0.65
2025-08-01T22:32:42Z,0.25,305.18,0.15,-0.21
2025-08-01T22:33:42Z,0.31,238.84,-0.16,-0.26
2025-08-01T22:34:42Z,0.3,316.63,0.22,-0.21
2025-08-01T22:35:42Z,0.36,278.45,0.05,-0.36
2025-08-01T22:36:42Z,0.33,272.09,0.01,-0.33
2025-08-01T22:37:42Z,0.55,275.84,0.06,-0.55
2025-08-01T22:38:42Z,0.59,268.41,-0.02,-0.59
2025-08-01T22:39:42Z,0.57,277.11,0.07,-0.56
2025-08-01T22:40:42Z,1.08,292.26,0.41,-1
2025-08-01T22:41:42Z,0.1,140.11,-0.08,0.06
2025-08-01T22:42:42Z,0.86,288.13,0.27,-0.82
2025-08-01T22:43:42Z,0.64,288.89,0.21,-0.6
2025-08-01T22:44:42Z,0.33,270.69,0,-0.33
2025-08-01T22:45:42Z,0.27,83.26,0.03,0.27
2025-08-01T22:46:42Z,0.2,336.15,0.18,-0.08
2025-08-01T22:47:42Z,0.22,184.16,-0.22,-0.02
2025-08-01T22:48:42Z,0.28,125.3,-0.16,0.23
2025-08-01T22:49:42Z,0.17,279.11,0.03,-0.17
2025-08-01T22:50:42Z,0.39,176.84,-0.39,0.02
2025-08-01T22:51:42Z,0.1,288.4,0.03,-0.09
2025-08-01T22:52:42Z,0.24,275.82,0.02,-0.24
2025-08-01T22:53:42Z,0.47,286.74,0.14,-0.45
2025-08-01T22:54:42Z,0.32,104.78,-0.08,0.31
2025-08-01T22:55:42Z,0.33,313.35,0.23,-0.24
2025-08-01T22:56:42Z,0.26,156.23,-0.23,0.1
2025-08-01T22:57:42Z,0.25,262.94,-0.03,-0.25
2025-08-01T22:58:42Z,0.27,218.14,-0.21,-0.17
2025-08-01T22:59:42Z,0.82,161.53,-0.78,0.26
2025-08-01T23:00:42Z,0.48,144.32,-0.39,0.28
2025-08-01T23:01:42Z,0.36,235.74,-0.2,-0.29
2025-08-01T23:02:42Z,0.36,258.17,-0.07,-0.36
2025-08-01T23:03:42Z,0.4,280.41,0.07,-0.4
2025-08-01T23:04:42Z,0.08,359.88,0.08,-0
2025-08-01T23:05:42Z,0.48,335.4,0.44,-0.2
2025-08-01T23:06:42Z,0.32,291.45,0.12,-0.3
2025-08-01T23:07:42Z,0.27,334.67,0.25,-0.12
2025-08-01T23:08:42Z,0.2,354.41,0.2,-0.02
2025-08-01T23:09:42Z,0.42,98.05,-0.06,0.42
2025-08-01T23:10:42Z,0.36,300.93,0.19,-0.31
2025-08-01T23:11:42Z,1.26,299.09,0.61,-1.1
2025-08-01T23:12:42Z,0.54,276.78,0.06,-0.54
2025-08-01T23:13:42Z,0.52,280.22,0.09,-0.51
2025-08-01T23:14:42Z,0.2,128.64,-0.13,0.16
2025-08-01T23:15:42Z,0.5,266.37,-0.03,-0.5
2025-08-01T23:16:42Z,0.29,289.32,0.09,-0.27
2025-08-01T23:17:42Z,0.3,317.8,0.22,-0.2
2025-08-01T23:18:42Z,0.54,300.33,0.28,-0.47
2025-08-01T23:19:42Z,0.63,274.83,0.05,-0.63
2025-08-01T23:20:42Z,0.4,279.13,0.06,-0.39
2025-08-01T23:21:42Z,0.1,291.04,0.04,-0.09
2025-08-01T23:22:42Z,0.26,78.37,0.05,0.25
2025-08-01T23:23:42Z,0.16,215.04,-0.13,-0.09
2025-08-01T23:24:42Z,0.23,229.14,-0.15,-0.18
2025-08-01T23:25:42Z,0.09,333.1,0.08,-0.04
2025-08-01T23:26:42Z,0.3,241.96,-0.14,-0.26
2025-08-01T23:27:42Z,0.26,269.49,-0,-0.26
2025-08-01T23:28:42Z,0.6,290.57,0.21,-0.56
2025-08-01T23:29:42Z,0.49,287.2,0.15,-0.47
2025-08-01T23:30:42Z,0.56,305.36,0.32,-0.45
2025-08-01T23:31:42Z,0.31,313.45,0.21,-0.22
2025-08-01T23:32:42Z,0.28,317.83,0.21,-0.19
2025-08-01T23:33:42Z,0.66,337.02,0.61,-0.26
2025-08-01T23:34:42Z,0.65,293.66,0.26,-0.6
2025-08-01T23:35:42Z,0.22,139.19,-0.17,0.14
2025-08-01T23:36:42Z,0.29,340.85,0.27,-0.1
2025-08-01T23:37:42Z,1.01,162.79,-0.97,0.3
2025-08-01T23:38:42Z,1.34,121.15,-0.69,1.15
2025-08-01T23:39:42Z,0.05,102.33,-0.01,0.05
2025-08-01T23:40:42Z,0.7,168.91,-0.68,0.13
2025-08-01T23:41:42Z,0.17,250.18,-0.06,-0.16
2025-08-01T23:42:42Z,0.23,181.49,-0.23,-0.01
2025-08-01T23:43:42Z,0.66,109.14,-0.22,0.62
2025-08-01T23:44:42Z,0.64,113.64,-0.26,0.58
2025-08-01T23:45:42Z,1.3,77.26,0.29,1.27
2025-08-01T23:46:42Z,1.87,102.81,-0.41,1.82
2025-08-01T23:47:42Z,1.39,86.57,0.08,1.39
2025-08-01T23:48:42Z,2.35,55.15,1.35,1.93
2025-08-01T23:49:42Z,2.05,88.92,0.04,2.05
2025-08-01T23:50:42Z,2.08,108.29,-0.65,1.97
2025-08-01T23:51:42Z,1.99,105.24,-0.52,1.92
2025-08-01T23:52:42Z,1.09,135.07,-0.77,0.77
2025-08-01T23:53:42Z,0.24,163.71,-0.23,0.07
2025-08-01T23:54:42Z,0.4,36.36,0.32,0.24
2025-08-01T23:55:42Z,0.32,99.17,-0.05,0.31
2025-08-01T23:56:42Z,0.86,103.35,-0.2,0.84
2025-08-01T23:57:42Z,1.18,103.91,-0.28,1.14
2025-08-01T23:58:42Z,0.65,68.56,0.24,0.6
2025-08-01T23:59:42Z,0.41,21.24,0.38,0.15
2025-08-02T00:00:42Z,0.2,97.23,-0.03,0.2
2025-08-02T00:01:42Z,0.6,134.56,-0.42,0.43
2025-08-02T00:02:42Z,1.54,93.14,-0.08,1.54
2025-08-02T00:03:42Z,1.27,106.5,-0.36,1.21
2025-08-02T00:04:42Z,1.06,104.31,-0.26,1.03
2025-08-02T00:05:42Z,0.59,111.58,-0.22,0.55
2025-08-02T00:06:42Z,0.34,123,-0.18,0.28
2025-08-02T00:07:42Z,0.93,122.63,-0.5,0.79
2025-08-02T00:08:42Z,0.26,181.18,-0.26,-0.01
2025-08-02T00:09:42Z,0.33,207.62,-0.29,-0.15
2025-08-02T00:10:42Z,0.16,139.89,-0.12,0.1
2025-08-02T00:11:42Z,1.28,111.11,-0.46,1.19
2025-08-02T00:12:42Z,0.8,107.35,-0.24,0.76
2025-08-02T00:13:42Z,0.26,206.96,-0.23,-0.12
2025-08-02T00:14:42Z,0.21,180.05,-0.21,-0
2025-08-02T00:15:42Z,0.45,152.23,-0.39,0.21
2025-08-02T00:16:42Z,0.62,151.02,-0.54,0.3
2025-08-02T00:17:42Z,1.28,127.06,-0.77,1.02
2025-08-02T00:18:42Z,0.76,97.95,-0.11,0.75
2025-08-02T00:19:42Z,1.49,99.79,-0.25,1.47
2025-08-02T00:20:42Z,0.05,267.48,-0,-0.05
2025-08-02T00:21:42Z,0.4,328.12,0.34,-0.21
2025-08-02T00:22:42Z,0.76,283.68,0.18,-0.74
2025-08-02T00:23:42Z,0.93,287.44,0.28,-0.88
2025-08-02T00:24:42Z,0.79,266.77,-0.04,-0.79
2025-08-02T00:25:42Z,0.49,268.77,-0.01,-0.49
2025-08-02T00:26:42Z,1.06,130.05,-0.68,0.81
2025-08-02T00:27:42Z,0.22,222.24,-0.16,-0.15
2025-08-02T00:28:42Z,1.02,141.67,-0.8,0.64
2025-08-02T00:29:42Z,0.37,123.86,-0.21,0.31
2025-08-02T00:30:42Z,0.71,142.18,-0.56,0.43
2025-08-02T00:31:42Z,0.5,94.25,-0.04,0.5
2025-08-02T00:32:42Z,0.91,91.84,-0.03,0.91
2025-08-02T00:33:42Z,0.89,118.46,-0.43,0.79
2025-08-02T00:34:42Z,0.21,112.43,-0.08,0.19
2025-08-02T00:35:42Z,0.72,63.9,0.32,0.65
2025-08-02T00:36:42Z,0.42,120.82,-0.22,0.36
2025-08-02T00:37:42Z,0.28,301.68,0.15,-0.24
2025-08-02T00:38:42Z,1.09,85.42,0.09,1.09
2025-08-02T00:39:42Z,1.46,84.59,0.14,1.45
2025-08-02T00:40:42Z,1.44,114.31,-0.59,1.31
2025-08-02T00:41:42Z,1.35,103.7,-0.32,1.31
2025-08-02T00:42:42Z,1.51,88.61,0.04,1.51
2025-08-02T00:43:42Z,2.36,86.84,0.13,2.35
2025-08-02T00:44:42Z,1.49,93.17,-0.08,1.49
2025-08-02T00:45:42Z,0.41,47.78,0.28,0.3
2025-08-02T00:46:42Z,1.42,65.66,0.58,1.29
2025-08-02T00:47:42Z,1.31,96.16,-0.14,1.3
2025-08-02T00:48:42Z,1.15,109.93,-0.39,1.08
2025-08-02T00:49:42Z,1.16,88.83,0.02,1.16
2025-08-02T00:50:42Z,1.09,93.47,-0.07,1.09
2025-08-02T00:51:42Z,0.64,72.11,0.2,0.61
2025-08-02T00:52:42Z,0.22,302.25,0.12,-0.18
2025-08-02T00:53:42Z,0.92,293.52,0.37,-0.85
2025-08-02T00:54:42Z,0.46,274.49,0.04,-0.46
2025-08-02T00:55:42Z,1.51,288.71,0.49,-1.43
2025-08-02T00:56:42Z,1.15,264.83,-0.1,-1.15
2025-08-02T00:57:42Z,0.55,213.65,-0.46,-0.31
2025-08-02T00:58:42Z,0.33,157.89,-0.31,0.12
2025-08-02T00:59:42Z,0.85,122.7,-0.46,0.71
2025-08-02T01:00:42Z,2.2,105.92,-0.6,2.12
2025-08-02T01:01:42Z,0.68,116.88,-0.31,0.61
2025-08-02T01:02:42Z,0.85,294.05,0.35,-0.78
2025-08-02T01:03:42Z,0.79,290.44,0.27,-0.74
2025-08-02T01:04:42Z,0.84,271.94,0.03,-0.84
2025-08-02T01:05:42Z,1.25,266.09,-0.09,-1.25
2025-08-02T01:06:42Z,0.6,122.86,-0.33,0.51
2025-08-02T01:07:42Z,1.61,116.78,-0.73,1.44
2025-08-02T01:08:42Z,0.49,94.76,-0.04,0.48
2025-08-02T01:09:42Z,0.57,68.54,0.21,0.53
2025-08-02T01:10:42Z,0.5,303.58,0.28,-0.42
2025-08-02T01:11:42Z,0.68,341.37,0.65,-0.22
2025-08-02T01:12:42Z,1.14,301.44,0.59,-0.97
2025-08-02T01:13:42Z,1.93,277.27,0.24,-1.92
2025-08-02T01:14:42Z,2.09,267.74,-0.08,-2.09
2025-08-02T01:15:42Z,0.37,213.25,-0.31,-0.2
2025-08-02T01:16:42Z,1.14,125.05,-0.65,0.93
2025-08-02T01:17:42Z,2.27,114.45,-0.94,2.06
2025-08-02T01:18:42Z,0.56,182.21,-0.56,-0.02
2025-08-02T01:19:42Z,0.32,241.65,-0.15,-0.28
2025-08-02T01:20:42Z,0.14,289.47,0.05,-0.13
2025-08-02T01:21:42Z,0.95,328.39,0.81,-0.5
2025-08-02T01:22:42Z,0.61,290.86,0.22,-0.57
2025-08-02T01:23:42Z,0.64,258.06,-0.13,-0.62
2025-08-02T01:24:42Z,0.59,113.75,-0.24,0.54
2025-08-02T01:25:42Z,1.41,111.91,-0.53,1.31
2025-08-02T01:26:42Z,1.26,128.79,-0.79,0.98
2025-08-02T01:27:42Z,1.39,103.84,-0.33,1.35
2025-08-02T01:28:42Z,0.87,122.82,-0.47,0.73
2025-08-02T01:29:42Z,0.23,295.27,0.1,-0.21
2025-08-02T01:30:42Z,0.14,326.15,0.11,-0.08
2025-08-02T01:31:42Z,0.46,229.78,-0.3,-0.35
2025-08-02T01:32:42Z,0.32,195.69,-0.31,-0.09
2025-08-02T01:33:42Z,0.47,108.93,-0.15,0.44
2025-08-02T01:34:42Z,1.37,136.23,-0.99,0.95
2025-08-02T01:35:42Z,2.51,124.67,-1.43,2.06
2025-08-02T01:36:42Z,1.85,127.76,-1.14,1.47
2025-08-02T01:37:42Z,1.63,118.41,-0.77,1.43
2025-08-02T01:38:42Z,2.69,129,-1.69,2.09
2025-08-02T01:39:42Z,0.6,134.99,-0.43,0.43
2025-08-02T01:40:42Z,0.27,71.78,0.09,0.26
2025-08-02T01:41:42Z,0.18,63.65,0.08,0.16
2025-08-02T01:42:42Z,0.21,346.69,0.2,-0.05
2025-08-02T01:43:42Z,0.42,255.68,-0.1,-0.41
2025-08-02T01:44:42Z,0.64,282.59,0.14,-0.62
2025-08-02T01:45:42Z,1.29,284.88,0.33,-1.25
2025-08-02T01:46:42Z,0.73,255.29,-0.19,-0.71
2025-08-02T01:47:42Z,0.53,251.02,-0.17,-0.51
2025-08-02T01:48:42Z,0.25,337.09,0.23,-0.1
2025-08-02T01:49:42Z,0.38,93.25,-0.02,0.38
2025-08-02T01:50:42Z,0.14,200.14,-0.13,-0.05
2025-08-02T01:51:42Z,0.19,122.81,-0.1,0.16
2025-08-02T01:52:42Z,0.64,254.66,-0.17,-0.62
2025-08-02T01:53:42Z,0.19,67.48,0.07,0.17
2025-08-02T01:54:42Z,0.37,288.32,0.12,-0.35
2025-08-02T01:55:42Z,0.55,326.93,0.46,-0.3
2025-08-02T01:56:42Z,0.41,323.96,0.33,-0.24
2025-08-02T01:57:42Z,0.29,136.8,-0.21,0.2
2025-08-02T01:58:42Z,0.4,298.55,0.19,-0.35
2025-08-02T01:59:42Z,0.45,278.26,0.06,-0.44
2025-08-02T02:00:42Z,0.58,104.56,-0.15,0.56
2025-08-02T02:01:42Z,1.15,93.58,-0.07,1.15
2025-08-02T02:02:42Z,0.32,81.56,0.05,0.32
2025-08-02T02:03:42Z,0.94,137.99,-0.7,0.63
2025-08-02T02:04:42Z,1.88,151.85,-1.66,0.89
2025-08-02T02:05:42Z,1.28,140.36,-0.99,0.82
2025-08-02T02:06:42Z,0.46,97.45,-0.06,0.46
2025-08-02T02:07:42Z,0.53,118.33,-0.25,0.46
2025-08-02T02:08:42Z,0.24,64.22,0.1,0.21
2025-08-02T02:09:42Z,0.44,123.51,-0.24,0.36
2025-08-02T02:10:42Z,0.87,111.9,-0.33,0.81
2025-08-02T02:11:42Z,1.37,126.28,-0.81,1.1
2025-08-02T02:12:42Z,0.26,290.96,0.09,-0.24
2025-08-02T02:13:42Z,0.17,26.24,0.15,0.08
2025-08-02T02:14:42Z,0.24,202.56,-0.22,-0.09
2025-08-02T02:15:42Z,0.04,284.99,0.01,-0.04
2025-08-02T02:16:42Z,0.49,294.51,0.2,-0.44
2025-08-02T02:17:42Z,0.97,284.77,0.25,-0.94
2025-08-02T02:18:42Z,1.03,281.21,0.2,-1.01
2025-08-02T02:19:42Z,1.55,279.31,0.25,-1.53
2025-08-02T02:20:42Z,0.68,260.41,-0.11,-0.67
2025-08-02T02:21:42Z,0.1,218.38,-0.08,-0.06
2025-08-02T02:22:42Z,0.55,286.81,0.16,-0.53
2025-08-02T02:23:42Z,1.33,262.97,-0.16,-1.32
2025-08-02T02:24:42Z,1.84,273.48,0.11,-1.84
2025-08-02T02:25:42Z,0.69,277.91,0.1,-0.68
2025-08-02T02:26:42Z,0.13,171.38,-0.13,0.02
2025-08-02T02:27:42Z,1.27,129.56,-0.81,0.98
2025-08-02T02:28:42Z,0.55,128.79,-0.34,0.43
2025-08-02T02:29:42Z,1.02,149.63,-0.88,0.52
2025-08-02T02:30:42Z,1.06,133.43,-0.73,0.77
2025-08-02T02:31:42Z,1.38,123.93,-0.77,1.15
2025-08-02T02:32:42Z,0.48,165.4,-0.46,0.12
2025-08-02T02:33:42Z,0.5,264.55,-0.05,-0.5
2025-08-02T02:34:42Z,0.46,282.38,0.1,-0.45
2025-08-02T02:35:42Z,0.54,297.99,0.25,-0.48
2025-08-02T02:36:42Z,0.52,282.71,0.11,-0.5
2025-08-02T02:37:42Z,0.16,50.87,0.1,0.12
2025-08-02T02:38:42Z,0.01,106.46,-0,0.01
2025-08-02T02:39:42Z,0.15,194.08,-0.14,-0.04
2025-08-02T02:40:42Z,0.44,222.51,-0.33,-0.3
2025-08-02T02:41:42Z,0.35,217.26,-0.28,-0.21
2025-08-02T02:42:42Z,0.4,247.66,-0.15,-0.37
2025-08-02T02:43:42Z,0.36,246.72,-0.14,-0.33
2025-08-02T02:44:42Z,0.22,241.25,-0.11,-0.19
2025-08-02T02:45:42Z,0.78,278.47,0.11,-0.77
2025-08-02T02:46:42Z,0.74,272.76,0.04,-0.74
2025-08-02T02:47:42Z,0.7,250,-0.24,-0.66
2025-08-02T02:48:42Z,0.76,279.77,0.13,-0.75
2025-08-02T02:49:42Z,0.01,282.38,0,-0.01
2025-08-02T02:50:42Z,0.31,131.72,-0.21,0.23
2025-08-02T02:51:42Z,0.51,171.72,-0.51,0.07
2025-08-02T02:52:42Z,0.49,228.8,-0.32,-0.37
2025-08-02T02:53:42Z,0.25,224.88,-0.18,-0.18
2025-08-02T02:54:42Z,0.47,255.62,-0.12,-0.46
2025-08-02T02:55:42Z,0.61,271.45,0.02,-0.61
2025-08-02T02:56:42Z,0.53,179.76,-0.53,0
2025-08-02T02:57:42Z,0.65,125.76,-0.38,0.53
2025-08-02T02:58:42Z,0.25,156.81,-0.23,0.1
2025-08-02T02:59:42Z,0.72,184.63,-0.71,-0.06
2025-08-02T03:00:42Z,0.04,252.06,-0.01,-0.04
2025-08-02T03:01:42Z,0.38,56.99,0.21,0.32
2025-08-02T03:02:42Z,0.48,281.95,0.1,-0.47
2025-08-02T03:03:42Z,0.43,269.02,-0.01,-0.43
2025-08-02T03:04:42Z,0.28,243.54,-0.12,-0.25
2025-08-02T03:05:42Z,0.26,309.17,0.16,-0.2
2025-08-02T03:06:42Z,0.72,305.07,0.41,-0.59
2025-08-02T03:07:42Z,0.32,342.68,0.31,-0.1
2025-08-02T03:08:42Z,0.42,298.24,0.2,-0.37
2025-08-02T03:09:42Z,0.97,295.12,0.41,-0.88
2025-08-02T03:10:42Z,0.59,281.92,0.12,-0.57
2025-08-02T03:11:42Z,0.71,273.56,0.04,-0.7
2025-08-02T03:12:42Z,0.27,292.3,0.1,-0.25
2025-08-02T03:13:42Z,0.61,286.34,0.17,-0.59
2025-08-02T03:14:42Z,0.76,92.46,-0.03,0.76
2025-08-02T03:15:42Z,0.95,104.86,-0.24,0.92
2025-08-02T03:16:42Z,0.44,309.48,0.28,-0.34
2025-08-02T03:17:42Z,0.33,268.33,-0.01,-0.33
2025-08-02T03:18:42Z,0.49,263.06,-0.06,-0.48
2025-08-02T03:19:42Z,0.28,270.99,0,-0.28
2025-08-02T03:20:42Z,0.3,70.9,0.1,0.29
2025-08-02T03:21:42Z,0.13,166.36,-0.13,0.03
2025-08-02T03:22:42Z,0.25,40.93,0.19,0.17
2025-08-02T03:23:42Z,0.2,316.34,0.15,-0.14
2025-08-02T03:24:42Z,0.62,287.2,0.18,-0.59
2025-08-02T03:25:42Z,0.81,286.13,0.23,-0.78
2025-08-02T03:26:42Z,0.68,278.54,0.1,-0.67
2025-08-02T03:27:42Z,1,298.89,0.48,-0.88
2025-08-02T03:28:42Z,0.55,315.88,0.39,-0.38
2025-08-02T03:29:42Z,0.14,170.77,-0.14,0.02
2025-08-02T03:30:42Z,0.29,239.82,-0.15,-0.25
2025-08-02T03:31:42Z,0.05,17.57,0.05,0.01
2025-08-02T03:32:42Z,0.37,197.86,-0.35,-0.11
2025-08-02T03:33:42Z,0.56,270.79,0.01,-0.56
2025-08-02T03:34:42Z,0.45,11.04,0.44,0.09
2025-08-02T03:35:42Z,0.29,79.57,0.05,0.28
2025-08-02T03:36:42Z,0.43,82.71,0.05,0.43
2025-08-02T03:37:42Z,0.38,324.97,0.31,-0.22
2025-08-02T03:38:42Z,0.06,272.01,0,-0.06
2025-08-02T03:39:42Z,0.57,283.98,0.14,-0.56
2025-08-02T03:40:42Z,1.08,275.29,0.1,-1.08
2025-08-02T03:41:42Z,0.43,331.15,0.37,-0.21
2025-08-02T03:42:42Z,0.27,44.26,0.19,0.19
2025-08-02T03:43:42Z,0.34,6.18,0.34,0.04
2025-08-02T03:44:42Z,0.18,89.33,0,0.18
2025-08-02T03:45:42Z,0.27,288.24,0.08,-0.25
2025-08-02T03:46:42Z,0.41,283.85,0.1,-0.39
2025-08-02T03:47:42Z,0.69,282.38,0.15,-0.68
2025-08-02T03:48:42Z,0.52,251.17,-0.17,-0.49
2025-08-02T03:49:42Z,0.99,300.93,0.51,-0.85
2025-08-02T03:50:42Z,0.53,305.02,0.31,-0.44
2025-08-02T03:51:42Z,0.41,284.29,0.1,-0.4
2025-08-02T03:52:42Z,0.32,248.89,-0.12,-0.3
2025-08-02T03:53:42Z,1.37,96.43,-0.15,1.36
2025-08-02T03:54:42Z,3.39,111.43,-1.24,3.16
2025-08-02T03:55:42Z,2.22,101.45,-0.44,2.18
2025-08-02T03:56:42Z,0.33,138.2,-0.25,0.22
2025-08-02T03:57:42Z,0.39,179.14,-0.39,0.01
2025-08-02T03:58:42Z,0.57,282.75,0.13,-0.55
2025-08-02T03:59:42Z,0.47,62.1,0.22,0.42
2025-08-02T04:00:42Z,0.98,84.86,0.09,0.98
2025-08-02T04:01:42Z,1.17,114.42,-0.48,1.07
2025-08-02T04:02:42Z,0.33,81.59,0.05,0.33
2025-08-02T04:03:42Z,0.64,321.8,0.5,-0.39
2025-08-02T04:04:42Z,0.56,332.23,0.5,-0.26
2025-08-02T04:05:42Z,0.54,319.74,0.41,-0.35
2025-08-02T04:06:42Z,1.07,121.54,-0.56,0.91
2025-08-02T04:07:42Z,0.65,142.78,-0.52,0.4
2025-08-02T04:08:42Z,0.47,97.69,-0.06,0.47
2025-08-02T04:09:42Z,0.36,154.17,-0.33,0.16
2025-08-02T04:10:42Z,0.5,265.98,-0.04,-0.5
2025-08-02T04:11:42Z,0.47,134.18,-0.33,0.34
2025-08-02T04:12:42Z,0.18,181.89,-0.18,-0.01
2025-08-02T04:13:42Z,0.33,223.7,-0.24,-0.23
2025-08-02T04:14:42Z,0.36,280.72,0.07,-0.36
2025-08-02T04:15:42Z,0.65,254.87,-0.17,-0.63
2025-08-02T04:16:42Z,0.86,130.72,-0.56,0.65
2025-08-02T04:17:42Z,0.6,307.68,0.37,-0.48
2025-08-02T04:18:42Z,0.52,292.74,0.2,-0.48
2025-08-02T04:19:42Z,0.62,285.12,0.16,-0.6
2025-08-02T04:20:42Z,0.47,288.38,0.15,-0.45
2025-08-02T04:21:42Z,1.36,301.59,0.71,-1.16
2025-08-02T04:22:42Z,0.64,303.69,0.35,-0.53
2025-08-02T04:23:42Z,0.22,332.11,0.2,-0.1
2025-08-02T04:24:42Z,0.8,16.79,0.76,0.23
2025-08-02T04:25:42Z,0.71,285.07,0.19,-0.69
2025-08-02T04:26:42Z,1.03,290.83,0.37,-0.96
2025-08-02T04:27:42Z,0.33,186.64,-0.33,-0.04
2025-08-02T04:28:42Z,0.21,13.45,0.21,0.05
2025-08-02T04:29:42Z,0.93,73.67,0.26,0.89
2025-08-02T04:30:42Z,0.21,108.61,-0.07,0.2
2025-08-02T04:31:42Z,0.65,286.97,0.19,-0.63
2025-08-02T04:32:42Z,0.48,313.86,0.33,-0.35
2025-08-02T04:33:42Z,0.33,254.85,-0.09,-0.32
2025-08-02T04:34:42Z,0.46,105.04,-0.12,0.44
2025-08-02T04:35:42Z,0.54,23.4,0.5,0.21
2025-08-02T04:36:42Z,0.72,306.42,0.43,-0.58
2025-08-02T04:37:42Z,0.58,89.75,0,0.58
2025-08-02T04:38:42Z,0.73,40.99,0.55,0.48
2025-08-02T04:39:42Z,0.77,310.5,0.5,-0.59
2025-08-02T04:40:42Z,0.59,301.19,0.31,-0.51
2025-08-02T04:41:42Z,0.17,49.78,0.11,0.13
2025-08-02T04:42:42Z,0.78,86.99,0.04,0.77
2025-08-02T04:43:42Z,0.73,67.63,0.28,0.67
2025-08-02T04:44:42Z,0.64,77.23,0.14,0.62
2025-08-02T04:45:42Z,0.76,321.31,0.59,-0.47
2025-08-02T04:46:42Z,1.41,273.32,0.08,-1.4
2025-08-02T04:47:42Z,1.66,269.36,-0.02,-1.66
2025-08-02T04:48:42Z,0.25,250.39,-0.08,-0.24
2025-08-02T04:49:42Z,0.03,96.96,-0,0.03
2025-08-02T04:50:42Z,0.43,42.88,0.31,0.29
2025-08-02T04:51:42Z,1.02,285.18,0.27,-0.99
2025-08-02T04:52:42Z,0.38,147.7,-0.32,0.2
2025-08-02T04:53:42Z,2.61,141.64,-2.05,1.62
2025-08-02T04:54:42Z,1.06,136.13,-0.77,0.74
2025-08-02T04:55:42Z,0.51,261.42,-0.08,-0.51
2025-08-02T04:56:42Z,0.69,306.51,0.41,-0.56
2025-08-02T04:57:42Z,0.07,67.48,0.03,0.07
2025-08-02T04:58:42Z,0.62,36.64,0.5,0.37
2025-08-02T04:59:42Z,1.05,79.61,0.19,1.04
2025-08-02T05:00:42Z,0.7,54.38,0.41,0.57
2025-08-02T05:01:42Z,0.16,149.92,-0.14,0.08
2025-08-02T05:02:42Z,0.16,195.09,-0.15,-0.04
2025-08-02T05:03:42Z,0.38,156,-0.35,0.16
2025-08-02T05:04:42Z,0.49,134.61,-0.34,0.35
2025-08-02T05:05:42Z,0.48,114.43,-0.2,0.43
2025-08-02T05:06:42Z,0.27,169.92,-0.27,0.05
2025-08-02T05:07:42Z,0.26,92.85,-0.01,0.26
2025-08-02T05:08:42Z,0.52,74.51,0.14,0.5
2025-08-02T05:09:42Z,0.31,345.31,0.3,-0.08
2025-08-02T05:10:42Z,0.34,306.09,0.2,-0.28
2025-08-02T05:11:42Z,0.38,311.74,0.25,-0.28
2025-08-02T05:12:42Z,0.57,290.79,0.2,-0.53
2025-08-02T05:13:42Z,1.14,308.32,0.7,-0.89
2025-08-02T05:14:42Z,1.14,270.11,0,-1.14
2025-08-02T05:15:42Z,0.61,283.15,0.14,-0.6
2025-08-02T05:16:42Z,0.31,317.88,0.23,-0.21
2025-08-02T05:17:42Z,0.85,334.85,0.77,-0.36
2025-08-02T05:18:42Z,0.26,322.27,0.21,-0.16
2025-08-02T05:19:42Z,0.32,297.57,0.15,-0.28
2025-08-02T05:20:42Z,0.76,288.01,0.23,-0.72
2025-08-02T05:21:42Z,1.4,275.51,0.13,-1.4
2025-08-02T05:22:42Z,0.95,279.07,0.15,-0.94
2025-08-02T05:23:42Z,0.25,340.38,0.24,-0.09
2025-08-02T05:24:42Z,1.24,280.82,0.23,-1.21
2025-08-02T05:25:42Z,0.42,327.26,0.35,-0.23
2025-08-02T05:26:42Z,0.4,263.96,-0.04,-0.39
2025-08-02T05:27:42Z,0.82,267.87,-0.03,-0.82
2025-08-02T05:28:42Z,0.69,281.55,0.14,-0.67
2025-08-02T05:29:42Z,1.03,274.43,0.08,-1.03
2025-08-02T05:30:42Z,0.55,263.91,-0.06,-0.55
2025-08-02T05:31:42Z,0.72,302.13,0.38,-0.61
2025-08-02T05:32:42Z,1.38,277.53,0.18,-1.37
2025-08-02T05:33:42Z,1.75,278.29,0.25,-1.73
2025-08-02T05:34:42Z,0.79,298.01,0.37,-0.69
2025-08-02T05:35:42Z,1.78,277.66,0.24,-1.76
2025-08-02T05:36:42Z,3.49,269.86,-0.01,-3.49
2025-08-02T05:37:42Z,1.61,277.98,0.22,-1.6
2025-08-02T05:38:42Z,0.49,299.06,0.24,-0.43
2025-08-02T05:39:42Z,1.34,295.61,0.58,-1.21
2025-08-02T05:40:42Z,0.06,348.86,0.06,-0.01
2025-08-02T05:41:42Z,0.64,257.72,-0.14,-0.62
2025-08-02T05:42:42Z,0.41,171.64,-0.4,0.06
2025-08-02T05:43:42Z,0.52,146.19,-0.44,0.29
2025-08-02T05:44:42Z,0.72,123.58,-0.4,0.6
2025-08-02T05:45:42Z,0.05,157.82,-0.04,0.02
2025-08-02T05:46:42Z,0.43,309.28,0.27,-0.33
2025-08-02T05:47:42Z,0.27,118.42,-0.13,0.24
2025-08-02T05:48:42Z,0.56,287.41,0.17,-0.53
2025-08-02T05:49:42Z,0.22,262.64,-0.03,-0.22
2025-08-02T05:50:42Z,0.34,267.61,-0.01,-0.34
2025-08-02T05:51:42Z,0.21,265.87,-0.02,-0.21
2025-08-02T05:52:42Z,0.14,267.67,-0.01,-0.14
2025-08-02T05:53:42Z,0.76,311.56,0.51,-0.57
2025-08-02T05:54:42Z,0.93,286.94,0.27,-0.89
2025-08-02T05:55:42Z,1.38,278.91,0.21,-1.36
2025-08-02T05:56:42Z,0.96,266.36,-0.06,-0.95
2025-08-02T05:57:42Z,0.68,265.81,-0.05,-0.68
2025-08-02T05:58:42Z,0.43,230.58,-0.27,-0.33
2025-08-02T05:59:42Z,1.15,289.2,0.38,-1.09
2025-08-02T06:00:42Z,0.4,305.4,0.23,-0.33
2025-08-02T06:01:42Z,0.48,244.35,-0.21,-0.43
2025-08-02T06:02:42Z,0.49,222.17,-0.37,-0.33
2025-08-02T06:03:42Z,0.28,182.9,-0.28,-0.01
2025-08-02T06:04:42Z,0.03,147.31,-0.03,0.02
2025-08-02T06:05:42Z,0.38,89.7,0,0.38
2025-08-02T06:06:42Z,0.33,183.75,-0.33,-0.02
2025-08-02T06:07:42Z,0.47,102.39,-0.1,0.46
2025-08-02T06:08:42Z,0.28,296.56,0.13,-0.25
2025-08-02T06:09:42Z,0.11,21.37,0.11,0.04
2025-08-02T06:10:42Z,0.76,288.75,0.25,-0.72
2025-08-02T06:11:42Z,0.46,250.39,-0.15,-0.43
2025-08-02T06:12:42Z,0.32,244.42,-0.14,-0.29
2025-08-02T06:13:42Z,0.39,266.2,-0.03,-0.39
2025-08-02T06:14:42Z,0.34,234.18,-0.2,-0.28
2025-08-02T06:15:42Z,0.89,264.8,-0.08,-0.89
2025-08-02T06:16:42Z,0.45,193.68,-0.43,-0.11
2025-08-02T06:17:42Z,0.99,109.39,-0.33,0.93
2025-08-02T06:18:42Z,1.18,127.04,-0.71,0.94
2025-08-02T06:19:42Z,0.58,94.17,-0.04,0.58
2025-08-02T06:20:42Z,0.43,266.21,-0.03,-0.43
2025-08-02T06:21:42Z,0.23,230.61,-0.15,-0.18
2025-08-02T06:22:42Z,0.12,330.24,0.1,-0.06
2025-08-02T06:23:42Z,0.28,316.03,0.2,-0.2
2025-08-02T06:24:42Z,0.34,203.12,-0.31,-0.13
2025-08-02T06:25:42Z,1.29,122.63,-0.7,1.09
2025-08-02T06:26:42Z,0.76,177.94,-0.76,0.03
2025-08-02T06:27:42Z,0.94,84.99,0.08,0.93
2025-08-02T06:28:42Z,0.6,157.47,-0.56,0.23
2025-08-02T06:29:42Z,0.29,161.77,-0.28,0.09
2025-08-02T06:30:42Z,0.14,166.54,-0.13,0.03
2025-08-02T06:31:42Z,0.44,55.69,0.25,0.36
2025-08-02T06:32:42Z,0.42,70.2,0.14,0.39
2025-08-02T06:33:42Z,0.57,327.6,0.48,-0.31
2025-08-02T06:34:42Z,0.35,66.59,0.14,0.32
2025-08-02T06:35:42Z,0.45,322,0.36,-0.28
2025-08-02T06:36:42Z,0.48,338.64,0.44,-0.17
2025-08-02T06:37:42Z,0.27,252.97,-0.08,-0.26
2025-08-02T06:38:42Z,0.58,284.4,0.15,-0.57
2025-08-02T06:39:42Z,1.1,288.57,0.35,-1.04
2025-08-02T06:40:42Z,0.27,86.77,0.02,0.27
2025-08-02T06:41:42Z,0.44,282.33,0.09,-0.43
2025-08-02T06:42:42Z,0.79,277.71,0.11,-0.79
2025-08-02T06:43:42Z,0.58,280.25,0.1,-0.57
2025-08-02T06:44:42Z,0.04,315.63,0.03,-0.03
2025-08-02T06:45:42Z,0.31,285.84,0.09,-0.3
2025-08-02T06:46:42Z,0.93,122.54,-0.5,0.79
2025-08-02T06:47:42Z,1.44,125.91,-0.84,1.16
2025-08-02T06:48:42Z,1.71,131.71,-1.13,1.27
2025-08-02T06:49:42Z,0.36,83.77,0.04,0.36
2025-08-02T06:50:42Z,0.27,133.97,-0.19,0.19
2025-08-02T06:51:42Z,0.26,115.44,-0.11,0.23
2025-08-02T06:52:42Z,0.5,144.44,-0.41,0.29
2025-08-02T06:53:42Z,0.14,284.1,0.03,-0.14
2025-08-02T06:54:42Z,0.31,257.43,-0.07,-0.3
2025-08-02T06:55:42Z,0.35,93.74,-0.02,0.35
2025-08-02T06:56:42Z,0.1,45.45,0.07,0.07
2025-08-02T06:57:42Z,0.36,278.29,0.05,-0.35
2025-08-02T06:58:42Z,0.45,333.51,0.4,-0.2
2025-08-02T06:59:42Z,0.4,281.22,0.08,-0.39
2025-08-02T07:00:42Z,0.44,288.1,0.14,-0.41
2025-08-02T07:01:42Z,0.44,275.51,0.04,-0.44
2025-08-02T07:02:42Z,0.37,273.52,0.02,-0.37
2025-08-02T07:03:42Z,0.44,296.12,0.2,-0.4
2025-08-02T07:04:42Z,0.21,305.38,0.12,-0.17
2025-08-02T07:05:42Z,0.45,115.24,-0.19,0.4
2025-08-02T07:06:42Z,0.58,37.84,0.46,0.36
2025-08-02T07:07:42Z,0.19,239.26,-0.1,-0.16
2025-08-02T07:08:42Z,0.32,317.59,0.23,-0.21
2025-08-02T07:09:42Z,0.68,108.63,-0.22,0.64
2025-08-02T07:10:42Z,0.21,117.95,-0.1,0.19
2025-08-02T07:11:42Z,1.01,152.76,-0.9,0.46
2025-08-02T07:12:42Z,0.33,232.89,-0.2,-0.27
2025-08-02T07:13:42Z,0.71,120.07,-0.36,0.62
2025-08-02T07:14:42Z,1.6,119.98,-0.8,1.39
2025-08-02T07:15:42Z,0.69,122.49,-0.37,0.59
2025-08-02T07:16:42Z,1.25,116.94,-0.57,1.11
2025-08-02T07:17:42Z,0.64,155.42,-0.59,0.27
2025-08-02T07:18:42Z,0.55,118.97,-0.27,0.48
2025-08-02T07:19:42Z,0.44,302.99,0.24,-0.37
2025-08-02T07:20:42Z,0.57,20,0.53,0.19
2025-08-02T07:21:42Z,0.49,6.12,0.49,0.05
2025-08-02T07:22:42Z,0.86,40.34,0.66,0.56
2025-08-02T07:23:42Z,0.72,236.31,-0.4,-0.6
2025-08-02T07:24:42Z,0.5,273.3,0.03,-0.5
2025-08-02T07:25:42Z,0.13,201.24,-0.12,-0.05
2025-08-02T07:26:42Z,0.37,268.64,-0.01,-0.37
2025-08-02T07:27:42Z,0.11,45.29,0.08,0.08
2025-08-02T07:28:42Z,0.55,296.16,0.24,-0.49
2025-08-02T07:29:42Z,0.56,265.22,-0.05,-0.56
2025-08-02T07:30:42Z,0.3,273.5,0.02,-0.3
2025-08-02T07:31:42Z,0.78,288.17,0.24,-0.74
2025-08-02T07:32:42Z,1.79,288.11,0.56,-1.7
2025-08-02T07:33:42Z,0.66,262.53,-0.09,-0.66
2025-08-02T07:34:42Z,0.85,282.44,0.18,-0.83
2025-08-02T07:35:42Z,0.18,237.85,-0.1,-0.16
2025-08-02T07:36:42Z,1.33,127.64,-0.81,1.05
2025-08-02T07:37:42Z,1.12,147.04,-0.94,0.61
2025-08-02T07:38:42Z,1.32,123.15,-0.72,1.1
2025-08-02T07:39:42Z,1.11,132.04,-0.74,0.82
2025-08-02T07:40:42Z,0.73,138.92,-0.55,0.48
2025-08-02T07:41:42Z,0.56,149.12,-0.48,0.29
2025-08-02T07:42:42Z,1.06,101.19,-0.21,1.04
2025-08-02T07:43:42Z,0.72,78.76,0.14,0.71
2025-08-02T07:44:42Z,1.03,116.62,-0.46,0.92
2025-08-02T07:45:42Z,0.55,85.56,0.04,0.55
2025-08-02T07:46:42Z,1.13,117.58,-0.52,1
2025-08-02T07:47:42Z,1.1,97.83,-0.15,1.09
2025-08-02T07:48:42Z,0.59,146.79,-0.5,0.32
2025-08-02T07:49:42Z,0.82,129.55,-0.52,0.64
2025-08-02T07:50:42Z,0.28,183.5,-0.28,-0.02
2025-08-02T07:51:42Z,0.48,209.4,-0.42,-0.24
2025-08-02T07:52:42Z,0.35,116.48,-0.16,0.31
2025-08-02T07:53:42Z,0.4,42.88,0.3,0.28
2025-08-02T07:54:42Z,0.7,70.99,0.23,0.66
2025-08-02T07:55:42Z,0.32,30.6,0.28,0.16
2025-08-02T07:56:42Z,0.4,336.49,0.37,-0.16
2025-08-02T07:57:42Z,0.32,346.62,0.31,-0.07
2025-08-02T07:58:42Z,0.23,191.21,-0.22,-0.04
2025-08-02T07:59:42Z,0.13,277.21,0.02,-0.12
2025-08-02T08:00:42Z,0.43,327.2,0.37,-0.24
2025-08-02T08:01:42Z,1.19,259.24,-0.22,-1.17
2025-08-02T08:02:42Z,1.76,278.44,0.26,-1.74
2025-08-02T08:03:42Z,1.54,274.39,0.12,-1.53
2025-08-02T08:04:42Z,0.9,260.35,-0.15,-0.89
2025-08-02T08:05:42Z,0.29,177.8,-0.29,0.01
2025-08-02T08:06:42Z,1.65,133.49,-1.14,1.2
2025-08-02T08:07:42Z,1.7,119.34,-0.83,1.48
2025-08-02T08:08:42Z,1.13,120.88,-0.58,0.97
2025-08-02T08:09:42Z,0.73,158.12,-0.68,0.27
2025-08-02T08:10:42Z,0.17,94.51,-0.01,0.17
2025-08-02T08:11:42Z,1.39,99.71,-0.23,1.37
2025-08-02T08:12:42Z,0.4,310.6,0.26,-0.31
2025-08-02T08:13:42Z,0.93,304.25,0.52,-0.77
2025-08-02T08:14:42Z,1.53,280.66,0.28,-1.5
2025-08-02T08:15:42Z,2.23,286.95,0.65,-2.13
2025-08-02T08:16:42Z,1.79,267.52,-0.08,-1.79
2025-08-02T08:17:42Z,1.33,271.27,0.03,-1.33
2025-08-02T08:18:42Z,1.1,268.1,-0.04,-1.1
2025-08-02T08:19:42Z,1.6,275.01,0.14,-1.59
2025-08-02T08:20:42Z,0.25,240.63,-0.12,-0.21
2025-08-02T08:21:42Z,1.6,259.14,-0.3,-1.58
2025-08-02T08:22:42Z,1.36,275.9,0.14,-1.35
2025-08-02T08:23:42Z,0.43,283.37,0.1,-0.41
2025-08-02T08:24:42Z,0.95,308.39,0.59,-0.75
2025-08-02T08:25:42Z,0.24,64.69,0.1,0.21
2025-08-02T08:26:42Z,0.67,327.04,0.56,-0.37
2025-08-02T08:27:42Z,0.15,309.56,0.1,-0.12
2025-08-02T08:28:42Z,0.37,144.88,-0.3,0.21
2025-08-02T08:29:42Z,0.85,127.18,-0.51,0.68
2025-08-02T08:30:42Z,0.94,102.37,-0.2,0.92
2025-08-02T08:31:42Z,0.78,135.37,-0.55,0.55
2025-08-02T08:32:42Z,0.14,83.37,0.02,0.13
2025-08-02T08:33:42Z,0.16,54.43,0.09,0.13
2025-08-02T08:34:42Z,0.36,324.15,0.3,-0.21
2025-08-02T08:35:42Z,0.13,287.28,0.04,-0.13
2025-08-02T08:36:42Z,0.14,40.47,0.11,0.09
2025-08-02T08:37:42Z,0.19,319.4,0.14,-0.12
2025-08-02T08:38:42Z,0.69,137.06,-0.5,0.47
2025-08-02T08:39:42Z,1.06,129.41,-0.68,0.82
2025-08-02T08:40:42Z,0.46,122.46,-0.25,0.39
2025-08-02T08:41:42Z,0.16,189.29,-0.16,-0.03
2025-08-02T08:42:42Z,0.28,228.51,-0.18,-0.21
2025-08-02T08:43:42Z,0.56,300.98,0.29,-0.48
2025-08-02T08:44:42Z,1.32,288.21,0.41,-1.25
2025-08-02T08:45:42Z,0.8,325.52,0.66,-0.45
2025-08-02T08:46:42Z,0.3,272.26,0.01,-0.3
2025-08-02T08:47:42Z,0.44,321.44,0.34,-0.27
2025-08-02T08:48:42Z,0.5,288.78,0.16,-0.47
2025-08-02T08:49:42Z,0.42,321,0.33,-0.26
2025-08-02T08:50:42Z,0.43,298.14,0.2,-0.38
2025-08-02T08:51:42Z,0.35,314.75,0.25,-0.25
2025-08-02T08:52:42Z,0.26,353.1,0.25,-0.03
2025-08-02T08:53:42Z,0.11,257.84,-0.02,-0.11
2025-08-02T08:54:42Z,0.19,264.33,-0.02,-0.19
2025-08-02T08:55:42Z,0.32,97.47,-0.04,0.32
2025-08-02T08:56:42Z,0.25,136.73,-0.18,0.17
2025-08-02T08:57:42Z,0.47,214,-0.39,-0.26
2025-08-02T08:58:42Z,0.53,249.57,-0.19,-0.5
2025-08-02T08:59:42Z,0.64,329.24,0.55,-0.33
2025-08-02T09:00:42Z,0.51,306.32,0.3,-0.41
2025-08-02T09:01:42Z,0.15,346.24,0.14,-0.03
2025-08-02T09:02:42Z,0.58,87.8,0.02,0.58
2025-08-02T09:03:42Z,0.26,252.45,-0.08,-0.25
2025-08-02T09:04:42Z,0.58,146.49,-0.48,0.32
2025-08-02T09:05:42Z,0.43,156.68,-0.39,0.17
2025-08-02T09:06:42Z,0.08,335.08,0.07,-0.03
2025-08-02T09:07:42Z,0.16,51.03,0.1,0.13
2025-08-02T09:08:42Z,0.14,333.83,0.12,-0.06
2025-08-02T09:09:42Z,0.19,51.94,0.12,0.15
2025-08-02T09:10:42Z,0.31,221.38,-0.24,-0.21
2025-08-02T09:11:42Z,0.28,276.98,0.03,-0.28
2025-08-02T09:12:42Z,0.11,181.81,-0.11,-0
2025-08-02T09:13:42Z,0.96,135.18,-0.68,0.68
2025-08-02T09:14:42Z,0.17,333.1,0.15,-0.08
2025-08-02T09:15:42Z,0.67,126.1,-0.4,0.54
2025-08-02T09:16:42Z,0.61,95.84,-0.06,0.61
2025-08-02T09:17:42Z,0.22,242.21,-0.1,-0.19
2025-08-02T09:18:42Z,0.49,148.09,-0.42,0.26
2025-08-02T09:19:42Z,0.22,330.16,0.19,-0.11
2025-08-02T09:20:42Z,1.11,279.5,0.18,-1.1
2025-08-02T09:21:42Z,1.28,291.28,0.46,-1.19
2025-08-02T09:22:42Z,0.48,348.28,0.47,-0.1
2025-08-02T09:23:42Z,0.99,283.39,0.23,-0.96
2025-08-02T09:24:42Z,0.56,329.44,0.48,-0.28
2025-08-02T09:25:42Z,0.68,67.57,0.26,0.63
2025-08-02T09:26:42Z,0.31,48.61,0.2,0.23
2025-08-02T09:27:42Z,0.43,311.25,0.28,-0.32
2025-08-02T09:28:42Z,1.11,291.01,0.4,-1.04
2025-08-02T09:29:42Z,1.82,276.55,0.21,-1.81
2025-08-02T09:30:42Z,1.53,257.7,-0.33,-1.49
2025-08-02T09:31:42Z,1.25,129.99,-0.8,0.95
2025-08-02T09:32:42Z,0.82,121.97,-0.43,0.69
2025-08-02T09:33:42Z,2.01,107.32,-0.6,1.92
2025-08-02T09:34:42Z,1.75,107.86,-0.54,1.67
2025-08-02T09:35:42Z,0.15,91.36,-0,0.15
2025-08-02T09:36:42Z,0.33,69.3,0.12,0.31
2025-08-02T09:37:42Z,0.79,106.44,-0.22,0.76
2025-08-02T09:38:42Z,0.2,242.05,-0.09,-0.17
2025-08-02T09:39:42Z,0.78,255.16,-0.2,-0.76
2025-08-02T09:40:42Z,0.54,293.14,0.21,-0.49
2025-08-02T09:41:42Z,0.33,340.81,0.31,-0.11
2025-08-02T09:42:42Z,0.17,89.19,0,0.17
2025-08-02T09:43:42Z,0.31,224.83,-0.22,-0.22
2025-08-02T09:44:42Z,0.41,268.73,-0.01,-0.41
2025-08-02T09:45:42Z,0.22,81.84,0.03,0.22
2025-08-02T09:46:42Z,0.29,271.16,0.01,-0.29
2025-08-02T09:47:42Z,0.37,264.17,-0.04,-0.37
2025-08-02T09:48:42Z,0.37,305.71,0.22,-0.3
2025-08-02T09:49:42Z,0.08,279.46,0.01,-0.08
2025-08-02T09:50:42Z,0.42,161.61,-0.4,0.13
2025-08-02T09:51:42Z,0.32,251.16,-0.1,-0.31
2025-08-02T09:52:42Z,0.41,340.29,0.39,-0.14
2025-08-02T09:53:42Z,1.59,298.24,0.75,-1.4
2025-08-02T09:54:42Z,2.06,271.49,0.05,-2.06
2025-08-02T09:55:42Z,0.95,230.18,-0.61,-0.73
2025-08-02T09:56:42Z,1.06,162.46,-1.01,0.32
2025-08-02T09:57:42Z,0.63,136.73,-0.46,0.43
2025-08-02T09:58:42Z,0.17,281.1,0.03,-0.17
2025-08-02T09:59:42Z,0.5,344.12,0.48,-0.14
2025-08-02T10:00:42Z,1.38,279.99,0.24,-1.36
2025-08-02T10:01:42Z,1.29,267.45,-0.06,-1.29
2025-08-02T10:02:42Z,0.79,148.01,-0.67,0.42
2025-08-02T10:03:42Z,0.49,105.08,-0.13,0.47
2025-08-02T10:04:42Z,0.05,81.62,0.01,0.05
2025-08-02T10:05:42Z,0.91,272.31,0.04,-0.91
2025-08-02T10:06:42Z,0.39,220.17,-0.3,-0.25
2025-08-02T10:07:42Z,0.35,121.08,-0.18,0.3
2025-08-02T10:08:42Z,0.56,123.35,-0.31,0.47
2025-08-02T10:09:42Z,0.24,312.34,0.16,-0.18
2025-08-02T10:10:42Z,0.07,0.89,0.07,0
2025-08-02T10:11:42Z,0.56,103.28,-0.13,0.54
2025-08-02T10:12:42Z,0.63,278.44,0.09,-0.62
2025-08-02T10:13:42Z,0.22,281.11,0.04,-0.21
2025-08-02T10:14:42Z,0.29,257.28,-0.06,-0.28
2025-08-02T10:15:42Z,0.35,286.05,0.1,-0.34
2025-08-02T10:16:42Z,0.34,297.48,0.15,-0.3
2025-08-02T10:17:42Z,0.03,147.93,-0.03,0.02
2025-08-02T10:18:42Z,0.22,220.91,-0.17,-0.15
2025-08-02T10:19:42Z,0.4,167.7,-0.4,0.09
2025-08-02T10:20:42Z,0.71,123.14,-0.39,0.6
2025-08-02T10:21:42Z,0.25,135.2,-0.18,0.18
2025-08-02T10:22:42Z,0.36,115.56,-0.16,0.33
2025-08-02T10:23:42Z,0.22,112.84,-0.09,0.21
2025-08-02T10:24:42Z,0.22,306.56,0.13,-0.18
2025-08-02T10:25:42Z,0.16,348.31,0.16,-0.03
2025-08-02T10:26:42Z,0.52,262.57,-0.07,-0.51
2025-08-02T10:27:42Z,0.72,288.39,0.23,-0.68
2025-08-02T10:28:42Z,0.3,134.46,-0.21,0.22
2025-08-02T10:29:42Z,0.22,253.78,-0.06,-0.21
2025-08-02T10:30:42Z,0.31,97.28,-0.04,0.3
2025-08-02T10:31:42Z,0.65,81.05,0.1,0.64
2025-08-02T10:32:42Z,0.22,135.35,-0.16,0.15
2025-08-02T10:33:42Z,0.28,107.58,-0.09,0.27
2025-08-02T10:34:42Z,0.11,71.4,0.04,0.11
2025-08-02T10:35:42Z,0.19,226.09,-0.13,-0.14
2025-08-02T10:36:42Z,0.71,332.38,0.63,-0.33
2025-08-02T10:37:42Z,0.75,287.39,0.23,-0.72
2025-08-02T10:38:42Z,0.12,275.47,0.01,-0.12
2025-08-02T10:39:42Z,0.44,185.09,-0.44,-0.04
2025-08-02T10:40:42Z,0.22,346.71,0.22,-0.05
2025-08-02T10:41:42Z,0.29,18.95,0.28,0.1
2025-08-02T10:42:42Z,0.44,81.62,0.06,0.44
2025-08-02T10:43:42Z,0.16,147.9,-0.13,0.08
2025-08-02T10:44:42Z,1.02,276.31,0.11,-1.02
2025-08-02T10:45:42Z,0.46,56.88,0.25,0.39
2025-08-02T10:46:42Z,0.35,171.01,-0.34,0.05
2025-08-02T10:47:42Z,0.3,112.21,-0.11,0.27
2025-08-02T10:48:42Z,0.2,227.64,-0.14,-0.15
2025-08-02T10:49:42Z,0.43,296.33,0.19,-0.39
2025-08-02T10:50:42Z,0.17,307.22,0.1,-0.13
2025-08-02T10:51:42Z,0.3,135.86,-0.22,0.21
2025-08-02T10:52:42Z,0.15,196.11,-0.14,-0.04
2025-08-02T10:53:42Z,0.25,251.89,-0.08,-0.24
2025-08-02T10:54:42Z,0.35,215.86,-0.28,-0.21
2025-08-02T10:55:42Z,0.83,98.96,-0.13,0.82
2025-08-02T10:56:42Z,0.22,142.72,-0.17,0.13
2025-08-02T10:57:42Z,0.21,302.88,0.12,-0.18
2025-08-02T10:58:42Z,0.41,118.81,-0.2,0.36
2025-08-02T10:59:42Z,0.87,304.59,0.49,-0.71
2025-08-02T11:00:42Z,1.34,294.55,0.56,-1.22
2025-08-02T11:01:42Z,0.7,265.59,-0.05,-0.69
2025-08-02T11:02:42Z,0.57,268.86,-0.01,-0.57
2025-08-02T11:03:42Z,0.05,90.2,-0,0.05
2025-08-02T11:04:42Z,0.3,276.3,0.03,-0.3
2025-08-02T11:05:42Z,0.21,317.43,0.15,-0.14
2025-08-02T11:06:42Z,0.18,293.95,0.07,-0.16
2025-08-02T11:07:42Z,0.11,142.28,-0.09,0.07
2025-08-02T11:08:42Z,0.34,128.72,-0.21,0.27
2025-08-02T11:09:42Z,0.64,124.89,-0.37,0.53
2025-08-02T11:10:42Z,0.54,175.52,-0.54,0.04
2025-08-02T11:11:42Z,0.63,106.9,-0.18,0.6
2025-08-02T11:12:42Z,0.31,141.7,-0.24,0.19
2025-08-02T11:13:42Z,0.37,149.55,-0.32,0.19
2025-08-02T11:14:42Z,0.55,159.42,-0.52,0.19
2025-08-02T11:15:42Z,0.35,325.85,0.29,-0.2
2025-08-02T11:16:42Z,0.27,189.32,-0.27,-0.04
2025-08-02T11:17:42Z,0.46,299.65,0.23,-0.4
2025-08-02T11:18:42Z,0.93,115.75,-0.4,0.84
2025-08-02T11:19:42Z,0.26,346.12,0.25,-0.06
2025-08-02T11:20:42Z,0.34,329.22,0.29,-0.17
2025-08-02T11:21:42Z,0.24,348.52,0.24,-0.05
2025-08-02T11:22:42Z,0.58,310.16,0.38,-0.45
2025-08-02T11:23:42Z,0.29,203.4,-0.27,-0.12
2025-08-02T11:24:42Z,0.33,218.83,-0.26,-0.21
2025-08-02T11:25:42Z,0.29,195.11,-0.28,-0.08
2025-08-02T11:26:42Z,0.21,307.05,0.12,-0.16
2025-08-02T11:27:42Z,0.3,314.9,0.21,-0.21
2025-08-02T11:28:42Z,0.21,244.5,-0.09,-0.19
2025-08-02T11:29:42Z,0.39,210.13,-0.34,-0.2
2025-08-02T11:30:42Z,0.46,120.35,-0.23,0.39
2025-08-02T11:31:42Z,0.35,274.81,0.03,-0.34
2025-08-02T11:32:42Z,0.4,300.47,0.2,-0.34
2025-08-02T11:33:42Z,0.41,286.01,0.11,-0.4
2025-08-02T11:34:42Z,0.15,276.3,0.02,-0.15
2025-08-02T11:35:42Z,0.42,153.91,-0.38,0.19
2025-08-02T11:36:42Z,0.14,328.41,0.12,-0.07
2025-08-02T11:37:42Z,0.31,333.43,0.28,-0.14
2025-08-02T11:38:42Z,0.32,314.41,0.22,-0.23
2025-08-02T11:39:42Z,0.25,227.61,-0.17,-0.18
2025-08-02T11:40:42Z,0.36,231.62,-0.23,-0.29
2025-08-02T11:41:42Z,0.64,276.77,0.08,-0.63
2025-08-02T11:42:42Z,0.57,311.35,0.37,-0.42
2025-08-02T11:43:42Z,0.64,269.02,-0.01,-0.64
2025-08-02T11:44:42Z,0.49,279.52,0.08,-0.49
2025-08-02T11:45:42Z,0.87,281.91,0.18,-0.85
2025-08-02T11:46:42Z,0.96,281.58,0.19,-0.94
2025-08-02T11:47:42Z,0.7,299.18,0.34,-0.61
2025-08-02T11:48:42Z,0.18,231.9,-0.11,-0.14
2025-08-02T11:49:42Z,0.96,132.51,-0.65,0.7
2025-08-02T11:50:42Z,0.72,116.85,-0.32,0.64
2025-08-02T11:51:42Z,0.18,130.1,-0.11,0.13
2025-08-02T11:52:42Z,0.12,215.79,-0.09,-0.07
2025-08-02T11:53:42Z,0.22,264.75,-0.02,-0.22
2025-08-02T11:54:42Z,0.26,108.32,-0.08,0.25
2025-08-02T11:55:42Z,0.28,107.6,-0.09,0.27
2025-08-02T11:56:42Z,0.38,119.25,-0.19,0.33
2025-08-02T11:57:42Z,0.64,288.03,0.2,-0.61
2025-08-02T11:58:42Z,1.07,278.15,0.15,-1.06
2025-08-02T11:59:42Z,0.27,261.26,-0.04,-0.27
2025-08-02T12:00:42Z,0.78,140.67,-0.61,0.5
2025-08-02T12:01:42Z,0.37,126.17,-0.22,0.3
2025-08-02T12:02:42Z,0.49,146.61,-0.41,0.27
2025-08-02T12:03:42Z,0.16,148.79,-0.13,0.08
2025-08-02T12:04:42Z,0.75,99.46,-0.12,0.74
2025-08-02T12:05:42Z,0.34,100.1,-0.06,0.33
2025-08-02T12:06:42Z,0.47,185.74,-0.47,-0.05
2025-08-02T12:07:42Z,0.33,229.21,-0.21,-0.25
2025-08-02T12:08:42Z,0.78,277.55,0.1,-0.77
2025-08-02T12:09:42Z,0.76,266.62,-0.04,-0.75
2025-08-02T12:10:42Z,0.38,182.5,-0.38,-0.02
2025-08-02T12:11:42Z,0.15,173.21,-0.14,0.02
2025-08-02T12:12:42Z,0.14,144.82,-0.11,0.08
2025-08-02T12:13:42Z,0.18,234.06,-0.11,-0.15
2025-08-02T12:14:42Z,0.06,143.66,-0.05,0.03
2025-08-02T12:15:42Z,0.15,294.04,0.06,-0.14
2025-08-02T12:16:42Z,0.11,184.56,-0.11,-0.01
2025-08-02T12:17:42Z,0.31,276.72,0.04,-0.3
2025-08-02T12:18:42Z,0.09,331.42,0.08,-0.04
2025-08-02T12:19:42Z,0.59,288.53,0.19,-0.56
2025-08-02T12:20:42Z,0.65,305.44,0.37,-0.53
2025-08-02T12:21:42Z,0.24,249.74,-0.08,-0.23
2025-08-02T12:22:42Z,0.28,275.12,0.03,-0.28
2025-08-02T12:23:42Z,0.23,304.25,0.13,-0.19
2025-08-02T12:24:42Z,0.15,62.25,0.07,0.13
2025-08-02T12:25:42Z,0.06,85.32,0.01,0.06
2025-08-02T12:26:42Z,0.53,165.6,-0.51,0.13
2025-08-02T12:27:42Z,0.21,209.01,-0.19,-0.1
2025-08-02T12:28:42Z,0.46,156.65,-0.43,0.18
2025-08-02T12:29:42Z,0.38,119.2,-0.18,0.33
2025-08-02T12:30:42Z,0.37,125.45,-0.21,0.3
2025-08-02T12:31:42Z,0.22,162.62,-0.21,0.06
2025-08-02T12:32:42Z,0.46,187.85,-0.45,-0.06
2025-08-02T12:33:42Z,0.13,163.69,-0.13,0.04
2025-08-02T12:34:42Z,0.63,161.93,-0.6,0.2
2025-08-02T12:35:42Z,0.26,146.31,-0.22,0.15
2025-08-02T12:36:42Z,0.12,317.4,0.09,-0.08
2025-08-02T12:37:42Z,0.93,275.9,0.1,-0.92
2025-08-02T12:38:42Z,0.48,283.61,0.11,-0.47
2025-08-02T12:39:42Z,0.41,294.54,0.17,-0.37
2025-08-02T12:40:42Z,0.2,229.38,-0.13,-0.15
2025-08-02T12:41:42Z,0.72,100.21,-0.13,0.71
2025-08-02T12:42:42Z,0.52,145.87,-0.43,0.29
2025-08-02T12:43:42Z,0.42,85.41,0.03,0.42
2025-08-02T12:44:42Z,0.29,263.05,-0.04,-0.29
2025-08-02T12:45:42Z,0.27,112.11,-0.1,0.25
2025-08-02T12:46:42Z,0.61,76.37,0.14,0.59
2025-08-02T12:47:42Z,0.33,307.82,0.2,-0.26
2025-08-02T12:48:42Z,0.67,291.23,0.24,-0.62
2025-08-02T12:49:42Z,0.76,289.98,0.26,-0.71
2025-08-02T12:50:42Z,0.18,277.08,0.02,-0.18
2025-08-02T12:51:42Z,0.36,227.5,-0.24,-0.26
2025-08-02T12:52:42Z,0.24,123.64,-0.13,0.2
2025-08-02T12:53:42Z,0.31,253.11,-0.09,-0.3
2025-08-02T12:54:42Z,0.23,253.64,-0.07,-0.22
2025-08-02T12:55:42Z,0.65,314.36,0.45,-0.46
2025-08-02T12:56:42Z,0.62,324.41,0.5,-0.36
2025-08-02T12:57:42Z,0.56,283.44,0.13,-0.55
2025-08-02T12:58:42Z,1.04,298.4,0.49,-0.92
2025-08-02T12:59:42Z,0.38,269.53,-0,-0.38
2025-08-02T13:00:42Z,0.12,40.45,0.09,0.08
2025-08-02T13:01:42Z,0.31,101.59,-0.06,0.3
2025-08-02T13:02:42Z,0.25,212.21,-0.21,-0.13
2025-08-02T13:03:42Z,0.26,232.13,-0.16,-0.2
2025-08-02T13:04:42Z,0.42,135.25,-0.3,0.29
2025-08-02T13:05:42Z,0.03,60.47,0.01,0.02
2025-08-02T13:06:42Z,0.29,291.55,0.11,-0.27
2025-08-02T13:07:42Z,0.42,259.65,-0.07,-0.41
2025-08-02T13:08:42Z,0.89,116.02,-0.39,0.8
2025-08-02T13:09:42Z,1.08,105.56,-0.29,1.04
2025-08-02T13:10:42Z,0.96,118.62,-0.46,0.84
2025-08-02T13:11:42Z,0.79,109.88,-0.27,0.74
2025-08-02T13:12:42Z,0.37,66.81,0.15,0.34
2025-08-02T13:13:42Z,1.45,95.55,-0.14,1.44
2025-08-02T13:14:42Z,0.64,132.77,-0.44,0.47
2025-08-02T13:15:42Z,0.1,99.83,-0.02,0.1
2025-08-02T13:16:42Z,0.16,107.11,-0.05,0.15
2025-08-02T13:17:42Z,0.51,273.87,0.03,-0.51
2025-08-02T13:18:42Z,0.34,284.68,0.09,-0.33
2025-08-02T13:19:42Z,0.38,274.13,0.03,-0.38
2025-08-02T13:20:42Z,0.34,319.93,0.26,-0.22
2025-08-02T13:21:42Z,0.56,268.96,-0.01,-0.56
2025-08-02T13:22:42Z,0.46,128.7,-0.29,0.36
2025-08-02T13:23:42Z,0.74,159.09,-0.69,0.26
2025-08-02T13:24:42Z,0.73,133.99,-0.5,0.52
2025-08-02T13:25:42Z,1.23,125.99,-0.72,0.99
2025-08-02T13:26:42Z,1.25,120.31,-0.63,1.08
2025-08-02T13:27:42Z,0.46,158.52,-0.42,0.17
2025-08-02T13:28:42Z,0.78,131.39,-0.52,0.59
2025-08-02T13:29:42Z,0.38,156.5,-0.35,0.15
2025-08-02T13:30:42Z,1.16,154.93,-1.05,0.49
2025-08-02T13:31:42Z,0.63,163.11,-0.6,0.18
2025-08-02T13:32:42Z,0.86,136.07,-0.62,0.59
2025-08-02T13:33:42Z,0.93,151.79,-0.82,0.44
2025-08-02T13:34:42Z,0.98,120.3,-0.49,0.85
2025-08-02T13:35:42Z,1.42,137.66,-1.05,0.95
2025-08-02T13:36:42Z,1.22,103.78,-0.29,1.19
2025-08-02T13:37:42Z,1.29,111.06,-0.46,1.21
2025-08-02T13:38:42Z,0.31,51.63,0.19,0.24
2025-08-02T13:39:42Z,0.21,125.99,-0.13,0.17
2025-08-02T13:40:42Z,0.66,93.49,-0.04,0.66
2025-08-02T13:41:42Z,0.94,69.59,0.33,0.88
2025-08-02T13:42:42Z,0.27,168.24,-0.26,0.05
2025-08-02T13:43:42Z,0.7,82.91,0.09,0.7
2025-08-02T13:44:42Z,0.75,139.7,-0.57,0.49
2025-08-02T13:45:42Z,0.81,93.07,-0.04,0.8
2025-08-02T13:46:42Z,1.53,84.1,0.16,1.53
2025-08-02T13:47:42Z,2.25,101.01,-0.43,2.21
2025-08-02T13:48:42Z,0.14,90.84,-0,0.14
2025-08-02T13:49:42Z,0.82,40.64,0.62,0.53
2025-08-02T13:50:42Z,0.25,325.22,0.21,-0.14
2025-08-02T13:51:42Z,0.16,106.75,-0.05,0.15
2025-08-02T13:52:42Z,0.18,220.08,-0.13,-0.11
2025-08-02T13:53:42Z,0.92,113.45,-0.37,0.85
2025-08-02T13:54:42Z,1.8,110.44,-0.63,1.69
2025-08-02T13:55:42Z,0.69,98.22,-0.1,0.68
2025-08-02T13:56:42Z,1.18,99.17,-0.19,1.16
2025-08-02T13:57:42Z,1.3,113.98,-0.53,1.18
2025-08-02T13:58:42Z,0.6,112.84,-0.23,0.56
2025-08-02T13:59:42Z,0.15,290.42,0.05,-0.14
2025-08-02T14:00:42Z,0.36,183.66,-0.36,-0.02
2025-08-02T14:01:42Z,0.26,294.03,0.11,-0.24
2025-08-02T14:02:42Z,1.39,128.44,-0.86,1.09
2025-08-02T14:03:42Z,1.83,130.52,-1.19,1.39
2025-08-02T14:04:42Z,0.74,145.16,-0.61,0.42
2025-08-02T14:05:42Z,1.02,139.68,-0.77,0.66
2025-08-02T14:06:42Z,0.55,125.49,-0.32,0.45
2025-08-02T14:07:42Z,1.05,118.27,-0.5,0.92
2025-08-02T14:08:42Z,1.62,116.27,-0.72,1.46
2025-08-02T14:09:42Z,0.44,151.1,-0.39,0.21
2025-08-02T14:10:42Z,0.55,148.96,-0.48,0.29
2025-08-02T14:11:42Z,0.57,145.38,-0.47,0.32
2025-08-02T14:12:42Z,0.14,54.26,0.08,0.12
2025-08-02T14:13:42Z,0.63,111.58,-0.23,0.59
2025-08-02T14:14:42Z,0.73,131.95,-0.49,0.54
2025-08-02T14:15:42Z,0.24,213.56,-0.2,-0.13
2025-08-02T14:16:42Z,0.55,255.5,-0.14,-0.54
2025-08-02T14:17:42Z,1.26,282.01,0.26,-1.24
2025-08-02T14:18:42Z,1.36,275.92,0.14,-1.36
2025-08-02T14:19:42Z,1,259.71,-0.18,-0.98
2025-08-02T14:20:42Z,0.58,168.28,-0.57,0.12
2025-08-02T14:21:42Z,0.16,72.52,0.05,0.15
2025-08-02T14:22:42Z,0.21,184.48,-0.21,-0.02
2025-08-02T14:23:42Z,0.85,264.13,-0.09,-0.85
2025-08-02T14:24:42Z,0.84,274.2,0.06,-0.84
2025-08-02T14:25:42Z,0.23,282.87,0.05,-0.22
2025-08-02T14:26:42Z,0.31,318.54,0.23,-0.2
2025-08-02T14:27:42Z,0.93,81.96,0.13,0.92
2025-08-02T14:28:42Z,0.85,115,-0.36,0.77
2025-08-02T14:29:42Z,0.62,57.21,0.34,0.52
2025-08-02T14:30:42Z,0.61,278.15,0.09,-0.61
2025-08-02T14:31:42Z,0.21,205.81,-0.19,-0.09
2025-08-02T14:32:42Z,0.88,268.71,-0.02,-0.88
2025-08-02T14:33:42Z,0.27,2.2,0.27,0.01
2025-08-02T14:34:42Z,0.39,271.83,0.01,-0.39
2025-08-02T14:35:42Z,0.61,134.89,-0.43,0.43
2025-08-02T14:36:42Z,0.23,21.26,0.21,0.08
2025-08-02T14:37:42Z,0.22,318.67,0.16,-0.14
2025-08-02T14:38:42Z,0.44,14.14,0.42,0.11
2025-08-02T14:39:42Z,0.29,37.06,0.23,0.18
2025-08-02T14:40:42Z,0.4,21.08,0.38,0.15
2025-08-02T14:41:42Z,0.17,94.21,-0.01,0.17
2025-08-02T14:42:42Z,0.44,94.31,-0.03,0.43
2025-08-02T14:43:42Z,0.47,242.46,-0.22,-0.41
2025-08-02T14:44:42Z,0.5,321.48,0.39,-0.31
2025-08-02T14:45:42Z,0.55,256.83,-0.13,-0.54
2025-08-02T14:46:42Z,0.45,279.1,0.07,-0.44
2025-08-02T14:47:42Z,0.62,272.05,0.02,-0.62
2025-08-02T14:48:42Z,0.37,265.2,-0.03,-0.37
2025-08-02T14:49:42Z,0.58,303.99,0.32,-0.48
2025-08-02T14:50:42Z,0.11,145.19,-0.09,0.06
2025-08-02T14:51:42Z,0.25,320.56,0.19,-0.16
2025-08-02T14:52:42Z,0.44,306.89,0.26,-0.35
2025-08-02T14:53:42Z,0.27,289.05,0.09,-0.25
2025-08-02T14:54:42Z,0.14,304.71,0.08,-0.11
2025-08-02T14:55:42Z,0.6,267.55,-0.03,-0.6
2025-08-02T14:56:42Z,0.4,276.27,0.04,-0.39
2025-08-02T14:57:42Z,0.38,259.96,-0.07,-0.38
2025-08-02T14:58:42Z,0.51,238.62,-0.26,-0.43
2025-08-02T14:59:42Z,0.18,76.32,0.04,0.18
2025-08-02T15:00:42Z,0.23,255.08,-0.06,-0.22
2025-08-02T15:01:42Z,0.49,134.68,-0.34,0.35
2025-08-02T15:02:42Z,0.67,149.42,-0.58,0.34
2025-08-02T15:03:42Z,0.7,212.11,-0.59,-0.37
2025-08-02T15:04:42Z,0.38,183.6,-0.38,-0.02
2025-08-02T15:05:42Z,0.11,333.9,0.1,-0.05
2025-08-02T15:06:42Z,0.17,332.66,0.15,-0.08
2025-08-02T15:07:42Z,0.53,278.74,0.08,-0.53
2025-08-02T15:08:42Z,0.21,245.01,-0.09,-0.19
2025-08-02T15:09:42Z,0.52,273.96,0.04,-0.51
2025-08-02T15:10:42Z,0.47,293.7,0.19,-0.43
2025-08-02T15:11:42Z,0.39,278.53,0.06,-0.39
2025-08-02T15:12:42Z,0.21,155.58,-0.19,0.09
2025-08-02T15:13:42Z,0.27,287.29,0.08,-0.26
2025-08-02T15:14:42Z,0.47,285.23,0.12,-0.45
2025-08-02T15:15:42Z,0.36,308.91,0.23,-0.28
2025-08-02T15:16:42Z,0.36,297.95,0.17,-0.32
2025-08-02T15:17:42Z,0.3,278.73,0.04,-0.29
2025-08-02T15:18:42Z,0.24,292.72,0.09,-0.22
2025-08-02T15:19:42Z,0.12,248.2,-0.04,-0.11
2025-08-02T15:20:42Z,0.17,177.29,-0.17,0.01
2025-08-02T15:21:42Z,0.38,220.64,-0.29,-0.25
2025-08-02T15:22:42Z,0.23,270.32,0,-0.23
2025-08-02T15:23:42Z,0.25,183.89,-0.25,-0.02
2025-08-02T15:24:42Z,0.76,295.94,0.33,-0.69
2025-08-02T15:25:42Z,0.36,266.87,-0.02,-0.36
2025-08-02T15:26:42Z,0.91,276.4,0.1,-0.91
2025-08-02T15:27:42Z,0.12,261.26,-0.02,-0.12
2025-08-02T15:28:42Z,0.66,289.18,0.22,-0.63
2025-08-02T15:29:42Z,0.38,329.81,0.33,-0.19
2025-08-02T15:30:42Z,0.39,132.35,-0.27,0.29
2025-08-02T15:31:42Z,0.56,105.65,-0.15,0.54
2025-08-02T15:32:42Z,0.26,162.45,-0.25,0.08
2025-08-02T15:33:42Z,0.36,202.58,-0.33,-0.14
2025-08-02T15:34:42Z,0.66,145.87,-0.55,0.37
2025-08-02T15:35:42Z,0.45,265.53,-0.04,-0.45
2025-08-02T15:36:42Z,0.15,210.96,-0.12,-0.07
2025-08-02T15:37:42Z,0.23,259,-0.04,-0.23
2025-08-02T15:38:42Z,0.21,209.98,-0.18,-0.11
2025-08-02T15:39:42Z,0.51,131.29,-0.34,0.39
2025-08-02T15:40:42Z,0.16,223.08,-0.12,-0.11
2025-08-02T15:41:42Z,0.37,300.67,0.19,-0.32
2025-08-02T15:42:42Z,0.75,282.01,0.16,-0.74
2025-08-02T15:43:42Z,0.16,285.28,0.04,-0.16
2025-08-02T15:44:42Z,0.41,333.19,0.37,-0.19
2025-08-02T15:45:42Z,0.14,209.81,-0.12,-0.07
2025-08-02T15:46:42Z,0.51,297.44,0.23,-0.45
2025-08-02T15:47:42Z,0.38,283.09,0.09,-0.37
2025-08-02T15:48:42Z,0.3,78.58,0.06,0.29
2025-08-02T15:49:42Z,0.28,80.46,0.05,0.28
2025-08-02T15:50:42Z,0.7,322.5,0.55,-0.43
2025-08-02T15:51:42Z,0.55,296.55,0.25,-0.49
2025-08-02T15:52:42Z,0.54,300.49,0.28,-0.47
2025-08-02T15:53:42Z,0.44,269.97,-0,-0.44
2025-08-02T15:54:42Z,0.17,291.33,0.06,-0.16
2025-08-02T15:55:42Z,0.39,100.84,-0.07,0.39
2025-08-02T15:56:42Z,0.15,312.16,0.1,-0.11
2025-08-02T15:57:42Z,0.19,177.23,-0.19,0.01
2025-08-02T15:58:42Z,0.24,294.35,0.1,-0.22
2025-08-02T15:59:42Z,0.27,264.21,-0.03,-0.27
2025-08-02T16:00:42Z,0.57,268.4,-0.02,-0.56
2025-08-02T16:01:42Z,0.41,288.25,0.13,-0.39
2025-08-02T16:02:42Z,0.14,81.51,0.02,0.13
2025-08-02T16:03:42Z,0.17,179.07,-0.17,0
2025-08-02T16:04:42Z,0.38,323.36,0.31,-0.23
2025-08-02T16:05:42Z,0.53,104.96,-0.14,0.51
2025-08-02T16:06:42Z,0.25,252.16,-0.08,-0.23
2025-08-02T16:07:42Z,0.17,63.69,0.08,0.15
2025-08-02T16:08:42Z,0.49,310.91,0.32,-0.37
2025-08-02T16:09:42Z,0.35,294.63,0.14,-0.32
2025-08-02T16:10:42Z,0.34,258.16,-0.07,-0.34
2025-08-02T16:11:42Z,0.43,231.33,-0.27,-0.34
2025-08-02T16:12:42Z,0.99,280.5,0.18,-0.97
2025-08-02T16:13:42Z,0.41,296.29,0.18,-0.37
2025-08-02T16:14:42Z,0.67,286.6,0.19,-0.64
2025-08-02T16:15:42Z,0.57,259.13,-0.11,-0.56
2025-08-02T16:16:42Z,0.35,269.05,-0.01,-0.35
2025-08-02T16:17:42Z,0.41,271.17,0.01,-0.41
2025-08-02T16:18:42Z,0.44,273.41,0.03,-0.44
2025-08-02T16:19:42Z,0.47,258.59,-0.09,-0.46
2025-08-02T16:20:42Z,0.66,277.35,0.08,-0.65
2025-08-02T16:21:42Z,0.34,285.1,0.09,-0.33
2025-08-02T16:22:42Z,0.48,275.26,0.04,-0.48
2025-08-02T16:23:42Z,0.41,300.45,0.21,-0.35
2025-08-02T16:24:42Z,0.47,292.12,0.18,-0.44
2025-08-02T16:25:42Z,0.57,279.26,0.09,-0.57
2025-08-02T16:26:42Z,0.11,177.76,-0.11,0
2025-08-02T16:27:42Z,0.16,201.47,-0.15,-0.06
2025-08-02T16:28:42Z,0.25,251.5,-0.08,-0.24
2025-08-02T16:29:42Z,0.56,107.01,-0.16,0.54
2025-08-02T16:30:42Z,0.09,284.54,0.02,-0.09
2025-08-02T16:31:42Z,0.2,208.34,-0.18,-0.09
2025-08-02T16:32:42Z,0.12,297.08,0.06,-0.11
2025-08-02T16:33:42Z,0.31,311.37,0.2,-0.23
2025-08-02T16:34:42Z,0.28,219.44,-0.22,-0.18
2025-08-02T16:35:42Z,0.49,256.05,-0.12,-0.47
2025-08-02T16:36:42Z,0.33,92.68,-0.02,0.33
2025-08-02T16:37:42Z,0.2,300.65,0.1,-0.17
2025-08-02T16:38:42Z,0.04,86.81,0,0.04
2025-08-02T16:39:42Z,0.41,259.82,-0.07,-0.4
2025-08-02T16:40:42Z,0.24,134.13,-0.17,0.17
2025-08-02T16:41:42Z,0.09,162.47,-0.09,0.03
2025-08-02T16:42:42Z,0.51,298.39,0.24,-0.45
2025-08-02T16:43:42Z,0.45,257.77,-0.1,-0.44
2025-08-02T16:44:42Z,0.6,279.64,0.1,-0.59
2025-08-02T16:45:42Z,0.71,276.86,0.09,-0.71
2025-08-02T16:46:42Z,0.26,248.37,-0.09,-0.24
2025-08-02T16:47:42Z,0.63,284.35,0.16,-0.61
2025-08-02T16:48:42Z,0.3,85.79,0.02,0.3
2025-08-02T16:49:42Z,0.43,322.56,0.34,-0.26
2025-08-02T16:50:42Z,0.22,312.8,0.15,-0.16
2025-08-02T16:51:42Z,0.14,14.85,0.14,0.04
2025-08-02T16:52:42Z,0.27,332.24,0.24,-0.12
2025-08-02T16:53:42Z,0.21,212.11,-0.18,-0.11
2025-08-02T16:54:42Z,0.21,224.63,-0.15,-0.15
2025-08-02T16:55:42Z,0.2,261.15,-0.03,-0.2
2025-08-02T16:56:42Z,0.12,108.69,-0.04,0.12
2025-08-02T16:57:42Z,0.38,95.25,-0.03,0.38
2025-08-02T16:58:42Z,0.84,25.39,0.76,0.36
2025-08-02T16:59:42Z,0.6,36.15,0.49,0.36
2025-08-02T17:00:42Z,0.23,44.38,0.17,0.16
2025-08-02T17:01:42Z,0.77,84.86,0.07,0.77
2025-08-02T17:02:42Z,0.32,344.23,0.31,-0.09
2025-08-02T17:03:42Z,0.32,26.49,0.28,0.14
2025-08-02T17:04:42Z,0.05,138.1,-0.04,0.04
2025-08-02T17:05:42Z,0.59,117.04,-0.27,0.53
2025-08-02T17:06:42Z,0.2,145.31,-0.16,0.11
2025-08-02T17:07:42Z,0.16,334.25,0.14,-0.07
2025-08-02T17:08:42Z,0.22,139.69,-0.17,0.14
2025-08-02T17:09:42Z,0.14,280.29,0.02,-0.14
2025-08-02T17:10:42Z,0.78,102.22,-0.16,0.76
2025-08-02T17:11:42Z,0.53,81.07,0.08,0.52
2025-08-02T17:12:42Z,0.48,172.54,-0.47,0.06
2025-08-02T17:13:42Z,0.14,15.98,0.13,0.04
2025-08-02T17:14:42Z,0.3,46.55,0.21,0.22
2025-08-02T17:15:42Z,0.78,30.64,0.67,0.4
2025-08-02T17:16:42Z,0.44,66.48,0.17,0.4
2025-08-02T17:17:42Z,0.55,137.62,-0.41,0.37
2025-08-02T17:18:42Z,1.48,150.52,-1.29,0.73
2025-08-02T17:19:42Z,0.88,177.31,-0.88,0.04
2025-08-02T17:20:42Z,0.47,245.98,-0.19,-0.43
2025-08-02T17:21:42Z,0.4,276.3,0.04,-0.4
2025-08-02T17:22:42Z,0.43,301.79,0.23,-0.37
2025-08-02T17:23:42Z,0.25,263.59,-0.03,-0.25
2025-08-02T17:24:42Z,0.33,267.6,-0.01,-0.33
2025-08-02T17:25:42Z,0.37,299.11,0.18,-0.33
2025-08-02T17:26:42Z,0.7,309.68,0.44,-0.54
2025-08-02T17:27:42Z,0.46,229.97,-0.3,-0.36
2025-08-02T17:28:42Z,0.16,219.37,-0.13,-0.1
2025-08-02T17:29:42Z,0.29,283.38,0.07,-0.28
2025-08-02T17:30:42Z,0.39,298.94,0.19,-0.34
2025-08-02T17:31:42Z,0.13,212.08,-0.11,-0.07
2025-08-02T17:32:42Z,0.13,0.09,0.13,0
2025-08-02T17:33:42Z,0.56,256.26,-0.13,-0.55
2025-08-02T17:34:42Z,0.68,269.68,-0,-0.68
2025-08-02T17:35:42Z,0.19,200.01,-0.17,-0.06
2025-08-02T17:36:42Z,0.51,222.97,-0.38,-0.35
2025-08-02T17:37:42Z,0.2,82.07,0.03,0.2
2025-08-02T17:38:42Z,0.45,53.39,0.27,0.36
2025-08-02T17:39:42Z,0.83,86.87,0.05,0.83
2025-08-02T17:40:42Z,0.14,223.21,-0.1,-0.1
2025-08-02T17:41:42Z,0.4,195.84,-0.38,-0.11
2025-08-02T17:42:42Z,0.23,337.46,0.21,-0.09
2025-08-02T17:43:42Z,0.52,294.6,0.22,-0.48
2025-08-02T17:44:42Z,1.08,296.43,0.48,-0.96
2025-08-02T17:45:42Z,0.5,274.19,0.04,-0.5
2025-08-02T17:46:42Z,0.69,278.63,0.1,-0.69
2025-08-02T17:47:42Z,0.37,229.7,-0.24,-0.28
2025-08-02T17:48:42Z,0.31,299.96,0.15,-0.27
2025-08-02T17:49:42Z,0.09,308.8,0.06,-0.07
2025-08-02T17:50:42Z,0.36,314.1,0.25,-0.26
2025-08-02T17:51:42Z,0.21,303.27,0.12,-0.18
2025-08-02T17:52:42Z,0.09,156.38,-0.08,0.04
2025-08-02T17:53:42Z,0.35,282.1,0.07,-0.34
2025-08-02T17:54:42Z,0.4,284.5,0.1,-0.39
2025-08-02T17:55:42Z,0.17,199.82,-0.16,-0.06
2025-08-02T17:56:42Z,0.53,110.81,-0.19,0.5
2025-08-02T17:57:42Z,0.24,210,-0.21,-0.12
2025-08-02T17:58:42Z,0.27,260.86,-0.04,-0.27
2025-08-02T17:59:42Z,0.22,269.68,-0,-0.22
2025-08-02T18:00:42Z,0.18,241.08,-0.09,-0.15
2025-08-02T18:01:42Z,0.21,229.14,-0.14,-0.16
2025-08-02T18:02:42Z,0.19,185.28,-0.19,-0.02
2025-08-02T18:03:42Z,0.19,259.62,-0.03,-0.19
2025-08-02T18:04:42Z,0.34,340.29,0.32,-0.11
2025-08-02T18:05:42Z,0.39,297.44,0.18,-0.34
2025-08-02T18:06:42Z,0.16,140.91,-0.12,0.1
2025-08-02T18:07:42Z,0.4,222.28,-0.3,-0.27
2025-08-02T18:08:42Z,0.29,243.09,-0.13,-0.26
2025-08-02T18:09:42Z,0.42,49.52,0.27,0.32
2025-08-02T18:10:42Z,0.12,6.87,0.12,0.01
2025-08-02T18:11:42Z,0.38,312.26,0.25,-0.28
2025-08-02T18:12:42Z,0.55,288.86,0.18,-0.52
2025-08-02T18:13:42Z,0.39,224.8,-0.28,-0.27
2025-08-02T18:14:42Z,0.19,241.45,-0.09,-0.16
2025-08-02T18:15:42Z,0.14,102.98,-0.03,0.14
2025-08-02T18:16:42Z,0.25,55.95,0.14,0.2
2025-08-02T18:17:42Z,0.64,255.21,-0.16,-0.62
2025-08-02T18:18:42Z,0.48,279.8,0.08,-0.47
2025-08-02T18:19:42Z,0.24,318.6,0.18,-0.16
2025-08-02T18:20:42Z,0.96,292.63,0.37,-0.89
2025-08-02T18:21:42Z,0.51,276.24,0.05,-0.5
2025-08-02T18:22:42Z,0.38,256.47,-0.09,-0.37
2025-08-02T18:23:42Z,0.21,271.58,0.01,-0.21
2025-08-02T18:24:42Z,0.35,190.86,-0.34,-0.07
2025-08-02T18:25:42Z,0.41,222.74,-0.3,-0.28
2025-08-02T18:26:42Z,0.49,254.04,-0.13,-0.47
2025-08-02T18:27:42Z,0.55,273.41,0.03,-0.55
2025-08-02T18:28:42Z,0.44,212.52,-0.37,-0.24
2025-08-02T18:29:42Z,0.12,114.55,-0.05,0.11
2025-08-02T18:30:42Z,0.36,51.83,0.22,0.28
2025-08-02T18:31:42Z,0.38,122.09,-0.2,0.32
2025-08-02T18:32:42Z,0.17,359.11,0.17,-0
2025-08-02T18:33:42Z,0.32,315.32,0.23,-0.23
2025-08-02T18:34:42Z,0.51,284.59,0.13,-0.49
2025-08-02T18:35:42Z,0.48,215.6,-0.39,-0.28
2025-08-02T18:36:42Z,0.05,97.3,-0.01,0.05
2025-08-02T18:37:42Z,0.43,302.03,0.23,-0.36
2025-08-02T18:38:42Z,0.48,11.27,0.47,0.09
2025-08-02T18:39:42Z,1,44.12,0.72,0.7
2025-08-02T18:40:42Z,0.21,23.57,0.2,0.09
2025-08-02T18:41:42Z,0.92,290.98,0.33,-0.86
2025-08-02T18:42:42Z,0.29,122.66,-0.16,0.24
2025-08-02T18:43:42Z,0.29,195.07,-0.28,-0.07
2025-08-02T18:44:42Z,0.32,168.95,-0.31,0.06
2025-08-02T18:45:42Z,0.47,143.07,-0.38,0.28
2025-08-02T18:46:42Z,0.93,91.72,-0.03,0.93
2025-08-02T18:47:42Z,1.06,94.26,-0.08,1.05
2025-08-02T18:48:42Z,2.36,106.86,-0.69,2.26
2025-08-02T18:49:42Z,2.3,84.97,0.2,2.29
2025-08-02T18:50:42Z,2.27,85.2,0.19,2.26
2025-08-02T18:51:42Z,2.6,97.81,-0.35,2.58
2025-08-02T18:52:42Z,3.12,101.56,-0.63,3.06
2025-08-02T18:53:42Z,2.52,119.65,-1.25,2.19
2025-08-02T18:54:42Z,1.44,105.12,-0.38,1.39
2025-08-02T18:55:42Z,0.96,99.39,-0.16,0.94
2025-08-02T18:56:42Z,0.37,65.51,0.15,0.34
2025-08-02T18:57:42Z,0.3,217.6,-0.24,-0.18
2025-08-02T18:58:42Z,0.92,283.91,0.22,-0.89
2025-08-02T18:59:42Z,1.45,106.56,-0.41,1.39
2025-08-02T19:00:42Z,0.62,54.61,0.36,0.51
2025-08-02T19:01:42Z,0.23,325.71,0.19,-0.13
2025-08-02T19:02:42Z,0.66,118.5,-0.32,0.58
2025-08-02T19:03:42Z,0.53,82.01,0.07,0.53
2025-08-02T19:04:42Z,1.1,50.08,0.7,0.84
2025-08-02T19:05:42Z,2.27,96.2,-0.25,2.26
2025-08-02T19:06:42Z,2.88,60.29,1.43,2.5
2025-08-02T19:07:42Z,1.42,86.57,0.09,1.42
2025-08-02T19:08:42Z,1.5,98.06,-0.21,1.48
2025-08-02T19:09:42Z,1.53,83.46,0.17,1.52
2025-08-02T19:10:42Z,2.11,85.76,0.16,2.11
2025-08-02T19:11:42Z,1.09,103.87,-0.26,1.06
2025-08-02T19:12:42Z,1.02,342.98,0.98,-0.3
2025-08-02T19:13:42Z,0.89,342.01,0.85,-0.27
2025-08-02T19:14:42Z,2.19,300.96,1.13,-1.88
2025-08-02T19:15:42Z,1.24,264.6,-0.12,-1.23
2025-08-02T19:16:42Z,1.59,254.56,-0.42,-1.53
2025-08-02T19:17:42Z,1.32,151.38,-1.16,0.63
2025-08-02T19:18:42Z,2.3,109.27,-0.76,2.17
2025-08-02T19:19:42Z,1.68,110.17,-0.58,1.57
2025-08-02T19:20:42Z,0.76,51.99,0.47,0.6
2025-08-02T19:21:42Z,0.48,79.63,0.09,0.47
2025-08-02T19:22:42Z,0.25,293.47,0.1,-0.23
2025-08-02T19:23:42Z,0.73,286.15,0.2,-0.7
2025-08-02T19:24:42Z,0.16,174.07,-0.16,0.02
2025-08-02T19:25:42Z,0.45,146.87,-0.37,0.24
2025-08-02T19:26:42Z,0.63,116.51,-0.28,0.57
2025-08-02T19:27:42Z,0.81,96,-0.08,0.8
2025-08-02T19:28:42Z,0.96,316.56,0.69,-0.66
2025-08-02T19:29:42Z,2.08,276.11,0.22,-2.07
2025-08-02T19:30:42Z,1.33,260.03,-0.23,-1.31
2025-08-02T19:31:42Z,0.42,233.83,-0.25,-0.34
2025-08-02T19:32:42Z,1.94,125.29,-1.12,1.59
2025-08-02T19:33:42Z,1.39,124.69,-0.79,1.15
2025-08-02T19:34:42Z,1.3,119.55,-0.64,1.13
2025-08-02T19:35:42Z,0.06,140.49,-0.05,0.04
2025-08-02T19:36:42Z,0.36,268.72,-0.01,-0.36
2025-08-02T19:37:42Z,0.52,284.95,0.13,-0.5
2025-08-02T19:38:42Z,0.31,253.52,-0.09,-0.3
2025-08-02T19:39:42Z,0.68,118.72,-0.33,0.6
2025-08-02T19:40:42Z,0.22,138.12,-0.16,0.14
2025-08-02T19:41:42Z,0.27,110.04,-0.09,0.25
2025-08-02T19:42:42Z,0.15,264.13,-0.02,-0.15
2025-08-02T19:43:42Z,0.31,313.39,0.21,-0.22
2025-08-02T19:44:42Z,0.65,283.08,0.15,-0.63
2025-08-02T19:45:42Z,0.96,283.1,0.22,-0.94
2025-08-02T19:46:42Z,0.64,281.68,0.13,-0.63
2025-08-02T19:47:42Z,0.23,306.54,0.14,-0.18
2025-08-02T19:48:42Z,0.38,17.76,0.36,0.12
2025-08-02T19:49:42Z,0.48,324.24,0.39,-0.28
2025-08-02T19:50:42Z,0.23,334.25,0.21,-0.1
2025-08-02T19:51:42Z,0.11,74.86,0.03,0.11
2025-08-02T19:52:42Z,0.68,315.11,0.48,-0.48
2025-08-02T19:53:42Z,0.46,324.78,0.37,-0.26
2025-08-02T19:54:42Z,0.27,294.93,0.11,-0.24
2025-08-02T19:55:42Z,0.86,292.06,0.32,-0.79
2025-08-02T19:56:42Z,0.43,157.51,-0.4,0.17
2025-08-02T19:57:42Z,0.31,328.96,0.27,-0.16
2025-08-02T19:58:42Z,0.63,271.17,0.01,-0.63
2025-08-02T19:59:42Z,0.97,277.54,0.13,-0.96
2025-08-02T20:00:42Z,0.2,333.44,0.18,-0.09
2025-08-02T20:01:42Z,0.91,64.39,0.39,0.82
2025-08-02T20:02:42Z,0.04,31.7,0.03,0.02
2025-08-02T20:03:42Z,0.09,160.65,-0.09,0.03
2025-08-02T20:04:42Z,0.62,292.31,0.23,-0.57
2025-08-02T20:05:42Z,0.27,52.1,0.17,0.21
2025-08-02T20:06:42Z,0.61,277.35,0.08,-0.6
2025-08-02T20:07:42Z,0.26,302.96,0.14,-0.22
2025-08-02T20:08:42Z,0.18,172.05,-0.18,0.02
2025-08-02T20:09:42Z,0.36,241.52,-0.17,-0.31
2025-08-02T20:10:42Z,0.14,331.52,0.12,-0.07
2025-08-02T20:11:42Z,0.29,62.28,0.14,0.26
2025-08-02T20:12:42Z,0.66,313.16,0.45,-0.48
2025-08-02T20:13:42Z,0.43,295.16,0.18,-0.39
2025-08-02T20:14:42Z,0.6,302.06,0.32,-0.51
2025-08-02T20:15:42Z,0.3,269.66,-0,-0.3
2025-08-02T20:16:42Z,0.59,91.1,-0.01,0.59
2025-08-02T20:17:42Z,0.03,14.01,0.03,0.01
2025-08-02T20:18:42Z,0.14,44.45,0.1,0.1
2025-08-02T20:19:42Z,0.33,38.6,0.25,0.2
2025-08-02T20:20:42Z,0.1,299.43,0.05,-0.09
2025-08-02T20:21:42Z,0.29,137.19,-0.22,0.2
2025-08-02T20:22:42Z,0.67,158.14,-0.62,0.25
2025-08-02T20:23:42Z,0.32,233.4,-0.19,-0.26
2025-08-02T20:24:42Z,0.22,84.11,0.02,0.22
2025-08-02T20:25:42Z,0.15,195.41,-0.15,-0.04
2025-08-02T20:26:42Z,0.36,300.01,0.18,-0.31
2025-08-02T20:27:42Z,0.21,84.5,0.02,0.21
2025-08-02T20:28:42Z,0.37,268.09,-0.01,-0.37
2025-08-02T20:29:42Z,0.59,30.84,0.51,0.3
2025-08-02T20:30:42Z,0.8,68.89,0.29,0.74
2025-08-02T20:31:42Z,0.92,250.03,-0.31,-0.86
2025-08-02T20:32:42Z,0.56,287.07,0.16,-0.54
2025-08-02T20:33:42Z,1.25,189.43,-1.23,-0.2
2025-08-02T20:34:42Z,0.33,146.18,-0.27,0.18
2025-08-02T20:35:42Z,0.71,103.87,-0.17,0.69
2025-08-02T20:36:42Z,0.11,216.6,-0.09,-0.06
2025-08-02T20:37:42Z,0.53,214.19,-0.44,-0.3
2025-08-02T20:38:42Z,0.55,204.18,-0.5,-0.22
2025-08-02T20:39:42Z,0.35,119.81,-0.18,0.31
2025-08-02T20:40:42Z,0.17,114.98,-0.07,0.15
2025-08-02T20:41:42Z,0.37,46.92,0.25,0.27
2025-08-02T20:42:42Z,0.6,265.65,-0.05,-0.6
2025-08-02T20:43:42Z,0.54,261.47,-0.08,-0.54
2025-08-02T20:44:42Z,1.16,269.35,-0.01,-1.16
2025-08-02T20:45:42Z,1.04,305.38,0.6,-0.85
2025-08-02T20:46:42Z,0.71,257.68,-0.15,-0.7
2025-08-02T20:47:42Z,0.31,267.95,-0.01,-0.31
2025-08-02T20:48:42Z,0.45,97.53,-0.06,0.45
2025-08-02T20:49:42Z,0.95,116.33,-0.42,0.85
2025-08-02T20:50:42Z,0.13,190.44,-0.13,-0.02
2025-08-02T20:51:42Z,0.31,236.87,-0.17,-0.26
2025-08-02T20:52:42Z,0.2,214.81,-0.17,-0.12
2025-08-02T20:53:42Z,0.22,212.71,-0.19,-0.12
2025-08-02T20:54:42Z,0.24,46.36,0.16,0.17
2025-08-02T20:55:42Z,0.24,118.19,-0.11,0.21
2025-08-02T20:56:42Z,0.31,69.18,0.11,0.29
2025-08-02T20:57:42Z,0.66,116.43,-0.3,0.59
2025-08-02T20:58:42Z,0.12,186.66,-0.12,-0.01
2025-08-02T20:59:42Z,0.05,308.83,0.03,-0.04
2025-08-02T21:00:42Z,0.31,257.14,-0.07,-0.3
2025-08-02T21:01:42Z,1.17,281.03,0.22,-1.14
2025-08-02T21:02:42Z,0.14,142.86,-0.11,0.08
2025-08-02T21:03:42Z,0.24,285.54,0.07,-0.23
2025-08-02T21:04:42Z,0.4,151.92,-0.35,0.19
2025-08-02T21:05:42Z,0.65,135.57,-0.46,0.45
2025-08-02T21:06:42Z,0.52,86.47,0.03,0.52
2025-08-02T21:07:42Z,0.21,290.18,0.07,-0.2
2025-08-02T21:08:42Z,0.84,293.76,0.34,-0.77
2025-08-02T21:09:42Z,0.55,289.8,0.19,-0.52
2025-08-02T21:10:42Z,0.71,270.21,0,-0.71
2025-08-02T21:11:42Z,0.44,296.43,0.2,-0.39
2025-08-02T21:12:42Z,0.26,11.33,0.25,0.05
2025-08-02T21:13:42Z,0.23,286.23,0.06,-0.22
2025-08-02T21:14:42Z,0.35,349.64,0.35,-0.06
2025-08-02T21:15:42Z,0.11,26.87,0.1,0.05
2025-08-02T21:16:42Z,0.65,281.76,0.13,-0.64
2025-08-02T21:17:42Z,0.43,279.92,0.07,-0.42
2025-08-02T21:18:42Z,0.6,309.54,0.38,-0.46
2025-08-02T21:19:42Z,0.61,286.82,0.18,-0.58
2025-08-02T21:20:42Z,1.41,285.51,0.38,-1.36
2025-08-02T21:21:42Z,1.28,273.05,0.07,-1.28
2025-08-02T21:22:42Z,1.08,278.14,0.15,-1.07
2025-08-02T21:23:42Z,0.66,264.23,-0.07,-0.66
2025-08-02T21:24:42Z,0.36,285.55,0.1,-0.35
2025-08-02T21:25:42Z,0.42,267.55,-0.02,-0.42
2025-08-02T21:26:42Z,0.78,281.12,0.15,-0.77
2025-08-02T21:27:42Z,1.35,292.64,0.52,-1.25
2025-08-02T21:28:42Z,0.63,292.7,0.24,-0.58
2025-08-02T21:29:42Z,0.76,307.38,0.46,-0.61
2025-08-02T21:30:42Z,1.31,280.38,0.24,-1.29
2025-08-02T21:31:42Z,1.36,288.76,0.44,-1.28
2025-08-02T21:32:42Z,2.1,264.68,-0.19,-2.09
2025-08-02T21:33:42Z,1.45,278.01,0.2,-1.43
2025-08-02T21:34:42Z,0.69,306.85,0.42,-0.55
2025-08-02T21:35:42Z,0.6,273.55,0.04,-0.6
2025-08-02T21:36:42Z,0.61,289.25,0.2,-0.58
2025-08-02T21:37:42Z,0.29,186.64,-0.29,-0.03
2025-08-02T21:38:42Z,1.22,146.4,-1.02,0.68
2025-08-02T21:39:42Z,1.16,147.71,-0.98,0.62
2025-08-02T21:40:42Z,0.21,98.64,-0.03,0.21
2025-08-02T21:41:42Z,0.88,152.01,-0.78,0.41
2025-08-02T21:42:42Z,0.37,117.57,-0.17,0.33
2025-08-02T21:43:42Z,1.16,129.46,-0.74,0.9
2025-08-02T21:44:42Z,0.15,116.94,-0.07,0.14
2025-08-02T21:45:42Z,0.13,27.22,0.12,0.06
2025-08-02T21:46:42Z,0.23,245.81,-0.09,-0.21
2025-08-02T21:47:42Z,0.16,235.4,-0.09,-0.13
2025-08-02T21:48:42Z,0.39,307.41,0.23,-0.31
2025-08-02T21:49:42Z,0.91,250.3,-0.31,-0.85
2025-08-02T21:50:42Z,0.75,280.45,0.14,-0.74
2025-08-02T21:51:42Z,0.44,291.13,0.16,-0.41
2025-08-02T21:52:42Z,0.37,307.87,0.22,-0.29
2025-08-02T21:53:42Z,0.21,342.96,0.2,-0.06
2025-08-02T21:54:42Z,0.16,99.7,-0.03,0.16
2025-08-02T21:55:42Z,0.04,216.91,-0.03,-0.03
2025-08-02T21:56:42Z,0.22,270.15,0,-0.22
2025-08-02T21:57:42Z,0.42,279.53,0.07,-0.41
2025-08-02T21:58:42Z,0.52,150.95,-0.46,0.25
2025-08-02T21:59:42Z,0.61,143.11,-0.49,0.36
2025-08-02T22:00:42Z,0.78,114.65,-0.32,0.71
2025-08-02T22:01:42Z,0.57,111.56,-0.21,0.53
2025-08-02T22:02:42Z,0.9,82.19,0.12,0.89
2025-08-02T22:03:42Z,0.37,107.65,-0.11,0.35
2025-08-02T22:04:42Z,0.5,124.74,-0.29,0.41
2025-08-02T22:05:42Z,0.22,357.84,0.22,-0.01
2025-08-02T22:06:42Z,0.32,355.32,0.32,-0.03
2025-08-02T22:07:42Z,0.55,311.51,0.37,-0.41
2025-08-02T22:08:42Z,0.74,283.61,0.17,-0.72
2025-08-02T22:09:42Z,1.02,278.32,0.15,-1.01
2025-08-02T22:10:42Z,0.62,272.33,0.03,-0.62
2025-08-02T22:11:42Z,0.8,261.94,-0.11,-0.79
2025-08-02T22:12:42Z,0.51,193.35,-0.5,-0.12
2025-08-02T22:13:42Z,1.4,143.06,-1.12,0.84
2025-08-02T22:14:42Z,0.58,123.78,-0.32,0.48
2025-08-02T22:15:42Z,0.95,148.3,-0.81,0.5
2025-08-02T22:16:42Z,0.38,143.81,-0.31,0.22
2025-08-02T22:17:42Z,0.4,280.83,0.08,-0.4
2025-08-02T22:18:42Z,0.41,315.85,0.3,-0.29
2025-08-02T22:19:42Z,0.15,241.7,-0.07,-0.14
2025-08-02T22:20:42Z,0.4,136.31,-0.29,0.28
2025-08-02T22:21:42Z,0.37,144.09,-0.3,0.22
2025-08-02T22:22:42Z,0.19,58.23,0.1,0.16
2025-08-02T22:23:42Z,0.17,66.53,0.07,0.16
2025-08-02T22:24:42Z,0.39,338.08,0.36,-0.15
2025-08-02T22:25:42Z,0.89,301.7,0.47,-0.76
2025-08-02T22:26:42Z,0.55,309.87,0.35,-0.42
2025-08-02T22:27:42Z,0.29,339.66,0.27,-0.1
2025-08-02T22:28:42Z,0.4,132.29,-0.27,0.3
2025-08-02T22:29:42Z,0.26,176.7,-0.26,0.01
2025-08-02T22:30:42Z,0.18,211.7,-0.15,-0.09
2025-08-02T22:31:42Z,0.4,276.23,0.04,-0.4
2025-08-02T22:32:42Z,0.32,279.49,0.05,-0.31
2025-08-02T22:33:42Z,0.11,247.04,-0.04,-0.1
2025-08-02T22:34:42Z,0.45,139.65,-0.34,0.29
2025-08-02T22:35:42Z,0.79,145.8,-0.65,0.44
2025-08-02T22:36:42Z,0.54,110.96,-0.19,0.5
2025-08-02T22:37:42Z,0.35,358.72,0.35,-0.01
2025-08-02T22:38:42Z,0.32,207.54,-0.28,-0.15
2025-08-02T22:39:42Z,0.25,250.93,-0.08,-0.23
2025-08-02T22:40:42Z,0.5,159.94,-0.47,0.17
2025-08-02T22:41:42Z,0.14,102.6,-0.03,0.14
2025-08-02T22:42:42Z,0.46,101.16,-0.09,0.45
2025-08-02T22:43:42Z,0.08,79.69,0.02,0.08
2025-08-02T22:44:42Z,0.13,90.42,-0,0.13
2025-08-02T22:45:42Z,0.53,49.47,0.35,0.4
2025-08-02T22:46:42Z,0.17,25.62,0.15,0.07
2025-08-02T22:47:42Z,0.55,44,0.4,0.38
2025-08-02T22:48:42Z,0.35,358.94,0.35,-0.01
2025-08-02T22:49:42Z,0.29,207.99,-0.26,-0.14
2025-08-02T22:50:42Z,0.48,130.31,-0.31,0.37
2025-08-02T22:51:42Z,0.53,225.61,-0.37,-0.38
2025-08-02T22:52:42Z,0.22,168.81,-0.22,0.04
2025-08-02T22:53:42Z,0.08,266.07,-0.01,-0.08
2025-08-02T22:54:42Z,0.25,163.58,-0.24,0.07
2025-08-02T22:55:42Z,0.55,123.72,-0.31,0.46
2025-08-02T22:56:42Z,0.1,224.57,-0.07,-0.07
2025-08-02T22:57:42Z,0.67,89.46,0.01,0.67
2025-08-02T22:58:42Z,0.77,132.17,-0.51,0.57
2025-08-02T22:59:42Z,1.16,126.1,-0.68,0.94
2025-08-02T23:00:42Z,0.8,156.88,-0.74,0.31
2025-08-02T23:01:42Z,0.1,178.75,-0.1,0
2025-08-02T23:02:42Z,0.28,259.27,-0.05,-0.27
2025-08-02T23:03:42Z,0.19,233.75,-0.11,-0.16
2025-08-02T23:04:42Z,0.31,314.94,0.22,-0.22
2025-08-02T23:05:42Z,0.38,265.43,-0.03,-0.38
2025-08-02T23:06:42Z,0.44,275.79,0.04,-0.44
2025-08-02T23:07:42Z,0.28,41.28,0.21,0.18
2025-08-02T23:08:42Z,0.2,113.47,-0.08,0.18
2025-08-02T23:09:42Z,0.09,314.03,0.06,-0.06
2025-08-02T23:10:42Z,0.41,262.57,-0.05,-0.41
2025-08-02T23:11:42Z,0.31,304.85,0.18,-0.25
2025-08-02T23:12:42Z,0.59,292.95,0.23,-0.54
2025-08-02T23:13:42Z,0.48,249.76,-0.16,-0.45
2025-08-02T23:14:42Z,0.11,329.66,0.1,-0.06
2025-08-02T23:15:42Z,0.17,241.5,-0.08,-0.15
2025-08-02T23:16:42Z,0.26,129.05,-0.16,0.2
2025-08-02T23:17:42Z,0.16,277.13,0.02,-0.15
2025-08-02T23:18:42Z,0.28,333.47,0.25,-0.13
2025-08-02T23:19:42Z,0.3,82.13,0.04,0.3
2025-08-02T23:20:42Z,0.87,110.76,-0.31,0.81
2025-08-02T23:21:42Z,0.12,111.29,-0.04,0.11
2025-08-02T23:22:42Z,0.31,357.34,0.31,-0.01
2025-08-02T23:23:42Z,0.11,301.78,0.06,-0.09
2025-08-02T23:24:42Z,0.69,320.53,0.53,-0.44
2025-08-02T23:25:42Z,0.33,317.92,0.25,-0.22
2025-08-02T23:26:42Z,0.37,272.32,0.02,-0.37
2025-08-02T23:27:42Z,0.18,259.83,-0.03,-0.17
2025-08-02T23:28:42Z,0.04,247.3,-0.02,-0.04
2025-08-02T23:29:42Z,0.31,240.17,-0.15,-0.27
2025-08-02T23:30:42Z,0.41,280.32,0.07,-0.4
2025-08-02T23:31:42Z,1.09,284.76,0.28,-1.05
2025-08-02T23:32:42Z,1.39,286.4,0.39,-1.34
2025-08-02T23:33:42Z,1.19,279.87,0.2,-1.17
2025-08-02T23:34:42Z,1.24,268.4,-0.03,-1.24
2025-08-02T23:35:42Z,1.02,261.29,-0.15,-1
2025-08-02T23:36:42Z,1.29,273.06,0.07,-1.29
2025-08-02T23:37:42Z,1.28,250.38,-0.43,-1.2
2025-08-02T23:38:42Z,0.57,221.08,-0.43,-0.38
2025-08-02T23:39:42Z,0.42,142.36,-0.33,0.26
2025-08-02T23:40:42Z,0.29,232.59,-0.18,-0.23
2025-08-02T23:41:42Z,0.38,159.54,-0.35,0.13
2025-08-02T23:42:42Z,0.47,121.31,-0.24,0.4
2025-08-02T23:43:42Z,0.2,29.33,0.18,0.1
2025-08-02T23:44:42Z,0.33,285.25,0.09,-0.32
2025-08-02T23:45:42Z,0.42,288.38,0.13,-0.4
2025-08-02T23:46:42Z,0.36,282.84,0.08,-0.35
2025-08-02T23:47:42Z,0.13,290.85,0.05,-0.12
2025-08-02T23:48:42Z,0.12,211.61,-0.1,-0.06
2025-08-02T23:49:42Z,0.47,137.48,-0.34,0.32
2025-08-02T23:50:42Z,1.36,119.1,-0.66,1.19
2025-08-02T23:51:42Z,0.4,110.8,-0.14,0.37
2025-08-02T23:52:42Z,0.89,93.76,-0.06,0.89
2025-08-02T23:53:42Z,0.95,83.87,0.1,0.94
2025-08-02T23:54:42Z,0.07,25.68,0.06,0.03
2025-08-02T23:55:42Z,0.05,62.31,0.02,0.04
2025-08-02T23:56:42Z,0.37,338.11,0.34,-0.14
2025-08-02T23:57:42Z,0.26,145.17,-0.21,0.15
2025-08-02T23:58:42Z,0.09,155.38,-0.08,0.04
2025-08-02T23:59:42Z,0.42,208.11,-0.37,-0.2
2025-08-03T00:00:42Z,0.37,232.66,-0.22,-0.29
2025-08-03T00:01:42Z,0.26,289.93,0.09,-0.25
2025-08-03T00:02:42Z,0.17,148.89,-0.15,0.09
2025-08-03T00:03:42Z,0.3,73.22,0.09,0.29
2025-08-03T00:04:42Z,0.1,63.78,0.04,0.09
2025-08-03T00:05:42Z,0.15,173.98,-0.15,0.02
2025-08-03T00:06:42Z,0.05,147.23,-0.04,0.03
2025-08-03T00:07:42Z,0.19,316.54,0.14,-0.13
2025-08-03T00:08:42Z,0.41,304.43,0.23,-0.34
2025-08-03T00:09:42Z,0.34,253.71,-0.09,-0.32
2025-08-03T00:10:42Z,0.64,275.6,0.06,-0.64
2025-08-03T00:11:42Z,0.33,162.65,-0.32,0.1
2025-08-03T00:12:42Z,0.4,134.73,-0.28,0.29
2025-08-03T00:13:42Z,0.27,199.38,-0.25,-0.09
2025-08-03T00:14:42Z,0.18,241.07,-0.09,-0.16
2025-08-03T00:15:42Z,0.36,151.6,-0.32,0.17
2025-08-03T00:16:42Z,0.21,283.16,0.05,-0.21
2025-08-03T00:17:42Z,1.08,295.12,0.46,-0.98
2025-08-03T00:18:42Z,0.68,279.22,0.11,-0.67
2025-08-03T00:19:42Z,0.48,315.71,0.35,-0.34
2025-08-03T00:20:42Z,0.43,263.56,-0.05,-0.43
2025-08-03T00:21:42Z,0.5,284.54,0.12,-0.48
2025-08-03T00:22:42Z,0.44,152.51,-0.39,0.2
2025-08-03T00:23:42Z,0.28,235.09,-0.16,-0.23
2025-08-03T00:24:42Z,0.33,193.11,-0.32,-0.07
2025-08-03T00:25:42Z,0.14,58.35,0.07,0.12
2025-08-03T00:26:42Z,0.17,102.33,-0.04,0.16
2025-08-03T00:27:42Z,0.37,310.3,0.24,-0.28
2025-08-03T00:28:42Z,0.11,157.02,-0.1,0.04
2025-08-03T00:29:42Z,0.37,284.46,0.09,-0.36
2025-08-03T00:30:42Z,0.33,312.11,0.22,-0.25
2025-08-03T00:31:42Z,0.34,334.53,0.31,-0.15
2025-08-03T00:32:42Z,0.2,216.68,-0.16,-0.12
2025-08-03T00:33:42Z,0.28,221.95,-0.21,-0.19
2025-08-03T00:34:42Z,0.1,191.03,-0.1,-0.02
2025-08-03T00:35:42Z,0.19,154.86,-0.17,0.08
2025-08-03T00:36:42Z,0.09,25.2,0.08,0.04
2025-08-03T00:37:42Z,0.24,304.84,0.14,-0.2
2025-08-03T00:38:42Z,0.57,301.23,0.3,-0.49
2025-08-03T00:39:42Z,0.6,260.67,-0.1,-0.6
2025-08-03T00:40:42Z,0.26,263.72,-0.03,-0.26
2025-08-03T00:41:42Z,0.17,257.78,-0.04,-0.17
2025-08-03T00:42:42Z,0.35,130.15,-0.22,0.26
2025-08-03T00:43:42Z,0.33,11.86,0.32,0.07
2025-08-03T00:44:42Z,0.19,328.79,0.16,-0.1
2025-08-03T00:45:42Z,0.18,290.63,0.06,-0.17
2025-08-03T00:46:42Z,0.18,340,0.17,-0.06
2025-08-03T00:47:42Z,0.16,276.71,0.02,-0.16
2025-08-03T00:48:42Z,0.2,300.15,0.1,-0.17
2025-08-03T00:49:42Z,0.3,150.67,-0.26,0.15
2025-08-03T00:50:42Z,0.25,166.84,-0.25,0.06
2025-08-03T00:51:42Z,0.18,153.14,-0.16,0.08
2025-08-03T00:52:42Z,0.22,77.59,0.05,0.21
2025-08-03T00:53:42Z,0.11,141.17,-0.09,0.07
2025-08-03T00:54:42Z,0.52,152.54,-0.46,0.24
2025-08-03T00:55:42Z,0.17,99.95,-0.03,0.16
2025-08-03T00:56:42Z,0.54,89.67,0,0.54
2025-08-03T00:57:42Z,0.34,210.77,-0.29,-0.17
2025-08-03T00:58:42Z,0.19,203.89,-0.18,-0.08
2025-08-03T00:59:42Z,0.56,171.77,-0.56,0.08
2025-08-03T01:00:42Z,0.44,193.53,-0.43,-0.1
2025-08-03T01:01:42Z,0.47,208.4,-0.41,-0.22
2025-08-03T01:02:42Z,0.22,198.57,-0.21,-0.07
2025-08-03T01:03:42Z,0.02,151.55,-0.02,0.01
2025-08-03T01:04:42Z,0.2,295.78,0.09,-0.18
2025-08-03T01:05:42Z,0.34,299.35,0.16,-0.29
2025-08-03T01:06:42Z,0.41,343.97,0.39,-0.11
2025-08-03T01:07:42Z,0.18,280.38,0.03,-0.18
2025-08-03T01:08:42Z,0.39,289.12,0.13,-0.36
2025-08-03T01:09:42Z,0.37,288.54,0.12,-0.35
2025-08-03T01:10:42Z,0.19,221.79,-0.14,-0.13
2025-08-03T01:11:42Z,0.18,260.29,-0.03,-0.18
2025-08-03T01:12:42Z,0.32,87.83,0.01,0.32
2025-08-03T01:13:42Z,0.12,218.65,-0.09,-0.07
2025-08-03T01:14:42Z,0.54,172.02,-0.53,0.07
2025-08-03T01:15:42Z,0.46,137.59,-0.34,0.31
2025-08-03T01:16:42Z,0.63,147.37,-0.53,0.34
2025-08-03T01:17:42Z,0.68,129.36,-0.43,0.53
2025-08-03T01:18:42Z,0.27,123.74,-0.15,0.23
2025-08-03T01:19:42Z,0.12,208.18,-0.11,-0.06
2025-08-03T01:20:42Z,0.27,188.62,-0.27,-0.04
2025-08-03T01:21:42Z,0.25,119.06,-0.12,0.22
2025-08-03T01:22:42Z,0.35,131.08,-0.23,0.27
2025-08-03T01:23:42Z,0.31,305.69,0.18,-0.25
2025-08-03T01:24:42Z,0.18,248.7,-0.07,-0.17
2025-08-03T01:25:42Z,0.5,279.99,0.09,-0.49
2025-08-03T01:26:42Z,0.39,289.45,0.13,-0.36
2025-08-03T01:27:42Z,0.32,294.33,0.13,-0.29
2025-08-03T01:28:42Z,0.03,188.29,-0.03,-0
2025-08-03T01:29:42Z,0.12,135.15,-0.08,0.08
2025-08-03T01:30:42Z,0.04,38.91,0.03,0.03
2025-08-03T01:31:42Z,0.15,216.15,-0.12,-0.09
2025-08-03T01:32:42Z,0.43,126.99,-0.26,0.35
2025-08-03T01:33:42Z,0.13,145.98,-0.1,0.07
2025-08-03T01:34:42Z,0.26,241.58,-0.12,-0.23
2025-08-03T01:35:42Z,0.25,89.93,0,0.25
2025-08-03T01:36:42Z,0.1,306.51,0.06,-0.08
2025-08-03T01:37:42Z,0.31,264.5,-0.03,-0.31
2025-08-03T01:38:42Z,0.31,233.82,-0.18,-0.25
2025-08-03T01:39:42Z,0.51,130.44,-0.33,0.39
2025-08-03T01:40:42Z,1.14,128.4,-0.71,0.89
2025-08-03T01:41:42Z,0.68,103.29,-0.16,0.66
2025-08-03T01:42:42Z,0.42,80.03,0.07,0.42
2025-08-03T01:43:42Z,0.77,116.69,-0.35,0.69
2025-08-03T01:44:42Z,0.44,97.01,-0.05,0.43
2025-08-03T01:45:42Z,0.1,3.78,0.1,0.01
2025-08-03T01:46:42Z,0.49,269.5,-0,-0.49
2025-08-03T01:47:42Z,0.59,248.28,-0.22,-0.55
2025-08-03T01:48:42Z,0.24,335.55,0.22,-0.1
2025-08-03T01:49:42Z,0.63,134.96,-0.44,0.44
2025-08-03T01:50:42Z,0.92,112.15,-0.35,0.85
2025-08-03T01:51:42Z,0.9,121.56,-0.47,0.77
2025-08-03T01:52:42Z,0.61,98.97,-0.1,0.6
2025-08-03T01:53:42Z,0.41,75.05,0.1,0.39
2025-08-03T01:54:42Z,0.16,129.94,-0.11,0.13
2025-08-03T01:55:42Z,0.24,304.69,0.14,-0.2
2025-08-03T01:56:42Z,0.81,298.12,0.38,-0.72
2025-08-03T01:57:42Z,0.56,288.96,0.18,-0.53
2025-08-03T01:58:42Z,0.74,277.07,0.09,-0.73
2025-08-03T01:59:42Z,0.56,268.66,-0.01,-0.56
2025-08-03T02:00:42Z,0.3,111.07,-0.11,0.28
2025-08-03T02:01:42Z,0.2,220.27,-0.15,-0.13
2025-08-03T02:02:42Z,0.55,263.1,-0.07,-0.55
2025-08-03T02:03:42Z,0.72,289.22,0.24,-0.68
2025-08-03T02:04:42Z,0.21,299.07,0.1,-0.19
2025-08-03T02:05:42Z,0.33,272.59,0.01,-0.33
2025-08-03T02:06:42Z,0.21,217.57,-0.17,-0.13
2025-08-03T02:07:42Z,0.13,263.48,-0.01,-0.13
2025-08-03T02:08:42Z,0.41,217.52,-0.32,-0.25
2025-08-03T02:09:42Z,0.55,267.45,-0.02,-0.55
2025-08-03T02:10:42Z,0.47,285.91,0.13,-0.45
2025-08-03T02:11:42Z,0.55,271.34,0.01,-0.55
2025-08-03T02:12:42Z,0.3,229.25,-0.19,-0.22
2025-08-03T02:13:42Z,0.18,119.36,-0.09,0.16
2025-08-03T02:14:42Z,0.18,309.47,0.12,-0.14
2025-08-03T02:15:42Z,0.61,296.55,0.27,-0.55
2025-08-03T02:16:42Z,0.76,291.02,0.27,-0.71
2025-08-03T02:17:42Z,0.83,279.03,0.13,-0.82
2025-08-03T02:18:42Z,0.05,89.32,0,0.05
2025-08-03T02:19:42Z,0.27,153.41,-0.24,0.12
2025-08-03T02:20:42Z,0.27,67.07,0.1,0.25
2025-08-03T02:21:42Z,0.46,166.1,-0.45,0.11
2025-08-03T02:22:42Z,0.69,255.46,-0.17,-0.67
2025-08-03T02:23:42Z,1.09,289.3,0.36,-1.03
2025-08-03T02:24:42Z,0.33,268.87,-0.01,-0.33
2025-08-03T02:25:42Z,0.3,134.32,-0.21,0.22
2025-08-03T02:26:42Z,0.28,66.22,0.11,0.25
2025-08-03T02:27:42Z,1.27,79.1,0.24,1.25
2025-08-03T02:28:42Z,0.37,24.13,0.33,0.15
2025-08-03T02:29:42Z,0.41,67.13,0.16,0.38
2025-08-03T02:30:42Z,0.31,330.02,0.27,-0.16
2025-08-03T02:31:42Z,0.65,89.29,0.01,0.65
2025-08-03T02:32:42Z,0.19,273.47,0.01,-0.19
2025-08-03T02:33:42Z,0.07,33.04,0.06,0.04
2025-08-03T02:34:42Z,0.74,289.54,0.25,-0.7
2025-08-03T02:35:42Z,1.48,285.39,0.39,-1.43
2025-08-03T02:36:42Z,2.59,280.74,0.48,-2.54
2025-08-03T02:37:42Z,1.13,247.12,-0.44,-1.04
2025-08-03T02:38:42Z,1.52,129.3,-0.96,1.17
2025-08-03T02:39:42Z,2.17,116.98,-0.99,1.94
2025-08-03T02:40:42Z,0.32,160.06,-0.3,0.11
2025-08-03T02:41:42Z,0.54,297.21,0.25,-0.48
2025-08-03T02:42:42Z,0.92,287.2,0.27,-0.88
2025-08-03T02:43:42Z,2.08,282.08,0.43,-2.03
2025-08-03T02:44:42Z,1.31,285.75,0.35,-1.26
2025-08-03T02:45:42Z,1.76,268.55,-0.04,-1.76
2025-08-03T02:46:42Z,1.47,271.71,0.04,-1.46
2025-08-03T02:47:42Z,0.99,253.91,-0.27,-0.95
2025-08-03T02:48:42Z,1.48,257.93,-0.31,-1.45
2025-08-03T02:49:42Z,0.43,252.51,-0.13,-0.41
2025-08-03T02:50:42Z,0.48,255.85,-0.12,-0.46
2025-08-03T02:51:42Z,0.57,278.99,0.09,-0.56
2025-08-03T02:52:42Z,0.26,242.87,-0.12,-0.23
2025-08-03T02:53:42Z,2.34,270.62,0.03,-2.34
2025-08-03T02:54:42Z,1.88,274.09,0.13,-1.88
2025-08-03T02:55:42Z,0.87,265.56,-0.07,-0.87
2025-08-03T02:56:42Z,1.54,270.13,0,-1.54
2025-08-03T02:57:42Z,1.03,279.46,0.17,-1.01
2025-08-03T02:58:42Z,1.78,270.44,0.01,-1.78
2025-08-03T02:59:42Z,0.86,273.51,0.05,-0.86
2025-08-03T03:00:42Z,0.5,277.07,0.06,-0.49
2025-08-03T03:01:42Z,0.82,271.77,0.03,-0.82
2025-08-03T03:02:42Z,0.37,281.16,0.07,-0.36
2025-08-03T03:03:42Z,0.15,287.09,0.05,-0.15
2025-08-03T03:04:42Z,0.11,163.31,-0.11,0.03
2025-08-03T03:05:42Z,0.31,152.68,-0.28,0.14
2025-08-03T03:06:42Z,0.44,136.63,-0.32,0.3
2025-08-03T03:07:42Z,0.43,131.2,-0.28,0.32
2025-08-03T03:08:42Z,0.71,101.86,-0.15,0.69
2025-08-03T03:09:42Z,0.39,310.33,0.25,-0.3
2025-08-03T03:10:42Z,0.13,157.53,-0.12,0.05
2025-08-03T03:11:42Z,0.48,288.75,0.15,-0.45
2025-08-03T03:12:42Z,0.35,1.72,0.35,0.01
2025-08-03T03:13:42Z,0.47,2.82,0.47,0.02
2025-08-03T03:14:42Z,0.88,117.58,-0.41,0.78
2025-08-03T03:15:42Z,0.18,171.7,-0.18,0.03
2025-08-03T03:16:42Z,0.56,245.42,-0.23,-0.51
2025-08-03T03:17:42Z,0.17,252.25,-0.05,-0.17
2025-08-03T03:18:42Z,0.14,225.47,-0.1,-0.1
2025-08-03T03:19:42Z,0.78,120.6,-0.4,0.67
2025-08-03T03:20:42Z,0.25,223.8,-0.18,-0.17
2025-08-03T03:21:42Z,0.2,119.41,-0.1,0.17
2025-08-03T03:22:42Z,0.86,93.8,-0.06,0.86
2025-08-03T03:23:42Z,0.31,90.46,-0,0.31
2025-08-03T03:24:42Z,0.22,292.83,0.09,-0.2
2025-08-03T03:25:42Z,0.17,334.58,0.15,-0.07
2025-08-03T03:26:42Z,0.49,321.81,0.38,-0.3
2025-08-03T03:27:42Z,0.13,254.66,-0.04,-0.13
2025-08-03T03:28:42Z,0.33,299.39,0.16,-0.28
2025-08-03T03:29:42Z,0.49,297.05,0.22,-0.43
2025-08-03T03:30:42Z,0.38,288.84,0.12,-0.36
2025-08-03T03:31:42Z,0.25,8.04,0.24,0.03
2025-08-03T03:32:42Z,0.08,77.66,0.02,0.08
2025-08-03T03:33:42Z,0.38,61.96,0.18,0.34
2025-08-03T03:34:42Z,0.13,240.84,-0.06,-0.11
2025-08-03T03:35:42Z,0.19,186.48,-0.19,-0.02
2025-08-03T03:36:42Z,0.36,136.97,-0.26,0.24
2025-08-03T03:37:42Z,0.18,200.95,-0.17,-0.06
2025-08-03T03:38:42Z,0.21,291.03,0.08,-0.2
2025-08-03T03:39:42Z,0.06,340.12,0.05,-0.02
2025-08-03T03:40:42Z,0.46,275.46,0.04,-0.45
2025-08-03T03:41:42Z,0.37,276.04,0.04,-0.36
2025-08-03T03:42:42Z,0.18,185.15,-0.18,-0.02
2025-08-03T03:43:42Z,0.42,293.43,0.17,-0.38
2025-08-03T03:44:42Z,0.74,302.51,0.4,-0.62
2025-08-03T03:45:42Z,0.87,280.33,0.16,-0.86
2025-08-03T03:46:42Z,1.56,290.15,0.54,-1.47
2025-08-03T03:47:42Z,0.82,275.64,0.08,-0.82
2025-08-03T03:48:42Z,0.7,280.87,0.13,-0.68
2025-08-03T03:49:42Z,1.1,243.6,-0.49,-0.99
2025-08-03T03:50:42Z,0.12,339.29,0.11,-0.04
2025-08-03T03:51:42Z,0.73,196.52,-0.7,-0.21
2025-08-03T03:52:42Z,0.94,204.45,-0.86,-0.39
2025-08-03T03:53:42Z,0.7,130.81,-0.46,0.53
2025-08-03T03:54:42Z,0.06,143.67,-0.05,0.04
2025-08-03T03:55:42Z,0.5,47.02,0.34,0.37
2025-08-03T03:56:42Z,0.29,7.59,0.29,0.04
2025-08-03T03:57:42Z,0.22,327.65,0.19,-0.12
2025-08-03T03:58:42Z,0.22,319.02,0.17,-0.14
2025-08-03T03:59:42Z,0.17,292.69,0.07,-0.16
2025-08-03T04:00:42Z,0.38,258.44,-0.08,-0.38
2025-08-03T04:01:42Z,0.39,283.93,0.09,-0.38
2025-08-03T04:02:42Z,0.23,222.55,-0.17,-0.16
2025-08-03T04:03:42Z,0.08,171.99,-0.08,0.01
2025-08-03T04:04:42Z,0.15,157.54,-0.14,0.06
2025-08-03T04:05:42Z,0.25,182.38,-0.25,-0.01
2025-08-03T04:06:42Z,0.09,183.87,-0.09,-0.01
2025-08-03T04:07:42Z,0.22,235.74,-0.12,-0.18
2025-08-03T04:08:42Z,0.65,304.98,0.37,-0.53
2025-08-03T04:09:42Z,0.71,292.91,0.28,-0.66
2025-08-03T04:10:42Z,0.64,283.47,0.15,-0.62
2025-08-03T04:11:42Z,0.4,259.99,-0.07,-0.4
2025-08-03T04:12:42Z,0.41,166.7,-0.4,0.1
2025-08-03T04:13:42Z,0.34,262.46,-0.05,-0.34
2025-08-03T04:14:42Z,0.1,172.57,-0.1,0.01
2025-08-03T04:15:42Z,0.31,127.96,-0.19,0.24
2025-08-03T04:16:42Z,0.09,43.71,0.07,0.06
2025-08-03T04:17:42Z,0.09,126.73,-0.05,0.07
2025-08-03T04:18:42Z,0.19,299.91,0.09,-0.16
2025-08-03T04:19:42Z,0.12,223.12,-0.09,-0.08
2025-08-03T04:20:42Z,0.2,120.08,-0.1,0.18
2025-08-03T04:21:42Z,0.94,140.95,-0.73,0.59
2025-08-03T04:22:42Z,0.44,125.69,-0.26,0.36
2025-08-03T04:23:42Z,0.94,99.59,-0.16,0.93
2025-08-03T04:24:42Z,0.42,132.02,-0.28,0.31
2025-08-03T04:25:42Z,0.71,82.04,0.1,0.7
2025-08-03T04:26:42Z,0.33,152.91,-0.29,0.15
2025-08-03T04:27:42Z,0.32,285.82,0.09,-0.31
2025-08-03T04:28:42Z,0.16,310.94,0.1,-0.12
2025-08-03T04:29:42Z,0.65,274.76,0.05,-0.65
2025-08-03T04:30:42Z,0.11,312.24,0.08,-0.08
2025-08-03T04:31:42Z,0.64,300.03,0.32,-0.56
2025-08-03T04:32:42Z,0.44,279.46,0.07,-0.43
2025-08-03T04:33:42Z,0.33,281.01,0.06,-0.32
2025-08-03T04:34:42Z,0.34,271.83,0.01,-0.34
2025-08-03T04:35:42Z,0.2,232.15,-0.12,-0.16
2025-08-03T04:36:42Z,0.27,220.06,-0.21,-0.18
2025-08-03T04:37:42Z,0.46,280.33,0.08,-0.46
2025-08-03T04:38:42Z,0.64,275.2,0.06,-0.64
2025-08-03T04:39:42Z,0.38,278.23,0.05,-0.38
2025-08-03T04:40:42Z,0.15,314.89,0.1,-0.1
2025-08-03T04:41:42Z,0.19,218.22,-0.15,-0.12
2025-08-03T04:42:42Z,0.35,199.03,-0.33,-0.11
2025-08-03T04:43:42Z,0.45,150.17,-0.39,0.23
2025-08-03T04:44:42Z,1.01,106.91,-0.29,0.97
2025-08-03T04:45:42Z,0.93,132.31,-0.62,0.69
2025-08-03T04:46:42Z,0.22,163.11,-0.21,0.06
2025-08-03T04:47:42Z,0.83,119.52,-0.41,0.72
2025-08-03T04:48:42Z,0.8,130.88,-0.52,0.6
2025-08-03T04:49:42Z,0.91,136.8,-0.66,0.62
2025-08-03T04:50:42Z,0.44,70.05,0.15,0.42
2025-08-03T04:51:42Z,0.64,104.66,-0.16,0.62
2025-08-03T04:52:42Z,0.2,198.49,-0.19,-0.06
2025-08-03T04:53:42Z,0.38,116.21,-0.17,0.34
2025-08-03T04:54:42Z,0.32,223.11,-0.23,-0.22
2025-08-03T04:55:42Z,0.15,220.01,-0.12,-0.1
2025-08-03T04:56:42Z,0.19,247.05,-0.07,-0.18
2025-08-03T04:57:42Z,0.47,291.51,0.17,-0.44
2025-08-03T04:58:42Z,0.7,287.42,0.21,-0.66
2025-08-03T04:59:42Z,0.55,278.36,0.08,-0.54
2025-08-03T05:00:42Z,0.56,273.54,0.03,-0.56
2025-08-03T05:01:42Z,1.17,269.29,-0.01,-1.17
2025-08-03T05:02:42Z,0.75,272.52,0.03,-0.75
2025-08-03T05:03:42Z,0.47,258.46,-0.09,-0.46
2025-08-03T05:04:42Z,0.3,123.61,-0.16,0.25
2025-08-03T05:05:42Z,0.38,121.37,-0.2,0.32
2025-08-03T05:06:42Z,0.24,133.62,-0.16,0.17
2025-08-03T05:07:42Z,0.1,163.56,-0.1,0.03
2025-08-03T05:08:42Z,0.28,258.33,-0.06,-0.27
2025-08-03T05:09:42Z,0.04,313.03,0.02,-0.03
2025-08-03T05:10:42Z,0.52,251.73,-0.16,-0.5
2025-08-03T05:11:42Z,0.11,259.55,-0.02,-0.11
2025-08-03T05:12:42Z,0.39,276.51,0.04,-0.39
2025-08-03T05:13:42Z,0.2,207.53,-0.18,-0.09
2025-08-03T05:14:42Z,0.23,26.13,0.2,0.1
2025-08-03T05:15:42Z,0.83,301.32,0.43,-0.71
2025-08-03T05:16:42Z,1.21,287.52,0.37,-1.16
2025-08-03T05:17:42Z,1.48,283.44,0.34,-1.44
2025-08-03T05:18:42Z,1.05,266.83,-0.06,-1.05
2025-08-03T05:19:42Z,1.41,284.81,0.36,-1.36
2025-08-03T05:20:42Z,1.51,276.75,0.18,-1.5
2025-08-03T05:21:42Z,1.32,266.77,-0.07,-1.32
2025-08-03T05:22:42Z,1.81,275.56,0.18,-1.81
2025-08-03T05:23:42Z,1.48,272.46,0.06,-1.48
2025-08-03T05:24:42Z,0.7,274.53,0.05,-0.69
2025-08-03T05:25:42Z,1.14,272.67,0.05,-1.14
2025-08-03T05:26:42Z,0.86,251.25,-0.28,-0.81
2025-08-03T05:27:42Z,0.36,298.84,0.17,-0.31
2025-08-03T05:28:42Z,0.86,138.67,-0.64,0.57
2025-08-03T05:29:42Z,0.58,231.73,-0.36,-0.45
2025-08-03T05:30:42Z,0.31,240.86,-0.15,-0.27
2025-08-03T05:31:42Z,0.5,270.38,0,-0.5
2025-08-03T05:32:42Z,0.4,244.77,-0.17,-0.36
2025-08-03T05:33:42Z,0.11,272.71,0,-0.11
2025-08-03T05:34:42Z,0.31,295.48,0.13,-0.28
2025-08-03T05:35:42Z,0.2,287.39,0.06,-0.19
2025-08-03T05:36:42Z,0.09,227.85,-0.06,-0.07
2025-08-03T05:37:42Z,0.25,166.93,-0.24,0.06
2025-08-03T05:38:42Z,0.07,277.97,0.01,-0.07
2025-08-03T05:39:42Z,0.31,281.23,0.06,-0.31
2025-08-03T05:40:42Z,0.34,138.6,-0.26,0.23
2025-08-03T05:41:42Z,0.43,140.59,-0.33,0.28
2025-08-03T05:42:42Z,0.27,138.72,-0.2,0.18
2025-08-03T05:43:42Z,0.58,154.58,-0.53,0.25
2025-08-03T05:44:42Z,0.58,141.74,-0.45,0.36
2025-08-03T05:45:42Z,0.41,302.68,0.22,-0.35
2025-08-03T05:46:42Z,0.39,277.78,0.05,-0.38
2025-08-03T05:47:42Z,0.38,103.36,-0.09,0.37
2025-08-03T05:48:42Z,0.55,117.54,-0.26,0.49
2025-08-03T05:49:42Z,0.69,127.31,-0.42,0.55
2025-08-03T05:50:42Z,0.54,140.24,-0.42,0.35
2025-08-03T05:51:42Z,1.01,100.75,-0.19,0.99
2025-08-03T05:52:42Z,0.77,148.12,-0.66,0.41
2025-08-03T05:53:42Z,0.46,141.06,-0.36,0.29
2025-08-03T05:54:42Z,0.59,70.44,0.2,0.56
2025-08-03T05:55:42Z,0.31,164.75,-0.3,0.08
2025-08-03T05:56:42Z,1.45,119.31,-0.71,1.26
2025-08-03T05:57:42Z,0.2,215.82,-0.16,-0.12
2025-08-03T05:58:42Z,0.52,162.63,-0.5,0.16
2025-08-03T05:59:42Z,1.64,150.24,-1.43,0.82
2025-08-03T06:00:42Z,2.36,130.75,-1.54,1.79
2025-08-03T06:01:42Z,0.14,242.02,-0.07,-0.13
2025-08-03T06:02:42Z,0.28,307.02,0.17,-0.22
2025-08-03T06:03:42Z,0.93,289.15,0.3,-0.88
2025-08-03T06:04:42Z,0.42,85.39,0.03,0.42
2025-08-03T06:05:42Z,0.47,295.84,0.21,-0.43
2025-08-03T06:06:42Z,0.26,153.07,-0.23,0.12
2025-08-03T06:07:42Z,0.4,167.87,-0.39,0.08
2025-08-03T06:08:42Z,0.42,106.88,-0.12,0.41
2025-08-03T06:09:42Z,1.36,83.49,0.15,1.36
2025-08-03T06:10:42Z,0.69,150.45,-0.6,0.34
2025-08-03T06:11:42Z,0.94,101.59,-0.19,0.92
2025-08-03T06:12:42Z,0.46,118.42,-0.22,0.41
2025-08-03T06:13:42Z,0.33,134.45,-0.23,0.23
2025-08-03T06:14:42Z,0.19,327.75,0.16,-0.1
2025-08-03T06:15:42Z,0.21,43.44,0.15,0.14
2025-08-03T06:16:42Z,0.16,292.63,0.06,-0.15
2025-08-03T06:17:42Z,0.55,120.42,-0.28,0.47
2025-08-03T06:18:42Z,0.98,128.53,-0.61,0.76
2025-08-03T06:19:42Z,0.62,121.82,-0.33,0.53
2025-08-03T06:20:42Z,0.49,177.5,-0.49,0.02
2025-08-03T06:21:42Z,0.75,132.66,-0.51,0.55
2025-08-03T06:22:42Z,0.74,135.85,-0.53,0.51
2025-08-03T06:23:42Z,0.67,153.7,-0.6,0.3
2025-08-03T06:24:42Z,0.66,145.34,-0.54,0.38
2025-08-03T06:25:42Z,0.81,151.23,-0.71,0.39
2025-08-03T06:26:42Z,0.41,126.87,-0.25,0.33
2025-08-03T06:27:42Z,0.43,265.23,-0.04,-0.43
2025-08-03T06:28:42Z,0.28,282.16,0.06,-0.27
2025-08-03T06:29:42Z,0.19,302.41,0.1,-0.16
2025-08-03T06:30:42Z,1.05,278.37,0.15,-1.04
2025-08-03T06:31:42Z,0.54,259.61,-0.1,-0.53
2025-08-03T06:32:42Z,0.58,264.14,-0.06,-0.58
2025-08-03T06:33:42Z,0.17,220.62,-0.13,-0.11
2025-08-03T06:34:42Z,0.31,134.2,-0.22,0.22
2025-08-03T06:35:42Z,0.61,279.34,0.1,-0.6
2025-08-03T06:36:42Z,0.69,297.39,0.32,-0.62
2025-08-03T06:37:42Z,0.08,227.26,-0.05,-0.06
2025-08-03T06:38:42Z,0.22,185.78,-0.21,-0.02
2025-08-03T06:39:42Z,0.78,119.72,-0.39,0.67
2025-08-03T06:40:42Z,1.05,122.01,-0.56,0.89
2025-08-03T06:41:42Z,1.08,107.27,-0.32,1.04
2025-08-03T06:42:42Z,0.38,177.89,-0.38,0.01
2025-08-03T06:43:42Z,0.96,119.62,-0.47,0.83
2025-08-03T06:44:42Z,0.19,181.91,-0.19,-0.01
2025-08-03T06:45:42Z,0.38,126.66,-0.23,0.3
2025-08-03T06:46:42Z,0.1,143.29,-0.08,0.06
2025-08-03T06:47:42Z,0.43,112.07,-0.16,0.39
2025-08-03T06:48:42Z,0.14,66.56,0.06,0.13
2025-08-03T06:49:42Z,0.09,140.34,-0.07,0.06
2025-08-03T06:50:42Z,0.52,150.28,-0.46,0.26
2025-08-03T06:51:42Z,0.68,145.3,-0.56,0.39
2025-08-03T06:52:42Z,1.07,146.62,-0.89,0.59
2025-08-03T06:53:42Z,1.02,140.28,-0.78,0.65
2025-08-03T06:54:42Z,0.52,128.39,-0.32,0.4
2025-08-03T06:55:42Z,0.3,198.31,-0.29,-0.1
2025-08-03T06:56:42Z,0.01,161.04,-0.01,0
2025-08-03T06:57:42Z,0.48,183.06,-0.48,-0.03
2025-08-03T06:58:42Z,0.19,221,-0.15,-0.13
2025-08-03T06:59:42Z,0.5,152.53,-0.44,0.23
2025-08-03T07:00:42Z,0.27,169.39,-0.26,0.05
2025-08-03T07:01:42Z,0.18,206.43,-0.16,-0.08
2025-08-03T07:02:42Z,0.44,99.79,-0.08,0.44
2025-08-03T07:03:42Z,1.42,105.42,-0.38,1.37
2025-08-03T07:04:42Z,0.97,134.51,-0.68,0.69
2025-08-03T07:05:42Z,1.12,125.42,-0.65,0.92
2025-08-03T07:06:42Z,0.81,170.42,-0.8,0.13
2025-08-03T07:07:42Z,0.92,142.4,-0.73,0.56
2025-08-03T07:08:42Z,0.15,111.07,-0.05,0.14
2025-08-03T07:09:42Z,0.23,177.21,-0.23,0.01
2025-08-03T07:10:42Z,0.27,152.06,-0.24,0.13
2025-08-03T07:11:42Z,0.17,329.94,0.14,-0.08
2025-08-03T07:12:42Z,0.32,297.35,0.15,-0.29
2025-08-03T07:13:42Z,0.65,293.33,0.26,-0.6
2025-08-03T07:14:42Z,0.63,275.37,0.06,-0.62
2025-08-03T07:15:42Z,1.25,284.03,0.3,-1.21
2025-08-03T07:16:42Z,1.8,282.78,0.4,-1.76
2025-08-03T07:17:42Z,0.39,283.11,0.09,-0.38
2025-08-03T07:18:42Z,0.71,268.4,-0.02,-0.71
2025-08-03T07:19:42Z,0.19,228.29,-0.13,-0.14
2025-08-03T07:20:42Z,0.81,141.02,-0.63,0.51
2025-08-03T07:21:42Z,0.42,159.98,-0.4,0.14
2025-08-03T07:22:42Z,0.66,129.69,-0.42,0.51
2025-08-03T07:23:42Z,0.47,141.26,-0.36,0.29
2025-08-03T07:24:42Z,0.27,251.17,-0.09,-0.25
2025-08-03T07:25:42Z,0.61,272.88,0.03,-0.61
2025-08-03T07:26:42Z,0.27,328.68,0.23,-0.14
2025-08-03T07:27:42Z,0.55,315.28,0.39,-0.39
2025-08-03T07:28:42Z,0.88,303.78,0.49,-0.73
2025-08-03T07:29:42Z,0.41,291.89,0.15,-0.38
2025-08-03T07:30:42Z,1.56,293.54,0.62,-1.43
2025-08-03T07:31:42Z,1.12,293.8,0.45,-1.03
2025-08-03T07:32:42Z,1.08,311.39,0.72,-0.81
2025-08-03T07:33:42Z,0.78,276.38,0.09,-0.77
2025-08-03T07:34:42Z,0.54,264.64,-0.05,-0.53
2025-08-03T07:35:42Z,0.56,181.65,-0.56,-0.02
2025-08-03T07:36:42Z,1.65,137.79,-1.22,1.11
2025-08-03T07:37:42Z,0.44,101.73,-0.09,0.43
2025-08-03T07:38:42Z,0.27,107.64,-0.08,0.26
2025-08-03T07:39:42Z,0.21,342.55,0.2,-0.06
2025-08-03T07:40:42Z,1.28,332.74,1.14,-0.59
2025-08-03T07:41:42Z,1.24,275.36,0.12,-1.24
2025-08-03T07:42:42Z,1.05,250.65,-0.35,-0.99
2025-08-03T07:43:42Z,0.58,270.7,0.01,-0.58
2025-08-03T07:44:42Z,1.39,133.99,-0.97,1
2025-08-03T07:45:42Z,1.06,123.26,-0.58,0.88
2025-08-03T07:46:42Z,1.11,128.22,-0.69,0.87
2025-08-03T07:47:42Z,0.07,174.24,-0.07,0.01
2025-08-03T07:48:42Z,0.53,280.2,0.09,-0.52
2025-08-03T07:49:42Z,0.55,307.65,0.33,-0.43
2025-08-03T07:50:42Z,0.41,346.79,0.4,-0.09
2025-08-03T07:51:42Z,0.45,309.27,0.29,-0.35
2025-08-03T07:52:42Z,0.27,292.74,0.1,-0.25
2025-08-03T07:53:42Z,0.38,311.47,0.25,-0.28
2025-08-03T07:54:42Z,0.77,312.3,0.52,-0.57
2025-08-03T07:55:42Z,1.1,304.82,0.63,-0.91
2025-08-03T07:56:42Z,1.44,289.28,0.48,-1.36
2025-08-03T07:57:42Z,1.68,283.79,0.4,-1.63
2025-08-03T07:58:42Z,1.88,275.74,0.19,-1.87
2025-08-03T07:59:42Z,1.96,283.89,0.47,-1.9
2025-08-03T08:00:42Z,1.6,278.17,0.23,-1.58
2025-08-03T08:01:42Z,1.86,273.08,0.1,-1.86
2025-08-03T08:02:42Z,1.35,272.51,0.06,-1.35
2025-08-03T08:03:42Z,0.9,282.46,0.19,-0.88
2025-08-03T08:04:42Z,1.71,265.77,-0.13,-1.7
2025-08-03T08:05:42Z,1.08,285.29,0.28,-1.04
2025-08-03T08:06:42Z,1.41,286.2,0.39,-1.35
2025-08-03T08:07:42Z,1.19,286.24,0.33,-1.14
2025-08-03T08:08:42Z,1.07,275.99,0.11,-1.06
2025-08-03T08:09:42Z,0.63,272.37,0.03,-0.63
2025-08-03T08:10:42Z,1.4,284.83,0.36,-1.35
2025-08-03T08:11:42Z,0.32,299.65,0.16,-0.28
2025-08-03T08:12:42Z,0.79,270.11,0,-0.79
2025-08-03T08:13:42Z,0.83,274.07,0.06,-0.82
2025-08-03T08:14:42Z,1.06,285.06,0.28,-1.03
2025-08-03T08:15:42Z,1.43,281.3,0.28,-1.4
2025-08-03T08:16:42Z,0.33,272.48,0.01,-0.33
2025-08-03T08:17:42Z,0.7,271.57,0.02,-0.7
2025-08-03T08:18:42Z,1.37,272.84,0.07,-1.37
2025-08-03T08:19:42Z,0.92,272.43,0.04,-0.92
2025-08-03T08:20:42Z,1.26,283.17,0.29,-1.23
2025-08-03T08:21:42Z,1.02,271.81,0.03,-1.02
2025-08-03T08:22:42Z,0.74,265.74,-0.05,-0.74
2025-08-03T08:23:42Z,0.89,272.83,0.04,-0.89
2025-08-03T08:24:42Z,0.31,280.03,0.05,-0.31
2025-08-03T08:25:42Z,0.68,293.39,0.27,-0.62
2025-08-03T08:26:42Z,0.64,288.4,0.2,-0.61
2025-08-03T08:27:42Z,0.48,277.86,0.07,-0.47
2025-08-03T08:28:42Z,0.14,267.99,-0,-0.14
2025-08-03T08:29:42Z,0.23,276.82,0.03,-0.23
2025-08-03T08:30:42Z,0.37,263.97,-0.04,-0.37
2025-08-03T08:31:42Z,0.32,291.54,0.12,-0.3
2025-08-03T08:32:42Z,0.2,225.33,-0.14,-0.14
2025-08-03T08:33:42Z,0.18,304.49,0.1,-0.15
2025-08-03T08:34:42Z,0.61,102.04,-0.13,0.6
2025-08-03T08:35:42Z,0.22,69.32,0.08,0.21
2025-08-03T08:36:42Z,0.34,320.01,0.26,-0.22
2025-08-03T08:37:42Z,0.56,311.96,0.38,-0.42
2025-08-03T08:38:42Z,0.53,289.3,0.17,-0.5
2025-08-03T08:39:42Z,0.29,267.42,-0.01,-0.29
2025-08-03T08:40:42Z,0.66,257.78,-0.14,-0.64
2025-08-03T08:41:42Z,0.67,258.63,-0.13,-0.66
2025-08-03T08:42:42Z,0.78,271.78,0.02,-0.78
2025-08-03T08:43:42Z,0.51,280.22,0.09,-0.5
2025-08-03T08:44:42Z,0.43,261.39,-0.06,-0.42
2025-08-03T08:45:42Z,0.12,164.33,-0.12,0.03
2025-08-03T08:46:42Z,0.38,283.04,0.09,-0.37
2025-08-03T08:47:42Z,0.22,266.86,-0.01,-0.22
2025-08-03T08:48:42Z,0.19,267.29,-0.01,-0.19
2025-08-03T08:49:42Z,0.28,266.65,-0.02,-0.28
2025-08-03T08:50:42Z,0.25,77.27,0.06,0.25
2025-08-03T08:51:42Z,0.26,58.97,0.14,0.23
2025-08-03T08:52:42Z,0.11,40.49,0.08,0.07
2025-08-03T08:53:42Z,0.18,183.95,-0.18,-0.01
2025-08-03T08:54:42Z,1.35,137.91,-1,0.91
2025-08-03T08:55:42Z,0.37,115.15,-0.16,0.33
2025-08-03T08:56:42Z,1.06,130.36,-0.69,0.81
2025-08-03T08:57:42Z,0.33,100.12,-0.06,0.33
2025-08-03T08:58:42Z,0.7,85.69,0.05,0.69
2025-08-03T08:59:42Z,0.91,95.12,-0.08,0.91
2025-08-03T09:00:42Z,0.67,177.48,-0.67,0.03
2025-08-03T09:01:42Z,0.38,182.9,-0.38,-0.02
2025-08-03T09:02:42Z,0.49,143.96,-0.4,0.29
2025-08-03T09:03:42Z,0.7,149.32,-0.6,0.36
2025-08-03T09:04:42Z,0.37,129.53,-0.24,0.29
2025-08-03T09:05:42Z,0.33,168.31,-0.32,0.07
2025-08-03T09:06:42Z,0.91,128.16,-0.56,0.71
2025-08-03T09:07:42Z,0.33,120.6,-0.17,0.29
2025-08-03T09:08:42Z,0.1,168.73,-0.1,0.02
2025-08-03T09:09:42Z,0.3,63.47,0.13,0.27
2025-08-03T09:10:42Z,0.54,56.8,0.29,0.45
2025-08-03T09:11:42Z,0.48,42.54,0.36,0.33
2025-08-03T09:12:42Z,0.26,21.03,0.24,0.09
2025-08-03T09:13:42Z,0.32,93.81,-0.02,0.31
2025-08-03T09:14:42Z,0.76,75.23,0.19,0.74
2025-08-03T09:15:42Z,0.37,35.59,0.3,0.22
2025-08-03T09:16:42Z,0.24,89.61,0,0.24
2025-08-03T09:17:42Z,0.06,2.28,0.06,0
2025-08-03T09:18:42Z,0.42,310.06,0.27,-0.32
2025-08-03T09:19:42Z,0.22,229.72,-0.14,-0.17
2025-08-03T09:20:42Z,0.38,275.84,0.04,-0.38
2025-08-03T09:21:42Z,1.05,131.49,-0.69,0.78
2025-08-03T09:22:42Z,0.36,101.85,-0.07,0.35
2025-08-03T09:23:42Z,0.73,85.27,0.06,0.73
2025-08-03T09:24:42Z,0.36,71.93,0.11,0.34
2025-08-03T09:25:42Z,1.88,83.88,0.2,1.87
2025-08-03T09:26:42Z,1.51,85.64,0.11,1.5
2025-08-03T09:27:42Z,1.2,60.89,0.58,1.05
2025-08-03T09:28:42Z,0.87,90.86,-0.01,0.87
2025-08-03T09:29:42Z,0.92,73.84,0.26,0.88
2025-08-03T09:30:42Z,2.05,87.48,0.09,2.05
2025-08-03T09:31:42Z,0.78,111.24,-0.28,0.73
2025-08-03T09:32:42Z,0.8,92.16,-0.03,0.8
2025-08-03T09:33:42Z,1.26,80.97,0.2,1.24
2025-08-03T09:34:42Z,0.72,68.43,0.27,0.67
2025-08-03T09:35:42Z,0.34,81.79,0.05,0.34
2025-08-03T09:36:42Z,0.56,51.25,0.35,0.44
2025-08-03T09:37:42Z,0.29,92.98,-0.02,0.29
2025-08-03T09:38:42Z,0.38,76.15,0.09,0.37
2025-08-03T09:39:42Z,0.65,55.69,0.37,0.54
2025-08-03T09:40:42Z,0.43,70.07,0.15,0.41
2025-08-03T09:41:42Z,0.2,349.15,0.2,-0.04
2025-08-03T09:42:42Z,0.58,314.12,0.4,-0.42
2025-08-03T09:43:42Z,0.74,260.69,-0.12,-0.73
2025-08-03T09:44:42Z,0.87,245.53,-0.36,-0.79
2025-08-03T09:45:42Z,0.46,130,-0.3,0.35
2025-08-03T09:46:42Z,0.15,217.9,-0.12,-0.09
2025-08-03T09:47:42Z,0.17,124.44,-0.1,0.14
2025-08-03T09:48:42Z,0.71,123.64,-0.4,0.59
2025-08-03T09:49:42Z,2.19,121.6,-1.15,1.87
2025-08-03T09:50:42Z,0.91,92.26,-0.04,0.91
2025-08-03T09:51:42Z,0.55,111.02,-0.2,0.51
2025-08-03T09:52:42Z,0.83,86.82,0.05,0.83
2025-08-03T09:53:42Z,2.44,101.84,-0.5,2.39
2025-08-03T09:54:42Z,1.04,126.32,-0.61,0.84
2025-08-03T09:55:42Z,0.53,132.57,-0.36,0.39
2025-08-03T09:56:42Z,0.28,288.12,0.09,-0.27
2025-08-03T09:57:42Z,0.56,156.9,-0.52,0.22
2025-08-03T09:58:42Z,0.82,137.07,-0.6,0.56
2025-08-03T09:59:42Z,0.8,123.63,-0.45,0.67
2025-08-03T10:00:42Z,1.1,145.81,-0.91,0.62
2025-08-03T10:01:42Z,0.5,122.7,-0.27,0.42
2025-08-03T10:02:42Z,0.28,101.93,-0.06,0.27
2025-08-03T10:03:42Z,0.55,105.67,-0.15,0.53
2025-08-03T10:04:42Z,0.98,148.88,-0.84,0.51
2025-08-03T10:05:42Z,1.03,132.75,-0.7,0.75
2025-08-03T10:06:42Z,0.74,142.93,-0.59,0.45
2025-08-03T10:07:42Z,1.42,129.72,-0.91,1.09
2025-08-03T10:08:42Z,1.99,123.15,-1.09,1.67
2025-08-03T10:09:42Z,1.08,121.9,-0.57,0.92
2025-08-03T10:10:42Z,0.55,156.37,-0.5,0.22
2025-08-03T10:11:42Z,0.11,257.34,-0.03,-0.11
2025-08-03T10:12:42Z,0.45,265.62,-0.03,-0.45
2025-08-03T10:13:42Z,0.66,96.07,-0.07,0.65
2025-08-03T10:14:42Z,0.17,85.66,0.01,0.17
2025-08-03T10:15:42Z,0.5,136.18,-0.36,0.35
2025-08-03T10:16:42Z,0.64,127.27,-0.39,0.51
2025-08-03T10:17:42Z,0.2,62.94,0.09,0.18
2025-08-03T10:18:42Z,0.69,140.09,-0.53,0.44
2025-08-03T10:19:42Z,0.44,178.59,-0.44,0.01
2025-08-03T10:20:42Z,0.25,112.44,-0.1,0.23
2025-08-03T10:21:42Z,0.31,90.67,-0,0.31
2025-08-03T10:22:42Z,0.18,241.3,-0.09,-0.16
2025-08-03T10:23:42Z,0.34,126.85,-0.21,0.27
2025-08-03T10:24:42Z,0.51,126.45,-0.3,0.41
2025-08-03T10:25:42Z,0.34,304.89,0.2,-0.28
2025-08-03T10:26:42Z,0.75,295.68,0.32,-0.67
2025-08-03T10:27:42Z,0.72,293.51,0.29,-0.66
2025-08-03T10:28:42Z,0.54,271.23,0.01,-0.54
2025-08-03T10:29:42Z,0.86,252.87,-0.25,-0.82
2025-08-03T10:30:42Z,0.3,215.01,-0.24,-0.17
2025-08-03T10:31:42Z,0.53,230.98,-0.34,-0.41
2025-08-03T10:32:42Z,0.6,325.6,0.49,-0.34
2025-08-03T10:33:42Z,0.55,304.3,0.31,-0.45
2025-08-03T10:34:42Z,0.54,274.48,0.04,-0.53
2025-08-03T10:35:42Z,1.17,280.41,0.21,-1.15
2025-08-03T10:36:42Z,0.34,256.45,-0.08,-0.33
2025-08-03T10:37:42Z,0.61,116.34,-0.27,0.54
2025-08-03T10:38:42Z,0.55,88.65,0.01,0.55
2025-08-03T10:39:42Z,0.26,222.64,-0.19,-0.18
2025-08-03T10:40:42Z,0.31,243.32,-0.14,-0.28
2025-08-03T10:41:42Z,0.51,228.5,-0.34,-0.38
2025-08-03T10:42:42Z,0.23,143.56,-0.19,0.14
2025-08-03T10:43:42Z,0.32,239.78,-0.16,-0.28
2025-08-03T10:44:42Z,0.3,53.63,0.18,0.24
2025-08-03T10:45:42Z,0.2,280.99,0.04,-0.2
2025-08-03T10:46:42Z,0.4,280.12,0.07,-0.4
2025-08-03T10:47:42Z,1.21,273.18,0.07,-1.21
2025-08-03T10:48:42Z,1.27,275.98,0.13,-1.27
2025-08-03T10:49:42Z,0.62,258.79,-0.12,-0.6
2025-08-03T10:50:42Z,0.1,1.96,0.1,0
2025-08-03T10:51:42Z,0.67,96.12,-0.07,0.66
2025-08-03T10:52:42Z,1.85,102.88,-0.41,1.8
2025-08-03T10:53:42Z,0.92,119.95,-0.46,0.8
2025-08-03T10:54:42Z,0.67,221.32,-0.5,-0.44
2025-08-03T10:55:42Z,0.63,255.26,-0.16,-0.61
2025-08-03T10:56:42Z,1.02,286.19,0.28,-0.98
2025-08-03T10:57:42Z,1.26,291.13,0.45,-1.17
2025-08-03T10:58:42Z,0.84,299.28,0.41,-0.73
2025-08-03T10:59:42Z,1.09,92.53,-0.05,1.09
2025-08-03T11:00:42Z,0.47,115.56,-0.2,0.42
2025-08-03T11:01:42Z,0.16,40.76,0.12,0.1
2025-08-03T11:02:42Z,0.78,282.12,0.16,-0.76
2025-08-03T11:03:42Z,1.28,258.27,-0.26,-1.25
2025-08-03T11:04:42Z,0.93,268.33,-0.03,-0.93
2025-08-03T11:05:42Z,0.28,18.23,0.27,0.09
2025-08-03T11:06:42Z,0.4,82.63,0.05,0.39
2025-08-03T11:07:42Z,0.27,49.19,0.17,0.2
2025-08-03T11:08:42Z,0.17,76.72,0.04,0.17
2025-08-03T11:09:42Z,0.32,68.7,0.12,0.3
2025-08-03T11:10:42Z,0.43,296.66,0.19,-0.39
2025-08-03T11:11:42Z,0.45,267.92,-0.02,-0.45
2025-08-03T11:12:42Z,0.34,254.12,-0.09,-0.32
2025-08-03T11:13:42Z,0.13,267.76,-0.01,-0.13
2025-08-03T11:14:42Z,0.47,264.32,-0.05,-0.47
2025-08-03T11:15:42Z,0.16,296.36,0.07,-0.15
2025-08-03T11:16:42Z,0.35,307.16,0.21,-0.28
2025-08-03T11:17:42Z,0.37,304.07,0.21,-0.3
2025-08-03T11:18:42Z,0.33,265.36,-0.03,-0.33
2025-08-03T11:19:42Z,0.63,283.79,0.15,-0.61
2025-08-03T11:20:42Z,0.87,277.47,0.11,-0.86
2025-08-03T11:21:42Z,1.11,275.91,0.11,-1.1
2025-08-03T11:22:42Z,0.82,274.49,0.06,-0.82
2025-08-03T11:23:42Z,0.43,287.78,0.13,-0.41
2025-08-03T11:24:42Z,0.39,240.23,-0.19,-0.34
2025-08-03T11:25:42Z,0.08,124.72,-0.05,0.07
2025-08-03T11:26:42Z,0.6,114.89,-0.25,0.55
2025-08-03T11:27:42Z,0.29,351.19,0.28,-0.04
2025-08-03T11:28:42Z,0.31,306.6,0.19,-0.25
2025-08-03T11:29:42Z,0.25,62.17,0.12,0.22
2025-08-03T11:30:42Z,0.23,351.65,0.22,-0.03
2025-08-03T11:31:42Z,0.42,352.33,0.42,-0.06
2025-08-03T11:32:42Z,0.24,5.87,0.24,0.02
2025-08-03T11:33:42Z,0.17,285.64,0.05,-0.16
2025-08-03T11:34:42Z,0.17,201.62,-0.15,-0.06
2025-08-03T11:35:42Z,0.4,113.11,-0.16,0.37
2025-08-03T11:36:42Z,0.12,130.64,-0.08,0.09
2025-08-03T11:37:42Z,0.3,192.37,-0.29,-0.06
2025-08-03T11:38:42Z,0.53,166.94,-0.52,0.12
2025-08-03T11:39:42Z,0.52,287.77,0.16,-0.49
2025-08-03T11:40:42Z,0.19,267.69,-0.01,-0.19
2025-08-03T11:41:42Z,0.35,148,-0.3,0.18
2025-08-03T11:42:42Z,0.24,256.43,-0.06,-0.23
2025-08-03T11:43:42Z,0.22,198.41,-0.21,-0.07
2025-08-03T11:44:42Z,0.48,101.61,-0.1,0.47
2025-08-03T11:45:42Z,0.2,100.19,-0.03,0.19
2025-08-03T11:46:42Z,0.27,222.85,-0.2,-0.19
2025-08-03T11:47:42Z,0.56,223.92,-0.4,-0.39
2025-08-03T11:48:42Z,0.68,286.73,0.2,-0.65
2025-08-03T11:49:42Z,0.88,276.68,0.1,-0.88
2025-08-03T11:50:42Z,0.79,295.18,0.34,-0.71
2025-08-03T11:51:42Z,1.11,286.88,0.32,-1.06
2025-08-03T11:52:42Z,1.24,276.09,0.13,-1.23
2025-08-03T11:53:42Z,0.25,26.44,0.22,0.11
2025-08-03T11:54:42Z,0.45,305.12,0.26,-0.37
2025-08-03T11:55:42Z,0.66,293.25,0.26,-0.6
2025-08-03T11:56:42Z,0.28,278.95,0.04,-0.27
2025-08-03T11:57:42Z,0.32,182.5,-0.32,-0.01
2025-08-03T11:58:42Z,0.53,153.49,-0.48,0.24
2025-08-03T11:59:42Z,0.15,226.6,-0.1,-0.11
2025-08-03T12:00:42Z,0.27,223.48,-0.19,-0.18
2025-08-03T12:01:42Z,0.3,276,0.03,-0.3
2025-08-03T12:02:42Z,0.12,260.84,-0.02,-0.12
2025-08-03T12:03:42Z,0.5,273.6,0.03,-0.49
2025-08-03T12:04:42Z,0.29,270.74,0,-0.29
2025-08-03T12:05:42Z,0.62,261.42,-0.09,-0.61
2025-08-03T12:06:42Z,0.66,275.37,0.06,-0.66
2025-08-03T12:07:42Z,0.75,285.59,0.2,-0.73
2025-08-03T12:08:42Z,0.33,255.14,-0.09,-0.32
2025-08-03T12:09:42Z,0.7,263.6,-0.08,-0.7
2025-08-03T12:10:42Z,0.57,277.4,0.07,-0.56
2025-08-03T12:11:42Z,0.47,288.08,0.15,-0.45
2025-08-03T12:12:42Z,0.68,317.51,0.5,-0.46
2025-08-03T12:13:42Z,0.25,247.41,-0.1,-0.23
2025-08-03T12:14:42Z,0.13,253.29,-0.04,-0.13
2025-08-03T12:15:42Z,0.11,226.26,-0.07,-0.08
2025-08-03T12:16:42Z,0.26,173.39,-0.26,0.03
2025-08-03T12:17:42Z,0.37,247.14,-0.14,-0.34
2025-08-03T12:18:42Z,0.2,139.77,-0.15,0.13
2025-08-03T12:19:42Z,0.54,131.38,-0.36,0.41
2025-08-03T12:20:42Z,0.32,196.76,-0.31,-0.09
2025-08-03T12:21:42Z,0.16,218.59,-0.12,-0.1
2025-08-03T12:22:42Z,0.16,225.08,-0.11,-0.11
2025-08-03T12:23:42Z,0.36,166.99,-0.35,0.08
2025-08-03T12:24:42Z,0.5,240.39,-0.25,-0.43
2025-08-03T12:25:42Z,0.24,228.02,-0.16,-0.18
2025-08-03T12:26:42Z,0.47,185.04,-0.47,-0.04
2025-08-03T12:27:42Z,0.48,200.98,-0.44,-0.17
2025-08-03T12:28:42Z,0.3,213.9,-0.25,-0.17
2025-08-03T12:29:42Z,0.29,237.67,-0.16,-0.25
2025-08-03T12:30:42Z,0.21,232.27,-0.13,-0.16
2025-08-03T12:31:42Z,0.08,146.07,-0.07,0.05
2025-08-03T12:32:42Z,0.3,155.99,-0.28,0.12
2025-08-03T12:33:42Z,0.22,260.33,-0.04,-0.21
2025-08-03T12:34:42Z,0.12,138.41,-0.09,0.08
2025-08-03T12:35:42Z,0.2,329.66,0.18,-0.1
2025-08-03T12:36:42Z,0.75,139.58,-0.57,0.49
2025-08-03T12:37:42Z,0.22,124.54,-0.13,0.18
2025-08-03T12:38:42Z,0.21,311.37,0.14,-0.16
2025-08-03T12:39:42Z,0.21,64.62,0.09,0.19
2025-08-03T12:40:42Z,0.23,180.32,-0.23,-0
2025-08-03T12:41:42Z,0.16,346.79,0.16,-0.04
2025-08-03T12:42:42Z,0.04,294.55,0.01,-0.03
2025-08-03T12:43:42Z,0.16,320.6,0.12,-0.1
2025-08-03T12:44:42Z,0.25,265.97,-0.02,-0.25
2025-08-03T12:45:42Z,0.08,317.26,0.06,-0.05
2025-08-03T12:46:42Z,0.69,85.76,0.05,0.68
2025-08-03T12:47:42Z,0.29,354.19,0.29,-0.03
2025-08-03T12:48:42Z,0.69,269.42,-0.01,-0.69
2025-08-03T12:49:42Z,0.44,244.22,-0.19,-0.4
2025-08-03T12:50:42Z,0.55,267.72,-0.02,-0.55
2025-08-03T12:51:42Z,0.32,309.12,0.2,-0.25
2025-08-03T12:52:42Z,0.07,197.57,-0.07,-0.02
2025-08-03T12:53:42Z,0.14,249.83,-0.05,-0.13
2025-08-03T12:54:42Z,0.27,303.76,0.15,-0.23
2025-08-03T12:55:42Z,0.37,262.28,-0.05,-0.37
2025-08-03T12:56:42Z,0.45,246.72,-0.18,-0.41
2025-08-03T12:57:42Z,0.25,282.34,0.05,-0.24
2025-08-03T12:58:42Z,0.21,147.62,-0.18,0.11
2025-08-03T12:59:42Z,0.73,135.73,-0.53,0.51
2025-08-03T13:00:42Z,0.64,136.69,-0.47,0.44
2025-08-03T13:01:42Z,0.3,183.7,-0.3,-0.02
2025-08-03T13:02:42Z,0.38,188.99,-0.37,-0.06
2025-08-03T13:03:42Z,0.62,148.73,-0.53,0.32
2025-08-03T13:04:42Z,0.45,97.86,-0.06,0.45
2025-08-03T13:05:42Z,0.31,180.83,-0.31,-0
2025-08-03T13:06:42Z,1.22,110.42,-0.42,1.14
2025-08-03T13:07:42Z,0.11,193.46,-0.11,-0.03
2025-08-03T13:08:42Z,0.49,258.92,-0.09,-0.48
2025-08-03T13:09:42Z,0.25,158.37,-0.23,0.09
2025-08-03T13:10:42Z,0.26,218.89,-0.2,-0.16
2025-08-03T13:11:42Z,0.37,190.26,-0.37,-0.07
2025-08-03T13:12:42Z,0.59,155.63,-0.53,0.24
2025-08-03T13:13:42Z,0.29,26.23,0.26,0.13
2025-08-03T13:14:42Z,0.12,63.79,0.05,0.11
2025-08-03T13:15:42Z,0.71,89.28,0.01,0.71
2025-08-03T13:16:42Z,0.3,122.94,-0.16,0.25
2025-08-03T13:17:42Z,0.35,109.93,-0.12,0.33
2025-08-03T13:18:42Z,0.23,88.43,0.01,0.23
2025-08-03T13:19:42Z,0.69,114.63,-0.29,0.62
2025-08-03T13:20:42Z,0.9,108.38,-0.28,0.85
2025-08-03T13:21:42Z,0.46,115.2,-0.19,0.41
2025-08-03T13:22:42Z,0.26,117.82,-0.12,0.23
2025-08-03T13:23:42Z,0.49,54.7,0.28,0.4
2025-08-03T13:24:42Z,0.75,102.64,-0.16,0.73
2025-08-03T13:25:42Z,0.2,148.41,-0.17,0.1
2025-08-03T13:26:42Z,0.48,103.21,-0.11,0.47
2025-08-03T13:27:42Z,0.61,161.64,-0.57,0.19
2025-08-03T13:28:42Z,0.71,102.46,-0.15,0.69
2025-08-03T13:29:42Z,0.22,139.12,-0.17,0.14
2025-08-03T13:30:42Z,1.21,158.39,-1.12,0.44
2025-08-03T13:31:42Z,2.17,106.44,-0.61,2.08
2025-08-03T13:32:42Z,0.59,104.54,-0.15,0.57
2025-08-03T13:33:42Z,0.23,33.77,0.19,0.13
2025-08-03T13:34:42Z,1.63,84.26,0.16,1.62
2025-08-03T13:35:42Z,2.64,98.03,-0.37,2.62
2025-08-03T13:36:42Z,3.25,97.13,-0.4,3.23
2025-08-03T13:37:42Z,1.81,137.57,-1.33,1.22
2025-08-03T13:38:42Z,0.9,158.31,-0.83,0.33
2025-08-03T13:39:42Z,0.56,107.49,-0.17,0.54
2025-08-03T13:40:42Z,1.8,130.54,-1.17,1.37
2025-08-03T13:41:42Z,0.93,134.87,-0.66,0.66
2025-08-03T13:42:42Z,0.5,33.84,0.41,0.28
2025-08-03T13:43:42Z,0.92,58.53,0.48,0.79
2025-08-03T13:44:42Z,1,100.18,-0.18,0.98
2025-08-03T13:45:42Z,0.95,79.49,0.17,0.93
2025-08-03T13:46:42Z,0.72,101.64,-0.15,0.71
2025-08-03T13:47:42Z,0.9,118.42,-0.43,0.79
2025-08-03T13:48:42Z,0.68,123.99,-0.38,0.56
2025-08-03T13:49:42Z,0.6,86.82,0.03,0.6
2025-08-03T13:50:42Z,0.52,115.17,-0.22,0.47
2025-08-03T13:51:42Z,0.3,38.5,0.24,0.19
2025-08-03T13:52:42Z,0.72,124.18,-0.4,0.6
2025-08-03T13:53:42Z,0.95,119.49,-0.47,0.83
2025-08-03T13:54:42Z,1.33,118.32,-0.63,1.17
2025-08-03T13:55:42Z,0.84,114.47,-0.35,0.76
2025-08-03T13:56:42Z,0.22,119.26,-0.11,0.2
2025-08-03T13:57:42Z,0.47,69.98,0.16,0.44
2025-08-03T13:58:42Z,0.18,50.75,0.12,0.14
2025-08-03T13:59:42Z,0.47,305.46,0.27,-0.39
2025-08-03T14:00:42Z,0.24,187.79,-0.24,-0.03
2025-08-03T14:01:42Z,0.07,119.9,-0.04,0.06
2025-08-03T14:02:42Z,0.21,324.69,0.17,-0.12
2025-08-03T14:03:42Z,0.61,270.6,0.01,-0.61
2025-08-03T14:04:42Z,0.34,272.71,0.02,-0.34
2025-08-03T14:05:42Z,0.13,142.37,-0.1,0.08
2025-08-03T14:06:42Z,0.38,283.06,0.09,-0.37
2025-08-03T14:07:42Z,0.18,143.27,-0.14,0.11
2025-08-03T14:08:42Z,0.26,15.23,0.25,0.07
2025-08-03T14:09:42Z,0.23,291.12,0.08,-0.21
2025-08-03T14:10:42Z,0.28,230.88,-0.18,-0.22
2025-08-03T14:11:42Z,0.19,11.75,0.19,0.04
2025-08-03T14:12:42Z,0.34,281.96,0.07,-0.33
2025-08-03T14:13:42Z,0.36,129.69,-0.23,0.28
2025-08-03T14:14:42Z,0.16,289.89,0.06,-0.15
2025-08-03T14:15:42Z,0.37,186.88,-0.36,-0.04
2025-08-03T14:16:42Z,0.41,113.37,-0.16,0.37
2025-08-03T14:17:42Z,0.35,139.54,-0.27,0.23
2025-08-03T14:18:42Z,0.4,182.64,-0.4,-0.02
2025-08-03T14:19:42Z,0.38,265.44,-0.03,-0.38
2025-08-03T14:20:42Z,0.18,262.07,-0.02,-0.18
2025-08-03T14:21:42Z,0.28,99.71,-0.05,0.27
2025-08-03T14:22:42Z,0.25,326.87,0.21,-0.14
2025-08-03T14:23:42Z,0.44,317.74,0.33,-0.3
2025-08-03T14:24:42Z,0.08,176.61,-0.08,0
2025-08-03T14:25:42Z,0.51,309.97,0.33,-0.39
2025-08-03T14:26:42Z,0.26,297.1,0.12,-0.23
2025-08-03T14:27:42Z,0.15,259.24,-0.03,-0.14
2025-08-03T14:28:42Z,0.42,225.75,-0.29,-0.3
2025-08-03T14:29:42Z,0.25,279.6,0.04,-0.25
2025-08-03T14:30:42Z,0.61,270.8,0.01,-0.61
2025-08-03T14:31:42Z,1.1,277.68,0.15,-1.09
2025-08-03T14:32:42Z,0.36,260.32,-0.06,-0.35
2025-08-03T14:33:42Z,0.47,287.84,0.14,-0.45
2025-08-03T14:34:42Z,0.19,299.34,0.1,-0.17
2025-08-03T14:35:42Z,0.57,293.48,0.23,-0.52
2025-08-03T14:36:42Z,0.18,129.7,-0.12,0.14
2025-08-03T14:37:42Z,0.34,230.65,-0.21,-0.26
2025-08-03T14:38:42Z,0.34,258.82,-0.07,-0.33
2025-08-03T14:39:42Z,0.32,245.88,-0.13,-0.29
2025-08-03T14:40:42Z,0.07,279.72,0.01,-0.07
2025-08-03T14:41:42Z,0.5,238.99,-0.26,-0.43
2025-08-03T14:42:42Z,0.3,228.99,-0.2,-0.23
2025-08-03T14:43:42Z,0.4,303.3,0.22,-0.34
2025-08-03T14:44:42Z,0.67,280.34,0.12,-0.66
2025-08-03T14:45:42Z,0.69,263.55,-0.08,-0.68
2025-08-03T14:46:42Z,0.16,40.58,0.12,0.1
2025-08-03T14:47:42Z,0.34,308.07,0.21,-0.27
2025-08-03T14:48:42Z,0.75,272.76,0.04,-0.75
2025-08-03T14:49:42Z,0.58,268.79,-0.01,-0.58
2025-08-03T14:50:42Z,1.22,276.31,0.13,-1.21
2025-08-03T14:51:42Z,0.71,271.73,0.02,-0.71
2025-08-03T14:52:42Z,0.8,258.88,-0.16,-0.79
2025-08-03T14:53:42Z,0.58,246.36,-0.23,-0.53
2025-08-03T14:54:42Z,0.28,136.9,-0.21,0.19
2025-08-03T14:55:42Z,0.18,292.96,0.07,-0.17
2025-08-03T14:56:42Z,0.58,262.61,-0.07,-0.58
2025-08-03T14:57:42Z,0.37,23.69,0.34,0.15
2025-08-03T14:58:42Z,0.6,40.39,0.46,0.39
2025-08-03T14:59:42Z,0.18,79.76,0.03,0.18
2025-08-03T15:00:42Z,0.33,139.51,-0.25,0.21
2025-08-03T15:01:42Z,0.35,120.35,-0.17,0.3
2025-08-03T15:02:42Z,0.24,129.93,-0.15,0.18
2025-08-03T15:03:42Z,0.12,214.13,-0.1,-0.06
2025-08-03T15:04:42Z,0.56,298.49,0.27,-0.49
2025-08-03T15:05:42Z,0.35,204.81,-0.32,-0.15
2025-08-03T15:06:42Z,0.32,239.03,-0.17,-0.28
2025-08-03T15:07:42Z,0.15,292.76,0.06,-0.14
2025-08-03T15:08:42Z,0.02,273.96,0,-0.02
2025-08-03T15:09:42Z,0.32,285.54,0.09,-0.31
2025-08-03T15:10:42Z,0.16,211.75,-0.13,-0.08
2025-08-03T15:11:42Z,0.11,321.37,0.08,-0.07
2025-08-03T15:12:42Z,0.2,337.29,0.18,-0.08
2025-08-03T15:13:42Z,0.43,315.05,0.31,-0.3
2025-08-03T15:14:42Z,0.48,339.45,0.45,-0.17
2025-08-03T15:15:42Z,0.4,292.56,0.15,-0.37
2025-08-03T15:16:42Z,0.13,322.37,0.1,-0.08
2025-08-03T15:17:42Z,0.2,35.88,0.16,0.12
2025-08-03T15:18:42Z,0.23,150.6,-0.2,0.11
2025-08-03T15:19:42Z,0.04,204.55,-0.04,-0.02
2025-08-03T15:20:42Z,0.22,305.01,0.13,-0.18
2025-08-03T15:21:42Z,0.28,284.88,0.07,-0.27
2025-08-03T15:22:42Z,0.86,265.86,-0.06,-0.86
2025-08-03T15:23:42Z,0.27,235.36,-0.15,-0.22
2025-08-03T15:24:42Z,0.51,256.42,-0.12,-0.5
2025-08-03T15:25:42Z,0.44,210.32,-0.38,-0.22
2025-08-03T15:26:42Z,0.11,98.98,-0.02,0.11
2025-08-03T15:27:42Z,0.39,252.18,-0.12,-0.37
2025-08-03T15:28:42Z,0.51,236.48,-0.28,-0.42
2025-08-03T15:29:42Z,0.73,85,0.06,0.73
2025-08-03T15:30:42Z,0.14,357.54,0.14,-0.01
2025-08-03T15:31:42Z,0.57,129.69,-0.36,0.44
2025-08-03T15:32:42Z,1.07,115.44,-0.46,0.96
2025-08-03T15:33:42Z,0.32,297.15,0.15,-0.28
2025-08-03T15:34:42Z,0.57,250.42,-0.19,-0.54
2025-08-03T15:35:42Z,0.49,272.32,0.02,-0.49
2025-08-03T15:36:42Z,0.77,284.57,0.19,-0.75
2025-08-03T15:37:42Z,0.51,298.75,0.25,-0.45
2025-08-03T15:38:42Z,0.61,249.11,-0.22,-0.57
2025-08-03T15:39:42Z,0.47,273.56,0.03,-0.47
2025-08-03T15:40:42Z,0.33,137.64,-0.24,0.22
2025-08-03T15:41:42Z,0.44,100.82,-0.08,0.43
2025-08-03T15:42:42Z,0.44,302.94,0.24,-0.37
2025-08-03T15:43:42Z,0.23,150.02,-0.2,0.11
2025-08-03T15:44:42Z,0.38,265.56,-0.03,-0.38
2025-08-03T15:45:42Z,0.1,181.02,-0.1,-0
2025-08-03T15:46:42Z,0.07,247.24,-0.03,-0.06
2025-08-03T15:47:42Z,0.26,223.78,-0.19,-0.18
2025-08-03T15:48:42Z,0.64,167.85,-0.62,0.13
2025-08-03T15:49:42Z,0.33,287.72,0.1,-0.31
2025-08-03T15:50:42Z,0.44,179.36,-0.44,0
2025-08-03T15:51:42Z,0.09,277.15,0.01,-0.09
2025-08-03T15:52:42Z,0.48,63.82,0.21,0.44
2025-08-03T15:53:42Z,0.46,101.55,-0.09,0.45
2025-08-03T15:54:42Z,0.22,253.62,-0.06,-0.22
2025-08-03T15:55:42Z,1.08,192.58,-1.06,-0.24
2025-08-03T15:56:42Z,1.48,67.9,0.56,1.38
2025-08-03T15:57:42Z,1.74,85.7,0.13,1.74
2025-08-03T15:58:42Z,0.99,5.22,0.99,0.09
2025-08-03T15:59:42Z,1.6,102.88,-0.36,1.56
2025-08-03T16:00:42Z,1.31,93.14,-0.07,1.3
2025-08-03T16:01:42Z,1.23,70.06,0.42,1.15
2025-08-03T16:02:42Z,2.13,83.23,0.25,2.11
2025-08-03T16:03:42Z,1.6,95.65,-0.16,1.59
2025-08-03T16:04:42Z,1.02,57.03,0.55,0.86
2025-08-03T16:05:42Z,0.89,75.13,0.23,0.86
2025-08-03T16:06:42Z,1.72,86.3,0.11,1.71
2025-08-03T16:07:42Z,1.33,67.96,0.5,1.24
2025-08-03T16:08:42Z,1.07,72.43,0.32,1.02
2025-08-03T16:09:42Z,1.82,106.74,-0.52,1.74
2025-08-03T16:10:42Z,0.73,98.64,-0.11,0.72
2025-08-03T16:11:42Z,1.29,123.2,-0.71,1.08
2025-08-03T16:12:42Z,0.69,147.12,-0.58,0.38
2025-08-03T16:13:42Z,0.42,127.32,-0.26,0.33
2025-08-03T16:14:42Z,0.24,273.61,0.02,-0.24
2025-08-03T16:15:42Z,0.36,72.05,0.11,0.34
2025-08-03T16:16:42Z,0.43,75.35,0.11,0.42
2025-08-03T16:17:42Z,0.15,353.31,0.15,-0.02
2025-08-03T16:18:42Z,0.19,7.94,0.19,0.03
2025-08-03T16:19:42Z,0.55,113.53,-0.22,0.51
2025-08-03T16:20:42Z,0.24,16.52,0.23,0.07
2025-08-03T16:21:42Z,0.54,112.83,-0.21,0.5
2025-08-03T16:22:42Z,0.2,310.58,0.13,-0.15
2025-08-03T16:23:42Z,0.23,41.56,0.17,0.15
2025-08-03T16:24:42Z,0.48,242.97,-0.22,-0.43
2025-08-03T16:25:42Z,0.54,305.97,0.32,-0.44
2025-08-03T16:26:42Z,0.47,288.77,0.15,-0.45
2025-08-03T16:27:42Z,0.34,267.47,-0.01,-0.34
2025-08-03T16:28:42Z,1.38,288.67,0.44,-1.31
2025-08-03T16:29:42Z,0.79,270.53,0.01,-0.79
2025-08-03T16:30:42Z,0.52,275.78,0.05,-0.52
2025-08-03T16:31:42Z,0.82,274.16,0.06,-0.82
2025-08-03T16:32:42Z,1,262.27,-0.13,-0.99
2025-08-03T16:33:42Z,0.44,272.91,0.02,-0.44
2025-08-03T16:34:42Z,0.18,319.21,0.13,-0.12
2025-08-03T16:35:42Z,0.75,119.85,-0.37,0.65
2025-08-03T16:36:42Z,0.38,84.33,0.04,0.37
2025-08-03T16:37:42Z,0.12,258.54,-0.02,-0.11
2025-08-03T16:38:42Z,0.54,195.55,-0.52,-0.14
2025-08-03T16:39:42Z,0.3,56.14,0.17,0.25
2025-08-03T16:40:42Z,1.35,93.12,-0.07,1.35
2025-08-03T16:41:42Z,0.36,274.94,0.03,-0.36
2025-08-03T16:42:42Z,0.22,359.96,0.22,-0
2025-08-03T16:43:42Z,0.43,306.98,0.26,-0.34
2025-08-03T16:44:42Z,0.32,0.41,0.32,0
2025-08-03T16:45:42Z,0.18,306.15,0.1,-0.14
2025-08-03T16:46:42Z,0.53,274.81,0.04,-0.53
2025-08-03T16:47:42Z,0.6,300.58,0.31,-0.52
2025-08-03T16:48:42Z,1.38,305.18,0.79,-1.12
2025-08-03T16:49:42Z,1.01,266.6,-0.06,-1.01
2025-08-03T16:50:42Z,0.93,271.34,0.02,-0.93
2025-08-03T16:51:42Z,1.17,289.82,0.4,-1.1
2025-08-03T16:52:42Z,1.37,283.2,0.31,-1.34
2025-08-03T16:53:42Z,2.52,285.78,0.68,-2.42
2025-08-03T16:54:42Z,1.48,272.85,0.07,-1.48
2025-08-03T16:55:42Z,1.24,272.22,0.05,-1.24
2025-08-03T16:56:42Z,0.91,299.17,0.44,-0.79
2025-08-03T16:57:42Z,0.03,330.8,0.03,-0.02
2025-08-03T16:58:42Z,1.58,284.16,0.39,-1.53
2025-08-03T16:59:42Z,0.61,268.19,-0.02,-0.61
2025-08-03T17:00:42Z,0.45,202.08,-0.41,-0.17
2025-08-03T17:01:42Z,0.66,158.87,-0.61,0.24
2025-08-03T17:02:42Z,0.24,126.36,-0.14,0.19
2025-08-03T17:03:42Z,0.51,109.21,-0.17,0.48
2025-08-03T17:04:42Z,0.2,271.09,0,-0.2
2025-08-03T17:05:42Z,1,112.75,-0.39,0.92
2025-08-03T17:06:42Z,0.43,151.81,-0.38,0.2
2025-08-03T17:07:42Z,0.15,191.9,-0.15,-0.03
2025-08-03T17:08:42Z,0.77,289.18,0.25,-0.72
2025-08-03T17:09:42Z,0.55,308.36,0.34,-0.43
2025-08-03T17:10:42Z,0.64,323.39,0.51,-0.38
2025-08-03T17:11:42Z,0.66,280.83,0.12,-0.65
2025-08-03T17:12:42Z,0.08,69.96,0.03,0.08
2025-08-03T17:13:42Z,0.22,26.7,0.2,0.1
2025-08-03T17:14:42Z,0.8,129.08,-0.5,0.62
2025-08-03T17:15:42Z,0.65,131.21,-0.43,0.49
2025-08-03T17:16:42Z,0.68,120.71,-0.35,0.58
2025-08-03T17:17:42Z,0.4,214.09,-0.33,-0.22
2025-08-03T17:18:42Z,0.25,138.07,-0.19,0.17
2025-08-03T17:19:42Z,0.18,103.35,-0.04,0.17
2025-08-03T17:20:42Z,0.34,359.68,0.34,-0
2025-08-03T17:21:42Z,0.16,66.87,0.06,0.15
2025-08-03T17:22:42Z,0.15,104.63,-0.04,0.15
2025-08-03T17:23:42Z,0.36,297.04,0.16,-0.32
2025-08-03T17:24:42Z,0.34,254.7,-0.09,-0.33
2025-08-03T17:25:42Z,0.82,113.21,-0.32,0.76
2025-08-03T17:26:42Z,1.42,126.17,-0.84,1.15
2025-08-03T17:27:42Z,1.41,142.16,-1.12,0.87
2025-08-03T17:28:42Z,1.28,75.02,0.33,1.24
2025-08-03T17:29:42Z,1.75,78.63,0.34,1.71
2025-08-03T17:30:42Z,1.43,96.73,-0.17,1.42
2025-08-03T17:31:42Z,1.03,124.68,-0.58,0.84
2025-08-03T17:32:42Z,0.65,141.97,-0.52,0.4
2025-08-03T17:33:42Z,0.8,128.54,-0.5,0.63
2025-08-03T17:34:42Z,0.81,129.73,-0.52,0.62
2025-08-03T17:35:42Z,1.34,100.2,-0.24,1.32
2025-08-03T17:36:42Z,1.49,62.52,0.69,1.33
2025-08-03T17:37:42Z,1.36,113.55,-0.55,1.25
2025-08-03T17:38:42Z,1.77,94.05,-0.13,1.77
2025-08-03T17:39:42Z,0.75,96.4,-0.08,0.75
2025-08-03T17:40:42Z,0.64,162.77,-0.62,0.19
2025-08-03T17:41:42Z,0.16,168.84,-0.16,0.03
2025-08-03T17:42:42Z,0.26,153.89,-0.23,0.11
2025-08-03T17:43:42Z,0.37,162.84,-0.35,0.11
2025-08-03T17:44:42Z,0.19,101.86,-0.04,0.19
2025-08-03T17:45:42Z,0.16,68.09,0.06,0.15
2025-08-03T17:46:42Z,0.19,72.44,0.06,0.18
2025-08-03T17:47:42Z,0.2,347.17,0.19,-0.04
2025-08-03T17:48:42Z,0.31,295.62,0.13,-0.28
2025-08-03T17:49:42Z,0.59,311.42,0.39,-0.45
2025-08-03T17:50:42Z,1.14,288.43,0.36,-1.08
2025-08-03T17:51:42Z,0.48,288.77,0.16,-0.46
2025-08-03T17:52:42Z,0.38,274.02,0.03,-0.38
2025-08-03T17:53:42Z,0.53,249.96,-0.18,-0.5
2025-08-03T17:54:42Z,0.29,246.87,-0.11,-0.27
2025-08-03T17:55:42Z,0.69,269.04,-0.01,-0.69
2025-08-03T17:56:42Z,0.58,270.98,0.01,-0.58
2025-08-03T17:57:42Z,0.4,192.79,-0.39,-0.09
2025-08-03T17:58:42Z,0.91,102.91,-0.2,0.89
2025-08-03T17:59:42Z,0.71,78.75,0.14,0.7
2025-08-03T18:00:42Z,0.63,127.74,-0.38,0.5
2025-08-03T18:01:42Z,0.16,221.43,-0.12,-0.1
2025-08-03T18:02:42Z,0.08,184,-0.08,-0.01
2025-08-03T18:03:42Z,0.69,307.31,0.42,-0.55
2025-08-03T18:04:42Z,0.75,268.14,-0.02,-0.75
2025-08-03T18:05:42Z,0.91,270.61,0.01,-0.91
2025-08-03T18:06:42Z,1.28,261.16,-0.2,-1.27
2025-08-03T18:07:42Z,0.51,124.67,-0.29,0.42
2025-08-03T18:08:42Z,0.56,188.36,-0.56,-0.08
2025-08-03T18:09:42Z,0.58,136.24,-0.42,0.4
2025-08-03T18:10:42Z,1.11,108.6,-0.35,1.05
2025-08-03T18:11:42Z,0.63,347.19,0.61,-0.14
2025-08-03T18:12:42Z,0.51,321.77,0.4,-0.31
2025-08-03T18:13:42Z,0.43,316.59,0.31,-0.29
2025-08-03T18:14:42Z,1.06,285.59,0.28,-1.02
2025-08-03T18:15:42Z,1.07,287.07,0.31,-1.02
2025-08-03T18:16:42Z,0.28,236.9,-0.15,-0.23
2025-08-03T18:17:42Z,0.97,106.76,-0.28,0.92
2025-08-03T18:18:42Z,0.88,140.78,-0.68,0.56
2025-08-03T18:19:42Z,0.74,127.63,-0.45,0.59
2025-08-03T18:20:42Z,0.34,155.34,-0.31,0.14
2025-08-03T18:21:42Z,0.29,251.83,-0.09,-0.28
2025-08-03T18:22:42Z,0.05,271.65,0,-0.05
2025-08-03T18:23:42Z,0.12,239.4,-0.06,-0.11
2025-08-03T18:24:42Z,0.62,305.56,0.36,-0.5
2025-08-03T18:25:42Z,0.19,214.76,-0.15,-0.11
2025-08-03T18:26:42Z,0.09,267.68,-0,-0.09
2025-08-03T18:27:42Z,0.78,285.59,0.21,-0.75
2025-08-03T18:28:42Z,0.39,278.61,0.06,-0.38
2025-08-03T18:29:42Z,0.56,319.3,0.43,-0.37
2025-08-03T18:30:42Z,0.29,205.99,-0.26,-0.13
2025-08-03T18:31:42Z,0.87,89.86,0,0.87
2025-08-03T18:32:42Z,0.52,83.69,0.06,0.51
2025-08-03T18:33:42Z,0.82,248.02,-0.31,-0.76
2025-08-03T18:34:42Z,0.3,253.8,-0.08,-0.29
2025-08-03T18:35:42Z,0.07,111.41,-0.03,0.06
2025-08-03T18:36:42Z,0.41,13.44,0.4,0.1
2025-08-03T18:37:42Z,0.04,42.02,0.03,0.02
2025-08-03T18:38:42Z,0.58,88.36,0.02,0.58
2025-08-03T18:39:42Z,0.67,111.39,-0.24,0.63
2025-08-03T18:40:42Z,0.66,164.7,-0.63,0.17
2025-08-03T18:41:42Z,1.1,120.49,-0.56,0.95
2025-08-03T18:42:42Z,0.31,155.04,-0.28,0.13
2025-08-03T18:43:42Z,0.17,74.93,0.04,0.17
2025-08-03T18:44:42Z,0.49,263.22,-0.06,-0.49
2025-08-03T18:45:42Z,1.02,289.58,0.34,-0.96
2025-08-03T18:46:42Z,0.27,18.97,0.25,0.09
2025-08-03T18:47:42Z,0.53,284.91,0.14,-0.52
2025-08-03T18:48:42Z,0.88,278.35,0.13,-0.87
2025-08-03T18:49:42Z,0.06,320.92,0.04,-0.04
2025-08-03T18:50:42Z,0.43,283.51,0.1,-0.42
2025-08-03T18:51:42Z,0.22,341.13,0.21,-0.07
2025-08-03T18:52:42Z,0.58,172.12,-0.57,0.08
2025-08-03T18:53:42Z,0.2,283.95,0.05,-0.2
2025-08-03T18:54:42Z,0.53,302.62,0.28,-0.44
2025-08-03T18:55:42Z,0.65,140.03,-0.5,0.42
2025-08-03T18:56:42Z,1.01,119.69,-0.5,0.88
2025-08-03T18:57:42Z,1.65,99.71,-0.28,1.63
2025-08-03T18:58:42Z,0.4,130.87,-0.26,0.3
2025-08-03T18:59:42Z,0.29,169.96,-0.28,0.05
2025-08-03T19:00:42Z,0.68,310.25,0.44,-0.52
2025-08-03T19:01:42Z,0.29,278.06,0.04,-0.29
2025-08-03T19:02:42Z,0.46,238.43,-0.24,-0.39
2025-08-03T19:03:42Z,0.58,242.86,-0.27,-0.52
2025-08-03T19:04:42Z,0.72,302.19,0.39,-0.61
2025-08-03T19:05:42Z,0.7,141.18,-0.54,0.44
2025-08-03T19:06:42Z,0.15,78.95,0.03,0.14
2025-08-03T19:07:42Z,0.59,129.2,-0.37,0.46
2025-08-03T19:08:42Z,0.37,353.93,0.37,-0.04
2025-08-03T19:09:42Z,1.2,108.63,-0.38,1.14
2025-08-03T19:10:42Z,0.35,153.76,-0.32,0.16
2025-08-03T19:11:42Z,0.23,138.04,-0.17,0.15
2025-08-03T19:12:42Z,0.46,176.04,-0.46,0.03
2025-08-03T19:13:42Z,0.21,224.22,-0.15,-0.15
2025-08-03T19:14:42Z,1.79,109.89,-0.61,1.69
2025-08-03T19:15:42Z,1.52,108.67,-0.49,1.44
2025-08-03T19:16:42Z,0.87,110.34,-0.3,0.82
2025-08-03T19:17:42Z,0.35,197.28,-0.34,-0.1
2025-08-03T19:18:42Z,0.15,326.27,0.12,-0.08
2025-08-03T19:19:42Z,0.08,50.31,0.05,0.06
2025-08-03T19:20:42Z,0.36,132.77,-0.25,0.27
2025-08-03T19:21:42Z,0.08,174.59,-0.08,0.01
2025-08-03T19:22:42Z,0.28,228.07,-0.19,-0.21
2025-08-03T19:23:42Z,0.11,81.63,0.02,0.11
2025-08-03T19:24:42Z,0.29,120.38,-0.15,0.25
2025-08-03T19:25:42Z,0.25,260.38,-0.04,-0.25
2025-08-03T19:26:42Z,0.52,256.37,-0.12,-0.51
2025-08-03T19:27:42Z,0.47,106.67,-0.13,0.45
2025-08-03T19:28:42Z,1.27,131.49,-0.84,0.95
2025-08-03T19:29:42Z,0.45,86,0.03,0.44
2025-08-03T19:30:42Z,0.39,23.03,0.36,0.15
2025-08-03T19:31:42Z,1.14,74.87,0.3,1.1
2025-08-03T19:32:42Z,0.53,106.42,-0.15,0.51
2025-08-03T19:33:42Z,0.45,127.13,-0.27,0.36
2025-08-03T19:34:42Z,0.99,104.36,-0.25,0.96
2025-08-03T19:35:42Z,1.47,132.24,-0.99,1.09
2025-08-03T19:36:42Z,1.45,122.44,-0.78,1.22
2025-08-03T19:37:42Z,1.31,96.41,-0.15,1.3
2025-08-03T19:38:42Z,1.24,106.37,-0.35,1.19
2025-08-03T19:39:42Z,0.87,109.75,-0.29,0.82
2025-08-03T19:40:42Z,0.99,103.5,-0.23,0.96
2025-08-03T19:41:42Z,1.33,78.56,0.26,1.3
2025-08-03T19:42:42Z,0.45,143.79,-0.37,0.27
2025-08-03T19:43:42Z,0.49,78.36,0.1,0.48
2025-08-03T19:44:42Z,1.62,103.48,-0.38,1.58
2025-08-03T19:45:42Z,1.28,84.85,0.12,1.28
2025-08-03T19:46:42Z,1.56,106.24,-0.44,1.5
2025-08-03T19:47:42Z,1.28,126.9,-0.77,1.02
2025-08-03T19:48:42Z,1.73,91.97,-0.06,1.73
2025-08-03T19:49:42Z,3.25,109.8,-1.1,3.05
2025-08-03T19:50:42Z,1.21,86.04,0.08,1.2
2025-08-03T19:51:42Z,2.57,102.39,-0.55,2.51
2025-08-03T19:52:42Z,1.07,101.58,-0.22,1.05
2025-08-03T19:53:42Z,1.28,116.73,-0.58,1.15
2025-08-03T19:54:42Z,0.77,86.97,0.04,0.76
2025-08-03T19:55:42Z,0.57,62.08,0.27,0.5
2025-08-03T19:56:42Z,0.48,53.11,0.29,0.38
2025-08-03T19:57:42Z,0.28,99.93,-0.05,0.27
2025-08-03T19:58:42Z,1.11,52.89,0.67,0.89
2025-08-03T19:59:42Z,1.58,47.13,1.08,1.16
2025-08-03T20:00:42Z,0.84,57.08,0.46,0.71
2025-08-03T20:01:42Z,1.87,82.08,0.26,1.86
2025-08-03T20:02:42Z,1.28,54.5,0.74,1.04
2025-08-03T20:03:42Z,1.53,78.08,0.32,1.5
2025-08-03T20:04:42Z,1.86,84.76,0.17,1.85
2025-08-03T20:05:42Z,0.63,69.6,0.22,0.59
2025-08-03T20:06:42Z,1.33,86.89,0.07,1.33
2025-08-03T20:07:42Z,0.67,63.63,0.3,0.6
2025-08-03T20:08:42Z,1.36,115.78,-0.59,1.23
2025-08-03T20:09:42Z,1.1,89.26,0.01,1.1
2025-08-03T20:10:42Z,0.45,79.18,0.09,0.45
2025-08-03T20:11:42Z,1.3,101.38,-0.26,1.28
2025-08-03T20:12:42Z,0.9,91.18,-0.02,0.9
2025-08-03T20:13:42Z,1.55,94.84,-0.13,1.55
2025-08-03T20:14:42Z,0.98,55.03,0.56,0.8
2025-08-03T20:15:42Z,2.07,95.08,-0.18,2.06
2025-08-03T20:16:42Z,0.97,112.69,-0.37,0.89
2025-08-03T20:17:42Z,0.11,326.62,0.09,-0.06
2025-08-03T20:18:42Z,0.1,54.31,0.06,0.08
2025-08-03T20:19:42Z,0.76,280.75,0.14,-0.75
2025-08-03T20:20:42Z,0.43,320.8,0.33,-0.27
2025-08-03T20:21:42Z,0.24,323.34,0.19,-0.14
2025-08-03T20:22:42Z,0.42,59.77,0.21,0.36
2025-08-03T20:23:42Z,0.2,173.82,-0.2,0.02
2025-08-03T20:24:42Z,0.81,104.17,-0.2,0.78
2025-08-03T20:25:42Z,1.01,147.23,-0.85,0.55
2025-08-03T20:26:42Z,1.31,73.42,0.37,1.25
2025-08-03T20:27:42Z,0.57,145.41,-0.47,0.33
2025-08-03T20:28:42Z,0.2,48.97,0.13,0.15
2025-08-03T20:29:42Z,0.25,287.62,0.08,-0.24
2025-08-03T20:30:42Z,0.44,287.57,0.13,-0.42
2025-08-03T20:31:42Z,0.2,288.56,0.06,-0.19
2025-08-03T20:32:42Z,0.85,106.73,-0.24,0.81
2025-08-03T20:33:42Z,1.25,114.07,-0.51,1.14
2025-08-03T20:34:42Z,0.82,102.2,-0.17,0.81
2025-08-03T20:35:42Z,0.78,117.81,-0.36,0.69
2025-08-03T20:36:42Z,0.06,204.94,-0.05,-0.02
2025-08-03T20:37:42Z,0.27,179.34,-0.27,0
2025-08-03T20:38:42Z,0.32,246.71,-0.13,-0.29
2025-08-03T20:39:42Z,1.11,119.07,-0.54,0.97
2025-08-03T20:40:42Z,0.63,200.49,-0.59,-0.22
2025-08-03T20:41:42Z,0.33,263.39,-0.04,-0.33
2025-08-03T20:42:42Z,0.52,111.74,-0.19,0.49
2025-08-03T20:43:42Z,0.7,105.82,-0.19,0.67
2025-08-03T20:44:42Z,0.89,75.37,0.23,0.86
2025-08-03T20:45:42Z,0.58,106.33,-0.16,0.56
2025-08-03T20:46:42Z,0.5,93.09,-0.03,0.5
2025-08-03T20:47:42Z,0.58,128.54,-0.36,0.45
2025-08-03T20:48:42Z,1.03,93.88,-0.07,1.02
2025-08-03T20:49:42Z,0.06,36.91,0.05,0.04
2025-08-03T20:50:42Z,0.19,306.45,0.11,-0.15
2025-08-03T20:51:42Z,0.61,288.78,0.19,-0.57
2025-08-03T20:52:42Z,0.51,208.21,-0.45,-0.24
2025-08-03T20:53:42Z,0.23,231.19,-0.15,-0.18
2025-08-03T20:54:42Z,0.62,106.82,-0.18,0.6
2025-08-03T20:55:42Z,1.16,116.44,-0.52,1.04
2025-08-03T20:56:42Z,0.78,141.09,-0.61,0.49
2025-08-03T20:57:42Z,0.5,147.45,-0.42,0.27
2025-08-03T20:58:42Z,0.57,131.07,-0.37,0.43
2025-08-03T20:59:42Z,0.46,63.8,0.2,0.41
2025-08-03T21:00:42Z,0.09,143.17,-0.07,0.05
2025-08-03T21:01:42Z,0.47,141.86,-0.37,0.29
2025-08-03T21:02:42Z,0.32,194.14,-0.31,-0.08
2025-08-03T21:03:42Z,0.33,87.2,0.02,0.33
2025-08-03T21:04:42Z,0.12,339.57,0.12,-0.04
2025-08-03T21:05:42Z,0.43,260.69,-0.07,-0.42
2025-08-03T21:06:42Z,0.27,253.12,-0.08,-0.26
2025-08-03T21:07:42Z,0.49,258.3,-0.1,-0.48
2025-08-03T21:08:42Z,0.25,295.33,0.1,-0.22
2025-08-03T21:09:42Z,0.28,337.77,0.26,-0.11
2025-08-03T21:10:42Z,0.32,357.03,0.32,-0.02
2025-08-03T21:11:42Z,0.64,10.76,0.63,0.12
2025-08-03T21:12:42Z,0.71,335.47,0.65,-0.3
2025-08-03T21:13:42Z,0.22,330.75,0.2,-0.11
2025-08-03T21:14:42Z,0.34,302.99,0.19,-0.29
2025-08-03T21:15:42Z,0.04,298.33,0.02,-0.04
2025-08-03T21:16:42Z,0.43,305.61,0.25,-0.35
2025-08-03T21:17:42Z,0.14,96.12,-0.02,0.14
2025-08-03T21:18:42Z,0.38,274.88,0.03,-0.38
2025-08-03T21:19:42Z,0.49,236.86,-0.27,-0.41
2025-08-03T21:20:42Z,1.81,122.92,-0.99,1.52
2025-08-03T21:21:42Z,0.41,176.51,-0.41,0.02
2025-08-03T21:22:42Z,0.61,173.88,-0.61,0.06
2025-08-03T21:23:42Z,0.14,307.69,0.09,-0.11
2025-08-03T21:24:42Z,0.24,243.83,-0.11,-0.21
2025-08-03T21:25:42Z,0.46,312.65,0.31,-0.34
2025-08-03T21:26:42Z,0.5,341.37,0.48,-0.16
2025-08-03T21:27:42Z,0.29,317.78,0.21,-0.19
2025-08-03T21:28:42Z,0.27,18.61,0.25,0.09
2025-08-03T21:29:42Z,0.29,301.49,0.15,-0.25
2025-08-03T21:30:42Z,0.37,295.17,0.16,-0.34
2025-08-03T21:31:42Z,0.31,331.47,0.27,-0.15
2025-08-03T21:32:42Z,0.58,278.36,0.08,-0.58
2025-08-03T21:33:42Z,0.48,313.54,0.33,-0.35
2025-08-03T21:34:42Z,0.22,290.9,0.08,-0.2
2025-08-03T21:35:42Z,0.44,292.24,0.17,-0.41
2025-08-03T21:36:42Z,0.2,276.14,0.02,-0.2
2025-08-03T21:37:42Z,0.37,323.93,0.3,-0.22
2025-08-03T21:38:42Z,0.37,218.48,-0.29,-0.23
2025-08-03T21:39:42Z,0.53,313.23,0.36,-0.39
2025-08-03T21:40:42Z,0.16,250.06,-0.06,-0.15
2025-08-03T21:41:42Z,0.16,311.3,0.1,-0.12
2025-08-03T21:42:42Z,0.35,264.16,-0.04,-0.35
2025-08-03T21:43:42Z,0.86,126.48,-0.51,0.69
2025-08-03T21:44:42Z,0.19,149.4,-0.16,0.1
2025-08-03T21:45:42Z,0.85,275.98,0.09,-0.85
2025-08-03T21:46:42Z,0.49,233.57,-0.29,-0.4
2025-08-03T21:47:42Z,1.5,110.55,-0.53,1.41
2025-08-03T21:48:42Z,2.22,107.79,-0.68,2.11
2025-08-03T21:49:42Z,1.62,109.55,-0.54,1.53
2025-08-03T21:50:42Z,0.24,279.29,0.04,-0.24
2025-08-03T21:51:42Z,0.51,298.13,0.24,-0.45
2025-08-03T21:52:42Z,0.28,344.86,0.27,-0.07
2025-08-03T21:53:42Z,0.56,342.15,0.53,-0.17
2025-08-03T21:54:42Z,0.58,17.32,0.55,0.17
2025-08-03T21:55:42Z,0.14,7.65,0.13,0.02
2025-08-03T21:56:42Z,0.17,69.22,0.06,0.16
2025-08-03T21:57:42Z,0.36,262.56,-0.05,-0.35
2025-08-03T21:58:42Z,0.76,287.79,0.23,-0.73
2025-08-03T21:59:42Z,0.65,285.88,0.18,-0.62
2025-08-03T22:00:42Z,0.21,11.02,0.2,0.04
2025-08-03T22:01:42Z,0.2,66.22,0.08,0.18
2025-08-03T22:02:42Z,0.08,96.15,-0.01,0.08
2025-08-03T22:03:42Z,0.23,41.34,0.17,0.15
2025-08-03T22:04:42Z,0.15,59.1,0.08,0.13
2025-08-03T22:05:42Z,0.56,244.97,-0.24,-0.51
2025-08-03T22:06:42Z,0.31,351.27,0.31,-0.05
2025-08-03T22:07:42Z,0.65,343.76,0.63,-0.18
2025-08-03T22:08:42Z,0.52,68.09,0.2,0.49
2025-08-03T22:09:42Z,0.23,155.04,-0.21,0.1
2025-08-03T22:10:42Z,0.38,278.7,0.06,-0.38
2025-08-03T22:11:42Z,0.27,265.61,-0.02,-0.27
2025-08-03T22:12:42Z,0.66,302.78,0.36,-0.55
2025-08-03T22:13:42Z,0.35,13.99,0.34,0.09
2025-08-03T22:14:42Z,0.35,285.01,0.09,-0.34
2025-08-03T22:15:42Z,0.21,101.89,-0.04,0.2
2025-08-03T22:16:42Z,0.41,80.1,0.07,0.4
2025-08-03T22:17:42Z,0.16,271.03,0,-0.16
2025-08-03T22:18:42Z,0.59,50.4,0.37,0.45
2025-08-03T22:19:42Z,1.31,310.19,0.85,-1
2025-08-03T22:20:42Z,0.81,8.65,0.8,0.12
2025-08-03T22:21:42Z,0.33,272.93,0.02,-0.33
2025-08-03T22:22:42Z,0.39,24.74,0.35,0.16
2025-08-03T22:23:42Z,0.32,176.64,-0.32,0.02
2025-08-03T22:24:42Z,0.47,318.87,0.36,-0.31
2025-08-03T22:25:42Z,0.39,292.68,0.15,-0.36
2025-08-03T22:26:42Z,0.4,257.79,-0.08,-0.39
2025-08-03T22:27:42Z,0.44,318.92,0.33,-0.29
2025-08-03T22:28:42Z,0.4,354.09,0.4,-0.04
2025-08-03T22:29:42Z,0.4,341.81,0.38,-0.12
2025-08-03T22:30:42Z,0.07,260.16,-0.01,-0.07
2025-08-03T22:31:42Z,0.2,285.59,0.05,-0.2
2025-08-03T22:32:42Z,0.45,282.37,0.1,-0.44
2025-08-03T22:33:42Z,0.5,235.16,-0.29,-0.41
2025-08-03T22:34:42Z,0.51,260.53,-0.08,-0.5
2025-08-03T22:35:42Z,0.31,269.65,-0,-0.31
2025-08-03T22:36:42Z,1.18,273.53,0.07,-1.18
2025-08-03T22:37:42Z,0.94,306.08,0.55,-0.76
2025-08-03T22:38:42Z,0.48,287.56,0.14,-0.45
2025-08-03T22:39:42Z,0.79,286.48,0.22,-0.76
2025-08-03T22:40:42Z,0.21,235.03,-0.12,-0.18
2025-08-03T22:41:42Z,0.36,302.1,0.19,-0.31
2025-08-03T22:42:42Z,0.84,273.29,0.05,-0.84
2025-08-03T22:43:42Z,0.45,353.32,0.45,-0.05
2025-08-03T22:44:42Z,0.24,0.23,0.24,0
2025-08-03T22:45:42Z,0.23,13.81,0.22,0.05
2025-08-03T22:46:42Z,0.35,55.83,0.2,0.29
2025-08-03T22:47:42Z,0.07,144.95,-0.06,0.04
2025-08-03T22:48:42Z,0.6,294.94,0.25,-0.54
2025-08-03T22:49:42Z,1.17,278.45,0.17,-1.16
2025-08-03T22:50:42Z,0.42,284.46,0.11,-0.41
2025-08-03T22:51:42Z,0.31,269.18,-0,-0.31
2025-08-03T22:52:42Z,0.13,211.55,-0.11,-0.07
2025-08-03T22:53:42Z,0.48,300.86,0.25,-0.41
2025-08-03T22:54:42Z,0.38,273.82,0.03,-0.37
2025-08-03T22:55:42Z,0.37,282.84,0.08,-0.36
2025-08-03T22:56:42Z,0.33,53.13,0.2,0.26
2025-08-03T22:57:42Z,0.54,15.31,0.52,0.14
2025-08-03T22:58:42Z,0.4,308.12,0.25,-0.32
2025-08-03T22:59:42Z,0.33,226.46,-0.23,-0.24
2025-08-03T23:00:42Z,0.12,172.33,-0.12,0.02
2025-08-03T23:01:42Z,0.5,133.59,-0.34,0.36
2025-08-03T23:02:42Z,0.39,325,0.32,-0.22
2025-08-03T23:03:42Z,0.2,142.41,-0.15,0.12
2025-08-03T23:04:42Z,0.9,112.04,-0.34,0.83
2025-08-03T23:05:42Z,1.38,138.41,-1.03,0.92
2025-08-03T23:06:42Z,0.37,249.58,-0.13,-0.34
2025-08-03T23:07:42Z,0.56,123.07,-0.3,0.47
2025-08-03T23:08:42Z,0.88,154.88,-0.79,0.37
2025-08-03T23:09:42Z,1.35,116.65,-0.6,1.2
2025-08-03T23:10:42Z,0.46,78.97,0.09,0.45
2025-08-03T23:11:42Z,0.28,359.17,0.28,-0
2025-08-03T23:12:42Z,0.57,306.85,0.34,-0.46
2025-08-03T23:13:42Z,0.6,294.39,0.25,-0.54
2025-08-03T23:14:42Z,0.36,62.91,0.17,0.32
2025-08-03T23:15:42Z,0.48,55.85,0.27,0.4
2025-08-03T23:16:42Z,0.7,354.37,0.69,-0.07
2025-08-03T23:17:42Z,0.49,284.35,0.12,-0.48
2025-08-03T23:18:42Z,0.13,22.52,0.12,0.05
2025-08-03T23:19:42Z,0.12,229.3,-0.08,-0.09
2025-08-03T23:20:42Z,0.41,309.13,0.26,-0.32
2025-08-03T23:21:42Z,0.54,289.13,0.18,-0.51
2025-08-03T23:22:42Z,0.62,285.42,0.17,-0.6
2025-08-03T23:23:42Z,0.13,190.49,-0.13,-0.02
2025-08-03T23:24:42Z,0.25,280.24,0.04,-0.24
2025-08-03T23:25:42Z,0.19,28.34,0.17,0.09
2025-08-03T23:26:42Z,0.75,89.37,0.01,0.75
2025-08-03T23:27:42Z,0.38,283.12,0.09,-0.37
2025-08-03T23:28:42Z,0.47,302.92,0.26,-0.4
2025-08-03T23:29:42Z,0.61,280.88,0.12,-0.6
2025-08-03T23:30:42Z,0.15,307.18,0.09,-0.12
2025-08-03T23:31:42Z,0.36,308.83,0.22,-0.28
2025-08-03T23:32:42Z,0.3,306.57,0.18,-0.24
2025-08-03T23:33:42Z,0.79,289.17,0.26,-0.75
2025-08-03T23:34:42Z,0.64,286.6,0.18,-0.61
2025-08-03T23:35:42Z,0.67,301.16,0.34,-0.57
2025-08-03T23:36:42Z,0.12,315.07,0.09,-0.09
2025-08-03T23:37:42Z,0.15,30.96,0.13,0.08
2025-08-03T23:38:42Z,0.53,309.73,0.34,-0.41
2025-08-03T23:39:42Z,1.24,290.65,0.44,-1.16
2025-08-03T23:40:42Z,0.74,293.33,0.29,-0.68
2025-08-03T23:41:42Z,0.49,263.93,-0.05,-0.49
2025-08-03T23:42:42Z,0.56,260.78,-0.09,-0.56
2025-08-03T23:43:42Z,0.34,253.43,-0.1,-0.32
2025-08-03T23:44:42Z,1.01,283.7,0.24,-0.98
2025-08-03T23:45:42Z,1.05,282.74,0.23,-1.03
2025-08-03T23:46:42Z,0.61,295.27,0.26,-0.55
2025-08-03T23:47:42Z,0.28,309.72,0.18,-0.22
2025-08-03T23:48:42Z,0.66,267.47,-0.03,-0.66
2025-08-03T23:49:42Z,1.56,281.58,0.31,-1.53
2025-08-03T23:50:42Z,1.08,290.86,0.39,-1.01
2025-08-03T23:51:42Z,0.93,317.37,0.69,-0.63
2025-08-03T23:52:42Z,0.79,305.9,0.46,-0.64
2025-08-03T23:53:42Z,0.2,287.55,0.06,-0.19
2025-08-03T23:54:42Z,0.6,43.62,0.44,0.42
2025-08-03T23:55:42Z,0.51,56.22,0.28,0.42
2025-08-03T23:56:42Z,0.37,206.91,-0.33,-0.17
2025-08-03T23:57:42Z,0.71,142.56,-0.56,0.43
2025-08-03T23:58:42Z,0.68,101.92,-0.14,0.66
2025-08-03T23:59:42Z,0.92,316.34,0.67,-0.64
2025-08-04T00:00:42Z,0.81,297.42,0.37,-0.72
2025-08-04T00:01:42Z,0.5,271.7,0.01,-0.5
2025-08-04T00:02:42Z,0.67,260.57,-0.11,-0.66
2025-08-04T00:03:42Z,0.75,270.06,0,-0.75
2025-08-04T00:04:42Z,0.75,309.4,0.48,-0.58
2025-08-04T00:05:42Z,0.04,164.26,-0.04,0.01
2025-08-04T00:06:42Z,0.2,92.07,-0.01,0.2
2025-08-04T00:07:42Z,0.38,71.04,0.12,0.36
2025-08-04T00:08:42Z,0.25,301.14,0.13,-0.22
2025-08-04T00:09:42Z,0.25,319.98,0.19,-0.16
2025-08-04T00:10:42Z,0.31,311.87,0.21,-0.23
2025-08-04T00:11:42Z,0.22,262.84,-0.03,-0.21
2025-08-04T00:12:42Z,0.64,83.46,0.07,0.64
2025-08-04T00:13:42Z,0.2,3.04,0.2,0.01
2025-08-04T00:14:42Z,0.4,117.03,-0.18,0.36
2025-08-04T00:15:42Z,0.36,263.76,-0.04,-0.35
2025-08-04T00:16:42Z,0.08,240.7,-0.04,-0.07
2025-08-04T00:17:42Z,0.3,335.58,0.27,-0.12
2025-08-04T00:18:42Z,0.62,314.45,0.43,-0.44
2025-08-04T00:19:42Z,0.34,282.58,0.07,-0.33
2025-08-04T00:20:42Z,0.49,303.74,0.27,-0.41
2025-08-04T00:21:42Z,0.67,280.15,0.12,-0.66
2025-08-04T00:22:42Z,0.28,310.15,0.18,-0.22
2025-08-04T00:23:42Z,0.13,92.26,-0.01,0.13
2025-08-04T00:24:42Z,0.13,299.29,0.07,-0.12
2025-08-04T00:25:42Z,0.22,234.81,-0.13,-0.18
2025-08-04T00:26:42Z,0.36,321.3,0.28,-0.22
2025-08-04T00:27:42Z,0.4,336.38,0.36,-0.16
2025-08-04T00:28:42Z,0.23,57.64,0.13,0.2
2025-08-04T00:29:42Z,0.43,77.12,0.1,0.42
2025-08-04T00:30:42Z,0.53,310.96,0.35,-0.4
2025-08-04T00:31:42Z,0.32,84.91,0.03,0.32
2025-08-04T00:32:42Z,0.07,182.96,-0.07,-0
2025-08-04T00:33:42Z,0.45,325.93,0.37,-0.25
2025-08-04T00:34:42Z,0.25,320.92,0.19,-0.16
2025-08-04T00:35:42Z,0.35,138.96,-0.27,0.23
2025-08-04T00:36:42Z,0.53,273.3,0.03,-0.53
2025-08-04T00:37:42Z,1.14,318.75,0.86,-0.75
2025-08-04T00:38:42Z,0.57,342.74,0.54,-0.17
2025-08-04T00:39:42Z,0.22,302.2,0.12,-0.19
2025-08-04T00:40:42Z,0.54,286.56,0.15,-0.51
2025-08-04T00:41:42Z,0.49,264.76,-0.04,-0.49
2025-08-04T00:42:42Z,0.38,128.14,-0.23,0.3
2025-08-04T00:43:42Z,0.27,42.55,0.2,0.18
2025-08-04T00:44:42Z,0.22,34.64,0.18,0.12
2025-08-04T00:45:42Z,0.42,299,0.2,-0.37
2025-08-04T00:46:42Z,0.6,316.81,0.44,-0.41
2025-08-04T00:47:42Z,0.4,279.44,0.07,-0.39
2025-08-04T00:48:42Z,0.29,290.15,0.1,-0.27
2025-08-04T00:49:42Z,0.13,315.59,0.09,-0.09
2025-08-04T00:50:42Z,0.29,300.86,0.15,-0.25
2025-08-04T00:51:42Z,0.22,118.42,-0.11,0.2
2025-08-04T00:52:42Z,0.42,40.09,0.32,0.27
2025-08-04T00:53:42Z,0.22,30.05,0.19,0.11
2025-08-04T00:54:42Z,0.89,293.76,0.36,-0.82
2025-08-04T00:55:42Z,0.3,285.47,0.08,-0.29
2025-08-04T00:56:42Z,0.35,279.32,0.06,-0.35
2025-08-04T00:57:42Z,0.29,293.76,0.12,-0.26
2025-08-04T00:58:42Z,0.46,295.47,0.2,-0.42
2025-08-04T00:59:42Z,0.4,354.94,0.4,-0.04
2025-08-04T01:00:42Z,0.56,325.21,0.46,-0.32
2025-08-04T01:01:42Z,0.62,319.97,0.48,-0.4
2025-08-04T01:02:42Z,0.51,323.52,0.41,-0.3
2025-08-04T01:03:42Z,0.61,266.17,-0.04,-0.61
2025-08-04T01:04:42Z,0.53,310.76,0.34,-0.4
2025-08-04T01:05:42Z,0.27,340.64,0.26,-0.09
2025-08-04T01:06:42Z,0.13,266.2,-0.01,-0.13
2025-08-04T01:07:42Z,0.39,120.22,-0.2,0.34
2025-08-04T01:08:42Z,0.38,69.02,0.13,0.35
2025-08-04T01:09:42Z,0.78,81.25,0.12,0.77
2025-08-04T01:10:42Z,0.32,41.4,0.24,0.21
2025-08-04T01:11:42Z,0.07,357.57,0.07,-0
2025-08-04T01:12:42Z,0.23,48.38,0.15,0.17
2025-08-04T01:13:42Z,0.92,280.43,0.17,-0.91
2025-08-04T01:14:42Z,0.53,300.69,0.27,-0.46
2025-08-04T01:15:42Z,0.48,329.43,0.41,-0.24
2025-08-04T01:16:42Z,0.9,272.28,0.04,-0.9
2025-08-04T01:17:42Z,0.98,282.09,0.21,-0.96
2025-08-04T01:18:42Z,1.36,287.23,0.4,-1.3
2025-08-04T01:19:42Z,0.2,187.6,-0.19,-0.03
2025-08-04T01:20:42Z,0.72,290.43,0.25,-0.68
2025-08-04T01:21:42Z,0.98,289.1,0.32,-0.92
2025-08-04T01:22:42Z,0.9,308.96,0.56,-0.7
2025-08-04T01:23:42Z,1.44,288.08,0.45,-1.37
2025-08-04T01:24:42Z,1.27,295.68,0.55,-1.15
2025-08-04T01:25:42Z,0.89,274.49,0.07,-0.89
2025-08-04T01:26:42Z,0.54,285.8,0.15,-0.52
2025-08-04T01:27:42Z,1.38,287.88,0.42,-1.31
2025-08-04T01:28:42Z,0.92,282.37,0.2,-0.9
2025-08-04T01:29:42Z,1.37,285.14,0.36,-1.32
2025-08-04T01:30:42Z,0.99,274.98,0.09,-0.98
2025-08-04T01:31:42Z,1.24,283.34,0.29,-1.2
2025-08-04T01:32:42Z,0.95,296.15,0.42,-0.86
2025-08-04T01:33:42Z,0.84,282.54,0.18,-0.82
2025-08-04T01:34:42Z,0.53,320.79,0.41,-0.34
2025-08-04T01:35:42Z,1.35,300.24,0.68,-1.17
2025-08-04T01:36:42Z,1.21,285.58,0.32,-1.16
2025-08-04T01:37:42Z,1.15,292.29,0.44,-1.06
2025-08-04T01:38:42Z,0.91,273.33,0.05,-0.91
2025-08-04T01:39:42Z,0.79,290.43,0.27,-0.74
2025-08-04T01:40:42Z,0.8,277.36,0.1,-0.8
2025-08-04T01:41:42Z,0.47,275.55,0.05,-0.46
2025-08-04T01:42:42Z,0.35,311.61,0.24,-0.27
2025-08-04T01:43:42Z,0.84,276.41,0.09,-0.83
2025-08-04T01:44:42Z,0.83,278.19,0.12,-0.82
2025-08-04T01:45:42Z,1.65,140.41,-1.27,1.05
2025-08-04T01:46:42Z,0.75,109.41,-0.25,0.71
2025-08-04T01:47:42Z,1.52,112.71,-0.59,1.4
2025-08-04T01:48:42Z,1.2,88,0.04,1.19
2025-08-04T01:49:42Z,2.88,100.97,-0.55,2.82
2025-08-04T01:50:42Z,0.68,71.32,0.22,0.64
2025-08-04T01:51:42Z,0.33,124.61,-0.19,0.27
2025-08-04T01:52:42Z,0.19,273.71,0.01,-0.19
2025-08-04T01:53:42Z,0.7,275.18,0.06,-0.69
2025-08-04T01:54:42Z,0.75,322.34,0.6,-0.46
2025-08-04T01:55:42Z,0.17,97.92,-0.02,0.17
2025-08-04T01:56:42Z,0.05,265.57,-0,-0.05
2025-08-04T01:57:42Z,0.7,287.52,0.21,-0.67
2025-08-04T01:58:42Z,0.24,285.99,0.07,-0.23
2025-08-04T01:59:42Z,0.35,293.47,0.14,-0.32
2025-08-04T02:00:42Z,0.31,283.8,0.07,-0.3
2025-08-04T02:01:42Z,0.69,303.67,0.38,-0.58
2025-08-04T02:02:42Z,0.5,290.42,0.18,-0.47
2025-08-04T02:03:42Z,0.31,289.49,0.1,-0.3
2025-08-04T02:04:42Z,0.52,115.19,-0.22,0.47
2025-08-04T02:05:42Z,0.99,112.43,-0.38,0.92
2025-08-04T02:06:42Z,0.84,120.88,-0.43,0.72
2025-08-04T02:07:42Z,0.21,202.85,-0.2,-0.08
2025-08-04T02:08:42Z,0.44,352.79,0.44,-0.06
2025-08-04T02:09:42Z,0.31,351.08,0.3,-0.05
2025-08-04T02:10:42Z,0.41,268.5,-0.01,-0.41
2025-08-04T02:11:42Z,0.17,301.41,0.09,-0.14
2025-08-04T02:12:42Z,0.4,306.15,0.24,-0.33
2025-08-04T02:13:42Z,0.22,278.07,0.03,-0.22
2025-08-04T02:14:42Z,0.34,105.2,-0.09,0.33
2025-08-04T02:15:42Z,0.24,297.41,0.11,-0.21
2025-08-04T02:16:42Z,0.08,256.26,-0.02,-0.08
2025-08-04T02:17:42Z,0.16,94.05,-0.01,0.16
2025-08-04T02:18:42Z,0.16,299.87,0.08,-0.14
2025-08-04T02:19:42Z,0.1,260.63,-0.02,-0.1
2025-08-04T02:20:42Z,0.26,340.09,0.25,-0.09
2025-08-04T02:21:42Z,0.49,276.48,0.06,-0.49
2025-08-04T02:22:42Z,0.18,224.83,-0.13,-0.12
2025-08-04T02:23:42Z,0.08,98.74,-0.01,0.08
2025-08-04T02:24:42Z,0.43,293.62,0.17,-0.39
2025-08-04T02:25:42Z,0.55,291.47,0.2,-0.51
2025-08-04T02:26:42Z,0.15,119.82,-0.07,0.13
2025-08-04T02:27:42Z,0.11,60.14,0.06,0.1
2025-08-04T02:28:42Z,0.19,51.28,0.12,0.15
2025-08-04T02:29:42Z,0.35,145.95,-0.29,0.19
2025-08-04T02:30:42Z,0.22,35.64,0.18,0.13
2025-08-04T02:31:42Z,1.29,101.28,-0.25,1.27
2025-08-04T02:32:42Z,0.92,112.2,-0.35,0.85
2025-08-04T02:33:42Z,0.13,190.92,-0.12,-0.02
2025-08-04T02:34:42Z,0.26,239.43,-0.13,-0.22
2025-08-04T02:35:42Z,0.91,285.34,0.24,-0.88
2025-08-04T02:36:42Z,0.76,283.35,0.18,-0.74
2025-08-04T02:37:42Z,0.86,290.72,0.3,-0.8
2025-08-04T02:38:42Z,1.02,274.54,0.08,-1.02
2025-08-04T02:39:42Z,0.75,283.56,0.18,-0.73
2025-08-04T02:40:42Z,1.34,269.41,-0.01,-1.34
2025-08-04T02:41:42Z,0.69,298.9,0.33,-0.6
2025-08-04T02:42:42Z,0.63,291.23,0.23,-0.59
2025-08-04T02:43:42Z,0.42,335.4,0.38,-0.18
2025-08-04T02:44:42Z,0.14,63.55,0.06,0.13
2025-08-04T02:45:42Z,0.35,199.06,-0.33,-0.11
2025-08-04T02:46:42Z,0.28,243.42,-0.12,-0.25
2025-08-04T02:47:42Z,0.25,0.34,0.25,0
2025-08-04T02:48:42Z,0.63,22.19,0.58,0.24
2025-08-04T02:49:42Z,1.6,114.43,-0.66,1.46
2025-08-04T02:50:42Z,0.02,332.01,0.01,-0.01
2025-08-04T02:51:42Z,0.23,170.65,-0.22,0.04
2025-08-04T02:52:42Z,0.18,178.77,-0.18,0
2025-08-04T02:53:42Z,0.94,273.57,0.06,-0.94
2025-08-04T02:54:42Z,0.4,298.52,0.19,-0.35
2025-08-04T02:55:42Z,0.84,306.91,0.51,-0.67
2025-08-04T02:56:42Z,0.23,146.73,-0.19,0.13
2025-08-04T02:57:42Z,0.37,174.77,-0.37,0.03
2025-08-04T02:58:42Z,0.65,138.75,-0.49,0.43
2025-08-04T02:59:42Z,1.36,122.59,-0.73,1.15
2025-08-04T03:00:42Z,0.13,7.37,0.13,0.02
2025-08-04T03:01:42Z,0.58,273.72,0.04,-0.58
2025-08-04T03:02:42Z,0.35,267.82,-0.01,-0.35
2025-08-04T03:03:42Z,0.41,250.4,-0.14,-0.39
2025-08-04T03:04:42Z,0.72,272.74,0.03,-0.71
2025-08-04T03:05:42Z,0.42,345.2,0.41,-0.11
2025-08-04T03:06:42Z,0.58,109.2,-0.19,0.54
2025-08-04T03:07:42Z,0.27,182.62,-0.27,-0.01
2025-08-04T03:08:42Z,0.43,148.13,-0.37,0.23
2025-08-04T03:09:42Z,0.29,69.57,0.1,0.27
2025-08-04T03:10:42Z,0.4,308.82,0.25,-0.31
2025-08-04T03:11:42Z,0.15,286.92,0.04,-0.14
2025-08-04T03:12:42Z,0.07,84.1,0.01,0.07
2025-08-04T03:13:42Z,0.29,217.22,-0.23,-0.17
2025-08-04T03:14:42Z,0.15,60.3,0.07,0.13
2025-08-04T03:15:42Z,1.25,100.21,-0.22,1.23
2025-08-04T03:16:42Z,0.71,101.17,-0.14,0.7
2025-08-04T03:17:42Z,0.82,131.44,-0.54,0.62
2025-08-04T03:18:42Z,0.76,308.12,0.47,-0.6
2025-08-04T03:19:42Z,0.54,302.53,0.29,-0.46
2025-08-04T03:20:42Z,0.37,289.25,0.12,-0.35
2025-08-04T03:21:42Z,0.67,309.39,0.42,-0.52
2025-08-04T03:22:42Z,0.15,323.91,0.12,-0.09
2025-08-04T03:23:42Z,0.81,119.8,-0.4,0.7
2025-08-04T03:24:42Z,0.09,246.55,-0.03,-0.08
2025-08-04T03:25:42Z,0.6,303.07,0.33,-0.5
2025-08-04T03:26:42Z,1.94,283.52,0.45,-1.88
2025-08-04T03:27:42Z,1.79,277.7,0.24,-1.77
2025-08-04T03:28:42Z,1.93,282.45,0.42,-1.89
2025-08-04T03:29:42Z,0.82,272.16,0.03,-0.82
2025-08-04T03:30:42Z,0.45,136.14,-0.33,0.31
2025-08-04T03:31:42Z,1.61,126.95,-0.97,1.28
2025-08-04T03:32:42Z,1,125.47,-0.58,0.82
2025-08-04T03:33:42Z,0.3,279.25,0.05,-0.29
2025-08-04T03:34:42Z,1.54,96.67,-0.18,1.53
2025-08-04T03:35:42Z,0.25,266.16,-0.02,-0.25
2025-08-04T03:36:42Z,0.98,271.25,0.02,-0.98
2025-08-04T03:37:42Z,2.02,290.38,0.7,-1.89
2025-08-04T03:38:42Z,0.69,284.5,0.17,-0.67
2025-08-04T03:39:42Z,1.03,313.68,0.71,-0.74
2025-08-04T03:40:42Z,0.42,259.52,-0.08,-0.42
2025-08-04T03:41:42Z,1.04,133.63,-0.72,0.76
2025-08-04T03:42:42Z,2.35,123.11,-1.29,1.97
2025-08-04T03:43:42Z,0.45,115.4,-0.19,0.4
2025-08-04T03:44:42Z,0.35,345.6,0.34,-0.09
2025-08-04T03:45:42Z,0.48,134.76,-0.34,0.34
2025-08-04T03:46:42Z,0.37,290.42,0.13,-0.34
2025-08-04T03:47:42Z,0.98,336.21,0.9,-0.4
2025-08-04T03:48:42Z,1.14,303.47,0.63,-0.95
2025-08-04T03:49:42Z,0.92,314.48,0.65,-0.66
2025-08-04T03:50:42Z,0.58,285.25,0.15,-0.56
2025-08-04T03:51:42Z,0.43,266.2,-0.03,-0.42
2025-08-04T03:52:42Z,0.85,101.94,-0.18,0.83
2025-08-04T03:53:42Z,0.2,153.53,-0.18,0.09
2025-08-04T03:54:42Z,0.88,320.47,0.68,-0.56
2025-08-04T03:55:42Z,0.72,100.22,-0.13,0.71
2025-08-04T03:56:42Z,1.35,291.3,0.49,-1.26
2025-08-04T03:57:42Z,0.87,260.2,-0.15,-0.86
2025-08-04T03:58:42Z,1.58,271.73,0.05,-1.58
2025-08-04T03:59:42Z,1.05,278.71,0.16,-1.04
2025-08-04T04:00:42Z,0.98,270.57,0.01,-0.98
2025-08-04T04:01:42Z,0.19,208.7,-0.17,-0.09
2025-08-04T04:02:42Z,0.63,344.25,0.61,-0.17
2025-08-04T04:03:42Z,0.52,4.3,0.52,0.04
2025-08-04T04:04:42Z,0.42,55.37,0.24,0.35
2025-08-04T04:05:42Z,0.41,284.83,0.11,-0.4
2025-08-04T04:06:42Z,0.37,199.3,-0.35,-0.12
2025-08-04T04:07:42Z,1.48,121.07,-0.77,1.27
2025-08-04T04:08:42Z,0.71,132.1,-0.48,0.53
2025-08-04T04:09:42Z,0.36,272.94,0.02,-0.36
2025-08-04T04:10:42Z,2.32,104.04,-0.56,2.26
2025-08-04T04:11:42Z,0.47,185.24,-0.47,-0.04
2025-08-04T04:12:42Z,0.7,140.23,-0.54,0.45
2025-08-04T04:13:42Z,0.71,101.88,-0.15,0.7
2025-08-04T04:14:42Z,0.46,155.88,-0.42,0.19
2025-08-04T04:15:42Z,0.94,83.1,0.11,0.93
2025-08-04T04:16:42Z,0.3,254.46,-0.08,-0.29
2025-08-04T04:17:42Z,0.4,150.73,-0.35,0.19
2025-08-04T04:18:42Z,0.83,100.02,-0.14,0.82
2025-08-04T04:19:42Z,0.75,100.87,-0.14,0.74
2025-08-04T04:20:42Z,0.52,122.45,-0.28,0.44
2025-08-04T04:21:42Z,1.04,105.53,-0.28,1
2025-08-04T04:22:42Z,0.94,110.11,-0.32,0.88
2025-08-04T04:23:42Z,1.48,118.07,-0.7,1.3
2025-08-04T04:24:42Z,1.03,99.36,-0.17,1.02
2025-08-04T04:25:42Z,1.06,69.82,0.37,1
2025-08-04T04:26:42Z,0.22,76.61,0.05,0.21
2025-08-04T04:27:42Z,0.96,95.06,-0.08,0.96
2025-08-04T04:28:42Z,0.92,102.88,-0.2,0.89
2025-08-04T04:29:42Z,0.54,303.49,0.3,-0.45
2025-08-04T04:30:42Z,0.52,319.01,0.39,-0.34
2025-08-04T04:31:42Z,1.01,293.25,0.4,-0.93
2025-08-04T04:32:42Z,1.34,288.41,0.42,-1.27
2025-08-04T04:33:42Z,0.97,299.08,0.47,-0.85
2025-08-04T04:34:42Z,1.83,296.46,0.82,-1.64
2025-08-04T04:35:42Z,0.98,294.06,0.4,-0.89
2025-08-04T04:36:42Z,0.3,299.6,0.15,-0.26
2025-08-04T04:37:42Z,0.93,78.92,0.18,0.91
2025-08-04T04:38:42Z,0.13,243.92,-0.06,-0.12
2025-08-04T04:39:42Z,0.42,109.07,-0.14,0.4
2025-08-04T04:40:42Z,0.33,166.14,-0.32,0.08
2025-08-04T04:41:42Z,0.16,45.32,0.11,0.12
2025-08-04T04:42:42Z,0.63,279.85,0.11,-0.62
2025-08-04T04:43:42Z,2.11,279.7,0.36,-2.08
2025-08-04T04:44:42Z,1.19,281.34,0.23,-1.16
2025-08-04T04:45:42Z,1.45,285.92,0.4,-1.39
2025-08-04T04:46:42Z,0.51,190.07,-0.5,-0.09
2025-08-04T04:47:42Z,1.5,150.94,-1.31,0.73
2025-08-04T04:48:42Z,0.49,117.2,-0.22,0.44
2025-08-04T04:49:42Z,0.27,3.17,0.27,0.01
2025-08-04T04:50:42Z,0.26,85.79,0.02,0.26
2025-08-04T04:51:42Z,0.71,305.15,0.41,-0.58
2025-08-04T04:52:42Z,0.63,265.08,-0.05,-0.63
2025-08-04T04:53:42Z,0.18,17.74,0.17,0.05
2025-08-04T04:54:42Z,0.71,120.61,-0.36,0.61
2025-08-04T04:55:42Z,0.53,7.37,0.53,0.07
2025-08-04T04:56:42Z,1.02,107.89,-0.31,0.97
2025-08-04T04:57:42Z,1.5,112.65,-0.58,1.39
2025-08-04T04:58:42Z,0.43,29.86,0.37,0.21
2025-08-04T04:59:42Z,1.18,300.49,0.6,-1.02
2025-08-04T05:00:42Z,0.34,219.02,-0.26,-0.21
2025-08-04T05:01:42Z,0.42,330.09,0.37,-0.21
2025-08-04T05:02:42Z,0.99,133.24,-0.68,0.72
2025-08-04T05:03:42Z,0.97,95.94,-0.1,0.97
2025-08-04T05:04:42Z,2.16,82.44,0.28,2.14
2025-08-04T05:05:42Z,0.35,114.76,-0.15,0.32
2025-08-04T05:06:42Z,0.33,160.15,-0.31,0.11
2025-08-04T05:07:42Z,0.6,107.96,-0.19,0.57
2025-08-04T05:08:42Z,1.05,106.87,-0.31,1.01
2025-08-04T05:09:42Z,1.34,111.56,-0.49,1.25
2025-08-04T05:10:42Z,1.03,97.23,-0.13,1.02
2025-08-04T05:11:42Z,0.58,147.06,-0.49,0.32
2025-08-04T05:12:42Z,0.57,154.41,-0.52,0.25
2025-08-04T05:13:42Z,1.15,293.92,0.47,-1.05
2025-08-04T05:14:42Z,0.51,327.73,0.43,-0.27
2025-08-04T05:15:42Z,0.59,287.63,0.18,-0.56
2025-08-04T05:16:42Z,1.16,296.58,0.52,-1.03
2025-08-04T05:17:42Z,0.31,347.7,0.3,-0.07
2025-08-04T05:18:42Z,0.48,82.91,0.06,0.48
2025-08-04T05:19:42Z,0.74,109.79,-0.25,0.69
2025-08-04T05:20:42Z,0.48,322.14,0.38,-0.29
2025-08-04T05:21:42Z,0.91,122.72,-0.49,0.77
2025-08-04T05:22:42Z,1.67,118.74,-0.8,1.47
2025-08-04T05:23:42Z,0.53,123.39,-0.29,0.44
2025-08-04T05:24:42Z,0.15,152.38,-0.13,0.07
2025-08-04T05:25:42Z,1.37,99.72,-0.23,1.35
2025-08-04T05:26:42Z,0.48,138.34,-0.36,0.32
2025-08-04T05:27:42Z,0.16,325.31,0.13,-0.09
2025-08-04T05:28:42Z,0.57,320.85,0.44,-0.36
2025-08-04T05:29:42Z,0.04,233.96,-0.02,-0.03
2025-08-04T05:30:42Z,0.34,69.32,0.12,0.31
2025-08-04T05:31:42Z,0.37,44,0.27,0.26
2025-08-04T05:32:42Z,0.66,101.97,-0.14,0.64
2025-08-04T05:33:42Z,1.65,111.03,-0.59,1.54
2025-08-04T05:34:42Z,0.7,106.39,-0.2,0.67
2025-08-04T05:35:42Z,0.99,90.17,-0,0.99
2025-08-04T05:36:42Z,0.15,46.19,0.1,0.11
2025-08-04T05:37:42Z,0.46,299.39,0.22,-0.4
2025-08-04T05:38:42Z,0.4,343.56,0.38,-0.11
2025-08-04T05:39:42Z,0.34,327.49,0.29,-0.18
2025-08-04T05:40:42Z,0.44,85.5,0.03,0.44
2025-08-04T05:41:42Z,0.51,11.1,0.5,0.1
2025-08-04T05:42:42Z,0.44,323.9,0.36,-0.26
2025-08-04T05:43:42Z,0.57,237.16,-0.31,-0.48
2025-08-04T05:44:42Z,1.39,51.64,0.86,1.09
2025-08-04T05:45:42Z,0.59,302.25,0.31,-0.5
2025-08-04T05:46:42Z,0.66,288.7,0.21,-0.63
2025-08-04T05:47:42Z,0.49,288.54,0.15,-0.46
2025-08-04T05:48:42Z,0.41,300.77,0.21,-0.35
2025-08-04T05:49:42Z,1.02,273.8,0.07,-1.02
2025-08-04T05:50:42Z,1.12,277.06,0.14,-1.11
2025-08-04T05:51:42Z,1.28,284.22,0.31,-1.24
2025-08-04T05:52:42Z,1.12,260.5,-0.18,-1.1
2025-08-04T05:53:42Z,1.02,287.64,0.31,-0.98
2025-08-04T05:54:42Z,1.43,298.17,0.67,-1.26
2025-08-04T05:55:42Z,1.08,299.09,0.53,-0.95
2025-08-04T05:56:42Z,0.9,261.32,-0.14,-0.89
2025-08-04T05:57:42Z,1.11,288.75,0.36,-1.05
2025-08-04T05:58:42Z,0.34,349.69,0.34,-0.06
2025-08-04T05:59:42Z,0.06,10.14,0.06,0.01
2025-08-04T06:00:42Z,0.4,200,-0.38,-0.14
2025-08-04T06:01:42Z,0.2,200.9,-0.19,-0.07
2025-08-04T06:02:42Z,0.1,16.51,0.1,0.03
2025-08-04T06:03:42Z,0.52,346.98,0.51,-0.12
2025-08-04T06:04:42Z,0.64,184.54,-0.64,-0.05
2025-08-04T06:05:42Z,0.61,152.09,-0.54,0.29
2025-08-04T06:06:42Z,1.73,108.98,-0.56,1.64
2025-08-04T06:07:42Z,0.92,121.82,-0.49,0.79
2025-08-04T06:08:42Z,0.77,136.33,-0.56,0.53
2025-08-04T06:09:42Z,0.34,117.77,-0.16,0.3
2025-08-04T06:10:42Z,0.14,211.95,-0.11,-0.07
2025-08-04T06:11:42Z,0.41,93.62,-0.03,0.4
2025-08-04T06:12:42Z,0.74,318.12,0.55,-0.5
2025-08-04T06:13:42Z,0.23,224.35,-0.16,-0.16
2025-08-04T06:14:42Z,0.42,153.27,-0.37,0.19
2025-08-04T06:15:42Z,0.54,141.59,-0.42,0.33
2025-08-04T06:16:42Z,0.41,107.56,-0.12,0.39
2025-08-04T06:17:42Z,1.2,95.23,-0.11,1.2
2025-08-04T06:18:42Z,1.39,145.42,-1.14,0.79
2025-08-04T06:19:42Z,0.98,110.97,-0.35,0.92
2025-08-04T06:20:42Z,0.46,92.01,-0.02,0.46
2025-08-04T06:21:42Z,0.76,124,-0.42,0.63
2025-08-04T06:22:42Z,1.13,96.58,-0.13,1.12
2025-08-04T06:23:42Z,0.4,257.03,-0.09,-0.39
2025-08-04T06:24:42Z,0.38,91.54,-0.01,0.38
2025-08-04T06:25:42Z,0.61,335.34,0.55,-0.25
2025-08-04T06:26:42Z,1.22,93.4,-0.07,1.22
2025-08-04T06:27:42Z,0.65,59.56,0.33,0.56
2025-08-04T06:28:42Z,0.72,162.98,-0.69,0.21
2025-08-04T06:29:42Z,1.13,170.88,-1.11,0.18
2025-08-04T06:30:42Z,1.28,111.56,-0.47,1.19
2025-08-04T06:31:42Z,0.84,113.64,-0.34,0.77
2025-08-04T06:32:42Z,0.42,117.74,-0.19,0.37
2025-08-04T06:33:42Z,0.7,3.13,0.7,0.04
2025-08-04T06:34:42Z,0.17,359.72,0.17,-0
2025-08-04T06:35:42Z,0.4,111.75,-0.15,0.37
2025-08-04T06:36:42Z,0.59,13.49,0.58,0.14
2025-08-04T06:37:42Z,1.23,327.03,1.03,-0.67
2025-08-04T06:38:42Z,0.24,58.8,0.13,0.21
2025-08-04T06:39:42Z,0.45,288.13,0.14,-0.43
2025-08-04T06:40:42Z,0.55,18.69,0.52,0.18
2025-08-04T06:41:42Z,0.63,270.14,0,-0.63
2025-08-04T06:42:42Z,0.42,84.23,0.04,0.42
2025-08-04T06:43:42Z,0.7,297.59,0.32,-0.62
2025-08-04T06:44:42Z,0.93,299.06,0.45,-0.81
2025-08-04T06:45:42Z,0.52,294.04,0.21,-0.47
2025-08-04T06:46:42Z,2.12,286.35,0.6,-2.03
2025-08-04T06:47:42Z,2.39,312.4,1.61,-1.77
2025-08-04T06:48:42Z,1.29,285.41,0.34,-1.24
2025-08-04T06:49:42Z,1.15,290.05,0.39,-1.08
2025-08-04T06:50:42Z,1.78,278.49,0.26,-1.76
2025-08-04T06:51:42Z,0.98,233.93,-0.58,-0.79
2025-08-04T06:52:42Z,0.55,352.09,0.54,-0.08
2025-08-04T06:53:42Z,0.18,235.28,-0.1,-0.15
2025-08-04T06:54:42Z,0.74,63.42,0.33,0.66
2025-08-04T06:55:42Z,0.66,311.35,0.44,-0.5
2025-08-04T06:56:42Z,0.72,337.53,0.67,-0.28
2025-08-04T06:57:42Z,0.62,322.52,0.49,-0.38
2025-08-04T06:58:42Z,0.17,180.62,-0.17,-0
2025-08-04T06:59:42Z,1.08,65.73,0.44,0.99
2025-08-04T07:00:42Z,0.95,15.64,0.92,0.26
2025-08-04T07:01:42Z,1.23,93.22,-0.07,1.23
2025-08-04T07:02:42Z,1.13,123.3,-0.62,0.95
2025-08-04T07:03:42Z,1.12,20.27,1.05,0.39
2025-08-04T07:04:42Z,0.71,105.02,-0.18,0.69
2025-08-04T07:05:42Z,2.06,85.07,0.18,2.05
2025-08-04T07:06:42Z,0.53,103.37,-0.12,0.52
2025-08-04T07:07:42Z,2.38,99.61,-0.4,2.35
2025-08-04T07:08:42Z,0.81,2.6,0.81,0.04
2025-08-04T07:09:42Z,0.68,356.39,0.68,-0.04
2025-08-04T07:10:42Z,0.61,94.91,-0.05,0.61
2025-08-04T07:11:42Z,0.44,340.67,0.42,-0.15
2025-08-04T07:12:42Z,1.46,280.3,0.26,-1.44
2025-08-04T07:13:42Z,1.25,331.23,1.1,-0.6
2025-08-04T07:14:42Z,0.22,157.58,-0.2,0.08
2025-08-04T07:15:42Z,1.41,99.09,-0.22,1.39
2025-08-04T07:16:42Z,1.94,100.35,-0.35,1.91
2025-08-04T07:17:42Z,0.2,50.43,0.13,0.15
2025-08-04T07:18:42Z,0.7,323.33,0.56,-0.42
2025-08-04T07:19:42Z,0.47,297.68,0.22,-0.42
2025-08-04T07:20:42Z,0.42,289.82,0.14,-0.39
2025-08-04T07:21:42Z,0.07,71.83,0.02,0.06
2025-08-04T07:22:42Z,0.46,33.07,0.39,0.25
2025-08-04T07:23:42Z,1.07,47.84,0.72,0.79
2025-08-04T07:24:42Z,1.68,98.9,-0.26,1.66
2025-08-04T07:25:42Z,0.12,328.04,0.1,-0.06
2025-08-04T07:26:42Z,1.21,78.37,0.24,1.18
2025-08-04T07:27:42Z,1.6,47.23,1.09,1.17
2025-08-04T07:28:42Z,0.18,320.04,0.14,-0.12
2025-08-04T07:29:42Z,0.63,73.77,0.18,0.61
2025-08-04T07:30:42Z,1.1,111.98,-0.41,1.02
2025-08-04T07:31:42Z,2.13,98.04,-0.3,2.11
2025-08-04T07:32:42Z,1.65,81.08,0.26,1.63
2025-08-04T07:33:42Z,0.3,142.18,-0.24,0.18
2025-08-04T07:34:42Z,0.92,74.68,0.24,0.89
2025-08-04T07:35:42Z,0.42,87.49,0.02,0.42
2025-08-04T07:36:42Z,0.28,6.37,0.27,0.03
2025-08-04T07:37:42Z,0.23,48.69,0.15,0.17
2025-08-04T07:38:42Z,1.38,88.22,0.04,1.38
2025-08-04T07:39:42Z,0.7,82.71,0.09,0.7
2025-08-04T07:40:42Z,2.27,94.07,-0.16,2.27
2025-08-04T07:41:42Z,1.04,94.44,-0.08,1.03
2025-08-04T07:42:42Z,0.85,296.6,0.38,-0.76
2025-08-04T07:43:42Z,0.88,84.16,0.09,0.87
2025-08-04T07:44:42Z,0.77,296.9,0.35,-0.69
2025-08-04T07:45:42Z,0.76,327.57,0.65,-0.41
2025-08-04T07:46:42Z,1.2,57.17,0.65,1.01
2025-08-04T07:47:42Z,0.18,27.83,0.16,0.08
2025-08-04T07:48:42Z,2.01,93.43,-0.12,2.01
2025-08-04T07:49:42Z,0.35,253.3,-0.1,-0.33
2025-08-04T07:50:42Z,0.33,150.91,-0.29,0.16
2025-08-04T07:51:42Z,1.85,120.79,-0.95,1.59
2025-08-04T07:52:42Z,0.84,66.1,0.34,0.77
2025-08-04T07:53:42Z,1.3,11.43,1.28,0.26
2025-08-04T07:54:42Z,0.71,335.42,0.64,-0.29
2025-08-04T07:55:42Z,0.62,68.15,0.23,0.58
2025-08-04T07:56:42Z,0.36,205.02,-0.33,-0.15
2025-08-04T07:57:42Z,0.86,126.95,-0.52,0.69
2025-08-04T07:58:42Z,0.26,142.04,-0.21,0.16
2025-08-04T07:59:42Z,0.62,85.46,0.05,0.62
2025-08-04T08:00:42Z,0.59,112.94,-0.23,0.54
2025-08-04T08:01:42Z,0.68,277.98,0.09,-0.67
2025-08-04T08:02:42Z,0.27,132.85,-0.18,0.2
2025-08-04T08:03:42Z,0.43,62.79,0.2,0.38
2025-08-04T08:04:42Z,0.64,130.74,-0.42,0.49
2025-08-04T08:05:42Z,1.77,93.83,-0.12,1.77
2025-08-04T08:06:42Z,0.91,65.96,0.37,0.83
2025-08-04T08:07:42Z,0.5,330.54,0.43,-0.25
2025-08-04T08:08:42Z,0.42,356.82,0.42,-0.02
2025-08-04T08:09:42Z,0.9,293.71,0.36,-0.82
2025-08-04T08:10:42Z,0.59,38.23,0.47,0.37
2025-08-04T08:11:42Z,0.46,64.41,0.2,0.41
2025-08-04T08:12:42Z,0.68,287.4,0.2,-0.65
2025-08-04T08:13:42Z,0.76,281.49,0.15,-0.75
2025-08-04T08:14:42Z,0.86,312.48,0.58,-0.64
2025-08-04T08:15:42Z,0.81,291.8,0.3,-0.75
2025-08-04T08:16:42Z,0.55,71.86,0.17,0.53
2025-08-04T08:17:42Z,0.48,326.43,0.4,-0.27
2025-08-04T08:18:42Z,0.61,48.54,0.41,0.46
2025-08-04T08:19:42Z,1.28,97.72,-0.17,1.27
2025-08-04T08:20:42Z,1,240.15,-0.5,-0.86
2025-08-04T08:21:42Z,1.05,287.85,0.32,-1
2025-08-04T08:22:42Z,0.54,242.22,-0.25,-0.48
2025-08-04T08:23:42Z,0.19,196.15,-0.18,-0.05
2025-08-04T08:24:42Z,0.49,52.22,0.3,0.38
2025-08-04T08:25:42Z,0.76,323.55,0.61,-0.45
2025-08-04T08:26:42Z,0.67,250.15,-0.23,-0.63
2025-08-04T08:27:42Z,0.61,124.02,-0.34,0.51
2025-08-04T08:28:42Z,1.14,298,0.53,-1.01
2025-08-04T08:29:42Z,0.74,235.44,-0.42,-0.61
2025-08-04T08:30:42Z,0.49,258.99,-0.09,-0.48
2025-08-04T08:31:42Z,1.95,299.63,0.96,-1.69
2025-08-04T08:32:42Z,0.76,38.03,0.6,0.47
2025-08-04T08:33:42Z,1.35,294.45,0.56,-1.23
2025-08-04T08:34:42Z,0.25,184.73,-0.25,-0.02
2025-08-04T08:35:42Z,0.02,93.75,-0,0.02
2025-08-04T08:36:42Z,0.38,268.14,-0.01,-0.38
2025-08-04T08:37:42Z,0.7,329.96,0.6,-0.35
2025-08-04T08:38:42Z,0.9,314.09,0.62,-0.64
2025-08-04T08:39:42Z,1.4,279.69,0.24,-1.38
2025-08-04T08:40:42Z,1.32,279.05,0.21,-1.31
2025-08-04T08:41:42Z,0.76,312.61,0.52,-0.56
2025-08-04T08:42:42Z,1.78,309,1.12,-1.38
2025-08-04T08:43:42Z,0.39,28.95,0.34,0.19
2025-08-04T08:44:42Z,0.66,153.27,-0.59,0.3
2025-08-04T08:45:42Z,1.55,280.63,0.29,-1.53
2025-08-04T08:46:42Z,0.53,336.74,0.49,-0.21
2025-08-04T08:47:42Z,0.47,298.75,0.22,-0.41
2025-08-04T08:48:42Z,0.33,233.8,-0.19,-0.26
2025-08-04T08:49:42Z,0.89,271.02,0.02,-0.89
2025-08-04T08:50:42Z,0.57,51.54,0.36,0.45
2025-08-04T08:51:42Z,0.21,59.06,0.11,0.18
2025-08-04T08:52:42Z,0.2,308.58,0.12,-0.15
2025-08-04T08:53:42Z,0.12,270.36,0,-0.12
2025-08-04T08:54:42Z,0.91,100.71,-0.17,0.89
2025-08-04T08:55:42Z,0.76,152.68,-0.67,0.35
2025-08-04T08:56:42Z,0.97,258.98,-0.19,-0.95
2025-08-04T08:57:42Z,0.5,57.23,0.27,0.42
2025-08-04T08:58:42Z,0.21,22.96,0.2,0.08
2025-08-04T08:59:42Z,0.39,58.75,0.2,0.34
2025-08-04T09:00:42Z,0.56,318.66,0.42,-0.37
2025-08-04T09:01:42Z,0.69,320.59,0.53,-0.44
2025-08-04T09:02:42Z,0.54,15.13,0.52,0.14
2025-08-04T09:03:42Z,1.6,270.84,0.02,-1.6
2025-08-04T09:04:42Z,2.05,297.53,0.95,-1.82
2025-08-04T09:05:42Z,0.98,329,0.84,-0.51
2025-08-04T09:06:42Z,1.96,310.37,1.27,-1.49
2025-08-04T09:07:42Z,1.48,284.41,0.37,-1.43
2025-08-04T09:08:42Z,1.91,267.54,-0.08,-1.91
2025-08-04T09:09:42Z,0.85,324.75,0.69,-0.49
2025-08-04T09:10:42Z,0.95,284.96,0.24,-0.91
2025-08-04T09:11:42Z,0.57,275.42,0.05,-0.57
2025-08-04T09:12:42Z,1.93,321.59,1.51,-1.2
2025-08-04T09:13:42Z,1.31,294.4,0.54,-1.19
2025-08-04T09:14:42Z,0.95,358.35,0.95,-0.03
2025-08-04T09:15:42Z,0.61,311.32,0.41,-0.46
2025-08-04T09:16:42Z,0.61,279.12,0.1,-0.61
2025-08-04T09:17:42Z,1.35,277.63,0.18,-1.34
2025-08-04T09:18:42Z,0.84,286.55,0.24,-0.81
2025-08-04T09:19:42Z,1.37,294.19,0.56,-1.25
2025-08-04T09:20:42Z,1.47,79.61,0.26,1.44
2025-08-04T09:21:42Z,0.31,83.37,0.04,0.31
2025-08-04T09:22:42Z,0.49,264.42,-0.05,-0.48
2025-08-04T09:23:42Z,3.13,113.29,-1.24,2.88
2025-08-04T09:24:42Z,0.12,286.1,0.03,-0.12
2025-08-04T09:25:42Z,0.68,303.84,0.38,-0.56
2025-08-04T09:26:42Z,0.16,100.67,-0.03,0.16
2025-08-04T09:27:42Z,0.55,74.98,0.14,0.53
2025-08-04T09:28:42Z,0.43,257.82,-0.09,-0.42
2025-08-04T09:29:42Z,0.2,113.85,-0.08,0.18
2025-08-04T09:30:42Z,0.93,137.9,-0.69,0.63
2025-08-04T09:31:42Z,0.26,107.63,-0.08,0.24
2025-08-04T09:32:42Z,0.94,104.24,-0.23,0.91
2025-08-04T09:33:42Z,1.32,113.34,-0.52,1.21
2025-08-04T09:34:42Z,0.7,127.45,-0.43,0.56
2025-08-04T09:35:42Z,1.02,296.62,0.46,-0.91
2025-08-04T09:36:42Z,1.56,298.52,0.74,-1.37
2025-08-04T09:37:42Z,0.1,299.34,0.05,-0.09
2025-08-04T09:38:42Z,0.5,289.67,0.17,-0.47
2025-08-04T09:39:42Z,1.25,315.41,0.89,-0.88
2025-08-04T09:40:42Z,0.51,312.4,0.35,-0.38
2025-08-04T09:41:42Z,1.07,78.32,0.22,1.04
2025-08-04T09:42:42Z,1.48,305.14,0.85,-1.21
2025-08-04T09:43:42Z,1.28,307.69,0.78,-1.01
2025-08-04T09:44:42Z,0.65,295.65,0.28,-0.59
2025-08-04T09:45:42Z,0.97,115.82,-0.42,0.87
2025-08-04T09:46:42Z,1.13,329.1,0.97,-0.58
2025-08-04T09:47:42Z,1,297.14,0.45,-0.89
2025-08-04T09:48:42Z,0.28,299.08,0.14,-0.25
2025-08-04T09:49:42Z,2.05,340.7,1.93,-0.68
2025-08-04T09:50:42Z,0.61,315.08,0.43,-0.43
2025-08-04T09:51:42Z,0.39,349.81,0.39,-0.07
2025-08-04T09:52:42Z,0.17,77.39,0.04,0.17
2025-08-04T09:53:42Z,0.88,284.27,0.22,-0.86
2025-08-04T09:54:42Z,0.68,300.99,0.35,-0.58
2025-08-04T09:55:42Z,0.09,241.93,-0.04,-0.08
2025-08-04T09:56:42Z,0.36,270,0,-0.36
2025-08-04T09:57:42Z,0.67,193.22,-0.65,-0.15
2025-08-04T09:58:42Z,1.56,293.62,0.62,-1.42
2025-08-04T09:59:42Z,0.56,4.74,0.56,0.05
2025-08-04T10:00:42Z,1.14,282.85,0.25,-1.12
2025-08-04T10:01:42Z,1.62,291.97,0.61,-1.5
2025-08-04T10:02:42Z,0.86,288.1,0.27,-0.82
2025-08-04T10:03:42Z,0.56,217.69,-0.44,-0.34
2025-08-04T10:04:42Z,0.1,118.63,-0.05,0.09
2025-08-04T10:05:42Z,1.01,310.09,0.65,-0.77
2025-08-04T10:06:42Z,0.47,247.36,-0.18,-0.44
2025-08-04T10:07:42Z,0.28,291.97,0.11,-0.26
2025-08-04T10:08:42Z,0.71,313.54,0.49,-0.52
2025-08-04T10:09:42Z,1.71,321.23,1.34,-1.07
2025-08-04T10:10:42Z,1.08,330.14,0.94,-0.54
2025-08-04T10:11:42Z,0.82,72.82,0.24,0.79
2025-08-04T10:12:42Z,1.48,289.42,0.49,-1.4
2025-08-04T10:13:42Z,0.53,315.72,0.38,-0.37
2025-08-04T10:14:42Z,0.52,260.76,-0.08,-0.52
2025-08-04T10:15:42Z,0.98,312.96,0.67,-0.72
2025-08-04T10:16:42Z,1.18,267.24,-0.06,-1.17
2025-08-04T10:17:42Z,1.46,309.39,0.93,-1.13
2025-08-04T10:18:42Z,0.16,18.75,0.15,0.05
2025-08-04T10:19:42Z,0.45,84.87,0.04,0.45
2025-08-04T10:20:42Z,0.7,75.94,0.17,0.68
2025-08-04T10:21:42Z,0.46,263.27,-0.05,-0.45
2025-08-04T10:22:42Z,0.71,275.02,0.06,-0.71
2025-08-04T10:23:42Z,0.88,272.19,0.03,-0.88
2025-08-04T10:24:42Z,0.3,343.36,0.28,-0.08
2025-08-04T10:25:42Z,1.79,75.12,0.46,1.73
2025-08-04T10:26:42Z,0.34,86.06,0.02,0.34
2025-08-04T10:27:42Z,0.58,107.39,-0.17,0.56
2025-08-04T10:28:42Z,2.48,110.2,-0.86,2.32
2025-08-04T10:29:42Z,1.38,87.72,0.05,1.38
2025-08-04T10:30:42Z,2.23,109,-0.73,2.11
2025-08-04T10:31:42Z,0.53,84.46,0.05,0.53
2025-08-04T10:32:42Z,0.68,32.35,0.57,0.36
2025-08-04T10:33:42Z,0.82,348.98,0.8,-0.16
2025-08-04T10:34:42Z,0.5,88.03,0.02,0.5
2025-08-04T10:35:42Z,1.56,106.58,-0.45,1.5
2025-08-04T10:36:42Z,0.47,43.82,0.34,0.33
2025-08-04T10:37:42Z,0.65,43.85,0.47,0.45
2025-08-04T10:38:42Z,0.43,0.33,0.43,0
2025-08-04T10:39:42Z,1.28,114.41,-0.53,1.16
2025-08-04T10:40:42Z,0.8,310.7,0.52,-0.6
2025-08-04T10:41:42Z,0.78,0.74,0.78,0.01
2025-08-04T10:42:42Z,0.54,30.19,0.46,0.27
2025-08-04T10:43:42Z,0.49,148.75,-0.42,0.25
2025-08-04T10:44:42Z,0.92,330.25,0.8,-0.46
2025-08-04T10:45:42Z,0.09,49.59,0.06,0.07
2025-08-04T10:46:42Z,0.87,103.38,-0.2,0.85
2025-08-04T10:47:42Z,0.39,54.23,0.23,0.32
2025-08-04T10:48:42Z,1.28,96.23,-0.14,1.27
2025-08-04T10:49:42Z,0.36,33.34,0.3,0.2
2025-08-04T10:50:42Z,1.19,67.14,0.46,1.09
2025-08-04T10:51:42Z,0.63,26.39,0.57,0.28
2025-08-04T10:52:42Z,0.62,342.46,0.6,-0.19
2025-08-04T10:53:42Z,0.32,289.71,0.11,-0.3
2025-08-04T10:54:42Z,0.33,284.7,0.08,-0.32
2025-08-04T10:55:42Z,1.9,290,0.65,-1.78
2025-08-04T10:56:42Z,0.51,330.94,0.45,-0.25
2025-08-04T10:57:42Z,0.17,256.47,-0.04,-0.17
2025-08-04T10:58:42Z,0.89,322.22,0.71,-0.55
2025-08-04T10:59:42Z,2.01,93.55,-0.12,2.01
2025-08-04T11:00:42Z,0.62,207.53,-0.55,-0.29
2025-08-04T11:01:42Z,0.87,292.73,0.34,-0.8
2025-08-04T11:02:42Z,1.34,284.12,0.33,-1.3
2025-08-04T11:03:42Z,0.56,334.96,0.51,-0.24
2025-08-04T11:04:42Z,0.39,59.25,0.2,0.33
2025-08-04T11:05:42Z,0.28,237.87,-0.15,-0.24
2025-08-04T11:06:42Z,1.44,68.6,0.52,1.34
2025-08-04T11:07:42Z,0.97,294.39,0.4,-0.88
2025-08-04T11:08:42Z,0.43,36.27,0.35,0.26
2025-08-04T11:09:42Z,0.08,304.29,0.05,-0.07
2025-08-04T11:10:42Z,0.09,332.94,0.08,-0.04
2025-08-04T11:11:42Z,1.35,102.83,-0.3,1.31
2025-08-04T11:12:42Z,2.22,94.47,-0.17,2.22
2025-08-04T11:13:42Z,0.45,52.24,0.28,0.36
2025-08-04T11:14:42Z,0.55,302.91,0.3,-0.46
2025-08-04T11:15:42Z,0.53,290.86,0.19,-0.49
2025-08-04T11:16:42Z,0.4,129.87,-0.26,0.31
2025-08-04T11:17:42Z,0.09,339.33,0.08,-0.03
2025-08-04T11:18:42Z,1.72,116.33,-0.76,1.54
2025-08-04T11:19:42Z,3.65,112.25,-1.38,3.38
2025-08-04T11:20:42Z,2.66,93.05,-0.14,2.66
2025-08-04T11:21:42Z,2.04,110.36,-0.71,1.91
2025-08-04T11:22:42Z,1.28,125.41,-0.74,1.04
2025-08-04T11:23:42Z,1.41,116.61,-0.63,1.26
2025-08-04T11:24:42Z,1.97,99.47,-0.32,1.95
2025-08-04T11:25:42Z,1.28,165.7,-1.24,0.32
2025-08-04T11:26:42Z,2.7,124.52,-1.53,2.23
2025-08-04T11:27:42Z,2.48,113.4,-0.99,2.28
2025-08-04T11:28:42Z,3.56,104.64,-0.9,3.45
2025-08-04T11:29:42Z,2.99,123.97,-1.67,2.48
2025-08-04T11:30:42Z,0.89,107.77,-0.27,0.85
2025-08-04T11:31:42Z,1.55,95.99,-0.16,1.54
2025-08-04T11:32:42Z,0.15,241.94,-0.07,-0.13
2025-08-04T11:33:42Z,0.83,261.61,-0.12,-0.82
2025-08-04T11:34:42Z,0.38,266.66,-0.02,-0.38
2025-08-04T11:35:42Z,0.4,165.33,-0.39,0.1
2025-08-04T11:36:42Z,1.43,106.61,-0.41,1.37
2025-08-04T11:37:42Z,0.38,30.3,0.33,0.19
2025-08-04T11:38:42Z,0.8,94.89,-0.07,0.8
2025-08-04T11:39:42Z,1.1,97.69,-0.15,1.09
2025-08-04T11:40:42Z,1.07,88.92,0.02,1.07
2025-08-04T11:41:42Z,1.24,135.07,-0.88,0.88
2025-08-04T11:42:42Z,1.29,115.93,-0.56,1.16
2025-08-04T11:43:42Z,0.54,305.81,0.32,-0.44
2025-08-04T11:44:42Z,1.39,95.78,-0.14,1.38
2025-08-04T11:45:42Z,0.36,80.78,0.06,0.35
2025-08-04T11:46:42Z,1.45,119.41,-0.71,1.26
2025-08-04T11:47:42Z,0.59,303.06,0.32,-0.49
2025-08-04T11:48:42Z,1.12,269.96,-0,-1.12
2025-08-04T11:49:42Z,0.27,96.8,-0.03,0.27
2025-08-04T11:50:42Z,0.95,300.61,0.49,-0.82
2025-08-04T11:51:42Z,0.8,292.63,0.31,-0.74
2025-08-04T11:52:42Z,1.33,285.44,0.35,-1.28
2025-08-04T11:53:42Z,0.86,264.75,-0.08,-0.86
2025-08-04T11:54:42Z,0.64,17.84,0.61,0.2
2025-08-04T11:55:42Z,1.03,62.75,0.47,0.91
2025-08-04T11:56:42Z,0.23,50.71,0.15,0.18
2025-08-04T11:57:42Z,0.65,244.11,-0.28,-0.58
2025-08-04T11:58:42Z,0.6,77.05,0.13,0.58
2025-08-04T11:59:42Z,0.77,77.06,0.17,0.75
2025-08-04T12:00:42Z,0.34,116.02,-0.15,0.31
2025-08-04T12:01:42Z,0.38,116.74,-0.17,0.34
2025-08-04T12:02:42Z,1.23,131.78,-0.82,0.92
2025-08-04T12:03:42Z,0.15,239.72,-0.08,-0.13
2025-08-04T12:04:42Z,0.56,45.39,0.39,0.4
2025-08-04T12:05:42Z,0.36,148.85,-0.31,0.19
2025-08-04T12:06:42Z,0.87,92.46,-0.04,0.87
2025-08-04T12:07:42Z,0.65,137.78,-0.48,0.44
2025-08-04T12:08:42Z,0.71,280.93,0.13,-0.7
2025-08-04T12:09:42Z,0.99,314.67,0.69,-0.7
2025-08-04T12:10:42Z,0.8,71.35,0.26,0.76
2025-08-04T12:11:42Z,0.76,134.1,-0.53,0.54
2025-08-04T12:12:42Z,1.68,86.25,0.11,1.68
2025-08-04T12:13:42Z,0.55,284.53,0.14,-0.53
2025-08-04T12:14:42Z,0.72,148.46,-0.62,0.38
2025-08-04T12:15:42Z,1.08,102.19,-0.23,1.06
2025-08-04T12:16:42Z,0.23,197.12,-0.22,-0.07
2025-08-04T12:17:42Z,0.33,168.6,-0.33,0.07
2025-08-04T12:18:42Z,1.08,69.89,0.37,1.01
2025-08-04T12:19:42Z,0.24,9,0.24,0.04
2025-08-04T12:20:42Z,0.76,102.64,-0.17,0.74
2025-08-04T12:21:42Z,0.76,132.93,-0.52,0.56
2025-08-04T12:22:42Z,0.31,224.56,-0.22,-0.22
2025-08-04T12:23:42Z,0.19,51.09,0.12,0.15
2025-08-04T12:24:42Z,0.59,75.68,0.15,0.57
2025-08-04T12:25:42Z,1.63,91.31,-0.04,1.63
2025-08-04T12:26:42Z,0.81,328.16,0.69,-0.43
2025-08-04T12:27:42Z,0.47,325.73,0.39,-0.26
2025-08-04T12:28:42Z,0.59,49.86,0.38,0.45
2025-08-04T12:29:42Z,0.18,324.92,0.15,-0.11
2025-08-04T12:30:42Z,0.03,357.1,0.03,-0
2025-08-04T12:31:42Z,1.14,308.21,0.7,-0.89
2025-08-04T12:32:42Z,0.6,62.09,0.28,0.53
2025-08-04T12:33:42Z,0.6,251.55,-0.19,-0.57
2025-08-04T12:34:42Z,1.28,115.81,-0.56,1.15
2025-08-04T12:35:42Z,0.47,121.37,-0.25,0.4
2025-08-04T12:36:42Z,0.17,3.39,0.17,0.01
2025-08-04T12:37:42Z,1.6,91.92,-0.05,1.59
2025-08-04T12:38:42Z,2.3,100.02,-0.4,2.27
2025-08-04T12:39:42Z,1.57,98.71,-0.24,1.55
2025-08-04T12:40:42Z,2.74,119,-1.33,2.4
2025-08-04T12:41:42Z,2.34,115.15,-0.99,2.12
2025-08-04T12:42:42Z,3.26,111.24,-1.18,3.03
2025-08-04T12:43:42Z,3.56,100.63,-0.66,3.5
2025-08-04T12:44:42Z,1.98,104.29,-0.49,1.91
2025-08-04T12:45:42Z,1.21,101.39,-0.24,1.19
2025-08-04T12:46:42Z,1.07,85.89,0.08,1.07
2025-08-04T12:47:42Z,2.41,110.23,-0.83,2.27
2025-08-04T12:48:42Z,2.64,99.63,-0.44,2.6
2025-08-04T12:49:42Z,1.36,135.5,-0.97,0.95
2025-08-04T12:50:42Z,1.84,112.55,-0.71,1.7
2025-08-04T12:51:42Z,1.21,93.23,-0.07,1.21
2025-08-04T12:52:42Z,1.83,110.09,-0.63,1.72
2025-08-04T12:53:42Z,0.11,282.98,0.02,-0.11
2025-08-04T12:54:42Z,1.83,102.34,-0.39,1.79
2025-08-04T12:55:42Z,1.19,84.14,0.12,1.19
2025-08-04T12:56:42Z,1.13,91.51,-0.03,1.13
2025-08-04T12:57:42Z,1.17,116.91,-0.53,1.05
2025-08-04T12:58:42Z,0.71,100.58,-0.13,0.7
2025-08-04T12:59:42Z,0.49,296.85,0.22,-0.44
2025-08-04T13:00:42Z,1.29,272.76,0.06,-1.29
2025-08-04T13:01:42Z,1.66,282.84,0.37,-1.62
2025-08-04T13:02:42Z,0.83,300.28,0.42,-0.72
2025-08-04T13:03:42Z,0.34,74.19,0.09,0.33
2025-08-04T13:04:42Z,1.51,102.49,-0.33,1.47
2025-08-04T13:05:42Z,5.59,119.09,-2.72,4.89
2025-08-04T13:06:42Z,2.26,125.13,-1.3,1.85
2025-08-04T13:07:42Z,1.05,130.17,-0.67,0.8
2025-08-04T13:08:42Z,0.21,261.83,-0.03,-0.21
2025-08-04T13:09:42Z,1.19,103.24,-0.27,1.16
2025-08-04T13:10:42Z,0.98,125.66,-0.57,0.8
2025-08-04T13:11:42Z,1.76,126.19,-1.04,1.42
2025-08-04T13:12:42Z,1.08,137.36,-0.79,0.73
2025-08-04T13:13:42Z,2.71,125.44,-1.57,2.21
2025-08-04T13:14:42Z,1.62,74.49,0.43,1.56
2025-08-04T13:15:42Z,2.45,106.43,-0.69,2.35
2025-08-04T13:16:42Z,2.29,113.53,-0.91,2.1
2025-08-04T13:17:42Z,1.33,102.01,-0.28,1.3
2025-08-04T13:18:42Z,0.27,172.65,-0.26,0.03
2025-08-04T13:19:42Z,1.51,92.66,-0.07,1.51
2025-08-04T13:20:42Z,0.8,90.39,-0.01,0.8
2025-08-04T13:21:42Z,0.55,311.55,0.37,-0.41
2025-08-04T13:22:42Z,0.49,178.38,-0.49,0.01
2025-08-04T13:23:42Z,0.69,246.35,-0.28,-0.63
2025-08-04T13:24:42Z,0.34,115.64,-0.15,0.31
2025-08-04T13:25:42Z,0.66,191.04,-0.65,-0.13
2025-08-04T13:26:42Z,2.47,124.04,-1.38,2.05
2025-08-04T13:27:42Z,0.41,141.84,-0.32,0.25
2025-08-04T13:28:42Z,0.31,66.87,0.12,0.28
2025-08-04T13:29:42Z,1.16,79.57,0.21,1.14
2025-08-04T13:30:42Z,1.74,90.71,-0.02,1.74
2025-08-04T13:31:42Z,0.31,27.85,0.27,0.15
2025-08-04T13:32:42Z,1.55,101.9,-0.32,1.52
2025-08-04T13:33:42Z,0.72,33.23,0.6,0.39
2025-08-04T13:34:42Z,1.02,102.42,-0.22,1
2025-08-04T13:35:42Z,2.13,125.76,-1.24,1.73
2025-08-04T13:36:42Z,1.72,109.9,-0.58,1.61
2025-08-04T13:37:42Z,1.96,108.7,-0.63,1.86
2025-08-04T13:38:42Z,1.08,115.48,-0.46,0.97
2025-08-04T13:39:42Z,0.88,106.43,-0.25,0.84
2025-08-04T13:40:42Z,0.43,353.93,0.42,-0.05
2025-08-04T13:41:42Z,0.94,343.82,0.9,-0.26
2025-08-04T13:42:42Z,0.27,121.62,-0.14,0.23
2025-08-04T13:43:42Z,0.47,319.88,0.36,-0.3
2025-08-04T13:44:42Z,0.55,351.71,0.55,-0.08
2025-08-04T13:45:42Z,1.26,306.29,0.75,-1.01
2025-08-04T13:46:42Z,0.4,115.83,-0.17,0.36
2025-08-04T13:47:42Z,0.63,348.5,0.62,-0.13
2025-08-04T13:48:42Z,0.71,343.19,0.68,-0.2
2025-08-04T13:49:42Z,1.19,93.18,-0.07,1.19
2025-08-04T13:50:42Z,1.07,111.47,-0.39,1
2025-08-04T13:51:42Z,0.7,289.43,0.23,-0.66
2025-08-04T13:52:42Z,0.73,90,-0,0.73
2025-08-04T13:53:42Z,0.82,287.34,0.24,-0.78
2025-08-04T13:54:42Z,0.71,258.96,-0.14,-0.7
2025-08-04T13:55:42Z,1,275.26,0.09,-1
2025-08-04T13:56:42Z,1.19,69.1,0.42,1.11
2025-08-04T13:57:42Z,1.05,66.21,0.42,0.96
2025-08-04T13:58:42Z,1.18,95.44,-0.11,1.17
2025-08-04T13:59:42Z,2.35,93.11,-0.13,2.34
2025-08-04T14:00:42Z,0.52,285.36,0.14,-0.5
2025-08-04T14:01:42Z,0.79,322.89,0.63,-0.47
2025-08-04T14:02:42Z,2.52,87.26,0.12,2.51
2025-08-04T14:03:42Z,1.14,100.79,-0.21,1.12
2025-08-04T14:04:42Z,0.43,310.65,0.28,-0.33
2025-08-04T14:05:42Z,1.45,314.7,1.02,-1.03
2025-08-04T14:06:42Z,0.43,283.48,0.1,-0.42
2025-08-04T14:07:42Z,0.77,287.82,0.23,-0.73
2025-08-04T14:08:42Z,0.59,274.66,0.05,-0.59
2025-08-04T14:09:42Z,1.36,60.15,0.68,1.18
2025-08-04T14:10:42Z,0.95,34.35,0.79,0.54
2025-08-04T14:11:42Z,0.72,127.33,-0.44,0.57
2025-08-04T14:12:42Z,0.7,77.61,0.15,0.69
2025-08-04T14:13:42Z,0.46,27.33,0.4,0.21
2025-08-04T14:14:42Z,2.14,120.55,-1.09,1.84
2025-08-04T14:15:42Z,0.38,318,0.28,-0.25
2025-08-04T14:16:42Z,1.03,117.83,-0.48,0.91
2025-08-04T14:17:42Z,1.19,97.62,-0.16,1.18
2025-08-04T14:18:42Z,0.71,248.42,-0.26,-0.66
2025-08-04T14:19:42Z,1.59,265.08,-0.14,-1.59
2025-08-04T14:20:42Z,0.81,129.75,-0.52,0.62
2025-08-04T14:21:42Z,0.82,280.25,0.15,-0.81
2025-08-04T14:22:42Z,1.49,104.22,-0.37,1.44
2025-08-04T14:23:42Z,0.41,340.39,0.39,-0.14
2025-08-04T14:24:42Z,1.84,113.36,-0.73,1.69
2025-08-04T14:25:42Z,0.76,255.68,-0.19,-0.74
2025-08-04T14:26:42Z,0.42,33.51,0.35,0.23
2025-08-04T14:27:42Z,0.62,148.89,-0.53,0.32
2025-08-04T14:28:42Z,1.4,68.79,0.51,1.3
2025-08-04T14:29:42Z,0.9,105.67,-0.24,0.87
2025-08-04T14:30:42Z,0.6,354.99,0.59,-0.05
2025-08-04T14:31:42Z,0.53,268.26,-0.02,-0.53
2025-08-04T14:32:42Z,1.29,281.92,0.27,-1.27
2025-08-04T14:33:42Z,0.21,143.69,-0.17,0.12
2025-08-04T14:34:42Z,0.1,67.61,0.04,0.09
2025-08-04T14:35:42Z,1.06,47.7,0.71,0.78
2025-08-04T14:36:42Z,1.43,87.76,0.06,1.43
2025-08-04T14:37:42Z,0.16,277.42,0.02,-0.16
2025-08-04T14:38:42Z,1.16,258.77,-0.23,-1.14
2025-08-04T14:39:42Z,0.97,309.74,0.62,-0.74
2025-08-04T14:40:42Z,0.35,243.66,-0.16,-0.31
2025-08-04T14:41:42Z,0.42,293.97,0.17,-0.38
2025-08-04T14:42:42Z,0.78,127.27,-0.47,0.62
2025-08-04T14:43:42Z,1.5,99.01,-0.23,1.48
2025-08-04T14:44:42Z,0.87,52.25,0.54,0.69
2025-08-04T14:45:42Z,1.14,298.27,0.54,-1.01
2025-08-04T14:46:42Z,0.84,315.98,0.6,-0.58
2025-08-04T14:47:42Z,1.15,284.21,0.28,-1.11
2025-08-04T14:48:42Z,1.3,259.1,-0.25,-1.28
2025-08-04T14:49:42Z,0.94,310.63,0.61,-0.71
2025-08-04T14:50:42Z,0.61,338.76,0.57,-0.22
2025-08-04T14:51:42Z,2.71,280.79,0.51,-2.66
2025-08-04T14:52:42Z,2.35,293.7,0.94,-2.15
2025-08-04T14:53:42Z,1.87,327.68,1.58,-1
2025-08-04T14:54:42Z,0.7,359.86,0.7,-0
2025-08-04T14:55:42Z,1.24,299.4,0.61,-1.08
2025-08-04T14:56:42Z,1.78,301.52,0.93,-1.52
2025-08-04T14:57:42Z,1.67,292.09,0.63,-1.55
2025-08-04T14:58:42Z,1.81,289.2,0.6,-1.71
2025-08-04T14:59:42Z,1.81,265.42,-0.14,-1.81
2025-08-04T15:00:42Z,2.39,284.34,0.59,-2.32
2025-08-04T15:01:42Z,2.01,283.69,0.48,-1.96
2025-08-04T15:02:42Z,2.01,302.63,1.08,-1.69
2025-08-04T15:03:42Z,3.66,292.72,1.41,-3.37
2025-08-04T15:04:42Z,2.99,295,1.26,-2.71
2025-08-04T15:05:42Z,4.02,288.94,1.3,-3.8
2025-08-04T15:06:42Z,4,294.94,1.69,-3.63
2025-08-04T15:07:42Z,2.59,275.73,0.26,-2.58
2025-08-04T15:08:42Z,2.24,271.91,0.07,-2.24
2025-08-04T15:09:42Z,1.17,245.5,-0.48,-1.06
2025-08-04T15:10:42Z,1.05,216.89,-0.84,-0.63
2025-08-04T15:11:42Z,0.75,80.5,0.12,0.74
2025-08-04T15:12:42Z,1.33,272.9,0.07,-1.32
2025-08-04T15:13:42Z,1.62,281.65,0.33,-1.58
2025-08-04T15:14:42Z,1.12,332.52,1,-0.52
2025-08-04T15:15:42Z,1.42,271.29,0.03,-1.42
2025-08-04T15:16:42Z,1.06,272.68,0.05,-1.06
2025-08-04T15:17:42Z,0.64,83.67,0.07,0.64
2025-08-04T15:18:42Z,0.43,339.24,0.4,-0.15
2025-08-04T15:19:42Z,0.7,41.59,0.53,0.47
2025-08-04T15:20:42Z,0.21,248.95,-0.08,-0.2
2025-08-04T15:21:42Z,1.02,307.45,0.62,-0.81
2025-08-04T15:22:42Z,1.6,284.37,0.4,-1.55
2025-08-04T15:23:42Z,1.75,270.3,0.01,-1.75
2025-08-04T15:24:42Z,0.87,328.94,0.75,-0.45
2025-08-04T15:25:42Z,0.67,2.6,0.67,0.03
2025-08-04T15:26:42Z,1.34,89.35,0.02,1.34
2025-08-04T15:27:42Z,1.18,148.45,-1,0.62
2025-08-04T15:28:42Z,2.57,124.56,-1.46,2.12
2025-08-04T15:29:42Z,0.55,147.05,-0.46,0.3
2025-08-04T15:30:42Z,0.22,7.43,0.22,0.03
2025-08-04T15:31:42Z,0.23,225.62,-0.16,-0.16
2025-08-04T15:32:42Z,0.35,77.53,0.07,0.34
2025-08-04T15:33:42Z,1.02,130.51,-0.66,0.78
2025-08-04T15:34:42Z,0.75,1.76,0.74,0.02
2025-08-04T15:35:42Z,0.92,154.94,-0.84,0.39
2025-08-04T15:36:42Z,1.4,144.62,-1.14,0.81
2025-08-04T15:37:42Z,0.38,209.42,-0.33,-0.19
2025-08-04T15:38:42Z,1.22,92.4,-0.05,1.21
2025-08-04T15:39:42Z,1.47,84.83,0.13,1.46
2025-08-04T15:40:42Z,0.65,239.71,-0.33,-0.56
2025-08-04T15:41:42Z,1.17,124.83,-0.67,0.96
2025-08-04T15:42:42Z,1.58,119.97,-0.79,1.36
2025-08-04T15:43:42Z,2.3,115.93,-1.01,2.07
2025-08-04T15:44:42Z,2.07,124.09,-1.16,1.71
2025-08-04T15:45:42Z,0.45,158.19,-0.42,0.17
2025-08-04T15:46:42Z,1.45,305.15,0.84,-1.19
2025-08-04T15:47:42Z,1.12,284.37,0.28,-1.08
2025-08-04T15:48:42Z,1.21,262.22,-0.16,-1.2
2025-08-04T15:49:42Z,0.59,224.62,-0.42,-0.42
2025-08-04T15:50:42Z,0.4,148.73,-0.34,0.21
2025-08-04T15:51:42Z,1,134.92,-0.71,0.71
2025-08-04T15:52:42Z,0.57,111.15,-0.21,0.53
2025-08-04T15:53:42Z,0.77,149.03,-0.66,0.39
2025-08-04T15:54:42Z,1.09,139.65,-0.83,0.7
2025-08-04T15:55:42Z,0.43,339.23,0.4,-0.15
2025-08-04T15:56:42Z,0.54,324.35,0.43,-0.31
2025-08-04T15:57:42Z,1.29,278.61,0.19,-1.28
2025-08-04T15:58:42Z,2.16,93.81,-0.14,2.16
2025-08-04T15:59:42Z,1.1,121.01,-0.57,0.94
2025-08-04T16:00:42Z,1.23,107.46,-0.37,1.18
2025-08-04T16:01:42Z,0.75,121.96,-0.4,0.63
2025-08-04T16:02:42Z,0.33,251.5,-0.11,-0.32
2025-08-04T16:03:42Z,0.63,99.83,-0.11,0.62
2025-08-04T16:04:42Z,0.68,306.12,0.4,-0.55
2025-08-04T16:05:42Z,0.59,83.78,0.06,0.59
2025-08-04T16:06:42Z,2.11,287.62,0.64,-2.01
2025-08-04T16:07:42Z,0.63,311.9,0.42,-0.47
2025-08-04T16:08:42Z,0.68,255.24,-0.17,-0.66
2025-08-04T16:09:42Z,2,311.32,1.32,-1.5
2025-08-04T16:10:42Z,1.74,62.19,0.81,1.54
2025-08-04T16:11:42Z,1.69,91.35,-0.04,1.69
2025-08-04T16:12:42Z,1.16,131.3,-0.76,0.87
2025-08-04T16:13:42Z,2.17,97.66,-0.29,2.15
2025-08-04T16:14:42Z,0.88,89.66,0.01,0.88
2025-08-04T16:15:42Z,0.62,333.36,0.55,-0.28
2025-08-04T16:16:42Z,0.18,260.6,-0.03,-0.17
2025-08-04T16:17:42Z,1.05,19.27,0.99,0.35
2025-08-04T16:18:42Z,0.35,294.08,0.14,-0.32
2025-08-04T16:19:42Z,0.65,259.46,-0.12,-0.64
2025-08-04T16:20:42Z,1.82,106.2,-0.51,1.75
2025-08-04T16:21:42Z,0.38,277.71,0.05,-0.38
2025-08-04T16:22:42Z,3.81,114.18,-1.56,3.48
2025-08-04T16:23:42Z,0.62,190.66,-0.61,-0.11
2025-08-04T16:24:42Z,0.11,25.01,0.1,0.05
2025-08-04T16:25:42Z,0.77,100.61,-0.14,0.75
2025-08-04T16:26:42Z,0.36,206.57,-0.32,-0.16
2025-08-04T16:27:42Z,1.58,119.24,-0.77,1.38
2025-08-04T16:28:42Z,2.42,126.59,-1.45,1.95
2025-08-04T16:29:42Z,2.76,125.36,-1.6,2.25
2025-08-04T16:30:42Z,2.87,108.61,-0.92,2.72
2025-08-04T16:31:42Z,1.41,134.95,-0.99,1
2025-08-04T16:32:42Z,1,69.85,0.35,0.94
2025-08-04T16:33:42Z,0.16,19.48,0.15,0.05
2025-08-04T16:34:42Z,0.81,97.4,-0.1,0.8
2025-08-04T16:35:42Z,0.09,188.26,-0.08,-0.01
2025-08-04T16:36:42Z,0.81,114.48,-0.34,0.74
2025-08-04T16:37:42Z,2.5,107.65,-0.76,2.38
2025-08-04T16:38:42Z,3.19,111.85,-1.19,2.96
2025-08-04T16:39:42Z,0.43,235.82,-0.24,-0.36
2025-08-04T16:40:42Z,0.16,75.69,0.04,0.16
2025-08-04T16:41:42Z,1.74,76.05,0.42,1.69
2025-08-04T16:42:42Z,3.11,79.18,0.58,3.06
2025-08-04T16:43:42Z,0.79,114.75,-0.33,0.71
2025-08-04T16:44:42Z,1.45,100.25,-0.26,1.43
2025-08-04T16:45:42Z,0.19,260.86,-0.03,-0.19
2025-08-04T16:46:42Z,0.1,18.22,0.1,0.03
2025-08-04T16:47:42Z,1.67,278.32,0.24,-1.65
2025-08-04T16:48:42Z,0.62,92.22,-0.02,0.62
2025-08-04T16:49:42Z,0.15,169.55,-0.15,0.03
2025-08-04T16:50:42Z,1.5,128.13,-0.93,1.18
2025-08-04T16:51:42Z,2.76,96.52,-0.31,2.74
2025-08-04T16:52:42Z,0.46,59.93,0.23,0.39
2025-08-04T16:53:42Z,1.47,115.42,-0.63,1.33
2025-08-04T16:54:42Z,0.96,119.85,-0.48,0.83
2025-08-04T16:55:42Z,1.61,267.73,-0.06,-1.61
2025-08-04T16:56:42Z,2.39,131.75,-1.59,1.78
2025-08-04T16:57:42Z,0.46,218.55,-0.36,-0.29
2025-08-04T16:58:42Z,0.72,215.64,-0.58,-0.42
2025-08-04T16:59:42Z,2.12,299.96,1.06,-1.83
2025-08-04T17:00:42Z,0.54,283.05,0.12,-0.52
2025-08-04T17:01:42Z,1.46,270.48,0.01,-1.46
2025-08-04T17:02:42Z,0.76,277.35,0.1,-0.75
2025-08-04T17:03:42Z,0.65,277.8,0.09,-0.64
2025-08-04T17:04:42Z,0.8,242.13,-0.37,-0.71
2025-08-04T17:05:42Z,2.72,112,-1.02,2.52
2025-08-04T17:06:42Z,0.48,107.7,-0.15,0.46
2025-08-04T17:07:42Z,0.15,289.53,0.05,-0.15
2025-08-04T17:08:42Z,0.31,19.04,0.29,0.1
2025-08-04T17:09:42Z,0.38,127.06,-0.23,0.3
2025-08-04T17:10:42Z,0.25,182.4,-0.25,-0.01
2025-08-04T17:11:42Z,1.3,123.6,-0.72,1.09
2025-08-04T17:12:42Z,0.32,252.17,-0.1,-0.31
2025-08-04T17:13:42Z,0.52,65.81,0.21,0.48
2025-08-04T17:14:42Z,1.62,106.5,-0.46,1.55
2025-08-04T17:15:42Z,0.34,293.62,0.14,-0.31
2025-08-04T17:16:42Z,0.4,78.2,0.08,0.39
2025-08-04T17:17:42Z,1.02,299.6,0.5,-0.88
2025-08-04T17:18:42Z,0.88,4.71,0.88,0.07
2025-08-04T17:19:42Z,1.12,282.26,0.24,-1.1
2025-08-04T17:20:42Z,0.42,278.13,0.06,-0.41
2025-08-04T17:21:42Z,1.04,288.9,0.34,-0.98
2025-08-04T17:22:42Z,1.03,94.57,-0.08,1.03
2025-08-04T17:23:42Z,0.44,312.06,0.3,-0.33
2025-08-04T17:24:42Z,0.67,86.91,0.04,0.67
2025-08-04T17:25:42Z,0.46,67.94,0.17,0.43
2025-08-04T17:26:42Z,0.27,152.43,-0.24,0.13
2025-08-04T17:27:42Z,0.53,243.26,-0.24,-0.47
2025-08-04T17:28:42Z,0.44,256.02,-0.11,-0.43
2025-08-04T17:29:42Z,0.61,257.65,-0.13,-0.6
2025-08-04T17:30:42Z,0.58,291.65,0.21,-0.54
2025-08-04T17:31:42Z,0.79,304.28,0.45,-0.66
2025-08-04T17:32:42Z,1.74,102.42,-0.38,1.7
2025-08-04T17:33:42Z,1.87,288.11,0.58,-1.78
2025-08-04T17:34:42Z,0.21,315.33,0.15,-0.15
2025-08-04T17:35:42Z,1.19,310.07,0.76,-0.91
2025-08-04T17:36:42Z,0.49,39.8,0.38,0.31
2025-08-04T17:37:42Z,0.27,42.61,0.2,0.18
2025-08-04T17:38:42Z,0.3,296.08,0.13,-0.27
2025-08-04T17:39:42Z,0.63,320.01,0.48,-0.4
2025-08-04T17:40:42Z,0.75,99.99,-0.13,0.74
2025-08-04T17:41:42Z,0.64,252.42,-0.19,-0.61
2025-08-04T17:42:42Z,0.56,94.86,-0.05,0.56
2025-08-04T17:43:42Z,0.94,126.1,-0.56,0.76
2025-08-04T17:44:42Z,1.36,111.74,-0.5,1.26
2025-08-04T17:45:42Z,0.24,227.91,-0.16,-0.18
2025-08-04T17:46:42Z,0.37,285.6,0.1,-0.36
2025-08-04T17:47:42Z,0.91,99.23,-0.15,0.9
2025-08-04T17:48:42Z,0.59,242.88,-0.27,-0.52
2025-08-04T17:49:42Z,0.18,56.46,0.1,0.15
2025-08-04T17:50:42Z,1.01,138.16,-0.75,0.67
2025-08-04T17:51:42Z,0.44,110.9,-0.16,0.41
2025-08-04T17:52:42Z,0.92,94.46,-0.07,0.92
2025-08-04T17:53:42Z,0.87,70.41,0.29,0.82
2025-08-04T17:54:42Z,0.53,312.86,0.36,-0.39
2025-08-04T17:55:42Z,0.04,351.91,0.04,-0.01
2025-08-04T17:56:42Z,0.37,183.59,-0.36,-0.02
2025-08-04T17:57:42Z,0.63,83.15,0.07,0.62
2025-08-04T17:58:42Z,0.76,287.88,0.23,-0.73
2025-08-04T17:59:42Z,0.37,279.9,0.06,-0.36
2025-08-04T18:00:42Z,0.17,163.77,-0.17,0.05
2025-08-04T18:01:42Z,0.67,68.36,0.25,0.62
2025-08-04T18:02:42Z,1.03,72.63,0.31,0.99
2025-08-04T18:03:42Z,1.46,79.16,0.27,1.43
2025-08-04T18:04:42Z,2.55,94.17,-0.19,2.55
2025-08-04T18:05:42Z,0.51,204.12,-0.47,-0.21
2025-08-04T18:06:42Z,0.14,294.51,0.06,-0.12
2025-08-04T18:07:42Z,0.43,131.31,-0.29,0.33
2025-08-04T18:08:42Z,0.46,173.29,-0.45,0.05
2025-08-04T18:09:42Z,0.82,270.06,0,-0.82
2025-08-04T18:10:42Z,0.83,297.51,0.38,-0.73
2025-08-04T18:11:42Z,0.47,291.77,0.17,-0.44
2025-08-04T18:12:42Z,0.54,294.83,0.23,-0.49
2025-08-04T18:13:42Z,0.28,122.92,-0.15,0.24
2025-08-04T18:14:42Z,0.86,292.98,0.34,-0.8
2025-08-04T18:15:42Z,0.63,41.35,0.47,0.42
2025-08-04T18:16:42Z,1.1,293.46,0.44,-1.01
2025-08-04T18:17:42Z,0.63,26.9,0.56,0.28
2025-08-04T18:18:42Z,1.29,296.96,0.59,-1.15
2025-08-04T18:19:42Z,0.96,269.28,-0.01,-0.96
2025-08-04T18:20:42Z,0.59,175.78,-0.59,0.04
2025-08-04T18:21:42Z,1.09,131.61,-0.72,0.82
2025-08-04T18:22:42Z,1.4,103.73,-0.33,1.36
2025-08-04T18:23:42Z,0.63,107.77,-0.19,0.6
2025-08-04T18:24:42Z,2.06,94.39,-0.16,2.06
2025-08-04T18:25:42Z,0.32,98.3,-0.05,0.31
2025-08-04T18:26:42Z,0.54,327.54,0.46,-0.29
2025-08-04T18:27:42Z,0.81,266.16,-0.05,-0.81
2025-08-04T18:28:42Z,0.81,287.29,0.24,-0.77
2025-08-04T18:29:42Z,1.1,74.87,0.29,1.06
2025-08-04T18:30:42Z,0.96,358.66,0.96,-0.02
2025-08-04T18:31:42Z,0.37,330.06,0.32,-0.18
2025-08-04T18:32:42Z,0.56,157.18,-0.51,0.22
2025-08-04T18:33:42Z,1.28,112.01,-0.48,1.19
2025-08-04T18:34:42Z,0.56,93.98,-0.04,0.55
2025-08-04T18:35:42Z,0.34,227.53,-0.23,-0.25
2025-08-04T18:36:42Z,0.57,276.49,0.06,-0.56
2025-08-04T18:37:42Z,0.56,307.64,0.34,-0.44
2025-08-04T18:38:42Z,0.64,317.62,0.47,-0.43
2025-08-04T18:39:42Z,1.26,292.82,0.49,-1.16
2025-08-04T18:40:42Z,0.27,6.36,0.27,0.03
2025-08-04T18:41:42Z,0.28,305.84,0.17,-0.23
2025-08-04T18:42:42Z,0.27,293.13,0.11,-0.25
2025-08-04T18:43:42Z,0.92,282.23,0.2,-0.9
2025-08-04T18:44:42Z,0.44,84.45,0.04,0.44
2025-08-04T18:45:42Z,0.87,98.77,-0.13,0.86
2025-08-04T18:46:42Z,0.82,128.46,-0.51,0.64
2025-08-04T18:47:42Z,0.44,188.96,-0.43,-0.07
2025-08-04T18:48:42Z,0.24,223.27,-0.18,-0.17
2025-08-04T18:49:42Z,0.65,140.37,-0.5,0.42
2025-08-04T18:50:42Z,0.72,275.9,0.07,-0.72
2025-08-04T18:51:42Z,0.6,313.81,0.41,-0.43
2025-08-04T18:52:42Z,1.52,288.71,0.49,-1.44
2025-08-04T18:53:42Z,0.25,11.83,0.25,0.05
2025-08-04T18:54:42Z,1.55,289.63,0.52,-1.46
2025-08-04T18:55:42Z,0.48,263.82,-0.05,-0.48
2025-08-04T18:56:42Z,0.54,306.5,0.32,-0.43
2025-08-04T18:57:42Z,0.31,22.35,0.29,0.12
2025-08-04T18:58:42Z,0.44,272.19,0.02,-0.44
2025-08-04T18:59:42Z,0.19,74.18,0.05,0.18
2025-08-04T19:00:42Z,1.38,132.23,-0.93,1.02
2025-08-04T19:01:42Z,0.71,110.74,-0.25,0.66
2025-08-04T19:02:42Z,0.8,116.85,-0.36,0.71
2025-08-04T19:03:42Z,1.63,93.62,-0.1,1.62
2025-08-04T19:04:42Z,0.13,290.57,0.05,-0.12
2025-08-04T19:05:42Z,0.26,209.34,-0.23,-0.13
2025-08-04T19:06:42Z,1.23,291.57,0.45,-1.14
2025-08-04T19:07:42Z,0.59,285.39,0.16,-0.56
2025-08-04T19:08:42Z,0.42,99.01,-0.07,0.41
2025-08-04T19:09:42Z,0.28,60.73,0.14,0.24
2025-08-04T19:10:42Z,0.59,0.3,0.59,0
2025-08-04T19:11:42Z,0.46,68.03,0.17,0.43
2025-08-04T19:12:42Z,0.79,301.64,0.41,-0.67
2025-08-04T19:13:42Z,0.48,71.84,0.15,0.46
2025-08-04T19:14:42Z,0.2,230.33,-0.13,-0.15
2025-08-04T19:15:42Z,1.82,65.97,0.74,1.66
2025-08-04T19:16:42Z,0.47,129.68,-0.3,0.36
2025-08-04T19:17:42Z,1.73,92.75,-0.08,1.73
2025-08-04T19:18:42Z,0.72,90.49,-0.01,0.72
2025-08-04T19:19:42Z,0.35,81.42,0.05,0.35
2025-08-04T19:20:42Z,0.53,284.08,0.13,-0.52
2025-08-04T19:21:42Z,0.3,276.41,0.03,-0.3
2025-08-04T19:22:42Z,0.48,271.92,0.02,-0.48
2025-08-04T19:23:42Z,0.82,92.56,-0.04,0.82
2025-08-04T19:24:42Z,0.36,112.12,-0.13,0.33
2025-08-04T19:25:42Z,0.15,219.68,-0.12,-0.1
2025-08-04T19:26:42Z,1.25,108.08,-0.39,1.19
2025-08-04T19:27:42Z,0.73,322.4,0.58,-0.45
2025-08-04T19:28:42Z,0.53,294.26,0.22,-0.49
2025-08-04T19:29:42Z,0.72,274.41,0.06,-0.72
2025-08-04T19:30:42Z,0.2,160.61,-0.19,0.07
2025-08-04T19:31:42Z,0.79,141.09,-0.62,0.5
2025-08-04T19:32:42Z,1.43,107.07,-0.42,1.36
2025-08-04T19:33:42Z,2.02,104.03,-0.49,1.96
2025-08-04T19:34:42Z,0.37,134.3,-0.26,0.27
2025-08-04T19:35:42Z,0.33,77.25,0.07,0.32
2025-08-04T19:36:42Z,0.4,8.35,0.39,0.06
2025-08-04T19:37:42Z,0.17,8.59,0.17,0.03
2025-08-04T19:38:42Z,0.09,118.07,-0.04,0.08
2025-08-04T19:39:42Z,1.09,288.49,0.34,-1.03
2025-08-04T19:40:42Z,0.93,301.11,0.48,-0.8
2025-08-04T19:41:42Z,0.67,294.17,0.27,-0.61
2025-08-04T19:42:42Z,0.15,330.92,0.13,-0.07
2025-08-04T19:43:42Z,0.19,196.87,-0.19,-0.06
2025-08-04T19:44:42Z,1.14,100.51,-0.21,1.12
2025-08-04T19:45:42Z,0.82,7.9,0.81,0.11
2025-08-04T19:46:42Z,0.82,283.01,0.18,-0.8
2025-08-04T19:47:42Z,0.48,69.67,0.17,0.45
2025-08-04T19:48:42Z,0.17,243.6,-0.08,-0.15
2025-08-04T19:49:42Z,0.28,325.63,0.23,-0.16
2025-08-04T19:50:42Z,0.49,182.48,-0.49,-0.02
2025-08-04T19:51:42Z,0.32,183.68,-0.32,-0.02
2025-08-04T19:52:42Z,1.27,113.63,-0.51,1.16
2025-08-04T19:53:42Z,0.93,95.73,-0.09,0.93
2025-08-04T19:54:42Z,0.68,99.67,-0.11,0.67
2025-08-04T19:55:42Z,0.81,140.12,-0.62,0.52
2025-08-04T19:56:42Z,0.41,163.19,-0.39,0.12
2025-08-04T19:57:42Z,1.09,110.14,-0.37,1.02
2025-08-04T19:58:42Z,1.14,132.88,-0.78,0.84
2025-08-04T19:59:42Z,0.01,64.28,0.01,0.01
2025-08-04T20:00:42Z,0.33,213.44,-0.27,-0.18
2025-08-04T20:01:42Z,0.12,295.29,0.05,-0.11
2025-08-04T20:02:42Z,0.22,132.39,-0.15,0.16
2025-08-04T20:03:42Z,0.66,304.48,0.37,-0.54
2025-08-04T20:04:42Z,0.13,356.35,0.13,-0.01
2025-08-04T20:05:42Z,0.48,62.17,0.22,0.42
2025-08-04T20:06:42Z,0.39,111.45,-0.14,0.36
2025-08-04T20:07:42Z,0.26,234.06,-0.16,-0.21
2025-08-04T20:08:42Z,1.03,282.8,0.23,-1
2025-08-04T20:09:42Z,0.37,294.93,0.16,-0.34
2025-08-04T20:10:42Z,0.29,262.51,-0.04,-0.29
2025-08-04T20:11:42Z,0.91,107.42,-0.27,0.87
2025-08-04T20:12:42Z,1.58,82.25,0.21,1.57
2025-08-04T20:13:42Z,1,54.79,0.58,0.82
2025-08-04T20:14:42Z,0.21,359.82,0.21,-0
2025-08-04T20:15:42Z,0.16,137.44,-0.11,0.11
2025-08-04T20:16:42Z,0.19,336.61,0.18,-0.08
2025-08-04T20:17:42Z,0.36,196.25,-0.34,-0.1
2025-08-04T20:18:42Z,0.5,204.55,-0.45,-0.21
2025-08-04T20:19:42Z,0.34,38.97,0.26,0.21
2025-08-04T20:20:42Z,0.37,94.47,-0.03,0.36
2025-08-04T20:21:42Z,0.83,314.69,0.59,-0.59
2025-08-04T20:22:42Z,0.38,116.38,-0.17,0.34
2025-08-04T20:23:42Z,0.32,15.13,0.31,0.08
2025-08-04T20:24:42Z,0.23,268.63,-0.01,-0.23
2025-08-04T20:25:42Z,0.29,345.61,0.28,-0.07
2025-08-04T20:26:42Z,0.62,309.07,0.39,-0.48
2025-08-04T20:27:42Z,0.67,315.9,0.48,-0.47
2025-08-04T20:28:42Z,0.7,283.19,0.16,-0.68
2025-08-04T20:29:42Z,1.33,290.67,0.47,-1.24
2025-08-04T20:30:42Z,1.36,275.75,0.14,-1.35
2025-08-04T20:31:42Z,0.63,291.71,0.23,-0.58
2025-08-04T20:32:42Z,0.37,246.01,-0.15,-0.34
2025-08-04T20:33:42Z,1.33,100.08,-0.23,1.31
2025-08-04T20:34:42Z,1.67,124.59,-0.95,1.38
2025-08-04T20:35:42Z,1.21,141.49,-0.95,0.75
2025-08-04T20:36:42Z,0.56,149.94,-0.49,0.28
2025-08-04T20:37:42Z,0.45,88.16,0.01,0.45
2025-08-04T20:38:42Z,0.27,36.05,0.22,0.16
2025-08-04T20:39:42Z,0.53,104.91,-0.14,0.52
2025-08-04T20:40:42Z,0.72,80.16,0.12,0.71
2025-08-04T20:41:42Z,0.18,123.72,-0.1,0.15
2025-08-04T20:42:42Z,0.51,117.94,-0.24,0.45
2025-08-04T20:43:42Z,1.18,102.01,-0.25,1.16
2025-08-04T20:44:42Z,0.18,334.07,0.16,-0.08
2025-08-04T20:45:42Z,0.51,107.45,-0.15,0.48
2025-08-04T20:46:42Z,1.08,94.88,-0.09,1.08
2025-08-04T20:47:42Z,0.29,131.5,-0.19,0.22
2025-08-04T20:48:42Z,1.3,125.42,-0.75,1.06
2025-08-04T20:49:42Z,0.58,132.57,-0.39,0.43
2025-08-04T20:50:42Z,2.61,88.44,0.07,2.6
2025-08-04T20:51:42Z,1.74,100.74,-0.32,1.71
2025-08-04T20:52:42Z,1.26,93.22,-0.07,1.26
2025-08-04T20:53:42Z,1.29,91.57,-0.04,1.29
2025-08-04T20:54:42Z,0.32,53.1,0.19,0.26
2025-08-04T20:55:42Z,0.21,73.81,0.06,0.2
2025-08-04T20:56:42Z,0.41,109.45,-0.14,0.39
2025-08-04T20:57:42Z,0.31,85.86,0.02,0.31
2025-08-04T20:58:42Z,0.84,83.68,0.09,0.83
2025-08-04T20:59:42Z,0.56,98.12,-0.08,0.55
2025-08-04T21:00:42Z,0.47,229.61,-0.31,-0.36
2025-08-04T21:01:42Z,0.55,288.67,0.18,-0.52
2025-08-04T21:02:42Z,0.34,106.95,-0.1,0.32
2025-08-04T21:03:42Z,0.44,88.51,0.01,0.44
2025-08-04T21:04:42Z,0.18,98.75,-0.03,0.18
2025-08-04T21:05:42Z,1.69,82.27,0.23,1.67
2025-08-04T21:06:42Z,0.9,34.21,0.74,0.5
2025-08-04T21:07:42Z,0.59,91.17,-0.01,0.59
2025-08-04T21:08:42Z,0.77,285.72,0.21,-0.74
2025-08-04T21:09:42Z,1.11,270.04,0,-1.11
2025-08-04T21:10:42Z,1.07,296.7,0.48,-0.95
2025-08-04T21:11:42Z,0.63,61.65,0.3,0.56
2025-08-04T21:12:42Z,1.22,116.99,-0.55,1.09
2025-08-04T21:13:42Z,1.4,131.37,-0.92,1.05
2025-08-04T21:14:42Z,1.32,91.58,-0.04,1.32
2025-08-04T21:15:42Z,1.07,101.53,-0.21,1.05
2025-08-04T21:16:42Z,0.8,131.62,-0.53,0.59
2025-08-04T21:17:42Z,0.84,317.92,0.62,-0.56
2025-08-04T21:18:42Z,0.72,86.22,0.05,0.72
2025-08-04T21:19:42Z,0.56,40.42,0.43,0.37
2025-08-04T21:20:42Z,0.99,82.34,0.13,0.98
2025-08-04T21:21:42Z,0.44,0.93,0.44,0.01
2025-08-04T21:22:42Z,1.93,82.86,0.24,1.91
2025-08-04T21:23:42Z,0.21,77.28,0.05,0.2
2025-08-04T21:24:42Z,0.72,73.41,0.2,0.69
2025-08-04T21:25:42Z,1.14,108.87,-0.37,1.08
2025-08-04T21:26:42Z,0.92,128.41,-0.57,0.72
2025-08-04T21:27:42Z,0.12,254.14,-0.03,-0.12
2025-08-04T21:28:42Z,0.77,81.21,0.12,0.76
2025-08-04T21:29:42Z,0.53,333.1,0.47,-0.24
2025-08-04T21:30:42Z,0.86,124.64,-0.49,0.71
2025-08-04T21:31:42Z,1.71,106.36,-0.48,1.64
2025-08-04T21:32:42Z,0.35,125.55,-0.21,0.29
2025-08-04T21:33:42Z,1.75,93.44,-0.11,1.75
2025-08-04T21:34:42Z,0.59,58.1,0.31,0.5
2025-08-04T21:35:42Z,0.76,233.2,-0.45,-0.6
2025-08-04T21:36:42Z,0.37,233.63,-0.22,-0.3
2025-08-04T21:37:42Z,1.33,150.25,-1.16,0.66
2025-08-04T21:38:42Z,1.83,119.88,-0.91,1.59
2025-08-04T21:39:42Z,1.75,127.79,-1.08,1.39
2025-08-04T21:40:42Z,0.86,98.32,-0.13,0.86
2025-08-04T21:41:42Z,0.28,142,-0.22,0.17
2025-08-04T21:42:42Z,1.71,122.01,-0.91,1.45
2025-08-04T21:43:42Z,0.09,289.75,0.03,-0.08
2025-08-04T21:44:42Z,1.51,98.61,-0.23,1.49
2025-08-04T21:45:42Z,0.86,112.67,-0.33,0.79
2025-08-04T21:46:42Z,2.37,104.6,-0.6,2.3
2025-08-04T21:47:42Z,2.38,103.45,-0.55,2.31
2025-08-04T21:48:42Z,2.63,112.55,-1.01,2.43
2025-08-04T21:49:42Z,2.3,100.02,-0.4,2.27
2025-08-04T21:50:42Z,0.91,99.17,-0.15,0.9
2025-08-04T21:51:42Z,1.4,89.41,0.01,1.4
2025-08-04T21:52:42Z,1.4,130.47,-0.91,1.07
2025-08-04T21:53:42Z,1.79,130.42,-1.16,1.36
2025-08-04T21:54:42Z,1.23,108.36,-0.39,1.16
2025-08-04T21:55:42Z,2.16,105.91,-0.59,2.08
2025-08-04T21:56:42Z,2.39,106.26,-0.67,2.3
2025-08-04T21:57:42Z,1.32,95.71,-0.13,1.32
2025-08-04T21:58:42Z,1.05,79.67,0.19,1.03
2025-08-04T21:59:42Z,1.78,111.7,-0.66,1.65
2025-08-04T22:00:42Z,1.45,93.22,-0.08,1.45
2025-08-04T22:01:42Z,0.8,130.83,-0.53,0.61
2025-08-04T22:02:42Z,1.52,92.91,-0.08,1.52
2025-08-04T22:03:42Z,0.68,103.66,-0.16,0.66
2025-08-04T22:04:42Z,0.89,135.49,-0.63,0.62
2025-08-04T22:05:42Z,1.3,98.14,-0.18,1.29
2025-08-04T22:06:42Z,0.56,80.87,0.09,0.56
2025-08-04T22:07:42Z,1.23,65.47,0.51,1.12
2025-08-04T22:08:42Z,0.53,84.99,0.05,0.53
2025-08-04T22:09:42Z,0.45,106.14,-0.12,0.43
2025-08-04T22:10:42Z,1.07,104.97,-0.28,1.03
2025-08-04T22:11:42Z,0.45,101.8,-0.09,0.44
2025-08-04T22:12:42Z,1.53,102.64,-0.33,1.49
2025-08-04T22:13:42Z,0.46,354.62,0.46,-0.04
2025-08-04T22:14:42Z,0.93,50.93,0.58,0.72
2025-08-04T22:15:42Z,0.89,50.4,0.57,0.69
2025-08-04T22:16:42Z,0.27,272.45,0.01,-0.27
2025-08-04T22:17:42Z,0.69,183.13,-0.69,-0.04
2025-08-04T22:18:42Z,0.47,92.26,-0.02,0.47
2025-08-04T22:19:42Z,1.61,99.73,-0.27,1.58
2025-08-04T22:20:42Z,1.29,268.2,-0.04,-1.29
2025-08-04T22:21:42Z,1.29,298.11,0.61,-1.14
2025-08-04T22:22:42Z,1.25,267.09,-0.06,-1.25
2025-08-04T22:23:42Z,1.41,100.05,-0.25,1.39
2025-08-04T22:24:42Z,0.44,275.35,0.04,-0.44
2025-08-04T22:25:42Z,0.7,124.27,-0.39,0.57
2025-08-04T22:26:42Z,0.28,14.1,0.27,0.07
2025-08-04T22:27:42Z,0.12,123.69,-0.07,0.1
2025-08-04T22:28:42Z,0.32,186.01,-0.32,-0.03
2025-08-04T22:29:42Z,1.57,274.7,0.13,-1.56
2025-08-04T22:30:42Z,0.53,329.07,0.45,-0.27
2025-08-04T22:31:42Z,0.56,163.08,-0.53,0.16
2025-08-04T22:32:42Z,0.2,49.78,0.13,0.15
2025-08-04T22:33:42Z,0.21,186.21,-0.21,-0.02
2025-08-04T22:34:42Z,0.12,89.78,0,0.12
2025-08-04T22:35:42Z,0.55,134.38,-0.39,0.39
2025-08-04T22:36:42Z,1.31,54.16,0.77,1.06
2025-08-04T22:37:42Z,0.55,18.11,0.52,0.17
2025-08-04T22:38:42Z,1.76,64.87,0.75,1.6
2025-08-04T22:39:42Z,0.67,151.49,-0.59,0.32
2025-08-04T22:40:42Z,0.44,300.67,0.22,-0.38
2025-08-04T22:41:42Z,0.2,6.73,0.2,0.02
2025-08-04T22:42:42Z,0.96,84.88,0.09,0.96
2025-08-04T22:43:42Z,1.1,112.1,-0.41,1.02
2025-08-04T22:44:42Z,1.07,98.46,-0.16,1.06
2025-08-04T22:45:42Z,1.33,98.9,-0.21,1.31
2025-08-04T22:46:42Z,0.42,101.88,-0.09,0.41
2025-08-04T22:47:42Z,0.28,48.1,0.18,0.2
2025-08-04T22:48:42Z,2.42,115.76,-1.05,2.18
2025-08-04T22:49:42Z,0.29,286.34,0.08,-0.28
2025-08-04T22:50:42Z,1.47,116.53,-0.66,1.32
2025-08-04T22:51:42Z,1.41,125.98,-0.83,1.14
2025-08-04T22:52:42Z,0.44,99.47,-0.07,0.43
2025-08-04T22:53:42Z,2.66,96.53,-0.3,2.64
2025-08-04T22:54:42Z,2.41,103.46,-0.56,2.35
2025-08-04T22:55:42Z,0.94,105.25,-0.25,0.9
2025-08-04T22:56:42Z,0.47,222.45,-0.35,-0.32
2025-08-04T22:57:42Z,0.42,282.03,0.09,-0.41
2025-08-04T22:58:42Z,0.42,8.6,0.41,0.06
2025-08-04T22:59:42Z,0.57,350.93,0.56,-0.09
2025-08-04T23:00:42Z,0.48,79.49,0.09,0.47
2025-08-04T23:01:42Z,0.96,123.44,-0.53,0.8
2025-08-04T23:02:42Z,0.17,104.95,-0.04,0.16
2025-08-04T23:03:42Z,0.22,165.06,-0.22,0.06
2025-08-04T23:04:42Z,0.51,295.65,0.22,-0.46
2025-08-04T23:05:42Z,0.81,304.56,0.46,-0.67
2025-08-04T23:06:42Z,0.64,120.7,-0.32,0.55
2025-08-04T23:07:42Z,0.41,84.35,0.04,0.41
2025-08-04T23:08:42Z,0.66,243.77,-0.29,-0.59
2025-08-04T23:09:42Z,2.15,303.98,1.2,-1.78
2025-08-04T23:10:42Z,2.06,270.05,0,-2.06
2025-08-04T23:11:42Z,2.82,280.65,0.52,-2.77
2025-08-04T23:12:42Z,2.97,267.97,-0.11,-2.96
2025-08-04T23:13:42Z,3.45,266.77,-0.19,-3.44
2025-08-04T23:14:42Z,3.31,270.52,0.03,-3.31
2025-08-04T23:15:42Z,2.99,260.52,-0.49,-2.95
2025-08-04T23:16:42Z,2.68,261.47,-0.4,-2.65
2025-08-04T23:17:42Z,2.96,267.54,-0.13,-2.96
2025-08-04T23:18:42Z,3.6,254.77,-0.95,-3.47
2025-08-04T23:19:42Z,2.81,266.24,-0.18,-2.81
2025-08-04T23:20:42Z,0.83,293.89,0.34,-0.76
2025-08-04T23:21:42Z,1.67,106.67,-0.48,1.6
2025-08-04T23:22:42Z,1.92,132.83,-1.31,1.41
2025-08-04T23:23:42Z,0.6,160.44,-0.56,0.2
2025-08-04T23:24:42Z,2.15,136.81,-1.57,1.47
2025-08-04T23:25:42Z,0.7,299.72,0.35,-0.61
2025-08-04T23:26:42Z,0.19,261.55,-0.03,-0.18
2025-08-04T23:27:42Z,0.59,264.63,-0.05,-0.58
2025-08-04T23:28:42Z,0.57,72.91,0.17,0.54
2025-08-04T23:29:42Z,0.63,191.8,-0.62,-0.13
2025-08-04T23:30:42Z,0.62,6.39,0.62,0.07
2025-08-04T23:31:42Z,0.83,53.45,0.49,0.67
2025-08-04T23:32:42Z,0.43,337.52,0.39,-0.16
2025-08-04T23:33:42Z,1.74,132.89,-1.18,1.27
2025-08-04T23:34:42Z,2.5,117.77,-1.16,2.21
2025-08-04T23:35:42Z,0.33,148.61,-0.28,0.17
2025-08-04T23:36:42Z,0.44,294.53,0.18,-0.4
2025-08-04T23:37:42Z,2.01,294.54,0.84,-1.83
2025-08-04T23:38:42Z,1.34,296.73,0.6,-1.2
2025-08-04T23:39:42Z,1.27,94.84,-0.11,1.27
2025-08-04T23:40:42Z,0.26,95.37,-0.02,0.26
2025-08-04T23:41:42Z,0.89,205.45,-0.8,-0.38
2025-08-04T23:42:42Z,1.09,276.49,0.12,-1.08
2025-08-04T23:43:42Z,1.68,282.23,0.35,-1.64
2025-08-04T23:44:42Z,1.59,335.54,1.45,-0.66
2025-08-04T23:45:42Z,1.14,10.02,1.13,0.2
2025-08-04T23:46:42Z,1.17,100.35,-0.21,1.15
2025-08-04T23:47:42Z,0.91,242.64,-0.42,-0.8
2025-08-04T23:48:42Z,0.4,170.1,-0.4,0.07
2025-08-04T23:49:42Z,0.92,298.7,0.44,-0.81
2025-08-04T23:50:42Z,0.7,37.77,0.55,0.43
2025-08-04T23:51:42Z,0.81,64.4,0.35,0.73
2025-08-04T23:52:42Z,0.93,106.33,-0.26,0.89
2025-08-04T23:53:42Z,1.12,108.71,-0.36,1.06
2025-08-04T23:54:42Z,1,90.19,-0,1
2025-08-04T23:55:42Z,0.32,308,0.2,-0.25
2025-08-04T23:56:42Z,0.08,313.78,0.05,-0.06
2025-08-04T23:57:42Z,0.17,351.36,0.16,-0.02
2025-08-04T23:58:42Z,0.17,311.14,0.11,-0.13
2025-08-04T23:59:42Z,0.75,28.91,0.65,0.36
2025-08-05T00:00:42Z,1.2,76.78,0.27,1.17
2025-08-05T00:01:42Z,2.6,86.11,0.18,2.59
2025-08-05T00:02:42Z,1.52,100.79,-0.28,1.49
2025-08-05T00:03:42Z,2.17,90.3,-0.01,2.17
2025-08-05T00:04:42Z,0.54,23.91,0.5,0.22
2025-08-05T00:05:42Z,0.45,133.93,-0.31,0.32
2025-08-05T00:06:42Z,1.04,160.71,-0.98,0.34
2025-08-05T00:07:42Z,0.11,238.13,-0.06,-0.09
2025-08-05T00:08:42Z,0.48,138.09,-0.36,0.32
2025-08-05T00:09:42Z,0.38,251.32,-0.12,-0.36
2025-08-05T00:10:42Z,0.4,281.22,0.08,-0.39
2025-08-05T00:11:42Z,0.18,256.61,-0.04,-0.18
2025-08-05T00:12:42Z,0.55,277.92,0.08,-0.54
2025-08-05T00:13:42Z,0.84,112.34,-0.32,0.78
2025-08-05T00:14:42Z,0.74,77.33,0.16,0.72
2025-08-05T00:15:42Z,0.34,358.91,0.34,-0.01
2025-08-05T00:16:42Z,0.68,87.39,0.03,0.68
2025-08-05T00:17:42Z,0.91,99.01,-0.14,0.89
2025-08-05T00:18:42Z,0.45,84.05,0.05,0.45
2025-08-05T00:19:42Z,0.61,78.59,0.12,0.6
2025-08-05T00:20:42Z,0.37,101.16,-0.07,0.36
2025-08-05T00:21:42Z,0.41,144.53,-0.33,0.24
2025-08-05T00:22:42Z,0.55,120.55,-0.28,0.48
2025-08-05T00:23:42Z,0.34,73.94,0.09,0.32
2025-08-05T00:24:42Z,1.96,102.22,-0.41,1.91
2025-08-05T00:25:42Z,0.58,269.36,-0.01,-0.58
2025-08-05T00:26:42Z,0.99,273.81,0.07,-0.99
2025-08-05T00:27:42Z,0.95,87.15,0.05,0.95
2025-08-05T00:28:42Z,0.67,76.7,0.15,0.65
2025-08-05T00:29:42Z,0.53,293.28,0.21,-0.49
2025-08-05T00:30:42Z,0.55,272.8,0.03,-0.55
2025-08-05T00:31:42Z,0.29,320.24,0.22,-0.18
2025-08-05T00:32:42Z,0.18,308.38,0.11,-0.14
2025-08-05T00:33:42Z,0.83,272.14,0.03,-0.83
2025-08-05T00:34:42Z,0.32,74.15,0.09,0.3
2025-08-05T00:35:42Z,0.29,59.59,0.14,0.25
2025-08-05T00:36:42Z,0.39,197.24,-0.37,-0.12
2025-08-05T00:37:42Z,0.83,184.09,-0.83,-0.06
2025-08-05T00:38:42Z,0.59,67.91,0.22,0.54
2025-08-05T00:39:42Z,0.42,175.88,-0.42,0.03
2025-08-05T00:40:42Z,0.31,127.22,-0.19,0.24
2025-08-05T00:41:42Z,0.75,27.12,0.67,0.34
2025-08-05T00:42:42Z,1.43,110.68,-0.51,1.34
2025-08-05T00:43:42Z,0.36,78.18,0.07,0.35
2025-08-05T00:44:42Z,0.87,107.48,-0.26,0.83
2025-08-05T00:45:42Z,0.71,89.02,0.01,0.71
2025-08-05T00:46:42Z,1.37,110.34,-0.48,1.29
2025-08-05T00:47:42Z,0.25,308.47,0.16,-0.2
2025-08-05T00:48:42Z,0.24,169.83,-0.24,0.04
2025-08-05T00:49:42Z,0.45,40.8,0.34,0.29
2025-08-05T00:50:42Z,0.65,116.55,-0.29,0.58
2025-08-05T00:51:42Z,0.3,251.39,-0.1,-0.29
2025-08-05T00:52:42Z,0.31,182.29,-0.31,-0.01
2025-08-05T00:53:42Z,0.61,41.93,0.46,0.41
2025-08-05T00:54:42Z,0.23,49.94,0.15,0.18
2025-08-05T00:55:42Z,0.19,304.55,0.11,-0.15
2025-08-05T00:56:42Z,0.45,145.29,-0.37,0.26
2025-08-05T00:57:42Z,0.38,271.21,0.01,-0.38
2025-08-05T00:58:42Z,0.43,288.45,0.14,-0.4
2025-08-05T00:59:42Z,0.84,293.28,0.33,-0.77
2025-08-05T01:00:42Z,0.88,291.47,0.32,-0.82
2025-08-05T01:01:42Z,1.43,302.2,0.76,-1.21
2025-08-05T01:02:42Z,0.58,270.5,0.01,-0.58
2025-08-05T01:03:42Z,0.34,285.12,0.09,-0.33
2025-08-05T01:04:42Z,0.06,357.47,0.06,-0
2025-08-05T01:05:42Z,1.17,299.08,0.57,-1.03
2025-08-05T01:06:42Z,0.29,307.66,0.18,-0.23
2025-08-05T01:07:42Z,0.63,292.19,0.24,-0.58
2025-08-05T01:08:42Z,0.38,314.47,0.27,-0.27
2025-08-05T01:09:42Z,0.64,261.86,-0.09,-0.64
2025-08-05T01:10:42Z,0.46,254.8,-0.12,-0.44
2025-08-05T01:11:42Z,0.82,104.78,-0.21,0.79
2025-08-05T01:12:42Z,0.9,318.4,0.68,-0.6
2025-08-05T01:13:42Z,0.78,347.17,0.76,-0.17
2025-08-05T01:14:42Z,0.22,343.56,0.22,-0.06
2025-08-05T01:15:42Z,0.21,94.68,-0.02,0.21
2025-08-05T01:16:42Z,0.24,25.96,0.21,0.1
2025-08-05T01:17:42Z,0.53,96.1,-0.06,0.53
2025-08-05T01:18:42Z,0.34,326.32,0.28,-0.19
2025-08-05T01:19:42Z,0.2,222.46,-0.15,-0.14
2025-08-05T01:20:42Z,1.27,270.66,0.01,-1.27
2025-08-05T01:21:42Z,0.62,255.91,-0.15,-0.6
2025-08-05T01:22:42Z,0.74,307.64,0.45,-0.59
2025-08-05T01:23:42Z,0.92,305.79,0.54,-0.75
2025-08-05T01:24:42Z,1.14,308.59,0.71,-0.89
2025-08-05T01:25:42Z,1.64,294.67,0.69,-1.49
2025-08-05T01:26:42Z,1.71,288.08,0.53,-1.63
2025-08-05T01:27:42Z,1.35,303.32,0.74,-1.13
2025-08-05T01:28:42Z,0.59,273.61,0.04,-0.59
2025-08-05T01:29:42Z,0.39,282.76,0.09,-0.38
2025-08-05T01:30:42Z,1.21,110.41,-0.42,1.13
2025-08-05T01:31:42Z,1.16,295.56,0.5,-1.04
2025-08-05T01:32:42Z,1.25,306.55,0.74,-1
2025-08-05T01:33:42Z,0.61,272.06,0.02,-0.61
2025-08-05T01:34:42Z,1.11,117.91,-0.52,0.98
2025-08-05T01:35:42Z,0.85,156.66,-0.78,0.34
2025-08-05T01:36:42Z,0.87,120.98,-0.45,0.75
2025-08-05T01:37:42Z,1.35,126.69,-0.81,1.08
2025-08-05T01:38:42Z,2.24,112.31,-0.85,2.07
2025-08-05T01:39:42Z,0.91,287.06,0.27,-0.87
2025-08-05T01:40:42Z,0.42,266.11,-0.03,-0.42
2025-08-05T01:41:42Z,0.54,292.38,0.21,-0.5
2025-08-05T01:42:42Z,0.94,273.02,0.05,-0.94
2025-08-05T01:43:42Z,1.09,262.95,-0.13,-1.08
2025-08-05T01:44:42Z,0.81,248.94,-0.29,-0.76
2025-08-05T01:45:42Z,1.5,259.98,-0.26,-1.48
2025-08-05T01:46:42Z,1,278.33,0.15,-0.99
2025-08-05T01:47:42Z,1.11,300.25,0.56,-0.96
2025-08-05T01:48:42Z,2.32,298.82,1.12,-2.03
2025-08-05T01:49:42Z,2.22,285.78,0.6,-2.14
2025-08-05T01:50:42Z,1.92,300.35,0.97,-1.65
2025-08-05T01:51:42Z,2.04,288.95,0.66,-1.93
2025-08-05T01:52:42Z,0.73,269.39,-0.01,-0.73
2025-08-05T01:53:42Z,1.57,274.13,0.11,-1.57
2025-08-05T01:54:42Z,0.22,247.1,-0.08,-0.2
2025-08-05T01:55:42Z,0.84,297.37,0.39,-0.75
2025-08-05T01:56:42Z,1.2,288.47,0.38,-1.14
2025-08-05T01:57:42Z,0.55,120.33,-0.28,0.47
2025-08-05T01:58:42Z,1.62,293.1,0.64,-1.49
2025-08-05T01:59:42Z,0.9,265.25,-0.07,-0.89
2025-08-05T02:00:42Z,0.25,288.9,0.08,-0.24
2025-08-05T02:01:42Z,1.44,279.02,0.23,-1.42
2025-08-05T02:02:42Z,0.61,295.32,0.26,-0.55
2025-08-05T02:03:42Z,1.33,282.3,0.28,-1.3
2025-08-05T02:04:42Z,0.67,293.67,0.27,-0.61
2025-08-05T02:05:42Z,0.91,297.81,0.42,-0.8
2025-08-05T02:06:42Z,1.31,312.21,0.88,-0.97
2025-08-05T02:07:42Z,1.13,299.83,0.56,-0.98
2025-08-05T02:08:42Z,1.97,292.68,0.76,-1.82
2025-08-05T02:09:42Z,0.86,90.81,-0.01,0.86
2025-08-05T02:10:42Z,1.39,300.93,0.72,-1.2
2025-08-05T02:11:42Z,0.73,86.64,0.04,0.73
2025-08-05T02:12:42Z,0.85,102.59,-0.18,0.83
2025-08-05T02:13:42Z,0.94,127.8,-0.58,0.74
2025-08-05T02:14:42Z,1.78,116.27,-0.79,1.6
2025-08-05T02:15:42Z,0.68,261.88,-0.1,-0.67
2025-08-05T02:16:42Z,0.82,76,0.2,0.79
2025-08-05T02:17:42Z,0.47,24.01,0.43,0.19
2025-08-05T02:18:42Z,0.94,75.33,0.24,0.91
2025-08-05T02:19:42Z,0.56,124.82,-0.32,0.46
2025-08-05T02:20:42Z,1.08,124.38,-0.61,0.89
2025-08-05T02:21:42Z,2.28,112.29,-0.87,2.11
2025-08-05T02:22:42Z,1.83,107.47,-0.55,1.74
2025-08-05T02:23:42Z,2.14,105.34,-0.57,2.07
2025-08-05T02:24:42Z,0.28,72.91,0.08,0.27
2025-08-05T02:25:42Z,0.34,305.47,0.2,-0.27
2025-08-05T02:26:42Z,0.39,327.34,0.33,-0.21
2025-08-05T02:27:42Z,0.57,108.88,-0.18,0.54
2025-08-05T02:28:42Z,0.4,340.65,0.37,-0.13
2025-08-05T02:29:42Z,0.38,119.42,-0.19,0.33
2025-08-05T02:30:42Z,0.91,60.68,0.45,0.8
2025-08-05T02:31:42Z,1.49,104.94,-0.38,1.44
2025-08-05T02:32:42Z,0.79,106.72,-0.23,0.76
2025-08-05T02:33:42Z,1.01,118.66,-0.48,0.89
2025-08-05T02:34:42Z,0.67,91.09,-0.01,0.67
2025-08-05T02:35:42Z,0.19,352.13,0.18,-0.03
2025-08-05T02:36:42Z,0.55,342.88,0.53,-0.16
2025-08-05T02:37:42Z,0.15,100.21,-0.03,0.14
2025-08-05T02:38:42Z,0.59,107.9,-0.18,0.56
2025-08-05T02:39:42Z,0.2,192.3,-0.2,-0.04
2025-08-05T02:40:42Z,0.29,40.71,0.22,0.19
2025-08-05T02:41:42Z,0.85,338.83,0.8,-0.31
2025-08-05T02:42:42Z,0.51,320.65,0.39,-0.32
2025-08-05T02:43:42Z,0.43,351.99,0.43,-0.06
2025-08-05T02:44:42Z,0.82,117.58,-0.38,0.73
2025-08-05T02:45:42Z,0.9,63.22,0.4,0.8
2025-08-05T02:46:42Z,1.08,47.92,0.73,0.8
2025-08-05T02:47:42Z,0.62,355.98,0.62,-0.04
2025-08-05T02:48:42Z,0.96,289.2,0.32,-0.91
2025-08-05T02:49:42Z,0.74,108.77,-0.24,0.7
2025-08-05T02:50:42Z,0.67,147.93,-0.57,0.36
2025-08-05T02:51:42Z,1.57,105.7,-0.42,1.51
2025-08-05T02:52:42Z,0.59,266.05,-0.04,-0.59
2025-08-05T02:53:42Z,0.33,135.32,-0.23,0.23
2025-08-05T02:54:42Z,1.23,291.85,0.46,-1.14
2025-08-05T02:55:42Z,1.31,123.1,-0.71,1.1
2025-08-05T02:56:42Z,2.3,108.44,-0.73,2.18
2025-08-05T02:57:42Z,0.44,198.37,-0.42,-0.14
2025-08-05T02:58:42Z,1.17,125.41,-0.68,0.95
2025-08-05T02:59:42Z,1.88,81.6,0.27,1.86
2025-08-05T03:00:42Z,1.44,118.22,-0.68,1.27
2025-08-05T03:01:42Z,2.63,93.72,-0.17,2.62
2025-08-05T03:02:42Z,2.39,112.48,-0.91,2.21
2025-08-05T03:03:42Z,0.61,94.31,-0.05,0.6
2025-08-05T03:04:42Z,0.91,92.39,-0.04,0.91
2025-08-05T03:05:42Z,3.34,105.4,-0.89,3.22
2025-08-05T03:06:42Z,0.92,95.83,-0.09,0.91
2025-08-05T03:07:42Z,2.53,107.97,-0.78,2.41
2025-08-05T03:08:42Z,1.61,99.6,-0.27,1.59
2025-08-05T03:09:42Z,1.16,93.62,-0.07,1.16
2025-08-05T03:10:42Z,0.84,321.31,0.66,-0.53
2025-08-05T03:11:42Z,0.38,70.68,0.13,0.36
2025-08-05T03:12:42Z,0.8,96.34,-0.09,0.79
2025-08-05T03:13:42Z,0.76,106.03,-0.21,0.73
2025-08-05T03:14:42Z,0.04,147.24,-0.03,0.02
2025-08-05T03:15:42Z,0.8,72.37,0.24,0.76
2025-08-05T03:16:42Z,1.05,89.75,0,1.05
2025-08-05T03:17:42Z,0.42,116.87,-0.19,0.37
2025-08-05T03:18:42Z,1.02,127.17,-0.61,0.81
2025-08-05T03:19:42Z,1.13,85.19,0.09,1.13
2025-08-05T03:20:42Z,1.22,77.19,0.27,1.19
2025-08-05T03:21:42Z,0.3,42.44,0.22,0.2
2025-08-05T03:22:42Z,0.45,71.48,0.14,0.43
2025-08-05T03:23:42Z,1.29,97.09,-0.16,1.28
2025-08-05T03:24:42Z,0.67,89.21,0.01,0.67
2025-08-05T03:25:42Z,1.03,91.26,-0.02,1.03
2025-08-05T03:26:42Z,2.96,119.99,-1.48,2.57
2025-08-05T03:27:42Z,0.52,341.01,0.49,-0.17
2025-08-05T03:28:42Z,1.52,124.17,-0.86,1.26
2025-08-05T03:29:42Z,0.27,206.67,-0.24,-0.12
2025-08-05T03:30:42Z,0.84,120.26,-0.42,0.72
2025-08-05T03:31:42Z,0.19,90.43,-0,0.19
2025-08-05T03:32:42Z,1.36,75.36,0.34,1.31
2025-08-05T03:33:42Z,0.34,31.28,0.29,0.18
2025-08-05T03:34:42Z,0.61,2.25,0.61,0.02
2025-08-05T03:35:42Z,0.36,276.53,0.04,-0.36
2025-08-05T03:36:42Z,0.25,343.31,0.24,-0.07
2025-08-05T03:37:42Z,0.74,113.39,-0.3,0.68
2025-08-05T03:38:42Z,1.21,44.16,0.86,0.84
2025-08-05T03:39:42Z,1.11,19.8,1.04,0.38
2025-08-05T03:40:42Z,0.28,356.98,0.27,-0.01
2025-08-05T03:41:42Z,0.32,74.02,0.09,0.31
2025-08-05T03:42:42Z,0.57,93.66,-0.04,0.56
2025-08-05T03:43:42Z,1.98,94.99,-0.17,1.97
2025-08-05T03:44:42Z,0.43,289.95,0.15,-0.41
2025-08-05T03:45:42Z,1.18,64.98,0.5,1.07
2025-08-05T03:46:42Z,0.89,275.55,0.09,-0.89
2025-08-05T03:47:42Z,1.2,314.75,0.84,-0.85
2025-08-05T03:48:42Z,0.76,341.71,0.72,-0.24
2025-08-05T03:49:42Z,0.3,291.67,0.11,-0.28
2025-08-05T03:50:42Z,0.66,120.7,-0.34,0.57
2025-08-05T03:51:42Z,1.33,92.48,-0.06,1.33
2025-08-05T03:52:42Z,0.91,75.84,0.22,0.88
2025-08-05T03:53:42Z,0.25,47.28,0.17,0.18
2025-08-05T03:54:42Z,0.88,341.41,0.84,-0.28
2025-08-05T03:55:42Z,0.49,0.55,0.49,0
2025-08-05T03:56:42Z,1.73,111.23,-0.63,1.61
2025-08-05T03:57:42Z,0.15,312.88,0.1,-0.11
2025-08-05T03:58:42Z,0.2,162.26,-0.19,0.06
2025-08-05T03:59:42Z,0.25,128.66,-0.15,0.19
2025-08-05T04:00:42Z,0.59,190.68,-0.58,-0.11
2025-08-05T04:01:42Z,2.2,123.47,-1.21,1.84
2025-08-05T04:02:42Z,0.97,121.85,-0.51,0.82
2025-08-05T04:03:42Z,1.01,289.87,0.34,-0.95
2025-08-05T04:04:42Z,0.67,123.39,-0.37,0.56
2025-08-05T04:05:42Z,1.9,102.29,-0.41,1.86
2025-08-05T04:06:42Z,0.62,18.27,0.59,0.19
2025-08-05T04:07:42Z,0.95,114.33,-0.39,0.86
2025-08-05T04:08:42Z,0.52,117.01,-0.24,0.46
2025-08-05T04:09:42Z,1.33,123.24,-0.73,1.11
2025-08-05T04:10:42Z,1.19,133,-0.81,0.87
2025-08-05T04:11:42Z,2.25,118.74,-1.08,1.97
2025-08-05T04:12:42Z,1.88,109.69,-0.64,1.77
2025-08-05T04:13:42Z,1.69,131.12,-1.11,1.27
2025-08-05T04:14:42Z,0.16,265.65,-0.01,-0.16
2025-08-05T04:15:42Z,0.62,115.36,-0.27,0.56
2025-08-05T04:16:42Z,1.34,82.06,0.18,1.33
2025-08-05T04:17:42Z,0.9,154.31,-0.81,0.39
2025-08-05T04:18:42Z,1.27,110.89,-0.45,1.19
2025-08-05T04:19:42Z,2.11,117.45,-0.97,1.87
2025-08-05T04:20:42Z,0.31,344.96,0.3,-0.08
2025-08-05T04:21:42Z,0.76,141.75,-0.59,0.47
2025-08-05T04:22:42Z,1.91,127.81,-1.17,1.51
2025-08-05T04:23:42Z,2.11,140.37,-1.63,1.35
2025-08-05T04:24:42Z,0.33,78.57,0.07,0.32
2025-08-05T04:25:42Z,0.52,80.71,0.08,0.51
2025-08-05T04:26:42Z,1.26,109.16,-0.41,1.19
2025-08-05T04:27:42Z,1.36,99.32,-0.22,1.34
2025-08-05T04:28:42Z,2.34,106.79,-0.68,2.24
2025-08-05T04:29:42Z,1.89,113.33,-0.75,1.73
2025-08-05T04:30:42Z,3.03,107.92,-0.93,2.89
2025-08-05T04:31:42Z,0.91,122.67,-0.49,0.77
2025-08-05T04:32:42Z,1.62,120.18,-0.82,1.4
2025-08-05T04:33:42Z,0.86,85.06,0.07,0.86
2025-08-05T04:34:42Z,0.89,126.92,-0.53,0.71
2025-08-05T04:35:42Z,1.69,116.86,-0.76,1.51
2025-08-05T04:36:42Z,0.03,146.25,-0.03,0.02
2025-08-05T04:37:42Z,0.86,251.46,-0.27,-0.81
2025-08-05T04:38:42Z,0.92,117.59,-0.43,0.81
2025-08-05T04:39:42Z,0.85,175.13,-0.85,0.07
2025-08-05T04:40:42Z,2.22,105.81,-0.61,2.14
2025-08-05T04:41:42Z,0.84,138.84,-0.63,0.55
2025-08-05T04:42:42Z,1.28,175.55,-1.28,0.1
2025-08-05T04:43:42Z,1.25,134.42,-0.88,0.89
2025-08-05T04:44:42Z,1.28,167.41,-1.25,0.28
2025-08-05T04:45:42Z,1.72,118.06,-0.81,1.51
2025-08-05T04:46:42Z,1.8,122.51,-0.97,1.52
2025-08-05T04:47:42Z,0.32,131.11,-0.21,0.24
2025-08-05T04:48:42Z,0.35,245.37,-0.15,-0.32
2025-08-05T04:49:42Z,1.07,115.2,-0.46,0.97
2025-08-05T04:50:42Z,0.54,103.68,-0.13,0.52
2025-08-05T04:51:42Z,0.54,79.25,0.1,0.53
2025-08-05T04:52:42Z,0.2,303.05,0.11,-0.17
2025-08-05T04:53:42Z,1.43,109.91,-0.49,1.35
2025-08-05T04:54:42Z,1.21,150.91,-1.05,0.59
2025-08-05T04:55:42Z,0.87,91.02,-0.02,0.87
2025-08-05T04:56:42Z,1.85,133.57,-1.27,1.34
2025-08-05T04:57:42Z,0.59,92.21,-0.02,0.59
2025-08-05T04:58:42Z,0.43,215.38,-0.35,-0.25
2025-08-05T04:59:42Z,0.57,93.33,-0.03,0.57
2025-08-05T05:00:42Z,0.4,197.77,-0.38,-0.12
2025-08-05T05:01:42Z,0.26,56.11,0.15,0.22
2025-08-05T05:02:42Z,0.39,244.16,-0.17,-0.35
2025-08-05T05:03:42Z,0.39,317.12,0.29,-0.27
2025-08-05T05:04:42Z,0.15,355.19,0.15,-0.01
2025-08-05T05:05:42Z,0.9,279.93,0.16,-0.89
2025-08-05T05:06:42Z,0.83,47.36,0.56,0.61
2025-08-05T05:07:42Z,1.15,306.41,0.68,-0.93
2025-08-05T05:08:42Z,0.72,311.34,0.48,-0.54
2025-08-05T05:09:42Z,0.87,280.63,0.16,-0.85
2025-08-05T05:10:42Z,0.75,230.59,-0.48,-0.58
2025-08-05T05:11:42Z,0.62,288.28,0.19,-0.59
2025-08-05T05:12:42Z,1.75,123.05,-0.95,1.47
2025-08-05T05:13:42Z,1.69,116.42,-0.75,1.51
2025-08-05T05:14:42Z,1.64,90.32,-0.01,1.64
2025-08-05T05:15:42Z,0.79,21.38,0.74,0.29
2025-08-05T05:16:42Z,1.06,231.68,-0.66,-0.83
2025-08-05T05:17:42Z,0.15,86.32,0.01,0.15
2025-08-05T05:18:42Z,1.34,323.14,1.07,-0.8
2025-08-05T05:19:42Z,0.96,283.7,0.23,-0.93
2025-08-05T05:20:42Z,1.84,106.57,-0.53,1.77
2025-08-05T05:21:42Z,1.91,279.32,0.31,-1.89
2025-08-05T05:22:42Z,1.61,281.93,0.33,-1.58
2025-08-05T05:23:42Z,0.99,268.95,-0.02,-0.99
2025-08-05T05:24:42Z,0.81,303.75,0.45,-0.68
2025-08-05T05:25:42Z,2.34,257.66,-0.5,-2.28
2025-08-05T05:26:42Z,1.61,224.21,-1.15,-1.12
2025-08-05T05:27:42Z,2.67,277.6,0.35,-2.64
2025-08-05T05:28:42Z,0.99,245.58,-0.41,-0.9
2025-08-05T05:29:42Z,1.92,222.77,-1.41,-1.3
2025-08-05T05:30:42Z,3.37,273.09,0.18,-3.36
2025-08-05T05:31:42Z,1.68,253.66,-0.47,-1.61
2025-08-05T05:32:42Z,2.13,260.83,-0.34,-2.1
2025-08-05T05:33:42Z,2.37,275.21,0.21,-2.36
2025-08-05T05:34:42Z,2.66,266.17,-0.18,-2.66
2025-08-05T05:35:42Z,0.15,177.74,-0.15,0.01
2025-08-05T05:36:42Z,1.57,97.79,-0.21,1.56
2025-08-05T05:37:42Z,1.12,167.23,-1.09,0.25
2025-08-05T05:38:42Z,0.41,61.37,0.19,0.36
2025-08-05T05:39:42Z,1.08,283.93,0.26,-1.05
2025-08-05T05:40:42Z,0.98,281.62,0.2,-0.96
2025-08-05T05:41:42Z,0.9,267.51,-0.04,-0.89
2025-08-05T05:42:42Z,1.3,255.38,-0.33,-1.26
2025-08-05T05:43:42Z,2.58,268.71,-0.06,-2.58
2025-08-05T05:44:42Z,1.64,295.06,0.69,-1.49
2025-08-05T05:45:42Z,0.67,290.48,0.24,-0.63
2025-08-05T05:46:42Z,1.57,252.73,-0.47,-1.5
2025-08-05T05:47:42Z,1.29,270.37,0.01,-1.29
2025-08-05T05:48:42Z,1.78,158.1,-1.65,0.66
2025-08-05T05:49:42Z,1.72,296.82,0.78,-1.54
2025-08-05T05:50:42Z,1.33,271.7,0.04,-1.33
2025-08-05T05:51:42Z,1.8,279.01,0.28,-1.78
2025-08-05T05:52:42Z,0.62,264.64,-0.06,-0.62
2025-08-05T05:53:42Z,2.06,273.02,0.11,-2.06
2025-08-05T05:54:42Z,1.99,292.21,0.75,-1.84
2025-08-05T05:55:42Z,0.85,57.87,0.45,0.72
2025-08-05T05:56:42Z,1.77,285.95,0.49,-1.7
2025-08-05T05:57:42Z,0.85,287.38,0.25,-0.81
2025-08-05T05:58:42Z,0.78,326.65,0.65,-0.43
2025-08-05T05:59:42Z,0.51,1.16,0.51,0.01
2025-08-05T06:00:42Z,0.65,80.49,0.11,0.64
2025-08-05T06:01:42Z,1.4,277.73,0.19,-1.38
2025-08-05T06:02:42Z,0.66,281.16,0.13,-0.65
2025-08-05T06:03:42Z,1.38,356.03,1.38,-0.1
2025-08-05T06:04:42Z,0.58,296.33,0.26,-0.52
2025-08-05T06:05:42Z,1.05,296.08,0.46,-0.94
2025-08-05T06:06:42Z,0.99,266.73,-0.06,-0.99
2025-08-05T06:07:42Z,1.11,306.92,0.66,-0.88
2025-08-05T06:08:42Z,0.6,323.24,0.48,-0.36
2025-08-05T06:09:42Z,1.54,65.09,0.65,1.4
2025-08-05T06:10:42Z,0.67,107.07,-0.2,0.64
2025-08-05T06:11:42Z,1.33,126.12,-0.79,1.08
2025-08-05T06:12:42Z,1.28,297.02,0.58,-1.14
2025-08-05T06:13:42Z,0.43,43.54,0.31,0.3
2025-08-05T06:14:42Z,1.37,276.01,0.14,-1.36
2025-08-05T06:15:42Z,0.33,274.3,0.03,-0.33
2025-08-05T06:16:42Z,0.43,210.24,-0.37,-0.22
2025-08-05T06:17:42Z,1.13,96.3,-0.12,1.13
2025-08-05T06:18:42Z,0.6,233.16,-0.36,-0.48
2025-08-05T06:19:42Z,1.71,103.15,-0.39,1.66
2025-08-05T06:20:42Z,0.94,105.67,-0.25,0.91
2025-08-05T06:21:42Z,0.91,55.07,0.52,0.75
2025-08-05T06:22:42Z,2.54,110.58,-0.89,2.38
2025-08-05T06:23:42Z,1.29,316.9,0.94,-0.88
2025-08-05T06:24:42Z,2.49,88.91,0.05,2.49
2025-08-05T06:25:42Z,0.51,39.97,0.39,0.33
2025-08-05T06:26:42Z,1.12,287.42,0.34,-1.07
2025-08-05T06:27:42Z,0.59,331.98,0.52,-0.28
2025-08-05T06:28:42Z,0.06,91.01,-0,0.06
2025-08-05T06:29:42Z,0.33,148.29,-0.28,0.17
2025-08-05T06:30:42Z,1.17,262.59,-0.15,-1.16
2025-08-05T06:31:42Z,0.52,283.48,0.12,-0.51
2025-08-05T06:32:42Z,0.61,12.93,0.6,0.14
2025-08-05T06:33:42Z,1.31,285.97,0.36,-1.26
2025-08-05T06:34:42Z,0.8,262.02,-0.11,-0.8
2025-08-05T06:35:42Z,1.14,330.25,0.99,-0.56
2025-08-05T06:36:42Z,0.43,305.77,0.25,-0.35
2025-08-05T06:37:42Z,0.7,296.93,0.32,-0.63
2025-08-05T06:38:42Z,0.09,24.45,0.08,0.04
2025-08-05T06:39:42Z,0.92,296.76,0.41,-0.82
2025-08-05T06:40:42Z,0.31,115.95,-0.14,0.28
2025-08-05T06:41:42Z,1.56,93.65,-0.1,1.56
2025-08-05T06:42:42Z,0.16,287.75,0.05,-0.16
2025-08-05T06:43:42Z,0.72,282.12,0.15,-0.7
2025-08-05T06:44:42Z,0.26,295.61,0.11,-0.24
2025-08-05T06:45:42Z,1.89,257.01,-0.42,-1.84
2025-08-05T06:46:42Z,0.43,297,0.2,-0.39
2025-08-05T06:47:42Z,1.25,60.39,0.62,1.09
2025-08-05T06:48:42Z,1.97,109.07,-0.64,1.86
2025-08-05T06:49:42Z,0.67,325.25,0.55,-0.38
2025-08-05T06:50:42Z,1.01,304.67,0.57,-0.83
2025-08-05T06:51:42Z,0.82,294.73,0.34,-0.75
2025-08-05T06:52:42Z,0.94,45.47,0.66,0.67
2025-08-05T06:53:42Z,0.23,87.83,0.01,0.23
2025-08-05T06:54:42Z,0.28,138.66,-0.21,0.19
2025-08-05T06:55:42Z,0.98,110.85,-0.35,0.92
2025-08-05T06:56:42Z,0.79,159.95,-0.74,0.27
2025-08-05T06:57:42Z,0.57,207.43,-0.51,-0.26
2025-08-05T06:58:42Z,1.04,127.41,-0.63,0.83
2025-08-05T06:59:42Z,0.65,269.94,-0,-0.65
2025-08-05T07:00:42Z,1.41,112.31,-0.53,1.3
2025-08-05T07:01:42Z,0.73,48.14,0.49,0.54
2025-08-05T07:02:42Z,0.2,204.26,-0.19,-0.08
2025-08-05T07:03:42Z,0.31,225.42,-0.22,-0.22
2025-08-05T07:04:42Z,0.65,34.61,0.54,0.37
2025-08-05T07:05:42Z,0.41,12.29,0.4,0.09
2025-08-05T07:06:42Z,0.7,335.11,0.63,-0.29
2025-08-05T07:07:42Z,0.61,283.6,0.14,-0.59
2025-08-05T07:08:42Z,0.96,114.37,-0.4,0.88
2025-08-05T07:09:42Z,0.51,276.86,0.06,-0.51
2025-08-05T07:10:42Z,0.31,327.15,0.26,-0.17
2025-08-05T07:11:42Z,0.22,109.3,-0.07,0.2
2025-08-05T07:12:42Z,1.24,277.24,0.16,-1.23
2025-08-05T07:13:42Z,0.58,290.58,0.2,-0.54
2025-08-05T07:14:42Z,4.05,124.95,-2.32,3.32
2025-08-05T07:15:42Z,0.52,127.55,-0.32,0.41
2025-08-05T07:16:42Z,0.71,108.71,-0.23,0.67
2025-08-05T07:17:42Z,2.02,103.04,-0.46,1.97
2025-08-05T07:18:42Z,1.52,63.56,0.68,1.36
2025-08-05T07:19:42Z,1.01,302.45,0.54,-0.85
2025-08-05T07:20:42Z,1.52,300.43,0.77,-1.31
2025-08-05T07:21:42Z,1.57,52.64,0.95,1.25
2025-08-05T07:22:42Z,1.23,63.08,0.56,1.1
2025-08-05T07:23:42Z,0.91,5.63,0.91,0.09
2025-08-05T07:24:42Z,0.82,81.37,0.12,0.81
2025-08-05T07:25:42Z,1.04,116.83,-0.47,0.92
2025-08-05T07:26:42Z,0.83,74,0.23,0.79
2025-08-05T07:27:42Z,1.42,90.93,-0.02,1.42
2025-08-05T07:28:42Z,0.37,129.32,-0.23,0.28
2025-08-05T07:29:42Z,1.11,264.26,-0.11,-1.11
2025-08-05T07:30:42Z,0.32,312.63,0.21,-0.23
2025-08-05T07:31:42Z,1.4,71.22,0.45,1.33
2025-08-05T07:32:42Z,0.33,114.94,-0.14,0.3
2025-08-05T07:33:42Z,0.29,112.67,-0.11,0.27
2025-08-05T07:34:42Z,0.11,206.64,-0.1,-0.05
2025-08-05T07:35:42Z,0.78,166.06,-0.76,0.19
2025-08-05T07:36:42Z,0.61,169.99,-0.6,0.11
2025-08-05T07:37:42Z,0.54,141.94,-0.43,0.34
2025-08-05T07:38:42Z,1.73,86.71,0.1,1.72
2025-08-05T07:39:42Z,1.43,112.99,-0.56,1.31
2025-08-05T07:40:42Z,0.43,139.59,-0.32,0.28
2025-08-05T07:41:42Z,1.94,79.37,0.36,1.9
2025-08-05T07:42:42Z,0.41,297.74,0.19,-0.36
2025-08-05T07:43:42Z,0.37,74.42,0.1,0.36
2025-08-05T07:44:42Z,0.65,305.06,0.37,-0.53
2025-08-05T07:45:42Z,0.83,263.13,-0.1,-0.82
2025-08-05T07:46:42Z,0.65,49.13,0.42,0.49
2025-08-05T07:47:42Z,0.35,85.27,0.03,0.35
2025-08-05T07:48:42Z,1.32,280.53,0.24,-1.3
2025-08-05T07:49:42Z,1.65,289.16,0.54,-1.56
2025-08-05T07:50:42Z,1.34,278.29,0.19,-1.33
2025-08-05T07:51:42Z,1.68,310.14,1.08,-1.28
2025-08-05T07:52:42Z,0.1,317.02,0.08,-0.07
2025-08-05T07:53:42Z,2.25,287.91,0.69,-2.14
2025-08-05T07:54:42Z,1.18,284.05,0.29,-1.15
2025-08-05T07:55:42Z,0.4,15.62,0.39,0.11
2025-08-05T07:56:42Z,0.9,281.47,0.18,-0.88
2025-08-05T07:57:42Z,0.19,1.27,0.19,0
2025-08-05T07:58:42Z,1.48,269.56,-0.01,-1.48
2025-08-05T07:59:42Z,0.41,186.34,-0.41,-0.05
2025-08-05T08:00:42Z,0.55,199.43,-0.51,-0.18
2025-08-05T08:01:42Z,0.33,100.7,-0.06,0.33
2025-08-05T08:02:42Z,1.28,126.01,-0.75,1.03
2025-08-05T08:03:42Z,0.84,263.55,-0.09,-0.84
2025-08-05T08:04:42Z,1.18,255.42,-0.3,-1.14
2025-08-05T08:05:42Z,1.22,118.6,-0.58,1.07
2025-08-05T08:06:42Z,1.29,308.17,0.79,-1.01
2025-08-05T08:07:42Z,1.34,296.92,0.61,-1.19
2025-08-05T08:08:42Z,1.31,290.23,0.45,-1.23
2025-08-05T08:09:42Z,0.58,250.89,-0.19,-0.55
2025-08-05T08:10:42Z,1.28,66.44,0.51,1.17
2025-08-05T08:11:42Z,0.73,43.92,0.52,0.5
2025-08-05T08:12:42Z,0.41,4.39,0.41,0.03
2025-08-05T08:13:42Z,0.71,259.24,-0.13,-0.69
2025-08-05T08:14:42Z,1.2,64.05,0.52,1.08
2025-08-05T08:15:42Z,0.84,121.56,-0.44,0.71
2025-08-05T08:16:42Z,1.19,285.42,0.32,-1.15
2025-08-05T08:17:42Z,0.85,85.59,0.07,0.85
2025-08-05T08:18:42Z,1.55,97.37,-0.2,1.53
2025-08-05T08:19:42Z,0.45,103.21,-0.1,0.44
2025-08-05T08:20:42Z,0.08,117.89,-0.04,0.07
2025-08-05T08:21:42Z,0.68,293.65,0.27,-0.62
2025-08-05T08:22:42Z,1.48,81.2,0.23,1.46
2025-08-05T08:23:42Z,0.68,99.38,-0.11,0.67
2025-08-05T08:24:42Z,0.64,143.22,-0.51,0.38
2025-08-05T08:25:42Z,0.82,257.92,-0.17,-0.8
2025-08-05T08:26:42Z,0.64,112.18,-0.24,0.59
2025-08-05T08:27:42Z,0.54,314.02,0.38,-0.39
2025-08-05T08:28:42Z,1.09,316.85,0.79,-0.74
2025-08-05T08:29:42Z,0.16,5.87,0.16,0.02
2025-08-05T08:30:42Z,0.88,267.39,-0.04,-0.88
2025-08-05T08:31:42Z,0.6,277.62,0.08,-0.59
2025-08-05T08:32:42Z,1.22,153.54,-1.09,0.54
2025-08-05T08:33:42Z,0.64,286.61,0.18,-0.61
2025-08-05T08:34:42Z,0.75,149.3,-0.64,0.38
2025-08-05T08:35:42Z,1.54,82.28,0.21,1.53
2025-08-05T08:36:42Z,0.81,129.91,-0.52,0.62
2025-08-05T08:37:42Z,0.5,240.27,-0.25,-0.43
2025-08-05T08:38:42Z,1.43,289.82,0.49,-1.35
2025-08-05T08:39:42Z,0.85,265.69,-0.06,-0.85
2025-08-05T08:40:42Z,0.55,155.94,-0.51,0.23
2025-08-05T08:41:42Z,0.58,289.32,0.19,-0.55
2025-08-05T08:42:42Z,0.32,232.09,-0.19,-0.25
2025-08-05T08:43:42Z,0.43,327.15,0.36,-0.23
2025-08-05T08:44:42Z,1.04,104.91,-0.27,1
2025-08-05T08:45:42Z,0.71,42.35,0.52,0.48
2025-08-05T08:46:42Z,1.36,301.99,0.72,-1.15
2025-08-05T08:47:42Z,0.51,325.54,0.42,-0.29
2025-08-05T08:48:42Z,0.28,285.62,0.07,-0.27
2025-08-05T08:49:42Z,2.38,82.89,0.29,2.36
2025-08-05T08:50:42Z,0.63,244.88,-0.27,-0.57
2025-08-05T08:51:42Z,1.05,73.6,0.3,1
2025-08-05T08:52:42Z,2.08,84.97,0.18,2.07
2025-08-05T08:53:42Z,1.66,103.51,-0.39,1.61
2025-08-05T08:54:42Z,0.59,101.69,-0.12,0.57
2025-08-05T08:55:42Z,1.67,93.07,-0.09,1.67
2025-08-05T08:56:42Z,0.98,326.72,0.82,-0.54
2025-08-05T08:57:42Z,0.52,117.15,-0.24,0.46
2025-08-05T08:58:42Z,1.12,45.64,0.79,0.8
2025-08-05T08:59:42Z,0.26,236.08,-0.15,-0.22
2025-08-05T09:00:42Z,0.86,325.2,0.7,-0.49
2025-08-05T09:01:42Z,0.89,5.62,0.88,0.09
2025-08-05T09:02:42Z,1.4,111.14,-0.5,1.31
2025-08-05T09:03:42Z,2.43,80.89,0.38,2.4
2025-08-05T09:04:42Z,0.14,156.49,-0.13,0.05
2025-08-05T09:05:42Z,2.97,93.42,-0.18,2.96
2025-08-05T09:06:42Z,0.87,311.38,0.58,-0.65
2025-08-05T09:07:42Z,0.38,10.04,0.37,0.07
2025-08-05T09:08:42Z,0.61,23.79,0.56,0.25
2025-08-05T09:09:42Z,1.23,37.47,0.98,0.75
2025-08-05T09:10:42Z,0.61,13.71,0.59,0.14
2025-08-05T09:11:42Z,0.15,46.62,0.1,0.11
2025-08-05T09:12:42Z,1.05,110.13,-0.36,0.99
2025-08-05T09:13:42Z,0.21,342.27,0.2,-0.06
2025-08-05T09:14:42Z,1.81,104.56,-0.46,1.75
2025-08-05T09:15:42Z,0.76,49.19,0.5,0.57
2025-08-05T09:16:42Z,0.79,288.66,0.25,-0.75
2025-08-05T09:17:42Z,0.45,101.77,-0.09,0.44
2025-08-05T09:18:42Z,1.08,86.74,0.06,1.08
2025-08-05T09:19:42Z,0.47,301.86,0.25,-0.4
2025-08-05T09:20:42Z,0.1,216.79,-0.08,-0.06
2025-08-05T09:21:42Z,0.15,202.88,-0.14,-0.06
2025-08-05T09:22:42Z,0.36,355.73,0.36,-0.03
2025-08-05T09:23:42Z,1.55,139.77,-1.19,1
2025-08-05T09:24:42Z,2.11,132.34,-1.42,1.56
2025-08-05T09:25:42Z,1.15,82.51,0.15,1.14
2025-08-05T09:26:42Z,0.9,114.52,-0.38,0.82
2025-08-05T09:27:42Z,0.28,144.76,-0.23,0.16
2025-08-05T09:28:42Z,3.7,98.74,-0.56,3.66
2025-08-05T09:29:42Z,1.3,126.39,-0.77,1.04
2025-08-05T09:30:42Z,1.7,118.84,-0.82,1.49
2025-08-05T09:31:42Z,0.67,202.52,-0.62,-0.26
2025-08-05T09:32:42Z,1.99,100.88,-0.37,1.95
2025-08-05T09:33:42Z,0.7,46.94,0.48,0.51
2025-08-05T09:34:42Z,1.48,108.7,-0.47,1.4
2025-08-05T09:35:42Z,1.36,88.9,0.03,1.36
2025-08-05T09:36:42Z,0.74,137.36,-0.54,0.5
2025-08-05T09:37:42Z,1.57,96.83,-0.19,1.56
2025-08-05T09:38:42Z,0.88,76.41,0.21,0.85
2025-08-05T09:39:42Z,1.03,78.93,0.2,1.01
2025-08-05T09:40:42Z,1.37,80.39,0.23,1.35
2025-08-05T09:41:42Z,1.81,94.92,-0.15,1.8
2025-08-05T09:42:42Z,2.98,108.16,-0.93,2.83
2025-08-05T09:43:42Z,1.93,94.27,-0.14,1.93
2025-08-05T09:44:42Z,0.79,128.71,-0.49,0.61
2025-08-05T09:45:42Z,0.36,165.06,-0.35,0.09
2025-08-05T09:46:42Z,0.57,112.98,-0.22,0.52
2025-08-05T09:47:42Z,2.57,82.03,0.36,2.55
2025-08-05T09:48:42Z,1.49,163.86,-1.43,0.41
2025-08-05T09:49:42Z,1.31,126.8,-0.79,1.05
2025-08-05T09:50:42Z,2.53,112.64,-0.97,2.34
2025-08-05T09:51:42Z,4.28,119.96,-2.14,3.71
2025-08-05T09:52:42Z,3.23,105.88,-0.89,3.11
2025-08-05T09:53:42Z,2.43,116.94,-1.1,2.17
2025-08-05T09:54:42Z,1.65,115.15,-0.7,1.49
2025-08-05T09:55:42Z,1.97,113.85,-0.8,1.8
2025-08-05T09:56:42Z,3.67,99.85,-0.63,3.61
2025-08-05T09:57:42Z,2.41,135.96,-1.73,1.67
2025-08-05T09:58:42Z,1.12,113.96,-0.46,1.02
2025-08-05T09:59:42Z,0.79,143.06,-0.63,0.48
2025-08-05T10:00:42Z,1.28,154.74,-1.16,0.55
2025-08-05T10:01:42Z,3.41,129.27,-2.16,2.64
2025-08-05T10:02:42Z,2.45,101.42,-0.49,2.4
2025-08-05T10:03:42Z,3.77,105.22,-0.99,3.64
2025-08-05T10:04:42Z,0.9,110.51,-0.31,0.84
2025-08-05T10:05:42Z,1.87,96.41,-0.21,1.86
2025-08-05T10:06:42Z,2.11,113.49,-0.84,1.93
2025-08-05T10:07:42Z,2.31,120.46,-1.17,1.99
2025-08-05T10:08:42Z,1.9,104.7,-0.48,1.84
2025-08-05T10:09:42Z,0.81,140.49,-0.62,0.51
2025-08-05T10:10:42Z,1.49,103.74,-0.35,1.45
2025-08-05T10:11:42Z,2.2,107.32,-0.65,2.1
2025-08-05T10:12:42Z,2.17,97.93,-0.3,2.15
2025-08-05T10:13:42Z,1.32,85.41,0.11,1.31
2025-08-05T10:14:42Z,1.93,115.83,-0.84,1.74
2025-08-05T10:15:42Z,3.76,103.32,-0.87,3.66
2025-08-05T10:16:42Z,1.99,103.27,-0.46,1.93
2025-08-05T10:17:42Z,2.87,102.34,-0.61,2.8
2025-08-05T10:18:42Z,1.76,125.42,-1.02,1.43
2025-08-05T10:19:42Z,1.28,107.4,-0.38,1.22
2025-08-05T10:20:42Z,2.19,75.76,0.54,2.13
2025-08-05T10:21:42Z,0.81,135.12,-0.57,0.57
2025-08-05T10:22:42Z,0.15,325.51,0.12,-0.08
2025-08-05T10:23:42Z,1.27,91.29,-0.03,1.27
2025-08-05T10:24:42Z,1.26,107.01,-0.37,1.21
2025-08-05T10:25:42Z,2.1,115.24,-0.9,1.9
2025-08-05T10:26:42Z,2.61,100.76,-0.49,2.56
2025-08-05T10:27:42Z,1.81,83.3,0.21,1.79
2025-08-05T10:28:42Z,1.88,96.13,-0.2,1.87
2025-08-05T10:29:42Z,0.49,110.21,-0.17,0.46
2025-08-05T10:30:42Z,1.35,92.87,-0.07,1.35
2025-08-05T10:31:42Z,0.75,125.02,-0.43,0.61
2025-08-05T10:32:42Z,1.36,103.61,-0.32,1.33
2025-08-05T10:33:42Z,1.46,74.73,0.39,1.41
2025-08-05T10:34:42Z,1.29,66.89,0.51,1.19
2025-08-05T10:35:42Z,1.35,140.1,-1.03,0.86
2025-08-05T10:36:42Z,2.42,107.23,-0.72,2.32
2025-08-05T10:37:42Z,2.23,83.06,0.27,2.21
2025-08-05T10:38:42Z,2.76,94.05,-0.19,2.75
2025-08-05T10:39:42Z,2.34,74.09,0.64,2.25
2025-08-05T10:40:42Z,0.63,85.19,0.05,0.63
2025-08-05T10:41:42Z,0.14,56.57,0.08,0.12
2025-08-05T10:42:42Z,2.31,102.7,-0.51,2.25
2025-08-05T10:43:42Z,1.06,100.3,-0.19,1.05
2025-08-05T10:44:42Z,0.56,139.7,-0.43,0.36
2025-08-05T10:45:42Z,1.33,100.93,-0.25,1.31
2025-08-05T10:46:42Z,0.92,129.08,-0.58,0.71
2025-08-05T10:47:42Z,0.35,306.45,0.21,-0.28
2025-08-05T10:48:42Z,0.08,38.1,0.06,0.05
2025-08-05T10:49:42Z,0.16,278.32,0.02,-0.16
2025-08-05T10:50:42Z,0.58,56.82,0.32,0.48
2025-08-05T10:51:42Z,0.39,101.44,-0.08,0.39
2025-08-05T10:52:42Z,0.45,100.58,-0.08,0.44
2025-08-05T10:53:42Z,0.45,214.2,-0.37,-0.25
2025-08-05T10:54:42Z,1.25,68.25,0.46,1.16
2025-08-05T10:55:42Z,1.39,125.13,-0.8,1.13
2025-08-05T10:56:42Z,1.11,39.24,0.86,0.7
2025-08-05T10:57:42Z,0.28,47.74,0.19,0.2
2025-08-05T10:58:42Z,1.45,78.37,0.29,1.42
2025-08-05T10:59:42Z,1.25,83.13,0.15,1.25
2025-08-05T11:00:42Z,1.59,62.75,0.73,1.41
2025-08-05T11:01:42Z,0.99,104.46,-0.25,0.95
2025-08-05T11:02:42Z,0.74,130.21,-0.47,0.56
2025-08-05T11:03:42Z,0.84,31.16,0.72,0.44
2025-08-05T11:04:42Z,0.72,5.25,0.72,0.07
2025-08-05T11:05:42Z,1.65,69.27,0.59,1.55
2025-08-05T11:06:42Z,1.63,73.2,0.47,1.56
2025-08-05T11:07:42Z,0.62,60.09,0.31,0.54
2025-08-05T11:08:42Z,0.79,89.15,0.01,0.79
2025-08-05T11:09:42Z,0.65,86.85,0.04,0.65
2025-08-05T11:10:42Z,1.4,118.22,-0.66,1.24
2025-08-05T11:11:42Z,2.68,100.05,-0.47,2.64
2025-08-05T11:12:42Z,1.19,118.88,-0.57,1.04
2025-08-05T11:13:42Z,0.81,80.76,0.13,0.8
2025-08-05T11:14:42Z,3.76,104.11,-0.92,3.65
2025-08-05T11:15:42Z,1.27,120.35,-0.64,1.1
2025-08-05T11:16:42Z,1.73,98.44,-0.25,1.71
2025-08-05T11:17:42Z,1.74,108.31,-0.55,1.65
2025-08-05T11:18:42Z,1.46,47.95,0.98,1.08
2025-08-05T11:19:42Z,1.7,90.42,-0.01,1.7
2025-08-05T11:20:42Z,1.08,124.01,-0.6,0.9
2025-08-05T11:21:42Z,0.74,141.39,-0.58,0.46
2025-08-05T11:22:42Z,0.37,193.88,-0.36,-0.09
2025-08-05T11:23:42Z,1.98,105.47,-0.53,1.9
2025-08-05T11:24:42Z,0.72,76.94,0.16,0.7
2025-08-05T11:25:42Z,1.97,99.66,-0.33,1.94
2025-08-05T11:26:42Z,1.69,112.76,-0.65,1.56
2025-08-05T11:27:42Z,3.26,116.14,-1.44,2.93
2025-08-05T11:28:42Z,1.63,81.86,0.23,1.61
2025-08-05T11:29:42Z,2.4,89.68,0.01,2.4
2025-08-05T11:30:42Z,3.12,99.56,-0.52,3.07
2025-08-05T11:31:42Z,2.87,100.28,-0.51,2.83
2025-08-05T11:32:42Z,0.79,75.5,0.2,0.77
2025-08-05T11:33:42Z,2.07,106.21,-0.58,1.99
2025-08-05T11:34:42Z,1.23,94.06,-0.09,1.23
2025-08-05T11:35:42Z,0.77,145.56,-0.64,0.44
2025-08-05T11:36:42Z,4.14,94.76,-0.34,4.13
2025-08-05T11:37:42Z,1.84,102.18,-0.39,1.8
2025-08-05T11:38:42Z,0.36,51.63,0.23,0.28
2025-08-05T11:39:42Z,3.8,83.43,0.43,3.78
2025-08-05T11:40:42Z,1.75,100.32,-0.31,1.72
2025-08-05T11:41:42Z,2.1,96.02,-0.22,2.09
2025-08-05T11:42:42Z,1.15,99.13,-0.18,1.13
2025-08-05T11:43:42Z,1.09,168.51,-1.07,0.22
2025-08-05T11:44:42Z,3.29,104.05,-0.8,3.19
2025-08-05T11:45:42Z,3.46,109.26,-1.14,3.26
2025-08-05T11:46:42Z,1.93,117.32,-0.88,1.71
2025-08-05T11:47:42Z,2.06,66.38,0.82,1.89
2025-08-05T11:48:42Z,1.36,92.89,-0.07,1.36
2025-08-05T11:49:42Z,2.2,95.31,-0.2,2.19
2025-08-05T11:50:42Z,3.59,102.59,-0.78,3.5
2025-08-05T11:51:42Z,1.3,92.96,-0.07,1.3
2025-08-05T11:52:42Z,2.29,94.72,-0.19,2.29
2025-08-05T11:53:42Z,1.52,74.35,0.41,1.47
2025-08-05T11:54:42Z,1.89,87.66,0.08,1.89
2025-08-05T11:55:42Z,3.8,117.29,-1.74,3.37
2025-08-05T11:56:42Z,3.62,100.64,-0.67,3.56
2025-08-05T11:57:42Z,2.44,128.52,-1.52,1.91
2025-08-05T11:58:42Z,0.59,120.85,-0.3,0.51
2025-08-05T11:59:42Z,4.11,112.33,-1.56,3.8
2025-08-05T12:00:42Z,3.22,98.81,-0.49,3.19
2025-08-05T12:01:42Z,1.83,128.36,-1.13,1.43
2025-08-05T12:02:42Z,0.8,194.65,-0.78,-0.2
2025-08-05T12:03:42Z,1.08,98.75,-0.16,1.07
2025-08-05T12:04:42Z,1.47,117.57,-0.68,1.3
2025-08-05T12:05:42Z,0.63,224.3,-0.45,-0.44
2025-08-05T12:06:42Z,0.55,222.57,-0.4,-0.37
2025-08-05T12:07:42Z,0.38,53.14,0.23,0.31
2025-08-05T12:08:42Z,0.4,273.38,0.02,-0.39
2025-08-05T12:09:42Z,1.19,134.34,-0.83,0.85
2025-08-05T12:10:42Z,1.79,104.61,-0.45,1.73
2025-08-05T12:11:42Z,1.42,96.58,-0.16,1.42
2025-08-05T12:12:42Z,4.37,113.34,-1.73,4.01
2025-08-05T12:13:42Z,3.51,118.17,-1.66,3.1
2025-08-05T12:14:42Z,2.76,95.06,-0.24,2.75
2025-08-05T12:15:42Z,0.95,134.31,-0.66,0.68
2025-08-05T12:16:42Z,1.31,112.59,-0.5,1.21
2025-08-05T12:17:42Z,2.07,106.05,-0.57,1.99
2025-08-05T12:18:42Z,0.49,151.57,-0.43,0.23
2025-08-05T12:19:42Z,0.63,12.78,0.62,0.14
2025-08-05T12:20:42Z,1.48,86.82,0.08,1.48
2025-08-05T12:21:42Z,2.04,103.19,-0.46,1.98
2025-08-05T12:22:42Z,3.48,96.11,-0.37,3.46
2025-08-05T12:23:42Z,2.4,120.46,-1.22,2.07
2025-08-05T12:24:42Z,2.52,93.7,-0.16,2.51
2025-08-05T12:25:42Z,2.46,101.93,-0.51,2.41
2025-08-05T12:26:42Z,1.68,109.27,-0.55,1.58
2025-08-05T12:27:42Z,0.46,178.64,-0.46,0.01
2025-08-05T12:28:42Z,1.55,108.1,-0.48,1.48
2025-08-05T12:29:42Z,0.92,84.02,0.1,0.92
2025-08-05T12:30:42Z,0.62,37.59,0.49,0.38
2025-08-05T12:31:42Z,1.7,68.88,0.61,1.58
2025-08-05T12:32:42Z,1.12,108.75,-0.36,1.06
2025-08-05T12:33:42Z,1.97,100.9,-0.37,1.93
2025-08-05T12:34:42Z,1.48,100.45,-0.27,1.46
2025-08-05T12:35:42Z,2.14,112.31,-0.81,1.98
2025-08-05T12:36:42Z,0.84,162.23,-0.8,0.26
2025-08-05T12:37:42Z,0.84,151.68,-0.74,0.4
2025-08-05T12:38:42Z,1.52,62.83,0.7,1.36
2025-08-05T12:39:42Z,0.8,129.26,-0.51,0.62
2025-08-05T12:40:42Z,0.66,162.83,-0.63,0.2
2025-08-05T12:41:42Z,0.64,221.32,-0.48,-0.42
2025-08-05T12:42:42Z,0.29,93.42,-0.02,0.29
2025-08-05T12:43:42Z,1.39,100.34,-0.25,1.37
2025-08-05T12:44:42Z,0.56,40.44,0.43,0.36
2025-08-05T12:45:42Z,3.76,113.63,-1.51,3.44
2025-08-05T12:46:42Z,3.6,109.99,-1.23,3.38
2025-08-05T12:47:42Z,2.2,121.13,-1.14,1.88
2025-08-05T12:48:42Z,1.64,121.34,-0.85,1.4
2025-08-05T12:49:42Z,1.39,138.14,-1.03,0.93
2025-08-05T12:50:42Z,1.33,136.02,-0.96,0.92
2025-08-05T12:51:42Z,0.69,208.02,-0.61,-0.32
2025-08-05T12:52:42Z,0.56,325.61,0.47,-0.32
2025-08-05T12:53:42Z,0.83,27.54,0.73,0.38
2025-08-05T12:54:42Z,0.69,311.91,0.46,-0.52
2025-08-05T12:55:42Z,0.93,331.88,0.82,-0.44
2025-08-05T12:56:42Z,1.13,310.92,0.74,-0.86
2025-08-05T12:57:42Z,1.34,5.59,1.33,0.13
2025-08-05T12:58:42Z,2.16,108.07,-0.67,2.05
2025-08-05T12:59:42Z,1.6,94.45,-0.12,1.59
2025-08-05T13:00:42Z,1.18,126.05,-0.7,0.96
2025-08-05T13:01:42Z,1.53,90.09,-0,1.53
2025-08-05T13:02:42Z,0.13,206.23,-0.12,-0.06
2025-08-05T13:03:42Z,0.81,194.29,-0.78,-0.2
2025-08-05T13:04:42Z,0.56,77.03,0.13,0.55
2025-08-05T13:05:42Z,0.1,305.14,0.06,-0.08
2025-08-05T13:06:42Z,0.97,127.28,-0.58,0.77
2025-08-05T13:07:42Z,1.17,118.49,-0.56,1.03
2025-08-05T13:08:42Z,0.72,105.71,-0.2,0.7
2025-08-05T13:09:42Z,1.25,98.16,-0.18,1.23
2025-08-05T13:10:42Z,2.28,97.15,-0.28,2.26
2025-08-05T13:11:42Z,2.88,126.96,-1.73,2.3
2025-08-05T13:12:42Z,2.77,119.73,-1.37,2.41
2025-08-05T13:13:42Z,1.03,139.16,-0.78,0.68
2025-08-05T13:14:42Z,1.2,117.71,-0.56,1.06
2025-08-05T13:15:42Z,0.82,139.57,-0.63,0.53
2025-08-05T13:16:42Z,1.71,105.35,-0.45,1.64
2025-08-05T13:17:42Z,1.9,92.08,-0.07,1.9
2025-08-05T13:18:42Z,0.4,154.47,-0.36,0.17
2025-08-05T13:19:42Z,0.8,117.47,-0.37,0.71
2025-08-05T13:20:42Z,1.67,111.59,-0.61,1.55
2025-08-05T13:21:42Z,1.19,64.16,0.52,1.07
2025-08-05T13:22:42Z,0.11,261.01,-0.02,-0.11
2025-08-05T13:23:42Z,0.2,71.21,0.07,0.19
2025-08-05T13:24:42Z,0.78,58.23,0.41,0.67
2025-08-05T13:25:42Z,0.75,39.07,0.59,0.47
2025-08-05T13:26:42Z,0.53,3.45,0.53,0.03
2025-08-05T13:27:42Z,1.57,102.33,-0.33,1.53
2025-08-05T13:28:42Z,0.07,84.21,0.01,0.07
2025-08-05T13:29:42Z,0.48,22.9,0.45,0.19
2025-08-05T13:30:42Z,0.54,251.39,-0.17,-0.51
2025-08-05T13:31:42Z,2.12,74.02,0.58,2.03
2025-08-05T13:32:42Z,0.29,48.58,0.19,0.22
2025-08-05T13:33:42Z,0.6,94.3,-0.04,0.59
2025-08-05T13:34:42Z,0.63,32.83,0.53,0.34
2025-08-05T13:35:42Z,0.69,264.01,-0.07,-0.68
2025-08-05T13:36:42Z,0.12,174.47,-0.12,0.01
2025-08-05T13:37:42Z,0.79,295.16,0.34,-0.71
2025-08-05T13:38:42Z,0.75,311.57,0.5,-0.56
2025-08-05T13:39:42Z,0.67,79.33,0.12,0.66
2025-08-05T13:40:42Z,0.33,106.69,-0.09,0.31
2025-08-05T13:41:42Z,1.43,116.11,-0.63,1.28
2025-08-05T13:42:42Z,1.4,95.22,-0.13,1.39
2025-08-05T13:43:42Z,1.01,82.85,0.13,1
2025-08-05T13:44:42Z,0.89,23.48,0.82,0.35
2025-08-05T13:45:42Z,1.38,108.6,-0.44,1.3
2025-08-05T13:46:42Z,0.97,88.24,0.03,0.97
2025-08-05T13:47:42Z,2.13,101.08,-0.41,2.09
2025-08-05T13:48:42Z,2.2,94.56,-0.18,2.2
2025-08-05T13:49:42Z,0.95,68.52,0.35,0.88
2025-08-05T13:50:42Z,0.92,124.56,-0.52,0.76
2025-08-05T13:51:42Z,0.27,95.95,-0.03,0.27
2025-08-05T13:52:42Z,0.34,3.54,0.33,0.02
2025-08-05T13:53:42Z,0.6,26.82,0.53,0.27
2025-08-05T13:54:42Z,1.19,318.16,0.89,-0.8
2025-08-05T13:55:42Z,0.89,11.55,0.87,0.18
2025-08-05T13:56:42Z,0.89,61.33,0.43,0.78
2025-08-05T13:57:42Z,1.86,83.03,0.23,1.84
2025-08-05T13:58:42Z,1.51,99.41,-0.25,1.49
2025-08-05T13:59:42Z,1.01,124.38,-0.57,0.83
2025-08-05T14:00:42Z,1.08,131.07,-0.71,0.81
2025-08-05T14:01:42Z,0.74,66.59,0.29,0.68
2025-08-05T14:02:42Z,0.32,46.96,0.22,0.23
2025-08-05T14:03:42Z,0.42,164.42,-0.4,0.11
2025-08-05T14:04:42Z,0.75,126.32,-0.44,0.6
2025-08-05T14:05:42Z,1.98,83.43,0.23,1.96
2025-08-05T14:06:42Z,0.77,24.94,0.7,0.33
2025-08-05T14:07:42Z,0.82,279.16,0.13,-0.81
2025-08-05T14:08:42Z,0.82,288.25,0.26,-0.78
2025-08-05T14:09:42Z,0.73,288.55,0.23,-0.69
2025-08-05T14:10:42Z,0.26,52.4,0.16,0.2
2025-08-05T14:11:42Z,0.85,275.18,0.08,-0.85
2025-08-05T14:12:42Z,0.06,337.87,0.05,-0.02
2025-08-05T14:13:42Z,2.31,80.93,0.36,2.28
2025-08-05T14:14:42Z,0.81,264.49,-0.08,-0.8
2025-08-05T14:15:42Z,0.95,162.33,-0.9,0.29
2025-08-05T14:16:42Z,0.48,38.39,0.38,0.3
2025-08-05T14:17:42Z,1.39,90.45,-0.01,1.39
2025-08-05T14:18:42Z,1.11,118.25,-0.53,0.98
2025-08-05T14:19:42Z,1.75,117.61,-0.81,1.55
2025-08-05T14:20:42Z,1.13,73.36,0.32,1.08
2025-08-05T14:21:42Z,1,300.7,0.51,-0.86
2025-08-05T14:22:42Z,0.05,289.07,0.02,-0.05
2025-08-05T14:23:42Z,0.29,48.81,0.19,0.22
2025-08-05T14:24:42Z,0.32,316.48,0.23,-0.22
2025-08-05T14:25:42Z,0.36,237.51,-0.19,-0.31
2025-08-05T14:26:42Z,0.95,262.1,-0.13,-0.94
2025-08-05T14:27:42Z,0.6,55.71,0.34,0.5
2025-08-05T14:28:42Z,0.47,286.59,0.14,-0.46
2025-08-05T14:29:42Z,1.08,306.05,0.63,-0.87
2025-08-05T14:30:42Z,0.69,107.79,-0.21,0.66
2025-08-05T14:31:42Z,0.67,299.2,0.32,-0.58
2025-08-05T14:32:42Z,0.82,290.65,0.29,-0.77
2025-08-05T14:33:42Z,1.32,280.79,0.25,-1.3
2025-08-05T14:34:42Z,0.9,289.43,0.3,-0.85
2025-08-05T14:35:42Z,1,311.04,0.66,-0.76
2025-08-05T14:36:42Z,0.37,356.29,0.37,-0.02
2025-08-05T14:37:42Z,0.05,163.35,-0.05,0.01
2025-08-05T14:38:42Z,0.68,315.24,0.48,-0.48
2025-08-05T14:39:42Z,1.13,312.08,0.76,-0.84
2025-08-05T14:40:42Z,0.86,320.19,0.66,-0.55
2025-08-05T14:41:42Z,1.02,278.24,0.15,-1.01
2025-08-05T14:42:42Z,1.67,257.32,-0.37,-1.63
2025-08-05T14:43:42Z,2.04,259.65,-0.37,-2.01
2025-08-05T14:44:42Z,2.14,289.68,0.72,-2.01
2025-08-05T14:45:42Z,1.6,294.92,0.68,-1.45
2025-08-05T14:46:42Z,2.23,278.02,0.31,-2.21
2025-08-05T14:47:42Z,1.15,250.86,-0.38,-1.08
2025-08-05T14:48:42Z,1.11,314.51,0.78,-0.79
2025-08-05T14:49:42Z,0.99,311.76,0.66,-0.74
2025-08-05T14:50:42Z,0.56,357.55,0.56,-0.02
2025-08-05T14:51:42Z,1.94,286.56,0.55,-1.86
2025-08-05T14:52:42Z,0.92,245.78,-0.38,-0.84
2025-08-05T14:53:42Z,0.89,296.34,0.39,-0.8
2025-08-05T14:54:42Z,0.34,337.57,0.31,-0.13
2025-08-05T14:55:42Z,0.62,191.1,-0.61,-0.12
2025-08-05T14:56:42Z,0.71,302.94,0.39,-0.6
2025-08-05T14:57:42Z,1.53,24.02,1.4,0.62
2025-08-05T14:58:42Z,0.19,254.45,-0.05,-0.18
2025-08-05T14:59:42Z,0.25,55.78,0.14,0.21
2025-08-05T15:00:42Z,1.22,288.8,0.39,-1.15
2025-08-05T15:01:42Z,0.9,270.33,0.01,-0.9
2025-08-05T15:02:42Z,1.86,276.79,0.22,-1.85
2025-08-05T15:03:42Z,0.88,274.39,0.07,-0.88
2025-08-05T15:04:42Z,1.71,296.87,0.77,-1.52
2025-08-05T15:05:42Z,1.19,300.02,0.59,-1.03
2025-08-05T15:06:42Z,1.3,285.58,0.35,-1.25
2025-08-05T15:07:42Z,1.87,291.33,0.68,-1.74
2025-08-05T15:08:42Z,1.27,303.6,0.7,-1.06
2025-08-05T15:09:42Z,0.04,287.07,0.01,-0.04
2025-08-05T15:10:42Z,1.29,265.01,-0.11,-1.28
2025-08-05T15:11:42Z,0.94,294.87,0.4,-0.86
2025-08-05T15:12:42Z,1.06,246.73,-0.42,-0.97
2025-08-05T15:13:42Z,1.42,280.79,0.27,-1.4
2025-08-05T15:14:42Z,1.8,278.43,0.26,-1.78
2025-08-05T15:15:42Z,0.57,345.7,0.56,-0.14
2025-08-05T15:16:42Z,0.89,313.98,0.62,-0.64
2025-08-05T15:17:42Z,1.19,309.83,0.76,-0.92
2025-08-05T15:18:42Z,0.55,236.53,-0.3,-0.46
2025-08-05T15:19:42Z,0.43,75.04,0.11,0.42
2025-08-05T15:20:42Z,0.99,285.75,0.27,-0.95
2025-08-05T15:21:42Z,1.05,350.14,1.03,-0.18
2025-08-05T15:22:42Z,1.05,247.51,-0.4,-0.97
2025-08-05T15:23:42Z,1.21,302.04,0.64,-1.03
2025-08-05T15:24:42Z,0.57,23.59,0.52,0.23
2025-08-05T15:25:42Z,0.34,15.06,0.32,0.09
2025-08-05T15:26:42Z,0.22,49.42,0.14,0.17
2025-08-05T15:27:42Z,0.44,86.8,0.02,0.44
2025-08-05T15:28:42Z,0.2,292.72,0.08,-0.19
2025-08-05T15:29:42Z,0.48,335.27,0.44,-0.2
2025-08-05T15:30:42Z,0.2,337.43,0.18,-0.08
2025-08-05T15:31:42Z,0.72,306.56,0.43,-0.58
2025-08-05T15:32:42Z,0.93,94.26,-0.07,0.92
2025-08-05T15:33:42Z,0.48,266.96,-0.03,-0.48
2025-08-05T15:34:42Z,0.36,45.36,0.25,0.26
2025-08-05T15:35:42Z,0.47,296.9,0.21,-0.42
2025-08-05T15:36:42Z,0.93,319.81,0.71,-0.6
2025-08-05T15:37:42Z,0.38,25.72,0.34,0.16
2025-08-05T15:38:42Z,0.19,140.78,-0.14,0.12
2025-08-05T15:39:42Z,0.6,269.47,-0.01,-0.6
2025-08-05T15:40:42Z,0.85,292.73,0.33,-0.78
2025-08-05T15:41:42Z,0.69,273.64,0.04,-0.69
2025-08-05T15:42:42Z,0.39,332.11,0.34,-0.18
2025-08-05T15:43:42Z,0.7,298.15,0.33,-0.61
2025-08-05T15:44:42Z,0.75,309.02,0.47,-0.59
2025-08-05T15:45:42Z,0.65,319.37,0.49,-0.42
2025-08-05T15:46:42Z,0.35,301.75,0.18,-0.29
2025-08-05T15:47:42Z,0.48,357.09,0.48,-0.02
2025-08-05T15:48:42Z,0.8,17.45,0.77,0.24
2025-08-05T15:49:42Z,1.35,283.01,0.3,-1.32
2025-08-05T15:50:42Z,0.94,278.14,0.13,-0.93
2025-08-05T15:51:42Z,1.05,306.04,0.62,-0.85
2025-08-05T15:52:42Z,0.31,33,0.26,0.17
2025-08-05T15:53:42Z,0.32,356.38,0.32,-0.02
2025-08-05T15:54:42Z,0.94,286.54,0.27,-0.9
2025-08-05T15:55:42Z,0.37,14.77,0.35,0.09
2025-08-05T15:56:42Z,0.65,280.16,0.11,-0.64
2025-08-05T15:57:42Z,0.84,293.06,0.33,-0.78
2025-08-05T15:58:42Z,0.13,160.2,-0.12,0.04
2025-08-05T15:59:42Z,0.41,282.71,0.09,-0.4
2025-08-05T16:00:42Z,0.35,94.42,-0.03,0.35
2025-08-05T16:01:42Z,1.44,298.6,0.69,-1.26
2025-08-05T16:02:42Z,0.48,355.42,0.48,-0.04
2025-08-05T16:03:42Z,0.1,151.1,-0.09,0.05
2025-08-05T16:04:42Z,0.14,254.64,-0.04,-0.14
2025-08-05T16:05:42Z,1.04,85.55,0.08,1.04
2025-08-05T16:06:42Z,0.26,313.41,0.18,-0.19
2025-08-05T16:07:42Z,0.28,341.45,0.27,-0.09
2025-08-05T16:08:42Z,0.67,201.09,-0.62,-0.24
2025-08-05T16:09:42Z,0.33,74.05,0.09,0.31
2025-08-05T16:10:42Z,1,88.2,0.03,1
2025-08-05T16:11:42Z,2.11,82.96,0.26,2.09
2025-08-05T16:12:42Z,0.78,265.85,-0.06,-0.78
2025-08-05T16:13:42Z,0.73,282.03,0.15,-0.72
2025-08-05T16:14:42Z,0.26,256.2,-0.06,-0.25
2025-08-05T16:15:42Z,0.78,357.33,0.78,-0.04
2025-08-05T16:16:42Z,0.46,166.84,-0.44,0.1
2025-08-05T16:17:42Z,0.92,262.14,-0.13,-0.91
2025-08-05T16:18:42Z,0.08,45.96,0.05,0.06
2025-08-05T16:19:42Z,1.16,253.17,-0.34,-1.11
2025-08-05T16:20:42Z,0.96,246,-0.39,-0.88
2025-08-05T16:21:42Z,0.57,230.36,-0.36,-0.44
2025-08-05T16:22:42Z,0.53,182.52,-0.53,-0.02
2025-08-05T16:23:42Z,0.79,144.17,-0.64,0.46
2025-08-05T16:24:42Z,0.88,254.96,-0.23,-0.85
2025-08-05T16:25:42Z,0.34,155.93,-0.31,0.14
2025-08-05T16:26:42Z,1.57,103.12,-0.36,1.53
2025-08-05T16:27:42Z,0.69,184.17,-0.69,-0.05
2025-08-05T16:28:42Z,0.84,248.12,-0.31,-0.78
2025-08-05T16:29:42Z,0.18,85.55,0.01,0.18
2025-08-05T16:30:42Z,0.69,158.99,-0.64,0.25
2025-08-05T16:31:42Z,1.71,108.5,-0.54,1.62
2025-08-05T16:32:42Z,0.77,188.9,-0.76,-0.12
2025-08-05T16:33:42Z,0.76,273.31,0.04,-0.76
2025-08-05T16:34:42Z,0.64,236.11,-0.36,-0.53
2025-08-05T16:35:42Z,0.36,270.05,0,-0.36
2025-08-05T16:36:42Z,1.16,122.92,-0.63,0.97
2025-08-05T16:37:42Z,0.49,158.56,-0.45,0.18
2025-08-05T16:38:42Z,0.51,332.18,0.45,-0.24
2025-08-05T16:39:42Z,0.16,59.18,0.08,0.14
2025-08-05T16:40:42Z,0.24,224.45,-0.17,-0.17
2025-08-05T16:41:42Z,0.49,277.89,0.07,-0.48
2025-08-05T16:42:42Z,0.63,271.78,0.02,-0.63
2025-08-05T16:43:42Z,0.35,259.52,-0.06,-0.34
2025-08-05T16:44:42Z,1.1,246.09,-0.45,-1
2025-08-05T16:45:42Z,0.74,256.2,-0.18,-0.71
2025-08-05T16:46:42Z,0.53,161.3,-0.5,0.17
2025-08-05T16:47:42Z,0.71,73.33,0.2,0.68
2025-08-05T16:48:42Z,0.5,7.13,0.5,0.06
2025-08-05T16:49:42Z,0.86,49.58,0.56,0.65
2025-08-05T16:50:42Z,0.37,265.91,-0.03,-0.37
2025-08-05T16:51:42Z,0.75,66.42,0.3,0.69
2025-08-05T16:52:42Z,0.66,47.68,0.45,0.49
2025-08-05T16:53:42Z,0.52,332.89,0.46,-0.24
2025-08-05T16:54:42Z,0.54,285.39,0.14,-0.52
2025-08-05T16:55:42Z,0.26,278.79,0.04,-0.26
2025-08-05T16:56:42Z,1.97,114.73,-0.82,1.79
2025-08-05T16:57:42Z,0.43,170.78,-0.42,0.07
2025-08-05T16:58:42Z,0.69,129.56,-0.44,0.53
2025-08-05T16:59:42Z,1.82,112.97,-0.71,1.67
2025-08-05T17:00:42Z,0.31,190.84,-0.31,-0.06
2025-08-05T17:01:42Z,0.24,344.3,0.24,-0.07
2025-08-05T17:02:42Z,0.36,261.72,-0.05,-0.36
2025-08-05T17:03:42Z,0.46,121.17,-0.24,0.39
2025-08-05T17:04:42Z,0.83,305.9,0.49,-0.67
2025-08-05T17:05:42Z,0.39,273.21,0.02,-0.39
2025-08-05T17:06:42Z,0.3,222.3,-0.22,-0.2
2025-08-05T17:07:42Z,0.62,309.05,0.39,-0.48
2025-08-05T17:08:42Z,0.55,157.2,-0.51,0.22
2025-08-05T17:09:42Z,0.78,22.38,0.72,0.3
2025-08-05T17:10:42Z,0.42,245.19,-0.18,-0.38
2025-08-05T17:11:42Z,0.94,272.89,0.05,-0.94
2025-08-05T17:12:42Z,0.48,64.78,0.2,0.43
2025-08-05T17:13:42Z,0.81,109.64,-0.27,0.77
2025-08-05T17:14:42Z,0.18,91.33,-0,0.18
2025-08-05T17:15:42Z,0.58,284.2,0.14,-0.57
2025-08-05T17:16:42Z,0.12,209.48,-0.1,-0.06
2025-08-05T17:17:42Z,0.12,220.85,-0.09,-0.08
2025-08-05T17:18:42Z,0.09,216.43,-0.08,-0.06
2025-08-05T17:19:42Z,0.5,237.12,-0.27,-0.42
2025-08-05T17:20:42Z,0.65,100.41,-0.12,0.64
2025-08-05T17:21:42Z,0.24,252.39,-0.07,-0.22
2025-08-05T17:22:42Z,0.65,107.89,-0.2,0.62
2025-08-05T17:23:42Z,0.17,236.6,-0.09,-0.14
2025-08-05T17:24:42Z,1.22,285.46,0.32,-1.17
2025-08-05T17:25:42Z,1.09,84.21,0.11,1.09
2025-08-05T17:26:42Z,0.28,314.23,0.19,-0.2
2025-08-05T17:27:42Z,0.88,289.71,0.3,-0.83
2025-08-05T17:28:42Z,0.89,101.05,-0.17,0.87
2025-08-05T17:29:42Z,0.75,340.63,0.71,-0.25
2025-08-05T17:30:42Z,0.28,32.55,0.24,0.15
2025-08-05T17:31:42Z,0.2,80.48,0.03,0.19
2025-08-05T17:32:42Z,0.2,157.75,-0.19,0.08
2025-08-05T17:33:42Z,0.78,64.81,0.33,0.71
2025-08-05T17:34:42Z,0.26,85.27,0.02,0.26
2025-08-05T17:35:42Z,0.27,21.45,0.25,0.1
2025-08-05T17:36:42Z,0.44,35.65,0.36,0.26
2025-08-05T17:37:42Z,0.64,157.47,-0.59,0.25
2025-08-05T17:38:42Z,0.46,273.8,0.03,-0.46
2025-08-05T17:39:42Z,0.95,299.52,0.47,-0.82
2025-08-05T17:40:42Z,0.27,181.43,-0.27,-0.01
2025-08-05T17:41:42Z,0.48,61.29,0.23,0.42
2025-08-05T17:42:42Z,0.44,130.84,-0.29,0.33
2025-08-05T17:43:42Z,0.64,317.06,0.47,-0.44
2025-08-05T17:44:42Z,0.4,305.95,0.23,-0.32
2025-08-05T17:45:42Z,0.57,55.13,0.33,0.47
2025-08-05T17:46:42Z,0.28,45.83,0.2,0.2
2025-08-05T17:47:42Z,0.74,285.23,0.2,-0.72
2025-08-05T17:48:42Z,1.53,291.54,0.56,-1.42
2025-08-05T17:49:42Z,1.03,290.71,0.37,-0.97
2025-08-05T17:50:42Z,0.55,267.24,-0.03,-0.55
2025-08-05T17:51:42Z,0.96,36.04,0.78,0.56
2025-08-05T17:52:42Z,1.17,54.8,0.68,0.96
2025-08-05T17:53:42Z,0.71,111.47,-0.26,0.66
2025-08-05T17:54:42Z,0.54,316.42,0.39,-0.37
2025-08-05T17:55:42Z,0.35,339.86,0.32,-0.12
2025-08-05T17:56:42Z,0.82,305.54,0.48,-0.67
2025-08-05T17:57:42Z,0.11,234.86,-0.06,-0.09
2025-08-05T17:58:42Z,0.25,170.42,-0.25,0.04
2025-08-05T17:59:42Z,0.4,331.12,0.35,-0.19
2025-08-05T18:00:42Z,0.07,242.94,-0.03,-0.06
2025-08-05T18:01:42Z,0.88,324.61,0.71,-0.51
2025-08-05T18:02:42Z,0.05,151.15,-0.04,0.02
2025-08-05T18:03:42Z,0.22,203.88,-0.2,-0.09
2025-08-05T18:04:42Z,0.28,195.04,-0.27,-0.07
2025-08-05T18:05:42Z,0.56,178.71,-0.56,0.01
2025-08-05T18:06:42Z,0.38,247.89,-0.14,-0.35
2025-08-05T18:07:42Z,0.53,141.84,-0.41,0.33
2025-08-05T18:08:42Z,0.99,103.31,-0.23,0.97
2025-08-05T18:09:42Z,0.34,356.41,0.34,-0.02
2025-08-05T18:10:42Z,0.36,236.71,-0.19,-0.3
2025-08-05T18:11:42Z,0.63,282.1,0.13,-0.62
2025-08-05T18:12:42Z,0.24,126.8,-0.14,0.19
2025-08-05T18:13:42Z,0.2,18.38,0.19,0.06
2025-08-05T18:14:42Z,0.35,279.79,0.06,-0.35
2025-08-05T18:15:42Z,0.52,133.53,-0.36,0.38
2025-08-05T18:16:42Z,0.03,92.43,-0,0.03
2025-08-05T18:17:42Z,0.3,98.39,-0.04,0.3
2025-08-05T18:18:42Z,0.46,284.98,0.12,-0.44
2025-08-05T18:19:42Z,0.15,246.09,-0.06,-0.14
2025-08-05T18:20:42Z,0.14,21.11,0.13,0.05
2025-08-05T18:21:42Z,0.31,9.94,0.31,0.05
2025-08-05T18:22:42Z,0.33,299.55,0.16,-0.29
2025-08-05T18:23:42Z,0.46,126.46,-0.27,0.37
2025-08-05T18:24:42Z,0.11,186.15,-0.11,-0.01
2025-08-05T18:25:42Z,0.1,184.23,-0.1,-0.01
2025-08-05T18:26:42Z,0.74,85.03,0.06,0.74
2025-08-05T18:27:42Z,0.33,300.2,0.17,-0.29
2025-08-05T18:28:42Z,0.35,291.42,0.13,-0.33
2025-08-05T18:29:42Z,0.07,331.1,0.06,-0.03
2025-08-05T18:30:42Z,0.08,214.07,-0.07,-0.04
2025-08-05T18:31:42Z,0.64,277.49,0.08,-0.63
2025-08-05T18:32:42Z,0.82,292.29,0.31,-0.76
2025-08-05T18:33:42Z,0.42,323.64,0.34,-0.25
2025-08-05T18:34:42Z,0.94,294.74,0.39,-0.85
2025-08-05T18:35:42Z,0.5,103.82,-0.12,0.48
2025-08-05T18:36:42Z,0.08,288.25,0.02,-0.07
2025-08-05T18:37:42Z,0.55,263.5,-0.06,-0.55
2025-08-05T18:38:42Z,0.49,199.83,-0.46,-0.16
2025-08-05T18:39:42Z,0.39,143.79,-0.32,0.23
2025-08-05T18:40:42Z,0.23,223.62,-0.17,-0.16
2025-08-05T18:41:42Z,0.2,286.64,0.06,-0.19
2025-08-05T18:42:42Z,0.47,282.69,0.1,-0.46
2025-08-05T18:43:42Z,0.31,170.32,-0.31,0.05
2025-08-05T18:44:42Z,0.2,152.2,-0.18,0.09
2025-08-05T18:45:42Z,1.36,80.17,0.23,1.34
2025-08-05T18:46:42Z,0.63,116.61,-0.28,0.57
2025-08-05T18:47:42Z,1,103.89,-0.24,0.98
2025-08-05T18:48:42Z,0.46,45.01,0.32,0.32
2025-08-05T18:49:42Z,0.26,157.28,-0.24,0.1
2025-08-05T18:50:42Z,0.6,301.61,0.31,-0.51
2025-08-05T18:51:42Z,0.8,92.25,-0.03,0.8
2025-08-05T18:52:42Z,0.11,167.98,-0.1,0.02
2025-08-05T18:53:42Z,0.68,278.31,0.1,-0.67
2025-08-05T18:54:42Z,0.26,162.06,-0.25,0.08
2025-08-05T18:55:42Z,0.05,191.59,-0.05,-0.01
2025-08-05T18:56:42Z,0.56,296.19,0.25,-0.5
2025-08-05T18:57:42Z,0.11,170.97,-0.11,0.02
2025-08-05T18:58:42Z,0.34,173.54,-0.33,0.04
2025-08-05T18:59:42Z,0.2,164.83,-0.19,0.05
2025-08-05T19:00:42Z,0.37,133.65,-0.26,0.27
2025-08-05T19:01:42Z,0.2,166.21,-0.19,0.05
2025-08-05T19:02:42Z,0.11,132.02,-0.07,0.08
2025-08-05T19:03:42Z,0.95,93.85,-0.06,0.95
2025-08-05T19:04:42Z,0.31,93.26,-0.02,0.31
2025-08-05T19:05:42Z,0.96,90.64,-0.01,0.96
2025-08-05T19:06:42Z,0.51,100.37,-0.09,0.5
2025-08-05T19:07:42Z,0.44,79.24,0.08,0.43
2025-08-05T19:08:42Z,0.43,57.91,0.23,0.36
2025-08-05T19:09:42Z,0.06,212.4,-0.05,-0.03
2025-08-05T19:10:42Z,0.35,232.34,-0.21,-0.27
2025-08-05T19:11:42Z,0.23,117.58,-0.11,0.2
2025-08-05T19:12:42Z,0.14,140.33,-0.11,0.09
2025-08-05T19:13:42Z,0.25,300.95,0.13,-0.22
2025-08-05T19:14:42Z,0.32,271.3,0.01,-0.32
2025-08-05T19:15:42Z,0.44,295.71,0.19,-0.39
2025-08-05T19:16:42Z,0.35,176.36,-0.35,0.02
2025-08-05T19:17:42Z,0.54,122.42,-0.29,0.45
2025-08-05T19:18:42Z,0.4,241.06,-0.19,-0.35
2025-08-05T19:19:42Z,0.46,197.52,-0.44,-0.14
2025-08-05T19:20:42Z,0.28,213.42,-0.23,-0.15
2025-08-05T19:21:42Z,0.57,273.22,0.03,-0.57
2025-08-05T19:22:42Z,0.6,189,-0.59,-0.09
2025-08-05T19:23:42Z,0.53,132.78,-0.36,0.39
2025-08-05T19:24:42Z,0.81,144.1,-0.65,0.47
2025-08-05T19:25:42Z,0.2,219.22,-0.15,-0.13
2025-08-05T19:26:42Z,0.5,223.02,-0.37,-0.34
2025-08-05T19:27:42Z,0.85,234.2,-0.49,-0.69
2025-08-05T19:28:42Z,0.52,274.06,0.04,-0.52
2025-08-05T19:29:42Z,0.6,275.64,0.06,-0.59
2025-08-05T19:30:42Z,0.67,143.57,-0.54,0.4
2025-08-05T19:31:42Z,0.13,68.29,0.05,0.12
2025-08-05T19:32:42Z,0.49,214.29,-0.4,-0.27
2025-08-05T19:33:42Z,0.37,324.55,0.3,-0.22
2025-08-05T19:34:42Z,0.33,98.99,-0.05,0.32
2025-08-05T19:35:42Z,0.46,148.57,-0.4,0.24
2025-08-05T19:36:42Z,0.94,96.35,-0.1,0.93
2025-08-05T19:37:42Z,0.2,225.1,-0.14,-0.14
2025-08-05T19:38:42Z,0.32,109.17,-0.1,0.3
2025-08-05T19:39:42Z,0.64,97.05,-0.08,0.63
2025-08-05T19:40:42Z,1.54,94.53,-0.12,1.54
2025-08-05T19:41:42Z,0.57,159.76,-0.54,0.2
2025-08-05T19:42:42Z,0.81,133.95,-0.56,0.58
2025-08-05T19:43:42Z,0.08,27.68,0.07,0.04
2025-08-05T19:44:42Z,0.64,110,-0.22,0.6
2025-08-05T19:45:42Z,0.51,199.01,-0.49,-0.17
2025-08-05T19:46:42Z,0.59,130.01,-0.38,0.45
2025-08-05T19:47:42Z,0.34,229.69,-0.22,-0.26
2025-08-05T19:48:42Z,0.07,312.86,0.05,-0.05
2025-08-05T19:49:42Z,0.34,97.2,-0.04,0.34
2025-08-05T19:50:42Z,0.18,148.65,-0.15,0.09
2025-08-05T19:51:42Z,1.01,132.83,-0.68,0.74
2025-08-05T19:52:42Z,0.41,106.84,-0.12,0.39
2025-08-05T19:53:42Z,0.6,122.69,-0.32,0.5
2025-08-05T19:54:42Z,0.75,112.22,-0.28,0.69
2025-08-05T19:55:42Z,0.34,75.79,0.08,0.33
2025-08-05T19:56:42Z,0.41,250.91,-0.13,-0.38
2025-08-05T19:57:42Z,0.19,291.36,0.07,-0.18
2025-08-05T19:58:42Z,0.2,237.79,-0.1,-0.17
2025-08-05T19:59:42Z,0.5,132.95,-0.34,0.36
2025-08-05T20:00:42Z,0.34,151.53,-0.29,0.16
2025-08-05T20:01:42Z,0.9,52.53,0.55,0.72
2025-08-05T20:02:42Z,0.87,115.94,-0.38,0.78
2025-08-05T20:03:42Z,0.27,199.73,-0.26,-0.09
2025-08-05T20:04:42Z,0.16,130.41,-0.1,0.12
2025-08-05T20:05:42Z,0.49,126.76,-0.29,0.39
2025-08-05T20:06:42Z,0.14,39.8,0.11,0.09
2025-08-05T20:07:42Z,0.56,328.55,0.47,-0.29
2025-08-05T20:08:42Z,0.22,268.25,-0.01,-0.22
2025-08-05T20:09:42Z,0.35,287.5,0.11,-0.34
2025-08-05T20:10:42Z,0.29,206.65,-0.26,-0.13
2025-08-05T20:11:42Z,0.38,102.32,-0.08,0.37
2025-08-05T20:12:42Z,0.19,127.83,-0.11,0.15
2025-08-05T20:13:42Z,0.1,230.85,-0.06,-0.08
2025-08-05T20:14:42Z,0.08,160.87,-0.08,0.03
2025-08-05T20:15:42Z,0.53,243.5,-0.24,-0.47
2025-08-05T20:16:42Z,0.28,207.88,-0.24,-0.13
2025-08-05T20:17:42Z,0.37,231.05,-0.23,-0.29
2025-08-05T20:18:42Z,0.6,35.04,0.49,0.34
2025-08-05T20:19:42Z,0.25,267.67,-0.01,-0.25
2025-08-05T20:20:42Z,0.05,231.18,-0.03,-0.04
2025-08-05T20:21:42Z,0.14,50.81,0.09,0.11
2025-08-05T20:22:42Z,0.51,330.57,0.45,-0.25
2025-08-05T20:23:42Z,0.28,246.33,-0.11,-0.25
2025-08-05T20:24:42Z,0.45,296.83,0.2,-0.4
2025-08-05T20:25:42Z,0.31,253.27,-0.09,-0.29
2025-08-05T20:26:42Z,0.23,249.46,-0.08,-0.21
2025-08-05T20:27:42Z,0.49,326.47,0.41,-0.27
2025-08-05T20:28:42Z,0.2,115.77,-0.09,0.18
2025-08-05T20:29:42Z,0.26,171.36,-0.26,0.04
2025-08-05T20:30:42Z,0.25,241.18,-0.12,-0.22
2025-08-05T20:31:42Z,0.35,111.6,-0.13,0.32
2025-08-05T20:32:42Z,0.46,297.18,0.21,-0.41
2025-08-05T20:33:42Z,0.35,207.39,-0.31,-0.16
2025-08-05T20:34:42Z,0.56,260.54,-0.09,-0.55
2025-08-05T20:35:42Z,0.25,276.17,0.03,-0.25
2025-08-05T20:36:42Z,0.5,241.19,-0.24,-0.44
2025-08-05T20:37:42Z,0.52,241.94,-0.24,-0.46
2025-08-05T20:38:42Z,0.34,271.69,0.01,-0.34
2025-08-05T20:39:42Z,0.28,355.8,0.28,-0.02
2025-08-05T20:40:42Z,0.75,87.92,0.03,0.75
2025-08-05T20:41:42Z,0.7,82.44,0.09,0.69
2025-08-05T20:42:42Z,0.17,95.07,-0.02,0.17
2025-08-05T20:43:42Z,0.09,46.55,0.06,0.07
2025-08-05T20:44:42Z,0.87,292.71,0.34,-0.8
2025-08-05T20:45:42Z,0.37,107.85,-0.11,0.35
2025-08-05T20:46:42Z,0.22,322.9,0.18,-0.14
2025-08-05T20:47:42Z,0.15,282.63,0.03,-0.15
2025-08-05T20:48:42Z,0.31,142.83,-0.25,0.19
2025-08-05T20:49:42Z,0.48,158.89,-0.45,0.17
2025-08-05T20:50:42Z,0.55,104.55,-0.14,0.53
2025-08-05T20:51:42Z,0.46,130.18,-0.3,0.35
2025-08-05T20:52:42Z,0.72,128.14,-0.45,0.57
2025-08-05T20:53:42Z,0.43,159.3,-0.4,0.15
2025-08-05T20:54:42Z,0.42,116.26,-0.19,0.38
2025-08-05T20:55:42Z,0.24,152.09,-0.22,0.11
2025-08-05T20:56:42Z,0.45,159.82,-0.43,0.16
2025-08-05T20:57:42Z,0.76,126.2,-0.45,0.62
2025-08-05T20:58:42Z,0.79,107.6,-0.24,0.75
2025-08-05T20:59:42Z,0.19,215.76,-0.15,-0.11
2025-08-05T21:00:42Z,0.44,255.94,-0.11,-0.43
2025-08-05T21:01:42Z,0.43,280.52,0.08,-0.42
2025-08-05T21:02:42Z,0.42,104.94,-0.11,0.4
2025-08-05T21:03:42Z,0.36,114.18,-0.15,0.33
2025-08-05T21:04:42Z,0.2,218.8,-0.16,-0.13
2025-08-05T21:05:42Z,0.09,260.83,-0.01,-0.09
2025-08-05T21:06:42Z,1.03,132.11,-0.69,0.77
2025-08-05T21:07:42Z,0.25,128.79,-0.16,0.2
2025-08-05T21:08:42Z,0.74,157.75,-0.69,0.28
2025-08-05T21:09:42Z,0.24,246.66,-0.09,-0.22
2025-08-05T21:10:42Z,0.53,222.16,-0.39,-0.36
2025-08-05T21:11:42Z,0.69,147.47,-0.58,0.37
2025-08-05T21:12:42Z,0.43,98.08,-0.06,0.42
2025-08-05T21:13:42Z,0.96,139.76,-0.74,0.62
2025-08-05T21:14:42Z,0.23,79.41,0.04,0.23
2025-08-05T21:15:42Z,0.06,135.5,-0.04,0.04
2025-08-05T21:16:42Z,0.68,140.17,-0.52,0.44
2025-08-05T21:17:42Z,0.64,129.62,-0.41,0.5
2025-08-05T21:18:42Z,0.94,89.2,0.01,0.94
2025-08-05T21:19:42Z,1.35,81.59,0.2,1.34
2025-08-05T21:20:42Z,0.34,49.13,0.22,0.26
2025-08-05T21:21:42Z,0.47,79.34,0.09,0.46
2025-08-05T21:22:42Z,0.65,104.9,-0.17,0.63
2025-08-05T21:23:42Z,0.28,36.32,0.23,0.17
2025-08-05T21:24:42Z,0.12,248.82,-0.04,-0.12
2025-08-05T21:25:42Z,0.55,106.15,-0.15,0.53
2025-08-05T21:26:42Z,0.53,107.93,-0.16,0.5
2025-08-05T21:27:42Z,0.46,63.31,0.21,0.41
2025-08-05T21:28:42Z,0.87,154.62,-0.79,0.37
2025-08-05T21:29:42Z,0.6,130.07,-0.39,0.46
2025-08-05T21:30:42Z,0.18,86.97,0.01,0.18
2025-08-05T21:31:42Z,0.13,228.55,-0.08,-0.1
2025-08-05T21:32:42Z,0.32,190.1,-0.31,-0.06
2025-08-05T21:33:42Z,0.41,43.47,0.3,0.29
2025-08-05T21:34:42Z,0.52,83.8,0.06,0.52
2025-08-05T21:35:42Z,0.82,100.68,-0.15,0.81
2025-08-05T21:36:42Z,0.44,111.56,-0.16,0.41
2025-08-05T21:37:42Z,0.24,89.13,0,0.24
2025-08-05T21:38:42Z,0.7,73.02,0.2,0.67
2025-08-05T21:39:42Z,0.15,46.59,0.1,0.11
2025-08-05T21:40:42Z,0.23,171.24,-0.23,0.04
2025-08-05T21:41:42Z,0.22,237.21,-0.12,-0.19
2025-08-05T21:42:42Z,0.78,104.37,-0.19,0.76
2025-08-05T21:43:42Z,0.35,114.68,-0.15,0.32
2025-08-05T21:44:42Z,0.24,319.49,0.18,-0.15
2025-08-05T21:45:42Z,0.24,170.2,-0.23,0.04
2025-08-05T21:46:42Z,0.39,3.79,0.39,0.03
2025-08-05T21:47:42Z,0.29,86.62,0.02,0.29
2025-08-05T21:48:42Z,0.47,160.02,-0.44,0.16
2025-08-05T21:49:42Z,0.51,136.44,-0.37,0.35
2025-08-05T21:50:42Z,0.96,89.02,0.02,0.96
2025-08-05T21:51:42Z,0.32,266.56,-0.02,-0.32
2025-08-05T21:52:42Z,0.53,243.82,-0.23,-0.47
2025-08-05T21:53:42Z,0.44,202.5,-0.4,-0.17
2025-08-05T21:54:42Z,0.29,119.37,-0.14,0.25
2025-08-05T21:55:42Z,0.19,179.76,-0.19,0
2025-08-05T21:56:42Z,0.26,128.63,-0.16,0.2
2025-08-05T21:57:42Z,0.6,159.87,-0.57,0.21
2025-08-05T21:58:42Z,0.34,20.89,0.32,0.12
2025-08-05T21:59:42Z,0.57,69.97,0.2,0.54
2025-08-05T22:00:42Z,0.2,358.92,0.2,-0
2025-08-05T22:01:42Z,0.39,326.7,0.33,-0.21
2025-08-05T22:02:42Z,0.46,25.4,0.42,0.2
2025-08-05T22:03:42Z,0.21,182.93,-0.2,-0.01
2025-08-05T22:04:42Z,0.07,218.21,-0.06,-0.05
2025-08-05T22:05:42Z,0.5,108.04,-0.15,0.47
2025-08-05T22:06:42Z,0.76,108.6,-0.24,0.72
2025-08-05T22:07:42Z,0.31,352.92,0.31,-0.04
2025-08-05T22:08:42Z,0.24,234.12,-0.14,-0.2
2025-08-05T22:09:42Z,0.26,46.32,0.18,0.19
2025-08-05T22:10:42Z,0.81,99.96,-0.14,0.8
2025-08-05T22:11:42Z,0.78,110.96,-0.28,0.73
2025-08-05T22:12:42Z,0.36,188.49,-0.35,-0.05
2025-08-05T22:13:42Z,1.54,78.15,0.32,1.51
2025-08-05T22:14:42Z,0.31,87.72,0.01,0.31
2025-08-05T22:15:42Z,0.3,141.76,-0.24,0.19
2025-08-05T22:16:42Z,0.14,63.46,0.06,0.12
2025-08-05T22:17:42Z,0.46,3.75,0.46,0.03
2025-08-05T22:18:42Z,0.29,102.11,-0.06,0.29
2025-08-05T22:19:42Z,0.44,253.15,-0.13,-0.42
2025-08-05T22:20:42Z,0.51,146.56,-0.43,0.28
2025-08-05T22:21:42Z,0.57,137.14,-0.41,0.38
2025-08-05T22:22:42Z,0.83,201.96,-0.77,-0.31
2025-08-05T22:23:42Z,0.49,159.34,-0.46,0.17
2025-08-05T22:24:42Z,0.43,343.62,0.42,-0.12
2025-08-05T22:25:42Z,0.28,97.25,-0.04,0.28
2025-08-05T22:26:42Z,0.32,270.61,0,-0.32
2025-08-05T22:27:42Z,0.12,14.91,0.12,0.03
2025-08-05T22:28:42Z,0.44,167.04,-0.43,0.1
2025-08-05T22:29:42Z,0.62,98.71,-0.09,0.62
2025-08-05T22:30:42Z,0.21,306.52,0.13,-0.17
2025-08-05T22:31:42Z,0.22,116.5,-0.1,0.19
2025-08-05T22:32:42Z,0.29,124.9,-0.17,0.24
2025-08-05T22:33:42Z,0.15,123.9,-0.08,0.12
2025-08-05T22:34:42Z,0.65,113.12,-0.25,0.6
2025-08-05T22:35:42Z,0.23,66.55,0.09,0.21
2025-08-05T22:36:42Z,0.26,94.45,-0.02,0.26
2025-08-05T22:37:42Z,0.57,122.99,-0.31,0.48
2025-08-05T22:38:42Z,0.48,240.52,-0.24,-0.42
2025-08-05T22:39:42Z,0.6,115.56,-0.26,0.54
2025-08-05T22:40:42Z,0.25,103.86,-0.06,0.25
2025-08-05T22:41:42Z,0.63,140.07,-0.48,0.4
2025-08-05T22:42:42Z,0.56,161.87,-0.53,0.17
2025-08-05T22:43:42Z,0.28,146.51,-0.23,0.15
2025-08-05T22:44:42Z,1.07,135.12,-0.76,0.76
2025-08-05T22:45:42Z,0.71,137.69,-0.53,0.48
2025-08-05T22:46:42Z,0.56,144.39,-0.46,0.33
2025-08-05T22:47:42Z,0.83,123.72,-0.46,0.69
2025-08-05T22:48:42Z,0.77,134.84,-0.54,0.55
2025-08-05T22:49:42Z,0.38,122.83,-0.21,0.32
2025-08-05T22:50:42Z,0.26,97.95,-0.04,0.26
2025-08-05T22:51:42Z,0.63,88.65,0.01,0.63
2025-08-05T22:52:42Z,0.54,81.21,0.08,0.53
2025-08-05T22:53:42Z,0.58,151.92,-0.51,0.27
2025-08-05T22:54:42Z,0.48,258.15,-0.1,-0.47
2025-08-05T22:55:42Z,0.12,264.84,-0.01,-0.12
2025-08-05T22:56:42Z,0.26,297.7,0.12,-0.23
2025-08-05T22:57:42Z,0.3,325.08,0.24,-0.17
2025-08-05T22:58:42Z,1.39,118.56,-0.67,1.22
2025-08-05T22:59:42Z,0.74,147.22,-0.62,0.4
2025-08-05T23:00:42Z,0.62,183.15,-0.62,-0.03
2025-08-05T23:01:42Z,0.22,231.8,-0.14,-0.17
2025-08-05T23:02:42Z,0.49,264.96,-0.04,-0.49
2025-08-05T23:03:42Z,0.03,130.35,-0.02,0.03
2025-08-05T23:04:42Z,0.63,121.15,-0.32,0.54
2025-08-05T23:05:42Z,0.59,127.15,-0.36,0.47
2025-08-05T23:06:42Z,0.53,279.53,0.09,-0.52
2025-08-05T23:07:42Z,0.78,114.32,-0.32,0.71
2025-08-05T23:08:42Z,0.39,295.58,0.17,-0.35
2025-08-05T23:09:42Z,0.38,229.6,-0.25,-0.29
2025-08-05T23:10:42Z,0.29,223.4,-0.21,-0.2
2025-08-05T23:11:42Z,0.36,256.41,-0.08,-0.35
2025-08-05T23:12:42Z,0.55,277.29,0.07,-0.55
2025-08-05T23:13:42Z,0.32,280.87,0.06,-0.31
2025-08-05T23:14:42Z,0.5,307.02,0.3,-0.4
2025-08-05T23:15:42Z,0.39,258.65,-0.08,-0.38
2025-08-05T23:16:42Z,0.47,277.38,0.06,-0.47
2025-08-05T23:17:42Z,0.33,147.4,-0.28,0.18
2025-08-05T23:18:42Z,0.3,212.36,-0.26,-0.16
2025-08-05T23:19:42Z,0.23,228.06,-0.15,-0.17
2025-08-05T23:20:42Z,0.31,164.64,-0.29,0.08
2025-08-05T23:21:42Z,0.4,123.02,-0.22,0.33
2025-08-05T23:22:42Z,0.2,160.42,-0.19,0.07
2025-08-05T23:23:42Z,0.42,104.67,-0.11,0.4
2025-08-05T23:24:42Z,0.15,274.75,0.01,-0.15
2025-08-05T23:25:42Z,0.34,331.37,0.29,-0.16
2025-08-05T23:26:42Z,0.26,186.15,-0.26,-0.03
2025-08-05T23:27:42Z,0.91,144.06,-0.74,0.54
2025-08-05T23:28:42Z,1.12,100.65,-0.21,1.11
2025-08-05T23:29:42Z,1.54,119.83,-0.77,1.34
2025-08-05T23:30:42Z,0.91,84.47,0.09,0.9
2025-08-05T23:31:42Z,0.19,193.42,-0.19,-0.05
2025-08-05T23:32:42Z,0.36,170.72,-0.36,0.06
2025-08-05T23:33:42Z,0.55,283.9,0.13,-0.54
2025-08-05T23:34:42Z,0.23,175.74,-0.23,0.02
2025-08-05T23:35:42Z,0.39,236.53,-0.22,-0.33
2025-08-05T23:36:42Z,0.8,291.04,0.29,-0.75
2025-08-05T23:37:42Z,1.41,276.54,0.16,-1.4
2025-08-05T23:38:42Z,0.72,288.44,0.23,-0.68
2025-08-05T23:39:42Z,0.1,356.98,0.1,-0.01
2025-08-05T23:40:42Z,1,274.19,0.07,-1
2025-08-05T23:41:42Z,1.22,255.88,-0.3,-1.19
2025-08-05T23:42:42Z,2.02,254.13,-0.55,-1.94
2025-08-05T23:43:42Z,1.96,257.23,-0.43,-1.91
2025-08-05T23:44:42Z,1.11,296.91,0.5,-0.99
2025-08-05T23:45:42Z,0.78,222.69,-0.57,-0.53
2025-08-05T23:46:42Z,0.55,282.53,0.12,-0.54
2025-08-05T23:47:42Z,0.57,251.2,-0.18,-0.54
2025-08-05T23:48:42Z,0.63,270.99,0.01,-0.63
2025-08-05T23:49:42Z,0.42,226.29,-0.29,-0.31
2025-08-05T23:50:42Z,0.7,222.65,-0.52,-0.47
2025-08-05T23:51:42Z,0.12,230.84,-0.08,-0.1
2025-08-05T23:52:42Z,0.34,170.03,-0.34,0.06
2025-08-05T23:53:42Z,0.22,253.8,-0.06,-0.21
2025-08-05T23:54:42Z,0.41,171,-0.4,0.06
2025-08-05T23:55:42Z,0.3,171.62,-0.3,0.04
2025-08-05T23:56:42Z,0.47,229.75,-0.31,-0.36
2025-08-05T23:57:42Z,0.32,258.57,-0.06,-0.32
2025-08-05T23:58:42Z,0.12,169.71,-0.12,0.02
2025-08-05T23:59:42Z,0.39,227.07,-0.27,-0.29
2025-08-06T00:00:42Z,0.35,222.32,-0.26,-0.24
2025-08-06T00:01:42Z,0.76,153.93,-0.68,0.33
2025-08-06T00:02:42Z,0.31,174.76,-0.3,0.03
2025-08-06T00:03:42Z,0.53,156.59,-0.49,0.21
2025-08-06T00:04:42Z,0.7,130.61,-0.45,0.53
2025-08-06T00:05:42Z,0.56,192.05,-0.55,-0.12
2025-08-06T00:06:42Z,0.23,242.26,-0.11,-0.2
2025-08-06T00:07:42Z,0.4,135.46,-0.28,0.28
2025-08-06T00:08:42Z,0.31,173.32,-0.31,0.04
2025-08-06T00:09:42Z,0.37,224.44,-0.27,-0.26
2025-08-06T00:10:42Z,0.6,153.09,-0.54,0.27
2025-08-06T00:11:42Z,0.37,192.22,-0.36,-0.08
2025-08-06T00:12:42Z,0.53,264.3,-0.05,-0.53
2025-08-06T00:13:42Z,0.29,270.99,0.01,-0.29
2025-08-06T00:14:42Z,0.27,225.48,-0.19,-0.19
2025-08-06T00:15:42Z,0.35,328.83,0.3,-0.18
2025-08-06T00:16:42Z,0.32,332.15,0.29,-0.15
2025-08-06T00:17:42Z,0.35,32.74,0.29,0.19
2025-08-06T00:18:42Z,0.72,254.84,-0.19,-0.69
2025-08-06T00:19:42Z,0.22,2.86,0.22,0.01
2025-08-06T00:20:42Z,0.22,91.07,-0,0.22
2025-08-06T00:21:42Z,0.51,244.79,-0.22,-0.46
2025-08-06T00:22:42Z,0.65,130.37,-0.42,0.5
2025-08-06T00:23:42Z,0.23,333.12,0.2,-0.1
2025-08-06T00:24:42Z,0.37,288.95,0.12,-0.35
2025-08-06T00:25:42Z,0.68,276.77,0.08,-0.68
2025-08-06T00:26:42Z,0.15,218.68,-0.12,-0.09
2025-08-06T00:27:42Z,0.31,315.65,0.22,-0.21
2025-08-06T00:28:42Z,0.76,275.79,0.08,-0.75
2025-08-06T00:29:42Z,0.1,271.28,0,-0.1
2025-08-06T00:30:42Z,0.57,306.07,0.34,-0.46
2025-08-06T00:31:42Z,0.14,73.91,0.04,0.14
2025-08-06T00:32:42Z,0.04,217.65,-0.03,-0.02
2025-08-06T00:33:42Z,0.37,290.4,0.13,-0.35
2025-08-06T00:34:42Z,0.38,176.8,-0.38,0.02
2025-08-06T00:35:42Z,0.34,240.02,-0.17,-0.29
2025-08-06T00:36:42Z,0.61,267.64,-0.03,-0.61
2025-08-06T00:37:42Z,0.41,254.54,-0.11,-0.39
2025-08-06T00:38:42Z,0.4,250.7,-0.13,-0.38
2025-08-06T00:39:42Z,0.32,228.74,-0.21,-0.24
2025-08-06T00:40:42Z,0.47,258.47,-0.09,-0.46
2025-08-06T00:41:42Z,0.63,259.13,-0.12,-0.62
2025-08-06T00:42:42Z,0.52,148.41,-0.44,0.27
2025-08-06T00:43:42Z,1.11,118.92,-0.54,0.98
2025-08-06T00:44:42Z,0.65,295.81,0.28,-0.58
2025-08-06T00:45:42Z,0.41,170.04,-0.4,0.07
2025-08-06T00:46:42Z,0.56,242.19,-0.26,-0.49
2025-08-06T00:47:42Z,0.06,147.21,-0.05,0.03
2025-08-06T00:48:42Z,0.31,151.71,-0.27,0.15
2025-08-06T00:49:42Z,0.38,171.29,-0.37,0.06
2025-08-06T00:50:42Z,0.49,238.29,-0.26,-0.41
2025-08-06T00:51:42Z,0.4,257.9,-0.08,-0.4
2025-08-06T00:52:42Z,0.22,18.67,0.21,0.07
2025-08-06T00:53:42Z,0.33,50.41,0.21,0.25
2025-08-06T00:54:42Z,0.25,144.03,-0.2,0.14
2025-08-06T00:55:42Z,0.09,151.44,-0.08,0.04
2025-08-06T00:56:42Z,0.28,126.23,-0.17,0.23
2025-08-06T00:57:42Z,0.36,304.27,0.2,-0.3
2025-08-06T00:58:42Z,0.21,150.17,-0.18,0.1
2025-08-06T00:59:42Z,0.3,281.24,0.06,-0.29
2025-08-06T01:00:42Z,0.53,257.64,-0.11,-0.52
2025-08-06T01:01:42Z,0.48,219.43,-0.37,-0.31
2025-08-06T01:02:42Z,0.29,333.52,0.26,-0.13
2025-08-06T01:03:42Z,0.22,285.5,0.06,-0.21
2025-08-06T01:04:42Z,0.32,265.64,-0.02,-0.32
2025-08-06T01:05:42Z,0.59,266.23,-0.04,-0.59
2025-08-06T01:06:42Z,0.25,239.89,-0.13,-0.22
2025-08-06T01:07:42Z,0.66,286.48,0.19,-0.63
2025-08-06T01:08:42Z,0.74,261.24,-0.11,-0.73
2025-08-06T01:09:42Z,0.33,173.19,-0.33,0.04
2025-08-06T01:10:42Z,0.22,152.03,-0.2,0.1
2025-08-06T01:11:42Z,0.09,161.07,-0.09,0.03
2025-08-06T01:12:42Z,0.6,309.05,0.38,-0.47
2025-08-06T01:13:42Z,0.51,186.07,-0.51,-0.05
2025-08-06T01:14:42Z,0.6,131.49,-0.4,0.45
2025-08-06T01:15:42Z,0.48,160.14,-0.45,0.16
2025-08-06T01:16:42Z,0.33,106.89,-0.1,0.32
2025-08-06T01:17:42Z,1,91.76,-0.03,1
2025-08-06T01:18:42Z,0.4,83.1,0.05,0.39
2025-08-06T01:19:42Z,0.83,111.81,-0.31,0.77
2025-08-06T01:20:42Z,0.33,128.74,-0.2,0.25
2025-08-06T01:21:42Z,0.42,120.3,-0.21,0.36
2025-08-06T01:22:42Z,0.14,304.3,0.08,-0.12
2025-08-06T01:23:42Z,0.35,123.25,-0.19,0.3
2025-08-06T01:24:42Z,0.71,172.38,-0.71,0.09
2025-08-06T01:25:42Z,0.77,139.51,-0.58,0.5
2025-08-06T01:26:42Z,0.39,148.99,-0.33,0.2
2025-08-06T01:27:42Z,0.39,232.28,-0.24,-0.31
2025-08-06T01:28:42Z,0.37,100.65,-0.07,0.36
2025-08-06T01:29:42Z,0.5,284.47,0.13,-0.49
2025-08-06T01:30:42Z,1.41,122.66,-0.76,1.19
2025-08-06T01:31:42Z,0.6,134.24,-0.42,0.43
2025-08-06T01:32:42Z,0.95,128.41,-0.59,0.75
2025-08-06T01:33:42Z,0.43,177.86,-0.43,0.02
2025-08-06T01:34:42Z,0.64,155.19,-0.58,0.27
2025-08-06T01:35:42Z,0.51,173.7,-0.51,0.06
2025-08-06T01:36:42Z,0.38,125.77,-0.22,0.31
2025-08-06T01:37:42Z,0.49,87.24,0.02,0.49
2025-08-06T01:38:42Z,0.83,125.33,-0.48,0.68
2025-08-06T01:39:42Z,0.48,174.43,-0.48,0.05
2025-08-06T01:40:42Z,0.51,118.03,-0.24,0.45
2025-08-06T01:41:42Z,0.73,142.04,-0.57,0.45
2025-08-06T01:42:42Z,0.5,142.1,-0.4,0.31
2025-08-06T01:43:42Z,0.26,123.37,-0.14,0.22
2025-08-06T01:44:42Z,0.35,198.82,-0.33,-0.11
2025-08-06T01:45:42Z,0.47,159.11,-0.44,0.17
2025-08-06T01:46:42Z,0.5,180.32,-0.5,-0
2025-08-06T01:47:42Z,0.88,166.97,-0.85,0.2
2025-08-06T01:48:42Z,0.4,195.8,-0.39,-0.11
2025-08-06T01:49:42Z,0.59,176.46,-0.59,0.04
2025-08-06T01:50:42Z,0.6,257.85,-0.13,-0.58
2025-08-06T01:51:42Z,0.57,238.36,-0.3,-0.48
2025-08-06T01:52:42Z,0.52,89.39,0.01,0.52
2025-08-06T01:53:42Z,0.09,299.17,0.04,-0.08
2025-08-06T01:54:42Z,0.1,132.09,-0.07,0.08
2025-08-06T01:55:42Z,0.42,117.89,-0.2,0.37
2025-08-06T01:56:42Z,0.5,165.33,-0.48,0.13
2025-08-06T01:57:42Z,0.43,168.77,-0.42,0.08
2025-08-06T01:58:42Z,0.42,190.6,-0.41,-0.08
2025-08-06T01:59:42Z,0.2,120.98,-0.1,0.17
2025-08-06T02:00:42Z,0.43,128.22,-0.27,0.34
2025-08-06T02:01:42Z,0.22,154.4,-0.2,0.1
2025-08-06T02:02:42Z,0.25,51.28,0.16,0.2
2025-08-06T02:03:42Z,0.2,185,-0.2,-0.02
2025-08-06T02:04:42Z,1.22,103.63,-0.29,1.18
2025-08-06T02:05:42Z,0.57,316.07,0.41,-0.39
2025-08-06T02:06:42Z,0.28,116,-0.12,0.25
2025-08-06T02:07:42Z,0.23,156.94,-0.21,0.09
2025-08-06T02:08:42Z,0.23,158.43,-0.21,0.08
2025-08-06T02:09:42Z,0.28,145.89,-0.23,0.16
2025-08-06T02:10:42Z,0.34,109.32,-0.11,0.33
2025-08-06T02:11:42Z,0.73,144.49,-0.59,0.42
2025-08-06T02:12:42Z,0.31,195.13,-0.3,-0.08
2025-08-06T02:13:42Z,0.22,299.02,0.1,-0.19
2025-08-06T02:14:42Z,0.5,321.46,0.39,-0.31
2025-08-06T02:15:42Z,0.15,172.74,-0.15,0.02
2025-08-06T02:16:42Z,0.58,256.87,-0.13,-0.57
2025-08-06T02:17:42Z,0.18,333.47,0.16,-0.08
2025-08-06T02:18:42Z,0.25,236.11,-0.14,-0.21
2025-08-06T02:19:42Z,0.14,254.85,-0.04,-0.14
2025-08-06T02:20:42Z,0.46,274.52,0.04,-0.46
2025-08-06T02:21:42Z,0.41,194.71,-0.4,-0.11
2025-08-06T02:22:42Z,0.34,265.65,-0.03,-0.34
2025-08-06T02:23:42Z,0.3,288.67,0.1,-0.29
2025-08-06T02:24:42Z,0.84,260.44,-0.14,-0.83
2025-08-06T02:25:42Z,0.44,191.86,-0.43,-0.09
2025-08-06T02:26:42Z,0.25,167.88,-0.25,0.05
2025-08-06T02:27:42Z,0.46,143.14,-0.37,0.28
2025-08-06T02:28:42Z,0.59,279.89,0.1,-0.59
2025-08-06T02:29:42Z,0.34,256.74,-0.08,-0.33
2025-08-06T02:30:42Z,0.22,315.74,0.16,-0.16
2025-08-06T02:31:42Z,0.15,135.96,-0.11,0.11
2025-08-06T02:32:42Z,0.46,123.87,-0.26,0.39
2025-08-06T02:33:42Z,0.13,130.8,-0.09,0.1
2025-08-06T02:34:42Z,0.44,161.74,-0.42,0.14
2025-08-06T02:35:42Z,0.25,338.03,0.23,-0.09
2025-08-06T02:36:42Z,0.35,105.94,-0.1,0.34
2025-08-06T02:37:42Z,0.11,98.48,-0.02,0.11
2025-08-06T02:38:42Z,0.08,159.16,-0.08,0.03
2025-08-06T02:39:42Z,0.28,216.27,-0.22,-0.17
2025-08-06T02:40:42Z,0.08,175.53,-0.08,0.01
2025-08-06T02:41:42Z,0.33,157.81,-0.3,0.12
2025-08-06T02:42:42Z,0.35,340.9,0.33,-0.11
2025-08-06T02:43:42Z,0.04,229.31,-0.03,-0.03
2025-08-06T02:44:42Z,0.27,168.06,-0.27,0.06
2025-08-06T02:45:42Z,0.59,46.79,0.4,0.43
2025-08-06T02:46:42Z,0.29,225.36,-0.2,-0.2
2025-08-06T02:47:42Z,0.31,242.03,-0.15,-0.28
2025-08-06T02:48:42Z,0.24,133.5,-0.16,0.17
2025-08-06T02:49:42Z,0.25,255.72,-0.06,-0.25
2025-08-06T02:50:42Z,0.13,274.98,0.01,-0.13
2025-08-06T02:51:42Z,0.38,179.97,-0.38,0
2025-08-06T02:52:42Z,0.45,188.98,-0.45,-0.07
2025-08-06T02:53:42Z,0.28,84.2,0.03,0.27
2025-08-06T02:54:42Z,0.27,288.63,0.09,-0.26
2025-08-06T02:55:42Z,0.52,267.54,-0.02,-0.52
2025-08-06T02:56:42Z,0.38,127.81,-0.23,0.3
2025-08-06T02:57:42Z,0.13,244.77,-0.06,-0.12
2025-08-06T02:58:42Z,0.69,190.16,-0.68,-0.12
2025-08-06T02:59:42Z,0.25,218.32,-0.19,-0.15
2025-08-06T03:00:42Z,0.27,258.99,-0.05,-0.27
2025-08-06T03:01:42Z,0.74,273.35,0.04,-0.74
2025-08-06T03:02:42Z,0.42,160.49,-0.39,0.14
2025-08-06T03:03:42Z,0.24,93.3,-0.01,0.24
2025-08-06T03:04:42Z,0.43,214.32,-0.36,-0.24
2025-08-06T03:05:42Z,0.95,282.2,0.2,-0.93
2025-08-06T03:06:42Z,0.33,284.02,0.08,-0.32
2025-08-06T03:07:42Z,0.68,259.31,-0.13,-0.67
2025-08-06T03:08:42Z,0.56,210.13,-0.48,-0.28
2025-08-06T03:09:42Z,0.88,305.49,0.51,-0.71
2025-08-06T03:10:42Z,0.26,281.47,0.05,-0.25
2025-08-06T03:11:42Z,0.24,141.69,-0.19,0.15
2025-08-06T03:12:42Z,0.28,175.94,-0.28,0.02
2025-08-06T03:13:42Z,0.26,257.38,-0.06,-0.25
2025-08-06T03:14:42Z,0.68,73.81,0.19,0.66
2025-08-06T03:15:42Z,0.48,319.69,0.37,-0.31
2025-08-06T03:16:42Z,0.43,238.28,-0.23,-0.37
2025-08-06T03:17:42Z,0.5,250,-0.17,-0.47
2025-08-06T03:18:42Z,0.17,10.53,0.17,0.03
2025-08-06T03:19:42Z,0.04,333.24,0.04,-0.02
2025-08-06T03:20:42Z,0.51,291.01,0.18,-0.47
2025-08-06T03:21:42Z,0.4,224.26,-0.29,-0.28
2025-08-06T03:22:42Z,0.42,281.17,0.08,-0.41
2025-08-06T03:23:42Z,0.48,269.29,-0.01,-0.48
2025-08-06T03:24:42Z,0.44,294.67,0.18,-0.4
2025-08-06T03:25:42Z,0.32,274.52,0.02,-0.32
2025-08-06T03:26:42Z,0.37,259.65,-0.07,-0.36
2025-08-06T03:27:42Z,0.31,273.18,0.02,-0.31
2025-08-06T03:28:42Z,0.66,264.54,-0.06,-0.65
2025-08-06T03:29:42Z,0.36,204.58,-0.33,-0.15
2025-08-06T03:30:42Z,0.45,202.63,-0.42,-0.17
2025-08-06T03:31:42Z,0.71,288.38,0.23,-0.68
2025-08-06T03:32:42Z,0.24,270.54,0,-0.24
2025-08-06T03:33:42Z,0.69,250.9,-0.22,-0.65
2025-08-06T03:34:42Z,0.52,312.42,0.35,-0.38
2025-08-06T03:35:42Z,0.53,259.52,-0.1,-0.52
2025-08-06T03:36:42Z,0.2,155.36,-0.18,0.08
2025-08-06T03:37:42Z,0.35,169.83,-0.35,0.06
2025-08-06T03:38:42Z,0.61,108.07,-0.19,0.58
2025-08-06T03:39:42Z,0.24,93.33,-0.01,0.24
2025-08-06T03:40:42Z,0.28,325.19,0.23,-0.16
2025-08-06T03:41:42Z,0.12,14.87,0.11,0.03
2025-08-06T03:42:42Z,0.44,221.42,-0.33,-0.29
2025-08-06T03:43:42Z,0.35,237.18,-0.19,-0.3
2025-08-06T03:44:42Z,0.61,251.76,-0.19,-0.58
2025-08-06T03:45:42Z,0.64,279.13,0.1,-0.64
2025-08-06T03:46:42Z,0.62,254.66,-0.16,-0.6
2025-08-06T03:47:42Z,0.28,348.91,0.27,-0.05
2025-08-06T03:48:42Z,0.36,182.51,-0.36,-0.02
2025-08-06T03:49:42Z,0.66,268.73,-0.01,-0.66
2025-08-06T03:50:42Z,0.54,181.35,-0.54,-0.01
2025-08-06T03:51:42Z,0.52,209.31,-0.46,-0.26
2025-08-06T03:52:42Z,0.57,105.11,-0.15,0.55
2025-08-06T03:53:42Z,0.26,93.67,-0.02,0.26
2025-08-06T03:54:42Z,0.5,125.69,-0.29,0.41
2025-08-06T03:55:42Z,0.71,242.37,-0.33,-0.63
2025-08-06T03:56:42Z,0.23,266.03,-0.02,-0.23
2025-08-06T03:57:42Z,0.47,179.53,-0.47,0
2025-08-06T03:58:42Z,0.87,276.2,0.09,-0.87
2025-08-06T03:59:42Z,0.31,193.45,-0.3,-0.07
2025-08-06T04:00:42Z,0.52,274.59,0.04,-0.52
2025-08-06T04:01:42Z,0.28,300.95,0.15,-0.24
2025-08-06T04:02:42Z,0.51,238.97,-0.26,-0.44
2025-08-06T04:03:42Z,0.53,121.78,-0.28,0.45
2025-08-06T04:04:42Z,0.28,244.07,-0.12,-0.26
2025-08-06T04:05:42Z,0.22,217.86,-0.18,-0.14
2025-08-06T04:06:42Z,0.31,229.6,-0.2,-0.24
2025-08-06T04:07:42Z,0.44,279.61,0.07,-0.44
2025-08-06T04:08:42Z,0.56,169.87,-0.55,0.1
2025-08-06T04:09:42Z,0.49,226.83,-0.33,-0.36
2025-08-06T04:10:42Z,0.3,225.39,-0.21,-0.22
2025-08-06T04:11:42Z,0.26,238.88,-0.13,-0.22
2025-08-06T04:12:42Z,0.21,236.22,-0.12,-0.17
2025-08-06T04:13:42Z,0.18,69.71,0.06,0.17
2025-08-06T04:14:42Z,0.1,49.63,0.06,0.07
2025-08-06T04:15:42Z,0.51,307.59,0.31,-0.41
2025-08-06T04:16:42Z,0.04,207.35,-0.04,-0.02
2025-08-06T04:17:42Z,0.38,210.44,-0.32,-0.19
2025-08-06T04:18:42Z,0.34,250.49,-0.11,-0.32
2025-08-06T04:19:42Z,0.69,153.01,-0.61,0.31
2025-08-06T04:20:42Z,0.7,132.5,-0.48,0.52
2025-08-06T04:21:42Z,0.46,163.5,-0.44,0.13
2025-08-06T04:22:42Z,0.38,164.94,-0.37,0.1
2025-08-06T04:23:42Z,0.26,309.8,0.17,-0.2
2025-08-06T04:24:42Z,0.44,123.88,-0.24,0.36
2025-08-06T04:25:42Z,0.25,250.85,-0.08,-0.23
2025-08-06T04:26:42Z,0.25,311.88,0.16,-0.18
2025-08-06T04:27:42Z,0.54,125.63,-0.32,0.44
2025-08-06T04:28:42Z,0.2,358.84,0.2,-0
2025-08-06T04:29:42Z,0.4,240.26,-0.2,-0.35
2025-08-06T04:30:42Z,0.22,163.29,-0.21,0.06
2025-08-06T04:31:42Z,0.35,156.5,-0.32,0.14
2025-08-06T04:32:42Z,0.45,178.15,-0.45,0.01
2025-08-06T04:33:42Z,0.38,171.57,-0.38,0.06
2025-08-06T04:34:42Z,0.3,199.88,-0.29,-0.1
2025-08-06T04:35:42Z,0.46,192,-0.45,-0.1
2025-08-06T04:36:42Z,0.38,293.92,0.15,-0.35
2025-08-06T04:37:42Z,0.08,264.85,-0.01,-0.08
2025-08-06T04:38:42Z,0.12,329.27,0.1,-0.06
2025-08-06T04:39:42Z,0.45,140.04,-0.34,0.29
2025-08-06T04:40:42Z,0.2,57.61,0.11,0.17
2025-08-06T04:41:42Z,0.42,160.56,-0.4,0.14
2025-08-06T04:42:42Z,0.34,253.69,-0.09,-0.32
2025-08-06T04:43:42Z,0.52,271.82,0.02,-0.52
2025-08-06T04:44:42Z,0.39,118.66,-0.19,0.34
2025-08-06T04:45:42Z,0.6,280.05,0.1,-0.59
2025-08-06T04:46:42Z,0.46,155.9,-0.42,0.19
2025-08-06T04:47:42Z,0.72,313.34,0.5,-0.52
2025-08-06T04:48:42Z,0.35,212.65,-0.29,-0.19
2025-08-06T04:49:42Z,0.48,136.97,-0.35,0.33
2025-08-06T04:50:42Z,0.23,184.61,-0.23,-0.02
2025-08-06T04:51:42Z,0.16,25.48,0.14,0.07
2025-08-06T04:52:42Z,0.15,81.72,0.02,0.15
2025-08-06T04:53:42Z,0.33,217.69,-0.26,-0.2
2025-08-06T04:54:42Z,0.14,6.91,0.14,0.02
2025-08-06T04:55:42Z,0.3,142.6,-0.24,0.18
2025-08-06T04:56:42Z,0.64,123.69,-0.35,0.53
2025-08-06T04:57:42Z,0.24,173.51,-0.24,0.03
2025-08-06T04:58:42Z,0.36,294.88,0.15,-0.32
2025-08-06T04:59:42Z,0.32,267.19,-0.02,-0.32
2025-08-06T05:00:42Z,0.1,288.17,0.03,-0.09
2025-08-06T05:01:42Z,0.5,113.89,-0.2,0.46
2025-08-06T05:02:42Z,0.24,149.66,-0.21,0.12
2025-08-06T05:03:42Z,0.6,256.05,-0.14,-0.58
2025-08-06T05:04:42Z,0.5,221.11,-0.38,-0.33
2025-08-06T05:05:42Z,0.79,246.26,-0.32,-0.73
2025-08-06T05:06:42Z,0.29,277.81,0.04,-0.29
2025-08-06T05:07:42Z,0.65,237.81,-0.35,-0.55
2025-08-06T05:08:42Z,0.19,227.37,-0.13,-0.14
2025-08-06T05:09:42Z,0.56,258.84,-0.11,-0.55
2025-08-06T05:10:42Z,0.85,106.8,-0.24,0.81
2025-08-06T05:11:42Z,0.48,255.9,-0.12,-0.47
2025-08-06T05:12:42Z,0.49,163.98,-0.47,0.14
2025-08-06T05:13:42Z,0.55,305.11,0.32,-0.45
2025-08-06T05:14:42Z,0.35,243.3,-0.16,-0.32
2025-08-06T05:15:42Z,0.22,214.91,-0.18,-0.12
2025-08-06T05:16:42Z,0.23,235.78,-0.13,-0.19
2025-08-06T05:17:42Z,0.12,191.08,-0.12,-0.02
2025-08-06T05:18:42Z,0.64,145.56,-0.53,0.36
2025-08-06T05:19:42Z,0.5,179.68,-0.5,0
2025-08-06T05:20:42Z,0.28,268.72,-0.01,-0.28
2025-08-06T05:21:42Z,0.54,137.78,-0.4,0.36
2025-08-06T05:22:42Z,0.48,162.73,-0.46,0.14
2025-08-06T05:23:42Z,0.44,239.22,-0.22,-0.38
2025-08-06T05:24:42Z,0.44,308.29,0.27,-0.35
2025-08-06T05:25:42Z,0.07,155.17,-0.06,0.03
2025-08-06T05:26:42Z,0.52,118.95,-0.25,0.45
2025-08-06T05:27:42Z,0.44,209.94,-0.38,-0.22
2025-08-06T05:28:42Z,0.23,210.7,-0.2,-0.12
2025-08-06T05:29:42Z,0.36,249.39,-0.13,-0.34
2025-08-06T05:30:42Z,0.25,179.19,-0.25,0
2025-08-06T05:31:42Z,0.16,312.51,0.11,-0.12
2025-08-06T05:32:42Z,0.27,157.1,-0.25,0.1
2025-08-06T05:33:42Z,0.22,227.46,-0.15,-0.16
2025-08-06T05:34:42Z,0.29,265.74,-0.02,-0.29
2025-08-06T05:35:42Z,0.66,129.84,-0.42,0.51
2025-08-06T05:36:42Z,0.44,173.61,-0.44,0.05
2025-08-06T05:37:42Z,0.3,241.77,-0.14,-0.27
2025-08-06T05:38:42Z,0.27,222.04,-0.2,-0.18
2025-08-06T05:39:42Z,0.38,186.63,-0.37,-0.04
2025-08-06T05:40:42Z,0.55,100.15,-0.1,0.54
2025-08-06T05:41:42Z,0.27,174.44,-0.27,0.03
2025-08-06T05:42:42Z,0.54,255.3,-0.14,-0.52
2025-08-06T05:43:42Z,0.06,153,-0.05,0.03
2025-08-06T05:44:42Z,0.17,184.28,-0.17,-0.01
2025-08-06T05:45:42Z,0.11,327.76,0.09,-0.06
2025-08-06T05:46:42Z,0.3,265.69,-0.02,-0.3
2025-08-06T05:47:42Z,0.12,293.06,0.05,-0.11
2025-08-06T05:48:42Z,0.21,82.51,0.03,0.21
2025-08-06T05:49:42Z,0.27,345.15,0.26,-0.07
2025-08-06T05:50:42Z,0.08,132.68,-0.06,0.06
2025-08-06T05:51:42Z,0.3,165.64,-0.29,0.07
2025-08-06T05:52:42Z,0.63,191.16,-0.62,-0.12
2025-08-06T05:53:42Z,0.42,275.63,0.04,-0.42
2025-08-06T05:54:42Z,0.23,206.59,-0.21,-0.1
2025-08-06T05:55:42Z,0.54,232.61,-0.33,-0.43
2025-08-06T05:56:42Z,0.18,187.96,-0.18,-0.02
2025-08-06T05:57:42Z,0.14,138.84,-0.1,0.09
2025-08-06T05:58:42Z,0.18,149.71,-0.15,0.09
2025-08-06T05:59:42Z,0.6,130.61,-0.39,0.45
2025-08-06T06:00:42Z,0.49,126.39,-0.29,0.39
2025-08-06T06:01:42Z,0.17,136.65,-0.13,0.12
2025-08-06T06:02:42Z,0.25,174.81,-0.25,0.02
2025-08-06T06:03:42Z,0.21,283.18,0.05,-0.2
2025-08-06T06:04:42Z,0.49,194.41,-0.48,-0.12
2025-08-06T06:05:42Z,0.67,188.49,-0.66,-0.1
2025-08-06T06:06:42Z,0.27,261.87,-0.04,-0.27
2025-08-06T06:07:42Z,0.6,223.11,-0.44,-0.41
2025-08-06T06:08:42Z,0.33,222.7,-0.24,-0.22
2025-08-06T06:09:42Z,0.4,224.48,-0.28,-0.28
2025-08-06T06:10:42Z,0.3,270.7,0,-0.3
2025-08-06T06:11:42Z,0.18,215.93,-0.15,-0.11
2025-08-06T06:12:42Z,0.26,236.08,-0.14,-0.21
2025-08-06T06:13:42Z,0.67,241.47,-0.32,-0.59
2025-08-06T06:14:42Z,0.67,121.45,-0.35,0.57
2025-08-06T06:15:42Z,0.06,114.21,-0.03,0.06
2025-08-06T06:16:42Z,0.41,256.23,-0.1,-0.4
2025-08-06T06:17:42Z,0.34,161.7,-0.32,0.11
2025-08-06T06:18:42Z,0.14,127.34,-0.09,0.11
2025-08-06T06:19:42Z,0.49,118.39,-0.23,0.43
2025-08-06T06:20:42Z,0.39,272.63,0.02,-0.39
2025-08-06T06:21:42Z,0.14,148.18,-0.12,0.07
2025-08-06T06:22:42Z,0.67,309.97,0.43,-0.51
2025-08-06T06:23:42Z,0.44,274.56,0.03,-0.44
2025-08-06T06:24:42Z,0.07,229.58,-0.04,-0.05
2025-08-06T06:25:42Z,0.32,175.19,-0.31,0.03
2025-08-06T06:26:42Z,0.11,200.14,-0.11,-0.04
2025-08-06T06:27:42Z,0.52,245.47,-0.22,-0.48
2025-08-06T06:28:42Z,0.57,264.74,-0.05,-0.57
2025-08-06T06:29:42Z,0.09,174.3,-0.09,0.01
2025-08-06T06:30:42Z,0.12,254.43,-0.03,-0.11
2025-08-06T06:31:42Z,0.45,173.31,-0.45,0.05
2025-08-06T06:32:42Z,0.12,274.46,0.01,-0.12
2025-08-06T06:33:42Z,0.45,257.85,-0.1,-0.44
2025-08-06T06:34:42Z,0.36,256.31,-0.08,-0.35
2025-08-06T06:35:42Z,0.39,294.49,0.16,-0.35
2025-08-06T06:36:42Z,0.58,270.57,0.01,-0.58
2025-08-06T06:37:42Z,0.59,281.81,0.12,-0.57
2025-08-06T06:38:42Z,0.4,223.58,-0.29,-0.28
2025-08-06T06:39:42Z,0.45,285.25,0.12,-0.43
2025-08-06T06:40:42Z,0.18,221.25,-0.13,-0.12
2025-08-06T06:41:42Z,0.21,118.72,-0.1,0.19
2025-08-06T06:42:42Z,0.33,188.56,-0.33,-0.05
2025-08-06T06:43:42Z,0.52,152.7,-0.47,0.24
2025-08-06T06:44:42Z,0.62,83.63,0.07,0.61
2025-08-06T06:45:42Z,0.31,187.72,-0.31,-0.04
2025-08-06T06:46:42Z,0.36,235.72,-0.2,-0.3
2025-08-06T06:47:42Z,0.44,208.75,-0.39,-0.21
2025-08-06T06:48:42Z,0.31,120.25,-0.16,0.27
2025-08-06T06:49:42Z,0.4,212.54,-0.34,-0.22
2025-08-06T06:50:42Z,0.67,257.25,-0.15,-0.66
2025-08-06T06:51:42Z,0.85,230.28,-0.54,-0.65
2025-08-06T06:52:42Z,0.67,224.18,-0.48,-0.46
2025-08-06T06:53:42Z,0.27,164.42,-0.26,0.07
2025-08-06T06:54:42Z,0.51,232.86,-0.31,-0.4
2025-08-06T06:55:42Z,0.25,139.37,-0.19,0.16
2025-08-06T06:56:42Z,0.29,275.17,0.03,-0.29
2025-08-06T06:57:42Z,0.39,249.61,-0.14,-0.37
2025-08-06T06:58:42Z,0.35,287.53,0.1,-0.33
2025-08-06T06:59:42Z,0.14,5.26,0.14,0.01
2025-08-06T07:00:42Z,0.15,166.77,-0.15,0.04
2025-08-06T07:01:42Z,0.08,143.16,-0.07,0.05
2025-08-06T07:02:42Z,0.35,259.48,-0.06,-0.35
2025-08-06T07:03:42Z,0.62,241.94,-0.29,-0.55
2025-08-06T07:04:42Z,0.66,225.28,-0.46,-0.47
2025-08-06T07:05:42Z,0.17,79.99,0.03,0.17
2025-08-06T07:06:42Z,0.16,207.34,-0.15,-0.08
2025-08-06T07:07:42Z,0.38,245.34,-0.16,-0.34
2025-08-06T07:08:42Z,0.36,286.76,0.1,-0.35
2025-08-06T07:09:42Z,0.56,288.73,0.18,-0.53
2025-08-06T07:10:42Z,0.22,264.71,-0.02,-0.22
2025-08-06T07:11:42Z,0.11,94.78,-0.01,0.11
2025-08-06T07:12:42Z,0.68,265.01,-0.06,-0.68
2025-08-06T07:13:42Z,0.74,273.36,0.04,-0.74
2025-08-06T07:14:42Z,0.98,125.63,-0.57,0.79
2025-08-06T07:15:42Z,0.36,248.51,-0.13,-0.33
2025-08-06T07:16:42Z,0.33,217.79,-0.26,-0.2
2025-08-06T07:17:42Z,0.43,216.33,-0.34,-0.25
2025-08-06T07:18:42Z,0.59,130.54,-0.39,0.45
2025-08-06T07:19:42Z,0.36,185.88,-0.35,-0.04
2025-08-06T07:20:42Z,0.55,285.31,0.14,-0.53
2025-08-06T07:21:42Z,0.43,230.19,-0.27,-0.33
2025-08-06T07:22:42Z,0.55,221.62,-0.41,-0.37
2025-08-06T07:23:42Z,0.12,1.81,0.12,0
2025-08-06T07:24:42Z,0.47,239.21,-0.24,-0.4
2025-08-06T07:25:42Z,0.36,296.81,0.16,-0.32
2025-08-06T07:26:42Z,0.13,138.18,-0.1,0.09
2025-08-06T07:27:42Z,0.38,334.61,0.34,-0.16
2025-08-06T07:28:42Z,0.41,233.67,-0.24,-0.33
2025-08-06T07:29:42Z,0.34,284.11,0.08,-0.33
2025-08-06T07:30:42Z,0.68,204.2,-0.62,-0.28
2025-08-06T07:31:42Z,0.23,241.87,-0.11,-0.2
2025-08-06T07:32:42Z,0.3,210.22,-0.26,-0.15
2025-08-06T07:33:42Z,0.27,190.57,-0.26,-0.05
2025-08-06T07:34:42Z,0.22,235.69,-0.12,-0.18
2025-08-06T07:35:42Z,0.84,128.07,-0.52,0.66
2025-08-06T07:36:42Z,0.6,110.46,-0.21,0.56
2025-08-06T07:37:42Z,0.24,270.25,0,-0.24
2025-08-06T07:38:42Z,0.53,163.8,-0.51,0.15
2025-08-06T07:39:42Z,0.37,232,-0.23,-0.3
2025-08-06T07:40:42Z,0.29,154.82,-0.26,0.12
2025-08-06T07:41:42Z,0.72,254.29,-0.19,-0.69
2025-08-06T07:42:42Z,0.26,126.37,-0.15,0.21
2025-08-06T07:43:42Z,0.87,151.37,-0.76,0.42
2025-08-06T07:44:42Z,0.15,91.06,-0,0.15
2025-08-06T07:45:42Z,0.52,207.52,-0.46,-0.24
2025-08-06T07:46:42Z,0.33,164.05,-0.32,0.09
2025-08-06T07:47:42Z,0.15,253.97,-0.04,-0.14
2025-08-06T07:48:42Z,0.39,175.21,-0.39,0.03
2025-08-06T07:49:42Z,0.61,119.34,-0.3,0.53
2025-08-06T07:50:42Z,0.36,308.25,0.22,-0.29
2025-08-06T07:51:42Z,0.39,212.17,-0.33,-0.21
2025-08-06T07:52:42Z,0.34,218.42,-0.27,-0.21
2025-08-06T07:53:42Z,1.11,121.09,-0.57,0.95
2025-08-06T07:54:42Z,0.84,123.65,-0.47,0.7
2025-08-06T07:55:42Z,0.43,127.98,-0.26,0.34
2025-08-06T07:56:42Z,0.11,206.66,-0.1,-0.05
2025-08-06T07:57:42Z,0.2,354.13,0.2,-0.02
2025-08-06T07:58:42Z,0.34,225.07,-0.24,-0.24
2025-08-06T07:59:42Z,0.51,254.71,-0.13,-0.49
2025-08-06T08:00:42Z,0.53,179.54,-0.53,0
2025-08-06T08:01:42Z,0.13,344.94,0.13,-0.03
2025-08-06T08:02:42Z,0.4,146.97,-0.33,0.22
2025-08-06T08:03:42Z,0.39,210.1,-0.34,-0.19
2025-08-06T08:04:42Z,0.02,354.47,0.02,-0
2025-08-06T08:05:42Z,0.3,171.49,-0.3,0.05
2025-08-06T08:06:42Z,0.23,231.5,-0.14,-0.18
2025-08-06T08:07:42Z,0.86,90.29,-0,0.86
2025-08-06T08:08:42Z,0.71,120.5,-0.36,0.61
2025-08-06T08:09:42Z,0.5,129.78,-0.32,0.39
2025-08-06T08:10:42Z,0.35,192.9,-0.34,-0.08
2025-08-06T08:11:42Z,0.21,79.62,0.04,0.2
2025-08-06T08:12:42Z,0.28,234.77,-0.16,-0.23
2025-08-06T08:13:42Z,0.61,248.94,-0.22,-0.57
2025-08-06T08:14:42Z,0.25,194.33,-0.24,-0.06
2025-08-06T08:15:42Z,0.25,56.15,0.14,0.2
2025-08-06T08:16:42Z,0.57,278.21,0.08,-0.56
2025-08-06T08:17:42Z,0.29,160.86,-0.28,0.1
2025-08-06T08:18:42Z,0.35,223.38,-0.25,-0.24
2025-08-06T08:19:42Z,0.08,190.21,-0.08,-0.01
2025-08-06T08:20:42Z,0.43,191.13,-0.42,-0.08
2025-08-06T08:21:42Z,1.05,117.78,-0.49,0.93
2025-08-06T08:22:42Z,0.13,343.79,0.13,-0.04
2025-08-06T08:23:42Z,0.11,183.98,-0.11,-0.01
2025-08-06T08:24:42Z,0.13,313.37,0.09,-0.1
2025-08-06T08:25:42Z,0.15,193.34,-0.14,-0.03
2025-08-06T08:26:42Z,0.4,105,-0.1,0.39
2025-08-06T08:27:42Z,0.45,246.74,-0.18,-0.42
2025-08-06T08:28:42Z,0.55,246.52,-0.22,-0.51
2025-08-06T08:29:42Z,0.49,226.75,-0.34,-0.36
2025-08-06T08:30:42Z,0.25,314.25,0.18,-0.18
2025-08-06T08:31:42Z,0.13,196.49,-0.12,-0.04
2025-08-06T08:32:42Z,0.57,221.66,-0.43,-0.38
2025-08-06T08:33:42Z,0.49,156.03,-0.45,0.2
2025-08-06T08:34:42Z,0.6,273.54,0.04,-0.6
2025-08-06T08:35:42Z,0.92,130.33,-0.59,0.7
2025-08-06T08:36:42Z,0.04,214.21,-0.03,-0.02
2025-08-06T08:37:42Z,0.28,55.2,0.16,0.23
2025-08-06T08:38:42Z,0.51,209.31,-0.45,-0.25
2025-08-06T08:39:42Z,0.38,222.75,-0.28,-0.26
2025-08-06T08:40:42Z,0.52,182.2,-0.52,-0.02
2025-08-06T08:41:42Z,0.53,265.17,-0.04,-0.52
2025-08-06T08:42:42Z,0.19,244.6,-0.08,-0.17
2025-08-06T08:43:42Z,0.41,223.6,-0.29,-0.28
2025-08-06T08:44:42Z,0.39,263.81,-0.04,-0.38
2025-08-06T08:45:42Z,0.24,327.7,0.21,-0.13
2025-08-06T08:46:42Z,0.58,257.88,-0.12,-0.56
2025-08-06T08:47:42Z,0.39,218.58,-0.31,-0.24
2025-08-06T08:48:42Z,0.54,190.53,-0.53,-0.1
2025-08-06T08:49:42Z,0.18,113.77,-0.07,0.16
2025-08-06T08:50:42Z,0.56,190.08,-0.55,-0.1
2025-08-06T08:51:42Z,0.75,105.69,-0.2,0.72
2025-08-06T08:52:42Z,0.25,134.93,-0.18,0.18
2025-08-06T08:53:42Z,0.29,181.58,-0.29,-0.01
2025-08-06T08:54:42Z,0.95,265.54,-0.07,-0.95
2025-08-06T08:55:42Z,0.71,303.02,0.39,-0.6
2025-08-06T08:56:42Z,0.65,269.32,-0.01,-0.65
2025-08-06T08:57:42Z,0.79,274.7,0.06,-0.78
2025-08-06T08:58:42Z,0.45,261.05,-0.07,-0.44
2025-08-06T08:59:42Z,0.57,180.11,-0.57,-0
2025-08-06T09:00:42Z,0.4,252.35,-0.12,-0.38
2025-08-06T09:01:42Z,0.47,289.29,0.16,-0.45
2025-08-06T09:02:42Z,0.62,271.49,0.02,-0.62
2025-08-06T09:03:42Z,0.83,245.43,-0.34,-0.75
2025-08-06T09:04:42Z,1.18,256.8,-0.27,-1.15
2025-08-06T09:05:42Z,0.41,269.89,-0,-0.41
2025-08-06T09:06:42Z,0.34,270.73,0,-0.34
2025-08-06T09:07:42Z,0.42,279.91,0.07,-0.41
2025-08-06T09:08:42Z,0.09,202.04,-0.08,-0.03
2025-08-06T09:09:42Z,0.38,267.87,-0.01,-0.38
2025-08-06T09:10:42Z,0.32,243.04,-0.15,-0.29
2025-08-06T09:11:42Z,0.61,238.14,-0.32,-0.52
2025-08-06T09:12:42Z,0.07,288.99,0.02,-0.06
2025-08-06T09:13:42Z,0.11,235.8,-0.06,-0.09
2025-08-06T09:14:42Z,0.21,276.46,0.02,-0.21
2025-08-06T09:15:42Z,0.45,166.98,-0.44,0.1
2025-08-06T09:16:42Z,0.74,211.41,-0.63,-0.39
2025-08-06T09:17:42Z,0.51,236.55,-0.28,-0.42
2025-08-06T09:18:42Z,0.3,212.01,-0.26,-0.16
2025-08-06T09:19:42Z,0.46,249.13,-0.16,-0.43
2025-08-06T09:20:42Z,0.55,266.41,-0.03,-0.54
2025-08-06T09:21:42Z,0.39,250.25,-0.13,-0.37
2025-08-06T09:22:42Z,0.42,247.33,-0.16,-0.39
2025-08-06T09:23:42Z,0.29,251.99,-0.09,-0.27
2025-08-06T09:24:42Z,0.27,192.07,-0.26,-0.06
2025-08-06T09:25:42Z,0.44,253.38,-0.13,-0.42
2025-08-06T09:26:42Z,0.24,162.1,-0.23,0.08
2025-08-06T09:27:42Z,0.68,282.4,0.15,-0.66
2025-08-06T09:28:42Z,0.18,197.72,-0.17,-0.05
2025-08-06T09:29:42Z,0.4,253.26,-0.11,-0.38
2025-08-06T09:30:42Z,0.67,284.96,0.17,-0.65
2025-08-06T09:31:42Z,0.21,296.01,0.09,-0.19
2025-08-06T09:32:42Z,0.77,288.35,0.24,-0.73
2025-08-06T09:33:42Z,0.23,43.73,0.16,0.16
2025-08-06T09:34:42Z,0.47,150.35,-0.41,0.23
2025-08-06T09:35:42Z,0.16,273.54,0.01,-0.16
2025-08-06T09:36:42Z,0.39,100.65,-0.07,0.38
2025-08-06T09:37:42Z,0.4,238.09,-0.21,-0.34
2025-08-06T09:38:42Z,0.42,297.18,0.19,-0.38
2025-08-06T09:39:42Z,0.47,266.04,-0.03,-0.47
2025-08-06T09:40:42Z,0.1,227.35,-0.07,-0.08
2025-08-06T09:41:42Z,0.32,216.85,-0.25,-0.19
2025-08-06T09:42:42Z,0.07,264.8,-0.01,-0.07
2025-08-06T09:43:42Z,0.37,261.35,-0.06,-0.37
2025-08-06T09:44:42Z,0.63,251.5,-0.2,-0.6
2025-08-06T09:45:42Z,0.05,62.42,0.02,0.05
2025-08-06T09:46:42Z,0.35,256.26,-0.08,-0.34
2025-08-06T09:47:42Z,0.49,237.85,-0.26,-0.42
2025-08-06T09:48:42Z,0.72,141.62,-0.57,0.45
2025-08-06T09:49:42Z,0.18,264.61,-0.02,-0.18
2025-08-06T09:50:42Z,0.47,250.85,-0.15,-0.44
2025-08-06T09:51:42Z,0.48,230.24,-0.31,-0.37
2025-08-06T09:52:42Z,0.47,262.43,-0.06,-0.46
2025-08-06T09:53:42Z,0.49,261.54,-0.07,-0.49
2025-08-06T09:54:42Z,0.42,264.22,-0.04,-0.41
2025-08-06T09:55:42Z,0.33,238.18,-0.17,-0.28
2025-08-06T09:56:42Z,0.19,153.88,-0.17,0.08
2025-08-06T09:57:42Z,0.3,290.15,0.1,-0.28
2025-08-06T09:58:42Z,0.28,39.74,0.21,0.18
2025-08-06T09:59:42Z,0.33,215.63,-0.27,-0.19
2025-08-06T10:00:42Z,0.59,263.23,-0.07,-0.58
2025-08-06T10:01:42Z,0.8,238.86,-0.41,-0.68
2025-08-06T10:02:42Z,0.45,143.66,-0.36,0.27
2025-08-06T10:03:42Z,0.29,217.17,-0.23,-0.18
2025-08-06T10:04:42Z,0.15,269.47,-0,-0.15
2025-08-06T10:05:42Z,0.45,126.84,-0.27,0.36
2025-08-06T10:06:42Z,0.15,102,-0.03,0.15
2025-08-06T10:07:42Z,0.22,85.07,0.02,0.22
2025-08-06T10:08:42Z,0.15,208.33,-0.14,-0.07
2025-08-06T10:09:42Z,0.48,258.7,-0.09,-0.47
2025-08-06T10:10:42Z,0.17,14.49,0.16,0.04
2025-08-06T10:11:42Z,0.3,179.01,-0.3,0.01
2025-08-06T10:12:42Z,0.44,237.15,-0.24,-0.37
2025-08-06T10:13:42Z,0.14,213.61,-0.11,-0.08
2025-08-06T10:14:42Z,0.56,167.82,-0.55,0.12
2025-08-06T10:15:42Z,0.48,193.17,-0.47,-0.11
2025-08-06T10:16:42Z,0.23,186.52,-0.23,-0.03
2025-08-06T10:17:42Z,0.5,67.1,0.2,0.46
2025-08-06T10:18:42Z,0.48,245.68,-0.2,-0.44
2025-08-06T10:19:42Z,0.14,179.62,-0.14,0
2025-08-06T10:20:42Z,0.17,91.45,-0,0.17
2025-08-06T10:21:42Z,0.36,142.87,-0.28,0.21
2025-08-06T10:22:42Z,0.62,120.82,-0.32,0.53
2025-08-06T10:23:42Z,0.27,153.73,-0.24,0.12
2025-08-06T10:24:42Z,0.3,305.32,0.18,-0.25
2025-08-06T10:25:42Z,0.23,247.5,-0.09,-0.21
2025-08-06T10:26:42Z,0.32,165.92,-0.31,0.08
2025-08-06T10:27:42Z,0.29,204.04,-0.26,-0.12
2025-08-06T10:28:42Z,0.21,261.82,-0.03,-0.21
2025-08-06T10:29:42Z,0.77,173.88,-0.77,0.08
2025-08-06T10:30:42Z,0.47,162.04,-0.45,0.14
2025-08-06T10:31:42Z,0.14,261.22,-0.02,-0.14
2025-08-06T10:32:42Z,0.38,152.11,-0.34,0.18
2025-08-06T10:33:42Z,0.6,290.61,0.21,-0.56
2025-08-06T10:34:42Z,0.3,236.03,-0.17,-0.25
2025-08-06T10:35:42Z,0.24,120.63,-0.12,0.2
2025-08-06T10:36:42Z,0.31,78.12,0.06,0.31
2025-08-06T10:37:42Z,0.18,63.32,0.08,0.16
2025-08-06T10:38:42Z,0.57,198.2,-0.54,-0.18
2025-08-06T10:39:42Z,0.56,273.55,0.03,-0.55
2025-08-06T10:40:42Z,0.53,182.52,-0.53,-0.02
2025-08-06T10:41:42Z,0.37,227.29,-0.25,-0.27
2025-08-06T10:42:42Z,0.44,243.22,-0.2,-0.39
2025-08-06T10:43:42Z,0.23,320.35,0.17,-0.14
2025-08-06T10:44:42Z,0.51,266.13,-0.03,-0.51
2025-08-06T10:45:42Z,0.29,198.3,-0.28,-0.09
2025-08-06T10:46:42Z,0.18,322.27,0.14,-0.11
2025-08-06T10:47:42Z,0.54,248.92,-0.19,-0.5
2025-08-06T10:48:42Z,0.1,220.25,-0.08,-0.06
2025-08-06T10:49:42Z,0.15,154.55,-0.14,0.07
2025-08-06T10:50:42Z,0.58,231.77,-0.36,-0.45
2025-08-06T10:51:42Z,0.23,220.5,-0.18,-0.15
2025-08-06T10:52:42Z,0.28,94.75,-0.02,0.28
2025-08-06T10:53:42Z,0.39,213.36,-0.33,-0.22
2025-08-06T10:54:42Z,0.55,206.61,-0.49,-0.24
2025-08-06T10:55:42Z,0.79,161.77,-0.75,0.25
2025-08-06T10:56:42Z,0.15,98.45,-0.02,0.15
2025-08-06T10:57:42Z,0.45,335.78,0.41,-0.18
2025-08-06T10:58:42Z,0.6,8.14,0.59,0.08
2025-08-06T10:59:42Z,0.17,334.61,0.15,-0.07
2025-08-06T11:00:42Z,0.2,215.22,-0.17,-0.12
2025-08-06T11:01:42Z,0.4,221.54,-0.3,-0.26
2025-08-06T11:02:42Z,0.16,347.02,0.16,-0.04
2025-08-06T11:03:42Z,0.59,253.91,-0.16,-0.57
2025-08-06T11:04:42Z,0.41,98.46,-0.06,0.4
2025-08-06T11:05:42Z,0.43,293.14,0.17,-0.4
2025-08-06T11:06:42Z,0.42,92.07,-0.02,0.42
2025-08-06T11:07:42Z,0.23,171.98,-0.23,0.03
2025-08-06T11:08:42Z,0.5,160.63,-0.47,0.17
2025-08-06T11:09:42Z,0.49,197.23,-0.47,-0.15
2025-08-06T11:10:42Z,0.55,146.52,-0.45,0.3
2025-08-06T11:11:42Z,0.29,174.37,-0.28,0.03
2025-08-06T11:12:42Z,0.92,121.16,-0.47,0.78
2025-08-06T11:13:42Z,0.37,172.7,-0.37,0.05
2025-08-06T11:14:42Z,0.34,123.02,-0.19,0.29
2025-08-06T11:15:42Z,0.28,173.85,-0.28,0.03
2025-08-06T11:16:42Z,0.41,195.3,-0.4,-0.11
2025-08-06T11:17:42Z,0.56,267.82,-0.02,-0.55
2025-08-06T11:18:42Z,0.04,165.91,-0.04,0.01
2025-08-06T11:19:42Z,0.64,206.47,-0.57,-0.28
2025-08-06T11:20:42Z,0.44,134.46,-0.31,0.31
2025-08-06T11:21:42Z,0.42,161.09,-0.4,0.14
2025-08-06T11:22:42Z,0.98,129.89,-0.63,0.75
2025-08-06T11:23:42Z,0.49,165.74,-0.48,0.12
2025-08-06T11:24:42Z,0.69,185.63,-0.69,-0.07
2025-08-06T11:25:42Z,0.78,155.57,-0.71,0.32
2025-08-06T11:26:42Z,0.62,114.64,-0.26,0.56
2025-08-06T11:27:42Z,0.05,279.48,0.01,-0.05
2025-08-06T11:28:42Z,0.32,275.07,0.03,-0.32
2025-08-06T11:29:42Z,0.5,87.54,0.02,0.5
2025-08-06T11:30:42Z,0.1,296.01,0.04,-0.09
2025-08-06T11:31:42Z,0.26,128.36,-0.16,0.2
2025-08-06T11:32:42Z,0.38,182.61,-0.38,-0.02
2025-08-06T11:33:42Z,0.25,165.77,-0.24,0.06
2025-08-06T11:34:42Z,0.23,229.84,-0.15,-0.17
2025-08-06T11:35:42Z,0.11,139.76,-0.08,0.07
2025-08-06T11:36:42Z,0.17,306.38,0.1,-0.14
2025-08-06T11:37:42Z,0.36,12.99,0.35,0.08
2025-08-06T11:38:42Z,0.47,289.32,0.16,-0.45
2025-08-06T11:39:42Z,0.5,269.45,-0,-0.5
2025-08-06T11:40:42Z,0.56,222.69,-0.41,-0.38
2025-08-06T11:41:42Z,0.35,215.2,-0.28,-0.2
2025-08-06T11:42:42Z,0.22,265.62,-0.02,-0.22
2025-08-06T11:43:42Z,0.67,259.84,-0.12,-0.66
2025-08-06T11:44:42Z,0.89,280.29,0.16,-0.88
2025-08-06T11:45:42Z,0.34,274.56,0.03,-0.34
2025-08-06T11:46:42Z,0.09,165.83,-0.09,0.02
2025-08-06T11:47:42Z,0.04,332.98,0.04,-0.02
2025-08-06T11:48:42Z,0.39,255.65,-0.1,-0.38
2025-08-06T11:49:42Z,0.46,258.37,-0.09,-0.45
2025-08-06T11:50:42Z,0.37,311.86,0.25,-0.28
2025-08-06T11:51:42Z,0.64,114.73,-0.27,0.58
2025-08-06T11:52:42Z,0.32,232.29,-0.19,-0.25
2025-08-06T11:53:42Z,0.72,116.22,-0.32,0.64
2025-08-06T11:54:42Z,0.57,182.28,-0.57,-0.02
2025-08-06T11:55:42Z,0.13,90.68,-0,0.13
2025-08-06T11:56:42Z,0.28,234.39,-0.16,-0.22
2025-08-06T11:57:42Z,0.32,281.06,0.06,-0.32
2025-08-06T11:58:42Z,0.41,271.27,0.01,-0.41
2025-08-06T11:59:42Z,0.59,194.78,-0.57,-0.15
2025-08-06T12:00:42Z,0.52,254.73,-0.14,-0.5
2025-08-06T12:01:42Z,0.09,344.65,0.08,-0.02
2025-08-06T12:02:42Z,0.45,103.53,-0.11,0.44
2025-08-06T12:03:42Z,0.04,10.16,0.04,0.01
2025-08-06T12:04:42Z,0.31,268.77,-0.01,-0.31
2025-08-06T12:05:42Z,0.5,250.28,-0.17,-0.47
2025-08-06T12:06:42Z,0.5,123.53,-0.27,0.41
2025-08-06T12:07:42Z,0.55,144.71,-0.45,0.32
2025-08-06T12:08:42Z,1.08,118.11,-0.51,0.95
2025-08-06T12:09:42Z,0.52,183.62,-0.52,-0.03
2025-08-06T12:10:42Z,0.55,128.39,-0.34,0.43
2025-08-06T12:11:42Z,0.81,290.41,0.28,-0.76
2025-08-06T12:12:42Z,0.5,199.09,-0.47,-0.16
2025-08-06T12:13:42Z,0.07,75.03,0.02,0.06
2025-08-06T12:14:42Z,0.67,262.99,-0.08,-0.67
2025-08-06T12:15:42Z,0.27,107.06,-0.08,0.26
2025-08-06T12:16:42Z,0.64,222.65,-0.47,-0.43
2025-08-06T12:17:42Z,0.4,228.91,-0.27,-0.3
2025-08-06T12:18:42Z,0.13,278.26,0.02,-0.13
2025-08-06T12:19:42Z,0.22,235.25,-0.13,-0.18
2025-08-06T12:20:42Z,0.7,262.26,-0.09,-0.7
2025-08-06T12:21:42Z,0.88,270.82,0.01,-0.88
2025-08-06T12:22:42Z,0.47,261,-0.07,-0.46
2025-08-06T12:23:42Z,0.74,258.58,-0.15,-0.73
2025-08-06T12:24:42Z,0.79,282.93,0.18,-0.77
2025-08-06T12:25:42Z,0.37,236.65,-0.21,-0.31
2025-08-06T12:26:42Z,0.5,259.17,-0.09,-0.49
2025-08-06T12:27:42Z,0.81,232.33,-0.49,-0.64
2025-08-06T12:28:42Z,0.66,254.48,-0.18,-0.63
2025-08-06T12:29:42Z,0.44,76.2,0.1,0.43
2025-08-06T12:30:42Z,0.26,123.98,-0.15,0.22
2025-08-06T12:31:42Z,0.25,145.11,-0.2,0.14
2025-08-06T12:32:42Z,0.29,356.25,0.29,-0.02
2025-08-06T12:33:42Z,0.3,299.1,0.14,-0.26
2025-08-06T12:34:42Z,0.53,289.39,0.17,-0.5
2025-08-06T12:35:42Z,0.16,342.57,0.15,-0.05
2025-08-06T12:36:42Z,0.77,267.32,-0.04,-0.77
2025-08-06T12:37:42Z,0.6,234.75,-0.34,-0.49
2025-08-06T12:38:42Z,0.35,196.12,-0.34,-0.1
2025-08-06T12:39:42Z,0.73,317.16,0.54,-0.5
2025-08-06T12:40:42Z,0.27,292.43,0.1,-0.25
2025-08-06T12:41:42Z,0.24,179.32,-0.24,0
2025-08-06T12:42:42Z,0.58,276.34,0.06,-0.58
2025-08-06T12:43:42Z,0.41,229.03,-0.27,-0.31
2025-08-06T12:44:42Z,0.51,270.31,0,-0.51
2025-08-06T12:45:42Z,0.4,269.24,-0.01,-0.4
2025-08-06T12:46:42Z,0.21,328.66,0.18,-0.11
2025-08-06T12:47:42Z,0.38,236.23,-0.21,-0.32
2025-08-06T12:48:42Z,0.74,290.21,0.25,-0.69
2025-08-06T12:49:42Z,0.4,331.53,0.35,-0.19
2025-08-06T12:50:42Z,0.7,308.45,0.44,-0.55
2025-08-06T12:51:42Z,0.66,247.04,-0.26,-0.61
2025-08-06T12:52:42Z,0.08,252.67,-0.02,-0.07
2025-08-06T12:53:42Z,0.69,116.19,-0.31,0.62
2025-08-06T12:54:42Z,0.41,161.4,-0.39,0.13
2025-08-06T12:55:42Z,0.36,135.67,-0.26,0.25
2025-08-06T12:56:42Z,0.38,152.75,-0.34,0.17
2025-08-06T12:57:42Z,0.37,182.47,-0.37,-0.02
2025-08-06T12:58:42Z,0.7,89.5,0.01,0.7
2025-08-06T12:59:42Z,0.63,125.09,-0.36,0.51
2025-08-06T13:00:42Z,0.37,232.54,-0.23,-0.3
2025-08-06T13:01:42Z,0.48,164.1,-0.46,0.13
2025-08-06T13:02:42Z,0.6,183.2,-0.6,-0.03
2025-08-06T13:03:42Z,0.24,140.65,-0.19,0.15
2025-08-06T13:04:42Z,0.66,156,-0.6,0.27
2025-08-06T13:05:42Z,0.25,139.38,-0.19,0.16
2025-08-06T13:06:42Z,0.63,113.26,-0.25,0.57
2025-08-06T13:07:42Z,0.51,187.75,-0.51,-0.07
2025-08-06T13:08:42Z,0.12,267.27,-0.01,-0.12
2025-08-06T13:09:42Z,0.47,115.21,-0.2,0.43
2025-08-06T13:10:42Z,0.53,140.93,-0.41,0.33
2025-08-06T13:11:42Z,0.7,186.93,-0.69,-0.08
2025-08-06T13:12:42Z,0.21,181.37,-0.21,-0.01
2025-08-06T13:13:42Z,0.7,137.34,-0.52,0.48
2025-08-06T13:14:42Z,0.37,205.53,-0.34,-0.16
2025-08-06T13:15:42Z,0.37,143.74,-0.29,0.22
2025-08-06T13:16:42Z,0.14,198.86,-0.14,-0.05
2025-08-06T13:17:42Z,0.64,126.28,-0.38,0.52
2025-08-06T13:18:42Z,0.13,153.41,-0.11,0.06
2025-08-06T13:19:42Z,0.24,40.1,0.18,0.15
2025-08-06T13:20:42Z,0.61,143.54,-0.49,0.36
2025-08-06T13:21:42Z,0.41,145.73,-0.34,0.23
2025-08-06T13:22:42Z,0.81,118.84,-0.39,0.71
2025-08-06T13:23:42Z,0.15,280.3,0.03,-0.14
2025-08-06T13:24:42Z,0.65,119.64,-0.32,0.57
2025-08-06T13:25:42Z,0.53,174.81,-0.53,0.05
2025-08-06T13:26:42Z,0.37,227.99,-0.25,-0.27
2025-08-06T13:27:42Z,0.32,166.79,-0.31,0.07
2025-08-06T13:28:42Z,1.08,127.32,-0.66,0.86
2025-08-06T13:29:42Z,0.46,112.89,-0.18,0.42
2025-08-06T13:30:42Z,0.56,152.65,-0.5,0.26
2025-08-06T13:31:42Z,0.28,156.03,-0.26,0.11
2025-08-06T13:32:42Z,0.27,227.48,-0.18,-0.2
2025-08-06T13:33:42Z,0.3,209.05,-0.26,-0.15
2025-08-06T13:34:42Z,0.04,312.67,0.02,-0.03
2025-08-06T13:35:42Z,0.52,302.6,0.28,-0.44
2025-08-06T13:36:42Z,0.42,229.68,-0.27,-0.32
2025-08-06T13:37:42Z,0.35,220.73,-0.26,-0.23
2025-08-06T13:38:42Z,0.27,244.33,-0.12,-0.24
2025-08-06T13:39:42Z,0.3,62.79,0.14,0.27
2025-08-06T13:40:42Z,0.85,136.55,-0.62,0.59
2025-08-06T13:41:42Z,0.26,160.22,-0.24,0.09
2025-08-06T13:42:42Z,0.21,108.83,-0.07,0.2
2025-08-06T13:43:42Z,0.14,100.02,-0.02,0.13
2025-08-06T13:44:42Z,0.26,133.79,-0.18,0.19
2025-08-06T13:45:42Z,0.45,142.42,-0.36,0.27
2025-08-06T13:46:42Z,0.56,119.17,-0.27,0.49
2025-08-06T13:47:42Z,0.58,259.34,-0.11,-0.57
2025-08-06T13:48:42Z,0.3,209.96,-0.26,-0.15
2025-08-06T13:49:42Z,0.33,251.88,-0.1,-0.31
2025-08-06T13:50:42Z,0.17,216.81,-0.14,-0.1
2025-08-06T13:51:42Z,0.77,133.64,-0.53,0.56
2025-08-06T13:52:42Z,0.17,205.6,-0.15,-0.07
2025-08-06T13:53:42Z,0.46,150.48,-0.4,0.23
2025-08-06T13:54:42Z,0.4,245.46,-0.17,-0.36
2025-08-06T13:55:42Z,0.48,253.45,-0.14,-0.46
2025-08-06T13:56:42Z,0.15,136.97,-0.11,0.1
2025-08-06T13:57:42Z,0.5,107.47,-0.15,0.47
2025-08-06T13:58:42Z,0.44,226.91,-0.3,-0.32
2025-08-06T13:59:42Z,0.37,284.25,0.09,-0.36
2025-08-06T14:00:42Z,0.43,229.38,-0.28,-0.32
2025-08-06T14:01:42Z,0.36,170.29,-0.36,0.06
2025-08-06T14:02:42Z,0.26,272.51,0.01,-0.26
2025-08-06T14:03:42Z,0.29,183.05,-0.29,-0.02
2025-08-06T14:04:42Z,0.56,214.33,-0.46,-0.31
2025-08-06T14:05:42Z,0.2,346.26,0.19,-0.05
2025-08-06T14:06:42Z,0.47,188.85,-0.46,-0.07
2025-08-06T14:07:42Z,0.12,90.4,-0,0.12
2025-08-06T14:08:42Z,0.23,229.16,-0.15,-0.17
2025-08-06T14:09:42Z,0.44,150.94,-0.38,0.21
2025-08-06T14:10:42Z,0.62,290.44,0.22,-0.58
2025-08-06T14:11:42Z,0.67,301.17,0.35,-0.57
2025-08-06T14:12:42Z,0.54,231.05,-0.34,-0.42
2025-08-06T14:13:42Z,0.14,255.01,-0.04,-0.13
2025-08-06T14:14:42Z,0.25,280.41,0.04,-0.24
2025-08-06T14:15:42Z,0.5,251.83,-0.16,-0.48
2025-08-06T14:16:42Z,0.8,252.25,-0.24,-0.76
2025-08-06T14:17:42Z,0.44,271.56,0.01,-0.44
2025-08-06T14:18:42Z,0.33,101.31,-0.06,0.32
2025-08-06T14:19:42Z,0.16,154.97,-0.14,0.07
2025-08-06T14:20:42Z,0.38,212.74,-0.32,-0.2
2025-08-06T14:21:42Z,0.34,219.93,-0.26,-0.22
2025-08-06T14:22:42Z,0.2,169.22,-0.2,0.04
2025-08-06T14:23:42Z,0.42,175.28,-0.42,0.03
2025-08-06T14:24:42Z,0.46,224.05,-0.33,-0.32
2025-08-06T14:25:42Z,0.74,227.41,-0.5,-0.55
2025-08-06T14:26:42Z,0.17,335.77,0.16,-0.07
2025-08-06T14:27:42Z,0.44,229.28,-0.29,-0.33
2025-08-06T14:28:42Z,0.2,253.6,-0.06,-0.19
2025-08-06T14:29:42Z,0.42,200.15,-0.39,-0.14
2025-08-06T14:30:42Z,0.07,328.44,0.06,-0.04
2025-08-06T14:31:42Z,0.37,269.18,-0.01,-0.37
2025-08-06T14:32:42Z,0.7,240.19,-0.35,-0.61
2025-08-06T14:33:42Z,0.38,215.97,-0.31,-0.23
2025-08-06T14:34:42Z,0.36,243.84,-0.16,-0.33
2025-08-06T14:35:42Z,0.56,259.41,-0.1,-0.55
2025-08-06T14:36:42Z,0.69,203.54,-0.63,-0.28
2025-08-06T14:37:42Z,0.3,277.29,0.04,-0.3
2025-08-06T14:38:42Z,0.39,216.58,-0.31,-0.23
2025-08-06T14:39:42Z,0.36,246.85,-0.14,-0.33
2025-08-06T14:40:42Z,0.34,133.6,-0.24,0.25
2025-08-06T14:41:42Z,0.35,232.9,-0.21,-0.28
2025-08-06T14:42:42Z,0.26,230.5,-0.17,-0.2
2025-08-06T14:43:42Z,0.53,213.13,-0.44,-0.29
2025-08-06T14:44:42Z,0.32,222.7,-0.24,-0.22
2025-08-06T14:45:42Z,0.12,289.39,0.04,-0.12
2025-08-06T14:46:42Z,0.52,281.73,0.11,-0.51
2025-08-06T14:47:42Z,0.72,283.44,0.17,-0.7
2025-08-06T14:48:42Z,0.57,283.05,0.13,-0.55
2025-08-06T14:49:42Z,1.27,296.34,0.56,-1.14
2025-08-06T14:50:42Z,0.46,261.34,-0.07,-0.45
2025-08-06T14:51:42Z,0.66,267.58,-0.03,-0.66
2025-08-06T14:52:42Z,1,267.71,-0.04,-1
2025-08-06T14:53:42Z,0.82,260.64,-0.13,-0.81
2025-08-06T14:54:42Z,1.07,252.26,-0.32,-1.01
2025-08-06T14:55:42Z,0.4,335.82,0.37,-0.17
2025-08-06T14:56:42Z,1.46,312.14,0.98,-1.08
2025-08-06T14:57:42Z,1.06,344.77,1.02,-0.28
2025-08-06T14:58:42Z,1.02,279.71,0.17,-1.01
2025-08-06T14:59:42Z,0.46,236.59,-0.25,-0.38
2025-08-06T15:00:42Z,2.01,263.14,-0.24,-1.99
2025-08-06T15:01:42Z,0.97,261.58,-0.14,-0.96
2025-08-06T15:02:42Z,0.46,285.22,0.12,-0.44
2025-08-06T15:03:42Z,0.33,228.43,-0.22,-0.25
2025-08-06T15:04:42Z,1.07,279.49,0.18,-1.05
2025-08-06T15:05:42Z,1.33,287.58,0.4,-1.26
2025-08-06T15:06:42Z,0.7,263.39,-0.08,-0.69
2025-08-06T15:07:42Z,0.63,278.73,0.1,-0.62
2025-08-06T15:08:42Z,0.76,269.44,-0.01,-0.76
2025-08-06T15:09:42Z,2.09,269.07,-0.03,-2.09
2025-08-06T15:10:42Z,1.42,272.98,0.07,-1.42
2025-08-06T15:11:42Z,1.26,262.73,-0.16,-1.25
2025-08-06T15:12:42Z,1.28,274.34,0.1,-1.28
2025-08-06T15:13:42Z,2.01,275.71,0.2,-2
2025-08-06T15:14:42Z,0.71,279.93,0.12,-0.7
2025-08-06T15:15:42Z,1.13,283.05,0.25,-1.1
2025-08-06T15:16:42Z,1.01,268.1,-0.03,-1.01
2025-08-06T15:17:42Z,0.95,264.44,-0.09,-0.95
2025-08-06T15:18:42Z,1.49,261.69,-0.21,-1.47
2025-08-06T15:19:42Z,1.19,263.54,-0.13,-1.18
2025-08-06T15:20:42Z,0.97,266.1,-0.07,-0.97
2025-08-06T15:21:42Z,1.37,263.65,-0.15,-1.36
2025-08-06T15:22:42Z,1.86,256.67,-0.43,-1.81
2025-08-06T15:23:42Z,1.41,261.98,-0.2,-1.39
2025-08-06T15:24:42Z,1.54,270.89,0.02,-1.54
2025-08-06T15:25:42Z,1.48,271.56,0.04,-1.48
2025-08-06T15:26:42Z,1.54,264.35,-0.15,-1.53
2025-08-06T15:27:42Z,1.47,251.12,-0.48,-1.39
2025-08-06T15:28:42Z,1.56,263.53,-0.18,-1.55
2025-08-06T15:29:42Z,0.6,220.69,-0.45,-0.39
2025-08-06T15:30:42Z,0.81,280.5,0.15,-0.8
2025-08-06T15:31:42Z,1.04,273.47,0.06,-1.03
2025-08-06T15:32:42Z,0.65,234.11,-0.38,-0.53
2025-08-06T15:33:42Z,1.14,260.93,-0.18,-1.13
2025-08-06T15:34:42Z,0.85,245.16,-0.36,-0.77
2025-08-06T15:35:42Z,0.82,274.73,0.07,-0.82
2025-08-06T15:36:42Z,0.75,285.67,0.2,-0.73
2025-08-06T15:37:42Z,1.16,283.89,0.28,-1.12
2025-08-06T15:38:42Z,0.68,238.67,-0.35,-0.58
2025-08-06T15:39:42Z,0.49,215.87,-0.4,-0.29
2025-08-06T15:40:42Z,0.44,186.61,-0.44,-0.05
2025-08-06T15:41:42Z,1.12,269.17,-0.02,-1.12
2025-08-06T15:42:42Z,0.71,286.98,0.21,-0.68
2025-08-06T15:43:42Z,1.12,253.62,-0.32,-1.08
2025-08-06T15:44:42Z,0.76,279.72,0.13,-0.75
2025-08-06T15:45:42Z,0.57,257.13,-0.13,-0.56
2025-08-06T15:46:42Z,0.96,269.85,-0,-0.96
2025-08-06T15:47:42Z,0.27,239.79,-0.14,-0.23
2025-08-06T15:48:42Z,0.85,247.06,-0.33,-0.78
2025-08-06T15:49:42Z,0.97,266.93,-0.05,-0.97
2025-08-06T15:50:42Z,0.62,255.15,-0.16,-0.6
2025-08-06T15:51:42Z,1.17,255.81,-0.29,-1.13
2025-08-06T15:52:42Z,0.63,270.99,0.01,-0.63
2025-08-06T15:53:42Z,0.52,235.77,-0.29,-0.43
2025-08-06T15:54:42Z,0.44,265.69,-0.03,-0.44
2025-08-06T15:55:42Z,0.5,204.88,-0.45,-0.21
2025-08-06T15:56:42Z,0.55,237.6,-0.29,-0.46
2025-08-06T15:57:42Z,0.44,258.57,-0.09,-0.43
2025-08-06T15:58:42Z,0.32,258.24,-0.07,-0.32
2025-08-06T15:59:42Z,0.7,203.52,-0.64,-0.28
2025-08-06T16:00:42Z,0.33,178.15,-0.33,0.01
2025-08-06T16:01:42Z,0.54,261.72,-0.08,-0.53
2025-08-06T16:02:42Z,0.72,265.31,-0.06,-0.72
2025-08-06T16:03:42Z,0.34,248.86,-0.12,-0.31
2025-08-06T16:04:42Z,0.43,239.64,-0.22,-0.37
2025-08-06T16:05:42Z,0.22,242.16,-0.1,-0.2
2025-08-06T16:06:42Z,0.04,293.48,0.01,-0.03
2025-08-06T16:07:42Z,0.37,241.27,-0.18,-0.32
2025-08-06T16:08:42Z,0.14,237.67,-0.07,-0.12
2025-08-06T16:09:42Z,0.37,276.11,0.04,-0.36
2025-08-06T16:10:42Z,0.63,274.66,0.05,-0.63
2025-08-06T16:11:42Z,0.21,113.41,-0.08,0.2
2025-08-06T16:12:42Z,0.49,210.82,-0.42,-0.25
2025-08-06T16:13:42Z,0.29,291.07,0.11,-0.27
2025-08-06T16:14:42Z,0.2,225.24,-0.14,-0.14
2025-08-06T16:15:42Z,0.36,199.53,-0.34,-0.12
2025-08-06T16:16:42Z,0.28,139.53,-0.21,0.18
2025-08-06T16:17:42Z,0.61,285.3,0.16,-0.59
2025-08-06T16:18:42Z,0.22,95.57,-0.02,0.22
2025-08-06T16:19:42Z,0.82,272.83,0.04,-0.82
2025-08-06T16:20:42Z,0.21,260.74,-0.03,-0.2
2025-08-06T16:21:42Z,0.35,253.59,-0.1,-0.34
2025-08-06T16:22:42Z,0.18,288.36,0.06,-0.17
2025-08-06T16:23:42Z,0.73,267.73,-0.03,-0.73
2025-08-06T16:24:42Z,0.49,275.76,0.05,-0.49
2025-08-06T16:25:42Z,0.36,272.45,0.02,-0.36
2025-08-06T16:26:42Z,0.39,358.97,0.39,-0.01
2025-08-06T16:27:42Z,0.3,191.66,-0.29,-0.06
2025-08-06T16:28:42Z,0.27,319.86,0.21,-0.17
2025-08-06T16:29:42Z,0.42,216.15,-0.34,-0.25
2025-08-06T16:30:42Z,0.44,130.13,-0.28,0.33
2025-08-06T16:31:42Z,0.69,129.08,-0.44,0.54
2025-08-06T16:32:42Z,0.13,177.51,-0.13,0.01
2025-08-06T16:33:42Z,0.28,271.95,0.01,-0.28
2025-08-06T16:34:42Z,1.01,304.27,0.57,-0.83
2025-08-06T16:35:42Z,0.01,179.02,-0.01,0
2025-08-06T16:36:42Z,0.89,284.44,0.22,-0.86
2025-08-06T16:37:42Z,0.13,245.53,-0.05,-0.12
2025-08-06T16:38:42Z,0.31,59.9,0.16,0.27
2025-08-06T16:39:42Z,0.58,232.16,-0.35,-0.45
2025-08-06T16:40:42Z,0.28,242.95,-0.13,-0.25
2025-08-06T16:41:42Z,0.23,272.22,0.01,-0.23
2025-08-06T16:42:42Z,0.34,219.84,-0.26,-0.22
2025-08-06T16:43:42Z,0.38,199.82,-0.35,-0.13
2025-08-06T16:44:42Z,0.39,182.55,-0.39,-0.02
2025-08-06T16:45:42Z,0.54,102.69,-0.12,0.52
2025-08-06T16:46:42Z,0.1,193.74,-0.1,-0.02
2025-08-06T16:47:42Z,0.41,290.39,0.14,-0.38
2025-08-06T16:48:42Z,0.41,83.32,0.05,0.41
2025-08-06T16:49:42Z,0.39,251.73,-0.12,-0.37
2025-08-06T16:50:42Z,0.23,194.2,-0.22,-0.06
2025-08-06T16:51:42Z,0.4,264.1,-0.04,-0.4
2025-08-06T16:52:42Z,0.5,286.02,0.14,-0.49
2025-08-06T16:53:42Z,0.37,269.52,-0,-0.37
2025-08-06T16:54:42Z,1.11,277.41,0.14,-1.1
2025-08-06T16:55:42Z,0.3,119.56,-0.15,0.26
2025-08-06T16:56:42Z,0.36,66.8,0.14,0.33
2025-08-06T16:57:42Z,0.43,119.39,-0.21,0.37
2025-08-06T16:58:42Z,0.93,279.21,0.15,-0.92
2025-08-06T16:59:42Z,0.36,282.06,0.07,-0.35
2025-08-06T17:00:42Z,0.74,260.9,-0.12,-0.73
2025-08-06T17:01:42Z,0.41,234.19,-0.24,-0.33
2025-08-06T17:02:42Z,0.28,266.02,-0.02,-0.28
2025-08-06T17:03:42Z,0.37,299.11,0.18,-0.32
2025-08-06T17:04:42Z,0.33,284.03,0.08,-0.32
2025-08-06T17:05:42Z,0.91,106.19,-0.25,0.88
2025-08-06T17:06:42Z,0.75,329.23,0.65,-0.39
2025-08-06T17:07:42Z,0.34,127.14,-0.21,0.27
2025-08-06T17:08:42Z,0.57,263.75,-0.06,-0.56
2025-08-06T17:09:42Z,0.27,289.91,0.09,-0.26
2025-08-06T17:10:42Z,0.24,84.57,0.02,0.24
2025-08-06T17:11:42Z,0.56,281.14,0.11,-0.55
2025-08-06T17:12:42Z,0.51,235.44,-0.29,-0.42
2025-08-06T17:13:42Z,0.19,278.85,0.03,-0.19
2025-08-06T17:14:42Z,0.21,188.01,-0.21,-0.03
2025-08-06T17:15:42Z,0.6,228.91,-0.4,-0.46
2025-08-06T17:16:42Z,0.22,268.75,-0,-0.22
2025-08-06T17:17:42Z,0.88,286.01,0.24,-0.85
2025-08-06T17:18:42Z,0.04,333.15,0.04,-0.02
2025-08-06T17:19:42Z,0.17,322.57,0.13,-0.1
2025-08-06T17:20:42Z,0.35,272.41,0.01,-0.35
2025-08-06T17:21:42Z,0.13,322.75,0.11,-0.08
2025-08-06T17:22:42Z,0.38,303.6,0.21,-0.32
2025-08-06T17:23:42Z,0.22,312.35,0.15,-0.16
2025-08-06T17:24:42Z,0.55,125,-0.32,0.45
2025-08-06T17:25:42Z,0.4,104.47,-0.1,0.39
2025-08-06T17:26:42Z,0.46,73.44,0.13,0.44
2025-08-06T17:27:42Z,0.26,293.05,0.1,-0.24
2025-08-06T17:28:42Z,0.51,263.1,-0.06,-0.5
2025-08-06T17:29:42Z,0.21,278.36,0.03,-0.2
2025-08-06T17:30:42Z,0.67,269.04,-0.01,-0.67
2025-08-06T17:31:42Z,0.25,310.27,0.16,-0.19
2025-08-06T17:32:42Z,0.15,260.91,-0.02,-0.15
2025-08-06T17:33:42Z,0.45,317.42,0.33,-0.31
2025-08-06T17:34:42Z,0.72,271.19,0.01,-0.72
2025-08-06T17:35:42Z,0.22,338.04,0.2,-0.08
2025-08-06T17:36:42Z,0.05,244.19,-0.02,-0.05
2025-08-06T17:37:42Z,0.17,295.24,0.07,-0.15
2025-08-06T17:38:42Z,0.2,148.17,-0.17,0.1
2025-08-06T17:39:42Z,0.21,142.28,-0.16,0.13
2025-08-06T17:40:42Z,0.43,43.59,0.31,0.3
2025-08-06T17:41:42Z,0.58,151.24,-0.51,0.28
2025-08-06T17:42:42Z,0.35,343.27,0.34,-0.1
2025-08-06T17:43:42Z,0.28,268.7,-0.01,-0.28
2025-08-06T17:44:42Z,0.13,38.38,0.11,0.08
2025-08-06T17:45:42Z,0.4,121.27,-0.21,0.34
2025-08-06T17:46:42Z,0.31,212.19,-0.26,-0.16
2025-08-06T17:47:42Z,0.26,110.09,-0.09,0.24
2025-08-06T17:48:42Z,0.55,300.71,0.28,-0.48
2025-08-06T17:49:42Z,0.07,255.88,-0.02,-0.07
2025-08-06T17:50:42Z,0.53,244.73,-0.22,-0.48
2025-08-06T17:51:42Z,0.23,333.95,0.21,-0.1
2025-08-06T17:52:42Z,0.35,270.94,0.01,-0.35
2025-08-06T17:53:42Z,0.37,287.93,0.11,-0.35
2025-08-06T17:54:42Z,0.25,297.47,0.12,-0.22
2025-08-06T17:55:42Z,0.45,293.3,0.18,-0.41
2025-08-06T17:56:42Z,0.21,333.68,0.19,-0.1
2025-08-06T17:57:42Z,0.19,215.02,-0.16,-0.11
2025-08-06T17:58:42Z,0.38,231.46,-0.24,-0.3
2025-08-06T17:59:42Z,0.17,215.78,-0.14,-0.1
2025-08-06T18:00:42Z,0.34,196.35,-0.33,-0.1
2025-08-06T18:01:42Z,0.29,230.33,-0.18,-0.22
2025-08-06T18:02:42Z,0.11,229.81,-0.07,-0.08
2025-08-06T18:03:42Z,0.26,111.49,-0.1,0.24
2025-08-06T18:04:42Z,0.33,119.64,-0.16,0.29
2025-08-06T18:05:42Z,0.46,107.59,-0.14,0.44
2025-08-06T18:06:42Z,0.26,270.05,0,-0.26
2025-08-06T18:07:42Z,0.46,288.58,0.15,-0.44
2025-08-06T18:08:42Z,0.57,150.54,-0.5,0.28
2025-08-06T18:09:42Z,0.68,288.53,0.22,-0.64
2025-08-06T18:10:42Z,0.39,5.69,0.39,0.04
2025-08-06T18:11:42Z,0.78,332.6,0.69,-0.36
2025-08-06T18:12:42Z,0.22,75.07,0.06,0.21
2025-08-06T18:13:42Z,0.09,28.49,0.08,0.04
2025-08-06T18:14:42Z,0.28,256.62,-0.06,-0.27
2025-08-06T18:15:42Z,0.48,304.46,0.27,-0.4
2025-08-06T18:16:42Z,0.11,340.86,0.1,-0.04
2025-08-06T18:17:42Z,0.47,330.8,0.41,-0.23
2025-08-06T18:18:42Z,0.48,225.12,-0.34,-0.34
2025-08-06T18:19:42Z,0.19,295.32,0.08,-0.17
2025-08-06T18:20:42Z,0.36,270.85,0.01,-0.36
2025-08-06T18:21:42Z,0.62,286.28,0.17,-0.59
2025-08-06T18:22:42Z,0.82,263.04,-0.1,-0.81
2025-08-06T18:23:42Z,0.18,306.44,0.11,-0.15
2025-08-06T18:24:42Z,0.24,344.34,0.23,-0.07
2025-08-06T18:25:42Z,0.28,2.18,0.28,0.01
2025-08-06T18:26:42Z,0.33,263.38,-0.04,-0.33
2025-08-06T18:27:42Z,0.41,209.69,-0.35,-0.2
2025-08-06T18:28:42Z,0.37,264.45,-0.04,-0.37
2025-08-06T18:29:42Z,0.25,224.56,-0.18,-0.18
2025-08-06T18:30:42Z,0.06,191.02,-0.05,-0.01
2025-08-06T18:31:42Z,0.38,299.37,0.19,-0.33
2025-08-06T18:32:42Z,0.68,284.71,0.17,-0.66
2025-08-06T18:33:42Z,0.33,261.63,-0.05,-0.33
2025-08-06T18:34:42Z,0.17,220.36,-0.13,-0.11
2025-08-06T18:35:42Z,0.37,324.27,0.3,-0.22
2025-08-06T18:36:42Z,0.23,32.12,0.2,0.12
2025-08-06T18:37:42Z,0.51,75.54,0.13,0.49
2025-08-06T18:38:42Z,0.11,272.38,0,-0.11
2025-08-06T18:39:42Z,0.26,282.44,0.06,-0.26
2025-08-06T18:40:42Z,0.33,237.86,-0.17,-0.28
2025-08-06T18:41:42Z,0.34,264.57,-0.03,-0.34
2025-08-06T18:42:42Z,0.34,323.5,0.27,-0.2
2025-08-06T18:43:42Z,0.11,232.49,-0.06,-0.08
2025-08-06T18:44:42Z,0.65,259.68,-0.12,-0.64
2025-08-06T18:45:42Z,0.15,308.29,0.09,-0.12
2025-08-06T18:46:42Z,0.21,308.84,0.13,-0.16
2025-08-06T18:47:42Z,0.37,186.48,-0.37,-0.04
2025-08-06T18:48:42Z,0.4,294.46,0.17,-0.36
2025-08-06T18:49:42Z,0.25,303.63,0.14,-0.21
2025-08-06T18:50:42Z,0.11,359.38,0.11,-0
2025-08-06T18:51:42Z,0.28,332.75,0.25,-0.13
2025-08-06T18:52:42Z,0.2,142.68,-0.16,0.12
2025-08-06T18:53:42Z,0.62,260.78,-0.1,-0.61
2025-08-06T18:54:42Z,0.27,108.18,-0.08,0.25
2025-08-06T18:55:42Z,0.41,260.91,-0.07,-0.41
2025-08-06T18:56:42Z,0.14,240.57,-0.07,-0.12
2025-08-06T18:57:42Z,0.33,214.26,-0.27,-0.19
2025-08-06T18:58:42Z,0.27,278.22,0.04,-0.27
2025-08-06T18:59:42Z,0.08,104.29,-0.02,0.07
2025-08-06T19:00:42Z,0.22,227.34,-0.15,-0.16
2025-08-06T19:01:42Z,0.22,232.65,-0.13,-0.17
2025-08-06T19:02:42Z,0.75,242.08,-0.35,-0.66
2025-08-06T19:03:42Z,0.84,271.89,0.03,-0.84
2025-08-06T19:04:42Z,0.29,251.25,-0.09,-0.28
2025-08-06T19:05:42Z,0.61,235.18,-0.35,-0.5
2025-08-06T19:06:42Z,0.52,209.08,-0.46,-0.25
2025-08-06T19:07:42Z,0.4,189.75,-0.39,-0.07
2025-08-06T19:08:42Z,0.15,43.6,0.11,0.1
2025-08-06T19:09:42Z,0.74,313.62,0.51,-0.54
2025-08-06T19:10:42Z,0.37,276.09,0.04,-0.37
2025-08-06T19:11:42Z,0.21,21.53,0.2,0.08
2025-08-06T19:12:42Z,0.2,342.87,0.19,-0.06
2025-08-06T19:13:42Z,0.24,82.74,0.03,0.24
2025-08-06T19:14:42Z,0.29,243.64,-0.13,-0.26
2025-08-06T19:15:42Z,0.46,150.55,-0.4,0.23
2025-08-06T19:16:42Z,0.54,212.98,-0.45,-0.29
2025-08-06T19:17:42Z,0.42,118.59,-0.2,0.37
2025-08-06T19:18:42Z,0.04,265.21,-0,-0.04
2025-08-06T19:19:42Z,0.2,277.81,0.03,-0.2
2025-08-06T19:20:42Z,0.35,277.51,0.05,-0.35
2025-08-06T19:21:42Z,0.46,251.55,-0.15,-0.44
2025-08-06T19:22:42Z,0.23,191.46,-0.23,-0.05
2025-08-06T19:23:42Z,0.74,260.95,-0.12,-0.73
2025-08-06T19:24:42Z,0.42,303.76,0.23,-0.35
2025-08-06T19:25:42Z,0.51,127.02,-0.3,0.4
2025-08-06T19:26:42Z,0.42,170.76,-0.41,0.07
2025-08-06T19:27:42Z,0.22,225.87,-0.15,-0.16
2025-08-06T19:28:42Z,0.08,64.65,0.03,0.07
2025-08-06T19:29:42Z,0.36,275.31,0.03,-0.35
2025-08-06T19:30:42Z,0.3,262,-0.04,-0.3
2025-08-06T19:31:42Z,0.46,202.09,-0.43,-0.17
2025-08-06T19:32:42Z,0.44,244.65,-0.19,-0.4
2025-08-06T19:33:42Z,0.07,190.17,-0.06,-0.01
2025-08-06T19:34:42Z,0.1,11.59,0.1,0.02
2025-08-06T19:35:42Z,0.22,247.12,-0.08,-0.2
2025-08-06T19:36:42Z,0.3,207.82,-0.27,-0.14
2025-08-06T19:37:42Z,0.49,229.65,-0.32,-0.38
2025-08-06T19:38:42Z,0.53,266.7,-0.03,-0.53
2025-08-06T19:39:42Z,0.58,241.82,-0.28,-0.52
2025-08-06T19:40:42Z,0.59,248.21,-0.22,-0.55
2025-08-06T19:41:42Z,0.43,275.5,0.04,-0.43
2025-08-06T19:42:42Z,0.38,345.71,0.37,-0.09
2025-08-06T19:43:42Z,0.15,91.33,-0,0.15
2025-08-06T19:44:42Z,0.59,308.57,0.37,-0.46
2025-08-06T19:45:42Z,0.4,279.71,0.07,-0.39
2025-08-06T19:46:42Z,0.33,219.69,-0.25,-0.21
2025-08-06T19:47:42Z,0.47,268.27,-0.01,-0.47
2025-08-06T19:48:42Z,0.58,291.93,0.22,-0.54
2025-08-06T19:49:42Z,0.78,267.12,-0.04,-0.78
2025-08-06T19:50:42Z,0.2,226.25,-0.14,-0.15
2025-08-06T19:51:42Z,0.52,206.79,-0.47,-0.23
2025-08-06T19:52:42Z,0.11,240.47,-0.06,-0.1
2025-08-06T19:53:42Z,0.25,204.61,-0.23,-0.1
2025-08-06T19:54:42Z,0.31,233.14,-0.18,-0.25
2025-08-06T19:55:42Z,0.53,256.13,-0.13,-0.52
2025-08-06T19:56:42Z,0.79,270.29,0,-0.79
2025-08-06T19:57:42Z,0.43,236.04,-0.24,-0.36
2025-08-06T19:58:42Z,0.52,282.39,0.11,-0.51
2025-08-06T19:59:42Z,0.37,275.57,0.04,-0.37
2025-08-06T20:00:42Z,0.42,290.31,0.15,-0.39
2025-08-06T20:01:42Z,0.32,164.12,-0.3,0.09
2025-08-06T20:02:42Z,0.38,274.49,0.03,-0.38
2025-08-06T20:03:42Z,0.46,272.09,0.02,-0.46
2025-08-06T20:04:42Z,0.2,353.1,0.2,-0.02
2025-08-06T20:05:42Z,0.41,184.7,-0.41,-0.03
2025-08-06T20:06:42Z,0.22,147.88,-0.19,0.12
2025-08-06T20:07:42Z,0.04,209.32,-0.03,-0.02
2025-08-06T20:08:42Z,0.54,246.34,-0.22,-0.5
2025-08-06T20:09:42Z,0.9,247.93,-0.34,-0.84
2025-08-06T20:10:42Z,0.54,260.97,-0.09,-0.54
2025-08-06T20:11:42Z,0.34,309.69,0.22,-0.26
2025-08-06T20:12:42Z,0.58,264.68,-0.05,-0.58
2025-08-06T20:13:42Z,0.69,276.75,0.08,-0.69
2025-08-06T20:14:42Z,0.48,199.25,-0.45,-0.16
2025-08-06T20:15:42Z,0.11,334.04,0.1,-0.05
2025-08-06T20:16:42Z,0.31,303.84,0.17,-0.26
2025-08-06T20:17:42Z,0.23,276.34,0.03,-0.23
2025-08-06T20:18:42Z,0.45,271,0.01,-0.45
2025-08-06T20:19:42Z,0.52,270.91,0.01,-0.52
2025-08-06T20:20:42Z,0.13,100.82,-0.02,0.13
2025-08-06T20:21:42Z,0.27,308.92,0.17,-0.21
2025-08-06T20:22:42Z,0.83,274.18,0.06,-0.83
2025-08-06T20:23:42Z,0.7,312.15,0.47,-0.52
2025-08-06T20:24:42Z,0.23,157.32,-0.22,0.09
2025-08-06T20:25:42Z,0.49,226.48,-0.34,-0.36
2025-08-06T20:26:42Z,0.22,116.15,-0.1,0.2
2025-08-06T20:27:42Z,0.39,121.54,-0.2,0.33
2025-08-06T20:28:42Z,0.47,265.37,-0.04,-0.47
2025-08-06T20:29:42Z,0.88,255.14,-0.23,-0.85
2025-08-06T20:30:42Z,0.91,234.88,-0.52,-0.74
2025-08-06T20:31:42Z,0.47,232.95,-0.28,-0.38
2025-08-06T20:32:42Z,0.83,263.21,-0.1,-0.83
2025-08-06T20:33:42Z,1.06,267.31,-0.05,-1.06
2025-08-06T20:34:42Z,0.99,277.78,0.13,-0.98
2025-08-06T20:35:42Z,0.76,261.6,-0.11,-0.75
2025-08-06T20:36:42Z,1.17,259.33,-0.22,-1.15
2025-08-06T20:37:42Z,1.06,271.45,0.03,-1.06
2025-08-06T20:38:42Z,0.86,227.89,-0.58,-0.64
2025-08-06T20:39:42Z,0.99,267.59,-0.04,-0.99
2025-08-06T20:40:42Z,0.2,334.03,0.18,-0.09
2025-08-06T20:41:42Z,0.63,249.07,-0.22,-0.59
2025-08-06T20:42:42Z,0.8,245.3,-0.34,-0.73
2025-08-06T20:43:42Z,0.26,291.37,0.09,-0.24
2025-08-06T20:44:42Z,0.29,265.66,-0.02,-0.29
2025-08-06T20:45:42Z,0.24,259.77,-0.04,-0.23
2025-08-06T20:46:42Z,0.74,250.9,-0.24,-0.7
2025-08-06T20:47:42Z,1.03,249.68,-0.36,-0.97
2025-08-06T20:48:42Z,0.63,234.77,-0.36,-0.51
2025-08-06T20:49:42Z,1.12,271.55,0.03,-1.12
2025-08-06T20:50:42Z,0.18,178.97,-0.18,0
2025-08-06T20:51:42Z,0.1,212.74,-0.08,-0.05
2025-08-06T20:52:42Z,0.22,207.34,-0.2,-0.1
2025-08-06T20:53:42Z,0.48,201.89,-0.44,-0.18
2025-08-06T20:54:42Z,0.3,235.57,-0.17,-0.25
2025-08-06T20:55:42Z,0.63,261.1,-0.1,-0.62
2025-08-06T20:56:42Z,0.51,264.72,-0.05,-0.51
2025-08-06T20:57:42Z,0.2,233.99,-0.11,-0.16
2025-08-06T20:58:42Z,0.45,266.55,-0.03,-0.45
2025-08-06T20:59:42Z,0.37,254.18,-0.1,-0.36
2025-08-06T21:00:42Z,0.61,266.27,-0.04,-0.61
2025-08-06T21:01:42Z,0.42,268.68,-0.01,-0.42
2025-08-06T21:02:42Z,0.22,270.49,0,-0.22
2025-08-06T21:03:42Z,0.36,293.79,0.15,-0.33
2025-08-06T21:04:42Z,0.62,258.87,-0.12,-0.61
2025-08-06T21:05:42Z,0.28,335.35,0.25,-0.12
2025-08-06T21:06:42Z,1.06,275.99,0.11,-1.05
2025-08-06T21:07:42Z,0.58,270.07,0,-0.58
2025-08-06T21:08:42Z,0.49,259.05,-0.09,-0.48
2025-08-06T21:09:42Z,0.68,214.55,-0.56,-0.39
2025-08-06T21:10:42Z,0.39,200.87,-0.36,-0.14
2025-08-06T21:11:42Z,0.71,166.53,-0.69,0.16
2025-08-06T21:12:42Z,0.09,288.15,0.03,-0.09
2025-08-06T21:13:42Z,0.33,222.04,-0.24,-0.22
2025-08-06T21:14:42Z,0.8,158.9,-0.75,0.29
2025-08-06T21:15:42Z,0.71,186.83,-0.71,-0.08
2025-08-06T21:16:42Z,0.5,247.02,-0.2,-0.46
2025-08-06T21:17:42Z,0.5,215.77,-0.41,-0.29
2025-08-06T21:18:42Z,0.51,235.52,-0.29,-0.42
2025-08-06T21:19:42Z,0.43,231.94,-0.26,-0.34
2025-08-06T21:20:42Z,0.2,208.82,-0.18,-0.1
2025-08-06T21:21:42Z,0.58,161.67,-0.55,0.18
2025-08-06T21:22:42Z,0.31,216.94,-0.24,-0.18
2025-08-06T21:23:42Z,0.29,286.32,0.08,-0.28
2025-08-06T21:24:42Z,0.25,270.76,0,-0.25
2025-08-06T21:25:42Z,0.32,131.12,-0.21,0.24
2025-08-06T21:26:42Z,0.36,221.89,-0.26,-0.24
2025-08-06T21:27:42Z,0.14,270.64,0,-0.14
2025-08-06T21:28:42Z,0.33,257.16,-0.07,-0.32
2025-08-06T21:29:42Z,0.12,225.8,-0.09,-0.09
2025-08-06T21:30:42Z,0.64,296.83,0.29,-0.57
2025-08-06T21:31:42Z,0.06,213.96,-0.05,-0.03
2025-08-06T21:32:42Z,0.38,251.42,-0.12,-0.36
2025-08-06T21:33:42Z,0.19,254.26,-0.05,-0.18
2025-08-06T21:34:42Z,0.42,241.18,-0.2,-0.37
2025-08-06T21:35:42Z,0.36,276.3,0.04,-0.36
2025-08-06T21:36:42Z,0.09,210.63,-0.07,-0.04
2025-08-06T21:37:42Z,0.37,145.33,-0.31,0.21
2025-08-06T21:38:42Z,0.54,269.45,-0.01,-0.54
2025-08-06T21:39:42Z,0.14,193.59,-0.13,-0.03
2025-08-06T21:40:42Z,0.8,260.68,-0.13,-0.79
2025-08-06T21:41:42Z,0.37,223.74,-0.27,-0.26
2025-08-06T21:42:42Z,0.55,267.95,-0.02,-0.55
2025-08-06T21:43:42Z,0.16,212.27,-0.14,-0.09
2025-08-06T21:44:42Z,0.28,201.5,-0.26,-0.1
2025-08-06T21:45:42Z,0.29,169.01,-0.28,0.05
2025-08-06T21:46:42Z,0.29,225.83,-0.2,-0.21
2025-08-06T21:47:42Z,0.55,260.36,-0.09,-0.54
2025-08-06T21:48:42Z,0.57,230.86,-0.36,-0.44
2025-08-06T21:49:42Z,0.58,194.15,-0.56,-0.14
2025-08-06T21:50:42Z,0.53,194.27,-0.51,-0.13
2025-08-06T21:51:42Z,0.4,181.25,-0.4,-0.01
2025-08-06T21:52:42Z,0.57,226.44,-0.4,-0.42
2025-08-06T21:53:42Z,0.66,180.36,-0.66,-0
2025-08-06T21:54:42Z,0.42,262.82,-0.05,-0.42
2025-08-06T21:55:42Z,0.3,244.95,-0.13,-0.27
2025-08-06T21:56:42Z,0.48,199.31,-0.45,-0.16
2025-08-06T21:57:42Z,0.31,270.58,0,-0.31
2025-08-06T21:58:42Z,0.65,220.96,-0.49,-0.42
2025-08-06T21:59:42Z,0.32,255.66,-0.08,-0.31
2025-08-06T22:00:42Z,0.21,204.81,-0.19,-0.09
2025-08-06T22:01:42Z,0.25,212.15,-0.21,-0.13
2025-08-06T22:02:42Z,0.44,276.26,0.05,-0.44
2025-08-06T22:03:42Z,0.1,199.28,-0.09,-0.03
2025-08-06T22:04:42Z,0.34,167.07,-0.33,0.08
2025-08-06T22:05:42Z,0.19,316.16,0.13,-0.13
2025-08-06T22:06:42Z,0.44,253.66,-0.12,-0.42
2025-08-06T22:07:42Z,0.47,225.62,-0.33,-0.34
2025-08-06T22:08:42Z,0.55,274.64,0.04,-0.55
2025-08-06T22:09:42Z,0.29,247.63,-0.11,-0.27
2025-08-06T22:10:42Z,0.28,214.82,-0.23,-0.16
2025-08-06T22:11:42Z,0.57,217.85,-0.45,-0.35
2025-08-06T22:12:42Z,0.16,258.38,-0.03,-0.16
2025-08-06T22:13:42Z,0.17,219.11,-0.13,-0.11
2025-08-06T22:14:42Z,0.26,208.84,-0.23,-0.13
2025-08-06T22:15:42Z,0.25,272.43,0.01,-0.25
2025-08-06T22:16:42Z,0.62,204.54,-0.56,-0.26
2025-08-06T22:17:42Z,0.61,239.22,-0.31,-0.52
2025-08-06T22:18:42Z,0.12,314.04,0.08,-0.08
2025-08-06T22:19:42Z,0.54,201.25,-0.5,-0.2
2025-08-06T22:20:42Z,0.36,207.55,-0.32,-0.17
2025-08-06T22:21:42Z,0.7,239.51,-0.36,-0.61
2025-08-06T22:22:42Z,0.32,142.01,-0.25,0.2
2025-08-06T22:23:42Z,0.58,42.56,0.43,0.39
2025-08-06T22:24:42Z,0.54,278.11,0.08,-0.53
2025-08-06T22:25:42Z,0.37,244.68,-0.16,-0.33
2025-08-06T22:26:42Z,0.63,226,-0.44,-0.45
2025-08-06T22:27:42Z,0.45,266.09,-0.03,-0.44
2025-08-06T22:28:42Z,0.55,181.66,-0.55,-0.02
2025-08-06T22:29:42Z,0.49,226.87,-0.33,-0.36
2025-08-06T22:30:42Z,0.21,140.3,-0.16,0.13
2025-08-06T22:31:42Z,0.33,189.01,-0.33,-0.05
2025-08-06T22:32:42Z,0.84,153.03,-0.75,0.38
2025-08-06T22:33:42Z,0.44,154.04,-0.4,0.19
2025-08-06T22:34:42Z,0.1,135.47,-0.07,0.07
2025-08-06T22:35:42Z,0.26,103,-0.06,0.25
2025-08-06T22:36:42Z,0.13,252.54,-0.04,-0.13
2025-08-06T22:37:42Z,0.35,142.92,-0.28,0.21
2025-08-06T22:38:42Z,0.18,285.79,0.05,-0.18
2025-08-06T22:39:42Z,0.61,232.28,-0.37,-0.48
2025-08-06T22:40:42Z,0.74,235.65,-0.42,-0.61
2025-08-06T22:41:42Z,0.7,160.22,-0.66,0.24
2025-08-06T22:42:42Z,0.18,256.38,-0.04,-0.18
2025-08-06T22:43:42Z,0.5,189.78,-0.49,-0.08
2025-08-06T22:44:42Z,0.21,310.12,0.13,-0.16
2025-08-06T22:45:42Z,0.59,254.97,-0.15,-0.57
2025-08-06T22:46:42Z,0.62,250.67,-0.2,-0.58
2025-08-06T22:47:42Z,0.42,173.61,-0.41,0.05
2025-08-06T22:48:42Z,0.43,309.32,0.27,-0.33
2025-08-06T22:49:42Z,0.51,282.65,0.11,-0.49
2025-08-06T22:50:42Z,0.68,269.21,-0.01,-0.68
2025-08-06T22:51:42Z,0.33,81.19,0.05,0.33
2025-08-06T22:52:42Z,0.1,167.72,-0.1,0.02
2025-08-06T22:53:42Z,0.09,255.76,-0.02,-0.09
2025-08-06T22:54:42Z,0.7,230.37,-0.45,-0.54
2025-08-06T22:55:42Z,0.2,151.23,-0.17,0.09
2025-08-06T22:56:42Z,0.5,194.52,-0.48,-0.13
2025-08-06T22:57:42Z,0.48,182.5,-0.48,-0.02
2025-08-06T22:58:42Z,0.26,73.42,0.07,0.25
2025-08-06T22:59:42Z,0.46,226.29,-0.32,-0.33
2025-08-06T23:00:42Z,0.41,141.1,-0.32,0.26
2025-08-06T23:01:42Z,0.37,147.03,-0.31,0.2
2025-08-06T23:02:42Z,0.33,227.29,-0.22,-0.24
2025-08-06T23:03:42Z,0.29,309.86,0.19,-0.22
2025-08-06T23:04:42Z,0.43,254.29,-0.12,-0.41
2025-08-06T23:05:42Z,0.72,131.7,-0.48,0.54
2025-08-06T23:06:42Z,0.06,148.67,-0.06,0.03
2025-08-06T23:07:42Z,0.21,189.6,-0.21,-0.04
2025-08-06T23:08:42Z,0.29,281.7,0.06,-0.28
2025-08-06T23:09:42Z,0.34,218.14,-0.27,-0.21
2025-08-06T23:10:42Z,0.53,181.61,-0.53,-0.01
2025-08-06T23:11:42Z,0.52,138.49,-0.39,0.34
2025-08-06T23:12:42Z,0.49,259.82,-0.09,-0.48
2025-08-06T23:13:42Z,0.45,267.97,-0.02,-0.45
2025-08-06T23:14:42Z,0.77,277.83,0.1,-0.76
2025-08-06T23:15:42Z,0.45,251.22,-0.14,-0.42
2025-08-06T23:16:42Z,0.41,186.37,-0.41,-0.05
2025-08-06T23:17:42Z,0.04,320.05,0.03,-0.03
2025-08-06T23:18:42Z,0.28,162.34,-0.27,0.09
2025-08-06T23:19:42Z,0.39,211.85,-0.33,-0.2
2025-08-06T23:20:42Z,0.22,263.89,-0.02,-0.22
2025-08-06T23:21:42Z,0.25,286.38,0.07,-0.24
2025-08-06T23:22:42Z,0.21,222.51,-0.16,-0.14
2025-08-06T23:23:42Z,0.53,187.83,-0.52,-0.07
2025-08-06T23:24:42Z,0.72,236.28,-0.4,-0.6
2025-08-06T23:25:42Z,0.32,142.17,-0.25,0.2
2025-08-06T23:26:42Z,0.4,233.12,-0.24,-0.32
2025-08-06T23:27:42Z,0.28,104.67,-0.07,0.27
2025-08-06T23:28:42Z,0.22,299.43,0.11,-0.19
2025-08-06T23:29:42Z,0.25,286.35,0.07,-0.24
2025-08-06T23:30:42Z,0.34,293.12,0.13,-0.31
2025-08-06T23:31:42Z,0.34,244.42,-0.15,-0.3
2025-08-06T23:32:42Z,0.19,223.8,-0.14,-0.13
2025-08-06T23:33:42Z,0.9,104.02,-0.22,0.88
2025-08-06T23:34:42Z,0.26,322.98,0.21,-0.16
2025-08-06T23:35:42Z,0.43,243.83,-0.19,-0.39
2025-08-06T23:36:42Z,0.67,279.41,0.11,-0.66
2025-08-06T23:37:42Z,0.17,319.77,0.13,-0.11
2025-08-06T23:38:42Z,0.55,267.07,-0.03,-0.55
2025-08-06T23:39:42Z,0.24,224.95,-0.17,-0.17
2025-08-06T23:40:42Z,0.46,188.35,-0.45,-0.07
2025-08-06T23:41:42Z,0.56,261.95,-0.08,-0.55
2025-08-06T23:42:42Z,0.35,242.8,-0.16,-0.31
2025-08-06T23:43:42Z,0.42,151.07,-0.37,0.2
2025-08-06T23:44:42Z,0.48,181.83,-0.48,-0.02
2025-08-06T23:45:42Z,0.18,192.14,-0.17,-0.04
2025-08-06T23:46:42Z,0.44,164.55,-0.43,0.12
2025-08-06T23:47:42Z,0.26,142.23,-0.2,0.16
2025-08-06T23:48:42Z,0.49,190.44,-0.49,-0.09
2025-08-06T23:49:42Z,0.39,208.8,-0.34,-0.19
2025-08-06T23:50:42Z,0.36,207.29,-0.32,-0.16
2025-08-06T23:51:42Z,0.17,199.35,-0.16,-0.06
2025-08-06T23:52:42Z,0.59,161.51,-0.56,0.19
2025-08-06T23:53:42Z,0.33,147.34,-0.28,0.18
2025-08-06T23:54:42Z,0.3,311.17,0.2,-0.23
2025-08-06T23:55:42Z,0.04,280.79,0.01,-0.04
2025-08-06T23:56:42Z,0.07,260.87,-0.01,-0.06
2025-08-06T23:57:42Z,0.23,140.79,-0.18,0.15
2025-08-06T23:58:42Z,0.18,187.82,-0.18,-0.02
2025-08-06T23:59:42Z,0.53,304.97,0.3,-0.43
2025-08-07T00:00:42Z,0.27,163.48,-0.26,0.08
2025-08-07T00:01:42Z,0.25,311.02,0.16,-0.19
2025-08-07T00:02:42Z,0.25,246.83,-0.1,-0.23
2025-08-07T00:03:42Z,0.49,167.18,-0.48,0.11
2025-08-07T00:04:42Z,0.49,183.78,-0.49,-0.03
2025-08-07T00:05:42Z,0.41,206.15,-0.37,-0.18
2025-08-07T00:06:42Z,0.26,251.72,-0.08,-0.25
2025-08-07T00:07:42Z,0.56,257.89,-0.12,-0.55
2025-08-07T00:08:42Z,0.24,233.44,-0.14,-0.19
2025-08-07T00:09:42Z,0.63,111.28,-0.23,0.59
2025-08-07T00:10:42Z,0.56,102.56,-0.12,0.55
2025-08-07T00:11:42Z,0.14,348.18,0.13,-0.03
2025-08-07T00:12:42Z,0.62,281.71,0.13,-0.61
2025-08-07T00:13:42Z,0.37,105.94,-0.1,0.35
2025-08-07T00:14:42Z,0.79,316.42,0.57,-0.55
2025-08-07T00:15:42Z,0.28,208.1,-0.25,-0.13
2025-08-07T00:16:42Z,0.21,246.32,-0.08,-0.19
2025-08-07T00:17:42Z,1.57,287,0.46,-1.5
2025-08-07T00:18:42Z,0.42,239.35,-0.21,-0.36
2025-08-07T00:19:42Z,0.52,238.53,-0.27,-0.44
2025-08-07T00:20:42Z,0.87,172.82,-0.86,0.11
2025-08-07T00:21:42Z,0.43,141.59,-0.34,0.27
2025-08-07T00:22:42Z,0.4,160.47,-0.38,0.13
2025-08-07T00:23:42Z,0.89,127.5,-0.54,0.7
2025-08-07T00:24:42Z,0.65,126.19,-0.38,0.52
2025-08-07T00:25:42Z,0.51,131.31,-0.34,0.39
2025-08-07T00:26:42Z,0.46,160.11,-0.44,0.16
2025-08-07T00:27:42Z,0.15,118.56,-0.07,0.13
2025-08-07T00:28:42Z,0.28,240.76,-0.13,-0.24
2025-08-07T00:29:42Z,0.44,180.65,-0.44,-0
2025-08-07T00:30:42Z,0.35,131.25,-0.23,0.26
2025-08-07T00:31:42Z,0.27,170.68,-0.27,0.04
2025-08-07T00:32:42Z,0.1,223.66,-0.07,-0.07
2025-08-07T00:33:42Z,0.67,122.67,-0.36,0.56
2025-08-07T00:34:42Z,0.42,89.87,0,0.42
2025-08-07T00:35:42Z,0.33,117.73,-0.15,0.29
2025-08-07T00:36:42Z,0.34,176.46,-0.34,0.02
2025-08-07T00:37:42Z,0.38,293.65,0.15,-0.35
2025-08-07T00:38:42Z,0.24,241.97,-0.11,-0.22
2025-08-07T00:39:42Z,0.43,265.49,-0.03,-0.43
2025-08-07T00:40:42Z,0.31,261.6,-0.05,-0.31
2025-08-07T00:41:42Z,0.24,87.91,0.01,0.24
2025-08-07T00:42:42Z,0.3,178.29,-0.3,0.01
2025-08-07T00:43:42Z,0.38,195.11,-0.37,-0.1
2025-08-07T00:44:42Z,0.48,167.56,-0.46,0.1
2025-08-07T00:45:42Z,0.62,182.9,-0.62,-0.03
2025-08-07T00:46:42Z,0.39,65.69,0.16,0.36
2025-08-07T00:47:42Z,0.07,156.96,-0.06,0.03
2025-08-07T00:48:42Z,0.39,29.76,0.34,0.19
2025-08-07T00:49:42Z,0.46,131.31,-0.3,0.35
2025-08-07T00:50:42Z,0.68,163.16,-0.65,0.2
2025-08-07T00:51:42Z,0.46,242.02,-0.22,-0.41
2025-08-07T00:52:42Z,0.18,169.21,-0.18,0.03
2025-08-07T00:53:42Z,0.54,261.05,-0.08,-0.53
2025-08-07T00:54:42Z,0.26,296.52,0.11,-0.23
2025-08-07T00:55:42Z,0.22,189.17,-0.21,-0.03
2025-08-07T00:56:42Z,0.25,152.73,-0.22,0.12
2025-08-07T00:57:42Z,0.43,230.01,-0.28,-0.33
2025-08-07T00:58:42Z,0.65,146.61,-0.54,0.36
2025-08-07T00:59:42Z,0.51,150.68,-0.45,0.25
2025-08-07T01:00:42Z,0.43,171.92,-0.42,0.06
2025-08-07T01:01:42Z,0.34,287.7,0.1,-0.32
2025-08-07T01:02:42Z,0.41,252.9,-0.12,-0.39
2025-08-07T01:03:42Z,0.45,246.19,-0.18,-0.41
2025-08-07T01:04:42Z,0.71,254.22,-0.19,-0.68
2025-08-07T01:05:42Z,0.5,211.44,-0.42,-0.26
2025-08-07T01:06:42Z,0.19,262.21,-0.03,-0.18
2025-08-07T01:07:42Z,0.46,267.89,-0.02,-0.46
2025-08-07T01:08:42Z,0.26,218.71,-0.21,-0.17
2025-08-07T01:09:42Z,0.45,15.64,0.44,0.12
2025-08-07T01:10:42Z,0.18,195.76,-0.18,-0.05
2025-08-07T01:11:42Z,0.54,132.1,-0.36,0.4
2025-08-07T01:12:42Z,0.49,309.06,0.31,-0.38
2025-08-07T01:13:42Z,0.06,42.42,0.05,0.04
2025-08-07T01:14:42Z,0.23,329.09,0.2,-0.12
2025-08-07T01:15:42Z,0.44,258.77,-0.08,-0.43
2025-08-07T01:16:42Z,0.21,357.38,0.2,-0.01
2025-08-07T01:17:42Z,0.37,271.13,0.01,-0.37
2025-08-07T01:18:42Z,0.07,233.41,-0.04,-0.06
2025-08-07T01:19:42Z,0.74,155.01,-0.67,0.31
2025-08-07T01:20:42Z,0.8,148.12,-0.68,0.42
2025-08-07T01:21:42Z,0.15,293.62,0.06,-0.13
2025-08-07T01:22:42Z,0.12,208.26,-0.1,-0.05
2025-08-07T01:23:42Z,0.24,179.04,-0.24,0
2025-08-07T01:24:42Z,0.27,104.56,-0.07,0.26
2025-08-07T01:25:42Z,0.46,160.35,-0.43,0.16
2025-08-07T01:26:42Z,0.16,90.52,-0,0.16
2025-08-07T01:27:42Z,0.35,163.12,-0.34,0.1
2025-08-07T01:28:42Z,0.58,354,0.58,-0.06
2025-08-07T01:29:42Z,0.35,253.39,-0.1,-0.34
2025-08-07T01:30:42Z,0.52,309.89,0.33,-0.4
2025-08-07T01:31:42Z,0.53,260.45,-0.09,-0.52
2025-08-07T01:32:42Z,0.19,156.34,-0.17,0.08
2025-08-07T01:33:42Z,0.18,206.26,-0.16,-0.08
2025-08-07T01:34:42Z,0.26,186.81,-0.26,-0.03
2025-08-07T01:35:42Z,0.32,172.13,-0.32,0.04
2025-08-07T01:36:42Z,0.32,168.57,-0.32,0.06
2025-08-07T01:37:42Z,0.48,147.22,-0.4,0.26
2025-08-07T01:38:42Z,0.11,243.3,-0.05,-0.1
2025-08-07T01:39:42Z,0.46,136.25,-0.33,0.32
2025-08-07T01:40:42Z,0.11,205.68,-0.1,-0.05
2025-08-07T01:41:42Z,0.39,271.29,0.01,-0.39
2025-08-07T01:42:42Z,0.19,215.46,-0.16,-0.11
2025-08-07T01:43:42Z,0.51,166.47,-0.5,0.12
2025-08-07T01:44:42Z,0.51,214.76,-0.42,-0.29
2025-08-07T01:45:42Z,0.6,172.08,-0.6,0.08
2025-08-07T01:46:42Z,0.37,273.03,0.02,-0.37
2025-08-07T01:47:42Z,0.66,213.83,-0.55,-0.37
2025-08-07T01:48:42Z,0.73,227.63,-0.49,-0.54
2025-08-07T01:49:42Z,0.92,103.72,-0.22,0.89
2025-08-07T01:50:42Z,0.44,177.06,-0.44,0.02
2025-08-07T01:51:42Z,0.67,204.7,-0.61,-0.28
2025-08-07T01:52:42Z,0.28,223.87,-0.2,-0.19
2025-08-07T01:53:42Z,0.87,241.13,-0.42,-0.76
2025-08-07T01:54:42Z,0.34,235.05,-0.2,-0.28
2025-08-07T01:55:42Z,0.53,240.3,-0.26,-0.46
2025-08-07T01:56:42Z,0.33,283.88,0.08,-0.32
2025-08-07T01:57:42Z,0.44,247.91,-0.17,-0.41
2025-08-07T01:58:42Z,0.17,253.31,-0.05,-0.16
2025-08-07T01:59:42Z,0.38,284.53,0.1,-0.37
2025-08-07T02:00:42Z,0.38,226.59,-0.26,-0.28
2025-08-07T02:01:42Z,0.34,292.34,0.13,-0.31
2025-08-07T02:02:42Z,0.53,253.98,-0.15,-0.51
2025-08-07T02:03:42Z,0.34,226.87,-0.23,-0.25
2025-08-07T02:04:42Z,0.16,300.67,0.08,-0.14
2025-08-07T02:05:42Z,0.19,218.15,-0.15,-0.12
2025-08-07T02:06:42Z,0.37,261.42,-0.05,-0.36
2025-08-07T02:07:42Z,0.67,245.01,-0.28,-0.61
2025-08-07T02:08:42Z,0.49,248.27,-0.18,-0.45
2025-08-07T02:09:42Z,0.35,217.72,-0.28,-0.22
2025-08-07T02:10:42Z,0.48,278.83,0.07,-0.48
2025-08-07T02:11:42Z,0.32,245.32,-0.13,-0.29
2025-08-07T02:12:42Z,0.44,209.11,-0.38,-0.21
2025-08-07T02:13:42Z,0.45,261.93,-0.06,-0.44
2025-08-07T02:14:42Z,0.99,231.24,-0.62,-0.77
2025-08-07T02:15:42Z,0.55,206.76,-0.49,-0.25
2025-08-07T02:16:42Z,0.48,240.18,-0.24,-0.42
2025-08-07T02:17:42Z,0.41,219.7,-0.31,-0.26
2025-08-07T02:18:42Z,0.5,217.09,-0.4,-0.3
2025-08-07T02:19:42Z,0.52,168.47,-0.51,0.1
2025-08-07T02:20:42Z,0.61,255.13,-0.16,-0.59
2025-08-07T02:21:42Z,0.3,266.44,-0.02,-0.3
2025-08-07T02:22:42Z,0.41,186.17,-0.41,-0.04
2025-08-07T02:23:42Z,0.48,187.1,-0.47,-0.06
2025-08-07T02:24:42Z,0.4,182.96,-0.4,-0.02
2025-08-07T02:25:42Z,0.2,157.83,-0.18,0.07
2025-08-07T02:26:42Z,0.26,224.35,-0.19,-0.19
2025-08-07T02:27:42Z,0.28,229.08,-0.18,-0.21
2025-08-07T02:28:42Z,0.12,114.49,-0.05,0.11
2025-08-07T02:29:42Z,0.24,200.88,-0.23,-0.09
2025-08-07T02:30:42Z,0.39,219.72,-0.3,-0.25
2025-08-07T02:31:42Z,0.45,234.67,-0.26,-0.37
2025-08-07T02:32:42Z,0.44,143.73,-0.36,0.26
2025-08-07T02:33:42Z,0.19,229.07,-0.13,-0.15
2025-08-07T02:34:42Z,0.21,273.98,0.01,-0.21
2025-08-07T02:35:42Z,0.17,210.55,-0.15,-0.09
2025-08-07T02:36:42Z,0.29,158.56,-0.27,0.11
2025-08-07T02:37:42Z,0.17,170.1,-0.17,0.03
2025-08-07T02:38:42Z,0.54,243.88,-0.24,-0.48
2025-08-07T02:39:42Z,0.31,276.04,0.03,-0.3
2025-08-07T02:40:42Z,0.36,219.19,-0.28,-0.23
2025-08-07T02:41:42Z,0.66,257.02,-0.15,-0.64
2025-08-07T02:42:42Z,0.62,262.48,-0.08,-0.61
2025-08-07T02:43:42Z,0.34,212.05,-0.29,-0.18
2025-08-07T02:44:42Z,0.51,271.48,0.01,-0.51
2025-08-07T02:45:42Z,0.68,204.78,-0.62,-0.29
2025-08-07T02:46:42Z,0.79,248.86,-0.28,-0.74
2025-08-07T02:47:42Z,0.74,245.48,-0.31,-0.67
2025-08-07T02:48:42Z,0.33,253.23,-0.1,-0.32
2025-08-07T02:49:42Z,0.57,246.8,-0.23,-0.53
2025-08-07T02:50:42Z,0.61,250.05,-0.21,-0.57
2025-08-07T02:51:42Z,0.3,272.78,0.01,-0.3
2025-08-07T02:52:42Z,0.4,237.42,-0.22,-0.34
2025-08-07T02:53:42Z,0.44,270.75,0.01,-0.44
2025-08-07T02:54:42Z,0.21,216.61,-0.17,-0.12
2025-08-07T02:55:42Z,0.29,229.4,-0.19,-0.22
2025-08-07T02:56:42Z,0.28,248.26,-0.1,-0.26
2025-08-07T02:57:42Z,0.23,340.95,0.22,-0.08
2025-08-07T02:58:42Z,0.16,182.35,-0.16,-0.01
2025-08-07T02:59:42Z,0.28,292.02,0.1,-0.26
2025-08-07T03:00:42Z,0.43,257.11,-0.1,-0.42
2025-08-07T03:01:42Z,0.29,177.34,-0.29,0.01
2025-08-07T03:02:42Z,0.37,231.15,-0.23,-0.28
2025-08-07T03:03:42Z,0.48,267.82,-0.02,-0.48
2025-08-07T03:04:42Z,0.58,190.46,-0.57,-0.11
2025-08-07T03:05:42Z,0.28,174.65,-0.28,0.03
2025-08-07T03:06:42Z,0.6,240.98,-0.29,-0.52
2025-08-07T03:07:42Z,0.38,218.64,-0.3,-0.24
2025-08-07T03:08:42Z,0.44,276.64,0.05,-0.44
2025-08-07T03:09:42Z,0.18,127.29,-0.11,0.14
2025-08-07T03:10:42Z,0.4,285.3,0.1,-0.38
2025-08-07T03:11:42Z,0.56,270.42,0,-0.56
2025-08-07T03:12:42Z,0.62,270.47,0.01,-0.62
2025-08-07T03:13:42Z,0.1,203.43,-0.09,-0.04
2025-08-07T03:14:42Z,0.45,254.71,-0.12,-0.43
2025-08-07T03:15:42Z,0.56,201.84,-0.52,-0.21
2025-08-07T03:16:42Z,0.51,247.74,-0.19,-0.47
2025-08-07T03:17:42Z,0.53,253.02,-0.15,-0.5
2025-08-07T03:18:42Z,0.3,225.23,-0.21,-0.21
2025-08-07T03:19:42Z,0.36,230.28,-0.23,-0.28
2025-08-07T03:20:42Z,0.6,263.49,-0.07,-0.59
2025-08-07T03:21:42Z,0.57,256.72,-0.13,-0.55
2025-08-07T03:22:42Z,0.53,253.09,-0.15,-0.51
2025-08-07T03:23:42Z,0.54,238.32,-0.28,-0.46
2025-08-07T03:24:42Z,0.6,252.17,-0.18,-0.57
2025-08-07T03:25:42Z,0.34,216.16,-0.28,-0.2
2025-08-07T03:26:42Z,0.38,279.84,0.06,-0.37
2025-08-07T03:27:42Z,0.4,250.56,-0.13,-0.38
2025-08-07T03:28:42Z,0.49,204.98,-0.44,-0.21
2025-08-07T03:29:42Z,0.64,297.82,0.3,-0.57
2025-08-07T03:30:42Z,0.37,273.93,0.03,-0.36
2025-08-07T03:31:42Z,0.09,138.93,-0.07,0.06
2025-08-07T03:32:42Z,0.33,237.15,-0.18,-0.28
2025-08-07T03:33:42Z,0.74,258.99,-0.14,-0.72
2025-08-07T03:34:42Z,0.13,236.3,-0.07,-0.11
2025-08-07T03:35:42Z,0.22,255.46,-0.06,-0.21
2025-08-07T03:36:42Z,0.07,325.58,0.06,-0.04
2025-08-07T03:37:42Z,0.23,298.96,0.11,-0.2
2025-08-07T03:38:42Z,0.48,279.61,0.08,-0.47
2025-08-07T03:39:42Z,0.98,270.27,0,-0.98
2025-08-07T03:40:42Z,1.06,268.65,-0.03,-1.06
2025-08-07T03:41:42Z,0.72,265.11,-0.06,-0.72
2025-08-07T03:42:42Z,0.55,275.24,0.05,-0.55
2025-08-07T03:43:42Z,1.02,283.32,0.23,-0.99
2025-08-07T03:44:42Z,0.81,276.02,0.08,-0.8
2025-08-07T03:45:42Z,0.72,265.33,-0.06,-0.71
2025-08-07T03:46:42Z,1.66,267.11,-0.08,-1.66
2025-08-07T03:47:42Z,1.19,243.89,-0.53,-1.07
2025-08-07T03:48:42Z,1.41,275.09,0.13,-1.41
2025-08-07T03:49:42Z,0.79,246.68,-0.31,-0.72
2025-08-07T03:50:42Z,0.55,244.15,-0.24,-0.5
2025-08-07T03:51:42Z,1.31,266.32,-0.08,-1.31
2025-08-07T03:52:42Z,1,233.22,-0.6,-0.8
2025-08-07T03:53:42Z,0.74,248.93,-0.27,-0.69
2025-08-07T03:54:42Z,0.61,258.46,-0.12,-0.59
2025-08-07T03:55:42Z,0.47,278.62,0.07,-0.46
2025-08-07T03:56:42Z,0.2,254.17,-0.06,-0.2
2025-08-07T03:57:42Z,0.47,215.37,-0.38,-0.27
2025-08-07T03:58:42Z,0.16,208.84,-0.14,-0.08
2025-08-07T03:59:42Z,0.59,281.87,0.12,-0.58
2025-08-07T04:00:42Z,0.71,238.85,-0.37,-0.61
2025-08-07T04:01:42Z,0.6,254.44,-0.16,-0.58
2025-08-07T04:02:42Z,0.49,254.82,-0.13,-0.47
2025-08-07T04:03:42Z,0.4,262.59,-0.05,-0.39
2025-08-07T04:04:42Z,0.39,279.24,0.06,-0.39
2025-08-07T04:05:42Z,0.31,252.97,-0.09,-0.3
2025-08-07T04:06:42Z,0.36,216.35,-0.29,-0.21
2025-08-07T04:07:42Z,0.3,195.84,-0.29,-0.08
2025-08-07T04:08:42Z,0.26,235.37,-0.15,-0.21
2025-08-07T04:09:42Z,0.26,273.77,0.02,-0.26
2025-08-07T04:10:42Z,0.35,272.84,0.02,-0.34
2025-08-07T04:11:42Z,0.23,130.23,-0.15,0.17
2025-08-07T04:12:42Z,0.18,214.57,-0.15,-0.1
2025-08-07T04:13:42Z,0.32,185.08,-0.32,-0.03
2025-08-07T04:14:42Z,0.43,188.39,-0.42,-0.06
2025-08-07T04:15:42Z,0.39,227.55,-0.27,-0.29
2025-08-07T04:16:42Z,0.34,247.09,-0.13,-0.31
2025-08-07T04:17:42Z,0.37,196.82,-0.35,-0.11
2025-08-07T04:18:42Z,0.48,255.26,-0.12,-0.47
2025-08-07T04:19:42Z,0.42,245.54,-0.18,-0.39
2025-08-07T04:20:42Z,0.21,235.08,-0.12,-0.17
2025-08-07T04:21:42Z,0.18,227.48,-0.12,-0.13
2025-08-07T04:22:42Z,0.26,194.16,-0.25,-0.06
2025-08-07T04:23:42Z,0.39,246.47,-0.16,-0.36
2025-08-07T04:24:42Z,0.28,172.26,-0.27,0.04
2025-08-07T04:25:42Z,0.44,253.42,-0.13,-0.43
2025-08-07T04:26:42Z,0.69,250.86,-0.23,-0.65
2025-08-07T04:27:42Z,0.24,122.3,-0.13,0.2
2025-08-07T04:28:42Z,0.34,263.42,-0.04,-0.34
2025-08-07T04:29:42Z,0.38,207.9,-0.34,-0.18
2025-08-07T04:30:42Z,0.31,251.25,-0.1,-0.29
2025-08-07T04:31:42Z,0.37,241.04,-0.18,-0.32
2025-08-07T04:32:42Z,0.71,257.82,-0.15,-0.7
2025-08-07T04:33:42Z,0.4,205.71,-0.36,-0.17
2025-08-07T04:34:42Z,0.52,255.43,-0.13,-0.5
2025-08-07T04:35:42Z,0.42,231.35,-0.26,-0.33
2025-08-07T04:36:42Z,0.53,297.89,0.25,-0.47
2025-08-07T04:37:42Z,0.34,150.81,-0.3,0.17
2025-08-07T04:38:42Z,0.27,267.82,-0.01,-0.27
2025-08-07T04:39:42Z,0.22,180.08,-0.22,-0
2025-08-07T04:40:42Z,0.5,164.47,-0.48,0.13
2025-08-07T04:41:42Z,0.25,174.71,-0.25,0.02
2025-08-07T04:42:42Z,0.27,250.83,-0.09,-0.26
2025-08-07T04:43:42Z,0.45,206.09,-0.4,-0.2
2025-08-07T04:44:42Z,0.46,236.81,-0.25,-0.38
2025-08-07T04:45:42Z,0.39,245.39,-0.16,-0.35
2025-08-07T04:46:42Z,0.32,197.76,-0.31,-0.1
2025-08-07T04:47:42Z,0.3,187.09,-0.29,-0.04
2025-08-07T04:48:42Z,0.17,226.93,-0.12,-0.13
2025-08-07T04:49:42Z,0.33,218.62,-0.26,-0.21
2025-08-07T04:50:42Z,0.59,277.59,0.08,-0.59
2025-08-07T04:51:42Z,0.62,238.37,-0.33,-0.53
2025-08-07T04:52:42Z,0.43,254.15,-0.12,-0.41
2025-08-07T04:53:42Z,0.58,255.48,-0.15,-0.56
2025-08-07T04:54:42Z,0.74,258.4,-0.15,-0.73
2025-08-07T04:55:42Z,0.57,237.58,-0.3,-0.48
2025-08-07T04:56:42Z,0.45,199.3,-0.42,-0.15
2025-08-07T04:57:42Z,0.66,237.18,-0.36,-0.55
2025-08-07T04:58:42Z,0.48,263.8,-0.05,-0.47
2025-08-07T04:59:42Z,0.18,276.41,0.02,-0.18
2025-08-07T05:00:42Z,0.3,218.4,-0.23,-0.19
2025-08-07T05:01:42Z,0.35,214.7,-0.29,-0.2
2025-08-07T05:02:42Z,0.48,229.13,-0.32,-0.37
2025-08-07T05:03:42Z,0.43,252.5,-0.13,-0.41
2025-08-07T05:04:42Z,0.35,240.6,-0.17,-0.31
2025-08-07T05:05:42Z,0.7,229.02,-0.46,-0.53
2025-08-07T05:06:42Z,0.3,257.89,-0.06,-0.3
2025-08-07T05:07:42Z,0.52,260.68,-0.08,-0.51
2025-08-07T05:08:42Z,0.36,268.45,-0.01,-0.36
2025-08-07T05:09:42Z,0.33,256.84,-0.08,-0.32
2025-08-07T05:10:42Z,0.33,236.85,-0.18,-0.27
2025-08-07T05:11:42Z,0.3,275.43,0.03,-0.3
2025-08-07T05:12:42Z,0.11,283.94,0.03,-0.1
2025-08-07T05:13:42Z,0.29,259.55,-0.05,-0.29
2025-08-07T05:14:42Z,0.53,216.82,-0.42,-0.32
2025-08-07T05:15:42Z,0.49,240.55,-0.24,-0.43
2025-08-07T05:16:42Z,0.3,242.09,-0.14,-0.26
2025-08-07T05:17:42Z,0.47,152.15,-0.42,0.22
2025-08-07T05:18:42Z,0.26,183.81,-0.26,-0.02
2025-08-07T05:19:42Z,0.45,247.12,-0.18,-0.42
2025-08-07T05:20:42Z,0.3,229.43,-0.19,-0.23
2025-08-07T05:21:42Z,0.42,241.77,-0.2,-0.37
2025-08-07T05:22:42Z,0.62,271.79,0.02,-0.62
2025-08-07T05:23:42Z,0.31,199.97,-0.29,-0.1
2025-08-07T05:24:42Z,0.54,211.6,-0.46,-0.28
2025-08-07T05:25:42Z,0.34,272.27,0.01,-0.34
2025-08-07T05:26:42Z,0.27,230.87,-0.17,-0.21
2025-08-07T05:27:42Z,0.38,272.79,0.02,-0.37
2025-08-07T05:28:42Z,0.02,305.97,0.01,-0.02
2025-08-07T05:29:42Z,0.33,288.73,0.1,-0.31
2025-08-07T05:30:42Z,0.33,178.92,-0.33,0.01
2025-08-07T05:31:42Z,0.31,209.54,-0.27,-0.15
2025-08-07T05:32:42Z,0.16,107.76,-0.05,0.16
2025-08-07T05:33:42Z,0.06,177.96,-0.06,0
2025-08-07T05:34:42Z,0.37,223.21,-0.27,-0.26
2025-08-07T05:35:42Z,0.42,97.29,-0.05,0.42
2025-08-07T05:36:42Z,0.12,343.69,0.11,-0.03
2025-08-07T05:37:42Z,0.39,154.11,-0.35,0.17
2025-08-07T05:38:42Z,0.32,234.73,-0.19,-0.26
2025-08-07T05:39:42Z,0.21,294.63,0.09,-0.19
2025-08-07T05:40:42Z,0.44,170.21,-0.43,0.08
2025-08-07T05:41:42Z,0.42,269.07,-0.01,-0.42
2025-08-07T05:42:42Z,0.33,297.52,0.15,-0.29
2025-08-07T05:43:42Z,0.43,280.11,0.08,-0.42
2025-08-07T05:44:42Z,0.5,203.99,-0.46,-0.2
2025-08-07T05:45:42Z,0.44,175.96,-0.44,0.03
2025-08-07T05:46:42Z,0.11,127.23,-0.07,0.09
2025-08-07T05:47:42Z,0.57,277.7,0.08,-0.56
2025-08-07T05:48:42Z,0.3,143.77,-0.25,0.18
2025-08-07T05:49:42Z,0.33,194.64,-0.32,-0.08
2025-08-07T05:50:42Z,0.7,250.9,-0.23,-0.66
2025-08-07T05:51:42Z,0.5,244.36,-0.22,-0.45
2025-08-07T05:52:42Z,0.19,239,-0.1,-0.16
2025-08-07T05:53:42Z,0.27,278.84,0.04,-0.27
2025-08-07T05:54:42Z,0.73,132.09,-0.49,0.54
2025-08-07T05:55:42Z,0.14,215.01,-0.11,-0.08
2025-08-07T05:56:42Z,0.47,200.91,-0.44,-0.17
2025-08-07T05:57:42Z,0.43,212.23,-0.36,-0.23
2025-08-07T05:58:42Z,0.45,101.72,-0.09,0.44
2025-08-07T05:59:42Z,0.3,214.76,-0.25,-0.17
2025-08-07T06:00:42Z,0.42,219.68,-0.32,-0.27
2025-08-07T06:01:42Z,0.4,224.12,-0.29,-0.28
2025-08-07T06:02:42Z,0.34,183.95,-0.34,-0.02
2025-08-07T06:03:42Z,0.35,142.4,-0.28,0.22
2025-08-07T06:04:42Z,0.81,147.46,-0.68,0.44
2025-08-07T06:05:42Z,0.58,158.07,-0.54,0.22
2025-08-07T06:06:42Z,0.38,140.91,-0.29,0.24
2025-08-07T06:07:42Z,0.23,233.89,-0.14,-0.19
2025-08-07T06:08:42Z,0.45,233.68,-0.27,-0.37
2025-08-07T06:09:42Z,0.52,213.04,-0.43,-0.28
2025-08-07T06:10:42Z,0.09,158.26,-0.09,0.03
2025-08-07T06:11:42Z,0.38,202.78,-0.35,-0.15
2025-08-07T06:12:42Z,0.17,225.72,-0.12,-0.12
2025-08-07T06:13:42Z,0.34,175.91,-0.34,0.02
2025-08-07T06:14:42Z,0.21,53.02,0.12,0.17
2025-08-07T06:15:42Z,0.25,222.62,-0.18,-0.17
2025-08-07T06:16:42Z,0.28,198.86,-0.27,-0.09
2025-08-07T06:17:42Z,0.31,185.16,-0.31,-0.03
2025-08-07T06:18:42Z,0.45,195.33,-0.44,-0.12
2025-08-07T06:19:42Z,0.28,223.14,-0.21,-0.19
2025-08-07T06:20:42Z,0.27,219.42,-0.21,-0.17
2025-08-07T06:21:42Z,0.25,250.3,-0.08,-0.24
2025-08-07T06:22:42Z,0.38,40.35,0.29,0.25
2025-08-07T06:23:42Z,0.76,139.23,-0.58,0.5
2025-08-07T06:24:42Z,0.75,124.51,-0.43,0.62
2025-08-07T06:25:42Z,0.15,225.41,-0.11,-0.11
2025-08-07T06:26:42Z,0.39,283.51,0.09,-0.38
2025-08-07T06:27:42Z,0.39,198.02,-0.37,-0.12
2025-08-07T06:28:42Z,0.37,260.52,-0.06,-0.37
2025-08-07T06:29:42Z,0.41,218.14,-0.32,-0.25
2025-08-07T06:30:42Z,0.46,230.95,-0.29,-0.36
2025-08-07T06:31:42Z,0.27,210.09,-0.24,-0.14
2025-08-07T06:32:42Z,0.48,232.47,-0.29,-0.38
2025-08-07T06:33:42Z,0.59,184.86,-0.59,-0.05
2025-08-07T06:34:42Z,0.45,213.12,-0.38,-0.25
2025-08-07T06:35:42Z,0.64,264.69,-0.06,-0.64
2025-08-07T06:36:42Z,0.14,150.19,-0.12,0.07
2025-08-07T06:37:42Z,0.18,325.06,0.15,-0.1
2025-08-07T06:38:42Z,0.64,134.17,-0.45,0.46
2025-08-07T06:39:42Z,0.72,149.09,-0.62,0.37
2025-08-07T06:40:42Z,1.25,79.13,0.24,1.23
2025-08-07T06:41:42Z,0.32,128.16,-0.2,0.25
2025-08-07T06:42:42Z,0.7,91.99,-0.02,0.7
2025-08-07T06:43:42Z,0.68,102.35,-0.15,0.67
2025-08-07T06:44:42Z,1.35,66.07,0.55,1.24
2025-08-07T06:45:42Z,1.25,61.28,0.6,1.1
2025-08-07T06:46:42Z,0.25,81.88,0.03,0.24
2025-08-07T06:47:42Z,0.19,150.04,-0.17,0.1
2025-08-07T06:48:42Z,0.43,163.03,-0.41,0.13
2025-08-07T06:49:42Z,0.45,141.82,-0.36,0.28
2025-08-07T06:50:42Z,0.66,145.31,-0.54,0.38
2025-08-07T06:51:42Z,0.82,125.26,-0.47,0.67
2025-08-07T06:52:42Z,0.43,60.28,0.21,0.38
2025-08-07T06:53:42Z,0.5,182.77,-0.5,-0.02
2025-08-07T06:54:42Z,0.5,188.07,-0.5,-0.07
2025-08-07T06:55:42Z,0.38,184.09,-0.37,-0.03
2025-08-07T06:56:42Z,0.51,187.03,-0.5,-0.06
2025-08-07T06:57:42Z,0.33,247.43,-0.13,-0.3
2025-08-07T06:58:42Z,0.42,242.05,-0.2,-0.37
2025-08-07T06:59:42Z,0.25,205.14,-0.23,-0.11
2025-08-07T07:00:42Z,0.45,214.59,-0.37,-0.25
2025-08-07T07:01:42Z,0.7,238.02,-0.37,-0.59
2025-08-07T07:02:42Z,0.24,196.04,-0.23,-0.07
2025-08-07T07:03:42Z,0.53,184.53,-0.53,-0.04
2025-08-07T07:04:42Z,0.11,190.97,-0.11,-0.02
2025-08-07T07:05:42Z,0.23,193.9,-0.22,-0.06
2025-08-07T07:06:42Z,0.36,168.25,-0.35,0.07
2025-08-07T07:07:42Z,0.13,294.59,0.05,-0.12
2025-08-07T07:08:42Z,0.5,181.1,-0.5,-0.01
2025-08-07T07:09:42Z,0.84,120.31,-0.42,0.72
2025-08-07T07:10:42Z,0.18,258.22,-0.04,-0.18
2025-08-07T07:11:42Z,0.3,215.55,-0.24,-0.17
2025-08-07T07:12:42Z,0.27,235.87,-0.15,-0.23
2025-08-07T07:13:42Z,0.37,120.07,-0.18,0.32
2025-08-07T07:14:42Z,0.38,105.58,-0.1,0.37
2025-08-07T07:15:42Z,0.61,106.18,-0.17,0.58
2025-08-07T07:16:42Z,0.15,220.16,-0.12,-0.1
2025-08-07T07:17:42Z,0.23,291.75,0.09,-0.22
2025-08-07T07:18:42Z,0.31,238.85,-0.16,-0.27
2025-08-07T07:19:42Z,0.43,131.87,-0.28,0.32
2025-08-07T07:20:42Z,0.58,126.61,-0.34,0.46
2025-08-07T07:21:42Z,0.52,190.92,-0.51,-0.1
2025-08-07T07:22:42Z,0.46,216.79,-0.37,-0.28
2025-08-07T07:23:42Z,0.09,131.62,-0.06,0.07
2025-08-07T07:24:42Z,0.63,255.29,-0.16,-0.61
2025-08-07T07:25:42Z,0.54,121.38,-0.28,0.46
2025-08-07T07:26:42Z,0.41,158.7,-0.38,0.15
2025-08-07T07:27:42Z,0.25,62.59,0.11,0.22
2025-08-07T07:28:42Z,0.43,215.42,-0.35,-0.25
2025-08-07T07:29:42Z,0.39,179.71,-0.39,0
2025-08-07T07:30:42Z,0.54,273.03,0.03,-0.54
2025-08-07T07:31:42Z,0.5,229.62,-0.32,-0.38
2025-08-07T07:32:42Z,0.47,273.98,0.03,-0.47
2025-08-07T07:33:42Z,0.51,240.43,-0.25,-0.44
2025-08-07T07:34:42Z,0.47,222.31,-0.34,-0.31
2025-08-07T07:35:42Z,0.29,220.25,-0.22,-0.19
2025-08-07T07:36:42Z,0.45,289.94,0.15,-0.42
2025-08-07T07:37:42Z,0.47,261.29,-0.07,-0.47
2025-08-07T07:38:42Z,0.45,221.95,-0.34,-0.3
2025-08-07T07:39:42Z,0.1,186.23,-0.1,-0.01
2025-08-07T07:40:42Z,0.28,218.37,-0.22,-0.18
2025-08-07T07:41:42Z,0.35,147.97,-0.29,0.18
2025-08-07T07:42:42Z,0.33,146.67,-0.27,0.18
2025-08-07T07:43:42Z,0.26,112.59,-0.1,0.24
2025-08-07T07:44:42Z,0.68,122.3,-0.36,0.58
2025-08-07T07:45:42Z,0.06,81.02,0.01,0.05
2025-08-07T07:46:42Z,0.82,138.58,-0.61,0.54
2025-08-07T07:47:42Z,0.58,114.52,-0.24,0.53
2025-08-07T07:48:42Z,0.47,187.66,-0.47,-0.06
2025-08-07T07:49:42Z,0.28,226.86,-0.19,-0.21
2025-08-07T07:50:42Z,0.35,146.47,-0.3,0.2
2025-08-07T07:51:42Z,0.36,244.99,-0.15,-0.33
2025-08-07T07:52:42Z,0.77,125.28,-0.44,0.63
2025-08-07T07:53:42Z,0.32,178.48,-0.32,0.01
2025-08-07T07:54:42Z,0.21,197.13,-0.2,-0.06
2025-08-07T07:55:42Z,0.14,210.3,-0.12,-0.07
2025-08-07T07:56:42Z,0.17,50.75,0.11,0.13
2025-08-07T07:57:42Z,0.33,211.63,-0.28,-0.17
2025-08-07T07:58:42Z,0.34,168.71,-0.33,0.07
2025-08-07T07:59:42Z,0.32,269.69,-0,-0.32
2025-08-07T08:00:42Z,0.68,263.26,-0.08,-0.68
2025-08-07T08:01:42Z,0.4,253.76,-0.11,-0.38
2025-08-07T08:02:42Z,0.45,80.04,0.08,0.45
2025-08-07T08:03:42Z,0.34,251.5,-0.11,-0.32
2025-08-07T08:04:42Z,0.1,243.05,-0.05,-0.09
2025-08-07T08:05:42Z,0.47,272.42,0.02,-0.47
2025-08-07T08:06:42Z,0.46,258.66,-0.09,-0.45
2025-08-07T08:07:42Z,0.55,201.79,-0.51,-0.2
2025-08-07T08:08:42Z,0.79,180.81,-0.79,-0.01
2025-08-07T08:09:42Z,0.06,177.8,-0.06,0
2025-08-07T08:10:42Z,0.25,230.7,-0.16,-0.19
2025-08-07T08:11:42Z,0.46,184.37,-0.46,-0.04
2025-08-07T08:12:42Z,0.53,189.89,-0.52,-0.09
2025-08-07T08:13:42Z,0.5,140.18,-0.38,0.32
2025-08-07T08:14:42Z,0.55,241.24,-0.27,-0.48
2025-08-07T08:15:42Z,0.36,171.75,-0.36,0.05
2025-08-07T08:16:42Z,0.36,163.13,-0.34,0.1
2025-08-07T08:17:42Z,0.2,249.94,-0.07,-0.19
2025-08-07T08:18:42Z,0.57,269.26,-0.01,-0.57
2025-08-07T08:19:42Z,0.54,294.41,0.22,-0.49
2025-08-07T08:20:42Z,0.39,245.92,-0.16,-0.36
2025-08-07T08:21:42Z,0.72,290.96,0.26,-0.67
2025-08-07T08:22:42Z,0.86,243.3,-0.39,-0.77
2025-08-07T08:23:42Z,0.46,244.07,-0.2,-0.41
2025-08-07T08:24:42Z,0.36,174.72,-0.36,0.03
2025-08-07T08:25:42Z,0.5,218.36,-0.39,-0.31
2025-08-07T08:26:42Z,0.35,116.89,-0.16,0.31
2025-08-07T08:27:42Z,0.44,234.78,-0.25,-0.36
2025-08-07T08:28:42Z,0.37,153.39,-0.33,0.17
2025-08-07T08:29:42Z,0.72,266.3,-0.05,-0.72
2025-08-07T08:30:42Z,0.26,260.71,-0.04,-0.26
2025-08-07T08:31:42Z,0.17,34.45,0.14,0.1
2025-08-07T08:32:42Z,0.11,279.6,0.02,-0.11
2025-08-07T08:33:42Z,0.46,208.16,-0.41,-0.22
2025-08-07T08:34:42Z,0.19,178.13,-0.19,0.01
2025-08-07T08:35:42Z,0.74,238.67,-0.39,-0.64
2025-08-07T08:36:42Z,0.57,298.82,0.28,-0.5
2025-08-07T08:37:42Z,0.49,235.1,-0.28,-0.4
2025-08-07T08:38:42Z,0.38,282.62,0.08,-0.37
2025-08-07T08:39:42Z,0.54,259.12,-0.1,-0.53
2025-08-07T08:40:42Z,0.65,283.1,0.15,-0.63
2025-08-07T08:41:42Z,0.55,269.92,-0,-0.55
2025-08-07T08:42:42Z,0.3,255.34,-0.08,-0.29
2025-08-07T08:43:42Z,0.63,254.9,-0.16,-0.61
2025-08-07T08:44:42Z,0.54,261.26,-0.08,-0.53
2025-08-07T08:45:42Z,0.37,228.09,-0.25,-0.27
2025-08-07T08:46:42Z,0.8,104.83,-0.2,0.77
2025-08-07T08:47:42Z,0.77,125.02,-0.44,0.63
2025-08-07T08:48:42Z,0.15,279.39,0.02,-0.15
2025-08-07T08:49:42Z,0.43,239.18,-0.22,-0.37
2025-08-07T08:50:42Z,0.36,254.73,-0.1,-0.35
2025-08-07T08:51:42Z,0.11,147.61,-0.1,0.06
2025-08-07T08:52:42Z,0.63,157.95,-0.59,0.24
2025-08-07T08:53:42Z,0.62,164.15,-0.6,0.17
2025-08-07T08:54:42Z,0.54,137.39,-0.4,0.36
2025-08-07T08:55:42Z,0.07,235.12,-0.04,-0.06
2025-08-07T08:56:42Z,0.72,151.75,-0.63,0.34
2025-08-07T08:57:42Z,0.26,221.98,-0.19,-0.17
2025-08-07T08:58:42Z,0.17,104.04,-0.04,0.17
2025-08-07T08:59:42Z,0.41,226.03,-0.29,-0.3
2025-08-07T09:00:42Z,0.3,234.23,-0.18,-0.25
2025-08-07T09:01:42Z,0.59,213.27,-0.49,-0.32
2025-08-07T09:02:42Z,0.24,242.2,-0.11,-0.22
2025-08-07T09:03:42Z,0.33,96.12,-0.04,0.33
2025-08-07T09:04:42Z,0.54,129.17,-0.34,0.42
2025-08-07T09:05:42Z,0.16,219.1,-0.13,-0.1
2025-08-07T09:06:42Z,0.36,171.03,-0.36,0.06
2025-08-07T09:07:42Z,0.79,130.98,-0.52,0.6
2025-08-07T09:08:42Z,0.56,234.88,-0.32,-0.46
2025-08-07T09:09:42Z,0.37,285.79,0.1,-0.36
2025-08-07T09:10:42Z,0.47,217.8,-0.37,-0.29
2025-08-07T09:11:42Z,0.15,168.52,-0.15,0.03
2025-08-07T09:12:42Z,0.42,215.36,-0.34,-0.24
2025-08-07T09:13:42Z,0.44,235.01,-0.25,-0.36
2025-08-07T09:14:42Z,0.62,231.33,-0.39,-0.48
2025-08-07T09:15:42Z,1.12,100.19,-0.2,1.1
2025-08-07T09:16:42Z,0.41,91.48,-0.01,0.41
2025-08-07T09:17:42Z,0.33,284.12,0.08,-0.32
2025-08-07T09:18:42Z,0.67,127.12,-0.4,0.53
2025-08-07T09:19:42Z,0.83,131.65,-0.55,0.62
2025-08-07T09:20:42Z,0.47,169.86,-0.46,0.08
2025-08-07T09:21:42Z,0.02,62.25,0.01,0.02
2025-08-07T09:22:42Z,0.27,258.93,-0.05,-0.27
2025-08-07T09:23:42Z,0.64,302.55,0.34,-0.54
2025-08-07T09:24:42Z,0.63,324.96,0.51,-0.36
2025-08-07T09:25:42Z,0.82,290.24,0.28,-0.77
2025-08-07T09:26:42Z,0.31,320.74,0.24,-0.2
2025-08-07T09:27:42Z,0.52,285.58,0.14,-0.5
2025-08-07T09:28:42Z,0.86,276.54,0.1,-0.85
2025-08-07T09:29:42Z,0.2,207.77,-0.17,-0.09
2025-08-07T09:30:42Z,0.34,213.32,-0.28,-0.19
2025-08-07T09:31:42Z,0.27,311.14,0.18,-0.21
2025-08-07T09:32:42Z,0.27,185.76,-0.27,-0.03
2025-08-07T09:33:42Z,0.18,262.53,-0.02,-0.18
2025-08-07T09:34:42Z,0.16,275.36,0.01,-0.16
2025-08-07T09:35:42Z,0.39,232.28,-0.24,-0.31
2025-08-07T09:36:42Z,0.22,259.14,-0.04,-0.21
2025-08-07T09:37:42Z,0.12,308.1,0.08,-0.1
2025-08-07T09:38:42Z,0.58,324.66,0.47,-0.34
2025-08-07T09:39:42Z,0.24,234.76,-0.14,-0.2
2025-08-07T09:40:42Z,0.07,13.23,0.06,0.02
2025-08-07T09:41:42Z,0.69,213.84,-0.58,-0.39
2025-08-07T09:42:42Z,0.57,145.4,-0.47,0.32
2025-08-07T09:43:42Z,0.45,192.23,-0.44,-0.09
2025-08-07T09:44:42Z,0.38,116.11,-0.17,0.34
2025-08-07T09:45:42Z,0.58,152.44,-0.51,0.27
2025-08-07T09:46:42Z,0.05,64.7,0.02,0.04
2025-08-07T09:47:42Z,0.38,231.2,-0.24,-0.29
2025-08-07T09:48:42Z,0.1,152.26,-0.09,0.05
2025-08-07T09:49:42Z,0.37,182,-0.37,-0.01
2025-08-07T09:50:42Z,0.47,168.36,-0.46,0.09
2025-08-07T09:51:42Z,0.65,173.92,-0.65,0.07
2025-08-07T09:52:42Z,0.54,207.86,-0.47,-0.25
2025-08-07T09:53:42Z,0.54,138.43,-0.41,0.36
2025-08-07T09:54:42Z,0.53,242.28,-0.25,-0.47
2025-08-07T09:55:42Z,0.27,276.16,0.03,-0.27
2025-08-07T09:56:42Z,0.62,184.93,-0.62,-0.05
2025-08-07T09:57:42Z,0.17,298.22,0.08,-0.15
2025-08-07T09:58:42Z,1.33,118.1,-0.63,1.18
2025-08-07T09:59:42Z,0.54,164.02,-0.52,0.15
2025-08-07T10:00:42Z,0.55,121.7,-0.29,0.47
2025-08-07T10:01:42Z,0.28,262.55,-0.04,-0.27
2025-08-07T10:02:42Z,0.3,185.56,-0.3,-0.03
2025-08-07T10:03:42Z,0.27,272.98,0.01,-0.27
2025-08-07T10:04:42Z,0.45,33.76,0.38,0.25
2025-08-07T10:05:42Z,0.48,210.78,-0.41,-0.25
2025-08-07T10:06:42Z,0.38,179.78,-0.38,0
2025-08-07T10:07:42Z,0.65,243.63,-0.29,-0.58
2025-08-07T10:08:42Z,0.44,181.56,-0.44,-0.01
2025-08-07T10:09:42Z,0.09,266.37,-0.01,-0.09
2025-08-07T10:10:42Z,0.46,267.49,-0.02,-0.46
2025-08-07T10:11:42Z,0.64,153.77,-0.58,0.28
2025-08-07T10:12:42Z,0.59,186.96,-0.59,-0.07
2025-08-07T10:13:42Z,1.97,91.53,-0.05,1.97
2025-08-07T10:14:42Z,1.81,93.59,-0.11,1.81
2025-08-07T10:15:42Z,0.36,155.85,-0.33,0.15
2025-08-07T10:16:42Z,0.16,267.52,-0.01,-0.16
2025-08-07T10:17:42Z,0.28,349.21,0.28,-0.05
2025-08-07T10:18:42Z,0.5,86.35,0.03,0.5
2025-08-07T10:19:42Z,0.26,139.79,-0.2,0.17
2025-08-07T10:20:42Z,0.78,290.1,0.27,-0.74
2025-08-07T10:21:42Z,0.21,231.04,-0.13,-0.17
2025-08-07T10:22:42Z,0.6,299.46,0.29,-0.52
2025-08-07T10:23:42Z,0.44,216.36,-0.35,-0.26
2025-08-07T10:24:42Z,0.47,295,0.2,-0.43
2025-08-07T10:25:42Z,0.18,67.79,0.07,0.17
2025-08-07T10:26:42Z,0.47,313.93,0.32,-0.34
2025-08-07T10:27:42Z,0.12,186.92,-0.12,-0.01
2025-08-07T10:28:42Z,0.34,203.31,-0.31,-0.13
2025-08-07T10:29:42Z,0.31,124.57,-0.17,0.25
2025-08-07T10:30:42Z,0.23,330.33,0.2,-0.11
2025-08-07T10:31:42Z,0.63,271.11,0.01,-0.63
2025-08-07T10:32:42Z,0.24,217.74,-0.19,-0.15
2025-08-07T10:33:42Z,0.64,125.83,-0.37,0.51
2025-08-07T10:34:42Z,0.73,172.93,-0.73,0.09
2025-08-07T10:35:42Z,1.33,121.22,-0.69,1.14
2025-08-07T10:36:42Z,1.28,102.15,-0.27,1.25
2025-08-07T10:37:42Z,0.15,151.91,-0.13,0.07
2025-08-07T10:38:42Z,0.6,242.27,-0.28,-0.53
2025-08-07T10:39:42Z,0.33,162.72,-0.32,0.1
2025-08-07T10:40:42Z,0.37,234.83,-0.22,-0.31
2025-08-07T10:41:42Z,1.2,133.76,-0.83,0.86
2025-08-07T10:42:42Z,0.56,64.71,0.24,0.5
2025-08-07T10:43:42Z,0.37,193.71,-0.36,-0.09
2025-08-07T10:44:42Z,0.41,134.45,-0.28,0.29
2025-08-07T10:45:42Z,1.08,109.32,-0.36,1.02
2025-08-07T10:46:42Z,0.32,259.75,-0.06,-0.31
2025-08-07T10:47:42Z,0.59,295.77,0.26,-0.53
2025-08-07T10:48:42Z,0.37,213.64,-0.31,-0.21
2025-08-07T10:49:42Z,0.6,208.62,-0.52,-0.29
2025-08-07T10:50:42Z,0.99,115.7,-0.43,0.89
2025-08-07T10:51:42Z,0.96,221.08,-0.72,-0.63
2025-08-07T10:52:42Z,1.37,143.04,-1.1,0.82
2025-08-07T10:53:42Z,0.66,196.03,-0.64,-0.18
2025-08-07T10:54:42Z,0.41,149.78,-0.35,0.2
2025-08-07T10:55:42Z,0.14,267.76,-0.01,-0.14
2025-08-07T10:56:42Z,0.43,194.37,-0.42,-0.11
2025-08-07T10:57:42Z,0.39,187.36,-0.38,-0.05
2025-08-07T10:58:42Z,0.92,113.21,-0.36,0.84
2025-08-07T10:59:42Z,0.61,177.01,-0.61,0.03
2025-08-07T11:00:42Z,0.48,219.82,-0.37,-0.31
2025-08-07T11:01:42Z,0.83,136.16,-0.6,0.57
2025-08-07T11:02:42Z,1.12,266.21,-0.07,-1.12
2025-08-07T11:03:42Z,0.54,161.07,-0.51,0.18
2025-08-07T11:04:42Z,1.16,111.61,-0.43,1.08
2025-08-07T11:05:42Z,0.45,204.48,-0.41,-0.19
2025-08-07T11:06:42Z,0.9,130.33,-0.58,0.68
2025-08-07T11:07:42Z,1.01,141.25,-0.79,0.63
2025-08-07T11:08:42Z,0.98,143.32,-0.79,0.59
2025-08-07T11:09:42Z,0.18,96.24,-0.02,0.18
2025-08-07T11:10:42Z,0.88,105.34,-0.23,0.85
2025-08-07T11:11:42Z,1.32,111.36,-0.48,1.23
2025-08-07T11:12:42Z,0.64,119.26,-0.31,0.56
2025-08-07T11:13:42Z,0.96,134.16,-0.67,0.69
2025-08-07T11:14:42Z,0.84,75.11,0.21,0.81
2025-08-07T11:15:42Z,0.95,133.98,-0.66,0.68
2025-08-07T11:16:42Z,0.86,159.16,-0.81,0.31
2025-08-07T11:17:42Z,0.16,181.09,-0.16,-0
2025-08-07T11:18:42Z,1.4,126.02,-0.82,1.13
2025-08-07T11:19:42Z,0.64,188.46,-0.63,-0.09
2025-08-07T11:20:42Z,0.43,177.33,-0.43,0.02
2025-08-07T11:21:42Z,0.82,110.09,-0.28,0.77
2025-08-07T11:22:42Z,2.95,106.3,-0.83,2.83
2025-08-07T11:23:42Z,0.76,134.37,-0.53,0.54
2025-08-07T11:24:42Z,1.43,96.65,-0.17,1.42
2025-08-07T11:25:42Z,0.4,266.71,-0.02,-0.4
2025-08-07T11:26:42Z,0.31,238.99,-0.16,-0.26
2025-08-07T11:27:42Z,0.55,234.44,-0.32,-0.45
2025-08-07T11:28:42Z,0.52,257.96,-0.11,-0.5
2025-08-07T11:29:42Z,0.37,185.41,-0.37,-0.03
2025-08-07T11:30:42Z,1.06,288.26,0.33,-1.01
2025-08-07T11:31:42Z,0.48,289.33,0.16,-0.45
2025-08-07T11:32:42Z,0.45,242.83,-0.2,-0.4
2025-08-07T11:33:42Z,0.26,216.02,-0.21,-0.15
2025-08-07T11:34:42Z,0.25,137.58,-0.19,0.17
2025-08-07T11:35:42Z,1.4,83.42,0.16,1.39
2025-08-07T11:36:42Z,0.23,241.3,-0.11,-0.21
2025-08-07T11:37:42Z,0.33,121.72,-0.17,0.28
2025-08-07T11:38:42Z,0.68,168.12,-0.67,0.14
2025-08-07T11:39:42Z,0.77,218.04,-0.61,-0.48
2025-08-07T11:40:42Z,0.64,126.42,-0.38,0.51
2025-08-07T11:41:42Z,0.19,178.05,-0.19,0.01
2025-08-07T11:42:42Z,0.54,338.45,0.5,-0.2
2025-08-07T11:43:42Z,0.46,70.75,0.15,0.44
2025-08-07T11:44:42Z,0.93,111.37,-0.34,0.87
2025-08-07T11:45:42Z,1.87,94.7,-0.15,1.87
2025-08-07T11:46:42Z,0.6,127.54,-0.37,0.48
2025-08-07T11:47:42Z,0.96,102.79,-0.21,0.93
2025-08-07T11:48:42Z,0.57,177.79,-0.56,0.02
2025-08-07T11:49:42Z,0.15,115.26,-0.07,0.14
2025-08-07T11:50:42Z,1.46,131.53,-0.97,1.09
2025-08-07T11:51:42Z,0.24,194.12,-0.23,-0.06
2025-08-07T11:52:42Z,0.39,200.25,-0.36,-0.13
2025-08-07T11:53:42Z,0.26,200.33,-0.24,-0.09
2025-08-07T11:54:42Z,0.77,118.38,-0.37,0.68
2025-08-07T11:55:42Z,1.32,140.86,-1.02,0.83
2025-08-07T11:56:42Z,1.44,114.14,-0.59,1.32
2025-08-07T11:57:42Z,1.46,211.2,-1.25,-0.76
2025-08-07T11:58:42Z,0.8,273.77,0.05,-0.8
2025-08-07T11:59:42Z,0.28,255.04,-0.07,-0.27
2025-08-07T12:00:42Z,0.55,210.22,-0.48,-0.28
2025-08-07T12:01:42Z,0.55,133.48,-0.38,0.4
2025-08-07T12:02:42Z,0.4,210.97,-0.35,-0.21
2025-08-07T12:03:42Z,0.26,162.01,-0.25,0.08
2025-08-07T12:04:42Z,0.43,137.4,-0.31,0.29
2025-08-07T12:05:42Z,0.88,200.49,-0.82,-0.31
2025-08-07T12:06:42Z,0.3,129.29,-0.19,0.23
2025-08-07T12:07:42Z,1.04,121.01,-0.54,0.89
2025-08-07T12:08:42Z,1.68,115.19,-0.71,1.52
2025-08-07T12:09:42Z,0.32,99.02,-0.05,0.32
2025-08-07T12:10:42Z,0.67,305.96,0.39,-0.54
2025-08-07T12:11:42Z,0.75,106.95,-0.22,0.71
2025-08-07T12:12:42Z,0.37,135.5,-0.26,0.26
2025-08-07T12:13:42Z,0.49,232.51,-0.3,-0.39
2025-08-07T12:14:42Z,0.54,143.7,-0.43,0.32
2025-08-07T12:15:42Z,1.08,30.46,0.93,0.55
2025-08-07T12:16:42Z,0.63,290.75,0.22,-0.59
2025-08-07T12:17:42Z,0.7,243.43,-0.31,-0.62
2025-08-07T12:18:42Z,0.36,266.07,-0.02,-0.36
2025-08-07T12:19:42Z,0.31,335.54,0.28,-0.13
2025-08-07T12:20:42Z,0.51,287.17,0.15,-0.48
2025-08-07T12:21:42Z,0.45,226.08,-0.31,-0.32
2025-08-07T12:22:42Z,0.22,47.07,0.15,0.16
2025-08-07T12:23:42Z,0.73,285.42,0.19,-0.7
2025-08-07T12:24:42Z,0.73,339.57,0.68,-0.25
2025-08-07T12:25:42Z,0.49,314.35,0.34,-0.35
2025-08-07T12:26:42Z,0.26,38.47,0.2,0.16
2025-08-07T12:27:42Z,0.03,323.83,0.03,-0.02
2025-08-07T12:28:42Z,0.38,291.12,0.14,-0.36
2025-08-07T12:29:42Z,0.48,257.57,-0.1,-0.47
2025-08-07T12:30:42Z,0.21,3.39,0.21,0.01
2025-08-07T12:31:42Z,0.48,222.65,-0.36,-0.33
2025-08-07T12:32:42Z,0.21,337.26,0.2,-0.08
2025-08-07T12:33:42Z,0.18,85.79,0.01,0.18
2025-08-07T12:34:42Z,0.39,47.76,0.27,0.29
2025-08-07T12:35:42Z,0.1,216.33,-0.08,-0.06
2025-08-07T12:36:42Z,0.7,270.56,0.01,-0.7
2025-08-07T12:37:42Z,1.38,314.96,0.97,-0.98
2025-08-07T12:38:42Z,0.56,287.15,0.17,-0.54
2025-08-07T12:39:42Z,1.11,261,-0.17,-1.1
2025-08-07T12:40:42Z,1.4,279.14,0.22,-1.39
2025-08-07T12:41:42Z,1.74,275.22,0.16,-1.73
2025-08-07T12:42:42Z,1.23,266.32,-0.08,-1.22
2025-08-07T12:43:42Z,1.57,281.58,0.31,-1.54
2025-08-07T12:44:42Z,2.24,286.76,0.64,-2.14
2025-08-07T12:45:42Z,1.47,278.96,0.23,-1.45
2025-08-07T12:46:42Z,1.56,270.41,0.01,-1.56
2025-08-07T12:47:42Z,1.65,280.64,0.31,-1.62
2025-08-07T12:48:42Z,1.49,269.98,-0,-1.49
2025-08-07T12:49:42Z,3.28,268.93,-0.06,-3.28
2025-08-07T12:50:42Z,2.12,266.74,-0.12,-2.11
2025-08-07T12:51:42Z,2.09,268.37,-0.06,-2.08
2025-08-07T12:52:42Z,2.4,274.7,0.2,-2.39
2025-08-07T12:53:42Z,1.33,294.02,0.54,-1.22
2025-08-07T12:54:42Z,1.74,274.37,0.13,-1.73
2025-08-07T12:55:42Z,2.09,265.73,-0.16,-2.09
2025-08-07T12:56:42Z,2.14,274.19,0.16,-2.13
2025-08-07T12:57:42Z,1.26,269.03,-0.02,-1.26
2025-08-07T12:58:42Z,2.57,272.84,0.13,-2.56
2025-08-07T12:59:42Z,2.09,267.57,-0.09,-2.09
2025-08-07T13:00:42Z,2.05,269.65,-0.01,-2.05
2025-08-07T13:01:42Z,1.67,276.13,0.18,-1.66
2025-08-07T13:02:42Z,1.58,279.55,0.26,-1.56
2025-08-07T13:03:42Z,1.48,285.38,0.39,-1.43
2025-08-07T13:04:42Z,2.83,263.92,-0.3,-2.81
2025-08-07T13:05:42Z,1.7,259.59,-0.31,-1.67
2025-08-07T13:06:42Z,0.7,258.85,-0.13,-0.68
2025-08-07T13:07:42Z,0.2,233.88,-0.12,-0.16
2025-08-07T13:08:42Z,1.03,261.87,-0.15,-1.02
2025-08-07T13:09:42Z,1.14,262.69,-0.14,-1.13
2025-08-07T13:10:42Z,0.35,288.13,0.11,-0.34
2025-08-07T13:11:42Z,0.39,227.25,-0.26,-0.29
2025-08-07T13:12:42Z,0.68,343.24,0.65,-0.2
2025-08-07T13:13:42Z,0.49,228.6,-0.33,-0.37
2025-08-07T13:14:42Z,0.42,280.15,0.07,-0.41
2025-08-07T13:15:42Z,0.39,177.33,-0.39,0.02
2025-08-07T13:16:42Z,0.84,80.61,0.14,0.83
2025-08-07T13:17:42Z,0.69,293.83,0.28,-0.63
2025-08-07T13:18:42Z,1.13,273.37,0.07,-1.12
2025-08-07T13:19:42Z,0.62,272.3,0.02,-0.62
2025-08-07T13:20:42Z,0.92,253.53,-0.26,-0.88
2025-08-07T13:21:42Z,1.53,288.84,0.49,-1.45
2025-08-07T13:22:42Z,0.31,167.94,-0.3,0.07
2025-08-07T13:23:42Z,1.12,108.51,-0.36,1.06
2025-08-07T13:24:42Z,0.44,260.1,-0.08,-0.43
2025-08-07T13:25:42Z,0.81,127.67,-0.49,0.64
2025-08-07T13:26:42Z,0.92,151.68,-0.81,0.44
2025-08-07T13:27:42Z,1.26,119.43,-0.62,1.1
2025-08-07T13:28:42Z,1.55,121.47,-0.81,1.33
2025-08-07T13:29:42Z,0.56,109.6,-0.19,0.53
2025-08-07T13:30:42Z,0.87,154.35,-0.79,0.38
2025-08-07T13:31:42Z,0.63,127.33,-0.38,0.5
2025-08-07T13:32:42Z,0.62,242.03,-0.29,-0.55
2025-08-07T13:33:42Z,0.34,183.25,-0.34,-0.02
2025-08-07T13:34:42Z,0.27,223.61,-0.2,-0.19
2025-08-07T13:35:42Z,0.59,295.85,0.26,-0.54
2025-08-07T13:36:42Z,0.5,264.52,-0.05,-0.5
2025-08-07T13:37:42Z,0.58,338.22,0.54,-0.22
2025-08-07T13:38:42Z,0.36,246.73,-0.14,-0.33
2025-08-07T13:39:42Z,0.61,218.28,-0.48,-0.38
2025-08-07T13:40:42Z,0.41,155.23,-0.37,0.17
2025-08-07T13:41:42Z,0.79,141.99,-0.62,0.49
2025-08-07T13:42:42Z,0.41,130.21,-0.26,0.31
2025-08-07T13:43:42Z,0.32,167.36,-0.31,0.07
2025-08-07T13:44:42Z,0.54,171.64,-0.53,0.08
2025-08-07T13:45:42Z,0.78,120.26,-0.39,0.67
2025-08-07T13:46:42Z,0.58,183.97,-0.57,-0.04
2025-08-07T13:47:42Z,1.17,138.47,-0.87,0.77
2025-08-07T13:48:42Z,0.72,133.32,-0.49,0.52
2025-08-07T13:49:42Z,0.4,240.82,-0.19,-0.35
2025-08-07T13:50:42Z,0.46,211.81,-0.39,-0.24
2025-08-07T13:51:42Z,0.57,137.51,-0.42,0.39
2025-08-07T13:52:42Z,1.02,162.29,-0.97,0.31
2025-08-07T13:53:42Z,0.54,79.9,0.1,0.53
2025-08-07T13:54:42Z,0.68,135.26,-0.48,0.48
2025-08-07T13:55:42Z,0.6,101.94,-0.12,0.59
2025-08-07T13:56:42Z,0.95,167.89,-0.93,0.2
2025-08-07T13:57:42Z,0.6,255.51,-0.15,-0.58
2025-08-07T13:58:42Z,1.18,128.04,-0.73,0.93
2025-08-07T13:59:42Z,0.31,256.93,-0.07,-0.3
2025-08-07T14:00:42Z,0.31,130.21,-0.2,0.24
2025-08-07T14:01:42Z,0.22,122.05,-0.12,0.18
2025-08-07T14:02:42Z,0.7,176.52,-0.7,0.04
2025-08-07T14:03:42Z,0.29,127.27,-0.18,0.23
2025-08-07T14:04:42Z,0.3,205.65,-0.27,-0.13
2025-08-07T14:05:42Z,0.81,137.8,-0.6,0.54
2025-08-07T14:06:42Z,0.74,113.15,-0.29,0.68
2025-08-07T14:07:42Z,0.63,120.71,-0.32,0.54
2025-08-07T14:08:42Z,0.37,306.64,0.22,-0.29
2025-08-07T14:09:42Z,0.22,213.82,-0.18,-0.12
2025-08-07T14:10:42Z,0.82,275.34,0.08,-0.82
2025-08-07T14:11:42Z,0.71,247.24,-0.27,-0.65
2025-08-07T14:12:42Z,0.88,262.06,-0.12,-0.87
2025-08-07T14:13:42Z,0.47,258.01,-0.1,-0.46
2025-08-07T14:14:42Z,0.4,260.89,-0.06,-0.4
2025-08-07T14:15:42Z,0.97,195.76,-0.93,-0.26
2025-08-07T14:16:42Z,0.7,299.06,0.34,-0.62
2025-08-07T14:17:42Z,0.88,225.04,-0.62,-0.62
2025-08-07T14:18:42Z,0.54,172.5,-0.53,0.07
2025-08-07T14:19:42Z,0.7,146.11,-0.58,0.39
2025-08-07T14:20:42Z,0.51,195.85,-0.49,-0.14
2025-08-07T14:21:42Z,0.23,211.37,-0.19,-0.12
2025-08-07T14:22:42Z,0.41,272.78,0.02,-0.41
2025-08-07T14:23:42Z,0.35,2.47,0.35,0.01
2025-08-07T14:24:42Z,0.44,167.33,-0.43,0.1
2025-08-07T14:25:42Z,0.11,278.39,0.02,-0.1
2025-08-07T14:26:42Z,0.34,268.68,-0.01,-0.34
2025-08-07T14:27:42Z,0.17,314.21,0.12,-0.12
2025-08-07T14:28:42Z,0.5,308.25,0.31,-0.39
2025-08-07T14:29:42Z,0.45,233.49,-0.26,-0.36
2025-08-07T14:30:42Z,0.56,275.64,0.05,-0.55
2025-08-07T14:31:42Z,0.43,118.26,-0.2,0.38
2025-08-07T14:32:42Z,0.41,298.16,0.19,-0.36
2025-08-07T14:33:42Z,0.68,199.15,-0.65,-0.22
2025-08-07T14:34:42Z,0.53,300.53,0.27,-0.46
2025-08-07T14:35:42Z,0.5,251.81,-0.16,-0.48
2025-08-07T14:36:42Z,0.18,256.92,-0.04,-0.17
2025-08-07T14:37:42Z,0.44,233.99,-0.26,-0.35
2025-08-07T14:38:42Z,0.26,270.76,0,-0.26
2025-08-07T14:39:42Z,0.98,98.71,-0.15,0.97
2025-08-07T14:40:42Z,0.46,240.41,-0.23,-0.4
2025-08-07T14:41:42Z,0.31,238,-0.16,-0.26
2025-08-07T14:42:42Z,0.35,231.94,-0.22,-0.28
2025-08-07T14:43:42Z,0.44,182.81,-0.44,-0.02
2025-08-07T14:44:42Z,0.21,207.44,-0.19,-0.1
2025-08-07T14:45:42Z,0.33,41.31,0.25,0.22
2025-08-07T14:46:42Z,0.61,267.61,-0.03,-0.6
2025-08-07T14:47:42Z,0.54,260.46,-0.09,-0.53
2025-08-07T14:48:42Z,0.66,236.53,-0.36,-0.55
2025-08-07T14:49:42Z,0.44,172.74,-0.43,0.06
2025-08-07T14:50:42Z,0.33,88.06,0.01,0.33
2025-08-07T14:51:42Z,0.6,99.13,-0.09,0.59
2025-08-07T14:52:42Z,0.39,253.79,-0.11,-0.37
2025-08-07T14:53:42Z,0.48,107.96,-0.15,0.46
2025-08-07T14:54:42Z,0.19,330.02,0.17,-0.1
2025-08-07T14:55:42Z,0.47,248.06,-0.18,-0.44
2025-08-07T14:56:42Z,0.56,290.83,0.2,-0.52
2025-08-07T14:57:42Z,0.48,266.23,-0.03,-0.48
2025-08-07T14:58:42Z,0.21,184.58,-0.21,-0.02
2025-08-07T14:59:42Z,0.81,283.96,0.19,-0.78
2025-08-07T15:00:42Z,0.44,197.72,-0.42,-0.13
2025-08-07T15:01:42Z,0.23,39.18,0.18,0.14
2025-08-07T15:02:42Z,0.52,307.5,0.32,-0.42
2025-08-07T15:03:42Z,0.75,213.68,-0.62,-0.42
2025-08-07T15:04:42Z,0.65,251.44,-0.21,-0.62
2025-08-07T15:05:42Z,0.47,72.1,0.14,0.45
2025-08-07T15:06:42Z,0.54,183.08,-0.54,-0.03
2025-08-07T15:07:42Z,0.27,116.52,-0.12,0.24
2025-08-07T15:08:42Z,0.38,38.66,0.3,0.24
2025-08-07T15:09:42Z,0.54,209.54,-0.47,-0.26
2025-08-07T15:10:42Z,0.48,70.73,0.16,0.45
2025-08-07T15:11:42Z,0.38,280.53,0.07,-0.38
2025-08-07T15:12:42Z,0.22,245.98,-0.09,-0.2
2025-08-07T15:13:42Z,0.55,291.42,0.2,-0.52
2025-08-07T15:14:42Z,0.55,243.48,-0.25,-0.49
2025-08-07T15:15:42Z,0.73,236.64,-0.4,-0.61
2025-08-07T15:16:42Z,0.36,285.93,0.1,-0.35
2025-08-07T15:17:42Z,0.57,310.08,0.36,-0.43
2025-08-07T15:18:42Z,0.15,150.44,-0.13,0.07
2025-08-07T15:19:42Z,0.1,212.86,-0.08,-0.05
2025-08-07T15:20:42Z,0.19,237.86,-0.1,-0.16
2025-08-07T15:21:42Z,0.61,152.19,-0.54,0.29
2025-08-07T15:22:42Z,0.49,167.48,-0.47,0.11
2025-08-07T15:23:42Z,0.21,228.77,-0.14,-0.16
2025-08-07T15:24:42Z,0.41,234.81,-0.23,-0.33
2025-08-07T15:25:42Z,0.32,144.18,-0.26,0.19
2025-08-07T15:26:42Z,0.12,105.02,-0.03,0.12
2025-08-07T15:27:42Z,0.25,118.56,-0.12,0.22
2025-08-07T15:28:42Z,0.62,113.29,-0.24,0.57
2025-08-07T15:29:42Z,0.25,340.69,0.24,-0.08
2025-08-07T15:30:42Z,0.47,349.39,0.46,-0.09
2025-08-07T15:31:42Z,0.38,25.26,0.34,0.16
2025-08-07T15:32:42Z,0.6,79.26,0.11,0.59
2025-08-07T15:33:42Z,0.36,73.91,0.1,0.35
2025-08-07T15:34:42Z,0.62,155.59,-0.56,0.25
2025-08-07T15:35:42Z,0.48,153.23,-0.43,0.22
2025-08-07T15:36:42Z,0.99,200.93,-0.93,-0.35
2025-08-07T15:37:42Z,0.69,298.26,0.32,-0.6
2025-08-07T15:38:42Z,0.17,199.62,-0.16,-0.06
2025-08-07T15:39:42Z,0.13,211.68,-0.11,-0.07
2025-08-07T15:40:42Z,0.19,185.54,-0.19,-0.02
2025-08-07T15:41:42Z,0.38,231.56,-0.24,-0.3
2025-08-07T15:42:42Z,0.68,315.5,0.49,-0.48
2025-08-07T15:43:42Z,1.21,41.73,0.91,0.81
2025-08-07T15:44:42Z,0.7,56.73,0.38,0.59
2025-08-07T15:45:42Z,0.38,59.5,0.19,0.33
2025-08-07T15:46:42Z,0.58,77.48,0.13,0.57
2025-08-07T15:47:42Z,0.93,72.67,0.28,0.88
2025-08-07T15:48:42Z,0.58,57.01,0.32,0.49
2025-08-07T15:49:42Z,0.71,104.26,-0.17,0.68
2025-08-07T15:50:42Z,1.14,130.55,-0.74,0.86
2025-08-07T15:51:42Z,0.48,124.7,-0.27,0.4
2025-08-07T15:52:42Z,0.45,154.83,-0.41,0.19
2025-08-07T15:53:42Z,0.15,254.61,-0.04,-0.15
2025-08-07T15:54:42Z,0.46,279.8,0.08,-0.45
2025-08-07T15:55:42Z,0.54,324.76,0.44,-0.31
2025-08-07T15:56:42Z,0.56,148.37,-0.48,0.29
2025-08-07T15:57:42Z,0.31,215.43,-0.25,-0.18
2025-08-07T15:58:42Z,0.3,297.29,0.14,-0.26
2025-08-07T15:59:42Z,0.66,232.24,-0.41,-0.52
2025-08-07T16:00:42Z,0.48,239.84,-0.24,-0.41
2025-08-07T16:01:42Z,0.65,143.68,-0.53,0.39
2025-08-07T16:02:42Z,0.02,259.77,-0,-0.02
2025-08-07T16:03:42Z,0.52,169.17,-0.52,0.1
2025-08-07T16:04:42Z,0.86,133.26,-0.59,0.62
2025-08-07T16:05:42Z,0.41,137.15,-0.3,0.28
2025-08-07T16:06:42Z,1.32,94.96,-0.11,1.31
2025-08-07T16:07:42Z,1.68,78.41,0.34,1.65
2025-08-07T16:08:42Z,0.55,73.84,0.15,0.53
2025-08-07T16:09:42Z,0.69,115.93,-0.3,0.62
2025-08-07T16:10:42Z,0.32,45.18,0.22,0.23
2025-08-07T16:11:42Z,0.6,141.81,-0.47,0.37
2025-08-07T16:12:42Z,0.63,150.28,-0.55,0.31
2025-08-07T16:13:42Z,0.53,72.65,0.16,0.5
2025-08-07T16:14:42Z,0.7,103.34,-0.16,0.69
2025-08-07T16:15:42Z,0.22,146.44,-0.18,0.12
2025-08-07T16:16:42Z,1.15,47.3,0.78,0.84
2025-08-07T16:17:42Z,1.1,48.2,0.73,0.82
2025-08-07T16:18:42Z,0.4,121.79,-0.21,0.34
2025-08-07T16:19:42Z,0.44,147.86,-0.37,0.24
2025-08-07T16:20:42Z,0.31,232.2,-0.19,-0.25
2025-08-07T16:21:42Z,0.63,230.58,-0.4,-0.49
2025-08-07T16:22:42Z,0.24,273.93,0.02,-0.24
2025-08-07T16:23:42Z,0.32,159,-0.3,0.12
2025-08-07T16:24:42Z,0.23,216.71,-0.19,-0.14
2025-08-07T16:25:42Z,0.68,280.08,0.12,-0.67
2025-08-07T16:26:42Z,0.28,211.66,-0.24,-0.15
2025-08-07T16:27:42Z,0.25,169.25,-0.25,0.05
2025-08-07T16:28:42Z,0.24,126.75,-0.14,0.19
2025-08-07T16:29:42Z,0.42,124.1,-0.24,0.35
2025-08-07T16:30:42Z,0.32,135.41,-0.23,0.23
2025-08-07T16:31:42Z,1.25,69.35,0.44,1.17
2025-08-07T16:32:42Z,0.79,98.03,-0.11,0.78
2025-08-07T16:33:42Z,0.42,161.99,-0.4,0.13
2025-08-07T16:34:42Z,0.18,153.31,-0.16,0.08
2025-08-07T16:35:42Z,0.41,311.58,0.27,-0.3
2025-08-07T16:36:42Z,0.35,221.57,-0.26,-0.23
2025-08-07T16:37:42Z,0.59,260.94,-0.09,-0.58
2025-08-07T16:38:42Z,0.34,228.95,-0.22,-0.25
2025-08-07T16:39:42Z,0.34,237.76,-0.18,-0.29
2025-08-07T16:40:42Z,0.27,219.07,-0.21,-0.17
2025-08-07T16:41:42Z,0.09,301.8,0.05,-0.08
2025-08-07T16:42:42Z,0.29,221.73,-0.22,-0.19
2025-08-07T16:43:42Z,0.75,272.32,0.03,-0.75
2025-08-07T16:44:42Z,0.41,222.02,-0.3,-0.27
2025-08-07T16:45:42Z,0.64,291.12,0.23,-0.6
2025-08-07T16:46:42Z,0.26,205.81,-0.23,-0.11
2025-08-07T16:47:42Z,0.11,228.63,-0.07,-0.08
2025-08-07T16:48:42Z,0.83,143.08,-0.66,0.5
2025-08-07T16:49:42Z,0.27,195.82,-0.26,-0.07
2025-08-07T16:50:42Z,0.24,197.95,-0.23,-0.07
2025-08-07T16:51:42Z,0.19,67.22,0.07,0.17
2025-08-07T16:52:42Z,1.63,72.26,0.5,1.55
2025-08-07T16:53:42Z,2.2,92.14,-0.08,2.2
2025-08-07T16:54:42Z,1.64,62.45,0.76,1.46
2025-08-07T16:55:42Z,0.89,140.18,-0.68,0.57
2025-08-07T16:56:42Z,0.37,160.9,-0.35,0.12
2025-08-07T16:57:42Z,0.34,96.4,-0.04,0.33
2025-08-07T16:58:42Z,0.15,0.07,0.15,0
2025-08-07T16:59:42Z,0.33,51.98,0.2,0.26
2025-08-07T17:00:42Z,0.42,118.73,-0.2,0.37
2025-08-07T17:01:42Z,0.32,18.59,0.3,0.1
2025-08-07T17:02:42Z,1.09,115.86,-0.47,0.98
2025-08-07T17:03:42Z,0.54,124.33,-0.3,0.45
2025-08-07T17:04:42Z,0.76,153.7,-0.68,0.34
2025-08-07T17:05:42Z,0.32,291.59,0.12,-0.29
2025-08-07T17:06:42Z,0.09,359.79,0.09,-0
2025-08-07T17:07:42Z,0.24,61.5,0.12,0.21
2025-08-07T17:08:42Z,0.79,107.51,-0.24,0.76
2025-08-07T17:09:42Z,0.11,153.34,-0.1,0.05
2025-08-07T17:10:42Z,0.68,134.09,-0.47,0.49
2025-08-07T17:11:42Z,1.31,115.76,-0.57,1.18
2025-08-07T17:12:42Z,0.57,113.04,-0.22,0.53
2025-08-07T17:13:42Z,0.17,214.75,-0.14,-0.1
2025-08-07T17:14:42Z,0.34,204.49,-0.31,-0.14
2025-08-07T17:15:42Z,0.37,149.17,-0.32,0.19
2025-08-07T17:16:42Z,0.32,141.44,-0.25,0.2
2025-08-07T17:17:42Z,0.25,238.61,-0.13,-0.21
2025-08-07T17:18:42Z,0.12,117.46,-0.05,0.11
2025-08-07T17:19:42Z,1.16,130.26,-0.75,0.88
2025-08-07T17:20:42Z,2.49,80.63,0.41,2.46
2025-08-07T17:21:42Z,0.52,134.76,-0.37,0.37
2025-08-07T17:22:42Z,0.68,85.93,0.05,0.68
2025-08-07T17:23:42Z,0.71,134.1,-0.5,0.51
2025-08-07T17:24:42Z,0.89,116.86,-0.4,0.79
2025-08-07T17:25:42Z,0.58,82.03,0.08,0.57
2025-08-07T17:26:42Z,0.16,294.96,0.07,-0.15
2025-08-07T17:27:42Z,0.73,144.89,-0.6,0.42
2025-08-07T17:28:42Z,0.69,87.5,0.03,0.69
2025-08-07T17:29:42Z,0.29,77.35,0.06,0.28
2025-08-07T17:30:42Z,0.25,136.97,-0.18,0.17
2025-08-07T17:31:42Z,0.5,137.11,-0.37,0.34
2025-08-07T17:32:42Z,0.13,129.97,-0.09,0.1
2025-08-07T17:33:42Z,0.31,132.53,-0.21,0.23
2025-08-07T17:34:42Z,0.38,184.82,-0.38,-0.03
2025-08-07T17:35:42Z,0.33,181.95,-0.33,-0.01
2025-08-07T17:36:42Z,0.24,171.75,-0.24,0.03
2025-08-07T17:37:42Z,0.33,179.89,-0.33,0
2025-08-07T17:38:42Z,1.18,109.92,-0.4,1.11
2025-08-07T17:39:42Z,0.39,138.77,-0.29,0.25
2025-08-07T17:40:42Z,0.72,120.18,-0.36,0.62
2025-08-07T17:41:42Z,0.62,84.12,0.06,0.62
2025-08-07T17:42:42Z,1.5,89.67,0.01,1.5
2025-08-07T17:43:42Z,0.78,103.22,-0.18,0.76
2025-08-07T17:44:42Z,0.79,107.74,-0.24,0.75
2025-08-07T17:45:42Z,1.14,106.26,-0.32,1.1
2025-08-07T17:46:42Z,0.8,64.23,0.35,0.72
2025-08-07T17:47:42Z,0.95,76.67,0.22,0.92
2025-08-07T17:48:42Z,0.41,6.07,0.4,0.04
2025-08-07T17:49:42Z,0.25,90.74,-0,0.25
2025-08-07T17:50:42Z,0.19,99.11,-0.03,0.19
2025-08-07T17:51:42Z,0.66,37.98,0.52,0.41
2025-08-07T17:52:42Z,0.53,340.29,0.5,-0.18
2025-08-07T17:53:42Z,0.18,326.39,0.15,-0.1
2025-08-07T17:54:42Z,0.24,143.51,-0.19,0.14
2025-08-07T17:55:42Z,0.17,142.66,-0.13,0.1
2025-08-07T17:56:42Z,0.06,50.98,0.04,0.05
2025-08-07T17:57:42Z,0.71,116.51,-0.32,0.63
2025-08-07T17:58:42Z,0.37,124.44,-0.21,0.31
2025-08-07T17:59:42Z,0.26,95.11,-0.02,0.26
2025-08-07T18:00:42Z,0.07,298.39,0.03,-0.06
2025-08-07T18:01:42Z,0.26,258.28,-0.05,-0.25
2025-08-07T18:02:42Z,0.5,254.35,-0.14,-0.48
2025-08-07T18:03:42Z,0.3,211.07,-0.25,-0.15
2025-08-07T18:04:42Z,0.44,232.52,-0.27,-0.35
2025-08-07T18:05:42Z,0.25,248.88,-0.09,-0.23
2025-08-07T18:06:42Z,0.06,163.26,-0.06,0.02
2025-08-07T18:07:42Z,0.27,139.13,-0.2,0.18
2025-08-07T18:08:42Z,0.48,146.92,-0.4,0.26
2025-08-07T18:09:42Z,1.05,105.06,-0.27,1.01
2025-08-07T18:10:42Z,0.45,71.97,0.14,0.42
2025-08-07T18:11:42Z,0.29,81.23,0.04,0.28
2025-08-07T18:12:42Z,0.59,65.54,0.24,0.54
2025-08-07T18:13:42Z,0.06,216.13,-0.05,-0.04
2025-08-07T18:14:42Z,0.26,223.43,-0.19,-0.18
2025-08-07T18:15:42Z,0.44,283.51,0.1,-0.43
2025-08-07T18:16:42Z,0.62,254.53,-0.17,-0.6
2025-08-07T18:17:42Z,0.47,248.2,-0.18,-0.44
2025-08-07T18:18:42Z,0.34,108.74,-0.11,0.32
2025-08-07T18:19:42Z,0.16,19.79,0.15,0.05
2025-08-07T18:20:42Z,0.22,187.84,-0.22,-0.03
2025-08-07T18:21:42Z,0.58,146.73,-0.48,0.32
2025-08-07T18:22:42Z,0.3,36.7,0.24,0.18
2025-08-07T18:23:42Z,0.23,197.28,-0.22,-0.07
2025-08-07T18:24:42Z,0.71,160.86,-0.67,0.23
2025-08-07T18:25:42Z,0.23,91.11,-0,0.23
2025-08-07T18:26:42Z,0.16,115.34,-0.07,0.15
2025-08-07T18:27:42Z,0.3,128.13,-0.19,0.24
2025-08-07T18:28:42Z,0.13,175.08,-0.13,0.01
2025-08-07T18:29:42Z,0.29,86.52,0.02,0.29
2025-08-07T18:30:42Z,0.64,87.35,0.03,0.64
2025-08-07T18:31:42Z,0.23,354.05,0.22,-0.02
2025-08-07T18:32:42Z,0.43,257.37,-0.09,-0.42
2025-08-07T18:33:42Z,0.22,239,-0.11,-0.19
2025-08-07T18:34:42Z,0.39,196.99,-0.37,-0.11
2025-08-07T18:35:42Z,0.11,262.65,-0.01,-0.11
2025-08-07T18:36:42Z,0.31,255.6,-0.08,-0.3
2025-08-07T18:37:42Z,0.17,221.04,-0.13,-0.11
2025-08-07T18:38:42Z,0.76,218.73,-0.59,-0.47
2025-08-07T18:39:42Z,0.45,255.57,-0.11,-0.44
2025-08-07T18:40:42Z,0.52,203.2,-0.48,-0.2
2025-08-07T18:41:42Z,0.46,291.73,0.17,-0.43
2025-08-07T18:42:42Z,0.46,247.82,-0.17,-0.42
2025-08-07T18:43:42Z,0.6,236.27,-0.34,-0.5
2025-08-07T18:44:42Z,0.18,309.24,0.11,-0.14
2025-08-07T18:45:42Z,0.31,238.23,-0.16,-0.27
2025-08-07T18:46:42Z,0.19,34.57,0.16,0.11
2025-08-07T18:47:42Z,0.21,175.88,-0.21,0.02
2025-08-07T18:48:42Z,0.48,246.53,-0.19,-0.44
2025-08-07T18:49:42Z,0.19,15.75,0.18,0.05
2025-08-07T18:50:42Z,0.51,234.87,-0.29,-0.42
2025-08-07T18:51:42Z,0.35,279.5,0.06,-0.35
2025-08-07T18:52:42Z,0.6,231.22,-0.38,-0.47
2025-08-07T18:53:42Z,0.42,243.8,-0.18,-0.37
2025-08-07T18:54:42Z,0.43,291.36,0.16,-0.4
2025-08-07T18:55:42Z,0.33,246.38,-0.13,-0.31
2025-08-07T18:56:42Z,0.12,302.8,0.07,-0.1
2025-08-07T18:57:42Z,0.09,215.24,-0.08,-0.05
2025-08-07T18:58:42Z,0.47,195.57,-0.45,-0.13
2025-08-07T18:59:42Z,0.18,203.4,-0.16,-0.07
2025-08-07T19:00:42Z,0.4,249.59,-0.14,-0.38
2025-08-07T19:01:42Z,0.49,183.07,-0.49,-0.03
2025-08-07T19:02:42Z,0.4,246.91,-0.16,-0.37
2025-08-07T19:03:42Z,0.61,271.89,0.02,-0.61
2025-08-07T19:04:42Z,0.42,195.73,-0.41,-0.11
2025-08-07T19:05:42Z,5.31,252.51,-1.6,-5.07
2025-08-07T19:06:42Z,1.43,269.58,-0.01,-1.43
2025-08-07T19:07:42Z,1.24,228.02,-0.83,-0.92
2025-08-07T19:08:42Z,26.71,149.77,-23.07,13.45
2025-08-07T19:09:42Z,1.12,17.67,1.07,0.34
2025-08-07T19:10:42Z,1.34,342.14,1.28,-0.41
2025-08-07T19:11:42Z,47.82,127.25,-28.94,38.07
2025-08-07T19:12:42Z,24.61,122.36,-13.18,20.79
2025-08-07T19:13:42Z,163.57,97.98,-22.72,161.98
2025-08-07T19:14:42Z,1.5,342.06,1.42,-0.46
2025-08-07T19:15:42Z,1.13,6.3,1.13,0.12
2025-08-07T19:16:42Z,0.76,14.42,0.74,0.19
2025-08-07T19:17:42Z,1.18,25.31,1.06,0.5
2025-08-07T19:18:42Z,0.95,1.41,0.95,0.02
2025-08-07T19:19:42Z,1.37,23.13,1.26,0.54
2025-08-07T19:20:42Z,0.87,19.7,0.82,0.29
2025-08-07T19:21:42Z,0.77,47.89,0.52,0.57
2025-08-07T19:22:42Z,1.09,12.94,1.06,0.24
2025-08-07T19:23:42Z,0.67,43.55,0.49,0.46
2025-08-07T19:24:42Z,0.64,17.77,0.61,0.2
2025-08-07T19:25:42Z,0.81,34.66,0.67,0.46
2025-08-07T19:26:42Z,0.92,57.17,0.5,0.77
2025-08-07T19:27:42Z,0.36,42.14,0.27,0.24
2025-08-07T19:28:42Z,1.15,50.53,0.73,0.89
2025-08-07T19:29:42Z,0.75,34.11,0.62,0.42
2025-08-07T19:30:42Z,0.86,15.18,0.83,0.23
2025-08-07T19:31:42Z,0.82,23.3,0.76,0.33
2025-08-07T19:32:42Z,0.8,52.9,0.48,0.64
2025-08-07T19:33:42Z,0.79,61.65,0.38,0.7
2025-08-07T19:34:42Z,0.78,60.9,0.38,0.68
2025-08-07T19:35:42Z,1.07,39.73,0.82,0.68
2025-08-07T19:36:42Z,0.86,68.11,0.32,0.8
2025-08-07T19:37:42Z,0.54,34.05,0.45,0.3
2025-08-07T19:38:42Z,0.8,2.4,0.8,0.03
2025-08-07T19:39:42Z,1.34,51.77,0.83,1.05
2025-08-07T19:40:42Z,1,29.21,0.87,0.49
2025-08-07T19:41:42Z,0.49,78.39,0.1,0.48
2025-08-07T19:42:42Z,0.62,55.11,0.35,0.51
2025-08-07T19:43:42Z,0.73,40.86,0.55,0.47
2025-08-07T19:44:42Z,0.65,44.46,0.46,0.45
2025-08-07T19:45:42Z,0.99,57.62,0.53,0.83
2025-08-07T19:46:42Z,0.91,43.41,0.66,0.62
2025-08-07T19:47:42Z,0.86,51.77,0.53,0.67
2025-08-07T19:48:42Z,0.91,46.25,0.63,0.66
2025-08-07T19:49:42Z,0.5,34.22,0.41,0.28
2025-08-07T19:50:42Z,0.68,27.9,0.6,0.32
2025-08-07T19:51:42Z,0.93,26.3,0.84,0.41
2025-08-07T19:52:42Z,0.73,37.31,0.58,0.44
2025-08-07T19:53:42Z,0.8,51.45,0.5,0.62
2025-08-07T19:54:42Z,0.74,76.39,0.17,0.72
2025-08-07T19:55:42Z,0.62,44.68,0.44,0.44
2025-08-07T19:56:42Z,0.78,30.15,0.68,0.39
2025-08-07T19:57:42Z,0.97,33.78,0.81,0.54
2025-08-07T19:58:42Z,0.67,36.68,0.53,0.4
2025-08-07T19:59:42Z,0.82,43.7,0.59,0.56
2025-08-07T20:00:42Z,0.71,22.99,0.66,0.28
2025-08-07T20:01:42Z,0.62,30.45,0.53,0.31
2025-08-07T20:02:42Z,0.68,27.51,0.6,0.31
2025-08-07T20:03:42Z,0.93,34.6,0.77,0.53
2025-08-07T20:04:42Z,0.84,33.63,0.7,0.46
2025-08-07T20:05:42Z,0.93,38.22,0.73,0.57
2025-08-07T20:06:42Z,0.6,46.6,0.41,0.44
2025-08-07T20:07:42Z,0.5,55.71,0.28,0.41
2025-08-07T20:08:42Z,0.53,41.18,0.4,0.35
2025-08-07T20:09:42Z,0.59,72.6,0.18,0.56
2025-08-07T20:10:42Z,0.75,89.72,0,0.75
2025-08-07T20:11:42Z,1.01,46.89,0.69,0.74
2025-08-07T20:12:42Z,1.07,47.86,0.72,0.8
2025-08-07T20:13:42Z,0.95,41.08,0.72,0.63
2025-08-07T20:14:42Z,1.15,77.58,0.25,1.13
2025-08-07T20:15:42Z,1.21,45.6,0.84,0.86
2025-08-07T20:16:42Z,1.06,32.32,0.9,0.57
2025-08-07T20:17:42Z,0.81,34.99,0.66,0.46
2025-08-07T20:18:42Z,0.83,47.31,0.56,0.61
2025-08-07T20:19:42Z,0.46,72.54,0.14,0.43
2025-08-07T20:20:42Z,0.61,51.06,0.38,0.47
2025-08-07T20:21:42Z,0.63,339.03,0.59,-0.23
2025-08-07T20:22:42Z,1.17,81.06,0.18,1.15
2025-08-07T20:23:42Z,0.52,79.2,0.1,0.51
2025-08-07T20:24:42Z,0.77,73.9,0.21,0.74
2025-08-07T20:25:42Z,0.48,65.7,0.2,0.43
2025-08-07T20:26:42Z,0.96,52.14,0.59,0.76
2025-08-07T20:27:42Z,0.45,64.84,0.19,0.41
2025-08-07T20:28:42Z,1.14,66.64,0.45,1.05
2025-08-07T20:29:42Z,0.6,71.12,0.19,0.57
2025-08-07T20:30:42Z,0.86,44.35,0.62,0.6
2025-08-07T20:31:42Z,0.99,112.38,-0.38,0.91
2025-08-07T20:32:42Z,0.39,72.6,0.12,0.37
2025-08-07T20:33:42Z,0.25,92.02,-0.01,0.25
2025-08-07T20:34:42Z,0.91,70.15,0.31,0.86
2025-08-07T20:35:42Z,0.83,55.84,0.46,0.68
2025-08-07T20:36:42Z,0.56,103.32,-0.13,0.54
2025-08-07T20:37:42Z,0.6,82.55,0.08,0.6
2025-08-07T20:38:42Z,0.41,34.03,0.34,0.23
2025-08-07T20:39:42Z,0.97,80.63,0.16,0.95
2025-08-07T20:40:42Z,0.76,41,0.57,0.5
2025-08-07T20:41:42Z,0.56,79.86,0.1,0.55
2025-08-07T20:42:42Z,0.57,34.43,0.47,0.32
2025-08-07T20:43:42Z,0.6,45.23,0.42,0.42
2025-08-07T20:44:42Z,0.76,76.29,0.18,0.74
2025-08-07T20:45:42Z,0.92,54.75,0.53,0.75
2025-08-07T20:46:42Z,0.63,53.42,0.38,0.51
2025-08-07T20:47:42Z,1.13,22.78,1.05,0.44
2025-08-07T20:48:42Z,0.97,73.77,0.27,0.93
2025-08-07T20:49:42Z,1.03,26.48,0.93,0.46
2025-08-07T20:50:42Z,0.87,53.11,0.52,0.69
2025-08-07T20:51:42Z,0.76,46.48,0.52,0.55
2025-08-07T20:52:42Z,1.12,75.87,0.27,1.09
2025-08-07T20:53:42Z,0.81,35.03,0.66,0.46
2025-08-07T20:54:42Z,0.52,29.14,0.46,0.25
2025-08-07T20:55:42Z,0.98,56.5,0.54,0.82
2025-08-07T20:56:42Z,0.89,58.25,0.47,0.76
2025-08-07T20:57:42Z,0.71,58.21,0.37,0.6
2025-08-07T20:58:42Z,0.68,43.34,0.49,0.47
2025-08-07T20:59:42Z,0.97,56.09,0.54,0.81
2025-08-07T21:00:42Z,0.73,49.37,0.47,0.55
2025-08-07T21:01:42Z,0.97,37.14,0.78,0.59
2025-08-07T21:02:42Z,0.71,44.61,0.5,0.5
2025-08-07T21:03:42Z,1.12,45.38,0.79,0.8
2025-08-07T21:04:42Z,1.12,43.17,0.81,0.76
2025-08-07T21:05:42Z,1.07,38.46,0.84,0.67
2025-08-07T21:06:42Z,0.9,63.21,0.41,0.8
2025-08-07T21:07:42Z,0.94,58.93,0.48,0.8
2025-08-07T21:08:42Z,0.67,54.24,0.39,0.54
2025-08-07T21:09:42Z,1.09,70.98,0.36,1.03
2025-08-07T21:10:42Z,0.75,37.83,0.6,0.46
2025-08-07T21:11:42Z,1.01,43.39,0.74,0.7
2025-08-07T21:12:42Z,1.03,36.06,0.83,0.6
2025-08-07T21:13:42Z,0.69,56.31,0.38,0.57
2025-08-07T21:14:42Z,1.1,25.25,1,0.47
2025-08-07T21:15:42Z,0.87,45.04,0.62,0.62
2025-08-07T21:16:42Z,0.76,37.63,0.6,0.47
2025-08-07T21:17:42Z,1.1,55.95,0.61,0.91
2025-08-07T21:18:42Z,0.82,19.39,0.77,0.27
2025-08-07T21:19:42Z,1.44,44.48,1.02,1.01
2025-08-07T21:20:42Z,0.75,38.3,0.59,0.46
2025-08-07T21:21:42Z,0.9,45.62,0.63,0.64
2025-08-07T21:22:42Z,0.95,36.29,0.77,0.56
2025-08-07T21:23:42Z,1,29.25,0.87,0.49
2025-08-07T21:24:42Z,0.59,43.07,0.43,0.4
2025-08-07T21:25:42Z,0.53,58.54,0.28,0.45
2025-08-07T21:26:42Z,0.58,10.72,0.57,0.11
2025-08-07T21:27:42Z,0.77,29.29,0.67,0.37
2025-08-07T21:28:42Z,0.61,77.53,0.13,0.59
2025-08-07T21:29:42Z,0.67,32.47,0.56,0.36
2025-08-07T21:30:42Z,0.59,57.61,0.32,0.5
2025-08-07T21:31:42Z,0.9,24.7,0.82,0.38
2025-08-07T21:32:42Z,0.65,38.94,0.51,0.41
2025-08-07T21:33:42Z,0.82,78.67,0.16,0.8
2025-08-07T21:34:42Z,0.84,24.88,0.76,0.35
2025-08-07T21:35:42Z,0.31,38.42,0.24,0.19
2025-08-07T21:36:42Z,0.46,5.19,0.46,0.04
2025-08-07T21:37:42Z,0.91,60.42,0.45,0.79
2025-08-07T21:38:42Z,0.79,34.55,0.65,0.45
2025-08-07T21:39:42Z,0.57,44.83,0.41,0.4
2025-08-07T21:40:42Z,0.35,344.08,0.34,-0.1
2025-08-07T21:41:42Z,0.19,14.99,0.18,0.05
2025-08-07T21:42:42Z,0.39,60.08,0.19,0.34
2025-08-07T21:43:42Z,0.44,352.83,0.44,-0.05
2025-08-07T21:44:42Z,0.64,10.02,0.63,0.11
2025-08-07T21:45:42Z,0.32,338.8,0.3,-0.11
2025-08-07T21:46:42Z,1.04,48.41,0.69,0.78
2025-08-07T21:47:42Z,0.79,48.68,0.52,0.59
2025-08-07T21:48:42Z,0.53,50.24,0.34,0.41
2025-08-07T21:49:42Z,0.28,55.84,0.15,0.23
2025-08-07T21:50:42Z,0.68,317.94,0.5,-0.45
2025-08-07T21:51:42Z,0.44,53.39,0.26,0.36
2025-08-07T21:52:42Z,0.6,18.41,0.57,0.19
2025-08-07T21:53:42Z,0.52,88.31,0.02,0.52
2025-08-07T21:54:42Z,0.76,67.91,0.29,0.71
2025-08-07T21:55:42Z,0.99,73.7,0.28,0.95
2025-08-07T21:56:42Z,1.01,74.82,0.26,0.97
2025-08-07T21:57:42Z,0.73,74.23,0.2,0.7
2025-08-07T21:58:42Z,0.82,55.36,0.46,0.67
2025-08-07T21:59:42Z,1.15,59.8,0.58,0.99
2025-08-07T22:00:42Z,0.77,65.72,0.31,0.7
2025-08-07T22:01:42Z,0.86,79.38,0.16,0.84
2025-08-07T22:02:42Z,0.64,37.81,0.51,0.39
2025-08-07T22:03:42Z,0.58,59.48,0.29,0.5
2025-08-07T22:04:42Z,0.93,62.7,0.42,0.82
2025-08-07T22:05:42Z,0.71,42.17,0.52,0.47
2025-08-07T22:06:42Z,0.57,43.18,0.42,0.39
2025-08-07T22:07:42Z,0.78,48.65,0.52,0.59
2025-08-07T22:08:42Z,0.64,53.46,0.38,0.51
2025-08-07T22:09:42Z,0.66,27.3,0.59,0.3
2025-08-07T22:10:42Z,0.69,43.64,0.5,0.48
2025-08-07T22:11:42Z,0.53,1.59,0.53,0.01
2025-08-07T22:12:42Z,0.75,30.48,0.65,0.38
2025-08-07T22:13:42Z,0.48,5.78,0.48,0.05
2025-08-07T22:14:42Z,0.82,8.88,0.81,0.13
2025-08-07T22:15:42Z,0.7,9.51,0.69,0.12
2025-08-07T22:16:42Z,0.67,43.57,0.49,0.46
2025-08-07T22:17:42Z,0.83,14.06,0.81,0.2
2025-08-07T22:18:42Z,0.35,23.04,0.32,0.14
2025-08-07T22:19:42Z,0.49,7.45,0.49,0.06
2025-08-07T22:20:42Z,1.04,325.7,0.86,-0.58
2025-08-07T22:21:42Z,0.87,295.95,0.38,-0.78
2025-08-07T22:22:42Z,1.32,298.3,0.62,-1.16
2025-08-07T22:23:42Z,0.57,328.85,0.48,-0.29
2025-08-07T22:24:42Z,0.68,357.49,0.68,-0.03
2025-08-07T22:25:42Z,0.66,19.26,0.63,0.22
2025-08-07T22:26:42Z,0.28,343.41,0.27,-0.08
2025-08-07T22:27:42Z,0.68,17.39,0.64,0.2
2025-08-07T22:28:42Z,0.39,34.35,0.32,0.22
2025-08-07T22:29:42Z,0.61,58.38,0.32,0.52
2025-08-07T22:30:42Z,0.81,46.39,0.56,0.59
2025-08-07T22:31:42Z,0.88,55.88,0.49,0.73
2025-08-07T22:32:42Z,1.07,31.06,0.92,0.55
2025-08-07T22:33:42Z,0.48,51.81,0.3,0.38
2025-08-07T22:34:42Z,0.63,5.43,0.62,0.06
2025-08-07T22:35:42Z,0.21,46.29,0.15,0.15
2025-08-07T22:36:42Z,0.77,91.42,-0.02,0.77
2025-08-07T22:37:42Z,0.99,25.2,0.9,0.42
2025-08-07T22:38:42Z,0.87,53.42,0.52,0.7
2025-08-07T22:39:42Z,1.24,52.94,0.75,0.99
2025-08-07T22:40:42Z,1.01,35.25,0.82,0.58
2025-08-07T22:41:42Z,0.66,53.25,0.39,0.53
2025-08-07T22:42:42Z,0.72,33.57,0.6,0.4
2025-08-07T22:43:42Z,0.51,27.61,0.45,0.24
2025-08-07T22:44:42Z,0.6,64.11,0.26,0.54
2025-08-07T22:45:42Z,0.51,19.3,0.48,0.17
2025-08-07T22:46:42Z,1.11,70.44,0.37,1.04
2025-08-07T22:47:42Z,0.63,46.75,0.43,0.46
2025-08-07T22:48:42Z,0.5,37.65,0.4,0.31
2025-08-07T22:49:42Z,0.78,43.69,0.56,0.54
2025-08-07T22:50:42Z,0.76,56.86,0.41,0.63
2025-08-07T22:51:42Z,0.55,65.67,0.22,0.5
2025-08-07T22:52:42Z,0.76,21.24,0.7,0.27
2025-08-07T22:53:42Z,0.99,40.5,0.75,0.64
2025-08-07T22:54:42Z,0.68,49.23,0.44,0.51
2025-08-07T22:55:42Z,0.68,55.64,0.38,0.56
2025-08-07T22:56:42Z,0.39,29.37,0.34,0.19
2025-08-07T22:57:42Z,0.58,20.56,0.54,0.2
2025-08-07T22:58:42Z,1.02,33.16,0.85,0.56
2025-08-07T22:59:42Z,0.74,55.76,0.42,0.61
2025-08-07T23:00:42Z,0.65,60.82,0.32,0.57
2025-08-07T23:01:42Z,0.66,7.06,0.66,0.08
2025-08-07T23:02:42Z,0.3,26.91,0.27,0.14
2025-08-07T23:03:42Z,0.31,40.5,0.23,0.2
2025-08-07T23:04:42Z,0.79,33.43,0.66,0.44
2025-08-07T23:05:42Z,0.44,70.04,0.15,0.41
2025-08-07T23:06:42Z,0.8,37.86,0.63,0.49
2025-08-07T23:07:42Z,0.93,62.15,0.43,0.82
2025-08-07T23:08:42Z,0.53,34.57,0.43,0.3
2025-08-07T23:09:42Z,0.76,67.07,0.3,0.7
2025-08-07T23:10:42Z,0.83,36.1,0.67,0.49
2025-08-07T23:11:42Z,1.19,20.8,1.11,0.42
2025-08-07T23:12:42Z,0.67,46.98,0.46,0.49
2025-08-07T23:13:42Z,1.24,53.8,0.73,1
2025-08-07T23:14:42Z,1.33,91.3,-0.03,1.33
2025-08-07T23:15:42Z,0.98,50.51,0.62,0.76
2025-08-07T23:16:42Z,1.17,43.46,0.85,0.81
2025-08-07T23:17:42Z,1,78.18,0.2,0.97
2025-08-07T23:18:42Z,0.46,21.22,0.43,0.17
2025-08-07T23:19:42Z,0.88,36.4,0.71,0.52
2025-08-07T23:20:42Z,0.77,30.23,0.66,0.39
2025-08-07T23:21:42Z,0.7,5.19,0.7,0.06
2025-08-07T23:22:42Z,0.59,38.61,0.46,0.37
2025-08-07T23:23:42Z,0.63,24.41,0.57,0.26
2025-08-07T23:24:42Z,0.89,40.87,0.67,0.58
2025-08-07T23:25:42Z,0.82,31.03,0.7,0.42
2025-08-07T23:26:42Z,0.9,61.27,0.43,0.79
2025-08-07T23:27:42Z,1.15,64.19,0.5,1.04
2025-08-07T23:28:42Z,0.71,50.13,0.46,0.55
2025-08-07T23:29:42Z,0.97,56.15,0.54,0.8
2025-08-07T23:30:42Z,0.62,47,0.43,0.46
2025-08-07T23:31:42Z,1.07,2.43,1.07,0.05
2025-08-07T23:32:42Z,0.59,78.5,0.12,0.58
2025-08-07T23:33:42Z,1.1,68.82,0.4,1.03
2025-08-07T23:34:42Z,0.8,55.79,0.45,0.67
2025-08-07T23:35:42Z,1.02,77.32,0.22,0.99
2025-08-07T23:36:42Z,0.91,42.1,0.68,0.61
2025-08-07T23:37:42Z,0.74,66.21,0.3,0.68
2025-08-07T23:38:42Z,1.11,34.86,0.91,0.64
2025-08-07T23:39:42Z,0.43,42.8,0.31,0.29
2025-08-07T23:40:42Z,0.86,65.6,0.36,0.78
2025-08-07T23:41:42Z,0.86,41.16,0.65,0.57
2025-08-07T23:42:42Z,0.54,38.65,0.42,0.34
2025-08-07T23:43:42Z,1.01,54.23,0.59,0.82
2025-08-07T23:44:42Z,0.78,83.9,0.08,0.77
2025-08-07T23:45:42Z,1.04,55.8,0.58,0.86
2025-08-07T23:46:42Z,1.13,90.15,-0,1.13
2025-08-07T23:47:42Z,0.79,44.76,0.56,0.55
2025-08-07T23:48:42Z,0.89,79.77,0.16,0.87
2025-08-07T23:49:42Z,0.74,42.07,0.55,0.49
2025-08-07T23:50:42Z,0.89,57.96,0.47,0.75
2025-08-07T23:51:42Z,1.15,58.28,0.61,0.98
2025-08-07T23:52:42Z,1.09,84.81,0.1,1.09
2025-08-07T23:53:42Z,0.92,31.6,0.79,0.48
2025-08-07T23:54:42Z,0.79,64.08,0.34,0.71
2025-08-07T23:55:42Z,0.65,28.57,0.57,0.31
2025-08-07T23:56:42Z,0.51,47.76,0.34,0.38
2025-08-07T23:57:42Z,0.63,31.46,0.54,0.33
2025-08-07T23:58:42Z,0.6,66.19,0.24,0.55
2025-08-07T23:59:42Z,0.69,29.67,0.6,0.34
2025-08-08T00:00:42Z,0.77,53.64,0.46,0.62
2025-08-08T00:01:42Z,0.64,55.44,0.37,0.53
2025-08-08T00:02:42Z,1.02,61.58,0.49,0.9
2025-08-08T00:03:42Z,1.23,42.75,0.91,0.84
2025-08-08T00:04:42Z,0.85,48.39,0.56,0.63
2025-08-08T00:05:42Z,0.71,43.25,0.52,0.49
2025-08-08T00:06:42Z,0.94,54.23,0.55,0.76
2025-08-08T00:07:42Z,0.75,44.25,0.54,0.52
2025-08-08T00:08:42Z,0.61,20.15,0.58,0.21
2025-08-08T00:09:42Z,0.75,62.52,0.34,0.66
2025-08-08T00:10:42Z,0.95,57.5,0.51,0.8
2025-08-08T00:11:42Z,0.94,71.82,0.29,0.89
2025-08-08T00:12:42Z,0.58,37.65,0.46,0.35
2025-08-08T00:13:42Z,0.9,23.88,0.82,0.36
2025-08-08T00:14:42Z,1.13,42.26,0.84,0.76
2025-08-08T00:15:42Z,0.73,43.75,0.53,0.51
2025-08-08T00:16:42Z,0.75,51.51,0.47,0.59
2025-08-08T00:17:42Z,0.68,17.71,0.65,0.21
2025-08-08T00:18:42Z,0.86,40.74,0.65,0.56
2025-08-08T00:19:42Z,1.01,49.21,0.66,0.77
2025-08-08T00:20:42Z,0.8,58.38,0.42,0.68
2025-08-08T00:21:42Z,0.65,96.77,-0.08,0.65
2025-08-08T00:22:42Z,0.51,40.91,0.39,0.33
2025-08-08T00:23:42Z,0.61,66.55,0.24,0.56
2025-08-08T00:24:42Z,0.68,36.81,0.55,0.41
2025-08-08T00:25:42Z,0.49,35.63,0.4,0.29
2025-08-08T00:26:42Z,0.94,39.12,0.73,0.59
2025-08-08T00:27:42Z,0.96,46.11,0.67,0.69
2025-08-08T00:28:42Z,0.83,47.87,0.56,0.61
2025-08-08T00:29:42Z,0.93,18.65,0.88,0.3
2025-08-08T00:30:42Z,0.78,44.53,0.56,0.55
2025-08-08T00:31:42Z,0.84,66.38,0.34,0.77
2025-08-08T00:32:42Z,0.84,36.61,0.68,0.5
2025-08-08T00:33:42Z,0.68,59.34,0.35,0.58
2025-08-08T00:34:42Z,1.11,43.22,0.81,0.76
2025-08-08T00:35:42Z,1.1,56.5,0.61,0.92
2025-08-08T00:36:42Z,0.49,46.58,0.34,0.36
2025-08-08T00:37:42Z,0.52,62.28,0.24,0.46
2025-08-08T00:38:42Z,0.78,45.84,0.54,0.56
2025-08-08T00:39:42Z,0.66,355.21,0.66,-0.06
2025-08-08T00:40:42Z,1.02,46.36,0.71,0.74
2025-08-08T00:41:42Z,0.9,54.92,0.52,0.73
2025-08-08T00:42:42Z,0.64,53.44,0.38,0.51
2025-08-08T00:43:42Z,0.47,74.92,0.12,0.46
2025-08-08T00:44:42Z,0.97,57.37,0.53,0.82
2025-08-08T00:45:42Z,0.83,57.86,0.44,0.7
2025-08-08T00:46:42Z,1.09,49.91,0.7,0.84
2025-08-08T00:47:42Z,0.69,76.33,0.16,0.67
2025-08-08T00:48:42Z,1.52,79.15,0.29,1.5
2025-08-08T00:49:42Z,1.24,87.44,0.06,1.23
2025-08-08T00:50:42Z,1.04,81.64,0.15,1.03
2025-08-08T00:51:42Z,0.89,59.5,0.45,0.77
2025-08-08T00:52:42Z,0.83,38.22,0.65,0.51
2025-08-08T00:53:42Z,1.3,61.91,0.61,1.15
2025-08-08T00:54:42Z,0.75,39.04,0.58,0.47
2025-08-08T00:55:42Z,1.01,70.14,0.34,0.95
2025-08-08T00:56:42Z,0.97,51.92,0.6,0.77
2025-08-08T00:57:42Z,1.12,52.09,0.69,0.88
2025-08-08T00:58:42Z,0.77,37.56,0.61,0.47
2025-08-08T00:59:42Z,0.97,34.28,0.8,0.55
2025-08-08T01:00:42Z,0.98,43.69,0.71,0.68
2025-08-08T01:01:42Z,1,76.11,0.24,0.98
2025-08-08T01:02:42Z,0.89,72.27,0.27,0.85
2025-08-08T01:03:42Z,0.86,71.57,0.27,0.81
2025-08-08T01:04:42Z,1,67.19,0.39,0.93
2025-08-08T01:05:42Z,0.98,56.47,0.54,0.82
2025-08-08T01:06:42Z,0.8,50.16,0.52,0.62
2025-08-08T01:07:42Z,0.6,44.11,0.43,0.42
2025-08-08T01:08:42Z,1.11,55.99,0.62,0.92
2025-08-08T01:09:42Z,0.79,40.6,0.6,0.51
2025-08-08T01:10:42Z,0.85,73.76,0.24,0.82
2025-08-08T01:11:42Z,0.57,64.82,0.24,0.51
2025-08-08T01:12:42Z,0.9,57.1,0.49,0.75
2025-08-08T01:13:42Z,0.82,20.94,0.76,0.29
2025-08-08T01:14:42Z,0.74,68.48,0.27,0.69
2025-08-08T01:15:42Z,0.52,38.69,0.4,0.32
2025-08-08T01:16:42Z,0.93,61.05,0.45,0.81
2025-08-08T01:17:42Z,1.1,80.89,0.17,1.09
2025-08-08T01:18:42Z,0.95,50.65,0.6,0.73
2025-08-08T01:19:42Z,1.01,75.46,0.25,0.98
2025-08-08T01:20:42Z,0.61,74.9,0.16,0.59
2025-08-08T01:21:42Z,1.04,67.78,0.39,0.96
2025-08-08T01:22:42Z,0.8,64.77,0.34,0.72
2025-08-08T01:23:42Z,1.04,73.46,0.3,1
2025-08-08T01:24:42Z,0.69,61.75,0.33,0.61
2025-08-08T01:25:42Z,0.59,47.72,0.4,0.44
2025-08-08T01:26:42Z,0.73,63.73,0.32,0.66
2025-08-08T01:27:42Z,1.03,64.04,0.45,0.92
2025-08-08T01:28:42Z,1.07,73.42,0.31,1.03
2025-08-08T01:29:42Z,0.94,71.89,0.29,0.89
2025-08-08T01:30:42Z,0.9,40.45,0.68,0.58
2025-08-08T01:31:42Z,0.65,56.7,0.35,0.54
2025-08-08T01:32:42Z,0.93,70.07,0.32,0.87
2025-08-08T01:33:42Z,1.08,81.23,0.16,1.07
2025-08-08T01:34:42Z,1.36,55.72,0.77,1.13
2025-08-08T01:35:42Z,1.56,64.11,0.68,1.4
2025-08-08T01:36:42Z,1.17,68.39,0.43,1.09
2025-08-08T01:37:42Z,0.82,75.98,0.2,0.8
2025-08-08T01:38:42Z,0.9,45.75,0.63,0.64
2025-08-08T01:39:42Z,0.86,62.08,0.4,0.76
2025-08-08T01:40:42Z,0.85,41.03,0.64,0.56
2025-08-08T01:41:42Z,0.83,55.06,0.48,0.68
2025-08-08T01:42:42Z,0.87,59.57,0.44,0.75
2025-08-08T01:43:42Z,1.32,64.97,0.56,1.2
2025-08-08T01:44:42Z,0.9,60.84,0.44,0.79
2025-08-08T01:45:42Z,0.68,56.38,0.38,0.57
2025-08-08T01:46:42Z,1.17,74.88,0.3,1.13
2025-08-08T01:47:42Z,1.07,57.38,0.58,0.9
2025-08-08T01:48:42Z,1.11,36.85,0.89,0.67
2025-08-08T01:49:42Z,0.64,49.87,0.41,0.49
2025-08-08T01:50:42Z,0.96,50.53,0.61,0.74
2025-08-08T01:51:42Z,0.61,43.61,0.44,0.42
2025-08-08T01:52:42Z,0.74,40.12,0.57,0.48
2025-08-08T01:53:42Z,0.66,354.21,0.66,-0.07
2025-08-08T01:54:42Z,0.79,37.63,0.62,0.48
2025-08-08T01:55:42Z,0.69,6.02,0.69,0.07
2025-08-08T01:56:42Z,0.54,346.32,0.52,-0.13
2025-08-08T01:57:42Z,0.6,29.33,0.52,0.29
2025-08-08T01:58:42Z,0.67,26.18,0.6,0.29
2025-08-08T01:59:42Z,0.67,13.2,0.65,0.15
2025-08-08T02:00:42Z,0.29,28.29,0.25,0.14
2025-08-08T02:01:42Z,0.69,30.01,0.6,0.35
2025-08-08T02:02:42Z,0.56,284.01,0.14,-0.54
2025-08-08T02:03:42Z,0.97,94.64,-0.08,0.97
2025-08-08T02:04:42Z,1.12,63.65,0.5,1
2025-08-08T02:05:42Z,0.75,32.9,0.63,0.4
2025-08-08T02:06:42Z,1.06,66.02,0.43,0.97
2025-08-08T02:07:42Z,0.8,42.52,0.59,0.54
2025-08-08T02:08:42Z,0.63,7.21,0.62,0.08
2025-08-08T02:09:42Z,0.77,14.8,0.74,0.2
2025-08-08T02:10:42Z,0.97,41.91,0.72,0.65
2025-08-08T02:11:42Z,0.73,26.09,0.66,0.32
2025-08-08T02:12:42Z,0.61,10.9,0.6,0.12
2025-08-08T02:13:42Z,0.32,50.23,0.2,0.24
2025-08-08T02:14:42Z,0.45,72.6,0.14,0.43
2025-08-08T02:15:42Z,0.45,67.35,0.17,0.41
2025-08-08T02:16:42Z,0.41,357.49,0.41,-0.02
2025-08-08T02:17:42Z,0.54,66.47,0.22,0.5
2025-08-08T02:18:42Z,0.71,356.88,0.71,-0.04
2025-08-08T02:19:42Z,0.58,53.26,0.35,0.46
2025-08-08T02:20:42Z,0.71,40.77,0.54,0.46
2025-08-08T02:21:42Z,0.66,22.54,0.61,0.25
2025-08-08T02:22:42Z,0.35,12.91,0.34,0.08
2025-08-08T02:23:42Z,0.69,357.39,0.68,-0.03
2025-08-08T02:24:42Z,0.68,20.65,0.64,0.24
2025-08-08T02:25:42Z,1.03,14.13,1,0.25
2025-08-08T02:26:42Z,0.8,44.5,0.57,0.56
2025-08-08T02:27:42Z,0.83,72.75,0.24,0.79
2025-08-08T02:28:42Z,0.78,33.53,0.65,0.43
2025-08-08T02:29:42Z,1.03,30.85,0.89,0.53
2025-08-08T02:30:42Z,0.61,37.44,0.49,0.37
2025-08-08T02:31:42Z,0.65,47.35,0.44,0.48
2025-08-08T02:32:42Z,0.68,17.13,0.65,0.2
2025-08-08T02:33:42Z,0.19,0.11,0.19,0
2025-08-08T02:34:42Z,1.35,286.27,0.38,-1.29
2025-08-08T02:35:42Z,1.04,358.1,1.04,-0.03
2025-08-08T02:36:42Z,0.86,50.31,0.55,0.66
2025-08-08T02:37:42Z,1.1,80.81,0.18,1.09
2025-08-08T02:38:42Z,0.63,71.28,0.2,0.6
2025-08-08T02:39:42Z,0.63,54.95,0.36,0.52
2025-08-08T02:40:42Z,0.61,66.8,0.24,0.57
2025-08-08T02:41:42Z,0.86,56.76,0.47,0.72
2025-08-08T02:42:42Z,0.47,6.45,0.47,0.05
2025-08-08T02:43:42Z,0.27,43.14,0.2,0.18
2025-08-08T02:44:42Z,0.78,45.92,0.54,0.56
2025-08-08T02:45:42Z,0.84,48.31,0.56,0.63
2025-08-08T02:46:42Z,0.88,61.46,0.42,0.77
2025-08-08T02:47:42Z,0.92,61.83,0.43,0.81
2025-08-08T02:48:42Z,0.79,50.42,0.51,0.61
2025-08-08T02:49:42Z,0.58,71.49,0.18,0.55
2025-08-08T02:50:42Z,0.49,37.36,0.39,0.3
2025-08-08T02:51:42Z,0.81,54.38,0.47,0.66
2025-08-08T02:52:42Z,0.74,59.97,0.37,0.64
2025-08-08T02:53:42Z,1.08,54.38,0.63,0.88
2025-08-08T02:54:42Z,1.03,81.51,0.15,1.02
2025-08-08T02:55:42Z,0.46,94.24,-0.03,0.46
2025-08-08T02:56:42Z,0.25,43.03,0.19,0.17
2025-08-08T02:57:42Z,0.26,44.26,0.19,0.18
2025-08-08T02:58:42Z,0.73,63.56,0.32,0.65
2025-08-08T02:59:42Z,0.83,34.43,0.68,0.47
2025-08-08T03:00:42Z,0.77,39.76,0.59,0.49
2025-08-08T03:01:42Z,0.69,34.74,0.57,0.39
2025-08-08T03:02:42Z,1.08,31.74,0.92,0.57
2025-08-08T03:03:42Z,0.97,36.76,0.78,0.58
2025-08-08T03:04:42Z,0.89,35.29,0.72,0.51
2025-08-08T03:05:42Z,0.92,31.17,0.78,0.47
2025-08-08T03:06:42Z,0.54,26.12,0.49,0.24
2025-08-08T03:07:42Z,0.37,16.59,0.36,0.11
2025-08-08T03:08:42Z,1.08,309.92,0.69,-0.83
2025-08-08T03:09:42Z,0.43,339.61,0.41,-0.15
2025-08-08T03:10:42Z,0.47,311.01,0.31,-0.35
2025-08-08T03:11:42Z,0.36,48.43,0.24,0.27
2025-08-08T03:12:42Z,1.06,86.12,0.07,1.06
2025-08-08T03:13:42Z,0.68,58.21,0.36,0.58
2025-08-08T03:14:42Z,0.63,35.6,0.51,0.36
2025-08-08T03:15:42Z,0.56,88.55,0.01,0.56
2025-08-08T03:16:42Z,0.57,14.07,0.55,0.14
2025-08-08T03:17:42Z,0.73,61.72,0.34,0.64
2025-08-08T03:18:42Z,0.77,47.54,0.52,0.56
2025-08-08T03:19:42Z,0.87,79.95,0.15,0.86
2025-08-08T03:20:42Z,0.87,62.09,0.41,0.76
2025-08-08T03:21:42Z,0.85,48.34,0.56,0.63
2025-08-08T03:22:42Z,0.87,57.07,0.47,0.73
2025-08-08T03:23:42Z,0.49,45.76,0.34,0.35
2025-08-08T03:24:42Z,1.01,52.65,0.61,0.8
2025-08-08T03:25:42Z,0.8,65.08,0.34,0.72
2025-08-08T03:26:42Z,1.15,53.13,0.69,0.92
2025-08-08T03:27:42Z,0.89,71.22,0.29,0.84
2025-08-08T03:28:42Z,1.2,89.11,0.02,1.2
2025-08-08T03:29:42Z,1.11,70.04,0.38,1.04
2025-08-08T03:30:42Z,1.14,83.07,0.14,1.14
2025-08-08T03:31:42Z,0.96,50.06,0.62,0.74
2025-08-08T03:32:42Z,0.82,37.06,0.65,0.49
2025-08-08T03:33:42Z,0.64,53,0.39,0.51
2025-08-08T03:34:42Z,0.59,46.8,0.41,0.43
2025-08-08T03:35:42Z,1.28,15.79,1.23,0.35
2025-08-08T03:36:42Z,0.75,37.89,0.59,0.46
2025-08-08T03:37:42Z,0.73,64.92,0.31,0.66
2025-08-08T03:38:42Z,0.91,20.36,0.85,0.32
2025-08-08T03:39:42Z,0.9,32.59,0.76,0.49
2025-08-08T03:40:42Z,1.2,47.27,0.81,0.88
2025-08-08T03:41:42Z,1.65,43.26,1.2,1.13
2025-08-08T03:42:42Z,1.04,53.8,0.61,0.84
2025-08-08T03:43:42Z,0.96,59.06,0.5,0.83
2025-08-08T03:44:42Z,0.66,19.09,0.63,0.22
2025-08-08T03:45:42Z,0.56,55.92,0.32,0.47
2025-08-08T03:46:42Z,0.7,32.75,0.59,0.38
2025-08-08T03:47:42Z,0.67,22.08,0.62,0.25
2025-08-08T03:48:42Z,1.1,56.03,0.61,0.91
2025-08-08T03:49:42Z,1.03,48.62,0.68,0.78
2025-08-08T03:50:42Z,1.18,48.24,0.78,0.88
2025-08-08T03:51:42Z,1.15,45.37,0.8,0.82
2025-08-08T03:52:42Z,1.07,29.02,0.94,0.52
2025-08-08T03:53:42Z,1.15,38.92,0.89,0.72
2025-08-08T03:54:42Z,1.08,61.71,0.51,0.95
2025-08-08T03:55:42Z,0.88,33.1,0.74,0.48
2025-08-08T03:56:42Z,1.32,29.06,1.16,0.64
2025-08-08T03:57:42Z,0.9,41.83,0.67,0.6
2025-08-08T03:58:42Z,0.85,55.23,0.49,0.7
2025-08-08T03:59:42Z,0.67,34.23,0.55,0.37
2025-08-08T04:00:42Z,1.1,35.08,0.9,0.63
2025-08-08T04:01:42Z,0.92,42.16,0.68,0.62
2025-08-08T04:02:42Z,0.75,60.75,0.37,0.65
2025-08-08T04:03:42Z,0.89,40.69,0.68,0.58
2025-08-08T04:04:42Z,0.64,72.3,0.19,0.61
2025-08-08T04:05:42Z,1.08,67.27,0.42,0.99
2025-08-08T04:06:42Z,1.09,61.04,0.53,0.95
2025-08-08T04:07:42Z,1.16,68.37,0.43,1.08
2025-08-08T04:08:42Z,0.5,56.87,0.27,0.42
2025-08-08T04:09:42Z,0.83,54.29,0.49,0.68
2025-08-08T04:10:42Z,0.87,81.3,0.13,0.86
2025-08-08T04:11:42Z,1,51.9,0.62,0.79
2025-08-08T04:12:42Z,1.01,78.5,0.2,0.99
2025-08-08T04:13:42Z,0.98,65.88,0.4,0.9
2025-08-08T04:14:42Z,0.93,68.4,0.34,0.86
2025-08-08T04:15:42Z,1.05,78.32,0.21,1.03
2025-08-08T04:16:42Z,1.03,50.06,0.66,0.79
2025-08-08T04:17:42Z,0.77,58.78,0.4,0.66
2025-08-08T04:18:42Z,1.22,77.46,0.26,1.19
2025-08-08T04:19:42Z,1.14,75.82,0.28,1.11
2025-08-08T04:20:42Z,1.37,71.52,0.44,1.3
2025-08-08T04:21:42Z,1.37,65.16,0.58,1.25
2025-08-08T04:22:42Z,1.95,71.16,0.63,1.85
2025-08-08T04:23:42Z,1.4,66.84,0.55,1.29
2025-08-08T04:24:42Z,1.74,79.08,0.33,1.71
2025-08-08T04:25:42Z,1.29,74.1,0.35,1.24
2025-08-08T04:26:42Z,2.01,59.43,1.02,1.73
2025-08-08T04:27:42Z,2.73,72.67,0.81,2.6
2025-08-08T04:28:42Z,1.91,69.85,0.66,1.79
2025-08-08T04:29:42Z,1.32,41.58,0.99,0.87
2025-08-08T04:30:42Z,1.58,60.95,0.77,1.38
2025-08-08T04:31:42Z,1.02,41.48,0.77,0.68
2025-08-08T04:32:42Z,1.62,58.95,0.84,1.39
2025-08-08T04:33:42Z,1.89,51.21,1.18,1.47
2025-08-08T04:34:42Z,2.02,83.97,0.21,2.01
2025-08-08T04:35:42Z,2.36,81.11,0.37,2.33
2025-08-08T04:36:42Z,2.68,89.56,0.02,2.68
2025-08-08T04:37:42Z,2.33,58.44,1.22,1.98
2025-08-08T04:38:42Z,1.54,40.4,1.17,1
2025-08-08T04:39:42Z,1.8,54.64,1.04,1.47
2025-08-08T04:40:42Z,1.74,66.39,0.7,1.59
2025-08-08T04:41:42Z,1.99,66.41,0.8,1.82
2025-08-08T04:42:42Z,2.1,67.91,0.79,1.94
2025-08-08T04:43:42Z,2.3,89.82,0.01,2.3
2025-08-08T04:44:42Z,1.36,86.45,0.08,1.36
2025-08-08T04:45:42Z,1.18,118.92,-0.57,1.03
2025-08-08T04:46:42Z,2.03,110.32,-0.7,1.9
2025-08-08T04:47:42Z,2.49,86.99,0.13,2.48
2025-08-08T04:48:42Z,1.81,62.08,0.85,1.6
2025-08-08T04:49:42Z,1.54,76.97,0.35,1.5
2025-08-08T04:50:42Z,2.05,85.25,0.17,2.04
2025-08-08T04:51:42Z,1.47,70.83,0.48,1.39
2025-08-08T04:52:42Z,2.09,65.94,0.85,1.9
2025-08-08T04:53:42Z,1.86,64.02,0.82,1.68
2025-08-08T04:54:42Z,0.94,60.18,0.47,0.81
2025-08-08T04:55:42Z,1.46,62.48,0.68,1.3
2025-08-08T04:56:42Z,2.44,66.55,0.97,2.23
2025-08-08T04:57:42Z,1.81,62.95,0.82,1.61
2025-08-08T04:58:42Z,1.43,70.43,0.48,1.35
2025-08-08T04:59:42Z,2.11,80.23,0.36,2.08
2025-08-08T05:00:42Z,2.93,78.55,0.58,2.87
2025-08-08T05:01:42Z,2.29,77.32,0.5,2.23
2025-08-08T05:02:42Z,1.87,76.89,0.42,1.82
2025-08-08T05:03:42Z,1.82,83.66,0.2,1.81
2025-08-08T05:04:42Z,2.32,76.12,0.56,2.25
2025-08-08T05:05:42Z,3.74,64.85,1.59,3.38
2025-08-08T05:06:42Z,2.93,82.7,0.37,2.91
2025-08-08T05:07:42Z,2.88,74.68,0.76,2.78
2025-08-08T05:08:42Z,2.57,65.95,1.05,2.35
2025-08-08T05:09:42Z,2.65,84.68,0.25,2.64
2025-08-08T05:10:42Z,1.97,72.01,0.61,1.88
2025-08-08T05:11:42Z,1.56,85.75,0.12,1.56
2025-08-08T05:12:42Z,1.87,108.33,-0.59,1.78
2025-08-08T05:13:42Z,2.89,74.37,0.78,2.78
2025-08-08T05:14:42Z,1.57,75.54,0.39,1.52
2025-08-08T05:15:42Z,1.33,84.25,0.13,1.33
2025-08-08T05:16:42Z,1.88,77.78,0.4,1.84
2025-08-08T05:17:42Z,1.25,67.17,0.49,1.15
2025-08-08T05:18:42Z,1.44,72.57,0.43,1.38
2025-08-08T05:19:42Z,2.63,76.86,0.6,2.56
2025-08-08T05:20:42Z,3.19,79.13,0.6,3.14
2025-08-08T05:21:42Z,2.59,78.11,0.53,2.53
2025-08-08T05:22:42Z,2.59,89.64,0.02,2.59
2025-08-08T05:23:42Z,2.96,66.61,1.17,2.71
2025-08-08T05:24:42Z,1.73,103.91,-0.41,1.68
2025-08-08T05:25:42Z,1.9,82.33,0.25,1.89
2025-08-08T05:26:42Z,1.59,75.08,0.41,1.53
2025-08-08T05:27:42Z,1.29,63.68,0.57,1.15
2025-08-08T05:28:42Z,3.23,82.02,0.45,3.2
2025-08-08T05:29:42Z,4.65,91.56,-0.13,4.65
2025-08-08T05:30:42Z,3.95,81.59,0.58,3.91
2025-08-08T05:31:42Z,2.82,87.06,0.14,2.81
2025-08-08T05:32:42Z,3.07,80.68,0.5,3.03
2025-08-08T05:33:42Z,1.63,75.03,0.42,1.57
2025-08-08T05:34:42Z,2.41,82.73,0.3,2.39
2025-08-08T05:35:42Z,2.47,83.83,0.27,2.45
2025-08-08T05:36:42Z,1.93,80.82,0.31,1.9
2025-08-08T05:37:42Z,2.57,82.9,0.32,2.55
2025-08-08T05:38:42Z,1.93,79.3,0.36,1.9
2025-08-08T05:39:42Z,1.91,65.75,0.79,1.74
2025-08-08T05:40:42Z,2.18,95.75,-0.22,2.17
2025-08-08T05:41:42Z,2.81,70.77,0.92,2.65
2025-08-08T05:42:42Z,2.26,78.48,0.45,2.22
2025-08-08T05:43:42Z,1.38,64.36,0.6,1.25
2025-08-08T05:44:42Z,1.98,81.73,0.29,1.96
2025-08-08T05:45:42Z,1.77,66.64,0.7,1.62
2025-08-08T05:46:42Z,1.9,87.46,0.08,1.89
2025-08-08T05:47:42Z,1.61,69.06,0.57,1.5
2025-08-08T05:48:42Z,0.98,60.78,0.48,0.86
2025-08-08T05:49:42Z,1.66,59.84,0.83,1.43
2025-08-08T05:50:42Z,2.23,70.51,0.75,2.11
2025-08-08T05:51:42Z,1.93,61.3,0.93,1.69
2025-08-08T05:52:42Z,1.88,64.86,0.8,1.7
2025-08-08T05:53:42Z,1.95,75.17,0.5,1.88
2025-08-08T05:54:42Z,1.43,50.36,0.91,1.1
2025-08-08T05:55:42Z,1.41,57.75,0.75,1.19
2025-08-08T05:56:42Z,1.48,82.88,0.18,1.47
2025-08-08T05:57:42Z,0.76,88.28,0.02,0.76
2025-08-08T05:58:42Z,1.19,58.34,0.63,1.01
2025-08-08T05:59:42Z,0.74,62.51,0.34,0.66
2025-08-08T06:00:42Z,0.61,48.99,0.4,0.46
2025-08-08T06:01:42Z,0.92,21.04,0.86,0.33
2025-08-08T06:02:42Z,0.75,55.22,0.43,0.61
2025-08-08T06:03:42Z,0.71,56.67,0.39,0.59
2025-08-08T06:04:42Z,0.86,45.75,0.6,0.62
2025-08-08T06:05:42Z,0.72,60.42,0.36,0.63
2025-08-08T06:06:42Z,0.74,32.76,0.62,0.4
2025-08-08T06:07:42Z,0.9,58.03,0.48,0.77
2025-08-08T06:08:42Z,1.03,63.88,0.45,0.92
2025-08-08T06:09:42Z,0.76,36.58,0.61,0.45
2025-08-08T06:10:42Z,0.72,82.52,0.09,0.72
2025-08-08T06:11:42Z,0.46,42.99,0.33,0.31
2025-08-08T06:12:42Z,0.73,46.12,0.51,0.53
2025-08-08T06:13:42Z,0.71,26.14,0.64,0.31
2025-08-08T06:14:42Z,0.58,55.99,0.33,0.48
2025-08-08T06:15:42Z,0.44,3.36,0.43,0.03
2025-08-08T06:16:42Z,0.46,19.08,0.44,0.15
2025-08-08T06:17:42Z,0.99,70.86,0.33,0.94
2025-08-08T06:18:42Z,0.72,61.62,0.34,0.63
2025-08-08T06:19:42Z,0.51,43.1,0.38,0.35
2025-08-08T06:20:42Z,0.74,347.88,0.72,-0.16
2025-08-08T06:21:42Z,0.69,61.09,0.33,0.61
2025-08-08T06:22:42Z,0.61,63.45,0.27,0.55
2025-08-08T06:23:42Z,1.21,76.39,0.29,1.18
2025-08-08T06:24:42Z,0.66,26.08,0.59,0.29
2025-08-08T06:25:42Z,0.66,49.2,0.43,0.5
2025-08-08T06:26:42Z,0.72,64.94,0.31,0.65
2025-08-08T06:27:42Z,0.39,103.75,-0.09,0.38
2025-08-08T06:28:42Z,0.71,28.91,0.62,0.34
2025-08-08T06:29:42Z,0.33,20.43,0.31,0.11
2025-08-08T06:30:42Z,0.62,48.63,0.41,0.46
2025-08-08T06:31:42Z,0.46,50.88,0.29,0.35
2025-08-08T06:32:42Z,0.7,66.17,0.28,0.64
2025-08-08T06:33:42Z,0.7,34.31,0.58,0.39
2025-08-08T06:34:42Z,0.81,35.55,0.66,0.47
2025-08-08T06:35:42Z,0.51,46.12,0.35,0.37
2025-08-08T06:36:42Z,0.45,63.29,0.2,0.4
2025-08-08T06:37:42Z,0.82,34.77,0.67,0.47
2025-08-08T06:38:42Z,0.91,34.87,0.75,0.52
2025-08-08T06:39:42Z,0.74,38.33,0.58,0.46
2025-08-08T06:40:42Z,0.65,50.56,0.41,0.5
2025-08-08T06:41:42Z,0.3,122.33,-0.16,0.25
2025-08-08T06:42:42Z,0.3,44.96,0.21,0.21
2025-08-08T06:43:42Z,0.34,327.04,0.28,-0.18
2025-08-08T06:44:42Z,0.41,355.58,0.41,-0.03
2025-08-08T06:45:42Z,0.7,9.88,0.69,0.12
2025-08-08T06:46:42Z,0.41,39.73,0.32,0.27
2025-08-08T06:47:42Z,0.35,32.72,0.3,0.19
2025-08-08T06:48:42Z,0.63,75.11,0.16,0.61
2025-08-08T06:49:42Z,0.56,43.22,0.41,0.39
2025-08-08T06:50:42Z,0.05,192.12,-0.05,-0.01
2025-08-08T06:51:42Z,0.38,310.95,0.25,-0.29
2025-08-08T06:52:42Z,0.73,58.79,0.38,0.63
2025-08-08T06:53:42Z,0.94,79.73,0.17,0.93
2025-08-08T06:54:42Z,0.48,48.12,0.32,0.36
2025-08-08T06:55:42Z,1.02,71.23,0.33,0.97
2025-08-08T06:56:42Z,0.33,50.88,0.21,0.26
2025-08-08T06:57:42Z,0.37,359.72,0.37,-0
2025-08-08T06:58:42Z,0.52,71.57,0.16,0.49
2025-08-08T06:59:42Z,0.93,72.66,0.28,0.89
2025-08-08T07:00:42Z,0.5,51.94,0.31,0.4
2025-08-08T07:01:42Z,0.51,39.12,0.4,0.32
2025-08-08T07:02:42Z,1.06,47.67,0.71,0.78
2025-08-08T07:03:42Z,1.11,20.76,1.04,0.39
2025-08-08T07:04:42Z,0.79,39.45,0.61,0.5
2025-08-08T07:05:42Z,0.55,64.31,0.24,0.5
2025-08-08T07:06:42Z,0.66,24.54,0.6,0.27
2025-08-08T07:07:42Z,0.79,31.9,0.67,0.42
2025-08-08T07:08:42Z,0.82,28.38,0.72,0.39
2025-08-08T07:09:42Z,0.96,58.63,0.5,0.82
2025-08-08T07:10:42Z,1.18,73.53,0.33,1.13
2025-08-08T07:11:42Z,1.02,56.85,0.56,0.85
2025-08-08T07:12:42Z,0.79,9.95,0.78,0.14
2025-08-08T07:13:42Z,0.38,24.48,0.35,0.16
2025-08-08T07:14:42Z,0.6,24.7,0.55,0.25
2025-08-08T07:15:42Z,1.32,50.9,0.83,1.02
2025-08-08T07:16:42Z,1.57,56.2,0.87,1.3
2025-08-08T07:17:42Z,1.22,50.16,0.78,0.94
2025-08-08T07:18:42Z,1.28,23.17,1.18,0.5
2025-08-08T07:19:42Z,1.05,35.4,0.85,0.61
2025-08-08T07:20:42Z,0.96,36.63,0.77,0.57
2025-08-08T07:21:42Z,0.65,61.9,0.31,0.58
2025-08-08T07:22:42Z,1.01,43.21,0.74,0.69
2025-08-08T07:23:42Z,0.66,58.2,0.35,0.56
2025-08-08T07:24:42Z,0.84,72.56,0.25,0.8
2025-08-08T07:25:42Z,0.45,37.07,0.36,0.27
2025-08-08T07:26:42Z,0.57,73.63,0.16,0.55
2025-08-08T07:27:42Z,0.57,35.32,0.47,0.33
2025-08-08T07:28:42Z,0.4,20.73,0.37,0.14
2025-08-08T07:29:42Z,0.71,52.55,0.43,0.56
2025-08-08T07:30:42Z,0.45,29.1,0.39,0.22
2025-08-08T07:31:42Z,0.96,27.08,0.86,0.44
2025-08-08T07:32:42Z,0.76,41.74,0.57,0.51
2025-08-08T07:33:42Z,0.51,49.54,0.33,0.39
2025-08-08T07:34:42Z,0.69,22.24,0.64,0.26
2025-08-08T07:35:42Z,0.73,70.16,0.25,0.68
2025-08-08T07:36:42Z,0.72,41.8,0.54,0.48
2025-08-08T07:37:42Z,0.53,45.87,0.37,0.38
2025-08-08T07:38:42Z,0.59,6.07,0.59,0.06
2025-08-08T07:39:42Z,0.39,79.15,0.07,0.39
2025-08-08T07:40:42Z,0.81,11.39,0.79,0.16
2025-08-08T07:41:42Z,0.45,79.97,0.08,0.44
2025-08-08T07:42:42Z,0.76,75.47,0.19,0.73
2025-08-08T07:43:42Z,1.08,50.12,0.69,0.83
2025-08-08T07:44:42Z,0.62,50.02,0.4,0.48
2025-08-08T07:45:42Z,1.08,35.18,0.88,0.62
2025-08-08T07:46:42Z,0.75,49.08,0.49,0.56
2025-08-08T07:47:42Z,0.72,25.93,0.64,0.31
2025-08-08T07:48:42Z,0.73,51.15,0.46,0.57
2025-08-08T07:49:42Z,0.77,55.83,0.44,0.64
2025-08-08T07:50:42Z,0.87,14.36,0.84,0.22
2025-08-08T07:51:42Z,0.97,77.61,0.21,0.95
2025-08-08T07:52:42Z,0.31,79.85,0.05,0.3
2025-08-08T07:53:42Z,0.78,48.59,0.52,0.59
2025-08-08T07:54:42Z,0.62,53.36,0.37,0.5
2025-08-08T07:55:42Z,0.56,39.28,0.43,0.35
2025-08-08T07:56:42Z,0.65,15.09,0.62,0.17
2025-08-08T07:57:42Z,0.46,70.07,0.16,0.43
2025-08-08T07:58:42Z,0.62,41.01,0.47,0.41
2025-08-08T07:59:42Z,0.76,17.13,0.73,0.22
2025-08-08T08:00:42Z,0.6,42.85,0.44,0.41
2025-08-08T08:01:42Z,0.62,40.21,0.47,0.4
2025-08-08T08:02:42Z,0.32,29.94,0.28,0.16
2025-08-08T08:03:42Z,0.32,292.33,0.12,-0.29
2025-08-08T08:04:42Z,0.59,357.06,0.59,-0.03
2025-08-08T08:05:42Z,0.86,37.08,0.68,0.52
2025-08-08T08:06:42Z,0.6,59.21,0.31,0.52
2025-08-08T08:07:42Z,0.26,70.68,0.08,0.24
2025-08-08T08:08:42Z,0.76,24.64,0.69,0.32
2025-08-08T08:09:42Z,0.35,50.59,0.22,0.27
2025-08-08T08:10:42Z,0.77,35.32,0.63,0.45
2025-08-08T08:11:42Z,0.66,21.74,0.62,0.25
2025-08-08T08:12:42Z,0.8,59.82,0.4,0.69
2025-08-08T08:13:42Z,0.95,29.2,0.83,0.46
2025-08-08T08:14:42Z,0.33,38.59,0.26,0.21
2025-08-08T08:15:42Z,0.67,36.96,0.54,0.4
2025-08-08T08:16:42Z,0.55,28.94,0.48,0.26
2025-08-08T08:17:42Z,0.57,25.16,0.52,0.24
2025-08-08T08:18:42Z,0.48,50.73,0.3,0.37
2025-08-08T08:19:42Z,0.69,34.87,0.57,0.4
2025-08-08T08:20:42Z,0.28,29.58,0.25,0.14
2025-08-08T08:21:42Z,0.79,53.25,0.47,0.63
2025-08-08T08:22:42Z,0.56,38.06,0.44,0.34
2025-08-08T08:23:42Z,0.54,29.98,0.46,0.27
2025-08-08T08:24:42Z,0.6,21.28,0.55,0.22
2025-08-08T08:25:42Z,0.51,47.01,0.35,0.37
2025-08-08T08:26:42Z,0.67,61.02,0.32,0.58
2025-08-08T08:27:42Z,0.85,4.54,0.85,0.07
2025-08-08T08:28:42Z,0.56,13.61,0.54,0.13
2025-08-08T08:29:42Z,0.54,66.11,0.22,0.49
2025-08-08T08:30:42Z,0.58,16.41,0.56,0.16
2025-08-08T08:31:42Z,0.67,47.39,0.45,0.49
2025-08-08T08:32:42Z,0.57,37.74,0.45,0.35
2025-08-08T08:33:42Z,0.52,63.25,0.23,0.47
2025-08-08T08:34:42Z,0.64,67.05,0.25,0.59
2025-08-08T08:35:42Z,0.54,38.41,0.42,0.34
2025-08-08T08:36:42Z,0.48,37.18,0.38,0.29
2025-08-08T08:37:42Z,0.81,44.63,0.57,0.57
2025-08-08T08:38:42Z,0.6,64.66,0.26,0.54
2025-08-08T08:39:42Z,0.5,52.57,0.31,0.4
2025-08-08T08:40:42Z,0.66,40.99,0.5,0.43
2025-08-08T08:41:42Z,0.58,76.35,0.14,0.56
2025-08-08T08:42:42Z,0.31,65.48,0.13,0.28
2025-08-08T08:43:42Z,0.75,26.92,0.67,0.34
2025-08-08T08:44:42Z,0.44,31.39,0.37,0.23
2025-08-08T08:45:42Z,0.9,76.02,0.22,0.87
2025-08-08T08:46:42Z,0.69,47.74,0.46,0.51
2025-08-08T08:47:42Z,0.97,33.65,0.8,0.54
2025-08-08T08:48:42Z,0.49,25.56,0.45,0.21
2025-08-08T08:49:42Z,0.63,63.85,0.28,0.57
2025-08-08T08:50:42Z,0.65,28.61,0.57,0.31
2025-08-08T08:51:42Z,0.68,33.17,0.57,0.37
2025-08-08T08:52:42Z,0.71,77.22,0.16,0.69
2025-08-08T08:53:42Z,0.83,50.74,0.53,0.64
2025-08-08T08:54:42Z,0.68,51.84,0.42,0.53
2025-08-08T08:55:42Z,1.05,49.04,0.69,0.79
2025-08-08T08:56:42Z,0.44,42.58,0.32,0.3
2025-08-08T08:57:42Z,0.77,57.62,0.41,0.65
2025-08-08T08:58:42Z,0.42,31.16,0.36,0.22
2025-08-08T08:59:42Z,0.58,75.11,0.15,0.56
2025-08-08T09:00:42Z,0.76,2.93,0.76,0.04
2025-08-08T09:01:42Z,0.77,27.86,0.68,0.36
2025-08-08T09:02:42Z,0.53,48.95,0.35,0.4
2025-08-08T09:03:42Z,0.67,59.56,0.34,0.58
2025-08-08T09:04:42Z,1.04,63.17,0.47,0.93
2025-08-08T09:05:42Z,0.72,5.28,0.72,0.07
2025-08-08T09:06:42Z,0.61,79.37,0.11,0.6
2025-08-08T09:07:42Z,0.39,44.67,0.28,0.27
2025-08-08T09:08:42Z,0.4,48.72,0.27,0.3
2025-08-08T09:09:42Z,0.41,356.43,0.41,-0.03
2025-08-08T09:10:42Z,1.02,53.61,0.61,0.82
2025-08-08T09:11:42Z,0.93,21.6,0.86,0.34
2025-08-08T09:12:42Z,0.96,61.87,0.45,0.85
2025-08-08T09:13:42Z,0.76,45.57,0.53,0.54
2025-08-08T09:14:42Z,0.67,36.32,0.54,0.4
2025-08-08T09:15:42Z,0.72,55.21,0.41,0.59
2025-08-08T09:16:42Z,0.5,22.51,0.46,0.19
2025-08-08T09:17:42Z,0.66,38.71,0.52,0.42
2025-08-08T09:18:42Z,0.86,32.23,0.73,0.46
2025-08-08T09:19:42Z,0.99,52.79,0.6,0.78
2025-08-08T09:20:42Z,1.14,44.23,0.82,0.79
2025-08-08T09:21:42Z,0.74,60.08,0.37,0.64
2025-08-08T09:22:42Z,0.58,42.33,0.43,0.39
2025-08-08T09:23:42Z,0.76,44.64,0.54,0.54
2025-08-08T09:24:42Z,0.59,25.99,0.53,0.26
2025-08-08T09:25:42Z,0.49,77.87,0.1,0.48
2025-08-08T09:26:42Z,0.89,64.88,0.38,0.81
2025-08-08T09:27:42Z,0.72,32.26,0.61,0.38
2025-08-08T09:28:42Z,0.68,29.23,0.6,0.33
2025-08-08T09:29:42Z,1.15,33.76,0.96,0.64
2025-08-08T09:30:42Z,0.94,64.81,0.4,0.85
2025-08-08T09:31:42Z,0.46,26.53,0.41,0.21
2025-08-08T09:32:42Z,0.71,36.63,0.57,0.43
2025-08-08T09:33:42Z,0.71,28.69,0.62,0.34
2025-08-08T09:34:42Z,0.92,42.18,0.68,0.61
2025-08-08T09:35:42Z,0.78,18.57,0.74,0.25
2025-08-08T09:36:42Z,1.24,38.6,0.97,0.77
2025-08-08T09:37:42Z,0.93,18.24,0.89,0.29
2025-08-08T09:38:42Z,0.64,60.53,0.31,0.56
2025-08-08T09:39:42Z,0.91,31.01,0.78,0.47
2025-08-08T09:40:42Z,0.91,53.44,0.54,0.73
2025-08-08T09:41:42Z,0.85,53.85,0.5,0.69
2025-08-08T09:42:42Z,0.81,74.81,0.21,0.79
2025-08-08T09:43:42Z,0.63,1.54,0.63,0.02
2025-08-08T09:44:42Z,0.4,5.43,0.39,0.04
2025-08-08T09:45:42Z,0.66,57.59,0.36,0.56
2025-08-08T09:46:42Z,0.78,50.36,0.5,0.6
2025-08-08T09:47:42Z,0.73,82.17,0.1,0.72
2025-08-08T09:48:42Z,0.67,59.64,0.34,0.58
2025-08-08T09:49:42Z,0.78,13.16,0.76,0.18
2025-08-08T09:50:42Z,0.84,45.39,0.59,0.6
2025-08-08T09:51:42Z,0.75,40.24,0.57,0.48
2025-08-08T09:52:42Z,0.63,53.06,0.38,0.5
2025-08-08T09:53:42Z,1.34,52.25,0.82,1.06
2025-08-08T09:54:42Z,0.42,73.32,0.12,0.41
2025-08-08T09:55:42Z,0.62,55.39,0.35,0.51
2025-08-08T09:56:42Z,0.93,45.82,0.65,0.67
2025-08-08T09:57:42Z,1.11,98.92,-0.17,1.1
2025-08-08T09:58:42Z,0.6,69.47,0.21,0.56
2025-08-08T09:59:42Z,0.71,47.99,0.47,0.53
2025-08-08T10:00:42Z,0.83,63.32,0.37,0.74
2025-08-08T10:01:42Z,0.5,55.03,0.29,0.41
2025-08-08T10:02:42Z,0.64,76.99,0.14,0.62
2025-08-08T10:03:42Z,0.63,98.92,-0.1,0.63
2025-08-08T10:04:42Z,0.76,92.54,-0.03,0.76
2025-08-08T10:05:42Z,0.77,58.72,0.4,0.66
2025-08-08T10:06:42Z,0.53,49.48,0.35,0.4
2025-08-08T10:07:42Z,0.73,60.63,0.36,0.64
2025-08-08T10:08:42Z,0.64,29.85,0.55,0.32
2025-08-08T10:09:42Z,1.12,85.26,0.09,1.12
2025-08-08T10:10:42Z,0.46,66.23,0.19,0.42
2025-08-08T10:11:42Z,0.91,70.53,0.3,0.86
2025-08-08T10:12:42Z,1.43,66.98,0.56,1.31
2025-08-08T10:13:42Z,0.89,32.66,0.75,0.48
2025-08-08T10:14:42Z,0.83,92.02,-0.03,0.83
2025-08-08T10:15:42Z,0.96,82.68,0.12,0.95
2025-08-08T10:16:42Z,0.93,34.22,0.77,0.52
2025-08-08T10:17:42Z,0.58,49.39,0.38,0.44
2025-08-08T10:18:42Z,1.03,78.93,0.2,1.01
2025-08-08T10:19:42Z,0.88,61.97,0.41,0.78
2025-08-08T10:20:42Z,0.86,61.9,0.4,0.76
2025-08-08T10:21:42Z,1.13,86.73,0.06,1.13
2025-08-08T10:22:42Z,0.79,65.6,0.33,0.72
2025-08-08T10:23:42Z,0.72,48.38,0.48,0.54
2025-08-08T10:24:42Z,0.98,30.58,0.85,0.5
2025-08-08T10:25:42Z,0.99,46.54,0.68,0.72
2025-08-08T10:26:42Z,0.94,39.56,0.72,0.6
2025-08-08T10:27:42Z,0.53,41.57,0.4,0.35
2025-08-08T10:28:42Z,0.58,84.29,0.06,0.58
2025-08-08T10:29:42Z,1.1,24.35,1,0.45
2025-08-08T10:30:42Z,0.67,27.98,0.59,0.31
2025-08-08T10:31:42Z,1.12,31.75,0.95,0.59
2025-08-08T10:32:42Z,0.91,36.62,0.73,0.54
2025-08-08T10:33:42Z,0.8,55.89,0.45,0.67
2025-08-08T10:34:42Z,0.55,64.63,0.23,0.49
2025-08-08T10:35:42Z,0.71,56.8,0.39,0.6
2025-08-08T10:36:42Z,0.91,41.57,0.68,0.61
2025-08-08T10:37:42Z,1.09,57.63,0.59,0.92
2025-08-08T10:38:42Z,0.99,31.47,0.84,0.52
2025-08-08T10:39:42Z,0.42,349.31,0.42,-0.08
2025-08-08T10:40:42Z,0.47,36.84,0.38,0.28
2025-08-08T10:41:42Z,0.43,66.54,0.17,0.4
2025-08-08T10:42:42Z,0.56,40.91,0.42,0.37
2025-08-08T10:43:42Z,0.58,19,0.55,0.19
2025-08-08T10:44:42Z,0.56,64.31,0.24,0.51
2025-08-08T10:45:42Z,0.55,56.48,0.31,0.46
2025-08-08T10:46:42Z,0.78,46.2,0.54,0.56
2025-08-08T10:47:42Z,1.01,70.6,0.33,0.95
2025-08-08T10:48:42Z,1,52.7,0.6,0.79
2025-08-08T10:49:42Z,0.93,73.25,0.27,0.89
2025-08-08T10:50:42Z,0.85,39.02,0.66,0.53
2025-08-08T10:51:42Z,0.72,40.73,0.54,0.47
2025-08-08T10:52:42Z,0.73,48.04,0.49,0.54
2025-08-08T10:53:42Z,1.25,48.98,0.82,0.94
2025-08-08T10:54:42Z,1.07,68.62,0.39,1
2025-08-08T10:55:42Z,0.84,63.73,0.37,0.75
2025-08-08T10:56:42Z,0.65,81.7,0.09,0.64
2025-08-08T10:57:42Z,1.3,84.15,0.13,1.29
2025-08-08T10:58:42Z,0.43,58.4,0.23,0.37
2025-08-08T10:59:42Z,1.1,94.94,-0.09,1.1
2025-08-08T11:00:42Z,1.43,54.27,0.83,1.16
2025-08-08T11:01:42Z,1.32,89.26,0.02,1.32
2025-08-08T11:02:42Z,0.75,77.01,0.17,0.73
2025-08-08T11:03:42Z,0.8,90.28,-0,0.8
2025-08-08T11:04:42Z,0.97,64.69,0.41,0.87
2025-08-08T11:05:42Z,1.07,48.54,0.71,0.8
2025-08-08T11:06:42Z,1.23,84.66,0.11,1.23
2025-08-08T11:07:42Z,0.52,55.6,0.29,0.43
2025-08-08T11:08:42Z,1.13,66.42,0.45,1.04
2025-08-08T11:09:42Z,1.1,43.92,0.79,0.76
2025-08-08T11:10:42Z,0.61,64.72,0.26,0.55
2025-08-08T11:11:42Z,0.61,60.54,0.3,0.53
2025-08-08T11:12:42Z,0.33,72.01,0.1,0.32
2025-08-08T11:13:42Z,0.72,76.02,0.17,0.7
2025-08-08T11:14:42Z,0.87,58.95,0.45,0.74
2025-08-08T11:15:42Z,0.96,58.81,0.5,0.82
2025-08-08T11:16:42Z,0.4,54.87,0.23,0.33
2025-08-08T11:17:42Z,0.64,53.75,0.38,0.52
2025-08-08T11:18:42Z,1.09,40.51,0.83,0.71
2025-08-08T11:19:42Z,0.85,20.33,0.8,0.29
2025-08-08T11:20:42Z,1.09,36.65,0.87,0.65
2025-08-08T11:21:42Z,0.98,53.35,0.58,0.79
2025-08-08T11:22:42Z,0.81,72.46,0.24,0.77
2025-08-08T11:23:42Z,0.77,34.58,0.63,0.44
2025-08-08T11:24:42Z,0.69,59.48,0.35,0.59
2025-08-08T11:25:42Z,0.6,64.52,0.26,0.54
2025-08-08T11:26:42Z,0.96,49.35,0.63,0.73
2025-08-08T11:27:42Z,0.91,73.67,0.25,0.87
2025-08-08T11:28:42Z,0.68,131.95,-0.46,0.51
2025-08-08T11:29:42Z,0.71,64.55,0.31,0.64
2025-08-08T11:30:42Z,1.05,57.15,0.57,0.88
2025-08-08T11:31:42Z,1.09,49.97,0.7,0.84
2025-08-08T11:32:42Z,0.28,46.96,0.19,0.2
2025-08-08T11:33:42Z,0.34,37.11,0.27,0.21
2025-08-08T11:34:42Z,0.41,19.88,0.38,0.14
2025-08-08T11:35:42Z,0.81,24.85,0.74,0.34
2025-08-08T11:36:42Z,0.85,28.51,0.75,0.41
2025-08-08T11:37:42Z,0.29,85.86,0.02,0.28
2025-08-08T11:38:42Z,0.56,37.4,0.45,0.34
2025-08-08T11:39:42Z,0.81,25.47,0.73,0.35
2025-08-08T11:40:42Z,0.2,128.68,-0.13,0.16
2025-08-08T11:41:42Z,0.88,31.14,0.75,0.45
2025-08-08T11:42:42Z,0.64,39.78,0.49,0.41
2025-08-08T11:43:42Z,1.06,77.95,0.22,1.03
2025-08-08T11:44:42Z,1.61,51.74,1,1.27
2025-08-08T11:45:42Z,1.39,65.17,0.58,1.26
2025-08-08T11:46:42Z,0.86,65.06,0.36,0.78
2025-08-08T11:47:42Z,1.01,66.3,0.41,0.93
2025-08-08T11:48:42Z,1.21,41.65,0.9,0.8
2025-08-08T11:49:42Z,0.71,45.86,0.49,0.51
2025-08-08T11:50:42Z,0.81,59.13,0.42,0.7
2025-08-08T11:51:42Z,1.04,31.11,0.89,0.54
2025-08-08T11:52:42Z,0.52,82.29,0.07,0.52
2025-08-08T11:53:42Z,1.27,93.05,-0.07,1.27
2025-08-08T11:54:42Z,0.71,40.06,0.54,0.45
2025-08-08T11:55:42Z,0.67,57.78,0.36,0.57
2025-08-08T11:56:42Z,0.84,76.97,0.19,0.81
2025-08-08T11:57:42Z,0.97,58.03,0.52,0.83
2025-08-08T11:58:42Z,0.69,77.4,0.15,0.67
2025-08-08T11:59:42Z,0.67,97.01,-0.08,0.67
2025-08-08T12:00:42Z,1.12,79.59,0.2,1.1
2025-08-08T12:01:42Z,0.66,68.11,0.25,0.62
2025-08-08T12:02:42Z,0.52,84.19,0.05,0.52
2025-08-08T12:03:42Z,1.02,52.97,0.62,0.82
2025-08-08T12:04:42Z,0.83,79.57,0.15,0.81
2025-08-08T12:05:42Z,0.95,60.57,0.47,0.83
2025-08-08T12:06:42Z,0.84,51.72,0.52,0.66
2025-08-08T12:07:42Z,0.94,72.98,0.28,0.9
2025-08-08T12:08:42Z,0.71,71.38,0.23,0.68
2025-08-08T12:09:42Z,0.76,38.9,0.59,0.47
2025-08-08T12:10:42Z,0.29,356.28,0.29,-0.02
2025-08-08T12:11:42Z,1.1,75.3,0.28,1.06
2025-08-08T12:12:42Z,0.73,51.1,0.46,0.57
2025-08-08T12:13:42Z,0.46,74.75,0.12,0.44
2025-08-08T12:14:42Z,0.93,3.84,0.93,0.06
2025-08-08T12:15:42Z,0.88,56.88,0.48,0.74
2025-08-08T12:16:42Z,0.83,97.94,-0.12,0.83
2025-08-08T12:17:42Z,0.92,78.99,0.18,0.9
2025-08-08T12:18:42Z,0.86,75.1,0.22,0.83
2025-08-08T12:19:42Z,0.8,94.05,-0.06,0.79
2025-08-08T12:20:42Z,1.04,57.14,0.56,0.87
2025-08-08T12:21:42Z,1.32,121.87,-0.7,1.12
2025-08-08T12:22:42Z,0.77,86.97,0.04,0.77
2025-08-08T12:23:42Z,0.72,47.07,0.49,0.53
2025-08-08T12:24:42Z,1.42,50.66,0.9,1.1
2025-08-08T12:25:42Z,0.64,35.52,0.52,0.37
2025-08-08T12:26:42Z,0.9,63.95,0.4,0.81
2025-08-08T12:27:42Z,0.91,60.35,0.45,0.79
2025-08-08T12:28:42Z,0.64,27.31,0.57,0.29
2025-08-08T12:29:42Z,0.91,66.16,0.37,0.83
2025-08-08T12:30:42Z,1.1,61.81,0.52,0.97
2025-08-08T12:31:42Z,0.48,68.16,0.18,0.44
2025-08-08T12:32:42Z,0.37,48.96,0.24,0.28
2025-08-08T12:33:42Z,0.59,25.3,0.54,0.25
2025-08-08T12:34:42Z,1.09,10.7,1.07,0.2
2025-08-08T12:35:42Z,0.55,63.07,0.25,0.49
2025-08-08T12:36:42Z,0.44,110.33,-0.15,0.41
2025-08-08T12:37:42Z,0.68,54.97,0.39,0.55
2025-08-08T12:38:42Z,0.94,82.99,0.11,0.93
2025-08-08T12:39:42Z,1.01,75.95,0.24,0.98
2025-08-08T12:40:42Z,0.89,67.68,0.34,0.83
2025-08-08T12:41:42Z,0.97,59.94,0.48,0.84
2025-08-08T12:42:42Z,0.95,73.15,0.27,0.91
2025-08-08T12:43:42Z,1.1,16.13,1.06,0.31
2025-08-08T12:44:42Z,0.84,62.31,0.39,0.75
2025-08-08T12:45:42Z,0.68,44.95,0.48,0.48
2025-08-08T12:46:42Z,1.34,25.46,1.21,0.58
2025-08-08T12:47:42Z,0.83,72.31,0.25,0.79
2025-08-08T12:48:42Z,1.07,66.22,0.43,0.98
2025-08-08T12:49:42Z,0.51,58.08,0.27,0.43
2025-08-08T12:50:42Z,0.56,105.38,-0.15,0.54
2025-08-08T12:51:42Z,0.64,348.22,0.62,-0.13
2025-08-08T12:52:42Z,0.9,85.91,0.06,0.89
2025-08-08T12:53:42Z,0.68,100.38,-0.12,0.66
2025-08-08T12:54:42Z,1.07,76.48,0.25,1.04
2025-08-08T12:55:42Z,0.91,33.72,0.76,0.51
2025-08-08T12:56:42Z,0.89,112.44,-0.34,0.82
2025-08-08T12:57:42Z,0.86,106.63,-0.25,0.82
2025-08-08T12:58:42Z,1.06,75.43,0.27,1.02
2025-08-08T12:59:42Z,0.93,100.59,-0.17,0.91
2025-08-08T13:00:42Z,0.39,358.77,0.39,-0.01
2025-08-08T13:01:42Z,0.46,43.13,0.33,0.31
2025-08-08T13:02:42Z,0.59,78.66,0.12,0.58
2025-08-08T13:03:42Z,0.96,77.78,0.2,0.94
2025-08-08T13:04:42Z,1.23,51.81,0.76,0.97
2025-08-08T13:05:42Z,0.99,47.23,0.67,0.72
2025-08-08T13:06:42Z,1.02,44.69,0.72,0.71
2025-08-08T13:07:42Z,0.98,76.88,0.22,0.95
2025-08-08T13:08:42Z,0.77,31.03,0.66,0.39
2025-08-08T13:09:42Z,1.9,68.32,0.7,1.77
2025-08-08T13:10:42Z,1.41,87.23,0.07,1.41
2025-08-08T13:11:42Z,0.9,78.62,0.18,0.88
2025-08-08T13:12:42Z,0.95,75.98,0.23,0.92
2025-08-08T13:13:42Z,1.27,88.96,0.02,1.27
2025-08-08T13:14:42Z,1.04,52.43,0.63,0.82
2025-08-08T13:15:42Z,0.97,70.39,0.33,0.92
2025-08-08T13:16:42Z,1.14,47.73,0.77,0.84
2025-08-08T13:17:42Z,1.15,32.03,0.97,0.61
2025-08-08T13:18:42Z,0.94,82.23,0.13,0.93
2025-08-08T13:19:42Z,0.4,61.3,0.19,0.35
2025-08-08T13:20:42Z,0.83,70.98,0.27,0.78
2025-08-08T13:21:42Z,1.19,81.88,0.17,1.18
2025-08-08T13:22:42Z,1.24,93.21,-0.07,1.24
2025-08-08T13:23:42Z,2.49,79.49,0.46,2.45
2025-08-08T13:24:42Z,1.49,73.44,0.42,1.43
2025-08-08T13:25:42Z,1.8,44.64,1.28,1.27
2025-08-08T13:26:42Z,1.25,62.65,0.58,1.11
2025-08-08T13:27:42Z,1.27,19.25,1.2,0.42
2025-08-08T13:28:42Z,1.15,56.86,0.63,0.96
2025-08-08T13:29:42Z,1.03,32.92,0.86,0.56
2025-08-08T13:30:42Z,1.03,51.76,0.64,0.81
2025-08-08T13:31:42Z,0.97,47.89,0.65,0.72
2025-08-08T13:32:42Z,1.31,78.1,0.27,1.29
2025-08-08T13:33:42Z,1.22,76.89,0.28,1.18
2025-08-08T13:34:42Z,0.94,75.6,0.23,0.91
2025-08-08T13:35:42Z,1.09,78.13,0.22,1.06
2025-08-08T13:36:42Z,1.52,105.75,-0.41,1.46
2025-08-08T13:37:42Z,1.11,65.93,0.45,1.02
2025-08-08T13:38:42Z,1.13,49.36,0.74,0.86
2025-08-08T13:39:42Z,1.46,71.27,0.47,1.38
2025-08-08T13:40:42Z,1.68,74.44,0.45,1.61
2025-08-08T13:41:42Z,1.63,98.79,-0.25,1.61
2025-08-08T13:42:42Z,1.47,102.61,-0.32,1.43
2025-08-08T13:43:42Z,2.91,76.36,0.69,2.83
2025-08-08T13:44:42Z,1.57,92.15,-0.06,1.57
2025-08-08T13:45:42Z,0.93,56.03,0.52,0.78
2025-08-08T13:46:42Z,1.39,67.74,0.53,1.29
2025-08-08T13:47:42Z,2.11,86.13,0.14,2.1
2025-08-08T13:48:42Z,1.41,78.94,0.27,1.39
2025-08-08T13:49:42Z,1.18,96,-0.12,1.17
2025-08-08T13:50:42Z,1.05,127.22,-0.63,0.83
2025-08-08T13:51:42Z,1.04,71.13,0.34,0.98
2025-08-08T13:52:42Z,1.61,93.11,-0.09,1.61
2025-08-08T13:53:42Z,1.67,66.24,0.67,1.53
2025-08-08T13:54:42Z,1.01,60.98,0.49,0.88
2025-08-08T13:55:42Z,1.33,101.81,-0.27,1.3
2025-08-08T13:56:42Z,1.8,63.24,0.81,1.61
2025-08-08T13:57:42Z,1.18,65.92,0.48,1.07
2025-08-08T13:58:42Z,2.7,102.32,-0.58,2.64
2025-08-08T13:59:42Z,1.4,82.23,0.19,1.38
2025-08-08T14:00:42Z,1.67,76.62,0.39,1.63
2025-08-08T14:01:42Z,1.51,89.1,0.02,1.51
2025-08-08T14:02:42Z,0.99,108.09,-0.31,0.94
2025-08-08T14:03:42Z,1.22,107.86,-0.37,1.16
2025-08-08T14:04:42Z,0.78,95.73,-0.08,0.78
2025-08-08T14:05:42Z,1.23,93.17,-0.07,1.23
2025-08-08T14:06:42Z,1.2,97.23,-0.15,1.19
2025-08-08T14:07:42Z,0.98,45.4,0.69,0.7
2025-08-08T14:08:42Z,1.49,95.83,-0.15,1.48
2025-08-08T14:09:42Z,1.48,78.29,0.3,1.45
2025-08-08T14:10:42Z,1.56,73.01,0.45,1.49
2025-08-08T14:11:42Z,2.47,86.66,0.14,2.47
2025-08-08T14:12:42Z,2.14,70.33,0.72,2.01
2025-08-08T14:13:42Z,1.85,110,-0.63,1.74
2025-08-08T14:14:42Z,2.31,83.85,0.25,2.3
2025-08-08T14:15:42Z,1.49,61.31,0.72,1.31
2025-08-08T14:16:42Z,1.94,69.61,0.68,1.82
2025-08-08T14:17:42Z,1.69,78.65,0.33,1.66
2025-08-08T14:18:42Z,1.33,81.58,0.2,1.32
2025-08-08T14:19:42Z,2.49,75.72,0.61,2.41
2025-08-08T14:20:42Z,1.19,78.5,0.24,1.17
2025-08-08T14:21:42Z,1.76,80.59,0.29,1.74
2025-08-08T14:22:42Z,1.07,99.59,-0.18,1.06
2025-08-08T14:23:42Z,1.66,80.24,0.28,1.63
2025-08-08T14:24:42Z,1.39,74.66,0.37,1.34
2025-08-08T14:25:42Z,2.21,82.32,0.3,2.19
2025-08-08T14:26:42Z,1.97,81.07,0.31,1.95
2025-08-08T14:27:42Z,1.32,63.61,0.58,1.18
2025-08-08T14:28:42Z,1.21,74.38,0.33,1.17
2025-08-08T14:29:42Z,1.76,83.68,0.19,1.75
2025-08-08T14:30:42Z,1.3,86.83,0.07,1.3
2025-08-08T14:31:42Z,1.07,79.67,0.19,1.05
2025-08-08T14:32:42Z,1.47,94.66,-0.12,1.47
2025-08-08T14:33:42Z,1.33,72.01,0.41,1.26
2025-08-08T14:34:42Z,1.35,90.22,-0.01,1.35
2025-08-08T14:35:42Z,0.97,97.67,-0.13,0.96
2025-08-08T14:36:42Z,2.36,79.93,0.41,2.33
2025-08-08T14:37:42Z,1.81,57.31,0.98,1.52
2025-08-08T14:38:42Z,1.88,99.73,-0.32,1.85
2025-08-08T14:39:42Z,2,81.74,0.29,1.98
2025-08-08T14:40:42Z,1.55,62.02,0.73,1.37
2025-08-08T14:41:42Z,1.62,83.86,0.17,1.61
2025-08-08T14:42:42Z,1.42,71.39,0.45,1.34
2025-08-08T14:43:42Z,1.41,67.63,0.54,1.31
2025-08-08T14:44:42Z,1.4,89.68,0.01,1.4
2025-08-08T14:45:42Z,1.66,60.62,0.81,1.44
2025-08-08T14:46:42Z,1.5,72.11,0.46,1.42
2025-08-08T14:47:42Z,1.41,66.85,0.55,1.3
2025-08-08T14:48:42Z,2.17,77.76,0.46,2.12
2025-08-08T14:49:42Z,1.28,83.33,0.15,1.27
2025-08-08T14:50:42Z,1.62,99.36,-0.26,1.59
2025-08-08T14:51:42Z,1.82,73.59,0.51,1.74
2025-08-08T14:52:42Z,1.3,88.37,0.04,1.3
2025-08-08T14:53:42Z,1.31,89.32,0.02,1.31
2025-08-08T14:54:42Z,1.85,87.19,0.09,1.85
2025-08-08T14:55:42Z,1.67,46.71,1.15,1.22
2025-08-08T14:56:42Z,1.41,65.18,0.59,1.28
2025-08-08T14:57:42Z,1.6,57.73,0.85,1.35
2025-08-08T14:58:42Z,0.86,21.09,0.8,0.31
2025-08-08T14:59:42Z,0.75,10.95,0.73,0.14
2025-08-08T15:00:42Z,0.4,14.06,0.39,0.1
2025-08-08T15:01:42Z,0.73,55.68,0.41,0.6
2025-08-08T15:02:42Z,0.5,35.53,0.4,0.29
2025-08-08T15:03:42Z,1.12,75.53,0.28,1.08
2025-08-08T15:04:42Z,0.68,87.64,0.03,0.68
2025-08-08T15:05:42Z,0.66,80.13,0.11,0.65
2025-08-08T15:06:42Z,0.84,35.64,0.69,0.49
2025-08-08T15:07:42Z,0.82,48.01,0.55,0.61
2025-08-08T15:08:42Z,0.89,12.39,0.87,0.19
2025-08-08T15:09:42Z,0.73,55.79,0.41,0.6
2025-08-08T15:10:42Z,0.75,50.3,0.48,0.58
2025-08-08T15:11:42Z,0.65,24.52,0.59,0.27
2025-08-08T15:12:42Z,1.3,56.73,0.71,1.09
2025-08-08T15:13:42Z,0.47,38.61,0.37,0.29
2025-08-08T15:14:42Z,0.99,69.67,0.34,0.93
2025-08-08T15:15:42Z,0.63,52.99,0.38,0.5
2025-08-08T15:16:42Z,0.41,62.93,0.19,0.37
2025-08-08T15:17:42Z,0.6,57.15,0.33,0.51
2025-08-08T15:18:42Z,1.07,87.97,0.04,1.07
2025-08-08T15:19:42Z,1.42,73.58,0.4,1.37
2025-08-08T15:20:42Z,1.33,92.94,-0.07,1.33
2025-08-08T15:21:42Z,1.26,84.14,0.13,1.25
2025-08-08T15:22:42Z,1.37,94.76,-0.11,1.36
2025-08-08T15:23:42Z,1.03,74.02,0.28,0.99
2025-08-08T15:24:42Z,1.28,73.36,0.37,1.22
2025-08-08T15:25:42Z,0.96,79.13,0.18,0.94
2025-08-08T15:26:42Z,1.08,45.07,0.76,0.77
2025-08-08T15:27:42Z,1.4,66.33,0.56,1.28
2025-08-08T15:28:42Z,1.38,63.39,0.62,1.23
2025-08-08T15:29:42Z,0.73,7.83,0.72,0.1
2025-08-08T15:30:42Z,0.98,26.74,0.88,0.44
2025-08-08T15:31:42Z,0.67,6.89,0.67,0.08
2025-08-08T15:32:42Z,0.96,21.41,0.89,0.35
2025-08-08T15:33:42Z,0.92,58.47,0.48,0.78
2025-08-08T15:34:42Z,0.91,18.34,0.86,0.29
2025-08-08T15:35:42Z,0.76,351.43,0.76,-0.11
2025-08-08T15:36:42Z,0.54,356.59,0.54,-0.03
2025-08-08T15:37:42Z,1.33,351.92,1.32,-0.19
2025-08-08T15:38:42Z,0.68,335.32,0.62,-0.28
2025-08-08T15:39:42Z,0.57,318.33,0.43,-0.38
2025-08-08T15:40:42Z,1.09,29.49,0.95,0.54
2025-08-08T15:41:42Z,0.7,33.01,0.59,0.38
2025-08-08T15:42:42Z,0.75,11.85,0.73,0.15
2025-08-08T15:43:42Z,0.92,42.1,0.68,0.62
2025-08-08T15:44:42Z,1.14,50.31,0.73,0.88
2025-08-08T15:45:42Z,0.87,38.23,0.68,0.54
2025-08-08T15:46:42Z,0.62,96.31,-0.07,0.62
2025-08-08T15:47:42Z,0.42,101.1,-0.08,0.41
2025-08-08T15:48:42Z,1,52.45,0.61,0.79
2025-08-08T15:49:42Z,0.67,70.72,0.22,0.63
2025-08-08T15:50:42Z,1.37,24.61,1.25,0.57
2025-08-08T15:51:42Z,1.39,46.32,0.96,1
2025-08-08T15:52:42Z,1.43,21.89,1.32,0.53
2025-08-08T15:53:42Z,1.43,29.52,1.25,0.71
2025-08-08T15:54:42Z,1.93,29.78,1.67,0.96
2025-08-08T15:55:42Z,1.82,67.28,0.7,1.68
2025-08-08T15:56:42Z,1.06,80.54,0.17,1.04
2025-08-08T15:57:42Z,1.45,126.08,-0.86,1.17
2025-08-08T15:58:42Z,1.2,62.03,0.56,1.06
2025-08-08T15:59:42Z,0.89,60.49,0.44,0.77
2025-08-08T16:00:42Z,0.9,50.12,0.58,0.69
2025-08-08T16:01:42Z,0.97,48.19,0.65,0.72
2025-08-08T16:02:42Z,1.73,57.46,0.93,1.46
2025-08-08T16:03:42Z,1.51,69.27,0.53,1.41
2025-08-08T16:04:42Z,1.22,73.22,0.35,1.17
2025-08-08T16:05:42Z,1.44,71.81,0.45,1.37
2025-08-08T16:06:42Z,1.21,63.71,0.54,1.08
2025-08-08T16:07:42Z,1.32,75.5,0.33,1.27
2025-08-08T16:08:42Z,1.45,77.23,0.32,1.41
2025-08-08T16:09:42Z,2.31,87.91,0.08,2.3
2025-08-08T16:10:42Z,0.98,63.12,0.44,0.87
2025-08-08T16:11:42Z,2.11,79.52,0.38,2.07
2025-08-08T16:12:42Z,1.49,74.55,0.4,1.44
2025-08-08T16:13:42Z,1.2,74.33,0.32,1.15
2025-08-08T16:14:42Z,1.34,55.56,0.76,1.1
2025-08-08T16:15:42Z,1.5,81.78,0.21,1.49
2025-08-08T16:16:42Z,1.12,82.08,0.15,1.11
2025-08-08T16:17:42Z,0.76,65.53,0.31,0.69
2025-08-08T16:18:42Z,0.66,72.17,0.2,0.62
2025-08-08T16:19:42Z,0.77,68.03,0.29,0.72
2025-08-08T16:20:42Z,0.99,52.03,0.61,0.78
2025-08-08T16:21:42Z,0.47,47.61,0.31,0.34
2025-08-08T16:22:42Z,0.7,65.37,0.29,0.64
2025-08-08T16:23:42Z,0.59,50.21,0.38,0.46
2025-08-08T16:24:42Z,0.54,32.28,0.46,0.29
2025-08-08T16:25:42Z,0.72,58.7,0.38,0.62
2025-08-08T16:26:42Z,0.93,30.95,0.8,0.48
2025-08-08T16:27:42Z,0.75,41.91,0.56,0.5
2025-08-08T16:28:42Z,0.87,76.42,0.2,0.85
2025-08-08T16:29:42Z,1.37,52.77,0.83,1.09
2025-08-08T16:30:42Z,1.5,43.46,1.09,1.03
2025-08-08T16:31:42Z,1.25,1.67,1.25,0.04
2025-08-08T16:32:42Z,1.12,353.74,1.12,-0.12
2025-08-08T16:33:42Z,0.93,353.19,0.92,-0.11
2025-08-08T16:34:42Z,1.61,336.3,1.48,-0.65
2025-08-08T16:35:42Z,1,10.88,0.99,0.19
2025-08-08T16:36:42Z,1.31,351.08,1.29,-0.2
2025-08-08T16:37:42Z,0.89,12.65,0.87,0.2
2025-08-08T16:38:42Z,1.02,21.29,0.95,0.37
2025-08-08T16:39:42Z,1.01,23.08,0.93,0.39
2025-08-08T16:40:42Z,0.82,38.27,0.64,0.51
2025-08-08T16:41:42Z,0.79,30.29,0.68,0.4
2025-08-08T16:42:42Z,1.04,33.89,0.86,0.58
2025-08-08T16:43:42Z,1.09,18.26,1.04,0.34
2025-08-08T16:44:42Z,1.06,31.32,0.9,0.55
2025-08-08T16:45:42Z,1.45,28.15,1.28,0.68
2025-08-08T16:46:42Z,1.62,38.99,1.26,1.02
2025-08-08T16:47:42Z,1.12,25.89,1.01,0.49
2025-08-08T16:48:42Z,0.73,18.44,0.69,0.23
2025-08-08T16:49:42Z,1.2,43.45,0.87,0.83
2025-08-08T16:50:42Z,0.86,30.84,0.74,0.44
2025-08-08T16:51:42Z,0.69,18.19,0.65,0.21
2025-08-08T16:52:42Z,0.8,18.58,0.76,0.26
2025-08-08T16:53:42Z,0.4,13.49,0.39,0.09
2025-08-08T16:54:42Z,1.16,65.11,0.49,1.06
2025-08-08T16:55:42Z,0.98,64.07,0.43,0.88
2025-08-08T16:56:42Z,1.52,51.31,0.95,1.19
2025-08-08T16:57:42Z,1.95,66.38,0.78,1.79
2025-08-08T16:58:42Z,2.05,67.54,0.78,1.89
2025-08-08T16:59:42Z,2.48,70.81,0.82,2.34
2025-08-08T17:00:42Z,2.94,72.48,0.89,2.8
2025-08-08T17:01:42Z,2.06,71,0.67,1.95
2025-08-08T17:02:42Z,1.96,72.44,0.59,1.87
2025-08-08T17:03:42Z,1.79,73.09,0.52,1.71
2025-08-08T17:04:42Z,1.89,76.07,0.45,1.83
2025-08-08T17:05:42Z,1.51,82.48,0.2,1.49
2025-08-08T17:06:42Z,0.97,66.48,0.39,0.89
2025-08-08T17:07:42Z,1.65,69.35,0.58,1.54
2025-08-08T17:08:42Z,1.59,66.13,0.64,1.45
2025-08-08T17:09:42Z,1.17,81.97,0.16,1.16
2025-08-08T17:10:42Z,1.42,64.6,0.61,1.29
2025-08-08T17:11:42Z,1.5,56.5,0.83,1.25
2025-08-08T17:12:42Z,1.19,44.87,0.85,0.84
2025-08-08T17:13:42Z,1.27,39.71,0.97,0.81
2025-08-08T17:14:42Z,0.77,43.01,0.56,0.52
2025-08-08T17:15:42Z,1.3,61.75,0.62,1.15
2025-08-08T17:16:42Z,1,42.23,0.74,0.67
2025-08-08T17:17:42Z,1.27,78.33,0.26,1.24
2025-08-08T17:18:42Z,0.84,79.05,0.16,0.82
2025-08-08T17:19:42Z,0.75,64.32,0.32,0.67
2025-08-08T17:20:42Z,0.86,53.3,0.52,0.69
2025-08-08T17:21:42Z,1.18,61.9,0.56,1.04
2025-08-08T17:22:42Z,1.06,63.47,0.47,0.95
2025-08-08T17:23:42Z,0.97,64.02,0.43,0.88
2025-08-08T17:24:42Z,1.03,55.39,0.59,0.85
2025-08-08T17:25:42Z,0.77,69.61,0.27,0.72
2025-08-08T17:26:42Z,0.93,84.34,0.09,0.93
2025-08-08T17:27:42Z,0.77,55.96,0.43,0.64
2025-08-08T17:28:42Z,1.18,53.27,0.71,0.95
2025-08-08T17:29:42Z,1.09,69.05,0.39,1.02
2025-08-08T17:30:42Z,0.9,53.47,0.54,0.73
2025-08-08T17:31:42Z,1.06,75.76,0.26,1.03
2025-08-08T17:32:42Z,1.12,48.44,0.75,0.84
2025-08-08T17:33:42Z,0.74,89.17,0.01,0.74
2025-08-08T17:34:42Z,0.88,44.32,0.63,0.62
2025-08-08T17:35:42Z,0.65,44.61,0.46,0.46
2025-08-08T17:36:42Z,0.72,34.52,0.6,0.41
2025-08-08T17:37:42Z,1.09,27.81,0.96,0.51
2025-08-08T17:38:42Z,1.21,15.98,1.16,0.33
2025-08-08T17:39:42Z,1.13,40.15,0.86,0.73
2025-08-08T17:40:42Z,1.03,31.53,0.88,0.54
2025-08-08T17:41:42Z,0.7,37.11,0.56,0.42
2025-08-08T17:42:42Z,0.92,35.57,0.75,0.54
2025-08-08T17:43:42Z,0.91,26.3,0.82,0.4
2025-08-08T17:44:42Z,0.82,65.13,0.35,0.75
2025-08-08T17:45:42Z,0.9,56.58,0.5,0.75
2025-08-08T17:46:42Z,0.92,54.06,0.54,0.74
2025-08-08T17:47:42Z,0.45,27.46,0.4,0.21
2025-08-08T17:48:42Z,0.88,23.79,0.81,0.36
2025-08-08T17:49:42Z,1.21,38.71,0.94,0.75
2025-08-08T17:50:42Z,0.98,21.62,0.91,0.36
2025-08-08T17:51:42Z,0.83,3.43,0.83,0.05
2025-08-08T17:52:42Z,0.58,43.92,0.42,0.4
2025-08-08T17:53:42Z,0.78,50.55,0.5,0.61
2025-08-08T17:54:42Z,0.74,77.99,0.15,0.72
2025-08-08T17:55:42Z,0.81,34.09,0.67,0.45
2025-08-08T17:56:42Z,0.6,50.13,0.39,0.46
2025-08-08T17:57:42Z,0.96,55.73,0.54,0.8
2025-08-08T17:58:42Z,0.71,67.21,0.27,0.65
2025-08-08T17:59:42Z,1.19,91.74,-0.04,1.19
2025-08-08T18:00:42Z,0.9,58.04,0.47,0.76
2025-08-08T18:01:42Z,0.8,59.33,0.41,0.69
2025-08-08T18:02:42Z,0.94,50.5,0.6,0.72
2025-08-08T18:03:42Z,1.15,54.35,0.67,0.94
2025-08-08T18:04:42Z,0.83,55.02,0.47,0.68
2025-08-08T18:05:42Z,0.9,42.24,0.67,0.61
2025-08-08T18:06:42Z,0.72,57.18,0.39,0.6
2025-08-08T18:07:42Z,0.69,50.03,0.44,0.53
2025-08-08T18:08:42Z,0.99,42.4,0.73,0.67
2025-08-08T18:09:42Z,0.78,34.05,0.65,0.44
2025-08-08T18:10:42Z,0.97,358.36,0.97,-0.03
2025-08-08T18:11:42Z,0.42,13.68,0.41,0.1
2025-08-08T18:12:42Z,1.16,42.97,0.85,0.79
2025-08-08T18:13:42Z,1.29,73.13,0.38,1.24
2025-08-08T18:14:42Z,0.66,47.16,0.45,0.48
2025-08-08T18:15:42Z,0.82,26.89,0.73,0.37
2025-08-08T18:16:42Z,1.44,33.78,1.19,0.8
2025-08-08T18:17:42Z,0.71,27.46,0.63,0.33
2025-08-08T18:18:42Z,0.76,53.99,0.45,0.62
2025-08-08T18:19:42Z,1.53,47.73,1.03,1.13
2025-08-08T18:20:42Z,1.03,35.53,0.84,0.6
2025-08-08T18:21:42Z,1.73,46.85,1.19,1.26
2025-08-08T18:22:42Z,1.76,30.5,1.51,0.89
2025-08-08T18:23:42Z,1.08,51.1,0.68,0.84
2025-08-08T18:24:42Z,1.69,51.74,1.05,1.33
2025-08-08T18:25:42Z,1.18,63.02,0.54,1.05
2025-08-08T18:26:42Z,1.02,65.96,0.41,0.93
2025-08-08T18:27:42Z,1.09,52.94,0.66,0.87
2025-08-08T18:28:42Z,0.92,67.42,0.35,0.85
2025-08-08T18:29:42Z,0.95,70.21,0.32,0.9
2025-08-08T18:30:42Z,0.98,80.91,0.16,0.97
2025-08-08T18:31:42Z,0.54,85,0.05,0.54
2025-08-08T18:32:42Z,0.62,70.44,0.21,0.59
2025-08-08T18:33:42Z,0.99,84.75,0.09,0.99
2025-08-08T18:34:42Z,0.74,48.15,0.49,0.55
2025-08-08T18:35:42Z,0.81,91.63,-0.02,0.81
2025-08-08T18:36:42Z,0.89,61.99,0.42,0.79
2025-08-08T18:37:42Z,1.05,60.81,0.51,0.92
2025-08-08T18:38:42Z,1.14,13.43,1.1,0.26
2025-08-08T18:39:42Z,0.8,44.09,0.57,0.55
2025-08-08T18:40:42Z,1.34,30.9,1.15,0.69
2025-08-08T18:41:42Z,1.12,53.49,0.67,0.9
2025-08-08T18:42:42Z,1.17,12.85,1.14,0.26
2025-08-08T18:43:42Z,1.77,22.13,1.64,0.67
2025-08-08T18:44:42Z,1.31,11.21,1.28,0.25
2025-08-08T18:45:42Z,0.88,24.89,0.8,0.37
2025-08-08T18:46:42Z,0.78,39.32,0.61,0.5
2025-08-08T18:47:42Z,0.9,9.6,0.89,0.15
2025-08-08T18:48:42Z,0.83,33.63,0.7,0.46
2025-08-08T18:49:42Z,0.28,334.12,0.25,-0.12
2025-08-08T18:50:42Z,1.13,17.61,1.07,0.34
2025-08-08T18:51:42Z,0.98,10.84,0.97,0.18
2025-08-08T18:52:42Z,0.64,11.8,0.63,0.13
2025-08-08T18:53:42Z,1.1,73.07,0.32,1.05
2025-08-08T18:54:42Z,0.77,20.36,0.72,0.27
2025-08-08T18:55:42Z,1.2,8.91,1.18,0.19
2025-08-08T18:56:42Z,1,7.24,0.99,0.13
2025-08-08T18:57:42Z,0.7,349.59,0.69,-0.13
2025-08-08T18:58:42Z,1.37,7.3,1.35,0.17
2025-08-08T18:59:42Z,1.43,8.97,1.41,0.22
2025-08-08T19:00:42Z,1.07,320.66,0.82,-0.68
2025-08-08T19:01:42Z,0.84,344.14,0.81,-0.23
2025-08-08T19:02:42Z,1.16,3.13,1.16,0.06
2025-08-08T19:03:42Z,1.44,1.02,1.44,0.03
2025-08-08T19:04:42Z,1.34,355.34,1.33,-0.11
2025-08-08T19:05:42Z,1.84,18.22,1.74,0.57
2025-08-08T19:06:42Z,0.94,17.6,0.9,0.28
2025-08-08T19:07:42Z,0.69,353.9,0.69,-0.07
2025-08-08T19:08:42Z,0.85,20.7,0.79,0.3
2025-08-08T19:09:42Z,0.78,355.11,0.78,-0.07
2025-08-08T19:10:42Z,0.68,299.59,0.33,-0.59
2025-08-08T19:11:42Z,0.95,298.31,0.45,-0.84
2025-08-08T19:12:42Z,1.63,305.14,0.94,-1.34
2025-08-08T19:13:42Z,0.81,264.7,-0.07,-0.81
2025-08-08T19:14:42Z,0.9,317.29,0.66,-0.61
2025-08-08T19:15:42Z,1.08,279.95,0.19,-1.07
2025-08-08T19:16:42Z,1.11,300.47,0.56,-0.96
2025-08-08T19:17:42Z,1.04,311.31,0.68,-0.78
2025-08-08T19:18:42Z,0.77,319.12,0.58,-0.5
2025-08-08T19:19:42Z,0.63,322.18,0.5,-0.39
2025-08-08T19:20:42Z,0.94,267.75,-0.04,-0.94
2025-08-08T19:21:42Z,1.29,329.48,1.11,-0.65
2025-08-08T19:22:42Z,1.3,318.19,0.97,-0.87
2025-08-08T19:23:42Z,0.53,317.2,0.39,-0.36
2025-08-08T19:24:42Z,0.7,350.51,0.69,-0.12
2025-08-08T19:25:42Z,0.35,338.82,0.33,-0.13
2025-08-08T19:26:42Z,0.61,346.46,0.59,-0.14
2025-08-08T19:27:42Z,0.86,308.42,0.53,-0.67
2025-08-08T19:28:42Z,0.43,351.14,0.42,-0.07
2025-08-08T19:29:42Z,0.81,318.65,0.61,-0.53
2025-08-08T19:30:42Z,0.96,335.43,0.87,-0.4
2025-08-08T19:31:42Z,0.5,308.17,0.31,-0.39
2025-08-08T19:32:42Z,1.13,311.56,0.75,-0.84
2025-08-08T19:33:42Z,0.99,322.21,0.78,-0.61
2025-08-08T19:34:42Z,0.93,304.18,0.52,-0.77
2025-08-08T19:35:42Z,0.94,327.96,0.8,-0.5
2025-08-08T19:36:42Z,0.89,321.61,0.7,-0.55
2025-08-08T19:37:42Z,0.85,302.33,0.45,-0.72
2025-08-08T19:38:42Z,0.4,8.97,0.4,0.06
2025-08-08T19:39:42Z,0.54,352.79,0.54,-0.07
2025-08-08T19:40:42Z,0.72,3.18,0.72,0.04
2025-08-08T19:41:42Z,0.72,352.37,0.72,-0.1
2025-08-08T19:42:42Z,0.82,337.57,0.76,-0.31
2025-08-08T19:43:42Z,0.77,6.4,0.77,0.09
2025-08-08T19:44:42Z,0.47,340.32,0.44,-0.16
2025-08-08T19:45:42Z,0.73,14.29,0.71,0.18
2025-08-08T19:46:42Z,0.68,336.33,0.62,-0.27
2025-08-08T19:47:42Z,1.16,4.79,1.16,0.1
2025-08-08T19:48:42Z,1.14,353.63,1.13,-0.13
2025-08-08T19:49:42Z,0.99,15.99,0.95,0.27
2025-08-08T19:50:42Z,0.96,9.68,0.95,0.16
2025-08-08T19:51:42Z,0.71,339.37,0.67,-0.25
2025-08-08T19:52:42Z,0.49,27.26,0.44,0.22
2025-08-08T19:53:42Z,0.58,2.22,0.58,0.02
2025-08-08T19:54:42Z,0.76,2.98,0.76,0.04
2025-08-08T19:55:42Z,0.99,357.76,0.99,-0.04
2025-08-08T19:56:42Z,0.83,39.12,0.64,0.52
2025-08-08T19:57:42Z,0.68,50.02,0.44,0.52
2025-08-08T19:58:42Z,0.79,9.04,0.78,0.12
2025-08-08T19:59:42Z,0.57,325.97,0.47,-0.32
2025-08-08T20:00:42Z,0.62,27.89,0.55,0.29
2025-08-08T20:01:42Z,0.42,51.67,0.26,0.33
2025-08-08T20:02:42Z,1.23,22.02,1.14,0.46
2025-08-08T20:03:42Z,0.62,33.24,0.52,0.34
2025-08-08T20:04:42Z,0.63,68.13,0.24,0.59
2025-08-08T20:05:42Z,0.65,50.75,0.41,0.5
2025-08-08T20:06:42Z,0.66,40.41,0.5,0.43
2025-08-08T20:07:42Z,0.98,44.26,0.7,0.69
2025-08-08T20:08:42Z,0.95,66.58,0.38,0.87
2025-08-08T20:09:42Z,0.51,26.28,0.46,0.23
2025-08-08T20:10:42Z,0.88,18.69,0.83,0.28
2025-08-08T20:11:42Z,0.46,32.06,0.39,0.24
2025-08-08T20:12:42Z,0.8,10.59,0.79,0.15
2025-08-08T20:13:42Z,1.08,16.32,1.03,0.3
2025-08-08T20:14:42Z,0.8,33.64,0.67,0.44
2025-08-08T20:15:42Z,0.68,31.26,0.58,0.35
2025-08-08T20:16:42Z,0.77,15.85,0.74,0.21
2025-08-08T20:17:42Z,0.51,41.23,0.38,0.33
2025-08-08T20:18:42Z,0.22,0.6,0.22,0
2025-08-08T20:19:42Z,0.64,35.42,0.53,0.37
2025-08-08T20:20:42Z,0.8,28.85,0.7,0.39
2025-08-08T20:21:42Z,0.7,39.39,0.54,0.45
2025-08-08T20:22:42Z,0.59,37.12,0.47,0.36
2025-08-08T20:23:42Z,0.66,48.6,0.43,0.49
2025-08-08T20:24:42Z,0.73,31.93,0.62,0.39
2025-08-08T20:25:42Z,1.01,37.69,0.8,0.62
2025-08-08T20:26:42Z,0.93,53.04,0.56,0.74
2025-08-08T20:27:42Z,1.29,91.45,-0.03,1.29
2025-08-08T20:28:42Z,1.24,66.34,0.5,1.14
2025-08-08T20:29:42Z,1.86,73.36,0.53,1.79
2025-08-08T20:30:42Z,1.19,105.33,-0.31,1.15
2025-08-08T20:31:42Z,1.45,47.64,0.98,1.07
2025-08-08T20:32:42Z,1.55,60.87,0.75,1.35
2025-08-08T20:33:42Z,1.4,45,0.99,0.99
2025-08-08T20:34:42Z,0.6,75.1,0.15,0.58
2025-08-08T20:35:42Z,1.34,63.08,0.6,1.19
2025-08-08T20:36:42Z,1.06,53.51,0.63,0.85
2025-08-08T20:37:42Z,0.57,64.24,0.25,0.51
2025-08-08T20:38:42Z,0.7,44.54,0.5,0.49
2025-08-08T20:39:42Z,0.82,69.36,0.29,0.77
2025-08-08T20:40:42Z,0.76,42.12,0.56,0.51
2025-08-08T20:41:42Z,0.5,30.02,0.43,0.25
2025-08-08T20:42:42Z,0.82,32.75,0.69,0.45
2025-08-08T20:43:42Z,0.9,8.27,0.89,0.13
2025-08-08T20:44:42Z,1.55,24.23,1.42,0.64
2025-08-08T20:45:42Z,1.43,29.26,1.25,0.7
2025-08-08T20:46:42Z,1.75,51.33,1.09,1.36
2025-08-08T20:47:42Z,1.2,20.17,1.13,0.41
2025-08-08T20:48:42Z,0.88,63.1,0.4,0.78
2025-08-08T20:49:42Z,0.74,47.95,0.5,0.55
2025-08-08T20:50:42Z,0.67,56.69,0.37,0.56
2025-08-08T20:51:42Z,0.9,57.94,0.48,0.76
2025-08-08T20:52:42Z,0.86,37.47,0.68,0.52
2025-08-08T20:53:42Z,0.81,39.26,0.62,0.51
2025-08-08T20:54:42Z,0.77,58.96,0.4,0.66
2025-08-08T20:55:42Z,0.65,63.06,0.29,0.58
2025-08-08T20:56:42Z,0.67,37.17,0.53,0.4
2025-08-08T20:57:42Z,0.82,39.12,0.64,0.52
2025-08-08T20:58:42Z,0.68,59.21,0.35,0.58
2025-08-08T20:59:42Z,0.41,64.42,0.17,0.37
2025-08-08T21:00:42Z,0.77,40.51,0.58,0.5
2025-08-08T21:01:42Z,0.8,44.79,0.57,0.57
2025-08-08T21:02:42Z,0.56,51.8,0.35,0.44
2025-08-08T21:03:42Z,0.81,67.9,0.31,0.76
2025-08-08T21:04:42Z,0.72,32.11,0.61,0.38
2025-08-08T21:05:42Z,0.77,21.17,0.71,0.28
2025-08-08T21:06:42Z,0.77,343,0.74,-0.23
2025-08-08T21:07:42Z,0.65,38.46,0.51,0.41
2025-08-08T21:08:42Z,0.9,26.36,0.81,0.4
2025-08-08T21:09:42Z,0.99,25.47,0.89,0.43
2025-08-08T21:10:42Z,0.95,10.7,0.93,0.18
2025-08-08T21:11:42Z,0.72,41.09,0.54,0.47
2025-08-08T21:12:42Z,0.98,33.75,0.81,0.54
2025-08-08T21:13:42Z,0.91,37.73,0.72,0.56
2025-08-08T21:14:42Z,0.79,26.1,0.71,0.35
2025-08-08T21:15:42Z,0.89,43.12,0.65,0.61
2025-08-08T21:16:42Z,0.75,8.59,0.75,0.11
2025-08-08T21:17:42Z,1,38.66,0.78,0.62
2025-08-08T21:18:42Z,0.73,41.47,0.55,0.48
2025-08-08T21:19:42Z,0.81,25.59,0.73,0.35
2025-08-08T21:20:42Z,0.83,63.86,0.36,0.74
2025-08-08T21:21:42Z,0.99,6.8,0.98,0.12
2025-08-08T21:22:42Z,0.75,29.84,0.65,0.38
2025-08-08T21:23:42Z,0.46,19.43,0.43,0.15
2025-08-08T21:24:42Z,0.58,66.03,0.24,0.53
2025-08-08T21:25:42Z,0.7,38.64,0.55,0.44
2025-08-08T21:26:42Z,0.56,43.04,0.41,0.38
2025-08-08T21:27:42Z,0.86,51.02,0.54,0.67
2025-08-08T21:28:42Z,0.49,49.36,0.32,0.37
2025-08-08T21:29:42Z,0.53,20.68,0.5,0.19
2025-08-08T21:30:42Z,0.39,5.62,0.38,0.04
2025-08-08T21:31:42Z,0.46,63.88,0.2,0.42
2025-08-08T21:32:42Z,0.71,40.5,0.54,0.46
2025-08-08T21:33:42Z,0.7,29.49,0.61,0.34
2025-08-08T21:34:42Z,0.89,22.15,0.82,0.34
2025-08-08T21:35:42Z,0.98,338.38,0.91,-0.36
2025-08-08T21:36:42Z,0.93,31.02,0.8,0.48
2025-08-08T21:37:42Z,0.93,22.95,0.85,0.36
2025-08-08T21:38:42Z,0.91,30.61,0.79,0.47
2025-08-08T21:39:42Z,0.79,27.32,0.7,0.36
2025-08-08T21:40:42Z,0.73,33.09,0.61,0.4
2025-08-08T21:41:42Z,0.5,60.54,0.24,0.43
2025-08-08T21:42:42Z,0.79,42.92,0.58,0.54
2025-08-08T21:43:42Z,0.74,22.6,0.69,0.29
2025-08-08T21:44:42Z,1.03,41.04,0.78,0.68
2025-08-08T21:45:42Z,0.69,51.71,0.43,0.54
2025-08-08T21:46:42Z,0.88,50.58,0.56,0.68
2025-08-08T21:47:42Z,0.83,40.22,0.63,0.53
2025-08-08T21:48:42Z,0.8,27.23,0.72,0.37
2025-08-08T21:49:42Z,0.95,10,0.93,0.16
2025-08-08T21:50:42Z,1,51.55,0.62,0.78
2025-08-08T21:51:42Z,0.91,45.89,0.63,0.65
2025-08-08T21:52:42Z,0.58,344.76,0.56,-0.15
2025-08-08T21:53:42Z,0.41,68.94,0.15,0.38
2025-08-08T21:54:42Z,0.79,48.51,0.53,0.59
2025-08-08T21:55:42Z,0.77,36.97,0.61,0.46
2025-08-08T21:56:42Z,0.8,18.19,0.76,0.25
2025-08-08T21:57:42Z,0.92,31.19,0.79,0.48
2025-08-08T21:58:42Z,1.01,29.96,0.88,0.51
2025-08-08T21:59:42Z,0.66,17.01,0.63,0.19
2025-08-08T22:00:42Z,0.75,24.31,0.68,0.31
2025-08-08T22:01:42Z,0.67,345.86,0.65,-0.16
2025-08-08T22:02:42Z,0.74,359.97,0.74,-0
2025-08-08T22:03:42Z,0.76,24.53,0.69,0.32
2025-08-08T22:04:42Z,0.56,69.12,0.2,0.52
2025-08-08T22:05:42Z,0.93,19.8,0.88,0.32
2025-08-08T22:06:42Z,0.6,48.98,0.39,0.45
2025-08-08T22:07:42Z,0.9,36.02,0.73,0.53
2025-08-08T22:08:42Z,0.53,85.66,0.04,0.53
2025-08-08T22:09:42Z,0.39,21.12,0.36,0.14
2025-08-08T22:10:42Z,0.73,12.77,0.71,0.16
2025-08-08T22:11:42Z,1.03,349.75,1.01,-0.18
2025-08-08T22:12:42Z,0.37,31.53,0.32,0.2
2025-08-08T22:13:42Z,0.52,9.12,0.51,0.08
2025-08-08T22:14:42Z,0.76,0.57,0.76,0.01
2025-08-08T22:15:42Z,1.21,25.56,1.09,0.52
2025-08-08T22:16:42Z,0.94,354.43,0.93,-0.09
2025-08-08T22:17:42Z,1.22,24.01,1.12,0.5
2025-08-08T22:18:42Z,0.58,23.17,0.54,0.23
2025-08-08T22:19:42Z,0.62,37.32,0.49,0.38
2025-08-08T22:20:42Z,0.9,34.99,0.73,0.51
2025-08-08T22:21:42Z,0.73,60.65,0.36,0.64
2025-08-08T22:22:42Z,0.65,62.48,0.3,0.58
2025-08-08T22:23:42Z,0.69,37.08,0.55,0.41
2025-08-08T22:24:42Z,1.16,18.41,1.1,0.37
2025-08-08T22:25:42Z,0.68,43.3,0.5,0.47
2025-08-08T22:26:42Z,0.71,34.37,0.59,0.4
2025-08-08T22:27:42Z,0.83,46.13,0.58,0.6
2025-08-08T22:28:42Z,0.54,21.49,0.5,0.2
2025-08-08T22:29:42Z,0.9,31,0.77,0.46
2025-08-08T22:30:42Z,0.65,60.24,0.32,0.56
2025-08-08T22:31:42Z,0.57,53.56,0.34,0.46
2025-08-08T22:32:42Z,1.17,42.81,0.86,0.79
2025-08-08T22:33:42Z,0.97,40.45,0.74,0.63
2025-08-08T22:34:42Z,0.69,45.87,0.48,0.49
2025-08-08T22:35:42Z,0.98,61.09,0.47,0.86
2025-08-08T22:36:42Z,0.59,64.87,0.25,0.54
2025-08-08T22:37:42Z,0.81,43.43,0.59,0.56
2025-08-08T22:38:42Z,0.82,54.96,0.47,0.68
2025-08-08T22:39:42Z,1.27,55.01,0.73,1.04
2025-08-08T22:40:42Z,0.58,39.68,0.44,0.37
2025-08-08T22:41:42Z,0.81,49.35,0.53,0.61
2025-08-08T22:42:42Z,0.73,77.38,0.16,0.71
2025-08-08T22:43:42Z,0.66,72.14,0.2,0.63
2025-08-08T22:44:42Z,0.94,43.07,0.69,0.64
2025-08-08T22:45:42Z,0.73,49.89,0.47,0.56
2025-08-08T22:46:42Z,0.63,50.56,0.4,0.49
2025-08-08T22:47:42Z,0.46,14.31,0.45,0.11
2025-08-08T22:48:42Z,0.76,22.36,0.7,0.29
2025-08-08T22:49:42Z,0.48,48.09,0.32,0.36
2025-08-08T22:50:42Z,0.69,31.54,0.59,0.36
2025-08-08T22:51:42Z,1.09,51.81,0.67,0.85
2025-08-08T22:52:42Z,0.68,38.65,0.53,0.42
2025-08-08T22:53:42Z,0.59,54.46,0.34,0.48
2025-08-08T22:54:42Z,0.32,295.02,0.14,-0.29
2025-08-08T22:55:42Z,0.5,349.3,0.49,-0.09
2025-08-08T22:56:42Z,1.05,42.61,0.77,0.71
2025-08-08T22:57:42Z,0.98,33.82,0.81,0.55
2025-08-08T22:58:42Z,0.66,25.73,0.6,0.29
2025-08-08T22:59:42Z,0.93,33.86,0.77,0.52
2025-08-08T23:00:42Z,0.78,49.78,0.51,0.6
2025-08-08T23:01:42Z,0.81,21.42,0.75,0.3
2025-08-08T23:02:42Z,1.09,20.85,1.02,0.39
2025-08-08T23:03:42Z,0.83,39.01,0.64,0.52
2025-08-08T23:04:42Z,0.68,21.14,0.63,0.25
2025-08-08T23:05:42Z,1.08,22.35,1,0.41
2025-08-08T23:06:42Z,0.91,8.88,0.9,0.14
2025-08-08T23:07:42Z,0.58,7.95,0.58,0.08
2025-08-08T23:08:42Z,0.48,16.3,0.46,0.13
2025-08-08T23:09:42Z,0.82,16.77,0.79,0.24
2025-08-08T23:10:42Z,0.91,0.55,0.91,0.01
2025-08-08T23:11:42Z,0.91,14.86,0.88,0.23
2025-08-08T23:12:42Z,1,359.95,1,-0
2025-08-08T23:13:42Z,0.93,352.25,0.92,-0.13
2025-08-08T23:14:42Z,1.36,4.08,1.36,0.1
2025-08-08T23:15:42Z,1.32,353.92,1.31,-0.14
2025-08-08T23:16:42Z,0.99,0.43,0.99,0.01
2025-08-08T23:17:42Z,0.76,36.22,0.61,0.45
2025-08-08T23:18:42Z,1.02,4.82,1.01,0.09
2025-08-08T23:19:42Z,0.7,4.75,0.69,0.06
2025-08-08T23:20:42Z,0.74,13.07,0.72,0.17
2025-08-08T23:21:42Z,0.55,5.58,0.55,0.05
2025-08-08T23:22:42Z,0.59,21.59,0.55,0.22
2025-08-08T23:23:42Z,1.18,59.46,0.6,1.01
2025-08-08T23:24:42Z,0.7,15.64,0.67,0.19
2025-08-08T23:25:42Z,0.78,49.5,0.51,0.6
2025-08-08T23:26:42Z,0.6,40.61,0.45,0.39
2025-08-08T23:27:42Z,0.74,349.02,0.72,-0.14
2025-08-08T23:28:42Z,0.83,21.76,0.77,0.31
2025-08-08T23:29:42Z,0.94,27.69,0.83,0.44
2025-08-08T23:30:42Z,0.68,8.85,0.67,0.1
2025-08-08T23:31:42Z,0.87,334.86,0.78,-0.37
2025-08-08T23:32:42Z,0.69,341.23,0.65,-0.22
2025-08-08T23:33:42Z,0.69,46.25,0.47,0.5
2025-08-08T23:34:42Z,0.45,37.42,0.36,0.28
2025-08-08T23:35:42Z,0.88,353.85,0.87,-0.09
2025-08-08T23:36:42Z,0.66,45.32,0.47,0.47
2025-08-08T23:37:42Z,0.91,16.52,0.87,0.26
2025-08-08T23:38:42Z,0.88,13.87,0.85,0.21
2025-08-08T23:39:42Z,0.82,10.83,0.81,0.15
2025-08-08T23:40:42Z,1.37,6.44,1.36,0.15
2025-08-08T23:41:42Z,0.97,61.27,0.46,0.85
2025-08-08T23:42:42Z,1.06,46.16,0.73,0.76
2025-08-08T23:43:42Z,0.95,16.67,0.91,0.27
2025-08-08T23:44:42Z,0.8,344.28,0.77,-0.22
2025-08-08T23:45:42Z,0.81,9.83,0.79,0.14
2025-08-08T23:46:42Z,0.86,16.07,0.83,0.24
2025-08-08T23:47:42Z,0.62,27.62,0.54,0.29
2025-08-08T23:48:42Z,0.71,22.8,0.66,0.28
2025-08-08T23:49:42Z,0.77,53.33,0.46,0.62
2025-08-08T23:50:42Z,0.92,19.28,0.87,0.3
2025-08-08T23:51:42Z,0.92,23.16,0.84,0.36
2025-08-08T23:52:42Z,1,17.21,0.95,0.3
2025-08-08T23:53:42Z,0.74,37.87,0.58,0.45
2025-08-08T23:54:42Z,1.11,32.65,0.93,0.6
2025-08-08T23:55:42Z,0.95,33.28,0.8,0.52
2025-08-08T23:56:42Z,0.99,0.98,0.99,0.02
2025-08-08T23:57:42Z,0.75,34.91,0.62,0.43
2025-08-08T23:58:42Z,0.96,32.47,0.81,0.52
2025-08-08T23:59:42Z,0.87,54.69,0.5,0.71
2025-08-09T00:00:42Z,1.11,28.67,0.97,0.53
2025-08-09T00:01:42Z,0.86,39.37,0.67,0.55
2025-08-09T00:02:42Z,0.48,44.96,0.34,0.34
2025-08-09T00:03:42Z,0.71,14.29,0.69,0.18
2025-08-09T00:04:42Z,0.94,4.52,0.93,0.07
2025-08-09T00:05:42Z,0.63,17.92,0.6,0.19
2025-08-09T00:06:42Z,0.93,19.41,0.88,0.31
2025-08-09T00:07:42Z,0.7,34.71,0.57,0.4
2025-08-09T00:08:42Z,0.89,36.72,0.72,0.53
2025-08-09T00:09:42Z,0.77,37.07,0.61,0.46
2025-08-09T00:10:42Z,0.45,21.78,0.42,0.17
2025-08-09T00:11:42Z,0.68,46.11,0.47,0.49
2025-08-09T00:12:42Z,0.64,37.82,0.51,0.39
2025-08-09T00:13:42Z,0.55,5.49,0.54,0.05
2025-08-09T00:14:42Z,0.82,12.75,0.8,0.18
2025-08-09T00:15:42Z,1,47.88,0.67,0.74
2025-08-09T00:16:42Z,0.87,25.57,0.78,0.37
2025-08-09T00:17:42Z,0.84,32.23,0.71,0.45
2025-08-09T00:18:42Z,0.78,15.77,0.75,0.21
2025-08-09T00:19:42Z,0.96,355.25,0.96,-0.08
2025-08-09T00:20:42Z,0.93,5.56,0.92,0.09
2025-08-09T00:21:42Z,0.65,16.88,0.62,0.19
2025-08-09T00:22:42Z,0.82,17.2,0.78,0.24
2025-08-09T00:23:42Z,1.09,3.62,1.09,0.07
2025-08-09T00:24:42Z,1.03,27.96,0.91,0.48
2025-08-09T00:25:42Z,1.13,11.15,1.11,0.22
2025-08-09T00:26:42Z,1.57,315.2,1.11,-1.1
2025-08-09T00:27:42Z,0.66,358.24,0.66,-0.02
2025-08-09T00:28:42Z,0.81,357.59,0.81,-0.03
2025-08-09T00:29:42Z,0.58,349.15,0.57,-0.11
2025-08-09T00:30:42Z,0.78,27.02,0.69,0.35
2025-08-09T00:31:42Z,0.97,35.64,0.79,0.57
2025-08-09T00:32:42Z,1.06,48.08,0.71,0.79
2025-08-09T00:33:42Z,0.92,52.57,0.56,0.73
2025-08-09T00:34:42Z,1.03,8.48,1.02,0.15
2025-08-09T00:35:42Z,0.49,0.03,0.49,0
2025-08-09T00:36:42Z,0.93,3.58,0.93,0.06
2025-08-09T00:37:42Z,0.8,356.05,0.8,-0.06
2025-08-09T00:38:42Z,0.94,36.72,0.75,0.56
2025-08-09T00:39:42Z,1.35,357.22,1.34,-0.07
2025-08-09T00:40:42Z,0.88,10.4,0.87,0.16
2025-08-09T00:41:42Z,0.99,316.77,0.72,-0.68
2025-08-09T00:42:42Z,0.83,1.69,0.83,0.02
2025-08-09T00:43:42Z,0.89,31.75,0.76,0.47
2025-08-09T00:44:42Z,0.66,17.07,0.63,0.19
2025-08-09T00:45:42Z,0.86,49.21,0.56,0.65
2025-08-09T00:46:42Z,1.51,67.36,0.58,1.4
2025-08-09T00:47:42Z,0.82,30.78,0.71,0.42
2025-08-09T00:48:42Z,0.8,24.19,0.73,0.33
2025-08-09T00:49:42Z,0.9,95.87,-0.09,0.9
2025-08-09T00:50:42Z,0.75,40.93,0.57,0.49
2025-08-09T00:51:42Z,0.85,32.21,0.72,0.45
2025-08-09T00:52:42Z,0.51,11.26,0.5,0.1
2025-08-09T00:53:42Z,0.78,3.74,0.77,0.05
2025-08-09T00:54:42Z,0.77,351.51,0.76,-0.11
2025-08-09T00:55:42Z,0.72,39.78,0.55,0.46
2025-08-09T00:56:42Z,1.12,7.87,1.11,0.15
2025-08-09T00:57:42Z,0.67,349.77,0.66,-0.12
2025-08-09T00:58:42Z,1.28,330.98,1.12,-0.62
2025-08-09T00:59:42Z,1.19,321.03,0.92,-0.75
2025-08-09T01:00:42Z,0.65,313.07,0.45,-0.48
2025-08-09T01:01:42Z,0.97,333.64,0.87,-0.43
2025-08-09T01:02:42Z,0.15,28.01,0.13,0.07
2025-08-09T01:03:42Z,0.53,25.02,0.48,0.22
2025-08-09T01:04:42Z,0.86,17.81,0.81,0.26
2025-08-09T01:05:42Z,0.62,55.06,0.36,0.51
2025-08-09T01:06:42Z,1.37,68.87,0.49,1.28
2025-08-09T01:07:42Z,0.76,48.26,0.51,0.57
2025-08-09T01:08:42Z,1.18,46.01,0.82,0.85
2025-08-09T01:09:42Z,1.05,40.01,0.8,0.67
2025-08-09T01:10:42Z,0.94,41.16,0.71,0.62
2025-08-09T01:11:42Z,0.97,352.27,0.97,-0.13
2025-08-09T01:12:42Z,1.91,306.68,1.14,-1.53
2025-08-09T01:13:42Z,0.82,328.38,0.7,-0.43
2025-08-09T01:14:42Z,0.84,0.49,0.84,0.01
2025-08-09T01:15:42Z,0.51,18.8,0.49,0.17
2025-08-09T01:16:42Z,0.36,315.06,0.26,-0.26
2025-08-09T01:17:42Z,1.15,344.13,1.11,-0.31
2025-08-09T01:18:42Z,0.81,9.61,0.8,0.14
2025-08-09T01:19:42Z,0.51,15.8,0.49,0.14
2025-08-09T01:20:42Z,0.55,20.02,0.52,0.19
2025-08-09T01:21:42Z,1.05,345.74,1.02,-0.26
2025-08-09T01:22:42Z,0.71,315.67,0.51,-0.5
2025-08-09T01:23:42Z,0.78,7.65,0.77,0.1
2025-08-09T01:24:42Z,0.7,26.98,0.63,0.32
2025-08-09T01:25:42Z,0.71,11.46,0.7,0.14
2025-08-09T01:26:42Z,1.14,7.44,1.13,0.15
2025-08-09T01:27:42Z,0.72,30.55,0.62,0.37
2025-08-09T01:28:42Z,0.19,85.75,0.01,0.19
2025-08-09T01:29:42Z,0.86,39.84,0.66,0.55
2025-08-09T01:30:42Z,0.67,31.83,0.57,0.35
2025-08-09T01:31:42Z,1.07,15.34,1.03,0.28
2025-08-09T01:32:42Z,0.82,9.19,0.81,0.13
2025-08-09T01:33:42Z,0.72,19.69,0.68,0.24
2025-08-09T01:34:42Z,0.64,4.47,0.64,0.05
2025-08-09T01:35:42Z,0.91,4.91,0.91,0.08
2025-08-09T01:36:42Z,0.67,42.03,0.5,0.45
2025-08-09T01:37:42Z,0.73,0.85,0.73,0.01
2025-08-09T01:38:42Z,0.83,20.94,0.78,0.3
2025-08-09T01:39:42Z,0.34,351.81,0.33,-0.05
2025-08-09T01:40:42Z,0.67,29.2,0.58,0.32
2025-08-09T01:41:42Z,0.98,6.55,0.98,0.11
2025-08-09T01:42:42Z,0.94,10.38,0.93,0.17
2025-08-09T01:43:42Z,0.8,6.72,0.8,0.09
2025-08-09T01:44:42Z,0.8,20.33,0.75,0.28
2025-08-09T01:45:42Z,0.51,3.19,0.51,0.03
2025-08-09T01:46:42Z,0.58,48.08,0.39,0.43
2025-08-09T01:47:42Z,1.1,34.72,0.9,0.62
2025-08-09T01:48:42Z,0.62,10.3,0.61,0.11
2025-08-09T01:49:42Z,0.76,6.29,0.75,0.08
2025-08-09T01:50:42Z,0.29,34.94,0.24,0.17
2025-08-09T01:51:42Z,0.87,12.99,0.84,0.19
2025-08-09T01:52:42Z,0.96,19.26,0.91,0.32
2025-08-09T01:53:42Z,0.64,55.48,0.36,0.53
2025-08-09T01:54:42Z,0.57,12.63,0.56,0.12
2025-08-09T01:55:42Z,0.58,42.21,0.43,0.39
2025-08-09T01:56:42Z,0.61,20.24,0.57,0.21
2025-08-09T01:57:42Z,0.48,60.82,0.24,0.42
2025-08-09T01:58:42Z,0.74,52.09,0.46,0.59
2025-08-09T01:59:42Z,1,48.58,0.66,0.75
2025-08-09T02:00:42Z,0.65,56.3,0.36,0.54
2025-08-09T02:01:42Z,0.6,60.24,0.3,0.52
2025-08-09T02:02:42Z,0.57,48.37,0.38,0.42
2025-08-09T02:03:42Z,0.87,37.97,0.69,0.54
2025-08-09T02:04:42Z,1.33,31.39,1.14,0.7
2025-08-09T02:05:42Z,0.98,36.68,0.78,0.58
2025-08-09T02:06:42Z,0.69,53.96,0.4,0.56
2025-08-09T02:07:42Z,0.76,40.16,0.58,0.49
2025-08-09T02:08:42Z,0.69,46.76,0.48,0.51
2025-08-09T02:09:42Z,0.82,47.58,0.56,0.61
2025-08-09T02:10:42Z,0.84,42.82,0.61,0.57
2025-08-09T02:11:42Z,0.89,57.87,0.47,0.75
2025-08-09T02:12:42Z,0.78,64.04,0.34,0.7
2025-08-09T02:13:42Z,0.91,43.05,0.67,0.62
2025-08-09T02:14:42Z,0.4,52.05,0.25,0.32
2025-08-09T02:15:42Z,0.85,37.26,0.67,0.51
2025-08-09T02:16:42Z,1,33.05,0.84,0.55
2025-08-09T02:17:42Z,0.83,37.66,0.66,0.51
2025-08-09T02:18:42Z,0.51,46.22,0.35,0.37
2025-08-09T02:19:42Z,0.41,25.69,0.37,0.18
2025-08-09T02:20:42Z,1.19,27.09,1.06,0.54
2025-08-09T02:21:42Z,0.79,40.39,0.6,0.51
2025-08-09T02:22:42Z,0.67,56.01,0.38,0.56
2025-08-09T02:23:42Z,0.82,17.35,0.79,0.25
2025-08-09T02:24:42Z,1.01,21.91,0.93,0.38
2025-08-09T02:25:42Z,0.67,24.02,0.61,0.27
2025-08-09T02:26:42Z,0.47,25.42,0.43,0.2
2025-08-09T02:27:42Z,0.82,27.77,0.73,0.38
2025-08-09T02:28:42Z,0.64,42.22,0.48,0.43
2025-08-09T02:29:42Z,0.55,33.49,0.46,0.31
2025-08-09T02:30:42Z,0.97,27.21,0.86,0.44
2025-08-09T02:31:42Z,1.15,43.04,0.84,0.78
2025-08-09T02:32:42Z,0.9,89.19,0.01,0.9
2025-08-09T02:33:42Z,0.54,56.83,0.3,0.45
2025-08-09T02:34:42Z,0.85,92.21,-0.03,0.85
2025-08-09T02:35:42Z,0.82,60.87,0.4,0.72
2025-08-09T02:36:42Z,1.26,33.71,1.05,0.7
2025-08-09T02:37:42Z,0.77,37.56,0.61,0.47
2025-08-09T02:38:42Z,0.71,64.46,0.3,0.64
2025-08-09T02:39:42Z,0.89,56.75,0.49,0.74
2025-08-09T02:40:42Z,0.39,63.3,0.18,0.35
2025-08-09T02:41:42Z,1.02,51.18,0.64,0.79
2025-08-09T02:42:42Z,0.93,5.73,0.93,0.09
2025-08-09T02:43:42Z,0.76,30.1,0.65,0.38
2025-08-09T02:44:42Z,0.53,30.31,0.46,0.27
2025-08-09T02:45:42Z,0.78,47.78,0.52,0.57
2025-08-09T02:46:42Z,0.66,17.82,0.63,0.2
2025-08-09T02:47:42Z,0.68,72.97,0.2,0.65
2025-08-09T02:48:42Z,0.57,35.62,0.46,0.33
2025-08-09T02:49:42Z,0.71,33.73,0.59,0.39
2025-08-09T02:50:42Z,0.57,39,0.44,0.36
2025-08-09T02:51:42Z,0.78,48.22,0.52,0.58
2025-08-09T02:52:42Z,1.08,52,0.66,0.85
2025-08-09T02:53:42Z,0.79,10.39,0.78,0.14
2025-08-09T02:54:42Z,0.87,9.59,0.86,0.15
2025-08-09T02:55:42Z,0.46,352.15,0.46,-0.06
2025-08-09T02:56:42Z,0.73,37.3,0.58,0.44
2025-08-09T02:57:42Z,0.75,55.53,0.42,0.62
2025-08-09T02:58:42Z,1.03,62.06,0.48,0.91
2025-08-09T02:59:42Z,0.73,51.26,0.45,0.57
2025-08-09T03:00:42Z,0.71,45.48,0.5,0.51
2025-08-09T03:01:42Z,0.69,50.84,0.44,0.53
2025-08-09T03:02:42Z,1.15,44.43,0.82,0.8
2025-08-09T03:03:42Z,1.12,59.39,0.57,0.96
2025-08-09T03:04:42Z,1.11,54.48,0.64,0.9
2025-08-09T03:05:42Z,0.92,32.7,0.77,0.5
2025-08-09T03:06:42Z,0.5,52.98,0.3,0.4
2025-08-09T03:07:42Z,0.73,52,0.45,0.57
2025-08-09T03:08:42Z,0.87,31.39,0.75,0.46
2025-08-09T03:09:42Z,0.87,49.67,0.57,0.67
2025-08-09T03:10:42Z,0.43,56.78,0.24,0.36
2025-08-09T03:11:42Z,0.5,35.4,0.4,0.29
2025-08-09T03:12:42Z,0.6,15.26,0.58,0.16
2025-08-09T03:13:42Z,0.81,357.21,0.81,-0.04
2025-08-09T03:14:42Z,0.78,16.86,0.75,0.23
2025-08-09T03:15:42Z,0.77,23.3,0.71,0.3
2025-08-09T03:16:42Z,0.76,0.69,0.76,0.01
2025-08-09T03:17:42Z,1.37,19.84,1.29,0.46
2025-08-09T03:18:42Z,1.96,36.18,1.58,1.16
2025-08-09T03:19:42Z,0.96,49.17,0.63,0.73
2025-08-09T03:20:42Z,0.94,80.47,0.16,0.93
2025-08-09T03:21:42Z,0.75,333.79,0.67,-0.33
2025-08-09T03:22:42Z,0.67,359.84,0.67,-0
2025-08-09T03:23:42Z,1,334.81,0.91,-0.43
2025-08-09T03:24:42Z,0.63,33.47,0.53,0.35
2025-08-09T03:25:42Z,0.69,3.16,0.69,0.04
2025-08-09T03:26:42Z,0.82,27.32,0.73,0.38
2025-08-09T03:27:42Z,0.8,28.01,0.7,0.37
2025-08-09T03:28:42Z,0.77,22.86,0.71,0.3
2025-08-09T03:29:42Z,0.56,52.13,0.34,0.44
2025-08-09T03:30:42Z,0.81,48.77,0.53,0.61
2025-08-09T03:31:42Z,0.79,41.49,0.59,0.52
2025-08-09T03:32:42Z,1.11,52.21,0.68,0.88
2025-08-09T03:33:42Z,0.74,19.81,0.7,0.25
2025-08-09T03:34:42Z,1.28,93.21,-0.07,1.27
2025-08-09T03:35:42Z,0.9,68.41,0.33,0.84
2025-08-09T03:36:42Z,0.72,57.72,0.38,0.61
2025-08-09T03:37:42Z,0.9,61.04,0.44,0.79
2025-08-09T03:38:42Z,1.14,46.78,0.78,0.83
2025-08-09T03:39:42Z,1.06,65.99,0.43,0.97
2025-08-09T03:40:42Z,0.8,40.18,0.61,0.51
2025-08-09T03:41:42Z,0.58,46.87,0.4,0.43
2025-08-09T03:42:42Z,0.7,93.14,-0.04,0.7
2025-08-09T03:43:42Z,0.74,30.97,0.63,0.38
2025-08-09T03:44:42Z,0.92,45.31,0.65,0.65
2025-08-09T03:45:42Z,0.95,51.4,0.59,0.74
2025-08-09T03:46:42Z,0.92,45.05,0.65,0.65
2025-08-09T03:47:42Z,0.68,47.47,0.46,0.5
2025-08-09T03:48:42Z,1.53,45.29,1.08,1.09
2025-08-09T03:49:42Z,1.42,59.36,0.72,1.22
2025-08-09T03:50:42Z,1.63,55.66,0.92,1.35
2025-08-09T03:51:42Z,1.33,53.97,0.78,1.07
2025-08-09T03:52:42Z,1.21,48.79,0.79,0.91
2025-08-09T03:53:42Z,1.44,66.38,0.58,1.32
2025-08-09T03:54:42Z,1.56,50.63,0.99,1.21
2025-08-09T03:55:42Z,1.56,44.14,1.12,1.09
2025-08-09T03:56:42Z,1.67,67.94,0.63,1.55
2025-08-09T03:57:42Z,1,78.94,0.19,0.98
2025-08-09T03:58:42Z,1.24,57.51,0.67,1.05
2025-08-09T03:59:42Z,1.64,59.23,0.84,1.41
2025-08-09T04:00:42Z,1.27,56.58,0.7,1.06
2025-08-09T04:01:42Z,0.8,39.48,0.62,0.51
2025-08-09T04:02:42Z,1.09,56.65,0.6,0.91
2025-08-09T04:03:42Z,1.47,61.35,0.7,1.29
2025-08-09T04:04:42Z,1.04,47.64,0.7,0.77
2025-08-09T04:05:42Z,1,45.32,0.7,0.71
2025-08-09T04:06:42Z,1.15,80.97,0.18,1.13
2025-08-09T04:07:42Z,1.19,54.38,0.7,0.97
2025-08-09T04:08:42Z,0.99,61.46,0.47,0.87
2025-08-09T04:09:42Z,1.15,63.05,0.52,1.02
2025-08-09T04:10:42Z,1.37,54.17,0.8,1.11
2025-08-09T04:11:42Z,1.16,58.42,0.61,0.99
2025-08-09T04:12:42Z,1.11,39.72,0.85,0.71
2025-08-09T04:13:42Z,0.83,60.04,0.41,0.72
2025-08-09T04:14:42Z,0.86,56.79,0.47,0.72
2025-08-09T04:15:42Z,1.4,76.47,0.33,1.36
2025-08-09T04:16:42Z,1.01,52.14,0.62,0.8
2025-08-09T04:17:42Z,1.05,51.89,0.65,0.83
2025-08-09T04:18:42Z,0.99,84.34,0.1,0.99
2025-08-09T04:19:42Z,0.81,68.12,0.3,0.75
2025-08-09T04:20:42Z,0.82,51.59,0.51,0.65
2025-08-09T04:21:42Z,0.63,41.52,0.47,0.42
2025-08-09T04:22:42Z,1.04,55.42,0.59,0.86
2025-08-09T04:23:42Z,0.76,48.67,0.5,0.57
2025-08-09T04:24:42Z,0.72,42.29,0.53,0.48
2025-08-09T04:25:42Z,0.78,38.46,0.61,0.49
2025-08-09T04:26:42Z,0.67,38.96,0.52,0.42
2025-08-09T04:27:42Z,0.88,29.65,0.77,0.44
2025-08-09T04:28:42Z,0.76,23.03,0.7,0.3
2025-08-09T04:29:42Z,0.93,31.18,0.8,0.48
2025-08-09T04:30:42Z,0.82,38.48,0.64,0.51
2025-08-09T04:31:42Z,0.8,48,0.53,0.59
2025-08-09T04:32:42Z,0.52,43.03,0.38,0.35
2025-08-09T04:33:42Z,0.83,84.47,0.08,0.83
2025-08-09T04:34:42Z,0.46,78.03,0.09,0.45
2025-08-09T04:35:42Z,0.69,25.33,0.63,0.3
2025-08-09T04:36:42Z,0.85,55.63,0.48,0.7
2025-08-09T04:37:42Z,0.65,91.82,-0.02,0.65
2025-08-09T04:38:42Z,0.79,33.25,0.66,0.43
2025-08-09T04:39:42Z,0.97,57.17,0.52,0.81
2025-08-09T04:40:42Z,0.73,43.5,0.53,0.5
2025-08-09T04:41:42Z,0.87,30.03,0.75,0.43
2025-08-09T04:42:42Z,0.36,57.9,0.19,0.31
2025-08-09T04:43:42Z,0.72,34.52,0.59,0.41
2025-08-09T04:44:42Z,1.06,12.83,1.04,0.24
2025-08-09T04:45:42Z,0.57,14.03,0.55,0.14
2025-08-09T04:46:42Z,0.72,4.63,0.72,0.06
2025-08-09T04:47:42Z,0.69,15.87,0.66,0.19
2025-08-09T04:48:42Z,0.52,9.51,0.51,0.09
2025-08-09T04:49:42Z,0.84,349.18,0.83,-0.16
2025-08-09T04:50:42Z,1.47,325.28,1.21,-0.84
2025-08-09T04:51:42Z,1.2,353.65,1.19,-0.13
2025-08-09T04:52:42Z,1.46,295.3,0.63,-1.32
2025-08-09T04:53:42Z,0.88,337.22,0.81,-0.34
2025-08-09T04:54:42Z,0.82,324.95,0.67,-0.47
2025-08-09T04:55:42Z,0.84,340.09,0.79,-0.29
2025-08-09T04:56:42Z,0.85,9.16,0.84,0.14
2025-08-09T04:57:42Z,1.25,25.85,1.13,0.55
2025-08-09T04:58:42Z,1.52,2.44,1.51,0.06
2025-08-09T04:59:42Z,1.08,8.6,1.07,0.16
2025-08-09T05:00:42Z,0.91,359.06,0.91,-0.01
2025-08-09T05:01:42Z,1.19,31.18,1.01,0.61
2025-08-09T05:02:42Z,2.32,27.77,2.05,1.08
2025-08-09T05:03:42Z,1.73,28.26,1.52,0.82
2025-08-09T05:04:42Z,1.73,30.52,1.49,0.88
2025-08-09T05:05:42Z,1.87,52.34,1.14,1.48
2025-08-09T05:06:42Z,1.88,63.29,0.85,1.68
2025-08-09T05:07:42Z,1.15,40.14,0.88,0.74
2025-08-09T05:08:42Z,1.53,33.31,1.28,0.84
2025-08-09T05:09:42Z,1.58,34.4,1.31,0.9
2025-08-09T05:10:42Z,1.67,19.15,1.58,0.55
2025-08-09T05:11:42Z,1.37,35.02,1.12,0.79
2025-08-09T05:12:42Z,1.73,28.72,1.52,0.83
2025-08-09T05:13:42Z,1.2,29.45,1.04,0.59
2025-08-09T05:14:42Z,1.35,32.98,1.14,0.74
2025-08-09T05:15:42Z,1.5,24.34,1.37,0.62
2025-08-09T05:16:42Z,1.41,36.59,1.13,0.84
2025-08-09T05:17:42Z,1.5,30.93,1.29,0.77
2025-08-09T05:18:42Z,1.57,30.01,1.36,0.79
2025-08-09T05:19:42Z,1.54,24.46,1.4,0.64
2025-08-09T05:20:42Z,1.94,33.01,1.62,1.06
2025-08-09T05:21:42Z,2.21,21.59,2.05,0.81
2025-08-09T05:22:42Z,1.34,22.39,1.24,0.51
2025-08-09T05:23:42Z,1.25,41.47,0.94,0.83
2025-08-09T05:24:42Z,1.39,49.31,0.91,1.06
2025-08-09T05:25:42Z,1.76,56.28,0.98,1.46
2025-08-09T05:26:42Z,1.61,40.6,1.22,1.05
2025-08-09T05:27:42Z,0.95,45.32,0.67,0.67
2025-08-09T05:28:42Z,1.37,55.23,0.78,1.13
2025-08-09T05:29:42Z,1.24,50.2,0.79,0.95
2025-08-09T05:30:42Z,1.8,57.06,0.98,1.51
2025-08-09T05:31:42Z,1.69,79.8,0.3,1.66
2025-08-09T05:32:42Z,2.02,88.46,0.05,2.02
2025-08-09T05:33:42Z,2.04,74.46,0.55,1.96
2025-08-09T05:34:42Z,2.51,61.63,1.19,2.21
2025-08-09T05:35:42Z,2.4,61.43,1.15,2.11
2025-08-09T05:36:42Z,2.94,63.83,1.3,2.64
2025-08-09T05:37:42Z,2.3,57.91,1.22,1.95
2025-08-09T05:38:42Z,1.67,66.14,0.68,1.53
2025-08-09T05:39:42Z,1.2,66.53,0.48,1.1
2025-08-09T05:40:42Z,2.1,63.97,0.92,1.88
2025-08-09T05:41:42Z,1.09,67.87,0.41,1.01
2025-08-09T05:42:42Z,1,66.33,0.4,0.91
2025-08-09T05:43:42Z,1.3,49.36,0.85,0.99
2025-08-09T05:44:42Z,0.92,72.34,0.28,0.88
2025-08-09T05:45:42Z,0.91,39.14,0.7,0.57
2025-08-09T05:46:42Z,0.59,78.26,0.12,0.57
2025-08-09T05:47:42Z,1.26,24.79,1.14,0.53
2025-08-09T05:48:42Z,0.89,31.88,0.75,0.47
2025-08-09T05:49:42Z,0.84,19.51,0.8,0.28
2025-08-09T05:50:42Z,0.66,33.76,0.55,0.37
2025-08-09T05:51:42Z,0.41,337.88,0.38,-0.15
2025-08-09T05:52:42Z,0.63,314.87,0.44,-0.45
2025-08-09T05:53:42Z,0.8,28.53,0.7,0.38
2025-08-09T05:54:42Z,0.58,34.31,0.48,0.33
2025-08-09T05:55:42Z,0.64,41.34,0.48,0.42
2025-08-09T05:56:42Z,0.73,44.31,0.52,0.51
2025-08-09T05:57:42Z,0.77,25.41,0.7,0.33
2025-08-09T05:58:42Z,0.62,38.91,0.48,0.39
2025-08-09T05:59:42Z,0.82,47.91,0.55,0.61
2025-08-09T06:00:42Z,0.97,56.35,0.54,0.81
2025-08-09T06:01:42Z,1.36,27.29,1.21,0.62
2025-08-09T06:02:42Z,0.76,61.48,0.36,0.67
2025-08-09T06:03:42Z,0.81,40.81,0.61,0.53
2025-08-09T06:04:42Z,1.18,50.55,0.75,0.91
2025-08-09T06:05:42Z,1.47,57.38,0.79,1.24
2025-08-09T06:06:42Z,0.98,38.66,0.76,0.61
2025-08-09T06:07:42Z,1.12,79.83,0.2,1.11
2025-08-09T06:08:42Z,0.81,39.82,0.62,0.52
2025-08-09T06:09:42Z,0.66,33.03,0.56,0.36
2025-08-09T06:10:42Z,0.98,44.02,0.7,0.68
2025-08-09T06:11:42Z,0.73,35.79,0.59,0.42
2025-08-09T06:12:42Z,0.73,72.34,0.22,0.69
2025-08-09T06:13:42Z,1.43,62.23,0.67,1.27
2025-08-09T06:14:42Z,1.22,81.48,0.18,1.21
2025-08-09T06:15:42Z,2.13,73.1,0.62,2.04
2025-08-09T06:16:42Z,1.62,55.74,0.91,1.34
2025-08-09T06:17:42Z,2.1,54.41,1.22,1.7
2025-08-09T06:18:42Z,1.74,83.59,0.19,1.73
2025-08-09T06:19:42Z,1.46,71.36,0.47,1.38
2025-08-09T06:20:42Z,1.08,64.72,0.46,0.97
2025-08-09T06:21:42Z,2.29,62.22,1.07,2.03
2025-08-09T06:22:42Z,3.43,77.36,0.75,3.34
2025-08-09T06:23:42Z,4.81,86.8,0.27,4.8
2025-08-09T06:24:42Z,6.02,79.21,1.13,5.91
2025-08-09T06:25:42Z,4.32,68.97,1.55,4.03
2025-08-09T06:26:42Z,6.01,108.26,-1.88,5.7
2025-08-09T06:27:42Z,4.8,79.97,0.84,4.73
2025-08-09T06:28:42Z,2.5,96.5,-0.28,2.48
2025-08-09T06:29:42Z,2.73,94.35,-0.21,2.72
2025-08-09T06:30:42Z,3.23,90.71,-0.04,3.23
2025-08-09T06:31:42Z,4.6,87.6,0.19,4.6
2025-08-09T06:32:42Z,3.02,81.34,0.45,2.98
2025-08-09T06:33:42Z,3.05,75.88,0.74,2.96
2025-08-09T06:34:42Z,4.62,68.66,1.68,4.3
2025-08-09T06:35:42Z,4.81,90.64,-0.05,4.8
2025-08-09T06:36:42Z,1.59,89.58,0.01,1.59
2025-08-09T06:37:42Z,2.05,69.38,0.72,1.91
2025-08-09T06:38:42Z,2.27,45.97,1.58,1.63
2025-08-09T06:39:42Z,1.83,79.97,0.32,1.8
2025-08-09T06:40:42Z,1.79,75.39,0.45,1.73
2025-08-09T06:41:42Z,3.16,71.61,1,3
2025-08-09T06:42:42Z,3.5,69.89,1.2,3.29
2025-08-09T06:43:42Z,2.3,110.89,-0.82,2.15
2025-08-09T06:44:42Z,1.75,79.93,0.31,1.73
2025-08-09T06:45:42Z,2.98,94.88,-0.25,2.97
2025-08-09T06:46:42Z,2.17,87.83,0.08,2.17
2025-08-09T06:47:42Z,2.14,51.73,1.33,1.68
2025-08-09T06:48:42Z,2.03,72.28,0.62,1.93
2025-08-09T06:49:42Z,1.82,75.01,0.47,1.76
2025-08-09T06:50:42Z,1.54,77.88,0.32,1.5
2025-08-09T06:51:42Z,3.31,66.74,1.31,3.04
2025-08-09T06:52:42Z,2.16,67.26,0.83,1.99
2025-08-09T06:53:42Z,1.63,70.52,0.54,1.54
2025-08-09T06:54:42Z,1.41,48.17,0.94,1.05
2025-08-09T06:55:42Z,2.45,66.32,0.98,2.24
2025-08-09T06:56:42Z,1.62,79.72,0.29,1.6
2025-08-09T06:57:42Z,1.12,57.92,0.6,0.95
2025-08-09T06:58:42Z,1.41,45.09,1,1
2025-08-09T06:59:42Z,2.14,51.64,1.33,1.68
2025-08-09T07:00:42Z,1.82,31.72,1.54,0.95
2025-08-09T07:01:42Z,1.6,46.83,1.09,1.17
2025-08-09T07:02:42Z,1.95,68.52,0.71,1.81
2025-08-09T07:03:42Z,1.3,57.05,0.71,1.09
2025-08-09T07:04:42Z,0.99,68.27,0.37,0.92
2025-08-09T07:05:42Z,1.12,67.64,0.43,1.03
2025-08-09T07:06:42Z,1.12,70.08,0.38,1.05
2025-08-09T07:07:42Z,1.46,66.58,0.58,1.34
2025-08-09T07:08:42Z,1.96,57.76,1.05,1.66
2025-08-09T07:09:42Z,1.44,76.12,0.34,1.4
2025-08-09T07:10:42Z,1.22,56.45,0.67,1.01
2025-08-09T07:11:42Z,1.77,74.34,0.48,1.71
2025-08-09T07:12:42Z,3.01,75.25,0.77,2.91
2025-08-09T07:13:42Z,2.82,85.07,0.24,2.81
2025-08-09T07:14:42Z,2.51,76.2,0.6,2.44
2025-08-09T07:15:42Z,2.16,89.88,0,2.16
2025-08-09T07:16:42Z,1.44,72.44,0.44,1.38
2025-08-09T07:17:42Z,1.85,86.07,0.13,1.85
2025-08-09T07:18:42Z,1.52,57.49,0.82,1.28
2025-08-09T07:19:42Z,1.94,74.8,0.51,1.87
2025-08-09T07:20:42Z,2.27,77.2,0.5,2.21
2025-08-09T07:21:42Z,1.24,60.16,0.61,1.07
2025-08-09T07:22:42Z,0.86,57.22,0.47,0.73
2025-08-09T07:23:42Z,0.99,38.05,0.78,0.61
2025-08-09T07:24:42Z,1.16,58.99,0.6,1
2025-08-09T07:25:42Z,0.96,86.97,0.05,0.96
2025-08-09T07:26:42Z,0.92,63.23,0.42,0.82
2025-08-09T07:27:42Z,0.92,57.76,0.49,0.78
2025-08-09T07:28:42Z,1.29,61.73,0.61,1.13
2025-08-09T07:29:42Z,1.28,52.6,0.78,1.02
2025-08-09T07:30:42Z,1.32,60.37,0.65,1.15
2025-08-09T07:31:42Z,1.13,55.33,0.64,0.93
2025-08-09T07:32:42Z,1.49,65.35,0.62,1.35
2025-08-09T07:33:42Z,0.84,55.65,0.47,0.69
2025-08-09T07:34:42Z,0.82,46.84,0.56,0.6
2025-08-09T07:35:42Z,0.95,67.62,0.36,0.88
2025-08-09T07:36:42Z,1.2,53.7,0.71,0.97
2025-08-09T07:37:42Z,1.37,52.31,0.84,1.08
2025-08-09T07:38:42Z,1.15,65.2,0.48,1.05
2025-08-09T07:39:42Z,1.07,54.74,0.62,0.88
2025-08-09T07:40:42Z,1.17,48.78,0.77,0.88
2025-08-09T07:41:42Z,1.24,72.26,0.38,1.18
2025-08-09T07:42:42Z,1.05,66,0.43,0.96
2025-08-09T07:43:42Z,1.2,89.92,0,1.2
2025-08-09T07:44:42Z,0.96,64.12,0.42,0.86
2025-08-09T07:45:42Z,1.12,36.79,0.89,0.67
2025-08-09T07:46:42Z,0.43,113.46,-0.17,0.39
2025-08-09T07:47:42Z,0.89,50.47,0.57,0.69
2025-08-09T07:48:42Z,0.94,43.91,0.67,0.65
2025-08-09T07:49:42Z,0.85,47.69,0.57,0.62
2025-08-09T07:50:42Z,0.95,41.53,0.71,0.63
2025-08-09T07:51:42Z,0.91,39.19,0.7,0.57
2025-08-09T07:52:42Z,0.85,32.89,0.72,0.46
2025-08-09T07:53:42Z,0.64,59.25,0.33,0.55
2025-08-09T07:54:42Z,1.16,42.55,0.86,0.79
2025-08-09T07:55:42Z,0.87,41.86,0.65,0.58
2025-08-09T07:56:42Z,0.76,77.62,0.16,0.74
2025-08-09T07:57:42Z,1.11,36.1,0.9,0.65
2025-08-09T07:58:42Z,0.62,35.26,0.51,0.36
2025-08-09T07:59:42Z,0.69,49.69,0.45,0.52
2025-08-09T08:00:42Z,0.71,37.26,0.57,0.43
2025-08-09T08:01:42Z,0.71,56.61,0.39,0.59
2025-08-09T08:02:42Z,0.62,46.51,0.43,0.45
2025-08-09T08:03:42Z,1.22,56.32,0.67,1.01
2025-08-09T08:04:42Z,0.61,38.49,0.48,0.38
2025-08-09T08:05:42Z,0.65,40.28,0.5,0.42
2025-08-09T08:06:42Z,0.87,64.48,0.37,0.78
2025-08-09T08:07:42Z,0.58,40.96,0.44,0.38
2025-08-09T08:08:42Z,0.78,40.73,0.59,0.51
2025-08-09T08:09:42Z,1.06,26.93,0.94,0.48
2025-08-09T08:10:42Z,0.75,18.92,0.71,0.24
2025-08-09T08:11:42Z,1.21,49.55,0.78,0.92
2025-08-09T08:12:42Z,1.07,33.59,0.89,0.59
2025-08-09T08:13:42Z,0.78,37.66,0.62,0.48
2025-08-09T08:14:42Z,0.96,42.78,0.71,0.65
2025-08-09T08:15:42Z,0.66,36.43,0.53,0.39
2025-08-09T08:16:42Z,0.86,54.46,0.5,0.7
2025-08-09T08:17:42Z,0.71,52.91,0.43,0.57
2025-08-09T08:18:42Z,0.67,31.89,0.57,0.35
2025-08-09T08:19:42Z,0.07,240.97,-0.04,-0.06
2025-08-09T08:20:42Z,0.83,45.85,0.58,0.6
2025-08-09T08:21:42Z,1.01,37.54,0.8,0.61
2025-08-09T08:22:42Z,0.7,41.55,0.52,0.46
2025-08-09T08:23:42Z,0.64,31.66,0.55,0.34
2025-08-09T08:24:42Z,0.44,10.95,0.43,0.08
2025-08-09T08:25:42Z,0.67,54.73,0.39,0.55
2025-08-09T08:26:42Z,0.74,46.76,0.51,0.54
2025-08-09T08:27:42Z,0.58,20.83,0.54,0.21
2025-08-09T08:28:42Z,0.6,54.28,0.35,0.49
2025-08-09T08:29:42Z,0.79,53.79,0.47,0.64
2025-08-09T08:30:42Z,0.87,31.61,0.74,0.45
2025-08-09T08:31:42Z,0.75,43.36,0.54,0.51
2025-08-09T08:32:42Z,0.44,27.2,0.39,0.2
2025-08-09T08:33:42Z,1.04,17.44,0.99,0.31
2025-08-09T08:34:42Z,0.67,24.54,0.61,0.28
2025-08-09T08:35:42Z,0.66,40.08,0.5,0.42
2025-08-09T08:36:42Z,1.21,40.94,0.91,0.79
2025-08-09T08:37:42Z,1.23,13.99,1.19,0.3
2025-08-09T08:38:42Z,0.62,44.43,0.45,0.44
2025-08-09T08:39:42Z,0.54,23.58,0.5,0.22
2025-08-09T08:40:42Z,0.54,350.72,0.53,-0.09
2025-08-09T08:41:42Z,0.81,51.9,0.5,0.64
2025-08-09T08:42:42Z,0.6,34.94,0.49,0.34
2025-08-09T08:43:42Z,0.8,110.12,-0.27,0.75
2025-08-09T08:44:42Z,0.66,36.68,0.53,0.4
2025-08-09T08:45:42Z,1.07,36.31,0.87,0.64
2025-08-09T08:46:42Z,0.78,55.87,0.44,0.65
2025-08-09T08:47:42Z,0.68,40.89,0.51,0.45
2025-08-09T08:48:42Z,0.73,49.64,0.47,0.55
2025-08-09T08:49:42Z,0.76,51.73,0.47,0.6
2025-08-09T08:50:42Z,1.07,53.5,0.64,0.86
2025-08-09T08:51:42Z,0.77,50.15,0.49,0.59
2025-08-09T08:52:42Z,0.7,86.3,0.05,0.7
2025-08-09T08:53:42Z,0.7,25.98,0.63,0.31
2025-08-09T08:54:42Z,1.01,13.94,0.98,0.24
2025-08-09T08:55:42Z,0.68,45.87,0.47,0.49
2025-08-09T08:56:42Z,0.81,50.07,0.52,0.62
2025-08-09T08:57:42Z,1.07,26.83,0.95,0.48
2025-08-09T08:58:42Z,0.62,48.77,0.41,0.46
2025-08-09T08:59:42Z,1.08,96.45,-0.12,1.08
2025-08-09T09:00:42Z,0.84,52.77,0.51,0.67
2025-08-09T09:01:42Z,0.85,78.93,0.16,0.83
2025-08-09T09:02:42Z,0.9,49.61,0.58,0.69
2025-08-09T09:03:42Z,1,80.46,0.17,0.98
2025-08-09T09:04:42Z,1.31,59.49,0.67,1.13
2025-08-09T09:05:42Z,1.1,47.64,0.74,0.82
2025-08-09T09:06:42Z,0.96,43.36,0.7,0.66
2025-08-09T09:07:42Z,0.93,57.19,0.5,0.78
2025-08-09T09:08:42Z,0.95,31.39,0.81,0.49
2025-08-09T09:09:42Z,0.65,52.53,0.39,0.51
2025-08-09T09:10:42Z,0.7,54.02,0.41,0.56
2025-08-09T09:11:42Z,0.57,62.79,0.26,0.51
2025-08-09T09:12:42Z,0.79,39.66,0.61,0.5
2025-08-09T09:13:42Z,0.39,25.87,0.35,0.17
2025-08-09T09:14:42Z,0.75,356.74,0.75,-0.04
2025-08-09T09:15:42Z,0.72,71.4,0.23,0.68
2025-08-09T09:16:42Z,0.84,79.82,0.15,0.83
2025-08-09T09:17:42Z,1.11,68.42,0.41,1.03
2025-08-09T09:18:42Z,1.05,36.79,0.84,0.63
2025-08-09T09:19:42Z,1.21,53.54,0.72,0.98
2025-08-09T09:20:42Z,0.86,60.48,0.43,0.75
2025-08-09T09:21:42Z,1.02,75.75,0.25,0.99
2025-08-09T09:22:42Z,1.03,80.4,0.17,1.01
2025-08-09T09:23:42Z,1.06,95.52,-0.1,1.06
2025-08-09T09:24:42Z,1.06,47.51,0.72,0.78
2025-08-09T09:25:42Z,0.49,20.39,0.46,0.17
2025-08-09T09:26:42Z,0.97,54.54,0.56,0.79
2025-08-09T09:27:42Z,1,34.95,0.82,0.57
2025-08-09T09:28:42Z,0.75,48.46,0.5,0.56
2025-08-09T09:29:42Z,1.03,65.19,0.43,0.94
2025-08-09T09:30:42Z,1.01,43.25,0.73,0.69
2025-08-09T09:31:42Z,0.71,40.14,0.54,0.46
2025-08-09T09:32:42Z,0.74,40.53,0.56,0.48
2025-08-09T09:33:42Z,0.41,64.11,0.18,0.37
2025-08-09T09:34:42Z,0.87,27.58,0.77,0.4
2025-08-09T09:35:42Z,1.08,33.03,0.9,0.59
2025-08-09T09:36:42Z,0.93,71.05,0.3,0.88
2025-08-09T09:37:42Z,0.86,89.75,0,0.86
2025-08-09T09:38:42Z,0.31,43.13,0.23,0.21
2025-08-09T09:39:42Z,0.59,24.12,0.54,0.24
2025-08-09T09:40:42Z,0.41,68.17,0.15,0.38
2025-08-09T09:41:42Z,0.91,35.03,0.75,0.52
2025-08-09T09:42:42Z,0.58,70.15,0.2,0.54
2025-08-09T09:43:42Z,0.59,80.04,0.1,0.58
2025-08-09T09:44:42Z,0.8,39.79,0.61,0.51
2025-08-09T09:45:42Z,0.54,50.78,0.34,0.42
2025-08-09T09:46:42Z,0.7,61.85,0.33,0.62
2025-08-09T09:47:42Z,0.76,19.83,0.72,0.26
2025-08-09T09:48:42Z,0.99,36.68,0.79,0.59
2025-08-09T09:49:42Z,0.78,24.42,0.71,0.32
2025-08-09T09:50:42Z,0.44,58.17,0.23,0.37
2025-08-09T09:51:42Z,1.36,46.44,0.94,0.98
2025-08-09T09:52:42Z,0.6,17.26,0.57,0.18
2025-08-09T09:53:42Z,0.81,38.73,0.63,0.51
2025-08-09T09:54:42Z,0.95,73.88,0.26,0.91
2025-08-09T09:55:42Z,0.77,32.56,0.65,0.42
2025-08-09T09:56:42Z,0.85,9.27,0.84,0.14
2025-08-09T09:57:42Z,0.68,17.49,0.65,0.21
2025-08-09T09:58:42Z,0.85,62.63,0.39,0.76
2025-08-09T09:59:42Z,0.85,88.29,0.03,0.85
2025-08-09T10:00:42Z,0.75,29.47,0.66,0.37
2025-08-09T10:01:42Z,0.72,30.18,0.62,0.36
2025-08-09T10:02:42Z,0.91,58.29,0.48,0.78
2025-08-09T10:03:42Z,0.69,26.09,0.62,0.3
2025-08-09T10:04:42Z,0.77,37.59,0.61,0.47
2025-08-09T10:05:42Z,0.71,49.1,0.47,0.54
2025-08-09T10:06:42Z,0.78,37.11,0.62,0.47
2025-08-09T10:07:42Z,0.68,68.94,0.24,0.63
2025-08-09T10:08:42Z,0.76,130.5,-0.49,0.58
2025-08-09T10:09:42Z,0.62,62.31,0.29,0.55
2025-08-09T10:10:42Z,0.74,42.99,0.54,0.5
2025-08-09T10:11:42Z,1.09,63.37,0.49,0.97
2025-08-09T10:12:42Z,1.45,89.2,0.02,1.45
2025-08-09T10:13:42Z,0.59,84.02,0.06,0.59
2025-08-09T10:14:42Z,1.11,37.75,0.88,0.68
2025-08-09T10:15:42Z,0.36,65.83,0.15,0.33
2025-08-09T10:16:42Z,1.04,39.35,0.8,0.66
2025-08-09T10:17:42Z,0.83,16.52,0.79,0.24
2025-08-09T10:18:42Z,0.83,38.33,0.65,0.52
2025-08-09T10:19:42Z,0.59,45.01,0.42,0.42
2025-08-09T10:20:42Z,1.09,90.87,-0.02,1.09
2025-08-09T10:21:42Z,0.57,81.22,0.09,0.56
2025-08-09T10:22:42Z,0.95,21.75,0.88,0.35
2025-08-09T10:23:42Z,0.89,44.61,0.63,0.62
2025-08-09T10:24:42Z,0.5,49.58,0.32,0.38
2025-08-09T10:25:42Z,0.81,47.33,0.55,0.6
2025-08-09T10:26:42Z,0.42,71.45,0.13,0.4
2025-08-09T10:27:42Z,0.84,39.76,0.65,0.54
2025-08-09T10:28:42Z,0.81,57.68,0.43,0.68
2025-08-09T10:29:42Z,0.67,72.57,0.2,0.64
2025-08-09T10:30:42Z,0.72,65.54,0.3,0.66
2025-08-09T10:31:42Z,0.97,52.57,0.59,0.77
2025-08-09T10:32:42Z,0.99,64.7,0.42,0.9
2025-08-09T10:33:42Z,0.65,27.18,0.58,0.3
2025-08-09T10:34:42Z,0.74,72.85,0.22,0.71
2025-08-09T10:35:42Z,0.9,95.51,-0.09,0.89
2025-08-09T10:36:42Z,1.23,98.67,-0.18,1.21
2025-08-09T10:37:42Z,0.68,77.34,0.15,0.67
2025-08-09T10:38:42Z,0.64,77.08,0.14,0.63
2025-08-09T10:39:42Z,0.79,32.49,0.67,0.42
2025-08-09T10:40:42Z,0.47,27.66,0.42,0.22
2025-08-09T10:41:42Z,0.35,41.41,0.27,0.23
2025-08-09T10:42:42Z,0.75,31.74,0.64,0.39
2025-08-09T10:43:42Z,0.84,44.6,0.6,0.59
2025-08-09T10:44:42Z,0.65,85.45,0.05,0.65
2025-08-09T10:45:42Z,0.71,52.75,0.43,0.56
2025-08-09T10:46:42Z,0.64,42.81,0.47,0.44
2025-08-09T10:47:42Z,0.72,33.09,0.6,0.39
2025-08-09T10:48:42Z,0.76,48.26,0.5,0.56
2025-08-09T10:49:42Z,0.87,32.47,0.73,0.47
2025-08-09T10:50:42Z,0.76,45.92,0.53,0.55
2025-08-09T10:51:42Z,1.08,21.32,1,0.39
2025-08-09T10:52:42Z,0.76,38.62,0.59,0.47
2025-08-09T10:53:42Z,0.81,42.86,0.6,0.55
2025-08-09T10:54:42Z,0.73,41.24,0.55,0.48
2025-08-09T10:55:42Z,0.9,44.15,0.65,0.63
2025-08-09T10:56:42Z,0.61,12.57,0.59,0.13
2025-08-09T10:57:42Z,0.69,57.07,0.37,0.58
2025-08-09T10:58:42Z,1,38.58,0.78,0.63
2025-08-09T10:59:42Z,0.65,62.41,0.3,0.58
2025-08-09T11:00:42Z,0.79,16.84,0.76,0.23
2025-08-09T11:01:42Z,0.51,59.48,0.26,0.44
2025-08-09T11:02:42Z,0.78,9.63,0.77,0.13
2025-08-09T11:03:42Z,0.7,15.54,0.68,0.19
2025-08-09T11:04:42Z,0.5,8.02,0.5,0.07
2025-08-09T11:05:42Z,0.63,51.72,0.39,0.5
2025-08-09T11:06:42Z,0.82,14.45,0.79,0.2
2025-08-09T11:07:42Z,0.64,14.84,0.62,0.16
2025-08-09T11:08:42Z,0.77,29.29,0.68,0.38
2025-08-09T11:09:42Z,0.7,19.5,0.66,0.23
2025-08-09T11:10:42Z,0.89,13.11,0.87,0.2
2025-08-09T11:11:42Z,0.61,18.94,0.58,0.2
2025-08-09T11:12:42Z,0.3,3.18,0.3,0.02
2025-08-09T11:13:42Z,0.65,10.97,0.64,0.12
2025-08-09T11:14:42Z,0.81,20.51,0.75,0.28
2025-08-09T11:15:42Z,0.78,7.86,0.77,0.11
2025-08-09T11:16:42Z,0.67,37.1,0.53,0.4
2025-08-09T11:17:42Z,0.79,49.26,0.52,0.6
2025-08-09T11:18:42Z,0.47,47.46,0.32,0.34
2025-08-09T11:19:42Z,0.9,36.24,0.72,0.53
2025-08-09T11:20:42Z,1.2,35.57,0.97,0.7
2025-08-09T11:21:42Z,0.64,24.59,0.59,0.27
2025-08-09T11:22:42Z,0.74,23.38,0.68,0.29
2025-08-09T11:23:42Z,0.77,12.98,0.75,0.17
2025-08-09T11:24:42Z,0.51,23.75,0.47,0.21
2025-08-09T11:25:42Z,1,47.47,0.67,0.74
2025-08-09T11:26:42Z,0.86,31.61,0.73,0.45
2025-08-09T11:27:42Z,0.66,24.67,0.6,0.27
2025-08-09T11:28:42Z,0.64,60.78,0.31,0.56
2025-08-09T11:29:42Z,0.56,22.6,0.52,0.22
2025-08-09T11:30:42Z,0.64,35.63,0.52,0.37
2025-08-09T11:31:42Z,0.9,33.78,0.75,0.5
2025-08-09T11:32:42Z,0.51,57.98,0.27,0.44
2025-08-09T11:33:42Z,1.02,38.49,0.8,0.63
2025-08-09T11:34:42Z,0.53,83.97,0.06,0.53
2025-08-09T11:35:42Z,0.76,42.04,0.57,0.51
2025-08-09T11:36:42Z,0.63,18.07,0.6,0.19
2025-08-09T11:37:42Z,0.69,42.42,0.51,0.47
2025-08-09T11:38:42Z,0.38,34.32,0.32,0.22
2025-08-09T11:39:42Z,0.71,34.91,0.58,0.4
2025-08-09T11:40:42Z,0.43,77.15,0.1,0.42
2025-08-09T11:41:42Z,0.39,56.28,0.21,0.32
2025-08-09T11:42:42Z,0.95,53.96,0.56,0.77
2025-08-09T11:43:42Z,0.77,42.61,0.57,0.52
2025-08-09T11:44:42Z,0.67,52.04,0.41,0.52
2025-08-09T11:45:42Z,0.47,36.22,0.38,0.28
2025-08-09T11:46:42Z,0.91,38.21,0.72,0.56
2025-08-09T11:47:42Z,0.63,33.05,0.53,0.35
2025-08-09T11:48:42Z,0.83,48.67,0.55,0.62
2025-08-09T11:49:42Z,0.96,62.2,0.45,0.85
2025-08-09T11:50:42Z,0.99,35.42,0.81,0.58
2025-08-09T11:51:42Z,0.92,39.16,0.71,0.58
2025-08-09T11:52:42Z,0.77,82.39,0.1,0.77
2025-08-09T11:53:42Z,0.7,48.46,0.46,0.52
2025-08-09T11:54:42Z,1.12,77.41,0.25,1.1
2025-08-09T11:55:42Z,1.43,65.89,0.58,1.3
2025-08-09T11:56:42Z,0.95,75.29,0.24,0.92
2025-08-09T11:57:42Z,0.77,66.24,0.31,0.7
2025-08-09T11:58:42Z,0.81,75.65,0.2,0.78
2025-08-09T11:59:42Z,0.74,65.38,0.31,0.67
2025-08-09T12:00:42Z,0.95,59.44,0.48,0.82
2025-08-09T12:01:42Z,0.47,357.17,0.47,-0.02
2025-08-09T12:02:42Z,0.88,32.6,0.74,0.47
2025-08-09T12:03:42Z,0.64,16.34,0.62,0.18
2025-08-09T12:04:42Z,0.53,38.51,0.42,0.33
2025-08-09T12:05:42Z,0.83,34.26,0.69,0.47
2025-08-09T12:06:42Z,0.58,28.35,0.51,0.27
2025-08-09T12:07:42Z,1.07,45.79,0.75,0.77
2025-08-09T12:08:42Z,0.84,51.36,0.52,0.66
2025-08-09T12:09:42Z,0.71,51.27,0.44,0.55
2025-08-09T12:10:42Z,0.78,70.99,0.25,0.74
2025-08-09T12:11:42Z,1.12,48.23,0.74,0.83
2025-08-09T12:12:42Z,0.9,45.62,0.63,0.64
2025-08-09T12:13:42Z,1.03,21.98,0.95,0.38
2025-08-09T12:14:42Z,0.68,32.41,0.58,0.37
2025-08-09T12:15:42Z,0.6,27.37,0.53,0.28
2025-08-09T12:16:42Z,0.55,43.8,0.39,0.38
2025-08-09T12:17:42Z,1.23,26.39,1.11,0.55
2025-08-09T12:18:42Z,0.8,56.94,0.44,0.67
2025-08-09T12:19:42Z,0.59,78.9,0.11,0.58
2025-08-09T12:20:42Z,0.73,54.88,0.42,0.6
2025-08-09T12:21:42Z,0.75,76.65,0.17,0.73
2025-08-09T12:22:42Z,0.98,96.91,-0.12,0.97
2025-08-09T12:23:42Z,0.99,90.11,-0,0.99
2025-08-09T12:24:42Z,0.73,73.58,0.21,0.7
2025-08-09T12:25:42Z,0.67,92.12,-0.02,0.67
2025-08-09T12:26:42Z,0.65,34.79,0.54,0.37
2025-08-09T12:27:42Z,0.62,65.5,0.26,0.57
2025-08-09T12:28:42Z,0.73,35,0.6,0.42
2025-08-09T12:29:42Z,0.83,58.09,0.44,0.7
2025-08-09T12:30:42Z,0.69,102.73,-0.15,0.67
2025-08-09T12:31:42Z,1.03,23.47,0.95,0.41
2025-08-09T12:32:42Z,1,26.15,0.9,0.44
2025-08-09T12:33:42Z,1.07,31.97,0.91,0.57
2025-08-09T12:34:42Z,1.16,56.29,0.64,0.96
2025-08-09T12:35:42Z,0.74,26.6,0.67,0.33
2025-08-09T12:36:42Z,0.81,20.83,0.75,0.29
2025-08-09T12:37:42Z,0.93,27.74,0.83,0.44
2025-08-09T12:38:42Z,0.94,31.9,0.8,0.5
2025-08-09T12:39:42Z,0.81,30.48,0.7,0.41
2025-08-09T12:40:42Z,0.88,66.62,0.35,0.81
2025-08-09T12:41:42Z,0.7,71.89,0.22,0.66
2025-08-09T12:42:42Z,0.54,59.4,0.27,0.46
2025-08-09T12:43:42Z,0.94,53.9,0.55,0.76
2025-08-09T12:44:42Z,0.54,42.35,0.4,0.36
2025-08-09T12:45:42Z,0.68,20.79,0.64,0.24
2025-08-09T12:46:42Z,0.9,29.75,0.78,0.45
2025-08-09T12:47:42Z,0.8,45.76,0.56,0.58
2025-08-09T12:48:42Z,0.82,43.68,0.59,0.56
2025-08-09T12:49:42Z,1.07,77.03,0.24,1.05
2025-08-09T12:50:42Z,0.45,46.59,0.31,0.33
2025-08-09T12:51:42Z,0.66,29.54,0.57,0.32
2025-08-09T12:52:42Z,0.82,50.33,0.52,0.63
2025-08-09T12:53:42Z,0.4,63.01,0.18,0.35
2025-08-09T12:54:42Z,0.67,50.74,0.43,0.52
2025-08-09T12:55:42Z,0.73,57.85,0.39,0.62
2025-08-09T12:56:42Z,0.76,25.8,0.68,0.33
2025-08-09T12:57:42Z,0.74,58.38,0.39,0.63
2025-08-09T12:58:42Z,0.82,87.89,0.03,0.82
2025-08-09T12:59:42Z,0.99,64.96,0.42,0.9
2025-08-09T13:00:42Z,0.95,86.98,0.05,0.95
2025-08-09T13:01:42Z,0.75,96.58,-0.09,0.75
2025-08-09T13:02:42Z,1.01,70.25,0.34,0.95
2025-08-09T13:03:42Z,0.76,40.16,0.58,0.49
2025-08-09T13:04:42Z,1.02,34.96,0.84,0.58
2025-08-09T13:05:42Z,0.56,77.46,0.12,0.54
2025-08-09T13:06:42Z,0.88,61.28,0.42,0.77
2025-08-09T13:07:42Z,0.31,45.2,0.22,0.22
2025-08-09T13:08:42Z,0.74,87.65,0.03,0.73
2025-08-09T13:09:42Z,0.89,35.42,0.73,0.52
2025-08-09T13:10:42Z,0.84,5.34,0.84,0.08
2025-08-09T13:11:42Z,0.74,20.48,0.69,0.26
2025-08-09T13:12:42Z,0.51,81.63,0.07,0.5
2025-08-09T13:13:42Z,0.73,57.21,0.39,0.61
2025-08-09T13:14:42Z,0.75,65.95,0.31,0.68
2025-08-09T13:15:42Z,0.94,52.52,0.57,0.74
2025-08-09T13:16:42Z,0.74,58.39,0.39,0.63
2025-08-09T13:17:42Z,0.93,45.23,0.66,0.66
2025-08-09T13:18:42Z,0.73,38.33,0.57,0.45
2025-08-09T13:19:42Z,1,21.28,0.93,0.36
2025-08-09T13:20:42Z,0.64,35.12,0.52,0.37
2025-08-09T13:21:42Z,0.65,51.6,0.41,0.51
2025-08-09T13:22:42Z,0.65,17.26,0.62,0.19
2025-08-09T13:23:42Z,1,7.07,0.99,0.12
2025-08-09T13:24:42Z,0.44,66.22,0.18,0.4
2025-08-09T13:25:42Z,0.54,46.72,0.37,0.39
2025-08-09T13:26:42Z,0.98,25.37,0.89,0.42
2025-08-09T13:27:42Z,1.2,37.98,0.95,0.74
2025-08-09T13:28:42Z,0.83,39.09,0.64,0.52
2025-08-09T13:29:42Z,0.89,37.55,0.71,0.54
2025-08-09T13:30:42Z,0.74,359.94,0.74,-0
2025-08-09T13:31:42Z,0.62,52.82,0.38,0.5
2025-08-09T13:32:42Z,0.6,67.98,0.22,0.55
2025-08-09T13:33:42Z,1.2,56.2,0.67,1
2025-08-09T13:34:42Z,0.94,66.87,0.37,0.87
2025-08-09T13:35:42Z,0.83,63.84,0.37,0.75
2025-08-09T13:36:42Z,0.69,50.66,0.44,0.53
2025-08-09T13:37:42Z,0.7,63.69,0.31,0.63
2025-08-09T13:38:42Z,0.44,80.91,0.07,0.44
2025-08-09T13:39:42Z,0.35,338.51,0.33,-0.13
2025-08-09T13:40:42Z,0.69,51.13,0.43,0.54
2025-08-09T13:41:42Z,0.73,32.72,0.62,0.4
2025-08-09T13:42:42Z,1.23,2.55,1.23,0.05
2025-08-09T13:43:42Z,0.57,20.13,0.53,0.2
2025-08-09T13:44:42Z,0.65,28.82,0.57,0.31
2025-08-09T13:45:42Z,0.64,58.51,0.34,0.55
2025-08-09T13:46:42Z,0.74,37.95,0.58,0.45
2025-08-09T13:47:42Z,0.61,41.94,0.45,0.41
2025-08-09T13:48:42Z,1.04,31.86,0.88,0.55
2025-08-09T13:49:42Z,0.93,24.28,0.85,0.38
2025-08-09T13:50:42Z,0.82,32.04,0.7,0.44
2025-08-09T13:51:42Z,0.83,72.04,0.26,0.79
2025-08-09T13:52:42Z,0.92,25.64,0.83,0.4
2025-08-09T13:53:42Z,0.88,18.15,0.83,0.27
2025-08-09T13:54:42Z,0.67,54.58,0.39,0.55
2025-08-09T13:55:42Z,0.87,23.11,0.8,0.34
2025-08-09T13:56:42Z,1.04,46.93,0.71,0.76
2025-08-09T13:57:42Z,0.82,90.61,-0.01,0.82
2025-08-09T13:58:42Z,0.74,18.46,0.7,0.23
2025-08-09T13:59:42Z,0.87,63.08,0.39,0.78
2025-08-09T14:00:42Z,0.65,44.89,0.46,0.46
2025-08-09T14:01:42Z,0.71,30,0.62,0.36
2025-08-09T14:02:42Z,0.69,29.1,0.61,0.34
2025-08-09T14:03:42Z,0.82,23.36,0.76,0.33
2025-08-09T14:04:42Z,0.85,35.82,0.69,0.5
2025-08-09T14:05:42Z,0.58,92.27,-0.02,0.58
2025-08-09T14:06:42Z,0.81,69.56,0.28,0.76
2025-08-09T14:07:42Z,0.97,71.25,0.31,0.92
2025-08-09T14:08:42Z,0.67,70.07,0.23,0.63
2025-08-09T14:09:42Z,0.81,34.72,0.66,0.46
2025-08-09T14:10:42Z,0.62,60.08,0.31,0.54
2025-08-09T14:11:42Z,0.96,23.96,0.87,0.39
2025-08-09T14:12:42Z,0.74,46.18,0.52,0.54
2025-08-09T14:13:42Z,1.03,13.73,1,0.24
2025-08-09T14:14:42Z,0.71,23.69,0.65,0.28
2025-08-09T14:15:42Z,0.42,37.1,0.33,0.25
2025-08-09T14:16:42Z,0.87,46.72,0.6,0.63
2025-08-09T14:17:42Z,0.8,34.18,0.66,0.45
2025-08-09T14:18:42Z,0.61,68.12,0.23,0.57
2025-08-09T14:19:42Z,0.49,28.69,0.43,0.23
2025-08-09T14:20:42Z,1.15,63.51,0.51,1.03
2025-08-09T14:21:42Z,0.57,47.04,0.39,0.42
2025-08-09T14:22:42Z,0.43,56.89,0.24,0.36
2025-08-09T14:23:42Z,0.68,57.57,0.37,0.58
2025-08-09T14:24:42Z,0.69,346.02,0.67,-0.17
2025-08-09T14:25:42Z,0.63,24.2,0.57,0.26
2025-08-09T14:26:42Z,0.45,357.48,0.45,-0.02
2025-08-09T14:27:42Z,1.11,13.48,1.08,0.26
2025-08-09T14:28:42Z,0.7,39.2,0.54,0.44
2025-08-09T14:29:42Z,1.3,16.53,1.24,0.37
2025-08-09T14:30:42Z,0.95,51.09,0.6,0.74
2025-08-09T14:31:42Z,1.1,80.43,0.18,1.08
2025-08-09T14:32:42Z,0.91,22.45,0.84,0.35
2025-08-09T14:33:42Z,0.86,32.44,0.73,0.46
2025-08-09T14:34:42Z,0.81,8.88,0.81,0.13
2025-08-09T14:35:42Z,1.28,87.24,0.06,1.28
2025-08-09T14:36:42Z,0.95,40.73,0.72,0.62
2025-08-09T14:37:42Z,0.92,61.72,0.44,0.81
2025-08-09T14:38:42Z,0.66,62.79,0.3,0.58
2025-08-09T14:39:42Z,0.8,67.6,0.31,0.74
2025-08-09T14:40:42Z,0.72,66.18,0.29,0.66
2025-08-09T14:41:42Z,0.85,40.32,0.64,0.55
2025-08-09T14:42:42Z,0.67,65.35,0.28,0.61
2025-08-09T14:43:42Z,0.82,56.53,0.45,0.68
2025-08-09T14:44:42Z,0.61,48.94,0.4,0.46
2025-08-09T14:45:42Z,0.51,36.2,0.41,0.3
2025-08-09T14:46:42Z,0.53,33.68,0.44,0.29
2025-08-09T14:47:42Z,0.64,359.16,0.64,-0.01
2025-08-09T14:48:42Z,0.41,348.94,0.41,-0.08
2025-08-09T14:49:42Z,0.58,39.05,0.45,0.37
2025-08-09T14:50:42Z,0.91,15.85,0.88,0.25
2025-08-09T14:51:42Z,0.55,46.26,0.38,0.4
2025-08-09T14:52:42Z,0.8,57.02,0.43,0.67
2025-08-09T14:53:42Z,0.49,26.52,0.44,0.22
2025-08-09T14:54:42Z,0.71,34.61,0.58,0.4
2025-08-09T14:55:42Z,0.88,29.69,0.76,0.44
2025-08-09T14:56:42Z,1.07,13.97,1.04,0.26
2025-08-09T14:57:42Z,0.71,12.27,0.69,0.15
2025-08-09T14:58:42Z,0.75,331.58,0.66,-0.36
2025-08-09T14:59:42Z,0.78,7.49,0.77,0.1
2025-08-09T15:00:42Z,1.35,17.14,1.29,0.4
2025-08-09T15:01:42Z,0.63,79.11,0.12,0.61
2025-08-09T15:02:42Z,0.54,42.94,0.39,0.36
2025-08-09T15:03:42Z,0.86,57.54,0.46,0.72
2025-08-09T15:04:42Z,0.85,68.3,0.31,0.79
2025-08-09T15:05:42Z,0.77,21.85,0.71,0.29
2025-08-09T15:06:42Z,0.44,64.83,0.19,0.4
2025-08-09T15:07:42Z,0.69,45.95,0.48,0.49
2025-08-09T15:08:42Z,0.69,56.62,0.38,0.57
2025-08-09T15:09:42Z,0.82,38.63,0.64,0.51
2025-08-09T15:10:42Z,0.76,43.07,0.55,0.52
2025-08-09T15:11:42Z,1.34,21.1,1.25,0.48
2025-08-09T15:12:42Z,0.63,38.71,0.49,0.39
2025-08-09T15:13:42Z,0.71,46.46,0.49,0.52
2025-08-09T15:14:42Z,0.51,50.25,0.32,0.39
2025-08-09T15:15:42Z,0.95,38.86,0.74,0.6
2025-08-09T15:16:42Z,0.65,64.37,0.28,0.59
2025-08-09T15:17:42Z,0.72,51.56,0.45,0.56
2025-08-09T15:18:42Z,0.78,25.3,0.71,0.33
2025-08-09T15:19:42Z,0.9,38.17,0.71,0.56
2025-08-09T15:20:42Z,0.66,79.22,0.12,0.65
2025-08-09T15:21:42Z,0.89,70.16,0.3,0.84
2025-08-09T15:22:42Z,0.63,47.12,0.43,0.46
2025-08-09T15:23:42Z,0.59,41.66,0.44,0.39
2025-08-09T15:24:42Z,1.04,88.47,0.03,1.04
2025-08-09T15:25:42Z,0.54,90.38,-0,0.54
2025-08-09T15:26:42Z,0.93,50.96,0.58,0.72
2025-08-09T15:27:42Z,0.79,58.87,0.41,0.68
2025-08-09T15:28:42Z,0.49,40.63,0.37,0.32
2025-08-09T15:29:42Z,0.71,14.82,0.69,0.18
2025-08-09T15:30:42Z,0.72,37.58,0.57,0.44
2025-08-09T15:31:42Z,1.09,47.04,0.74,0.8
2025-08-09T15:32:42Z,0.89,58.09,0.47,0.75
2025-08-09T15:33:42Z,1.12,39.73,0.86,0.71
2025-08-09T15:34:42Z,0.83,41.91,0.62,0.55
2025-08-09T15:35:42Z,0.62,48.75,0.41,0.47
2025-08-09T15:36:42Z,1.09,57.6,0.58,0.92
2025-08-09T15:37:42Z,0.91,41.43,0.69,0.6
2025-08-09T15:38:42Z,1.12,35.55,0.91,0.65
2025-08-09T15:39:42Z,0.91,45.12,0.64,0.65
2025-08-09T15:40:42Z,0.96,43.87,0.69,0.67
2025-08-09T15:41:42Z,1.43,51.59,0.89,1.12
2025-08-09T15:42:42Z,1.61,50.14,1.03,1.23
2025-08-09T15:43:42Z,2.3,53.2,1.38,1.84
2025-08-09T15:44:42Z,1.43,37.48,1.13,0.87
2025-08-09T15:45:42Z,1.24,51.2,0.78,0.96
2025-08-09T15:46:42Z,1.11,47.24,0.75,0.81
2025-08-09T15:47:42Z,1.14,43.83,0.82,0.79
2025-08-09T15:48:42Z,1.2,26.97,1.07,0.54
2025-08-09T15:49:42Z,1.22,11.5,1.2,0.24
2025-08-09T15:50:42Z,1.55,25.59,1.4,0.67
2025-08-09T15:51:42Z,1.39,35.52,1.13,0.81
2025-08-09T15:52:42Z,0.87,327.47,0.73,-0.47
2025-08-09T15:53:42Z,0.68,345.29,0.66,-0.17
2025-08-09T15:54:42Z,0.58,21.81,0.54,0.22
2025-08-09T15:55:42Z,0.61,10.59,0.6,0.11
2025-08-09T15:56:42Z,0.65,25.19,0.58,0.27
2025-08-09T15:57:42Z,0.81,9.93,0.8,0.14
2025-08-09T15:58:42Z,0.43,27.8,0.38,0.2
2025-08-09T15:59:42Z,0.83,40.93,0.63,0.54
2025-08-09T16:00:42Z,0.67,356.7,0.67,-0.04
2025-08-09T16:01:42Z,0.51,1.74,0.51,0.02
2025-08-09T16:02:42Z,0.88,353.29,0.88,-0.1
2025-08-09T16:03:42Z,0.07,29.58,0.06,0.03
2025-08-09T16:04:42Z,0.67,4.13,0.66,0.05
2025-08-09T16:05:42Z,0.61,11.8,0.6,0.12
2025-08-09T16:06:42Z,0.66,29.51,0.57,0.32
2025-08-09T16:07:42Z,0.39,351.52,0.39,-0.06
2025-08-09T16:08:42Z,0.77,3.21,0.77,0.04
2025-08-09T16:09:42Z,0.89,22.76,0.82,0.35
2025-08-09T16:10:42Z,0.6,47.05,0.41,0.44
2025-08-09T16:11:42Z,0.71,11.01,0.7,0.14
2025-08-09T16:12:42Z,0.73,14.75,0.71,0.19
2025-08-09T16:13:42Z,0.89,54.34,0.52,0.72
2025-08-09T16:14:42Z,0.67,36.27,0.54,0.4
2025-08-09T16:15:42Z,0.6,56.88,0.33,0.5
2025-08-09T16:16:42Z,0.64,42.44,0.47,0.43
2025-08-09T16:17:42Z,0.79,85.11,0.07,0.78
2025-08-09T16:18:42Z,0.84,32.02,0.71,0.44
2025-08-09T16:19:42Z,0.67,70.14,0.23,0.63
2025-08-09T16:20:42Z,0.73,34.32,0.6,0.41
2025-08-09T16:21:42Z,0.9,56.78,0.49,0.75
2025-08-09T16:22:42Z,1.4,41.88,1.04,0.93
2025-08-09T16:23:42Z,0.51,68.85,0.19,0.48
2025-08-09T16:24:42Z,0.8,66.09,0.32,0.73
2025-08-09T16:25:42Z,1.23,53.16,0.74,0.99
2025-08-09T16:26:42Z,1.21,45.15,0.85,0.85
2025-08-09T16:27:42Z,0.87,30.62,0.74,0.44
2025-08-09T16:28:42Z,1.13,39.27,0.87,0.71
2025-08-09T16:29:42Z,1.23,42.77,0.91,0.84
2025-08-09T16:30:42Z,1.63,52.39,0.99,1.29
2025-08-09T16:31:42Z,1.91,64.48,0.82,1.73
2025-08-09T16:32:42Z,1.36,32.01,1.15,0.72
2025-08-09T16:33:42Z,1.72,18.65,1.63,0.55
2025-08-09T16:34:42Z,1.33,44.42,0.95,0.93
2025-08-09T16:35:42Z,1.18,33.16,0.99,0.65
2025-08-09T16:36:42Z,1.45,47.56,0.98,1.07
2025-08-09T16:37:42Z,1.13,47.37,0.76,0.83
2025-08-09T16:38:42Z,0.87,28.69,0.76,0.42
2025-08-09T16:39:42Z,0.7,66.11,0.28,0.64
2025-08-09T16:40:42Z,1,52.04,0.61,0.78
2025-08-09T16:41:42Z,0.72,89.92,0,0.72
2025-08-09T16:42:42Z,0.79,88.72,0.02,0.79
2025-08-09T16:43:42Z,0.93,63.11,0.42,0.83
2025-08-09T16:44:42Z,1.45,48.49,0.96,1.08
2025-08-09T16:45:42Z,1.24,36.9,0.99,0.75
2025-08-09T16:46:42Z,1.55,34.8,1.28,0.89
2025-08-09T16:47:42Z,2.05,70.77,0.67,1.93
2025-08-09T16:48:42Z,1.49,66.94,0.58,1.37
2025-08-09T16:49:42Z,1.49,43.56,1.08,1.02
2025-08-09T16:50:42Z,1.28,72.62,0.38,1.22
2025-08-09T16:51:42Z,1.11,38.15,0.87,0.69
2025-08-09T16:52:42Z,1.19,48.88,0.78,0.89
2025-08-09T16:53:42Z,1.66,56.3,0.92,1.38
2025-08-09T16:54:42Z,1.45,51.72,0.9,1.14
2025-08-09T16:55:42Z,1.51,40.82,1.14,0.99
2025-08-09T16:56:42Z,1.43,51.07,0.9,1.12
2025-08-09T16:57:42Z,1.1,49.53,0.71,0.84
2025-08-09T16:58:42Z,0.96,15.86,0.92,0.26
2025-08-09T16:59:42Z,0.87,36.91,0.69,0.52
2025-08-09T17:00:42Z,1.26,60.48,0.62,1.1
2025-08-09T17:01:42Z,0.92,42.6,0.68,0.62
2025-08-09T17:02:42Z,0.76,56.46,0.42,0.63
2025-08-09T17:03:42Z,1.17,42.98,0.85,0.8
2025-08-09T17:04:42Z,1.55,38.98,1.21,0.98
2025-08-09T17:05:42Z,1.39,61.03,0.67,1.22
2025-08-09T17:06:42Z,1.05,63.36,0.47,0.94
2025-08-09T17:07:42Z,1.16,53.5,0.69,0.93
2025-08-09T17:08:42Z,1.1,54.99,0.63,0.9
2025-08-09T17:09:42Z,1.33,42.98,0.97,0.91
2025-08-09T17:10:42Z,0.92,41.69,0.69,0.61
2025-08-09T17:11:42Z,1.24,83.26,0.15,1.24
2025-08-09T17:12:42Z,0.54,70.14,0.18,0.5
2025-08-09T17:13:42Z,0.62,47.66,0.42,0.46
2025-08-09T17:14:42Z,0.92,48.69,0.61,0.69
2025-08-09T17:15:42Z,0.95,54.1,0.56,0.77
2025-08-09T17:16:42Z,0.67,46.43,0.46,0.48
2025-08-09T17:17:42Z,1.09,14.2,1.06,0.27
2025-08-09T17:18:42Z,0.72,30.92,0.62,0.37
2025-08-09T17:19:42Z,0.96,28.74,0.84,0.46
2025-08-09T17:20:42Z,0.66,31.03,0.56,0.34
2025-08-09T17:21:42Z,0.39,29.23,0.34,0.19
2025-08-09T17:22:42Z,0.98,21.01,0.91,0.35
2025-08-09T17:23:42Z,0.75,36.87,0.6,0.45
2025-08-09T17:24:42Z,0.83,38.44,0.65,0.52
2025-08-09T17:25:42Z,0.91,58.24,0.48,0.77
2025-08-09T17:26:42Z,1.21,50.85,0.76,0.94
2025-08-09T17:27:42Z,1.12,54.68,0.65,0.91
2025-08-09T17:28:42Z,0.92,39.38,0.71,0.58
2025-08-09T17:29:42Z,0.92,47.54,0.62,0.68
2025-08-09T17:30:42Z,1.06,48.56,0.7,0.8
2025-08-09T17:31:42Z,0.99,65.77,0.41,0.9
2025-08-09T17:32:42Z,1.02,47,0.69,0.74
2025-08-09T17:33:42Z,0.98,54.57,0.57,0.8
2025-08-09T17:34:42Z,1.17,44.87,0.83,0.83
2025-08-09T17:35:42Z,0.73,46.46,0.5,0.53
2025-08-09T17:36:42Z,0.79,59.14,0.4,0.68
2025-08-09T17:37:42Z,0.7,41.52,0.52,0.46
2025-08-09T17:38:42Z,0.41,75,0.11,0.4
2025-08-09T17:39:42Z,0.82,58.49,0.43,0.7
2025-08-09T17:40:42Z,0.94,48.88,0.62,0.71
2025-08-09T17:41:42Z,0.69,56.04,0.39,0.57
2025-08-09T17:42:42Z,1.16,59.88,0.58,1
2025-08-09T17:43:42Z,1.06,62.76,0.49,0.94
2025-08-09T17:44:42Z,0.81,85.71,0.06,0.8
2025-08-09T17:45:42Z,1.1,62.95,0.5,0.98
2025-08-09T17:46:42Z,1.08,69.01,0.39,1.01
2025-08-09T17:47:42Z,0.83,50.94,0.52,0.64
2025-08-09T17:48:42Z,0.72,39.47,0.56,0.46
2025-08-09T17:49:42Z,1.05,39.66,0.81,0.67
2025-08-09T17:50:42Z,0.7,45.03,0.5,0.5
2025-08-09T17:51:42Z,0.76,41.5,0.57,0.51
2025-08-09T17:52:42Z,0.82,35.98,0.66,0.48
2025-08-09T17:53:42Z,0.85,63.39,0.38,0.76
2025-08-09T17:54:42Z,0.79,40.8,0.59,0.51
2025-08-09T17:55:42Z,0.56,84.96,0.05,0.56
2025-08-09T17:56:42Z,0.83,20.23,0.78,0.29
2025-08-09T17:57:42Z,0.59,31.69,0.5,0.31
2025-08-09T17:58:42Z,0.83,33.71,0.69,0.46
2025-08-09T17:59:42Z,1.36,36.05,1.1,0.8
2025-08-09T18:00:42Z,0.69,80.5,0.11,0.68
2025-08-09T18:01:42Z,0.65,35.15,0.53,0.38
2025-08-09T18:02:42Z,0.83,53.72,0.49,0.67
2025-08-09T18:03:42Z,0.8,48.32,0.53,0.6
2025-08-09T18:04:42Z,1.05,56.79,0.57,0.88
2025-08-09T18:05:42Z,0.63,74.55,0.17,0.6
2025-08-09T18:06:42Z,0.79,48.05,0.53,0.59
2025-08-09T18:07:42Z,0.83,89.41,0.01,0.83
2025-08-09T18:08:42Z,0.7,63.12,0.32,0.63
2025-08-09T18:09:42Z,0.93,99.17,-0.15,0.92
2025-08-09T18:10:42Z,0.94,62.89,0.43,0.83
2025-08-09T18:11:42Z,0.98,50.17,0.62,0.75
2025-08-09T18:12:42Z,1.23,73.37,0.35,1.18
2025-08-09T18:13:42Z,1.48,50.94,0.93,1.15
2025-08-09T18:14:42Z,0.93,77.19,0.21,0.9
2025-08-09T18:15:42Z,0.85,60.87,0.42,0.75
2025-08-09T18:16:42Z,0.86,60.4,0.43,0.75
2025-08-09T18:17:42Z,0.7,57.5,0.38,0.59
2025-08-09T18:18:42Z,1.53,86.97,0.08,1.53
2025-08-09T18:19:42Z,0.88,56.32,0.49,0.73
2025-08-09T18:20:42Z,1.45,37.38,1.15,0.88
2025-08-09T18:21:42Z,0.7,46.85,0.48,0.51
2025-08-09T18:22:42Z,0.89,61.82,0.42,0.78
2025-08-09T18:23:42Z,1.78,54.73,1.03,1.45
2025-08-09T18:24:42Z,1.36,79.6,0.25,1.34
2025-08-09T18:25:42Z,1.73,73.92,0.48,1.66
2025-08-09T18:26:42Z,1.49,88.04,0.05,1.49
2025-08-09T18:27:42Z,1.77,85.65,0.13,1.77
2025-08-09T18:28:42Z,2.09,84.7,0.19,2.08
2025-08-09T18:29:42Z,1.17,88.97,0.02,1.17
2025-08-09T18:30:42Z,1.04,54.33,0.61,0.85
2025-08-09T18:31:42Z,0.86,65.39,0.36,0.78
2025-08-09T18:32:42Z,0.81,86.52,0.05,0.81
2025-08-09T18:33:42Z,1.11,55.57,0.63,0.92
2025-08-09T18:34:42Z,1.29,78.84,0.25,1.27
2025-08-09T18:35:42Z,1.46,75.32,0.37,1.41
2025-08-09T18:36:42Z,1.73,61.81,0.82,1.53
2025-08-09T18:37:42Z,1.29,47.14,0.88,0.95
2025-08-09T18:38:42Z,1.43,37.73,1.13,0.88
2025-08-09T18:39:42Z,1.08,33.78,0.9,0.6
2025-08-09T18:40:42Z,0.96,35.23,0.78,0.55
2025-08-09T18:41:42Z,1.79,38.92,1.39,1.12
2025-08-09T18:42:42Z,1.41,29.47,1.23,0.69
2025-08-09T18:43:42Z,0.65,48.83,0.43,0.49
2025-08-09T18:44:42Z,0.7,31.8,0.59,0.37
2025-08-09T18:45:42Z,0.87,32.04,0.74,0.46
2025-08-09T18:46:42Z,1.02,25.69,0.92,0.44
2025-08-09T18:47:42Z,1.25,15.07,1.21,0.33
2025-08-09T18:48:42Z,0.84,29.1,0.74,0.41
2025-08-09T18:49:42Z,0.65,45.86,0.45,0.47
2025-08-09T18:50:42Z,0.71,48.68,0.47,0.54
2025-08-09T18:51:42Z,0.87,18.39,0.82,0.27
2025-08-09T18:52:42Z,0.81,47.41,0.55,0.6
2025-08-09T18:53:42Z,0.94,19.34,0.89,0.31
2025-08-09T18:54:42Z,1.18,42.81,0.87,0.8
2025-08-09T18:55:42Z,1.06,25.41,0.96,0.46
2025-08-09T18:56:42Z,1.1,53.66,0.65,0.88
2025-08-09T18:57:42Z,1.29,43.38,0.94,0.89
2025-08-09T18:58:42Z,1.28,67.87,0.48,1.18
2025-08-09T18:59:42Z,1.36,62.22,0.63,1.2
2025-08-09T19:00:42Z,0.98,74.85,0.26,0.94
2025-08-09T19:01:42Z,1.03,59.69,0.52,0.89
2025-08-09T19:02:42Z,1.44,73.2,0.42,1.38
2025-08-09T19:03:42Z,1.34,59.36,0.68,1.15
2025-08-09T19:04:42Z,0.96,49.33,0.63,0.73
2025-08-09T19:05:42Z,0.8,53.19,0.48,0.64
2025-08-09T19:06:42Z,0.96,34.27,0.8,0.54
2025-08-09T19:07:42Z,0.71,21.36,0.66,0.26
2025-08-09T19:08:42Z,0.6,44.42,0.43,0.42
2025-08-09T19:09:42Z,0.99,42.7,0.73,0.67
2025-08-09T19:10:42Z,0.88,37.89,0.69,0.54
2025-08-09T19:11:42Z,0.97,29.31,0.84,0.47
2025-08-09T19:12:42Z,0.85,52.94,0.51,0.68
2025-08-09T19:13:42Z,1.04,54.73,0.6,0.85
2025-08-09T19:14:42Z,1.11,75.5,0.28,1.07
2025-08-09T19:15:42Z,1.22,33.37,1.02,0.67
2025-08-09T19:16:42Z,1.15,28.61,1.01,0.55
2025-08-09T19:17:42Z,0.71,29.46,0.62,0.35
2025-08-09T19:18:42Z,0.82,37.98,0.65,0.51
2025-08-09T19:19:42Z,0.81,58.28,0.43,0.69
2025-08-09T19:20:42Z,1.47,50.11,0.94,1.13
2025-08-09T19:21:42Z,1.01,53.45,0.6,0.81
2025-08-09T19:22:42Z,1.18,81.18,0.18,1.16
2025-08-09T19:23:42Z,1.47,50.7,0.93,1.14
2025-08-09T19:24:42Z,1.03,70.45,0.35,0.97
2025-08-09T19:25:42Z,1.09,91.29,-0.02,1.09
2025-08-09T19:26:42Z,1.26,57.32,0.68,1.06
2025-08-09T19:27:42Z,1.32,72.46,0.4,1.26
2025-08-09T19:28:42Z,1.69,72.3,0.51,1.61
2025-08-09T19:29:42Z,1.36,73.7,0.38,1.31
2025-08-09T19:30:42Z,1.2,74.05,0.33,1.15
2025-08-09T19:31:42Z,1.06,68,0.4,0.99
2025-08-09T19:32:42Z,0.98,60.6,0.48,0.86
2025-08-09T19:33:42Z,1.15,85.33,0.09,1.14
2025-08-09T19:34:42Z,0.83,52.58,0.5,0.66
2025-08-09T19:35:42Z,0.9,60.47,0.44,0.78
2025-08-09T19:36:42Z,0.7,75.56,0.17,0.67
2025-08-09T19:37:42Z,0.96,63.52,0.43,0.86
2025-08-09T19:38:42Z,1.02,73.14,0.3,0.98
2025-08-09T19:39:42Z,0.74,71.68,0.23,0.7
2025-08-09T19:40:42Z,1.19,67.6,0.45,1.1
2025-08-09T19:41:42Z,0.83,56.23,0.46,0.69
2025-08-09T19:42:42Z,0.75,69.38,0.26,0.7
2025-08-09T19:43:42Z,0.9,38.58,0.7,0.56
2025-08-09T19:44:42Z,0.95,69.15,0.34,0.89
2025-08-09T19:45:42Z,1.09,44.28,0.78,0.76
2025-08-09T19:46:42Z,1.15,33.5,0.96,0.63
2025-08-09T19:47:42Z,0.89,30.18,0.77,0.45
2025-08-09T19:48:42Z,1.75,8.64,1.73,0.26
2025-08-09T19:49:42Z,0.68,44.3,0.49,0.48
2025-08-09T19:50:42Z,1.21,41.02,0.91,0.79
2025-08-09T19:51:42Z,1.61,51.27,1.01,1.26
2025-08-09T19:52:42Z,1.05,62.93,0.48,0.94
2025-08-09T19:53:42Z,1.32,62.95,0.6,1.17
2025-08-09T19:54:42Z,0.95,32.73,0.8,0.51
2025-08-09T19:55:42Z,0.93,47.86,0.63,0.69
2025-08-09T19:56:42Z,0.83,73.12,0.24,0.79
2025-08-09T19:57:42Z,1.21,60.78,0.59,1.06
2025-08-09T19:58:42Z,1.23,62.31,0.57,1.09
2025-08-09T19:59:42Z,1.27,58.09,0.67,1.08
2025-08-09T20:00:42Z,1.11,65.5,0.46,1.01
2025-08-09T20:01:42Z,2.01,71.87,0.62,1.91
2025-08-09T20:02:42Z,1.63,76.46,0.38,1.59
2025-08-09T20:03:42Z,3.05,79.99,0.53,3
2025-08-09T20:04:42Z,1.47,76.83,0.33,1.43
2025-08-09T20:05:42Z,1.4,62.83,0.64,1.24
2025-08-09T20:06:42Z,1.22,58.73,0.63,1.04
2025-08-09T20:07:42Z,1.57,53.41,0.94,1.26
2025-08-09T20:08:42Z,1.15,39.29,0.89,0.73
2025-08-09T20:09:42Z,0.91,76.09,0.22,0.88
2025-08-09T20:10:42Z,0.67,87.6,0.03,0.66
2025-08-09T20:11:42Z,1.18,52.5,0.72,0.94
2025-08-09T20:12:42Z,1.16,28.22,1.02,0.55
2025-08-09T20:13:42Z,1.22,19.23,1.15,0.4
2025-08-09T20:14:42Z,1.33,30.39,1.14,0.67
2025-08-09T20:15:42Z,1.19,18.19,1.13,0.37
2025-08-09T20:16:42Z,1.14,44.1,0.82,0.8
2025-08-09T20:17:42Z,0.88,59.68,0.45,0.76
2025-08-09T20:18:42Z,0.75,93.1,-0.04,0.75
2025-08-09T20:19:42Z,1.12,73.19,0.33,1.08
2025-08-09T20:20:42Z,1.36,67.54,0.52,1.26
2025-08-09T20:21:42Z,1.39,74.48,0.37,1.34
2025-08-09T20:22:42Z,1.3,55.99,0.73,1.08
2025-08-09T20:23:42Z,1.02,60.06,0.51,0.88
2025-08-09T20:24:42Z,1.31,57.44,0.7,1.1
2025-08-09T20:25:42Z,1.75,41.33,1.31,1.16
2025-08-09T20:26:42Z,1.97,44.12,1.41,1.37
2025-08-09T20:27:42Z,1.88,58.43,0.98,1.6
2025-08-09T20:28:42Z,1.63,39.95,1.25,1.05
2025-08-09T20:29:42Z,1.73,59.6,0.87,1.49
2025-08-09T20:30:42Z,1.33,71.51,0.42,1.26
2025-08-09T20:31:42Z,0.87,64.83,0.37,0.79
2025-08-09T20:32:42Z,0.86,67.41,0.33,0.8
2025-08-09T20:33:42Z,0.81,71.5,0.26,0.77
2025-08-09T20:34:42Z,1.42,79.26,0.27,1.4
2025-08-09T20:35:42Z,1.24,76.06,0.3,1.21
2025-08-09T20:36:42Z,1.25,63.18,0.56,1.12
2025-08-09T20:37:42Z,0.95,53.93,0.56,0.77
2025-08-09T20:38:42Z,1.17,62.28,0.55,1.04
2025-08-09T20:39:42Z,1.26,47.18,0.85,0.92
2025-08-09T20:40:42Z,1.42,65.2,0.59,1.29
2025-08-09T20:41:42Z,1.24,68.65,0.45,1.15
2025-08-09T20:42:42Z,1.35,72.42,0.41,1.29
2025-08-09T20:43:42Z,1.71,65.7,0.7,1.55
2025-08-09T20:44:42Z,1.65,62.26,0.77,1.46
2025-08-09T20:45:42Z,1.82,77.55,0.39,1.77
2025-08-09T20:46:42Z,1.22,61.53,0.58,1.08
2025-08-09T20:47:42Z,1,32.05,0.85,0.53
2025-08-09T20:48:42Z,1.13,72.42,0.34,1.08
2025-08-09T20:49:42Z,1.1,69.77,0.38,1.03
2025-08-09T20:50:42Z,1.05,55.13,0.6,0.87
2025-08-09T20:51:42Z,1.6,44.73,1.13,1.12
2025-08-09T20:52:42Z,1.1,61.09,0.53,0.96
2025-08-09T20:53:42Z,1.11,95.88,-0.11,1.1
2025-08-09T20:54:42Z,1.27,90.15,-0,1.27
2025-08-09T20:55:42Z,0.97,93,-0.05,0.97
2025-08-09T20:56:42Z,1,74.46,0.27,0.96
2025-08-09T20:57:42Z,0.8,47.73,0.54,0.59
2025-08-09T20:58:42Z,0.94,36.56,0.76,0.56
2025-08-09T20:59:42Z,0.81,78.58,0.16,0.79
2025-08-09T21:00:42Z,1.03,69.28,0.37,0.97
2025-08-09T21:01:42Z,1.1,73.96,0.3,1.05
2025-08-09T21:02:42Z,1.39,61.75,0.66,1.22
2025-08-09T21:03:42Z,0.6,56.8,0.33,0.5
2025-08-09T21:04:42Z,0.72,82.75,0.09,0.71
2025-08-09T21:05:42Z,1.15,40.2,0.88,0.74
2025-08-09T21:06:42Z,1,29.67,0.87,0.5
2025-08-09T21:07:42Z,1.16,64.96,0.49,1.05
2025-08-09T21:08:42Z,0.82,41.75,0.61,0.55
2025-08-09T21:09:42Z,0.8,16.96,0.76,0.23
2025-08-09T21:10:42Z,0.89,56.58,0.49,0.75
2025-08-09T21:11:42Z,1.24,29.04,1.09,0.6
2025-08-09T21:12:42Z,1.03,27.91,0.91,0.48
2025-08-09T21:13:42Z,1.11,49.6,0.72,0.85
2025-08-09T21:14:42Z,0.96,66.41,0.38,0.88
2025-08-09T21:15:42Z,0.53,355.84,0.53,-0.04
2025-08-09T21:16:42Z,0.91,46.07,0.63,0.66
2025-08-09T21:17:42Z,0.76,48.05,0.51,0.57
2025-08-09T21:18:42Z,0.68,70.4,0.23,0.64
2025-08-09T21:19:42Z,0.67,59.16,0.34,0.57
2025-08-09T21:20:42Z,0.32,1.55,0.32,0.01
2025-08-09T21:21:42Z,0.51,43.88,0.36,0.35
2025-08-09T21:22:42Z,0.69,51.64,0.43,0.54
2025-08-09T21:23:42Z,0.84,68.65,0.31,0.79
2025-08-09T21:24:42Z,0.42,33.42,0.35,0.23
2025-08-09T21:25:42Z,0.6,60.52,0.29,0.52
2025-08-09T21:26:42Z,0.65,36.01,0.53,0.38
2025-08-09T21:27:42Z,0.65,47.7,0.44,0.48
2025-08-09T21:28:42Z,0.74,38.6,0.58,0.46
2025-08-09T21:29:42Z,0.57,24.16,0.52,0.23
2025-08-09T21:30:42Z,0.49,81.43,0.07,0.49
2025-08-09T21:31:42Z,0.76,34.61,0.63,0.43
2025-08-09T21:32:42Z,0.63,33.32,0.53,0.35
2025-08-09T21:33:42Z,1.09,29.19,0.95,0.53
2025-08-09T21:34:42Z,0.45,33.61,0.37,0.25
2025-08-09T21:35:42Z,0.55,75.13,0.14,0.53
2025-08-09T21:36:42Z,0.38,27.77,0.34,0.18
2025-08-09T21:37:42Z,0.68,43.71,0.49,0.47
2025-08-09T21:38:42Z,0.76,31.4,0.65,0.4
2025-08-09T21:39:42Z,0.6,34.34,0.49,0.34
2025-08-09T21:40:42Z,0.85,29.99,0.74,0.43
2025-08-09T21:41:42Z,0.8,22.2,0.74,0.3
2025-08-09T21:42:42Z,0.56,56.4,0.31,0.47
2025-08-09T21:43:42Z,0.4,31.95,0.34,0.21
2025-08-09T21:44:42Z,1.04,47.83,0.7,0.77
2025-08-09T21:45:42Z,0.61,35.41,0.49,0.35
2025-08-09T21:46:42Z,0.82,42.31,0.61,0.55
2025-08-09T21:47:42Z,0.68,45.91,0.47,0.49
2025-08-09T21:48:42Z,0.58,30.61,0.5,0.29
2025-08-09T21:49:42Z,0.74,56.97,0.4,0.62
2025-08-09T21:50:42Z,0.6,35.39,0.49,0.34
2025-08-09T21:51:42Z,0.28,37.28,0.22,0.17
2025-08-09T21:52:42Z,0.76,56.48,0.42,0.63
2025-08-09T21:53:42Z,0.63,32.66,0.53,0.34
2025-08-09T21:54:42Z,0.72,37.11,0.57,0.43
2025-08-09T21:55:42Z,0.86,48.67,0.57,0.65
2025-08-09T21:56:42Z,1.2,67.09,0.47,1.11
2025-08-09T21:57:42Z,0.85,80.84,0.14,0.84
2025-08-09T21:58:42Z,1.09,61.36,0.52,0.96
2025-08-09T21:59:42Z,1.18,48.2,0.79,0.88
2025-08-09T22:00:42Z,0.99,80.5,0.16,0.97
2025-08-09T22:01:42Z,0.78,63.36,0.35,0.7
2025-08-09T22:02:42Z,1.11,61.38,0.53,0.97
2025-08-09T22:03:42Z,0.63,70.34,0.21,0.59
2025-08-09T22:04:42Z,0.81,23.51,0.74,0.32
2025-08-09T22:05:42Z,0.67,58.73,0.35,0.57
2025-08-09T22:06:42Z,1.01,70.87,0.33,0.95
2025-08-09T22:07:42Z,0.99,60.67,0.48,0.86
2025-08-09T22:08:42Z,0.65,38.67,0.51,0.41
2025-08-09T22:09:42Z,1.2,39.96,0.92,0.77
2025-08-09T22:10:42Z,0.8,54.84,0.46,0.65
2025-08-09T22:11:42Z,0.89,49.12,0.58,0.67
2025-08-09T22:12:42Z,0.76,56.23,0.42,0.63
2025-08-09T22:13:42Z,0.82,66.59,0.33,0.76
2025-08-09T22:14:42Z,0.55,74.86,0.14,0.53
2025-08-09T22:15:42Z,0.4,57.42,0.22,0.34
2025-08-09T22:16:42Z,0.57,104.24,-0.14,0.55
2025-08-09T22:17:42Z,0.55,7.49,0.55,0.07
2025-08-09T22:18:42Z,1.1,33.91,0.91,0.61
2025-08-09T22:19:42Z,0.67,8.6,0.66,0.1
2025-08-09T22:20:42Z,0.75,18.44,0.71,0.24
2025-08-09T22:21:42Z,0.84,40.63,0.64,0.55
2025-08-09T22:22:42Z,0.63,41.93,0.47,0.42
2025-08-09T22:23:42Z,0.82,38.19,0.64,0.51
2025-08-09T22:24:42Z,0.77,1.89,0.77,0.03
2025-08-09T22:25:42Z,0.68,24.62,0.62,0.28
2025-08-09T22:26:42Z,0.63,26.13,0.56,0.28
2025-08-09T22:27:42Z,0.48,21.96,0.44,0.18
2025-08-09T22:28:42Z,0.84,39.33,0.65,0.53
2025-08-09T22:29:42Z,0.85,43.02,0.62,0.58
2025-08-09T22:30:42Z,0.76,47.1,0.52,0.55
2025-08-09T22:31:42Z,1.2,57.68,0.64,1.02
2025-08-09T22:32:42Z,0.67,60.73,0.33,0.58
2025-08-09T22:33:42Z,0.95,76.21,0.23,0.92
2025-08-09T22:34:42Z,1.07,41.06,0.81,0.7
2025-08-09T22:35:42Z,0.89,48.27,0.59,0.66
2025-08-09T22:36:42Z,0.88,70.3,0.3,0.83
2025-08-09T22:37:42Z,0.81,64.32,0.35,0.73
2025-08-09T22:38:42Z,0.62,41.9,0.46,0.42
2025-08-09T22:39:42Z,0.75,38.7,0.58,0.47
2025-08-09T22:40:42Z,0.52,63.12,0.23,0.46
2025-08-09T22:41:42Z,0.92,39,0.71,0.58
2025-08-09T22:42:42Z,0.69,35.3,0.56,0.4
2025-08-09T22:43:42Z,0.71,66.65,0.28,0.65
2025-08-09T22:44:42Z,0.53,58.8,0.27,0.45
2025-08-09T22:45:42Z,0.73,12.45,0.72,0.16
2025-08-09T22:46:42Z,0.88,54.48,0.51,0.71
2025-08-09T22:47:42Z,1.06,42.22,0.79,0.72
2025-08-09T22:48:42Z,0.81,48.31,0.54,0.6
2025-08-09T22:49:42Z,1.14,28.72,1,0.55
2025-08-09T22:50:42Z,1.11,16.37,1.07,0.31
2025-08-09T22:51:42Z,0.62,40.68,0.47,0.41
2025-08-09T22:52:42Z,0.62,38.37,0.49,0.39
2025-08-09T22:53:42Z,0.8,47.29,0.54,0.59
2025-08-09T22:54:42Z,0.67,18.59,0.63,0.21
2025-08-09T22:55:42Z,0.43,46.83,0.29,0.31
2025-08-09T22:56:42Z,0.72,33.07,0.6,0.39
2025-08-09T22:57:42Z,0.72,28.33,0.63,0.34
2025-08-09T22:58:42Z,0.63,336.44,0.57,-0.25
2025-08-09T22:59:42Z,0.56,341.84,0.53,-0.18
2025-08-09T23:00:42Z,0.64,331.13,0.56,-0.31
2025-08-09T23:01:42Z,0.3,345.77,0.29,-0.07
2025-08-09T23:02:42Z,0.54,355.84,0.54,-0.04
2025-08-09T23:03:42Z,0.79,351.68,0.78,-0.11
2025-08-09T23:04:42Z,0.14,1.53,0.14,0
2025-08-09T23:05:42Z,0.74,16.34,0.71,0.21
2025-08-09T23:06:42Z,0.62,11.95,0.61,0.13
2025-08-09T23:07:42Z,0.87,357.18,0.87,-0.04
2025-08-09T23:08:42Z,0.43,15.53,0.42,0.12
2025-08-09T23:09:42Z,0.46,43.33,0.34,0.32
2025-08-09T23:10:42Z,0.48,24.5,0.44,0.2
2025-08-09T23:11:42Z,0.81,337.96,0.75,-0.3
2025-08-09T23:12:42Z,0.5,350.86,0.49,-0.08
2025-08-09T23:13:42Z,0.61,54.23,0.36,0.49
2025-08-09T23:14:42Z,0.71,41.58,0.53,0.47
2025-08-09T23:15:42Z,0.79,38.51,0.62,0.49
2025-08-09T23:16:42Z,0.74,62.78,0.34,0.66
2025-08-09T23:17:42Z,1.32,108.37,-0.42,1.25
2025-08-09T23:18:42Z,1.47,81.42,0.22,1.45
2025-08-09T23:19:42Z,0.94,47.67,0.63,0.7
2025-08-09T23:20:42Z,0.68,29.71,0.59,0.34
2025-08-09T23:21:42Z,0.72,39.93,0.55,0.46
2025-08-09T23:22:42Z,0.8,53.32,0.48,0.64
2025-08-09T23:23:42Z,0.76,44.86,0.54,0.54
2025-08-09T23:24:42Z,0.82,37.97,0.65,0.51
2025-08-09T23:25:42Z,0.55,23.28,0.5,0.22
2025-08-09T23:26:42Z,1.08,36.04,0.87,0.64
2025-08-09T23:27:42Z,0.78,100.73,-0.15,0.77
2025-08-09T23:28:42Z,0.83,61.05,0.4,0.72
2025-08-09T23:29:42Z,0.75,72.78,0.22,0.71
2025-08-09T23:30:42Z,0.84,49.11,0.55,0.64
2025-08-09T23:31:42Z,0.85,17.78,0.8,0.26
2025-08-09T23:32:42Z,0.65,60.97,0.31,0.56
2025-08-09T23:33:42Z,0.94,30.83,0.81,0.48
2025-08-09T23:34:42Z,0.29,343.31,0.28,-0.08
2025-08-09T23:35:42Z,0.46,342.45,0.44,-0.14
2025-08-09T23:36:42Z,0.58,41.38,0.44,0.38
2025-08-09T23:37:42Z,0.38,40.68,0.29,0.25
2025-08-09T23:38:42Z,0.78,290.53,0.27,-0.73
2025-08-09T23:39:42Z,0.28,29.11,0.24,0.13
2025-08-09T23:40:42Z,0.75,9.26,0.74,0.12
2025-08-09T23:41:42Z,1.11,88.77,0.02,1.11
2025-08-09T23:42:42Z,0.5,33.08,0.42,0.27
2025-08-09T23:43:42Z,0.78,42.36,0.57,0.52
2025-08-09T23:44:42Z,0.59,36.43,0.47,0.35
2025-08-09T23:45:42Z,0.65,55.29,0.37,0.53
2025-08-09T23:46:42Z,0.71,13.08,0.69,0.16
2025-08-09T23:47:42Z,1.19,69.23,0.42,1.11
2025-08-09T23:48:42Z,1.22,40.51,0.93,0.79
2025-08-09T23:49:42Z,1.17,25.4,1.05,0.5
2025-08-09T23:50:42Z,0.68,36.2,0.55,0.4
2025-08-09T23:51:42Z,1.22,29.2,1.07,0.6
2025-08-09T23:52:42Z,0.75,87.53,0.03,0.75
2025-08-09T23:53:42Z,1.58,62.61,0.73,1.4
2025-08-09T23:54:42Z,0.66,56.66,0.36,0.55
2025-08-09T23:55:42Z,0.71,32.24,0.6,0.38
2025-08-09T23:56:42Z,0.26,24.1,0.24,0.11
2025-08-09T23:57:42Z,0.46,49.86,0.3,0.35
2025-08-09T23:58:42Z,0.84,50.61,0.53,0.65
2025-08-09T23:59:42Z,0.72,63.51,0.32,0.65
2025-08-10T00:00:42Z,0.79,51.34,0.5,0.62
2025-08-10T00:01:42Z,1.24,44.18,0.89,0.86
2025-08-10T00:02:42Z,0.84,25.09,0.76,0.36
2025-08-10T00:03:42Z,0.99,23.23,0.91,0.39
2025-08-10T00:04:42Z,0.66,49.12,0.43,0.5
2025-08-10T00:05:42Z,1.16,15.27,1.12,0.31
2025-08-10T00:06:42Z,0.99,49.21,0.65,0.75
2025-08-10T00:07:42Z,0.98,58.45,0.51,0.83
2025-08-10T00:08:42Z,0.67,43.46,0.49,0.46
2025-08-10T00:09:42Z,1.12,23.63,1.03,0.45
2025-08-10T00:10:42Z,1.16,36.8,0.93,0.69
2025-08-10T00:11:42Z,0.59,53.09,0.35,0.47
2025-08-10T00:12:42Z,1.2,47.39,0.81,0.88
2025-08-10T00:13:42Z,0.64,46.97,0.44,0.47
2025-08-10T00:14:42Z,0.99,33.7,0.83,0.55
2025-08-10T00:15:42Z,0.79,10.56,0.78,0.15
2025-08-10T00:16:42Z,0.58,16.65,0.55,0.16
2025-08-10T00:17:42Z,0.85,3.28,0.85,0.05
2025-08-10T00:18:42Z,0.8,10.94,0.79,0.15
2025-08-10T00:19:42Z,0.77,11,0.76,0.15
2025-08-10T00:20:42Z,0.79,70.16,0.27,0.74
2025-08-10T00:21:42Z,0.85,10.49,0.84,0.16
2025-08-10T00:22:42Z,1.13,17.33,1.08,0.34
2025-08-10T00:23:42Z,0.86,44.29,0.61,0.6
2025-08-10T00:24:42Z,0.93,20.9,0.87,0.33
2025-08-10T00:25:42Z,0.9,22.03,0.84,0.34
2025-08-10T00:26:42Z,1.07,346.42,1.04,-0.25
2025-08-10T00:27:42Z,0.95,331.49,0.84,-0.45
2025-08-10T00:28:42Z,1.32,320.11,1.01,-0.85
2025-08-10T00:29:42Z,0.72,317.83,0.54,-0.49
2025-08-10T00:30:42Z,0.93,354.8,0.92,-0.08
2025-08-10T00:31:42Z,1.06,12.74,1.03,0.23
2025-08-10T00:32:42Z,0.61,16.55,0.58,0.17
2025-08-10T00:33:42Z,0.88,33.3,0.73,0.48
2025-08-10T00:34:42Z,0.83,39.43,0.64,0.53
2025-08-10T00:35:42Z,0.82,30.18,0.71,0.41
2025-08-10T00:36:42Z,1.25,354.49,1.24,-0.12
2025-08-10T00:37:42Z,1.25,35.9,1.01,0.73
2025-08-10T00:38:42Z,0.61,357.2,0.61,-0.03
2025-08-10T00:39:42Z,0.68,17.47,0.65,0.2
2025-08-10T00:40:42Z,0.76,14.12,0.74,0.19
2025-08-10T00:41:42Z,0.82,52.3,0.5,0.65
2025-08-10T00:42:42Z,0.32,333.66,0.28,-0.14
2025-08-10T00:43:42Z,0.66,39.15,0.51,0.42
2025-08-10T00:44:42Z,1.06,48.8,0.7,0.8
2025-08-10T00:45:42Z,0.6,26.33,0.54,0.27
2025-08-10T00:46:42Z,0.73,42.14,0.54,0.49
2025-08-10T00:47:42Z,0.87,77.82,0.18,0.85
2025-08-10T00:48:42Z,0.9,45.68,0.63,0.65
2025-08-10T00:49:42Z,0.78,5.46,0.77,0.07
2025-08-10T00:50:42Z,0.75,30.38,0.65,0.38
2025-08-10T00:51:42Z,0.76,50.44,0.48,0.58
2025-08-10T00:52:42Z,0.88,359.65,0.88,-0.01
2025-08-10T00:53:42Z,0.59,62.05,0.28,0.52
2025-08-10T00:54:42Z,0.85,67.6,0.33,0.79
2025-08-10T00:55:42Z,0.74,86.19,0.05,0.74
2025-08-10T00:56:42Z,0.83,73.66,0.23,0.79
2025-08-10T00:57:42Z,0.91,53.08,0.55,0.73
2025-08-10T00:58:42Z,1.01,57.52,0.54,0.85
2025-08-10T00:59:42Z,0.99,24.07,0.9,0.4
2025-08-10T01:00:42Z,1.05,50.82,0.66,0.81
2025-08-10T01:01:42Z,0.87,35.05,0.71,0.5
2025-08-10T01:02:42Z,1.04,9.18,1.03,0.17
2025-08-10T01:03:42Z,0.75,17.25,0.72,0.22
2025-08-10T01:04:42Z,1.01,35.88,0.82,0.59
2025-08-10T01:05:42Z,0.86,16.42,0.82,0.24
2025-08-10T01:06:42Z,1.08,61.94,0.51,0.95
2025-08-10T01:07:42Z,0.75,47.46,0.51,0.55
2025-08-10T01:08:42Z,0.73,43.22,0.53,0.5
2025-08-10T01:09:42Z,1.1,21.01,1.02,0.39
2025-08-10T01:10:42Z,0.66,44.51,0.47,0.46
2025-08-10T01:11:42Z,1.07,24.16,0.98,0.44
2025-08-10T01:12:42Z,0.82,41.92,0.61,0.55
2025-08-10T01:13:42Z,1.07,87.53,0.05,1.07
2025-08-10T01:14:42Z,0.76,48.7,0.5,0.57
2025-08-10T01:15:42Z,1.36,34.06,1.12,0.76
2025-08-10T01:16:42Z,1.03,21.21,0.96,0.37
2025-08-10T01:17:42Z,0.87,66.89,0.34,0.8
2025-08-10T01:18:42Z,1.09,64.95,0.46,0.99
2025-08-10T01:19:42Z,1.07,41.76,0.8,0.71
2025-08-10T01:20:42Z,0.91,39.46,0.7,0.58
2025-08-10T01:21:42Z,0.63,51.22,0.39,0.49
2025-08-10T01:22:42Z,0.76,59.63,0.38,0.65
2025-08-10T01:23:42Z,0.88,14.36,0.85,0.22
2025-08-10T01:24:42Z,0.9,54.68,0.52,0.74
2025-08-10T01:25:42Z,0.59,48.87,0.39,0.44
2025-08-10T01:26:42Z,0.68,39.51,0.53,0.43
2025-08-10T01:27:42Z,1.04,51.2,0.65,0.81
2025-08-10T01:28:42Z,1.01,104.69,-0.25,0.97
2025-08-10T01:29:42Z,1.03,46.93,0.7,0.75
2025-08-10T01:30:42Z,0.94,88.56,0.02,0.94
2025-08-10T01:31:42Z,1.02,96.07,-0.11,1.02
2025-08-10T01:32:42Z,1.3,41.17,0.98,0.85
2025-08-10T01:33:42Z,0.86,56.04,0.48,0.71
2025-08-10T01:34:42Z,1.01,59.32,0.52,0.87
2025-08-10T01:35:42Z,0.85,36.7,0.68,0.51
2025-08-10T01:36:42Z,0.8,23.5,0.73,0.32
2025-08-10T01:37:42Z,0.83,13,0.81,0.19
2025-08-10T01:38:42Z,0.64,33.05,0.53,0.35
2025-08-10T01:39:42Z,0.67,57.57,0.36,0.56
2025-08-10T01:40:42Z,0.83,46.43,0.57,0.6
2025-08-10T01:41:42Z,0.65,68.13,0.24,0.6
2025-08-10T01:42:42Z,1.04,35.06,0.85,0.6
2025-08-10T01:43:42Z,1.01,80.88,0.16,1
2025-08-10T01:44:42Z,0.95,61.11,0.46,0.83
2025-08-10T01:45:42Z,0.83,42.12,0.62,0.56
2025-08-10T01:46:42Z,0.91,45.69,0.64,0.65
2025-08-10T01:47:42Z,0.86,22.41,0.79,0.33
2025-08-10T01:48:42Z,1.04,47.82,0.7,0.77
2025-08-10T01:49:42Z,1.12,19.83,1.06,0.38
2025-08-10T01:50:42Z,1.03,60.83,0.5,0.9
2025-08-10T01:51:42Z,1.63,66.8,0.64,1.5
2025-08-10T01:52:42Z,1.47,43.95,1.06,1.02
2025-08-10T01:53:42Z,0.95,64.47,0.41,0.86
2025-08-10T01:54:42Z,0.82,58.12,0.43,0.7
2025-08-10T01:55:42Z,0.69,25.19,0.63,0.29
2025-08-10T01:56:42Z,0.81,46.51,0.56,0.59
2025-08-10T01:57:42Z,1,65.86,0.41,0.92
2025-08-10T01:58:42Z,0.53,24.51,0.48,0.22
2025-08-10T01:59:42Z,0.94,51.59,0.58,0.74
2025-08-10T02:00:42Z,1.06,51.2,0.66,0.82
2025-08-10T02:01:42Z,0.62,45.04,0.44,0.44
2025-08-10T02:02:42Z,0.89,59.64,0.45,0.77
2025-08-10T02:03:42Z,0.73,81.52,0.11,0.72
2025-08-10T02:04:42Z,0.59,45.75,0.41,0.42
2025-08-10T02:05:42Z,0.92,72.19,0.28,0.88
2025-08-10T02:06:42Z,1.27,80.34,0.21,1.25
2025-08-10T02:07:42Z,1.06,71.79,0.33,1
2025-08-10T02:08:42Z,1.16,63.91,0.51,1.04
2025-08-10T02:09:42Z,0.79,34.98,0.64,0.45
2025-08-10T02:10:42Z,1.09,62.24,0.51,0.96
2025-08-10T02:11:42Z,0.95,60.45,0.47,0.83
2025-08-10T02:12:42Z,1.03,43.32,0.75,0.7
2025-08-10T02:13:42Z,0.91,39.79,0.7,0.58
2025-08-10T02:14:42Z,0.8,47.91,0.53,0.59
2025-08-10T02:15:42Z,1.11,52.17,0.68,0.88
2025-08-10T02:16:42Z,1.28,55.11,0.73,1.05
2025-08-10T02:17:42Z,0.99,48.03,0.66,0.73
2025-08-10T02:18:42Z,0.9,44.66,0.64,0.63
2025-08-10T02:19:42Z,0.82,56.36,0.45,0.68
2025-08-10T02:20:42Z,0.86,28.5,0.76,0.41
2025-08-10T02:21:42Z,0.94,13.65,0.91,0.22
2025-08-10T02:22:42Z,0.79,10.91,0.77,0.15
2025-08-10T02:23:42Z,0.76,37.06,0.61,0.46
2025-08-10T02:24:42Z,0.21,35.39,0.17,0.12
2025-08-10T02:25:42Z,0.6,41.02,0.46,0.4
2025-08-10T02:26:42Z,1.03,84.8,0.09,1.03
2025-08-10T02:27:42Z,0.73,82.23,0.1,0.73
2025-08-10T02:28:42Z,0.7,34.17,0.58,0.39
2025-08-10T02:29:42Z,0.72,25.4,0.65,0.31
2025-08-10T02:30:42Z,0.59,20.44,0.55,0.21
2025-08-10T02:31:42Z,0.6,62.3,0.28,0.53
2025-08-10T02:32:42Z,0.94,51.74,0.58,0.74
2025-08-10T02:33:42Z,0.89,30.53,0.77,0.45
2025-08-10T02:34:42Z,1.01,47.38,0.68,0.74
2025-08-10T02:35:42Z,0.86,30.72,0.74,0.44
2025-08-10T02:36:42Z,0.95,38.63,0.74,0.6
2025-08-10T02:37:42Z,1.12,29.41,0.98,0.55
2025-08-10T02:38:42Z,0.49,36.38,0.39,0.29
2025-08-10T02:39:42Z,0.37,53.54,0.22,0.3
2025-08-10T02:40:42Z,0.64,11.94,0.62,0.13
2025-08-10T02:41:42Z,0.67,10.94,0.66,0.13
2025-08-10T02:42:42Z,0.55,40.87,0.42,0.36
2025-08-10T02:43:42Z,0.58,32.76,0.49,0.31
2025-08-10T02:44:42Z,0.6,39.26,0.47,0.38
2025-08-10T02:45:42Z,0.86,21.46,0.8,0.32
2025-08-10T02:46:42Z,1.16,20.23,1.08,0.4
2025-08-10T02:47:42Z,1.02,41.46,0.76,0.67
2025-08-10T02:48:42Z,0.88,41.59,0.66,0.59
2025-08-10T02:49:42Z,0.66,11.27,0.65,0.13
2025-08-10T02:50:42Z,0.6,19.51,0.56,0.2
2025-08-10T02:51:42Z,0.93,10.74,0.92,0.17
2025-08-10T02:52:42Z,0.44,42.78,0.32,0.3
2025-08-10T02:53:42Z,0.69,26.25,0.62,0.31
2025-08-10T02:54:42Z,0.63,74.75,0.17,0.61
2025-08-10T02:55:42Z,0.92,38.99,0.71,0.58
2025-08-10T02:56:42Z,0.85,36.7,0.68,0.51
2025-08-10T02:57:42Z,0.71,18.91,0.67,0.23
2025-08-10T02:58:42Z,0.56,20.62,0.52,0.2
2025-08-10T02:59:42Z,0.85,29.28,0.74,0.42
2025-08-10T03:00:42Z,0.82,16.74,0.78,0.24
2025-08-10T03:01:42Z,1.18,6.96,1.17,0.14
2025-08-10T03:02:42Z,0.6,4.55,0.6,0.05
2025-08-10T03:03:42Z,0.46,59.19,0.24,0.4
2025-08-10T03:04:42Z,0.7,312.7,0.47,-0.51
2025-08-10T03:05:42Z,0.48,7.86,0.47,0.06
2025-08-10T03:06:42Z,0.84,28.54,0.74,0.4
2025-08-10T03:07:42Z,0.46,317.01,0.34,-0.32
2025-08-10T03:08:42Z,0.69,358.66,0.69,-0.02
2025-08-10T03:09:42Z,0.59,332.5,0.52,-0.27
2025-08-10T03:10:42Z,1.17,26.49,1.05,0.52
2025-08-10T03:11:42Z,0.5,23.68,0.46,0.2
2025-08-10T03:12:42Z,0.23,35.1,0.19,0.13
2025-08-10T03:13:42Z,0.61,12.81,0.6,0.14
2025-08-10T03:14:42Z,0.96,327.89,0.82,-0.51
2025-08-10T03:15:42Z,1.28,292.47,0.49,-1.19
2025-08-10T03:16:42Z,1.13,337.39,1.04,-0.43
2025-08-10T03:17:42Z,0.82,348.3,0.8,-0.17
2025-08-10T03:18:42Z,0.93,341.98,0.88,-0.29
2025-08-10T03:19:42Z,0.61,33.42,0.51,0.33
2025-08-10T03:20:42Z,0.6,15.18,0.58,0.16
2025-08-10T03:21:42Z,0.9,15.09,0.87,0.23
2025-08-10T03:22:42Z,0.52,3.04,0.52,0.03
2025-08-10T03:23:42Z,0.6,32.8,0.51,0.33
2025-08-10T03:24:42Z,0.58,36.32,0.47,0.34
2025-08-10T03:25:42Z,0.82,40.86,0.62,0.54
2025-08-10T03:26:42Z,0.64,46.31,0.44,0.46
2025-08-10T03:27:42Z,0.89,11.48,0.87,0.18
2025-08-10T03:28:42Z,0.59,60.75,0.29,0.51
2025-08-10T03:29:42Z,0.94,39.34,0.73,0.6
2025-08-10T03:30:42Z,0.86,39.67,0.66,0.55
2025-08-10T03:31:42Z,0.8,42.91,0.58,0.54
2025-08-10T03:32:42Z,0.87,22.2,0.8,0.33
2025-08-10T03:33:42Z,0.93,30.29,0.8,0.47
2025-08-10T03:34:42Z,0.76,34.17,0.63,0.43
2025-08-10T03:35:42Z,0.67,45.11,0.47,0.47
2025-08-10T03:36:42Z,0.82,45.46,0.58,0.58
2025-08-10T03:37:42Z,0.86,27.9,0.76,0.4
2025-08-10T03:38:42Z,0.72,43.02,0.53,0.49
2025-08-10T03:39:42Z,0.62,16.01,0.59,0.17
2025-08-10T03:40:42Z,0.89,37.07,0.71,0.54
2025-08-10T03:41:42Z,1.22,13.44,1.18,0.28
2025-08-10T03:42:42Z,0.88,41.98,0.65,0.59
2025-08-10T03:43:42Z,0.91,25.17,0.82,0.39
2025-08-10T03:44:42Z,0.79,21.39,0.73,0.29
2025-08-10T03:45:42Z,0.63,37.76,0.5,0.38
2025-08-10T03:46:42Z,1.08,22.47,1,0.41
2025-08-10T03:47:42Z,0.7,32.42,0.59,0.38
2025-08-10T03:48:42Z,0.46,44.74,0.33,0.32
2025-08-10T03:49:42Z,0.66,14.31,0.64,0.16
2025-08-10T03:50:42Z,0.67,22.06,0.62,0.25
2025-08-10T03:51:42Z,0.55,342.81,0.53,-0.16
2025-08-10T03:52:42Z,0.36,29.62,0.31,0.18
2025-08-10T03:53:42Z,0.67,357.22,0.67,-0.03
2025-08-10T03:54:42Z,0.61,16.55,0.59,0.17
2025-08-10T03:55:42Z,0.58,9.49,0.57,0.1
2025-08-10T03:56:42Z,0.75,19.95,0.71,0.26
2025-08-10T03:57:42Z,0.48,42.88,0.35,0.32
2025-08-10T03:58:42Z,0.54,32,0.46,0.29
2025-08-10T03:59:42Z,1.17,28.56,1.03,0.56
2025-08-10T04:00:42Z,0.64,22.53,0.59,0.25
2025-08-10T04:01:42Z,0.35,344.28,0.33,-0.09
2025-08-10T04:02:42Z,0.8,337.29,0.74,-0.31
2025-08-10T04:03:42Z,0.38,22.55,0.35,0.15
2025-08-10T04:04:42Z,0.77,31.03,0.66,0.4
2025-08-10T04:05:42Z,0.74,25.33,0.67,0.31
2025-08-10T04:06:42Z,1.03,7.41,1.03,0.13
2025-08-10T04:07:42Z,0.58,20.69,0.55,0.21
2025-08-10T04:08:42Z,0.76,356.08,0.76,-0.05
2025-08-10T04:09:42Z,0.71,348.59,0.69,-0.14
2025-08-10T04:10:42Z,0.63,342.12,0.6,-0.19
2025-08-10T04:11:42Z,1.11,297.5,0.51,-0.98
2025-08-10T04:12:42Z,0.97,348.39,0.95,-0.2
2025-08-10T04:13:42Z,0.58,298.8,0.28,-0.51
2025-08-10T04:14:42Z,0.76,313.3,0.52,-0.55
2025-08-10T04:15:42Z,1.15,322.44,0.91,-0.7
2025-08-10T04:16:42Z,0.37,324.56,0.3,-0.21
2025-08-10T04:17:42Z,1.02,322.27,0.8,-0.62
2025-08-10T04:18:42Z,1.18,334.76,1.07,-0.5
2025-08-10T04:19:42Z,1.17,311.4,0.77,-0.88
2025-08-10T04:20:42Z,0.8,353.64,0.8,-0.09
2025-08-10T04:21:42Z,0.58,4.56,0.58,0.05
2025-08-10T04:22:42Z,0.91,8.46,0.9,0.13
2025-08-10T04:23:42Z,0.69,330.54,0.6,-0.34
2025-08-10T04:24:42Z,1.05,357.28,1.05,-0.05
2025-08-10T04:25:42Z,0.53,33.33,0.44,0.29
2025-08-10T04:26:42Z,0.49,356.91,0.49,-0.03
2025-08-10T04:27:42Z,0.54,2.3,0.54,0.02
2025-08-10T04:28:42Z,0.77,28.98,0.67,0.37
2025-08-10T04:29:42Z,0.89,20.61,0.83,0.31
2025-08-10T04:30:42Z,0.57,48.19,0.38,0.43
2025-08-10T04:31:42Z,0.46,50.48,0.29,0.36
2025-08-10T04:32:42Z,0.91,82.41,0.12,0.91
2025-08-10T04:33:42Z,0.71,56.6,0.39,0.59
2025-08-10T04:34:42Z,0.69,39.13,0.53,0.44
2025-08-10T04:35:42Z,0.72,35.99,0.58,0.42
2025-08-10T04:36:42Z,0.83,18.1,0.79,0.26
2025-08-10T04:37:42Z,0.65,68.39,0.24,0.61
2025-08-10T04:38:42Z,0.42,1.36,0.42,0.01
2025-08-10T04:39:42Z,0.81,42,0.6,0.54
2025-08-10T04:40:42Z,0.79,21.06,0.74,0.28
2025-08-10T04:41:42Z,0.58,353.68,0.57,-0.06
2025-08-10T04:42:42Z,0.51,327.16,0.43,-0.28
2025-08-10T04:43:42Z,0.45,23.34,0.41,0.18
2025-08-10T04:44:42Z,0.68,37.73,0.54,0.42
2025-08-10T04:45:42Z,0.62,35.91,0.5,0.36
2025-08-10T04:46:42Z,0.85,31.28,0.73,0.44
2025-08-10T04:47:42Z,0.77,42.09,0.57,0.52
2025-08-10T04:48:42Z,0.78,25.55,0.71,0.34
2025-08-10T04:49:42Z,0.68,49.51,0.44,0.51
2025-08-10T04:50:42Z,0.73,38.2,0.57,0.45
2025-08-10T04:51:42Z,0.65,24.19,0.6,0.27
2025-08-10T04:52:42Z,0.77,19.44,0.72,0.26
2025-08-10T04:53:42Z,0.67,33.11,0.56,0.37
2025-08-10T04:54:42Z,0.86,46.14,0.59,0.62
2025-08-10T04:55:42Z,0.94,41.18,0.71,0.62
2025-08-10T04:56:42Z,1.02,48.73,0.67,0.76
2025-08-10T04:57:42Z,0.94,41.13,0.71,0.62
2025-08-10T04:58:42Z,0.99,36.97,0.79,0.6
2025-08-10T04:59:42Z,1.25,37.91,0.99,0.77
2025-08-10T05:00:42Z,0.86,72.41,0.26,0.82
2025-08-10T05:01:42Z,1.13,58.19,0.6,0.96
2025-08-10T05:02:42Z,1.2,56.28,0.67,1
2025-08-10T05:03:42Z,1.13,46.55,0.77,0.82
2025-08-10T05:04:42Z,1.38,58.01,0.73,1.17
2025-08-10T05:05:42Z,0.99,54.01,0.58,0.8
2025-08-10T05:06:42Z,1.3,61.88,0.61,1.15
2025-08-10T05:07:42Z,0.98,62.13,0.46,0.87
2025-08-10T05:08:42Z,0.94,63.16,0.42,0.84
2025-08-10T05:09:42Z,0.88,67.43,0.34,0.82
2025-08-10T05:10:42Z,1.53,40.27,1.17,0.99
2025-08-10T05:11:42Z,0.76,50.22,0.48,0.58
2025-08-10T05:12:42Z,1,30.43,0.86,0.51
2025-08-10T05:13:42Z,0.8,18.21,0.76,0.25
2025-08-10T05:14:42Z,0.59,37.2,0.47,0.36
2025-08-10T05:15:42Z,0.7,50.78,0.44,0.54
2025-08-10T05:16:42Z,0.67,57.96,0.35,0.57
2025-08-10T05:17:42Z,0.74,24.47,0.67,0.31
2025-08-10T05:18:42Z,0.71,50.05,0.46,0.54
2025-08-10T05:19:42Z,0.9,27.01,0.81,0.41
2025-08-10T05:20:42Z,0.85,36.09,0.69,0.5
2025-08-10T05:21:42Z,0.63,72.42,0.19,0.6
2025-08-10T05:22:42Z,1.23,23.75,1.13,0.5
2025-08-10T05:23:42Z,1.02,25.63,0.92,0.44
2025-08-10T05:24:42Z,0.62,49.08,0.41,0.47
2025-08-10T05:25:42Z,0.85,20.16,0.8,0.29
2025-08-10T05:26:42Z,0.81,52.62,0.49,0.65
2025-08-10T05:27:42Z,0.75,58.69,0.39,0.64
2025-08-10T05:28:42Z,0.79,42.08,0.59,0.53
2025-08-10T05:29:42Z,1.07,51.14,0.67,0.84
2025-08-10T05:30:42Z,0.84,43.53,0.61,0.58
2025-08-10T05:31:42Z,1.07,66.28,0.43,0.98
2025-08-10T05:32:42Z,1.12,47.68,0.76,0.83
2025-08-10T05:33:42Z,0.83,65.07,0.35,0.75
2025-08-10T05:34:42Z,0.74,49.82,0.47,0.56
2025-08-10T05:35:42Z,0.85,39.19,0.66,0.54
2025-08-10T05:36:42Z,0.77,50.75,0.49,0.6
2025-08-10T05:37:42Z,1.02,35.57,0.83,0.59
2025-08-10T05:38:42Z,1.09,58.02,0.57,0.92
2025-08-10T05:39:42Z,0.97,45.24,0.68,0.69
2025-08-10T05:40:42Z,0.92,66.91,0.36,0.85
2025-08-10T05:41:42Z,0.82,36.05,0.66,0.48
2025-08-10T05:42:42Z,0.62,34.16,0.52,0.35
2025-08-10T05:43:42Z,0.96,46.07,0.66,0.69
2025-08-10T05:44:42Z,0.86,39.25,0.67,0.55
2025-08-10T05:45:42Z,1.03,62.64,0.47,0.91
2025-08-10T05:46:42Z,1.31,57.22,0.71,1.1
2025-08-10T05:47:42Z,1.15,41.21,0.86,0.76
2025-08-10T05:48:42Z,0.99,48.09,0.66,0.74
2025-08-10T05:49:42Z,0.86,32.85,0.72,0.47
2025-08-10T05:50:42Z,0.73,34.06,0.61,0.41
2025-08-10T05:51:42Z,0.94,23.07,0.86,0.37
2025-08-10T05:52:42Z,0.91,20.13,0.86,0.31
2025-08-10T05:53:42Z,0.81,35.54,0.66,0.47
2025-08-10T05:54:42Z,0.82,10.19,0.81,0.15
2025-08-10T05:55:42Z,0.85,26.41,0.76,0.38
2025-08-10T05:56:42Z,0.58,47.74,0.39,0.43
2025-08-10T05:57:42Z,0.74,34.73,0.61,0.42
2025-08-10T05:58:42Z,0.96,21.8,0.89,0.36
2025-08-10T05:59:42Z,0.96,22.25,0.89,0.36
2025-08-10T06:00:42Z,1.1,17.67,1.05,0.33
2025-08-10T06:01:42Z,1.25,346.01,1.21,-0.3
2025-08-10T06:02:42Z,0.72,315.95,0.52,-0.5
2025-08-10T06:03:42Z,1.04,307.64,0.63,-0.82
2025-08-10T06:04:42Z,0.71,352.18,0.7,-0.1
2025-08-10T06:05:42Z,0.72,329.36,0.62,-0.37
2025-08-10T06:06:42Z,0.32,309.74,0.2,-0.25
2025-08-10T06:07:42Z,0.63,331.16,0.55,-0.31
2025-08-10T06:08:42Z,0.96,29.08,0.84,0.47
2025-08-10T06:09:42Z,1.38,12.66,1.35,0.3
2025-08-10T06:10:42Z,1.39,1.9,1.39,0.05
2025-08-10T06:11:42Z,1.89,0.06,1.89,0
2025-08-10T06:12:42Z,1.13,344.05,1.09,-0.31
2025-08-10T06:13:42Z,1.19,351.34,1.17,-0.18
2025-08-10T06:14:42Z,1.08,297.86,0.51,-0.96
2025-08-10T06:15:42Z,0.81,344.93,0.78,-0.21
2025-08-10T06:16:42Z,0.75,336.4,0.69,-0.3
2025-08-10T06:17:42Z,0.73,1.26,0.73,0.02
2025-08-10T06:18:42Z,1,358.76,1,-0.02
2025-08-10T06:19:42Z,1.1,345.67,1.07,-0.27
2025-08-10T06:20:42Z,1.33,6.05,1.32,0.14
2025-08-10T06:21:42Z,1.08,355.01,1.07,-0.09
2025-08-10T06:22:42Z,0.92,333.21,0.82,-0.41
2025-08-10T06:23:42Z,1.01,327.79,0.86,-0.54
2025-08-10T06:24:42Z,1,350.69,0.98,-0.16
2025-08-10T06:25:42Z,0.87,1.6,0.87,0.02
2025-08-10T06:26:42Z,0.28,353.23,0.27,-0.03
2025-08-10T06:27:42Z,0.63,5.05,0.63,0.06
2025-08-10T06:28:42Z,1.39,2.98,1.39,0.07
2025-08-10T06:29:42Z,1.32,2.04,1.32,0.05
2025-08-10T06:30:42Z,1.78,21.72,1.65,0.66
2025-08-10T06:31:42Z,1.71,16.11,1.64,0.47
2025-08-10T06:32:42Z,1.12,17.99,1.07,0.35
2025-08-10T06:33:42Z,1.21,8.07,1.2,0.17
2025-08-10T06:34:42Z,1.54,14.93,1.49,0.4
2025-08-10T06:35:42Z,1.67,11.23,1.63,0.32
2025-08-10T06:36:42Z,1.51,26.33,1.36,0.67
2025-08-10T06:37:42Z,1.34,25.08,1.22,0.57
2025-08-10T06:38:42Z,1.11,23.28,1.02,0.44
2025-08-10T06:39:42Z,1.04,26.68,0.93,0.47
2025-08-10T06:40:42Z,1.04,33.19,0.87,0.57
2025-08-10T06:41:42Z,1.52,21.39,1.42,0.55
2025-08-10T06:42:42Z,1.26,58.8,0.65,1.08
2025-08-10T06:43:42Z,1.2,59.04,0.62,1.03
2025-08-10T06:44:42Z,1.27,64.35,0.55,1.15
2025-08-10T06:45:42Z,1.31,45.14,0.92,0.93
2025-08-10T06:46:42Z,1.67,59.82,0.84,1.44
2025-08-10T06:47:42Z,1.7,68.86,0.61,1.59
2025-08-10T06:48:42Z,1.76,69.88,0.6,1.65
2025-08-10T06:49:42Z,1.65,66.74,0.65,1.51
2025-08-10T06:50:42Z,1.26,61.71,0.6,1.11
2025-08-10T06:51:42Z,1.27,39.56,0.98,0.81
2025-08-10T06:52:42Z,1.56,38.86,1.21,0.98
2025-08-10T06:53:42Z,1.16,52.47,0.71,0.92
2025-08-10T06:54:42Z,1.27,60.45,0.62,1.1
2025-08-10T06:55:42Z,1.38,44.34,0.99,0.96
2025-08-10T06:56:42Z,1.06,51.63,0.66,0.83
2025-08-10T06:57:42Z,0.91,54.69,0.52,0.74
2025-08-10T06:58:42Z,0.99,54.41,0.58,0.81
2025-08-10T06:59:42Z,0.78,38.89,0.6,0.49
2025-08-10T07:00:42Z,1.03,51.86,0.64,0.81
2025-08-10T07:01:42Z,0.76,51.95,0.47,0.6
2025-08-10T07:02:42Z,0.86,15.09,0.83,0.22
2025-08-10T07:03:42Z,0.74,27.34,0.66,0.34
2025-08-10T07:04:42Z,0.85,55.62,0.48,0.71
2025-08-10T07:05:42Z,0.76,35.57,0.62,0.44
2025-08-10T07:06:42Z,1.48,4.81,1.47,0.12
2025-08-10T07:07:42Z,1.52,13.9,1.48,0.37
2025-08-10T07:08:42Z,1.45,24.39,1.32,0.6
2025-08-10T07:09:42Z,0.94,38.45,0.74,0.58
2025-08-10T07:10:42Z,0.72,60.92,0.35,0.63
2025-08-10T07:11:42Z,1.13,45.82,0.79,0.81
2025-08-10T07:12:42Z,0.89,25.26,0.81,0.38
2025-08-10T07:13:42Z,0.81,29.98,0.7,0.4
2025-08-10T07:14:42Z,0.92,33.41,0.77,0.51
2025-08-10T07:15:42Z,1.09,28.72,0.96,0.52
2025-08-10T07:16:42Z,0.88,55.04,0.51,0.72
2025-08-10T07:17:42Z,1.1,28.04,0.97,0.52
2025-08-10T07:18:42Z,1.18,20.26,1.1,0.41
2025-08-10T07:19:42Z,0.7,4.15,0.7,0.05
2025-08-10T07:20:42Z,0.71,35.57,0.58,0.41
2025-08-10T07:21:42Z,0.71,46.82,0.49,0.52
2025-08-10T07:22:42Z,0.86,35.3,0.7,0.5
2025-08-10T07:23:42Z,0.71,22.79,0.66,0.28
2025-08-10T07:24:42Z,0.58,41.09,0.44,0.38
2025-08-10T07:25:42Z,0.71,29.21,0.62,0.35
2025-08-10T07:26:42Z,0.39,52.24,0.24,0.31
2025-08-10T07:27:42Z,0.8,33.5,0.67,0.44
2025-08-10T07:28:42Z,0.75,42.52,0.55,0.51
2025-08-10T07:29:42Z,0.78,40.32,0.59,0.5
2025-08-10T07:30:42Z,0.74,23.43,0.68,0.29
2025-08-10T07:31:42Z,0.78,17.57,0.74,0.23
2025-08-10T07:32:42Z,0.73,24.36,0.66,0.3
2025-08-10T07:33:42Z,0.66,33.51,0.55,0.36
2025-08-10T07:34:42Z,0.57,31.1,0.49,0.29
2025-08-10T07:35:42Z,0.48,20.65,0.45,0.17
2025-08-10T07:36:42Z,0.66,29.76,0.57,0.33
2025-08-10T07:37:42Z,0.88,22.02,0.81,0.33
2025-08-10T07:38:42Z,0.71,29.67,0.62,0.35
2025-08-10T07:39:42Z,0.63,33.71,0.53,0.35
2025-08-10T07:40:42Z,0.67,29.19,0.59,0.33
2025-08-10T07:41:42Z,0.96,12.69,0.94,0.21
2025-08-10T07:42:42Z,0.82,26.73,0.73,0.37
2025-08-10T07:43:42Z,0.67,9.28,0.66,0.11
2025-08-10T07:44:42Z,0.74,34.28,0.61,0.42
2025-08-10T07:45:42Z,0.63,20.5,0.59,0.22
2025-08-10T07:46:42Z,0.76,63.09,0.34,0.67
2025-08-10T07:47:42Z,0.55,34.17,0.45,0.31
2025-08-10T07:48:42Z,0.83,36.53,0.67,0.5
2025-08-10T07:49:42Z,0.66,29.62,0.58,0.33
2025-08-10T07:50:42Z,0.69,50.63,0.44,0.53
2025-08-10T07:51:42Z,0.58,65.25,0.24,0.53
2025-08-10T07:52:42Z,0.84,58.43,0.44,0.72
2025-08-10T07:53:42Z,0.72,27.03,0.64,0.33
2025-08-10T07:54:42Z,0.59,27.95,0.52,0.28
2025-08-10T07:55:42Z,0.79,70.52,0.26,0.74
2025-08-10T07:56:42Z,0.69,26.88,0.61,0.31
2025-08-10T07:57:42Z,0.8,42.99,0.59,0.55
2025-08-10T07:58:42Z,1.25,30.63,1.08,0.64
2025-08-10T07:59:42Z,0.88,41.07,0.67,0.58
2025-08-10T08:00:42Z,0.86,31.52,0.73,0.45
2025-08-10T08:01:42Z,0.88,30.11,0.76,0.44
2025-08-10T08:02:42Z,0.81,73.77,0.23,0.78
2025-08-10T08:03:42Z,0.83,98.13,-0.12,0.82
2025-08-10T08:04:42Z,0.65,22.42,0.6,0.25
2025-08-10T08:05:42Z,0.64,44.01,0.46,0.45
2025-08-10T08:06:42Z,0.77,33.07,0.65,0.42
2025-08-10T08:07:42Z,1.26,44.14,0.9,0.88
2025-08-10T08:08:42Z,0.89,45.56,0.62,0.64
2025-08-10T08:09:42Z,0.61,52.54,0.37,0.49
2025-08-10T08:10:42Z,0.91,44.92,0.65,0.65
2025-08-10T08:11:42Z,0.89,61.99,0.42,0.78
2025-08-10T08:12:42Z,0.88,33.86,0.73,0.49
2025-08-10T08:13:42Z,0.67,36.5,0.54,0.4
2025-08-10T08:14:42Z,0.55,34.16,0.46,0.31
2025-08-10T08:15:42Z,0.64,33.83,0.53,0.36
2025-08-10T08:16:42Z,0.94,12.47,0.92,0.2
2025-08-10T08:17:42Z,0.61,22.04,0.56,0.23
2025-08-10T08:18:42Z,0.8,40.67,0.61,0.52
2025-08-10T08:19:42Z,1.18,23.36,1.08,0.47
2025-08-10T08:20:42Z,0.86,36.91,0.69,0.52
2025-08-10T08:21:42Z,1.06,28.08,0.94,0.5
2025-08-10T08:22:42Z,1.01,33.05,0.85,0.55
2025-08-10T08:23:42Z,0.76,63.73,0.33,0.68
2025-08-10T08:24:42Z,0.74,52.97,0.45,0.59
2025-08-10T08:25:42Z,0.81,64.28,0.35,0.73
2025-08-10T08:26:42Z,0.72,50.77,0.45,0.55
2025-08-10T08:27:42Z,0.53,37.76,0.42,0.32
2025-08-10T08:28:42Z,0.55,56.27,0.31,0.46
2025-08-10T08:29:42Z,0.88,49,0.58,0.66
2025-08-10T08:30:42Z,0.65,64.25,0.28,0.59
2025-08-10T08:31:42Z,0.58,58.22,0.3,0.49
2025-08-10T08:32:42Z,0.61,39.42,0.47,0.39
2025-08-10T08:33:42Z,0.73,41.66,0.54,0.48
2025-08-10T08:34:42Z,0.93,59.88,0.47,0.8
2025-08-10T08:35:42Z,0.99,102.78,-0.22,0.97
2025-08-10T08:36:42Z,0.45,87.22,0.02,0.45
2025-08-10T08:37:42Z,0.56,57.2,0.3,0.47
2025-08-10T08:38:42Z,0.68,28.88,0.6,0.33
2025-08-10T08:39:42Z,1.17,23.63,1.07,0.47
2025-08-10T08:40:42Z,0.9,21.66,0.83,0.33
2025-08-10T08:41:42Z,0.8,17.66,0.76,0.24
2025-08-10T08:42:42Z,0.74,47.78,0.49,0.54
2025-08-10T08:43:42Z,0.77,30.88,0.66,0.4
2025-08-10T08:44:42Z,0.77,44.83,0.54,0.54
2025-08-10T08:45:42Z,0.83,27.75,0.73,0.38
2025-08-10T08:46:42Z,0.83,14.67,0.8,0.21
2025-08-10T08:47:42Z,0.55,60.16,0.28,0.48
2025-08-10T08:48:42Z,0.52,45.06,0.37,0.37
2025-08-10T08:49:42Z,0.78,40.53,0.59,0.5
2025-08-10T08:50:42Z,0.7,79.35,0.13,0.69
2025-08-10T08:51:42Z,0.65,63.7,0.29,0.58
2025-08-10T08:52:42Z,0.97,37.11,0.77,0.58
2025-08-10T08:53:42Z,0.79,44.17,0.57,0.55
2025-08-10T08:54:42Z,1.18,64.76,0.5,1.07
2025-08-10T08:55:42Z,1.41,74.22,0.38,1.36
2025-08-10T08:56:42Z,0.91,52.69,0.55,0.73
2025-08-10T08:57:42Z,1.43,68.33,0.53,1.33
2025-08-10T08:58:42Z,1.01,64.77,0.43,0.92
2025-08-10T08:59:42Z,1.45,57.92,0.77,1.23
2025-08-10T09:00:42Z,1.59,53.03,0.96,1.27
2025-08-10T09:01:42Z,1.64,57.45,0.88,1.38
2025-08-10T09:02:42Z,1.68,56.89,0.92,1.41
2025-08-10T09:03:42Z,1.8,51.8,1.11,1.41
2025-08-10T09:04:42Z,2.94,56.79,1.61,2.46
2025-08-10T09:05:42Z,2.21,45.77,1.54,1.58
2025-08-10T09:06:42Z,1.89,59.08,0.97,1.63
2025-08-10T09:07:42Z,2.46,61.86,1.16,2.17
2025-08-10T09:08:42Z,1.59,93.36,-0.09,1.59
2025-08-10T09:09:42Z,1.07,50.93,0.67,0.83
2025-08-10T09:10:42Z,0.77,79.65,0.14,0.76
2025-08-10T09:11:42Z,1.21,75.83,0.3,1.17
2025-08-10T09:12:42Z,2.19,54.22,1.28,1.78
2025-08-10T09:13:42Z,3.55,71.91,1.1,3.37
2025-08-10T09:14:42Z,3.03,67.43,1.16,2.8
2025-08-10T09:15:42Z,1.65,69.42,0.58,1.55
2025-08-10T09:16:42Z,1.73,82.24,0.23,1.71
2025-08-10T09:17:42Z,1.09,75.44,0.27,1.06
2025-08-10T09:18:42Z,0.83,64.06,0.36,0.74
2025-08-10T09:19:42Z,1.53,67.23,0.59,1.41
2025-08-10T09:20:42Z,1.54,84.23,0.16,1.53
2025-08-10T09:21:42Z,2.76,73.89,0.77,2.65
2025-08-10T09:22:42Z,2.27,93.36,-0.13,2.27
2025-08-10T09:23:42Z,1.73,78.17,0.35,1.69
2025-08-10T09:24:42Z,0.27,49.33,0.18,0.21
2025-08-10T09:25:42Z,0.41,33.39,0.34,0.23
2025-08-10T09:26:42Z,0.99,90.36,-0.01,0.99
2025-08-10T09:27:42Z,1.97,76.76,0.45,1.92
2025-08-10T09:28:42Z,2.24,87.1,0.11,2.23
2025-08-10T09:29:42Z,3.02,72.85,0.89,2.89
2025-08-10T09:30:42Z,1.92,62.69,0.88,1.71
2025-08-10T09:31:42Z,1.7,36.68,1.36,1.01
2025-08-10T09:32:42Z,1.91,46.73,1.31,1.39
2025-08-10T09:33:42Z,2.01,49.78,1.3,1.54
2025-08-10T09:34:42Z,2.26,55.11,1.29,1.85
2025-08-10T09:35:42Z,2.02,78.66,0.4,1.98
2025-08-10T09:36:42Z,1.54,63.89,0.68,1.38
2025-08-10T09:37:42Z,2.42,65.47,1.01,2.21
2025-08-10T09:38:42Z,2.46,48.02,1.64,1.83
2025-08-10T09:39:42Z,2.61,58.38,1.37,2.22
2025-08-10T09:40:42Z,2.23,58.18,1.17,1.89
2025-08-10T09:41:42Z,3.99,57.71,2.13,3.37
2025-08-10T09:42:42Z,2.78,52.5,1.69,2.21
2025-08-10T09:43:42Z,1.87,71.87,0.58,1.78
2025-08-10T09:44:42Z,1.68,70.07,0.57,1.58
2025-08-10T09:45:42Z,1.98,65.68,0.81,1.8
2025-08-10T09:46:42Z,1.62,72.93,0.48,1.55
2025-08-10T09:47:42Z,1.51,74.36,0.41,1.46
2025-08-10T09:48:42Z,1.4,48.54,0.92,1.05
2025-08-10T09:49:42Z,1.28,65.1,0.54,1.17
2025-08-10T09:50:42Z,1,52.25,0.61,0.79
2025-08-10T09:51:42Z,1.83,69.91,0.63,1.72
2025-08-10T09:52:42Z,1.66,38.18,1.31,1.03
2025-08-10T09:53:42Z,1.1,34.24,0.91,0.62
2025-08-10T09:54:42Z,0.76,19.89,0.71,0.26
2025-08-10T09:55:42Z,0.87,47.9,0.58,0.64
2025-08-10T09:56:42Z,0.93,51.94,0.57,0.73
2025-08-10T09:57:42Z,1.06,56.15,0.59,0.88
2025-08-10T09:58:42Z,0.96,27.08,0.86,0.44
2025-08-10T09:59:42Z,0.95,45.58,0.67,0.68
2025-08-10T10:00:42Z,0.93,58.87,0.48,0.8
2025-08-10T10:01:42Z,1.04,65.69,0.43,0.94
2025-08-10T10:02:42Z,1.71,61.37,0.82,1.5
2025-08-10T10:03:42Z,0.65,61.66,0.31,0.57
2025-08-10T10:04:42Z,1.48,48.64,0.98,1.11
2025-08-10T10:05:42Z,1.45,55.16,0.83,1.19
2025-08-10T10:06:42Z,1.21,45.99,0.84,0.87
2025-08-10T10:07:42Z,0.9,52.44,0.55,0.71
2025-08-10T10:08:42Z,1.33,47.25,0.9,0.98
2025-08-10T10:09:42Z,2.08,44.85,1.47,1.47
2025-08-10T10:10:42Z,1.84,69.39,0.65,1.72
2025-08-10T10:11:42Z,1.27,66.36,0.51,1.16
2025-08-10T10:12:42Z,1.01,68.71,0.37,0.94
2025-08-10T10:13:42Z,0.51,66.08,0.21,0.47
2025-08-10T10:14:42Z,1.07,43.83,0.78,0.74
2025-08-10T10:15:42Z,1.03,68.83,0.37,0.96
2025-08-10T10:16:42Z,1.03,54.19,0.6,0.83
2025-08-10T10:17:42Z,1.33,45.49,0.93,0.95
2025-08-10T10:18:42Z,1.15,83.4,0.13,1.14
2025-08-10T10:19:42Z,0.96,63.1,0.43,0.85
2025-08-10T10:20:42Z,0.84,62.78,0.38,0.74
2025-08-10T10:21:42Z,0.75,26.63,0.67,0.34
2025-08-10T10:22:42Z,0.89,49.37,0.58,0.67
2025-08-10T10:23:42Z,0.96,74.09,0.26,0.93
2025-08-10T10:24:42Z,1.01,58.28,0.53,0.86
2025-08-10T10:25:42Z,1.06,58.74,0.55,0.91
2025-08-10T10:26:42Z,0.89,39.89,0.68,0.57
2025-08-10T10:27:42Z,1.03,30.57,0.89,0.52
2025-08-10T10:28:42Z,0.99,43.04,0.72,0.68
2025-08-10T10:29:42Z,0.7,49,0.46,0.53
2025-08-10T10:30:42Z,0.72,73.21,0.21,0.69
2025-08-10T10:31:42Z,0.82,71.62,0.26,0.78
2025-08-10T10:32:42Z,0.86,59.54,0.43,0.74
2025-08-10T10:33:42Z,0.81,59.81,0.4,0.7
2025-08-10T10:34:42Z,0.8,35.88,0.65,0.47
2025-08-10T10:35:42Z,0.78,39.78,0.6,0.5
2025-08-10T10:36:42Z,0.87,31.85,0.74,0.46
2025-08-10T10:37:42Z,0.82,64.47,0.35,0.74
2025-08-10T10:38:42Z,0.97,75.59,0.24,0.94
2025-08-10T10:39:42Z,0.86,88.76,0.02,0.86
2025-08-10T10:40:42Z,0.7,76.39,0.16,0.68
2025-08-10T10:41:42Z,0.86,49.06,0.56,0.65
2025-08-10T10:42:42Z,0.82,27.47,0.73,0.38
2025-08-10T10:43:42Z,0.74,13.89,0.71,0.18
2025-08-10T10:44:42Z,0.73,31.98,0.62,0.39
2025-08-10T10:45:42Z,0.34,353.34,0.33,-0.04
2025-08-10T10:46:42Z,0.76,29.91,0.66,0.38
2025-08-10T10:47:42Z,0.92,21.97,0.85,0.34
2025-08-10T10:48:42Z,0.37,1.49,0.37,0.01
2025-08-10T10:49:42Z,0.74,356.46,0.74,-0.05
2025-08-10T10:50:42Z,0.69,16.73,0.66,0.2
2025-08-10T10:51:42Z,0.49,24.43,0.45,0.2
2025-08-10T10:52:42Z,0.54,41.28,0.4,0.35
2025-08-10T10:53:42Z,0.4,39.94,0.31,0.26
2025-08-10T10:54:42Z,0.67,21.22,0.63,0.24
2025-08-10T10:55:42Z,0.71,3.62,0.71,0.05
2025-08-10T10:56:42Z,1,23.57,0.92,0.4
2025-08-10T10:57:42Z,0.75,23.48,0.68,0.3
2025-08-10T10:58:42Z,1.02,23.28,0.93,0.4
2025-08-10T10:59:42Z,1.08,40.69,0.82,0.71
2025-08-10T11:00:42Z,0.63,50.12,0.41,0.49
2025-08-10T11:01:42Z,0.64,20.75,0.6,0.23
2025-08-10T11:02:42Z,0.86,54.07,0.5,0.69
2025-08-10T11:03:42Z,0.72,17.47,0.69,0.22
2025-08-10T11:04:42Z,1.06,16.08,1.02,0.29
2025-08-10T11:05:42Z,0.86,14.54,0.83,0.22
2025-08-10T11:06:42Z,0.77,49.86,0.49,0.59
2025-08-10T11:07:42Z,0.51,35.1,0.42,0.3
2025-08-10T11:08:42Z,0.71,357.89,0.71,-0.03
2025-08-10T11:09:42Z,0.81,15.11,0.78,0.21
2025-08-10T11:10:42Z,0.92,41.11,0.69,0.6
2025-08-10T11:11:42Z,0.54,8.05,0.53,0.08
2025-08-10T11:12:42Z,1.05,22.52,0.97,0.4
2025-08-10T11:13:42Z,0.75,1.24,0.75,0.02
2025-08-10T11:14:42Z,0.85,0.27,0.85,0
2025-08-10T11:15:42Z,0.66,31.42,0.56,0.34
2025-08-10T11:16:42Z,0.67,20.87,0.63,0.24
2025-08-10T11:17:42Z,0.53,38.2,0.41,0.33
2025-08-10T11:18:42Z,0.56,351.72,0.55,-0.08
2025-08-10T11:19:42Z,0.79,351.27,0.78,-0.12
2025-08-10T11:20:42Z,0.57,22.47,0.52,0.22
2025-08-10T11:21:42Z,0.52,10.35,0.51,0.09
2025-08-10T11:22:42Z,0.39,352.58,0.39,-0.05
2025-08-10T11:23:42Z,0.93,347.36,0.91,-0.2
2025-08-10T11:24:42Z,0.91,0.85,0.91,0.01
2025-08-10T11:25:42Z,0.45,47.6,0.31,0.34
2025-08-10T11:26:42Z,1.22,0.81,1.22,0.02
2025-08-10T11:27:42Z,0.54,48.4,0.36,0.41
2025-08-10T11:28:42Z,0.8,37.54,0.64,0.49
2025-08-10T11:29:42Z,0.84,7.28,0.84,0.11
2025-08-10T11:30:42Z,1.33,6.53,1.32,0.15
2025-08-10T11:31:42Z,1.13,345.5,1.1,-0.28
2025-08-10T11:32:42Z,1.27,22.68,1.18,0.49
2025-08-10T11:33:42Z,1.35,9.56,1.33,0.22
2025-08-10T11:34:42Z,1.1,3.73,1.1,0.07
2025-08-10T11:35:42Z,0.36,317.76,0.27,-0.24
2025-08-10T11:36:42Z,0.77,27.91,0.68,0.36
2025-08-10T11:37:42Z,0.93,25.33,0.84,0.4
2025-08-10T11:38:42Z,0.89,12.55,0.87,0.19
2025-08-10T11:39:42Z,0.75,340.59,0.7,-0.25
2025-08-10T11:40:42Z,1.08,1.3,1.08,0.02
2025-08-10T11:41:42Z,0.83,14.76,0.81,0.21
2025-08-10T11:42:42Z,0.75,15.52,0.72,0.2
2025-08-10T11:43:42Z,0.73,22.54,0.67,0.28
2025-08-10T11:44:42Z,0.6,15.67,0.58,0.16
2025-08-10T11:45:42Z,0.77,17.93,0.73,0.24
2025-08-10T11:46:42Z,0.68,359.51,0.68,-0.01
2025-08-10T11:47:42Z,0.57,323.03,0.45,-0.34
2025-08-10T11:48:42Z,0.7,14.61,0.68,0.18
2025-08-10T11:49:42Z,0.91,33.95,0.75,0.51
2025-08-10T11:50:42Z,0.89,37.64,0.71,0.55
2025-08-10T11:51:42Z,0.49,24.84,0.44,0.2
2025-08-10T11:52:42Z,0.17,68.4,0.06,0.16
2025-08-10T11:53:42Z,0.54,33.21,0.45,0.29
2025-08-10T11:54:42Z,0.38,12.53,0.37,0.08
2025-08-10T11:55:42Z,0.22,37.64,0.18,0.14
2025-08-10T11:56:42Z,0.78,355.76,0.78,-0.06
2025-08-10T11:57:42Z,0.7,18.73,0.66,0.22
2025-08-10T11:58:42Z,0.6,82.91,0.07,0.6
2025-08-10T11:59:42Z,0.6,90.88,-0.01,0.6
2025-08-10T12:00:42Z,1.33,82.86,0.17,1.32
2025-08-10T12:01:42Z,1.58,78.86,0.3,1.55
2025-08-10T12:02:42Z,1.01,71.5,0.32,0.96
2025-08-10T12:03:42Z,0.56,37.6,0.44,0.34
2025-08-10T12:04:42Z,0.91,12.81,0.89,0.2
2025-08-10T12:05:42Z,0.87,39.51,0.67,0.55
2025-08-10T12:06:42Z,0.63,50.27,0.4,0.48
2025-08-10T12:07:42Z,0.53,9.58,0.52,0.09
2025-08-10T12:08:42Z,0.71,63.81,0.32,0.64
2025-08-10T12:09:42Z,0.4,33.27,0.33,0.22
2025-08-10T12:10:42Z,0.71,50.37,0.45,0.55
2025-08-10T12:11:42Z,0.75,45.1,0.53,0.53
2025-08-10T12:12:42Z,0.72,101.48,-0.14,0.7
2025-08-10T12:13:42Z,0.76,35.72,0.62,0.44
2025-08-10T12:14:42Z,0.89,80.83,0.14,0.88
2025-08-10T12:15:42Z,0.79,43.81,0.57,0.55
2025-08-10T12:16:42Z,1.08,84,0.11,1.08
2025-08-10T12:17:42Z,0.93,92.81,-0.05,0.93
2025-08-10T12:18:42Z,0.76,70.31,0.26,0.72
2025-08-10T12:19:42Z,1.19,85,0.1,1.19
2025-08-10T12:20:42Z,1.01,55.72,0.57,0.83
2025-08-10T12:21:42Z,0.74,53.82,0.44,0.6
2025-08-10T12:22:42Z,0.49,40.9,0.37,0.32
2025-08-10T12:23:42Z,0.69,97.33,-0.09,0.68
2025-08-10T12:24:42Z,0.79,78.62,0.16,0.78
2025-08-10T12:25:42Z,0.76,47.5,0.51,0.56
2025-08-10T12:26:42Z,0.34,71.77,0.11,0.33
2025-08-10T12:27:42Z,0.58,63.53,0.26,0.52
2025-08-10T12:28:42Z,0.65,77.97,0.13,0.63
2025-08-10T12:29:42Z,0.97,18.95,0.92,0.32
2025-08-10T12:30:42Z,0.88,76.77,0.2,0.86
2025-08-10T12:31:42Z,0.74,33.57,0.62,0.41
2025-08-10T12:32:42Z,0.51,35.23,0.42,0.3
2025-08-10T12:33:42Z,0.65,37.11,0.52,0.39
2025-08-10T12:34:42Z,0.68,51.78,0.42,0.54
2025-08-10T12:35:42Z,0.91,34.43,0.75,0.51
2025-08-10T12:36:42Z,0.76,39.39,0.59,0.48
2025-08-10T12:37:42Z,0.65,355.53,0.65,-0.05
2025-08-10T12:38:42Z,0.75,13.84,0.72,0.18
2025-08-10T12:39:42Z,0.92,19.25,0.87,0.3
2025-08-10T12:40:42Z,0.74,20.66,0.69,0.26
2025-08-10T12:41:42Z,0.7,50.12,0.45,0.54
2025-08-10T12:42:42Z,0.77,19.94,0.73,0.26
2025-08-10T12:43:42Z,0.81,49.15,0.53,0.62
2025-08-10T12:44:42Z,0.55,37.2,0.43,0.33
2025-08-10T12:45:42Z,0.56,42.71,0.41,0.38
2025-08-10T12:46:42Z,0.49,19.68,0.46,0.17
2025-08-10T12:47:42Z,0.87,46.06,0.6,0.63
2025-08-10T12:48:42Z,0.84,13.2,0.82,0.19
2025-08-10T12:49:42Z,0.65,60.17,0.32,0.57
2025-08-10T12:50:42Z,0.81,24.7,0.74,0.34
2025-08-10T12:51:42Z,0.97,35.51,0.79,0.56
2025-08-10T12:52:42Z,0.89,16.94,0.85,0.26
2025-08-10T12:53:42Z,0.86,35.96,0.7,0.51
2025-08-10T12:54:42Z,0.58,27.23,0.51,0.26
2025-08-10T12:55:42Z,0.66,55.04,0.38,0.54
2025-08-10T12:56:42Z,0.85,46.59,0.58,0.61
2025-08-10T12:57:42Z,0.82,31.34,0.7,0.43
2025-08-10T12:58:42Z,1.23,16.14,1.18,0.34
2025-08-10T12:59:42Z,0.61,71.54,0.19,0.58
2025-08-10T13:00:42Z,0.74,25.83,0.66,0.32
2025-08-10T13:01:42Z,1.12,37.41,0.89,0.68
2025-08-10T13:02:42Z,0.53,58.66,0.28,0.45
2025-08-10T13:03:42Z,0.9,31.6,0.76,0.47
2025-08-10T13:04:42Z,0.86,50.23,0.55,0.66
2025-08-10T13:05:42Z,0.75,56.25,0.42,0.62
2025-08-10T13:06:42Z,0.9,36.62,0.72,0.53
2025-08-10T13:07:42Z,0.58,1.36,0.58,0.01
2025-08-10T13:08:42Z,0.57,39.5,0.44,0.36
2025-08-10T13:09:42Z,0.67,12.49,0.65,0.14
2025-08-10T13:10:42Z,0.69,31.66,0.58,0.36
2025-08-10T13:11:42Z,0.47,29.26,0.41,0.23
2025-08-10T13:12:42Z,0.99,43.21,0.72,0.68
2025-08-10T13:13:42Z,0.97,65.05,0.41,0.88
2025-08-10T13:14:42Z,0.89,51.7,0.55,0.7
2025-08-10T13:15:42Z,0.77,49.63,0.5,0.59
2025-08-10T13:16:42Z,0.68,6.76,0.68,0.08
2025-08-10T13:17:42Z,0.64,35.72,0.52,0.37
2025-08-10T13:18:42Z,0.85,12.65,0.83,0.19
2025-08-10T13:19:42Z,1.18,9.26,1.16,0.19
2025-08-10T13:20:42Z,0.69,22.9,0.64,0.27
2025-08-10T13:21:42Z,1.13,38.78,0.88,0.71
2025-08-10T13:22:42Z,0.81,45.63,0.57,0.58
2025-08-10T13:23:42Z,0.97,32.67,0.82,0.52
2025-08-10T13:24:42Z,0.83,13.88,0.8,0.2
2025-08-10T13:25:42Z,0.96,25.57,0.86,0.41
2025-08-10T13:26:42Z,0.16,328.84,0.14,-0.08
2025-08-10T13:27:42Z,0.72,12.3,0.7,0.15
2025-08-10T13:28:42Z,0.63,341.64,0.59,-0.2
2025-08-10T13:29:42Z,0.52,15.42,0.5,0.14
2025-08-10T13:30:42Z,0.67,29.27,0.58,0.33
2025-08-10T13:31:42Z,0.97,12.99,0.95,0.22
2025-08-10T13:32:42Z,0.43,61.05,0.21,0.38
2025-08-10T13:33:42Z,0.54,66.9,0.21,0.49
2025-08-10T13:34:42Z,0.5,62.21,0.23,0.44
2025-08-10T13:35:42Z,0.52,53.29,0.31,0.42
2025-08-10T13:36:42Z,0.91,81,0.14,0.9
2025-08-10T13:37:42Z,0.91,36.75,0.73,0.54
2025-08-10T13:38:42Z,1.38,64.05,0.61,1.24
2025-08-10T13:39:42Z,0.63,45.28,0.44,0.45
2025-08-10T13:40:42Z,0.62,43.21,0.45,0.42
2025-08-10T13:41:42Z,0.75,35.36,0.61,0.43
2025-08-10T13:42:42Z,0.97,40.52,0.73,0.63
2025-08-10T13:43:42Z,0.88,26.6,0.78,0.39
2025-08-10T13:44:42Z,1,80.89,0.16,0.99
2025-08-10T13:45:42Z,0.85,41.18,0.64,0.56
2025-08-10T13:46:42Z,0.82,63.77,0.36,0.73
2025-08-10T13:47:42Z,0.99,50.55,0.63,0.76
2025-08-10T13:48:42Z,0.66,58.19,0.35,0.56
2025-08-10T13:49:42Z,0.85,29.29,0.74,0.42
2025-08-10T13:50:42Z,0.88,41.33,0.66,0.58
2025-08-10T13:51:42Z,0.6,22.9,0.55,0.23
2025-08-10T13:52:42Z,0.83,40.61,0.63,0.54
2025-08-10T13:53:42Z,0.85,49.57,0.55,0.65
2025-08-10T13:54:42Z,0.74,40.52,0.56,0.48
2025-08-10T13:55:42Z,0.25,25.54,0.23,0.11
2025-08-10T13:56:42Z,0.97,32.45,0.82,0.52
2025-08-10T13:57:42Z,0.4,12.73,0.39,0.09
2025-08-10T13:58:42Z,0.62,19.07,0.58,0.2
2025-08-10T13:59:42Z,0.92,8.76,0.91,0.14
2025-08-10T14:00:42Z,0.84,347.45,0.82,-0.18
2025-08-10T14:01:42Z,0.6,30.98,0.52,0.31
2025-08-10T14:02:42Z,0.7,9.43,0.69,0.11
2025-08-10T14:03:42Z,0.23,357.21,0.23,-0.01
2025-08-10T14:04:42Z,0.55,3.36,0.55,0.03
2025-08-10T14:05:42Z,0.81,358.23,0.81,-0.03
2025-08-10T14:06:42Z,1.01,338.05,0.94,-0.38
2025-08-10T14:07:42Z,1.04,347.61,1.02,-0.22
2025-08-10T14:08:42Z,0.95,349.26,0.94,-0.18
2025-08-10T14:09:42Z,0.61,23.46,0.56,0.24
2025-08-10T14:10:42Z,0.47,326.1,0.39,-0.26
2025-08-10T14:11:42Z,0.49,335.86,0.45,-0.2
2025-08-10T14:12:42Z,0.42,333.17,0.37,-0.19
2025-08-10T14:13:42Z,0.38,333.77,0.35,-0.17
2025-08-10T14:14:42Z,0.7,11.17,0.68,0.14
2025-08-10T14:15:42Z,0.77,349.41,0.76,-0.14
2025-08-10T14:16:42Z,0.29,320.06,0.22,-0.18
2025-08-10T14:17:42Z,0.1,40.78,0.08,0.07
2025-08-10T14:18:42Z,0.53,50.16,0.34,0.41
2025-08-10T14:19:42Z,0.57,27.46,0.5,0.26
2025-08-10T14:20:42Z,1.07,54.32,0.63,0.87
2025-08-10T14:21:42Z,0.48,7.31,0.47,0.06
2025-08-10T14:22:42Z,1.04,56.09,0.58,0.86
2025-08-10T14:23:42Z,1.54,89.27,0.02,1.54
2025-08-10T14:24:42Z,0.89,100.07,-0.16,0.88
2025-08-10T14:25:42Z,1.23,61.56,0.58,1.08
2025-08-10T14:26:42Z,0.6,64.93,0.25,0.54
2025-08-10T14:27:42Z,0.7,44.79,0.49,0.49
2025-08-10T14:28:42Z,0.76,71.51,0.24,0.72
2025-08-10T14:29:42Z,0.31,348.27,0.3,-0.06
2025-08-10T14:30:42Z,0.82,50.17,0.52,0.63
2025-08-10T14:31:42Z,0.69,27.53,0.61,0.32
2025-08-10T14:32:42Z,0.78,53.61,0.46,0.62
2025-08-10T14:33:42Z,0.77,57.97,0.41,0.65
2025-08-10T14:34:42Z,0.71,44.11,0.51,0.5
2025-08-10T14:35:42Z,0.49,26.78,0.44,0.22
2025-08-10T14:36:42Z,0.99,58.61,0.52,0.84
2025-08-10T14:37:42Z,0.75,94.95,-0.06,0.75
2025-08-10T14:38:42Z,0.95,58.59,0.5,0.81
2025-08-10T14:39:42Z,0.9,62.46,0.42,0.8
2025-08-10T14:40:42Z,1.23,89.83,0,1.23
2025-08-10T14:41:42Z,0.98,71.04,0.32,0.93
2025-08-10T14:42:42Z,1.23,107.12,-0.36,1.17
2025-08-10T14:43:42Z,0.8,89.37,0.01,0.8
2025-08-10T14:44:42Z,0.82,90.23,-0,0.82
2025-08-10T14:45:42Z,0.88,50.87,0.55,0.68
2025-08-10T14:46:42Z,1.08,60.52,0.53,0.94
2025-08-10T14:47:42Z,1.16,54.88,0.67,0.95
2025-08-10T14:48:42Z,0.99,49.02,0.65,0.75
2025-08-10T14:49:42Z,0.8,51.62,0.49,0.62
2025-08-10T14:50:42Z,0.73,71,0.24,0.69
2025-08-10T14:51:42Z,0.91,42.87,0.67,0.62
2025-08-10T14:52:42Z,0.67,47.41,0.45,0.49
2025-08-10T14:53:42Z,0.57,88.93,0.01,0.57
2025-08-10T14:54:42Z,0.79,351.38,0.78,-0.12
2025-08-10T14:55:42Z,0.83,23.64,0.76,0.33
2025-08-10T14:56:42Z,0.61,77.1,0.14,0.6
2025-08-10T14:57:42Z,0.98,32.14,0.83,0.52
2025-08-10T14:58:42Z,0.78,42.77,0.57,0.53
2025-08-10T14:59:42Z,0.37,65.25,0.16,0.34
2025-08-10T15:00:42Z,1.24,26.58,1.11,0.55
2025-08-10T15:01:42Z,0.8,17,0.77,0.23
2025-08-10T15:02:42Z,0.48,28.76,0.42,0.23
2025-08-10T15:03:42Z,1.09,32.27,0.92,0.58
2025-08-10T15:04:42Z,0.63,41.46,0.47,0.42
2025-08-10T15:05:42Z,0.79,35.19,0.64,0.45
2025-08-10T15:06:42Z,0.7,47.4,0.48,0.52
2025-08-10T15:07:42Z,0.46,67.26,0.18,0.42
2025-08-10T15:08:42Z,0.44,32.76,0.37,0.24
2025-08-10T15:09:42Z,0.38,68.22,0.14,0.35
2025-08-10T15:10:42Z,0.8,59.36,0.41,0.68
2025-08-10T15:11:42Z,0.94,58.97,0.48,0.81
2025-08-10T15:12:42Z,0.94,71.19,0.3,0.89
2025-08-10T15:13:42Z,1,84.23,0.1,0.99
2025-08-10T15:14:42Z,0.97,67.73,0.37,0.9
2025-08-10T15:15:42Z,1.1,50.23,0.7,0.85
2025-08-10T15:16:42Z,0.84,55.42,0.48,0.69
2025-08-10T15:17:42Z,1.13,46.85,0.77,0.82
2025-08-10T15:18:42Z,1.7,27.02,1.51,0.77
2025-08-10T15:19:42Z,1.15,18.94,1.09,0.37
2025-08-10T15:20:42Z,1.2,25.66,1.09,0.52
2025-08-10T15:21:42Z,0.84,39.46,0.65,0.53
2025-08-10T15:22:42Z,0.97,30.05,0.84,0.48
2025-08-10T15:23:42Z,0.66,50.61,0.42,0.51
2025-08-10T15:24:42Z,0.7,73.25,0.2,0.67
2025-08-10T15:25:42Z,0.88,45.06,0.62,0.62
2025-08-10T15:26:42Z,0.88,69.36,0.31,0.82
2025-08-10T15:27:42Z,0.85,47.68,0.57,0.63
2025-08-10T15:28:42Z,0.73,58.9,0.38,0.62
2025-08-10T15:29:42Z,0.87,81.34,0.13,0.86
2025-08-10T15:30:42Z,0.77,19.61,0.73,0.26
2025-08-10T15:31:42Z,0.92,24.45,0.84,0.38
2025-08-10T15:32:42Z,0.63,36.7,0.51,0.38
2025-08-10T15:33:42Z,0.79,70.57,0.26,0.75
2025-08-10T15:34:42Z,0.76,40.61,0.58,0.5
2025-08-10T15:35:42Z,1.15,65.7,0.47,1.05
2025-08-10T15:36:42Z,0.92,41.15,0.7,0.61
2025-08-10T15:37:42Z,1.1,52.2,0.68,0.87
2025-08-10T15:38:42Z,0.91,55.79,0.51,0.75
2025-08-10T15:39:42Z,1.05,53.76,0.62,0.85
2025-08-10T15:40:42Z,0.83,39.6,0.64,0.53
2025-08-10T15:41:42Z,0.78,33.53,0.65,0.43
2025-08-10T15:42:42Z,0.47,114,-0.19,0.43
2025-08-10T15:43:42Z,1.17,41.56,0.87,0.77
2025-08-10T15:44:42Z,0.56,8.66,0.55,0.08
2025-08-10T15:45:42Z,0.59,27.66,0.52,0.27
2025-08-10T15:46:42Z,0.89,34.94,0.73,0.51
2025-08-10T15:47:42Z,1.11,75.82,0.27,1.08
2025-08-10T15:48:42Z,0.73,46.91,0.5,0.54
2025-08-10T15:49:42Z,0.65,50.3,0.41,0.5
2025-08-10T15:50:42Z,1.1,33.17,0.92,0.6
2025-08-10T15:51:42Z,0.73,3.74,0.72,0.05
2025-08-10T15:52:42Z,0.94,37.76,0.75,0.58
2025-08-10T15:53:42Z,0.78,46.09,0.54,0.56
2025-08-10T15:54:42Z,0.85,20.1,0.8,0.29
2025-08-10T15:55:42Z,0.51,85.1,0.04,0.51
2025-08-10T15:56:42Z,0.57,36.41,0.46,0.34
2025-08-10T15:57:42Z,0.86,356.87,0.86,-0.05
2025-08-10T15:58:42Z,0.6,58.02,0.32,0.51
2025-08-10T15:59:42Z,1.09,49.01,0.72,0.82
2025-08-10T16:00:42Z,0.65,74.52,0.17,0.62
2025-08-10T16:01:42Z,0.78,44.28,0.56,0.54
2025-08-10T16:02:42Z,0.71,26.08,0.63,0.31
2025-08-10T16:03:42Z,1.02,49.7,0.66,0.78
2025-08-10T16:04:42Z,1.46,59.66,0.74,1.26
2025-08-10T16:05:42Z,0.93,74.66,0.25,0.9
2025-08-10T16:06:42Z,0.91,62.05,0.43,0.8
2025-08-10T16:07:42Z,1.1,45.74,0.77,0.79
2025-08-10T16:08:42Z,1.43,69.05,0.51,1.34
2025-08-10T16:09:42Z,1,47.87,0.67,0.74
2025-08-10T16:10:42Z,0.68,45.79,0.47,0.48
2025-08-10T16:11:42Z,1.41,11.25,1.38,0.28
2025-08-10T16:12:42Z,1.24,47.65,0.84,0.92
2025-08-10T16:13:42Z,0.87,70.57,0.29,0.82
2025-08-10T16:14:42Z,1.39,27.65,1.23,0.65
2025-08-10T16:15:42Z,1.31,19.21,1.24,0.43
2025-08-10T16:16:42Z,1.18,14.62,1.14,0.3
2025-08-10T16:17:42Z,1.25,21.91,1.16,0.46
2025-08-10T16:18:42Z,0.63,38.53,0.49,0.39
2025-08-10T16:19:42Z,0.56,6.16,0.55,0.06
2025-08-10T16:20:42Z,0.76,13.19,0.74,0.17
2025-08-10T16:21:42Z,0.79,14.68,0.76,0.2
2025-08-10T16:22:42Z,0.73,12.92,0.71,0.16
2025-08-10T16:23:42Z,1.24,25.84,1.11,0.54
2025-08-10T16:24:42Z,1.07,16.03,1.03,0.3
2025-08-10T16:25:42Z,0.52,54.78,0.3,0.43
2025-08-10T16:26:42Z,0.9,20.04,0.85,0.31
2025-08-10T16:27:42Z,1.06,27.94,0.94,0.5
2025-08-10T16:28:42Z,1.17,37.17,0.93,0.71
2025-08-10T16:29:42Z,1,17.99,0.95,0.31
2025-08-10T16:30:42Z,0.89,36.64,0.71,0.53
2025-08-10T16:31:42Z,0.97,45.84,0.67,0.69
2025-08-10T16:32:42Z,1.11,55,0.64,0.91
2025-08-10T16:33:42Z,0.92,46.3,0.63,0.66
2025-08-10T16:34:42Z,1.19,43.94,0.86,0.83
2025-08-10T16:35:42Z,0.9,47.04,0.62,0.66
2025-08-10T16:36:42Z,1.34,51.67,0.83,1.05
2025-08-10T16:37:42Z,1.54,49.77,0.99,1.17
2025-08-10T16:38:42Z,1.37,36.46,1.1,0.81
2025-08-10T16:39:42Z,1.4,29.05,1.22,0.68
2025-08-10T16:40:42Z,1.62,53.68,0.96,1.3
2025-08-10T16:41:42Z,1.06,39.36,0.82,0.67
2025-08-10T16:42:42Z,1.07,61.42,0.51,0.94
2025-08-10T16:43:42Z,0.86,33.45,0.72,0.47
2025-08-10T16:44:42Z,1,52.23,0.61,0.79
2025-08-10T16:45:42Z,0.81,81.02,0.13,0.8
2025-08-10T16:46:42Z,0.92,52.28,0.57,0.73
2025-08-10T16:47:42Z,1.11,41.01,0.84,0.73
2025-08-10T16:48:42Z,0.83,54.49,0.48,0.68
2025-08-10T16:49:42Z,1.09,29.19,0.95,0.53
2025-08-10T16:50:42Z,1.47,41.36,1.1,0.97
2025-08-10T16:51:42Z,1.06,58.11,0.56,0.9
2025-08-10T16:52:42Z,1.71,27.12,1.52,0.78
2025-08-10T16:53:42Z,1.08,46.73,0.74,0.79
2025-08-10T16:54:42Z,1.16,41.73,0.87,0.78
2025-08-10T16:55:42Z,1.49,37.81,1.18,0.91
2025-08-10T16:56:42Z,0.85,56.2,0.47,0.71
2025-08-10T16:57:42Z,1.55,49.71,1,1.18
2025-08-10T16:58:42Z,0.82,72.45,0.25,0.78
2025-08-10T16:59:42Z,0.87,41.02,0.66,0.57
2025-08-10T17:00:42Z,1.05,33.2,0.88,0.57
2025-08-10T17:01:42Z,0.72,54.1,0.42,0.58
2025-08-10T17:02:42Z,1.07,2.59,1.07,0.05
2025-08-10T17:03:42Z,1.08,16.13,1.04,0.3
2025-08-10T17:04:42Z,0.86,28.66,0.75,0.41
2025-08-10T17:05:42Z,0.61,64.4,0.26,0.55
2025-08-10T17:06:42Z,0.74,33.99,0.61,0.41
2025-08-10T17:07:42Z,1.07,11.65,1.05,0.22
2025-08-10T17:08:42Z,0.85,3.97,0.85,0.06
2025-08-10T17:09:42Z,0.97,10.42,0.95,0.18
2025-08-10T17:10:42Z,0.67,357.8,0.66,-0.03
2025-08-10T17:11:42Z,0.64,44.24,0.46,0.45
2025-08-10T17:12:42Z,0.84,20.83,0.79,0.3
2025-08-10T17:13:42Z,0.77,35.37,0.63,0.45
2025-08-10T17:14:42Z,0.53,31.33,0.45,0.27
2025-08-10T17:15:42Z,0.81,66.52,0.32,0.74
2025-08-10T17:16:42Z,0.82,5.31,0.82,0.08
2025-08-10T17:17:42Z,0.46,18.06,0.43,0.14
2025-08-10T17:18:42Z,1.04,31.59,0.88,0.54
2025-08-10T17:19:42Z,1,28.4,0.88,0.48
2025-08-10T17:20:42Z,0.71,41.39,0.53,0.47
2025-08-10T17:21:42Z,1.01,36.54,0.82,0.6
2025-08-10T17:22:42Z,0.8,21.05,0.74,0.29
2025-08-10T17:23:42Z,0.9,20.5,0.84,0.31
2025-08-10T17:24:42Z,0.55,55.86,0.31,0.46
2025-08-10T17:25:42Z,0.94,30.05,0.81,0.47
2025-08-10T17:26:42Z,0.63,63.74,0.28,0.56
2025-08-10T17:27:42Z,0.94,42.86,0.69,0.64
2025-08-10T17:28:42Z,0.99,21.34,0.92,0.36
2025-08-10T17:29:42Z,0.81,27.82,0.72,0.38
2025-08-10T17:30:42Z,0.85,36.62,0.68,0.51
2025-08-10T17:31:42Z,1.32,30.85,1.13,0.67
2025-08-10T17:32:42Z,0.63,76.5,0.15,0.61
2025-08-10T17:33:42Z,0.64,53.18,0.39,0.52
2025-08-10T17:34:42Z,1.04,61.33,0.5,0.91
2025-08-10T17:35:42Z,1.09,36.2,0.88,0.64
2025-08-10T17:36:42Z,1.1,32.71,0.93,0.59
2025-08-10T17:37:42Z,1.29,25.28,1.17,0.55
2025-08-10T17:38:42Z,1.11,358.41,1.11,-0.03
2025-08-10T17:39:42Z,1.12,25.09,1.02,0.48
2025-08-10T17:40:42Z,0.85,32.13,0.72,0.45
2025-08-10T17:41:42Z,1.05,26.32,0.94,0.47
2025-08-10T17:42:42Z,0.83,20.85,0.78,0.3
2025-08-10T17:43:42Z,1.17,26.77,1.05,0.53
2025-08-10T17:44:42Z,0.77,37.08,0.62,0.47
2025-08-10T17:45:42Z,0.67,17.21,0.64,0.2
2025-08-10T17:46:42Z,0.6,4.82,0.6,0.05
2025-08-10T17:47:42Z,0.4,61.67,0.19,0.35
2025-08-10T17:48:42Z,0.54,29.02,0.47,0.26
2025-08-10T17:49:42Z,1.02,46.88,0.7,0.75
2025-08-10T17:50:42Z,0.98,29.03,0.86,0.48
2025-08-10T17:51:42Z,0.84,11.23,0.82,0.16
2025-08-10T17:52:42Z,1.01,7.79,1,0.14
2025-08-10T17:53:42Z,1.06,18.79,1,0.34
2025-08-10T17:54:42Z,1.02,40.33,0.78,0.66
2025-08-10T17:55:42Z,1.2,19.83,1.13,0.41
2025-08-10T17:56:42Z,0.94,37.1,0.75,0.57
2025-08-10T17:57:42Z,0.81,63.26,0.36,0.72
2025-08-10T17:58:42Z,1.02,41.04,0.77,0.67
2025-08-10T17:59:42Z,1.9,31.58,1.62,0.99
2025-08-10T18:00:42Z,1.12,43.87,0.8,0.77
2025-08-10T18:01:42Z,1.28,84.49,0.12,1.27
2025-08-10T18:02:42Z,1.02,53.28,0.61,0.82
2025-08-10T18:03:42Z,0.86,31.85,0.73,0.45
2025-08-10T18:04:42Z,1.2,29.53,1.05,0.59
2025-08-10T18:05:42Z,1.41,46.14,0.98,1.02
2025-08-10T18:06:42Z,1,58.83,0.52,0.86
2025-08-10T18:07:42Z,1.21,38.67,0.95,0.76
2025-08-10T18:08:42Z,1.17,37.23,0.93,0.71
2025-08-10T18:09:42Z,1.12,41.74,0.84,0.75
2025-08-10T18:10:42Z,1.23,36.44,0.99,0.73
2025-08-10T18:11:42Z,1.06,39.37,0.82,0.67
2025-08-10T18:12:42Z,0.87,32.94,0.73,0.47
2025-08-10T18:13:42Z,0.83,31.97,0.71,0.44
2025-08-10T18:14:42Z,0.7,29.09,0.61,0.34
2025-08-10T18:15:42Z,0.82,32.33,0.69,0.44
2025-08-10T18:16:42Z,0.86,37.23,0.68,0.52
2025-08-10T18:17:42Z,0.79,27.87,0.7,0.37
2025-08-10T18:18:42Z,0.64,34.89,0.53,0.37
2025-08-10T18:19:42Z,0.82,49.79,0.53,0.62
2025-08-10T18:20:42Z,0.85,58.35,0.44,0.72
2025-08-10T18:21:42Z,1.03,67.05,0.4,0.94
2025-08-10T18:22:42Z,1.5,49.74,0.97,1.15
2025-08-10T18:23:42Z,1.24,70.1,0.42,1.17
2025-08-10T18:24:42Z,1.43,52.71,0.87,1.14
2025-08-10T18:25:42Z,1.46,51.97,0.9,1.15
2025-08-10T18:26:42Z,1.41,57.51,0.76,1.19
2025-08-10T18:27:42Z,1.6,52.46,0.97,1.27
2025-08-10T18:28:42Z,1.5,58.29,0.79,1.28
2025-08-10T18:29:42Z,1.23,69.87,0.42,1.15
2025-08-10T18:30:42Z,1.14,66.98,0.45,1.05
2025-08-10T18:31:42Z,0.93,70.63,0.31,0.88
2025-08-10T18:32:42Z,1.39,32.24,1.17,0.74
2025-08-10T18:33:42Z,1.22,65.74,0.5,1.11
2025-08-10T18:34:42Z,1.36,54.09,0.8,1.11
2025-08-10T18:35:42Z,1.22,41.19,0.92,0.8
2025-08-10T18:36:42Z,1.2,52.24,0.73,0.95
2025-08-10T18:37:42Z,1.46,59.91,0.73,1.26
2025-08-10T18:38:42Z,1.11,30.75,0.95,0.57
2025-08-10T18:39:42Z,0.95,35.41,0.78,0.55
2025-08-10T18:40:42Z,1,40.4,0.76,0.65
2025-08-10T18:41:42Z,1.13,27.75,1,0.53
2025-08-10T18:42:42Z,1.43,25.32,1.29,0.61
2025-08-10T18:43:42Z,1.44,21.47,1.34,0.53
2025-08-10T18:44:42Z,1.42,352.08,1.41,-0.2
2025-08-10T18:45:42Z,1.02,8.5,1.01,0.15
2025-08-10T18:46:42Z,0.88,359.8,0.88,-0
2025-08-10T18:47:42Z,1.41,24.66,1.28,0.59
2025-08-10T18:48:42Z,1.34,27.03,1.19,0.61
2025-08-10T18:49:42Z,0.79,52.61,0.48,0.63
2025-08-10T18:50:42Z,0.85,28.66,0.74,0.41
2025-08-10T18:51:42Z,0.97,24.39,0.88,0.4
2025-08-10T18:52:42Z,1.2,18.86,1.13,0.39
2025-08-10T18:53:42Z,1.12,21.12,1.05,0.4
2025-08-10T18:54:42Z,1.09,27.82,0.97,0.51
2025-08-10T18:55:42Z,1,46.06,0.69,0.72
2025-08-10T18:56:42Z,1.26,23.1,1.16,0.5
2025-08-10T18:57:42Z,1.06,32.54,0.9,0.57
2025-08-10T18:58:42Z,1.03,23.08,0.95,0.41
2025-08-10T18:59:42Z,1.04,26.54,0.93,0.46
2025-08-10T19:00:42Z,1.6,34.37,1.32,0.91
2025-08-10T19:01:42Z,1.33,32.85,1.12,0.72
2025-08-10T19:02:42Z,1.3,48.91,0.85,0.98
2025-08-10T19:03:42Z,1.27,57.88,0.67,1.07
2025-08-10T19:04:42Z,1.25,55.74,0.7,1.03
2025-08-10T19:05:42Z,1.35,48.36,0.9,1.01
2025-08-10T19:06:42Z,1.74,65.62,0.72,1.59
2025-08-10T19:07:42Z,1.23,49.96,0.79,0.94
2025-08-10T19:08:42Z,1.56,64.8,0.66,1.41
2025-08-10T19:09:42Z,1.52,51.25,0.95,1.19
2025-08-10T19:10:42Z,1.67,51.17,1.05,1.3
2025-08-10T19:11:42Z,1.97,85.14,0.17,1.97
2025-08-10T19:12:42Z,1.49,68.22,0.55,1.39
2025-08-10T19:13:42Z,1.77,58.51,0.92,1.51
2025-08-10T19:14:42Z,1.25,52.53,0.76,1
2025-08-10T19:15:42Z,0.96,38.55,0.75,0.6
2025-08-10T19:16:42Z,0.96,45.67,0.67,0.69
2025-08-10T19:17:42Z,1.08,36.81,0.87,0.65
2025-08-10T19:18:42Z,0.8,24.9,0.73,0.34
2025-08-10T19:19:42Z,0.88,44.33,0.63,0.61
2025-08-10T19:20:42Z,1.04,50.23,0.67,0.8
2025-08-10T19:21:42Z,0.54,32.51,0.45,0.29
2025-08-10T19:22:42Z,0.62,59.6,0.31,0.53
2025-08-10T19:23:42Z,0.65,36.53,0.53,0.39
2025-08-10T19:24:42Z,0.79,30.76,0.68,0.4
2025-08-10T19:25:42Z,0.81,28.36,0.72,0.39
2025-08-10T19:26:42Z,1.11,43.86,0.8,0.77
2025-08-10T19:27:42Z,0.81,49.06,0.53,0.61
2025-08-10T19:28:42Z,0.83,43.34,0.6,0.57
2025-08-10T19:29:42Z,0.34,42.24,0.25,0.23
2025-08-10T19:30:42Z,0.93,7.6,0.93,0.12
2025-08-10T19:31:42Z,0.61,11.86,0.59,0.12
2025-08-10T19:32:42Z,0.64,17.31,0.61,0.19
2025-08-10T19:33:42Z,0.87,48.63,0.57,0.65
2025-08-10T19:34:42Z,0.81,36.33,0.66,0.48
2025-08-10T19:35:42Z,0.72,91.69,-0.02,0.72
2025-08-10T19:36:42Z,0.89,45.96,0.62,0.64
2025-08-10T19:37:42Z,0.76,35.91,0.61,0.44
2025-08-10T19:38:42Z,0.9,23.78,0.82,0.36
2025-08-10T19:39:42Z,0.85,54.64,0.49,0.69
2025-08-10T19:40:42Z,1.29,61.76,0.61,1.13
2025-08-10T19:41:42Z,1.53,65,0.65,1.39
2025-08-10T19:42:42Z,1.01,90.02,-0,1.01
2025-08-10T19:43:42Z,1.52,43.47,1.11,1.05
2025-08-10T19:44:42Z,1.23,48.65,0.81,0.92
2025-08-10T19:45:42Z,1.09,47.14,0.74,0.8
2025-08-10T19:46:42Z,0.91,64.64,0.39,0.83
2025-08-10T19:47:42Z,0.87,43.99,0.63,0.6
2025-08-10T19:48:42Z,0.91,46.11,0.63,0.66
2025-08-10T19:49:42Z,1.52,82.73,0.19,1.5
2025-08-10T19:50:42Z,1.48,63.6,0.66,1.33
2025-08-10T19:51:42Z,1.43,50.99,0.9,1.11
2025-08-10T19:52:42Z,1.44,66.52,0.57,1.32
2025-08-10T19:53:42Z,1.25,59.73,0.63,1.08
2025-08-10T19:54:42Z,1.15,41,0.87,0.76
2025-08-10T19:55:42Z,1.22,44.54,0.87,0.86
2025-08-10T19:56:42Z,1.17,65.36,0.49,1.06
2025-08-10T19:57:42Z,2.31,71.17,0.75,2.19
2025-08-10T19:58:42Z,1.68,69.9,0.58,1.58
2025-08-10T19:59:42Z,1.61,58.83,0.83,1.37
2025-08-10T20:00:42Z,1.02,57.64,0.55,0.86
2025-08-10T20:01:42Z,0.82,44.65,0.59,0.58
2025-08-10T20:02:42Z,1.16,60.65,0.57,1.01
2025-08-10T20:03:42Z,2.36,54.5,1.37,1.92
2025-08-10T20:04:42Z,1.74,45.69,1.22,1.25
2025-08-10T20:05:42Z,3.06,78.16,0.63,3
2025-08-10T20:06:42Z,2.04,87.75,0.08,2.04
2025-08-10T20:07:42Z,1.7,51.15,1.07,1.33
2025-08-10T20:08:42Z,1.61,43.9,1.16,1.12
2025-08-10T20:09:42Z,1.35,72.61,0.4,1.28
2025-08-10T20:10:42Z,1.07,67.9,0.4,0.99
2025-08-10T20:11:42Z,1.27,46.21,0.88,0.92
2025-08-10T20:12:42Z,1.4,48.81,0.92,1.05
2025-08-10T20:13:42Z,0.95,36.89,0.76,0.57
2025-08-10T20:14:42Z,0.74,44.04,0.53,0.52
2025-08-10T20:15:42Z,0.89,41.58,0.67,0.59
2025-08-10T20:16:42Z,1.41,60.17,0.7,1.22
2025-08-10T20:17:42Z,2.2,83.19,0.26,2.19
2025-08-10T20:18:42Z,1.5,40.29,1.15,0.97
2025-08-10T20:19:42Z,0.95,37.42,0.75,0.58
2025-08-10T20:20:42Z,0.81,45.43,0.57,0.58
2025-08-10T20:21:42Z,1.73,55.81,0.97,1.43
2025-08-10T20:22:42Z,1.67,65.8,0.68,1.52
2025-08-10T20:23:42Z,1.77,65.21,0.74,1.61
2025-08-10T20:24:42Z,2.5,75.76,0.62,2.42
2025-08-10T20:25:42Z,2.82,79.38,0.52,2.77
2025-08-10T20:26:42Z,4.5,80.22,0.77,4.44
2025-08-10T20:27:42Z,6.12,82.1,0.84,6.06
2025-08-10T20:28:42Z,3.17,93,-0.17,3.17
2025-08-10T20:29:42Z,3.37,86.85,0.19,3.37
2025-08-10T20:30:42Z,1.82,82.21,0.25,1.8
2025-08-10T20:31:42Z,2.35,120.34,-1.19,2.03
2025-08-10T20:32:42Z,1.39,72.24,0.43,1.33
2025-08-10T20:33:42Z,0.58,93.66,-0.04,0.58
2025-08-10T20:34:42Z,0.95,347.1,0.92,-0.21
2025-08-10T20:35:42Z,0.81,11.74,0.79,0.16
2025-08-10T20:36:42Z,1.07,61.96,0.5,0.94
2025-08-10T20:37:42Z,1.62,42.65,1.19,1.1
2025-08-10T20:38:42Z,2.3,59.95,1.15,1.99
2025-08-10T20:39:42Z,2.04,28.41,1.79,0.97
2025-08-10T20:40:42Z,1.47,358.6,1.47,-0.04
2025-08-10T20:41:42Z,1.33,23.03,1.22,0.52
2025-08-10T20:42:42Z,1.34,37.86,1.06,0.83
2025-08-10T20:43:42Z,1.02,64.96,0.43,0.92
2025-08-10T20:44:42Z,0.89,43.36,0.65,0.61
2025-08-10T20:45:42Z,1.45,70.27,0.49,1.37
2025-08-10T20:46:42Z,1.38,63.9,0.61,1.24
2025-08-10T20:47:42Z,0.81,58.65,0.42,0.69
2025-08-10T20:48:42Z,0.83,49.67,0.54,0.63
2025-08-10T20:49:42Z,0.89,32.02,0.76,0.47
2025-08-10T20:50:42Z,0.75,45.57,0.53,0.54
2025-08-10T20:51:42Z,0.76,49.1,0.5,0.57
2025-08-10T20:52:42Z,1.02,30.08,0.88,0.51
2025-08-10T20:53:42Z,1.38,14.05,1.34,0.34
2025-08-10T20:54:42Z,1.02,21.58,0.95,0.37
2025-08-10T20:55:42Z,1.05,35,0.86,0.6
2025-08-10T20:56:42Z,1.78,28.67,1.56,0.85
2025-08-10T20:57:42Z,1.3,43.05,0.95,0.89
2025-08-10T20:58:42Z,0.68,51.68,0.42,0.53
2025-08-10T20:59:42Z,1.03,30.71,0.88,0.52
2025-08-10T21:00:42Z,0.39,56.36,0.22,0.33
2025-08-10T21:01:42Z,0.75,31.33,0.64,0.39
2025-08-10T21:02:42Z,0.66,35.75,0.54,0.39
2025-08-10T21:03:42Z,0.83,51.24,0.52,0.65
2025-08-10T21:04:42Z,0.9,53.7,0.54,0.73
2025-08-10T21:05:42Z,1.07,70.45,0.36,1.01
2025-08-10T21:06:42Z,1.13,70.53,0.38,1.07
2025-08-10T21:07:42Z,1.08,57.33,0.58,0.91
2025-08-10T21:08:42Z,0.74,36.47,0.6,0.44
2025-08-10T21:09:42Z,0.91,64.67,0.39,0.82
2025-08-10T21:10:42Z,0.79,39.34,0.61,0.5
2025-08-10T21:11:42Z,1.01,51.69,0.63,0.8
2025-08-10T21:12:42Z,0.96,50.04,0.62,0.74
2025-08-10T21:13:42Z,1.16,33.94,0.96,0.65
2025-08-10T21:14:42Z,1.15,6.68,1.14,0.13
2025-08-10T21:15:42Z,0.86,35.1,0.71,0.5
2025-08-10T21:16:42Z,0.89,67.1,0.35,0.82
2025-08-10T21:17:42Z,1.22,75.08,0.31,1.18
2025-08-10T21:18:42Z,1.05,51.9,0.65,0.83
2025-08-10T21:19:42Z,1.21,76.1,0.29,1.17
2025-08-10T21:20:42Z,1.1,52.62,0.67,0.88
2025-08-10T21:21:42Z,0.9,66.06,0.37,0.82
2025-08-10T21:22:42Z,1.54,65.18,0.65,1.4
2025-08-10T21:23:42Z,1.7,70.4,0.57,1.6
2025-08-10T21:24:42Z,1.55,58.08,0.82,1.31
2025-08-10T21:25:42Z,1.07,42.5,0.79,0.73
2025-08-10T21:26:42Z,0.89,17.83,0.85,0.27
2025-08-10T21:27:42Z,0.71,17.27,0.68,0.21
2025-08-10T21:28:42Z,0.97,57.76,0.52,0.82
2025-08-10T21:29:42Z,1.14,42.54,0.84,0.77
2025-08-10T21:30:42Z,0.84,71.54,0.27,0.8
2025-08-10T21:31:42Z,1.2,68.92,0.43,1.12
2025-08-10T21:32:42Z,1.02,50.47,0.65,0.79
2025-08-10T21:33:42Z,0.82,36.61,0.66,0.49
2025-08-10T21:34:42Z,1.02,29.79,0.88,0.51
2025-08-10T21:35:42Z,0.85,61.26,0.41,0.74
2025-08-10T21:36:42Z,0.95,76.44,0.22,0.93
2025-08-10T21:37:42Z,0.46,76.76,0.11,0.45
2025-08-10T21:38:42Z,0.56,334.62,0.51,-0.24
2025-08-10T21:39:42Z,0.33,306.11,0.2,-0.27
2025-08-10T21:40:42Z,0.5,311.28,0.33,-0.37
2025-08-10T21:41:42Z,0.38,27.65,0.34,0.18
2025-08-10T21:42:42Z,0.7,52.48,0.43,0.56
2025-08-10T21:43:42Z,0.53,31.04,0.46,0.27
2025-08-10T21:44:42Z,0.52,22.01,0.48,0.2
2025-08-10T21:45:42Z,0.7,8.21,0.69,0.1
2025-08-10T21:46:42Z,0.55,43.26,0.4,0.37
2025-08-10T21:47:42Z,1.11,25.71,1,0.48
2025-08-10T21:48:42Z,0.42,61.98,0.2,0.37
2025-08-10T21:49:42Z,0.52,358.56,0.52,-0.01
2025-08-10T21:50:42Z,0.31,59.22,0.16,0.27
2025-08-10T21:51:42Z,0.84,47.29,0.57,0.62
2025-08-10T21:52:42Z,0.72,38.67,0.56,0.45
2025-08-10T21:53:42Z,0.65,4.31,0.64,0.05
2025-08-10T21:54:42Z,0.57,36.98,0.46,0.34
2025-08-10T21:55:42Z,0.67,37.86,0.53,0.41
2025-08-10T21:56:42Z,0.73,10.1,0.72,0.13
2025-08-10T21:57:42Z,0.76,47.64,0.51,0.56
2025-08-10T21:58:42Z,0.73,37.02,0.58,0.44
2025-08-10T21:59:42Z,0.78,32.14,0.66,0.41
2025-08-10T22:00:42Z,0.57,17.76,0.55,0.18
2025-08-10T22:01:42Z,0.91,46.24,0.63,0.66
2025-08-10T22:02:42Z,1.03,44.75,0.73,0.73
2025-08-10T22:03:42Z,0.88,29.65,0.77,0.44
2025-08-10T22:04:42Z,0.93,21.09,0.87,0.34
2025-08-10T22:05:42Z,0.69,32.14,0.58,0.37
2025-08-10T22:06:42Z,0.64,34.61,0.53,0.36
2025-08-10T22:07:42Z,0.81,50,0.52,0.62
2025-08-10T22:08:42Z,0.75,40.58,0.57,0.49
2025-08-10T22:09:42Z,0.84,55.5,0.47,0.69
2025-08-10T22:10:42Z,0.64,45.93,0.45,0.46
2025-08-10T22:11:42Z,1.01,31.38,0.86,0.53
2025-08-10T22:12:42Z,1.09,36.82,0.87,0.65
2025-08-10T22:13:42Z,0.83,47.69,0.56,0.61
2025-08-10T22:14:42Z,0.62,26.32,0.56,0.28
2025-08-10T22:15:42Z,0.8,34.64,0.66,0.45
2025-08-10T22:16:42Z,0.77,12.13,0.76,0.16
2025-08-10T22:17:42Z,0.65,2.87,0.65,0.03
2025-08-10T22:18:42Z,0.68,357.23,0.68,-0.03
2025-08-10T22:19:42Z,1.04,353.45,1.04,-0.12
2025-08-10T22:20:42Z,0.53,4.16,0.53,0.04
2025-08-10T22:21:42Z,0.51,55.2,0.29,0.42
2025-08-10T22:22:42Z,0.77,16.88,0.74,0.22
2025-08-10T22:23:42Z,0.76,4.7,0.76,0.06
2025-08-10T22:24:42Z,0.75,27.2,0.67,0.34
2025-08-10T22:25:42Z,1.21,19.51,1.14,0.4
2025-08-10T22:26:42Z,0.93,40.58,0.71,0.61
2025-08-10T22:27:42Z,0.88,44.54,0.63,0.62
2025-08-10T22:28:42Z,1.02,19.49,0.96,0.34
2025-08-10T22:29:42Z,0.82,35.29,0.67,0.47
2025-08-10T22:30:42Z,0.79,21.6,0.74,0.29
2025-08-10T22:31:42Z,0.35,43.84,0.25,0.24
2025-08-10T22:32:42Z,0.64,46.94,0.44,0.47
2025-08-10T22:33:42Z,0.81,31.54,0.69,0.42
2025-08-10T22:34:42Z,0.78,47.37,0.53,0.57
2025-08-10T22:35:42Z,0.82,44.4,0.59,0.57
2025-08-10T22:36:42Z,0.83,23.89,0.76,0.34
2025-08-10T22:37:42Z,0.75,9.11,0.74,0.12
2025-08-10T22:38:42Z,0.98,31.06,0.84,0.51
2025-08-10T22:39:42Z,0.75,34.98,0.61,0.43
2025-08-10T22:40:42Z,0.99,33.25,0.83,0.54
2025-08-10T22:41:42Z,0.99,46.53,0.68,0.72
2025-08-10T22:42:42Z,0.75,46.45,0.52,0.55
2025-08-10T22:43:42Z,1.3,19.47,1.23,0.43
2025-08-10T22:44:42Z,0.89,16.49,0.86,0.25
2025-08-10T22:45:42Z,0.81,21.34,0.75,0.29
2025-08-10T22:46:42Z,0.62,15.36,0.59,0.16
2025-08-10T22:47:42Z,0.73,26.69,0.65,0.33
2025-08-10T22:48:42Z,0.38,16.9,0.36,0.11
2025-08-10T22:49:42Z,0.62,51.13,0.39,0.48
2025-08-10T22:50:42Z,1.11,355.7,1.11,-0.08
2025-08-10T22:51:42Z,0.77,355.01,0.77,-0.07
2025-08-10T22:52:42Z,0.75,8,0.74,0.1
2025-08-10T22:53:42Z,0.73,12.04,0.71,0.15
2025-08-10T22:54:42Z,0.77,20.95,0.72,0.27
2025-08-10T22:55:42Z,0.61,37.4,0.49,0.37
2025-08-10T22:56:42Z,0.86,26.43,0.77,0.38
2025-08-10T22:57:42Z,0.74,342.96,0.71,-0.22
2025-08-10T22:58:42Z,0.35,10.61,0.35,0.07
2025-08-10T22:59:42Z,0.61,21.78,0.56,0.22
2025-08-10T23:00:42Z,0.68,36.24,0.54,0.4
2025-08-10T23:01:42Z,0.9,7.24,0.89,0.11
2025-08-10T23:02:42Z,0.78,12.8,0.76,0.17
2025-08-10T23:03:42Z,0.78,18.06,0.74,0.24
2025-08-10T23:04:42Z,1.19,339.63,1.12,-0.42
2025-08-10T23:05:42Z,0.79,307.77,0.48,-0.62
2025-08-10T23:06:42Z,0.58,342.18,0.55,-0.18
2025-08-10T23:07:42Z,0.65,33.33,0.54,0.35
2025-08-10T23:08:42Z,0.9,41.49,0.67,0.59
2025-08-10T23:09:42Z,0.45,41.82,0.34,0.3
2025-08-10T23:10:42Z,0.45,9.1,0.44,0.07
2025-08-10T23:11:42Z,0.58,326.64,0.48,-0.32
2025-08-10T23:12:42Z,0.64,352.93,0.63,-0.08
2025-08-10T23:13:42Z,0.68,15.29,0.66,0.18
2025-08-10T23:14:42Z,0.6,26.41,0.54,0.27
2025-08-10T23:15:42Z,0.54,24.41,0.49,0.22
2025-08-10T23:16:42Z,0.64,46.25,0.44,0.46
2025-08-10T23:17:42Z,0.53,52.5,0.32,0.42
2025-08-10T23:18:42Z,0.86,5.8,0.85,0.09
2025-08-10T23:19:42Z,0.55,2.35,0.55,0.02
2025-08-10T23:20:42Z,1.08,42.68,0.8,0.74
2025-08-10T23:21:42Z,0.78,43.88,0.56,0.54
2025-08-10T23:22:42Z,0.59,57.57,0.31,0.5
2025-08-10T23:23:42Z,0.95,49.69,0.61,0.72
2025-08-10T23:24:42Z,1,6.52,1,0.11
2025-08-10T23:25:42Z,0.88,26.96,0.78,0.4
2025-08-10T23:26:42Z,0.73,40.33,0.56,0.47
2025-08-10T23:27:42Z,0.83,30.02,0.72,0.41
2025-08-10T23:28:42Z,0.6,21.52,0.56,0.22
2025-08-10T23:29:42Z,0.55,50.26,0.35,0.42
2025-08-10T23:30:42Z,0.45,37.66,0.36,0.28
2025-08-10T23:31:42Z,0.41,9.51,0.4,0.07
2025-08-10T23:32:42Z,0.58,23.39,0.53,0.23
2025-08-10T23:33:42Z,0.48,8.19,0.47,0.07
2025-08-10T23:34:42Z,0.53,351.89,0.53,-0.08
2025-08-10T23:35:42Z,0.38,348.85,0.37,-0.07
2025-08-10T23:36:42Z,0.44,14.38,0.43,0.11
2025-08-10T23:37:42Z,0.77,78.17,0.16,0.75
2025-08-10T23:38:42Z,0.46,48.66,0.3,0.34
2025-08-10T23:39:42Z,0.52,50.5,0.33,0.41
2025-08-10T23:40:42Z,0.77,40.82,0.58,0.5
2025-08-10T23:41:42Z,0.49,19.79,0.46,0.16
2025-08-10T23:42:42Z,0.11,61.1,0.06,0.1
2025-08-10T23:43:42Z,0.53,295.77,0.23,-0.47
2025-08-10T23:44:42Z,1.51,277.18,0.19,-1.5
2025-08-10T23:45:42Z,0.39,346.73,0.38,-0.09
2025-08-10T23:46:42Z,0.82,338.65,0.76,-0.3
2025-08-10T23:47:42Z,0.69,57.64,0.37,0.58
2025-08-10T23:48:42Z,0.55,77.5,0.12,0.53
2025-08-10T23:49:42Z,0.87,56.82,0.47,0.72
2025-08-10T23:50:42Z,0.78,343.75,0.75,-0.22
2025-08-10T23:51:42Z,0.76,16.97,0.73,0.22
2025-08-10T23:52:42Z,0.54,33.56,0.45,0.3
2025-08-10T23:53:42Z,0.71,45.55,0.5,0.51
2025-08-10T23:54:42Z,0.33,61.01,0.16,0.29
2025-08-10T23:55:42Z,0.91,15.02,0.88,0.24
2025-08-10T23:56:42Z,0.79,85.57,0.06,0.79
2025-08-10T23:57:42Z,0.75,65.21,0.31,0.68
2025-08-10T23:58:42Z,1.02,79.78,0.18,1
2025-08-10T23:59:42Z,0.87,34.21,0.72,0.49
2025-08-11T00:00:42Z,1.28,73.4,0.37,1.23
2025-08-11T00:01:42Z,0.77,40.94,0.58,0.51
2025-08-11T00:02:42Z,1.29,55.66,0.73,1.07
2025-08-11T00:03:42Z,0.4,44.83,0.28,0.28
2025-08-11T00:04:42Z,0.76,47.03,0.52,0.55
2025-08-11T00:05:42Z,0.84,55.61,0.47,0.69
2025-08-11T00:06:42Z,1.1,38.11,0.87,0.68
2025-08-11T00:07:42Z,1.24,48.34,0.82,0.93
2025-08-11T00:08:42Z,0.83,38.04,0.66,0.51
2025-08-11T00:09:42Z,0.14,0.6,0.14,0
2025-08-11T00:10:42Z,0.58,33.17,0.49,0.32
2025-08-11T00:11:42Z,1,55.54,0.56,0.82
2025-08-11T00:12:42Z,0.51,91.81,-0.02,0.51
2025-08-11T00:13:42Z,0.69,71.01,0.22,0.65
2025-08-11T00:14:42Z,0.38,50.55,0.24,0.29
2025-08-11T00:15:42Z,0.85,33.77,0.7,0.47
2025-08-11T00:16:42Z,0.72,11.94,0.71,0.15
2025-08-11T00:17:42Z,0.59,23.64,0.54,0.24
2025-08-11T00:18:42Z,1.27,32.18,1.08,0.68
2025-08-11T00:19:42Z,0.72,37.43,0.57,0.44
2025-08-11T00:20:42Z,0.7,45.73,0.49,0.5
2025-08-11T00:21:42Z,1.27,54.1,0.75,1.03
2025-08-11T00:22:42Z,1.19,40.97,0.9,0.78
2025-08-11T00:23:42Z,1.09,46.24,0.75,0.79
2025-08-11T00:24:42Z,1.03,10.01,1.01,0.18
2025-08-11T00:25:42Z,0.7,22.84,0.64,0.27
2025-08-11T00:26:42Z,0.73,36.75,0.59,0.44
2025-08-11T00:27:42Z,0.15,212.01,-0.12,-0.08
2025-08-11T00:28:42Z,0.74,356.14,0.74,-0.05
2025-08-11T00:29:42Z,0.79,336.19,0.72,-0.32
2025-08-11T00:30:42Z,0.57,48.8,0.37,0.43
2025-08-11T00:31:42Z,0.69,17.23,0.66,0.2
2025-08-11T00:32:42Z,0.68,332.16,0.6,-0.32
2025-08-11T00:33:42Z,1.26,6.56,1.25,0.14
2025-08-11T00:34:42Z,0.82,58.96,0.42,0.7
2025-08-11T00:35:42Z,1.22,60.64,0.6,1.06
2025-08-11T00:36:42Z,0.94,32.96,0.79,0.51
2025-08-11T00:37:42Z,0.44,24.66,0.4,0.18
2025-08-11T00:38:42Z,0.75,27.29,0.66,0.34
2025-08-11T00:39:42Z,0.83,51.77,0.51,0.65
2025-08-11T00:40:42Z,0.68,36.99,0.55,0.41
2025-08-11T00:41:42Z,0.53,50.04,0.34,0.4
2025-08-11T00:42:42Z,0.73,344.09,0.7,-0.2
2025-08-11T00:43:42Z,0.84,35.28,0.69,0.49
2025-08-11T00:44:42Z,1.58,76.61,0.36,1.53
2025-08-11T00:45:42Z,0.89,37.56,0.71,0.54
2025-08-11T00:46:42Z,0.94,55.93,0.53,0.78
2025-08-11T00:47:42Z,0.81,89.85,0,0.81
2025-08-11T00:48:42Z,0.61,79.21,0.11,0.6
2025-08-11T00:49:42Z,0.57,16.09,0.55,0.16
2025-08-11T00:50:42Z,0.92,359.9,0.92,-0
2025-08-11T00:51:42Z,0.73,9.08,0.72,0.11
2025-08-11T00:52:42Z,0.6,55.66,0.34,0.49
2025-08-11T00:53:42Z,0.77,48.52,0.51,0.58
2025-08-11T00:54:42Z,0.69,47.4,0.47,0.51
2025-08-11T00:55:42Z,1.06,41.45,0.79,0.7
2025-08-11T00:56:42Z,0.63,49.22,0.41,0.48
2025-08-11T00:57:42Z,0.91,56.68,0.5,0.76
2025-08-11T00:58:42Z,0.85,66.59,0.34,0.78
2025-08-11T00:59:42Z,1.04,21.23,0.97,0.38
2025-08-11T01:00:42Z,0.83,72.73,0.25,0.8
2025-08-11T01:01:42Z,0.85,41.18,0.64,0.56
2025-08-11T01:02:42Z,0.4,72.94,0.12,0.39
2025-08-11T01:03:42Z,1.47,82.26,0.2,1.46
2025-08-11T01:04:42Z,0.77,61.93,0.36,0.68
2025-08-11T01:05:42Z,0.87,78.88,0.17,0.86
2025-08-11T01:06:42Z,0.81,33.19,0.68,0.44
2025-08-11T01:07:42Z,0.92,39.28,0.71,0.58
2025-08-11T01:08:42Z,1.03,59.45,0.53,0.89
2025-08-11T01:09:42Z,0.83,67.23,0.32,0.76
2025-08-11T01:10:42Z,0.93,56.31,0.51,0.77
2025-08-11T01:11:42Z,1.07,50.08,0.69,0.82
2025-08-11T01:12:42Z,0.86,58.41,0.45,0.73
2025-08-11T01:13:42Z,1.03,60.14,0.51,0.89
2025-08-11T01:14:42Z,0.76,44.61,0.54,0.53
2025-08-11T01:15:42Z,0.85,59.6,0.43,0.74
2025-08-11T01:16:42Z,1.09,60,0.55,0.95
2025-08-11T01:17:42Z,1.02,43.47,0.74,0.7
2025-08-11T01:18:42Z,0.8,60.81,0.39,0.7
2025-08-11T01:19:42Z,1.09,59.83,0.55,0.94
2025-08-11T01:20:42Z,0.82,36.37,0.66,0.49
2025-08-11T01:21:42Z,1.1,51.95,0.67,0.86
2025-08-11T01:22:42Z,0.96,62.06,0.45,0.85
2025-08-11T01:23:42Z,0.66,51.42,0.41,0.52
2025-08-11T01:24:42Z,0.65,75.81,0.16,0.63
2025-08-11T01:25:42Z,0.7,84.92,0.06,0.69
2025-08-11T01:26:42Z,0.55,44.64,0.39,0.39
2025-08-11T01:27:42Z,0.95,67.58,0.36,0.88
2025-08-11T01:28:42Z,1.14,51.05,0.72,0.89
2025-08-11T01:29:42Z,0.36,56.55,0.2,0.3
2025-08-11T01:30:42Z,0.76,51.27,0.47,0.59
2025-08-11T01:31:42Z,0.79,66.66,0.31,0.73
2025-08-11T01:32:42Z,0.8,48.12,0.54,0.6
2025-08-11T01:33:42Z,1.06,69.6,0.37,0.99
2025-08-11T01:34:42Z,1.15,69.92,0.39,1.08
2025-08-11T01:35:42Z,1.17,68.04,0.44,1.09
2025-08-11T01:36:42Z,0.65,61.65,0.31,0.58
2025-08-11T01:37:42Z,1.09,63.46,0.49,0.97
2025-08-11T01:38:42Z,1.08,74.33,0.29,1.04
2025-08-11T01:39:42Z,1.14,82.95,0.14,1.13
2025-08-11T01:40:42Z,0.89,93.35,-0.05,0.89
2025-08-11T01:41:42Z,1.09,61.18,0.53,0.96
2025-08-11T01:42:42Z,1.13,64.34,0.49,1.02
2025-08-11T01:43:42Z,0.74,61.7,0.35,0.65
2025-08-11T01:44:42Z,0.74,77.71,0.16,0.72
2025-08-11T01:45:42Z,0.82,43.75,0.59,0.56
2025-08-11T01:46:42Z,0.62,61.4,0.3,0.54
2025-08-11T01:47:42Z,0.48,47.03,0.33,0.35
2025-08-11T01:48:42Z,0.87,51.18,0.54,0.67
2025-08-11T01:49:42Z,0.84,44.67,0.59,0.59
2025-08-11T01:50:42Z,1,52.93,0.6,0.8
2025-08-11T01:51:42Z,0.69,54.95,0.39,0.56
2025-08-11T01:52:42Z,1.18,54.03,0.69,0.96
2025-08-11T01:53:42Z,0.69,63.15,0.31,0.61
2025-08-11T01:54:42Z,0.99,77.39,0.22,0.97
2025-08-11T01:55:42Z,0.69,37.19,0.55,0.42
2025-08-11T01:56:42Z,0.58,39.22,0.45,0.36
2025-08-11T01:57:42Z,0.96,53.69,0.57,0.77
2025-08-11T01:58:42Z,0.86,54.52,0.5,0.7
2025-08-11T01:59:42Z,1.02,51.9,0.63,0.8
2025-08-11T02:00:42Z,0.96,45.71,0.67,0.69
2025-08-11T02:01:42Z,0.73,52.03,0.45,0.57
2025-08-11T02:02:42Z,0.94,41.55,0.71,0.63
2025-08-11T02:03:42Z,0.98,31.42,0.83,0.51
2025-08-11T02:04:42Z,1.5,76.51,0.35,1.46
2025-08-11T02:05:42Z,1.37,67.28,0.53,1.26
2025-08-11T02:06:42Z,0.68,54.51,0.4,0.55
2025-08-11T02:07:42Z,0.7,52.61,0.42,0.56
2025-08-11T02:08:42Z,0.93,66.66,0.37,0.86
2025-08-11T02:09:42Z,1.24,82.13,0.17,1.23
2025-08-11T02:10:42Z,1,72.58,0.3,0.95
2025-08-11T02:11:42Z,1.03,63.22,0.46,0.92
2025-08-11T02:12:42Z,0.96,61.9,0.45,0.85
2025-08-11T02:13:42Z,0.94,37.72,0.75,0.58
2025-08-11T02:14:42Z,1.09,51.86,0.67,0.85
2025-08-11T02:15:42Z,0.8,66.23,0.32,0.73
2025-08-11T02:16:42Z,0.68,36.48,0.55,0.41
2025-08-11T02:17:42Z,0.58,46.29,0.4,0.42
2025-08-11T02:18:42Z,0.79,40.13,0.61,0.51
2025-08-11T02:19:42Z,0.73,38.86,0.57,0.46
2025-08-11T02:20:42Z,0.98,46.19,0.68,0.71
2025-08-11T02:21:42Z,0.89,19.21,0.84,0.29
2025-08-11T02:22:42Z,0.74,8.63,0.73,0.11
2025-08-11T02:23:42Z,0.57,28.53,0.5,0.27
2025-08-11T02:24:42Z,0.53,35.96,0.43,0.31
2025-08-11T02:25:42Z,0.9,50.47,0.57,0.69
2025-08-11T02:26:42Z,0.61,47.76,0.41,0.45
2025-08-11T02:27:42Z,0.74,18.65,0.71,0.24
2025-08-11T02:28:42Z,0.54,56.15,0.3,0.45
2025-08-11T02:29:42Z,0.51,6.59,0.5,0.06
2025-08-11T02:30:42Z,0.84,47.55,0.57,0.62
2025-08-11T02:31:42Z,0.95,13.34,0.92,0.22
2025-08-11T02:32:42Z,0.81,29.26,0.7,0.39
2025-08-11T02:33:42Z,0.85,2.08,0.85,0.03
2025-08-11T02:34:42Z,0.65,17.01,0.62,0.19
2025-08-11T02:35:42Z,0.65,42.88,0.48,0.44
2025-08-11T02:36:42Z,0.81,44.27,0.58,0.57
2025-08-11T02:37:42Z,0.86,8.97,0.85,0.13
2025-08-11T02:38:42Z,0.48,94.18,-0.04,0.48
2025-08-11T02:39:42Z,0.64,39.54,0.49,0.41
2025-08-11T02:40:42Z,0.6,349.56,0.59,-0.11
2025-08-11T02:41:42Z,1.03,24.5,0.94,0.43
2025-08-11T02:42:42Z,0.81,14.72,0.78,0.2
2025-08-11T02:43:42Z,0.73,17.05,0.7,0.21
2025-08-11T02:44:42Z,0.55,26.36,0.49,0.25
2025-08-11T02:45:42Z,0.83,18.42,0.79,0.26
2025-08-11T02:46:42Z,0.79,24.9,0.72,0.33
2025-08-11T02:47:42Z,0.9,32.6,0.76,0.49
2025-08-11T02:48:42Z,0.72,33.93,0.6,0.4
2025-08-11T02:49:42Z,0.87,33.65,0.72,0.48
2025-08-11T02:50:42Z,0.57,44.37,0.4,0.4
2025-08-11T02:51:42Z,0.55,37.52,0.44,0.34
2025-08-11T02:52:42Z,0.65,43.2,0.47,0.44
2025-08-11T02:53:42Z,1.09,54.1,0.64,0.89
2025-08-11T02:54:42Z,1.03,43.47,0.75,0.71
2025-08-11T02:55:42Z,1.17,27.96,1.03,0.55
2025-08-11T02:56:42Z,0.72,43.69,0.52,0.5
2025-08-11T02:57:42Z,0.91,58.26,0.48,0.77
2025-08-11T02:58:42Z,0.8,31.77,0.68,0.42
2025-08-11T02:59:42Z,0.67,28.61,0.59,0.32
2025-08-11T03:00:42Z,0.97,41.71,0.72,0.64
2025-08-11T03:01:42Z,0.77,56.41,0.42,0.64
2025-08-11T03:02:42Z,0.73,7.47,0.73,0.1
2025-08-11T03:03:42Z,0.93,30.64,0.8,0.48
2025-08-11T03:04:42Z,0.79,41.81,0.59,0.53
2025-08-11T03:05:42Z,0.77,31.91,0.65,0.41
2025-08-11T03:06:42Z,1.03,27.79,0.91,0.48
2025-08-11T03:07:42Z,0.93,29.59,0.81,0.46
2025-08-11T03:08:42Z,0.62,8.71,0.61,0.09
2025-08-11T03:09:42Z,0.78,40.57,0.59,0.51
2025-08-11T03:10:42Z,0.67,21.19,0.62,0.24
2025-08-11T03:11:42Z,0.66,38.86,0.51,0.41
2025-08-11T03:12:42Z,1.34,34.06,1.11,0.75
2025-08-11T03:13:42Z,0.88,42.07,0.65,0.59
2025-08-11T03:14:42Z,0.96,51.55,0.6,0.75
2025-08-11T03:15:42Z,0.88,31.62,0.75,0.46
2025-08-11T03:16:42Z,0.79,41.71,0.59,0.52
2025-08-11T03:17:42Z,0.77,71.94,0.24,0.73
2025-08-11T03:18:42Z,0.88,8.62,0.87,0.13
2025-08-11T03:19:42Z,1.06,55.61,0.6,0.87
2025-08-11T03:20:42Z,1.2,31.83,1.02,0.63
2025-08-11T03:21:42Z,0.96,52.08,0.59,0.76
2025-08-11T03:22:42Z,0.97,54.36,0.56,0.78
2025-08-11T03:23:42Z,1.19,35.47,0.97,0.69
2025-08-11T03:24:42Z,0.84,24.87,0.77,0.36
2025-08-11T03:25:42Z,0.7,10.68,0.69,0.13
2025-08-11T03:26:42Z,0.98,25.84,0.88,0.43
2025-08-11T03:27:42Z,0.95,49.01,0.63,0.72
2025-08-11T03:28:42Z,0.94,43.04,0.69,0.64
2025-08-11T03:29:42Z,0.82,59.93,0.41,0.71
2025-08-11T03:30:42Z,0.93,40.79,0.7,0.61
2025-08-11T03:31:42Z,1.07,37.11,0.85,0.64
2025-08-11T03:32:42Z,1.18,52.66,0.71,0.94
2025-08-11T03:33:42Z,0.63,38.13,0.5,0.39
2025-08-11T03:34:42Z,0.6,61.04,0.29,0.53
2025-08-11T03:35:42Z,0.83,44.69,0.59,0.58
2025-08-11T03:36:42Z,0.94,55.67,0.53,0.78
2025-08-11T03:37:42Z,0.78,65.13,0.33,0.7
2025-08-11T03:38:42Z,0.76,47.43,0.52,0.56
2025-08-11T03:39:42Z,0.95,59.24,0.48,0.81
2025-08-11T03:40:42Z,0.77,47.26,0.52,0.57
2025-08-11T03:41:42Z,0.74,44.69,0.53,0.52
2025-08-11T03:42:42Z,1.17,65.11,0.49,1.07
2025-08-11T03:43:42Z,0.62,46.47,0.42,0.45
2025-08-11T03:44:42Z,1.06,56.75,0.58,0.88
2025-08-11T03:45:42Z,1.02,45.18,0.72,0.73
2025-08-11T03:46:42Z,0.66,58.99,0.34,0.57
2025-08-11T03:47:42Z,0.81,42.19,0.6,0.54
2025-08-11T03:48:42Z,0.83,38.58,0.65,0.52
2025-08-11T03:49:42Z,0.75,19.06,0.71,0.24
2025-08-11T03:50:42Z,0.84,6.61,0.83,0.1
2025-08-11T03:51:42Z,0.75,19.81,0.7,0.25
2025-08-11T03:52:42Z,0.73,48.57,0.48,0.54
2025-08-11T03:53:42Z,0.85,21.73,0.79,0.32
2025-08-11T03:54:42Z,0.65,39.38,0.51,0.42
2025-08-11T03:55:42Z,0.99,27.41,0.88,0.46
2025-08-11T03:56:42Z,0.78,22.75,0.72,0.3
2025-08-11T03:57:42Z,0.74,10.25,0.73,0.13
2025-08-11T03:58:42Z,0.41,30.79,0.35,0.21
2025-08-11T03:59:42Z,1.04,13.55,1.01,0.24
2025-08-11T04:00:42Z,1.25,1.71,1.25,0.04
2025-08-11T04:01:42Z,0.79,13.15,0.77,0.18
2025-08-11T04:02:42Z,0.66,16.01,0.64,0.18
2025-08-11T04:03:42Z,0.4,77.09,0.09,0.39
2025-08-11T04:04:42Z,0.97,67.7,0.37,0.9
2025-08-11T04:05:42Z,1.02,66.67,0.4,0.93
2025-08-11T04:06:42Z,1.03,25.32,0.93,0.44
2025-08-11T04:07:42Z,0.92,15.9,0.88,0.25
2025-08-11T04:08:42Z,0.74,2.96,0.74,0.04
2025-08-11T04:09:42Z,1.13,284.76,0.29,-1.09
2025-08-11T04:10:42Z,0.74,339.02,0.69,-0.27
2025-08-11T04:11:42Z,0.22,272.65,0.01,-0.22
2025-08-11T04:12:42Z,0.68,39.95,0.52,0.44
2025-08-11T04:13:42Z,1.12,33.29,0.93,0.61
2025-08-11T04:14:42Z,0.92,40.02,0.7,0.59
2025-08-11T04:15:42Z,0.59,43.23,0.43,0.4
2025-08-11T04:16:42Z,1.15,52.87,0.69,0.92
2025-08-11T04:17:42Z,0.84,32.87,0.71,0.46
2025-08-11T04:18:42Z,0.73,46.1,0.51,0.53
2025-08-11T04:19:42Z,0.63,31.83,0.54,0.33
2025-08-11T04:20:42Z,0.89,15.3,0.86,0.23
2025-08-11T04:21:42Z,0.89,10.32,0.87,0.16
2025-08-11T04:22:42Z,0.68,12.23,0.67,0.15
2025-08-11T04:23:42Z,0.88,24.19,0.8,0.36
2025-08-11T04:24:42Z,0.63,21.95,0.59,0.24
2025-08-11T04:25:42Z,0.67,25.87,0.6,0.29
2025-08-11T04:26:42Z,0.85,16.85,0.81,0.25
2025-08-11T04:27:42Z,0.74,45.29,0.52,0.52
2025-08-11T04:28:42Z,0.96,33.93,0.8,0.54
2025-08-11T04:29:42Z,0.84,45.01,0.6,0.6
2025-08-11T04:30:42Z,0.79,41.04,0.6,0.52
2025-08-11T04:31:42Z,0.46,358.97,0.46,-0.01
2025-08-11T04:32:42Z,0.93,35.1,0.76,0.54
2025-08-11T04:33:42Z,0.93,12.84,0.91,0.21
2025-08-11T04:34:42Z,0.81,23.76,0.74,0.33
2025-08-11T04:35:42Z,0.7,5.62,0.7,0.07
2025-08-11T04:36:42Z,0.85,9.75,0.84,0.14
2025-08-11T04:37:42Z,0.58,38.56,0.46,0.36
2025-08-11T04:38:42Z,0.63,60.65,0.31,0.55
2025-08-11T04:39:42Z,0.74,38.17,0.58,0.46
2025-08-11T04:40:42Z,0.45,24.93,0.41,0.19
2025-08-11T04:41:42Z,0.69,32.62,0.58,0.37
2025-08-11T04:42:42Z,0.65,47.73,0.43,0.48
2025-08-11T04:43:42Z,0.86,33.26,0.72,0.47
2025-08-11T04:44:42Z,0.7,46.63,0.48,0.51
2025-08-11T04:45:42Z,0.56,43.49,0.41,0.38
2025-08-11T04:46:42Z,0.58,33.86,0.49,0.33
2025-08-11T04:47:42Z,1.2,36.73,0.96,0.72
2025-08-11T04:48:42Z,0.71,26.41,0.63,0.31
2025-08-11T04:49:42Z,0.95,21.6,0.89,0.35
2025-08-11T04:50:42Z,1.03,37.82,0.81,0.63
2025-08-11T04:51:42Z,0.95,17.64,0.9,0.29
2025-08-11T04:52:42Z,0.97,356.6,0.97,-0.06
2025-08-11T04:53:42Z,0.71,353.82,0.71,-0.08
2025-08-11T04:54:42Z,0.84,9.32,0.83,0.14
2025-08-11T04:55:42Z,0.91,16.15,0.87,0.25
2025-08-11T04:56:42Z,0.8,20.19,0.75,0.28
2025-08-11T04:57:42Z,0.93,20.74,0.87,0.33
2025-08-11T04:58:42Z,0.79,10.01,0.78,0.14
2025-08-11T04:59:42Z,0.74,357.75,0.74,-0.03
2025-08-11T05:00:42Z,0.7,13.27,0.68,0.16
2025-08-11T05:01:42Z,0.82,4.58,0.82,0.07
2025-08-11T05:02:42Z,0.84,35.89,0.68,0.49
2025-08-11T05:03:42Z,0.65,21.43,0.6,0.24
2025-08-11T05:04:42Z,0.78,33.97,0.65,0.44
2025-08-11T05:05:42Z,0.67,29.5,0.58,0.33
2025-08-11T05:06:42Z,0.75,19.1,0.71,0.25
2025-08-11T05:07:42Z,0.53,0.81,0.53,0.01
2025-08-11T05:08:42Z,0.84,27.78,0.74,0.39
2025-08-11T05:09:42Z,0.9,4.92,0.9,0.08
2025-08-11T05:10:42Z,0.72,17.19,0.68,0.21
2025-08-11T05:11:42Z,0.66,43.74,0.48,0.46
2025-08-11T05:12:42Z,0.54,357.47,0.54,-0.02
2025-08-11T05:13:42Z,0.83,351.55,0.82,-0.12
2025-08-11T05:14:42Z,0.61,19.8,0.57,0.21
2025-08-11T05:15:42Z,0.55,20.29,0.51,0.19
2025-08-11T05:16:42Z,0.61,37.9,0.48,0.37
2025-08-11T05:17:42Z,0.75,27.26,0.67,0.34
2025-08-11T05:18:42Z,0.55,30.23,0.47,0.28
2025-08-11T05:19:42Z,0.44,353.02,0.44,-0.05
2025-08-11T05:20:42Z,0.99,23.1,0.91,0.39
2025-08-11T05:21:42Z,0.7,33.92,0.58,0.39
2025-08-11T05:22:42Z,0.74,23.98,0.67,0.3
2025-08-11T05:23:42Z,0.93,57.79,0.5,0.79
2025-08-11T05:24:42Z,0.69,46.92,0.47,0.5
2025-08-11T05:25:42Z,0.87,29.39,0.76,0.43
2025-08-11T05:26:42Z,0.54,38.16,0.42,0.33
2025-08-11T05:27:42Z,0.92,44.93,0.65,0.65
2025-08-11T05:28:42Z,0.57,22.93,0.52,0.22
2025-08-11T05:29:42Z,0.71,35.42,0.58,0.41
2025-08-11T05:30:42Z,1.15,39.39,0.89,0.73
2025-08-11T05:31:42Z,0.74,22.34,0.69,0.28
2025-08-11T05:32:42Z,0.82,25.44,0.74,0.35
2025-08-11T05:33:42Z,0.91,13.71,0.88,0.22
2025-08-11T05:34:42Z,0.88,37.53,0.7,0.54
2025-08-11T05:35:42Z,0.62,47.41,0.42,0.45
2025-08-11T05:36:42Z,0.82,17.48,0.79,0.25
2025-08-11T05:37:42Z,0.91,24.01,0.83,0.37
2025-08-11T05:38:42Z,0.77,29.54,0.67,0.38
2025-08-11T05:39:42Z,0.72,29.05,0.63,0.35
2025-08-11T05:40:42Z,0.82,20.9,0.77,0.29
2025-08-11T05:41:42Z,0.88,9.44,0.86,0.14
2025-08-11T05:42:42Z,0.63,30.72,0.55,0.32
2025-08-11T05:43:42Z,0.43,39.97,0.33,0.28
2025-08-11T05:44:42Z,0.75,55.07,0.43,0.62
2025-08-11T05:45:42Z,0.92,20.26,0.87,0.32
2025-08-11T05:46:42Z,0.69,23.3,0.64,0.27
2025-08-11T05:47:42Z,1.12,12.92,1.09,0.25
2025-08-11T05:48:42Z,1.03,14.45,1,0.26
2025-08-11T05:49:42Z,0.92,30.52,0.8,0.47
2025-08-11T05:50:42Z,0.91,31.68,0.77,0.48
2025-08-11T05:51:42Z,1.05,24.82,0.95,0.44
2025-08-11T05:52:42Z,0.81,43.77,0.59,0.56
2025-08-11T05:53:42Z,1,42.35,0.74,0.67
2025-08-11T05:54:42Z,1.01,32.98,0.85,0.55
2025-08-11T05:55:42Z,0.66,50.77,0.42,0.51
2025-08-11T05:56:42Z,0.65,37.19,0.51,0.39
2025-08-11T05:57:42Z,0.86,41.14,0.65,0.57
2025-08-11T05:58:42Z,1.09,29.14,0.95,0.53
2025-08-11T05:59:42Z,0.87,35.33,0.71,0.5
2025-08-11T06:00:42Z,0.79,41.69,0.59,0.53
2025-08-11T06:01:42Z,0.74,41.04,0.56,0.48
2025-08-11T06:02:42Z,0.92,33.96,0.76,0.51
2025-08-11T06:03:42Z,1.27,348.89,1.24,-0.24
2025-08-11T06:04:42Z,1.07,348.08,1.05,-0.22
2025-08-11T06:05:42Z,0.83,7.4,0.82,0.11
2025-08-11T06:06:42Z,0.52,19.28,0.49,0.17
2025-08-11T06:07:42Z,0.84,342.07,0.8,-0.26
2025-08-11T06:08:42Z,0.68,321.21,0.53,-0.43
2025-08-11T06:09:42Z,0.89,353.01,0.88,-0.11
2025-08-11T06:10:42Z,0.83,14.53,0.8,0.21
2025-08-11T06:11:42Z,0.76,23.94,0.69,0.31
2025-08-11T06:12:42Z,0.53,5.25,0.53,0.05
2025-08-11T06:13:42Z,0.83,21.32,0.77,0.3
2025-08-11T06:14:42Z,0.96,358.22,0.96,-0.03
2025-08-11T06:15:42Z,0.94,358.58,0.94,-0.02
2025-08-11T06:16:42Z,0.96,56.05,0.54,0.8
2025-08-11T06:17:42Z,0.85,52.71,0.51,0.67
2025-08-11T06:18:42Z,0.91,41.12,0.69,0.6
2025-08-11T06:19:42Z,1.08,61.37,0.52,0.95
2025-08-11T06:20:42Z,1.01,50.43,0.64,0.78
2025-08-11T06:21:42Z,0.79,43.81,0.57,0.54
2025-08-11T06:22:42Z,1,43.09,0.73,0.68
2025-08-11T06:23:42Z,1.91,53.82,1.13,1.54
2025-08-11T06:24:42Z,1.4,46.97,0.96,1.03
2025-08-11T06:25:42Z,2.1,50.86,1.32,1.63
2025-08-11T06:26:42Z,1.72,52.01,1.06,1.35
2025-08-11T06:27:42Z,2.17,53.45,1.29,1.75
2025-08-11T06:28:42Z,1.22,67.34,0.47,1.13
2025-08-11T06:29:42Z,1.31,50.26,0.84,1.01
2025-08-11T06:30:42Z,1.61,66.05,0.65,1.47
2025-08-11T06:31:42Z,1.94,42.55,1.43,1.31
2025-08-11T06:32:42Z,2.2,68.58,0.8,2.05
2025-08-11T06:33:42Z,1.76,38.04,1.39,1.09
2025-08-11T06:34:42Z,1.34,10.16,1.31,0.24
2025-08-11T06:35:42Z,2,21.43,1.86,0.73
2025-08-11T06:36:42Z,1.5,30,1.3,0.75
2025-08-11T06:37:42Z,1.54,67.21,0.6,1.42
2025-08-11T06:38:42Z,1.88,75.65,0.47,1.83
2025-08-11T06:39:42Z,2.79,65.33,1.17,2.54
2025-08-11T06:40:42Z,5.38,70.16,1.82,5.06
2025-08-11T06:41:42Z,3.31,74.83,0.87,3.2
2025-08-11T06:42:42Z,2.22,73.42,0.63,2.13
2025-08-11T06:43:42Z,2.06,49.45,1.34,1.56
2025-08-11T06:44:42Z,1.42,63.15,0.64,1.27
2025-08-11T06:45:42Z,1.75,63.11,0.79,1.56
2025-08-11T06:46:42Z,2.1,59.64,1.06,1.81
2025-08-11T06:47:42Z,1.24,68.2,0.46,1.15
2025-08-11T06:48:42Z,2.13,81.2,0.33,2.11
2025-08-11T06:49:42Z,2.77,76.87,0.63,2.7
2025-08-11T06:50:42Z,1.51,56.74,0.83,1.26
2025-08-11T06:51:42Z,2.78,64.14,1.21,2.5
2025-08-11T06:52:42Z,0.84,81.73,0.12,0.83
2025-08-11T06:53:42Z,1.13,67.99,0.42,1.05
2025-08-11T06:54:42Z,1.23,52.65,0.75,0.98
2025-08-11T06:55:42Z,3.35,66.81,1.32,3.08
2025-08-11T06:56:42Z,3.06,70.34,1.03,2.88
2025-08-11T06:57:42Z,4.24,87.27,0.2,4.24
2025-08-11T06:58:42Z,3.02,75.07,0.78,2.92
2025-08-11T06:59:42Z,2.91,85.12,0.25,2.9
2025-08-11T07:00:42Z,2.75,81.98,0.38,2.72
2025-08-11T07:01:42Z,2.3,80.87,0.36,2.27
2025-08-11T07:02:42Z,2.24,65.21,0.94,2.04
2025-08-11T07:03:42Z,1.41,88.2,0.04,1.41
2025-08-11T07:04:42Z,2.27,70.32,0.76,2.14
2025-08-11T07:05:42Z,2.78,78.48,0.56,2.73
2025-08-11T07:06:42Z,3.66,81.15,0.56,3.62
2025-08-11T07:07:42Z,2.27,61.37,1.09,1.99
2025-08-11T07:08:42Z,2.43,74.21,0.66,2.34
2025-08-11T07:09:42Z,2.33,92.24,-0.09,2.33
2025-08-11T07:10:42Z,2.46,91.56,-0.07,2.46
2025-08-11T07:11:42Z,2.67,84.49,0.26,2.66
2025-08-11T07:12:42Z,2.82,66.65,1.12,2.59
2025-08-11T07:13:42Z,1.75,94.63,-0.14,1.74
2025-08-11T07:14:42Z,1.97,53.75,1.17,1.59
2025-08-11T07:15:42Z,2.96,61.7,1.4,2.61
2025-08-11T07:16:42Z,1.71,37.44,1.36,1.04
2025-08-11T07:17:42Z,2.01,58.14,1.06,1.7
2025-08-11T07:18:42Z,2.94,82.46,0.39,2.91
2025-08-11T07:19:42Z,2.9,82.76,0.37,2.88
2025-08-11T07:20:42Z,2.09,75.88,0.51,2.03
2025-08-11T07:21:42Z,1.4,53.2,0.84,1.12
2025-08-11T07:22:42Z,0.89,74.48,0.24,0.85
2025-08-11T07:23:42Z,0.91,37.71,0.72,0.56
2025-08-11T07:24:42Z,0.85,52.33,0.52,0.67
2025-08-11T07:25:42Z,1.1,51.94,0.68,0.87
2025-08-11T07:26:42Z,0.74,36.83,0.59,0.44
2025-08-11T07:27:42Z,0.82,7.62,0.81,0.11
2025-08-11T07:28:42Z,0.99,34.42,0.82,0.56
2025-08-11T07:29:42Z,0.79,32.74,0.66,0.43
2025-08-11T07:30:42Z,0.8,50.21,0.51,0.62
2025-08-11T07:31:42Z,0.84,59.66,0.42,0.72
2025-08-11T07:32:42Z,1.32,75.56,0.33,1.28
2025-08-11T07:33:42Z,0.55,52.26,0.34,0.43
2025-08-11T07:34:42Z,0.71,82.53,0.09,0.71
2025-08-11T07:35:42Z,0.92,62.17,0.43,0.81
2025-08-11T07:36:42Z,0.71,54.4,0.41,0.57
2025-08-11T07:37:42Z,0.98,60.7,0.48,0.85
2025-08-11T07:38:42Z,0.79,47.12,0.54,0.58
2025-08-11T07:39:42Z,0.89,50.85,0.56,0.69
2025-08-11T07:40:42Z,0.75,28.54,0.66,0.36
2025-08-11T07:41:42Z,0.61,52.06,0.37,0.48
2025-08-11T07:42:42Z,0.78,25.81,0.7,0.34
2025-08-11T07:43:42Z,0.73,73.15,0.21,0.7
2025-08-11T07:44:42Z,1.04,54.13,0.61,0.84
2025-08-11T07:45:42Z,0.88,67.04,0.34,0.81
2025-08-11T07:46:42Z,0.93,62.29,0.43,0.82
2025-08-11T07:47:42Z,0.73,45.83,0.51,0.53
2025-08-11T07:48:42Z,1.09,42.69,0.8,0.74
2025-08-11T07:49:42Z,1.26,66.94,0.49,1.16
2025-08-11T07:50:42Z,1.14,34.64,0.94,0.65
2025-08-11T07:51:42Z,0.9,60.71,0.44,0.79
2025-08-11T07:52:42Z,0.46,16.33,0.44,0.13
2025-08-11T07:53:42Z,0.74,38.41,0.58,0.46
2025-08-11T07:54:42Z,0.88,67.9,0.33,0.82
2025-08-11T07:55:42Z,0.99,43.61,0.72,0.69
2025-08-11T07:56:42Z,1.1,46.28,0.76,0.8
2025-08-11T07:57:42Z,0.71,35.34,0.58,0.41
2025-08-11T07:58:42Z,1.12,349.69,1.1,-0.2
2025-08-11T07:59:42Z,0.52,350.15,0.51,-0.09
2025-08-11T08:00:42Z,0.59,1.56,0.59,0.02
2025-08-11T08:01:42Z,0.62,14.62,0.6,0.16
2025-08-11T08:02:42Z,0.86,17.05,0.82,0.25
2025-08-11T08:03:42Z,0.97,43.51,0.7,0.67
2025-08-11T08:04:42Z,0.64,39.71,0.49,0.41
2025-08-11T08:05:42Z,0.98,45.37,0.69,0.69
2025-08-11T08:06:42Z,1.12,47.24,0.76,0.83
2025-08-11T08:07:42Z,0.94,32.57,0.79,0.5
2025-08-11T08:08:42Z,0.82,39.8,0.63,0.53
2025-08-11T08:09:42Z,1.29,9.45,1.28,0.21
2025-08-11T08:10:42Z,0.86,2.14,0.86,0.03
2025-08-11T08:11:42Z,0.72,356.72,0.72,-0.04
2025-08-11T08:12:42Z,0.99,304.78,0.57,-0.82
2025-08-11T08:13:42Z,0.93,17.29,0.89,0.28
2025-08-11T08:14:42Z,1.39,19.31,1.31,0.46
2025-08-11T08:15:42Z,2.05,38.02,1.61,1.26
2025-08-11T08:16:42Z,1.55,58.81,0.8,1.33
2025-08-11T08:17:42Z,1.39,67.35,0.53,1.28
2025-08-11T08:18:42Z,1.36,74.57,0.36,1.31
2025-08-11T08:19:42Z,0.9,81.61,0.13,0.89
2025-08-11T08:20:42Z,1.25,85.65,0.09,1.24
2025-08-11T08:21:42Z,0.99,27.86,0.88,0.46
2025-08-11T08:22:42Z,1.28,90.58,-0.01,1.28
2025-08-11T08:23:42Z,0.75,61.15,0.36,0.65
2025-08-11T08:24:42Z,1.17,34.09,0.97,0.66
2025-08-11T08:25:42Z,0.8,63.06,0.36,0.71
2025-08-11T08:26:42Z,0.91,48,0.61,0.68
2025-08-11T08:27:42Z,0.98,18.79,0.93,0.32
2025-08-11T08:28:42Z,1.06,29.79,0.92,0.53
2025-08-11T08:29:42Z,0.64,9.21,0.63,0.1
2025-08-11T08:30:42Z,1.07,11.8,1.05,0.22
2025-08-11T08:31:42Z,0.92,34.83,0.76,0.53
2025-08-11T08:32:42Z,0.73,17.29,0.7,0.22
2025-08-11T08:33:42Z,0.89,55.35,0.5,0.73
2025-08-11T08:34:42Z,0.97,13.05,0.95,0.22
2025-08-11T08:35:42Z,1.54,63.71,0.68,1.38
2025-08-11T08:36:42Z,0.81,53.26,0.49,0.65
2025-08-11T08:37:42Z,0.84,40,0.64,0.54
2025-08-11T08:38:42Z,0.37,52.13,0.23,0.29
2025-08-11T08:39:42Z,1.18,65.64,0.49,1.08
2025-08-11T08:40:42Z,0.89,47.47,0.6,0.66
2025-08-11T08:41:42Z,0.66,68.31,0.25,0.62
2025-08-11T08:42:42Z,1.36,71.08,0.44,1.29
2025-08-11T08:43:42Z,0.77,33.75,0.64,0.43
2025-08-11T08:44:42Z,1.32,64.44,0.57,1.19
2025-08-11T08:45:42Z,0.83,70.78,0.27,0.79
2025-08-11T08:46:42Z,0.67,75.85,0.16,0.65
2025-08-11T08:47:42Z,0.84,57.11,0.45,0.7
2025-08-11T08:48:42Z,0.98,31.48,0.84,0.51
2025-08-11T08:49:42Z,0.44,83.3,0.05,0.44
2025-08-11T08:50:42Z,0.97,63.21,0.44,0.87
2025-08-11T08:51:42Z,0.62,74.97,0.16,0.6
2025-08-11T08:52:42Z,0.62,70.47,0.21,0.58
2025-08-11T08:53:42Z,0.5,51.14,0.31,0.39
2025-08-11T08:54:42Z,0.64,44.46,0.46,0.45
2025-08-11T08:55:42Z,0.79,66.18,0.32,0.72
2025-08-11T08:56:42Z,1.3,23.05,1.2,0.51
2025-08-11T08:57:42Z,0.86,63.14,0.39,0.77
2025-08-11T08:58:42Z,0.58,45.99,0.4,0.42
2025-08-11T08:59:42Z,1.07,74.62,0.28,1.03
2025-08-11T09:00:42Z,0.87,54.85,0.5,0.71
2025-08-11T09:01:42Z,1.05,54.9,0.61,0.86
2025-08-11T09:02:42Z,1.32,59.64,0.67,1.14
2025-08-11T09:03:42Z,1.04,75.7,0.26,1.01
2025-08-11T09:04:42Z,1.06,32.71,0.89,0.57
2025-08-11T09:05:42Z,0.92,63.34,0.41,0.82
2025-08-11T09:06:42Z,1,45.83,0.7,0.72
2025-08-11T09:07:42Z,0.71,6.48,0.71,0.08
2025-08-11T09:08:42Z,0.86,13.11,0.84,0.19
2025-08-11T09:09:42Z,0.56,51.31,0.35,0.44
2025-08-11T09:10:42Z,0.83,18.13,0.79,0.26
2025-08-11T09:11:42Z,0.72,45.7,0.5,0.51
2025-08-11T09:12:42Z,0.96,63.92,0.42,0.86
2025-08-11T09:13:42Z,0.84,49.95,0.54,0.64
2025-08-11T09:14:42Z,1.12,33.71,0.93,0.62
2025-08-11T09:15:42Z,0.74,26.89,0.66,0.33
2025-08-11T09:16:42Z,0.77,47.17,0.52,0.56
2025-08-11T09:17:42Z,0.34,58.73,0.18,0.29
2025-08-11T09:18:42Z,1.1,38.57,0.86,0.69
2025-08-11T09:19:42Z,0.93,60.37,0.46,0.81
2025-08-11T09:20:42Z,0.89,68.03,0.33,0.82
2025-08-11T09:21:42Z,0.85,97.93,-0.12,0.84
2025-08-11T09:22:42Z,1.15,68.12,0.43,1.07
2025-08-11T09:23:42Z,0.64,83.68,0.07,0.64
2025-08-11T09:24:42Z,0.81,59.07,0.41,0.69
2025-08-11T09:25:42Z,0.37,45.84,0.26,0.27
2025-08-11T09:26:42Z,0.38,51.05,0.24,0.29
2025-08-11T09:27:42Z,0.55,4.27,0.54,0.04
2025-08-11T09:28:42Z,0.66,13.67,0.64,0.16
2025-08-11T09:29:42Z,0.28,28.05,0.24,0.13
2025-08-11T09:30:42Z,0.92,39.43,0.71,0.59
2025-08-11T09:31:42Z,0.8,65.65,0.33,0.73
2025-08-11T09:32:42Z,0.61,15.63,0.59,0.17
2025-08-11T09:33:42Z,0.82,12.53,0.8,0.18
2025-08-11T09:34:42Z,0.61,18.96,0.58,0.2
2025-08-11T09:35:42Z,0.88,24.55,0.8,0.37
2025-08-11T09:36:42Z,1.11,52.8,0.67,0.88
2025-08-11T09:37:42Z,0.81,92.99,-0.04,0.81
2025-08-11T09:38:42Z,1.04,74.37,0.28,1
2025-08-11T09:39:42Z,0.53,41.24,0.4,0.35
2025-08-11T09:40:42Z,0.8,48.22,0.53,0.6
2025-08-11T09:41:42Z,0.79,62.18,0.37,0.7
2025-08-11T09:42:42Z,0.93,41.99,0.69,0.62
2025-08-11T09:43:42Z,1.06,70.99,0.35,1
2025-08-11T09:44:42Z,0.99,57,0.54,0.83
2025-08-11T09:45:42Z,0.93,65.68,0.38,0.85
2025-08-11T09:46:42Z,0.85,74.87,0.22,0.82
2025-08-11T09:47:42Z,0.57,107.59,-0.17,0.54
2025-08-11T09:48:42Z,0.65,34.89,0.54,0.37
2025-08-11T09:49:42Z,0.83,80.96,0.13,0.82
2025-08-11T09:50:42Z,0.59,51.61,0.37,0.46
2025-08-11T09:51:42Z,0.8,33.66,0.66,0.44
2025-08-11T09:52:42Z,0.71,57.02,0.38,0.59
2025-08-11T09:53:42Z,0.48,14.69,0.47,0.12
2025-08-11T09:54:42Z,0.54,31.35,0.46,0.28
2025-08-11T09:55:42Z,0.94,21.98,0.87,0.35
2025-08-11T09:56:42Z,1.05,31.82,0.89,0.55
2025-08-11T09:57:42Z,0.61,7.58,0.6,0.08
2025-08-11T09:58:42Z,0.63,6.14,0.63,0.07
2025-08-11T09:59:42Z,1.03,60.77,0.5,0.9
2025-08-11T10:00:42Z,0.73,63.1,0.33,0.65
2025-08-11T10:01:42Z,0.76,50.65,0.48,0.59
2025-08-11T10:02:42Z,0.77,12.4,0.75,0.17
2025-08-11T10:03:42Z,0.69,78.61,0.14,0.68
2025-08-11T10:04:42Z,0.49,18.6,0.47,0.16
2025-08-11T10:05:42Z,0.78,3.06,0.78,0.04
2025-08-11T10:06:42Z,0.35,50.8,0.22,0.27
2025-08-11T10:07:42Z,0.75,40.94,0.56,0.49
2025-08-11T10:08:42Z,0.88,14.32,0.85,0.22
2025-08-11T10:09:42Z,0.65,16.81,0.62,0.19
2025-08-11T10:10:42Z,0.59,6.27,0.59,0.06
2025-08-11T10:11:42Z,0.76,5.83,0.75,0.08
2025-08-11T10:12:42Z,0.74,14.43,0.72,0.18
2025-08-11T10:13:42Z,0.53,11.79,0.52,0.11
2025-08-11T10:14:42Z,0.59,46.32,0.41,0.43
2025-08-11T10:15:42Z,0.34,99.88,-0.06,0.34
2025-08-11T10:16:42Z,0.88,55.74,0.5,0.73
2025-08-11T10:17:42Z,1.06,17.37,1.01,0.32
2025-08-11T10:18:42Z,1.14,34.21,0.95,0.64
2025-08-11T10:19:42Z,1.15,45.79,0.8,0.83
2025-08-11T10:20:42Z,0.83,38.76,0.64,0.52
2025-08-11T10:21:42Z,0.24,72.9,0.07,0.23
2025-08-11T10:22:42Z,0.99,79.25,0.18,0.97
2025-08-11T10:23:42Z,0.89,26.99,0.79,0.4
2025-08-11T10:24:42Z,0.28,26.93,0.25,0.13
2025-08-11T10:25:42Z,0.68,28.36,0.6,0.32
2025-08-11T10:26:42Z,1.21,309.19,0.77,-0.94
2025-08-11T10:27:42Z,0.57,338.13,0.53,-0.21
2025-08-11T10:28:42Z,0.26,321.35,0.2,-0.16
2025-08-11T10:29:42Z,0.85,305.07,0.49,-0.69
2025-08-11T10:30:42Z,1.6,288.39,0.5,-1.52
2025-08-11T10:31:42Z,3.34,273.53,0.21,-3.34
2025-08-11T10:32:42Z,4.07,263.17,-0.48,-4.04
2025-08-11T10:33:42Z,3.21,269.35,-0.04,-3.21
2025-08-11T10:34:42Z,3.72,272.77,0.18,-3.71
2025-08-11T10:35:42Z,3.05,274.51,0.24,-3.04
2025-08-11T10:36:42Z,2.36,272.28,0.09,-2.36
2025-08-11T10:37:42Z,2.03,280.7,0.38,-2
2025-08-11T10:38:42Z,2.01,263.83,-0.22,-2
2025-08-11T10:39:42Z,1.38,268.65,-0.03,-1.38
2025-08-11T10:40:42Z,1.57,270.67,0.02,-1.57
2025-08-11T10:41:42Z,0.85,176.62,-0.85,0.05
2025-08-11T10:42:42Z,0.82,279.18,0.13,-0.81
2025-08-11T10:43:42Z,0.53,191.71,-0.52,-0.11
2025-08-11T10:44:42Z,1.19,270.99,0.02,-1.19
2025-08-11T10:45:42Z,0.43,348.81,0.42,-0.08
2025-08-11T10:46:42Z,0.49,323.71,0.4,-0.29
2025-08-11T10:47:42Z,0.68,242.22,-0.32,-0.6
2025-08-11T10:48:42Z,0.64,353,0.64,-0.08
2025-08-11T10:49:42Z,0.66,325.99,0.55,-0.37
2025-08-11T10:50:42Z,0.38,273.52,0.02,-0.38
2025-08-11T10:51:42Z,0.71,345.15,0.69,-0.18
2025-08-11T10:52:42Z,0.42,24.73,0.38,0.18
2025-08-11T10:53:42Z,0.89,4.85,0.88,0.07
2025-08-11T10:54:42Z,0.59,347.27,0.57,-0.13
2025-08-11T10:55:42Z,1.16,20.63,1.08,0.41
2025-08-11T10:56:42Z,0.19,75.35,0.05,0.19
2025-08-11T10:57:42Z,0.57,338.59,0.53,-0.21
2025-08-11T10:58:42Z,0.49,354.36,0.49,-0.05
2025-08-11T10:59:42Z,0.84,324.63,0.68,-0.48
2025-08-11T11:00:42Z,0.76,334.69,0.69,-0.33
2025-08-11T11:01:42Z,0.57,354.02,0.57,-0.06
2025-08-11T11:02:42Z,0.63,5.71,0.62,0.06
2025-08-11T11:03:42Z,0.72,12.5,0.7,0.15
2025-08-11T11:04:42Z,0.69,36.76,0.55,0.41
2025-08-11T11:05:42Z,0.29,52.35,0.18,0.23
2025-08-11T11:06:42Z,0.57,23.68,0.52,0.23
2025-08-11T11:07:42Z,1,41.69,0.74,0.66
2025-08-11T11:08:42Z,0.57,13.93,0.55,0.14
2025-08-11T11:09:42Z,0.81,31.82,0.69,0.43
2025-08-11T11:10:42Z,0.62,63.03,0.28,0.55
2025-08-11T11:11:42Z,0.7,19.13,0.66,0.23
2025-08-11T11:12:42Z,0.57,39.59,0.44,0.36
2025-08-11T11:13:42Z,0.98,67.51,0.38,0.91
2025-08-11T11:14:42Z,1.05,82.6,0.14,1.05
2025-08-11T11:15:42Z,1.59,78.15,0.33,1.56
2025-08-11T11:16:42Z,1.36,82.58,0.17,1.34
2025-08-11T11:17:42Z,0.94,78.16,0.19,0.92
2025-08-11T11:18:42Z,1.06,81.78,0.15,1.05
2025-08-11T11:19:42Z,0.68,62.01,0.32,0.6
2025-08-11T11:20:42Z,0.91,88.13,0.03,0.91
2025-08-11T11:21:42Z,0.63,73.42,0.18,0.6
2025-08-11T11:22:42Z,1.24,70.64,0.41,1.17
2025-08-11T11:23:42Z,0.6,16.79,0.57,0.17
2025-08-11T11:24:42Z,0.62,62.47,0.29,0.55
2025-08-11T11:25:42Z,0.63,71.03,0.21,0.6
2025-08-11T11:26:42Z,1.51,93.12,-0.08,1.51
2025-08-11T11:27:42Z,1.16,88.53,0.03,1.16
2025-08-11T11:28:42Z,1.01,79.25,0.19,0.99
2025-08-11T11:29:42Z,1.2,83.35,0.14,1.19
2025-08-11T11:30:42Z,1.13,85.48,0.09,1.13
2025-08-11T11:31:42Z,1.15,73.69,0.32,1.11
2025-08-11T11:32:42Z,0.72,50.34,0.46,0.56
2025-08-11T11:33:42Z,0.47,98.38,-0.07,0.47
2025-08-11T11:34:42Z,0.81,72.97,0.24,0.78
2025-08-11T11:35:42Z,0.72,54.63,0.42,0.58
2025-08-11T11:36:42Z,0.7,89.02,0.01,0.7
2025-08-11T11:37:42Z,0.66,49.95,0.42,0.5
2025-08-11T11:38:42Z,0.6,76.97,0.14,0.59
2025-08-11T11:39:42Z,0.78,70.49,0.26,0.74
2025-08-11T11:40:42Z,0.55,29.85,0.48,0.28
2025-08-11T11:41:42Z,0.5,47.06,0.34,0.36
2025-08-11T11:42:42Z,0.8,45.58,0.56,0.57
2025-08-11T11:43:42Z,0.49,356.95,0.49,-0.03
2025-08-11T11:44:42Z,1.59,338.02,1.47,-0.59
2025-08-11T11:45:42Z,0.72,343.44,0.69,-0.21
2025-08-11T11:46:42Z,1.09,15.03,1.05,0.28
2025-08-11T11:47:42Z,0.88,344.67,0.85,-0.23
2025-08-11T11:48:42Z,1.25,44.48,0.89,0.88
2025-08-11T11:49:42Z,2.09,11.46,2.04,0.41
2025-08-11T11:50:42Z,0.36,130.18,-0.23,0.28
2025-08-11T11:51:42Z,0.42,340.93,0.4,-0.14
2025-08-11T11:52:42Z,0.35,350.14,0.34,-0.06
2025-08-11T11:53:42Z,0.89,335.27,0.81,-0.37
2025-08-11T11:54:42Z,0.83,39.8,0.64,0.53
2025-08-11T11:55:42Z,0.79,346.51,0.76,-0.18
2025-08-11T11:56:42Z,0.54,13.99,0.52,0.13
2025-08-11T11:57:42Z,0.84,30.98,0.72,0.43
2025-08-11T11:58:42Z,1.21,25.72,1.09,0.53
2025-08-11T11:59:42Z,0.41,10.78,0.4,0.08
2025-08-11T12:00:42Z,0.78,14.21,0.75,0.19
2025-08-11T12:01:42Z,0.62,30.12,0.54,0.31
2025-08-11T12:02:42Z,0.85,3.86,0.85,0.06
2025-08-11T12:03:42Z,0.17,316.89,0.12,-0.12
2025-08-11T12:04:42Z,0.33,336.05,0.31,-0.14
2025-08-11T12:05:42Z,1.15,26.67,1.02,0.51
2025-08-11T12:06:42Z,0.93,327.67,0.79,-0.5
2025-08-11T12:07:42Z,0.85,335.66,0.78,-0.35
2025-08-11T12:08:42Z,0.84,336.81,0.77,-0.33
2025-08-11T12:09:42Z,0.9,344.98,0.87,-0.23
2025-08-11T12:10:42Z,0.42,341.19,0.4,-0.14
2025-08-11T12:11:42Z,0.53,60.05,0.26,0.46
2025-08-11T12:12:42Z,0.69,32.82,0.58,0.37
2025-08-11T12:13:42Z,0.7,28.28,0.62,0.33
2025-08-11T12:14:42Z,0.93,54.44,0.54,0.75
2025-08-11T12:15:42Z,0.54,32.76,0.45,0.29
2025-08-11T12:16:42Z,0.98,30.89,0.84,0.5
2025-08-11T12:17:42Z,0.76,168.28,-0.74,0.15
2025-08-11T12:18:42Z,0.51,39.63,0.39,0.33
2025-08-11T12:19:42Z,0.27,64.95,0.11,0.24
2025-08-11T12:20:42Z,0.74,32.09,0.63,0.4
2025-08-11T12:21:42Z,0.35,29.66,0.3,0.17
2025-08-11T12:22:42Z,0.21,53.82,0.12,0.17
2025-08-11T12:23:42Z,0.68,11.76,0.66,0.14
2025-08-11T12:24:42Z,0.81,28.74,0.71,0.39
2025-08-11T12:25:42Z,0.7,28.78,0.62,0.34
2025-08-11T12:26:42Z,0.86,74.2,0.23,0.83
2025-08-11T12:27:42Z,0.61,32.33,0.52,0.33
2025-08-11T12:28:42Z,1,62.9,0.45,0.89
2025-08-11T12:29:42Z,0.49,46.43,0.34,0.35
2025-08-11T12:30:42Z,0.58,39.12,0.45,0.36
2025-08-11T12:31:42Z,0.72,77.28,0.16,0.7
2025-08-11T12:32:42Z,1.26,1.21,1.26,0.03
2025-08-11T12:33:42Z,0.63,22.28,0.58,0.24
2025-08-11T12:34:42Z,0.29,43.24,0.21,0.2
2025-08-11T12:35:42Z,0.56,13.58,0.54,0.13
2025-08-11T12:36:42Z,0.84,324.83,0.68,-0.48
2025-08-11T12:37:42Z,0.68,345.35,0.66,-0.17
2025-08-11T12:38:42Z,0.94,352.32,0.94,-0.13
2025-08-11T12:39:42Z,0.71,42.04,0.53,0.47
2025-08-11T12:40:42Z,0.85,9.73,0.84,0.14
2025-08-11T12:41:42Z,0.56,17.64,0.53,0.17
2025-08-11T12:42:42Z,0.83,339.15,0.78,-0.3
2025-08-11T12:43:42Z,0.54,1.63,0.54,0.02
2025-08-11T12:44:42Z,0.25,30.73,0.22,0.13
2025-08-11T12:45:42Z,0.49,36.43,0.4,0.29
2025-08-11T12:46:42Z,0.52,303.85,0.29,-0.44
2025-08-11T12:47:42Z,1.02,342.13,0.97,-0.31
2025-08-11T12:48:42Z,0.6,330.31,0.52,-0.3
2025-08-11T12:49:42Z,0.92,0.61,0.92,0.01
2025-08-11T12:50:42Z,0.68,7.48,0.67,0.09
2025-08-11T12:51:42Z,0.6,10.17,0.59,0.11
2025-08-11T12:52:42Z,0.75,17.54,0.72,0.23
2025-08-11T12:53:42Z,0.32,24.49,0.29,0.13
2025-08-11T12:54:42Z,0.95,38.09,0.75,0.59
2025-08-11T12:55:42Z,1.18,86.05,0.08,1.18
2025-08-11T12:56:42Z,1.92,75.8,0.47,1.87
2025-08-11T12:57:42Z,0.98,64.67,0.42,0.89
2025-08-11T12:58:42Z,1.18,41.94,0.88,0.79
2025-08-11T12:59:42Z,0.73,59.68,0.37,0.63
2025-08-11T13:00:42Z,0.63,58.34,0.33,0.54
2025-08-11T13:01:42Z,0.56,65.4,0.23,0.51
2025-08-11T13:02:42Z,0.86,51.14,0.54,0.67
2025-08-11T13:03:42Z,0.51,30.09,0.44,0.26
2025-08-11T13:04:42Z,0.91,344.81,0.88,-0.24
2025-08-11T13:05:42Z,0.71,26.26,0.64,0.32
2025-08-11T13:06:42Z,0.66,21.35,0.61,0.24
2025-08-11T13:07:42Z,0.87,36.21,0.71,0.52
2025-08-11T13:08:42Z,0.74,43.86,0.53,0.51
2025-08-11T13:09:42Z,0.79,81.12,0.12,0.78
2025-08-11T13:10:42Z,1.08,61.02,0.52,0.94
2025-08-11T13:11:42Z,0.82,74.82,0.21,0.79
2025-08-11T13:12:42Z,0.83,88.82,0.02,0.83
2025-08-11T13:13:42Z,0.52,23.98,0.47,0.21
2025-08-11T13:14:42Z,0.87,34.37,0.72,0.49
2025-08-11T13:15:42Z,0.51,63.85,0.23,0.46
2025-08-11T13:16:42Z,1.03,38.02,0.81,0.64
2025-08-11T13:17:42Z,0.61,31.39,0.52,0.32
2025-08-11T13:18:42Z,0.77,39.03,0.6,0.49
2025-08-11T13:19:42Z,0.37,65.46,0.16,0.34
2025-08-11T13:20:42Z,0.51,83.23,0.06,0.5
2025-08-11T13:21:42Z,0.88,51.98,0.54,0.7
2025-08-11T13:22:42Z,0.88,34.26,0.73,0.5
2025-08-11T13:23:42Z,1.42,47.86,0.95,1.05
2025-08-11T13:24:42Z,0.89,28.61,0.78,0.43
2025-08-11T13:25:42Z,1.28,36.35,1.03,0.76
2025-08-11T13:26:42Z,0.84,74.97,0.22,0.81
2025-08-11T13:27:42Z,0.89,61.65,0.42,0.78
2025-08-11T13:28:42Z,0.56,36.13,0.45,0.33
2025-08-11T13:29:42Z,0.33,58.63,0.17,0.29
2025-08-11T13:30:42Z,0.7,75.02,0.18,0.68
2025-08-11T13:31:42Z,0.77,19.34,0.73,0.26
2025-08-11T13:32:42Z,0.71,45.27,0.5,0.5
2025-08-11T13:33:42Z,0.65,53.25,0.39,0.52
2025-08-11T13:34:42Z,0.6,22.41,0.56,0.23
2025-08-11T13:35:42Z,0.71,352.33,0.7,-0.09
2025-08-11T13:36:42Z,0.9,25.15,0.81,0.38
2025-08-11T13:37:42Z,0.88,76.38,0.21,0.85
2025-08-11T13:38:42Z,0.91,32.31,0.77,0.49
2025-08-11T13:39:42Z,1.2,40.52,0.91,0.78
2025-08-11T13:40:42Z,1,35.01,0.82,0.57
2025-08-11T13:41:42Z,1,37.77,0.79,0.61
2025-08-11T13:42:42Z,0.77,67.98,0.29,0.72
2025-08-11T13:43:42Z,0.78,55.58,0.44,0.64
2025-08-11T13:44:42Z,1.04,29.33,0.91,0.51
2025-08-11T13:45:42Z,1.29,54.89,0.74,1.06
2025-08-11T13:46:42Z,1.11,52.59,0.67,0.88
2025-08-11T13:47:42Z,0.69,79.41,0.13,0.68
2025-08-11T13:48:42Z,0.92,61.68,0.44,0.81
2025-08-11T13:49:42Z,0.62,60.55,0.3,0.54
2025-08-11T13:50:42Z,1.22,78.44,0.24,1.19
2025-08-11T13:51:42Z,0.78,11.81,0.76,0.16
2025-08-11T13:52:42Z,0.69,33.49,0.58,0.38
2025-08-11T13:53:42Z,0.85,66.79,0.33,0.78
2025-08-11T13:54:42Z,0.88,49.57,0.57,0.67
2025-08-11T13:55:42Z,0.76,26.06,0.68,0.33
2025-08-11T13:56:42Z,0.49,358.07,0.49,-0.02
2025-08-11T13:57:42Z,0.78,14.7,0.75,0.2
2025-08-11T13:58:42Z,0.54,37.79,0.42,0.33
2025-08-11T13:59:42Z,0.85,47.97,0.57,0.63
2025-08-11T14:00:42Z,0.61,63.37,0.27,0.54
2025-08-11T14:01:42Z,0.93,71.29,0.3,0.88
2025-08-11T14:02:42Z,0.48,104.19,-0.12,0.47
2025-08-11T14:03:42Z,0.73,82.58,0.09,0.73
2025-08-11T14:04:42Z,0.84,47.22,0.57,0.61
2025-08-11T14:05:42Z,1.02,356.09,1.02,-0.07
2025-08-11T14:06:42Z,0.83,327.92,0.7,-0.44
2025-08-11T14:07:42Z,1.07,15.6,1.03,0.29
2025-08-11T14:08:42Z,0.71,313.22,0.49,-0.52
2025-08-11T14:09:42Z,0.78,359.19,0.78,-0.01
2025-08-11T14:10:42Z,0.84,3.01,0.84,0.04
2025-08-11T14:11:42Z,0.32,74.4,0.09,0.31
2025-08-11T14:12:42Z,1.08,16.9,1.03,0.31
2025-08-11T14:13:42Z,0.69,60.73,0.34,0.6
2025-08-11T14:14:42Z,0.51,25.53,0.46,0.22
2025-08-11T14:15:42Z,0.81,26.75,0.73,0.37
2025-08-11T14:16:42Z,0.94,28.18,0.83,0.44
2025-08-11T14:17:42Z,0.96,30.63,0.83,0.49
2025-08-11T14:18:42Z,1.15,37.83,0.91,0.7
2025-08-11T14:19:42Z,1.14,68.19,0.43,1.06
2025-08-11T14:20:42Z,0.64,29.51,0.56,0.32
2025-08-11T14:21:42Z,0.67,58.93,0.35,0.58
2025-08-11T14:22:42Z,1.17,40.12,0.9,0.76
2025-08-11T14:23:42Z,0.74,58.72,0.38,0.63
2025-08-11T14:24:42Z,0.53,91.74,-0.02,0.53
2025-08-11T14:25:42Z,0.79,49.6,0.51,0.6
2025-08-11T14:26:42Z,0.29,48.75,0.19,0.21
2025-08-11T14:27:42Z,0.57,44.53,0.4,0.4
2025-08-11T14:28:42Z,0.49,3.59,0.49,0.03
2025-08-11T14:29:42Z,0.61,341.49,0.57,-0.19
2025-08-11T14:30:42Z,0.62,339.5,0.58,-0.22
2025-08-11T14:31:42Z,0.27,33.19,0.22,0.15
2025-08-11T14:32:42Z,0.74,354.7,0.74,-0.07
2025-08-11T14:33:42Z,0.71,10.83,0.69,0.13
2025-08-11T14:34:42Z,0.73,0.46,0.73,0.01
2025-08-11T14:35:42Z,0.59,39.07,0.46,0.37
2025-08-11T14:36:42Z,0.93,31.46,0.8,0.49
2025-08-11T14:37:42Z,1.22,28.44,1.07,0.58
2025-08-11T14:38:42Z,0.79,46.1,0.55,0.57
2025-08-11T14:39:42Z,0.38,66.47,0.15,0.35
2025-08-11T14:40:42Z,0.44,334.76,0.4,-0.19
2025-08-11T14:41:42Z,1.16,350.99,1.14,-0.18
2025-08-11T14:42:42Z,1.1,1.77,1.1,0.03
2025-08-11T14:43:42Z,0.4,16.7,0.39,0.12
2025-08-11T14:44:42Z,0.61,13.6,0.59,0.14
2025-08-11T14:45:42Z,0.45,20.13,0.42,0.15
2025-08-11T14:46:42Z,0.61,9.7,0.6,0.1
2025-08-11T14:47:42Z,0.74,350.58,0.73,-0.12
2025-08-11T14:48:42Z,0.45,48.35,0.3,0.34
2025-08-11T14:49:42Z,1.12,21.83,1.04,0.42
2025-08-11T14:50:42Z,0.83,44.78,0.59,0.59
2025-08-11T14:51:42Z,0.55,10.22,0.54,0.1
2025-08-11T14:52:42Z,0.54,330.67,0.47,-0.26
2025-08-11T14:53:42Z,0.75,26.49,0.67,0.33
2025-08-11T14:54:42Z,0.82,33.59,0.68,0.45
2025-08-11T14:55:42Z,0.93,40.65,0.7,0.6
2025-08-11T14:56:42Z,1.05,30.8,0.9,0.54
2025-08-11T14:57:42Z,0.48,19.5,0.45,0.16
2025-08-11T14:58:42Z,0.95,37.47,0.76,0.58
2025-08-11T14:59:42Z,0.58,10.49,0.57,0.11
2025-08-11T15:00:42Z,0.86,47.15,0.59,0.63
2025-08-11T15:01:42Z,0.4,47.74,0.27,0.3
2025-08-11T15:02:42Z,0.72,26.02,0.65,0.32
2025-08-11T15:03:42Z,0.51,44.6,0.36,0.36
2025-08-11T15:04:42Z,0.93,8.73,0.92,0.14
2025-08-11T15:05:42Z,0.6,31.95,0.51,0.32
2025-08-11T15:06:42Z,0.36,75.59,0.09,0.35
2025-08-11T15:07:42Z,1.2,37.73,0.95,0.73
2025-08-11T15:08:42Z,0.78,16.49,0.75,0.22
2025-08-11T15:09:42Z,0.76,48.98,0.5,0.58
2025-08-11T15:10:42Z,1.26,46.48,0.87,0.91
2025-08-11T15:11:42Z,0.65,26.13,0.58,0.28
2025-08-11T15:12:42Z,0.8,60.21,0.4,0.69
2025-08-11T15:13:42Z,0.64,52.46,0.39,0.5
2025-08-11T15:14:42Z,0.57,0.66,0.57,0.01
2025-08-11T15:15:42Z,0.46,42.98,0.34,0.31
2025-08-11T15:16:42Z,0.87,51.28,0.54,0.68
2025-08-11T15:17:42Z,0.57,28.18,0.5,0.27
2025-08-11T15:18:42Z,0.81,50.74,0.51,0.63
2025-08-11T15:19:42Z,0.56,26.97,0.5,0.25
2025-08-11T15:20:42Z,0.92,38.68,0.71,0.57
2025-08-11T15:21:42Z,0.95,56.82,0.52,0.8
2025-08-11T15:22:42Z,0.62,31.65,0.53,0.33
2025-08-11T15:23:42Z,0.84,19.38,0.79,0.28
2025-08-11T15:24:42Z,0.99,37.81,0.78,0.61
2025-08-11T15:25:42Z,0.75,23.48,0.69,0.3
2025-08-11T15:26:42Z,0.74,2.75,0.74,0.04
2025-08-11T15:27:42Z,0.34,29.37,0.3,0.17
2025-08-11T15:28:42Z,1.27,73.76,0.35,1.22
2025-08-11T15:29:42Z,0.77,30.93,0.66,0.4
2025-08-11T15:30:42Z,0.81,71.45,0.26,0.77
2025-08-11T15:31:42Z,0.77,35.3,0.63,0.44
2025-08-11T15:32:42Z,1.23,32.41,1.04,0.66
2025-08-11T15:33:42Z,0.81,53.01,0.49,0.65
2025-08-11T15:34:42Z,0.91,29.4,0.79,0.45
2025-08-11T15:35:42Z,0.69,24.8,0.63,0.29
2025-08-11T15:36:42Z,0.9,19.75,0.84,0.3
2025-08-11T15:37:42Z,1.2,23.41,1.1,0.48
2025-08-11T15:38:42Z,1.3,74.75,0.34,1.25
2025-08-11T15:39:42Z,0.5,45.42,0.35,0.35
2025-08-11T15:40:42Z,0.23,33.15,0.19,0.13
2025-08-11T15:41:42Z,0.73,29.34,0.64,0.36
2025-08-11T15:42:42Z,0.92,44.12,0.66,0.64
2025-08-11T15:43:42Z,1.53,60.76,0.75,1.34
2025-08-11T15:44:42Z,1.22,78,0.25,1.2
2025-08-11T15:45:42Z,0.64,49.26,0.41,0.48
2025-08-11T15:46:42Z,2.18,80.37,0.36,2.15
2025-08-11T15:47:42Z,1.89,74.04,0.52,1.82
2025-08-11T15:48:42Z,1.53,73.81,0.43,1.47
2025-08-11T15:49:42Z,0.7,53.76,0.41,0.56
2025-08-11T15:50:42Z,1.16,15.34,1.12,0.31
2025-08-11T15:51:42Z,0.66,76.71,0.15,0.64
2025-08-11T15:52:42Z,0.69,33.64,0.58,0.38
2025-08-11T15:53:42Z,0.26,342.52,0.25,-0.08
2025-08-11T15:54:42Z,1.08,63.81,0.47,0.96
2025-08-11T15:55:42Z,0.72,54.58,0.42,0.59
2025-08-11T15:56:42Z,0.82,47.68,0.55,0.6
2025-08-11T15:57:42Z,1.43,65.49,0.59,1.3
2025-08-11T15:58:42Z,1.06,60.39,0.52,0.92
2025-08-11T15:59:42Z,1.51,73.37,0.43,1.44
2025-08-11T16:00:42Z,1.33,62.73,0.61,1.18
2025-08-11T16:01:42Z,0.7,0.89,0.7,0.01
2025-08-11T16:02:42Z,1.51,68.46,0.55,1.4
2025-08-11T16:03:42Z,1.26,14.48,1.22,0.32
2025-08-11T16:04:42Z,1.11,92.4,-0.05,1.11
2025-08-11T16:05:42Z,0.53,52.41,0.33,0.42
2025-08-11T16:06:42Z,0.99,57.43,0.53,0.83
2025-08-11T16:07:42Z,0.73,78.61,0.14,0.72
2025-08-11T16:08:42Z,0.84,48.7,0.55,0.63
2025-08-11T16:09:42Z,1.06,38.59,0.83,0.66
2025-08-11T16:10:42Z,1.4,45.28,0.99,1
2025-08-11T16:11:42Z,0.83,1.61,0.83,0.02
2025-08-11T16:12:42Z,0.88,355.23,0.88,-0.07
2025-08-11T16:13:42Z,0.79,12.59,0.77,0.17
2025-08-11T16:14:42Z,0.69,13.08,0.68,0.16
2025-08-11T16:15:42Z,0.79,348.25,0.77,-0.16
2025-08-11T16:16:42Z,0.68,25.93,0.61,0.3
2025-08-11T16:17:42Z,0.68,43.64,0.49,0.47
2025-08-11T16:18:42Z,0.37,66.74,0.15,0.34
2025-08-11T16:19:42Z,0.76,61.59,0.36,0.67
2025-08-11T16:20:42Z,1.23,80.52,0.2,1.22
2025-08-11T16:21:42Z,0.54,86.81,0.03,0.54
2025-08-11T16:22:42Z,0.63,24.86,0.58,0.27
2025-08-11T16:23:42Z,0.93,61.26,0.45,0.82
2025-08-11T16:24:42Z,1.27,17.42,1.21,0.38
2025-08-11T16:25:42Z,1.26,75.61,0.31,1.22
2025-08-11T16:26:42Z,1.49,77.09,0.33,1.45
2025-08-11T16:27:42Z,0.98,52.9,0.59,0.78
2025-08-11T16:28:42Z,1.78,83.95,0.19,1.77
2025-08-11T16:29:42Z,0.29,96.2,-0.03,0.29
2025-08-11T16:30:42Z,0.77,115.09,-0.33,0.7
2025-08-11T16:31:42Z,0.29,38.86,0.22,0.18
2025-08-11T16:32:42Z,0.98,68.02,0.37,0.91
2025-08-11T16:33:42Z,1.22,44.22,0.87,0.85
2025-08-11T16:34:42Z,0.76,22.2,0.7,0.29
2025-08-11T16:35:42Z,0.59,356.37,0.59,-0.04
2025-08-11T16:36:42Z,0.77,70.42,0.26,0.72
2025-08-11T16:37:42Z,1.26,59.56,0.64,1.09
2025-08-11T16:38:42Z,0.59,48.77,0.39,0.44
2025-08-11T16:39:42Z,0.85,87.46,0.04,0.85
2025-08-11T16:40:42Z,0.87,55.08,0.5,0.71
2025-08-11T16:41:42Z,0.84,86.11,0.06,0.84
2025-08-11T16:42:42Z,0.95,22.44,0.88,0.36
2025-08-11T16:43:42Z,0.29,65,0.12,0.26
2025-08-11T16:44:42Z,0.38,6.02,0.38,0.04
2025-08-11T16:45:42Z,1.13,58.66,0.59,0.96
2025-08-11T16:46:42Z,0.3,99.51,-0.05,0.3
2025-08-11T16:47:42Z,0.38,56.76,0.21,0.32
2025-08-11T16:48:42Z,1.54,83.3,0.18,1.53
2025-08-11T16:49:42Z,1.27,64.6,0.55,1.15
2025-08-11T16:50:42Z,0.95,62.45,0.44,0.84
2025-08-11T16:51:42Z,0.71,53.09,0.43,0.57
2025-08-11T16:52:42Z,1.68,89.16,0.02,1.67
2025-08-11T16:53:42Z,0.88,55.81,0.5,0.73
2025-08-11T16:54:42Z,1.67,79.47,0.31,1.65
2025-08-11T16:55:42Z,1.01,65.72,0.41,0.92
2025-08-11T16:56:42Z,0.69,52.7,0.42,0.55
2025-08-11T16:57:42Z,1.06,60.27,0.53,0.92
2025-08-11T16:58:42Z,0.66,58.66,0.34,0.56
2025-08-11T16:59:42Z,1.51,68.43,0.55,1.4
2025-08-11T17:00:42Z,1.41,90.74,-0.02,1.41
2025-08-11T17:01:42Z,0.96,70.37,0.32,0.91
2025-08-11T17:02:42Z,0.76,83.38,0.09,0.76
2025-08-11T17:03:42Z,0.97,104.85,-0.25,0.93
2025-08-11T17:04:42Z,0.88,91.08,-0.02,0.88
2025-08-11T17:05:42Z,0.75,71.84,0.23,0.71
2025-08-11T17:06:42Z,0.58,80.34,0.1,0.57
2025-08-11T17:07:42Z,0.28,80.28,0.05,0.28
2025-08-11T17:08:42Z,1.18,78.46,0.24,1.15
2025-08-11T17:09:42Z,1.33,85.75,0.1,1.33
2025-08-11T17:10:42Z,0.98,81.49,0.15,0.97
2025-08-11T17:11:42Z,0.88,55.98,0.49,0.73
2025-08-11T17:12:42Z,0.71,57.85,0.38,0.6
2025-08-11T17:13:42Z,0.76,52.07,0.47,0.6
2025-08-11T17:14:42Z,1.02,43.62,0.74,0.71
2025-08-11T17:15:42Z,0.35,27.24,0.31,0.16
2025-08-11T17:16:42Z,0.38,40.91,0.29,0.25
2025-08-11T17:17:42Z,0.39,64.88,0.17,0.36
2025-08-11T17:18:42Z,0.46,45.97,0.32,0.33
2025-08-11T17:19:42Z,0.75,82.61,0.1,0.74
2025-08-11T17:20:42Z,0.65,28.47,0.57,0.31
2025-08-11T17:21:42Z,0.66,73.32,0.19,0.63
2025-08-11T17:22:42Z,0.37,91.01,-0.01,0.37
2025-08-11T17:23:42Z,0.82,36.5,0.66,0.49
2025-08-11T17:24:42Z,0.86,62.22,0.4,0.76
2025-08-11T17:25:42Z,1.18,64.27,0.51,1.06
2025-08-11T17:26:42Z,1.04,60.52,0.51,0.9
2025-08-11T17:27:42Z,1.2,54.64,0.7,0.98
2025-08-11T17:28:42Z,0.8,23.56,0.73,0.32
2025-08-11T17:29:42Z,1.02,49.51,0.66,0.78
2025-08-11T17:30:42Z,0.72,30.02,0.62,0.36
2025-08-11T17:31:42Z,0.62,357.01,0.62,-0.03
2025-08-11T17:32:42Z,1.09,103.39,-0.25,1.06
2025-08-11T17:33:42Z,0.62,48.79,0.41,0.47
2025-08-11T17:34:42Z,0.77,30.64,0.66,0.39
2025-08-11T17:35:42Z,0.56,37.02,0.44,0.34
2025-08-11T17:36:42Z,0.79,72.43,0.24,0.75
2025-08-11T17:37:42Z,0.45,84.99,0.04,0.44
2025-08-11T17:38:42Z,0.67,87.55,0.03,0.66
2025-08-11T17:39:42Z,0.77,65.73,0.31,0.7
2025-08-11T17:40:42Z,0.53,64.73,0.22,0.48
2025-08-11T17:41:42Z,0.62,61.46,0.3,0.55
2025-08-11T17:42:42Z,0.92,32.19,0.78,0.49
2025-08-11T17:43:42Z,0.67,15.81,0.64,0.18
2025-08-11T17:44:42Z,0.85,76.21,0.2,0.83
2025-08-11T17:45:42Z,0.39,72.26,0.12,0.37
2025-08-11T17:46:42Z,0.54,57.75,0.29,0.46
2025-08-11T17:47:42Z,0.67,28.89,0.58,0.32
2025-08-11T17:48:42Z,0.38,18.32,0.36,0.12
2025-08-11T17:49:42Z,0.56,344.03,0.54,-0.15
2025-08-11T17:50:42Z,0.42,25.39,0.38,0.18
2025-08-11T17:51:42Z,0.82,3.98,0.82,0.06
2025-08-11T17:52:42Z,0.71,23.59,0.65,0.28
2025-08-11T17:53:42Z,0.74,15.93,0.71,0.2
2025-08-11T17:54:42Z,0.58,73.11,0.17,0.55
2025-08-11T17:55:42Z,0.79,13.28,0.77,0.18
2025-08-11T17:56:42Z,1.31,25.89,1.18,0.57
2025-08-11T17:57:42Z,0.7,26.96,0.62,0.32
2025-08-11T17:58:42Z,0.33,52.18,0.2,0.26
2025-08-11T17:59:42Z,0.64,20.26,0.6,0.22
2025-08-11T18:00:42Z,0.89,45.75,0.62,0.64
2025-08-11T18:01:42Z,1.03,30.35,0.89,0.52
2025-08-11T18:02:42Z,0.86,19.18,0.81,0.28
2025-08-11T18:03:42Z,0.88,38.06,0.69,0.54
2025-08-11T18:04:42Z,0.84,28.88,0.74,0.41
2025-08-11T18:05:42Z,0.62,43.22,0.45,0.42
2025-08-11T18:06:42Z,0.65,25.51,0.58,0.28
2025-08-11T18:07:42Z,0.95,17.29,0.91,0.28
2025-08-11T18:08:42Z,0.6,29.21,0.52,0.29
2025-08-11T18:09:42Z,0.65,35.87,0.53,0.38
2025-08-11T18:10:42Z,0.72,34.14,0.6,0.41
2025-08-11T18:11:42Z,0.78,29.67,0.68,0.39
2025-08-11T18:12:42Z,0.55,18.52,0.52,0.17
2025-08-11T18:13:42Z,1.11,25.97,0.99,0.48
2025-08-11T18:14:42Z,0.81,17.98,0.77,0.25
2025-08-11T18:15:42Z,0.44,39.46,0.34,0.28
2025-08-11T18:16:42Z,0.94,23.23,0.86,0.37
2025-08-11T18:17:42Z,0.82,34.32,0.68,0.46
2025-08-11T18:18:42Z,0.67,43.81,0.48,0.46
2025-08-11T18:19:42Z,0.63,19.49,0.59,0.21
2025-08-11T18:20:42Z,0.74,67.49,0.28,0.69
2025-08-11T18:21:42Z,0.89,13.79,0.87,0.21
2025-08-11T18:22:42Z,0.76,45.2,0.54,0.54
2025-08-11T18:23:42Z,0.69,16.3,0.66,0.19
2025-08-11T18:24:42Z,0.98,37.84,0.78,0.6
2025-08-11T18:25:42Z,0.97,33.69,0.8,0.54
2025-08-11T18:26:42Z,1,48.54,0.66,0.75
2025-08-11T18:27:42Z,0.61,44.96,0.43,0.43
2025-08-11T18:28:42Z,0.42,5.84,0.41,0.04
2025-08-11T18:29:42Z,0.7,351.41,0.69,-0.1
2025-08-11T18:30:42Z,0.62,30.59,0.54,0.32
2025-08-11T18:31:42Z,0.91,8.28,0.9,0.13
2025-08-11T18:32:42Z,0.64,33.13,0.53,0.35
2025-08-11T18:33:42Z,0.4,53.3,0.24,0.32
2025-08-11T18:34:42Z,0.71,34.72,0.58,0.4
2025-08-11T18:35:42Z,0.79,35.75,0.65,0.46
2025-08-11T18:36:42Z,0.88,28.03,0.77,0.41
2025-08-11T18:37:42Z,0.8,45.97,0.55,0.57
2025-08-11T18:38:42Z,0.97,23.73,0.89,0.39
2025-08-11T18:39:42Z,1.03,21.19,0.96,0.37
2025-08-11T18:40:42Z,0.88,29.81,0.77,0.44
2025-08-11T18:41:42Z,0.91,36.21,0.74,0.54
2025-08-11T18:42:42Z,0.62,62.62,0.28,0.55
2025-08-11T18:43:42Z,0.98,40.09,0.75,0.63
2025-08-11T18:44:42Z,0.55,25.89,0.5,0.24
2025-08-11T18:45:42Z,0.73,37.82,0.58,0.45
2025-08-11T18:46:42Z,0.73,37.5,0.58,0.45
2025-08-11T18:47:42Z,0.6,43.97,0.44,0.42
2025-08-11T18:48:42Z,1.1,43.1,0.8,0.75
2025-08-11T18:49:42Z,0.44,28.57,0.39,0.21
2025-08-11T18:50:42Z,0.78,17.99,0.74,0.24
2025-08-11T18:51:42Z,0.64,32.56,0.54,0.34
2025-08-11T18:52:42Z,0.75,22.97,0.69,0.29
2025-08-11T18:53:42Z,0.68,28.69,0.6,0.33
2025-08-11T18:54:42Z,0.68,46.6,0.47,0.5
2025-08-11T18:55:42Z,0.71,38.54,0.55,0.44
2025-08-11T18:56:42Z,0.92,38.47,0.72,0.57
2025-08-11T18:57:42Z,0.58,47.1,0.4,0.43
2025-08-11T18:58:42Z,0.59,44.98,0.42,0.42
2025-08-11T18:59:42Z,0.82,46.28,0.56,0.59
2025-08-11T19:00:42Z,0.82,25.71,0.74,0.36
2025-08-11T19:01:42Z,0.4,16.66,0.38,0.11
2025-08-11T19:02:42Z,0.9,32.51,0.76,0.48
2025-08-11T19:03:42Z,0.71,19.83,0.67,0.24
2025-08-11T19:04:42Z,0.62,25.99,0.56,0.27
2025-08-11T19:05:42Z,0.85,349.93,0.84,-0.15
2025-08-11T19:06:42Z,0.88,29.43,0.76,0.43
2025-08-11T19:07:42Z,0.7,21.06,0.65,0.25
2025-08-11T19:08:42Z,0.63,7.33,0.63,0.08
2025-08-11T19:09:42Z,0.38,40.6,0.29,0.24
2025-08-11T19:10:42Z,0.54,19.48,0.51,0.18
2025-08-11T19:11:42Z,0.72,2.27,0.72,0.03
2025-08-11T19:12:42Z,0.9,27.15,0.8,0.41
2025-08-11T19:13:42Z,0.64,22.66,0.59,0.25
2025-08-11T19:14:42Z,0.82,3.22,0.81,0.05
2025-08-11T19:15:42Z,0.57,48.11,0.38,0.42
2025-08-11T19:16:42Z,0.65,30.36,0.56,0.33
2025-08-11T19:17:42Z,0.7,35.12,0.57,0.4
2025-08-11T19:18:42Z,0.83,34.71,0.68,0.47
2025-08-11T19:19:42Z,0.77,37.53,0.61,0.47
2025-08-11T19:20:42Z,1.12,63.9,0.49,1.01
2025-08-11T19:21:42Z,0.75,43.06,0.55,0.51
2025-08-11T19:22:42Z,1.13,23.04,1.04,0.44
2025-08-11T19:23:42Z,1.05,49.59,0.68,0.8
2025-08-11T19:24:42Z,0.46,39.04,0.35,0.29
2025-08-11T19:25:42Z,1.07,40.27,0.82,0.69
2025-08-11T19:26:42Z,0.87,37.87,0.69,0.54
2025-08-11T19:27:42Z,0.54,83.77,0.06,0.54
2025-08-11T19:28:42Z,0.62,46.69,0.43,0.45
2025-08-11T19:29:42Z,1.24,30.98,1.07,0.64
2025-08-11T19:30:42Z,0.85,51.17,0.53,0.66
2025-08-11T19:31:42Z,0.74,38.9,0.57,0.46
2025-08-11T19:32:42Z,0.87,32.4,0.73,0.46
2025-08-11T19:33:42Z,1.15,7.09,1.15,0.14
2025-08-11T19:34:42Z,0.7,30.89,0.6,0.36
2025-08-11T19:35:42Z,0.81,27.5,0.72,0.37
2025-08-11T19:36:42Z,0.85,69.86,0.29,0.79
2025-08-11T19:37:42Z,0.83,51.4,0.52,0.65
2025-08-11T19:38:42Z,0.99,55.07,0.56,0.81
2025-08-11T19:39:42Z,0.71,54.98,0.41,0.59
2025-08-11T19:40:42Z,0.67,44.75,0.48,0.47
2025-08-11T19:41:42Z,0.8,53.95,0.47,0.65
2025-08-11T19:42:42Z,0.82,49.54,0.54,0.63
2025-08-11T19:43:42Z,0.93,45.66,0.65,0.67
2025-08-11T19:44:42Z,0.81,39.36,0.63,0.51
2025-08-11T19:45:42Z,0.97,36.5,0.78,0.58
2025-08-11T19:46:42Z,0.85,56.17,0.47,0.7
2025-08-11T19:47:42Z,0.99,36.61,0.79,0.59
2025-08-11T19:48:42Z,0.77,49.47,0.5,0.58
2025-08-11T19:49:42Z,0.98,53.83,0.58,0.79
2025-08-11T19:50:42Z,0.96,46.53,0.66,0.7
2025-08-11T19:51:42Z,0.76,29.99,0.66,0.38
2025-08-11T19:52:42Z,0.73,13.07,0.71,0.17
2025-08-11T19:53:42Z,0.7,63.41,0.31,0.63
2025-08-11T19:54:42Z,0.75,17.21,0.72,0.22
2025-08-11T19:55:42Z,0.71,27.61,0.63,0.33
2025-08-11T19:56:42Z,0.95,46.48,0.65,0.69
2025-08-11T19:57:42Z,0.73,13.84,0.71,0.18
2025-08-11T19:58:42Z,0.85,32.45,0.72,0.46
2025-08-11T19:59:42Z,1,69.08,0.36,0.94
2025-08-11T20:00:42Z,0.88,59.01,0.45,0.75
2025-08-11T20:01:42Z,0.95,33.83,0.79,0.53
2025-08-11T20:02:42Z,0.85,43.4,0.62,0.58
2025-08-11T20:03:42Z,0.71,32.94,0.6,0.39
2025-08-11T20:04:42Z,0.72,25.38,0.65,0.31
2025-08-11T20:05:42Z,0.47,45.85,0.32,0.33
2025-08-11T20:06:42Z,0.96,19.04,0.9,0.31
2025-08-11T20:07:42Z,0.81,35.01,0.67,0.47
2025-08-11T20:08:42Z,0.74,41.62,0.56,0.49
2025-08-11T20:09:42Z,0.86,45.78,0.6,0.61
2025-08-11T20:10:42Z,0.73,69.35,0.26,0.68
2025-08-11T20:11:42Z,0.84,40.39,0.64,0.55
2025-08-11T20:12:42Z,1.02,26.39,0.91,0.45
2025-08-11T20:13:42Z,1.01,47.26,0.69,0.74
2025-08-11T20:14:42Z,0.97,73.32,0.28,0.93
2025-08-11T20:15:42Z,1.18,59.96,0.59,1.02
2025-08-11T20:16:42Z,1.25,59.81,0.63,1.08
2025-08-11T20:17:42Z,0.97,48.21,0.65,0.73
2025-08-11T20:18:42Z,1.15,69.89,0.39,1.08
2025-08-11T20:19:42Z,1.07,76.36,0.25,1.04
2025-08-11T20:20:42Z,0.83,42.32,0.61,0.56
2025-08-11T20:21:42Z,0.72,48.49,0.48,0.54
2025-08-11T20:22:42Z,0.87,22.06,0.8,0.33
2025-08-11T20:23:42Z,1.26,13.98,1.22,0.3
2025-08-11T20:24:42Z,1.05,47.76,0.7,0.78
2025-08-11T20:25:42Z,0.83,30.22,0.72,0.42
2025-08-11T20:26:42Z,0.9,9.06,0.89,0.14
2025-08-11T20:27:42Z,1.12,30.41,0.97,0.57
2025-08-11T20:28:42Z,1.71,27.72,1.52,0.8
2025-08-11T20:29:42Z,0.52,55.69,0.29,0.43
2025-08-11T20:30:42Z,0.97,29.5,0.84,0.48
2025-08-11T20:31:42Z,0.83,40.64,0.63,0.54
2025-08-11T20:32:42Z,0.93,34.25,0.77,0.52
2025-08-11T20:33:42Z,0.78,37.84,0.61,0.48
2025-08-11T20:34:42Z,0.95,49.32,0.62,0.72
2025-08-11T20:35:42Z,0.84,30.29,0.73,0.42
2025-08-11T20:36:42Z,1.04,33.94,0.86,0.58
2025-08-11T20:37:42Z,0.99,45.7,0.69,0.71
2025-08-11T20:38:42Z,1.13,39.51,0.88,0.72
2025-08-11T20:39:42Z,0.71,51.21,0.45,0.56
2025-08-11T20:40:42Z,0.88,50.43,0.56,0.68
2025-08-11T20:41:42Z,1.33,65.73,0.55,1.22
2025-08-11T20:42:42Z,0.77,49.2,0.5,0.58
2025-08-11T20:43:42Z,0.71,39.64,0.55,0.45
2025-08-11T20:44:42Z,0.91,44.25,0.65,0.64
2025-08-11T20:45:42Z,0.66,27.57,0.58,0.3
2025-08-11T20:46:42Z,0.84,40.19,0.64,0.54
2025-08-11T20:47:42Z,0.64,40.4,0.48,0.41
2025-08-11T20:48:42Z,0.66,38.89,0.51,0.41
2025-08-11T20:49:42Z,0.74,47,0.5,0.54
2025-08-11T20:50:42Z,0.8,60.66,0.39,0.7
2025-08-11T20:51:42Z,0.85,34.98,0.7,0.49
2025-08-11T20:52:42Z,0.73,27.4,0.65,0.34
2025-08-11T20:53:42Z,0.78,24.2,0.71,0.32
2025-08-11T20:54:42Z,0.62,12.12,0.61,0.13
2025-08-11T20:55:42Z,0.71,37.81,0.56,0.43
2025-08-11T20:56:42Z,0.69,29.94,0.6,0.35
2025-08-11T20:57:42Z,0.7,14.27,0.68,0.17
2025-08-11T20:58:42Z,0.86,7.71,0.86,0.12
2025-08-11T20:59:42Z,0.44,62.65,0.2,0.39
2025-08-11T21:00:42Z,0.88,42.53,0.65,0.6
2025-08-11T21:01:42Z,0.57,34.84,0.47,0.33
2025-08-11T21:02:42Z,0.43,55.74,0.24,0.36
2025-08-11T21:03:42Z,0.89,64.27,0.39,0.8
2025-08-11T21:04:42Z,0.84,27.85,0.74,0.39
2025-08-11T21:05:42Z,0.69,27.07,0.62,0.32
2025-08-11T21:06:42Z,1.21,49.19,0.79,0.91
2025-08-11T21:07:42Z,1.12,41.95,0.83,0.75
2025-08-11T21:08:42Z,1.56,57.57,0.83,1.31
2025-08-11T21:09:42Z,1.55,52.25,0.95,1.22
2025-08-11T21:10:42Z,1.28,56.97,0.7,1.07
2025-08-11T21:11:42Z,1.62,63.71,0.72,1.46
2025-08-11T21:12:42Z,0.93,50.66,0.59,0.72
2025-08-11T21:13:42Z,1.2,54.6,0.7,0.98
2025-08-11T21:14:42Z,1.18,57.65,0.63,1
2025-08-11T21:15:42Z,1.66,77.99,0.35,1.63
2025-08-11T21:16:42Z,1.74,56.91,0.95,1.46
2025-08-11T21:17:42Z,1.59,66.95,0.62,1.47
2025-08-11T21:18:42Z,0.97,52.41,0.59,0.77
2025-08-11T21:19:42Z,0.76,81.94,0.11,0.75
2025-08-11T21:20:42Z,1.2,55.87,0.67,0.99
2025-08-11T21:21:42Z,0.72,45.88,0.5,0.52
2025-08-11T21:22:42Z,0.73,33.66,0.61,0.41
2025-08-11T21:23:42Z,0.59,50.8,0.37,0.46
2025-08-11T21:24:42Z,0.45,47.33,0.3,0.33
2025-08-11T21:25:42Z,0.8,34.28,0.66,0.45
2025-08-11T21:26:42Z,0.63,29.71,0.55,0.31
2025-08-11T21:27:42Z,0.61,58.38,0.32,0.52
2025-08-11T21:28:42Z,0.87,58.31,0.46,0.74
2025-08-11T21:29:42Z,0.78,28.62,0.69,0.38
2025-08-11T21:30:42Z,0.69,50.64,0.44,0.53
2025-08-11T21:31:42Z,0.71,47.45,0.48,0.52
2025-08-11T21:32:42Z,0.75,55.71,0.42,0.62
2025-08-11T21:33:42Z,1.1,59.4,0.56,0.95
2025-08-11T21:34:42Z,0.9,60.28,0.44,0.78
2025-08-11T21:35:42Z,0.85,52.8,0.51,0.68
2025-08-11T21:36:42Z,0.84,34.21,0.69,0.47
2025-08-11T21:37:42Z,1.13,355.42,1.13,-0.09
2025-08-11T21:38:42Z,0.95,40.36,0.72,0.62
2025-08-11T21:39:42Z,1.3,355.35,1.3,-0.11
2025-08-11T21:40:42Z,0.68,39.38,0.53,0.43
2025-08-11T21:41:42Z,0.73,15.23,0.7,0.19
2025-08-11T21:42:42Z,0.66,55.31,0.38,0.54
2025-08-11T21:43:42Z,0.52,33.05,0.44,0.28
2025-08-11T21:44:42Z,0.6,20.04,0.56,0.2
2025-08-11T21:45:42Z,0.91,51.66,0.57,0.72
2025-08-11T21:46:42Z,0.82,45.19,0.57,0.58
2025-08-11T21:47:42Z,0.98,36.03,0.79,0.58
2025-08-11T21:48:42Z,0.53,53.79,0.32,0.43
2025-08-11T21:49:42Z,0.57,30.81,0.49,0.29
2025-08-11T21:50:42Z,0.63,84.83,0.06,0.63
2025-08-11T21:51:42Z,0.71,45.22,0.5,0.5
2025-08-11T21:52:42Z,0.87,13.28,0.85,0.2
2025-08-11T21:53:42Z,0.85,28.8,0.75,0.41
2025-08-11T21:54:42Z,0.85,37.01,0.68,0.51
2025-08-11T21:55:42Z,0.87,28.17,0.76,0.41
2025-08-11T21:56:42Z,0.73,3.18,0.73,0.04
2025-08-11T21:57:42Z,0.63,43.11,0.46,0.43
2025-08-11T21:58:42Z,0.83,16.64,0.79,0.24
2025-08-11T21:59:42Z,0.47,33.76,0.39,0.26
2025-08-11T22:00:42Z,0.37,6.96,0.36,0.04
2025-08-11T22:01:42Z,0.79,5.63,0.78,0.08
2025-08-11T22:02:42Z,0.72,10.37,0.7,0.13
2025-08-11T22:03:42Z,0.64,6.93,0.64,0.08
2025-08-11T22:04:42Z,0.81,14.02,0.79,0.2
2025-08-11T22:05:42Z,0.69,18.36,0.65,0.22
2025-08-11T22:06:42Z,0.7,57.53,0.37,0.59
2025-08-11T22:07:42Z,1,59.9,0.5,0.86
2025-08-11T22:08:42Z,0.59,70.97,0.19,0.56
2025-08-11T22:09:42Z,0.71,40.05,0.54,0.45
2025-08-11T22:10:42Z,0.72,33.06,0.61,0.39
2025-08-11T22:11:42Z,0.77,37.31,0.61,0.46
2025-08-11T22:12:42Z,0.8,39.5,0.62,0.51
2025-08-11T22:13:42Z,0.85,40.06,0.65,0.55
2025-08-11T22:14:42Z,0.88,29.66,0.76,0.43
2025-08-11T22:15:42Z,0.79,33.16,0.66,0.43
2025-08-11T22:16:42Z,0.53,29.51,0.46,0.26
2025-08-11T22:17:42Z,0.74,38.57,0.58,0.46
2025-08-11T22:18:42Z,0.73,35.32,0.6,0.42
2025-08-11T22:19:42Z,0.67,19.86,0.63,0.23
2025-08-11T22:20:42Z,0.69,34.88,0.57,0.4
2025-08-11T22:21:42Z,0.71,34.95,0.58,0.41
2025-08-11T22:22:42Z,0.81,77.89,0.17,0.79
2025-08-11T22:23:42Z,0.73,66.78,0.29,0.67
2025-08-11T22:24:42Z,0.54,58.33,0.29,0.46
2025-08-11T22:25:42Z,1.08,36.65,0.87,0.65
2025-08-11T22:26:42Z,0.64,33.72,0.53,0.36
2025-08-11T22:27:42Z,0.71,34.68,0.59,0.41
2025-08-11T22:28:42Z,0.75,25.27,0.68,0.32
2025-08-11T22:29:42Z,0.71,31.55,0.61,0.37
2025-08-11T22:30:42Z,0.63,23.71,0.58,0.25
2025-08-11T22:31:42Z,0.9,41.66,0.68,0.6
2025-08-11T22:32:42Z,0.56,44.96,0.39,0.39
2025-08-11T22:33:42Z,0.99,37.74,0.78,0.61
2025-08-11T22:34:42Z,0.72,37.09,0.58,0.44
2025-08-11T22:35:42Z,0.79,34.54,0.65,0.45
2025-08-11T22:36:42Z,0.53,29.84,0.46,0.26
2025-08-11T22:37:42Z,0.59,37.67,0.47,0.36
2025-08-11T22:38:42Z,0.58,356.5,0.58,-0.04
2025-08-11T22:39:42Z,0.99,26.86,0.88,0.45
2025-08-11T22:40:42Z,0.95,48.09,0.64,0.71
2025-08-11T22:41:42Z,0.58,30.1,0.5,0.29
2025-08-11T22:42:42Z,0.64,40.46,0.49,0.42
2025-08-11T22:43:42Z,0.97,46.89,0.66,0.71
2025-08-11T22:44:42Z,0.77,57.35,0.42,0.65
2025-08-11T22:45:42Z,0.72,58.83,0.37,0.61
2025-08-11T22:46:42Z,0.87,56.48,0.48,0.72
2025-08-11T22:47:42Z,1.44,60.36,0.71,1.25
2025-08-11T22:48:42Z,1.27,68.36,0.47,1.18
2025-08-11T22:49:42Z,0.93,57.4,0.5,0.78
2025-08-11T22:50:42Z,0.93,75.51,0.23,0.9
2025-08-11T22:51:42Z,0.97,80.22,0.16,0.95
2025-08-11T22:52:42Z,1.6,82.87,0.2,1.59
2025-08-11T22:53:42Z,1.07,68.88,0.39,1
2025-08-11T22:54:42Z,1.1,83.1,0.13,1.09
2025-08-11T22:55:42Z,0.92,94.21,-0.07,0.92
2025-08-11T22:56:42Z,0.81,67.6,0.31,0.75
2025-08-11T22:57:42Z,0.64,20.8,0.6,0.23
2025-08-11T22:58:42Z,0.93,26.44,0.83,0.41
2025-08-11T22:59:42Z,0.75,56.71,0.41,0.63
2025-08-11T23:00:42Z,0.65,46.14,0.45,0.47
2025-08-11T23:01:42Z,0.76,65.82,0.31,0.7
2025-08-11T23:02:42Z,0.88,76.58,0.2,0.86
2025-08-11T23:03:42Z,0.79,51.38,0.49,0.61
2025-08-11T23:04:42Z,0.83,74.47,0.22,0.8
2025-08-11T23:05:42Z,1.01,73.36,0.29,0.97
2025-08-11T23:06:42Z,1.3,74.07,0.36,1.25
2025-08-11T23:07:42Z,0.65,109.7,-0.22,0.62
2025-08-11T23:08:42Z,0.62,44.85,0.44,0.43
2025-08-11T23:09:42Z,0.65,57.61,0.35,0.55
2025-08-11T23:10:42Z,0.88,43.2,0.64,0.6
2025-08-11T23:11:42Z,0.82,43.47,0.59,0.56
2025-08-11T23:12:42Z,1.05,50.55,0.67,0.81
2025-08-11T23:13:42Z,0.97,51.3,0.61,0.76
2025-08-11T23:14:42Z,0.77,58.21,0.4,0.65
2025-08-11T23:15:42Z,0.57,47.86,0.38,0.42
2025-08-11T23:16:42Z,0.67,50.13,0.43,0.52
2025-08-11T23:17:42Z,0.59,17.42,0.56,0.18
2025-08-11T23:18:42Z,0.54,39.06,0.42,0.34
2025-08-11T23:19:42Z,0.43,43.82,0.31,0.3
2025-08-11T23:20:42Z,0.62,46.31,0.43,0.45
2025-08-11T23:21:42Z,0.54,24.04,0.49,0.22
2025-08-11T23:22:42Z,0.71,31.04,0.61,0.37
2025-08-11T23:23:42Z,0.78,9.12,0.77,0.12
2025-08-11T23:24:42Z,0.85,23.48,0.78,0.34
2025-08-11T23:25:42Z,0.49,46.73,0.33,0.36
2025-08-11T23:26:42Z,0.79,27.78,0.7,0.37
2025-08-11T23:27:42Z,0.66,42.39,0.49,0.44
2025-08-11T23:28:42Z,0.54,35.62,0.44,0.31
2025-08-11T23:29:42Z,0.49,49.2,0.32,0.37
2025-08-11T23:30:42Z,0.81,18.56,0.77,0.26
2025-08-11T23:31:42Z,0.8,18.49,0.76,0.25
2025-08-11T23:32:42Z,0.59,23.1,0.54,0.23
2025-08-11T23:33:42Z,0.61,11.7,0.6,0.12
2025-08-11T23:34:42Z,0.41,9.03,0.4,0.06
2025-08-11T23:35:42Z,1,34.21,0.83,0.56
2025-08-11T23:36:42Z,0.6,4.43,0.6,0.05
2025-08-11T23:37:42Z,0.57,359.86,0.57,-0
2025-08-11T23:38:42Z,0.85,17.37,0.81,0.25
2025-08-11T23:39:42Z,1,29.35,0.87,0.49
2025-08-11T23:40:42Z,1.25,10.73,1.23,0.23
2025-08-11T23:41:42Z,0.91,6.1,0.9,0.1
2025-08-11T23:42:42Z,0.38,34.33,0.31,0.21
2025-08-11T23:43:42Z,0.43,70.16,0.15,0.4
2025-08-11T23:44:42Z,0.77,27.22,0.68,0.35
2025-08-11T23:45:42Z,0.83,9.64,0.82,0.14
2025-08-11T23:46:42Z,0.93,23.55,0.85,0.37
2025-08-11T23:47:42Z,0.84,31.35,0.72,0.44
2025-08-11T23:48:42Z,0.7,26.02,0.63,0.31
2025-08-11T23:49:42Z,0.56,11.12,0.55,0.11
2025-08-11T23:50:42Z,0.69,36.76,0.55,0.41
2025-08-11T23:51:42Z,0.75,63.06,0.34,0.67
2025-08-11T23:52:42Z,1.1,9.1,1.09,0.17
2025-08-11T23:53:42Z,0.35,58.31,0.18,0.3
2025-08-11T23:54:42Z,0.67,23.7,0.62,0.27
2025-08-11T23:55:42Z,0.61,36.41,0.49,0.36
2025-08-11T23:56:42Z,0.63,41.85,0.47,0.42
2025-08-11T23:57:42Z,0.67,9.4,0.66,0.11
2025-08-11T23:58:42Z,0.66,37.05,0.53,0.4
2025-08-11T23:59:42Z,0.65,65.95,0.26,0.59
2025-08-12T00:00:42Z,0.77,41.45,0.58,0.51
2025-08-12T00:01:42Z,0.47,54.86,0.27,0.39
2025-08-12T00:02:42Z,0.93,33.94,0.77,0.52
2025-08-12T00:03:42Z,0.76,13.92,0.74,0.18
2025-08-12T00:04:42Z,0.61,9.08,0.6,0.1
2025-08-12T00:05:42Z,0.74,46.31,0.51,0.53
2025-08-12T00:06:42Z,0.91,13.65,0.89,0.21
2025-08-12T00:07:42Z,0.58,43.67,0.42,0.4
2025-08-12T00:08:42Z,0.76,25.2,0.69,0.32
2025-08-12T00:09:42Z,0.76,25.06,0.69,0.32
2025-08-12T00:10:42Z,0.36,21.56,0.33,0.13
2025-08-12T00:11:42Z,1.06,21.23,0.99,0.38
2025-08-12T00:12:42Z,1.3,38.8,1.01,0.82
2025-08-12T00:13:42Z,0.75,6.82,0.74,0.09
2025-08-12T00:14:42Z,0.86,37.08,0.68,0.52
2025-08-12T00:15:42Z,0.93,37.7,0.74,0.57
2025-08-12T00:16:42Z,0.93,26.24,0.83,0.41
2025-08-12T00:17:42Z,0.55,16.75,0.52,0.16
2025-08-12T00:18:42Z,0.71,57.73,0.38,0.6
2025-08-12T00:19:42Z,0.47,356.9,0.47,-0.03
2025-08-12T00:20:42Z,1.04,40.06,0.79,0.67
2025-08-12T00:21:42Z,0.61,3.27,0.61,0.04
2025-08-12T00:22:42Z,0.74,35.71,0.6,0.43
2025-08-12T00:23:42Z,1.06,16.07,1.02,0.29
2025-08-12T00:24:42Z,0.42,8.28,0.42,0.06
2025-08-12T00:25:42Z,0.7,17.53,0.67,0.21
2025-08-12T00:26:42Z,0.54,48.9,0.35,0.41
2025-08-12T00:27:42Z,0.17,356.3,0.17,-0.01
2025-08-12T00:28:42Z,0.66,32.67,0.56,0.36
2025-08-12T00:29:42Z,0.9,46.52,0.62,0.65
2025-08-12T00:30:42Z,0.9,48.61,0.59,0.67
2025-08-12T00:31:42Z,0.77,41.74,0.57,0.51
2025-08-12T00:32:42Z,0.81,37.97,0.64,0.5
2025-08-12T00:33:42Z,0.47,39.9,0.36,0.3
2025-08-12T00:34:42Z,0.99,17.64,0.94,0.3
2025-08-12T00:35:42Z,0.68,41.89,0.5,0.45
2025-08-12T00:36:42Z,0.53,11.66,0.52,0.11
2025-08-12T00:37:42Z,0.95,43.71,0.68,0.65
2025-08-12T00:38:42Z,0.74,18.62,0.71,0.24
2025-08-12T00:39:42Z,0.73,14.94,0.7,0.19
2025-08-12T00:40:42Z,0.92,44.98,0.65,0.65
2025-08-12T00:41:42Z,0.94,61.35,0.45,0.82
2025-08-12T00:42:42Z,1.09,55.78,0.62,0.91
2025-08-12T00:43:42Z,1.13,41.02,0.85,0.74
2025-08-12T00:44:42Z,0.89,24.95,0.8,0.37
2025-08-12T00:45:42Z,0.7,34.05,0.58,0.39
2025-08-12T00:46:42Z,0.75,33.35,0.63,0.41
2025-08-12T00:47:42Z,0.76,12.39,0.74,0.16
2025-08-12T00:48:42Z,0.76,34.38,0.62,0.43
2025-08-12T00:49:42Z,0.82,31.15,0.7,0.43
2025-08-12T00:50:42Z,0.66,24.92,0.6,0.28
2025-08-12T00:51:42Z,0.73,22.71,0.67,0.28
2025-08-12T00:52:42Z,0.52,13.86,0.5,0.12
2025-08-12T00:53:42Z,0.73,16.73,0.7,0.21
2025-08-12T00:54:42Z,0.68,32.33,0.57,0.36
2025-08-12T00:55:42Z,0.61,54.09,0.36,0.49
2025-08-12T00:56:42Z,0.89,38.8,0.7,0.56
2025-08-12T00:57:42Z,0.98,48.91,0.65,0.74
2025-08-12T00:58:42Z,0.58,63.95,0.25,0.52
2025-08-12T00:59:42Z,0.73,33.26,0.61,0.4
2025-08-12T01:00:42Z,0.58,7.01,0.58,0.07
2025-08-12T01:01:42Z,0.52,52.32,0.32,0.41
2025-08-12T01:02:42Z,0.85,48.98,0.56,0.64
2025-08-12T01:03:42Z,0.65,33.6,0.54,0.36
2025-08-12T01:04:42Z,0.5,55.7,0.28,0.41
2025-08-12T01:05:42Z,0.71,22.51,0.66,0.27
2025-08-12T01:06:42Z,0.69,35.92,0.56,0.41
2025-08-12T01:07:42Z,0.42,57,0.23,0.35
2025-08-12T01:08:42Z,0.57,81.7,0.08,0.57
2025-08-12T01:09:42Z,0.62,60.55,0.3,0.54
2025-08-12T01:10:42Z,0.84,69.79,0.29,0.79
2025-08-12T01:11:42Z,0.64,33.09,0.53,0.35
2025-08-12T01:12:42Z,0.85,50.7,0.54,0.66
2025-08-12T01:13:42Z,0.65,51.06,0.41,0.51
2025-08-12T01:14:42Z,0.5,33.28,0.42,0.28
2025-08-12T01:15:42Z,0.82,29.68,0.71,0.41
2025-08-12T01:16:42Z,0.79,32.07,0.67,0.42
2025-08-12T01:17:42Z,0.92,75.02,0.24,0.89
2025-08-12T01:18:42Z,0.88,39.28,0.68,0.56
2025-08-12T01:19:42Z,0.72,23.71,0.65,0.29
2025-08-12T01:20:42Z,0.85,63.88,0.38,0.77
2025-08-12T01:21:42Z,0.99,28.51,0.87,0.47
2025-08-12T01:22:42Z,0.88,37.32,0.7,0.53
2025-08-12T01:23:42Z,0.76,42.62,0.56,0.51
2025-08-12T01:24:42Z,0.85,50.17,0.55,0.66
2025-08-12T01:25:42Z,0.9,39.8,0.69,0.57
2025-08-12T01:26:42Z,0.75,19.54,0.71,0.25
2025-08-12T01:27:42Z,0.97,39.53,0.75,0.62
2025-08-12T01:28:42Z,0.79,46.24,0.55,0.57
2025-08-12T01:29:42Z,0.84,49.88,0.54,0.64
2025-08-12T01:30:42Z,0.73,26.22,0.65,0.32
2025-08-12T01:31:42Z,0.58,33.76,0.48,0.32
2025-08-12T01:32:42Z,0.68,22.49,0.63,0.26
2025-08-12T01:33:42Z,0.83,51.63,0.51,0.65
2025-08-12T01:34:42Z,0.61,38.62,0.47,0.38
2025-08-12T01:35:42Z,0.48,59.82,0.24,0.41
2025-08-12T01:36:42Z,0.61,29.58,0.53,0.3
2025-08-12T01:37:42Z,0.58,28.49,0.51,0.28
2025-08-12T01:38:42Z,0.91,25.64,0.82,0.39
2025-08-12T01:39:42Z,0.69,71.63,0.22,0.65
2025-08-12T01:40:42Z,0.71,25.6,0.64,0.31
2025-08-12T01:41:42Z,0.74,36.91,0.59,0.44
2025-08-12T01:42:42Z,0.83,25.34,0.75,0.36
2025-08-12T01:43:42Z,0.78,24.69,0.71,0.33
2025-08-12T01:44:42Z,0.73,25.6,0.66,0.31
2025-08-12T01:45:42Z,0.7,356.7,0.7,-0.04
2025-08-12T01:46:42Z,0.83,8.6,0.82,0.12
2025-08-12T01:47:42Z,0.41,57.19,0.22,0.34
2025-08-12T01:48:42Z,0.8,47.9,0.53,0.59
2025-08-12T01:49:42Z,0.62,32.07,0.53,0.33
2025-08-12T01:50:42Z,0.94,40.18,0.72,0.61
2025-08-12T01:51:42Z,0.9,61.06,0.43,0.78
2025-08-12T01:52:42Z,0.56,60.96,0.27,0.49
2025-08-12T01:53:42Z,0.9,73.53,0.25,0.86
2025-08-12T01:54:42Z,1.16,45.05,0.82,0.82
2025-08-12T01:55:42Z,1.35,44.73,0.96,0.95
2025-08-12T01:56:42Z,0.84,51.66,0.52,0.66
2025-08-12T01:57:42Z,1.34,44.17,0.96,0.94
2025-08-12T01:58:42Z,2.06,60.13,1.03,1.79
2025-08-12T01:59:42Z,0.5,88.24,0.02,0.5
2025-08-12T02:00:42Z,0.97,36.67,0.78,0.58
2025-08-12T02:01:42Z,0.66,22.56,0.61,0.25
2025-08-12T02:02:42Z,0.65,54.06,0.38,0.53
2025-08-12T02:03:42Z,0.81,20.56,0.75,0.28
2025-08-12T02:04:42Z,0.8,40.06,0.62,0.52
2025-08-12T02:05:42Z,0.64,75.67,0.16,0.62
2025-08-12T02:06:42Z,0.64,54.51,0.37,0.52
2025-08-12T02:07:42Z,0.7,32.53,0.59,0.37
2025-08-12T02:08:42Z,0.83,14.85,0.8,0.21
2025-08-12T02:09:42Z,0.6,38.47,0.47,0.38
2025-08-12T02:10:42Z,0.67,22.88,0.62,0.26
2025-08-12T02:11:42Z,0.55,17.02,0.53,0.16
2025-08-12T02:12:42Z,0.82,36.37,0.66,0.49
2025-08-12T02:13:42Z,0.75,66.68,0.3,0.69
2025-08-12T02:14:42Z,0.38,58.95,0.2,0.32
2025-08-12T02:15:42Z,0.66,51.3,0.41,0.52
2025-08-12T02:16:42Z,0.82,30.97,0.7,0.42
2025-08-12T02:17:42Z,0.95,18.8,0.9,0.31
2025-08-12T02:18:42Z,1.09,29.51,0.95,0.54
2025-08-12T02:19:42Z,0.74,13.46,0.72,0.17
2025-08-12T02:20:42Z,0.77,48.85,0.51,0.58
2025-08-12T02:21:42Z,0.63,5.14,0.63,0.06
2025-08-12T02:22:42Z,0.88,21.49,0.82,0.32
2025-08-12T02:23:42Z,0.76,25.97,0.68,0.33
2025-08-12T02:24:42Z,0.72,14.44,0.7,0.18
2025-08-12T02:25:42Z,0.97,15.95,0.94,0.27
2025-08-12T02:26:42Z,0.58,11.6,0.57,0.12
2025-08-12T02:27:42Z,0.97,39.94,0.75,0.62
2025-08-12T02:28:42Z,0.89,31.78,0.76,0.47
2025-08-12T02:29:42Z,0.66,3.23,0.66,0.04
2025-08-12T02:30:42Z,0.67,32.06,0.56,0.35
2025-08-12T02:31:42Z,0.74,7.89,0.73,0.1
2025-08-12T02:32:42Z,0.57,46.95,0.39,0.41
2025-08-12T02:33:42Z,0.87,61.19,0.42,0.76
2025-08-12T02:34:42Z,0.3,40.12,0.23,0.2
2025-08-12T02:35:42Z,0.78,30.18,0.67,0.39
2025-08-12T02:36:42Z,0.6,25.35,0.54,0.26
2025-08-12T02:37:42Z,0.74,38.05,0.58,0.46
2025-08-12T02:38:42Z,0.8,35.66,0.65,0.47
2025-08-12T02:39:42Z,0.77,50.57,0.49,0.59
2025-08-12T02:40:42Z,0.73,37.81,0.58,0.45
2025-08-12T02:41:42Z,0.8,42.78,0.59,0.55
2025-08-12T02:42:42Z,0.66,31.63,0.56,0.34
2025-08-12T02:43:42Z,1.03,13.42,1,0.24
2025-08-12T02:44:42Z,0.61,45.84,0.42,0.44
2025-08-12T02:45:42Z,0.74,57.14,0.4,0.62
2025-08-12T02:46:42Z,0.6,46.7,0.41,0.43
2025-08-12T02:47:42Z,0.84,66.97,0.33,0.77
2025-08-12T02:48:42Z,1.14,56.07,0.64,0.95
2025-08-12T02:49:42Z,0.55,66.16,0.22,0.51
2025-08-12T02:50:42Z,0.94,44.36,0.67,0.66
2025-08-12T02:51:42Z,0.77,42.35,0.57,0.52
2025-08-12T02:52:42Z,0.6,29.75,0.52,0.3
2025-08-12T02:53:42Z,0.75,26.62,0.67,0.34
2025-08-12T02:54:42Z,0.95,354.93,0.95,-0.08
2025-08-12T02:55:42Z,0.54,353.11,0.54,-0.07
2025-08-12T02:56:42Z,1.03,1.52,1.02,0.03
2025-08-12T02:57:42Z,1.34,347.74,1.31,-0.28
2025-08-12T02:58:42Z,1.41,348.29,1.38,-0.29
2025-08-12T02:59:42Z,1.61,335.77,1.47,-0.66
2025-08-12T03:00:42Z,1.44,335.97,1.31,-0.59
2025-08-12T03:01:42Z,1.23,25.11,1.11,0.52
2025-08-12T03:02:42Z,1.29,359.25,1.29,-0.02
2025-08-12T03:03:42Z,1.02,19.61,0.96,0.34
2025-08-12T03:04:42Z,1.62,22.75,1.5,0.63
2025-08-12T03:05:42Z,1.89,20.14,1.78,0.65
2025-08-12T03:06:42Z,2.16,30.25,1.87,1.09
2025-08-12T03:07:42Z,2.78,55.66,1.57,2.3
2025-08-12T03:08:42Z,3.21,53.16,1.92,2.57
2025-08-12T03:09:42Z,5.02,37.12,4,3.03
2025-08-12T03:10:42Z,3.52,53.09,2.12,2.82
2025-08-12T03:11:42Z,2.7,75.77,0.66,2.62
2025-08-12T03:12:42Z,5.02,85.98,0.35,5
2025-08-12T03:13:42Z,6,62.96,2.73,5.34
2025-08-12T03:14:42Z,3.89,92.32,-0.16,3.89
2025-08-12T03:15:42Z,2.68,73.65,0.75,2.57
2025-08-12T03:16:42Z,3.45,71.08,1.12,3.26
2025-08-12T03:17:42Z,1.35,75.41,0.34,1.3
2025-08-12T03:18:42Z,1.49,71.26,0.48,1.41
2025-08-12T03:19:42Z,1.76,75.22,0.45,1.7
2025-08-12T03:20:42Z,2.29,92.95,-0.12,2.29
2025-08-12T03:21:42Z,1.33,83.36,0.15,1.33
2025-08-12T03:22:42Z,1.55,52.35,0.95,1.23
2025-08-12T03:23:42Z,2.05,94.83,-0.17,2.05
2025-08-12T03:24:42Z,0.44,32.82,0.37,0.24
2025-08-12T03:25:42Z,0.89,44.46,0.63,0.62
2025-08-12T03:26:42Z,0.1,61.64,0.05,0.09
2025-08-12T03:27:42Z,0.63,335.21,0.57,-0.26
2025-08-12T03:28:42Z,2.19,359.37,2.19,-0.02
2025-08-12T03:29:42Z,1.98,22.75,1.82,0.76
2025-08-12T03:30:42Z,1.56,20.99,1.45,0.56
2025-08-12T03:31:42Z,1.54,34.96,1.26,0.88
2025-08-12T03:32:42Z,1.31,54.98,0.75,1.07
2025-08-12T03:33:42Z,1.39,49.63,0.9,1.06
2025-08-12T03:34:42Z,0.79,60.57,0.39,0.69
2025-08-12T03:35:42Z,0.83,39.78,0.64,0.53
2025-08-12T03:36:42Z,0.77,35.69,0.62,0.45
2025-08-12T03:37:42Z,0.74,327.26,0.62,-0.4
2025-08-12T03:38:42Z,0.62,24.78,0.57,0.26
2025-08-12T03:39:42Z,0.66,53.07,0.4,0.53
2025-08-12T03:40:42Z,0.56,32.43,0.47,0.3
2025-08-12T03:41:42Z,0.68,40.08,0.52,0.44
2025-08-12T03:42:42Z,0.44,55.12,0.25,0.36
2025-08-12T03:43:42Z,0.8,17.12,0.77,0.24
2025-08-12T03:44:42Z,0.81,40.72,0.62,0.53
2025-08-12T03:45:42Z,0.69,27.04,0.61,0.31
2025-08-12T03:46:42Z,0.7,15.47,0.68,0.19
2025-08-12T03:47:42Z,0.8,21.12,0.74,0.29
2025-08-12T03:48:42Z,0.76,15.29,0.74,0.2
2025-08-12T03:49:42Z,0.73,13.23,0.71,0.17
2025-08-12T03:50:42Z,0.77,30.38,0.67,0.39
2025-08-12T03:51:42Z,0.9,29.73,0.78,0.45
2025-08-12T03:52:42Z,1.03,32.51,0.87,0.55
2025-08-12T03:53:42Z,0.87,12.72,0.85,0.19
2025-08-12T03:54:42Z,1.08,12.97,1.05,0.24
2025-08-12T03:55:42Z,0.85,2.13,0.85,0.03
2025-08-12T03:56:42Z,0.61,23.97,0.56,0.25
2025-08-12T03:57:42Z,1.08,37.22,0.86,0.66
2025-08-12T03:58:42Z,0.5,58.85,0.26,0.43
2025-08-12T03:59:42Z,0.82,98.91,-0.13,0.81
2025-08-12T04:00:42Z,0.71,52.3,0.43,0.56
2025-08-12T04:01:42Z,0.88,28.86,0.77,0.43
2025-08-12T04:02:42Z,0.37,77.48,0.08,0.36
2025-08-12T04:03:42Z,1.21,58.7,0.63,1.04
2025-08-12T04:04:42Z,1.31,73.19,0.38,1.26
2025-08-12T04:05:42Z,1.33,59.72,0.67,1.15
2025-08-12T04:06:42Z,1.12,77.21,0.25,1.09
2025-08-12T04:07:42Z,1.16,51.71,0.72,0.91
2025-08-12T04:08:42Z,1.84,54.12,1.08,1.49
2025-08-12T04:09:42Z,0.99,49.64,0.64,0.76
2025-08-12T04:10:42Z,1.15,36.8,0.92,0.69
2025-08-12T04:11:42Z,1.26,34.49,1.04,0.72
2025-08-12T04:12:42Z,1.39,48.42,0.92,1.04
2025-08-12T04:13:42Z,1.01,52.93,0.61,0.8
2025-08-12T04:14:42Z,0.91,46.85,0.62,0.66
2025-08-12T04:15:42Z,0.77,62.44,0.36,0.68
2025-08-12T04:16:42Z,0.73,20.27,0.68,0.25
2025-08-12T04:17:42Z,0.88,31.13,0.75,0.46
2025-08-12T04:18:42Z,0.81,28.81,0.71,0.39
2025-08-12T04:19:42Z,1.04,34.9,0.86,0.6
2025-08-12T04:20:42Z,0.95,40.07,0.73,0.61
2025-08-12T04:21:42Z,0.53,21.98,0.49,0.2
2025-08-12T04:22:42Z,0.7,22.86,0.64,0.27
2025-08-12T04:23:42Z,0.91,29.9,0.79,0.45
2025-08-12T04:24:42Z,0.79,35.79,0.64,0.46
2025-08-12T04:25:42Z,0.76,52.9,0.46,0.6
2025-08-12T04:26:42Z,0.85,35.95,0.69,0.5
2025-08-12T04:27:42Z,0.61,53.22,0.37,0.49
2025-08-12T04:28:42Z,0.62,29.8,0.54,0.31
2025-08-12T04:29:42Z,0.63,43.61,0.46,0.44
2025-08-12T04:30:42Z,0.76,51.16,0.48,0.6
2025-08-12T04:31:42Z,0.53,39.14,0.41,0.33
2025-08-12T04:32:42Z,0.73,64.54,0.32,0.66
2025-08-12T04:33:42Z,0.69,51.3,0.43,0.54
2025-08-12T04:34:42Z,0.78,35.93,0.63,0.46
2025-08-12T04:35:42Z,0.82,34.39,0.67,0.46
2025-08-12T04:36:42Z,1.01,51.66,0.63,0.79
2025-08-12T04:37:42Z,1.46,63.17,0.66,1.3
2025-08-12T04:38:42Z,0.75,41.51,0.56,0.5
2025-08-12T04:39:42Z,0.8,30.43,0.69,0.4
2025-08-12T04:40:42Z,0.69,53.09,0.41,0.55
2025-08-12T04:41:42Z,0.77,55.83,0.43,0.64
2025-08-12T04:42:42Z,0.65,87.16,0.03,0.65
2025-08-12T04:43:42Z,0.85,39.31,0.65,0.54
2025-08-12T04:44:42Z,0.94,60,0.47,0.81
2025-08-12T04:45:42Z,1.19,46.02,0.83,0.86
2025-08-12T04:46:42Z,0.74,48.56,0.49,0.55
2025-08-12T04:47:42Z,1.04,44.98,0.74,0.74
2025-08-12T04:48:42Z,1.07,48.14,0.71,0.8
2025-08-12T04:49:42Z,1.01,40.36,0.77,0.65
2025-08-12T04:50:42Z,0.77,25.26,0.7,0.33
2025-08-12T04:51:42Z,0.8,29.17,0.7,0.39
2025-08-12T04:52:42Z,0.78,29.54,0.68,0.39
2025-08-12T04:53:42Z,1.06,35.24,0.86,0.61
2025-08-12T04:54:42Z,0.99,29.91,0.86,0.5
2025-08-12T04:55:42Z,0.6,28.5,0.53,0.29
2025-08-12T04:56:42Z,0.97,39.64,0.75,0.62
2025-08-12T04:57:42Z,0.97,28.48,0.85,0.46
2025-08-12T04:58:42Z,0.79,28.13,0.7,0.37
2025-08-12T04:59:42Z,1.21,17.2,1.15,0.36
2025-08-12T05:00:42Z,0.77,22.03,0.71,0.29
2025-08-12T05:01:42Z,0.86,21.84,0.8,0.32
2025-08-12T05:02:42Z,0.76,42.84,0.55,0.51
2025-08-12T05:03:42Z,0.74,51.05,0.47,0.58
2025-08-12T05:04:42Z,0.68,21.92,0.63,0.25
2025-08-12T05:05:42Z,0.6,27.58,0.53,0.28
2025-08-12T05:06:42Z,0.74,30.48,0.64,0.38
2025-08-12T05:07:42Z,0.69,26.04,0.62,0.3
2025-08-12T05:08:42Z,0.69,33.84,0.57,0.38
2025-08-12T05:09:42Z,0.55,56.01,0.31,0.46
2025-08-12T05:10:42Z,0.57,31.26,0.49,0.3
2025-08-12T05:11:42Z,0.62,28,0.55,0.29
2025-08-12T05:12:42Z,1.14,19.96,1.07,0.39
2025-08-12T05:13:42Z,0.71,20.69,0.67,0.25
2025-08-12T05:14:42Z,0.73,39.64,0.56,0.47
2025-08-12T05:15:42Z,0.9,20.01,0.85,0.31
2025-08-12T05:16:42Z,0.71,21.34,0.66,0.26
2025-08-12T05:17:42Z,0.72,19.72,0.68,0.24
2025-08-12T05:18:42Z,0.96,21.57,0.89,0.35
2025-08-12T05:19:42Z,0.46,22.93,0.42,0.18
2025-08-12T05:20:42Z,0.64,29.68,0.56,0.32
2025-08-12T05:21:42Z,0.68,27.62,0.6,0.31
2025-08-12T05:22:42Z,0.71,28.63,0.62,0.34
2025-08-12T05:23:42Z,0.69,28.17,0.61,0.33
2025-08-12T05:24:42Z,0.75,50.2,0.48,0.57
2025-08-12T05:25:42Z,0.66,347.36,0.64,-0.14
2025-08-12T05:26:42Z,0.74,26.16,0.67,0.33
2025-08-12T05:27:42Z,0.7,21.35,0.66,0.26
2025-08-12T05:28:42Z,0.69,9.79,0.68,0.12
2025-08-12T05:29:42Z,0.75,18.52,0.71,0.24
2025-08-12T05:30:42Z,0.96,16.68,0.92,0.27
2025-08-12T05:31:42Z,0.82,352.86,0.81,-0.1
2025-08-12T05:32:42Z,0.8,8.91,0.79,0.12
2025-08-12T05:33:42Z,0.73,331.56,0.64,-0.35
2025-08-12T05:34:42Z,0.85,323.26,0.68,-0.51
2025-08-12T05:35:42Z,0.51,306.07,0.3,-0.42
2025-08-12T05:36:42Z,0.49,45.47,0.34,0.35
2025-08-12T05:37:42Z,0.62,8.94,0.61,0.1
2025-08-12T05:38:42Z,0.63,13.33,0.62,0.15
2025-08-12T05:39:42Z,0.75,2.67,0.75,0.03
2025-08-12T05:40:42Z,0.52,341.36,0.49,-0.16
2025-08-12T05:41:42Z,0.45,9.75,0.45,0.08
2025-08-12T05:42:42Z,0.87,1.3,0.87,0.02
2025-08-12T05:43:42Z,0.7,21.37,0.65,0.25
2025-08-12T05:44:42Z,0.64,26.7,0.57,0.29
2025-08-12T05:45:42Z,0.53,12.01,0.52,0.11
2025-08-12T05:46:42Z,0.61,351.75,0.6,-0.09
2025-08-12T05:47:42Z,0.89,356.82,0.89,-0.05
2025-08-12T05:48:42Z,0.64,18.6,0.61,0.21
2025-08-12T05:49:42Z,0.64,23.11,0.59,0.25
2025-08-12T05:50:42Z,0.45,358.71,0.45,-0.01
2025-08-12T05:51:42Z,0.63,3.61,0.62,0.04
2025-08-12T05:52:42Z,0.65,3.79,0.65,0.04
2025-08-12T05:53:42Z,0.67,11.01,0.66,0.13
2025-08-12T05:54:42Z,0.82,337.66,0.76,-0.31
2025-08-12T05:55:42Z,0.64,7.49,0.64,0.08
2025-08-12T05:56:42Z,0.63,26.84,0.56,0.28
2025-08-12T05:57:42Z,0.62,14.84,0.6,0.16
2025-08-12T05:58:42Z,0.78,12.85,0.76,0.17
2025-08-12T05:59:42Z,0.53,14.25,0.51,0.13
2025-08-12T06:00:42Z,0.62,24.7,0.57,0.26
2025-08-12T06:01:42Z,0.71,1.63,0.71,0.02
2025-08-12T06:02:42Z,0.66,8.9,0.65,0.1
2025-08-12T06:03:42Z,0.7,22.09,0.65,0.26
2025-08-12T06:04:42Z,0.71,36.12,0.57,0.42
2025-08-12T06:05:42Z,0.68,30.22,0.59,0.34
2025-08-12T06:06:42Z,0.74,30.99,0.64,0.38
2025-08-12T06:07:42Z,0.74,32.39,0.63,0.4
2025-08-12T06:08:42Z,0.75,25.01,0.68,0.32
2025-08-12T06:09:42Z,0.61,17.02,0.58,0.18
2025-08-12T06:10:42Z,0.66,38.96,0.51,0.41
2025-08-12T06:11:42Z,0.71,39.07,0.55,0.45
2025-08-12T06:12:42Z,0.74,34.98,0.61,0.42
2025-08-12T06:13:42Z,0.78,32.74,0.65,0.42
2025-08-12T06:14:42Z,0.88,34.52,0.72,0.5
2025-08-12T06:15:42Z,1.08,22.83,0.99,0.42
2025-08-12T06:16:42Z,0.99,17.19,0.94,0.29
2025-08-12T06:17:42Z,0.72,34.58,0.59,0.41
2025-08-12T06:18:42Z,0.89,28.95,0.78,0.43
2025-08-12T06:19:42Z,0.77,31.53,0.65,0.4
2025-08-12T06:20:42Z,0.71,37.98,0.56,0.44
2025-08-12T06:21:42Z,0.52,8.98,0.51,0.08
2025-08-12T06:22:42Z,0.71,48.72,0.47,0.53
2025-08-12T06:23:42Z,0.73,32.19,0.62,0.39
2025-08-12T06:24:42Z,0.66,23.74,0.61,0.27
2025-08-12T06:25:42Z,0.67,40.14,0.51,0.43
2025-08-12T06:26:42Z,0.8,56.14,0.45,0.67
2025-08-12T06:27:42Z,0.82,60.48,0.4,0.71
2025-08-12T06:28:42Z,0.91,52.11,0.56,0.72
2025-08-12T06:29:42Z,1.61,46.26,1.11,1.16
2025-08-12T06:30:42Z,1.18,66.86,0.47,1.09
2025-08-12T06:31:42Z,1.04,67.77,0.39,0.96
2025-08-12T06:32:42Z,0.88,57.55,0.47,0.74
2025-08-12T06:33:42Z,1.47,80.52,0.24,1.45
2025-08-12T06:34:42Z,0.95,67.79,0.36,0.88
2025-08-12T06:35:42Z,1.23,49.7,0.8,0.94
2025-08-12T06:36:42Z,1.12,32.77,0.94,0.61
2025-08-12T06:37:42Z,1.26,48.94,0.83,0.95
2025-08-12T06:38:42Z,0.96,29.2,0.83,0.47
2025-08-12T06:39:42Z,1.08,36.73,0.87,0.65
2025-08-12T06:40:42Z,0.95,40.47,0.72,0.62
2025-08-12T06:41:42Z,0.89,24.69,0.81,0.37
2025-08-12T06:42:42Z,0.94,19.65,0.88,0.32
2025-08-12T06:43:42Z,0.59,32.45,0.49,0.31
2025-08-12T06:44:42Z,0.73,55.15,0.42,0.6
2025-08-12T06:45:42Z,1.17,51.19,0.74,0.92
2025-08-12T06:46:42Z,1.32,65.22,0.55,1.19
2025-08-12T06:47:42Z,0.97,70.49,0.32,0.91
2025-08-12T06:48:42Z,1.47,71.55,0.47,1.39
2025-08-12T06:49:42Z,1.88,60.72,0.92,1.64
2025-08-12T06:50:42Z,1.16,54.12,0.68,0.94
2025-08-12T06:51:42Z,0.92,68,0.34,0.85
2025-08-12T06:52:42Z,1.01,77.37,0.22,0.99
2025-08-12T06:53:42Z,0.75,31.4,0.64,0.39
2025-08-12T06:54:42Z,0.71,58.8,0.37,0.6
2025-08-12T06:55:42Z,0.32,32.7,0.27,0.17
2025-08-12T06:56:42Z,0.57,1.37,0.57,0.01
2025-08-12T06:57:42Z,0.78,29.09,0.68,0.38
2025-08-12T06:58:42Z,0.66,40.72,0.5,0.43
2025-08-12T06:59:42Z,0.56,22.82,0.52,0.22
2025-08-12T07:00:42Z,0.66,18.61,0.62,0.21
2025-08-12T07:01:42Z,0.68,7.14,0.67,0.08
2025-08-12T07:02:42Z,0.69,15.89,0.66,0.19
2025-08-12T07:03:42Z,0.56,28.12,0.49,0.26
2025-08-12T07:04:42Z,0.77,11.47,0.75,0.15
2025-08-12T07:05:42Z,0.7,4.28,0.7,0.05
2025-08-12T07:06:42Z,1.11,20.91,1.03,0.4
2025-08-12T07:07:42Z,0.79,29.47,0.69,0.39
2025-08-12T07:08:42Z,0.82,29.51,0.71,0.4
2025-08-12T07:09:42Z,0.75,52.17,0.46,0.59
2025-08-12T07:10:42Z,0.85,26.51,0.76,0.38
2025-08-12T07:11:42Z,0.98,33.69,0.82,0.54
2025-08-12T07:12:42Z,1,36.31,0.8,0.59
2025-08-12T07:13:42Z,0.88,33.5,0.74,0.49
2025-08-12T07:14:42Z,1,33.36,0.83,0.55
2025-08-12T07:15:42Z,0.97,49.42,0.63,0.74
2025-08-12T07:16:42Z,1.12,36.98,0.9,0.67
2025-08-12T07:17:42Z,0.82,44.62,0.59,0.58
2025-08-12T07:18:42Z,0.89,29.36,0.78,0.44
2025-08-12T07:19:42Z,0.77,33.23,0.64,0.42
2025-08-12T07:20:42Z,0.67,36.61,0.54,0.4
2025-08-12T07:21:42Z,0.52,3.56,0.52,0.03
2025-08-12T07:22:42Z,0.44,356.05,0.44,-0.03
2025-08-12T07:23:42Z,0.64,12.68,0.62,0.14
2025-08-12T07:24:42Z,0.74,41.84,0.55,0.49
2025-08-12T07:25:42Z,0.75,32.03,0.64,0.4
2025-08-12T07:26:42Z,0.79,21.53,0.74,0.29
2025-08-12T07:27:42Z,0.76,38.64,0.59,0.47
2025-08-12T07:28:42Z,0.97,48.25,0.65,0.73
2025-08-12T07:29:42Z,0.78,29.48,0.68,0.38
2025-08-12T07:30:42Z,0.68,29.11,0.59,0.33
2025-08-12T07:31:42Z,0.76,29.09,0.67,0.37
2025-08-12T07:32:42Z,0.73,17.84,0.69,0.22
2025-08-12T07:33:42Z,0.69,23.7,0.64,0.28
2025-08-12T07:34:42Z,0.62,21.74,0.57,0.23
2025-08-12T07:35:42Z,0.89,37.27,0.71,0.54
2025-08-12T07:36:42Z,0.94,30.74,0.81,0.48
2025-08-12T07:37:42Z,0.79,24.11,0.72,0.32
2025-08-12T07:38:42Z,0.94,37.62,0.74,0.57
2025-08-12T07:39:42Z,0.9,32.52,0.76,0.48
2025-08-12T07:40:42Z,0.78,31.94,0.66,0.41
2025-08-12T07:41:42Z,0.8,48.91,0.52,0.6
2025-08-12T07:42:42Z,0.98,87.17,0.05,0.98
2025-08-12T07:43:42Z,1.49,54.57,0.86,1.21
2025-08-12T07:44:42Z,0.92,41.96,0.68,0.62
2025-08-12T07:45:42Z,0.96,37.16,0.77,0.58
2025-08-12T07:46:42Z,1.07,36.75,0.85,0.64
2025-08-12T07:47:42Z,0.69,49.63,0.45,0.53
2025-08-12T07:48:42Z,1.12,52.76,0.68,0.89
2025-08-12T07:49:42Z,0.97,46.24,0.67,0.7
2025-08-12T07:50:42Z,0.6,67.61,0.23,0.55
2025-08-12T07:51:42Z,0.81,24.89,0.73,0.34
2025-08-12T07:52:42Z,1.02,26.33,0.91,0.45
2025-08-12T07:53:42Z,0.83,50.98,0.52,0.64
2025-08-12T07:54:42Z,0.7,38.99,0.54,0.44
2025-08-12T07:55:42Z,0.62,57.28,0.33,0.52
2025-08-12T07:56:42Z,0.64,15.78,0.62,0.18
2025-08-12T07:57:42Z,0.73,53.45,0.44,0.59
2025-08-12T07:58:42Z,0.98,39.55,0.75,0.62
2025-08-12T07:59:42Z,0.82,23.74,0.75,0.33
2025-08-12T08:00:42Z,0.67,34.97,0.54,0.38
2025-08-12T08:01:42Z,0.69,37.84,0.54,0.42
2025-08-12T08:02:42Z,0.76,43.7,0.55,0.53
2025-08-12T08:03:42Z,0.85,68.44,0.31,0.79
2025-08-12T08:04:42Z,1.36,74.43,0.37,1.31
2025-08-12T08:05:42Z,1.45,72.1,0.45,1.38
2025-08-12T08:06:42Z,0.99,46.94,0.67,0.72
2025-08-12T08:07:42Z,1.38,70.16,0.47,1.3
2025-08-12T08:08:42Z,0.59,47.69,0.4,0.44
2025-08-12T08:09:42Z,1.63,66.19,0.66,1.49
2025-08-12T08:10:42Z,0.95,41.39,0.72,0.63
2025-08-12T08:11:42Z,0.67,60.23,0.33,0.59
2025-08-12T08:12:42Z,0.53,18.18,0.51,0.17
2025-08-12T08:13:42Z,0.59,340.86,0.56,-0.19
2025-08-12T08:14:42Z,0.37,5.36,0.37,0.03
2025-08-12T08:15:42Z,0.54,353.21,0.53,-0.06
2025-08-12T08:16:42Z,0.66,36.34,0.53,0.39
2025-08-12T08:17:42Z,0.57,48.77,0.38,0.43
2025-08-12T08:18:42Z,0.93,43.63,0.68,0.64
2025-08-12T08:19:42Z,0.66,26.17,0.59,0.29
2025-08-12T08:20:42Z,0.67,31.46,0.57,0.35
2025-08-12T08:21:42Z,0.66,25.38,0.6,0.28
2025-08-12T08:22:42Z,0.42,2.61,0.42,0.02
2025-08-12T08:23:42Z,0.35,303.81,0.2,-0.29
2025-08-12T08:24:42Z,0.8,354.86,0.79,-0.07
2025-08-12T08:25:42Z,0.4,15.68,0.39,0.11
2025-08-12T08:26:42Z,0.73,12.85,0.71,0.16
2025-08-12T08:27:42Z,0.26,312.26,0.18,-0.2
2025-08-12T08:28:42Z,0.58,81.77,0.08,0.58
2025-08-12T08:29:42Z,0.39,42.67,0.29,0.26
2025-08-12T08:30:42Z,0.31,328.62,0.26,-0.16
2025-08-12T08:31:42Z,0.39,319.28,0.29,-0.25
2025-08-12T08:32:42Z,0.52,287.98,0.16,-0.49
2025-08-12T08:33:42Z,0.25,235.14,-0.14,-0.21
2025-08-12T08:34:42Z,0.47,18.65,0.44,0.15
2025-08-12T08:35:42Z,1.24,281.33,0.24,-1.21
2025-08-12T08:36:42Z,1.17,313.88,0.81,-0.84
2025-08-12T08:37:42Z,0.81,297.05,0.37,-0.72
2025-08-12T08:38:42Z,0.87,353.56,0.87,-0.1
2025-08-12T08:39:42Z,0.62,30.66,0.53,0.32
2025-08-12T08:40:42Z,0.77,27.22,0.68,0.35
2025-08-12T08:41:42Z,1.06,32.97,0.89,0.58
2025-08-12T08:42:42Z,0.9,42.53,0.67,0.61
2025-08-12T08:43:42Z,1.16,21.29,1.08,0.42
2025-08-12T08:44:42Z,1.05,30.01,0.91,0.53
2025-08-12T08:45:42Z,0.89,25.6,0.81,0.39
2025-08-12T08:46:42Z,0.81,32.57,0.68,0.44
2025-08-12T08:47:42Z,0.74,22.75,0.68,0.29
2025-08-12T08:48:42Z,0.73,31.81,0.62,0.38
2025-08-12T08:49:42Z,0.97,39.64,0.75,0.62
2025-08-12T08:50:42Z,1.02,0.73,1.02,0.01
2025-08-12T08:51:42Z,0.61,19.82,0.58,0.21
2025-08-12T08:52:42Z,0.67,13.2,0.65,0.15
2025-08-12T08:53:42Z,0.4,40.04,0.3,0.26
2025-08-12T08:54:42Z,0.72,25.52,0.65,0.31
2025-08-12T08:55:42Z,0.66,32.21,0.56,0.35
2025-08-12T08:56:42Z,0.68,23.17,0.63,0.27
2025-08-12T08:57:42Z,0.6,40.03,0.46,0.39
2025-08-12T08:58:42Z,0.49,27.84,0.43,0.23
2025-08-12T08:59:42Z,0.39,64.15,0.17,0.35
2025-08-12T09:00:42Z,0.87,20.91,0.81,0.31
2025-08-12T09:01:42Z,0.83,40.98,0.63,0.54
2025-08-12T09:02:42Z,0.82,49.77,0.53,0.62
2025-08-12T09:03:42Z,0.72,35.51,0.59,0.42
2025-08-12T09:04:42Z,0.92,50.84,0.58,0.72
2025-08-12T09:05:42Z,0.87,43.92,0.63,0.6
2025-08-12T09:06:42Z,1,71.73,0.31,0.95
2025-08-12T09:07:42Z,0.8,47.97,0.53,0.59
2025-08-12T09:08:42Z,1.05,39.63,0.81,0.67
2025-08-12T09:09:42Z,0.75,25.03,0.68,0.32
2025-08-12T09:10:42Z,0.63,42.9,0.46,0.43
2025-08-12T09:11:42Z,0.99,14.01,0.96,0.24
2025-08-12T09:12:42Z,0.88,40.99,0.66,0.58
2025-08-12T09:13:42Z,0.54,46.57,0.37,0.4
2025-08-12T09:14:42Z,0.52,58.7,0.27,0.45
2025-08-12T09:15:42Z,0.72,74.22,0.2,0.7
2025-08-12T09:16:42Z,0.51,28.7,0.45,0.24
2025-08-12T09:17:42Z,0.78,52.7,0.47,0.62
2025-08-12T09:18:42Z,0.48,69.47,0.17,0.45
2025-08-12T09:19:42Z,0.99,55.91,0.56,0.82
2025-08-12T09:20:42Z,0.71,25.32,0.65,0.31
2025-08-12T09:21:42Z,0.75,89.07,0.01,0.75
2025-08-12T09:22:42Z,1.14,125.35,-0.66,0.93
2025-08-12T09:23:42Z,0.92,71.12,0.3,0.87
2025-08-12T09:24:42Z,0.82,75.71,0.2,0.79
2025-08-12T09:25:42Z,0.71,72.25,0.22,0.68
2025-08-12T09:26:42Z,0.75,54.99,0.43,0.61
2025-08-12T09:27:42Z,0.63,60.26,0.31,0.55
2025-08-12T09:28:42Z,0.63,100.74,-0.12,0.62
2025-08-12T09:29:42Z,0.87,67.39,0.33,0.8
2025-08-12T09:30:42Z,1.08,95.63,-0.11,1.08
2025-08-12T09:31:42Z,0.91,68.12,0.34,0.85
2025-08-12T09:32:42Z,0.75,63.09,0.34,0.67
2025-08-12T09:33:42Z,0.59,88.23,0.02,0.59
2025-08-12T09:34:42Z,0.78,83.83,0.08,0.78
2025-08-12T09:35:42Z,1.01,72.77,0.3,0.97
2025-08-12T09:36:42Z,0.72,83.69,0.08,0.71
2025-08-12T09:37:42Z,0.83,43.31,0.61,0.57
2025-08-12T09:38:42Z,0.89,79.2,0.17,0.88
2025-08-12T09:39:42Z,0.88,70.31,0.3,0.83
2025-08-12T09:40:42Z,0.84,43.93,0.6,0.58
2025-08-12T09:41:42Z,0.67,67.4,0.26,0.61
2025-08-12T09:42:42Z,0.81,51.69,0.51,0.64
2025-08-12T09:43:42Z,0.81,83.7,0.09,0.81
2025-08-12T09:44:42Z,0.69,57.48,0.37,0.58
2025-08-12T09:45:42Z,0.76,65.65,0.31,0.69
2025-08-12T09:46:42Z,0.74,34.02,0.61,0.41
2025-08-12T09:47:42Z,0.63,33.99,0.52,0.35
2025-08-12T09:48:42Z,0.51,3.09,0.51,0.03
2025-08-12T09:49:42Z,0.91,24.7,0.83,0.38
2025-08-12T09:50:42Z,0.86,10.15,0.84,0.15
2025-08-12T09:51:42Z,0.81,20.54,0.76,0.28
2025-08-12T09:52:42Z,0.68,18.45,0.65,0.22
2025-08-12T09:53:42Z,1.02,37.75,0.81,0.63
2025-08-12T09:54:42Z,0.63,11.17,0.62,0.12
2025-08-12T09:55:42Z,0.97,30.31,0.84,0.49
2025-08-12T09:56:42Z,0.94,33.79,0.78,0.53
2025-08-12T09:57:42Z,0.66,61.2,0.32,0.58
2025-08-12T09:58:42Z,0.57,57.42,0.31,0.48
2025-08-12T09:59:42Z,0.78,11.4,0.77,0.15
2025-08-12T10:00:42Z,0.82,38.8,0.64,0.51
2025-08-12T10:01:42Z,0.89,54.37,0.52,0.72
2025-08-12T10:02:42Z,1.01,45.51,0.71,0.72
2025-08-12T10:03:42Z,0.93,53.19,0.56,0.74
2025-08-12T10:04:42Z,1.05,39.34,0.81,0.67
2025-08-12T10:05:42Z,0.75,41.16,0.56,0.49
2025-08-12T10:06:42Z,0.81,29.42,0.7,0.4
2025-08-12T10:07:42Z,0.81,44.66,0.57,0.57
2025-08-12T10:08:42Z,0.65,36.16,0.52,0.38
2025-08-12T10:09:42Z,0.61,25.76,0.55,0.26
2025-08-12T10:10:42Z,0.71,60.78,0.35,0.62
2025-08-12T10:11:42Z,0.7,62.2,0.32,0.62
2025-08-12T10:12:42Z,0.95,42.91,0.7,0.65
2025-08-12T10:13:42Z,0.72,18.73,0.69,0.23
2025-08-12T10:14:42Z,0.72,18.57,0.68,0.23
2025-08-12T10:15:42Z,0.74,27.02,0.66,0.33
2025-08-12T10:16:42Z,0.67,23.53,0.61,0.27
2025-08-12T10:17:42Z,0.56,352.31,0.56,-0.08
2025-08-12T10:18:42Z,0.65,327.06,0.55,-0.36
2025-08-12T10:19:42Z,0.78,343.92,0.75,-0.22
2025-08-12T10:20:42Z,0.7,342.84,0.67,-0.21
2025-08-12T10:21:42Z,0.83,61.15,0.4,0.73
2025-08-12T10:22:42Z,0.98,38.19,0.77,0.61
2025-08-12T10:23:42Z,0.89,46.05,0.62,0.64
2025-08-12T10:24:42Z,0.74,44.72,0.53,0.52
2025-08-12T10:25:42Z,0.64,38.82,0.5,0.4
2025-08-12T10:26:42Z,1.08,45.57,0.76,0.77
2025-08-12T10:27:42Z,0.61,58.6,0.32,0.52
2025-08-12T10:28:42Z,0.73,43.05,0.53,0.5
2025-08-12T10:29:42Z,0.82,35.95,0.66,0.48
2025-08-12T10:30:42Z,0.61,41.84,0.45,0.41
2025-08-12T10:31:42Z,0.5,359.11,0.5,-0.01
2025-08-12T10:32:42Z,0.66,28.75,0.58,0.32
2025-08-12T10:33:42Z,0.71,23.5,0.65,0.28
2025-08-12T10:34:42Z,0.82,42.7,0.6,0.56
2025-08-12T10:35:42Z,1,32.91,0.84,0.54
2025-08-12T10:36:42Z,0.56,37.24,0.44,0.34
2025-08-12T10:37:42Z,0.44,1.33,0.44,0.01
2025-08-12T10:38:42Z,0.52,340.83,0.49,-0.17
2025-08-12T10:39:42Z,0.75,354.49,0.74,-0.07
2025-08-12T10:40:42Z,0.68,22.81,0.62,0.26
2025-08-12T10:41:42Z,0.66,41.19,0.5,0.44
2025-08-12T10:42:42Z,0.83,45.41,0.58,0.59
2025-08-12T10:43:42Z,0.38,21.61,0.35,0.14
2025-08-12T10:44:42Z,0.83,4.89,0.83,0.07
2025-08-12T10:45:42Z,0.37,30.64,0.32,0.19
2025-08-12T10:46:42Z,0.3,14.35,0.29,0.07
2025-08-12T10:47:42Z,0.65,70.63,0.22,0.61
2025-08-12T10:48:42Z,0.16,36.71,0.12,0.09
2025-08-12T10:49:42Z,0.64,27.64,0.56,0.29
2025-08-12T10:50:42Z,0.85,39.98,0.65,0.55
2025-08-12T10:51:42Z,0.66,24.96,0.59,0.28
2025-08-12T10:52:42Z,0.18,103.45,-0.04,0.17
2025-08-12T10:53:42Z,0.63,352.88,0.62,-0.08
2025-08-12T10:54:42Z,0.62,4.67,0.62,0.05
2025-08-12T10:55:42Z,0.54,287.99,0.17,-0.51
2025-08-12T10:56:42Z,0.59,323,0.47,-0.35
2025-08-12T10:57:42Z,0.61,291.63,0.22,-0.56
2025-08-12T10:58:42Z,0.41,318.85,0.3,-0.27
2025-08-12T10:59:42Z,0.96,342.02,0.91,-0.3
2025-08-12T11:00:42Z,0.31,16.41,0.3,0.09
2025-08-12T11:01:42Z,0.63,15.58,0.61,0.17
2025-08-12T11:02:42Z,0.76,337.73,0.71,-0.29
2025-08-12T11:03:42Z,0.86,325.56,0.71,-0.49
2025-08-12T11:04:42Z,0.74,4.42,0.74,0.06
2025-08-12T11:05:42Z,0.6,42.73,0.44,0.41
2025-08-12T11:06:42Z,0.56,346.15,0.55,-0.14
2025-08-12T11:07:42Z,0.46,7.34,0.46,0.06
2025-08-12T11:08:42Z,0.56,58.87,0.29,0.48
2025-08-12T11:09:42Z,0.32,73.92,0.09,0.31
2025-08-12T11:10:42Z,0.4,327.26,0.34,-0.22
2025-08-12T11:11:42Z,1.36,294.29,0.56,-1.24
2025-08-12T11:12:42Z,1.24,294.51,0.52,-1.13
2025-08-12T11:13:42Z,0.4,15.57,0.39,0.11
2025-08-12T11:14:42Z,0.62,316.53,0.45,-0.43
2025-08-12T11:15:42Z,0.79,31.13,0.68,0.41
2025-08-12T11:16:42Z,1.15,311.56,0.76,-0.86
2025-08-12T11:17:42Z,0.99,292.37,0.38,-0.92
2025-08-12T11:18:42Z,0.56,293.58,0.23,-0.52
2025-08-12T11:19:42Z,0.71,307.53,0.43,-0.57
2025-08-12T11:20:42Z,0.5,310.92,0.33,-0.38
2025-08-12T11:21:42Z,0.69,311.06,0.46,-0.52
2025-08-12T11:22:42Z,1.01,349.94,0.99,-0.18
2025-08-12T11:23:42Z,0.69,1,0.69,0.01
2025-08-12T11:24:42Z,0.64,333.09,0.57,-0.29
2025-08-12T11:25:42Z,0.9,305.12,0.52,-0.74
2025-08-12T11:26:42Z,2.01,286.99,0.59,-1.92
2025-08-12T11:27:42Z,0.68,282.75,0.15,-0.66
2025-08-12T11:28:42Z,1.06,264.72,-0.1,-1.06
2025-08-12T11:29:42Z,0.27,274.96,0.02,-0.27
2025-08-12T11:30:42Z,0.49,345.84,0.48,-0.12
2025-08-12T11:31:42Z,0.93,318.51,0.7,-0.62
2025-08-12T11:32:42Z,0.79,20.21,0.74,0.27
2025-08-12T11:33:42Z,0.61,54.27,0.36,0.5
2025-08-12T11:34:42Z,0.83,32.32,0.71,0.45
2025-08-12T11:35:42Z,0.76,31.76,0.65,0.4
2025-08-12T11:36:42Z,0.67,30.89,0.58,0.35
2025-08-12T11:37:42Z,0.68,26.83,0.61,0.31
2025-08-12T11:38:42Z,0.61,9.22,0.6,0.1
2025-08-12T11:39:42Z,0.77,20.98,0.72,0.28
2025-08-12T11:40:42Z,0.47,28.35,0.41,0.22
2025-08-12T11:41:42Z,0.84,42.18,0.63,0.57
2025-08-12T11:42:42Z,0.76,54.52,0.44,0.62
2025-08-12T11:43:42Z,0.82,4.22,0.82,0.06
2025-08-12T11:44:42Z,1.14,38.94,0.88,0.71
2025-08-12T11:45:42Z,0.84,30.2,0.73,0.42
2025-08-12T11:46:42Z,0.94,28.87,0.82,0.45
2025-08-12T11:47:42Z,0.65,33.64,0.54,0.36
2025-08-12T11:48:42Z,0.62,16.58,0.59,0.18
2025-08-12T11:49:42Z,0.54,10.82,0.53,0.1
2025-08-12T11:50:42Z,1.08,341.62,1.03,-0.34
2025-08-12T11:51:42Z,1.04,332.22,0.92,-0.48
2025-08-12T11:52:42Z,0.93,342.8,0.89,-0.27
2025-08-12T11:53:42Z,0.93,340.02,0.88,-0.32
2025-08-12T11:54:42Z,0.99,318.84,0.74,-0.65
2025-08-12T11:55:42Z,0.49,338.77,0.46,-0.18
2025-08-12T11:56:42Z,0.61,352.28,0.61,-0.08
2025-08-12T11:57:42Z,0.39,24.13,0.36,0.16
2025-08-12T11:58:42Z,1.18,88.66,0.03,1.18
2025-08-12T11:59:42Z,0.84,110.37,-0.29,0.79
2025-08-12T12:00:42Z,0.87,18.43,0.83,0.28
2025-08-12T12:01:42Z,0.76,38.23,0.6,0.47
2025-08-12T12:02:42Z,0.69,16.89,0.66,0.2
2025-08-12T12:03:42Z,0.74,3.83,0.74,0.05
2025-08-12T12:04:42Z,0.98,17.56,0.93,0.3
2025-08-12T12:05:42Z,1.06,14.85,1.02,0.27
2025-08-12T12:06:42Z,0.73,54.46,0.42,0.59
2025-08-12T12:07:42Z,0.45,37.37,0.36,0.27
2025-08-12T12:08:42Z,0.39,54.61,0.23,0.32
2025-08-12T12:09:42Z,0.58,18.33,0.55,0.18
2025-08-12T12:10:42Z,0.61,126.34,-0.36,0.49
2025-08-12T12:11:42Z,0.83,90.38,-0.01,0.83
2025-08-12T12:12:42Z,0.53,52.07,0.32,0.42
2025-08-12T12:13:42Z,0.45,66.32,0.18,0.41
2025-08-12T12:14:42Z,0.95,90.76,-0.01,0.95
2025-08-12T12:15:42Z,0.88,98.64,-0.13,0.87
2025-08-12T12:16:42Z,1.49,107.49,-0.45,1.42
2025-08-12T12:17:42Z,1,78.72,0.2,0.98
2025-08-12T12:18:42Z,1,69.44,0.35,0.94
2025-08-12T12:19:42Z,0.58,74.69,0.15,0.56
2025-08-12T12:20:42Z,0.74,42.05,0.55,0.5
2025-08-12T12:21:42Z,0.61,46.67,0.42,0.44
2025-08-12T12:22:42Z,0.55,32.21,0.47,0.29
2025-08-12T12:23:42Z,0.47,28.57,0.41,0.22
2025-08-12T12:24:42Z,0.8,43.56,0.58,0.55
2025-08-12T12:25:42Z,0.42,44.66,0.3,0.29
2025-08-12T12:26:42Z,0.6,29.18,0.52,0.29
2025-08-12T12:27:42Z,0.69,347.97,0.68,-0.14
2025-08-12T12:28:42Z,0.42,89.88,0,0.42
2025-08-12T12:29:42Z,0.46,26.87,0.41,0.21
2025-08-12T12:30:42Z,0.84,41.08,0.63,0.55
2025-08-12T12:31:42Z,0.52,98.79,-0.08,0.51
2025-08-12T12:32:42Z,0.79,70.2,0.27,0.74
2025-08-12T12:33:42Z,0.52,14.93,0.5,0.13
2025-08-12T12:34:42Z,0.68,77.45,0.15,0.67
2025-08-12T12:35:42Z,0.21,103.53,-0.05,0.21
2025-08-12T12:36:42Z,0.2,28.69,0.18,0.1
2025-08-12T12:37:42Z,0.42,45.55,0.3,0.3
2025-08-12T12:38:42Z,0.44,194.44,-0.42,-0.11
2025-08-12T12:39:42Z,0.89,354.64,0.89,-0.08
2025-08-12T12:40:42Z,0.96,344.42,0.92,-0.26
2025-08-12T12:41:42Z,0.86,359.96,0.86,-0
2025-08-12T12:42:42Z,0.83,352.62,0.82,-0.11
2025-08-12T12:43:42Z,0.61,359.31,0.61,-0.01
2025-08-12T12:44:42Z,1.15,357.11,1.15,-0.06
2025-08-12T12:45:42Z,0.78,350.77,0.77,-0.13
2025-08-12T12:46:42Z,0.78,334.27,0.71,-0.34
2025-08-12T12:47:42Z,0.63,6.84,0.63,0.08
2025-08-12T12:48:42Z,0.92,347.28,0.9,-0.2
2025-08-12T12:49:42Z,0.57,343.99,0.55,-0.16
2025-08-12T12:50:42Z,1.03,325.1,0.84,-0.59
2025-08-12T12:51:42Z,0.73,343.52,0.7,-0.21
2025-08-12T12:52:42Z,0.79,353.86,0.78,-0.08
2025-08-12T12:53:42Z,0.58,9.58,0.57,0.1
2025-08-12T12:54:42Z,0.73,354.34,0.73,-0.07
2025-08-12T12:55:42Z,0.52,6.27,0.51,0.06
2025-08-12T12:56:42Z,0.72,29.18,0.63,0.35
2025-08-12T12:57:42Z,0.72,310.51,0.47,-0.55
2025-08-12T12:58:42Z,0.49,348.17,0.48,-0.1
2025-08-12T12:59:42Z,0.61,4.87,0.61,0.05
2025-08-12T13:00:42Z,0.65,14.5,0.63,0.16
2025-08-12T13:01:42Z,0.39,30.51,0.34,0.2
2025-08-12T13:02:42Z,0.72,345.9,0.7,-0.18
2025-08-12T13:03:42Z,0.65,340.3,0.61,-0.22
2025-08-12T13:04:42Z,0.77,331.24,0.68,-0.37
2025-08-12T13:05:42Z,0.59,347.37,0.58,-0.13
2025-08-12T13:06:42Z,1.4,330.86,1.22,-0.68
2025-08-12T13:07:42Z,1.26,331.73,1.11,-0.6
2025-08-12T13:08:42Z,1.08,311.53,0.71,-0.8
2025-08-12T13:09:42Z,0.7,331.88,0.62,-0.33
2025-08-12T13:10:42Z,0.77,349.6,0.76,-0.14
2025-08-12T13:11:42Z,0.68,27.38,0.6,0.31
2025-08-12T13:12:42Z,0.88,29.73,0.76,0.43
2025-08-12T13:13:42Z,1.4,23.7,1.29,0.56
2025-08-12T13:14:42Z,0.85,344.16,0.81,-0.23
2025-08-12T13:15:42Z,0.26,326.18,0.21,-0.14
2025-08-12T13:16:42Z,0.13,45.32,0.09,0.09
2025-08-12T13:17:42Z,0.3,3.53,0.3,0.02
2025-08-12T13:18:42Z,0.47,313.4,0.32,-0.34
2025-08-12T13:19:42Z,0.05,54.63,0.03,0.04
2025-08-12T13:20:42Z,0.46,74.82,0.12,0.44
2025-08-12T13:21:42Z,0.27,31.82,0.23,0.14
2025-08-12T13:22:42Z,0.35,337.13,0.33,-0.14
2025-08-12T13:23:42Z,0.39,325.18,0.32,-0.22
2025-08-12T13:24:42Z,0.16,108.44,-0.05,0.15
2025-08-12T13:25:42Z,1.11,68.03,0.41,1.03
2025-08-12T13:26:42Z,1.44,56.15,0.8,1.2
2025-08-12T13:27:42Z,0.79,40.48,0.6,0.51
2025-08-12T13:28:42Z,0.9,48.42,0.59,0.67
2025-08-12T13:29:42Z,0.4,355.4,0.4,-0.03
2025-08-12T13:30:42Z,0.49,11.17,0.48,0.09
2025-08-12T13:31:42Z,0.68,336.85,0.62,-0.27
2025-08-12T13:32:42Z,0.58,328.93,0.5,-0.3
2025-08-12T13:33:42Z,0.61,341.68,0.58,-0.19
2025-08-12T13:34:42Z,0.67,340.2,0.63,-0.23
2025-08-12T13:35:42Z,0.73,47.03,0.5,0.53
2025-08-12T13:36:42Z,0.51,7.21,0.51,0.06
2025-08-12T13:37:42Z,0.71,349.8,0.69,-0.12
2025-08-12T13:38:42Z,0.24,25.15,0.22,0.1
2025-08-12T13:39:42Z,0.53,42.86,0.39,0.36
2025-08-12T13:40:42Z,0.5,351.27,0.49,-0.08
2025-08-12T13:41:42Z,0.61,78.68,0.12,0.59
2025-08-12T13:42:42Z,0.68,45.33,0.48,0.48
2025-08-12T13:43:42Z,0.77,71.47,0.24,0.73
2025-08-12T13:44:42Z,0.78,0.97,0.77,0.01
2025-08-12T13:45:42Z,1.07,27.76,0.95,0.5
2025-08-12T13:46:42Z,0.34,349.98,0.34,-0.06
2025-08-12T13:47:42Z,0.2,87.54,0.01,0.2
2025-08-12T13:48:42Z,0.85,53.73,0.5,0.69
2025-08-12T13:49:42Z,0.41,45,0.29,0.29
2025-08-12T13:50:42Z,1.24,37.79,0.98,0.76
2025-08-12T13:51:42Z,0.32,344.32,0.31,-0.09
2025-08-12T13:52:42Z,0.72,53.58,0.43,0.58
2025-08-12T13:53:42Z,0.86,3.66,0.85,0.05
2025-08-12T13:54:42Z,0.64,14.77,0.62,0.16
2025-08-12T13:55:42Z,1.4,359.15,1.4,-0.02
2025-08-12T13:56:42Z,0.22,288.46,0.07,-0.21
2025-08-12T13:57:42Z,0.78,293.62,0.31,-0.72
2025-08-12T13:58:42Z,0.3,336.54,0.28,-0.12
2025-08-12T13:59:42Z,0.34,319.69,0.26,-0.22
2025-08-12T14:00:42Z,0.59,33.87,0.49,0.33
2025-08-12T14:01:42Z,0.34,50.33,0.22,0.26
2025-08-12T14:02:42Z,0.55,54.69,0.32,0.45
2025-08-12T14:03:42Z,0.24,68.68,0.09,0.22
2025-08-12T14:04:42Z,0.1,28.91,0.09,0.05
2025-08-12T14:05:42Z,0.27,347.28,0.26,-0.06
2025-08-12T14:06:42Z,0.91,0.68,0.91,0.01
2025-08-12T14:07:42Z,0.75,346.3,0.73,-0.18
2025-08-12T14:08:42Z,0.7,356.52,0.69,-0.04
2025-08-12T14:09:42Z,0.82,341.77,0.78,-0.26
2025-08-12T14:10:42Z,0.91,355.82,0.91,-0.07
2025-08-12T14:11:42Z,0.77,0.88,0.77,0.01
2025-08-12T14:12:42Z,0.71,353.47,0.7,-0.08
2025-08-12T14:13:42Z,1.02,355.16,1.02,-0.09
2025-08-12T14:14:42Z,0.68,11.33,0.67,0.13
2025-08-12T14:15:42Z,0.7,3.28,0.7,0.04
2025-08-12T14:16:42Z,1.16,39.32,0.9,0.74
2025-08-12T14:17:42Z,0.65,56.15,0.36,0.54
2025-08-12T14:18:42Z,0.58,39.46,0.45,0.37
2025-08-12T14:19:42Z,0.93,21.08,0.86,0.33
2025-08-12T14:20:42Z,0.97,15.18,0.94,0.26
2025-08-12T14:21:42Z,0.87,35.75,0.7,0.51
2025-08-12T14:22:42Z,0.67,16.01,0.64,0.18
2025-08-12T14:23:42Z,1.12,354.11,1.11,-0.11
2025-08-12T14:24:42Z,0.86,45.01,0.61,0.61
2025-08-12T14:25:42Z,0.92,11.84,0.9,0.19
2025-08-12T14:26:42Z,0.37,21.12,0.34,0.13
2025-08-12T14:27:42Z,1.06,36.41,0.85,0.63
2025-08-12T14:28:42Z,1.36,56.97,0.74,1.14
2025-08-12T14:29:42Z,2.6,56.45,1.43,2.16
2025-08-12T14:30:42Z,0.89,26.98,0.79,0.4
2025-08-12T14:31:42Z,0.77,355.37,0.76,-0.06
2025-08-12T14:32:42Z,0.37,8.31,0.37,0.05
2025-08-12T14:33:42Z,0.56,35.94,0.45,0.33
2025-08-12T14:34:42Z,0.74,307.8,0.46,-0.59
2025-08-12T14:35:42Z,0.77,347.11,0.75,-0.17
2025-08-12T14:36:42Z,0.41,339.6,0.39,-0.14
2025-08-12T14:37:42Z,0.6,332.52,0.54,-0.28
2025-08-12T14:38:42Z,0.67,9.26,0.66,0.11
2025-08-12T14:39:42Z,0.14,69.11,0.05,0.13
2025-08-12T14:40:42Z,0.37,56.3,0.2,0.3
2025-08-12T14:41:42Z,0.22,343.85,0.22,-0.06
2025-08-12T14:42:42Z,0.74,330.6,0.65,-0.37
2025-08-12T14:43:42Z,0.58,327.62,0.49,-0.31
2025-08-12T14:44:42Z,0.32,32,0.27,0.17
2025-08-12T14:45:42Z,0.84,324.58,0.68,-0.49
2025-08-12T14:46:42Z,0.21,318.97,0.16,-0.14
2025-08-12T14:47:42Z,0.33,310.51,0.22,-0.25
2025-08-12T14:48:42Z,0.29,351.98,0.29,-0.04
2025-08-12T14:49:42Z,0.6,354.79,0.59,-0.05
2025-08-12T14:50:42Z,0.44,309.7,0.28,-0.34
2025-08-12T14:51:42Z,0.73,315.27,0.52,-0.51
2025-08-12T14:52:42Z,1.06,336.73,0.97,-0.42
2025-08-12T14:53:42Z,0.47,327.89,0.4,-0.25
2025-08-12T14:54:42Z,0.55,352.83,0.55,-0.07
2025-08-12T14:55:42Z,0.58,17,0.56,0.17
2025-08-12T14:56:42Z,0.96,23.86,0.88,0.39
2025-08-12T14:57:42Z,0.88,7.82,0.87,0.12
2025-08-12T14:58:42Z,1.09,32.15,0.92,0.58
2025-08-12T14:59:42Z,0.77,1.1,0.77,0.01
2025-08-12T15:00:42Z,1.14,342.99,1.09,-0.33
2025-08-12T15:01:42Z,0.99,26.68,0.88,0.44
2025-08-12T15:02:42Z,0.93,35.22,0.76,0.54
2025-08-12T15:03:42Z,0.76,15.98,0.73,0.21
2025-08-12T15:04:42Z,0.59,17.87,0.56,0.18
2025-08-12T15:05:42Z,0.97,0.12,0.97,0
2025-08-12T15:06:42Z,0.57,12.73,0.56,0.13
2025-08-12T15:07:42Z,0.53,349.16,0.52,-0.1
2025-08-12T15:08:42Z,0.29,15.01,0.28,0.07
2025-08-12T15:09:42Z,0.42,351.34,0.42,-0.06
2025-08-12T15:10:42Z,0.54,1.92,0.54,0.02
2025-08-12T15:11:42Z,0.72,354.74,0.72,-0.07
2025-08-12T15:12:42Z,0.74,347.39,0.73,-0.16
2025-08-12T15:13:42Z,0.47,359.57,0.47,-0
2025-08-12T15:14:42Z,0.61,323.33,0.49,-0.37
2025-08-12T15:15:42Z,0.59,355.73,0.59,-0.04
2025-08-12T15:16:42Z,0.52,9.26,0.51,0.08
2025-08-12T15:17:42Z,0.66,349.28,0.65,-0.12
2025-08-12T15:18:42Z,0.79,346.55,0.77,-0.18
2025-08-12T15:19:42Z,0.89,351.14,0.88,-0.14
2025-08-12T15:20:42Z,0.69,16.5,0.67,0.2
2025-08-12T15:21:42Z,0.79,8.45,0.78,0.12
2025-08-12T15:22:42Z,0.52,346.62,0.5,-0.12
2025-08-12T15:23:42Z,0.29,25.94,0.26,0.13
2025-08-12T15:24:42Z,1.19,4.64,1.19,0.1
2025-08-12T15:25:42Z,1.27,12.51,1.24,0.28
2025-08-12T15:26:42Z,0.71,356.03,0.71,-0.05
2025-08-12T15:27:42Z,0.86,36.37,0.69,0.51
2025-08-12T15:28:42Z,0.74,40.1,0.57,0.48
2025-08-12T15:29:42Z,0.65,4.99,0.65,0.06
2025-08-12T15:30:42Z,0.77,344.1,0.74,-0.21
2025-08-12T15:31:42Z,0.43,69.3,0.15,0.4
2025-08-12T15:32:42Z,0.54,50.4,0.34,0.41
2025-08-12T15:33:42Z,2.17,114.88,-0.91,1.97
2025-08-12T15:34:42Z,1.84,79.58,0.33,1.81
2025-08-12T15:35:42Z,1.77,100.24,-0.31,1.74
2025-08-12T15:36:42Z,1.98,88.48,0.05,1.98
2025-08-12T15:37:42Z,1.14,100.79,-0.21,1.12
2025-08-12T15:38:42Z,1.87,102.22,-0.4,1.83
2025-08-12T15:39:42Z,1.29,91.91,-0.04,1.29
2025-08-12T15:40:42Z,1.74,125.81,-1.02,1.41
2025-08-12T15:41:42Z,2.21,93.09,-0.12,2.21
2025-08-12T15:42:42Z,0.75,73.09,0.22,0.72
2025-08-12T15:43:42Z,1.23,72.21,0.38,1.17
2025-08-12T15:44:42Z,0.72,54.14,0.42,0.59
2025-08-12T15:45:42Z,0.56,68.45,0.2,0.52
2025-08-12T15:46:42Z,0.54,65.36,0.23,0.49
2025-08-12T15:47:42Z,0.72,96.98,-0.09,0.71
2025-08-12T15:48:42Z,0.58,15.15,0.56,0.15
2025-08-12T15:49:42Z,0.63,13.96,0.62,0.15
2025-08-12T15:50:42Z,0.77,8.33,0.76,0.11
2025-08-12T15:51:42Z,0.56,37.98,0.44,0.34
2025-08-12T15:52:42Z,1.02,9.65,1,0.17
2025-08-12T15:53:42Z,1,27.64,0.89,0.46
2025-08-12T15:54:42Z,1.35,11.08,1.32,0.26
2025-08-12T15:55:42Z,1.2,12.37,1.17,0.26
2025-08-12T15:56:42Z,0.83,33.07,0.69,0.45
2025-08-12T15:57:42Z,0.45,78,0.09,0.44
2025-08-12T15:58:42Z,0.38,335.52,0.34,-0.16
2025-08-12T15:59:42Z,0.64,45.44,0.45,0.46
2025-08-12T16:00:42Z,0.97,23,0.9,0.38
2025-08-12T16:01:42Z,0.79,58.97,0.41,0.68
2025-08-12T16:02:42Z,1.09,72.61,0.33,1.04
2025-08-12T16:03:42Z,1.15,65.23,0.48,1.04
2025-08-12T16:04:42Z,1.88,88.6,0.05,1.88
2025-08-12T16:05:42Z,3.75,80.91,0.59,3.7
2025-08-12T16:06:42Z,1.97,76.29,0.47,1.91
2025-08-12T16:07:42Z,1.16,89.46,0.01,1.16
2025-08-12T16:08:42Z,0.85,29.53,0.74,0.42
2025-08-12T16:09:42Z,0.64,13.05,0.62,0.14
2025-08-12T16:10:42Z,0.79,11.26,0.77,0.15
2025-08-12T16:11:42Z,1.32,308.04,0.81,-1.04
2025-08-12T16:12:42Z,1.46,302.75,0.79,-1.23
2025-08-12T16:13:42Z,1.5,332.51,1.33,-0.69
2025-08-12T16:14:42Z,0.92,1.14,0.92,0.02
2025-08-12T16:15:42Z,1.05,350.18,1.04,-0.18
2025-08-12T16:16:42Z,0.72,347.99,0.71,-0.15
2025-08-12T16:17:42Z,0.66,352.57,0.66,-0.09
2025-08-12T16:18:42Z,0.46,330,0.4,-0.23
2025-08-12T16:19:42Z,0.87,359.53,0.87,-0.01
2025-08-12T16:20:42Z,0.65,356.01,0.65,-0.05
2025-08-12T16:21:42Z,0.68,38.1,0.54,0.42
2025-08-12T16:22:42Z,1.1,110.75,-0.39,1.03
2025-08-12T16:23:42Z,0.99,102.27,-0.21,0.97
2025-08-12T16:24:42Z,0.79,58.87,0.41,0.68
2025-08-12T16:25:42Z,0.77,27.47,0.68,0.35
2025-08-12T16:26:42Z,0.7,325.02,0.58,-0.4
2025-08-12T16:27:42Z,0.46,49.61,0.3,0.35
2025-08-12T16:28:42Z,0.91,95.56,-0.09,0.91
2025-08-12T16:29:42Z,1.37,56.4,0.76,1.14
2025-08-12T16:30:42Z,0.84,24.24,0.77,0.35
2025-08-12T16:31:42Z,1.12,8.78,1.11,0.17
2025-08-12T16:32:42Z,0.56,15.01,0.54,0.14
2025-08-12T16:33:42Z,0.61,357.75,0.61,-0.02
2025-08-12T16:34:42Z,0.56,13.73,0.54,0.13
2025-08-12T16:35:42Z,0.78,353.09,0.77,-0.09
2025-08-12T16:36:42Z,1.35,322.55,1.07,-0.82
2025-08-12T16:37:42Z,1.25,323.01,1,-0.75
2025-08-12T16:38:42Z,2,316.76,1.46,-1.37
2025-08-12T16:39:42Z,0.73,330.72,0.64,-0.36
2025-08-12T16:40:42Z,2.26,278.21,0.32,-2.24
2025-08-12T16:41:42Z,1.38,307.12,0.83,-1.1
2025-08-12T16:42:42Z,0.44,351.89,0.43,-0.06
2025-08-12T16:43:42Z,0.81,322.51,0.64,-0.49
2025-08-12T16:44:42Z,0.53,343.83,0.51,-0.15
2025-08-12T16:45:42Z,0.68,1.46,0.68,0.02
2025-08-12T16:46:42Z,0.71,311.39,0.47,-0.54
2025-08-12T16:47:42Z,0.76,17.24,0.73,0.23
2025-08-12T16:48:42Z,0.67,6.58,0.66,0.08
2025-08-12T16:49:42Z,0.77,20.86,0.72,0.27
2025-08-12T16:50:42Z,0.68,11.8,0.67,0.14
2025-08-12T16:51:42Z,0.74,21.82,0.68,0.27
2025-08-12T16:52:42Z,0.69,16.24,0.66,0.19
2025-08-12T16:53:42Z,0.67,12.71,0.66,0.15
2025-08-12T16:54:42Z,0.5,4.71,0.5,0.04
2025-08-12T16:55:42Z,0.46,34.46,0.38,0.26
2025-08-12T16:56:42Z,0.85,27.59,0.75,0.39
2025-08-12T16:57:42Z,0.73,34.71,0.6,0.42
2025-08-12T16:58:42Z,0.73,36.22,0.59,0.43
2025-08-12T16:59:42Z,0.68,36.39,0.55,0.4
2025-08-12T17:00:42Z,0.78,25.09,0.71,0.33
2025-08-12T17:01:42Z,0.64,9.59,0.63,0.11
2025-08-12T17:02:42Z,0.67,25.48,0.61,0.29
2025-08-12T17:03:42Z,0.43,34,0.35,0.24
2025-08-12T17:04:42Z,0.54,38.05,0.43,0.33
2025-08-12T17:05:42Z,0.51,54.88,0.29,0.42
2025-08-12T17:06:42Z,0.61,48.79,0.4,0.46
2025-08-12T17:07:42Z,0.63,43.45,0.46,0.43
2025-08-12T17:08:42Z,0.67,63.07,0.3,0.6
2025-08-12T17:09:42Z,0.7,48.19,0.47,0.52
2025-08-12T17:10:42Z,0.6,56.53,0.33,0.5
2025-08-12T17:11:42Z,0.75,24.51,0.68,0.31
2025-08-12T17:12:42Z,0.72,38.89,0.56,0.45
2025-08-12T17:13:42Z,0.78,40.32,0.59,0.5
2025-08-12T17:14:42Z,0.27,6.63,0.27,0.03
2025-08-12T17:15:42Z,0.74,13.32,0.72,0.17
2025-08-12T17:16:42Z,0.61,28.23,0.54,0.29
2025-08-12T17:17:42Z,0.53,27.38,0.47,0.24
2025-08-12T17:18:42Z,0.99,46.75,0.68,0.72
2025-08-12T17:19:42Z,0.98,69.24,0.35,0.92
2025-08-12T17:20:42Z,0.9,83.7,0.1,0.9
2025-08-12T17:21:42Z,0.79,72.04,0.24,0.75
2025-08-12T17:22:42Z,0.69,34.41,0.57,0.39
2025-08-12T17:23:42Z,0.84,84.76,0.08,0.84
2025-08-12T17:24:42Z,0.76,38.98,0.59,0.48
2025-08-12T17:25:42Z,1.01,42.11,0.75,0.68
2025-08-12T17:26:42Z,1.02,73.38,0.29,0.98
2025-08-12T17:27:42Z,0.78,53.16,0.47,0.62
2025-08-12T17:28:42Z,0.97,70.75,0.32,0.91
2025-08-12T17:29:42Z,1.69,95.54,-0.16,1.68
2025-08-12T17:30:42Z,1.55,64.86,0.66,1.4
2025-08-12T17:31:42Z,1.68,81.87,0.24,1.67
2025-08-12T17:32:42Z,1.45,60.06,0.72,1.25
2025-08-12T17:33:42Z,1.26,62.81,0.58,1.12
2025-08-12T17:34:42Z,1.27,64.67,0.54,1.15
2025-08-12T17:35:42Z,1.03,46.05,0.72,0.74
2025-08-12T17:36:42Z,1.21,52.48,0.74,0.96
2025-08-12T17:37:42Z,1.05,54.52,0.61,0.86
2025-08-12T17:38:42Z,0.96,43.76,0.7,0.67
2025-08-12T17:39:42Z,0.78,26.25,0.7,0.34
2025-08-12T17:40:42Z,0.82,355.96,0.82,-0.06
2025-08-12T17:41:42Z,1.57,349.16,1.54,-0.29
2025-08-12T17:42:42Z,1.04,325.12,0.86,-0.6
2025-08-12T17:43:42Z,0.65,352.36,0.65,-0.09
2025-08-12T17:44:42Z,1.49,312.92,1.01,-1.09
2025-08-12T17:45:42Z,1.05,328.87,0.9,-0.54
2025-08-12T17:46:42Z,1.04,292.81,0.4,-0.95
2025-08-12T17:47:42Z,0.76,325.44,0.63,-0.43
2025-08-12T17:48:42Z,0.81,312.21,0.55,-0.6
2025-08-12T17:49:42Z,1.52,276.22,0.17,-1.51
2025-08-12T17:50:42Z,0.55,305.63,0.32,-0.45
2025-08-12T17:51:42Z,0.59,285.39,0.16,-0.57
2025-08-12T17:52:42Z,0.62,342.09,0.59,-0.19
2025-08-12T17:53:42Z,0.99,308.93,0.62,-0.77
2025-08-12T17:54:42Z,0.91,298.18,0.43,-0.8
2025-08-12T17:55:42Z,0.64,333.27,0.57,-0.29
2025-08-12T17:56:42Z,0.72,311.72,0.48,-0.54
2025-08-12T17:57:42Z,1.08,324.69,0.88,-0.62
2025-08-12T17:58:42Z,0.7,350.71,0.69,-0.11
2025-08-12T17:59:42Z,1.09,335.18,0.99,-0.46
2025-08-12T18:00:42Z,0.71,341.11,0.67,-0.23
2025-08-12T18:01:42Z,0.55,24.87,0.5,0.23
2025-08-12T18:02:42Z,0.94,2.25,0.94,0.04
2025-08-12T18:03:42Z,1.03,7.81,1.02,0.14
2025-08-12T18:04:42Z,1.15,346.87,1.12,-0.26
2025-08-12T18:05:42Z,0.68,357.72,0.68,-0.03
2025-08-12T18:06:42Z,0.54,52.47,0.33,0.43
2025-08-12T18:07:42Z,0.67,7.23,0.66,0.08
2025-08-12T18:08:42Z,0.63,26.59,0.56,0.28
2025-08-12T18:09:42Z,0.78,31.7,0.66,0.41
2025-08-12T18:10:42Z,0.73,42,0.54,0.49
2025-08-12T18:11:42Z,0.76,55.08,0.43,0.62
2025-08-12T18:12:42Z,1.37,15.42,1.32,0.36
2025-08-12T18:13:42Z,0.95,18.6,0.9,0.3
2025-08-12T18:14:42Z,1.17,8.29,1.16,0.17
2025-08-12T18:15:42Z,2.24,346.9,2.18,-0.51
2025-08-12T18:16:42Z,1.49,349.24,1.46,-0.28
2025-08-12T18:17:42Z,1.84,354.45,1.83,-0.18
2025-08-12T18:18:42Z,1.32,21.32,1.23,0.48
2025-08-12T18:19:42Z,1.29,13.48,1.26,0.3
2025-08-12T18:20:42Z,0.87,343.41,0.84,-0.25
2025-08-12T18:21:42Z,0.93,311.72,0.62,-0.69
2025-08-12T18:22:42Z,1.29,333.71,1.16,-0.57
2025-08-12T18:23:42Z,1.77,305.69,1.03,-1.44
2025-08-12T18:24:42Z,1.02,337.31,0.94,-0.39
2025-08-12T18:25:42Z,1.1,318,0.82,-0.74
2025-08-12T18:26:42Z,1.07,332.79,0.95,-0.49
2025-08-12T18:27:42Z,0.42,277.37,0.05,-0.42
2025-08-12T18:28:42Z,0.73,23.97,0.66,0.3
2025-08-12T18:29:42Z,0.45,7.98,0.45,0.06
2025-08-12T18:30:42Z,1.07,2.81,1.07,0.05
2025-08-12T18:31:42Z,1.05,352.69,1.04,-0.13
2025-08-12T18:32:42Z,0.99,354.32,0.98,-0.1
2025-08-12T18:33:42Z,0.97,2.67,0.97,0.04
2025-08-12T18:34:42Z,0.84,359.54,0.84,-0.01
2025-08-12T18:35:42Z,0.95,355.06,0.95,-0.08
2025-08-12T18:36:42Z,1.01,1.29,1.01,0.02
2025-08-12T18:37:42Z,0.61,353.74,0.61,-0.07
2025-08-12T18:38:42Z,0.75,356.83,0.75,-0.04
2025-08-12T18:39:42Z,0.72,0.36,0.72,0
2025-08-12T18:40:42Z,0.57,357.16,0.57,-0.03
2025-08-12T18:41:42Z,0.64,344.22,0.61,-0.17
2025-08-12T18:42:42Z,0.98,32.88,0.82,0.53
2025-08-12T18:43:42Z,0.8,4.53,0.8,0.06
2025-08-12T18:44:42Z,0.53,16.8,0.5,0.15
2025-08-12T18:45:42Z,0.62,356.13,0.62,-0.04
2025-08-12T18:46:42Z,0.65,44.38,0.47,0.46
2025-08-12T18:47:42Z,0.8,2.04,0.8,0.03
2025-08-12T18:48:42Z,0.58,18.82,0.54,0.19
2025-08-12T18:49:42Z,0.92,352.76,0.91,-0.12
2025-08-12T18:50:42Z,0.78,23.13,0.72,0.31
2025-08-12T18:51:42Z,0.68,23.43,0.62,0.27
2025-08-12T18:52:42Z,0.79,0.9,0.79,0.01
2025-08-12T18:53:42Z,1.03,349.16,1.01,-0.19
2025-08-12T18:54:42Z,1.56,342.14,1.48,-0.48
2025-08-12T18:55:42Z,1.59,335.19,1.45,-0.67
2025-08-12T18:56:42Z,0.91,339.03,0.85,-0.33
2025-08-12T18:57:42Z,0.97,324.15,0.78,-0.57
2025-08-12T18:58:42Z,1.13,320.17,0.87,-0.72
2025-08-12T18:59:42Z,1.12,324.32,0.91,-0.65
2025-08-12T19:00:42Z,1.04,331.49,0.91,-0.5
2025-08-12T19:01:42Z,1.46,2.12,1.46,0.05
2025-08-12T19:02:42Z,1.4,335.69,1.27,-0.58
2025-08-12T19:03:42Z,1.18,359.24,1.18,-0.02
2025-08-12T19:04:42Z,0.76,338.51,0.7,-0.28
2025-08-12T19:05:42Z,0.89,316.14,0.64,-0.62
2025-08-12T19:06:42Z,0.93,325.33,0.77,-0.53
2025-08-12T19:07:42Z,1.01,318.74,0.76,-0.67
2025-08-12T19:08:42Z,0.95,310.55,0.62,-0.72
2025-08-12T19:09:42Z,1.17,307.93,0.72,-0.93
2025-08-12T19:10:42Z,1.14,310.13,0.74,-0.87
2025-08-12T19:11:42Z,0.77,350.65,0.76,-0.13
2025-08-12T19:12:42Z,0.75,331.5,0.66,-0.36
2025-08-12T19:13:42Z,0.89,322.88,0.71,-0.54
2025-08-12T19:14:42Z,0.71,359.94,0.71,-0
2025-08-12T19:15:42Z,0.75,342.7,0.72,-0.22
2025-08-12T19:16:42Z,0.62,1.26,0.62,0.01
2025-08-12T19:17:42Z,0.7,351.92,0.7,-0.1
2025-08-12T19:18:42Z,1.38,309.32,0.87,-1.06
2025-08-12T19:19:42Z,0.88,332.02,0.78,-0.41
2025-08-12T19:20:42Z,1.07,336.91,0.98,-0.42
2025-08-12T19:21:42Z,0.79,338.87,0.74,-0.29
2025-08-12T19:22:42Z,0.74,336.39,0.68,-0.3
2025-08-12T19:23:42Z,0.98,310.94,0.65,-0.74
2025-08-12T19:24:42Z,0.86,331.52,0.75,-0.41
2025-08-12T19:25:42Z,0.79,346.36,0.77,-0.19
2025-08-12T19:26:42Z,0.8,346.85,0.77,-0.18
2025-08-12T19:27:42Z,0.6,346.24,0.58,-0.14
2025-08-12T19:28:42Z,0.55,4.2,0.55,0.04
2025-08-12T19:29:42Z,0.47,6.78,0.47,0.06
2025-08-12T19:30:42Z,0.78,355.26,0.78,-0.06
2025-08-12T19:31:42Z,0.61,11.8,0.59,0.12
2025-08-12T19:32:42Z,0.74,330.39,0.65,-0.37
2025-08-12T19:33:42Z,0.63,355.94,0.63,-0.04
2025-08-12T19:34:42Z,0.97,330.66,0.84,-0.47
2025-08-12T19:35:42Z,0.58,350.09,0.57,-0.1
2025-08-12T19:36:42Z,0.69,350.39,0.68,-0.12
2025-08-12T19:37:42Z,0.59,351.64,0.58,-0.09
2025-08-12T19:38:42Z,0.64,350.01,0.63,-0.11
2025-08-12T19:39:42Z,0.47,346.17,0.46,-0.11
2025-08-12T19:40:42Z,0.59,358.48,0.59,-0.02
2025-08-12T19:41:42Z,0.59,7.74,0.59,0.08
2025-08-12T19:42:42Z,0.58,357.55,0.58,-0.02
2025-08-12T19:43:42Z,0.58,10.06,0.57,0.1
2025-08-12T19:44:42Z,0.69,345.94,0.67,-0.17
2025-08-12T19:45:42Z,0.73,22.37,0.67,0.28
2025-08-12T19:46:42Z,0.44,45.13,0.31,0.31
2025-08-12T19:47:42Z,0.87,348.91,0.86,-0.17
2025-08-12T19:48:42Z,0.69,7.54,0.68,0.09
2025-08-12T19:49:42Z,0.79,9.61,0.77,0.13
2025-08-12T19:50:42Z,0.6,9.33,0.59,0.1
2025-08-12T19:51:42Z,0.98,22.07,0.91,0.37
2025-08-12T19:52:42Z,0.73,15.73,0.71,0.2
2025-08-12T19:53:42Z,0.78,357.14,0.78,-0.04
2025-08-12T19:54:42Z,0.67,22.14,0.62,0.25
2025-08-12T19:55:42Z,0.63,8.2,0.63,0.09
2025-08-12T19:56:42Z,0.63,9.52,0.62,0.1
2025-08-12T19:57:42Z,0.66,10.65,0.65,0.12
2025-08-12T19:58:42Z,0.78,357.38,0.78,-0.04
2025-08-12T19:59:42Z,0.63,349.84,0.62,-0.11
2025-08-12T20:00:42Z,0.38,0.94,0.38,0.01
2025-08-12T20:01:42Z,0.65,7.11,0.64,0.08
2025-08-12T20:02:42Z,0.65,5.72,0.65,0.06
2025-08-12T20:03:42Z,0.59,2.94,0.59,0.03
2025-08-12T20:04:42Z,0.66,16.39,0.64,0.19
2025-08-12T20:05:42Z,0.64,7.5,0.63,0.08
2025-08-12T20:06:42Z,0.59,3.78,0.59,0.04
2025-08-12T20:07:42Z,0.53,11.43,0.52,0.1
2025-08-12T20:08:42Z,0.55,0.84,0.55,0.01
2025-08-12T20:09:42Z,0.5,13.87,0.48,0.12
2025-08-12T20:10:42Z,0.53,12.19,0.52,0.11
2025-08-12T20:11:42Z,0.71,17.23,0.68,0.21
2025-08-12T20:12:42Z,0.68,30.86,0.58,0.35
2025-08-12T20:13:42Z,0.57,12.82,0.55,0.13
2025-08-12T20:14:42Z,0.7,6.2,0.7,0.08
2025-08-12T20:15:42Z,0.63,355.72,0.63,-0.05
2025-08-12T20:16:42Z,0.63,358.34,0.63,-0.02
2025-08-12T20:17:42Z,0.76,349.91,0.75,-0.13
2025-08-12T20:18:42Z,0.55,342.3,0.53,-0.17
2025-08-12T20:19:42Z,0.64,350.81,0.63,-0.1
2025-08-12T20:20:42Z,0.46,30.94,0.39,0.24
2025-08-12T20:21:42Z,0.68,22.06,0.63,0.25
2025-08-12T20:22:42Z,0.73,11.51,0.72,0.15
2025-08-12T20:23:42Z,0.74,3.18,0.74,0.04
2025-08-12T20:24:42Z,0.76,22.86,0.7,0.29
2025-08-12T20:25:42Z,0.74,20.57,0.69,0.26
2025-08-12T20:26:42Z,0.71,44.86,0.5,0.5
2025-08-12T20:27:42Z,0.69,20.63,0.64,0.24
2025-08-12T20:28:42Z,0.62,18.82,0.59,0.2
2025-08-12T20:29:42Z,0.67,11.26,0.66,0.13
2025-08-12T20:30:42Z,0.59,8.71,0.58,0.09
2025-08-12T20:31:42Z,0.52,36.11,0.42,0.3
2025-08-12T20:32:42Z,0.48,358.65,0.48,-0.01
2025-08-12T20:33:42Z,0.47,357.48,0.47,-0.02
2025-08-12T20:34:42Z,0.59,2.86,0.58,0.03
2025-08-12T20:35:42Z,0.75,20.46,0.7,0.26
2025-08-12T20:36:42Z,0.46,358.93,0.46,-0.01
2025-08-12T20:37:42Z,0.46,33.47,0.38,0.25
2025-08-12T20:38:42Z,0.64,24.11,0.58,0.26
2025-08-12T20:39:42Z,0.66,4.91,0.66,0.06
2025-08-12T20:40:42Z,0.6,4.77,0.6,0.05
2025-08-12T20:41:42Z,0.6,10.16,0.59,0.11
2025-08-12T20:42:42Z,0.71,24.6,0.65,0.3
2025-08-12T20:43:42Z,0.59,37.88,0.47,0.36
2025-08-12T20:44:42Z,0.56,24.36,0.51,0.23
2025-08-12T20:45:42Z,0.43,10.33,0.42,0.08
2025-08-12T20:46:42Z,0.61,5.27,0.61,0.06
2025-08-12T20:47:42Z,0.72,11.83,0.71,0.15
2025-08-12T20:48:42Z,0.72,17.31,0.69,0.21
2025-08-12T20:49:42Z,0.66,24.07,0.6,0.27
2025-08-12T20:50:42Z,0.73,19.73,0.69,0.25
2025-08-12T20:51:42Z,0.84,9.66,0.83,0.14
2025-08-12T20:52:42Z,0.64,13.23,0.62,0.15
2025-08-12T20:53:42Z,0.75,34.56,0.62,0.43
2025-08-12T20:54:42Z,0.87,46.51,0.6,0.63
2025-08-12T20:55:42Z,0.74,21.3,0.69,0.27
2025-08-12T20:56:42Z,0.72,36.37,0.58,0.43
2025-08-12T20:57:42Z,0.64,24.52,0.58,0.26
2025-08-12T20:58:42Z,0.73,15.17,0.71,0.19
2025-08-12T20:59:42Z,0.69,2.23,0.69,0.03
2025-08-12T21:00:42Z,0.6,22.92,0.55,0.23
2025-08-12T21:01:42Z,0.7,6.45,0.7,0.08
2025-08-12T21:02:42Z,0.85,344.17,0.82,-0.23
2025-08-12T21:03:42Z,0.59,28.71,0.52,0.28
2025-08-12T21:04:42Z,0.52,8.47,0.51,0.08
2025-08-12T21:05:42Z,0.55,357.14,0.55,-0.03
2025-08-12T21:06:42Z,0.6,16.33,0.57,0.17
2025-08-12T21:07:42Z,0.69,10.94,0.68,0.13
2025-08-12T21:08:42Z,0.73,352.94,0.73,-0.09
2025-08-12T21:09:42Z,0.62,2.17,0.62,0.02
2025-08-12T21:10:42Z,0.64,10.58,0.63,0.12
2025-08-12T21:11:42Z,0.62,19.49,0.58,0.21
2025-08-12T21:12:42Z,0.72,6.71,0.71,0.08
2025-08-12T21:13:42Z,0.69,10.64,0.68,0.13
2025-08-12T21:14:42Z,0.71,5.95,0.71,0.07
2025-08-12T21:15:42Z,0.7,7.68,0.69,0.09
2025-08-12T21:16:42Z,0.64,28.92,0.56,0.31
2025-08-12T21:17:42Z,0.64,26.35,0.58,0.29
2025-08-12T21:18:42Z,0.89,18.63,0.84,0.28
2025-08-12T21:19:42Z,0.78,19.48,0.73,0.26
2025-08-12T21:20:42Z,1.09,24.12,0.99,0.44
2025-08-12T21:21:42Z,0.97,34.61,0.79,0.55
2025-08-12T21:22:42Z,1,18.97,0.94,0.32
2025-08-12T21:23:42Z,0.97,14.05,0.94,0.24
2025-08-12T21:24:42Z,1.05,1.91,1.05,0.03
2025-08-12T21:25:42Z,0.73,30.09,0.64,0.37
2025-08-12T21:26:42Z,0.67,11.66,0.65,0.14
2025-08-12T21:27:42Z,0.82,32.4,0.69,0.44
2025-08-12T21:28:42Z,0.76,20.16,0.71,0.26
2025-08-12T21:29:42Z,0.67,2.41,0.67,0.03
2025-08-12T21:30:42Z,0.7,27.55,0.62,0.32
2025-08-12T21:31:42Z,0.85,17.4,0.81,0.25
2025-08-12T21:32:42Z,0.7,20.28,0.66,0.24
2025-08-12T21:33:42Z,0.91,15.82,0.88,0.25
2025-08-12T21:34:42Z,0.68,6.42,0.67,0.08
2025-08-12T21:35:42Z,0.62,3.3,0.62,0.04
2025-08-12T21:36:42Z,0.55,17.24,0.53,0.16
2025-08-12T21:37:42Z,0.62,15.52,0.6,0.17
2025-08-12T21:38:42Z,0.6,15.96,0.58,0.17
2025-08-12T21:39:42Z,0.52,22.85,0.48,0.2
2025-08-12T21:40:42Z,0.61,6.24,0.61,0.07
2025-08-12T21:41:42Z,0.47,20.41,0.44,0.16
2025-08-12T21:42:42Z,0.61,10.67,0.6,0.11
2025-08-12T21:43:42Z,0.59,22.21,0.55,0.22
2025-08-12T21:44:42Z,0.59,16.62,0.56,0.17
2025-08-12T21:45:42Z,0.6,22.42,0.55,0.23
2025-08-12T21:46:42Z,0.66,32.5,0.56,0.36
2025-08-12T21:47:42Z,0.64,52.93,0.39,0.51
2025-08-12T21:48:42Z,0.73,82.66,0.09,0.73
2025-08-12T21:49:42Z,0.87,58.57,0.46,0.75
2025-08-12T21:50:42Z,0.84,70.49,0.28,0.79
2025-08-12T21:51:42Z,0.59,43.53,0.42,0.4
2025-08-12T21:52:42Z,0.4,64.08,0.18,0.36
2025-08-12T21:53:42Z,0.68,82.27,0.09,0.68
2025-08-12T21:54:42Z,0.59,37.95,0.46,0.36
2025-08-12T21:55:42Z,0.53,38.44,0.42,0.33
2025-08-12T21:56:42Z,0.65,46.96,0.45,0.48
2025-08-12T21:57:42Z,0.51,56.4,0.28,0.42
2025-08-12T21:58:42Z,0.51,338.95,0.47,-0.18
2025-08-12T21:59:42Z,0.61,68.12,0.23,0.57
2025-08-12T22:00:42Z,0.8,54.93,0.46,0.65
2025-08-12T22:01:42Z,1.08,52.39,0.66,0.86
2025-08-12T22:02:42Z,1.8,80.43,0.3,1.77
2025-08-12T22:03:42Z,1.06,71.27,0.34,1.01
2025-08-12T22:04:42Z,0.8,55.4,0.45,0.66
2025-08-12T22:05:42Z,0.7,32.61,0.59,0.38
2025-08-12T22:06:42Z,0.8,31.04,0.68,0.41
2025-08-12T22:07:42Z,1.4,68.74,0.51,1.31
2025-08-12T22:08:42Z,0.74,25.73,0.67,0.32
2025-08-12T22:09:42Z,1,23.16,0.92,0.39
2025-08-12T22:10:42Z,1.03,50.24,0.66,0.79
2025-08-12T22:11:42Z,0.82,40.15,0.63,0.53
2025-08-12T22:12:42Z,1.24,45.43,0.87,0.88
2025-08-12T22:13:42Z,0.97,57.15,0.52,0.81
2025-08-12T22:14:42Z,0.76,28.54,0.66,0.36
2025-08-12T22:15:42Z,0.61,36.95,0.49,0.37
2025-08-12T22:16:42Z,0.64,22.61,0.59,0.25
2025-08-12T22:17:42Z,0.62,32.1,0.52,0.33
2025-08-12T22:18:42Z,0.56,9.29,0.55,0.09
2025-08-12T22:19:42Z,0.58,29.2,0.51,0.29
2025-08-12T22:20:42Z,0.58,348.93,0.57,-0.11
2025-08-12T22:21:42Z,0.55,36.57,0.44,0.33
2025-08-12T22:22:42Z,0.38,53.84,0.22,0.3
2025-08-12T22:23:42Z,0.42,43.4,0.31,0.29
2025-08-12T22:24:42Z,0.5,45.52,0.35,0.36
2025-08-12T22:25:42Z,0.72,60.27,0.36,0.63
2025-08-12T22:26:42Z,0.44,56.72,0.24,0.37
2025-08-12T22:27:42Z,0.87,71.64,0.27,0.82
2025-08-12T22:28:42Z,0.99,66.64,0.39,0.91
2025-08-12T22:29:42Z,0.65,32.28,0.55,0.35
2025-08-12T22:30:42Z,0.63,50.99,0.4,0.49
2025-08-12T22:31:42Z,1.36,86.27,0.09,1.36
2025-08-12T22:32:42Z,0.73,70.09,0.25,0.69
2025-08-12T22:33:42Z,0.56,63.38,0.25,0.5
2025-08-12T22:34:42Z,1.24,91.75,-0.04,1.24
2025-08-12T22:35:42Z,0.62,48.67,0.41,0.47
2025-08-12T22:36:42Z,0.73,86.28,0.05,0.73
2025-08-12T22:37:42Z,0.75,73.45,0.21,0.72
2025-08-12T22:38:42Z,1.61,69.43,0.56,1.5
2025-08-12T22:39:42Z,1.46,85.02,0.13,1.46
2025-08-12T22:40:42Z,0.98,58.14,0.52,0.83
2025-08-12T22:41:42Z,0.63,51.89,0.39,0.5
2025-08-12T22:42:42Z,0.63,41.34,0.47,0.41
2025-08-12T22:43:42Z,0.9,58.61,0.47,0.77
2025-08-12T22:44:42Z,0.43,55.93,0.24,0.36
2025-08-12T22:45:42Z,0.47,35.05,0.39,0.27
2025-08-12T22:46:42Z,0.43,4.63,0.42,0.03
2025-08-12T22:47:42Z,0.63,349.79,0.62,-0.11
2025-08-12T22:48:42Z,0.65,22.1,0.6,0.25
2025-08-12T22:49:42Z,0.61,26.13,0.55,0.27
2025-08-12T22:50:42Z,0.78,26.07,0.7,0.34
2025-08-12T22:51:42Z,0.71,359.64,0.71,-0
2025-08-12T22:52:42Z,0.61,4.34,0.6,0.05
2025-08-12T22:53:42Z,0.61,7.45,0.61,0.08
2025-08-12T22:54:42Z,0.52,2.65,0.52,0.02
2025-08-12T22:55:42Z,0.61,351.25,0.6,-0.09
2025-08-12T22:56:42Z,0.55,13.13,0.53,0.12
2025-08-12T22:57:42Z,0.6,36.28,0.48,0.35
2025-08-12T22:58:42Z,0.74,7.13,0.73,0.09
2025-08-12T22:59:42Z,0.69,13.93,0.67,0.17
2025-08-12T23:00:42Z,0.65,20.09,0.61,0.22
2025-08-12T23:01:42Z,0.78,326.02,0.65,-0.44
2025-08-12T23:02:42Z,0.52,1.18,0.52,0.01
2025-08-12T23:03:42Z,0.53,36.05,0.43,0.31
2025-08-12T23:04:42Z,0.92,1.18,0.92,0.02
2025-08-12T23:05:42Z,0.74,26.85,0.66,0.33
2025-08-12T23:06:42Z,0.68,18.5,0.64,0.22
2025-08-12T23:07:42Z,0.61,35.47,0.49,0.35
2025-08-12T23:08:42Z,0.83,89.33,0.01,0.83
2025-08-12T23:09:42Z,0.84,94.57,-0.07,0.84
2025-08-12T23:10:42Z,0.86,55.18,0.49,0.71
2025-08-12T23:11:42Z,1.16,66.24,0.47,1.06
2025-08-12T23:12:42Z,0.96,47.53,0.65,0.71
2025-08-12T23:13:42Z,1.45,54.72,0.84,1.18
2025-08-12T23:14:42Z,1.05,51.37,0.66,0.82
2025-08-12T23:15:42Z,1.53,38.02,1.2,0.94
2025-08-12T23:16:42Z,1.21,80.6,0.2,1.19
2025-08-12T23:17:42Z,1.11,52.2,0.68,0.88
2025-08-12T23:18:42Z,0.84,50.73,0.53,0.65
2025-08-12T23:19:42Z,0.72,66.57,0.29,0.66
2025-08-12T23:20:42Z,0.6,59.87,0.3,0.52
2025-08-12T23:21:42Z,0.57,13.84,0.55,0.14
2025-08-12T23:22:42Z,0.65,22.5,0.6,0.25
2025-08-12T23:23:42Z,0.39,4.81,0.39,0.03
2025-08-12T23:24:42Z,0.56,52.32,0.34,0.44
2025-08-12T23:25:42Z,0.6,83.57,0.07,0.59
2025-08-12T23:26:42Z,0.53,53.65,0.31,0.43
2025-08-12T23:27:42Z,0.63,32.26,0.53,0.34
2025-08-12T23:28:42Z,0.84,51.73,0.52,0.66
2025-08-12T23:29:42Z,1.02,41.51,0.77,0.68
2025-08-12T23:30:42Z,0.75,39.22,0.58,0.48
2025-08-12T23:31:42Z,0.6,27.73,0.53,0.28
2025-08-12T23:32:42Z,0.43,39.92,0.33,0.28
2025-08-12T23:33:42Z,0.54,19.23,0.51,0.18
2025-08-12T23:34:42Z,0.51,27.02,0.46,0.23
2025-08-12T23:35:42Z,0.52,50.19,0.34,0.4
2025-08-12T23:36:42Z,0.48,13.81,0.47,0.12
2025-08-12T23:37:42Z,0.57,35.17,0.47,0.33
2025-08-12T23:38:42Z,0.85,39.45,0.66,0.54
2025-08-12T23:39:42Z,0.64,40.98,0.48,0.42
2025-08-12T23:40:42Z,0.36,28.38,0.32,0.17
2025-08-12T23:41:42Z,0.55,56.35,0.31,0.46
2025-08-12T23:42:42Z,0.67,55.98,0.38,0.56
2025-08-12T23:43:42Z,0.68,95.85,-0.07,0.67
2025-08-12T23:44:42Z,0.59,56.69,0.32,0.49
2025-08-12T23:45:42Z,0.56,46.79,0.39,0.41
2025-08-12T23:46:42Z,0.6,40.99,0.45,0.39
2025-08-12T23:47:42Z,0.68,12.69,0.66,0.15
2025-08-12T23:48:42Z,0.84,13.33,0.82,0.19
2025-08-12T23:49:42Z,0.64,345.15,0.61,-0.16
2025-08-12T23:50:42Z,0.85,333.99,0.77,-0.37
2025-08-12T23:51:42Z,0.5,353.56,0.5,-0.06
2025-08-12T23:52:42Z,0.48,20.61,0.45,0.17
2025-08-12T23:53:42Z,0.56,34.56,0.46,0.32
2025-08-12T23:54:42Z,0.55,16.22,0.52,0.15
2025-08-12T23:55:42Z,0.66,3.55,0.66,0.04
2025-08-12T23:56:42Z,0.64,5.03,0.64,0.06
2025-08-12T23:57:42Z,0.69,1.51,0.69,0.02
2025-08-12T23:58:42Z,0.4,11.1,0.39,0.08
2025-08-12T23:59:42Z,0.41,356.89,0.41,-0.02
2025-08-13T00:00:42Z,0.45,17.64,0.43,0.14
2025-08-13T00:01:42Z,0.59,21.51,0.55,0.22
2025-08-13T00:02:42Z,0.63,45.97,0.44,0.45
2025-08-13T00:03:42Z,0.47,52.88,0.28,0.37
2025-08-13T00:04:42Z,0.41,36.24,0.33,0.24
2025-08-13T00:05:42Z,0.41,7.23,0.4,0.05
2025-08-13T00:06:42Z,0.55,67.05,0.21,0.51
2025-08-13T00:07:42Z,0.46,37.97,0.37,0.29
2025-08-13T00:08:42Z,0.7,16.57,0.68,0.2
2025-08-13T00:09:42Z,0.64,28.06,0.56,0.3
2025-08-13T00:10:42Z,0.82,79.85,0.14,0.8
2025-08-13T00:11:42Z,0.78,33.69,0.65,0.43
2025-08-13T00:12:42Z,0.81,25.95,0.73,0.36
2025-08-13T00:13:42Z,0.88,53.37,0.52,0.7
2025-08-13T00:14:42Z,0.69,54.6,0.4,0.56
2025-08-13T00:15:42Z,0.56,34.21,0.46,0.31
2025-08-13T00:16:42Z,0.63,46.54,0.44,0.46
2025-08-13T00:17:42Z,0.65,58.23,0.34,0.56
2025-08-13T00:18:42Z,0.82,44.72,0.58,0.58
2025-08-13T00:19:42Z,0.81,57.58,0.44,0.69
2025-08-13T00:20:42Z,0.62,34.94,0.51,0.36
2025-08-13T00:21:42Z,0.41,24.33,0.38,0.17
2025-08-13T00:22:42Z,0.52,61.31,0.25,0.45
2025-08-13T00:23:42Z,0.81,74.96,0.21,0.79
2025-08-13T00:24:42Z,0.58,48.09,0.39,0.43
2025-08-13T00:25:42Z,0.84,58.81,0.44,0.72
2025-08-13T00:26:42Z,0.74,34.02,0.61,0.41
2025-08-13T00:27:42Z,0.97,61.47,0.46,0.85
2025-08-13T00:28:42Z,0.72,47.3,0.49,0.53
2025-08-13T00:29:42Z,1.04,66.92,0.41,0.96
2025-08-13T00:30:42Z,1.17,48.79,0.77,0.88
2025-08-13T00:31:42Z,0.86,63.26,0.39,0.77
2025-08-13T00:32:42Z,0.88,50.99,0.55,0.68
2025-08-13T00:33:42Z,0.79,28.2,0.7,0.37
2025-08-13T00:34:42Z,0.79,23.15,0.73,0.31
2025-08-13T00:35:42Z,0.74,19.32,0.7,0.25
2025-08-13T00:36:42Z,0.68,35.44,0.56,0.4
2025-08-13T00:37:42Z,0.63,36.22,0.51,0.37
2025-08-13T00:38:42Z,0.84,53.31,0.5,0.67
2025-08-13T00:39:42Z,0.62,40.27,0.47,0.4
2025-08-13T00:40:42Z,0.66,28.51,0.58,0.31
2025-08-13T00:41:42Z,0.86,21.22,0.81,0.31
2025-08-13T00:42:42Z,0.83,24.21,0.76,0.34
2025-08-13T00:43:42Z,0.73,2.65,0.73,0.03
2025-08-13T00:44:42Z,0.72,341.36,0.68,-0.23
2025-08-13T00:45:42Z,0.52,346.36,0.51,-0.12
2025-08-13T00:46:42Z,0.35,331.1,0.31,-0.17
2025-08-13T00:47:42Z,0.54,340.14,0.5,-0.18
2025-08-13T00:48:42Z,0.42,350.34,0.41,-0.07
2025-08-13T00:49:42Z,0.67,18.43,0.64,0.21
2025-08-13T00:50:42Z,0.62,35.77,0.5,0.36
2025-08-13T00:51:42Z,0.7,35.7,0.57,0.41
2025-08-13T00:52:42Z,0.87,60.38,0.43,0.76
2025-08-13T00:53:42Z,0.76,84.52,0.07,0.75
2025-08-13T00:54:42Z,0.37,16.26,0.36,0.1
2025-08-13T00:55:42Z,0.5,53.81,0.29,0.4
2025-08-13T00:56:42Z,0.6,51.35,0.37,0.47
2025-08-13T00:57:42Z,0.62,36.91,0.5,0.37
2025-08-13T00:58:42Z,0.71,16.59,0.68,0.2
2025-08-13T00:59:42Z,0.64,15.44,0.62,0.17
2025-08-13T01:00:42Z,0.54,348.92,0.53,-0.1
2025-08-13T01:01:42Z,0.58,5.2,0.57,0.05
2025-08-13T01:02:42Z,0.56,357.68,0.56,-0.02
2025-08-13T01:03:42Z,0.55,39.14,0.42,0.35
2025-08-13T01:04:42Z,0.48,11.4,0.47,0.1
2025-08-13T01:05:42Z,0.65,30.25,0.57,0.33
2025-08-13T01:06:42Z,0.67,35.1,0.55,0.39
2025-08-13T01:07:42Z,0.67,9.83,0.66,0.11
2025-08-13T01:08:42Z,0.62,356.7,0.62,-0.04
2025-08-13T01:09:42Z,0.57,18.7,0.54,0.18
2025-08-13T01:10:42Z,0.62,348.62,0.6,-0.12
2025-08-13T01:11:42Z,0.47,4.11,0.47,0.03
2025-08-13T01:12:42Z,0.65,353.42,0.64,-0.07
2025-08-13T01:13:42Z,0.52,7.12,0.52,0.06
2025-08-13T01:14:42Z,0.53,5.78,0.53,0.05
2025-08-13T01:15:42Z,0.57,34.06,0.47,0.32
2025-08-13T01:16:42Z,0.56,38.54,0.44,0.35
2025-08-13T01:17:42Z,0.48,42.43,0.36,0.33
2025-08-13T01:18:42Z,0.56,22.12,0.52,0.21
2025-08-13T01:19:42Z,0.56,12.94,0.54,0.12
2025-08-13T01:20:42Z,0.61,357.51,0.61,-0.03
2025-08-13T01:21:42Z,0.66,4.57,0.66,0.05
2025-08-13T01:22:42Z,0.66,15.38,0.63,0.17
2025-08-13T01:23:42Z,0.68,13.47,0.66,0.16
2025-08-13T01:24:42Z,0.64,9.58,0.63,0.11
2025-08-13T01:25:42Z,0.54,24.43,0.49,0.22
2025-08-13T01:26:42Z,0.63,25.16,0.57,0.27
2025-08-13T01:27:42Z,0.63,40.58,0.48,0.41
2025-08-13T01:28:42Z,0.78,17.66,0.74,0.24
2025-08-13T01:29:42Z,0.65,37.98,0.51,0.4
2025-08-13T01:30:42Z,0.63,29.62,0.55,0.31
2025-08-13T01:31:42Z,0.58,28.51,0.51,0.28
2025-08-13T01:32:42Z,0.54,30.34,0.46,0.27
2025-08-13T01:33:42Z,0.68,6.66,0.67,0.08
2025-08-13T01:34:42Z,0.42,38.9,0.33,0.26
2025-08-13T01:35:42Z,0.61,43.65,0.44,0.42
2025-08-13T01:36:42Z,0.6,34.51,0.49,0.34
2025-08-13T01:37:42Z,0.5,32.53,0.42,0.27
2025-08-13T01:38:42Z,0.42,22.67,0.39,0.16
2025-08-13T01:39:42Z,0.58,23.06,0.54,0.23
2025-08-13T01:40:42Z,0.56,19.5,0.52,0.19
2025-08-13T01:41:42Z,0.64,8.89,0.63,0.1
2025-08-13T01:42:42Z,0.72,4.13,0.71,0.05
2025-08-13T01:43:42Z,0.66,17.22,0.63,0.19
2025-08-13T01:44:42Z,0.89,13.56,0.86,0.21
2025-08-13T01:45:42Z,0.8,17.8,0.76,0.24
2025-08-13T01:46:42Z,0.74,51.43,0.46,0.58
2025-08-13T01:47:42Z,0.91,72.52,0.27,0.87
2025-08-13T01:48:42Z,0.85,63.46,0.38,0.76
2025-08-13T01:49:42Z,0.93,61.35,0.45,0.82
2025-08-13T01:50:42Z,0.56,59.36,0.29,0.49
2025-08-13T01:51:42Z,0.34,5.02,0.34,0.03
2025-08-13T01:52:42Z,0.39,287.95,0.12,-0.37
2025-08-13T01:53:42Z,0.32,14.3,0.31,0.08
2025-08-13T01:54:42Z,0.63,24.19,0.58,0.26
2025-08-13T01:55:42Z,0.84,45.41,0.59,0.6
2025-08-13T01:56:42Z,0.64,34.94,0.53,0.37
2025-08-13T01:57:42Z,0.59,42.58,0.44,0.4
2025-08-13T01:58:42Z,0.52,45,0.37,0.37
2025-08-13T01:59:42Z,0.65,13.94,0.63,0.16
2025-08-13T02:00:42Z,0.76,40.76,0.58,0.5
2025-08-13T02:01:42Z,0.56,37.2,0.44,0.34
2025-08-13T02:02:42Z,0.68,14.11,0.66,0.17
2025-08-13T02:03:42Z,0.72,33.59,0.6,0.4
2025-08-13T02:04:42Z,0.69,16.88,0.66,0.2
2025-08-13T02:05:42Z,0.66,8.52,0.65,0.1
2025-08-13T02:06:42Z,0.56,8.99,0.55,0.09
2025-08-13T02:07:42Z,0.61,16.8,0.59,0.18
2025-08-13T02:08:42Z,0.61,18,0.58,0.19
2025-08-13T02:09:42Z,0.71,31.91,0.6,0.37
2025-08-13T02:10:42Z,0.73,21.26,0.68,0.27
2025-08-13T02:11:42Z,0.91,37.17,0.73,0.55
2025-08-13T02:12:42Z,0.78,24.96,0.7,0.33
2025-08-13T02:13:42Z,0.77,18.32,0.73,0.24
2025-08-13T02:14:42Z,0.82,40.94,0.62,0.54
2025-08-13T02:15:42Z,0.74,21.22,0.69,0.27
2025-08-13T02:16:42Z,0.7,357.38,0.7,-0.03
2025-08-13T02:17:42Z,0.85,0.06,0.85,0
2025-08-13T02:18:42Z,0.73,351.97,0.72,-0.1
2025-08-13T02:19:42Z,0.7,353.49,0.7,-0.08
2025-08-13T02:20:42Z,0.65,12.4,0.64,0.14
2025-08-13T02:21:42Z,0.74,6.9,0.74,0.09
2025-08-13T02:22:42Z,0.8,16.96,0.77,0.23
2025-08-13T02:23:42Z,0.82,22.36,0.76,0.31
2025-08-13T02:24:42Z,0.86,14.02,0.83,0.21
2025-08-13T02:25:42Z,0.73,19.38,0.69,0.24
2025-08-13T02:26:42Z,0.63,15.45,0.6,0.17
2025-08-13T02:27:42Z,0.72,27,0.64,0.33
2025-08-13T02:28:42Z,0.89,15.72,0.85,0.24
2025-08-13T02:29:42Z,0.8,16.71,0.77,0.23
2025-08-13T02:30:42Z,0.73,20.14,0.68,0.25
2025-08-13T02:31:42Z,0.64,10.94,0.63,0.12
2025-08-13T02:32:42Z,0.63,20.59,0.59,0.22
2025-08-13T02:33:42Z,0.91,15.51,0.87,0.24
2025-08-13T02:34:42Z,0.84,23.99,0.77,0.34
2025-08-13T02:35:42Z,0.93,13.77,0.9,0.22
2025-08-13T02:36:42Z,0.7,24.06,0.64,0.28
2025-08-13T02:37:42Z,0.75,11.72,0.73,0.15
2025-08-13T02:38:42Z,0.71,7.49,0.7,0.09
2025-08-13T02:39:42Z,0.71,13.91,0.69,0.17
2025-08-13T02:40:42Z,0.68,26.83,0.61,0.31
2025-08-13T02:41:42Z,0.69,321.67,0.54,-0.43
2025-08-13T02:42:42Z,0.62,342.1,0.59,-0.19
2025-08-13T02:43:42Z,0.75,339.86,0.7,-0.26
2025-08-13T02:44:42Z,0.65,9.33,0.64,0.11
2025-08-13T02:45:42Z,0.71,20.45,0.67,0.25
2025-08-13T02:46:42Z,0.73,16.39,0.7,0.2
2025-08-13T02:47:42Z,0.64,16.11,0.62,0.18
2025-08-13T02:48:42Z,0.6,2.87,0.6,0.03
2025-08-13T02:49:42Z,0.5,20.08,0.47,0.17
2025-08-13T02:50:42Z,0.66,5.02,0.66,0.06
2025-08-13T02:51:42Z,0.62,9.1,0.61,0.1
2025-08-13T02:52:42Z,0.64,5.84,0.64,0.07
2025-08-13T02:53:42Z,0.65,357.78,0.64,-0.02
2025-08-13T02:54:42Z,0.69,1.24,0.69,0.02
2025-08-13T02:55:42Z,0.7,1.36,0.7,0.02
2025-08-13T02:56:42Z,0.63,6.18,0.62,0.07
2025-08-13T02:57:42Z,0.64,5.37,0.64,0.06
2025-08-13T02:58:42Z,0.6,0.57,0.6,0.01
2025-08-13T02:59:42Z,0.6,20.84,0.56,0.21
2025-08-13T03:00:42Z,0.68,20.55,0.63,0.24
2025-08-13T03:01:42Z,0.52,355.57,0.52,-0.04
2025-08-13T03:02:42Z,0.56,7.97,0.55,0.08
2025-08-13T03:03:42Z,0.6,7.67,0.6,0.08
2025-08-13T03:04:42Z,0.62,7.8,0.62,0.08
2025-08-13T03:05:42Z,0.6,9.57,0.59,0.1
2025-08-13T03:06:42Z,0.61,15.66,0.59,0.16
2025-08-13T03:07:42Z,0.72,20.48,0.67,0.25
2025-08-13T03:08:42Z,0.58,14.12,0.56,0.14
2025-08-13T03:09:42Z,0.58,31.51,0.49,0.3
2025-08-13T03:10:42Z,0.52,355.66,0.52,-0.04
2025-08-13T03:11:42Z,0.55,18.48,0.53,0.18
2025-08-13T03:12:42Z,0.59,4.69,0.58,0.05
2025-08-13T03:13:42Z,0.56,10.07,0.55,0.1
2025-08-13T03:14:42Z,0.62,4.51,0.62,0.05
2025-08-13T03:15:42Z,0.57,9.39,0.57,0.09
2025-08-13T03:16:42Z,0.59,17.82,0.56,0.18
2025-08-13T03:17:42Z,0.6,33.48,0.5,0.33
2025-08-13T03:18:42Z,0.6,8.4,0.59,0.09
2025-08-13T03:19:42Z,0.63,20.25,0.59,0.22
2025-08-13T03:20:42Z,0.51,39.94,0.39,0.33
2025-08-13T03:21:42Z,0.58,45.81,0.4,0.42
2025-08-13T03:22:42Z,0.57,34.26,0.47,0.32
2025-08-13T03:23:42Z,0.63,14.99,0.61,0.16
2025-08-13T03:24:42Z,0.76,11.02,0.74,0.14
2025-08-13T03:25:42Z,1,4.83,1,0.08
2025-08-13T03:26:42Z,0.94,2.93,0.93,0.05
2025-08-13T03:27:42Z,0.84,12.2,0.82,0.18
2025-08-13T03:28:42Z,1.02,21.34,0.95,0.37
2025-08-13T03:29:42Z,0.76,30.02,0.66,0.38
2025-08-13T03:30:42Z,0.79,31.28,0.68,0.41
2025-08-13T03:31:42Z,0.46,31.05,0.39,0.24
2025-08-13T03:32:42Z,0.54,56.05,0.3,0.45
2025-08-13T03:33:42Z,0.55,17.74,0.52,0.17
2025-08-13T03:34:42Z,0.63,21.11,0.59,0.23
2025-08-13T03:35:42Z,0.64,38.28,0.5,0.4
2025-08-13T03:36:42Z,0.64,28.66,0.56,0.31
2025-08-13T03:37:42Z,0.58,11.69,0.57,0.12
2025-08-13T03:38:42Z,0.97,34.8,0.79,0.55
2025-08-13T03:39:42Z,0.98,37.22,0.78,0.6
2025-08-13T03:40:42Z,1.24,36.53,1,0.74
2025-08-13T03:41:42Z,1.24,24.91,1.13,0.52
2025-08-13T03:42:42Z,0.67,41.13,0.5,0.44
2025-08-13T03:43:42Z,0.62,45.76,0.43,0.44
2025-08-13T03:44:42Z,0.9,67.71,0.34,0.84
2025-08-13T03:45:42Z,0.73,37.28,0.58,0.44
2025-08-13T03:46:42Z,0.82,41.59,0.61,0.54
2025-08-13T03:47:42Z,0.71,31.09,0.61,0.37
2025-08-13T03:48:42Z,0.82,40.59,0.62,0.53
2025-08-13T03:49:42Z,0.52,18.66,0.49,0.17
2025-08-13T03:50:42Z,0.75,27.22,0.67,0.34
2025-08-13T03:51:42Z,0.75,6.19,0.74,0.08
2025-08-13T03:52:42Z,0.83,30.96,0.71,0.43
2025-08-13T03:53:42Z,0.73,16.28,0.7,0.2
2025-08-13T03:54:42Z,0.72,18.59,0.69,0.23
2025-08-13T03:55:42Z,0.79,358.07,0.79,-0.03
2025-08-13T03:56:42Z,0.78,15.46,0.75,0.21
2025-08-13T03:57:42Z,0.71,10.68,0.7,0.13
2025-08-13T03:58:42Z,0.77,7.78,0.76,0.1
2025-08-13T03:59:42Z,0.96,17.26,0.92,0.28
2025-08-13T04:00:42Z,0.83,20.52,0.77,0.29
2025-08-13T04:01:42Z,0.9,26.57,0.81,0.4
2025-08-13T04:02:42Z,0.72,21.42,0.67,0.26
2025-08-13T04:03:42Z,0.76,1.91,0.76,0.03
2025-08-13T04:04:42Z,0.73,351.79,0.73,-0.1
2025-08-13T04:05:42Z,0.5,2.45,0.5,0.02
2025-08-13T04:06:42Z,0.59,324.28,0.48,-0.34
2025-08-13T04:07:42Z,0.65,319.1,0.49,-0.43
2025-08-13T04:08:42Z,0.52,3.32,0.52,0.03
2025-08-13T04:09:42Z,0.51,16.99,0.49,0.15
2025-08-13T04:10:42Z,0.54,15.35,0.52,0.14
2025-08-13T04:11:42Z,0.42,23.96,0.39,0.17
2025-08-13T04:12:42Z,0.45,49.85,0.29,0.35
2025-08-13T04:13:42Z,0.28,50.15,0.18,0.21
2025-08-13T04:14:42Z,0.66,75.76,0.16,0.64
2025-08-13T04:15:42Z,0.84,61.62,0.4,0.74
2025-08-13T04:16:42Z,0.62,35.15,0.51,0.36
2025-08-13T04:17:42Z,0.92,70.15,0.31,0.86
2025-08-13T04:18:42Z,0.84,44.69,0.6,0.59
2025-08-13T04:19:42Z,1.12,65.42,0.47,1.02
2025-08-13T04:20:42Z,1.61,68.23,0.6,1.5
2025-08-13T04:21:42Z,1.38,64.33,0.6,1.25
2025-08-13T04:22:42Z,1.8,96.72,-0.21,1.79
2025-08-13T04:23:42Z,1.21,67.31,0.47,1.12
2025-08-13T04:24:42Z,1.15,73.82,0.32,1.1
2025-08-13T04:25:42Z,1.14,62.81,0.52,1.02
2025-08-13T04:26:42Z,2.36,109.27,-0.78,2.22
2025-08-13T04:27:42Z,0.76,57.61,0.41,0.64
2025-08-13T04:28:42Z,0.98,87.81,0.04,0.98
2025-08-13T04:29:42Z,1.6,62.32,0.74,1.42
2025-08-13T04:30:42Z,0.87,49.51,0.56,0.66
2025-08-13T04:31:42Z,1,55.18,0.57,0.82
2025-08-13T04:32:42Z,0.96,53.3,0.57,0.77
2025-08-13T04:33:42Z,1.15,57.92,0.61,0.98
2025-08-13T04:34:42Z,0.86,68.61,0.31,0.8
2025-08-13T04:35:42Z,0.82,58.43,0.43,0.7
2025-08-13T04:36:42Z,0.74,39.14,0.57,0.47
2025-08-13T04:37:42Z,0.75,56.63,0.41,0.62
2025-08-13T04:38:42Z,0.72,51.22,0.45,0.56
2025-08-13T04:39:42Z,0.75,52.91,0.45,0.6
2025-08-13T04:40:42Z,0.63,55.61,0.35,0.52
2025-08-13T04:41:42Z,0.57,40.13,0.43,0.36
2025-08-13T04:42:42Z,0.44,38.41,0.35,0.28
2025-08-13T04:43:42Z,0.61,28.16,0.54,0.29
2025-08-13T04:44:42Z,0.63,23.18,0.58,0.25
2025-08-13T04:45:42Z,0.59,12.59,0.57,0.13
2025-08-13T04:46:42Z,0.86,354.19,0.85,-0.09
2025-08-13T04:47:42Z,0.69,346.6,0.67,-0.16
2025-08-13T04:48:42Z,0.82,317.8,0.6,-0.55
2025-08-13T04:49:42Z,1.06,300.23,0.53,-0.92
2025-08-13T04:50:42Z,0.71,324.82,0.58,-0.41
2025-08-13T04:51:42Z,0.76,312.09,0.51,-0.56
2025-08-13T04:52:42Z,0.79,279.17,0.13,-0.78
2025-08-13T04:53:42Z,0.65,292.16,0.25,-0.6
2025-08-13T04:54:42Z,0.86,297.23,0.4,-0.77
2025-08-13T04:55:42Z,0.92,327.53,0.78,-0.49
2025-08-13T04:56:42Z,1.28,297.35,0.59,-1.14
2025-08-13T04:57:42Z,1.47,294.02,0.6,-1.34
2025-08-13T04:58:42Z,2.07,288.14,0.64,-1.97
2025-08-13T04:59:42Z,1.95,289.5,0.65,-1.84
2025-08-13T05:00:42Z,2.66,274.8,0.22,-2.65
2025-08-13T05:01:42Z,1.32,293.7,0.53,-1.21
2025-08-13T05:02:42Z,1.84,278.2,0.26,-1.82
2025-08-13T05:03:42Z,1.22,294.94,0.52,-1.11
2025-08-13T05:04:42Z,1.81,288.16,0.56,-1.72
2025-08-13T05:05:42Z,3.27,275.07,0.29,-3.26
2025-08-13T05:06:42Z,3.36,270.21,0.01,-3.36
2025-08-13T05:07:42Z,1.58,277.74,0.21,-1.56
2025-08-13T05:08:42Z,1.22,287.28,0.36,-1.16
2025-08-13T05:09:42Z,0.43,264.26,-0.04,-0.43
2025-08-13T05:10:42Z,2.38,115.81,-1.04,2.14
2025-08-13T05:11:42Z,0.59,90.12,-0,0.59
2025-08-13T05:12:42Z,1.05,114.52,-0.44,0.95
2025-08-13T05:13:42Z,0.53,80.58,0.09,0.53
2025-08-13T05:14:42Z,0.71,32.27,0.6,0.38
2025-08-13T05:15:42Z,1.14,52,0.7,0.9
2025-08-13T05:16:42Z,0.74,65.34,0.31,0.67
2025-08-13T05:17:42Z,1.48,69.41,0.52,1.39
2025-08-13T05:18:42Z,1.11,47.04,0.76,0.82
2025-08-13T05:19:42Z,0.85,60.78,0.42,0.74
2025-08-13T05:20:42Z,1.01,72.44,0.3,0.96
2025-08-13T05:21:42Z,1.67,79.94,0.29,1.65
2025-08-13T05:22:42Z,0.95,38.02,0.75,0.58
2025-08-13T05:23:42Z,0.93,68.88,0.34,0.87
2025-08-13T05:24:42Z,1.06,54.15,0.62,0.86
2025-08-13T05:25:42Z,1.18,56.82,0.64,0.99
2025-08-13T05:26:42Z,1.3,41.68,0.97,0.87
2025-08-13T05:27:42Z,1.11,44.1,0.8,0.77
2025-08-13T05:28:42Z,0.82,22.4,0.76,0.31
2025-08-13T05:29:42Z,0.72,17.31,0.69,0.21
2025-08-13T05:30:42Z,0.64,12.12,0.63,0.13
2025-08-13T05:31:42Z,1.17,325.82,0.97,-0.66
2025-08-13T05:32:42Z,0.92,326.68,0.77,-0.5
2025-08-13T05:33:42Z,1.72,294.13,0.7,-1.57
2025-08-13T05:34:42Z,1.32,299.99,0.66,-1.15
2025-08-13T05:35:42Z,1.72,291.99,0.65,-1.6
2025-08-13T05:36:42Z,1.92,299.03,0.93,-1.68
2025-08-13T05:37:42Z,2.14,290.96,0.77,-2
2025-08-13T05:38:42Z,1.66,289.71,0.56,-1.56
2025-08-13T05:39:42Z,1.87,284.87,0.48,-1.81
2025-08-13T05:40:42Z,1.53,296.93,0.69,-1.36
2025-08-13T05:41:42Z,1.53,291.84,0.57,-1.42
2025-08-13T05:42:42Z,1.81,288.75,0.58,-1.71
2025-08-13T05:43:42Z,1.7,287.38,0.51,-1.62
2025-08-13T05:44:42Z,1.61,290.12,0.56,-1.52
2025-08-13T05:45:42Z,1.86,286.79,0.54,-1.78
2025-08-13T05:46:42Z,1.16,296.09,0.51,-1.04
2025-08-13T05:47:42Z,1.08,294.26,0.44,-0.99
2025-08-13T05:48:42Z,0.53,311.38,0.35,-0.4
2025-08-13T05:49:42Z,0.94,303.88,0.53,-0.78
2025-08-13T05:50:42Z,0.52,311.92,0.35,-0.39
2025-08-13T05:51:42Z,0.65,341.43,0.62,-0.21
2025-08-13T05:52:42Z,0.64,30.09,0.55,0.32
2025-08-13T05:53:42Z,0.79,33.84,0.66,0.44
2025-08-13T05:54:42Z,0.72,30.49,0.62,0.37
2025-08-13T05:55:42Z,0.58,35.15,0.47,0.33
2025-08-13T05:56:42Z,0.72,14.4,0.7,0.18
2025-08-13T05:57:42Z,0.65,357.64,0.65,-0.03
2025-08-13T05:58:42Z,0.68,333.61,0.61,-0.3
2025-08-13T05:59:42Z,0.62,336.52,0.57,-0.25
2025-08-13T06:00:42Z,0.89,327.6,0.75,-0.48
2025-08-13T06:01:42Z,0.6,345.84,0.58,-0.15
2025-08-13T06:02:42Z,0.59,22.1,0.55,0.22
2025-08-13T06:03:42Z,0.59,43.24,0.43,0.41
2025-08-13T06:04:42Z,0.51,6.08,0.51,0.05
2025-08-13T06:05:42Z,0.67,346.07,0.65,-0.16
2025-08-13T06:06:42Z,0.7,318.81,0.53,-0.46
2025-08-13T06:07:42Z,0.62,335.98,0.56,-0.25
2025-08-13T06:08:42Z,0.67,334.34,0.6,-0.29
2025-08-13T06:09:42Z,0.54,342.31,0.51,-0.16
2025-08-13T06:10:42Z,0.61,352.49,0.6,-0.08
2025-08-13T06:11:42Z,0.6,359.42,0.6,-0.01
2025-08-13T06:12:42Z,0.66,340.82,0.62,-0.22
2025-08-13T06:13:42Z,0.63,335.07,0.58,-0.27
2025-08-13T06:14:42Z,1.01,313.75,0.7,-0.73
2025-08-13T06:15:42Z,0.77,307.35,0.47,-0.61
2025-08-13T06:16:42Z,0.98,318.73,0.73,-0.64
2025-08-13T06:17:42Z,0.69,321.77,0.54,-0.43
2025-08-13T06:18:42Z,0.76,321.58,0.59,-0.47
2025-08-13T06:19:42Z,0.71,322.38,0.56,-0.44
2025-08-13T06:20:42Z,0.99,326.9,0.83,-0.54
2025-08-13T06:21:42Z,0.79,313.3,0.54,-0.58
2025-08-13T06:22:42Z,0.59,329.28,0.51,-0.3
2025-08-13T06:23:42Z,0.61,343.72,0.59,-0.17
2025-08-13T06:24:42Z,0.54,351.32,0.53,-0.08
2025-08-13T06:25:42Z,0.47,353.95,0.47,-0.05
2025-08-13T06:26:42Z,0.64,350.22,0.63,-0.11
2025-08-13T06:27:42Z,0.77,354.2,0.77,-0.08
2025-08-13T06:28:42Z,0.67,346.9,0.65,-0.15
2025-08-13T06:29:42Z,0.9,340.12,0.84,-0.31
2025-08-13T06:30:42Z,0.49,345.42,0.48,-0.12
2025-08-13T06:31:42Z,0.9,87.82,0.03,0.9
2025-08-13T06:32:42Z,0.18,287.19,0.05,-0.17
2025-08-13T06:33:42Z,0.7,90.83,-0.01,0.7
2025-08-13T06:34:42Z,0.87,71.16,0.28,0.82
2025-08-13T06:35:42Z,0.8,56.29,0.45,0.67
2025-08-13T06:36:42Z,0.67,33.78,0.56,0.37
2025-08-13T06:37:42Z,0.72,47.75,0.48,0.53
2025-08-13T06:38:42Z,0.64,16.78,0.61,0.18
2025-08-13T06:39:42Z,0.44,24.79,0.4,0.18
2025-08-13T06:40:42Z,0.59,355.73,0.59,-0.04
2025-08-13T06:41:42Z,0.63,358.81,0.63,-0.01
2025-08-13T06:42:42Z,0.55,19.3,0.52,0.18
2025-08-13T06:43:42Z,0.49,66.08,0.2,0.45
2025-08-13T06:44:42Z,0.81,58.38,0.42,0.69
2025-08-13T06:45:42Z,0.95,40.7,0.72,0.62
2025-08-13T06:46:42Z,1.83,71.98,0.57,1.74
2025-08-13T06:47:42Z,0.8,36.44,0.64,0.47
2025-08-13T06:48:42Z,0.91,62.87,0.42,0.81
2025-08-13T06:49:42Z,0.9,56.18,0.5,0.75
2025-08-13T06:50:42Z,0.93,55.88,0.52,0.77
2025-08-13T06:51:42Z,0.79,62.14,0.37,0.69
2025-08-13T06:52:42Z,1.16,49.53,0.75,0.88
2025-08-13T06:53:42Z,0.85,41.71,0.64,0.57
2025-08-13T06:54:42Z,0.77,18.79,0.73,0.25
2025-08-13T06:55:42Z,0.7,30.17,0.61,0.35
2025-08-13T06:56:42Z,0.97,33.34,0.81,0.53
2025-08-13T06:57:42Z,0.93,56.07,0.52,0.77
2025-08-13T06:58:42Z,0.87,38.97,0.68,0.55
2025-08-13T06:59:42Z,0.78,39.36,0.61,0.5
2025-08-13T07:00:42Z,0.6,41.26,0.45,0.4
2025-08-13T07:01:42Z,0.75,35.28,0.61,0.43
2025-08-13T07:02:42Z,0.58,8.06,0.58,0.08
2025-08-13T07:03:42Z,0.58,7.72,0.58,0.08
2025-08-13T07:04:42Z,0.5,25.37,0.46,0.22
2025-08-13T07:05:42Z,0.59,56.32,0.33,0.49
2025-08-13T07:06:42Z,0.51,12.24,0.5,0.11
2025-08-13T07:07:42Z,0.63,10.2,0.62,0.11
2025-08-13T07:08:42Z,0.59,23.09,0.54,0.23
2025-08-13T07:09:42Z,0.71,41.03,0.53,0.47
2025-08-13T07:10:42Z,0.57,41.51,0.43,0.38
2025-08-13T07:11:42Z,0.47,19.89,0.44,0.16
2025-08-13T07:12:42Z,0.62,20.92,0.58,0.22
2025-08-13T07:13:42Z,1.01,38.86,0.78,0.63
2025-08-13T07:14:42Z,0.85,41.21,0.64,0.56
2025-08-13T07:15:42Z,1.07,54.58,0.62,0.87
2025-08-13T07:16:42Z,0.88,36.72,0.71,0.53
2025-08-13T07:17:42Z,0.87,46.11,0.6,0.62
2025-08-13T07:18:42Z,0.59,20.23,0.55,0.2
2025-08-13T07:19:42Z,0.69,17.91,0.65,0.21
2025-08-13T07:20:42Z,0.91,33.05,0.77,0.5
2025-08-13T07:21:42Z,0.98,48.26,0.65,0.73
2025-08-13T07:22:42Z,1.14,30.85,0.98,0.59
2025-08-13T07:23:42Z,0.99,44.13,0.71,0.69
2025-08-13T07:24:42Z,0.89,32.85,0.75,0.48
2025-08-13T07:25:42Z,1.01,9.2,1,0.16
2025-08-13T07:26:42Z,0.96,356.3,0.96,-0.06
2025-08-13T07:27:42Z,1.13,0.99,1.13,0.02
2025-08-13T07:28:42Z,1.22,358.91,1.22,-0.02
2025-08-13T07:29:42Z,0.73,341.66,0.69,-0.23
2025-08-13T07:30:42Z,1.44,292,0.54,-1.33
2025-08-13T07:31:42Z,1.1,300.33,0.56,-0.95
2025-08-13T07:32:42Z,0.95,301.52,0.5,-0.81
2025-08-13T07:33:42Z,0.83,295.6,0.36,-0.75
2025-08-13T07:34:42Z,0.82,314.72,0.58,-0.58
2025-08-13T07:35:42Z,0.65,303.53,0.36,-0.54
2025-08-13T07:36:42Z,1,288.75,0.32,-0.94
2025-08-13T07:37:42Z,0.5,321.45,0.39,-0.31
2025-08-13T07:38:42Z,0.52,342.86,0.49,-0.15
2025-08-13T07:39:42Z,0.43,349.11,0.42,-0.08
2025-08-13T07:40:42Z,0.5,358.69,0.5,-0.01
2025-08-13T07:41:42Z,0.57,6.75,0.56,0.07
2025-08-13T07:42:42Z,0.57,351.65,0.56,-0.08
2025-08-13T07:43:42Z,0.49,353.98,0.49,-0.05
2025-08-13T07:44:42Z,0.67,339.82,0.63,-0.23
2025-08-13T07:45:42Z,0.63,332.69,0.56,-0.29
2025-08-13T07:46:42Z,0.33,324.43,0.27,-0.19
2025-08-13T07:47:42Z,0.26,293.28,0.1,-0.24
2025-08-13T07:48:42Z,0.46,353.79,0.46,-0.05
2025-08-13T07:49:42Z,0.51,2.86,0.51,0.03
2025-08-13T07:50:42Z,0.58,14.08,0.56,0.14
2025-08-13T07:51:42Z,0.52,19.04,0.49,0.17
2025-08-13T07:52:42Z,0.47,352.32,0.47,-0.06
2025-08-13T07:53:42Z,0.55,58.73,0.29,0.47
2025-08-13T07:54:42Z,0.69,69.98,0.24,0.65
2025-08-13T07:55:42Z,0.8,59.74,0.4,0.69
2025-08-13T07:56:42Z,0.88,80.65,0.14,0.87
2025-08-13T07:57:42Z,0.53,34.03,0.44,0.3
2025-08-13T07:58:42Z,0.59,17.39,0.57,0.18
2025-08-13T07:59:42Z,0.48,13.96,0.47,0.12
2025-08-13T08:00:42Z,0.5,32.47,0.42,0.27
2025-08-13T08:01:42Z,0.68,6.99,0.68,0.08
2025-08-13T08:02:42Z,0.83,342.58,0.8,-0.25
2025-08-13T08:03:42Z,0.86,346.82,0.84,-0.2
2025-08-13T08:04:42Z,0.66,321.12,0.52,-0.42
2025-08-13T08:05:42Z,0.85,322.11,0.67,-0.52
2025-08-13T08:06:42Z,0.77,334.63,0.69,-0.33
2025-08-13T08:07:42Z,0.99,308.5,0.62,-0.78
2025-08-13T08:08:42Z,1.29,303.49,0.71,-1.08
2025-08-13T08:09:42Z,0.62,319.56,0.47,-0.4
2025-08-13T08:10:42Z,1.08,309.58,0.68,-0.83
2025-08-13T08:11:42Z,0.66,315.23,0.47,-0.47
2025-08-13T08:12:42Z,0.63,316.15,0.45,-0.44
2025-08-13T08:13:42Z,0.62,305.83,0.36,-0.5
2025-08-13T08:14:42Z,0.73,305.23,0.42,-0.6
2025-08-13T08:15:42Z,0.57,325.27,0.47,-0.32
2025-08-13T08:16:42Z,0.63,333.59,0.57,-0.28
2025-08-13T08:17:42Z,0.8,316.19,0.58,-0.56
2025-08-13T08:18:42Z,0.77,314.13,0.54,-0.55
2025-08-13T08:19:42Z,0.76,307.03,0.46,-0.61
2025-08-13T08:20:42Z,0.95,334.33,0.86,-0.41
2025-08-13T08:21:42Z,0.64,321.79,0.5,-0.4
2025-08-13T08:22:42Z,0.95,289.99,0.33,-0.9
2025-08-13T08:23:42Z,0.65,321.57,0.51,-0.4
2025-08-13T08:24:42Z,0.64,8.88,0.63,0.1
2025-08-13T08:25:42Z,0.82,334.27,0.74,-0.36
2025-08-13T08:26:42Z,0.72,342.02,0.69,-0.22
2025-08-13T08:27:42Z,0.68,349.97,0.67,-0.12
2025-08-13T08:28:42Z,0.58,321.27,0.45,-0.36
2025-08-13T08:29:42Z,0.92,311.63,0.61,-0.68
2025-08-13T08:30:42Z,0.84,298.5,0.4,-0.74
2025-08-13T08:31:42Z,0.63,326.19,0.52,-0.35
2025-08-13T08:32:42Z,0.35,325.2,0.28,-0.2
2025-08-13T08:33:42Z,0.65,335.61,0.59,-0.27
2025-08-13T08:34:42Z,0.97,316.22,0.7,-0.67
2025-08-13T08:35:42Z,0.92,307.02,0.56,-0.74
2025-08-13T08:36:42Z,0.75,299.78,0.37,-0.65
2025-08-13T08:37:42Z,0.93,307.8,0.57,-0.74
2025-08-13T08:38:42Z,1.18,297.24,0.54,-1.05
2025-08-13T08:39:42Z,0.64,343.98,0.61,-0.18
2025-08-13T08:40:42Z,0.99,307.65,0.61,-0.79
2025-08-13T08:41:42Z,0.54,331.87,0.48,-0.26
2025-08-13T08:42:42Z,0.6,326.4,0.5,-0.33
2025-08-13T08:43:42Z,0.55,348,0.54,-0.11
2025-08-13T08:44:42Z,0.58,328.38,0.49,-0.3
2025-08-13T08:45:42Z,0.59,331.75,0.52,-0.28
2025-08-13T08:46:42Z,0.6,335.79,0.54,-0.24
2025-08-13T08:47:42Z,0.62,13.24,0.6,0.14
2025-08-13T08:48:42Z,0.59,10.28,0.58,0.11
2025-08-13T08:49:42Z,0.74,1.08,0.74,0.01
2025-08-13T08:50:42Z,0.47,5.91,0.47,0.05
2025-08-13T08:51:42Z,0.62,345.84,0.6,-0.15
2025-08-13T08:52:42Z,0.71,319.31,0.54,-0.46
2025-08-13T08:53:42Z,0.59,333.51,0.53,-0.26
2025-08-13T08:54:42Z,0.55,3.25,0.55,0.03
2025-08-13T08:55:42Z,0.61,324.35,0.5,-0.36
2025-08-13T08:56:42Z,0.77,326.58,0.64,-0.42
2025-08-13T08:57:42Z,0.48,348.47,0.47,-0.1
2025-08-13T08:58:42Z,0.67,2.17,0.67,0.03
2025-08-13T08:59:42Z,0.65,18.32,0.61,0.2
2025-08-13T09:00:42Z,0.66,8.68,0.65,0.1
2025-08-13T09:01:42Z,0.62,8.73,0.61,0.09
2025-08-13T09:02:42Z,0.59,7.72,0.59,0.08
2025-08-13T09:03:42Z,0.61,344.93,0.59,-0.16
2025-08-13T09:04:42Z,0.58,353.23,0.57,-0.07
2025-08-13T09:05:42Z,0.61,2.08,0.61,0.02
2025-08-13T09:06:42Z,0.73,359.61,0.73,-0
2025-08-13T09:07:42Z,0.77,359.78,0.77,-0
2025-08-13T09:08:42Z,0.71,13.19,0.69,0.16
2025-08-13T09:09:42Z,0.65,359.82,0.65,-0
2025-08-13T09:10:42Z,0.74,351.52,0.73,-0.11
2025-08-13T09:11:42Z,0.5,18.56,0.47,0.16
2025-08-13T09:12:42Z,0.65,346.81,0.63,-0.15
2025-08-13T09:13:42Z,0.52,359.25,0.52,-0.01
2025-08-13T09:14:42Z,0.85,340.81,0.8,-0.28
2025-08-13T09:15:42Z,0.64,348.94,0.63,-0.12
2025-08-13T09:16:42Z,0.58,356.48,0.58,-0.04
2025-08-13T09:17:42Z,0.8,344.54,0.77,-0.21
2025-08-13T09:18:42Z,0.65,349.58,0.64,-0.12
2025-08-13T09:19:42Z,0.53,2.81,0.53,0.03
2025-08-13T09:20:42Z,0.68,357.16,0.68,-0.03
2025-08-13T09:21:42Z,0.65,2.25,0.65,0.03
2025-08-13T09:22:42Z,0.57,8.74,0.57,0.09
2025-08-13T09:23:42Z,0.49,22.77,0.46,0.19
2025-08-13T09:24:42Z,0.52,358.98,0.52,-0.01
2025-08-13T09:25:42Z,0.58,16.27,0.55,0.16
2025-08-13T09:26:42Z,0.65,21.44,0.6,0.24
2025-08-13T09:27:42Z,0.52,2.32,0.52,0.02
2025-08-13T09:28:42Z,0.64,353.9,0.64,-0.07
2025-08-13T09:29:42Z,0.69,354.61,0.68,-0.06
2025-08-13T09:30:42Z,0.56,12.59,0.55,0.12
2025-08-13T09:31:42Z,0.67,336.64,0.62,-0.27
2025-08-13T09:32:42Z,0.63,4.9,0.62,0.05
2025-08-13T09:33:42Z,0.53,13.86,0.52,0.13
2025-08-13T09:34:42Z,0.62,27.53,0.55,0.29
2025-08-13T09:35:42Z,0.63,17.64,0.6,0.19
2025-08-13T09:36:42Z,0.6,38.72,0.47,0.37
2025-08-13T09:37:42Z,0.53,51.26,0.33,0.41
2025-08-13T09:38:42Z,0.58,55.53,0.33,0.48
2025-08-13T09:39:42Z,0.66,42.18,0.49,0.44
2025-08-13T09:40:42Z,0.88,23.23,0.81,0.35
2025-08-13T09:41:42Z,0.72,26.93,0.64,0.32
2025-08-13T09:42:42Z,0.48,12.01,0.47,0.1
2025-08-13T09:43:42Z,0.36,314.39,0.25,-0.26
2025-08-13T09:44:42Z,0.46,355.03,0.46,-0.04
2025-08-13T09:45:42Z,0.32,43.29,0.23,0.22
2025-08-13T09:46:42Z,0.47,14.99,0.46,0.12
2025-08-13T09:47:42Z,0.55,43.32,0.4,0.38
2025-08-13T09:48:42Z,0.56,22.64,0.52,0.22
2025-08-13T09:49:42Z,0.66,2.8,0.66,0.03
2025-08-13T09:50:42Z,0.62,25.62,0.56,0.27
2025-08-13T09:51:42Z,0.51,23.66,0.47,0.21
2025-08-13T09:52:42Z,0.76,331.57,0.67,-0.36
2025-08-13T09:53:42Z,0.64,26.87,0.57,0.29
2025-08-13T09:54:42Z,0.78,13.1,0.76,0.18
2025-08-13T09:55:42Z,0.61,5.24,0.61,0.06
2025-08-13T09:56:42Z,0.53,27.57,0.47,0.25
2025-08-13T09:57:42Z,0.85,36.42,0.68,0.5
2025-08-13T09:58:42Z,0.86,1.74,0.86,0.03
2025-08-13T09:59:42Z,0.76,13.43,0.73,0.18
2025-08-13T10:00:42Z,0.74,8.15,0.74,0.11
2025-08-13T10:01:42Z,0.66,29.59,0.57,0.32
2025-08-13T10:02:42Z,0.74,8.81,0.73,0.11
2025-08-13T10:03:42Z,0.82,11.34,0.8,0.16
2025-08-13T10:04:42Z,0.85,8.6,0.84,0.13
2025-08-13T10:05:42Z,0.67,13.14,0.65,0.15
2025-08-13T10:06:42Z,0.78,16.99,0.74,0.23
2025-08-13T10:07:42Z,0.84,30.93,0.72,0.43
2025-08-13T10:08:42Z,0.6,11.99,0.59,0.13
2025-08-13T10:09:42Z,0.73,59.6,0.37,0.63
2025-08-13T10:10:42Z,1.77,108.37,-0.56,1.68
2025-08-13T10:11:42Z,1.03,79.27,0.19,1.02
2025-08-13T10:12:42Z,1.38,112.2,-0.52,1.28
2025-08-13T10:13:42Z,0.61,63.43,0.27,0.55
2025-08-13T10:14:42Z,0.65,19.86,0.61,0.22
2025-08-13T10:15:42Z,0.64,67.7,0.24,0.59
2025-08-13T10:16:42Z,0.48,29.39,0.42,0.24
2025-08-13T10:17:42Z,0.86,64.41,0.37,0.78
2025-08-13T10:18:42Z,0.68,48.34,0.45,0.51
2025-08-13T10:19:42Z,0.65,79.63,0.12,0.64
2025-08-13T10:20:42Z,0.48,38.91,0.37,0.3
2025-08-13T10:21:42Z,0.53,36.01,0.43,0.31
2025-08-13T10:22:42Z,0.52,8.47,0.51,0.08
2025-08-13T10:23:42Z,0.8,343.68,0.77,-0.23
2025-08-13T10:24:42Z,0.69,9.77,0.68,0.12
2025-08-13T10:25:42Z,0.93,333.25,0.83,-0.42
2025-08-13T10:26:42Z,0.73,351.99,0.73,-0.1
2025-08-13T10:27:42Z,0.97,357.73,0.97,-0.04
2025-08-13T10:28:42Z,0.73,9.99,0.72,0.13
2025-08-13T10:29:42Z,0.73,12.12,0.71,0.15
2025-08-13T10:30:42Z,0.87,355.16,0.87,-0.07
2025-08-13T10:31:42Z,0.68,4.1,0.68,0.05
2025-08-13T10:32:42Z,0.77,346.12,0.74,-0.18
2025-08-13T10:33:42Z,0.59,39.68,0.46,0.38
2025-08-13T10:34:42Z,0.5,351.08,0.5,-0.08
2025-08-13T10:35:42Z,0.42,96.84,-0.05,0.42
2025-08-13T10:36:42Z,0.61,83.62,0.07,0.6
2025-08-13T10:37:42Z,0.49,63.62,0.22,0.44
2025-08-13T10:38:42Z,0.59,77.01,0.13,0.58
2025-08-13T10:39:42Z,1.2,94.89,-0.1,1.19
2025-08-13T10:40:42Z,0.71,47.02,0.48,0.52
2025-08-13T10:41:42Z,0.62,36.08,0.5,0.36
2025-08-13T10:42:42Z,0.56,49.65,0.36,0.43
2025-08-13T10:43:42Z,0.67,37.23,0.53,0.4
2025-08-13T10:44:42Z,0.86,21.74,0.8,0.32
2025-08-13T10:45:42Z,0.92,18.3,0.87,0.29
2025-08-13T10:46:42Z,0.73,21.65,0.68,0.27
2025-08-13T10:47:42Z,0.63,13.6,0.61,0.15
2025-08-13T10:48:42Z,0.51,12.5,0.5,0.11
2025-08-13T10:49:42Z,0.62,32.96,0.52,0.34
2025-08-13T10:50:42Z,0.6,28.34,0.53,0.29
2025-08-13T10:51:42Z,0.55,6.03,0.55,0.06
2025-08-13T10:52:42Z,0.48,17.89,0.46,0.15
2025-08-13T10:53:42Z,0.58,350.3,0.57,-0.1
2025-08-13T10:54:42Z,0.38,13.53,0.37,0.09
2025-08-13T10:55:42Z,0.52,13.73,0.5,0.12
2025-08-13T10:56:42Z,0.58,51.33,0.37,0.46
2025-08-13T10:57:42Z,0.5,11.19,0.49,0.1
2025-08-13T10:58:42Z,0.58,352.25,0.58,-0.08
2025-08-13T10:59:42Z,0.74,336.8,0.68,-0.29
2025-08-13T11:00:42Z,0.65,43.21,0.48,0.45
2025-08-13T11:01:42Z,0.59,17.33,0.56,0.18
2025-08-13T11:02:42Z,0.6,36.56,0.48,0.36
2025-08-13T11:03:42Z,0.7,59.71,0.35,0.6
2025-08-13T11:04:42Z,0.59,37.93,0.46,0.36
2025-08-13T11:05:42Z,0.6,23.03,0.55,0.24
2025-08-13T11:06:42Z,0.59,9.89,0.58,0.1
2025-08-13T11:07:42Z,0.68,1.36,0.68,0.02
2025-08-13T11:08:42Z,0.61,31.5,0.52,0.32
2025-08-13T11:09:42Z,0.7,41.92,0.52,0.47
2025-08-13T11:10:42Z,0.67,28.01,0.59,0.31
2025-08-13T11:11:42Z,0.7,39.94,0.53,0.45
2025-08-13T11:12:42Z,0.7,41.05,0.53,0.46
2025-08-13T11:13:42Z,0.63,37.85,0.5,0.39
2025-08-13T11:14:42Z,0.61,65.66,0.25,0.55
2025-08-13T11:15:42Z,0.69,52.44,0.42,0.55
2025-08-13T11:16:42Z,0.76,63.96,0.33,0.68
2025-08-13T11:17:42Z,0.89,54.83,0.51,0.73
2025-08-13T11:18:42Z,0.82,42.92,0.6,0.56
2025-08-13T11:19:42Z,1.12,50.73,0.71,0.87
2025-08-13T11:20:42Z,0.67,45.84,0.47,0.48
2025-08-13T11:21:42Z,0.59,34.06,0.49,0.33
2025-08-13T11:22:42Z,0.53,20.66,0.49,0.19
2025-08-13T11:23:42Z,0.48,16.42,0.46,0.14
2025-08-13T11:24:42Z,0.57,4.62,0.57,0.05
2025-08-13T11:25:42Z,0.59,6.47,0.59,0.07
2025-08-13T11:26:42Z,0.57,6.56,0.57,0.07
2025-08-13T11:27:42Z,0.59,18.6,0.56,0.19
2025-08-13T11:28:42Z,1.25,356.06,1.25,-0.09
2025-08-13T11:29:42Z,1.08,337.38,1,-0.41
2025-08-13T11:30:42Z,1,341.8,0.95,-0.31
2025-08-13T11:31:42Z,1.04,3.72,1.03,0.07
2025-08-13T11:32:42Z,0.98,341.97,0.93,-0.3
2025-08-13T11:33:42Z,0.93,357.04,0.93,-0.05
2025-08-13T11:34:42Z,1.22,342.56,1.16,-0.37
2025-08-13T11:35:42Z,1.14,2.62,1.14,0.05
2025-08-13T11:36:42Z,1.01,5.25,1,0.09
2025-08-13T11:37:42Z,0.88,28.09,0.78,0.41
2025-08-13T11:38:42Z,0.95,10.08,0.94,0.17
2025-08-13T11:39:42Z,0.87,31.52,0.74,0.45
2025-08-13T11:40:42Z,0.81,30.62,0.69,0.41
2025-08-13T11:41:42Z,1.13,39.98,0.87,0.73
2025-08-13T11:42:42Z,1.05,51.21,0.66,0.82
2025-08-13T11:43:42Z,1.36,56.45,0.75,1.13
2025-08-13T11:44:42Z,0.94,36.88,0.75,0.56
2025-08-13T11:45:42Z,0.99,43.03,0.73,0.68
2025-08-13T11:46:42Z,0.74,30.37,0.64,0.37
2025-08-13T11:47:42Z,0.75,47.7,0.51,0.56
2025-08-13T11:48:42Z,0.85,357.93,0.85,-0.03
2025-08-13T11:49:42Z,1.01,14.79,0.98,0.26
2025-08-13T11:50:42Z,1.05,13.15,1.02,0.24
2025-08-13T11:51:42Z,1.08,25.77,0.97,0.47
2025-08-13T11:52:42Z,1.29,5.9,1.28,0.13
2025-08-13T11:53:42Z,1.35,353.22,1.34,-0.16
2025-08-13T11:54:42Z,1.22,8.22,1.21,0.17
2025-08-13T11:55:42Z,1.46,3.52,1.46,0.09
2025-08-13T11:56:42Z,1.2,2.93,1.2,0.06
2025-08-13T11:57:42Z,1.13,1.77,1.13,0.04
2025-08-13T11:58:42Z,0.96,4.29,0.96,0.07
2025-08-13T11:59:42Z,0.95,12.95,0.92,0.21
2025-08-13T12:00:42Z,1.06,3.79,1.05,0.07
2025-08-13T12:01:42Z,1.19,36.03,0.96,0.7
2025-08-13T12:02:42Z,0.93,8.79,0.92,0.14
2025-08-13T12:03:42Z,0.98,15.55,0.95,0.26
2025-08-13T12:04:42Z,1.04,358.25,1.04,-0.03
2025-08-13T12:05:42Z,0.92,16.77,0.88,0.27
2025-08-13T12:06:42Z,0.7,51.18,0.44,0.55
2025-08-13T12:07:42Z,1.06,49.33,0.69,0.81
2025-08-13T12:08:42Z,0.92,39.95,0.71,0.59
2025-08-13T12:09:42Z,0.91,30.08,0.79,0.46
2025-08-13T12:10:42Z,1.02,35.6,0.83,0.59
2025-08-13T12:11:42Z,0.92,42.35,0.68,0.62
2025-08-13T12:12:42Z,1.06,47.7,0.72,0.79
2025-08-13T12:13:42Z,1.07,34.09,0.89,0.6
2025-08-13T12:14:42Z,1.54,76.32,0.36,1.49
2025-08-13T12:15:42Z,1.39,68.53,0.51,1.3
2025-08-13T12:16:42Z,0.99,63.97,0.43,0.89
2025-08-13T12:17:42Z,1,96.84,-0.12,0.99
2025-08-13T12:18:42Z,1.14,66.97,0.45,1.05
2025-08-13T12:19:42Z,0.92,60.59,0.45,0.8
2025-08-13T12:20:42Z,1.69,81.75,0.24,1.67
2025-08-13T12:21:42Z,1.59,73.53,0.45,1.53
2025-08-13T12:22:42Z,1.54,77.63,0.33,1.5
2025-08-13T12:23:42Z,1.22,77.45,0.26,1.19
2025-08-13T12:24:42Z,0.64,34.5,0.53,0.36
2025-08-13T12:25:42Z,1.03,72.07,0.32,0.98
2025-08-13T12:26:42Z,0.78,61.08,0.38,0.68
2025-08-13T12:27:42Z,0.84,76.92,0.19,0.82
2025-08-13T12:28:42Z,0.79,72.26,0.24,0.76
2025-08-13T12:29:42Z,0.72,66.68,0.29,0.66
2025-08-13T12:30:42Z,1.02,78.84,0.2,1
2025-08-13T12:31:42Z,0.91,71.51,0.29,0.86
2025-08-13T12:32:42Z,0.95,69.55,0.33,0.89
2025-08-13T12:33:42Z,0.95,54.35,0.55,0.77
2025-08-13T12:34:42Z,1.08,63.64,0.48,0.97
2025-08-13T12:35:42Z,0.97,59.46,0.49,0.84
2025-08-13T12:36:42Z,1.11,53.11,0.67,0.89
2025-08-13T12:37:42Z,0.8,35.28,0.65,0.46
2025-08-13T12:38:42Z,0.75,45.25,0.53,0.53
2025-08-13T12:39:42Z,0.72,29.86,0.63,0.36
2025-08-13T12:40:42Z,0.73,16.98,0.69,0.21
2025-08-13T12:41:42Z,0.61,23.47,0.56,0.24
2025-08-13T12:42:42Z,0.79,9.47,0.78,0.13
2025-08-13T12:43:42Z,0.83,352.24,0.82,-0.11
2025-08-13T12:44:42Z,0.74,353.67,0.73,-0.08
2025-08-13T12:45:42Z,0.78,344.95,0.75,-0.2
2025-08-13T12:46:42Z,0.77,4.7,0.77,0.06
2025-08-13T12:47:42Z,0.78,0.3,0.78,0
2025-08-13T12:48:42Z,0.79,354.25,0.79,-0.08
2025-08-13T12:49:42Z,1,342.25,0.96,-0.31
2025-08-13T12:50:42Z,0.93,344.38,0.89,-0.25
2025-08-13T12:51:42Z,0.93,337.23,0.86,-0.36
2025-08-13T12:52:42Z,0.74,350.76,0.73,-0.12
2025-08-13T12:53:42Z,0.73,0.89,0.73,0.01
2025-08-13T12:54:42Z,0.81,358.31,0.81,-0.02
2025-08-13T12:55:42Z,0.77,2.15,0.77,0.03
2025-08-13T12:56:42Z,0.87,5.15,0.87,0.08
2025-08-13T12:57:42Z,0.78,346.61,0.76,-0.18
2025-08-13T12:58:42Z,1.18,321.14,0.92,-0.74
2025-08-13T12:59:42Z,0.92,322.9,0.73,-0.55
2025-08-13T13:00:42Z,1.36,322.08,1.08,-0.84
2025-08-13T13:01:42Z,0.9,326.45,0.75,-0.49
2025-08-13T13:02:42Z,0.65,332.49,0.58,-0.3
2025-08-13T13:03:42Z,0.8,342.27,0.77,-0.24
2025-08-13T13:04:42Z,0.77,326.13,0.64,-0.43
2025-08-13T13:05:42Z,0.65,349.17,0.64,-0.12
2025-08-13T13:06:42Z,0.6,348.51,0.59,-0.12
2025-08-13T13:07:42Z,0.79,19.03,0.74,0.26
2025-08-13T13:08:42Z,0.84,11.44,0.83,0.17
2025-08-13T13:09:42Z,0.88,20.99,0.82,0.31
2025-08-13T13:10:42Z,0.95,32.58,0.8,0.51
2025-08-13T13:11:42Z,0.89,20.14,0.83,0.31
2025-08-13T13:12:42Z,0.72,51.17,0.45,0.56
2025-08-13T13:13:42Z,0.66,29.22,0.57,0.32
2025-08-13T13:14:42Z,0.78,26.33,0.7,0.35
2025-08-13T13:15:42Z,0.75,45.17,0.53,0.53
2025-08-13T13:16:42Z,0.84,59.79,0.42,0.73
2025-08-13T13:17:42Z,0.75,36.81,0.6,0.45
2025-08-13T13:18:42Z,0.74,16.92,0.71,0.22
2025-08-13T13:19:42Z,0.83,14.06,0.81,0.2
2025-08-13T13:20:42Z,0.92,351.18,0.91,-0.14
2025-08-13T13:21:42Z,0.85,15.02,0.82,0.22
2025-08-13T13:22:42Z,0.82,7.52,0.81,0.11
2025-08-13T13:23:42Z,1,19.91,0.94,0.34
2025-08-13T13:24:42Z,1.05,21.2,0.98,0.38
2025-08-13T13:25:42Z,0.91,28.36,0.8,0.43
2025-08-13T13:26:42Z,0.85,28.8,0.75,0.41
2025-08-13T13:27:42Z,0.75,12.89,0.73,0.17
2025-08-13T13:28:42Z,0.66,33.3,0.55,0.36
2025-08-13T13:29:42Z,0.63,26.49,0.57,0.28
2025-08-13T13:30:42Z,0.52,39.92,0.4,0.33
2025-08-13T13:31:42Z,1.31,57.46,0.7,1.1
2025-08-13T13:32:42Z,1.16,58.36,0.61,0.99
2025-08-13T13:33:42Z,0.92,31.77,0.78,0.48
2025-08-13T13:34:42Z,0.76,49.13,0.5,0.57
2025-08-13T13:35:42Z,0.8,20.71,0.75,0.28
2025-08-13T13:36:42Z,0.83,14.83,0.8,0.21
2025-08-13T13:37:42Z,0.95,6.27,0.94,0.1
2025-08-13T13:38:42Z,1.17,345.89,1.13,-0.29
2025-08-13T13:39:42Z,1.07,338.28,1,-0.4
2025-08-13T13:40:42Z,1.08,345.31,1.04,-0.27
2025-08-13T13:41:42Z,1.28,336.32,1.17,-0.51
2025-08-13T13:42:42Z,0.81,8.92,0.8,0.12
2025-08-13T13:43:42Z,0.8,9.71,0.78,0.13
2025-08-13T13:44:42Z,0.77,21.06,0.72,0.28
2025-08-13T13:45:42Z,0.65,20.1,0.61,0.22
2025-08-13T13:46:42Z,0.69,15.36,0.66,0.18
2025-08-13T13:47:42Z,0.77,15.16,0.75,0.2
2025-08-13T13:48:42Z,0.78,22.05,0.73,0.29
2025-08-13T13:49:42Z,0.92,20.61,0.86,0.32
2025-08-13T13:50:42Z,0.88,35.85,0.72,0.52
2025-08-13T13:51:42Z,1.39,89.85,0,1.39
2025-08-13T13:52:42Z,1.03,82.05,0.14,1.02
2025-08-13T13:53:42Z,0.58,93.11,-0.03,0.58
2025-08-13T13:54:42Z,0.03,266.47,-0,-0.03
2025-08-13T13:55:42Z,0.67,125.72,-0.39,0.55
2025-08-13T13:56:42Z,0.27,24.83,0.25,0.11
2025-08-13T13:57:42Z,0.45,75.78,0.11,0.43
2025-08-13T13:58:42Z,0.28,35.77,0.23,0.16
2025-08-13T13:59:42Z,0.29,48.99,0.19,0.22
2025-08-13T14:00:42Z,0.3,6.76,0.3,0.04
2025-08-13T14:01:42Z,0.32,43.3,0.23,0.22
2025-08-13T14:02:42Z,0.3,28.11,0.27,0.14
2025-08-13T14:03:42Z,0.42,28.69,0.37,0.2
2025-08-13T14:04:42Z,0.39,28.14,0.34,0.18
2025-08-13T14:05:42Z,0.46,25.45,0.41,0.2
2025-08-13T14:06:42Z,0.33,21.1,0.31,0.12
2025-08-13T14:07:42Z,0.45,16.79,0.44,0.13
2025-08-13T14:08:42Z,0.4,17.06,0.38,0.12
2025-08-13T14:09:42Z,0.37,21.94,0.34,0.14
2025-08-13T14:10:42Z,0.49,340.53,0.46,-0.16
2025-08-13T14:11:42Z,0.48,328.49,0.41,-0.25
2025-08-13T14:12:42Z,0.44,330.77,0.38,-0.21
2025-08-13T14:13:42Z,0.53,346.61,0.51,-0.12
2025-08-13T14:14:42Z,0.42,349.73,0.41,-0.07
2025-08-13T14:15:42Z,0.35,41.32,0.26,0.23
2025-08-13T14:16:42Z,0.35,354.51,0.34,-0.03
2025-08-13T14:17:42Z,0.96,305.15,0.55,-0.79
2025-08-13T14:18:42Z,0.49,351.93,0.49,-0.07
2025-08-13T14:19:42Z,0.46,7.42,0.46,0.06
2025-08-13T14:20:42Z,0.44,306.32,0.26,-0.36
2025-08-13T14:21:42Z,0.44,356.58,0.44,-0.03
2025-08-13T14:22:42Z,0.38,14.52,0.37,0.1
2025-08-13T14:23:42Z,0.56,14.06,0.55,0.14
2025-08-13T14:24:42Z,0.46,7.39,0.46,0.06
2025-08-13T14:25:42Z,0.59,351.46,0.58,-0.09
2025-08-13T14:26:42Z,0.42,0.61,0.42,0
2025-08-13T14:27:42Z,0.5,7.26,0.49,0.06
2025-08-13T14:28:42Z,0.5,358.93,0.5,-0.01
2025-08-13T14:29:42Z,0.46,359.49,0.46,-0
2025-08-13T14:30:42Z,0.61,354.35,0.6,-0.06
2025-08-13T14:31:42Z,0.68,7.09,0.67,0.08
2025-08-13T14:32:42Z,0.52,33.71,0.43,0.29
2025-08-13T14:33:42Z,0.46,12.54,0.45,0.1
2025-08-13T14:34:42Z,0.55,12.38,0.53,0.12
2025-08-13T14:35:42Z,0.46,11.19,0.45,0.09
2025-08-13T14:36:42Z,0.57,19.92,0.53,0.19
2025-08-13T14:37:42Z,0.75,22.8,0.7,0.29
2025-08-13T14:38:42Z,0.56,38.24,0.44,0.35
2025-08-13T14:39:42Z,0.51,6.83,0.51,0.06
2025-08-13T14:40:42Z,0.5,55.53,0.28,0.41
2025-08-13T14:41:42Z,0.46,19.59,0.43,0.15
2025-08-13T14:42:42Z,0.52,44.98,0.36,0.36
2025-08-13T14:43:42Z,0.46,31.19,0.39,0.24
2025-08-13T14:44:42Z,0.46,46.65,0.31,0.33
2025-08-13T14:45:42Z,0.52,16.55,0.49,0.15
2025-08-13T14:46:42Z,0.57,4.85,0.57,0.05
2025-08-13T14:47:42Z,0.76,333.54,0.68,-0.34
2025-08-13T14:48:42Z,1.19,344.52,1.15,-0.32
2025-08-13T14:49:42Z,1.21,351.89,1.2,-0.17
2025-08-13T14:50:42Z,1.11,346.49,1.08,-0.26
2025-08-13T14:51:42Z,1.24,332.61,1.1,-0.57
2025-08-13T14:52:42Z,0.93,353.07,0.92,-0.11
2025-08-13T14:53:42Z,0.83,350.5,0.81,-0.14
2025-08-13T14:54:42Z,0.9,345.87,0.88,-0.22
2025-08-13T14:55:42Z,0.9,356.8,0.9,-0.05
2025-08-13T14:56:42Z,1.05,352.66,1.04,-0.13
2025-08-13T14:57:42Z,1.1,5.11,1.09,0.1
2025-08-13T14:58:42Z,1.21,6.95,1.2,0.15
2025-08-13T14:59:42Z,0.95,21.75,0.88,0.35
2025-08-13T15:00:42Z,0.93,17.24,0.88,0.27
2025-08-13T15:01:42Z,0.92,15.71,0.88,0.25
2025-08-13T15:02:42Z,1.02,352.83,1.02,-0.13
2025-08-13T15:03:42Z,0.86,0.14,0.86,0
2025-08-13T15:04:42Z,0.92,354.91,0.92,-0.08
2025-08-13T15:05:42Z,0.9,354.47,0.9,-0.09
2025-08-13T15:06:42Z,0.96,351.95,0.95,-0.13
2025-08-13T15:07:42Z,0.83,354.45,0.83,-0.08
2025-08-13T15:08:42Z,0.8,347.85,0.78,-0.17
2025-08-13T15:09:42Z,0.84,351.63,0.84,-0.12
2025-08-13T15:10:42Z,0.95,358.65,0.95,-0.02
2025-08-13T15:11:42Z,0.97,13.13,0.95,0.22
2025-08-13T15:12:42Z,0.91,36.61,0.73,0.54
2025-08-13T15:13:42Z,1.02,22.9,0.94,0.4
2025-08-13T15:14:42Z,1,15.57,0.96,0.27
2025-08-13T15:15:42Z,1.14,350.71,1.12,-0.18
2025-08-13T15:16:42Z,0.94,0.75,0.94,0.01
2025-08-13T15:17:42Z,0.97,18.45,0.92,0.31
2025-08-13T15:18:42Z,1.1,357.98,1.1,-0.04
2025-08-13T15:19:42Z,1.04,10.75,1.02,0.19
2025-08-13T15:20:42Z,0.99,359.84,0.99,-0
2025-08-13T15:21:42Z,0.89,357.66,0.89,-0.04
2025-08-13T15:22:42Z,0.97,14.53,0.94,0.24
2025-08-13T15:23:42Z,1.13,13.13,1.1,0.26
2025-08-13T15:24:42Z,1.07,8.87,1.06,0.17
2025-08-13T15:25:42Z,1.1,19.2,1.04,0.36
2025-08-13T15:26:42Z,1.16,10.34,1.14,0.21
2025-08-13T15:27:42Z,1.07,0.92,1.07,0.02
2025-08-13T15:28:42Z,1.07,16.76,1.02,0.31
2025-08-13T15:29:42Z,0.99,4.24,0.98,0.07
2025-08-13T15:30:42Z,1.03,356.35,1.03,-0.07
2025-08-13T15:31:42Z,1.11,7.56,1.1,0.15
2025-08-13T15:32:42Z,1.05,2.47,1.05,0.05
2025-08-13T15:33:42Z,0.84,9.76,0.83,0.14
2025-08-13T15:34:42Z,0.88,4.42,0.88,0.07
2025-08-13T15:35:42Z,1.05,337.94,0.98,-0.4
2025-08-13T15:36:42Z,1.03,4.28,1.03,0.08
2025-08-13T15:37:42Z,0.67,54.68,0.39,0.55
2025-08-13T15:38:42Z,0.73,1.87,0.73,0.02
2025-08-13T15:39:42Z,0.81,0.29,0.81,0
2025-08-13T15:40:42Z,0.74,31.28,0.63,0.38
2025-08-13T15:41:42Z,0.69,37.05,0.55,0.42
2025-08-13T15:42:42Z,0.84,4.11,0.84,0.06
2025-08-13T15:43:42Z,0.96,45.11,0.68,0.68
2025-08-13T15:44:42Z,0.75,19.01,0.71,0.24
2025-08-13T15:45:42Z,0.77,21.87,0.71,0.29
2025-08-13T15:46:42Z,0.68,359.06,0.68,-0.01
2025-08-13T15:47:42Z,0.56,43.22,0.41,0.39
2025-08-13T15:48:42Z,0.63,10.17,0.62,0.11
2025-08-13T15:49:42Z,0.93,16.84,0.89,0.27
2025-08-13T15:50:42Z,0.79,11.58,0.77,0.16
2025-08-13T15:51:42Z,0.76,352.22,0.75,-0.1
2025-08-13T15:52:42Z,0.78,15.8,0.75,0.21
2025-08-13T15:53:42Z,0.81,17.47,0.77,0.24
2025-08-13T15:54:42Z,0.87,40.14,0.67,0.56
2025-08-13T15:55:42Z,0.79,44.56,0.56,0.55
2025-08-13T15:56:42Z,1.19,57.06,0.64,0.99
2025-08-13T15:57:42Z,1.07,33.01,0.89,0.58
2025-08-13T15:58:42Z,0.81,0.86,0.81,0.01
2025-08-13T15:59:42Z,0.34,344.79,0.33,-0.09
2025-08-13T16:00:42Z,0.44,358.51,0.44,-0.01
2025-08-13T16:01:42Z,1.12,307.98,0.69,-0.88
2025-08-13T16:02:42Z,1.12,2.19,1.12,0.04
2025-08-13T16:03:42Z,0.99,346.06,0.96,-0.24
2025-08-13T16:04:42Z,0.82,1.17,0.82,0.02
2025-08-13T16:05:42Z,0.83,3.93,0.83,0.06
2025-08-13T16:06:42Z,1.05,346.11,1.02,-0.25
2025-08-13T16:07:42Z,0.89,337.99,0.83,-0.33
2025-08-13T16:08:42Z,0.72,318.23,0.53,-0.48
2025-08-13T16:09:42Z,0.67,315.39,0.48,-0.47
2025-08-13T16:10:42Z,0.8,345.05,0.77,-0.21
2025-08-13T16:11:42Z,0.98,33.67,0.82,0.54
2025-08-13T16:12:42Z,1.67,354.25,1.66,-0.17
2025-08-13T16:13:42Z,1.25,6.49,1.24,0.14
2025-08-13T16:14:42Z,1.38,357.87,1.38,-0.05
2025-08-13T16:15:42Z,1.41,340.97,1.33,-0.46
2025-08-13T16:16:42Z,1.15,32.18,0.98,0.61
2025-08-13T16:17:42Z,1.29,348.36,1.26,-0.26
2025-08-13T16:18:42Z,1.76,341.45,1.67,-0.56
2025-08-13T16:19:42Z,0.28,307.49,0.17,-0.22
2025-08-13T16:20:42Z,1.14,8.07,1.13,0.16
2025-08-13T16:21:42Z,0.89,68.02,0.33,0.82
2025-08-13T16:22:42Z,0.59,48.78,0.39,0.44
2025-08-13T16:23:42Z,0.73,44.79,0.52,0.52
2025-08-13T16:24:42Z,1.01,65.17,0.42,0.91
2025-08-13T16:25:42Z,1.02,36.36,0.82,0.6
2025-08-13T16:26:42Z,1.44,22.64,1.33,0.55
2025-08-13T16:27:42Z,1.08,9.35,1.06,0.17
2025-08-13T16:28:42Z,0.98,21.47,0.91,0.36
2025-08-13T16:29:42Z,1.36,60.1,0.68,1.18
2025-08-13T16:30:42Z,2.01,60.32,1,1.75
2025-08-13T16:31:42Z,2.01,60.81,0.98,1.75
2025-08-13T16:32:42Z,1.84,33.78,1.53,1.02
2025-08-13T16:33:42Z,1.79,33.45,1.49,0.99
2025-08-13T16:34:42Z,2.18,22.88,2.01,0.85
2025-08-13T16:35:42Z,1.21,31.63,1.03,0.63
2025-08-13T16:36:42Z,0.87,70.47,0.29,0.82
2025-08-13T16:37:42Z,1.74,104.98,-0.45,1.68
2025-08-13T16:38:42Z,1.84,89.93,0,1.84
2025-08-13T16:39:42Z,2.56,95.44,-0.24,2.55
2025-08-13T16:40:42Z,3.14,85.37,0.25,3.12
2025-08-13T16:41:42Z,3.29,82.32,0.44,3.26
2025-08-13T16:42:42Z,4.31,71.83,1.34,4.09
2025-08-13T16:43:42Z,4.19,85.97,0.29,4.18
2025-08-13T16:44:42Z,3.19,94.61,-0.26,3.18
2025-08-13T16:45:42Z,1.23,72.59,0.37,1.17
2025-08-13T16:46:42Z,1.67,91.57,-0.05,1.67
2025-08-13T16:47:42Z,2.01,78.71,0.39,1.97
2025-08-13T16:48:42Z,1.78,72.37,0.54,1.7
2025-08-13T16:49:42Z,1.84,66.09,0.74,1.68
2025-08-13T16:50:42Z,1.2,77.29,0.26,1.17
2025-08-13T16:51:42Z,2.58,77.24,0.57,2.51
2025-08-13T16:52:42Z,2.45,93.03,-0.13,2.44
2025-08-13T16:53:42Z,2.66,82.83,0.33,2.64
2025-08-13T16:54:42Z,2.29,86.24,0.15,2.28
2025-08-13T16:55:42Z,1.77,89.3,0.02,1.77
2025-08-13T16:56:42Z,1.84,80.81,0.29,1.81
2025-08-13T16:57:42Z,1.07,105.16,-0.28,1.04
2025-08-13T16:58:42Z,2.75,112.04,-1.03,2.55
2025-08-13T16:59:42Z,1.22,116.23,-0.54,1.09
2025-08-13T17:00:42Z,0.79,116.13,-0.35,0.71
2025-08-13T17:01:42Z,1.08,116.73,-0.48,0.96
2025-08-13T17:02:42Z,1.23,114.58,-0.51,1.12
2025-08-13T17:03:42Z,0.54,104.9,-0.14,0.52
2025-08-13T17:04:42Z,0.23,110.76,-0.08,0.22
2025-08-13T17:05:42Z,0.27,341.22,0.26,-0.09
2025-08-13T17:06:42Z,0.89,315.42,0.64,-0.63
2025-08-13T17:07:42Z,1.65,288.92,0.53,-1.56
2025-08-13T17:08:42Z,1.57,290.47,0.55,-1.47
2025-08-13T17:09:42Z,1.34,295.64,0.58,-1.21
2025-08-13T17:10:42Z,1.98,284.73,0.5,-1.92
2025-08-13T17:11:42Z,1.55,275,0.13,-1.54
2025-08-13T17:12:42Z,1.83,260.69,-0.3,-1.8
2025-08-13T17:13:42Z,0.75,173.34,-0.75,0.09
2025-08-13T17:14:42Z,2.88,137.13,-2.11,1.96
2025-08-13T17:15:42Z,0.61,89.77,0,0.61
2025-08-13T17:16:42Z,1.17,3.61,1.17,0.07
2025-08-13T17:17:42Z,1.01,45.87,0.7,0.72
2025-08-13T17:18:42Z,0.66,359.57,0.66,-0.01
2025-08-13T17:19:42Z,0.74,326.48,0.62,-0.41
2025-08-13T17:20:42Z,0.38,5.13,0.38,0.03
2025-08-13T17:21:42Z,0.54,96.03,-0.06,0.54
2025-08-13T17:22:42Z,0.98,84.59,0.09,0.97
2025-08-13T17:23:42Z,0.84,61.97,0.4,0.75
2025-08-13T17:24:42Z,0.57,11.6,0.56,0.12
2025-08-13T17:25:42Z,0.35,14.25,0.34,0.09
2025-08-13T17:26:42Z,0.35,78.62,0.07,0.34
2025-08-13T17:27:42Z,0.96,93.16,-0.05,0.96
2025-08-13T17:28:42Z,0.4,337.52,0.37,-0.15
2025-08-13T17:29:42Z,1.29,335.25,1.17,-0.54
2025-08-13T17:30:42Z,1.02,327.51,0.86,-0.55
2025-08-13T17:31:42Z,1.15,316.09,0.83,-0.8
2025-08-13T17:32:42Z,1.14,305.73,0.66,-0.92
2025-08-13T17:33:42Z,2.2,296.26,0.97,-1.97
2025-08-13T17:34:42Z,1.47,293.57,0.59,-1.35
2025-08-13T17:35:42Z,1.23,293.85,0.5,-1.13
2025-08-13T17:36:42Z,1.13,304.72,0.64,-0.93
2025-08-13T17:37:42Z,0.74,12.06,0.72,0.15
2025-08-13T17:38:42Z,0.49,349.1,0.49,-0.09
2025-08-13T17:39:42Z,0.6,329.24,0.52,-0.31
2025-08-13T17:40:42Z,0.71,329.81,0.61,-0.35
2025-08-13T17:41:42Z,0.51,334.43,0.46,-0.22
2025-08-13T17:42:42Z,0.81,4.9,0.81,0.07
2025-08-13T17:43:42Z,0.99,32.55,0.84,0.53
2025-08-13T17:44:42Z,0.85,350.73,0.84,-0.14
2025-08-13T17:45:42Z,1.22,11.64,1.19,0.25
2025-08-13T17:46:42Z,0.88,340.42,0.83,-0.29
2025-08-13T17:47:42Z,0.71,318.22,0.53,-0.47
2025-08-13T17:48:42Z,0.6,330.45,0.52,-0.29
2025-08-13T17:49:42Z,1.21,316.41,0.87,-0.83
2025-08-13T17:50:42Z,0.61,344.7,0.59,-0.16
2025-08-13T17:51:42Z,0.67,334.81,0.61,-0.29
2025-08-13T17:52:42Z,0.99,318.52,0.74,-0.65
2025-08-13T17:53:42Z,0.68,343.56,0.65,-0.19
2025-08-13T17:54:42Z,0.75,351.41,0.74,-0.11
2025-08-13T17:55:42Z,0.58,13.98,0.56,0.14
2025-08-13T17:56:42Z,0.61,17.84,0.58,0.19
2025-08-13T17:57:42Z,0.5,344.78,0.48,-0.13
2025-08-13T17:58:42Z,0.73,344.09,0.7,-0.2
2025-08-13T17:59:42Z,0.55,329.5,0.47,-0.28
2025-08-13T18:00:42Z,0.54,1.39,0.54,0.01
2025-08-13T18:01:42Z,0.66,6.01,0.65,0.07
2025-08-13T18:02:42Z,0.44,2.94,0.44,0.02
2025-08-13T18:03:42Z,0.62,347.54,0.61,-0.13
2025-08-13T18:04:42Z,0.66,326.98,0.55,-0.36
2025-08-13T18:05:42Z,0.45,358.86,0.45,-0.01
2025-08-13T18:06:42Z,0.45,357.75,0.45,-0.02
2025-08-13T18:07:42Z,0.43,19.46,0.41,0.14
2025-08-13T18:08:42Z,0.69,346.21,0.67,-0.17
2025-08-13T18:09:42Z,0.46,27.75,0.41,0.21
2025-08-13T18:10:42Z,0.64,340.69,0.6,-0.21
2025-08-13T18:11:42Z,0.52,343.79,0.5,-0.15
2025-08-13T18:12:42Z,0.46,37.76,0.37,0.28
2025-08-13T18:13:42Z,0.78,65.65,0.32,0.71
2025-08-13T18:14:42Z,1.01,21.4,0.94,0.37
2025-08-13T18:15:42Z,1.16,36.36,0.93,0.69
2025-08-13T18:16:42Z,1.34,36.99,1.07,0.81
2025-08-13T18:17:42Z,0.92,342.74,0.88,-0.27
2025-08-13T18:18:42Z,0.78,331.65,0.69,-0.37
2025-08-13T18:19:42Z,0.61,344.04,0.59,-0.17
2025-08-13T18:20:42Z,0.85,331.24,0.75,-0.41
2025-08-13T18:21:42Z,0.96,341.4,0.91,-0.3
2025-08-13T18:22:42Z,0.75,352.5,0.74,-0.1
2025-08-13T18:23:42Z,0.72,10.69,0.7,0.13
2025-08-13T18:24:42Z,0.52,354.63,0.52,-0.05
2025-08-13T18:25:42Z,0.68,354.15,0.67,-0.07
2025-08-13T18:26:42Z,0.54,348.24,0.53,-0.11
2025-08-13T18:27:42Z,0.96,325.45,0.79,-0.54
2025-08-13T18:28:42Z,0.59,355.21,0.59,-0.05
2025-08-13T18:29:42Z,0.6,35.44,0.49,0.35
2025-08-13T18:30:42Z,0.55,346.86,0.53,-0.12
2025-08-13T18:31:42Z,0.33,27.31,0.3,0.15
2025-08-13T18:32:42Z,0.64,349.27,0.63,-0.12
2025-08-13T18:33:42Z,1.28,62.84,0.59,1.14
2025-08-13T18:34:42Z,0.73,358.16,0.73,-0.02
2025-08-13T18:35:42Z,0.65,0.83,0.65,0.01
2025-08-13T18:36:42Z,0.59,36.01,0.47,0.34
2025-08-13T18:37:42Z,0.99,114.62,-0.41,0.9
2025-08-13T18:38:42Z,0.45,97.71,-0.06,0.44
2025-08-13T18:39:42Z,0.64,62.42,0.3,0.57
2025-08-13T18:40:42Z,0.62,11.69,0.61,0.13
2025-08-13T18:41:42Z,1.23,82.03,0.17,1.22
2025-08-13T18:42:42Z,0.42,11.61,0.42,0.09
2025-08-13T18:43:42Z,0.56,5.58,0.56,0.05
2025-08-13T18:44:42Z,0.7,20.53,0.66,0.25
2025-08-13T18:45:42Z,0.9,67.14,0.35,0.82
2025-08-13T18:46:42Z,0.45,48.51,0.3,0.34
2025-08-13T18:47:42Z,0.66,51.66,0.41,0.52
2025-08-13T18:48:42Z,0.48,49.41,0.31,0.36
2025-08-13T18:49:42Z,0.51,2.94,0.51,0.03
2025-08-13T18:50:42Z,0.4,1.81,0.4,0.01
2025-08-13T18:51:42Z,0.52,19.51,0.49,0.18
2025-08-13T18:52:42Z,0.66,77.2,0.15,0.64
2025-08-13T18:53:42Z,0.55,64.51,0.24,0.5
2025-08-13T18:54:42Z,0.59,58.27,0.31,0.51
2025-08-13T18:55:42Z,0.55,50.2,0.35,0.42
2025-08-13T18:56:42Z,0.89,31.52,0.76,0.47
2025-08-13T18:57:42Z,1.04,30.34,0.9,0.52
2025-08-13T18:58:42Z,1.17,347.43,1.15,-0.26
2025-08-13T18:59:42Z,0.77,21.28,0.72,0.28
2025-08-13T19:00:42Z,0.88,1.8,0.88,0.03
2025-08-13T19:01:42Z,0.69,68.26,0.25,0.64
2025-08-13T19:02:42Z,0.76,343.24,0.73,-0.22
2025-08-13T19:03:42Z,0.69,326.74,0.57,-0.38
2025-08-13T19:04:42Z,0.2,14.06,0.19,0.05
2025-08-13T19:05:42Z,0.66,23.29,0.61,0.26
2025-08-13T19:06:42Z,0.69,27.16,0.61,0.31
2025-08-13T19:07:42Z,0.6,42.58,0.44,0.4
2025-08-13T19:08:42Z,0.66,350.86,0.65,-0.1
2025-08-13T19:09:42Z,0.71,51.07,0.45,0.55
2025-08-13T19:10:42Z,1,322.51,0.79,-0.61
2025-08-13T19:11:42Z,0.72,346.52,0.7,-0.17
2025-08-13T19:12:42Z,0.58,321.39,0.46,-0.36
2025-08-13T19:13:42Z,0.66,325.64,0.55,-0.37
2025-08-13T19:14:42Z,0.72,331.31,0.63,-0.35
2025-08-13T19:15:42Z,0.87,47.79,0.58,0.64
2025-08-13T19:16:42Z,0.8,328.24,0.68,-0.42
2025-08-13T19:17:42Z,0.58,340.74,0.54,-0.19
2025-08-13T19:18:42Z,0.36,3.2,0.36,0.02
2025-08-13T19:19:42Z,1.66,111.84,-0.62,1.55
2025-08-13T19:20:42Z,0.74,95.92,-0.08,0.74
2025-08-13T19:21:42Z,0.72,86.65,0.04,0.72
2025-08-13T19:22:42Z,0.76,68.06,0.29,0.71
2025-08-13T19:23:42Z,0.85,80.74,0.14,0.84
2025-08-13T19:24:42Z,0.34,28.73,0.3,0.16
2025-08-13T19:25:42Z,0.55,27.23,0.49,0.25
2025-08-13T19:26:42Z,0.62,20.24,0.58,0.21
2025-08-13T19:27:42Z,0.67,22.71,0.62,0.26
2025-08-13T19:28:42Z,0.65,23.53,0.6,0.26
2025-08-13T19:29:42Z,0.61,14.66,0.59,0.15
2025-08-13T19:30:42Z,0.66,24.47,0.6,0.27
2025-08-13T19:31:42Z,0.5,50.51,0.32,0.39
2025-08-13T19:32:42Z,0.64,33.65,0.54,0.36
2025-08-13T19:33:42Z,0.4,55.24,0.23,0.33
2025-08-13T19:34:42Z,0.59,52.95,0.35,0.47
2025-08-13T19:35:42Z,1.28,91.5,-0.03,1.28
2025-08-13T19:36:42Z,0.42,25.95,0.38,0.18
2025-08-13T19:37:42Z,0.58,63.74,0.26,0.52
2025-08-13T19:38:42Z,0.6,358.7,0.6,-0.01
2025-08-13T19:39:42Z,0.57,33.57,0.48,0.32
2025-08-13T19:40:42Z,0.54,23.58,0.49,0.22
2025-08-13T19:41:42Z,0.45,15.05,0.43,0.12
2025-08-13T19:42:42Z,0.5,27.42,0.44,0.23
2025-08-13T19:43:42Z,0.55,11.01,0.54,0.11
2025-08-13T19:44:42Z,1.36,87.98,0.05,1.36
2025-08-13T19:45:42Z,0.54,28.59,0.48,0.26
2025-08-13T19:46:42Z,1.24,84.74,0.11,1.23
2025-08-13T19:47:42Z,0.77,50.57,0.49,0.59
2025-08-13T19:48:42Z,1.21,86.67,0.07,1.21
2025-08-13T19:49:42Z,0.98,43.5,0.71,0.68
2025-08-13T19:50:42Z,0.87,67.57,0.33,0.81
2025-08-13T19:51:42Z,1.78,37.45,1.41,1.08
2025-08-13T19:52:42Z,0.92,53.13,0.55,0.74
2025-08-13T19:53:42Z,0.66,54.27,0.38,0.53
2025-08-13T19:54:42Z,1.35,87.81,0.05,1.34
2025-08-13T19:55:42Z,1.09,79.91,0.19,1.07
2025-08-13T19:56:42Z,1.44,51.82,0.89,1.13
2025-08-13T19:57:42Z,1.13,73.68,0.32,1.08
2025-08-13T19:58:42Z,0.94,43.61,0.68,0.65
2025-08-13T19:59:42Z,0.63,59.91,0.31,0.54
2025-08-13T20:00:42Z,0.88,84.67,0.08,0.87
2025-08-13T20:01:42Z,1.14,80.37,0.19,1.12
2025-08-13T20:02:42Z,0.82,55.97,0.46,0.68
2025-08-13T20:03:42Z,0.92,54.42,0.53,0.75
2025-08-13T20:04:42Z,0.77,43.89,0.56,0.53
2025-08-13T20:05:42Z,0.99,36.33,0.8,0.59
2025-08-13T20:06:42Z,0.67,50.94,0.43,0.52
2025-08-13T20:07:42Z,1.23,73.11,0.36,1.18
2025-08-13T20:08:42Z,0.84,39.99,0.64,0.54
2025-08-13T20:09:42Z,1.7,70.49,0.57,1.6
2025-08-13T20:10:42Z,1.11,83.2,0.13,1.1
2025-08-13T20:11:42Z,0.99,56.29,0.55,0.82
2025-08-13T20:12:42Z,0.55,61.58,0.26,0.49
2025-08-13T20:13:42Z,0.76,66.3,0.3,0.69
2025-08-13T20:14:42Z,0.94,68.42,0.35,0.88
2025-08-13T20:15:42Z,1.34,78.43,0.27,1.32
2025-08-13T20:16:42Z,0.65,56.38,0.36,0.54
2025-08-13T20:17:42Z,0.77,61.31,0.37,0.67
2025-08-13T20:18:42Z,0.93,68.95,0.33,0.87
2025-08-13T20:19:42Z,1.69,68.31,0.63,1.57
2025-08-13T20:20:42Z,0.73,84.82,0.07,0.72
2025-08-13T20:21:42Z,1.45,68.85,0.52,1.36
2025-08-13T20:22:42Z,0.83,72.87,0.24,0.79
2025-08-13T20:23:42Z,0.7,42.77,0.52,0.48
2025-08-13T20:24:42Z,0.54,28.9,0.47,0.26
2025-08-13T20:25:42Z,0.96,42.29,0.71,0.65
2025-08-13T20:26:42Z,0.73,21.54,0.68,0.27
2025-08-13T20:27:42Z,0.63,11.42,0.62,0.12
2025-08-13T20:28:42Z,0.57,51.77,0.35,0.45
2025-08-13T20:29:42Z,0.33,52.52,0.2,0.26
2025-08-13T20:30:42Z,0.87,46.8,0.6,0.64
2025-08-13T20:31:42Z,0.89,14.38,0.86,0.22
2025-08-13T20:32:42Z,0.51,14.78,0.49,0.13
2025-08-13T20:33:42Z,0.55,24.26,0.51,0.23
2025-08-13T20:34:42Z,0.67,36.41,0.54,0.4
2025-08-13T20:35:42Z,0.57,6.68,0.57,0.07
2025-08-13T20:36:42Z,0.7,49.51,0.46,0.53
2025-08-13T20:37:42Z,0.69,36.26,0.55,0.41
2025-08-13T20:38:42Z,0.62,22.39,0.57,0.23
2025-08-13T20:39:42Z,0.67,50.63,0.43,0.52
2025-08-13T20:40:42Z,0.55,2.53,0.55,0.02
2025-08-13T20:41:42Z,0.52,21.13,0.49,0.19
2025-08-13T20:42:42Z,0.87,53.99,0.51,0.7
2025-08-13T20:43:42Z,0.67,21.88,0.62,0.25
2025-08-13T20:44:42Z,0.81,10.74,0.79,0.15
2025-08-13T20:45:42Z,0.53,28.27,0.47,0.25
2025-08-13T20:46:42Z,0.59,336.19,0.54,-0.24
2025-08-13T20:47:42Z,0.47,22.47,0.44,0.18
2025-08-13T20:48:42Z,0.43,355.21,0.43,-0.04
2025-08-13T20:49:42Z,0.66,34.66,0.55,0.38
2025-08-13T20:50:42Z,0.65,1.68,0.65,0.02
2025-08-13T20:51:42Z,0.67,2.38,0.67,0.03
2025-08-13T20:52:42Z,0.55,26.1,0.49,0.24
2025-08-13T20:53:42Z,1.05,62.28,0.49,0.93
2025-08-13T20:54:42Z,1.49,81.4,0.22,1.47
2025-08-13T20:55:42Z,1.76,84.72,0.16,1.75
2025-08-13T20:56:42Z,1.4,68.84,0.5,1.3
2025-08-13T20:57:42Z,1.41,78.32,0.28,1.38
2025-08-13T20:58:42Z,0.57,57.87,0.3,0.48
2025-08-13T20:59:42Z,0.54,88.4,0.01,0.54
2025-08-13T21:00:42Z,0.83,82.22,0.11,0.83
2025-08-13T21:01:42Z,1.13,74.72,0.3,1.09
2025-08-13T21:02:42Z,1.26,65.18,0.53,1.14
2025-08-13T21:03:42Z,0.73,51.59,0.46,0.58
2025-08-13T21:04:42Z,0.78,26.9,0.7,0.35
2025-08-13T21:05:42Z,0.52,80.53,0.09,0.51
2025-08-13T21:06:42Z,0.57,9.9,0.56,0.1
2025-08-13T21:07:42Z,0.35,356.81,0.35,-0.02
2025-08-13T21:08:42Z,0.48,344.57,0.47,-0.13
2025-08-13T21:09:42Z,0.65,9.15,0.64,0.1
2025-08-13T21:10:42Z,0.51,2.35,0.51,0.02
2025-08-13T21:11:42Z,0.57,356.51,0.57,-0.03
2025-08-13T21:12:42Z,0.77,349.08,0.76,-0.15
2025-08-13T21:13:42Z,0.41,41.54,0.3,0.27
2025-08-13T21:14:42Z,0.69,42.39,0.51,0.47
2025-08-13T21:15:42Z,0.65,33.67,0.54,0.36
2025-08-13T21:16:42Z,0.68,30.92,0.59,0.35
2025-08-13T21:17:42Z,0.69,46.49,0.48,0.5
2025-08-13T21:18:42Z,0.61,15.98,0.58,0.17
2025-08-13T21:19:42Z,0.5,37.02,0.4,0.3
2025-08-13T21:20:42Z,0.54,357.48,0.54,-0.02
2025-08-13T21:21:42Z,0.5,33.28,0.42,0.27
2025-08-13T21:22:42Z,0.62,44.53,0.44,0.44
2025-08-13T21:23:42Z,0.53,13.18,0.51,0.12
2025-08-13T21:24:42Z,0.59,15.07,0.57,0.15
2025-08-13T21:25:42Z,0.66,329.41,0.57,-0.34
2025-08-13T21:26:42Z,0.56,12.22,0.54,0.12
2025-08-13T21:27:42Z,0.66,0.17,0.66,0
2025-08-13T21:28:42Z,1.03,321.31,0.8,-0.64
2025-08-13T21:29:42Z,0.84,324.22,0.68,-0.49
2025-08-13T21:30:42Z,0.65,1.58,0.65,0.02
2025-08-13T21:31:42Z,0.67,355.77,0.67,-0.05
2025-08-13T21:32:42Z,0.45,352.11,0.44,-0.06
2025-08-13T21:33:42Z,0.37,355.23,0.36,-0.03
2025-08-13T21:34:42Z,0.52,49.3,0.34,0.39
2025-08-13T21:35:42Z,0.49,7.93,0.48,0.07
2025-08-13T21:36:42Z,1.02,339.6,0.96,-0.36
2025-08-13T21:37:42Z,1.38,339.75,1.3,-0.48
2025-08-13T21:38:42Z,1.05,351.29,1.04,-0.16
2025-08-13T21:39:42Z,2.57,284.78,0.65,-2.48
2025-08-13T21:40:42Z,1.54,301.81,0.81,-1.31
2025-08-13T21:41:42Z,1.99,286.71,0.57,-1.91
2025-08-13T21:42:42Z,1.79,281.99,0.37,-1.75
2025-08-13T21:43:42Z,0.64,310.39,0.42,-0.49
2025-08-13T21:44:42Z,1.29,298.65,0.62,-1.13
2025-08-13T21:45:42Z,2.48,296,1.09,-2.23
2025-08-13T21:46:42Z,1.53,302.31,0.82,-1.3
2025-08-13T21:47:42Z,1.4,287.02,0.41,-1.33
2025-08-13T21:48:42Z,1.62,300.54,0.82,-1.4
2025-08-13T21:49:42Z,1.11,292.78,0.43,-1.02
2025-08-13T21:50:42Z,1.74,292.83,0.67,-1.6
2025-08-13T21:51:42Z,1.82,285.3,0.48,-1.75
2025-08-13T21:52:42Z,1.73,274.16,0.13,-1.73
2025-08-13T21:53:42Z,1,311.36,0.66,-0.75
2025-08-13T21:54:42Z,0.99,303.75,0.55,-0.82
2025-08-13T21:55:42Z,0.91,302.34,0.49,-0.77
2025-08-13T21:56:42Z,0.94,306.73,0.56,-0.76
2025-08-13T21:57:42Z,1.76,288.65,0.56,-1.67
2025-08-13T21:58:42Z,0.98,293.93,0.4,-0.9
2025-08-13T21:59:42Z,0.84,289.79,0.28,-0.79
2025-08-13T22:00:42Z,1.3,299,0.63,-1.13
2025-08-13T22:01:42Z,0.95,301.32,0.49,-0.81
2025-08-13T22:02:42Z,0.63,287.87,0.19,-0.6
2025-08-13T22:03:42Z,1.17,305.29,0.67,-0.95
2025-08-13T22:04:42Z,0.77,299.18,0.38,-0.68
2025-08-13T22:05:42Z,0.79,309.86,0.5,-0.6
2025-08-13T22:06:42Z,0.74,315.54,0.53,-0.52
2025-08-13T22:07:42Z,1.23,310.76,0.8,-0.93
2025-08-13T22:08:42Z,0.83,326.42,0.69,-0.46
2025-08-13T22:09:42Z,0.79,307.41,0.48,-0.62
2025-08-13T22:10:42Z,0.77,328.22,0.65,-0.4
2025-08-13T22:11:42Z,0.9,323.48,0.72,-0.54
2025-08-13T22:12:42Z,0.8,315.31,0.57,-0.56
2025-08-13T22:13:42Z,0.8,336.66,0.74,-0.32
2025-08-13T22:14:42Z,0.71,333.8,0.64,-0.31
2025-08-13T22:15:42Z,0.45,15.93,0.43,0.12
2025-08-13T22:16:42Z,0.38,33.53,0.31,0.21
2025-08-13T22:17:42Z,0.85,57.27,0.46,0.71
2025-08-13T22:18:42Z,0.83,46.47,0.57,0.6
2025-08-13T22:19:42Z,0.59,37.89,0.47,0.36
2025-08-13T22:20:42Z,0.73,46.58,0.5,0.53
2025-08-13T22:21:42Z,0.6,56.53,0.33,0.5
2025-08-13T22:22:42Z,0.44,59.39,0.23,0.38
2025-08-13T22:23:42Z,0.46,343.16,0.44,-0.13
2025-08-13T22:24:42Z,0.68,354.56,0.68,-0.06
2025-08-13T22:25:42Z,0.46,54.45,0.27,0.38
2025-08-13T22:26:42Z,0.59,31.61,0.5,0.31
2025-08-13T22:27:42Z,0.58,339.62,0.55,-0.2
2025-08-13T22:28:42Z,0.53,0.43,0.53,0
2025-08-13T22:29:42Z,0.53,64.47,0.23,0.48
2025-08-13T22:30:42Z,0.65,357.27,0.65,-0.03
2025-08-13T22:31:42Z,0.7,336.43,0.64,-0.28
2025-08-13T22:32:42Z,0.58,37.91,0.46,0.36
2025-08-13T22:33:42Z,0.55,343.83,0.52,-0.15
2025-08-13T22:34:42Z,0.64,38.56,0.5,0.4
2025-08-13T22:35:42Z,0.61,19.51,0.57,0.2
2025-08-13T22:36:42Z,0.68,30.62,0.58,0.35
2025-08-13T22:37:42Z,0.72,11.65,0.71,0.15
2025-08-13T22:38:42Z,0.92,60.56,0.45,0.8
2025-08-13T22:39:42Z,0.54,22.96,0.5,0.21
2025-08-13T22:40:42Z,0.7,43.79,0.5,0.48
2025-08-13T22:41:42Z,0.58,32.3,0.49,0.31
2025-08-13T22:42:42Z,0.7,48.12,0.47,0.52
2025-08-13T22:43:42Z,0.5,10.25,0.49,0.09
2025-08-13T22:44:42Z,0.62,53.76,0.37,0.5
2025-08-13T22:45:42Z,0.69,57.77,0.37,0.59
2025-08-13T22:46:42Z,0.67,3.75,0.67,0.04
2025-08-13T22:47:42Z,0.53,36.3,0.42,0.31
2025-08-13T22:48:42Z,0.55,22.51,0.51,0.21
2025-08-13T22:49:42Z,0.74,22.94,0.68,0.29
2025-08-13T22:50:42Z,0.62,33.85,0.51,0.34
2025-08-13T22:51:42Z,0.68,2.94,0.68,0.04
2025-08-13T22:52:42Z,0.57,23.72,0.52,0.23
2025-08-13T22:53:42Z,0.59,357.44,0.59,-0.03
2025-08-13T22:54:42Z,0.45,341.48,0.43,-0.14
2025-08-13T22:55:42Z,0.42,1.98,0.42,0.01
2025-08-13T22:56:42Z,0.5,33.3,0.42,0.27
2025-08-13T22:57:42Z,0.56,26.8,0.5,0.25
2025-08-13T22:58:42Z,0.65,354.61,0.65,-0.06
2025-08-13T22:59:42Z,0.59,347.29,0.58,-0.13
2025-08-13T23:00:42Z,0.63,60.85,0.31,0.55
2025-08-13T23:01:42Z,0.6,70.46,0.2,0.56
2025-08-13T23:02:42Z,1.3,79.78,0.23,1.28
2025-08-13T23:03:42Z,0.89,59.68,0.45,0.77
2025-08-13T23:04:42Z,0.64,29.54,0.55,0.31
2025-08-13T23:05:42Z,0.73,17.92,0.7,0.22
2025-08-13T23:06:42Z,0.66,22.14,0.61,0.25
2025-08-13T23:07:42Z,0.54,37.32,0.43,0.33
2025-08-13T23:08:42Z,0.51,21.4,0.48,0.19
2025-08-13T23:09:42Z,0.43,55.42,0.24,0.35
2025-08-13T23:10:42Z,0.52,50.41,0.33,0.4
2025-08-13T23:11:42Z,0.83,54.28,0.48,0.67
2025-08-13T23:12:42Z,0.37,58.78,0.19,0.32
2025-08-13T23:13:42Z,0.67,63.5,0.3,0.6
2025-08-13T23:14:42Z,0.58,45.65,0.4,0.41
2025-08-13T23:15:42Z,1.77,89.9,0,1.77
2025-08-13T23:16:42Z,0.77,42.4,0.57,0.52
2025-08-13T23:17:42Z,0.7,59.12,0.36,0.6
2025-08-13T23:18:42Z,0.88,73.72,0.25,0.85
2025-08-13T23:19:42Z,1.53,69.42,0.54,1.43
2025-08-13T23:20:42Z,0.66,46.08,0.46,0.47
2025-08-13T23:21:42Z,0.72,90.04,-0,0.72
2025-08-13T23:22:42Z,0.7,105.77,-0.19,0.68
2025-08-13T23:23:42Z,0.41,70.12,0.14,0.39
2025-08-13T23:24:42Z,0.82,72.89,0.24,0.79
2025-08-13T23:25:42Z,0.53,49.68,0.34,0.4
2025-08-13T23:26:42Z,0.54,59.1,0.27,0.46
2025-08-13T23:27:42Z,1.32,73.08,0.38,1.26
2025-08-13T23:28:42Z,0.75,20.93,0.7,0.27
2025-08-13T23:29:42Z,0.49,142.53,-0.39,0.3
2025-08-13T23:30:42Z,1.24,18.04,1.18,0.38
2025-08-13T23:31:42Z,1.22,58.67,0.63,1.04
2025-08-13T23:32:42Z,0.71,41.23,0.53,0.47
2025-08-13T23:33:42Z,0.63,27.5,0.56,0.29
2025-08-13T23:34:42Z,0.6,32.6,0.51,0.32
2025-08-13T23:35:42Z,0.63,14.64,0.6,0.16
2025-08-13T23:36:42Z,1.2,80.17,0.2,1.18
2025-08-13T23:37:42Z,0.77,74.37,0.21,0.74
2025-08-13T23:38:42Z,1.13,80.39,0.19,1.11
2025-08-13T23:39:42Z,0.71,55.75,0.4,0.59
2025-08-13T23:40:42Z,0.47,71.94,0.15,0.45
2025-08-13T23:41:42Z,0.88,96.39,-0.1,0.87
2025-08-13T23:42:42Z,0.28,76.42,0.07,0.27
2025-08-13T23:43:42Z,0.88,56.1,0.49,0.73
2025-08-13T23:44:42Z,0.73,0.73,0.73,0.01
2025-08-13T23:45:42Z,0.65,14.89,0.63,0.17
2025-08-13T23:46:42Z,0.59,16.8,0.56,0.17
2025-08-13T23:47:42Z,0.78,28.83,0.68,0.38
2025-08-13T23:48:42Z,1.61,44.32,1.15,1.13
2025-08-13T23:49:42Z,0.62,62.81,0.28,0.55
2025-08-13T23:50:42Z,1.53,75.2,0.39,1.47
2025-08-13T23:51:42Z,0.86,69.65,0.3,0.81
2025-08-13T23:52:42Z,0.62,85.29,0.05,0.62
2025-08-13T23:53:42Z,0.6,52.84,0.36,0.48
2025-08-13T23:54:42Z,1.07,59.55,0.54,0.92
2025-08-13T23:55:42Z,0.61,41.91,0.45,0.41
2025-08-13T23:56:42Z,0.41,101.14,-0.08,0.4
2025-08-13T23:57:42Z,0.96,63.35,0.43,0.86
2025-08-13T23:58:42Z,0.64,57.81,0.34,0.54
2025-08-13T23:59:42Z,0.4,341.66,0.38,-0.13
2025-08-14T00:00:42Z,0.7,53.2,0.42,0.56
2025-08-14T00:01:42Z,0.45,25.48,0.41,0.19
2025-08-14T00:02:42Z,0.71,36.11,0.57,0.42
2025-08-14T00:03:42Z,0.61,19.78,0.57,0.21
2025-08-14T00:04:42Z,0.61,345.21,0.59,-0.16
2025-08-14T00:05:42Z,0.37,352.17,0.37,-0.05
2025-08-14T00:06:42Z,0.73,38.94,0.57,0.46
2025-08-14T00:07:42Z,0.68,18.27,0.65,0.21
2025-08-14T00:08:42Z,0.3,20.59,0.28,0.11
2025-08-14T00:09:42Z,0.34,26.97,0.3,0.15
2025-08-14T00:10:42Z,0.41,59.21,0.21,0.35
2025-08-14T00:11:42Z,0.76,18.56,0.72,0.24
2025-08-14T00:12:42Z,0.68,36.77,0.54,0.4
2025-08-14T00:13:42Z,0.72,2.47,0.71,0.03
2025-08-14T00:14:42Z,0.66,48.53,0.44,0.5
2025-08-14T00:15:42Z,0.73,48.49,0.48,0.55
2025-08-14T00:16:42Z,0.61,24.43,0.56,0.25
2025-08-14T00:17:42Z,0.65,12.02,0.64,0.14
2025-08-14T00:18:42Z,0.49,23.53,0.45,0.2
2025-08-14T00:19:42Z,0.94,56.87,0.51,0.79
2025-08-14T00:20:42Z,0.82,5.65,0.82,0.08
2025-08-14T00:21:42Z,0.71,359.25,0.71,-0.01
2025-08-14T00:22:42Z,0.81,341.67,0.77,-0.25
2025-08-14T00:23:42Z,0.69,339.53,0.65,-0.24
2025-08-14T00:24:42Z,0.52,356.35,0.51,-0.03
2025-08-14T00:25:42Z,0.75,330.48,0.66,-0.37
2025-08-14T00:26:42Z,0.28,302.12,0.15,-0.23
2025-08-14T00:27:42Z,0.12,192.64,-0.12,-0.03
2025-08-14T00:28:42Z,1.18,271.29,0.03,-1.18
2025-08-14T00:29:42Z,4.88,252.19,-1.49,-4.65
2025-08-14T00:30:42Z,0.4,219.71,-0.31,-0.25
2025-08-14T00:31:42Z,2.72,246.99,-1.06,-2.51
2025-08-14T00:32:42Z,0.14,261.39,-0.02,-0.14
2025-08-14T00:33:42Z,1.7,119.58,-0.84,1.47
2025-08-14T00:34:42Z,2.15,98.5,-0.32,2.12
2025-08-14T00:35:42Z,0.8,66.45,0.32,0.73
2025-08-14T00:36:42Z,1.26,91.92,-0.04,1.26
2025-08-14T00:37:42Z,1.07,71.77,0.34,1.02
2025-08-14T00:38:42Z,1.07,74.27,0.29,1.03
2025-08-14T00:39:42Z,0.75,54.4,0.43,0.61
2025-08-14T00:40:42Z,1.01,81.93,0.14,1
2025-08-14T00:41:42Z,0.92,62.71,0.42,0.82
2025-08-14T00:42:42Z,0.7,47.74,0.47,0.52
2025-08-14T00:43:42Z,0.81,34.11,0.67,0.46
2025-08-14T00:44:42Z,0.91,31.15,0.78,0.47
2025-08-14T00:45:42Z,0.98,52.57,0.6,0.78
2025-08-14T00:46:42Z,0.72,53.96,0.42,0.58
2025-08-14T00:47:42Z,0.95,56.14,0.53,0.78
2025-08-14T00:48:42Z,0.69,22.11,0.64,0.26
2025-08-14T00:49:42Z,0.47,22.39,0.43,0.18
2025-08-14T00:50:42Z,1.57,93.12,-0.09,1.57
2025-08-14T00:51:42Z,0.84,17.16,0.8,0.25
2025-08-14T00:52:42Z,0.84,12.8,0.82,0.19
2025-08-14T00:53:42Z,0.71,61.41,0.34,0.62
2025-08-14T00:54:42Z,0.53,23.2,0.49,0.21
2025-08-14T00:55:42Z,0.67,335.65,0.61,-0.28
2025-08-14T00:56:42Z,0.51,19.53,0.48,0.17
2025-08-14T00:57:42Z,0.68,25.47,0.61,0.29
2025-08-14T00:58:42Z,0.87,62.04,0.41,0.77
2025-08-14T00:59:42Z,1.4,77.62,0.3,1.37
2025-08-14T01:00:42Z,0.72,10.22,0.71,0.13
2025-08-14T01:01:42Z,0.58,22.23,0.54,0.22
2025-08-14T01:02:42Z,0.67,0.26,0.67,0
2025-08-14T01:03:42Z,0.64,56.39,0.36,0.54
2025-08-14T01:04:42Z,0.55,25.85,0.5,0.24
2025-08-14T01:05:42Z,0.73,65.6,0.3,0.66
2025-08-14T01:06:42Z,0.96,73.72,0.27,0.92
2025-08-14T01:07:42Z,0.79,50.07,0.51,0.61
2025-08-14T01:08:42Z,0.87,71.68,0.27,0.82
2025-08-14T01:09:42Z,0.6,52.05,0.37,0.47
2025-08-14T01:10:42Z,0.67,63.52,0.3,0.6
2025-08-14T01:11:42Z,0.91,48.58,0.6,0.68
2025-08-14T01:12:42Z,1.03,61.67,0.49,0.91
2025-08-14T01:13:42Z,0.94,67.83,0.36,0.87
2025-08-14T01:14:42Z,1.03,59.76,0.52,0.89
2025-08-14T01:15:42Z,1.16,97.93,-0.16,1.14
2025-08-14T01:16:42Z,0.74,99.77,-0.13,0.73
2025-08-14T01:17:42Z,0.69,54.05,0.41,0.56
2025-08-14T01:18:42Z,0.47,52.25,0.29,0.37
2025-08-14T01:19:42Z,1.2,80.29,0.2,1.19
2025-08-14T01:20:42Z,0.97,78.2,0.2,0.95
2025-08-14T01:21:42Z,0.83,54.98,0.48,0.68
2025-08-14T01:22:42Z,0.91,69.39,0.32,0.85
2025-08-14T01:23:42Z,0.62,56.16,0.35,0.52
2025-08-14T01:24:42Z,0.79,61.51,0.38,0.7
2025-08-14T01:25:42Z,0.67,28.33,0.59,0.32
2025-08-14T01:26:42Z,0.9,67.04,0.35,0.83
2025-08-14T01:27:42Z,0.67,5.57,0.67,0.07
2025-08-14T01:28:42Z,0.93,354.83,0.93,-0.08
2025-08-14T01:29:42Z,0.59,7.71,0.58,0.08
2025-08-14T01:30:42Z,0.57,1.41,0.57,0.01
2025-08-14T01:31:42Z,0.79,350.18,0.78,-0.13
2025-08-14T01:32:42Z,0.52,12.87,0.51,0.12
2025-08-14T01:33:42Z,0.56,34.97,0.45,0.32
2025-08-14T01:34:42Z,0.65,348.76,0.64,-0.13
2025-08-14T01:35:42Z,0.49,3.96,0.49,0.03
2025-08-14T01:36:42Z,0.59,27.06,0.53,0.27
2025-08-14T01:37:42Z,0.54,48.68,0.36,0.41
2025-08-14T01:38:42Z,1.21,95.44,-0.11,1.2
2025-08-14T01:39:42Z,1.01,69.45,0.36,0.95
2025-08-14T01:40:42Z,1.02,41.02,0.77,0.67
2025-08-14T01:41:42Z,0.99,68.07,0.37,0.91
2025-08-14T01:42:42Z,0.89,35.66,0.72,0.52
2025-08-14T01:43:42Z,0.7,50.56,0.44,0.54
2025-08-14T01:44:42Z,0.79,23.91,0.72,0.32
2025-08-14T01:45:42Z,0.81,33.9,0.67,0.45
2025-08-14T01:46:42Z,0.87,98.48,-0.13,0.86
2025-08-14T01:47:42Z,1.74,77.58,0.37,1.7
2025-08-14T01:48:42Z,0.83,67.13,0.32,0.77
2025-08-14T01:49:42Z,0.91,33.99,0.75,0.51
2025-08-14T01:50:42Z,0.79,5.79,0.79,0.08
2025-08-14T01:51:42Z,0.96,333.27,0.86,-0.43
2025-08-14T01:52:42Z,0.82,338.35,0.76,-0.3
2025-08-14T01:53:42Z,0.67,338.11,0.62,-0.25
2025-08-14T01:54:42Z,0.57,13.78,0.56,0.14
2025-08-14T01:55:42Z,0.6,347.73,0.58,-0.13
2025-08-14T01:56:42Z,0.67,84.4,0.07,0.67
2025-08-14T01:57:42Z,0.62,70.83,0.2,0.58
2025-08-14T01:58:42Z,0.53,68.94,0.19,0.49
2025-08-14T01:59:42Z,0.61,67.47,0.23,0.56
2025-08-14T02:00:42Z,0.63,44.56,0.45,0.44
2025-08-14T02:01:42Z,1.08,71.48,0.34,1.03
2025-08-14T02:02:42Z,0.67,32.79,0.56,0.36
2025-08-14T02:03:42Z,0.47,8.74,0.47,0.07
2025-08-14T02:04:42Z,0.54,38.7,0.42,0.34
2025-08-14T02:05:42Z,0.6,33.95,0.5,0.33
2025-08-14T02:06:42Z,0.8,2.92,0.8,0.04
2025-08-14T02:07:42Z,0.74,13.06,0.72,0.17
2025-08-14T02:08:42Z,0.47,9.76,0.46,0.08
2025-08-14T02:09:42Z,0.8,57.2,0.43,0.67
2025-08-14T02:10:42Z,0.54,21.6,0.5,0.2
2025-08-14T02:11:42Z,0.51,359.53,0.51,-0
2025-08-14T02:12:42Z,0.65,21.24,0.61,0.24
2025-08-14T02:13:42Z,0.62,12.8,0.6,0.14
2025-08-14T02:14:42Z,0.64,47.77,0.43,0.47
2025-08-14T02:15:42Z,0.66,352.15,0.66,-0.09
2025-08-14T02:16:42Z,0.68,43.79,0.49,0.47
2025-08-14T02:17:42Z,0.67,43.63,0.49,0.46
2025-08-14T02:18:42Z,0.64,45.93,0.44,0.46
2025-08-14T02:19:42Z,0.74,20.2,0.7,0.26
2025-08-14T02:20:42Z,0.59,11.92,0.58,0.12
2025-08-14T02:21:42Z,0.67,348.87,0.65,-0.13
2025-08-14T02:22:42Z,0.64,353.65,0.63,-0.07
2025-08-14T02:23:42Z,0.55,35.09,0.45,0.32
2025-08-14T02:24:42Z,0.46,354.55,0.46,-0.04
2025-08-14T02:25:42Z,0.74,12.94,0.72,0.17
2025-08-14T02:26:42Z,0.58,44.02,0.42,0.41
2025-08-14T02:27:42Z,0.54,30.84,0.47,0.28
2025-08-14T02:28:42Z,0.64,17.04,0.61,0.19
2025-08-14T02:29:42Z,0.59,15.4,0.57,0.16
2025-08-14T02:30:42Z,0.63,24.6,0.57,0.26
2025-08-14T02:31:42Z,0.55,18.07,0.53,0.17
2025-08-14T02:32:42Z,0.74,321.4,0.58,-0.46
2025-08-14T02:33:42Z,0.68,2.54,0.68,0.03
2025-08-14T02:34:42Z,0.65,352.7,0.64,-0.08
2025-08-14T02:35:42Z,0.55,55.62,0.31,0.45
2025-08-14T02:36:42Z,0.78,356.93,0.78,-0.04
2025-08-14T02:37:42Z,0.64,34.28,0.53,0.36
2025-08-14T02:38:42Z,0.67,32.43,0.57,0.36
2025-08-14T02:39:42Z,0.67,36.66,0.54,0.4
2025-08-14T02:40:42Z,0.57,17.35,0.55,0.17
2025-08-14T02:41:42Z,0.9,67.73,0.34,0.83
2025-08-14T02:42:42Z,0.62,7.35,0.62,0.08
2025-08-14T02:43:42Z,0.75,355.17,0.75,-0.06
2025-08-14T02:44:42Z,0.46,37,0.37,0.28
2025-08-14T02:45:42Z,0.55,348.22,0.54,-0.11
2025-08-14T02:46:42Z,0.81,357.69,0.8,-0.03
2025-08-14T02:47:42Z,0.63,341.15,0.6,-0.2
2025-08-14T02:48:42Z,1.3,311.26,0.86,-0.98
2025-08-14T02:49:42Z,0.71,340.23,0.66,-0.24
2025-08-14T02:50:42Z,0.92,344.94,0.89,-0.24
2025-08-14T02:51:42Z,0.93,333.18,0.83,-0.42
2025-08-14T02:52:42Z,0.76,320.66,0.59,-0.48
2025-08-14T02:53:42Z,1.42,289.77,0.48,-1.34
2025-08-14T02:54:42Z,0.65,344.16,0.62,-0.18
2025-08-14T02:55:42Z,0.73,347.53,0.71,-0.16
2025-08-14T02:56:42Z,0.49,4.32,0.49,0.04
2025-08-14T02:57:42Z,0.51,45.56,0.36,0.37
2025-08-14T02:58:42Z,1.06,82,0.15,1.05
2025-08-14T02:59:42Z,0.74,43.27,0.54,0.5
2025-08-14T03:00:42Z,0.68,41.35,0.51,0.45
2025-08-14T03:01:42Z,0.67,12.92,0.65,0.15
2025-08-14T03:02:42Z,0.63,29.67,0.55,0.31
2025-08-14T03:03:42Z,0.77,30.35,0.67,0.39
2025-08-14T03:04:42Z,0.73,30.93,0.63,0.38
2025-08-14T03:05:42Z,0.77,349.5,0.76,-0.14
2025-08-14T03:06:42Z,0.83,338.84,0.78,-0.3
2025-08-14T03:07:42Z,0.93,337.86,0.86,-0.35
2025-08-14T03:08:42Z,1.17,344.21,1.13,-0.32
2025-08-14T03:09:42Z,0.77,308.9,0.48,-0.6
2025-08-14T03:10:42Z,1.12,305.13,0.64,-0.92
2025-08-14T03:11:42Z,0.66,327.25,0.55,-0.36
2025-08-14T03:12:42Z,0.6,356.84,0.6,-0.03
2025-08-14T03:13:42Z,0.66,358.71,0.66,-0.01
2025-08-14T03:14:42Z,0.62,321.24,0.48,-0.39
2025-08-14T03:15:42Z,0.92,316.48,0.67,-0.64
2025-08-14T03:16:42Z,0.58,359.04,0.57,-0.01
2025-08-14T03:17:42Z,1.45,298.98,0.7,-1.27
2025-08-14T03:18:42Z,0.67,342.11,0.64,-0.21
2025-08-14T03:19:42Z,0.73,347.9,0.71,-0.15
2025-08-14T03:20:42Z,0.97,317.05,0.71,-0.66
2025-08-14T03:21:42Z,1.23,320.29,0.95,-0.79
2025-08-14T03:22:42Z,1.3,305.27,0.75,-1.06
2025-08-14T03:23:42Z,1.11,319.55,0.85,-0.72
2025-08-14T03:24:42Z,0.64,7.11,0.63,0.08
2025-08-14T03:25:42Z,0.57,355.21,0.57,-0.05
2025-08-14T03:26:42Z,0.52,347.95,0.51,-0.11
2025-08-14T03:27:42Z,0.78,341.7,0.74,-0.25
2025-08-14T03:28:42Z,0.85,58.78,0.44,0.73
2025-08-14T03:29:42Z,0.71,31.68,0.61,0.37
2025-08-14T03:30:42Z,0.53,38.79,0.41,0.33
2025-08-14T03:31:42Z,0.55,359,0.55,-0.01
2025-08-14T03:32:42Z,0.76,4.37,0.76,0.06
2025-08-14T03:33:42Z,0.68,16.65,0.65,0.2
2025-08-14T03:34:42Z,0.68,333.99,0.61,-0.3
2025-08-14T03:35:42Z,1.09,341.82,1.03,-0.34
2025-08-14T03:36:42Z,0.69,11.43,0.68,0.14
2025-08-14T03:37:42Z,0.69,30.7,0.6,0.35
2025-08-14T03:38:42Z,0.64,43.89,0.46,0.45
2025-08-14T03:39:42Z,0.73,18.79,0.69,0.24
2025-08-14T03:40:42Z,0.63,21.74,0.59,0.23
2025-08-14T03:41:42Z,0.62,349.7,0.61,-0.11
2025-08-14T03:42:42Z,0.57,24.23,0.52,0.23
2025-08-14T03:43:42Z,0.6,19.95,0.56,0.2
2025-08-14T03:44:42Z,0.52,2.84,0.52,0.03
2025-08-14T03:45:42Z,0.37,23.32,0.34,0.15
2025-08-14T03:46:42Z,0.7,10.61,0.68,0.13
2025-08-14T03:47:42Z,0.53,14.26,0.51,0.13
2025-08-14T03:48:42Z,1.36,328.28,1.15,-0.71
2025-08-14T03:49:42Z,0.55,33.43,0.46,0.31
2025-08-14T03:50:42Z,0.44,33.48,0.36,0.24
2025-08-14T03:51:42Z,0.75,342.05,0.71,-0.23
2025-08-14T03:52:42Z,0.62,301.11,0.32,-0.53
2025-08-14T03:53:42Z,0.52,344.19,0.5,-0.14
2025-08-14T03:54:42Z,0.76,337.49,0.7,-0.29
2025-08-14T03:55:42Z,0.55,7.77,0.54,0.07
2025-08-14T03:56:42Z,0.7,25.81,0.63,0.3
2025-08-14T03:57:42Z,0.89,52.74,0.54,0.71
2025-08-14T03:58:42Z,0.79,353.38,0.78,-0.09
2025-08-14T03:59:42Z,0.57,22.13,0.53,0.21
2025-08-14T04:00:42Z,0.63,28.57,0.55,0.3
2025-08-14T04:01:42Z,0.59,11.49,0.58,0.12
2025-08-14T04:02:42Z,0.56,40.97,0.43,0.37
2025-08-14T04:03:42Z,0.5,45.63,0.35,0.36
2025-08-14T04:04:42Z,0.5,61.38,0.24,0.44
2025-08-14T04:05:42Z,1.65,109.19,-0.54,1.56
2025-08-14T04:06:42Z,0.69,62,0.32,0.61
2025-08-14T04:07:42Z,0.59,41.3,0.45,0.39
2025-08-14T04:08:42Z,0.59,349.08,0.58,-0.11
2025-08-14T04:09:42Z,0.55,358.21,0.55,-0.02
2025-08-14T04:10:42Z,0.45,24.41,0.41,0.19
2025-08-14T04:11:42Z,0.71,71.8,0.22,0.67
2025-08-14T04:12:42Z,0.7,47.41,0.48,0.52
2025-08-14T04:13:42Z,0.54,28.88,0.47,0.26
2025-08-14T04:14:42Z,0.88,107.95,-0.27,0.84
2025-08-14T04:15:42Z,0.76,75.21,0.19,0.74
2025-08-14T04:16:42Z,0.91,29.47,0.8,0.45
2025-08-14T04:17:42Z,0.85,82.16,0.12,0.84
2025-08-14T04:18:42Z,0.71,76.5,0.17,0.69
2025-08-14T04:19:42Z,0.9,34.48,0.74,0.51
2025-08-14T04:20:42Z,0.86,68.34,0.32,0.8
2025-08-14T04:21:42Z,0.53,5.59,0.53,0.05
2025-08-14T04:22:42Z,0.88,342.7,0.84,-0.26
2025-08-14T04:23:42Z,0.77,348.39,0.75,-0.15
2025-08-14T04:24:42Z,0.48,58.42,0.25,0.41
2025-08-14T04:25:42Z,0.51,342.54,0.49,-0.15
2025-08-14T04:26:42Z,0.47,349.31,0.46,-0.09
2025-08-14T04:27:42Z,0.74,36.95,0.59,0.45
2025-08-14T04:28:42Z,0.87,51.09,0.55,0.68
2025-08-14T04:29:42Z,0.44,30.58,0.38,0.22
2025-08-14T04:30:42Z,0.8,312.84,0.55,-0.59
2025-08-14T04:31:42Z,0.34,75,0.09,0.33
2025-08-14T04:32:42Z,0.54,15.74,0.52,0.15
2025-08-14T04:33:42Z,0.2,280.61,0.04,-0.19
2025-08-14T04:34:42Z,0.38,52.54,0.23,0.3
2025-08-14T04:35:42Z,1.55,67.1,0.6,1.43
2025-08-14T04:36:42Z,1.24,90.79,-0.02,1.24
2025-08-14T04:37:42Z,1.28,70.82,0.42,1.21
2025-08-14T04:38:42Z,0.91,66.83,0.36,0.83
2025-08-14T04:39:42Z,0.79,66.24,0.32,0.72
2025-08-14T04:40:42Z,1.08,94.33,-0.08,1.08
2025-08-14T04:41:42Z,1.79,98.14,-0.25,1.77
2025-08-14T04:42:42Z,1.6,83.92,0.17,1.59
2025-08-14T04:43:42Z,1.17,51.94,0.72,0.92
2025-08-14T04:44:42Z,1.13,53.47,0.67,0.91
2025-08-14T04:45:42Z,2.26,79.42,0.41,2.22
2025-08-14T04:46:42Z,1.23,70.64,0.41,1.16
2025-08-14T04:47:42Z,1.19,85.49,0.09,1.18
2025-08-14T04:48:42Z,1.29,85.39,0.1,1.29
2025-08-14T04:49:42Z,1.61,74.56,0.43,1.55
2025-08-14T04:50:42Z,2.5,59.58,1.26,2.15
2025-08-14T04:51:42Z,2.13,70.99,0.69,2.02
2025-08-14T04:52:42Z,2.49,57.33,1.34,2.09
2025-08-14T04:53:42Z,1.96,62.78,0.9,1.74
2025-08-14T04:54:42Z,1.37,48.44,0.91,1.02
2025-08-14T04:55:42Z,1.13,67.51,0.43,1.04
2025-08-14T04:56:42Z,1.83,42.92,1.34,1.25
2025-08-14T04:57:42Z,1.29,49.6,0.84,0.98
2025-08-14T04:58:42Z,1.29,52.89,0.78,1.03
2025-08-14T04:59:42Z,1.18,55.31,0.67,0.97
2025-08-14T05:00:42Z,1.06,69.25,0.38,0.99
2025-08-14T05:01:42Z,1.5,69.1,0.54,1.4
2025-08-14T05:02:42Z,1.7,78.99,0.32,1.67
2025-08-14T05:03:42Z,1.18,55.03,0.67,0.96
2025-08-14T05:04:42Z,1.56,85.22,0.13,1.56
2025-08-14T05:05:42Z,2.85,93.79,-0.19,2.84
2025-08-14T05:06:42Z,1.53,82.4,0.2,1.51
2025-08-14T05:07:42Z,1.14,35.39,0.93,0.66
2025-08-14T05:08:42Z,1.03,9.12,1.01,0.16
2025-08-14T05:09:42Z,1.16,334.9,1.05,-0.49
2025-08-14T05:10:42Z,1.9,285.21,0.5,-1.83
2025-08-14T05:11:42Z,2.07,286.53,0.59,-1.98
2025-08-14T05:12:42Z,2.02,299.8,1,-1.75
2025-08-14T05:13:42Z,1.79,312.56,1.21,-1.32
2025-08-14T05:14:42Z,1.32,311.06,0.87,-1
2025-08-14T05:15:42Z,1.13,326.15,0.94,-0.63
2025-08-14T05:16:42Z,2.06,299.51,1.01,-1.79
2025-08-14T05:17:42Z,1.31,311.67,0.87,-0.98
2025-08-14T05:18:42Z,2.98,282.47,0.64,-2.91
2025-08-14T05:19:42Z,4.18,277.27,0.53,-4.15
2025-08-14T05:20:42Z,4.63,272.23,0.18,-4.63
2025-08-14T05:21:42Z,2.5,285.01,0.65,-2.42
2025-08-14T05:22:42Z,3.01,282.42,0.65,-2.94
2025-08-14T05:23:42Z,2.01,290.11,0.69,-1.89
2025-08-14T05:24:42Z,2.11,278.4,0.31,-2.09
2025-08-14T05:25:42Z,2.31,291.27,0.84,-2.15
2025-08-14T05:26:42Z,3.65,280.69,0.68,-3.58
2025-08-14T05:27:42Z,2.95,279.22,0.47,-2.91
2025-08-14T05:28:42Z,3,282.57,0.65,-2.93
2025-08-14T05:29:42Z,3.46,275.19,0.31,-3.44
2025-08-14T05:30:42Z,2.42,292.53,0.93,-2.24
2025-08-14T05:31:42Z,2.81,290.03,0.96,-2.64
2025-08-14T05:32:42Z,2.68,281.1,0.52,-2.63
2025-08-14T05:33:42Z,2.96,277.76,0.4,-2.93
2025-08-14T05:34:42Z,2.51,283.63,0.59,-2.44
2025-08-14T05:35:42Z,2.61,277.72,0.35,-2.59
2025-08-14T05:36:42Z,1.64,304.59,0.93,-1.35
2025-08-14T05:37:42Z,0.98,291.47,0.36,-0.91
2025-08-14T05:38:42Z,2.06,289.51,0.69,-1.94
2025-08-14T05:39:42Z,3.02,287.53,0.91,-2.88
2025-08-14T05:40:42Z,4.98,275.87,0.51,-4.96
2025-08-14T05:41:42Z,3.87,279.93,0.67,-3.81
2025-08-14T05:42:42Z,3.31,286.29,0.93,-3.18
2025-08-14T05:43:42Z,2.71,294.17,1.11,-2.48
2025-08-14T05:44:42Z,1.73,292.14,0.65,-1.61
2025-08-14T05:45:42Z,1.59,303.11,0.87,-1.33
2025-08-14T05:46:42Z,3.05,276.09,0.32,-3.03
2025-08-14T05:47:42Z,1.96,284.77,0.5,-1.9
2025-08-14T05:48:42Z,3.15,280.58,0.58,-3.09
2025-08-14T05:49:42Z,2.15,297.76,1,-1.91
2025-08-14T05:50:42Z,2.77,286.64,0.79,-2.65
2025-08-14T05:51:42Z,3.57,284.06,0.87,-3.46
2025-08-14T05:52:42Z,1.97,284.75,0.5,-1.9
2025-08-14T05:53:42Z,0.98,323.61,0.79,-0.58
2025-08-14T05:54:42Z,2,295.46,0.86,-1.81
2025-08-14T05:55:42Z,1.05,307.35,0.64,-0.84
2025-08-14T05:56:42Z,1.95,284.75,0.5,-1.88
2025-08-14T05:57:42Z,1.77,307.06,1.07,-1.42
2025-08-14T05:58:42Z,1.3,302.92,0.7,-1.09
2025-08-14T05:59:42Z,1.98,290.95,0.71,-1.85
2025-08-14T06:00:42Z,1.74,284.87,0.45,-1.68
2025-08-14T06:01:42Z,1.01,294.19,0.42,-0.93
2025-08-14T06:02:42Z,2.06,284.26,0.51,-1.99
2025-08-14T06:03:42Z,1.33,285.71,0.36,-1.28
2025-08-14T06:04:42Z,2.77,286.77,0.8,-2.65
2025-08-14T06:05:42Z,0.99,288.7,0.32,-0.93
2025-08-14T06:06:42Z,2.08,290.58,0.73,-1.95
2025-08-14T06:07:42Z,0.49,336.5,0.45,-0.2
2025-08-14T06:08:42Z,0.65,13.58,0.63,0.15
2025-08-14T06:09:42Z,0.96,313.77,0.66,-0.69
2025-08-14T06:10:42Z,0.85,328.11,0.72,-0.45
2025-08-14T06:11:42Z,1.06,316.26,0.76,-0.73
2025-08-14T06:12:42Z,1.57,289.53,0.53,-1.48
2025-08-14T06:13:42Z,0.9,296.85,0.41,-0.81
2025-08-14T06:14:42Z,1.62,294.11,0.66,-1.48
2025-08-14T06:15:42Z,1.59,297.13,0.72,-1.41
2025-08-14T06:16:42Z,1.49,298.35,0.71,-1.31
2025-08-14T06:17:42Z,4.07,287.64,1.23,-3.87
2025-08-14T06:18:42Z,1.62,290.71,0.57,-1.51
2025-08-14T06:19:42Z,0.96,297.99,0.45,-0.85
2025-08-14T06:20:42Z,1.53,303.13,0.83,-1.28
2025-08-14T06:21:42Z,0.78,311.25,0.51,-0.58
2025-08-14T06:22:42Z,2.35,291.33,0.85,-2.19
2025-08-14T06:23:42Z,2.35,296.36,1.04,-2.1
2025-08-14T06:24:42Z,0.96,293.82,0.39,-0.88
2025-08-14T06:25:42Z,0.67,338.08,0.62,-0.25
2025-08-14T06:26:42Z,1.01,291.74,0.37,-0.94
2025-08-14T06:27:42Z,0.87,301.67,0.46,-0.74
2025-08-14T06:28:42Z,0.98,299.46,0.48,-0.86
2025-08-14T06:29:42Z,2.4,297.45,1.11,-2.13
2025-08-14T06:30:42Z,2.18,302.57,1.17,-1.84
2025-08-14T06:31:42Z,1.18,330.44,1.03,-0.58
2025-08-14T06:32:42Z,1.32,318.43,0.99,-0.87
2025-08-14T06:33:42Z,1.48,299.07,0.72,-1.29
2025-08-14T06:34:42Z,1.31,332.06,1.15,-0.61
2025-08-14T06:35:42Z,1.83,286.2,0.51,-1.76
2025-08-14T06:36:42Z,2.09,293.37,0.83,-1.92
2025-08-14T06:37:42Z,2.04,289.29,0.67,-1.93
2025-08-14T06:38:42Z,2.5,297.32,1.15,-2.22
2025-08-14T06:39:42Z,2.46,285,0.64,-2.37
2025-08-14T06:40:42Z,2.87,282.46,0.62,-2.8
2025-08-14T06:41:42Z,2.28,292.82,0.88,-2.1
2025-08-14T06:42:42Z,2.16,293.76,0.87,-1.97
2025-08-14T06:43:42Z,1.69,300.93,0.87,-1.45
2025-08-14T06:44:42Z,2.04,309,1.28,-1.58
2025-08-14T06:45:42Z,1.05,309.96,0.67,-0.8
2025-08-14T06:46:42Z,0.79,335.46,0.72,-0.33
2025-08-14T06:47:42Z,0.59,301,0.3,-0.5
2025-08-14T06:48:42Z,0.86,310.45,0.56,-0.65
2025-08-14T06:49:42Z,0.62,354.25,0.62,-0.06
2025-08-14T06:50:42Z,0.58,36.72,0.46,0.35
2025-08-14T06:51:42Z,0.62,321.29,0.48,-0.39
2025-08-14T06:52:42Z,0.77,337.92,0.72,-0.29
2025-08-14T06:53:42Z,0.52,342.87,0.5,-0.15
2025-08-14T06:54:42Z,0.8,9.31,0.79,0.13
2025-08-14T06:55:42Z,0.52,15.63,0.5,0.14
2025-08-14T06:56:42Z,0.67,32.64,0.57,0.36
2025-08-14T06:57:42Z,0.82,347.71,0.8,-0.17
2025-08-14T06:58:42Z,0.46,10.18,0.46,0.08
2025-08-14T06:59:42Z,0.64,337.47,0.59,-0.25
2025-08-14T07:00:42Z,0.76,354.22,0.76,-0.08
2025-08-14T07:01:42Z,1,0.21,1,0
2025-08-14T07:02:42Z,0.69,0.73,0.69,0.01
2025-08-14T07:03:42Z,0.5,3.43,0.5,0.03
2025-08-14T07:04:42Z,0.71,336.38,0.65,-0.29
2025-08-14T07:05:42Z,0.63,6.83,0.62,0.07
2025-08-14T07:06:42Z,0.41,10.72,0.4,0.08
2025-08-14T07:07:42Z,0.65,324.54,0.53,-0.38
2025-08-14T07:08:42Z,0.87,16.8,0.83,0.25
2025-08-14T07:09:42Z,1.13,43.59,0.82,0.78
2025-08-14T07:10:42Z,0.53,355.25,0.52,-0.04
2025-08-14T07:11:42Z,0.91,333.14,0.81,-0.41
2025-08-14T07:12:42Z,0.87,359.22,0.87,-0.01
2025-08-14T07:13:42Z,0.63,17.71,0.6,0.19
2025-08-14T07:14:42Z,0.56,311.59,0.37,-0.42
2025-08-14T07:15:42Z,0.82,337.05,0.76,-0.32
2025-08-14T07:16:42Z,0.65,20.4,0.61,0.23
2025-08-14T07:17:42Z,0.48,337.6,0.45,-0.18
2025-08-14T07:18:42Z,0.96,309.78,0.61,-0.74
2025-08-14T07:19:42Z,0.9,25.72,0.81,0.39
2025-08-14T07:20:42Z,1.1,342.31,1.05,-0.33
2025-08-14T07:21:42Z,0.7,40.78,0.53,0.46
2025-08-14T07:22:42Z,1.14,44.76,0.81,0.8
2025-08-14T07:23:42Z,1.32,63.89,0.58,1.19
2025-08-14T07:24:42Z,1.24,58.71,0.64,1.06
2025-08-14T07:25:42Z,1.76,19.79,1.66,0.6
2025-08-14T07:26:42Z,0.66,325.94,0.55,-0.37
2025-08-14T07:27:42Z,0.67,359.92,0.67,-0
2025-08-14T07:28:42Z,0.92,341.82,0.87,-0.29
2025-08-14T07:29:42Z,0.75,21.34,0.7,0.27
2025-08-14T07:30:42Z,2.68,65.54,1.11,2.44
2025-08-14T07:31:42Z,2.16,73.47,0.62,2.07
2025-08-14T07:32:42Z,1.85,36.13,1.49,1.09
2025-08-14T07:33:42Z,3.94,36.72,3.16,2.36
2025-08-14T07:34:42Z,3.1,85.47,0.24,3.09
2025-08-14T07:35:42Z,2.85,87.18,0.14,2.85
2025-08-14T07:36:42Z,1.85,79.23,0.35,1.82
2025-08-14T07:37:42Z,1.83,80.26,0.31,1.8
2025-08-14T07:38:42Z,1.57,85.59,0.12,1.57
2025-08-14T07:39:42Z,0.72,27.03,0.64,0.33
2025-08-14T07:40:42Z,0.82,342.31,0.78,-0.25
2025-08-14T07:41:42Z,1.56,78.8,0.3,1.53
2025-08-14T07:42:42Z,0.93,17.87,0.88,0.28
2025-08-14T07:43:42Z,0.82,35.81,0.67,0.48
2025-08-14T07:44:42Z,1.66,63.85,0.73,1.49
2025-08-14T07:45:42Z,1.96,79.55,0.36,1.93
2025-08-14T07:46:42Z,2.45,5.76,2.44,0.25
2025-08-14T07:47:42Z,1.39,76.84,0.32,1.35
2025-08-14T07:48:42Z,1.44,111.7,-0.53,1.34
2025-08-14T07:49:42Z,1.6,75.4,0.4,1.54
2025-08-14T07:50:42Z,3.04,87.81,0.12,3.03
2025-08-14T07:51:42Z,0.64,80.09,0.11,0.63
2025-08-14T07:52:42Z,0.82,44.02,0.59,0.57
2025-08-14T07:53:42Z,0.7,24.34,0.64,0.29
2025-08-14T07:54:42Z,3.28,58.89,1.69,2.81
2025-08-14T07:55:42Z,2.18,86.16,0.15,2.18
2025-08-14T07:56:42Z,1.43,79.06,0.27,1.4
2025-08-14T07:57:42Z,0.93,55.99,0.52,0.77
2025-08-14T07:58:42Z,2.46,76.01,0.59,2.38
2025-08-14T07:59:42Z,2.71,74.66,0.72,2.62
2025-08-14T08:00:42Z,5.79,61.14,2.79,5.07
2025-08-14T08:01:42Z,4,79.83,0.71,3.94
2025-08-14T08:02:42Z,1.4,36.85,1.12,0.84
2025-08-14T08:03:42Z,0.93,333.31,0.84,-0.42
2025-08-14T08:04:42Z,2.25,291.87,0.84,-2.08
2025-08-14T08:05:42Z,1.01,322.08,0.8,-0.62
2025-08-14T08:06:42Z,0.87,45.73,0.61,0.62
2025-08-14T08:07:42Z,1.27,40.11,0.97,0.82
2025-08-14T08:08:42Z,3.61,75.34,0.91,3.49
2025-08-14T08:09:42Z,4.95,42.15,3.67,3.32
2025-08-14T08:10:42Z,2.8,30.83,2.4,1.43
2025-08-14T08:11:42Z,4.19,51.47,2.61,3.28
2025-08-14T08:12:42Z,1.84,46.43,1.27,1.33
2025-08-14T08:13:42Z,1.96,94.88,-0.17,1.95
2025-08-14T08:14:42Z,2.63,116.54,-1.17,2.35
2025-08-14T08:15:42Z,1.45,102.3,-0.31,1.42
2025-08-14T08:16:42Z,1.22,296.66,0.55,-1.09
2025-08-14T08:17:42Z,0.84,350.65,0.83,-0.14
2025-08-14T08:18:42Z,0.73,69.55,0.26,0.68
2025-08-14T08:19:42Z,1.52,87.7,0.06,1.51
2025-08-14T08:20:42Z,1.39,84.84,0.12,1.38
2025-08-14T08:21:42Z,0.23,95.56,-0.02,0.23
2025-08-14T08:22:42Z,1.25,288.38,0.4,-1.19
2025-08-14T08:23:42Z,0.27,23.08,0.25,0.11
2025-08-14T08:24:42Z,1.25,91.91,-0.04,1.25
2025-08-14T08:25:42Z,1.48,56.86,0.81,1.24
2025-08-14T08:26:42Z,0.6,38.63,0.47,0.37
2025-08-14T08:27:42Z,0.89,47.71,0.6,0.66
2025-08-14T08:28:42Z,1.83,80.67,0.3,1.81
2025-08-14T08:29:42Z,0.93,339.79,0.88,-0.32
2025-08-14T08:30:42Z,1.19,18.47,1.13,0.38
2025-08-14T08:31:42Z,2.7,84.45,0.26,2.69
2025-08-14T08:32:42Z,3.42,81.54,0.5,3.38
2025-08-14T08:33:42Z,3.73,75.25,0.95,3.61
2025-08-14T08:34:42Z,3.59,39.18,2.79,2.27
2025-08-14T08:35:42Z,4.81,342.84,4.6,-1.42
2025-08-14T08:36:42Z,4.72,358.58,4.72,-0.12
2025-08-14T08:37:42Z,4.29,48.76,2.83,3.23
2025-08-14T08:38:42Z,2.26,20.94,2.11,0.81
2025-08-14T08:39:42Z,1.25,5.54,1.24,0.12
2025-08-14T08:40:42Z,1.81,26.31,1.62,0.8
2025-08-14T08:41:42Z,1.05,34.07,0.87,0.59
2025-08-14T08:42:42Z,2.11,57.25,1.14,1.77
2025-08-14T08:43:42Z,1.43,83.58,0.16,1.42
2025-08-14T08:44:42Z,1.66,97.72,-0.22,1.64
2025-08-14T08:45:42Z,2.66,92.46,-0.11,2.65
2025-08-14T08:46:42Z,3.07,104.57,-0.77,2.97
2025-08-14T08:47:42Z,5.32,97.31,-0.68,5.28
2025-08-14T08:48:42Z,5.44,86.68,0.31,5.43
2025-08-14T08:49:42Z,5.61,71.89,1.75,5.34
2025-08-14T08:50:42Z,2.77,95.96,-0.29,2.76
2025-08-14T08:51:42Z,4.35,80.62,0.71,4.29
2025-08-14T08:52:42Z,2.55,78.38,0.51,2.5
2025-08-14T08:53:42Z,1.23,71.99,0.38,1.17
2025-08-14T08:54:42Z,0.88,11.83,0.86,0.18
2025-08-14T08:55:42Z,1.33,347.08,1.3,-0.3
2025-08-14T08:56:42Z,1.23,343.12,1.18,-0.36
2025-08-14T08:57:42Z,0.77,13.78,0.75,0.18
2025-08-14T08:58:42Z,0.75,59,0.38,0.64
2025-08-14T08:59:42Z,0.76,46.76,0.52,0.56
2025-08-14T09:00:42Z,1.16,62.68,0.53,1.03
2025-08-14T09:01:42Z,3.83,73.64,1.08,3.68
2025-08-14T09:02:42Z,1.38,95.13,-0.12,1.38
2025-08-14T09:03:42Z,1.81,92.4,-0.08,1.8
2025-08-14T09:04:42Z,1.77,87.03,0.09,1.77
2025-08-14T09:05:42Z,0.81,27.4,0.72,0.37
2025-08-14T09:06:42Z,0.75,11.87,0.73,0.15
2025-08-14T09:07:42Z,0.82,1.01,0.82,0.01
2025-08-14T09:08:42Z,0.87,51.69,0.54,0.69
2025-08-14T09:09:42Z,0.85,344.69,0.82,-0.23
2025-08-14T09:10:42Z,1.08,339.64,1.01,-0.38
2025-08-14T09:11:42Z,1.31,348.75,1.28,-0.26
2025-08-14T09:12:42Z,0.77,15.06,0.74,0.2
2025-08-14T09:13:42Z,1.45,329.31,1.25,-0.74
2025-08-14T09:14:42Z,1.15,30.16,1,0.58
2025-08-14T09:15:42Z,0.88,6.79,0.88,0.1
2025-08-14T09:16:42Z,1.17,77.87,0.25,1.15
2025-08-14T09:17:42Z,0.55,35.66,0.45,0.32
2025-08-14T09:18:42Z,0.87,21.09,0.81,0.31
2025-08-14T09:19:42Z,1.53,17.1,1.47,0.45
2025-08-14T09:20:42Z,1.08,333.66,0.96,-0.48
2025-08-14T09:21:42Z,1.48,335.67,1.35,-0.61
2025-08-14T09:22:42Z,1.06,337.24,0.98,-0.41
2025-08-14T09:23:42Z,0.8,354.74,0.8,-0.07
2025-08-14T09:24:42Z,0.99,32.39,0.84,0.53
2025-08-14T09:25:42Z,0.78,40.34,0.59,0.5
2025-08-14T09:26:42Z,0.64,5.95,0.63,0.07
2025-08-14T09:27:42Z,0.81,351.97,0.8,-0.11
2025-08-14T09:28:42Z,0.56,29.27,0.49,0.27
2025-08-14T09:29:42Z,1.02,339.59,0.95,-0.35
2025-08-14T09:30:42Z,0.4,0.61,0.4,0
