DateTime,Speed,Heading,Velocity_N,Velocity_E
2025-08-01T14:45:50.000,0.83,247.27,-0.32,-0.77
2025-08-01T14:46:50.000,1.57,291.24,0.57,-1.47
2025-08-01T14:47:50.000,0.87,140.78,-0.68,0.55
2025-08-01T14:48:50.000,1.3,356.43,1.3,-0.08
2025-08-01T14:49:50.000,1.04,279.88,0.18,-1.02
2025-08-01T14:50:50.000,2.95,22.9,2.71,1.15
2025-08-01T14:51:50.000,0.86,313.64,0.59,-0.62
2025-08-01T14:52:50.000,6.07,149.34,-5.22,3.09
2025-08-01T14:53:50.000,0.87,264.8,-0.08,-0.87
2025-08-01T14:54:50.000,2.14,186.94,-2.12,-0.26
2025-08-01T14:55:50.000,2.99,174.43,-2.98,0.29
2025-08-01T14:56:50.000,2.8,181.13,-2.8,-0.06
2025-08-01T14:57:50.000,2.96,356.14,2.95,-0.2
2025-08-01T14:58:50.000,2.65,355.94,2.64,-0.19
2025-08-01T14:59:50.000,2.44,24.28,2.22,1
2025-08-01T15:00:50.000,2.06,52.33,1.26,1.63
2025-08-01T15:01:50.000,1.96,87.31,0.09,1.96
2025-08-01T15:02:50.000,2.68,55.8,1.51,2.22
2025-08-01T15:03:50.000,2.6,98.15,-0.37,2.57
2025-08-01T15:04:50.000,4.84,33.6,4.04,2.68
2025-08-01T15:05:50.000,4.44,58.8,2.3,3.8
2025-08-01T15:06:50.000,0.84,264.98,-0.07,-0.83
2025-08-01T15:07:50.000,1.28,300.47,0.65,-1.1
2025-08-01T15:08:50.000,2.63,341.07,2.49,-0.85
2025-08-01T15:09:50.000,0.64,190.97,-0.63,-0.12
2025-08-01T15:10:50.000,2.82,19.25,2.66,0.93
2025-08-01T15:11:50.000,0.62,340.51,0.58,-0.21
2025-08-01T15:12:50.000,1.45,83.14,0.17,1.44
2025-08-01T15:13:50.000,2.08,299.21,1.02,-1.82
2025-08-01T15:14:50.000,1.57,313.69,1.08,-1.13
2025-08-01T15:15:50.000,1.79,358.87,1.78,-0.04
2025-08-01T15:16:50.000,1.76,5.59,1.75,0.17
2025-08-01T15:17:50.000,1.03,254.19,-0.28,-1
2025-08-01T15:18:50.000,1.11,316.84,0.81,-0.76
2025-08-01T15:19:50.000,1.81,205.42,-1.63,-0.78
2025-08-01T15:20:50.000,0.46,238.89,-0.24,-0.39
2025-08-01T15:21:50.000,0.11,110.15,-0.04,0.11
2025-08-01T15:22:50.000,0.55,236.61,-0.3,-0.46
2025-08-01T15:23:50.000,0.29,229.48,-0.19,-0.22
2025-08-01T15:24:50.000,2.36,112.83,-0.92,2.18
2025-08-01T15:25:50.000,1.71,343.86,1.64,-0.47
2025-08-01T15:26:50.000,2.13,34.1,1.76,1.19
2025-08-01T15:27:50.000,0.5,33.94,0.41,0.28
2025-08-01T15:28:50.000,2.15,355.87,2.14,-0.15
2025-08-01T15:29:50.000,0.96,297.76,0.45,-0.85
2025-08-01T15:30:50.000,2.67,43.97,1.92,1.86
2025-08-01T15:31:50.000,4.49,26.56,4.02,2.01
2025-08-01T15:32:50.000,0.65,252,-0.2,-0.62
2025-08-01T15:33:50.000,1.89,277.99,0.26,-1.87
2025-08-01T15:34:50.000,1.79,323.45,1.44,-1.07
2025-08-01T15:35:50.000,3.45,358.32,3.45,-0.1
2025-08-01T15:36:50.000,2.03,9.85,2,0.35
2025-08-01T15:37:50.000,3.4,348.8,3.34,-0.66
2025-08-01T15:38:50.000,3.08,3.84,3.07,0.21
2025-08-01T15:39:50.000,6.29,22.53,5.81,2.41
2025-08-01T15:40:50.000,2.06,336.67,1.89,-0.82
2025-08-01T15:41:50.000,3.51,342.56,3.35,-1.05
2025-08-01T15:42:50.000,2.51,332.17,2.22,-1.17
2025-08-01T15:43:50.000,2.7,336.46,2.47,-1.08
2025-08-01T15:44:50.000,2.7,343.15,2.59,-0.78
2025-08-01T15:45:50.000,2.45,316.19,1.77,-1.7
2025-08-01T15:46:50.000,2.18,343.53,2.09,-0.62
2025-08-01T15:47:50.000,1,311.57,0.67,-0.75
2025-08-01T15:48:50.000,0.53,256.51,-0.12,-0.51
2025-08-01T15:49:50.000,0.97,289.78,0.33,-0.91
2025-08-01T15:50:50.000,0.31,13.79,0.3,0.07
2025-08-01T15:51:50.000,2.51,141.99,-1.98,1.55
2025-08-01T15:52:50.000,0.24,39.02,0.18,0.15
2025-08-01T15:53:50.000,1.31,347.65,1.28,-0.28
2025-08-01T15:54:50.000,1.13,337.84,1.05,-0.43
2025-08-01T15:55:50.000,2.04,304.81,1.17,-1.68
2025-08-01T15:56:50.000,1.24,306.91,0.75,-0.99
2025-08-01T15:57:50.000,2.85,333.09,2.54,-1.29
2025-08-01T15:58:50.000,3.97,332.6,3.52,-1.83
2025-08-01T15:59:50.000,2.71,352.35,2.69,-0.36
2025-08-01T16:00:50.000,2.64,322.84,2.11,-1.6
2025-08-01T16:01:50.000,2.51,323.48,2.02,-1.5
2025-08-01T16:02:50.000,3.52,334.44,3.17,-1.52
2025-08-01T16:03:50.000,3.93,320.3,3.02,-2.51
2025-08-01T16:04:50.000,4.88,340.76,4.61,-1.61
2025-08-01T16:05:50.000,5.86,339.81,5.5,-2.02
2025-08-01T16:06:50.000,4.25,341.57,4.03,-1.34
2025-08-01T16:07:50.000,2.52,338.68,2.35,-0.92
2025-08-01T16:08:50.000,2.19,335.49,1.99,-0.91
2025-08-01T16:09:50.000,2.36,319.49,1.79,-1.53
2025-08-01T16:10:50.000,1.66,312.24,1.12,-1.23
2025-08-01T16:11:50.000,2.06,319.56,1.57,-1.34
2025-08-01T16:12:50.000,2.73,309.06,1.72,-2.12
2025-08-01T16:13:50.000,2.74,289.71,0.92,-2.58
2025-08-01T16:14:50.000,4.01,326.32,3.34,-2.22
2025-08-01T16:15:50.000,4.25,325.6,3.5,-2.4
2025-08-01T16:16:50.000,3.6,340.53,3.39,-1.2
2025-08-01T16:17:50.000,4.15,328.27,3.53,-2.18
2025-08-01T16:18:50.000,3.74,335.29,3.4,-1.56
2025-08-01T16:19:50.000,5.08,333.27,4.54,-2.28
2025-08-01T16:20:50.000,3.19,327.75,2.7,-1.7
2025-08-01T16:21:50.000,2.58,355.6,2.58,-0.2
2025-08-01T16:22:50.000,3.83,356.25,3.82,-0.25
2025-08-01T16:23:50.000,4.35,348.37,4.26,-0.88
2025-08-01T16:24:50.000,3.7,343.48,3.55,-1.05
2025-08-01T16:25:50.000,3.41,343.83,3.27,-0.95
2025-08-01T16:26:50.000,2.53,12.4,2.47,0.54
2025-08-01T16:27:50.000,3.23,11.41,3.17,0.64
2025-08-01T16:28:50.000,2.08,357.15,2.08,-0.1
2025-08-01T16:29:50.000,2.38,3.99,2.37,0.17
2025-08-01T16:30:50.000,2.1,336.05,1.92,-0.85
2025-08-01T16:31:50.000,2.46,0.65,2.46,0.03
2025-08-01T16:32:50.000,3.36,14.13,3.26,0.82
2025-08-01T16:33:50.000,1.13,17.22,1.08,0.34
2025-08-01T16:34:50.000,1.45,339.82,1.36,-0.5
2025-08-01T16:35:50.000,2.81,342.83,2.68,-0.83
2025-08-01T16:36:50.000,1.55,336.76,1.42,-0.61
2025-08-01T16:37:50.000,4.02,332.29,3.56,-1.87
2025-08-01T16:38:50.000,2.78,338.27,2.58,-1.03
2025-08-01T16:39:50.000,3.71,325.85,3.07,-2.08
2025-08-01T16:40:50.000,3.79,172.56,-3.76,0.49
2025-08-01T16:41:50.000,3.25,192.41,-3.17,-0.7
2025-08-01T16:42:50.000,1.03,176.19,-1.03,0.07
2025-08-01T16:43:50.000,1.8,212.89,-1.51,-0.98
2025-08-01T16:44:50.000,0.97,289.91,0.33,-0.92
2025-08-01T16:45:50.000,1.57,334.09,1.42,-0.69
2025-08-01T16:46:50.000,2.62,352.51,2.59,-0.34
2025-08-01T16:47:50.000,4.45,327.15,3.73,-2.41
2025-08-01T16:48:50.000,4.05,333.31,3.62,-1.82
2025-08-01T16:49:50.000,4.77,336.29,4.37,-1.92
2025-08-01T16:50:50.000,4.36,333.33,3.9,-1.96
2025-08-01T16:51:50.000,5.54,340.93,5.24,-1.81
2025-08-01T16:52:50.000,4.17,341.86,3.96,-1.3
2025-08-01T16:53:50.000,4.2,339.28,3.93,-1.49
2025-08-01T16:54:50.000,4.29,337.29,3.96,-1.66
2025-08-01T16:55:50.000,4.39,339.99,4.12,-1.5
2025-08-01T16:56:50.000,3.91,344.44,3.77,-1.05
2025-08-01T16:57:50.000,4.75,341.08,4.49,-1.54
2025-08-01T16:58:50.000,3.95,345.46,3.83,-0.99
2025-08-01T16:59:50.000,3.18,333.94,2.86,-1.4
2025-08-01T17:00:50.000,2.51,309.64,1.6,-1.93
2025-08-01T17:01:50.000,3.43,281.27,0.67,-3.36
2025-08-01T17:02:50.000,3.25,338.62,3.02,-1.18
2025-08-01T17:03:50.000,3.54,331,3.1,-1.72
2025-08-01T17:04:50.000,2.93,332.56,2.6,-1.35
2025-08-01T17:05:50.000,4.06,343.58,3.89,-1.15
2025-08-01T17:06:50.000,2.78,339.82,2.61,-0.96
2025-08-01T17:07:50.000,2.55,327.09,2.14,-1.39
2025-08-01T17:08:50.000,1.36,322.79,1.08,-0.82
2025-08-01T17:09:50.000,1.93,301.72,1.01,-1.64
2025-08-01T17:10:50.000,2.01,300.02,1.01,-1.74
2025-08-01T17:11:50.000,2.56,301.9,1.35,-2.17
2025-08-01T17:12:50.000,3.24,310.51,2.1,-2.46
2025-08-01T17:13:50.000,2.74,338.49,2.55,-1
2025-08-01T17:14:50.000,3.66,326.11,3.04,-2.04
2025-08-01T17:15:50.000,2.75,293.98,1.12,-2.51
2025-08-01T17:16:50.000,3.14,277.37,0.4,-3.12
2025-08-01T17:17:50.000,3.39,293.24,1.34,-3.11
2025-08-01T17:18:50.000,3.81,321.52,2.98,-2.37
2025-08-01T17:19:50.000,3.78,312.93,2.57,-2.77
2025-08-01T17:20:50.000,3.93,324.05,3.18,-2.31
2025-08-01T17:21:50.000,3.76,337.47,3.47,-1.44
2025-08-01T17:22:50.000,3.28,332.63,2.91,-1.51
2025-08-01T17:23:50.000,4.01,331.92,3.54,-1.89
2025-08-01T17:24:50.000,4.07,339.73,3.81,-1.41
2025-08-01T17:25:50.000,2.7,304.01,1.51,-2.24
2025-08-01T17:26:50.000,2.02,341.43,1.91,-0.64
2025-08-01T17:27:50.000,3.74,302.78,2.02,-3.14
2025-08-01T17:28:50.000,2.6,294.91,1.1,-2.36
2025-08-01T17:29:50.000,2.85,310.17,1.84,-2.18
2025-08-01T17:30:50.000,4.48,298.7,2.15,-3.93
2025-08-01T17:31:50.000,2.09,278.41,0.31,-2.07
2025-08-01T17:32:50.000,4.96,299.47,2.44,-4.32
2025-08-01T17:33:50.000,4.25,303.15,2.32,-3.55
2025-08-01T17:34:50.000,3.63,286.13,1.01,-3.49
2025-08-01T17:35:50.000,7.49,302.68,4.05,-6.31
2025-08-01T17:36:50.000,4.07,298.5,1.94,-3.58
2025-08-01T17:37:50.000,3.01,301.09,1.55,-2.58
2025-08-01T17:38:50.000,5.75,313.31,3.94,-4.18
2025-08-01T17:39:50.000,3.31,314.02,2.3,-2.38
2025-08-01T17:40:50.000,6.16,292.87,2.39,-5.67
2025-08-01T17:41:50.000,3.98,272.59,0.18,-3.98
2025-08-01T17:42:50.000,3.91,306.64,2.34,-3.14
2025-08-01T17:43:50.000,6.64,302.32,3.55,-5.61
2025-08-01T17:44:50.000,6.22,296.37,2.76,-5.57
2025-08-01T17:45:50.000,6.01,293.68,2.41,-5.5
2025-08-01T17:46:50.000,3.7,297,1.68,-3.3
2025-08-01T17:47:50.000,4.82,288.43,1.52,-4.57
2025-08-01T17:48:50.000,3.25,297,1.47,-2.89
2025-08-01T17:49:50.000,1.76,324.15,1.43,-1.03
2025-08-01T17:50:50.000,2.49,335.16,2.26,-1.04
2025-08-01T17:51:50.000,3.57,302.6,1.92,-3.01
2025-08-01T17:52:50.000,8.5,296.52,3.8,-7.6
2025-08-01T17:53:50.000,3.92,283.02,0.88,-3.82
2025-08-01T17:54:50.000,6.93,302.51,3.72,-5.84
2025-08-01T17:55:50.000,6.35,283.29,1.46,-6.18
2025-08-01T17:56:50.000,6.09,302.58,3.28,-5.13
2025-08-01T17:57:50.000,6.37,281.35,1.26,-6.25
2025-08-01T17:58:50.000,4.04,313.65,2.79,-2.93
2025-08-01T17:59:50.000,3.78,312.43,2.55,-2.79
2025-08-01T18:00:50.000,5.05,289.65,1.7,-4.75
2025-08-01T18:01:50.000,3.9,298.28,1.85,-3.44
2025-08-01T18:02:50.000,3.8,284.26,0.94,-3.69
2025-08-01T18:03:50.000,3.91,311.73,2.6,-2.92
2025-08-01T18:04:50.000,2.55,303.63,1.41,-2.12
2025-08-01T18:05:50.000,6.9,285.71,1.87,-6.64
2025-08-01T18:06:50.000,6.42,283.29,1.48,-6.24
2025-08-01T18:07:50.000,4.43,286.52,1.26,-4.25
2025-08-01T18:08:50.000,5.51,306.97,3.32,-4.4
2025-08-01T18:09:50.000,9.45,293.3,3.74,-8.68
2025-08-01T18:10:50.000,6.64,286.13,1.84,-6.38
2025-08-01T18:11:50.000,2.74,293.14,1.08,-2.52
2025-08-01T18:12:50.000,4.27,297.47,1.97,-3.79
2025-08-01T18:13:50.000,2.13,308.5,1.33,-1.67
2025-08-01T18:14:50.000,7.25,276.01,0.76,-7.21
2025-08-01T18:15:50.000,3.78,272.51,0.17,-3.77
2025-08-01T18:16:50.000,3.85,300.64,1.96,-3.32
2025-08-01T18:17:50.000,3.39,282.78,0.75,-3.3
2025-08-01T18:18:50.000,4.85,296.44,2.16,-4.34
2025-08-01T18:19:50.000,2.04,278.5,0.3,-2.02
2025-08-01T18:20:50.000,1.66,257.59,-0.36,-1.62
2025-08-01T18:21:50.000,4.07,293.72,1.64,-3.73
2025-08-01T18:22:50.000,4.63,257.51,-1,-4.52
2025-08-01T18:23:50.000,3.42,324.05,2.77,-2.01
2025-08-01T18:24:50.000,2.86,263.27,-0.34,-2.85
2025-08-01T18:25:50.000,4.17,271.12,0.08,-4.17
2025-08-01T18:26:50.000,2.54,273.87,0.17,-2.53
2025-08-01T18:27:50.000,4.55,251.32,-1.46,-4.31
2025-08-01T18:28:50.000,5.93,274.31,0.45,-5.91
2025-08-01T18:29:50.000,1.85,275.99,0.19,-1.84
2025-08-01T18:30:50.000,4.62,269.88,-0.01,-4.62
2025-08-01T18:31:50.000,5.47,264.84,-0.49,-5.45
2025-08-01T18:32:50.000,5.89,265.41,-0.47,-5.87
2025-08-01T18:33:50.000,4.01,244.06,-1.75,-3.61
2025-08-01T18:34:50.000,6.04,255.75,-1.49,-5.85
2025-08-01T18:35:50.000,1.65,300.07,0.83,-1.43
2025-08-01T18:36:50.000,2.93,295.42,1.26,-2.64
2025-08-01T18:37:50.000,4.25,269.16,-0.06,-4.25
2025-08-01T18:38:50.000,6.07,269.61,-0.04,-6.07
2025-08-01T18:39:50.000,4.99,294.75,2.09,-4.53
2025-08-01T18:40:50.000,3.01,292.55,1.15,-2.78
2025-08-01T18:41:50.000,4.59,269.77,-0.02,-4.59
2025-08-01T18:42:50.000,7.55,285.17,1.98,-7.29
2025-08-01T18:43:50.000,5.66,288.46,1.79,-5.37
2025-08-01T18:44:50.000,6.17,263.71,-0.68,-6.14
2025-08-01T18:45:50.000,6.63,302.24,3.54,-5.6
2025-08-01T18:46:50.000,4.61,291.23,1.67,-4.3
2025-08-01T18:47:50.000,8.4,280.69,1.56,-8.25
2025-08-01T18:48:50.000,7.91,268.6,-0.19,-7.91
2025-08-01T18:49:50.000,7.3,289.43,2.43,-6.89
2025-08-01T18:50:50.000,4.2,279.57,0.7,-4.14
2025-08-01T18:51:50.000,4.24,279.27,0.68,-4.19
2025-08-01T18:52:50.000,8.98,294.29,3.7,-8.19
2025-08-01T18:53:50.000,2.86,300.48,1.45,-2.47
2025-08-01T18:54:50.000,3.89,280.23,0.69,-3.83
2025-08-01T18:55:50.000,8.51,279.36,1.38,-8.4
2025-08-01T18:56:50.000,4.83,293.1,1.89,-4.44
2025-08-01T18:57:50.000,3.12,297.02,1.42,-2.78
2025-08-01T18:58:50.000,2.78,285.06,0.72,-2.68
2025-08-01T18:59:50.000,5.09,277.29,0.65,-5.05
2025-08-01T19:00:50.000,2.49,276.98,0.3,-2.47
2025-08-01T19:01:50.000,2.73,305.37,1.58,-2.23
2025-08-01T19:02:50.000,1.74,285.36,0.46,-1.68
2025-08-01T19:03:50.000,1.67,322.46,1.33,-1.02
2025-08-01T19:04:50.000,0.26,342.3,0.25,-0.08
2025-08-01T19:05:50.000,1.49,306.14,0.88,-1.2
2025-08-01T19:06:50.000,2.83,289.64,0.95,-2.66
2025-08-01T19:07:50.000,3.5,290.11,1.2,-3.28
2025-08-01T19:08:50.000,2.44,249.69,-0.85,-2.29
2025-08-01T19:09:50.000,4.32,262.22,-0.58,-4.28
2025-08-01T19:10:50.000,6.42,258.86,-1.24,-6.3
2025-08-01T19:11:50.000,6.26,267.21,-0.3,-6.26
2025-08-01T19:12:50.000,5.23,259.04,-0.99,-5.14
2025-08-01T19:13:50.000,3.99,277.09,0.49,-3.95
2025-08-01T19:14:50.000,5.22,285.81,1.42,-5.02
2025-08-01T19:15:50.000,3.31,254.5,-0.88,-3.19
2025-08-01T19:16:50.000,4.59,300.87,2.35,-3.94
2025-08-01T19:17:50.000,4.98,263.54,-0.56,-4.94
2025-08-01T19:18:50.000,2.32,288.02,0.72,-2.21
2025-08-01T19:19:50.000,1.96,268.4,-0.05,-1.96
2025-08-01T19:20:50.000,1.97,290.47,0.69,-1.85
2025-08-01T19:21:50.000,4.05,271.36,0.1,-4.05
2025-08-01T19:22:50.000,2.47,259.61,-0.45,-2.43
2025-08-01T19:23:50.000,4.37,279.66,0.73,-4.3
2025-08-01T19:24:50.000,4.75,261.51,-0.7,-4.69
2025-08-01T19:25:50.000,2.94,275.71,0.29,-2.92
2025-08-01T19:26:50.000,3.81,269.72,-0.02,-3.81
2025-08-01T19:27:50.000,1.77,292.35,0.67,-1.64
2025-08-01T19:28:50.000,3.89,297.8,1.81,-3.44
2025-08-01T19:29:50.000,1.81,301.17,0.94,-1.55
2025-08-01T19:30:50.000,3.53,248.91,-1.27,-3.29
2025-08-01T19:31:50.000,3.61,301.17,1.87,-3.09
2025-08-01T19:32:50.000,2.99,292.72,1.15,-2.76
2025-08-01T19:33:50.000,2.66,294.49,1.1,-2.42
2025-08-01T19:34:50.000,3.48,293.98,1.42,-3.18
2025-08-01T19:35:50.000,1.8,320.89,1.4,-1.14
2025-08-01T19:36:50.000,1.54,335.75,1.41,-0.63
2025-08-01T19:37:50.000,1.92,313.96,1.33,-1.38
2025-08-01T19:38:50.000,1.93,253.03,-0.56,-1.85
2025-08-01T19:39:50.000,1.99,281.56,0.4,-1.95
2025-08-01T19:40:50.000,2.26,316.56,1.64,-1.55
2025-08-01T19:41:50.000,4.17,279.78,0.71,-4.11
2025-08-01T19:42:50.000,2.67,293.9,1.08,-2.44
2025-08-01T19:43:50.000,1.61,262.67,-0.21,-1.6
2025-08-01T19:44:50.000,0.92,307.14,0.56,-0.73
2025-08-01T19:45:50.000,1.59,303.78,0.88,-1.32
2025-08-01T19:46:50.000,0.73,266.5,-0.04,-0.73
2025-08-01T19:47:50.000,1.98,322.82,1.58,-1.2
2025-08-01T19:48:50.000,1.4,307.71,0.86,-1.11
2025-08-01T19:49:50.000,1.94,303.69,1.08,-1.61
2025-08-01T19:50:50.000,2.05,306.17,1.21,-1.66
2025-08-01T19:51:50.000,2.21,252.48,-0.67,-2.11
2025-08-01T19:52:50.000,2.9,287.27,0.86,-2.77
2025-08-01T19:53:50.000,1.96,314.78,1.38,-1.39
2025-08-01T19:54:50.000,2.38,316.74,1.73,-1.63
2025-08-01T19:55:50.000,2.61,306.57,1.55,-2.09
2025-08-01T19:56:50.000,3.86,270.12,0.01,-3.86
2025-08-01T19:57:50.000,1.21,302.33,0.65,-1.02
2025-08-01T19:58:50.000,2.44,291.22,0.88,-2.27
2025-08-01T19:59:50.000,3.03,312.79,2.06,-2.22
2025-08-01T20:00:50.000,2.78,318.77,2.09,-1.83
2025-08-01T20:01:50.000,5.03,288.68,1.61,-4.77
2025-08-01T20:02:50.000,2.6,301.52,1.36,-2.21
2025-08-01T20:03:50.000,2.06,322.92,1.64,-1.24
2025-08-01T20:04:50.000,2.32,310.1,1.49,-1.77
2025-08-01T20:05:50.000,1.63,324.06,1.32,-0.96
2025-08-01T20:06:50.000,2.33,303.26,1.28,-1.95
2025-08-01T20:07:50.000,1.34,292.81,0.52,-1.24
2025-08-01T20:08:50.000,1.63,317.66,1.2,-1.09
2025-08-01T20:09:50.000,2.43,325.11,1.99,-1.39
2025-08-01T20:10:50.000,1.72,324.51,1.4,-1
2025-08-01T20:11:50.000,1.44,301.88,0.76,-1.22
2025-08-01T20:12:50.000,1.48,314.53,1.04,-1.06
2025-08-01T20:13:50.000,1.93,311.89,1.29,-1.43
2025-08-01T20:14:50.000,3.28,282,0.68,-3.21
2025-08-01T20:15:50.000,1.6,276.65,0.19,-1.59
2025-08-01T20:16:50.000,1.31,259.8,-0.23,-1.29
2025-08-01T20:17:50.000,1.58,331.36,1.39,-0.76
2025-08-01T20:18:50.000,1.73,269.97,0,-1.73
2025-08-01T20:19:50.000,3.16,299.56,1.56,-2.75
2025-08-01T20:20:50.000,1.68,247.41,-0.65,-1.55
2025-08-01T20:21:50.000,0.94,304.03,0.52,-0.78
2025-08-01T20:22:50.000,0.92,327.47,0.77,-0.49
2025-08-01T20:23:50.000,0.83,289.47,0.28,-0.79
2025-08-01T20:24:50.000,1.02,262.77,-0.13,-1.02
2025-08-01T20:25:50.000,2.81,306.53,1.67,-2.26
2025-08-01T20:26:50.000,1.73,273.04,0.09,-1.73
2025-08-01T20:27:50.000,2,284.96,0.52,-1.93
2025-08-01T20:28:50.000,1.46,279.06,0.23,-1.44
2025-08-01T20:29:50.000,2.31,290.95,0.83,-2.16
2025-08-01T20:30:50.000,0.84,279.34,0.14,-0.83
2025-08-01T20:31:50.000,2.09,304.09,1.17,-1.73
2025-08-01T20:32:50.000,2,290.85,0.71,-1.87
2025-08-01T20:33:50.000,2.94,314.19,2.05,-2.11
2025-08-01T20:34:50.000,1.16,299.56,0.57,-1.01
2025-08-01T20:35:50.000,1.85,317.65,1.37,-1.25
2025-08-01T20:36:50.000,2.17,301.68,1.14,-1.85
2025-08-01T20:37:50.000,1.55,313.12,1.06,-1.13
2025-08-01T20:38:50.000,2.3,296.67,1.03,-2.05
2025-08-01T20:39:50.000,2.01,302.94,1.09,-1.69
2025-08-01T20:40:50.000,1.86,316.25,1.35,-1.29
2025-08-01T20:41:50.000,1.96,306.72,1.17,-1.57
2025-08-01T20:42:50.000,1.64,292.93,0.64,-1.51
2025-08-01T20:43:50.000,1.76,304.23,0.99,-1.46
2025-08-01T20:44:50.000,1.57,264.47,-0.15,-1.56
2025-08-01T20:45:50.000,1,274.88,0.09,-1
2025-08-01T20:46:50.000,1.4,301.87,0.74,-1.19
2025-08-01T20:47:50.000,1.47,275.04,0.13,-1.46
2025-08-01T20:48:50.000,1.19,307.17,0.72,-0.95
2025-08-01T20:49:50.000,0.72,308.92,0.45,-0.56
2025-08-01T20:50:50.000,1.51,327.57,1.27,-0.81
2025-08-01T20:51:50.000,1.57,312.89,1.07,-1.15
2025-08-01T20:52:50.000,1.22,300.98,0.63,-1.05
2025-08-01T20:53:50.000,1.91,314.71,1.35,-1.36
2025-08-01T20:54:50.000,1.93,324.99,1.58,-1.1
2025-08-01T20:55:50.000,0.6,236.81,-0.33,-0.5
2025-08-01T20:56:50.000,1.58,308.44,0.99,-1.24
2025-08-01T20:57:50.000,2.75,302.56,1.48,-2.32
2025-08-01T20:58:50.000,0.87,328.95,0.74,-0.45
2025-08-01T20:59:50.000,1.64,313.66,1.13,-1.19
2025-08-01T21:00:50.000,1.58,322.36,1.25,-0.96
2025-08-01T21:01:50.000,1.16,331.72,1.02,-0.55
2025-08-01T21:02:50.000,1.37,303.47,0.76,-1.15
2025-08-01T21:03:50.000,1.49,320.17,1.14,-0.95
2025-08-01T21:04:50.000,1.05,331.39,0.92,-0.5
2025-08-01T21:05:50.000,1.5,326.12,1.25,-0.84
2025-08-01T21:06:50.000,1.75,288.25,0.55,-1.66
2025-08-01T21:07:50.000,0.83,318.82,0.63,-0.55
2025-08-01T21:08:50.000,1.9,296.79,0.85,-1.69
2025-08-01T21:09:50.000,2.03,300.21,1.02,-1.76
2025-08-01T21:10:50.000,1.46,307.37,0.88,-1.16
2025-08-01T21:11:50.000,2.36,294.16,0.96,-2.15
2025-08-01T21:12:50.000,1.24,284.57,0.31,-1.2
2025-08-01T21:13:50.000,2.27,320.97,1.76,-1.43
2025-08-01T21:14:50.000,2,284.28,0.49,-1.94
2025-08-01T21:15:50.000,2.77,271.5,0.07,-2.77
2025-08-01T21:16:50.000,3.06,298.8,1.47,-2.68
2025-08-01T21:17:50.000,2.47,285.3,0.65,-2.38
2025-08-01T21:18:50.000,2.32,282.59,0.51,-2.26
2025-08-01T21:19:50.000,2.86,318.08,2.13,-1.91
2025-08-01T21:20:50.000,2.52,287.99,0.78,-2.4
2025-08-01T21:21:50.000,2.65,267.86,-0.1,-2.65
2025-08-01T21:22:50.000,1.95,308.19,1.21,-1.53
2025-08-01T21:23:50.000,2.78,309.97,1.79,-2.13
2025-08-01T21:24:50.000,2.41,284.41,0.6,-2.33
2025-08-01T21:25:50.000,3.5,304.26,1.97,-2.9
2025-08-01T21:26:50.000,2.62,300.4,1.32,-2.26
2025-08-01T21:27:50.000,2.07,290.88,0.74,-1.94
2025-08-01T21:28:50.000,1.22,272.19,0.05,-1.22
2025-08-01T21:29:50.000,1.93,280.82,0.36,-1.9
2025-08-01T21:30:50.000,2.74,288.19,0.85,-2.6
2025-08-01T21:31:50.000,3.49,318.61,2.62,-2.31
2025-08-01T21:32:50.000,1.95,305.87,1.15,-1.58
2025-08-01T21:33:50.000,4.66,297.31,2.14,-4.14
2025-08-01T21:34:50.000,6.57,305.02,3.77,-5.38
2025-08-01T21:35:50.000,3.04,331.67,2.67,-1.44
2025-08-01T21:36:50.000,3.43,295.85,1.49,-3.08
2025-08-01T21:37:50.000,3.3,303.41,1.82,-2.76
2025-08-01T21:38:50.000,1.76,320.54,1.36,-1.12
2025-08-01T21:39:50.000,3.45,289.06,1.13,-3.26
2025-08-01T21:40:50.000,3.39,315.89,2.44,-2.36
2025-08-01T21:41:50.000,2.26,287.99,0.7,-2.15
2025-08-01T21:42:50.000,3.64,318.97,2.74,-2.39
2025-08-01T21:43:50.000,6.52,296.29,2.89,-5.85
2025-08-01T21:44:50.000,6.53,304.05,3.66,-5.41
2025-08-01T21:45:50.000,6.47,299.07,3.14,-5.65
2025-08-01T21:46:50.000,6.75,294.62,2.81,-6.14
2025-08-01T21:47:50.000,7.08,285.57,1.9,-6.82
2025-08-01T21:48:50.000,5.66,298.98,2.74,-4.96
2025-08-01T21:49:50.000,2.9,303.28,1.59,-2.42
2025-08-01T21:50:50.000,5.84,300.29,2.95,-5.04
2025-08-01T21:51:50.000,5,307.07,3.01,-3.99
2025-08-01T21:52:50.000,6.59,291.18,2.38,-6.14
2025-08-01T21:53:50.000,3.14,296.99,1.43,-2.8
2025-08-01T21:54:50.000,5.11,305.42,2.96,-4.16
2025-08-01T21:55:50.000,3.3,324.08,2.68,-1.94
2025-08-01T21:56:50.000,5.45,305.21,3.14,-4.45
2025-08-01T21:57:50.000,6.75,299.87,3.36,-5.85
2025-08-01T21:58:50.000,7.37,291.73,2.73,-6.85
2025-08-01T21:59:50.000,7.38,295.5,3.18,-6.66
2025-08-01T22:00:50.000,3.05,322.02,2.4,-1.88
2025-08-01T22:01:50.000,4.55,296.34,2.02,-4.07
2025-08-01T22:02:50.000,4.31,317.72,3.19,-2.9
2025-08-01T22:03:50.000,4.43,293.53,1.77,-4.06
2025-08-01T22:04:50.000,1.55,318.39,1.16,-1.03
2025-08-01T22:05:50.000,7.29,287.76,2.22,-6.94
2025-08-01T22:06:50.000,5.32,319.35,4.03,-3.46
2025-08-01T22:07:50.000,5.19,320.75,4.02,-3.29
2025-08-01T22:08:50.000,4.16,290.48,1.46,-3.9
2025-08-01T22:09:50.000,2.76,308.74,1.73,-2.15
2025-08-01T22:10:50.000,4.65,313.33,3.19,-3.38
2025-08-01T22:11:50.000,5.97,320.33,4.59,-3.81
2025-08-01T22:12:50.000,5.07,296.1,2.23,-4.56
2025-08-01T22:13:50.000,5.79,301.48,3.03,-4.94
2025-08-01T22:14:50.000,1.52,317.09,1.11,-1.03
2025-08-01T22:15:50.000,5.47,294.57,2.27,-4.97
2025-08-01T22:16:50.000,7.64,294.72,3.19,-6.94
2025-08-01T22:17:50.000,4.69,302.2,2.5,-3.97
2025-08-01T22:18:50.000,6.6,294.71,2.76,-5.99
2025-08-01T22:19:50.000,7.17,301.41,3.74,-6.12
2025-08-01T22:20:50.000,4.51,314.38,3.16,-3.22
2025-08-01T22:21:50.000,3.99,303.62,2.21,-3.32
2025-08-01T22:22:50.000,5.35,320.78,4.14,-3.38
2025-08-01T22:23:50.000,4.77,298.28,2.26,-4.2
2025-08-01T22:24:50.000,5.02,296.87,2.27,-4.48
2025-08-01T22:25:50.000,4.23,285.83,1.15,-4.07
2025-08-01T22:26:50.000,2.8,311.92,1.87,-2.08
2025-08-01T22:27:50.000,4.08,330.09,3.54,-2.03
2025-08-01T22:28:50.000,2.36,277.64,0.31,-2.34
2025-08-01T22:29:50.000,4.2,294.34,1.73,-3.83
2025-08-01T22:30:50.000,3.13,278.95,0.49,-3.09
2025-08-01T22:31:50.000,5.36,294.86,2.26,-4.87
2025-08-01T22:32:50.000,3.94,304.09,2.21,-3.26
2025-08-01T22:33:50.000,3.48,332.42,3.09,-1.61
2025-08-01T22:34:50.000,8.1,312.37,5.46,-5.98
2025-08-01T22:35:50.000,5.76,293.07,2.26,-5.3
2025-08-01T22:36:50.000,6.04,303.62,3.34,-5.03
2025-08-01T22:37:50.000,6.77,318.46,5.07,-4.49
2025-08-01T22:38:50.000,6.16,322.87,4.91,-3.72
2025-08-01T22:39:50.000,7.03,337.6,6.5,-2.68
2025-08-01T22:40:50.000,3.37,313.15,2.31,-2.46
2025-08-01T22:41:50.000,3.26,278.84,0.5,-3.22
2025-08-01T22:42:50.000,3.83,323.16,3.06,-2.3
2025-08-01T22:43:50.000,4.52,307.68,2.76,-3.58
2025-08-01T22:44:50.000,4.24,294.94,1.79,-3.85
2025-08-01T22:45:50.000,5.53,282.33,1.18,-5.4
2025-08-01T22:46:50.000,6.62,294.11,2.7,-6.04
2025-08-01T22:47:50.000,3.91,316.99,2.86,-2.67
2025-08-01T22:48:50.000,6.17,316.23,4.46,-4.27
2025-08-01T22:49:50.000,5.57,297.78,2.6,-4.93
2025-08-01T22:50:50.000,4.4,294.87,1.85,-3.99
2025-08-01T22:51:50.000,2.86,282.08,0.6,-2.8
2025-08-01T22:52:50.000,2.53,307.91,1.56,-2
2025-08-01T22:53:50.000,6.13,314.44,4.29,-4.38
2025-08-01T22:54:50.000,5.5,311.03,3.61,-4.15
2025-08-01T22:55:50.000,3.05,304.09,1.71,-2.53
2025-08-01T22:56:50.000,5.13,308.26,3.18,-4.03
2025-08-01T22:57:50.000,4.38,312.26,2.94,-3.24
2025-08-01T22:58:50.000,5.63,306.22,3.33,-4.54
2025-08-01T22:59:50.000,6.68,323.56,5.37,-3.97
2025-08-01T23:00:50.000,6.27,329.75,5.41,-3.16
2025-08-01T23:01:50.000,4.2,324.21,3.41,-2.46
2025-08-01T23:02:50.000,4.02,323.3,3.23,-2.4
2025-08-01T23:03:50.000,4.93,309.78,3.15,-3.79
2025-08-01T23:04:50.000,4.41,341.4,4.18,-1.41
2025-08-01T23:05:50.000,6.97,318.54,5.22,-4.61
2025-08-01T23:06:50.000,6.83,322.13,5.39,-4.19
2025-08-01T23:07:50.000,4.64,303.32,2.55,-3.88
2025-08-01T23:08:50.000,4.17,310.44,2.7,-3.17
2025-08-01T23:09:50.000,6.04,313.42,4.15,-4.38
2025-08-01T23:10:50.000,6.32,297.7,2.94,-5.6
2025-08-01T23:11:50.000,8.11,321.03,6.3,-5.1
2025-08-01T23:12:50.000,5.66,311.99,3.79,-4.21
2025-08-01T23:13:50.000,3.53,328.66,3.01,-1.83
2025-08-01T23:14:50.000,7.7,316.45,5.58,-5.31
2025-08-01T23:15:50.000,8.13,309.38,5.16,-6.29
2025-08-01T23:16:50.000,4,335,3.62,-1.69
2025-08-01T23:17:50.000,5.49,259.33,-1.02,-5.39
2025-08-01T23:18:50.000,8.38,282.75,1.85,-8.17
2025-08-01T23:19:50.000,5.42,278.18,0.77,-5.36
2025-08-01T23:20:50.000,6,276.37,0.67,-5.97
2025-08-01T23:21:50.000,7.26,290.2,2.51,-6.81
2025-08-01T23:22:50.000,5.23,301.03,2.7,-4.48
2025-08-01T23:23:50.000,7.78,289.7,2.62,-7.33
2025-08-01T23:24:50.000,4.48,300.67,2.29,-3.85
2025-08-01T23:25:50.000,3.18,289.64,1.07,-3
2025-08-01T23:26:50.000,3.6,317.3,2.65,-2.44
2025-08-01T23:27:50.000,3.14,282.91,0.7,-3.06
2025-08-01T23:28:50.000,2.82,285.94,0.78,-2.72
2025-08-01T23:29:50.000,2.73,278.47,0.4,-2.7
2025-08-01T23:30:50.000,5.18,269.61,-0.04,-5.18
2025-08-01T23:31:50.000,3.38,304.16,1.9,-2.8
2025-08-01T23:32:50.000,4.87,286.38,1.37,-4.68
2025-08-01T23:33:50.000,3.63,297.44,1.67,-3.22
2025-08-01T23:34:50.000,3.95,303.55,2.18,-3.29
2025-08-01T23:35:50.000,5.18,285.81,1.41,-4.99
2025-08-01T23:36:50.000,3.84,278.46,0.57,-3.8
2025-08-01T23:37:50.000,3.43,291.93,1.28,-3.18
2025-08-01T23:38:50.000,3.83,284.19,0.94,-3.71
2025-08-01T23:39:50.000,3.85,305.09,2.21,-3.15
2025-08-01T23:40:50.000,5.6,309.11,3.53,-4.34
2025-08-01T23:41:50.000,5.88,315.97,4.23,-4.09
2025-08-01T23:42:50.000,2.83,305.73,1.65,-2.3
2025-08-01T23:43:50.000,3.65,325.8,3.02,-2.05
2025-08-01T23:44:50.000,6.05,306.93,3.63,-4.84
2025-08-01T23:45:50.000,5.33,306.24,3.15,-4.3
2025-08-01T23:46:50.000,4.73,307.62,2.88,-3.74
2025-08-01T23:47:50.000,5.55,313.31,3.81,-4.04
2025-08-01T23:48:50.000,8,303.35,4.4,-6.68
2025-08-01T23:49:50.000,3.71,305.86,2.18,-3.01
2025-08-01T23:50:50.000,6.02,283.61,1.42,-5.86
2025-08-01T23:51:50.000,3.77,289.5,1.26,-3.55
2025-08-01T23:52:50.000,4.24,300.03,2.12,-3.67
2025-08-01T23:53:50.000,5,301.71,2.63,-4.25
2025-08-01T23:54:50.000,8.51,306.73,5.09,-6.82
2025-08-01T23:55:50.000,8.48,292.83,3.29,-7.82
2025-08-01T23:56:50.000,5.03,289.03,1.64,-4.75
2025-08-01T23:57:50.000,10.01,281.59,2.01,-9.8
2025-08-01T23:58:50.000,11.28,288.36,3.55,-10.71
2025-08-01T23:59:50.000,6.4,284.21,1.57,-6.2
2025-08-02T00:00:50.000,2.63,300.28,1.32,-2.27
2025-08-02T00:01:50.000,6.28,304.42,3.55,-5.18
2025-08-02T00:02:50.000,4.55,272.26,0.18,-4.54
2025-08-02T00:03:50.000,6.59,279.83,1.12,-6.49
2025-08-02T00:04:50.000,6.63,253.62,-1.87,-6.36
2025-08-02T00:05:50.000,4.97,269.25,-0.06,-4.97
2025-08-02T00:06:50.000,5.45,290.5,1.91,-5.11
2025-08-02T00:07:50.000,7.36,294.48,3.05,-6.69
2025-08-02T00:08:50.000,9.84,286.2,2.75,-9.45
2025-08-02T00:09:50.000,7.64,278.96,1.19,-7.55
2025-08-02T00:10:50.000,7.07,299.77,3.51,-6.14
2025-08-02T00:11:50.000,9.31,281.08,1.79,-9.13
2025-08-02T00:12:50.000,8.04,287.03,2.35,-7.68
2025-08-02T00:13:50.000,7.71,285.72,2.09,-7.42
2025-08-02T00:14:50.000,4.68,317.58,3.46,-3.16
2025-08-02T00:15:50.000,9.49,296.63,4.26,-8.49
2025-08-02T00:16:50.000,8.35,299.45,4.1,-7.27
2025-08-02T00:17:50.000,10.18,302.39,5.45,-8.6
2025-08-02T00:18:50.000,7.88,303.41,4.34,-6.58
2025-08-02T00:19:50.000,7.4,288.36,2.33,-7.03
2025-08-02T00:20:50.000,6.32,306.62,3.77,-5.07
2025-08-02T00:21:50.000,10.92,296.01,4.79,-9.81
2025-08-02T00:22:50.000,8.98,294.38,3.71,-8.18
2025-08-02T00:23:50.000,11.49,293.55,4.59,-10.53
2025-08-02T00:24:50.000,7.08,297.88,3.31,-6.26
2025-08-02T00:25:50.000,8.99,291.64,3.32,-8.36
2025-08-02T00:26:50.000,7.43,290.2,2.56,-6.97
2025-08-02T00:27:50.000,10.72,306.6,6.39,-8.6
2025-08-02T00:28:50.000,6.32,310.03,4.06,-4.84
2025-08-02T00:29:50.000,5.37,321.69,4.21,-3.33
2025-08-02T00:30:50.000,8.56,301.03,4.41,-7.34
2025-08-02T00:31:50.000,8.9,301.62,4.67,-7.58
2025-08-02T00:32:50.000,4.46,293.43,1.78,-4.1
2025-08-02T00:33:50.000,5.97,294.61,2.48,-5.43
2025-08-02T00:34:50.000,6.17,304.62,3.51,-5.08
2025-08-02T00:35:50.000,8.21,311.4,5.43,-6.16
2025-08-02T00:36:50.000,5.08,310.65,3.31,-3.86
2025-08-02T00:37:50.000,10.39,308.52,6.47,-8.13
2025-08-02T00:38:50.000,11.27,305.88,6.6,-9.13
2025-08-02T00:39:50.000,7.51,316.62,5.46,-5.16
2025-08-02T00:40:50.000,9.34,303.97,5.22,-7.75
2025-08-02T00:41:50.000,1.6,322.74,1.28,-0.97
2025-08-02T00:42:50.000,14.25,299.16,6.94,-12.44
2025-08-02T00:43:50.000,6.77,286.18,1.89,-6.5
2025-08-02T00:44:50.000,6.79,288.06,2.1,-6.45
2025-08-02T00:45:50.000,4.4,325.61,3.63,-2.48
2025-08-02T00:46:50.000,10.21,301.54,5.34,-8.7
2025-08-02T00:47:50.000,8.64,311.13,5.68,-6.51
2025-08-02T00:48:50.000,8.16,304.93,4.67,-6.69
2025-08-02T00:49:50.000,11.63,299.17,5.67,-10.15
2025-08-02T00:50:50.000,6.5,296.05,2.85,-5.84
2025-08-02T00:51:50.000,11.42,299.96,5.7,-9.9
2025-08-02T00:52:50.000,10.61,300.89,5.44,-9.1
2025-08-02T00:53:50.000,8.76,310.75,5.72,-6.64
2025-08-02T00:54:50.000,7.67,308.42,4.77,-6.01
2025-08-02T00:55:50.000,5.04,289.4,1.67,-4.75
2025-08-02T00:56:50.000,5.72,293.86,2.31,-5.23
2025-08-02T00:57:50.000,11.03,305.67,6.43,-8.96
2025-08-02T00:58:50.000,9.96,306.61,5.94,-8
2025-08-02T00:59:50.000,8.96,299.52,4.41,-7.8
2025-08-02T01:00:50.000,4.95,317.18,3.63,-3.36
2025-08-02T01:01:50.000,6.43,323.4,5.16,-3.84
2025-08-02T01:02:50.000,6.74,320.78,5.22,-4.26
2025-08-02T01:03:50.000,8.88,322.79,7.07,-5.37
2025-08-02T01:04:50.000,8.24,325.85,6.82,-4.63
2025-08-02T01:05:50.000,6.03,325.45,4.97,-3.42
2025-08-02T01:06:50.000,6.64,303.51,3.66,-5.53
2025-08-02T01:07:50.000,9.31,305.18,5.36,-7.61
2025-08-02T01:08:50.000,7.77,322.35,6.16,-4.75
2025-08-02T01:09:50.000,3.47,282.64,0.76,-3.38
2025-08-02T01:10:50.000,6.28,300.72,3.21,-5.4
2025-08-02T01:11:50.000,8.21,297.04,3.73,-7.31
2025-08-02T01:12:50.000,5.73,306.12,3.38,-4.63
2025-08-02T01:13:50.000,8.4,294.69,3.51,-7.63
2025-08-02T01:14:50.000,5.62,326.8,4.7,-3.08
2025-08-02T01:15:50.000,9.68,308.98,6.09,-7.53
2025-08-02T01:16:50.000,7.31,307.63,4.46,-5.79
2025-08-02T01:17:50.000,9.69,301.44,5.05,-8.26
2025-08-02T01:18:50.000,12.03,307.57,7.34,-9.54
2025-08-02T01:19:50.000,9.16,309.45,5.82,-7.07
2025-08-02T01:20:50.000,7.29,310.46,4.73,-5.55
2025-08-02T01:21:50.000,12.27,294.96,5.18,-11.13
2025-08-02T01:22:50.000,6.83,328.7,5.84,-3.55
2025-08-02T01:23:50.000,10.14,302.27,5.41,-8.57
2025-08-02T01:24:50.000,7.56,303.23,4.14,-6.32
2025-08-02T01:25:50.000,11.98,305.06,6.88,-9.81
2025-08-02T01:26:50.000,11.6,302.7,6.27,-9.77
2025-08-02T01:27:50.000,5.31,322.14,4.2,-3.26
2025-08-02T01:28:50.000,8.41,301.99,4.46,-7.13
2025-08-02T01:29:50.000,13.85,295.88,6.04,-12.46
2025-08-02T01:30:50.000,8.27,302.81,4.48,-6.95
2025-08-02T01:31:50.000,8.03,312.97,5.48,-5.88
2025-08-02T01:32:50.000,7.82,309.83,5.01,-6.01
2025-08-02T01:33:50.000,10.41,309.26,6.59,-8.06
2025-08-02T01:34:50.000,7.37,310.89,4.82,-5.57
2025-08-02T01:35:50.000,4.83,316.59,3.51,-3.32
2025-08-02T01:36:50.000,8.6,297.6,3.99,-7.62
2025-08-02T01:37:50.000,11.05,299.38,5.42,-9.63
2025-08-02T01:38:50.000,12.79,291.27,4.64,-11.92
2025-08-02T01:39:50.000,8.3,309.44,5.27,-6.41
2025-08-02T01:40:50.000,8.02,307.55,4.89,-6.36
2025-08-02T01:41:50.000,9.38,294.99,3.96,-8.51
2025-08-02T01:42:50.000,7.76,305.37,4.49,-6.33
2025-08-02T01:43:50.000,7.53,313.79,5.21,-5.44
2025-08-02T01:44:50.000,6.15,317.73,4.55,-4.14
2025-08-02T01:45:50.000,7.87,319.12,5.95,-5.15
2025-08-02T01:46:50.000,5.89,311.04,3.87,-4.44
2025-08-02T01:47:50.000,4.44,300.64,2.26,-3.82
2025-08-02T01:48:50.000,4.22,330.74,3.68,-2.06
2025-08-02T01:49:50.000,5.42,299.65,2.68,-4.71
2025-08-02T01:50:50.000,4.06,295,1.71,-3.68
2025-08-02T01:51:50.000,6.1,320.89,4.73,-3.85
2025-08-02T01:52:50.000,7.09,316.52,5.15,-4.88
2025-08-02T01:53:50.000,7.02,323.95,5.67,-4.13
2025-08-02T01:54:50.000,8.04,320.03,6.16,-5.17
2025-08-02T01:55:50.000,8.42,324.41,6.85,-4.9
2025-08-02T01:56:50.000,6.62,306.75,3.96,-5.3
2025-08-02T01:57:50.000,7.38,319.74,5.63,-4.77
2025-08-02T01:58:50.000,6.16,300.24,3.1,-5.33
2025-08-02T01:59:50.000,6.16,310.61,4.01,-4.67
2025-08-02T02:00:50.000,6.68,308.15,4.13,-5.26
2025-08-02T02:01:50.000,7.52,304.63,4.28,-6.19
2025-08-02T02:02:50.000,5.47,305.91,3.21,-4.43
2025-08-02T02:03:50.000,4.92,332.24,4.35,-2.29
2025-08-02T02:04:50.000,5.15,318.13,3.84,-3.44
2025-08-02T02:05:50.000,5.02,318.07,3.74,-3.36
2025-08-02T02:06:50.000,5.28,306.19,3.12,-4.26
2025-08-02T02:07:50.000,3.83,304.44,2.17,-3.16
2025-08-02T02:08:50.000,1.58,330.83,1.38,-0.77
2025-08-02T02:09:50.000,5.21,292.72,2.01,-4.8
2025-08-02T02:10:50.000,5.44,286.65,1.56,-5.21
2025-08-02T02:11:50.000,6.1,284.05,1.48,-5.92
2025-08-02T02:12:50.000,3.51,285.7,0.95,-3.38
2025-08-02T02:13:50.000,5.81,288.25,1.82,-5.52
2025-08-02T02:14:50.000,4.38,302.87,2.38,-3.68
2025-08-02T02:15:50.000,4.54,290.32,1.58,-4.25
2025-08-02T02:16:50.000,6.71,299.4,3.29,-5.84
2025-08-02T02:17:50.000,3.09,288.8,1,-2.92
2025-08-02T02:18:50.000,3.56,319.56,2.71,-2.31
2025-08-02T02:19:50.000,5.72,305,3.28,-4.68
2025-08-02T02:20:50.000,5.03,302.26,2.68,-4.25
2025-08-02T02:21:50.000,6.98,327.46,5.89,-3.76
2025-08-02T02:22:50.000,5.57,326.75,4.66,-3.06
2025-08-02T02:23:50.000,3.69,337.32,3.41,-1.42
2025-08-02T02:24:50.000,3.42,327.09,2.87,-1.86
2025-08-02T02:25:50.000,4.43,289.41,1.47,-4.17
2025-08-02T02:26:50.000,2.8,230.06,-1.8,-2.15
2025-08-02T02:27:50.000,5.77,256.14,-1.38,-5.61
2025-08-02T02:28:50.000,7.29,277.01,0.89,-7.23
2025-08-02T02:29:50.000,5.56,273.77,0.37,-5.55
2025-08-02T02:30:50.000,1.4,285.27,0.37,-1.35
2025-08-02T02:31:50.000,5,277.29,0.63,-4.96
2025-08-02T02:32:50.000,6.29,294.89,2.65,-5.71
2025-08-02T02:33:50.000,2.36,299.42,1.16,-2.05
2025-08-02T02:34:50.000,5.67,302.4,3.04,-4.78
2025-08-02T02:35:50.000,5.61,287.43,1.68,-5.36
2025-08-02T02:36:50.000,2.84,314.91,2.01,-2.01
2025-08-02T02:37:50.000,2.23,325.86,1.85,-1.25
2025-08-02T02:38:50.000,4.2,316.99,3.07,-2.86
2025-08-02T02:39:50.000,2.27,346.01,2.2,-0.55
2025-08-02T02:40:50.000,4.61,338.98,4.31,-1.65
2025-08-02T02:41:50.000,3.48,345.18,3.36,-0.89
2025-08-02T02:42:50.000,4.21,349.28,4.14,-0.78
2025-08-02T02:43:50.000,3.63,345.17,3.51,-0.93
2025-08-02T02:44:50.000,2.94,338.56,2.74,-1.07
2025-08-02T02:45:50.000,4.26,318.46,3.19,-2.82
2025-08-02T02:46:50.000,3.04,343.31,2.91,-0.87
2025-08-02T02:47:50.000,3.52,336.89,3.24,-1.38
2025-08-02T02:48:50.000,2.5,313.25,1.71,-1.82
2025-08-02T02:49:50.000,1.43,331.67,1.26,-0.68
2025-08-02T02:50:50.000,1.64,328.75,1.4,-0.85
2025-08-02T02:51:50.000,0.87,242.44,-0.4,-0.77
2025-08-02T02:52:50.000,1.29,184.19,-1.29,-0.09
2025-08-02T02:53:50.000,2.51,213.06,-2.11,-1.37
2025-08-02T02:54:50.000,1.09,227.47,-0.73,-0.8
2025-08-02T02:55:50.000,1.28,183.08,-1.28,-0.07
2025-08-02T02:56:50.000,0.96,248.06,-0.36,-0.89
2025-08-02T02:57:50.000,1.63,308.2,1.01,-1.28
2025-08-02T02:58:50.000,1.68,326.2,1.39,-0.93
2025-08-02T02:59:50.000,1.33,333.99,1.2,-0.58
2025-08-02T03:00:50.000,0.81,317.85,0.6,-0.54
2025-08-02T03:01:50.000,0.96,320.22,0.74,-0.62
2025-08-02T03:02:50.000,0.61,328.55,0.52,-0.32
2025-08-02T03:03:50.000,0.68,306.61,0.4,-0.54
2025-08-02T03:04:50.000,1.31,307.45,0.8,-1.04
2025-08-02T03:05:50.000,1.44,23.56,1.32,0.58
2025-08-02T03:06:50.000,2.56,337.38,2.36,-0.98
2025-08-02T03:07:50.000,1.04,54.65,0.6,0.85
2025-08-02T03:08:50.000,1.9,23.97,1.73,0.77
2025-08-02T03:09:50.000,1.16,336.11,1.06,-0.47
2025-08-02T03:10:50.000,1.76,19.1,1.66,0.58
2025-08-02T03:11:50.000,4.16,179.63,-4.16,0.03
2025-08-02T03:12:50.000,1.75,202.81,-1.61,-0.68
2025-08-02T03:13:50.000,1.27,328.37,1.08,-0.67
2025-08-02T03:14:50.000,1.5,336.32,1.37,-0.6
2025-08-02T03:15:50.000,1.61,94.94,-0.14,1.6
2025-08-02T03:16:50.000,1.19,110.86,-0.42,1.11
2025-08-02T03:17:50.000,1.26,336.23,1.15,-0.51
2025-08-02T03:18:50.000,3.37,26.56,3.02,1.51
2025-08-02T03:19:50.000,3.57,352.7,3.54,-0.45
2025-08-02T03:20:50.000,0.51,274.24,0.04,-0.51
2025-08-02T03:21:50.000,0.87,316.19,0.63,-0.6
2025-08-02T03:22:50.000,2.72,159.99,-2.55,0.93
2025-08-02T03:23:50.000,0.6,159,-0.56,0.22
2025-08-02T03:24:50.000,2.35,296.74,1.06,-2.1
2025-08-02T03:25:50.000,1.74,100.11,-0.3,1.71
2025-08-02T03:26:50.000,1.14,12.91,1.11,0.25
2025-08-02T03:27:50.000,0.48,187.66,-0.47,-0.06
2025-08-02T03:28:50.000,2.22,348.44,2.18,-0.45
2025-08-02T03:29:50.000,1.84,322.33,1.45,-1.12
2025-08-02T03:30:50.000,1.84,335.1,1.66,-0.77
2025-08-02T03:31:50.000,1.92,54.01,1.13,1.55
2025-08-02T03:32:50.000,2.53,127.11,-1.53,2.02
2025-08-02T03:33:50.000,0.28,46.42,0.19,0.2
2025-08-02T03:34:50.000,0.5,155.09,-0.45,0.21
2025-08-02T03:35:50.000,4.49,109.68,-1.51,4.23
2025-08-02T03:36:50.000,0.93,284.34,0.23,-0.9
2025-08-02T03:37:50.000,0.33,206.55,-0.29,-0.15
2025-08-02T03:38:50.000,1.24,329.96,1.07,-0.62
2025-08-02T03:39:50.000,1.98,154.29,-1.79,0.86
2025-08-02T03:40:50.000,1.67,151.87,-1.47,0.79
2025-08-02T03:41:50.000,0.52,22.02,0.49,0.2
2025-08-02T03:42:50.000,2.24,117.29,-1.03,1.99
2025-08-02T03:43:50.000,0.78,212.44,-0.66,-0.42
2025-08-02T03:44:50.000,1.11,52.41,0.68,0.88
2025-08-02T03:45:50.000,2.02,145.03,-1.66,1.16
2025-08-02T03:46:50.000,0.46,67.2,0.18,0.42
2025-08-02T03:47:50.000,2.41,115.69,-1.04,2.17
2025-08-02T03:48:50.000,1.5,50.34,0.96,1.15
2025-08-02T03:49:50.000,1.13,132.04,-0.76,0.84
2025-08-02T03:50:50.000,0.61,24.33,0.56,0.25
2025-08-02T03:51:50.000,0.73,251.49,-0.23,-0.69
2025-08-02T03:52:50.000,1.25,82.71,0.16,1.24
2025-08-02T03:53:50.000,2.19,132.93,-1.49,1.6
2025-08-02T03:54:50.000,0.5,125.5,-0.29,0.41
2025-08-02T03:55:50.000,1.07,338.91,1,-0.38
2025-08-02T03:56:50.000,0.61,88.55,0.02,0.61
2025-08-02T03:57:50.000,1.64,5.53,1.64,0.16
2025-08-02T03:58:50.000,2.06,324.42,1.68,-1.2
2025-08-02T03:59:50.000,0.46,169.77,-0.45,0.08
2025-08-02T04:00:50.000,1.53,332.42,1.36,-0.71
2025-08-02T04:01:50.000,1.8,352.32,1.78,-0.24
2025-08-02T04:02:50.000,2.22,350.89,2.19,-0.35
2025-08-02T04:03:50.000,0.75,344.26,0.72,-0.2
2025-08-02T04:04:50.000,4.1,284.66,1.04,-3.97
2025-08-02T04:05:50.000,0.71,268.25,-0.02,-0.71
2025-08-02T04:06:50.000,1.04,244.97,-0.44,-0.94
2025-08-02T04:07:50.000,1.08,99.49,-0.18,1.06
2025-08-02T04:08:50.000,3.15,337.02,2.9,-1.23
2025-08-02T04:09:50.000,1.25,256.49,-0.29,-1.22
2025-08-02T04:10:50.000,1.39,157.73,-1.28,0.53
2025-08-02T04:11:50.000,0.37,47.48,0.25,0.27
2025-08-02T04:12:50.000,0.37,292.75,0.14,-0.34
2025-08-02T04:13:50.000,0.49,202.19,-0.45,-0.18
2025-08-02T04:14:50.000,1.02,215.19,-0.83,-0.59
2025-08-02T04:15:50.000,2.07,11.04,2.03,0.4
2025-08-02T04:16:50.000,2.4,350.59,2.36,-0.39
2025-08-02T04:17:50.000,0.31,196.18,-0.3,-0.09
2025-08-02T04:18:50.000,1.65,32.93,1.38,0.9
2025-08-02T04:19:50.000,0.68,258.64,-0.13,-0.66
2025-08-02T04:20:50.000,0.44,247.82,-0.17,-0.41
2025-08-02T04:21:50.000,1.32,195.36,-1.27,-0.35
2025-08-02T04:22:50.000,1.07,241.93,-0.5,-0.94
2025-08-02T04:23:50.000,3.15,197.77,-3,-0.96
2025-08-02T04:24:50.000,1.26,349.43,1.23,-0.23
2025-08-02T04:25:50.000,0.62,305.9,0.36,-0.5
2025-08-02T04:26:50.000,2.11,8.5,2.08,0.31
2025-08-02T04:27:50.000,2.47,0.02,2.47,0
2025-08-02T04:28:50.000,3.69,345.42,3.57,-0.93
2025-08-02T04:29:50.000,4.96,359.28,4.96,-0.06
2025-08-02T04:30:50.000,1.62,312.01,1.08,-1.2
2025-08-02T04:31:50.000,1.67,297.76,0.78,-1.48
2025-08-02T04:32:50.000,0.78,246.82,-0.31,-0.72
2025-08-02T04:33:50.000,0.48,258.41,-0.1,-0.47
2025-08-02T04:34:50.000,0.96,330.17,0.83,-0.48
2025-08-02T04:35:50.000,2.52,346.09,2.44,-0.6
2025-08-02T04:36:50.000,3.7,336.36,3.39,-1.48
2025-08-02T04:37:50.000,6.15,340.89,5.81,-2.01
2025-08-02T04:38:50.000,5.4,334.61,4.88,-2.32
2025-08-02T04:39:50.000,6.92,344.8,6.68,-1.81
2025-08-02T04:40:50.000,6.3,341.86,5.99,-1.96
2025-08-02T04:41:50.000,1.2,332.95,1.07,-0.55
2025-08-02T04:42:50.000,0.85,105.24,-0.22,0.82
2025-08-02T04:43:50.000,0.09,54.89,0.05,0.08
2025-08-02T04:44:50.000,1.73,339.69,1.63,-0.6
2025-08-02T04:45:50.000,5.73,356.32,5.72,-0.37
2025-08-02T04:46:50.000,6.5,345.88,6.31,-1.59
2025-08-02T04:47:50.000,5.51,344.78,5.31,-1.45
2025-08-02T04:48:50.000,4.3,344.89,4.15,-1.12
2025-08-02T04:49:50.000,5.04,356.18,5.03,-0.34
2025-08-02T04:50:50.000,3.08,354.12,3.06,-0.32
2025-08-02T04:51:50.000,6.12,345.2,5.92,-1.56
2025-08-02T04:52:50.000,4.68,359.95,4.68,0
2025-08-02T04:53:50.000,4.98,17.59,4.75,1.51
2025-08-02T04:54:50.000,4.57,10.2,4.5,0.81
2025-08-02T04:55:50.000,4.5,9.72,4.44,0.76
2025-08-02T04:56:50.000,5.5,21.33,5.12,2
2025-08-02T04:57:50.000,6.95,8.74,6.87,1.06
2025-08-02T04:58:50.000,4.65,13.17,4.53,1.06
2025-08-02T04:59:50.000,1.29,47.65,0.87,0.96
2025-08-02T05:00:50.000,2.89,30.72,2.48,1.48
2025-08-02T05:01:50.000,1.66,4.36,1.65,0.13
2025-08-02T05:02:50.000,1.62,1.72,1.62,0.05
2025-08-02T05:03:50.000,2.24,344.01,2.15,-0.62
2025-08-02T05:04:50.000,2,330.2,1.74,-1
2025-08-02T05:05:50.000,0.75,292.62,0.29,-0.7
2025-08-02T05:06:50.000,1.74,339.59,1.63,-0.61
2025-08-02T05:07:50.000,0.89,42.11,0.66,0.6
2025-08-02T05:08:50.000,3.63,14.98,3.51,0.94
2025-08-02T05:09:50.000,1.3,329.84,1.12,-0.65
2025-08-02T05:10:50.000,1.78,104.6,-0.45,1.73
2025-08-02T05:11:50.000,2.67,346.2,2.59,-0.64
2025-08-02T05:12:50.000,2.65,40.57,2.01,1.72
2025-08-02T05:13:50.000,1.7,25.26,1.53,0.72
2025-08-02T05:14:50.000,3.49,340.49,3.29,-1.17
2025-08-02T05:15:50.000,4.58,15.34,4.42,1.21
2025-08-02T05:16:50.000,3.73,9.14,3.68,0.59
2025-08-02T05:17:50.000,1.01,143.47,-0.82,0.6
2025-08-02T05:18:50.000,1.14,332.15,1.01,-0.53
2025-08-02T05:19:50.000,3.02,28.3,2.66,1.43
2025-08-02T05:20:50.000,3.83,335.29,3.48,-1.6
2025-08-02T05:21:50.000,2.61,342.48,2.49,-0.78
2025-08-02T05:22:50.000,3.91,326.81,3.27,-2.14
2025-08-02T05:23:50.000,2.42,328.59,2.07,-1.26
2025-08-02T05:24:50.000,3.28,340.6,3.09,-1.09
2025-08-02T05:25:50.000,3.61,333.69,3.23,-1.6
2025-08-02T05:26:50.000,6.02,336.68,5.53,-2.38
2025-08-02T05:27:50.000,2.85,333.03,2.54,-1.29
2025-08-02T05:28:50.000,0.58,313.03,0.4,-0.43
2025-08-02T05:29:50.000,1.98,211.43,-1.69,-1.03
2025-08-02T05:30:50.000,1.56,235.1,-0.89,-1.28
2025-08-02T05:31:50.000,0.8,341.05,0.75,-0.26
2025-08-02T05:32:50.000,1.82,303.33,1,-1.52
2025-08-02T05:33:50.000,0.4,323.42,0.32,-0.24
2025-08-02T05:34:50.000,1.18,307.3,0.72,-0.94
2025-08-02T05:35:50.000,1.68,348.53,1.64,-0.33
2025-08-02T05:36:50.000,1.62,254.85,-0.42,-1.56
2025-08-02T05:37:50.000,1.2,334.25,1.08,-0.52
2025-08-02T05:38:50.000,0.54,357.51,0.54,-0.02
2025-08-02T05:39:50.000,0.61,339.55,0.57,-0.21
2025-08-02T05:40:50.000,2.01,308.06,1.24,-1.58
2025-08-02T05:41:50.000,1.31,297.28,0.6,-1.16
2025-08-02T05:42:50.000,2.23,330.92,1.95,-1.08
2025-08-02T05:43:50.000,1.75,325.72,1.45,-0.99
2025-08-02T05:44:50.000,1.23,345.53,1.19,-0.31
2025-08-02T05:45:50.000,0.91,340.79,0.86,-0.3
2025-08-02T05:46:50.000,2.95,10.75,2.89,0.55
2025-08-02T05:47:50.000,3.51,9.38,3.46,0.57
2025-08-02T05:48:50.000,3.44,12.37,3.36,0.74
2025-08-02T05:49:50.000,3.94,32.26,3.33,2.1
2025-08-02T05:50:50.000,3.47,12.92,3.38,0.78
2025-08-02T05:51:50.000,3.89,10.99,3.82,0.74
2025-08-02T05:52:50.000,2.73,7.43,2.71,0.35
2025-08-02T05:53:50.000,2.75,9.05,2.72,0.43
2025-08-02T05:54:50.000,3.14,352.09,3.11,-0.43
2025-08-02T05:55:50.000,4.46,7.43,4.43,0.58
2025-08-02T05:56:50.000,2.69,309.59,1.71,-2.07
2025-08-02T05:57:50.000,2.59,355.4,2.58,-0.21
2025-08-02T05:58:50.000,4.31,1.99,4.3,0.15
2025-08-02T05:59:50.000,2.48,350.91,2.45,-0.39
2025-08-02T06:00:50.000,3.68,346.13,3.57,-0.88
2025-08-02T06:01:50.000,3.76,358.3,3.76,-0.11
2025-08-02T06:02:50.000,3.38,355.2,3.36,-0.28
2025-08-02T06:03:50.000,3.07,349.11,3.02,-0.58
2025-08-02T06:04:50.000,3.53,354.8,3.51,-0.32
2025-08-02T06:05:50.000,3.35,7.37,3.32,0.43
2025-08-02T06:06:50.000,3.37,1.32,3.36,0.08
2025-08-02T06:07:50.000,3.36,347.23,3.27,-0.74
2025-08-02T06:08:50.000,3.98,345.37,3.85,-1.01
2025-08-02T06:09:50.000,2.78,15.95,2.67,0.76
2025-08-02T06:10:50.000,4.1,345.82,3.98,-1.01
2025-08-02T06:11:50.000,3.79,348.2,3.71,-0.78
2025-08-02T06:12:50.000,3.24,344.43,3.13,-0.87
2025-08-02T06:13:50.000,4.41,342.7,4.21,-1.31
2025-08-02T06:14:50.000,4.55,342.49,4.34,-1.37
2025-08-02T06:15:50.000,3.56,348.76,3.49,-0.69
2025-08-02T06:16:50.000,5.53,338.22,5.13,-2.05
2025-08-02T06:17:50.000,4.37,345.01,4.22,-1.13
2025-08-02T06:18:50.000,4.85,339.48,4.54,-1.7
2025-08-02T06:19:50.000,6.67,339.39,6.25,-2.35
2025-08-02T06:20:50.000,4.94,339.59,4.63,-1.72
2025-08-02T06:21:50.000,6.26,340.05,5.89,-2.14
2025-08-02T06:22:50.000,7.44,337.68,6.88,-2.83
2025-08-02T06:23:50.000,7.22,337.25,6.66,-2.79
2025-08-02T06:24:50.000,6.28,342.97,6.01,-1.84
2025-08-02T06:25:50.000,3.72,348.3,3.65,-0.75
2025-08-02T06:26:50.000,3.58,347.99,3.5,-0.75
2025-08-02T06:27:50.000,3.25,347.74,3.18,-0.69
2025-08-02T06:28:50.000,4.22,334.71,3.81,-1.8
2025-08-02T06:29:50.000,2.76,349.41,2.72,-0.51
2025-08-02T06:30:50.000,4.13,335.02,3.74,-1.74
2025-08-02T06:31:50.000,4.55,314.34,3.18,-3.25
2025-08-02T06:32:50.000,3.88,344.91,3.74,-1.01
2025-08-02T06:33:50.000,4.87,340.97,4.61,-1.59
2025-08-02T06:34:50.000,3.42,349.71,3.37,-0.61
2025-08-02T06:35:50.000,3.46,333.25,3.09,-1.56
2025-08-02T06:36:50.000,4.39,340.11,4.13,-1.49
2025-08-02T06:37:50.000,3.18,335.52,2.9,-1.32
2025-08-02T06:38:50.000,3.1,354.36,3.08,-0.3
2025-08-02T06:39:50.000,1.51,335.25,1.37,-0.63
2025-08-02T06:40:50.000,2.19,342.16,2.08,-0.67
2025-08-02T06:41:50.000,4.24,4.23,4.22,0.31
2025-08-02T06:42:50.000,4.71,358.07,4.71,-0.16
2025-08-02T06:43:50.000,4.41,21.95,4.09,1.65
2025-08-02T06:44:50.000,5.23,7.16,5.19,0.65
2025-08-02T06:45:50.000,4.68,357.61,4.68,-0.2
2025-08-02T06:46:50.000,4.16,7.39,4.12,0.53
2025-08-02T06:47:50.000,3.97,6.82,3.94,0.47
2025-08-02T06:48:50.000,4.51,359.69,4.51,-0.02
2025-08-02T06:49:50.000,2.91,6.08,2.9,0.31
2025-08-02T06:50:50.000,5.1,8.04,5.05,0.71
2025-08-02T06:51:50.000,4.29,15,4.14,1.11
2025-08-02T06:52:50.000,4.37,15.12,4.22,1.14
2025-08-02T06:53:50.000,3.28,349.27,3.22,-0.61
2025-08-02T06:54:50.000,3.14,357.19,3.14,-0.15
2025-08-02T06:55:50.000,3.01,8.12,2.98,0.42
2025-08-02T06:56:50.000,3.31,322.37,2.62,-2.02
2025-08-02T06:57:50.000,2.06,319.65,1.57,-1.34
2025-08-02T06:58:50.000,1.9,336.64,1.75,-0.75
2025-08-02T06:59:50.000,1.32,317.59,0.97,-0.89
2025-08-02T07:00:50.000,2.53,316.76,1.84,-1.73
2025-08-02T07:01:50.000,1.84,355.44,1.84,-0.15
2025-08-02T07:02:50.000,1.25,333.2,1.11,-0.56
2025-08-02T07:03:50.000,1.17,328,0.99,-0.62
2025-08-02T07:04:50.000,2.77,325.39,2.28,-1.57
2025-08-02T07:05:50.000,3.43,316.06,2.47,-2.38
2025-08-02T07:06:50.000,2.43,347.77,2.37,-0.51
2025-08-02T07:07:50.000,2.56,338.34,2.38,-0.94
2025-08-02T07:08:50.000,2.45,338.82,2.29,-0.89
2025-08-02T07:09:50.000,2.18,334.03,1.96,-0.95
2025-08-02T07:10:50.000,1.84,333.82,1.65,-0.81
2025-08-02T07:11:50.000,2.04,308.64,1.27,-1.59
2025-08-02T07:12:50.000,0.54,299.73,0.27,-0.47
2025-08-02T07:13:50.000,1.3,324.1,1.05,-0.76
2025-08-02T07:14:50.000,1.67,313.73,1.15,-1.21
2025-08-02T07:15:50.000,1.5,305.37,0.87,-1.22
2025-08-02T07:16:50.000,1.68,334.95,1.52,-0.71
2025-08-02T07:17:50.000,1.45,294.61,0.6,-1.32
2025-08-02T07:18:50.000,2.02,319.82,1.55,-1.3
2025-08-02T07:19:50.000,1.35,330.02,1.17,-0.68
2025-08-02T07:20:50.000,1.41,325.7,1.16,-0.79
2025-08-02T07:21:50.000,1.36,309.71,0.87,-1.05
2025-08-02T07:22:50.000,1.94,324.6,1.58,-1.13
2025-08-02T07:23:50.000,1.64,322.62,1.3,-0.99
2025-08-02T07:24:50.000,2.21,331.19,1.94,-1.06
2025-08-02T07:25:50.000,1.66,328.86,1.42,-0.86
2025-08-02T07:26:50.000,2.64,314.44,1.85,-1.89
2025-08-02T07:27:50.000,2.52,332.2,2.23,-1.18
2025-08-02T07:28:50.000,2.7,313.95,1.88,-1.95
2025-08-02T07:29:50.000,1.35,311.07,0.89,-1.02
2025-08-02T07:30:50.000,1.35,276.43,0.15,-1.34
2025-08-02T07:31:50.000,0.31,15.17,0.3,0.08
2025-08-02T07:32:50.000,0.6,195.85,-0.58,-0.16
2025-08-02T07:33:50.000,0.59,169.09,-0.58,0.11
2025-08-02T07:34:50.000,0.99,246.36,-0.39,-0.9
2025-08-02T07:35:50.000,1.65,267.58,-0.07,-1.65
2025-08-02T07:36:50.000,1.58,239.34,-0.81,-1.36
2025-08-02T07:37:50.000,1.14,259.94,-0.2,-1.13
2025-08-02T07:38:50.000,1.81,310.77,1.18,-1.37
2025-08-02T07:39:50.000,3.04,324.69,2.48,-1.76
2025-08-02T07:40:50.000,3,345.23,2.91,-0.77
2025-08-02T07:41:50.000,3.57,333.89,3.2,-1.57
2025-08-02T07:42:50.000,3.78,335.44,3.44,-1.57
2025-08-02T07:43:50.000,2.9,321.75,2.28,-1.79
2025-08-02T07:44:50.000,3.12,328.56,2.66,-1.63
2025-08-02T07:45:50.000,2.14,340.71,2.02,-0.71
2025-08-02T07:46:50.000,2.02,345.03,1.95,-0.52
2025-08-02T07:47:50.000,2.68,327.41,2.26,-1.44
2025-08-02T07:48:50.000,1.98,301.03,1.02,-1.7
2025-08-02T07:49:50.000,1.63,322.37,1.29,-1
2025-08-02T07:50:50.000,1.78,310.91,1.17,-1.35
2025-08-02T07:51:50.000,0.83,272.59,0.04,-0.82
2025-08-02T07:52:50.000,1.76,307.34,1.07,-1.4
2025-08-02T07:53:50.000,1.79,333.63,1.61,-0.8
2025-08-02T07:54:50.000,0.93,343.63,0.9,-0.26
2025-08-02T07:55:50.000,1.49,302.54,0.8,-1.26
2025-08-02T07:56:50.000,1.92,325.39,1.58,-1.09
2025-08-02T07:57:50.000,1.87,325.73,1.54,-1.05
2025-08-02T07:58:50.000,2.61,304.76,1.49,-2.14
2025-08-02T07:59:50.000,2.2,321.86,1.73,-1.36
2025-08-02T08:00:50.000,1.53,317.43,1.13,-1.03
2025-08-02T08:01:50.000,1.88,296.5,0.84,-1.69
2025-08-02T08:02:50.000,2.43,271.4,0.06,-2.43
2025-08-02T08:03:50.000,3.46,193.33,-3.37,-0.8
2025-08-02T08:04:50.000,1.9,211.49,-1.62,-0.99
2025-08-02T08:05:50.000,0.62,302.93,0.34,-0.52
2025-08-02T08:06:50.000,0.87,243.97,-0.38,-0.78
2025-08-02T08:07:50.000,1.42,335.35,1.29,-0.59
2025-08-02T08:08:50.000,1.59,305.94,0.93,-1.29
2025-08-02T08:09:50.000,2.03,317.71,1.5,-1.37
2025-08-02T08:10:50.000,1.05,233.44,-0.63,-0.85
2025-08-02T08:11:50.000,3.84,186.18,-3.82,-0.41
2025-08-02T08:12:50.000,1.76,265.88,-0.13,-1.76
2025-08-02T08:13:50.000,1.93,334.76,1.74,-0.82
2025-08-02T08:14:50.000,3.07,353.05,3.05,-0.37
2025-08-02T08:15:50.000,4.05,335.3,3.68,-1.69
2025-08-02T08:16:50.000,2.67,332.72,2.37,-1.22
2025-08-02T08:17:50.000,2.55,273.48,0.15,-2.54
2025-08-02T08:18:50.000,2.29,265.65,-0.17,-2.28
2025-08-02T08:19:50.000,2.7,253.65,-0.76,-2.59
2025-08-02T08:20:50.000,0.66,354.54,0.66,-0.06
2025-08-02T08:21:50.000,1.96,296.62,0.88,-1.75
2025-08-02T08:22:50.000,2.91,317.47,2.14,-1.97
2025-08-02T08:23:50.000,3.22,333.66,2.88,-1.43
2025-08-02T08:24:50.000,1.36,308.87,0.85,-1.06
2025-08-02T08:25:50.000,2.67,209.66,-2.32,-1.32
2025-08-02T08:26:50.000,0.18,21.66,0.17,0.07
2025-08-02T08:27:50.000,1.03,213.05,-0.86,-0.56
2025-08-02T08:28:50.000,1.19,327.9,1.01,-0.63
2025-08-02T08:29:50.000,1.17,289.02,0.38,-1.11
2025-08-02T08:30:50.000,1.48,314,1.03,-1.07
2025-08-02T08:31:50.000,1.52,323.71,1.23,-0.9
2025-08-02T08:32:50.000,1.6,314.61,1.12,-1.14
2025-08-02T08:33:50.000,2.38,327.12,2,-1.29
2025-08-02T08:34:50.000,2.84,297.72,1.32,-2.51
2025-08-02T08:35:50.000,1.9,317.11,1.39,-1.29
2025-08-02T08:36:50.000,1.88,318.02,1.4,-1.26
2025-08-02T08:37:50.000,2.88,343.67,2.76,-0.81
2025-08-02T08:38:50.000,2.84,318.48,2.12,-1.88
2025-08-02T08:39:50.000,3.3,333.11,2.94,-1.49
2025-08-02T08:40:50.000,3.04,332.63,2.7,-1.4
2025-08-02T08:41:50.000,3.65,327.03,3.06,-1.98
2025-08-02T08:42:50.000,3.93,343.87,3.78,-1.09
2025-08-02T08:43:50.000,2.68,318.56,2.01,-1.78
2025-08-02T08:44:50.000,3.79,323.36,3.04,-2.26
2025-08-02T08:45:50.000,3,320.88,2.33,-1.89
2025-08-02T08:46:50.000,2.27,317.31,1.67,-1.54
2025-08-02T08:47:50.000,3.4,318.04,2.53,-2.27
2025-08-02T08:48:50.000,3.38,328.35,2.88,-1.77
2025-08-02T08:49:50.000,2.78,328.19,2.36,-1.47
2025-08-02T08:50:50.000,3.13,337.65,2.89,-1.19
2025-08-02T08:51:50.000,2.08,334.82,1.88,-0.88
2025-08-02T08:52:50.000,2.81,330.3,2.44,-1.39
2025-08-02T08:53:50.000,2.17,313.06,1.48,-1.58
2025-08-02T08:54:50.000,0.94,271.14,0.02,-0.94
2025-08-02T08:55:50.000,1.2,291.38,0.44,-1.12
2025-08-02T08:56:50.000,1.99,298.2,0.94,-1.75
2025-08-02T08:57:50.000,2.48,284.55,0.62,-2.4
2025-08-02T08:58:50.000,2.3,303.42,1.26,-1.92
2025-08-02T08:59:50.000,2.26,324.03,1.83,-1.33
2025-08-02T09:00:50.000,2.01,303.62,1.11,-1.68
2025-08-02T09:01:50.000,3.35,304.89,1.92,-2.75
2025-08-02T09:02:50.000,2.01,319.11,1.52,-1.31
2025-08-02T09:03:50.000,2.97,319.52,2.26,-1.93
2025-08-02T09:04:50.000,2.43,316.55,1.76,-1.67
2025-08-02T09:05:50.000,1.57,309.56,1,-1.21
2025-08-02T09:06:50.000,1.82,303.84,1.01,-1.51
2025-08-02T09:07:50.000,1.38,291.26,0.5,-1.29
2025-08-02T09:08:50.000,2.93,310.14,1.89,-2.24
2025-08-02T09:09:50.000,1.77,306.1,1.04,-1.43
2025-08-02T09:10:50.000,3.11,309.05,1.96,-2.41
2025-08-02T09:11:50.000,2.5,284.51,0.63,-2.42
2025-08-02T09:12:50.000,1.38,297.51,0.64,-1.22
2025-08-02T09:13:50.000,2.1,305.42,1.21,-1.71
2025-08-02T09:14:50.000,3.51,298.96,1.7,-3.07
2025-08-02T09:15:50.000,2.44,322.77,1.94,-1.48
2025-08-02T09:16:50.000,1.64,318.05,1.22,-1.1
2025-08-02T09:17:50.000,1.91,306.7,1.14,-1.53
2025-08-02T09:18:50.000,2.27,291.71,0.84,-2.11
2025-08-02T09:19:50.000,1.99,258.27,-0.4,-1.95
2025-08-02T09:20:50.000,2.93,260,-0.51,-2.89
2025-08-02T09:21:50.000,2.99,309.17,1.89,-2.32
2025-08-02T09:22:50.000,3.02,301.57,1.58,-2.57
2025-08-02T09:23:50.000,4.3,306.18,2.54,-3.47
2025-08-02T09:24:50.000,1.63,325.5,1.34,-0.92
2025-08-02T09:25:50.000,2.31,308.89,1.45,-1.8
2025-08-02T09:26:50.000,2.96,293.38,1.18,-2.72
2025-08-02T09:27:50.000,2.26,296.67,1.01,-2.02
2025-08-02T09:28:50.000,4.82,307.13,2.91,-3.84
2025-08-02T09:29:50.000,2.8,318.42,2.1,-1.86
2025-08-02T09:30:50.000,4.27,297.13,1.95,-3.8
2025-08-02T09:31:50.000,3.78,316.38,2.74,-2.61
2025-08-02T09:32:50.000,3.22,316.75,2.34,-2.21
2025-08-02T09:33:50.000,4.31,318.62,3.24,-2.85
2025-08-02T09:34:50.000,2.68,323.18,2.15,-1.61
2025-08-02T09:35:50.000,2.65,292.27,1,-2.45
2025-08-02T09:36:50.000,2.13,286.49,0.61,-2.04
2025-08-02T09:37:50.000,1.47,306,0.86,-1.19
2025-08-02T09:38:50.000,2.48,303.73,1.37,-2.06
2025-08-02T09:39:50.000,2.51,297.44,1.16,-2.23
2025-08-02T09:40:50.000,2.4,305.55,1.4,-1.95
2025-08-02T09:41:50.000,3.41,327.4,2.87,-1.84
2025-08-02T09:42:50.000,4.27,338.72,3.98,-1.55
2025-08-02T09:43:50.000,5.04,341.92,4.79,-1.56
2025-08-02T09:44:50.000,4.39,337.22,4.05,-1.7
2025-08-02T09:45:50.000,3.09,333.75,2.77,-1.37
2025-08-02T09:46:50.000,3.67,342.48,3.5,-1.1
2025-08-02T09:47:50.000,2.04,283.28,0.47,-1.99
2025-08-02T09:48:50.000,2.33,252.56,-0.7,-2.22
2025-08-02T09:49:50.000,2.48,249.54,-0.87,-2.33
2025-08-02T09:50:50.000,2.24,311.6,1.48,-1.67
2025-08-02T09:51:50.000,1.96,308.01,1.21,-1.55
2025-08-02T09:52:50.000,2.89,340.26,2.72,-0.98
2025-08-02T09:53:50.000,2.8,330.45,2.44,-1.38
2025-08-02T09:54:50.000,3.25,354.49,3.24,-0.31
2025-08-02T09:55:50.000,5.3,347.97,5.18,-1.1
2025-08-02T09:56:50.000,3.59,339.9,3.37,-1.23
2025-08-02T09:57:50.000,1.64,305.51,0.95,-1.33
2025-08-02T09:58:50.000,2.67,271.9,0.09,-2.67
2025-08-02T09:59:50.000,1.92,291.6,0.71,-1.78
2025-08-02T10:00:50.000,2.31,330.41,2.01,-1.14
2025-08-02T10:01:50.000,2.3,315.24,1.63,-1.62
2025-08-02T10:02:50.000,1.56,305.57,0.91,-1.27
2025-08-02T10:03:50.000,1.63,233.77,-0.97,-1.32
2025-08-02T10:04:50.000,1.97,272.67,0.09,-1.97
2025-08-02T10:05:50.000,2.01,257.95,-0.42,-1.97
2025-08-02T10:06:50.000,2.84,267.48,-0.12,-2.84
2025-08-02T10:07:50.000,3.73,276.59,0.43,-3.7
2025-08-02T10:08:50.000,3.09,321.68,2.42,-1.91
2025-08-02T10:09:50.000,2.76,319.5,2.1,-1.8
2025-08-02T10:10:50.000,3.2,314.58,2.24,-2.28
2025-08-02T10:11:50.000,2.35,311.11,1.54,-1.77
2025-08-02T10:12:50.000,4.5,256.81,-1.03,-4.38
2025-08-02T10:13:50.000,1.69,336.22,1.54,-0.68
2025-08-02T10:14:50.000,2.84,285.12,0.74,-2.74
2025-08-02T10:15:50.000,4.2,302.51,2.26,-3.55
2025-08-02T10:16:50.000,3.02,303.47,1.67,-2.52
2025-08-02T10:17:50.000,1.45,327.94,1.23,-0.77
2025-08-02T10:18:50.000,1.54,277.13,0.19,-1.53
2025-08-02T10:19:50.000,1.66,339.1,1.55,-0.59
2025-08-02T10:20:50.000,0.58,217.76,-0.45,-0.35
2025-08-02T10:21:50.000,2.29,309.01,1.44,-1.78
2025-08-02T10:22:50.000,1.87,278.25,0.27,-1.85
2025-08-02T10:23:50.000,1.64,331.93,1.45,-0.77
2025-08-02T10:24:50.000,1.83,323.16,1.46,-1.1
2025-08-02T10:25:50.000,2.48,340.92,2.34,-0.81
2025-08-02T10:26:50.000,2.69,331.57,2.36,-1.28
2025-08-02T10:27:50.000,3.31,337.14,3.05,-1.29
2025-08-02T10:28:50.000,3.22,324.49,2.62,-1.87
2025-08-02T10:29:50.000,2.09,305.71,1.22,-1.7
2025-08-02T10:30:50.000,0.69,281.84,0.14,-0.67
2025-08-02T10:31:50.000,1.64,319.86,1.25,-1.06
2025-08-02T10:32:50.000,0.69,285.23,0.18,-0.67
2025-08-02T10:33:50.000,2.85,282.21,0.6,-2.79
2025-08-02T10:34:50.000,2.57,279.31,0.42,-2.53
2025-08-02T10:35:50.000,1.5,255.54,-0.38,-1.45
2025-08-02T10:36:50.000,2.56,298.34,1.22,-2.26
2025-08-02T10:37:50.000,1.68,264.6,-0.16,-1.68
2025-08-02T10:38:50.000,2.32,272.47,0.1,-2.32
2025-08-02T10:39:50.000,2.16,276.99,0.26,-2.14
2025-08-02T10:40:50.000,4.22,294.53,1.75,-3.84
2025-08-02T10:41:50.000,2.55,309.34,1.62,-1.97
2025-08-02T10:42:50.000,2.76,344.33,2.66,-0.75
2025-08-02T10:43:50.000,3.25,319.44,2.47,-2.11
2025-08-02T10:44:50.000,3.14,320.55,2.42,-1.99
2025-08-02T10:45:50.000,3.51,334.18,3.16,-1.53
2025-08-02T10:46:50.000,2.29,311.81,1.53,-1.71
2025-08-02T10:47:50.000,2.47,328.23,2.1,-1.3
2025-08-02T10:48:50.000,2.54,318.76,1.91,-1.68
2025-08-02T10:49:50.000,3.48,301.67,1.83,-2.96
2025-08-02T10:50:50.000,2.86,332.95,2.55,-1.3
2025-08-02T10:51:50.000,1.42,302.79,0.77,-1.2
2025-08-02T10:52:50.000,1.44,318.59,1.08,-0.96
2025-08-02T10:53:50.000,1.96,330.82,1.72,-0.96
2025-08-02T10:54:50.000,1.13,287.98,0.35,-1.08
2025-08-02T10:55:50.000,2.75,280.47,0.5,-2.7
2025-08-02T10:56:50.000,2.43,314.01,1.69,-1.75
2025-08-02T10:57:50.000,1.96,308.22,1.21,-1.54
2025-08-02T10:58:50.000,2.57,313.95,1.78,-1.85
2025-08-02T10:59:50.000,3.01,317.63,2.22,-2.03
2025-08-02T11:00:50.000,3.67,290.06,1.26,-3.45
2025-08-02T11:01:50.000,3.04,296.9,1.38,-2.71
2025-08-02T11:02:50.000,3.48,324.4,2.83,-2.03
2025-08-02T11:03:50.000,5.59,301.75,2.94,-4.75
2025-08-02T11:04:50.000,3.57,325.03,2.92,-2.04
2025-08-02T11:05:50.000,5.55,318.46,4.16,-3.68
2025-08-02T11:06:50.000,3.52,329.86,3.04,-1.77
2025-08-02T11:07:50.000,3.75,337.49,3.46,-1.43
2025-08-02T11:08:50.000,4.44,318.26,3.32,-2.96
2025-08-02T11:09:50.000,2.97,337.45,2.74,-1.14
2025-08-02T11:10:50.000,2.89,335.56,2.63,-1.2
2025-08-02T11:11:50.000,2,302.02,1.06,-1.7
2025-08-02T11:12:50.000,4.17,323.61,3.35,-2.47
2025-08-02T11:13:50.000,3.51,324.32,2.85,-2.05
2025-08-02T11:14:50.000,3.33,336.32,3.05,-1.34
2025-08-02T11:15:50.000,2.6,338.59,2.42,-0.95
2025-08-02T11:16:50.000,2.46,318.36,1.84,-1.63
2025-08-02T11:17:50.000,2.92,320.28,2.25,-1.87
2025-08-02T11:18:50.000,4.33,325.5,3.57,-2.45
2025-08-02T11:19:50.000,1.84,279.83,0.31,-1.81
2025-08-02T11:20:50.000,3.06,306.51,1.82,-2.46
2025-08-02T11:21:50.000,3.3,335.91,3.02,-1.35
2025-08-02T11:22:50.000,4.67,330.9,4.08,-2.27
2025-08-02T11:23:50.000,4.65,327.22,3.91,-2.52
2025-08-02T11:24:50.000,4.04,319.39,3.06,-2.63
2025-08-02T11:25:50.000,3.94,337.72,3.64,-1.49
2025-08-02T11:26:50.000,4.75,288.76,1.53,-4.49
2025-08-02T11:27:50.000,2.69,321.77,2.11,-1.66
2025-08-02T11:28:50.000,3.67,307.23,2.22,-2.92
2025-08-02T11:29:50.000,2.1,319.37,1.6,-1.37
2025-08-02T11:30:50.000,8.88,283.21,2.03,-8.65
2025-08-02T11:31:50.000,3.64,293.64,1.46,-3.33
2025-08-02T11:32:50.000,4.82,279.12,0.76,-4.76
2025-08-02T11:33:50.000,2.84,315.62,2.03,-1.98
2025-08-02T11:34:50.000,5.7,287.36,1.7,-5.44
2025-08-02T11:35:50.000,4.48,291.93,1.67,-4.16
2025-08-02T11:36:50.000,6.56,308.15,4.05,-5.15
2025-08-02T11:37:50.000,5.32,304.9,3.04,-4.36
2025-08-02T11:38:50.000,6.01,291.21,2.17,-5.6
2025-08-02T11:39:50.000,3.35,303.26,1.84,-2.8
2025-08-02T11:40:50.000,6.26,284.56,1.57,-6.05
2025-08-02T11:41:50.000,7.91,293.28,3.13,-7.26
2025-08-02T11:42:50.000,4.38,302.27,2.34,-3.7
2025-08-02T11:43:50.000,7.34,302.78,3.97,-6.17
2025-08-02T11:44:50.000,3.72,308.75,2.33,-2.9
2025-08-02T11:45:50.000,10.28,293,4.02,-9.47
2025-08-02T11:46:50.000,2.66,313.82,1.84,-1.92
2025-08-02T11:47:50.000,4.83,279.13,0.77,-4.77
2025-08-02T11:48:50.000,6.65,287.58,2.01,-6.34
2025-08-02T11:49:50.000,3.84,316.95,2.8,-2.62
2025-08-02T11:50:50.000,1.77,287.98,0.55,-1.68
2025-08-02T11:51:50.000,5.17,294.4,2.13,-4.7
2025-08-02T11:52:50.000,6.54,306.14,3.86,-5.28
2025-08-02T11:53:50.000,2.28,289.49,0.76,-2.15
2025-08-02T11:54:50.000,3.37,302.26,1.8,-2.85
2025-08-02T11:55:50.000,4.75,276.5,0.54,-4.72
2025-08-02T11:56:50.000,6.15,285.95,1.69,-5.91
2025-08-02T11:57:50.000,7.44,291.98,2.79,-6.9
2025-08-02T11:58:50.000,5.72,283.05,1.29,-5.57
2025-08-02T11:59:50.000,5.1,297.16,2.33,-4.54
2025-08-02T12:00:50.000,5.43,282.09,1.14,-5.3
2025-08-02T12:01:50.000,2.95,288.44,0.93,-2.8
2025-08-02T12:02:50.000,3.39,290.35,1.18,-3.17
2025-08-02T12:03:50.000,1.81,262.2,-0.25,-1.8
2025-08-02T12:04:50.000,8.83,289.48,2.95,-8.33
2025-08-02T12:05:50.000,7.81,315.46,5.57,-5.48
2025-08-02T12:06:50.000,4.78,300.55,2.43,-4.12
2025-08-02T12:07:50.000,3.72,257.9,-0.78,-3.64
2025-08-02T12:08:50.000,4.23,291.85,1.58,-3.93
2025-08-02T12:09:50.000,4.83,304.77,2.75,-3.97
2025-08-02T12:10:50.000,4.7,315.93,3.38,-3.27
2025-08-02T12:11:50.000,5.02,285.89,1.37,-4.83
2025-08-02T12:12:50.000,7.46,301.93,3.95,-6.33
2025-08-02T12:13:50.000,6.32,344.36,6.09,-1.7
2025-08-02T12:14:50.000,6.75,299.15,3.29,-5.89
2025-08-02T12:15:50.000,6.42,324.14,5.2,-3.76
2025-08-02T12:16:50.000,5.61,331.6,4.94,-2.67
2025-08-02T12:17:50.000,4.87,324.9,3.98,-2.8
2025-08-02T12:18:50.000,4.87,296.78,2.2,-4.35
2025-08-02T12:19:50.000,6.23,303.29,3.42,-5.21
2025-08-02T12:20:50.000,6.79,299.61,3.36,-5.9
2025-08-02T12:21:50.000,4.37,304.84,2.5,-3.59
2025-08-02T12:22:50.000,3.66,309.99,2.35,-2.81
2025-08-02T12:23:50.000,3.44,269.56,-0.03,-3.44
2025-08-02T12:24:50.000,5.03,295.72,2.18,-4.53
2025-08-02T12:25:50.000,1.57,292.41,0.6,-1.45
2025-08-02T12:26:50.000,1.57,303.04,0.86,-1.32
2025-08-02T12:27:50.000,5.62,273.73,0.37,-5.61
2025-08-02T12:28:50.000,3.17,278.84,0.49,-3.14
2025-08-02T12:29:50.000,4.7,293.41,1.87,-4.31
2025-08-02T12:30:50.000,3.92,286.25,1.1,-3.76
2025-08-02T12:31:50.000,2.58,299.58,1.27,-2.24
2025-08-02T12:32:50.000,5.06,282.84,1.12,-4.93
2025-08-02T12:33:50.000,2.87,285.85,0.78,-2.76
2025-08-02T12:34:50.000,6.4,285.2,1.68,-6.18
2025-08-02T12:35:50.000,4.44,290.08,1.52,-4.17
2025-08-02T12:36:50.000,3.17,300.34,1.6,-2.73
2025-08-02T12:37:50.000,3.68,303.04,2.01,-3.08
2025-08-02T12:38:50.000,5.27,283.6,1.24,-5.12
2025-08-02T12:39:50.000,7.23,293.49,2.88,-6.63
2025-08-02T12:40:50.000,4.41,285.34,1.17,-4.25
2025-08-02T12:41:50.000,9.35,300.35,4.72,-8.07
2025-08-02T12:42:50.000,7.61,293.92,3.09,-6.96
2025-08-02T12:43:50.000,3.43,311.24,2.26,-2.58
2025-08-02T12:44:50.000,7.21,292.25,2.73,-6.68
2025-08-02T12:45:50.000,6,288.42,1.9,-5.69
2025-08-02T12:46:50.000,6.62,284.73,1.68,-6.4
2025-08-02T12:47:50.000,5.1,281.81,1.04,-4.99
2025-08-02T12:48:50.000,5.22,312.18,3.51,-3.87
2025-08-02T12:49:50.000,4.16,319.91,3.18,-2.68
2025-08-02T12:50:50.000,9.18,278.21,1.31,-9.09
2025-08-02T12:51:50.000,2.99,291.76,1.11,-2.77
2025-08-02T12:52:50.000,2.75,292.96,1.07,-2.53
2025-08-02T12:53:50.000,2.83,308.78,1.77,-2.2
2025-08-02T12:54:50.000,7.87,307.5,4.79,-6.25
2025-08-02T12:55:50.000,6.76,297.96,3.17,-5.97
2025-08-02T12:56:50.000,2.56,283.74,0.61,-2.48
2025-08-02T12:57:50.000,3.13,306.5,1.86,-2.51
2025-08-02T12:58:50.000,4.09,316.31,2.96,-2.83
2025-08-02T12:59:50.000,4,320.18,3.07,-2.56
2025-08-02T13:00:50.000,4.13,304.94,2.37,-3.39
2025-08-02T13:01:50.000,4.59,302.28,2.45,-3.88
2025-08-02T13:02:50.000,3.16,283.14,0.72,-3.08
2025-08-02T13:03:50.000,2.05,333.92,1.84,-0.9
2025-08-02T13:04:50.000,2.67,313.99,1.85,-1.92
2025-08-02T13:05:50.000,4.46,299.21,2.18,-3.89
2025-08-02T13:06:50.000,6.48,298.1,3.05,-5.71
2025-08-02T13:07:50.000,4.57,318.59,3.43,-3.02
2025-08-02T13:08:50.000,4.67,318.58,3.5,-3.09
2025-08-02T13:09:50.000,6.57,314.25,4.58,-4.7
2025-08-02T13:10:50.000,4.94,307.18,2.99,-3.94
2025-08-02T13:11:50.000,3.01,331.56,2.65,-1.44
2025-08-02T13:12:50.000,3.12,325.25,2.56,-1.78
2025-08-02T13:13:50.000,5.33,295.57,2.3,-4.81
2025-08-02T13:14:50.000,2.05,315.97,1.47,-1.42
2025-08-02T13:15:50.000,2.89,306.05,1.7,-2.34
2025-08-02T13:16:50.000,4.04,300.9,2.08,-3.47
2025-08-02T13:17:50.000,3.16,306.51,1.88,-2.54
2025-08-02T13:18:50.000,3.86,304.03,2.16,-3.2
2025-08-02T13:19:50.000,2.91,272.3,0.12,-2.91
2025-08-02T13:20:50.000,2.13,332.61,1.89,-0.98
2025-08-02T13:21:50.000,2.47,320.41,1.91,-1.58
2025-08-02T13:22:50.000,2.19,305.94,1.28,-1.77
2025-08-02T13:23:50.000,3.1,312.42,2.09,-2.29
2025-08-02T13:24:50.000,2.41,319.47,1.84,-1.57
2025-08-02T13:25:50.000,4.39,324.56,3.58,-2.55
2025-08-02T13:26:50.000,1.06,314.97,0.75,-0.75
2025-08-02T13:27:50.000,4.02,317.47,2.96,-2.72
2025-08-02T13:28:50.000,3.84,303.97,2.15,-3.18
2025-08-02T13:29:50.000,3.66,302.02,1.94,-3.1
2025-08-02T13:30:50.000,4.24,311.43,2.81,-3.18
2025-08-02T13:31:50.000,4.54,306.47,2.7,-3.65
2025-08-02T13:32:50.000,3.18,312.57,2.15,-2.34
2025-08-02T13:33:50.000,1.09,321.95,0.86,-0.67
2025-08-02T13:34:50.000,2.42,304.83,1.38,-1.99
2025-08-02T13:35:50.000,1.77,314.58,1.24,-1.26
2025-08-02T13:36:50.000,1,320.15,0.77,-0.64
2025-08-02T13:37:50.000,1.39,327.31,1.17,-0.75
2025-08-02T13:38:50.000,1.07,282.44,0.23,-1.04
2025-08-02T13:39:50.000,2.18,252.89,-0.64,-2.09
2025-08-02T13:40:50.000,1.81,273.61,0.11,-1.8
2025-08-02T13:41:50.000,1.34,275.59,0.13,-1.33
2025-08-02T13:42:50.000,1.63,310.71,1.06,-1.24
2025-08-02T13:43:50.000,2.67,286.62,0.76,-2.56
2025-08-02T13:44:50.000,1.72,287.99,0.53,-1.64
2025-08-02T13:45:50.000,3.51,249.83,-1.21,-3.3
2025-08-02T13:46:50.000,1.68,304.52,0.95,-1.38
2025-08-02T13:47:50.000,1.83,288.21,0.57,-1.74
2025-08-02T13:48:50.000,2.09,294.66,0.87,-1.9
2025-08-02T13:49:50.000,1.4,302.2,0.75,-1.18
2025-08-02T13:50:50.000,1.2,324.18,0.97,-0.7
2025-08-02T13:51:50.000,0.98,313.62,0.67,-0.71
2025-08-02T13:52:50.000,1.45,331.43,1.28,-0.7
2025-08-02T13:53:50.000,1.14,328.5,0.97,-0.59
2025-08-02T13:54:50.000,0.59,350.89,0.58,-0.09
2025-08-02T13:55:50.000,1.09,330.47,0.95,-0.54
2025-08-02T13:56:50.000,1.42,285.81,0.39,-1.37
2025-08-02T13:57:50.000,1.56,314.26,1.09,-1.11
2025-08-02T13:58:50.000,0.84,282.73,0.19,-0.82
2025-08-02T13:59:50.000,1.17,313.39,0.8,-0.85
2025-08-02T14:00:50.000,0.8,272.91,0.04,-0.8
2025-08-02T14:01:50.000,1.02,246.33,-0.41,-0.93
2025-08-02T14:02:50.000,0.73,312.59,0.49,-0.54
2025-08-02T14:03:50.000,0.9,288.07,0.28,-0.86
2025-08-02T14:04:50.000,0.83,314.66,0.59,-0.59
2025-08-02T14:05:50.000,1.27,331.27,1.12,-0.61
2025-08-02T14:06:50.000,1.24,319.69,0.95,-0.8
2025-08-02T14:07:50.000,0.81,337.86,0.75,-0.31
2025-08-02T14:08:50.000,1.51,293.81,0.61,-1.38
2025-08-02T14:09:50.000,0.81,293.41,0.32,-0.74
2025-08-02T14:10:50.000,0.25,224.31,-0.18,-0.17
2025-08-02T14:11:50.000,1.29,176.85,-1.29,0.07
2025-08-02T14:12:50.000,0.54,300.67,0.27,-0.46
2025-08-02T14:13:50.000,1.03,296.51,0.46,-0.92
2025-08-02T14:14:50.000,0.68,342.52,0.65,-0.2
2025-08-02T14:15:50.000,1.63,308.74,1.02,-1.27
2025-08-02T14:16:50.000,1.14,301.84,0.6,-0.97
2025-08-02T14:17:50.000,1.86,318,1.38,-1.24
2025-08-02T14:18:50.000,1.39,286.83,0.4,-1.33
2025-08-02T14:19:50.000,0.56,350.05,0.55,-0.1
2025-08-02T14:20:50.000,1.29,307.06,0.78,-1.03
2025-08-02T14:21:50.000,0.8,325.15,0.65,-0.45
2025-08-02T14:22:50.000,1.08,299.3,0.53,-0.94
2025-08-02T14:23:50.000,1.85,319.13,1.4,-1.21
2025-08-02T14:24:50.000,1.79,313.82,1.24,-1.29
2025-08-02T14:25:50.000,0.88,341.46,0.83,-0.28
2025-08-02T14:26:50.000,0.97,313.42,0.67,-0.7
2025-08-02T14:27:50.000,1.23,316.87,0.9,-0.84
2025-08-02T14:28:50.000,1.02,271.95,0.03,-1.02
2025-08-02T14:29:50.000,1.3,279.57,0.22,-1.28
2025-08-02T14:30:50.000,1.18,286.07,0.33,-1.13
2025-08-02T14:31:50.000,1.08,319.51,0.82,-0.7
2025-08-02T14:32:50.000,0.35,303.88,0.2,-0.29
2025-08-02T14:33:50.000,1.06,279.24,0.17,-1.04
2025-08-02T14:34:50.000,0.17,319.08,0.13,-0.11
2025-08-02T14:35:50.000,0.68,202.03,-0.63,-0.25
2025-08-02T14:36:50.000,0.72,278.59,0.11,-0.72
2025-08-02T14:37:50.000,0.37,165.93,-0.36,0.09
2025-08-02T14:38:50.000,1.84,307.99,1.13,-1.45
2025-08-02T14:39:50.000,1.06,273.4,0.06,-1.06
2025-08-02T14:40:50.000,1.77,317,1.29,-1.2
2025-08-02T14:41:50.000,1.54,308.06,0.95,-1.21
2025-08-02T14:42:50.000,0.47,218.18,-0.37,-0.29
2025-08-02T14:43:50.000,0.83,241.52,-0.4,-0.73
2025-08-02T14:44:50.000,0.99,224.51,-0.71,-0.7
2025-08-02T14:45:50.000,0.83,234.07,-0.49,-0.68
2025-08-02T14:46:50.000,1.54,312.21,1.03,-1.14
2025-08-02T14:47:50.000,0.86,356.06,0.86,-0.06
2025-08-02T14:48:50.000,0.83,304.32,0.47,-0.68
2025-08-02T14:49:50.000,0.97,321.81,0.76,-0.6
2025-08-02T14:50:50.000,0.76,331.7,0.67,-0.36
2025-08-02T14:51:50.000,1.82,243.52,-0.81,-1.63
2025-08-02T14:52:50.000,1.43,284.6,0.36,-1.38
2025-08-02T14:53:50.000,0.97,269.83,0,-0.97
2025-08-02T14:54:50.000,0.51,148.18,-0.44,0.27
2025-08-02T14:55:50.000,1.8,185.38,-1.79,-0.17
2025-08-02T14:56:50.000,0.45,291.1,0.16,-0.42
2025-08-02T14:57:50.000,1.14,306.65,0.68,-0.92
2025-08-02T14:58:50.000,1.12,342.74,1.07,-0.33
2025-08-02T14:59:50.000,1.08,5.01,1.08,0.09
2025-08-02T15:00:50.000,0.47,12.01,0.46,0.1
2025-08-02T15:01:50.000,2.3,325.27,1.89,-1.31
2025-08-02T15:02:50.000,1.17,346.52,1.14,-0.27
2025-08-02T15:03:50.000,3.23,312.34,2.18,-2.39
2025-08-02T15:04:50.000,1.43,344.93,1.38,-0.37
2025-08-02T15:05:50.000,1.43,3.3,1.43,0.08
2025-08-02T15:06:50.000,1.29,351.82,1.28,-0.18
2025-08-02T15:07:50.000,1.22,186.35,-1.21,-0.13
2025-08-02T15:08:50.000,0.68,297.75,0.32,-0.6
2025-08-02T15:09:50.000,1.23,312.8,0.83,-0.9
2025-08-02T15:10:50.000,1.8,14.8,1.74,0.46
2025-08-02T15:11:50.000,3.79,25.79,3.41,1.65
2025-08-02T15:12:50.000,3.42,344.69,3.3,-0.9
2025-08-02T15:13:50.000,1.18,328.14,1,-0.62
2025-08-02T15:14:50.000,2.19,351.81,2.17,-0.31
2025-08-02T15:15:50.000,2.22,6.68,2.2,0.26
2025-08-02T15:16:50.000,2.46,4.28,2.46,0.18
2025-08-02T15:17:50.000,0.96,5.42,0.96,0.09
2025-08-02T15:18:50.000,1.44,318.08,1.07,-0.96
2025-08-02T15:19:50.000,2.13,288,0.66,-2.03
2025-08-02T15:20:50.000,1.23,309.63,0.79,-0.95
2025-08-02T15:21:50.000,2.36,319.31,1.79,-1.54
2025-08-02T15:22:50.000,1.29,108.06,-0.4,1.23
2025-08-02T15:23:50.000,1.44,339.69,1.35,-0.5
2025-08-02T15:24:50.000,1.31,79.47,0.24,1.29
2025-08-02T15:25:50.000,1.8,341.44,1.7,-0.57
2025-08-02T15:26:50.000,1.69,262.25,-0.23,-1.68
2025-08-02T15:27:50.000,1.26,331.09,1.1,-0.61
2025-08-02T15:28:50.000,1.69,324.26,1.37,-0.99
2025-08-02T15:29:50.000,1.72,206.26,-1.55,-0.76
2025-08-02T15:30:50.000,2,258.27,-0.41,-1.96
2025-08-02T15:31:50.000,0.16,341.49,0.15,-0.05
2025-08-02T15:32:50.000,2.7,24.93,2.45,1.14
2025-08-02T15:33:50.000,1.61,104.85,-0.41,1.56
2025-08-02T15:34:50.000,0.61,20.93,0.57,0.22
2025-08-02T15:35:50.000,2.25,15.06,2.17,0.58
2025-08-02T15:36:50.000,2.46,54.91,1.42,2.02
2025-08-02T15:37:50.000,1.4,2.58,1.4,0.06
2025-08-02T15:38:50.000,1.69,48.31,1.12,1.26
2025-08-02T15:39:50.000,0.64,2.62,0.64,0.03
2025-08-02T15:40:50.000,0.71,177.62,-0.71,0.03
2025-08-02T15:41:50.000,1.53,84.27,0.15,1.53
2025-08-02T15:42:50.000,1.55,279.34,0.25,-1.53
2025-08-02T15:43:50.000,0.73,51.13,0.46,0.57
2025-08-02T15:44:50.000,2.98,46.72,2.05,2.17
2025-08-02T15:45:50.000,0.65,18.18,0.62,0.2
2025-08-02T15:46:50.000,2.18,244.82,-0.93,-1.98
2025-08-02T15:47:50.000,0.84,8.72,0.83,0.13
2025-08-02T15:48:50.000,0.36,127.44,-0.22,0.28
2025-08-02T15:49:50.000,1.35,273.18,0.08,-1.35
2025-08-02T15:50:50.000,0.34,303.79,0.19,-0.28
2025-08-02T15:51:50.000,1.19,290.42,0.42,-1.12
2025-08-02T15:52:50.000,2.47,330.85,2.16,-1.2
2025-08-02T15:53:50.000,1.35,2.12,1.34,0.05
2025-08-02T15:54:50.000,1.62,52.19,1,1.28
2025-08-02T15:55:50.000,1.54,19.82,1.44,0.52
2025-08-02T15:56:50.000,3.1,33.2,2.59,1.7
2025-08-02T15:57:50.000,2.71,1.15,2.71,0.05
2025-08-02T15:58:50.000,2.26,49.58,1.46,1.72
2025-08-02T15:59:50.000,2.76,12.87,2.69,0.61
2025-08-02T16:00:50.000,2.98,320.97,2.31,-1.88
2025-08-02T16:01:50.000,2.65,334.49,2.39,-1.14
2025-08-02T16:02:50.000,2.77,96.75,-0.33,2.75
2025-08-02T16:03:50.000,2.38,14.63,2.3,0.6
2025-08-02T16:04:50.000,2.8,7.44,2.78,0.36
2025-08-02T16:05:50.000,1.2,349.04,1.18,-0.23
2025-08-02T16:06:50.000,1.44,345.48,1.39,-0.36
2025-08-02T16:07:50.000,2.85,350.38,2.81,-0.48
2025-08-02T16:08:50.000,0.22,337,0.2,-0.08
2025-08-02T16:09:50.000,1.24,14.03,1.21,0.3
2025-08-02T16:10:50.000,2.44,331.52,2.14,-1.16
2025-08-02T16:11:50.000,1.25,322.58,1,-0.76
2025-08-02T16:12:50.000,1.81,321.05,1.4,-1.13
2025-08-02T16:13:50.000,1.83,343.88,1.76,-0.51
2025-08-02T16:14:50.000,1.78,46.19,1.24,1.29
2025-08-02T16:15:50.000,1.16,352.93,1.15,-0.14
2025-08-02T16:16:50.000,0.81,287.13,0.24,-0.78
2025-08-02T16:17:50.000,1.17,305.93,0.69,-0.95
2025-08-02T16:18:50.000,1.68,276.98,0.2,-1.67
2025-08-02T16:19:50.000,0.98,344.16,0.94,-0.27
2025-08-02T16:20:50.000,1.54,234.5,-0.9,-1.25
2025-08-02T16:21:50.000,1.56,315.2,1.11,-1.1
2025-08-02T16:22:50.000,1.51,342.48,1.44,-0.46
2025-08-02T16:23:50.000,3.04,341.89,2.89,-0.94
2025-08-02T16:24:50.000,0.62,285.76,0.17,-0.6
2025-08-02T16:25:50.000,1.4,321.12,1.09,-0.88
2025-08-02T16:26:50.000,1.61,322.93,1.28,-0.97
2025-08-02T16:27:50.000,1.45,325.6,1.2,-0.82
2025-08-02T16:28:50.000,1.86,335.05,1.69,-0.79
2025-08-02T16:29:50.000,1.27,310.41,0.82,-0.96
2025-08-02T16:30:50.000,1.62,328.96,1.39,-0.84
2025-08-02T16:31:50.000,1.74,310.15,1.12,-1.33
2025-08-02T16:32:50.000,1.28,309.73,0.82,-0.98
2025-08-02T16:33:50.000,1.35,310.38,0.87,-1.03
2025-08-02T16:34:50.000,1.28,306.3,0.76,-1.03
2025-08-02T16:35:50.000,0.99,294.67,0.41,-0.9
2025-08-02T16:36:50.000,0.89,257.01,-0.2,-0.86
2025-08-02T16:37:50.000,1.36,305.17,0.78,-1.11
2025-08-02T16:38:50.000,2.11,287.03,0.62,-2.02
2025-08-02T16:39:50.000,2.71,253.01,-0.79,-2.6
2025-08-02T16:40:50.000,1.84,266.36,-0.12,-1.84
2025-08-02T16:41:50.000,1.94,277.71,0.26,-1.92
2025-08-02T16:42:50.000,1.71,272.83,0.08,-1.71
2025-08-02T16:43:50.000,1.69,241.84,-0.8,-1.49
2025-08-02T16:44:50.000,3.1,283.06,0.7,-3.02
2025-08-02T16:45:50.000,2.36,296.28,1.04,-2.12
2025-08-02T16:46:50.000,3.92,269.34,-0.04,-3.92
2025-08-02T16:47:50.000,2.23,308.9,1.4,-1.73
2025-08-02T16:48:50.000,1.97,293.55,0.79,-1.8
2025-08-02T16:49:50.000,4.89,288.97,1.59,-4.62
2025-08-02T16:50:50.000,2.27,295,0.96,-2.06
2025-08-02T16:51:50.000,6.27,295.52,2.7,-5.66
2025-08-02T16:52:50.000,2.73,291.64,1.01,-2.54
2025-08-02T16:53:50.000,3.22,302.21,1.72,-2.73
2025-08-02T16:54:50.000,3.01,316.39,2.18,-2.07
2025-08-02T16:55:50.000,5.45,308.96,3.43,-4.24
2025-08-02T16:56:50.000,3.38,299.66,1.67,-2.93
2025-08-02T16:57:50.000,7.03,292.36,2.67,-6.5
2025-08-02T16:58:50.000,5.35,290.58,1.88,-5.01
2025-08-02T16:59:50.000,5.3,303.98,2.96,-4.4
2025-08-02T17:00:50.000,7.15,301.12,3.7,-6.12
2025-08-02T17:01:50.000,5.14,294.36,2.12,-4.68
2025-08-02T17:02:50.000,8.9,292.97,3.47,-8.19
2025-08-02T17:03:50.000,5.31,326.48,4.43,-2.93
2025-08-02T17:04:50.000,4.07,313.17,2.79,-2.97
2025-08-02T17:05:50.000,6.93,303.22,3.8,-5.8
2025-08-02T17:06:50.000,4.74,302.07,2.52,-4.02
2025-08-02T17:07:50.000,4.96,313.9,3.44,-3.58
2025-08-02T17:08:50.000,8.8,297.45,4.05,-7.81
2025-08-02T17:09:50.000,6.06,309.84,3.89,-4.66
2025-08-02T17:10:50.000,6.03,285.16,1.58,-5.82
2025-08-02T17:11:50.000,6.76,314.34,4.73,-4.84
2025-08-02T17:12:50.000,7.46,310.1,4.8,-5.71
2025-08-02T17:13:50.000,5.85,296.92,2.65,-5.21
2025-08-02T17:14:50.000,6.44,313.58,4.44,-4.66
2025-08-02T17:15:50.000,5.12,297.08,2.33,-4.56
2025-08-02T17:16:50.000,6.65,314.7,4.68,-4.73
2025-08-02T17:17:50.000,4.46,283.28,1.03,-4.34
2025-08-02T17:18:50.000,6.71,296.48,2.99,-6.01
2025-08-02T17:19:50.000,5.28,300.2,2.66,-4.56
2025-08-02T17:20:50.000,3.28,316.25,2.37,-2.27
2025-08-02T17:21:50.000,7.89,291.57,2.9,-7.34
2025-08-02T17:22:50.000,4.71,303.15,2.58,-3.94
2025-08-02T17:23:50.000,7.99,294.27,3.28,-7.28
2025-08-02T17:24:50.000,6.32,302.4,3.38,-5.33
2025-08-02T17:25:50.000,6.14,303.59,3.4,-5.12
2025-08-02T17:26:50.000,7.52,310.22,4.85,-5.74
2025-08-02T17:27:50.000,5.52,287.91,1.7,-5.25
2025-08-02T17:28:50.000,5.06,283.01,1.14,-4.93
2025-08-02T17:29:50.000,3.73,284.37,0.93,-3.62
2025-08-02T17:30:50.000,8.53,293.33,3.38,-7.83
2025-08-02T17:31:50.000,4.54,301.26,2.36,-3.88
2025-08-02T17:32:50.000,5.31,300.1,2.66,-4.59
2025-08-02T17:33:50.000,6.26,298.51,2.99,-5.5
2025-08-02T17:34:50.000,4.23,278.38,0.62,-4.18
2025-08-02T17:35:50.000,6.35,275.58,0.62,-6.32
2025-08-02T17:36:50.000,4.46,309.07,2.81,-3.47
2025-08-02T17:37:50.000,6.15,293.26,2.43,-5.65
2025-08-02T17:38:50.000,2.56,332.39,2.27,-1.19
2025-08-02T17:39:50.000,5.72,274.49,0.45,-5.71
2025-08-02T17:40:50.000,3.71,284.33,0.92,-3.6
2025-08-02T17:41:50.000,5.3,304.86,3.03,-4.35
2025-08-02T17:42:50.000,2.98,259.23,-0.56,-2.92
2025-08-02T17:43:50.000,7.74,297.68,3.59,-6.85
2025-08-02T17:44:50.000,1.94,271.85,0.06,-1.93
2025-08-02T17:45:50.000,3.63,324.76,2.96,-2.09
2025-08-02T17:46:50.000,2.67,318.69,2,-1.76
2025-08-02T17:47:50.000,2.77,285.68,0.75,-2.67
2025-08-02T17:48:50.000,3.39,322.61,2.7,-2.06
2025-08-02T17:49:50.000,4.11,271.26,0.09,-4.11
2025-08-02T17:50:50.000,4.99,282.13,1.05,-4.88
2025-08-02T17:51:50.000,1.95,308.75,1.22,-1.52
2025-08-02T17:52:50.000,2.34,313.34,1.6,-1.7
2025-08-02T17:53:50.000,4.76,301.88,2.51,-4.04
2025-08-02T17:54:50.000,3.91,302.4,2.1,-3.3
2025-08-02T17:55:50.000,2.41,310.02,1.55,-1.85
2025-08-02T17:56:50.000,2.36,288.86,0.76,-2.23
2025-08-02T17:57:50.000,2.68,324.68,2.18,-1.55
2025-08-02T17:58:50.000,3.17,313.51,2.18,-2.3
2025-08-02T17:59:50.000,7.59,280.89,1.43,-7.46
2025-08-02T18:00:50.000,4.43,285.78,1.2,-4.26
2025-08-02T18:01:50.000,2.66,303.98,1.48,-2.2
2025-08-02T18:02:50.000,3.5,309.01,2.21,-2.72
2025-08-02T18:03:50.000,4.18,290.61,1.47,-3.91
2025-08-02T18:04:50.000,2.08,321.03,1.61,-1.3
2025-08-02T18:05:50.000,2.56,332.84,2.28,-1.17
2025-08-02T18:06:50.000,3.1,316.88,2.27,-2.12
2025-08-02T18:07:50.000,5.69,306.36,3.38,-4.59
2025-08-02T18:08:50.000,6.8,316.17,4.9,-4.71
2025-08-02T18:09:50.000,3.39,327.48,2.85,-1.82
2025-08-02T18:10:50.000,4.62,297.9,2.16,-4.08
2025-08-02T18:11:50.000,2.5,312.31,1.68,-1.85
2025-08-02T18:12:50.000,3.48,306.21,2.06,-2.81
2025-08-02T18:13:50.000,3.76,311.23,2.48,-2.83
2025-08-02T18:14:50.000,4.83,321.3,3.77,-3.02
2025-08-02T18:15:50.000,6.17,308.37,3.83,-4.84
2025-08-02T18:16:50.000,4.02,315.51,2.87,-2.82
2025-08-02T18:17:50.000,4.47,312.58,3.02,-3.29
2025-08-02T18:18:50.000,2.29,311.03,1.5,-1.72
2025-08-02T18:19:50.000,1.14,307.11,0.69,-0.91
2025-08-02T18:20:50.000,2.59,317.05,1.9,-1.77
2025-08-02T18:21:50.000,4.98,343.24,4.77,-1.44
2025-08-02T18:22:50.000,5.17,318.92,3.9,-3.4
2025-08-02T18:23:50.000,4.18,338.61,3.9,-1.53
2025-08-02T18:24:50.000,1.29,343.86,1.24,-0.36
2025-08-02T18:25:50.000,1.67,278.29,0.24,-1.65
2025-08-02T18:26:50.000,1.72,349.04,1.69,-0.33
2025-08-02T18:27:50.000,1.91,330.64,1.67,-0.94
2025-08-02T18:28:50.000,1.91,334.87,1.73,-0.81
2025-08-02T18:29:50.000,1.14,324.04,0.93,-0.67
2025-08-02T18:30:50.000,1.19,318.09,0.88,-0.79
2025-08-02T18:31:50.000,1.83,335.46,1.66,-0.76
2025-08-02T18:32:50.000,1.77,322.65,1.41,-1.08
2025-08-02T18:33:50.000,1.84,320.31,1.41,-1.17
2025-08-02T18:34:50.000,1.87,296.07,0.82,-1.68
2025-08-02T18:35:50.000,1.4,275.19,0.13,-1.4
2025-08-02T18:36:50.000,1.48,268.52,-0.04,-1.48
2025-08-02T18:37:50.000,2.44,253.59,-0.69,-2.34
2025-08-02T18:38:50.000,2.69,270.34,0.02,-2.69
2025-08-02T18:39:50.000,0.73,252.38,-0.22,-0.69
2025-08-02T18:40:50.000,0.95,311.98,0.63,-0.7
2025-08-02T18:41:50.000,1.01,300.17,0.51,-0.87
2025-08-02T18:42:50.000,0.45,336.02,0.41,-0.18
2025-08-02T18:43:50.000,0.46,342.33,0.44,-0.14
2025-08-02T18:44:50.000,0.63,309.9,0.41,-0.49
2025-08-02T18:45:50.000,1.41,303.16,0.77,-1.18
2025-08-02T18:46:50.000,0.55,171.98,-0.54,0.08
2025-08-02T18:47:50.000,0.53,232.56,-0.32,-0.42
2025-08-02T18:48:50.000,0.12,268.54,0,-0.12
2025-08-02T18:49:50.000,0.99,235.57,-0.56,-0.82
2025-08-02T18:50:50.000,0.92,331.05,0.8,-0.44
2025-08-02T18:51:50.000,0.84,315.06,0.6,-0.59
2025-08-02T18:52:50.000,1.21,278.63,0.18,-1.19
2025-08-02T18:53:50.000,1.32,290.96,0.47,-1.23
2025-08-02T18:54:50.000,2.08,309.74,1.33,-1.6
2025-08-02T18:55:50.000,1.18,317.85,0.87,-0.79
2025-08-02T18:56:50.000,1.28,316.01,0.92,-0.89
2025-08-02T18:57:50.000,1.76,314.58,1.23,-1.25
2025-08-02T18:58:50.000,1.13,298.7,0.54,-0.99
2025-08-02T18:59:50.000,1.54,311.92,1.03,-1.14
2025-08-02T19:00:50.000,1.61,287.17,0.48,-1.54
2025-08-02T19:01:50.000,1.18,297.75,0.55,-1.04
2025-08-02T19:02:50.000,0.9,261.44,-0.13,-0.89
2025-08-02T19:03:50.000,1.06,278.07,0.15,-1.05
2025-08-02T19:04:50.000,0.83,314.14,0.58,-0.6
2025-08-02T19:05:50.000,0.73,307.01,0.44,-0.58
2025-08-02T19:06:50.000,0.92,333.04,0.82,-0.42
2025-08-02T19:07:50.000,0.7,240.41,-0.34,-0.61
2025-08-02T19:08:50.000,0.94,201.02,-0.88,-0.34
2025-08-02T19:09:50.000,1.08,304.85,0.62,-0.89
2025-08-02T19:10:50.000,0.83,302.34,0.44,-0.7
2025-08-02T19:11:50.000,0.51,14.94,0.49,0.13
2025-08-02T19:12:50.000,0.76,301.5,0.4,-0.65
2025-08-02T19:13:50.000,1.01,346.22,0.98,-0.24
2025-08-02T19:14:50.000,0.86,249.37,-0.3,-0.8
2025-08-02T19:15:50.000,0.95,297.47,0.44,-0.85
2025-08-02T19:16:50.000,0.36,328.56,0.31,-0.19
2025-08-02T19:17:50.000,1.1,303.79,0.61,-0.92
2025-08-02T19:18:50.000,0.97,298.62,0.47,-0.86
2025-08-02T19:19:50.000,1.23,342.49,1.17,-0.37
2025-08-02T19:20:50.000,0.86,290.73,0.3,-0.8
2025-08-02T19:21:50.000,0.57,139.55,-0.43,0.37
2025-08-02T19:22:50.000,1.06,314.94,0.75,-0.75
2025-08-02T19:23:50.000,0.92,293.92,0.37,-0.84
2025-08-02T19:24:50.000,0.6,331.33,0.53,-0.29
2025-08-02T19:25:50.000,0.52,238.99,-0.27,-0.44
2025-08-02T19:26:50.000,1.98,335.34,1.8,-0.83
2025-08-02T19:27:50.000,1.88,357.96,1.88,-0.07
2025-08-02T19:28:50.000,0.99,340.77,0.93,-0.32
2025-08-02T19:29:50.000,1.6,356.33,1.6,-0.1
2025-08-02T19:30:50.000,1.44,331.46,1.26,-0.69
2025-08-02T19:31:50.000,3.56,44.19,2.55,2.48
2025-08-02T19:32:50.000,1.54,21.78,1.43,0.57
2025-08-02T19:33:50.000,1.5,301.65,0.78,-1.27
2025-08-02T19:34:50.000,2.24,329.88,1.94,-1.12
2025-08-02T19:35:50.000,0.87,309.73,0.56,-0.67
2025-08-02T19:36:50.000,1.22,271.6,0.03,-1.22
2025-08-02T19:37:50.000,1.12,330.39,0.98,-0.56
2025-08-02T19:38:50.000,1.34,296.85,0.61,-1.2
2025-08-02T19:39:50.000,1.95,329.46,1.68,-0.99
2025-08-02T19:40:50.000,0.93,298.1,0.44,-0.82
2025-08-02T19:41:50.000,1.8,320.6,1.39,-1.14
2025-08-02T19:42:50.000,2.17,328.67,1.85,-1.13
2025-08-02T19:43:50.000,1.54,332.09,1.36,-0.72
2025-08-02T19:44:50.000,1.27,333.8,1.14,-0.56
2025-08-02T19:45:50.000,1.71,317.6,1.26,-1.15
2025-08-02T19:46:50.000,1,274.85,0.08,-0.99
2025-08-02T19:47:50.000,0.88,308.94,0.56,-0.69
2025-08-02T19:48:50.000,0.75,272.33,0.03,-0.75
2025-08-02T19:49:50.000,0.15,305.09,0.09,-0.12
2025-08-02T19:50:50.000,1.63,308.88,1.02,-1.27
2025-08-02T19:51:50.000,0.49,276.58,0.06,-0.49
2025-08-02T19:52:50.000,0.31,272.73,0.01,-0.31
2025-08-02T19:53:50.000,2.45,317.75,1.81,-1.65
2025-08-02T19:54:50.000,0.29,174.34,-0.29,0.03
2025-08-02T19:55:50.000,3.89,45.88,2.71,2.8
2025-08-02T19:56:50.000,2.36,40.92,1.78,1.55
2025-08-02T19:57:50.000,0.52,293.59,0.21,-0.48
2025-08-02T19:58:50.000,1.42,330.38,1.24,-0.7
2025-08-02T19:59:50.000,1.51,95.29,-0.14,1.5
2025-08-02T20:00:50.000,2.78,348.9,2.72,-0.53
2025-08-02T20:01:50.000,2.56,353.21,2.54,-0.3
2025-08-02T20:02:50.000,1.52,341.69,1.45,-0.48
2025-08-02T20:03:50.000,2.54,321.19,1.98,-1.59
2025-08-02T20:04:50.000,1.51,2.51,1.51,0.07
2025-08-02T20:05:50.000,1.05,332.64,0.93,-0.48
2025-08-02T20:06:50.000,1.8,33.11,1.51,0.99
2025-08-02T20:07:50.000,2.18,18.85,2.06,0.7
2025-08-02T20:08:50.000,3.87,12.97,3.77,0.87
2025-08-02T20:09:50.000,3.77,6.7,3.75,0.44
2025-08-02T20:10:50.000,2.11,336.62,1.93,-0.84
2025-08-02T20:11:50.000,4.45,0.14,4.45,0.01
2025-08-02T20:12:50.000,3.85,5.38,3.83,0.36
2025-08-02T20:13:50.000,3.28,358.83,3.28,-0.07
2025-08-02T20:14:50.000,4.44,23.65,4.07,1.78
2025-08-02T20:15:50.000,2.56,3.52,2.56,0.16
2025-08-02T20:16:50.000,5.01,19.11,4.73,1.64
2025-08-02T20:17:50.000,3.31,17.51,3.15,0.99
2025-08-02T20:18:50.000,3.44,31.01,2.94,1.77
2025-08-02T20:19:50.000,4.87,9.52,4.8,0.81
2025-08-02T20:20:50.000,3.59,10.5,3.53,0.65
2025-08-02T20:21:50.000,2.88,357.86,2.88,-0.11
2025-08-02T20:22:50.000,2.98,357,2.98,-0.16
2025-08-02T20:23:50.000,3.2,327.79,2.71,-1.7
2025-08-02T20:24:50.000,2.15,345.96,2.08,-0.52
2025-08-02T20:25:50.000,3.62,3.9,3.61,0.25
2025-08-02T20:26:50.000,3.08,7.59,3.06,0.41
2025-08-02T20:27:50.000,3.05,358.69,3.05,-0.07
2025-08-02T20:28:50.000,2.84,18.91,2.69,0.92
2025-08-02T20:29:50.000,2.45,356.18,2.45,-0.16
2025-08-02T20:30:50.000,1.62,342.56,1.55,-0.49
2025-08-02T20:31:50.000,2.9,337.28,2.68,-1.12
2025-08-02T20:32:50.000,1.9,336.27,1.74,-0.76
2025-08-02T20:33:50.000,2,342.28,1.91,-0.61
2025-08-02T20:34:50.000,2.71,350.87,2.68,-0.43
2025-08-02T20:35:50.000,1.99,340.65,1.88,-0.66
2025-08-02T20:36:50.000,2.71,351.4,2.68,-0.4
2025-08-02T20:37:50.000,2.48,353.39,2.46,-0.29
2025-08-02T20:38:50.000,2.08,328.78,1.77,-1.08
2025-08-02T20:39:50.000,2.52,14.42,2.44,0.63
2025-08-02T20:40:50.000,2.35,349.97,2.32,-0.41
2025-08-02T20:41:50.000,2.44,349.17,2.4,-0.46
2025-08-02T20:42:50.000,3.37,331.44,2.96,-1.61
2025-08-02T20:43:50.000,1.62,332.05,1.43,-0.76
2025-08-02T20:44:50.000,3.22,348.4,3.15,-0.65
2025-08-02T20:45:50.000,1.87,343.61,1.79,-0.53
2025-08-02T20:46:50.000,2.64,336.91,2.43,-1.03
2025-08-02T20:47:50.000,3,316.7,2.18,-2.06
2025-08-02T20:48:50.000,3.68,343.52,3.53,-1.04
2025-08-02T20:49:50.000,4.87,337.45,4.49,-1.87
2025-08-02T20:50:50.000,4.22,331.35,3.7,-2.02
2025-08-02T20:51:50.000,4.67,341.54,4.43,-1.48
2025-08-02T20:52:50.000,2.93,340.5,2.76,-0.98
2025-08-02T20:53:50.000,3,334.96,2.72,-1.27
2025-08-02T20:54:50.000,3.03,329.68,2.61,-1.53
2025-08-02T20:55:50.000,3.62,319.5,2.75,-2.35
2025-08-02T20:56:50.000,4.21,329.55,3.63,-2.13
2025-08-02T20:57:50.000,4.91,338.62,4.58,-1.79
2025-08-02T20:58:50.000,3.7,332.72,3.29,-1.7
2025-08-02T20:59:50.000,4.5,342.03,4.28,-1.39
2025-08-02T21:00:50.000,4.43,331.68,3.9,-2.1
2025-08-02T21:01:50.000,5.54,332.85,4.93,-2.53
2025-08-02T21:02:50.000,6.02,325.28,4.95,-3.43
2025-08-02T21:03:50.000,6.54,338.99,6.11,-2.35
2025-08-02T21:04:50.000,6.09,336.12,5.57,-2.46
2025-08-02T21:05:50.000,5.68,337.93,5.27,-2.14
2025-08-02T21:06:50.000,4.93,338.08,4.57,-1.84
2025-08-02T21:07:50.000,5.96,332.1,5.26,-2.79
2025-08-02T21:08:50.000,4.89,325.72,4.04,-2.75
2025-08-02T21:09:50.000,4.33,334.35,3.9,-1.87
2025-08-02T21:10:50.000,4.64,334.11,4.18,-2.03
2025-08-02T21:11:50.000,6.63,339.29,6.2,-2.34
2025-08-02T21:12:50.000,6.43,339.44,6.02,-2.26
2025-08-02T21:13:50.000,6.98,338.65,6.5,-2.54
2025-08-02T21:14:50.000,6.24,346.19,6.06,-1.49
2025-08-02T21:15:50.000,7.79,335,7.06,-3.29
2025-08-02T21:16:50.000,9.47,337.56,8.75,-3.61
2025-08-02T21:17:50.000,11.67,349.68,11.48,-2.09
2025-08-02T21:18:50.000,11.21,349.7,11.03,-2
2025-08-02T21:19:50.000,10.78,345.86,10.46,-2.63
2025-08-02T21:20:50.000,10.74,351.06,10.61,-1.67
2025-08-02T21:21:50.000,12.3,353.25,12.22,-1.44
2025-08-02T21:22:50.000,12.04,352.98,11.95,-1.47
2025-08-02T21:23:50.000,11.62,352.78,11.53,-1.46
2025-08-02T21:24:50.000,9.34,350.24,9.2,-1.58
2025-08-02T21:25:50.000,6.86,351.27,6.78,-1.04
2025-08-02T21:26:50.000,9.48,351.36,9.38,-1.42
2025-08-02T21:27:50.000,7.26,349.27,7.13,-1.35
2025-08-02T21:28:50.000,7.49,342.5,7.14,-2.25
2025-08-02T21:29:50.000,7.75,349.62,7.62,-1.4
2025-08-02T21:30:50.000,8.01,356.08,7.99,-0.55
2025-08-02T21:31:50.000,7.82,347.44,7.64,-1.7
2025-08-02T21:32:50.000,8.53,348.41,8.36,-1.71
2025-08-02T21:33:50.000,8.42,344.64,8.12,-2.23
2025-08-02T21:34:50.000,7.65,342.44,7.29,-2.31
2025-08-02T21:35:50.000,5.81,333.25,5.19,-2.61
2025-08-02T21:36:50.000,6.27,336.09,5.73,-2.54
2025-08-02T21:37:50.000,5.92,330.23,5.14,-2.94
2025-08-02T21:38:50.000,6.03,329.02,5.17,-3.11
2025-08-02T21:39:50.000,2.6,324.21,2.11,-1.52
2025-08-02T21:40:50.000,4.47,330.65,3.89,-2.19
2025-08-02T21:41:50.000,4.59,315.69,3.29,-3.21
2025-08-02T21:42:50.000,6.63,309.86,4.25,-5.09
2025-08-02T21:43:50.000,2.66,265.38,-0.21,-2.65
2025-08-02T21:44:50.000,7.09,288.97,2.31,-6.71
2025-08-02T21:45:50.000,6.64,281.03,1.27,-6.52
2025-08-02T21:46:50.000,3.04,271.49,0.08,-3.03
2025-08-02T21:47:50.000,6.38,290.18,2.2,-5.99
2025-08-02T21:48:50.000,2.63,302.27,1.41,-2.23
2025-08-02T21:49:50.000,5.57,290.41,1.94,-5.22
2025-08-02T21:50:50.000,3.49,321.59,2.74,-2.17
2025-08-02T21:51:50.000,4.24,326.32,3.52,-2.35
2025-08-02T21:52:50.000,3.96,299.16,1.93,-3.46
2025-08-02T21:53:50.000,6.31,302.63,3.41,-5.32
2025-08-02T21:54:50.000,6.38,302.98,3.47,-5.35
2025-08-02T21:55:50.000,3.15,321.77,2.47,-1.95
2025-08-02T21:56:50.000,4.09,290.22,1.41,-3.84
2025-08-02T21:57:50.000,2.55,299.78,1.27,-2.22
2025-08-02T21:58:50.000,2.07,304.85,1.18,-1.7
2025-08-02T21:59:50.000,2.66,309.52,1.69,-2.05
2025-08-02T22:00:50.000,4.86,296.81,2.19,-4.34
2025-08-02T22:01:50.000,2.74,316.14,1.98,-1.9
2025-08-02T22:02:50.000,2.61,332.76,2.32,-1.19
2025-08-02T22:03:50.000,3.6,305.64,2.1,-2.92
2025-08-02T22:04:50.000,4.9,308.22,3.03,-3.85
2025-08-02T22:05:50.000,4.73,310.39,3.06,-3.6
2025-08-02T22:06:50.000,3.49,308.45,2.17,-2.73
2025-08-02T22:07:50.000,3.83,299.65,1.89,-3.33
2025-08-02T22:08:50.000,4.9,293.42,1.95,-4.5
2025-08-02T22:09:50.000,2.62,320.93,2.03,-1.65
2025-08-02T22:10:50.000,2.73,303.17,1.49,-2.28
2025-08-02T22:11:50.000,4.77,308.75,2.98,-3.72
2025-08-02T22:12:50.000,5.79,287.79,1.77,-5.52
2025-08-02T22:13:50.000,5.15,284.87,1.32,-4.98
2025-08-02T22:14:50.000,3.91,312.87,2.66,-2.87
2025-08-02T22:15:50.000,3.57,305.37,2.07,-2.91
2025-08-02T22:16:50.000,5.26,300.08,2.64,-4.55
2025-08-02T22:17:50.000,7.77,314.1,5.41,-5.58
2025-08-02T22:18:50.000,5.88,303.39,3.24,-4.91
2025-08-02T22:19:50.000,6.19,315.46,4.41,-4.34
2025-08-02T22:20:50.000,4.44,310.2,2.87,-3.39
2025-08-02T22:21:50.000,3.32,298.04,1.56,-2.93
2025-08-02T22:22:50.000,5.65,293.48,2.25,-5.18
2025-08-02T22:23:50.000,3.57,296.32,1.58,-3.2
2025-08-02T22:24:50.000,6.81,274.06,0.48,-6.79
2025-08-02T22:25:50.000,4.24,293.38,1.68,-3.89
2025-08-02T22:26:50.000,4.78,280.48,0.87,-4.7
2025-08-02T22:27:50.000,3.32,288.18,1.03,-3.15
2025-08-02T22:28:50.000,4.78,300.78,2.44,-4.1
2025-08-02T22:29:50.000,4.63,298.51,2.21,-4.07
2025-08-02T22:30:50.000,2.42,300.42,1.22,-2.08
2025-08-02T22:31:50.000,8.97,280.48,1.63,-8.82
2025-08-02T22:32:50.000,4.19,280.16,0.74,-4.12
2025-08-02T22:33:50.000,2.73,284.95,0.7,-2.64
2025-08-02T22:34:50.000,4.57,298.27,2.17,-4.03
2025-08-02T22:35:50.000,4.24,248.81,-1.53,-3.95
2025-08-02T22:36:50.000,2.67,284.79,0.68,-2.58
2025-08-02T22:37:50.000,1.77,274.61,0.14,-1.76
2025-08-02T22:38:50.000,4.3,290.56,1.51,-4.03
2025-08-02T22:39:50.000,4.58,273.69,0.29,-4.57
2025-08-02T22:40:50.000,5.37,293.54,2.15,-4.92
2025-08-02T22:41:50.000,2.24,306.92,1.35,-1.79
2025-08-02T22:42:50.000,3.04,309.14,1.92,-2.36
2025-08-02T22:43:50.000,5.76,276.18,0.62,-5.73
2025-08-02T22:44:50.000,9.91,289.69,3.34,-9.33
2025-08-02T22:45:50.000,4.59,291.9,1.71,-4.26
2025-08-02T22:46:50.000,4.41,316.34,3.19,-3.04
2025-08-02T22:47:50.000,4.06,286.37,1.15,-3.9
2025-08-02T22:48:50.000,5.26,282.7,1.16,-5.13
2025-08-02T22:49:50.000,8.75,297,3.97,-7.8
2025-08-02T22:50:50.000,4.7,294.45,1.95,-4.28
2025-08-02T22:51:50.000,3.54,295.67,1.53,-3.19
2025-08-02T22:52:50.000,4.27,287.97,1.32,-4.07
2025-08-02T22:53:50.000,3.9,308.04,2.4,-3.07
2025-08-02T22:54:50.000,9.44,282.37,2.02,-9.22
2025-08-02T22:55:50.000,4.88,290.34,1.7,-4.57
2025-08-02T22:56:50.000,3.13,291.94,1.17,-2.9
2025-08-02T22:57:50.000,6.12,299.14,2.98,-5.35
2025-08-02T22:58:50.000,5.34,321.03,4.15,-3.36
2025-08-02T22:59:50.000,6.2,300.98,3.19,-5.31
2025-08-02T23:00:50.000,3.36,304.07,1.88,-2.78
2025-08-02T23:01:50.000,3.61,305.74,2.11,-2.93
2025-08-02T23:02:50.000,5.98,297.14,2.73,-5.33
2025-08-02T23:03:50.000,5.37,305.27,3.1,-4.38
2025-08-02T23:04:50.000,6.17,295.03,2.61,-5.59
2025-08-02T23:05:50.000,3.47,283.1,0.79,-3.38
2025-08-02T23:06:50.000,3.95,276.74,0.46,-3.92
2025-08-02T23:07:50.000,2.23,302.74,1.21,-1.88
2025-08-02T23:08:50.000,4.83,293.34,1.91,-4.43
2025-08-02T23:09:50.000,1.65,290.85,0.59,-1.54
2025-08-02T23:10:50.000,4.18,328.97,3.58,-2.15
2025-08-02T23:11:50.000,2.77,299.76,1.38,-2.41
2025-08-02T23:12:50.000,6.11,307.41,3.71,-4.85
2025-08-02T23:13:50.000,3.09,302.71,1.67,-2.6
2025-08-02T23:14:50.000,3.95,325.28,3.25,-2.25
2025-08-02T23:15:50.000,4.91,314.75,3.46,-3.49
2025-08-02T23:16:50.000,3.29,298.71,1.58,-2.88
2025-08-02T23:17:50.000,4.55,317.09,3.33,-3.1
2025-08-02T23:18:50.000,3.13,315.47,2.23,-2.2
2025-08-02T23:19:50.000,3.26,312.24,2.19,-2.41
2025-08-02T23:20:50.000,6.06,290.76,2.15,-5.67
2025-08-02T23:21:50.000,4.47,298.4,2.13,-3.93
2025-08-02T23:22:50.000,8.02,284.84,2.05,-7.75
2025-08-02T23:23:50.000,2.93,324.46,2.39,-1.7
2025-08-02T23:24:50.000,4.76,310.53,3.09,-3.61
2025-08-02T23:25:50.000,2.48,303.04,1.35,-2.08
2025-08-02T23:26:50.000,6.61,278.9,1.02,-6.53
2025-08-02T23:27:50.000,3.03,291.78,1.12,-2.81
2025-08-02T23:28:50.000,3.31,296.5,1.48,-2.96
2025-08-02T23:29:50.000,2.5,297.92,1.17,-2.21
2025-08-02T23:30:50.000,2.93,280.87,0.55,-2.87
2025-08-02T23:31:50.000,5.33,285.57,1.43,-5.13
2025-08-02T23:32:50.000,4.51,290.95,1.61,-4.21
2025-08-02T23:33:50.000,3.96,294.43,1.64,-3.61
2025-08-02T23:34:50.000,6.78,279.19,1.08,-6.69
2025-08-02T23:35:50.000,5.54,298.33,2.63,-4.87
2025-08-02T23:36:50.000,4.67,318.14,3.48,-3.12
2025-08-02T23:37:50.000,4.33,305.69,2.53,-3.52
2025-08-02T23:38:50.000,8.93,302.32,4.77,-7.54
2025-08-02T23:39:50.000,7.81,303.28,4.28,-6.53
2025-08-02T23:40:50.000,3.38,310.25,2.19,-2.58
2025-08-02T23:41:50.000,4.77,334.71,4.31,-2.04
2025-08-02T23:42:50.000,5.04,319.92,3.86,-3.24
2025-08-02T23:43:50.000,4.22,309.74,2.7,-3.25
2025-08-02T23:44:50.000,2.92,323.46,2.34,-1.74
2025-08-02T23:45:50.000,4.94,318.22,3.69,-3.29
2025-08-02T23:46:50.000,4.01,305.79,2.34,-3.25
2025-08-02T23:47:50.000,3.41,330.03,2.95,-1.7
2025-08-02T23:48:50.000,5.25,292.81,2.04,-4.84
2025-08-02T23:49:50.000,1.71,311.09,1.12,-1.29
2025-08-02T23:50:50.000,6.04,273.35,0.35,-6.03
2025-08-02T23:51:50.000,3.4,278.77,0.52,-3.36
2025-08-02T23:52:50.000,2.07,327.5,1.74,-1.11
2025-08-02T23:53:50.000,5.08,284.58,1.28,-4.92
2025-08-02T23:54:50.000,2.27,289.68,0.76,-2.13
2025-08-02T23:55:50.000,3.14,296.16,1.39,-2.82
2025-08-02T23:56:50.000,2.56,298.68,1.23,-2.25
2025-08-02T23:57:50.000,2.76,301.96,1.46,-2.34
2025-08-02T23:58:50.000,2.44,314.48,1.71,-1.74
2025-08-02T23:59:50.000,2.07,298.95,1,-1.81
2025-08-03T00:00:50.000,2.28,330.41,1.98,-1.12
2025-08-03T00:01:50.000,3.3,313.05,2.25,-2.41
2025-08-03T00:02:50.000,1.81,314.23,1.26,-1.29
2025-08-03T00:03:50.000,1.51,304.5,0.86,-1.25
2025-08-03T00:04:50.000,1.8,331.52,1.58,-0.86
2025-08-03T00:05:50.000,0.48,332.08,0.42,-0.22
2025-08-03T00:06:50.000,0.81,258.12,-0.17,-0.8
2025-08-03T00:07:50.000,1.09,280.13,0.19,-1.07
2025-08-03T00:08:50.000,1.18,272.35,0.05,-1.17
2025-08-03T00:09:50.000,2.4,286.67,0.69,-2.3
2025-08-03T00:10:50.000,2.82,307.34,1.71,-2.24
2025-08-03T00:11:50.000,2.29,280,0.4,-2.25
2025-08-03T00:12:50.000,2.63,263.62,-0.29,-2.61
2025-08-03T00:13:50.000,1.73,321.65,1.35,-1.07
2025-08-03T00:14:50.000,1.62,345.48,1.56,-0.41
2025-08-03T00:15:50.000,1.37,331.21,1.2,-0.66
2025-08-03T00:16:50.000,2.44,323.18,1.95,-1.46
2025-08-03T00:17:50.000,2.42,338.61,2.25,-0.88
2025-08-03T00:18:50.000,2.55,345.53,2.46,-0.64
2025-08-03T00:19:50.000,2.75,344.78,2.65,-0.72
2025-08-03T00:20:50.000,3.22,355.88,3.21,-0.23
2025-08-03T00:21:50.000,4.44,351.36,4.39,-0.67
2025-08-03T00:22:50.000,3.24,345.2,3.14,-0.83
2025-08-03T00:23:50.000,3.64,338.52,3.39,-1.33
2025-08-03T00:24:50.000,3.69,340.5,3.48,-1.23
2025-08-03T00:25:50.000,2.86,332.12,2.52,-1.34
2025-08-03T00:26:50.000,4.37,330.97,3.82,-2.12
2025-08-03T00:27:50.000,3.6,324.62,2.94,-2.09
2025-08-03T00:28:50.000,4.27,317.78,3.16,-2.87
2025-08-03T00:29:50.000,2.75,342.71,2.62,-0.82
2025-08-03T00:30:50.000,2.89,303.06,1.58,-2.43
2025-08-03T00:31:50.000,5.74,306.74,3.43,-4.6
2025-08-03T00:32:50.000,3.13,305.08,1.8,-2.56
2025-08-03T00:33:50.000,2.63,326.74,2.2,-1.44
2025-08-03T00:34:50.000,2.31,315.55,1.65,-1.62
2025-08-03T00:35:50.000,2.47,294.34,1.02,-2.25
2025-08-03T00:36:50.000,1.38,328.78,1.18,-0.71
2025-08-03T00:37:50.000,3.28,299.49,1.61,-2.85
2025-08-03T00:38:50.000,2.63,318.97,1.99,-1.73
2025-08-03T00:39:50.000,2.22,314.54,1.56,-1.59
2025-08-03T00:40:50.000,4.32,300.74,2.21,-3.71
2025-08-03T00:41:50.000,3.07,316.31,2.22,-2.12
2025-08-03T00:42:50.000,2.26,319.32,1.71,-1.47
2025-08-03T00:43:50.000,3.31,309.04,2.08,-2.57
2025-08-03T00:44:50.000,2.71,337.1,2.49,-1.05
2025-08-03T00:45:50.000,1.96,322.05,1.55,-1.21
2025-08-03T00:46:50.000,3.3,318.16,2.46,-2.2
2025-08-03T00:47:50.000,2.66,330.83,2.32,-1.3
2025-08-03T00:48:50.000,2.54,274.9,0.22,-2.53
2025-08-03T00:49:50.000,1.78,321.42,1.39,-1.11
2025-08-03T00:50:50.000,2.34,337.77,2.16,-0.88
2025-08-03T00:51:50.000,2.45,353.17,2.44,-0.29
2025-08-03T00:52:50.000,4.27,343.66,4.1,-1.2
2025-08-03T00:53:50.000,3.01,342.1,2.87,-0.93
2025-08-03T00:54:50.000,2.93,341.15,2.78,-0.95
2025-08-03T00:55:50.000,3.5,340.65,3.3,-1.16
2025-08-03T00:56:50.000,2.96,338.74,2.76,-1.07
2025-08-03T00:57:50.000,2.79,333.18,2.49,-1.26
2025-08-03T00:58:50.000,3.27,345.3,3.16,-0.83
2025-08-03T00:59:50.000,2.1,335.53,1.91,-0.87
2025-08-03T01:00:50.000,2.15,346.42,2.09,-0.5
2025-08-03T01:01:50.000,1.77,326.76,1.48,-0.97
2025-08-03T01:02:50.000,1.66,333.57,1.49,-0.74
2025-08-03T01:03:50.000,0.91,325.83,0.76,-0.51
2025-08-03T01:04:50.000,1.74,327.34,1.46,-0.94
2025-08-03T01:05:50.000,2.1,314.05,1.46,-1.51
2025-08-03T01:06:50.000,1.45,324.14,1.18,-0.85
2025-08-03T01:07:50.000,2.47,331.97,2.18,-1.16
2025-08-03T01:08:50.000,1.44,328.59,1.23,-0.75
2025-08-03T01:09:50.000,1.64,321.81,1.29,-1.01
2025-08-03T01:10:50.000,1.96,321.58,1.53,-1.22
2025-08-03T01:11:50.000,1.48,334.74,1.34,-0.63
2025-08-03T01:12:50.000,1.86,305.6,1.08,-1.51
2025-08-03T01:13:50.000,1.5,302.93,0.81,-1.26
2025-08-03T01:14:50.000,1.22,313.19,0.84,-0.89
2025-08-03T01:15:50.000,0.97,292.55,0.37,-0.9
2025-08-03T01:16:50.000,0.56,286.21,0.16,-0.53
2025-08-03T01:17:50.000,0.76,334.36,0.68,-0.33
2025-08-03T01:18:50.000,0.81,330.29,0.71,-0.4
2025-08-03T01:19:50.000,2.43,356.68,2.43,-0.14
2025-08-03T01:20:50.000,3,355.84,2.99,-0.22
2025-08-03T01:21:50.000,2.63,346.07,2.55,-0.63
2025-08-03T01:22:50.000,2.23,326.28,1.86,-1.24
2025-08-03T01:23:50.000,1.51,299.88,0.75,-1.31
2025-08-03T01:24:50.000,2.76,197.02,-2.63,-0.81
2025-08-03T01:25:50.000,1.96,190.37,-1.92,-0.35
2025-08-03T01:26:50.000,1.33,235.71,-0.75,-1.1
2025-08-03T01:27:50.000,0.81,288.88,0.26,-0.76
2025-08-03T01:28:50.000,0.97,357.47,0.97,-0.04
2025-08-03T01:29:50.000,1.55,326.37,1.29,-0.86
2025-08-03T01:30:50.000,2.48,335.77,2.26,-1.02
2025-08-03T01:31:50.000,1.41,354.87,1.4,-0.13
2025-08-03T01:32:50.000,0.98,300.38,0.49,-0.84
2025-08-03T01:33:50.000,1.59,246.1,-0.64,-1.45
2025-08-03T01:34:50.000,1.76,231.97,-1.09,-1.39
2025-08-03T01:35:50.000,1.39,275.87,0.14,-1.39
2025-08-03T01:36:50.000,0.77,276.61,0.09,-0.77
2025-08-03T01:37:50.000,0.97,294.53,0.4,-0.88
2025-08-03T01:38:50.000,1.08,327.98,0.91,-0.57
2025-08-03T01:39:50.000,0.97,278.8,0.15,-0.96
2025-08-03T01:40:50.000,1.55,339.32,1.45,-0.55
2025-08-03T01:41:50.000,1.37,342.25,1.3,-0.42
2025-08-03T01:42:50.000,1.94,333.33,1.73,-0.87
2025-08-03T01:43:50.000,1.16,322.44,0.92,-0.71
2025-08-03T01:44:50.000,2.08,327.76,1.76,-1.11
2025-08-03T01:45:50.000,1.72,303.77,0.96,-1.43
2025-08-03T01:46:50.000,2.15,303.91,1.2,-1.78
2025-08-03T01:47:50.000,1.43,336.82,1.31,-0.56
2025-08-03T01:48:50.000,2.53,327.39,2.13,-1.37
2025-08-03T01:49:50.000,1.74,320.75,1.35,-1.1
2025-08-03T01:50:50.000,1.11,323.03,0.88,-0.67
2025-08-03T01:51:50.000,1.22,295.38,0.52,-1.11
2025-08-03T01:52:50.000,0.46,279.07,0.07,-0.45
2025-08-03T01:53:50.000,1.27,312.96,0.87,-0.93
2025-08-03T01:54:50.000,1.29,302.01,0.68,-1.09
2025-08-03T01:55:50.000,1.12,305.46,0.65,-0.91
2025-08-03T01:56:50.000,1.56,311.64,1.04,-1.17
2025-08-03T01:57:50.000,0.85,311.24,0.56,-0.64
2025-08-03T01:58:50.000,1.03,316.23,0.75,-0.71
2025-08-03T01:59:50.000,1.27,198.34,-1.2,-0.4
2025-08-03T02:00:50.000,1.07,221.37,-0.8,-0.7
2025-08-03T02:01:50.000,1.6,189.94,-1.58,-0.28
2025-08-03T02:02:50.000,1.77,218.56,-1.39,-1.11
2025-08-03T02:03:50.000,0.93,209.34,-0.81,-0.46
2025-08-03T02:04:50.000,0.6,247.13,-0.23,-0.56
2025-08-03T02:05:50.000,1.65,251.91,-0.51,-1.57
2025-08-03T02:06:50.000,1.81,241.76,-0.86,-1.59
2025-08-03T02:07:50.000,1.47,277.49,0.19,-1.46
2025-08-03T02:08:50.000,1.11,296.05,0.49,-0.99
2025-08-03T02:09:50.000,1.85,341.14,1.75,-0.6
2025-08-03T02:10:50.000,3.6,6.55,3.57,0.41
2025-08-03T02:11:50.000,1.15,32.9,0.96,0.62
2025-08-03T02:12:50.000,2.66,359.49,2.66,-0.02
2025-08-03T02:13:50.000,1.72,2.69,1.72,0.08
2025-08-03T02:14:50.000,1.49,346.99,1.45,-0.34
2025-08-03T02:15:50.000,1.57,333,1.4,-0.71
2025-08-03T02:16:50.000,2.31,335.93,2.11,-0.94
2025-08-03T02:17:50.000,3.37,337.09,3.1,-1.31
2025-08-03T02:18:50.000,4.22,334.86,3.82,-1.79
2025-08-03T02:19:50.000,2.38,319.59,1.81,-1.54
2025-08-03T02:20:50.000,2.45,339.75,2.3,-0.85
2025-08-03T02:21:50.000,3.36,333.13,3,-1.52
2025-08-03T02:22:50.000,2.95,332.81,2.62,-1.35
2025-08-03T02:23:50.000,1.34,333.91,1.21,-0.59
2025-08-03T02:24:50.000,2.31,346.01,2.24,-0.56
2025-08-03T02:25:50.000,1.21,342.43,1.16,-0.37
2025-08-03T02:26:50.000,1.61,333.74,1.44,-0.71
2025-08-03T02:27:50.000,1.56,337.79,1.44,-0.59
2025-08-03T02:28:50.000,1.17,327.99,0.99,-0.62
2025-08-03T02:29:50.000,0.75,354.02,0.75,-0.08
2025-08-03T02:30:50.000,0.47,169.91,-0.47,0.08
2025-08-03T02:31:50.000,0.51,312.84,0.35,-0.37
2025-08-03T02:32:50.000,1.07,309.91,0.69,-0.82
2025-08-03T02:33:50.000,1.72,325.56,1.41,-0.97
2025-08-03T02:34:50.000,1.58,289.5,0.53,-1.49
2025-08-03T02:35:50.000,1.55,292.53,0.6,-1.43
2025-08-03T02:36:50.000,1.54,316.47,1.12,-1.06
2025-08-03T02:37:50.000,2.29,335.35,2.08,-0.96
2025-08-03T02:38:50.000,3.12,328.89,2.67,-1.61
2025-08-03T02:39:50.000,2.13,326.87,1.78,-1.16
2025-08-03T02:40:50.000,1.94,345.31,1.87,-0.49
2025-08-03T02:41:50.000,3.28,328.93,2.81,-1.69
2025-08-03T02:42:50.000,1.67,331.48,1.47,-0.8
2025-08-03T02:43:50.000,2.21,324.18,1.79,-1.3
2025-08-03T02:44:50.000,2.09,324.91,1.71,-1.2
2025-08-03T02:45:50.000,1.7,332.08,1.5,-0.8
2025-08-03T02:46:50.000,1.68,317.01,1.23,-1.15
2025-08-03T02:47:50.000,1.82,316.85,1.33,-1.25
2025-08-03T02:48:50.000,2.42,338.95,2.25,-0.87
2025-08-03T02:49:50.000,2.54,335.48,2.31,-1.05
2025-08-03T02:50:50.000,2.68,339.27,2.51,-0.95
2025-08-03T02:51:50.000,1.32,326.9,1.1,-0.72
2025-08-03T02:52:50.000,0.79,258.91,-0.15,-0.78
2025-08-03T02:53:50.000,1.45,285.33,0.38,-1.4
2025-08-03T02:54:50.000,1.47,302.49,0.79,-1.24
2025-08-03T02:55:50.000,1.35,336.91,1.24,-0.53
2025-08-03T02:56:50.000,1.38,328.76,1.18,-0.72
2025-08-03T02:57:50.000,1.44,333.26,1.28,-0.65
2025-08-03T02:58:50.000,0.66,283.13,0.15,-0.65
2025-08-03T02:59:50.000,1.34,306.66,0.8,-1.08
2025-08-03T03:00:50.000,1.22,310.88,0.8,-0.92
2025-08-03T03:01:50.000,1.64,319.05,1.24,-1.07
2025-08-03T03:02:50.000,1.33,287.26,0.39,-1.27
2025-08-03T03:03:50.000,1.32,310.05,0.85,-1.01
2025-08-03T03:04:50.000,1.3,324.09,1.05,-0.76
2025-08-03T03:05:50.000,1.63,326.67,1.36,-0.89
2025-08-03T03:06:50.000,2.11,341.3,2,-0.68
2025-08-03T03:07:50.000,2.13,337.82,1.97,-0.8
2025-08-03T03:08:50.000,3.37,344.78,3.25,-0.88
2025-08-03T03:09:50.000,2.59,346.05,2.52,-0.63
2025-08-03T03:10:50.000,1.56,318.78,1.17,-1.03
2025-08-03T03:11:50.000,0.99,290.27,0.34,-0.93
2025-08-03T03:12:50.000,0.55,209.79,-0.47,-0.27
2025-08-03T03:13:50.000,1.15,200.68,-1.08,-0.41
2025-08-03T03:14:50.000,0.15,125.07,-0.09,0.13
2025-08-03T03:15:50.000,0.35,298.61,0.17,-0.3
2025-08-03T03:16:50.000,0.5,21.13,0.47,0.18
2025-08-03T03:17:50.000,0.45,250.21,-0.15,-0.42
2025-08-03T03:18:50.000,1.09,322.74,0.87,-0.66
2025-08-03T03:19:50.000,0.71,282.79,0.16,-0.69
2025-08-03T03:20:50.000,0.38,266.2,-0.03,-0.38
2025-08-03T03:21:50.000,0.52,342.66,0.5,-0.16
2025-08-03T03:22:50.000,0.98,325.27,0.8,-0.56
2025-08-03T03:23:50.000,1.09,316.48,0.79,-0.75
2025-08-03T03:24:50.000,1.09,316.31,0.79,-0.75
2025-08-03T03:25:50.000,1.36,316.56,0.99,-0.93
2025-08-03T03:26:50.000,0.63,307.84,0.38,-0.5
2025-08-03T03:27:50.000,0.75,317.18,0.55,-0.51
2025-08-03T03:28:50.000,1.02,313.89,0.71,-0.73
2025-08-03T03:29:50.000,1.22,313.53,0.84,-0.88
2025-08-03T03:30:50.000,1.28,304.79,0.73,-1.05
2025-08-03T03:31:50.000,0.76,1.66,0.76,0.02
2025-08-03T03:32:50.000,1.46,326.15,1.22,-0.82
2025-08-03T03:33:50.000,1.08,316.7,0.79,-0.74
2025-08-03T03:34:50.000,1.11,327.48,0.93,-0.59
2025-08-03T03:35:50.000,1.26,325.56,1.04,-0.71
2025-08-03T03:36:50.000,1.41,309.09,0.89,-1.1
2025-08-03T03:37:50.000,0.92,294.79,0.39,-0.84
2025-08-03T03:38:50.000,1.31,303.84,0.73,-1.09
2025-08-03T03:39:50.000,0.63,200.17,-0.59,-0.22
2025-08-03T03:40:50.000,1.17,284.13,0.28,-1.13
2025-08-03T03:41:50.000,0.97,324.98,0.79,-0.56
2025-08-03T03:42:50.000,0.81,297.52,0.38,-0.72
2025-08-03T03:43:50.000,1.76,321.12,1.37,-1.11
2025-08-03T03:44:50.000,0.36,314.32,0.25,-0.26
2025-08-03T03:45:50.000,0.55,281.09,0.11,-0.54
2025-08-03T03:46:50.000,0.3,153.58,-0.27,0.13
2025-08-03T03:47:50.000,1.51,166.3,-1.47,0.36
2025-08-03T03:48:50.000,0.75,298.29,0.36,-0.66
2025-08-03T03:49:50.000,0.44,222.92,-0.32,-0.3
2025-08-03T03:50:50.000,1.31,296.67,0.59,-1.17
2025-08-03T03:51:50.000,1.01,337.53,0.93,-0.38
2025-08-03T03:52:50.000,1.56,323.36,1.25,-0.93
2025-08-03T03:53:50.000,0.57,40.85,0.43,0.38
2025-08-03T03:54:50.000,0.94,356.92,0.94,-0.05
2025-08-03T03:55:50.000,1.68,344.55,1.62,-0.45
2025-08-03T03:56:50.000,1.68,345.93,1.63,-0.41
2025-08-03T03:57:50.000,2.13,345.1,2.06,-0.55
2025-08-03T03:58:50.000,1.1,344.22,1.06,-0.3
2025-08-03T03:59:50.000,2.11,335.59,1.92,-0.87
2025-08-03T04:00:50.000,2.2,351.6,2.17,-0.32
2025-08-03T04:01:50.000,1.13,24.95,1.02,0.48
2025-08-03T04:02:50.000,0.75,326.51,0.62,-0.41
2025-08-03T04:03:50.000,0.69,333.21,0.62,-0.31
2025-08-03T04:04:50.000,1,326.07,0.83,-0.56
2025-08-03T04:05:50.000,0.29,86.24,0.02,0.29
2025-08-03T04:06:50.000,1.45,339.84,1.36,-0.5
2025-08-03T04:07:50.000,0.74,320.08,0.57,-0.48
2025-08-03T04:08:50.000,1.71,303.21,0.94,-1.43
2025-08-03T04:09:50.000,2.41,317.47,1.77,-1.63
2025-08-03T04:10:50.000,0.54,306.5,0.32,-0.43
2025-08-03T04:11:50.000,1.22,343.76,1.17,-0.34
2025-08-03T04:12:50.000,1.69,32.5,1.43,0.91
2025-08-03T04:13:50.000,1.18,10.93,1.16,0.22
2025-08-03T04:14:50.000,1.5,111.39,-0.55,1.39
2025-08-03T04:15:50.000,1.28,324.77,1.05,-0.74
2025-08-03T04:16:50.000,0.46,249.29,-0.16,-0.43
2025-08-03T04:17:50.000,1.22,306.2,0.72,-0.99
2025-08-03T04:18:50.000,1.21,349.3,1.19,-0.22
2025-08-03T04:19:50.000,1.26,223.12,-0.92,-0.86
2025-08-03T04:20:50.000,1.68,354.73,1.68,-0.15
2025-08-03T04:21:50.000,2.15,359.56,2.15,-0.02
2025-08-03T04:22:50.000,1.04,246.73,-0.41,-0.95
2025-08-03T04:23:50.000,0.99,3.74,0.98,0.06
2025-08-03T04:24:50.000,1.43,25.84,1.29,0.62
2025-08-03T04:25:50.000,0.37,294.85,0.16,-0.34
2025-08-03T04:26:50.000,1.09,124.18,-0.61,0.9
2025-08-03T04:27:50.000,0.99,291.47,0.36,-0.93
2025-08-03T04:28:50.000,1.25,320.34,0.96,-0.8
2025-08-03T04:29:50.000,0.63,297.59,0.29,-0.56
2025-08-03T04:30:50.000,1.5,358.73,1.5,-0.03
2025-08-03T04:31:50.000,1.19,336.75,1.1,-0.47
2025-08-03T04:32:50.000,2.27,317.58,1.67,-1.53
2025-08-03T04:33:50.000,0.73,223.72,-0.53,-0.51
2025-08-03T04:34:50.000,1.8,323.7,1.45,-1.06
2025-08-03T04:35:50.000,1.09,338.01,1.01,-0.41
2025-08-03T04:36:50.000,1.46,11.27,1.43,0.28
2025-08-03T04:37:50.000,0.68,255.26,-0.17,-0.65
2025-08-03T04:38:50.000,0.53,324.59,0.44,-0.31
2025-08-03T04:39:50.000,0.98,268.01,-0.03,-0.97
2025-08-03T04:40:50.000,0.26,343.29,0.25,-0.07
2025-08-03T04:41:50.000,0.78,139.86,-0.59,0.5
2025-08-03T04:42:50.000,0.31,85.36,0.02,0.31
2025-08-03T04:43:50.000,0.82,328.91,0.7,-0.42
2025-08-03T04:44:50.000,1.29,340.75,1.22,-0.43
2025-08-03T04:45:50.000,0.93,291.6,0.34,-0.87
2025-08-03T04:46:50.000,1.23,325.5,1.01,-0.69
2025-08-03T04:47:50.000,0.85,340.62,0.8,-0.28
2025-08-03T04:48:50.000,0.85,341.01,0.81,-0.28
2025-08-03T04:49:50.000,1.95,347.74,1.91,-0.41
2025-08-03T04:50:50.000,2.46,357.59,2.46,-0.1
2025-08-03T04:51:50.000,2.38,353.77,2.36,-0.26
2025-08-03T04:52:50.000,1.81,10.34,1.78,0.33
2025-08-03T04:53:50.000,0.25,40.24,0.19,0.16
2025-08-03T04:54:50.000,1.01,290.7,0.36,-0.95
2025-08-03T04:55:50.000,1.06,334.7,0.96,-0.45
2025-08-03T04:56:50.000,2.57,349.7,2.53,-0.46
2025-08-03T04:57:50.000,2.82,342.21,2.68,-0.86
2025-08-03T04:58:50.000,3.39,346.11,3.29,-0.81
2025-08-03T04:59:50.000,3.31,354.41,3.29,-0.32
2025-08-03T05:00:50.000,2.68,358.84,2.68,-0.05
2025-08-03T05:01:50.000,1.57,309.06,0.99,-1.22
2025-08-03T05:02:50.000,1.44,331.22,1.26,-0.69
2025-08-03T05:03:50.000,3.04,7.4,3.01,0.39
2025-08-03T05:04:50.000,2.54,3.65,2.54,0.16
2025-08-03T05:05:50.000,2,351.19,1.98,-0.31
2025-08-03T05:06:50.000,2.38,340.66,2.24,-0.79
2025-08-03T05:07:50.000,2.05,336.88,1.89,-0.81
2025-08-03T05:08:50.000,2.02,346.48,1.97,-0.47
2025-08-03T05:09:50.000,1.77,353.01,1.76,-0.22
2025-08-03T05:10:50.000,1.69,324.17,1.37,-0.99
2025-08-03T05:11:50.000,3.28,335.62,2.99,-1.35
2025-08-03T05:12:50.000,2,329.73,1.72,-1.01
2025-08-03T05:13:50.000,2.34,344.4,2.25,-0.63
2025-08-03T05:14:50.000,2,353.62,1.99,-0.22
2025-08-03T05:15:50.000,2.24,324.49,1.82,-1.3
2025-08-03T05:16:50.000,2.26,336.65,2.07,-0.89
2025-08-03T05:17:50.000,2.76,341.29,2.61,-0.88
2025-08-03T05:18:50.000,2.82,340.46,2.66,-0.94
2025-08-03T05:19:50.000,0.45,281.41,0.09,-0.44
2025-08-03T05:20:50.000,2,148.45,-1.7,1.05
2025-08-03T05:21:50.000,0.26,259.79,-0.05,-0.25
2025-08-03T05:22:50.000,0.84,300.54,0.43,-0.72
2025-08-03T05:23:50.000,0.75,336.31,0.69,-0.3
2025-08-03T05:24:50.000,0.45,320.74,0.35,-0.29
2025-08-03T05:25:50.000,2.16,324.35,1.75,-1.26
2025-08-03T05:26:50.000,3.05,332.08,2.69,-1.43
2025-08-03T05:27:50.000,2.13,350.71,2.1,-0.34
2025-08-03T05:28:50.000,3.09,344.94,2.98,-0.8
2025-08-03T05:29:50.000,2.37,352.74,2.35,-0.3
2025-08-03T05:30:50.000,2.61,179.28,-2.61,0.03
2025-08-03T05:31:50.000,5.23,147.63,-4.42,2.8
2025-08-03T05:32:50.000,4.43,125.57,-2.58,3.61
2025-08-03T05:33:50.000,1.04,353.6,1.03,-0.12
2025-08-03T05:34:50.000,0.58,24.24,0.53,0.24
2025-08-03T05:35:50.000,2.48,350.78,2.45,-0.4
2025-08-03T05:36:50.000,1.5,4.63,1.5,0.12
2025-08-03T05:37:50.000,0.97,347.49,0.95,-0.21
2025-08-03T05:38:50.000,2.16,356.15,2.16,-0.15
2025-08-03T05:39:50.000,1.61,334.33,1.45,-0.7
2025-08-03T05:40:50.000,1.46,298.36,0.69,-1.28
2025-08-03T05:41:50.000,1.25,310.09,0.8,-0.95
2025-08-03T05:42:50.000,1.62,356.51,1.62,-0.1
2025-08-03T05:43:50.000,0.57,279.32,0.09,-0.56
2025-08-03T05:44:50.000,0.61,253.2,-0.18,-0.58
2025-08-03T05:45:50.000,0.31,72.17,0.1,0.3
2025-08-03T05:46:50.000,0.49,142.08,-0.38,0.3
2025-08-03T05:47:50.000,1.64,108.18,-0.51,1.56
2025-08-03T05:48:50.000,0.23,245.59,-0.09,-0.21
2025-08-03T05:49:50.000,0.13,231.1,-0.08,-0.1
2025-08-03T05:50:50.000,0.92,61.1,0.44,0.8
2025-08-03T05:51:50.000,1.53,13.4,1.49,0.35
2025-08-03T05:52:50.000,1.62,303.71,0.9,-1.35
2025-08-03T05:53:50.000,0.87,2.03,0.87,0.03
2025-08-03T05:54:50.000,2.01,4.77,2,0.17
2025-08-03T05:55:50.000,1.17,341.8,1.11,-0.36
2025-08-03T05:56:50.000,1.7,348.31,1.67,-0.34
2025-08-03T05:57:50.000,1.44,353.88,1.44,-0.15
2025-08-03T05:58:50.000,0.22,13.19,0.22,0.05
2025-08-03T05:59:50.000,1.29,14.34,1.25,0.32
2025-08-03T06:00:50.000,1.23,351.9,1.22,-0.17
2025-08-03T06:01:50.000,1.77,333.88,1.59,-0.78
2025-08-03T06:02:50.000,1.71,339.76,1.61,-0.59
2025-08-03T06:03:50.000,2.38,332.26,2.11,-1.11
2025-08-03T06:04:50.000,2.08,353.01,2.06,-0.25
2025-08-03T06:05:50.000,1.78,354.25,1.77,-0.18
2025-08-03T06:06:50.000,1.7,353.57,1.69,-0.19
2025-08-03T06:07:50.000,0.41,76.39,0.1,0.4
2025-08-03T06:08:50.000,2.1,59.89,1.05,1.82
2025-08-03T06:09:50.000,0.69,290.93,0.25,-0.65
2025-08-03T06:10:50.000,1.84,122.07,-0.98,1.56
2025-08-03T06:11:50.000,1.22,302.88,0.66,-1.02
2025-08-03T06:12:50.000,0.93,306.33,0.55,-0.75
2025-08-03T06:13:50.000,1.83,329.72,1.58,-0.92
2025-08-03T06:14:50.000,2.43,337.22,2.24,-0.94
2025-08-03T06:15:50.000,1.5,1.82,1.5,0.05
2025-08-03T06:16:50.000,0.81,15.37,0.78,0.22
2025-08-03T06:17:50.000,1.36,332.29,1.21,-0.63
2025-08-03T06:18:50.000,1.2,279.52,0.2,-1.19
2025-08-03T06:19:50.000,1.26,319.37,0.96,-0.82
2025-08-03T06:20:50.000,1.86,353.59,1.85,-0.21
2025-08-03T06:21:50.000,0.71,303.39,0.39,-0.59
2025-08-03T06:22:50.000,1.72,323.12,1.38,-1.04
2025-08-03T06:23:50.000,2.13,333.43,1.9,-0.95
2025-08-03T06:24:50.000,1.81,346.08,1.76,-0.44
2025-08-03T06:25:50.000,1.55,319.58,1.18,-1
2025-08-03T06:26:50.000,1.25,319.45,0.95,-0.81
2025-08-03T06:27:50.000,1.36,2.08,1.36,0.05
2025-08-03T06:28:50.000,1.3,4.4,1.3,0.1
2025-08-03T06:29:50.000,1.55,347.78,1.52,-0.33
2025-08-03T06:30:50.000,0.37,293.05,0.14,-0.34
2025-08-03T06:31:50.000,0.61,282.36,0.13,-0.6
2025-08-03T06:32:50.000,1.34,333.64,1.2,-0.6
2025-08-03T06:33:50.000,1.2,315.65,0.86,-0.84
2025-08-03T06:34:50.000,2,331.35,1.76,-0.96
2025-08-03T06:35:50.000,2.22,345.33,2.14,-0.56
2025-08-03T06:36:50.000,1.39,319.7,1.06,-0.9
2025-08-03T06:37:50.000,1.87,351.03,1.84,-0.29
2025-08-03T06:38:50.000,2.32,328.4,1.98,-1.22
2025-08-03T06:39:50.000,1.21,320.94,0.94,-0.76
2025-08-03T06:40:50.000,2.91,313.63,2.01,-2.11
2025-08-03T06:41:50.000,0.67,332.43,0.59,-0.31
2025-08-03T06:42:50.000,0.24,54.28,0.14,0.2
2025-08-03T06:43:50.000,1.19,303.57,0.66,-0.99
2025-08-03T06:44:50.000,1.78,340.5,1.68,-0.59
2025-08-03T06:45:50.000,0.89,345.09,0.86,-0.23
2025-08-03T06:46:50.000,1.06,319.04,0.8,-0.7
2025-08-03T06:47:50.000,1.05,326.08,0.87,-0.59
2025-08-03T06:48:50.000,1.07,319.83,0.82,-0.69
2025-08-03T06:49:50.000,1.42,308.39,0.88,-1.11
2025-08-03T06:50:50.000,1.08,9.4,1.06,0.18
2025-08-03T06:51:50.000,1.39,321.76,1.09,-0.86
2025-08-03T06:52:50.000,1.11,301.65,0.58,-0.94
2025-08-03T06:53:50.000,0.49,293.11,0.19,-0.45
2025-08-03T06:54:50.000,0.8,352.5,0.79,-0.1
2025-08-03T06:55:50.000,0.35,92.22,-0.01,0.35
2025-08-03T06:56:50.000,0.76,346.29,0.73,-0.18
2025-08-03T06:57:50.000,1.12,314.08,0.78,-0.81
2025-08-03T06:58:50.000,1.58,329.04,1.35,-0.81
2025-08-03T06:59:50.000,0.87,262.54,-0.11,-0.87
2025-08-03T07:00:50.000,0.9,346.69,0.88,-0.21
2025-08-03T07:01:50.000,0.66,325.14,0.54,-0.38
2025-08-03T07:02:50.000,1.39,335.12,1.26,-0.59
2025-08-03T07:03:50.000,1.35,333.79,1.21,-0.6
2025-08-03T07:04:50.000,0.98,350.57,0.97,-0.16
2025-08-03T07:05:50.000,0.89,300.57,0.46,-0.77
2025-08-03T07:06:50.000,1.89,330.37,1.64,-0.93
2025-08-03T07:07:50.000,1.59,326.12,1.32,-0.89
2025-08-03T07:08:50.000,1.76,337.56,1.63,-0.67
2025-08-03T07:09:50.000,1.83,320.62,1.41,-1.16
2025-08-03T07:10:50.000,2.02,347.01,1.97,-0.45
2025-08-03T07:11:50.000,1.89,329.02,1.62,-0.97
2025-08-03T07:12:50.000,2.44,331.84,2.15,-1.15
2025-08-03T07:13:50.000,1.8,331.56,1.58,-0.86
2025-08-03T07:14:50.000,1.86,329.9,1.61,-0.93
2025-08-03T07:15:50.000,3.87,328.85,3.31,-2
2025-08-03T07:16:50.000,1.57,333.23,1.4,-0.71
2025-08-03T07:17:50.000,2.75,328.9,2.36,-1.42
2025-08-03T07:18:50.000,1.98,349.16,1.95,-0.37
2025-08-03T07:19:50.000,1.66,344.5,1.6,-0.44
2025-08-03T07:20:50.000,0.96,343.43,0.92,-0.27
2025-08-03T07:21:50.000,1.67,5.16,1.67,0.15
2025-08-03T07:22:50.000,0.54,343.56,0.52,-0.15
2025-08-03T07:23:50.000,1.4,312.11,0.94,-1.04
2025-08-03T07:24:50.000,1.68,338.15,1.56,-0.63
2025-08-03T07:25:50.000,1.93,338.16,1.79,-0.72
2025-08-03T07:26:50.000,1.37,8.75,1.35,0.21
2025-08-03T07:27:50.000,1.7,354.55,1.7,-0.16
2025-08-03T07:28:50.000,2.21,6.61,2.2,0.25
2025-08-03T07:29:50.000,1.49,332.86,1.32,-0.68
2025-08-03T07:30:50.000,1.8,321.22,1.4,-1.13
2025-08-03T07:31:50.000,1.46,349.9,1.44,-0.26
2025-08-03T07:32:50.000,1.47,338.54,1.36,-0.54
2025-08-03T07:33:50.000,1.82,327.39,1.53,-0.98
2025-08-03T07:34:50.000,1.59,317.46,1.17,-1.07
2025-08-03T07:35:50.000,1.01,314.38,0.71,-0.72
2025-08-03T07:36:50.000,1.48,313.83,1.03,-1.07
2025-08-03T07:37:50.000,1.95,348.79,1.91,-0.38
2025-08-03T07:38:50.000,2.01,15.47,1.94,0.54
2025-08-03T07:39:50.000,0.96,350.85,0.95,-0.15
2025-08-03T07:40:50.000,0.56,358.66,0.56,-0.01
2025-08-03T07:41:50.000,0.7,303.3,0.38,-0.58
2025-08-03T07:42:50.000,1.95,336.1,1.78,-0.79
2025-08-03T07:43:50.000,1.88,320.11,1.44,-1.21
2025-08-03T07:44:50.000,2.11,320.29,1.62,-1.35
2025-08-03T07:45:50.000,1.34,324.77,1.1,-0.78
2025-08-03T07:46:50.000,1.23,343.12,1.18,-0.36
2025-08-03T07:47:50.000,2.72,338.3,2.53,-1.01
2025-08-03T07:48:50.000,2.94,352.04,2.91,-0.41
2025-08-03T07:49:50.000,4.17,347.34,4.07,-0.91
2025-08-03T07:50:50.000,1.85,351.49,1.83,-0.27
2025-08-03T07:51:50.000,1.75,4.06,1.75,0.12
2025-08-03T07:52:50.000,2.87,355.43,2.86,-0.23
2025-08-03T07:53:50.000,2.75,340.58,2.59,-0.91
2025-08-03T07:54:50.000,2.02,1.99,2.02,0.07
2025-08-03T07:55:50.000,2.07,338.3,1.92,-0.76
2025-08-03T07:56:50.000,2.2,347.99,2.15,-0.46
2025-08-03T07:57:50.000,1.53,345.31,1.48,-0.39
2025-08-03T07:58:50.000,1.91,340.72,1.8,-0.63
2025-08-03T07:59:50.000,1.82,328.85,1.56,-0.94
2025-08-03T08:00:50.000,1.95,348.69,1.91,-0.38
2025-08-03T08:01:50.000,1.86,318.68,1.39,-1.23
2025-08-03T08:02:50.000,0.76,270,0,-0.76
2025-08-03T08:03:50.000,1.08,268.92,-0.02,-1.08
2025-08-03T08:04:50.000,1.35,320.84,1.05,-0.85
2025-08-03T08:05:50.000,0.68,321.31,0.53,-0.42
2025-08-03T08:06:50.000,1.23,311.48,0.82,-0.93
2025-08-03T08:07:50.000,2.36,332.07,2.09,-1.11
2025-08-03T08:08:50.000,1.52,326.24,1.26,-0.84
2025-08-03T08:09:50.000,0.56,296.29,0.25,-0.5
2025-08-03T08:10:50.000,1.23,320.04,0.94,-0.79
2025-08-03T08:11:50.000,0.79,303.51,0.43,-0.66
2025-08-03T08:12:50.000,1.91,344.8,1.84,-0.5
2025-08-03T08:13:50.000,2.71,344.1,2.6,-0.74
2025-08-03T08:14:50.000,2.29,347.64,2.23,-0.49
2025-08-03T08:15:50.000,2.51,346.9,2.44,-0.57
2025-08-03T08:16:50.000,1.79,326.8,1.5,-0.98
2025-08-03T08:17:50.000,1.5,339.05,1.4,-0.53
2025-08-03T08:18:50.000,1.91,356.46,1.91,-0.12
2025-08-03T08:19:50.000,1.79,330.2,1.55,-0.89
2025-08-03T08:20:50.000,2.16,349.69,2.12,-0.39
2025-08-03T08:21:50.000,2.74,343.84,2.63,-0.76
2025-08-03T08:22:50.000,1.17,354.66,1.16,-0.11
2025-08-03T08:23:50.000,0.53,255.46,-0.13,-0.51
2025-08-03T08:24:50.000,0.46,259.49,-0.08,-0.45
2025-08-03T08:25:50.000,0.76,279.64,0.13,-0.75
2025-08-03T08:26:50.000,0.78,295,0.33,-0.71
2025-08-03T08:27:50.000,0.88,301.75,0.46,-0.75
2025-08-03T08:28:50.000,0.78,329.59,0.67,-0.39
2025-08-03T08:29:50.000,1.71,342.21,1.63,-0.52
2025-08-03T08:30:50.000,2.13,330.14,1.85,-1.06
2025-08-03T08:31:50.000,2.69,340.59,2.53,-0.89
2025-08-03T08:32:50.000,2.45,332.46,2.17,-1.13
2025-08-03T08:33:50.000,2.12,338.45,1.97,-0.78
2025-08-03T08:34:50.000,2.35,340.72,2.22,-0.78
2025-08-03T08:35:50.000,2.3,341.7,2.18,-0.72
2025-08-03T08:36:50.000,2.78,333.81,2.49,-1.23
2025-08-03T08:37:50.000,2.43,330.97,2.12,-1.18
2025-08-03T08:38:50.000,3.14,338.37,2.92,-1.16
2025-08-03T08:39:50.000,3.36,341.74,3.19,-1.05
2025-08-03T08:40:50.000,4.03,333.9,3.62,-1.77
2025-08-03T08:41:50.000,2.91,344.73,2.81,-0.77
2025-08-03T08:42:50.000,2.55,342.31,2.43,-0.77
2025-08-03T08:43:50.000,1.65,352.26,1.64,-0.22
2025-08-03T08:44:50.000,1.82,4.94,1.82,0.16
2025-08-03T08:45:50.000,1.92,354.48,1.91,-0.18
2025-08-03T08:46:50.000,2.37,356.98,2.37,-0.13
2025-08-03T08:47:50.000,2.29,341.5,2.17,-0.72
2025-08-03T08:48:50.000,2.21,343.19,2.12,-0.64
2025-08-03T08:49:50.000,1.8,347.78,1.76,-0.38
2025-08-03T08:50:50.000,2.35,3.25,2.34,0.13
2025-08-03T08:51:50.000,1.47,331.1,1.29,-0.71
2025-08-03T08:52:50.000,0.97,319.9,0.74,-0.63
2025-08-03T08:53:50.000,1.34,339.76,1.26,-0.47
2025-08-03T08:54:50.000,1.55,326.02,1.29,-0.87
2025-08-03T08:55:50.000,1.05,315.09,0.75,-0.74
2025-08-03T08:56:50.000,1.1,322.95,0.88,-0.67
2025-08-03T08:57:50.000,0.72,296.55,0.32,-0.64
2025-08-03T08:58:50.000,1.24,331.82,1.1,-0.59
2025-08-03T08:59:50.000,1.79,350.14,1.76,-0.31
2025-08-03T09:00:50.000,1.88,348.42,1.84,-0.38
2025-08-03T09:01:50.000,2.04,340.5,1.93,-0.68
2025-08-03T09:02:50.000,1.43,330.33,1.25,-0.71
2025-08-03T09:03:50.000,1.44,332.61,1.28,-0.66
2025-08-03T09:04:50.000,1.98,355.07,1.98,-0.17
2025-08-03T09:05:50.000,1.68,325.85,1.39,-0.94
2025-08-03T09:06:50.000,1.96,334.53,1.77,-0.84
2025-08-03T09:07:50.000,2.3,330.51,2,-1.13
2025-08-03T09:08:50.000,2.23,335.66,2.03,-0.92
2025-08-03T09:09:50.000,2.69,335.89,2.46,-1.1
2025-08-03T09:10:50.000,2.58,330.41,2.25,-1.28
2025-08-03T09:11:50.000,2.01,335.08,1.82,-0.85
2025-08-03T09:12:50.000,2.95,342.41,2.81,-0.89
2025-08-03T09:13:50.000,1.79,337.73,1.65,-0.68
2025-08-03T09:14:50.000,2.25,331.64,1.98,-1.07
2025-08-03T09:15:50.000,1.89,340.59,1.78,-0.63
2025-08-03T09:16:50.000,1.84,332.39,1.63,-0.85
2025-08-03T09:17:50.000,1.57,339.8,1.47,-0.54
2025-08-03T09:18:50.000,1.64,346.07,1.59,-0.39
2025-08-03T09:19:50.000,1.64,324.2,1.33,-0.96
2025-08-03T09:20:50.000,0.95,349.92,0.93,-0.17
2025-08-03T09:21:50.000,1.49,330.49,1.3,-0.74
2025-08-03T09:22:50.000,1.78,345.09,1.72,-0.46
2025-08-03T09:23:50.000,1.6,337.1,1.48,-0.62
2025-08-03T09:24:50.000,0.84,338.24,0.78,-0.31
2025-08-03T09:25:50.000,1.11,315.12,0.79,-0.79
2025-08-03T09:26:50.000,1.14,331.58,1,-0.54
2025-08-03T09:27:50.000,1.44,324.29,1.17,-0.84
2025-08-03T09:28:50.000,1.04,322.35,0.83,-0.64
2025-08-03T09:29:50.000,1.21,329.53,1.04,-0.61
2025-08-03T09:30:50.000,1.04,339.36,0.98,-0.37
2025-08-03T09:31:50.000,1.28,345.87,1.24,-0.31
2025-08-03T09:32:50.000,1.13,334.87,1.03,-0.48
2025-08-03T09:33:50.000,1.24,342.34,1.18,-0.38
2025-08-03T09:34:50.000,1.03,323.39,0.82,-0.61
2025-08-03T09:35:50.000,0.91,227.69,-0.61,-0.67
2025-08-03T09:36:50.000,1.31,257.01,-0.3,-1.28
2025-08-03T09:37:50.000,1.08,285.5,0.29,-1.04
2025-08-03T09:38:50.000,0.15,309.12,0.1,-0.12
2025-08-03T09:39:50.000,1.42,136.98,-1.04,0.97
2025-08-03T09:40:50.000,0.59,38.43,0.46,0.37
2025-08-03T09:41:50.000,1.42,309.58,0.9,-1.09
2025-08-03T09:42:50.000,1.55,321.51,1.21,-0.96
2025-08-03T09:43:50.000,1.37,324.19,1.11,-0.8
2025-08-03T09:44:50.000,2.28,329.85,1.97,-1.15
2025-08-03T09:45:50.000,2.46,345.49,2.38,-0.62
2025-08-03T09:46:50.000,3.11,353.25,3.09,-0.37
2025-08-03T09:47:50.000,2.45,354.55,2.44,-0.23
2025-08-03T09:48:50.000,2.73,349.56,2.69,-0.5
2025-08-03T09:49:50.000,2.49,344.71,2.4,-0.66
2025-08-03T09:50:50.000,2.38,336.86,2.19,-0.94
2025-08-03T09:51:50.000,3.48,335.77,3.17,-1.43
2025-08-03T09:52:50.000,2.18,320.45,1.68,-1.39
2025-08-03T09:53:50.000,1.91,334.5,1.73,-0.82
2025-08-03T09:54:50.000,0.29,232.58,-0.18,-0.23
2025-08-03T09:55:50.000,1.47,188.99,-1.45,-0.23
2025-08-03T09:56:50.000,0.95,297.93,0.45,-0.84
2025-08-03T09:57:50.000,1.21,299.47,0.6,-1.06
2025-08-03T09:58:50.000,0.92,297.21,0.42,-0.82
2025-08-03T09:59:50.000,1.36,311.55,0.9,-1.01
2025-08-03T10:00:50.000,1.47,332.72,1.31,-0.68
2025-08-03T10:01:50.000,1.93,311.89,1.29,-1.44
2025-08-03T10:02:50.000,2.64,336.31,2.41,-1.06
2025-08-03T10:03:50.000,1.47,325.53,1.21,-0.83
2025-08-03T10:04:50.000,1.51,331.08,1.32,-0.73
2025-08-03T10:05:50.000,1.98,326.04,1.64,-1.11
2025-08-03T10:06:50.000,2.6,292.12,0.98,-2.41
2025-08-03T10:07:50.000,2.21,320.9,1.71,-1.39
2025-08-03T10:08:50.000,1.28,314.97,0.9,-0.9
2025-08-03T10:09:50.000,0.91,315.77,0.65,-0.63
2025-08-03T10:10:50.000,0.93,296.77,0.42,-0.83
2025-08-03T10:11:50.000,0.22,222.49,-0.17,-0.15
2025-08-03T10:12:50.000,0.96,243.31,-0.43,-0.86
2025-08-03T10:13:50.000,0.67,274.87,0.06,-0.67
2025-08-03T10:14:50.000,1.13,305.19,0.65,-0.93
2025-08-03T10:15:50.000,1.46,308.55,0.91,-1.14
2025-08-03T10:16:50.000,1.57,316.98,1.15,-1.07
2025-08-03T10:17:50.000,1.02,328.95,0.87,-0.52
2025-08-03T10:18:50.000,1.58,313.37,1.09,-1.15
2025-08-03T10:19:50.000,1.31,289.15,0.43,-1.24
2025-08-03T10:20:50.000,1.32,222.09,-0.98,-0.88
2025-08-03T10:21:50.000,0.7,234.36,-0.41,-0.57
2025-08-03T10:22:50.000,0.85,230.93,-0.53,-0.66
2025-08-03T10:23:50.000,1.04,313.44,0.71,-0.75
2025-08-03T10:24:50.000,0.66,337.11,0.61,-0.26
2025-08-03T10:25:50.000,1.23,273.32,0.07,-1.23
2025-08-03T10:26:50.000,1.09,332.11,0.96,-0.51
2025-08-03T10:27:50.000,1.27,306.2,0.75,-1.02
2025-08-03T10:28:50.000,1.14,262.2,-0.15,-1.13
2025-08-03T10:29:50.000,1.3,256.61,-0.3,-1.27
2025-08-03T10:30:50.000,1.61,293.27,0.64,-1.48
2025-08-03T10:31:50.000,1.78,296.8,0.8,-1.59
2025-08-03T10:32:50.000,2.08,300.21,1.05,-1.8
2025-08-03T10:33:50.000,1.19,260.85,-0.19,-1.18
2025-08-03T10:34:50.000,1.46,303.98,0.82,-1.21
2025-08-03T10:35:50.000,2.14,309.8,1.37,-1.65
2025-08-03T10:36:50.000,2.39,279.12,0.38,-2.36
2025-08-03T10:37:50.000,2.03,279.27,0.33,-2.01
2025-08-03T10:38:50.000,1.89,296.31,0.84,-1.7
2025-08-03T10:39:50.000,1.45,295.44,0.62,-1.31
2025-08-03T10:40:50.000,2.85,286.34,0.8,-2.73
2025-08-03T10:41:50.000,2.16,277.48,0.28,-2.14
2025-08-03T10:42:50.000,3.82,294.54,1.59,-3.47
2025-08-03T10:43:50.000,2.08,298.36,0.99,-1.83
2025-08-03T10:44:50.000,1.51,320.14,1.16,-0.97
2025-08-03T10:45:50.000,2.17,311.53,1.44,-1.62
2025-08-03T10:46:50.000,1.63,293.82,0.66,-1.49
2025-08-03T10:47:50.000,1.66,311.8,1.11,-1.24
2025-08-03T10:48:50.000,1.66,282.16,0.35,-1.62
2025-08-03T10:49:50.000,2.28,302.57,1.23,-1.92
2025-08-03T10:50:50.000,1.33,321.76,1.04,-0.82
2025-08-03T10:51:50.000,0.76,314.52,0.53,-0.54
2025-08-03T10:52:50.000,0.58,294.83,0.24,-0.53
2025-08-03T10:53:50.000,1.16,282.25,0.25,-1.13
2025-08-03T10:54:50.000,0.67,272.64,0.03,-0.67
2025-08-03T10:55:50.000,1.34,290.26,0.46,-1.26
2025-08-03T10:56:50.000,1.88,340.26,1.77,-0.63
2025-08-03T10:57:50.000,0.94,332.53,0.83,-0.43
2025-08-03T10:58:50.000,0.93,317.63,0.69,-0.63
2025-08-03T10:59:50.000,0.87,302.85,0.47,-0.73
2025-08-03T11:00:50.000,0.96,321.63,0.75,-0.59
2025-08-03T11:01:50.000,0.81,346.47,0.79,-0.19
2025-08-03T11:02:50.000,0.5,318.3,0.37,-0.33
2025-08-03T11:03:50.000,0.96,327.29,0.81,-0.52
2025-08-03T11:04:50.000,1.16,312.91,0.79,-0.85
2025-08-03T11:05:50.000,0.34,317.77,0.25,-0.23
2025-08-03T11:06:50.000,0.35,346.15,0.34,-0.08
2025-08-03T11:07:50.000,1.07,10.9,1.05,0.2
2025-08-03T11:08:50.000,0.88,316.92,0.64,-0.6
2025-08-03T11:09:50.000,1.14,357.72,1.14,-0.05
2025-08-03T11:10:50.000,0.52,299.89,0.26,-0.45
2025-08-03T11:11:50.000,0.44,150.67,-0.38,0.21
2025-08-03T11:12:50.000,0.68,133.9,-0.47,0.49
2025-08-03T11:13:50.000,0.29,284.26,0.07,-0.28
2025-08-03T11:14:50.000,0.19,306.95,0.11,-0.15
2025-08-03T11:15:50.000,0.74,246.54,-0.3,-0.68
2025-08-03T11:16:50.000,0.75,346.76,0.73,-0.17
2025-08-03T11:17:50.000,1.05,315.2,0.74,-0.74
2025-08-03T11:18:50.000,1.38,310.79,0.9,-1.05
2025-08-03T11:19:50.000,1.23,291.19,0.45,-1.15
2025-08-03T11:20:50.000,1.41,300.3,0.71,-1.22
2025-08-03T11:21:50.000,1.79,299.74,0.89,-1.56
2025-08-03T11:22:50.000,2.35,302.39,1.26,-1.99
2025-08-03T11:23:50.000,2.48,309.91,1.59,-1.9
2025-08-03T11:24:50.000,2.13,334.33,1.92,-0.92
2025-08-03T11:25:50.000,2.41,330.11,2.09,-1.2
2025-08-03T11:26:50.000,1.37,302.96,0.75,-1.15
2025-08-03T11:27:50.000,1.39,309.92,0.89,-1.07
2025-08-03T11:28:50.000,1.01,271.06,0.02,-1.01
2025-08-03T11:29:50.000,1.7,313.66,1.17,-1.23
2025-08-03T11:30:50.000,1.77,325.28,1.45,-1.01
2025-08-03T11:31:50.000,2.63,342.71,2.51,-0.78
2025-08-03T11:32:50.000,2.15,326.88,1.8,-1.17
2025-08-03T11:33:50.000,1.65,328.16,1.4,-0.87
2025-08-03T11:34:50.000,1.61,325.77,1.33,-0.91
2025-08-03T11:35:50.000,3.3,324.9,2.7,-1.9
2025-08-03T11:36:50.000,1.75,310.85,1.14,-1.32
2025-08-03T11:37:50.000,1.49,323.18,1.2,-0.9
2025-08-03T11:38:50.000,2.41,325.32,1.98,-1.37
2025-08-03T11:39:50.000,2.52,292.62,0.97,-2.33
2025-08-03T11:40:50.000,2.86,304.42,1.61,-2.36
2025-08-03T11:41:50.000,2.78,317,2.04,-1.9
2025-08-03T11:42:50.000,2.4,305.51,1.39,-1.95
2025-08-03T11:43:50.000,3.83,302.3,2.05,-3.24
2025-08-03T11:44:50.000,1.31,294.94,0.55,-1.19
2025-08-03T11:45:50.000,1.81,330.01,1.57,-0.91
2025-08-03T11:46:50.000,3.16,325.63,2.6,-1.78
2025-08-03T11:47:50.000,3.06,315.8,2.2,-2.13
2025-08-03T11:48:50.000,4.06,308.05,2.5,-3.2
2025-08-03T11:49:50.000,2.79,309.99,1.79,-2.14
2025-08-03T11:50:50.000,2.01,299.41,0.99,-1.75
2025-08-03T11:51:50.000,2.55,313.33,1.75,-1.85
2025-08-03T11:52:50.000,2.38,306.34,1.41,-1.92
2025-08-03T11:53:50.000,1.36,261.85,-0.19,-1.35
2025-08-03T11:54:50.000,2.3,294.86,0.97,-2.09
2025-08-03T11:55:50.000,3.19,332.72,2.84,-1.46
2025-08-03T11:56:50.000,3.22,323.76,2.59,-1.9
2025-08-03T11:57:50.000,1.4,339.82,1.32,-0.48
2025-08-03T11:58:50.000,1.56,305.17,0.9,-1.28
2025-08-03T11:59:50.000,2.82,297.97,1.32,-2.49
2025-08-03T12:00:50.000,2.46,284.39,0.61,-2.38
2025-08-03T12:01:50.000,1.23,265.38,-0.1,-1.23
2025-08-03T12:02:50.000,2.82,274.61,0.23,-2.81
2025-08-03T12:03:50.000,1.45,320.84,1.13,-0.92
2025-08-03T12:04:50.000,1.64,313.76,1.14,-1.19
2025-08-03T12:05:50.000,3.21,303.41,1.77,-2.68
2025-08-03T12:06:50.000,2.51,284.41,0.62,-2.43
2025-08-03T12:07:50.000,2.9,284.59,0.73,-2.8
2025-08-03T12:08:50.000,1.78,335.89,1.62,-0.73
2025-08-03T12:09:50.000,1.53,346.74,1.49,-0.35
2025-08-03T12:10:50.000,1.84,316.91,1.35,-1.26
2025-08-03T12:11:50.000,1.92,330.75,1.67,-0.94
2025-08-03T12:12:50.000,1.96,312.52,1.32,-1.44
2025-08-03T12:13:50.000,1.81,271.77,0.06,-1.81
2025-08-03T12:14:50.000,2.17,293.54,0.87,-1.99
2025-08-03T12:15:50.000,3.28,305.47,1.9,-2.67
2025-08-03T12:16:50.000,3.55,282.45,0.76,-3.47
2025-08-03T12:17:50.000,2.68,298.75,1.29,-2.35
2025-08-03T12:18:50.000,3.07,320.5,2.37,-1.95
2025-08-03T12:19:50.000,2.12,340.5,2,-0.71
2025-08-03T12:20:50.000,2.16,298.13,1.02,-1.91
2025-08-03T12:21:50.000,3.56,297.69,1.66,-3.16
2025-08-03T12:22:50.000,3.3,293.8,1.33,-3.02
2025-08-03T12:23:50.000,2.05,293.01,0.8,-1.89
2025-08-03T12:24:50.000,1.88,300.2,0.95,-1.63
2025-08-03T12:25:50.000,4.67,302.61,2.52,-3.93
2025-08-03T12:26:50.000,2.85,292.05,1.07,-2.64
2025-08-03T12:27:50.000,3.49,286.05,0.96,-3.35
2025-08-03T12:28:50.000,6.8,305.43,3.94,-5.54
2025-08-03T12:29:50.000,3.71,328.04,3.14,-1.96
2025-08-03T12:30:50.000,2,289.4,0.66,-1.88
2025-08-03T12:31:50.000,2.2,305.61,1.28,-1.79
2025-08-03T12:32:50.000,3.11,279.93,0.54,-3.06
2025-08-03T12:33:50.000,3.96,304.14,2.22,-3.28
2025-08-03T12:34:50.000,1.94,322.67,1.54,-1.17
2025-08-03T12:35:50.000,1.94,284.66,0.49,-1.87
2025-08-03T12:36:50.000,4.63,316.5,3.36,-3.18
2025-08-03T12:37:50.000,4.19,309.33,2.66,-3.24
2025-08-03T12:38:50.000,5.2,312.83,3.53,-3.81
2025-08-03T12:39:50.000,5.03,323.88,4.06,-2.96
2025-08-03T12:40:50.000,3.87,297.4,1.78,-3.44
2025-08-03T12:41:50.000,4.85,298.67,2.33,-4.25
2025-08-03T12:42:50.000,3.27,294.82,1.37,-2.97
2025-08-03T12:43:50.000,4.01,315.07,2.84,-2.83
2025-08-03T12:44:50.000,4.24,298.63,2.03,-3.72
2025-08-03T12:45:50.000,2.01,327.87,1.7,-1.07
2025-08-03T12:46:50.000,5.31,305.97,3.12,-4.3
2025-08-03T12:47:50.000,4.63,281.93,0.96,-4.53
2025-08-03T12:48:50.000,3.3,317.53,2.43,-2.23
2025-08-03T12:49:50.000,3.11,307.51,1.89,-2.47
2025-08-03T12:50:50.000,3.18,302.35,1.7,-2.69
2025-08-03T12:51:50.000,2.61,295.09,1.11,-2.36
2025-08-03T12:52:50.000,3.84,295.01,1.62,-3.48
2025-08-03T12:53:50.000,1.71,280.76,0.32,-1.68
2025-08-03T12:54:50.000,1.52,306.72,0.91,-1.22
2025-08-03T12:55:50.000,1.59,308.19,0.98,-1.25
2025-08-03T12:56:50.000,5.12,284.5,1.28,-4.96
2025-08-03T12:57:50.000,5.43,281.78,1.11,-5.32
2025-08-03T12:58:50.000,2.37,301.9,1.25,-2.01
2025-08-03T12:59:50.000,4.37,295.47,1.88,-3.94
2025-08-03T13:00:50.000,3.65,303.23,2,-3.05
2025-08-03T13:01:50.000,2.81,292.51,1.07,-2.59
2025-08-03T13:02:50.000,4.57,294.3,1.88,-4.16
2025-08-03T13:03:50.000,2.12,302.21,1.13,-1.79
2025-08-03T13:04:50.000,3.19,317.01,2.33,-2.18
2025-08-03T13:05:50.000,3.72,323.48,2.99,-2.22
2025-08-03T13:06:50.000,3.25,293.22,1.28,-2.99
2025-08-03T13:07:50.000,1.48,313.21,1.01,-1.08
2025-08-03T13:08:50.000,4.25,271.18,0.09,-4.25
2025-08-03T13:09:50.000,3.62,255.18,-0.93,-3.5
2025-08-03T13:10:50.000,4.66,279.7,0.79,-4.59
2025-08-03T13:11:50.000,2.71,302.99,1.47,-2.27
2025-08-03T13:12:50.000,5.26,277.81,0.71,-5.21
2025-08-03T13:13:50.000,5.45,287.92,1.68,-5.19
2025-08-03T13:14:50.000,2.8,309.73,1.79,-2.15
2025-08-03T13:15:50.000,1.45,318.38,1.09,-0.97
2025-08-03T13:16:50.000,1.65,322.31,1.3,-1.01
2025-08-03T13:17:50.000,4.57,292.42,1.74,-4.22
2025-08-03T13:18:50.000,2.44,330.92,2.13,-1.19
2025-08-03T13:19:50.000,6.13,296.68,2.75,-5.48
2025-08-03T13:20:50.000,4.51,309.22,2.85,-3.49
2025-08-03T13:21:50.000,1.91,309.94,1.23,-1.47
2025-08-03T13:22:50.000,3.21,297.1,1.46,-2.86
2025-08-03T13:23:50.000,1.08,304.94,0.62,-0.88
2025-08-03T13:24:50.000,3.25,289.31,1.08,-3.07
2025-08-03T13:25:50.000,4.46,296.92,2.02,-3.97
2025-08-03T13:26:50.000,5.47,303.52,3.02,-4.56
2025-08-03T13:27:50.000,2.09,295.03,0.88,-1.89
2025-08-03T13:28:50.000,1.14,311.33,0.76,-0.86
2025-08-03T13:29:50.000,3.22,290.03,1.1,-3.02
2025-08-03T13:30:50.000,2.69,296.95,1.22,-2.4
2025-08-03T13:31:50.000,2.19,269.41,-0.02,-2.19
2025-08-03T13:32:50.000,3.3,293.15,1.3,-3.03
2025-08-03T13:33:50.000,3.15,310.95,2.07,-2.38
2025-08-03T13:34:50.000,2.45,281.7,0.5,-2.4
2025-08-03T13:35:50.000,3.91,291.79,1.45,-3.63
2025-08-03T13:36:50.000,3.05,283.11,0.69,-2.97
2025-08-03T13:37:50.000,1.83,286.85,0.53,-1.75
2025-08-03T13:38:50.000,3.83,281.27,0.75,-3.75
2025-08-03T13:39:50.000,2.52,301.82,1.33,-2.14
2025-08-03T13:40:50.000,1.8,303.24,0.98,-1.5
2025-08-03T13:41:50.000,3,304.66,1.7,-2.47
2025-08-03T13:42:50.000,2.21,306.46,1.31,-1.78
2025-08-03T13:43:50.000,1.99,306.78,1.19,-1.59
2025-08-03T13:44:50.000,2.93,293.07,1.15,-2.7
2025-08-03T13:45:50.000,1.89,280.81,0.35,-1.86
2025-08-03T13:46:50.000,5.54,295.82,2.41,-4.99
2025-08-03T13:47:50.000,5.14,276.61,0.59,-5.11
2025-08-03T13:48:50.000,3.22,309.09,2.03,-2.5
2025-08-03T13:49:50.000,6.9,291.84,2.57,-6.41
2025-08-03T13:50:50.000,3.23,301.27,1.67,-2.76
2025-08-03T13:51:50.000,4.75,293.17,1.87,-4.36
2025-08-03T13:52:50.000,7.51,288.15,2.34,-7.14
2025-08-03T13:53:50.000,9.06,290.8,3.22,-8.47
2025-08-03T13:54:50.000,7.98,272.68,0.37,-7.97
2025-08-03T13:55:50.000,5.69,282.43,1.22,-5.55
2025-08-03T13:56:50.000,3.3,294.38,1.36,-3
2025-08-03T13:57:50.000,8.33,308.87,5.22,-6.48
2025-08-03T13:58:50.000,6.02,302.72,3.25,-5.06
2025-08-03T13:59:50.000,5.12,289.21,1.68,-4.83
2025-08-03T14:00:50.000,2.33,323.34,1.87,-1.39
2025-08-03T14:01:50.000,6.82,285.95,1.87,-6.55
2025-08-03T14:02:50.000,6.69,299.07,3.25,-5.84
2025-08-03T14:03:50.000,5.62,284.81,1.44,-5.43
2025-08-03T14:04:50.000,3.74,312.28,2.52,-2.77
2025-08-03T14:05:50.000,7,303.22,3.83,-5.85
2025-08-03T14:06:50.000,2.75,298.91,1.33,-2.4
2025-08-03T14:07:50.000,3.01,295.22,1.28,-2.72
2025-08-03T14:08:50.000,7.38,284.98,1.91,-7.13
2025-08-03T14:09:50.000,4.8,285.01,1.24,-4.63
2025-08-03T14:10:50.000,6.83,273.47,0.41,-6.81
2025-08-03T14:11:50.000,5.15,299.27,2.52,-4.49
2025-08-03T14:12:50.000,7.42,296.16,3.27,-6.66
2025-08-03T14:13:50.000,3.77,297.58,1.74,-3.34
2025-08-03T14:14:50.000,6.9,310.13,4.45,-5.28
2025-08-03T14:15:50.000,5.55,297.21,2.54,-4.93
2025-08-03T14:16:50.000,2.98,299.26,1.45,-2.6
2025-08-03T14:17:50.000,5.23,313.06,3.57,-3.82
2025-08-03T14:18:50.000,8.92,304.16,5.01,-7.38
2025-08-03T14:19:50.000,8.54,292.45,3.26,-7.89
2025-08-03T14:20:50.000,4.84,292.34,1.84,-4.48
2025-08-03T14:21:50.000,7.24,321.51,5.67,-4.51
2025-08-03T14:22:50.000,6.49,308.84,4.07,-5.06
2025-08-03T14:23:50.000,8.43,278.78,1.29,-8.33
2025-08-03T14:24:50.000,4.91,314.89,3.46,-3.48
2025-08-03T14:25:50.000,5.59,320.29,4.3,-3.57
2025-08-03T14:26:50.000,2.83,323.6,2.28,-1.68
2025-08-03T14:27:50.000,3.1,287.7,0.94,-2.95
2025-08-03T14:28:50.000,6.6,284.62,1.67,-6.39
2025-08-03T14:29:50.000,5.27,299.6,2.61,-4.59
2025-08-03T14:30:50.000,3.87,307,2.33,-3.09
2025-08-03T14:31:50.000,7.09,299.03,3.44,-6.2
2025-08-03T14:32:50.000,5.78,275.1,0.51,-5.75
2025-08-03T14:33:50.000,4.88,304.52,2.76,-4.02
2025-08-03T14:34:50.000,6.97,282.55,1.52,-6.81
2025-08-03T14:35:50.000,9.76,294.29,4.02,-8.9
2025-08-03T14:36:50.000,7.98,280.36,1.43,-7.85
2025-08-03T14:37:50.000,10.42,282.06,2.18,-10.19
2025-08-03T14:38:50.000,3.85,297.36,1.77,-3.42
2025-08-03T14:39:50.000,6.5,294.53,2.7,-5.91
2025-08-03T14:40:50.000,5.91,286.29,1.66,-5.67
2025-08-03T14:41:50.000,6.3,295.91,2.75,-5.66
2025-08-03T14:42:50.000,4.34,295.34,1.86,-3.92
2025-08-03T14:43:50.000,1.39,307.95,0.85,-1.1
2025-08-03T14:44:50.000,4.07,266.09,-0.28,-4.06
2025-08-03T14:45:50.000,5.36,265.21,-0.45,-5.34
2025-08-03T14:46:50.000,2.97,290.74,1.05,-2.78
2025-08-03T14:47:50.000,6.09,302.68,3.29,-5.13
2025-08-03T14:48:50.000,3.08,298.92,1.49,-2.69
2025-08-03T14:49:50.000,6.29,289.4,2.09,-5.94
2025-08-03T14:50:50.000,3.99,278.11,0.56,-3.95
2025-08-03T14:51:50.000,5.64,254.13,-1.54,-5.42
2025-08-03T14:52:50.000,2.42,265.83,-0.18,-2.42
2025-08-03T14:53:50.000,1.99,283.44,0.46,-1.93
2025-08-03T14:54:50.000,3.82,265.13,-0.32,-3.8
2025-08-03T14:55:50.000,1.61,308.2,1,-1.27
2025-08-03T14:56:50.000,6.5,285.74,1.76,-6.26
2025-08-03T14:57:50.000,2.94,288.58,0.94,-2.79
2025-08-03T14:58:50.000,2.87,293.87,1.16,-2.63
2025-08-03T14:59:50.000,3.91,268.78,-0.08,-3.91
2025-08-03T15:00:50.000,5.47,261.21,-0.84,-5.4
2025-08-03T15:01:50.000,8.08,280.22,1.43,-7.95
2025-08-03T15:02:50.000,4.24,295.34,1.82,-3.83
2025-08-03T15:03:50.000,7.79,289.05,2.54,-7.37
2025-08-03T15:04:50.000,1.89,265.3,-0.15,-1.88
2025-08-03T15:05:50.000,1.37,336.45,1.26,-0.55
2025-08-03T15:06:50.000,1.9,331.08,1.66,-0.92
2025-08-03T15:07:50.000,4.7,292.29,1.78,-4.34
2025-08-03T15:08:50.000,3.09,266.1,-0.21,-3.08
2025-08-03T15:09:50.000,3.8,290.34,1.32,-3.56
2025-08-03T15:10:50.000,5,301.06,2.58,-4.28
2025-08-03T15:11:50.000,3.26,265.34,-0.27,-3.25
2025-08-03T15:12:50.000,3.71,275,0.32,-3.7
2025-08-03T15:13:50.000,2.88,282.56,0.63,-2.81
2025-08-03T15:14:50.000,1.32,357.76,1.32,-0.05
2025-08-03T15:15:50.000,1.5,310.74,0.98,-1.14
2025-08-03T15:16:50.000,3.38,295.75,1.47,-3.04
2025-08-03T15:17:50.000,0.61,292.21,0.23,-0.57
2025-08-03T15:18:50.000,1.53,337.27,1.41,-0.59
2025-08-03T15:19:50.000,2.74,323.83,2.21,-1.62
2025-08-03T15:20:50.000,2.99,268.24,-0.09,-2.99
2025-08-03T15:21:50.000,3.02,253.86,-0.84,-2.9
2025-08-03T15:22:50.000,2.33,276.2,0.25,-2.32
2025-08-03T15:23:50.000,1.74,313.18,1.19,-1.27
2025-08-03T15:24:50.000,6.29,286.09,1.74,-6.04
2025-08-03T15:25:50.000,3.84,289.15,1.26,-3.63
2025-08-03T15:26:50.000,3.65,294.51,1.51,-3.32
2025-08-03T15:27:50.000,5.61,284.21,1.38,-5.44
2025-08-03T15:28:50.000,3.68,307.55,2.24,-2.91
2025-08-03T15:29:50.000,3.21,312.75,2.18,-2.36
2025-08-03T15:30:50.000,3.08,307.17,1.86,-2.45
2025-08-03T15:31:50.000,1.31,324.97,1.07,-0.75
2025-08-03T15:32:50.000,1.74,316.46,1.26,-1.2
2025-08-03T15:33:50.000,2.07,299.47,1.02,-1.8
2025-08-03T15:34:50.000,2.82,296.39,1.26,-2.53
2025-08-03T15:35:50.000,3.98,252.31,-1.21,-3.79
2025-08-03T15:36:50.000,4.17,263.17,-0.5,-4.14
2025-08-03T15:37:50.000,4.47,302.34,2.39,-3.78
2025-08-03T15:38:50.000,4.25,294.58,1.77,-3.86
2025-08-03T15:39:50.000,3.65,287.76,1.11,-3.48
2025-08-03T15:40:50.000,1.24,297.57,0.57,-1.1
2025-08-03T15:41:50.000,3.62,312.69,2.45,-2.66
2025-08-03T15:42:50.000,3.11,302.94,1.69,-2.61
2025-08-03T15:43:50.000,3.85,314.94,2.72,-2.73
2025-08-03T15:44:50.000,5.65,305.71,3.3,-4.58
2025-08-03T15:45:50.000,4.32,305.62,2.52,-3.51
2025-08-03T15:46:50.000,3.71,333.81,3.33,-1.64
2025-08-03T15:47:50.000,5.38,312.21,3.61,-3.98
2025-08-03T15:48:50.000,2.1,326.19,1.74,-1.17
2025-08-03T15:49:50.000,1.26,320.34,0.97,-0.81
2025-08-03T15:50:50.000,2.33,283.84,0.56,-2.27
2025-08-03T15:51:50.000,2.54,295.35,1.09,-2.29
2025-08-03T15:52:50.000,3.62,272.83,0.18,-3.62
2025-08-03T15:53:50.000,2.02,255.8,-0.5,-1.96
2025-08-03T15:54:50.000,2.96,271.57,0.08,-2.96
2025-08-03T15:55:50.000,3.62,312.96,2.47,-2.65
2025-08-03T15:56:50.000,3.72,293.32,1.47,-3.41
2025-08-03T15:57:50.000,4.12,325.12,3.38,-2.36
2025-08-03T15:58:50.000,3.04,302.17,1.62,-2.58
2025-08-03T15:59:50.000,3.33,301.53,1.74,-2.84
2025-08-03T16:00:50.000,4.03,289.1,1.32,-3.8
2025-08-03T16:01:50.000,3.72,314.89,2.63,-2.64
2025-08-03T16:02:50.000,3.36,318.46,2.52,-2.23
2025-08-03T16:03:50.000,7.86,288.21,2.46,-7.47
2025-08-03T16:04:50.000,5.24,279.5,0.86,-5.16
2025-08-03T16:05:50.000,4.26,294.6,1.77,-3.88
2025-08-03T16:06:50.000,8.56,288.19,2.67,-8.13
2025-08-03T16:07:50.000,7.35,294.84,3.09,-6.67
2025-08-03T16:08:50.000,5.09,304.71,2.9,-4.18
2025-08-03T16:09:50.000,7.26,306.67,4.34,-5.82
2025-08-03T16:10:50.000,8.48,303.52,4.69,-7.07
2025-08-03T16:11:50.000,6.77,304.13,3.8,-5.61
2025-08-03T16:12:50.000,4.94,291.76,1.83,-4.59
2025-08-03T16:13:50.000,6.68,273.83,0.45,-6.66
2025-08-03T16:14:50.000,4.51,302.02,2.39,-3.82
2025-08-03T16:15:50.000,7.41,307.72,4.53,-5.86
2025-08-03T16:16:50.000,5.95,293.04,2.33,-5.47
2025-08-03T16:17:50.000,4.64,333.53,4.15,-2.07
2025-08-03T16:18:50.000,4.86,308.46,3.02,-3.81
2025-08-03T16:19:50.000,6.13,293.61,2.46,-5.62
2025-08-03T16:20:50.000,5.38,312.43,3.63,-3.97
2025-08-03T16:21:50.000,6.15,302.27,3.28,-5.2
2025-08-03T16:22:50.000,6.52,301,3.36,-5.59
2025-08-03T16:23:50.000,9.18,292.53,3.52,-8.48
2025-08-03T16:24:50.000,6.98,286.61,2,-6.69
2025-08-03T16:25:50.000,9.81,304.37,5.54,-8.1
2025-08-03T16:26:50.000,10,296.9,4.52,-8.91
2025-08-03T16:27:50.000,6.83,299.59,3.37,-5.94
2025-08-03T16:28:50.000,8.86,301.45,4.62,-7.56
2025-08-03T16:29:50.000,5.69,308.5,3.54,-4.45
2025-08-03T16:30:50.000,6.01,305.71,3.51,-4.88
2025-08-03T16:31:50.000,7.71,300.81,3.95,-6.63
2025-08-03T16:32:50.000,6.79,305.28,3.92,-5.55
2025-08-03T16:33:50.000,5.01,317.77,3.71,-3.37
2025-08-03T16:34:50.000,4.87,279.51,0.81,-4.81
2025-08-03T16:35:50.000,3.63,271.59,0.1,-3.62
2025-08-03T16:36:50.000,6.24,299.2,3.05,-5.45
2025-08-03T16:37:50.000,7.78,282.92,1.74,-7.58
2025-08-03T16:38:50.000,3.76,285.32,0.99,-3.62
2025-08-03T16:39:50.000,5.71,305.79,3.34,-4.63
2025-08-03T16:40:50.000,3.36,272.76,0.16,-3.36
2025-08-03T16:41:50.000,7.15,306.67,4.27,-5.74
2025-08-03T16:42:50.000,9.13,306.54,5.43,-7.33
2025-08-03T16:43:50.000,7.34,301.91,3.88,-6.23
2025-08-03T16:44:50.000,4.11,316.89,3,-2.81
2025-08-03T16:45:50.000,3.49,331.58,3.07,-1.66
2025-08-03T16:46:50.000,1.96,292.16,0.74,-1.81
2025-08-03T16:47:50.000,5.17,289.37,1.72,-4.88
2025-08-03T16:48:50.000,3.57,304.4,2.01,-2.94
2025-08-03T16:49:50.000,4.66,283.13,1.06,-4.54
2025-08-03T16:50:50.000,3,314.94,2.12,-2.13
2025-08-03T16:51:50.000,7.47,288.29,2.34,-7.09
2025-08-03T16:52:50.000,4.99,290.71,1.76,-4.67
2025-08-03T16:53:50.000,3.8,281.18,0.74,-3.73
2025-08-03T16:54:50.000,5.26,275.11,0.47,-5.24
2025-08-03T16:55:50.000,6.94,278.97,1.08,-6.85
2025-08-03T16:56:50.000,4.95,266.51,-0.3,-4.94
2025-08-03T16:57:50.000,7.07,278.54,1.05,-6.99
2025-08-03T16:58:50.000,4.81,265.26,-0.4,-4.8
2025-08-03T16:59:50.000,5.6,270.86,0.08,-5.6
2025-08-03T17:00:50.000,5.59,283.13,1.27,-5.44
2025-08-03T17:01:50.000,5.46,299.55,2.69,-4.75
2025-08-03T17:02:50.000,4.23,288.28,1.33,-4.02
2025-08-03T17:03:50.000,7.39,287.22,2.19,-7.06
2025-08-03T17:04:50.000,8.77,284.71,2.23,-8.48
2025-08-03T17:05:50.000,7.86,301.25,4.08,-6.72
2025-08-03T17:06:50.000,6.58,296.99,2.99,-5.87
2025-08-03T17:07:50.000,16.16,298.6,7.74,-14.19
2025-08-03T17:08:50.000,6.7,283.6,1.57,-6.51
2025-08-03T17:09:50.000,4.81,292.09,1.81,-4.46
2025-08-03T17:10:50.000,7.81,289.97,2.67,-7.34
2025-08-03T17:11:50.000,8.41,304.56,4.77,-6.92
2025-08-03T17:12:50.000,6.19,313.96,4.3,-4.46
2025-08-03T17:13:50.000,13.12,315.48,9.35,-9.2
2025-08-03T17:14:50.000,3.48,297.89,1.63,-3.07
2025-08-03T17:15:50.000,7,287.22,2.07,-6.68
2025-08-03T17:16:50.000,10.16,298.51,4.85,-8.93
2025-08-03T17:17:50.000,8.2,296.98,3.72,-7.31
2025-08-03T17:18:50.000,8.93,293.76,3.6,-8.17
2025-08-03T17:19:50.000,4.05,299.43,1.99,-3.53
2025-08-03T17:20:50.000,5.31,292.3,2.01,-4.91
2025-08-03T17:21:50.000,7.81,285.52,2.09,-7.53
2025-08-03T17:22:50.000,5.94,312.97,4.05,-4.34
2025-08-03T17:23:50.000,7.98,287.93,2.46,-7.59
2025-08-03T17:24:50.000,5.01,297.78,2.34,-4.43
2025-08-03T17:25:50.000,4.89,291.28,1.78,-4.56
2025-08-03T17:26:50.000,6.56,320.71,5.08,-4.15
2025-08-03T17:27:50.000,8.1,311.16,5.33,-6.1
2025-08-03T17:28:50.000,6.97,285.12,1.82,-6.73
2025-08-03T17:29:50.000,11.79,288.39,3.72,-11.18
2025-08-03T17:30:50.000,6.2,315.17,4.4,-4.37
2025-08-03T17:31:50.000,9.14,296.87,4.13,-8.15
2025-08-03T17:32:50.000,6.96,310.19,4.49,-5.31
2025-08-03T17:33:50.000,7.56,302.82,4.1,-6.36
2025-08-03T17:34:50.000,3.2,303.76,1.78,-2.66
2025-08-03T17:35:50.000,9.43,300.25,4.75,-8.14
2025-08-03T17:36:50.000,6.75,275.89,0.69,-6.71
2025-08-03T17:37:50.000,7.08,289.15,2.32,-6.69
2025-08-03T17:38:50.000,5.45,288.93,1.77,-5.15
2025-08-03T17:39:50.000,4.04,257.79,-0.85,-3.94
2025-08-03T17:40:50.000,5.58,267.05,-0.29,-5.57
2025-08-03T17:41:50.000,4.06,284.49,1.02,-3.93
2025-08-03T17:42:50.000,3.98,271.42,0.1,-3.98
2025-08-03T17:43:50.000,3.31,273.1,0.18,-3.3
2025-08-03T17:44:50.000,2.11,281.8,0.43,-2.07
2025-08-03T17:45:50.000,4.17,292.59,1.6,-3.85
2025-08-03T17:46:50.000,3.62,293.51,1.44,-3.32
2025-08-03T17:47:50.000,3.7,298.58,1.77,-3.25
2025-08-03T17:48:50.000,5.54,305.56,3.22,-4.51
2025-08-03T17:49:50.000,2.73,320.08,2.09,-1.75
2025-08-03T17:50:50.000,5.36,286.68,1.54,-5.13
2025-08-03T17:51:50.000,6.11,288.8,1.97,-5.79
2025-08-03T17:52:50.000,2.34,309.03,1.47,-1.82
2025-08-03T17:53:50.000,3.54,292.54,1.36,-3.27
2025-08-03T17:54:50.000,4.22,287.51,1.27,-4.02
2025-08-03T17:55:50.000,0.94,352.48,0.93,-0.12
2025-08-03T17:56:50.000,2.02,338.37,1.88,-0.74
2025-08-03T17:57:50.000,4.26,294.86,1.79,-3.87
2025-08-03T17:58:50.000,3.56,312.34,2.4,-2.63
2025-08-03T17:59:50.000,5.85,310.38,3.79,-4.46
2025-08-03T18:00:50.000,3.18,318.73,2.39,-2.1
2025-08-03T18:01:50.000,2.73,331.11,2.39,-1.32
2025-08-03T18:02:50.000,1.82,327.29,1.53,-0.98
2025-08-03T18:03:50.000,2.25,323.74,1.81,-1.33
2025-08-03T18:04:50.000,1.83,315.53,1.31,-1.28
2025-08-03T18:05:50.000,1.02,287.26,0.3,-0.97
2025-08-03T18:06:50.000,1.92,327.83,1.63,-1.02
2025-08-03T18:07:50.000,0.76,291.64,0.28,-0.7
2025-08-03T18:08:50.000,0.3,321.99,0.23,-0.18
2025-08-03T18:09:50.000,0.88,231.91,-0.55,-0.7
2025-08-03T18:10:50.000,0.38,2.1,0.38,0.01
2025-08-03T18:11:50.000,0.96,329.7,0.83,-0.48
2025-08-03T18:12:50.000,1.69,343.98,1.62,-0.47
2025-08-03T18:13:50.000,1.27,313.48,0.87,-0.92
2025-08-03T18:14:50.000,1.74,324.85,1.42,-1
2025-08-03T18:15:50.000,1.62,342.45,1.55,-0.49
2025-08-03T18:16:50.000,1.31,307.64,0.8,-1.04
2025-08-03T18:17:50.000,1.4,319.6,1.07,-0.91
2025-08-03T18:18:50.000,1.49,325.46,1.23,-0.85
2025-08-03T18:19:50.000,0.63,302.61,0.34,-0.53
2025-08-03T18:20:50.000,1.25,329.84,1.08,-0.63
2025-08-03T18:21:50.000,2.02,348.01,1.97,-0.42
2025-08-03T18:22:50.000,2.32,334.17,2.09,-1.01
2025-08-03T18:23:50.000,3.38,331.57,2.97,-1.61
2025-08-03T18:24:50.000,2.13,313.03,1.46,-1.56
2025-08-03T18:25:50.000,1.04,279.04,0.16,-1.03
2025-08-03T18:26:50.000,2.06,303.59,1.14,-1.72
2025-08-03T18:27:50.000,2.34,297.15,1.07,-2.08
2025-08-03T18:28:50.000,2,288.05,0.62,-1.9
2025-08-03T18:29:50.000,1.58,302.91,0.86,-1.32
2025-08-03T18:30:50.000,1.4,314.94,0.99,-0.99
2025-08-03T18:31:50.000,1.96,314.47,1.37,-1.4
2025-08-03T18:32:50.000,1.68,296.78,0.76,-1.5
2025-08-03T18:33:50.000,2.82,303.27,1.55,-2.36
2025-08-03T18:34:50.000,1,285.36,0.27,-0.97
2025-08-03T18:35:50.000,2.2,317.77,1.63,-1.48
2025-08-03T18:36:50.000,2.07,281.34,0.41,-2.03
2025-08-03T18:37:50.000,1.98,282.86,0.44,-1.93
2025-08-03T18:38:50.000,1.69,247.4,-0.65,-1.56
2025-08-03T18:39:50.000,1.99,307,1.2,-1.59
2025-08-03T18:40:50.000,1.97,324.62,1.61,-1.14
2025-08-03T18:41:50.000,2,322.4,1.58,-1.22
2025-08-03T18:42:50.000,2.49,323.68,2.01,-1.47
2025-08-03T18:43:50.000,2.62,322.4,2.07,-1.6
2025-08-03T18:44:50.000,1.12,306.68,0.67,-0.9
2025-08-03T18:45:50.000,1.03,240.11,-0.51,-0.89
2025-08-03T18:46:50.000,0.75,254.88,-0.2,-0.72
2025-08-03T18:47:50.000,1.67,274.43,0.13,-1.66
2025-08-03T18:48:50.000,1.32,259.99,-0.23,-1.3
2025-08-03T18:49:50.000,0.52,242.29,-0.24,-0.46
2025-08-03T18:50:50.000,0.84,234.94,-0.48,-0.69
2025-08-03T18:51:50.000,1.95,343.87,1.87,-0.54
2025-08-03T18:52:50.000,1.82,347.47,1.78,-0.39
2025-08-03T18:53:50.000,2.33,357.61,2.32,-0.1
2025-08-03T18:54:50.000,2,357.94,1.99,-0.07
2025-08-03T18:55:50.000,2.13,347.25,2.08,-0.47
2025-08-03T18:56:50.000,2.18,342.56,2.08,-0.65
2025-08-03T18:57:50.000,0.78,316.62,0.57,-0.54
2025-08-03T18:58:50.000,1.21,322.15,0.96,-0.74
2025-08-03T18:59:50.000,1.78,335.55,1.62,-0.74
2025-08-03T19:00:50.000,0.86,358.35,0.86,-0.02
2025-08-03T19:01:50.000,1.5,342.74,1.43,-0.45
2025-08-03T19:02:50.000,1.53,357.98,1.53,-0.05
2025-08-03T19:03:50.000,2.49,337.01,2.29,-0.97
2025-08-03T19:04:50.000,1.31,305.95,0.77,-1.06
2025-08-03T19:05:50.000,1.2,303.2,0.66,-1.01
2025-08-03T19:06:50.000,1.74,312.55,1.17,-1.28
2025-08-03T19:07:50.000,1.54,328.48,1.31,-0.81
2025-08-03T19:08:50.000,3.28,328.98,2.81,-1.69
2025-08-03T19:09:50.000,1.48,295.78,0.65,-1.34
2025-08-03T19:10:50.000,1.76,328.1,1.49,-0.93
2025-08-03T19:11:50.000,1.94,331.3,1.7,-0.93
2025-08-03T19:12:50.000,2.46,330.63,2.15,-1.21
2025-08-03T19:13:50.000,2.36,306.66,1.41,-1.89
2025-08-03T19:14:50.000,1.54,306.98,0.93,-1.23
2025-08-03T19:15:50.000,1.51,279.7,0.25,-1.48
2025-08-03T19:16:50.000,2.23,268.28,-0.07,-2.23
2025-08-03T19:17:50.000,2.23,302.25,1.19,-1.88
2025-08-03T19:18:50.000,1.6,329.4,1.38,-0.82
2025-08-03T19:19:50.000,2.83,335.38,2.57,-1.18
2025-08-03T19:20:50.000,8.83,323.11,7.06,-5.3
2025-08-03T19:21:50.000,4.74,301.39,2.47,-4.05
2025-08-03T19:22:50.000,4.18,320.14,3.21,-2.68
2025-08-03T19:23:50.000,3.42,314.23,2.39,-2.45
2025-08-03T19:24:50.000,4.12,309.59,2.63,-3.18
2025-08-03T19:25:50.000,3.29,227.6,-2.22,-2.43
2025-08-03T19:26:50.000,2.04,274.06,0.14,-2.04
2025-08-03T19:27:50.000,3.55,309.57,2.26,-2.74
2025-08-03T19:28:50.000,0.92,286.81,0.27,-0.88
2025-08-03T19:29:50.000,3.14,256.7,-0.72,-3.06
2025-08-03T19:30:50.000,2.26,258.47,-0.45,-2.21
2025-08-03T19:31:50.000,1.84,293.94,0.75,-1.68
2025-08-03T19:32:50.000,5.12,207.53,-4.54,-2.36
2025-08-03T19:33:50.000,4.15,206.08,-3.73,-1.82
2025-08-03T19:34:50.000,3.4,205.32,-3.07,-1.45
2025-08-03T19:35:50.000,2.76,199.63,-2.6,-0.93
2025-08-03T19:36:50.000,3.95,212.46,-3.33,-2.12
2025-08-03T19:37:50.000,4.8,216.88,-3.84,-2.88
2025-08-03T19:38:50.000,1.88,208.39,-1.65,-0.89
2025-08-03T19:39:50.000,7.14,176.39,-7.12,0.45
2025-08-03T19:40:50.000,2.23,351.98,2.21,-0.31
2025-08-03T19:41:50.000,1.77,286.89,0.51,-1.69
2025-08-03T19:42:50.000,2.52,86.2,0.17,2.52
2025-08-03T19:43:50.000,4.48,116.73,-2.02,4.01
2025-08-03T19:44:50.000,1.62,198.06,-1.54,-0.5
2025-08-03T19:45:50.000,4.07,166.28,-3.95,0.97
2025-08-03T19:46:50.000,4.37,167.38,-4.27,0.96
2025-08-03T19:47:50.000,2.04,160.18,-1.92,0.69
2025-08-03T19:48:50.000,3.1,165,-2.99,0.8
2025-08-03T19:49:50.000,2.22,193.99,-2.15,-0.54
2025-08-03T19:50:50.000,1.86,162.93,-1.78,0.55
2025-08-03T19:51:50.000,3.68,168.23,-3.6,0.75
2025-08-03T19:52:50.000,0.97,249.73,-0.34,-0.91
2025-08-03T19:53:50.000,1.52,118.2,-0.72,1.34
2025-08-03T19:54:50.000,1.63,177.85,-1.62,0.06
2025-08-03T19:55:50.000,1.06,284.97,0.27,-1.02
2025-08-03T19:56:50.000,1.25,298.94,0.6,-1.09
2025-08-03T19:57:50.000,0.75,296.98,0.34,-0.67
2025-08-03T19:58:50.000,1.48,290.96,0.53,-1.38
2025-08-03T19:59:50.000,0.7,310.88,0.46,-0.53
2025-08-03T20:00:50.000,0.72,330,0.63,-0.36
2025-08-03T20:01:50.000,0.71,309.07,0.45,-0.55
2025-08-03T20:02:50.000,0.8,289.99,0.27,-0.75
2025-08-03T20:03:50.000,0.41,348.86,0.4,-0.08
2025-08-03T20:04:50.000,0.19,251.15,-0.06,-0.18
2025-08-03T20:05:50.000,1.01,262.56,-0.13,-1
2025-08-03T20:06:50.000,1.26,206.05,-1.14,-0.55
2025-08-03T20:07:50.000,0.96,219.61,-0.74,-0.61
2025-08-03T20:08:50.000,0.9,244.04,-0.39,-0.81
2025-08-03T20:09:50.000,1.87,279.91,0.32,-1.84
2025-08-03T20:10:50.000,1.21,300.65,0.62,-1.04
2025-08-03T20:11:50.000,1.35,302.43,0.72,-1.14
2025-08-03T20:12:50.000,1.88,349.67,1.85,-0.34
2025-08-03T20:13:50.000,1.51,314.16,1.05,-1.08
2025-08-03T20:14:50.000,1.54,0.63,1.54,0.02
2025-08-03T20:15:50.000,0.91,342.77,0.86,-0.27
2025-08-03T20:16:50.000,2.99,9.05,2.96,0.47
2025-08-03T20:17:50.000,4.43,4.22,4.42,0.33
2025-08-03T20:18:50.000,3.13,13.9,3.04,0.75
2025-08-03T20:19:50.000,2.6,349.97,2.56,-0.45
2025-08-03T20:20:50.000,4.14,344.6,4,-1.1
2025-08-03T20:21:50.000,3.47,346.36,3.38,-0.82
2025-08-03T20:22:50.000,4.2,354.6,4.18,-0.4
2025-08-03T20:23:50.000,3.03,348.13,2.96,-0.62
2025-08-03T20:24:50.000,4.07,352.98,4.04,-0.5
2025-08-03T20:25:50.000,4.37,358.52,4.36,-0.11
2025-08-03T20:26:50.000,3.52,346.64,3.43,-0.81
2025-08-03T20:27:50.000,2.96,350.08,2.91,-0.51
2025-08-03T20:28:50.000,4.15,5.41,4.14,0.39
2025-08-03T20:29:50.000,4.01,345.57,3.89,-1
2025-08-03T20:30:50.000,4.45,2.76,4.45,0.21
2025-08-03T20:31:50.000,3.34,5.68,3.33,0.33
2025-08-03T20:32:50.000,3.47,355.97,3.46,-0.24
2025-08-03T20:33:50.000,2.09,350.68,2.06,-0.34
2025-08-03T20:34:50.000,2.15,342.39,2.05,-0.65
2025-08-03T20:35:50.000,3.24,352.7,3.21,-0.41
2025-08-03T20:36:50.000,3.78,356.03,3.77,-0.26
2025-08-03T20:37:50.000,4.72,342.49,4.5,-1.42
2025-08-03T20:38:50.000,4.23,335.74,3.86,-1.74
2025-08-03T20:39:50.000,5.62,339.67,5.27,-1.95
2025-08-03T20:40:50.000,6.73,344.53,6.49,-1.8
2025-08-03T20:41:50.000,5.15,339.1,4.81,-1.84
2025-08-03T20:42:50.000,5,348.28,4.9,-1.02
2025-08-03T20:43:50.000,4.77,342.9,4.56,-1.4
2025-08-03T20:44:50.000,6.61,343.57,6.34,-1.87
2025-08-03T20:45:50.000,7.85,344.19,7.55,-2.14
2025-08-03T20:46:50.000,6.81,342.41,6.49,-2.06
2025-08-03T20:47:50.000,6.82,330.54,5.94,-3.36
2025-08-03T20:48:50.000,8.72,339.16,8.15,-3.1
2025-08-03T20:49:50.000,8.75,335.14,7.94,-3.68
2025-08-03T20:50:50.000,6.7,337.42,6.18,-2.57
2025-08-03T20:51:50.000,5.48,353.47,5.44,-0.62
2025-08-03T20:52:50.000,6.79,339.83,6.38,-2.34
2025-08-03T20:53:50.000,7.23,349.64,7.12,-1.3
2025-08-03T20:54:50.000,8.51,348.25,8.33,-1.73
2025-08-03T20:55:50.000,6.55,348.02,6.4,-1.36
2025-08-03T20:56:50.000,5.79,343.85,5.56,-1.61
2025-08-03T20:57:50.000,6.57,350.21,6.47,-1.12
2025-08-03T20:58:50.000,6.9,344.61,6.65,-1.83
2025-08-03T20:59:50.000,6.93,339.35,6.49,-2.45
2025-08-03T21:00:50.000,4.64,339.06,4.33,-1.66
2025-08-03T21:01:50.000,3.65,328.37,3.1,-1.91
2025-08-03T21:02:50.000,1.83,334.52,1.65,-0.79
2025-08-03T21:03:50.000,2.46,334.91,2.23,-1.04
2025-08-03T21:04:50.000,3.7,336.84,3.4,-1.45
2025-08-03T21:05:50.000,3.93,313.64,2.71,-2.85
2025-08-03T21:06:50.000,2.01,325.26,1.65,-1.15
2025-08-03T21:07:50.000,3.48,330.43,3.03,-1.72
2025-08-03T21:08:50.000,3.86,330.67,3.36,-1.89
2025-08-03T21:09:50.000,2.01,330.67,1.75,-0.99
2025-08-03T21:10:50.000,2.46,334.92,2.23,-1.04
2025-08-03T21:11:50.000,2.06,342.52,1.97,-0.62
2025-08-03T21:12:50.000,1.85,325.69,1.53,-1.04
2025-08-03T21:13:50.000,2.39,320.42,1.85,-1.53
2025-08-03T21:14:50.000,2.52,339.34,2.36,-0.89
2025-08-03T21:15:50.000,1.76,277.69,0.23,-1.74
2025-08-03T21:16:50.000,2.03,309.3,1.28,-1.57
2025-08-03T21:17:50.000,2.09,279.69,0.35,-2.06
2025-08-03T21:18:50.000,2.31,312.46,1.56,-1.71
2025-08-03T21:19:50.000,2.91,316.35,2.1,-2.01
2025-08-03T21:20:50.000,2.82,312.95,1.92,-2.07
2025-08-03T21:21:50.000,2.62,315.24,1.86,-1.85
2025-08-03T21:22:50.000,2.36,330.12,2.05,-1.18
2025-08-03T21:23:50.000,1.71,330.24,1.49,-0.85
2025-08-03T21:24:50.000,3.5,335.29,3.18,-1.46
2025-08-03T21:25:50.000,1.98,332.97,1.76,-0.9
2025-08-03T21:26:50.000,1.77,311.88,1.18,-1.32
2025-08-03T21:27:50.000,2.47,329.55,2.13,-1.25
2025-08-03T21:28:50.000,2.86,343.19,2.73,-0.83
2025-08-03T21:29:50.000,1.61,331.66,1.41,-0.76
2025-08-03T21:30:50.000,2.22,335.07,2.01,-0.94
2025-08-03T21:31:50.000,1.94,335.04,1.76,-0.82
2025-08-03T21:32:50.000,2.1,334.2,1.89,-0.91
2025-08-03T21:33:50.000,1.69,332.22,1.49,-0.79
2025-08-03T21:34:50.000,1.33,300.59,0.67,-1.14
2025-08-03T21:35:50.000,2.04,308.32,1.27,-1.6
2025-08-03T21:36:50.000,1.92,343.21,1.84,-0.56
2025-08-03T21:37:50.000,2.76,334.63,2.49,-1.18
2025-08-03T21:38:50.000,2.49,335.17,2.26,-1.05
2025-08-03T21:39:50.000,2.51,324.01,2.03,-1.47
2025-08-03T21:40:50.000,2.23,320.17,1.71,-1.43
2025-08-03T21:41:50.000,0.83,273.14,0.05,-0.83
2025-08-03T21:42:50.000,1.83,330.62,1.59,-0.9
2025-08-03T21:43:50.000,2.4,323.15,1.92,-1.44
2025-08-03T21:44:50.000,2.21,318.7,1.66,-1.46
2025-08-03T21:45:50.000,2.03,315.97,1.46,-1.41
2025-08-03T21:46:50.000,1.29,330.23,1.12,-0.64
2025-08-03T21:47:50.000,1.84,326.62,1.54,-1.01
2025-08-03T21:48:50.000,1.96,320.36,1.51,-1.25
2025-08-03T21:49:50.000,1.72,305.05,0.99,-1.41
2025-08-03T21:50:50.000,2.02,318.33,1.51,-1.34
2025-08-03T21:51:50.000,2.44,275.05,0.21,-2.43
2025-08-03T21:52:50.000,3.67,300.91,1.89,-3.15
2025-08-03T21:53:50.000,2.84,301.09,1.47,-2.43
2025-08-03T21:54:50.000,2.71,317.66,2,-1.83
2025-08-03T21:55:50.000,2.83,300.71,1.45,-2.44
2025-08-03T21:56:50.000,2.57,322.42,2.03,-1.56
2025-08-03T21:57:50.000,0.84,298.03,0.39,-0.74
2025-08-03T21:58:50.000,1.44,321.08,1.12,-0.9
2025-08-03T21:59:50.000,2.35,322.09,1.85,-1.44
2025-08-03T22:00:50.000,1.61,266.13,-0.11,-1.61
2025-08-03T22:01:50.000,1.74,294.98,0.73,-1.58
2025-08-03T22:02:50.000,2.84,289.11,0.93,-2.68
2025-08-03T22:03:50.000,4.29,303.21,2.35,-3.59
2025-08-03T22:04:50.000,1.6,301.31,0.83,-1.36
2025-08-03T22:05:50.000,2.94,309.78,1.88,-2.26
2025-08-03T22:06:50.000,1.81,332.33,1.6,-0.84
2025-08-03T22:07:50.000,0.69,244.08,-0.3,-0.62
2025-08-03T22:08:50.000,2.04,307.97,1.25,-1.61
2025-08-03T22:09:50.000,3.07,301.9,1.62,-2.61
2025-08-03T22:10:50.000,2.89,325.28,2.38,-1.65
2025-08-03T22:11:50.000,3.12,323.1,2.49,-1.87
2025-08-03T22:12:50.000,2.39,339.24,2.23,-0.85
2025-08-03T22:13:50.000,3.17,329.17,2.72,-1.63
2025-08-03T22:14:50.000,2.76,339.91,2.59,-0.95
2025-08-03T22:15:50.000,2.4,318.74,1.8,-1.58
2025-08-03T22:16:50.000,2.3,347.58,2.25,-0.49
2025-08-03T22:17:50.000,2.66,316.45,1.93,-1.83
2025-08-03T22:18:50.000,2.19,318.1,1.63,-1.46
2025-08-03T22:19:50.000,2.53,318.05,1.88,-1.69
2025-08-03T22:20:50.000,1.98,316.26,1.43,-1.37
2025-08-03T22:21:50.000,2.43,322.07,1.92,-1.49
2025-08-03T22:22:50.000,2.7,335.94,2.46,-1.1
2025-08-03T22:23:50.000,3.26,338.99,3.04,-1.17
2025-08-03T22:24:50.000,3.76,330.8,3.28,-1.84
2025-08-03T22:25:50.000,2.27,329.84,1.96,-1.14
2025-08-03T22:26:50.000,2.29,311.84,1.52,-1.7
2025-08-03T22:27:50.000,2.47,322.04,1.95,-1.52
2025-08-03T22:28:50.000,2.11,316.82,1.54,-1.44
2025-08-03T22:29:50.000,1.65,314.69,1.16,-1.18
2025-08-03T22:30:50.000,1.88,296.64,0.84,-1.68
2025-08-03T22:31:50.000,2.46,313.27,1.69,-1.79
2025-08-03T22:32:50.000,2.12,310.01,1.36,-1.62
2025-08-03T22:33:50.000,2.3,310.53,1.5,-1.75
2025-08-03T22:34:50.000,1.32,273.34,0.08,-1.32
2025-08-03T22:35:50.000,2.24,289.74,0.76,-2.11
2025-08-03T22:36:50.000,2.61,309.53,1.66,-2.01
2025-08-03T22:37:50.000,2.71,277.87,0.37,-2.69
2025-08-03T22:38:50.000,2.88,288.32,0.9,-2.73
2025-08-03T22:39:50.000,2.31,256.04,-0.56,-2.24
2025-08-03T22:40:50.000,3.77,297.02,1.71,-3.36
2025-08-03T22:41:50.000,2.22,283.61,0.52,-2.15
2025-08-03T22:42:50.000,3.88,299.28,1.9,-3.38
2025-08-03T22:43:50.000,2.46,304.63,1.4,-2.02
2025-08-03T22:44:50.000,2.26,328.21,1.92,-1.19
2025-08-03T22:45:50.000,3.97,294.78,1.66,-3.6
2025-08-03T22:46:50.000,5.26,301.25,2.73,-4.5
2025-08-03T22:47:50.000,4.11,292.51,1.57,-3.8
2025-08-03T22:48:50.000,3.17,325.1,2.6,-1.81
2025-08-03T22:49:50.000,3.07,306.04,1.81,-2.49
2025-08-03T22:50:50.000,2.19,313.49,1.51,-1.59
2025-08-03T22:51:50.000,3.5,304.81,2,-2.87
2025-08-03T22:52:50.000,3.27,291.52,1.2,-3.04
2025-08-03T22:53:50.000,1.93,301.84,1.02,-1.64
2025-08-03T22:54:50.000,3.44,289.16,1.13,-3.25
2025-08-03T22:55:50.000,2.06,266.93,-0.11,-2.06
2025-08-03T22:56:50.000,3.39,309.02,2.13,-2.63
2025-08-03T22:57:50.000,3.76,276.04,0.4,-3.74
2025-08-03T22:58:50.000,5.76,287.16,1.7,-5.5
2025-08-03T22:59:50.000,4.76,284.33,1.18,-4.61
2025-08-03T23:00:50.000,4.04,292.84,1.57,-3.73
2025-08-03T23:01:50.000,2.13,316.51,1.54,-1.46
2025-08-03T23:02:50.000,2.41,301.2,1.25,-2.06
2025-08-03T23:03:50.000,1.91,261.09,-0.3,-1.89
2025-08-03T23:04:50.000,3,311,1.97,-2.26
2025-08-03T23:05:50.000,3.45,260.68,-0.56,-3.4
2025-08-03T23:06:50.000,1.68,297.14,0.77,-1.49
2025-08-03T23:07:50.000,4.08,269.54,-0.03,-4.08
2025-08-03T23:08:50.000,3.78,291.94,1.41,-3.51
2025-08-03T23:09:50.000,4.03,304.23,2.27,-3.33
2025-08-03T23:10:50.000,4.17,285.18,1.09,-4.02
2025-08-03T23:11:50.000,3.99,310.08,2.57,-3.06
2025-08-03T23:12:50.000,2.44,316.36,1.76,-1.68
2025-08-03T23:13:50.000,3.03,295.79,1.32,-2.73
2025-08-03T23:14:50.000,3.5,302.35,1.87,-2.95
2025-08-03T23:15:50.000,3,308.26,1.86,-2.36
2025-08-03T23:16:50.000,3.58,285.5,0.96,-3.45
2025-08-03T23:17:50.000,2.66,300.71,1.36,-2.28
2025-08-03T23:18:50.000,6,285.44,1.6,-5.78
2025-08-03T23:19:50.000,4.53,252.95,-1.33,-4.33
2025-08-03T23:20:50.000,4.23,283.04,0.96,-4.12
2025-08-03T23:21:50.000,5.36,277.3,0.68,-5.32
2025-08-03T23:22:50.000,3.2,300.55,1.63,-2.76
2025-08-03T23:23:50.000,2.73,234.77,-1.57,-2.23
2025-08-03T23:24:50.000,1.81,291.95,0.68,-1.68
2025-08-03T23:25:50.000,3.39,275.12,0.3,-3.37
2025-08-03T23:26:50.000,2.85,266.67,-0.17,-2.85
2025-08-03T23:27:50.000,5.01,286.68,1.44,-4.8
2025-08-03T23:28:50.000,4.45,291.54,1.63,-4.14
2025-08-03T23:29:50.000,4.55,290.67,1.61,-4.26
2025-08-03T23:30:50.000,1.99,295.66,0.86,-1.79
2025-08-03T23:31:50.000,3.98,300.06,1.99,-3.45
2025-08-03T23:32:50.000,2.04,316.27,1.48,-1.41
2025-08-03T23:33:50.000,2.21,292.91,0.86,-2.04
2025-08-03T23:34:50.000,6.71,279.26,1.08,-6.62
2025-08-03T23:35:50.000,4.84,283.36,1.12,-4.71
2025-08-03T23:36:50.000,3.87,310.96,2.54,-2.92
2025-08-03T23:37:50.000,2.69,303.27,1.47,-2.25
2025-08-03T23:38:50.000,6.48,306.83,3.88,-5.18
2025-08-03T23:39:50.000,6.07,307.62,3.7,-4.81
2025-08-03T23:40:50.000,6.47,285.95,1.78,-6.22
2025-08-03T23:41:50.000,5.8,278.02,0.81,-5.75
2025-08-03T23:42:50.000,2.34,311.99,1.57,-1.74
2025-08-03T23:43:50.000,3.38,283.21,0.77,-3.29
2025-08-03T23:44:50.000,0.89,298.94,0.43,-0.78
2025-08-03T23:45:50.000,2.39,322.41,1.89,-1.46
2025-08-03T23:46:50.000,4.79,302.45,2.57,-4.04
2025-08-03T23:47:50.000,5.9,287.76,1.8,-5.62
2025-08-03T23:48:50.000,9.04,276.24,0.98,-8.99
2025-08-03T23:49:50.000,5.95,292.64,2.29,-5.49
2025-08-03T23:50:50.000,3.84,288.69,1.23,-3.64
2025-08-03T23:51:50.000,5.96,310.67,3.88,-4.52
2025-08-03T23:52:50.000,2.95,287.68,0.9,-2.81
2025-08-03T23:53:50.000,4.98,313.13,3.41,-3.64
2025-08-03T23:54:50.000,3.45,315.55,2.46,-2.41
2025-08-03T23:55:50.000,6.53,294.39,2.7,-5.94
2025-08-03T23:56:50.000,2.86,325.56,2.36,-1.61
2025-08-03T23:57:50.000,7.6,289.28,2.51,-7.18
2025-08-03T23:58:50.000,9.06,299.54,4.47,-7.88
2025-08-03T23:59:50.000,5.83,321.88,4.59,-3.6
2025-08-04T00:00:50.000,5.39,307.11,3.25,-4.3
2025-08-04T00:01:50.000,7.31,318.8,5.5,-4.81
2025-08-04T00:02:50.000,10.8,300.68,5.51,-9.28
2025-08-04T00:03:50.000,6.17,318.73,4.63,-4.07
2025-08-04T00:04:50.000,9.04,311.18,5.95,-6.8
2025-08-04T00:05:50.000,4.79,292.07,1.8,-4.44
2025-08-04T00:06:50.000,7.14,304.7,4.07,-5.87
2025-08-04T00:07:50.000,5.16,311.43,3.42,-3.87
2025-08-04T00:08:50.000,6.59,297.58,3.05,-5.84
2025-08-04T00:09:50.000,7.94,304.02,4.45,-6.58
2025-08-04T00:10:50.000,4.52,316.88,3.3,-3.09
2025-08-04T00:11:50.000,5.38,270.93,0.09,-5.38
2025-08-04T00:12:50.000,5.51,293.36,2.18,-5.06
2025-08-04T00:13:50.000,3.52,302.13,1.87,-2.98
2025-08-04T00:14:50.000,4.7,303.69,2.61,-3.91
2025-08-04T00:15:50.000,5.2,305.1,2.99,-4.25
2025-08-04T00:16:50.000,5.58,307.55,3.4,-4.42
2025-08-04T00:17:50.000,5.9,299.81,2.93,-5.12
2025-08-04T00:18:50.000,3.62,308.58,2.26,-2.83
2025-08-04T00:19:50.000,4.99,322.53,3.96,-3.04
2025-08-04T00:20:50.000,5.69,330.78,4.96,-2.78
2025-08-04T00:21:50.000,2.86,335.39,2.6,-1.19
2025-08-04T00:22:50.000,3.36,302.54,1.81,-2.83
2025-08-04T00:23:50.000,4.16,319.83,3.18,-2.69
2025-08-04T00:24:50.000,4.95,299.61,2.45,-4.31
2025-08-04T00:25:50.000,3.88,311.48,2.57,-2.9
2025-08-04T00:26:50.000,3.5,299.53,1.72,-3.04
2025-08-04T00:27:50.000,3.56,313.65,2.46,-2.58
2025-08-04T00:28:50.000,5.16,295.61,2.23,-4.66
2025-08-04T00:29:50.000,5.9,312.13,3.96,-4.37
2025-08-04T00:30:50.000,4.33,298.43,2.06,-3.81
2025-08-04T00:31:50.000,5.29,294.1,2.16,-4.83
2025-08-04T00:32:50.000,3.11,291.77,1.15,-2.89
2025-08-04T00:33:50.000,3.64,306.22,2.15,-2.94
2025-08-04T00:34:50.000,6.67,287.98,2.06,-6.34
2025-08-04T00:35:50.000,4.51,292.21,1.71,-4.18
2025-08-04T00:36:50.000,8.04,281.43,1.59,-7.88
2025-08-04T00:37:50.000,4.1,273.85,0.28,-4.09
2025-08-04T00:38:50.000,6.97,278.18,0.99,-6.9
2025-08-04T00:39:50.000,3.4,280.28,0.61,-3.34
2025-08-04T00:40:50.000,3.37,291.3,1.22,-3.14
2025-08-04T00:41:50.000,4.74,256.38,-1.12,-4.61
2025-08-04T00:42:50.000,4.37,280.11,0.77,-4.3
2025-08-04T00:43:50.000,3.97,262.28,-0.53,-3.93
2025-08-04T00:44:50.000,4.37,303.84,2.43,-3.63
2025-08-04T00:45:50.000,3.41,298.05,1.6,-3.01
2025-08-04T00:46:50.000,7.23,287.66,2.19,-6.89
2025-08-04T00:47:50.000,5.12,280.26,0.91,-5.04
2025-08-04T00:48:50.000,4.95,294.08,2.02,-4.52
2025-08-04T00:49:50.000,3.21,294.75,1.34,-2.91
2025-08-04T00:50:50.000,6.55,280.18,1.16,-6.45
2025-08-04T00:51:50.000,4.27,292.42,1.63,-3.95
2025-08-04T00:52:50.000,4.72,299.17,2.3,-4.12
2025-08-04T00:53:50.000,3.37,304.42,1.91,-2.78
2025-08-04T00:54:50.000,5.42,307.36,3.29,-4.31
2025-08-04T00:55:50.000,4.88,304.81,2.78,-4
2025-08-04T00:56:50.000,5.24,307.29,3.17,-4.17
2025-08-04T00:57:50.000,1.26,291.11,0.46,-1.18
2025-08-04T00:58:50.000,4.71,305.78,2.76,-3.82
2025-08-04T00:59:50.000,3.52,311.61,2.34,-2.63
2025-08-04T01:00:50.000,4.31,309.57,2.75,-3.32
2025-08-04T01:01:50.000,4.17,286.82,1.21,-3.99
2025-08-04T01:02:50.000,6.06,304.2,3.4,-5.01
2025-08-04T01:03:50.000,4.54,320.27,3.49,-2.9
2025-08-04T01:04:50.000,4.1,270.54,0.04,-4.1
2025-08-04T01:05:50.000,3.5,278.83,0.54,-3.46
2025-08-04T01:06:50.000,3.18,289.28,1.05,-3
2025-08-04T01:07:50.000,3.96,313.81,2.74,-2.86
2025-08-04T01:08:50.000,3.06,330.04,2.65,-1.53
2025-08-04T01:09:50.000,4.32,318.68,3.24,-2.85
2025-08-04T01:10:50.000,5.3,318.14,3.95,-3.54
2025-08-04T01:11:50.000,4.04,317.11,2.96,-2.75
2025-08-04T01:12:50.000,3.59,309.99,2.31,-2.75
2025-08-04T01:13:50.000,5.74,294.92,2.42,-5.21
2025-08-04T01:14:50.000,3.82,310.96,2.51,-2.89
2025-08-04T01:15:50.000,3.87,300.04,1.94,-3.35
2025-08-04T01:16:50.000,4.25,295.95,1.86,-3.82
2025-08-04T01:17:50.000,2.98,292.55,1.14,-2.76
2025-08-04T01:18:50.000,3.31,304.44,1.87,-2.73
2025-08-04T01:19:50.000,4.39,288.1,1.36,-4.17
2025-08-04T01:20:50.000,4.99,304.75,2.84,-4.1
2025-08-04T01:21:50.000,6.26,314.9,4.42,-4.43
2025-08-04T01:22:50.000,2.38,296.38,1.06,-2.13
2025-08-04T01:23:50.000,4.58,298.68,2.2,-4.02
2025-08-04T01:24:50.000,3.16,291.24,1.14,-2.95
2025-08-04T01:25:50.000,6.05,293.02,2.37,-5.57
2025-08-04T01:26:50.000,3.72,280.36,0.67,-3.65
2025-08-04T01:27:50.000,4.05,300.16,2.03,-3.5
2025-08-04T01:28:50.000,1.77,270.42,0.01,-1.77
2025-08-04T01:29:50.000,4.21,273.15,0.23,-4.21
2025-08-04T01:30:50.000,5.04,277.16,0.63,-5.01
2025-08-04T01:31:50.000,3.3,310.51,2.15,-2.51
2025-08-04T01:32:50.000,6.01,289.23,1.98,-5.67
2025-08-04T01:33:50.000,4,294.06,1.63,-3.65
2025-08-04T01:34:50.000,5.89,303.94,3.29,-4.88
2025-08-04T01:35:50.000,4.42,309.34,2.81,-3.42
2025-08-04T01:36:50.000,2.21,284.23,0.54,-2.14
2025-08-04T01:37:50.000,3.82,300.38,1.93,-3.29
2025-08-04T01:38:50.000,5.32,303.32,2.92,-4.45
2025-08-04T01:39:50.000,8.1,313.92,5.62,-5.83
2025-08-04T01:40:50.000,4.6,301,2.37,-3.94
2025-08-04T01:41:50.000,3.73,323.09,2.98,-2.24
2025-08-04T01:42:50.000,2.37,295.62,1.03,-2.14
2025-08-04T01:43:50.000,2.48,320.08,1.9,-1.59
2025-08-04T01:44:50.000,2.99,321.21,2.33,-1.87
2025-08-04T01:45:50.000,3.74,288.8,1.21,-3.54
2025-08-04T01:46:50.000,2.46,309.44,1.56,-1.9
2025-08-04T01:47:50.000,4.2,296.72,1.89,-3.75
2025-08-04T01:48:50.000,6.29,294.36,2.59,-5.73
2025-08-04T01:49:50.000,2.12,308.45,1.32,-1.66
2025-08-04T01:50:50.000,6.04,296.05,2.65,-5.43
2025-08-04T01:51:50.000,5.01,300.88,2.57,-4.3
2025-08-04T01:52:50.000,3.5,330.25,3.04,-1.74
2025-08-04T01:53:50.000,1.73,332.06,1.53,-0.81
2025-08-04T01:54:50.000,4.09,313.66,2.83,-2.96
2025-08-04T01:55:50.000,2.57,290.47,0.9,-2.41
2025-08-04T01:56:50.000,2.9,283.99,0.7,-2.81
2025-08-04T01:57:50.000,4.08,309.85,2.61,-3.13
2025-08-04T01:58:50.000,4.7,283.71,1.11,-4.57
2025-08-04T01:59:50.000,1.98,293.07,0.78,-1.82
2025-08-04T02:00:50.000,2.91,280.76,0.54,-2.86
2025-08-04T02:01:50.000,4.84,279.34,0.78,-4.77
2025-08-04T02:02:50.000,3.02,284.59,0.76,-2.92
2025-08-04T02:03:50.000,4.99,282.32,1.06,-4.87
2025-08-04T02:04:50.000,3.4,302.68,1.83,-2.86
2025-08-04T02:05:50.000,9.62,303.62,5.33,-8.01
2025-08-04T02:06:50.000,5.41,302.33,2.89,-4.57
2025-08-04T02:07:50.000,4.69,282.31,1,-4.58
2025-08-04T02:08:50.000,3.72,303.46,2.05,-3.1
2025-08-04T02:09:50.000,9.66,290.44,3.37,-9.05
2025-08-04T02:10:50.000,5.6,300.04,2.81,-4.85
2025-08-04T02:11:50.000,6.19,300.07,3.1,-5.35
2025-08-04T02:12:50.000,4.56,285.7,1.23,-4.39
2025-08-04T02:13:50.000,4.56,293.56,1.82,-4.18
2025-08-04T02:14:50.000,5.21,290.04,1.78,-4.89
2025-08-04T02:15:50.000,5.34,311.62,3.55,-3.99
2025-08-04T02:16:50.000,5.54,308.62,3.46,-4.33
2025-08-04T02:17:50.000,5.56,302.84,3.02,-4.67
2025-08-04T02:18:50.000,2.43,290.17,0.84,-2.28
2025-08-04T02:19:50.000,5.28,314.24,3.68,-3.78
2025-08-04T02:20:50.000,4.65,295,1.97,-4.22
2025-08-04T02:21:50.000,3.02,302.14,1.61,-2.56
2025-08-04T02:22:50.000,7.17,302.47,3.85,-6.05
2025-08-04T02:23:50.000,9.7,306.66,5.79,-7.79
2025-08-04T02:24:50.000,6.04,313.83,4.18,-4.36
2025-08-04T02:25:50.000,6.42,319.67,4.89,-4.15
2025-08-04T02:26:50.000,8.13,308.73,5.09,-6.34
2025-08-04T02:27:50.000,3.54,303.38,1.95,-2.96
2025-08-04T02:28:50.000,9.18,327.82,7.77,-4.89
2025-08-04T02:29:50.000,6.15,298.62,2.95,-5.4
2025-08-04T02:30:50.000,3.8,312.37,2.56,-2.81
2025-08-04T02:31:50.000,10.05,291.28,3.65,-9.37
2025-08-04T02:32:50.000,5.72,295.89,2.5,-5.14
2025-08-04T02:33:50.000,8.71,286.92,2.53,-8.33
2025-08-04T02:34:50.000,7.68,306.57,4.58,-6.17
2025-08-04T02:35:50.000,5.91,297.97,2.77,-5.22
2025-08-04T02:36:50.000,7.08,317.64,5.24,-4.77
2025-08-04T02:37:50.000,7.17,326.9,6,-3.91
2025-08-04T02:38:50.000,6.27,309.26,3.97,-4.86
2025-08-04T02:39:50.000,5.73,270.63,0.06,-5.73
2025-08-04T02:40:50.000,4.53,304.59,2.57,-3.73
2025-08-04T02:41:50.000,4.33,317.79,3.21,-2.91
2025-08-04T02:42:50.000,4.86,326.04,4.03,-2.71
2025-08-04T02:43:50.000,7.43,315.04,5.26,-5.25
2025-08-04T02:44:50.000,11.97,316.99,8.75,-8.17
2025-08-04T02:45:50.000,9.91,329.23,8.52,-5.07
2025-08-04T02:46:50.000,13.21,326.72,11.05,-7.25
2025-08-04T02:47:50.000,11.81,316.57,8.58,-8.12
2025-08-04T02:48:50.000,9.72,329.38,8.36,-4.95
2025-08-04T02:49:50.000,9.86,320.03,7.56,-6.33
2025-08-04T02:50:50.000,10.38,314.8,7.31,-7.36
2025-08-04T02:51:50.000,10.39,317.75,7.69,-6.99
2025-08-04T02:52:50.000,8.72,304.05,4.88,-7.22
2025-08-04T02:53:50.000,7.66,333.09,6.83,-3.47
2025-08-04T02:54:50.000,5.8,317.11,4.25,-3.95
2025-08-04T02:55:50.000,8.49,290.68,3,-7.95
2025-08-04T02:56:50.000,7.3,315.54,5.21,-5.11
2025-08-04T02:57:50.000,7.99,310.46,5.18,-6.08
2025-08-04T02:58:50.000,11.62,297.01,5.28,-10.35
2025-08-04T02:59:50.000,9.15,316.16,6.6,-6.33
2025-08-04T03:00:50.000,6.76,298.08,3.18,-5.97
2025-08-04T03:01:50.000,4.95,314.71,3.48,-3.52
2025-08-04T03:02:50.000,7.63,306.92,4.58,-6.1
2025-08-04T03:03:50.000,9.61,299.81,4.78,-8.34
2025-08-04T03:04:50.000,8.12,300.06,4.07,-7.03
2025-08-04T03:05:50.000,8.14,298.21,3.85,-7.17
2025-08-04T03:06:50.000,4.17,332.58,3.7,-1.92
2025-08-04T03:07:50.000,6.8,290.9,2.42,-6.35
2025-08-04T03:08:50.000,8.4,286.54,2.39,-8.05
2025-08-04T03:09:50.000,8.15,293.34,3.23,-7.48
2025-08-04T03:10:50.000,5.14,286.62,1.47,-4.92
2025-08-04T03:11:50.000,8.09,294.52,3.36,-7.36
2025-08-04T03:12:50.000,5.28,297.22,2.42,-4.7
2025-08-04T03:13:50.000,5.86,304.39,3.31,-4.84
2025-08-04T03:14:50.000,3.98,297.61,1.84,-3.53
2025-08-04T03:15:50.000,4.02,288.72,1.29,-3.8
2025-08-04T03:16:50.000,2.78,301.34,1.45,-2.37
2025-08-04T03:17:50.000,4.2,332.17,3.71,-1.96
2025-08-04T03:18:50.000,7.6,280.32,1.36,-7.48
2025-08-04T03:19:50.000,6.88,287.98,2.12,-6.54
2025-08-04T03:20:50.000,7.17,282.62,1.57,-7
2025-08-04T03:21:50.000,6.45,282.23,1.37,-6.3
2025-08-04T03:22:50.000,2.03,315.27,1.44,-1.43
2025-08-04T03:23:50.000,2.29,288.97,0.74,-2.16
2025-08-04T03:24:50.000,5.84,290.92,2.08,-5.45
2025-08-04T03:25:50.000,5.94,302.35,3.18,-5.02
2025-08-04T03:26:50.000,6.26,296.85,2.83,-5.59
2025-08-04T03:27:50.000,8.03,298.25,3.8,-7.07
2025-08-04T03:28:50.000,7.61,296.47,3.39,-6.82
2025-08-04T03:29:50.000,6.71,307.26,4.06,-5.34
2025-08-04T03:30:50.000,5.69,302.17,3.03,-4.82
2025-08-04T03:31:50.000,7.36,303.46,4.06,-6.14
2025-08-04T03:32:50.000,4.95,307.69,3.03,-3.92
2025-08-04T03:33:50.000,5.07,315.52,3.62,-3.55
2025-08-04T03:34:50.000,5.44,272.06,0.2,-5.44
2025-08-04T03:35:50.000,2.98,306.16,1.76,-2.41
2025-08-04T03:36:50.000,1.58,299.22,0.77,-1.38
2025-08-04T03:37:50.000,4.75,284.83,1.22,-4.59
2025-08-04T03:38:50.000,4.88,287.62,1.48,-4.65
2025-08-04T03:39:50.000,5.09,291.32,1.85,-4.74
2025-08-04T03:40:50.000,2.49,300.19,1.25,-2.15
2025-08-04T03:41:50.000,2.76,295.73,1.2,-2.49
2025-08-04T03:42:50.000,5.1,288.33,1.6,-4.84
2025-08-04T03:43:50.000,4.75,312.11,3.18,-3.52
2025-08-04T03:44:50.000,3.23,300.43,1.64,-2.78
2025-08-04T03:45:50.000,6.81,307.73,4.17,-5.39
2025-08-04T03:46:50.000,9.23,318.15,6.87,-6.16
2025-08-04T03:47:50.000,6.61,290.83,2.35,-6.18
2025-08-04T03:48:50.000,5.18,272.53,0.23,-5.17
2025-08-04T03:49:50.000,8.82,277.08,1.09,-8.75
2025-08-04T03:50:50.000,5.53,284.67,1.4,-5.35
2025-08-04T03:51:50.000,1.87,81.68,0.27,1.85
2025-08-04T03:52:50.000,1.16,44.04,0.83,0.8
2025-08-04T03:53:50.000,1.04,235.4,-0.59,-0.85
2025-08-04T03:54:50.000,0.47,55.96,0.27,0.39
2025-08-04T03:55:50.000,0.36,89.03,0.01,0.36
2025-08-04T03:56:50.000,1.7,282.5,0.37,-1.66
2025-08-04T03:57:50.000,1.73,320.86,1.34,-1.09
2025-08-04T03:58:50.000,3.58,355.22,3.57,-0.3
2025-08-04T03:59:50.000,2.67,332.01,2.35,-1.25
2025-08-04T04:00:50.000,1.98,334.56,1.79,-0.85
2025-08-04T04:01:50.000,3.41,335.64,3.11,-1.41
2025-08-04T04:02:50.000,1.26,328.95,1.08,-0.65
2025-08-04T04:03:50.000,0.1,223.62,-0.07,-0.07
2025-08-04T04:04:50.000,1.93,320.8,1.5,-1.22
2025-08-04T04:05:50.000,1.75,250.58,-0.58,-1.65
2025-08-04T04:06:50.000,1.1,227.28,-0.74,-0.81
2025-08-04T04:07:50.000,0.99,90.09,0,0.99
2025-08-04T04:08:50.000,0.98,356.92,0.98,-0.05
2025-08-04T04:09:50.000,1.77,107.01,-0.52,1.69
2025-08-04T04:10:50.000,0.56,85.81,0.04,0.55
2025-08-04T04:11:50.000,1.89,327.46,1.6,-1.02
2025-08-04T04:12:50.000,1.82,327.61,1.54,-0.97
2025-08-04T04:13:50.000,0.66,309.61,0.42,-0.51
2025-08-04T04:14:50.000,1.15,358.72,1.15,-0.03
2025-08-04T04:15:50.000,0.27,264.6,-0.03,-0.27
2025-08-04T04:16:50.000,1.73,294.52,0.72,-1.57
2025-08-04T04:17:50.000,2.15,220.79,-1.63,-1.41
2025-08-04T04:18:50.000,1.55,98.63,-0.23,1.53
2025-08-04T04:19:50.000,1.76,280.74,0.33,-1.73
2025-08-04T04:20:50.000,0.44,166.71,-0.43,0.1
2025-08-04T04:21:50.000,1.49,84.16,0.15,1.48
2025-08-04T04:22:50.000,2.06,285.13,0.54,-1.99
2025-08-04T04:23:50.000,1.62,103.46,-0.38,1.58
2025-08-04T04:24:50.000,0.7,344.63,0.68,-0.19
2025-08-04T04:25:50.000,1.28,359.63,1.28,-0.01
2025-08-04T04:26:50.000,2.04,325.74,1.68,-1.15
2025-08-04T04:27:50.000,2.25,320.19,1.73,-1.44
2025-08-04T04:28:50.000,1.54,0.34,1.54,0.01
2025-08-04T04:29:50.000,0.27,307.95,0.17,-0.21
2025-08-04T04:30:50.000,0.44,75.16,0.11,0.42
2025-08-04T04:31:50.000,1.73,341.06,1.64,-0.56
2025-08-04T04:32:50.000,2.21,316.91,1.61,-1.51
2025-08-04T04:33:50.000,1.12,327.29,0.94,-0.6
2025-08-04T04:34:50.000,0.27,289.43,0.09,-0.26
2025-08-04T04:35:50.000,2.15,357.66,2.15,-0.09
2025-08-04T04:36:50.000,1.19,359.31,1.19,-0.01
2025-08-04T04:37:50.000,1.22,66.52,0.49,1.12
2025-08-04T04:38:50.000,1.16,309.69,0.74,-0.89
2025-08-04T04:39:50.000,1.29,306.63,0.77,-1.03
2025-08-04T04:40:50.000,1.93,305.08,1.11,-1.58
2025-08-04T04:41:50.000,0.77,36.16,0.62,0.45
2025-08-04T04:42:50.000,1.47,335.2,1.33,-0.62
2025-08-04T04:43:50.000,1.12,299.97,0.56,-0.97
2025-08-04T04:44:50.000,2.12,5.73,2.11,0.21
2025-08-04T04:45:50.000,0.87,5.14,0.86,0.08
2025-08-04T04:46:50.000,2.09,45.44,1.46,1.49
2025-08-04T04:47:50.000,0.81,324.7,0.66,-0.47
2025-08-04T04:48:50.000,1.23,304.35,0.69,-1.02
2025-08-04T04:49:50.000,0.17,169.48,-0.17,0.03
2025-08-04T04:50:50.000,2.26,320.52,1.74,-1.44
2025-08-04T04:51:50.000,0.61,305.72,0.36,-0.5
2025-08-04T04:52:50.000,0.69,305.96,0.4,-0.56
2025-08-04T04:53:50.000,0.78,354.59,0.78,-0.07
2025-08-04T04:54:50.000,1.56,335.7,1.43,-0.64
2025-08-04T04:55:50.000,1.37,340.93,1.29,-0.45
2025-08-04T04:56:50.000,0.35,228.61,-0.23,-0.27
2025-08-04T04:57:50.000,0.33,69.56,0.11,0.31
2025-08-04T04:58:50.000,1.14,251.59,-0.36,-1.08
2025-08-04T04:59:50.000,1.64,327.55,1.38,-0.88
2025-08-04T05:00:50.000,1.74,335.31,1.58,-0.73
2025-08-04T05:01:50.000,0.64,282.41,0.14,-0.62
2025-08-04T05:02:50.000,1.97,137.57,-1.45,1.33
2025-08-04T05:03:50.000,1.54,21.43,1.44,0.56
2025-08-04T05:04:50.000,1.78,22.12,1.65,0.67
2025-08-04T05:05:50.000,1.38,293.24,0.55,-1.27
2025-08-04T05:06:50.000,2.13,53.94,1.25,1.72
2025-08-04T05:07:50.000,1.22,311.33,0.81,-0.92
2025-08-04T05:08:50.000,2.49,353.59,2.48,-0.28
2025-08-04T05:09:50.000,1.54,48.14,1.03,1.15
2025-08-04T05:10:50.000,0.33,321.45,0.26,-0.21
2025-08-04T05:11:50.000,1.16,221.66,-0.87,-0.77
2025-08-04T05:12:50.000,2.58,352.14,2.56,-0.35
2025-08-04T05:13:50.000,1.41,353.32,1.4,-0.16
2025-08-04T05:14:50.000,1.26,342.43,1.2,-0.38
2025-08-04T05:15:50.000,0.54,136.74,-0.39,0.37
2025-08-04T05:16:50.000,1.59,287.6,0.48,-1.52
2025-08-04T05:17:50.000,0.33,38.54,0.26,0.21
2025-08-04T05:18:50.000,1.5,286.59,0.43,-1.44
2025-08-04T05:19:50.000,1.74,275.41,0.16,-1.73
2025-08-04T05:20:50.000,0.99,338.63,0.92,-0.36
2025-08-04T05:21:50.000,1.76,330.66,1.53,-0.86
2025-08-04T05:22:50.000,2.18,264.8,-0.2,-2.17
2025-08-04T05:23:50.000,0.82,266.69,-0.05,-0.82
2025-08-04T05:24:50.000,1.5,338.3,1.39,-0.55
2025-08-04T05:25:50.000,1.51,327.5,1.27,-0.81
2025-08-04T05:26:50.000,0.69,116.55,-0.31,0.62
2025-08-04T05:27:50.000,1.32,281.23,0.26,-1.29
2025-08-04T05:28:50.000,2.42,356.58,2.42,-0.14
2025-08-04T05:29:50.000,1.47,331.3,1.29,-0.7
2025-08-04T05:30:50.000,2.29,328.24,1.94,-1.2
2025-08-04T05:31:50.000,0.95,282.6,0.21,-0.93
2025-08-04T05:32:50.000,1.84,274.47,0.14,-1.83
2025-08-04T05:33:50.000,0.7,319.8,0.53,-0.45
2025-08-04T05:34:50.000,1.5,324.57,1.22,-0.87
2025-08-04T05:35:50.000,1.25,331.79,1.1,-0.59
2025-08-04T05:36:50.000,1.2,335.21,1.09,-0.5
2025-08-04T05:37:50.000,1.39,275.08,0.12,-1.39
2025-08-04T05:38:50.000,2.3,343.64,2.21,-0.65
2025-08-04T05:39:50.000,0.41,6.17,0.41,0.04
2025-08-04T05:40:50.000,1.53,308.96,0.96,-1.19
2025-08-04T05:41:50.000,1.66,283.25,0.38,-1.61
2025-08-04T05:42:50.000,0.48,344.08,0.47,-0.13
2025-08-04T05:43:50.000,2.6,294.74,1.09,-2.36
2025-08-04T05:44:50.000,1.53,320.75,1.18,-0.97
2025-08-04T05:45:50.000,1.07,330.05,0.93,-0.53
2025-08-04T05:46:50.000,1.76,334.77,1.6,-0.75
2025-08-04T05:47:50.000,2.82,323.96,2.28,-1.66
2025-08-04T05:48:50.000,1.96,332.73,1.74,-0.9
2025-08-04T05:49:50.000,2.29,325.38,1.88,-1.3
2025-08-04T05:50:50.000,1.3,324.62,1.06,-0.75
2025-08-04T05:51:50.000,2.99,319.8,2.28,-1.93
2025-08-04T05:52:50.000,2.48,319.9,1.89,-1.59
2025-08-04T05:53:50.000,3.8,318.35,2.84,-2.52
2025-08-04T05:54:50.000,1.28,326.27,1.06,-0.71
2025-08-04T05:55:50.000,2.24,304.02,1.26,-1.86
2025-08-04T05:56:50.000,3.11,317.92,2.31,-2.09
2025-08-04T05:57:50.000,3.44,317.74,2.54,-2.31
2025-08-04T05:58:50.000,3.87,301.35,2.01,-3.31
2025-08-04T05:59:50.000,2.48,331.94,2.19,-1.17
2025-08-04T06:00:50.000,2.2,319.21,1.67,-1.44
2025-08-04T06:01:50.000,4.41,333.22,3.94,-1.99
2025-08-04T06:02:50.000,3.22,326.29,2.68,-1.79
2025-08-04T06:03:50.000,3.64,295.9,1.59,-3.28
2025-08-04T06:04:50.000,2.55,316.09,1.84,-1.77
2025-08-04T06:05:50.000,1.37,332.04,1.21,-0.64
2025-08-04T06:06:50.000,2.68,346.74,2.61,-0.61
2025-08-04T06:07:50.000,1.61,297.32,0.74,-1.43
2025-08-04T06:08:50.000,1.25,303.5,0.69,-1.04
2025-08-04T06:09:50.000,2.56,293.43,1.02,-2.35
2025-08-04T06:10:50.000,2.77,321.98,2.18,-1.71
2025-08-04T06:11:50.000,3.49,325.47,2.87,-1.98
2025-08-04T06:12:50.000,3.27,321.43,2.56,-2.04
2025-08-04T06:13:50.000,4.63,329.76,4,-2.33
2025-08-04T06:14:50.000,2.1,321.9,1.65,-1.3
2025-08-04T06:15:50.000,2.61,324.11,2.11,-1.53
2025-08-04T06:16:50.000,4.82,339.88,4.53,-1.66
2025-08-04T06:17:50.000,2.78,335.16,2.52,-1.17
2025-08-04T06:18:50.000,3.9,327.98,3.31,-2.07
2025-08-04T06:19:50.000,3.16,349.01,3.1,-0.6
2025-08-04T06:20:50.000,3.61,332.07,3.19,-1.69
2025-08-04T06:21:50.000,3.67,338.22,3.41,-1.36
2025-08-04T06:22:50.000,2.88,323.99,2.33,-1.69
2025-08-04T06:23:50.000,4.31,347.96,4.21,-0.9
2025-08-04T06:24:50.000,3.98,331.05,3.48,-1.93
2025-08-04T06:25:50.000,2.3,329.93,1.99,-1.15
2025-08-04T06:26:50.000,3.87,298.08,1.82,-3.41
2025-08-04T06:27:50.000,1.97,329.59,1.7,-1
2025-08-04T06:28:50.000,3.78,332.03,3.34,-1.77
2025-08-04T06:29:50.000,3.15,343.79,3.02,-0.88
2025-08-04T06:30:50.000,2.59,328.63,2.22,-1.35
2025-08-04T06:31:50.000,4.33,334.96,3.93,-1.83
2025-08-04T06:32:50.000,3.43,336.66,3.15,-1.36
2025-08-04T06:33:50.000,2.42,320.54,1.87,-1.54
2025-08-04T06:34:50.000,3.8,323.93,3.07,-2.24
2025-08-04T06:35:50.000,2.5,329.86,2.16,-1.25
2025-08-04T06:36:50.000,3.14,320.7,2.43,-1.99
2025-08-04T06:37:50.000,2.5,312.39,1.69,-1.85
2025-08-04T06:38:50.000,2.03,298.51,0.97,-1.78
2025-08-04T06:39:50.000,4.09,313.04,2.79,-2.99
2025-08-04T06:40:50.000,3.1,316.67,2.25,-2.13
2025-08-04T06:41:50.000,3.74,320.42,2.88,-2.38
2025-08-04T06:42:50.000,3.28,337.76,3.04,-1.24
2025-08-04T06:43:50.000,4.4,332.72,3.91,-2.02
2025-08-04T06:44:50.000,4.45,323.35,3.57,-2.66
2025-08-04T06:45:50.000,4.89,333.22,4.36,-2.2
2025-08-04T06:46:50.000,4.44,334.82,4.02,-1.89
2025-08-04T06:47:50.000,3.14,337.89,2.91,-1.18
2025-08-04T06:48:50.000,7.93,297.51,3.66,-7.03
2025-08-04T06:49:50.000,2.59,316.76,1.89,-1.77
2025-08-04T06:50:50.000,3.3,331.39,2.9,-1.58
2025-08-04T06:51:50.000,4.1,340.54,3.87,-1.37
2025-08-04T06:52:50.000,3.27,339.64,3.06,-1.14
2025-08-04T06:53:50.000,4.34,314.06,3.02,-3.12
2025-08-04T06:54:50.000,2.91,323.26,2.33,-1.74
2025-08-04T06:55:50.000,2.75,341.82,2.61,-0.86
2025-08-04T06:56:50.000,3.23,322.46,2.56,-1.97
2025-08-04T06:57:50.000,3.48,319.95,2.66,-2.24
2025-08-04T06:58:50.000,4.07,329.58,3.51,-2.06
2025-08-04T06:59:50.000,2.19,281.32,0.43,-2.15
2025-08-04T07:00:50.000,4.09,304.38,2.31,-3.38
2025-08-04T07:01:50.000,2.34,318.79,1.76,-1.54
2025-08-04T07:02:50.000,2.93,327.54,2.47,-1.57
2025-08-04T07:03:50.000,2.03,288.33,0.64,-1.93
2025-08-04T07:04:50.000,3.83,279.81,0.65,-3.77
2025-08-04T07:05:50.000,5.19,306.42,3.08,-4.17
2025-08-04T07:06:50.000,2.7,300.85,1.38,-2.32
2025-08-04T07:07:50.000,2.36,309.03,1.48,-1.83
2025-08-04T07:08:50.000,1.77,305.39,1.02,-1.44
2025-08-04T07:09:50.000,2.87,300.79,1.47,-2.47
2025-08-04T07:10:50.000,4.21,308.79,2.64,-3.28
2025-08-04T07:11:50.000,1.74,266.17,-0.12,-1.73
2025-08-04T07:12:50.000,2.35,291.04,0.84,-2.19
2025-08-04T07:13:50.000,2.95,311.57,1.96,-2.21
2025-08-04T07:14:50.000,4.68,294.32,1.93,-4.26
2025-08-04T07:15:50.000,2.84,285.06,0.74,-2.74
2025-08-04T07:16:50.000,2.95,260.17,-0.5,-2.9
2025-08-04T07:17:50.000,4.76,304.18,2.68,-3.94
2025-08-04T07:18:50.000,2.81,284.3,0.69,-2.72
2025-08-04T07:19:50.000,8.41,276.07,0.89,-8.37
2025-08-04T07:20:50.000,7.48,285.59,2.01,-7.2
2025-08-04T07:21:50.000,5.58,297.56,2.58,-4.95
2025-08-04T07:22:50.000,5.67,298.93,2.74,-4.96
2025-08-04T07:23:50.000,3.94,299.77,1.96,-3.42
2025-08-04T07:24:50.000,5.69,298.25,2.69,-5.01
2025-08-04T07:25:50.000,4.49,298.84,2.16,-3.93
2025-08-04T07:26:50.000,5.62,309.72,3.59,-4.32
2025-08-04T07:27:50.000,4.04,314.85,2.85,-2.86
2025-08-04T07:28:50.000,5.66,290.52,1.99,-5.3
2025-08-04T07:29:50.000,3.12,288.15,0.97,-2.96
2025-08-04T07:30:50.000,3.54,295.46,1.52,-3.2
2025-08-04T07:31:50.000,6.57,296.8,2.96,-5.86
2025-08-04T07:32:50.000,5.33,293.09,2.09,-4.9
2025-08-04T07:33:50.000,2.84,310.42,1.84,-2.16
2025-08-04T07:34:50.000,1.73,309.79,1.11,-1.33
2025-08-04T07:35:50.000,5.42,281.86,1.11,-5.31
2025-08-04T07:36:50.000,2.45,289.6,0.82,-2.31
2025-08-04T07:37:50.000,4.55,303.06,2.48,-3.81
2025-08-04T07:38:50.000,4,293.58,1.6,-3.67
2025-08-04T07:39:50.000,2.52,298.69,1.21,-2.21
2025-08-04T07:40:50.000,4.03,289.47,1.34,-3.8
2025-08-04T07:41:50.000,2.71,263.61,-0.3,-2.69
2025-08-04T07:42:50.000,3.02,304.9,1.73,-2.48
2025-08-04T07:43:50.000,1.52,305.48,0.88,-1.24
2025-08-04T07:44:50.000,5.51,301.94,2.91,-4.68
2025-08-04T07:45:50.000,4.18,303.27,2.29,-3.5
2025-08-04T07:46:50.000,1.78,274.63,0.14,-1.77
2025-08-04T07:47:50.000,2.76,317.7,2.04,-1.86
2025-08-04T07:48:50.000,3.47,310.55,2.26,-2.64
2025-08-04T07:49:50.000,3.92,295.98,1.72,-3.52
2025-08-04T07:50:50.000,4.05,284.93,1.04,-3.91
2025-08-04T07:51:50.000,3.39,278.2,0.48,-3.36
2025-08-04T07:52:50.000,2.9,312.53,1.96,-2.13
2025-08-04T07:53:50.000,6.89,261.75,-0.99,-6.82
2025-08-04T07:54:50.000,6.71,290.16,2.31,-6.3
2025-08-04T07:55:50.000,2.99,322.27,2.37,-1.83
2025-08-04T07:56:50.000,5.72,322.54,4.54,-3.48
2025-08-04T07:57:50.000,5.94,314.75,4.18,-4.22
2025-08-04T07:58:50.000,5.4,317.92,4.01,-3.62
2025-08-04T07:59:50.000,4.69,293.84,1.9,-4.29
2025-08-04T08:00:50.000,4.22,300.86,2.17,-3.63
2025-08-04T08:01:50.000,2.6,307.13,1.57,-2.07
2025-08-04T08:02:50.000,4.6,271.27,0.1,-4.6
2025-08-04T08:03:50.000,3.31,326.81,2.77,-1.81
2025-08-04T08:04:50.000,4.84,284.73,1.23,-4.68
2025-08-04T08:05:50.000,4.29,270.55,0.04,-4.29
2025-08-04T08:06:50.000,5.97,298.58,2.86,-5.24
2025-08-04T08:07:50.000,4.77,266.74,-0.27,-4.76
2025-08-04T08:08:50.000,5.7,261.06,-0.89,-5.63
2025-08-04T08:09:50.000,3.71,291.85,1.38,-3.44
2025-08-04T08:10:50.000,6.01,278.66,0.9,-5.94
2025-08-04T08:11:50.000,2.75,273.8,0.18,-2.74
2025-08-04T08:12:50.000,6.01,277.15,0.75,-5.97
2025-08-04T08:13:50.000,7.57,285.67,2.04,-7.28
2025-08-04T08:14:50.000,4.55,266.74,-0.26,-4.54
2025-08-04T08:15:50.000,4,297.22,1.83,-3.56
2025-08-04T08:16:50.000,5.23,258.93,-1,-5.13
2025-08-04T08:17:50.000,4.51,271.99,0.16,-4.5
2025-08-04T08:18:50.000,5.72,289.55,1.91,-5.39
2025-08-04T08:19:50.000,2.54,281.13,0.49,-2.5
2025-08-04T08:20:50.000,7.38,295.85,3.22,-6.65
2025-08-04T08:21:50.000,4.41,304.81,2.52,-3.62
2025-08-04T08:22:50.000,6.89,306.58,4.11,-5.54
2025-08-04T08:23:50.000,6.01,315.23,4.26,-4.23
2025-08-04T08:24:50.000,5.03,324.17,4.08,-2.94
2025-08-04T08:25:50.000,4.72,325.84,3.91,-2.65
2025-08-04T08:26:50.000,3.99,321.22,3.11,-2.5
2025-08-04T08:27:50.000,5.23,322.87,4.17,-3.16
2025-08-04T08:28:50.000,4.52,314.15,3.15,-3.25
2025-08-04T08:29:50.000,5.81,330.95,5.08,-2.82
2025-08-04T08:30:50.000,6.53,296.06,2.87,-5.86
2025-08-04T08:31:50.000,4.37,327.66,3.69,-2.34
2025-08-04T08:32:50.000,5.08,325.43,4.18,-2.88
2025-08-04T08:33:50.000,8.12,316.82,5.92,-5.56
2025-08-04T08:34:50.000,6,332.96,5.34,-2.73
2025-08-04T08:35:50.000,5.86,324.1,4.75,-3.44
2025-08-04T08:36:50.000,6.45,314.82,4.55,-4.58
2025-08-04T08:37:50.000,6.43,325.94,5.33,-3.6
2025-08-04T08:38:50.000,7.85,330.17,6.81,-3.91
2025-08-04T08:39:50.000,5.59,317.86,4.14,-3.75
2025-08-04T08:40:50.000,5.42,315.38,3.86,-3.81
2025-08-04T08:41:50.000,8.13,310.11,5.24,-6.22
2025-08-04T08:42:50.000,7.62,318.98,5.75,-5
2025-08-04T08:43:50.000,9,307.42,5.47,-7.15
2025-08-04T08:44:50.000,10.74,314.52,7.53,-7.66
2025-08-04T08:45:50.000,10.62,332.84,9.45,-4.85
2025-08-04T08:46:50.000,5.42,315.15,3.84,-3.82
2025-08-04T08:47:50.000,7.99,335.47,7.26,-3.32
2025-08-04T08:48:50.000,6.64,312.27,4.46,-4.91
2025-08-04T08:49:50.000,5.99,313.12,4.1,-4.37
2025-08-04T08:50:50.000,4.84,319.5,3.68,-3.14
2025-08-04T08:51:50.000,8.09,305.75,4.72,-6.56
2025-08-04T08:52:50.000,9.41,325.43,7.75,-5.34
2025-08-04T08:53:50.000,9.84,323.04,7.86,-5.92
2025-08-04T08:54:50.000,10.02,287.3,2.98,-9.57
2025-08-04T08:55:50.000,14.31,289.71,4.83,-13.47
2025-08-04T08:56:50.000,11.77,329.45,10.13,-5.98
2025-08-04T08:57:50.000,9.86,322.07,7.78,-6.06
2025-08-04T08:58:50.000,6.23,338.48,5.79,-2.28
2025-08-04T08:59:50.000,6.12,318.11,4.55,-4.08
2025-08-04T09:00:50.000,5.01,328.98,4.29,-2.58
2025-08-04T09:01:50.000,9.41,294.51,3.9,-8.56
2025-08-04T09:02:50.000,2.82,302.98,1.53,-2.37
2025-08-04T09:03:50.000,6.27,290.94,2.24,-5.86
2025-08-04T09:04:50.000,6.2,308.87,3.89,-4.83
2025-08-04T09:05:50.000,5.13,315.16,3.64,-3.62
2025-08-04T09:06:50.000,10.23,295.14,4.35,-9.27
2025-08-04T09:07:50.000,13.19,298.18,6.23,-11.62
2025-08-04T09:08:50.000,11.15,292.88,4.34,-10.28
2025-08-04T09:09:50.000,3.49,332.42,3.09,-1.62
2025-08-04T09:10:50.000,6.21,308.08,3.83,-4.89
2025-08-04T09:11:50.000,3.24,311.89,2.16,-2.41
2025-08-04T09:12:50.000,5.36,314.54,3.76,-3.82
2025-08-04T09:13:50.000,5.46,317.88,4.05,-3.66
2025-08-04T09:14:50.000,8.97,302.96,4.88,-7.53
2025-08-04T09:15:50.000,2.34,317.96,1.74,-1.56
2025-08-04T09:16:50.000,7.15,301.12,3.7,-6.12
2025-08-04T09:17:50.000,4.11,308.08,2.54,-3.24
2025-08-04T09:18:50.000,7.16,305.11,4.12,-5.86
2025-08-04T09:19:50.000,9.86,316.33,7.13,-6.81
2025-08-04T09:20:50.000,7.09,304.41,4.01,-5.85
2025-08-04T09:21:50.000,10.58,318.21,7.89,-7.05
2025-08-04T09:22:50.000,8.71,334.55,7.87,-3.75
2025-08-04T09:23:50.000,10.14,320.92,7.87,-6.4
2025-08-04T09:24:50.000,10.35,331.54,9.1,-4.93
2025-08-04T09:25:50.000,11.61,325.17,9.53,-6.63
2025-08-04T09:26:50.000,9.16,311.45,6.07,-6.87
2025-08-04T09:27:50.000,7.84,308.37,4.87,-6.15
2025-08-04T09:28:50.000,8.26,317.96,6.14,-5.53
2025-08-04T09:29:50.000,3.46,316.62,2.52,-2.38
2025-08-04T09:30:50.000,7.19,330.13,6.24,-3.58
2025-08-04T09:31:50.000,5.58,326.65,4.66,-3.07
2025-08-04T09:32:50.000,6.31,267.9,-0.23,-6.3
2025-08-04T09:33:50.000,2.09,287.91,0.64,-1.99
2025-08-04T09:34:50.000,8.91,309.84,5.71,-6.84
2025-08-04T09:35:50.000,4.97,285.89,1.36,-4.78
2025-08-04T09:36:50.000,4.34,308.26,2.69,-3.41
2025-08-04T09:37:50.000,4.19,284.87,1.08,-4.05
2025-08-04T09:38:50.000,5.41,325.69,4.47,-3.05
2025-08-04T09:39:50.000,8.99,313.83,6.23,-6.49
2025-08-04T09:40:50.000,6.42,290.26,2.22,-6.02
2025-08-04T09:41:50.000,6.84,301.34,3.56,-5.84
2025-08-04T09:42:50.000,5.63,263.71,-0.62,-5.6
2025-08-04T09:43:50.000,11.01,291.01,3.95,-10.28
2025-08-04T09:44:50.000,7.31,302.76,3.96,-6.15
2025-08-04T09:45:50.000,6.56,287.85,2.01,-6.25
2025-08-04T09:46:50.000,2.36,259.63,-0.43,-2.32
2025-08-04T09:47:50.000,8.76,301.06,4.52,-7.51
2025-08-04T09:48:50.000,2.23,293.16,0.88,-2.05
2025-08-04T09:49:50.000,7.23,274.06,0.51,-7.21
2025-08-04T09:50:50.000,8.62,297.35,3.96,-7.66
2025-08-04T09:51:50.000,4.02,295.4,1.72,-3.63
2025-08-04T09:52:50.000,3.28,306.24,1.94,-2.65
2025-08-04T09:53:50.000,2.72,235.54,-1.54,-2.24
2025-08-04T09:54:50.000,3.63,244.23,-1.58,-3.27
2025-08-04T09:55:50.000,1.97,235.29,-1.12,-1.62
2025-08-04T09:56:50.000,5.13,277.13,0.64,-5.09
2025-08-04T09:57:50.000,4.39,295.07,1.86,-3.98
2025-08-04T09:58:50.000,3.63,278.77,0.55,-3.59
2025-08-04T09:59:50.000,3.46,242.59,-1.59,-3.07
2025-08-04T10:00:50.000,2.97,257.44,-0.64,-2.89
2025-08-04T10:01:50.000,2.79,254.06,-0.77,-2.69
2025-08-04T10:02:50.000,3.29,273.5,0.2,-3.28
2025-08-04T10:03:50.000,1.72,312.93,1.17,-1.26
2025-08-04T10:04:50.000,6.64,273.9,0.45,-6.62
2025-08-04T10:05:50.000,3.86,267.98,-0.14,-3.85
2025-08-04T10:06:50.000,3.2,287.55,0.96,-3.05
2025-08-04T10:07:50.000,1.29,303.79,0.72,-1.07
2025-08-04T10:08:50.000,1.6,295.71,0.69,-1.44
2025-08-04T10:09:50.000,1.71,296.25,0.76,-1.54
2025-08-04T10:10:50.000,1.39,257.44,-0.3,-1.35
2025-08-04T10:11:50.000,2.15,268.01,-0.07,-2.15
2025-08-04T10:12:50.000,1.33,253.32,-0.38,-1.27
2025-08-04T10:13:50.000,1.94,248.83,-0.7,-1.81
2025-08-04T10:14:50.000,1.23,228.89,-0.81,-0.92
2025-08-04T10:15:50.000,2.61,184.15,-2.6,-0.19
2025-08-04T10:16:50.000,1.02,319.61,0.78,-0.66
2025-08-04T10:17:50.000,1.67,338.05,1.55,-0.62
2025-08-04T10:18:50.000,0.92,201.64,-0.86,-0.34
2025-08-04T10:19:50.000,2,223.19,-1.46,-1.37
2025-08-04T10:20:50.000,1.74,272.6,0.08,-1.73
2025-08-04T10:21:50.000,2.54,265.98,-0.18,-2.53
2025-08-04T10:22:50.000,1.78,310.85,1.17,-1.35
2025-08-04T10:23:50.000,1.37,285.53,0.37,-1.32
2025-08-04T10:24:50.000,1.32,306.38,0.78,-1.06
2025-08-04T10:25:50.000,2.03,324.73,1.66,-1.17
2025-08-04T10:26:50.000,2.67,311.91,1.78,-1.99
2025-08-04T10:27:50.000,0.89,281.2,0.17,-0.87
2025-08-04T10:28:50.000,0.56,293.1,0.22,-0.52
2025-08-04T10:29:50.000,1.96,336.2,1.79,-0.79
2025-08-04T10:30:50.000,2.01,303.32,1.1,-1.68
2025-08-04T10:31:50.000,4.97,250.56,-1.66,-4.69
2025-08-04T10:32:50.000,2.04,221.43,-1.53,-1.35
2025-08-04T10:33:50.000,0.93,315.12,0.66,-0.65
2025-08-04T10:34:50.000,0.87,317.26,0.64,-0.59
2025-08-04T10:35:50.000,0.99,224.81,-0.7,-0.7
2025-08-04T10:36:50.000,1,293.97,0.41,-0.92
2025-08-04T10:37:50.000,1.34,274.81,0.11,-1.34
2025-08-04T10:38:50.000,0.86,251.56,-0.27,-0.81
2025-08-04T10:39:50.000,0.79,233.01,-0.48,-0.63
2025-08-04T10:40:50.000,0.72,270.95,0.01,-0.72
2025-08-04T10:41:50.000,2.32,274.18,0.17,-2.32
2025-08-04T10:42:50.000,1.45,305.19,0.84,-1.19
2025-08-04T10:43:50.000,0.45,305.69,0.26,-0.37
2025-08-04T10:44:50.000,1.16,243.76,-0.51,-1.04
2025-08-04T10:45:50.000,1.19,326.1,0.99,-0.66
2025-08-04T10:46:50.000,1.54,244.13,-0.67,-1.38
2025-08-04T10:47:50.000,1.46,321.31,1.14,-0.91
2025-08-04T10:48:50.000,0.37,281.03,0.07,-0.36
2025-08-04T10:49:50.000,1.7,340.91,1.6,-0.56
2025-08-04T10:50:50.000,2.32,271.11,0.04,-2.32
2025-08-04T10:51:50.000,1.28,334.65,1.15,-0.55
2025-08-04T10:52:50.000,2.22,267.78,-0.09,-2.21
2025-08-04T10:53:50.000,1.5,299.23,0.73,-1.31
2025-08-04T10:54:50.000,2.03,230.61,-1.29,-1.57
2025-08-04T10:55:50.000,2.06,318.87,1.55,-1.35
2025-08-04T10:56:50.000,2.83,282.69,0.62,-2.76
2025-08-04T10:57:50.000,0.98,300.03,0.49,-0.85
2025-08-04T10:58:50.000,2.47,294.83,1.04,-2.24
2025-08-04T10:59:50.000,1.89,318.44,1.42,-1.26
2025-08-04T11:00:50.000,1.66,295.67,0.72,-1.49
2025-08-04T11:01:50.000,3.38,274.83,0.28,-3.37
2025-08-04T11:02:50.000,1.93,326.55,1.61,-1.06
2025-08-04T11:03:50.000,2.47,302,1.31,-2.1
2025-08-04T11:04:50.000,1.56,296.73,0.7,-1.39
2025-08-04T11:05:50.000,3.06,304.64,1.74,-2.52
2025-08-04T11:06:50.000,4.45,295.18,1.89,-4.03
2025-08-04T11:07:50.000,0.82,301.81,0.43,-0.69
2025-08-04T11:08:50.000,1.17,341.57,1.11,-0.37
2025-08-04T11:09:50.000,2.18,307.6,1.33,-1.73
2025-08-04T11:10:50.000,1.59,308.38,0.99,-1.25
2025-08-04T11:11:50.000,3.3,320.48,2.55,-2.1
2025-08-04T11:12:50.000,1.92,313.6,1.32,-1.39
2025-08-04T11:13:50.000,2.36,315.26,1.68,-1.66
2025-08-04T11:14:50.000,2.69,334.79,2.44,-1.15
2025-08-04T11:15:50.000,2.87,349.1,2.82,-0.54
2025-08-04T11:16:50.000,2.04,319.34,1.54,-1.33
2025-08-04T11:17:50.000,3.47,313.8,2.4,-2.51
2025-08-04T11:18:50.000,3.56,326.83,2.98,-1.95
2025-08-04T11:19:50.000,3.99,337.77,3.7,-1.51
2025-08-04T11:20:50.000,5.48,312.57,3.7,-4.03
2025-08-04T11:21:50.000,3.65,334.29,3.28,-1.58
2025-08-04T11:22:50.000,4.49,335.77,4.09,-1.84
2025-08-04T11:23:50.000,3.95,299.98,1.97,-3.42
2025-08-04T11:24:50.000,3.33,294.21,1.36,-3.03
2025-08-04T11:25:50.000,3.58,306.83,2.15,-2.87
2025-08-04T11:26:50.000,3.14,296.83,1.42,-2.8
2025-08-04T11:27:50.000,5.24,314.36,3.66,-3.75
2025-08-04T11:28:50.000,2.37,318.74,1.78,-1.56
2025-08-04T11:29:50.000,3.09,322.64,2.46,-1.88
2025-08-04T11:30:50.000,6.37,318.03,4.73,-4.26
2025-08-04T11:31:50.000,3.56,301.34,1.85,-3.04
2025-08-04T11:32:50.000,3.77,331.74,3.32,-1.78
2025-08-04T11:33:50.000,2.16,292.04,0.81,-2
2025-08-04T11:34:50.000,3.17,305.19,1.82,-2.59
2025-08-04T11:35:50.000,5.96,279.61,0.99,-5.87
2025-08-04T11:36:50.000,2.49,298.55,1.19,-2.19
2025-08-04T11:37:50.000,2.6,308.43,1.62,-2.04
2025-08-04T11:38:50.000,2.63,261.95,-0.37,-2.61
2025-08-04T11:39:50.000,5.5,297.15,2.51,-4.9
2025-08-04T11:40:50.000,2.7,308.89,1.7,-2.1
2025-08-04T11:41:50.000,3.57,319.29,2.71,-2.33
2025-08-04T11:42:50.000,4.21,313.83,2.91,-3.03
2025-08-04T11:43:50.000,1.82,306.74,1.09,-1.46
2025-08-04T11:44:50.000,4.02,323.04,3.21,-2.42
2025-08-04T11:45:50.000,1.46,288.6,0.46,-1.38
2025-08-04T11:46:50.000,1.98,283.53,0.46,-1.93
2025-08-04T11:47:50.000,2.07,326.07,1.71,-1.15
2025-08-04T11:48:50.000,2.86,288.68,0.92,-2.71
2025-08-04T11:49:50.000,0.49,270.71,0.01,-0.49
2025-08-04T11:50:50.000,3.87,288.39,1.22,-3.67
2025-08-04T11:51:50.000,2.77,276,0.29,-2.75
2025-08-04T11:52:50.000,3.75,314.99,2.65,-2.65
2025-08-04T11:53:50.000,2.29,322.49,1.82,-1.39
2025-08-04T11:54:50.000,2.06,299.01,1,-1.8
2025-08-04T11:55:50.000,4.63,296.52,2.07,-4.14
2025-08-04T11:56:50.000,5.57,286.16,1.55,-5.35
2025-08-04T11:57:50.000,4.14,314.13,2.88,-2.97
2025-08-04T11:58:50.000,4.19,300.93,2.15,-3.6
2025-08-04T11:59:50.000,3.47,314.17,2.42,-2.49
2025-08-04T12:00:50.000,3.57,299.02,1.73,-3.12
2025-08-04T12:01:50.000,2.44,314.56,1.71,-1.74
2025-08-04T12:02:50.000,2.75,264.31,-0.27,-2.73
2025-08-04T12:03:50.000,1.37,282.98,0.31,-1.34
2025-08-04T12:04:50.000,2.3,239.07,-1.18,-1.97
2025-08-04T12:05:50.000,3.79,278.61,0.57,-3.75
2025-08-04T12:06:50.000,5.77,296.12,2.54,-5.18
2025-08-04T12:07:50.000,3.83,286.76,1.1,-3.66
2025-08-04T12:08:50.000,2.63,269.03,-0.04,-2.63
2025-08-04T12:09:50.000,2.51,303.82,1.39,-2.08
2025-08-04T12:10:50.000,3.49,300.6,1.78,-3.01
2025-08-04T12:11:50.000,3.58,286.52,1.02,-3.43
2025-08-04T12:12:50.000,3.36,299.77,1.67,-2.92
2025-08-04T12:13:50.000,4.5,302.75,2.43,-3.78
2025-08-04T12:14:50.000,5.5,270.89,0.09,-5.5
2025-08-04T12:15:50.000,2.68,311.45,1.77,-2.01
2025-08-04T12:16:50.000,2.64,314.53,1.85,-1.88
2025-08-04T12:17:50.000,2.54,314.16,1.77,-1.82
2025-08-04T12:18:50.000,4.28,278.34,0.62,-4.23
2025-08-04T12:19:50.000,2.52,280.99,0.48,-2.48
2025-08-04T12:20:50.000,1.37,268.88,-0.03,-1.37
2025-08-04T12:21:50.000,2.76,249.74,-0.96,-2.59
2025-08-04T12:22:50.000,3.09,252.13,-0.95,-2.94
2025-08-04T12:23:50.000,2.69,275.62,0.26,-2.68
2025-08-04T12:24:50.000,1.06,248.43,-0.39,-0.99
2025-08-04T12:25:50.000,2.45,282.1,0.51,-2.4
2025-08-04T12:26:50.000,6.54,286.07,1.81,-6.28
2025-08-04T12:27:50.000,3.68,289.86,1.25,-3.46
2025-08-04T12:28:50.000,0.86,259.5,-0.16,-0.85
2025-08-04T12:29:50.000,1.22,280.35,0.22,-1.2
2025-08-04T12:30:50.000,2.49,268.62,-0.06,-2.48
2025-08-04T12:31:50.000,1.7,276.87,0.2,-1.68
2025-08-04T12:32:50.000,2.06,295.47,0.88,-1.86
2025-08-04T12:33:50.000,1.56,275.35,0.15,-1.55
2025-08-04T12:34:50.000,2.44,300.68,1.24,-2.1
2025-08-04T12:35:50.000,2.99,262.26,-0.4,-2.96
2025-08-04T12:36:50.000,3.17,265.54,-0.25,-3.16
2025-08-04T12:37:50.000,1.75,298.91,0.84,-1.53
2025-08-04T12:38:50.000,1.84,255.95,-0.45,-1.78
2025-08-04T12:39:50.000,2.08,244.54,-0.89,-1.87
2025-08-04T12:40:50.000,2.68,251.69,-0.84,-2.54
2025-08-04T12:41:50.000,1,234.95,-0.57,-0.82
2025-08-04T12:42:50.000,2.41,250.82,-0.79,-2.27
2025-08-04T12:43:50.000,2.96,267.58,-0.13,-2.96
2025-08-04T12:44:50.000,1.8,281.44,0.36,-1.76
2025-08-04T12:45:50.000,1.57,280.11,0.28,-1.55
2025-08-04T12:46:50.000,2.15,299.93,1.07,-1.86
2025-08-04T12:47:50.000,3.27,294.65,1.36,-2.97
2025-08-04T12:48:50.000,4.17,289.03,1.36,-3.94
2025-08-04T12:49:50.000,0.83,320.11,0.64,-0.53
2025-08-04T12:50:50.000,0.67,309.24,0.42,-0.52
2025-08-04T12:51:50.000,2.54,221.55,-1.9,-1.68
2025-08-04T12:52:50.000,1.19,297.35,0.55,-1.06
2025-08-04T12:53:50.000,2.72,227.77,-1.83,-2.02
2025-08-04T12:54:50.000,1.17,252.75,-0.35,-1.12
2025-08-04T12:55:50.000,4.37,271.01,0.08,-4.37
2025-08-04T12:56:50.000,1.11,289.61,0.37,-1.05
2025-08-04T12:57:50.000,2.54,283.79,0.6,-2.46
2025-08-04T12:58:50.000,1.45,325.13,1.19,-0.83
2025-08-04T12:59:50.000,2.1,296.44,0.94,-1.88
2025-08-04T13:00:50.000,1.58,308.13,0.98,-1.24
2025-08-04T13:01:50.000,2.02,277.55,0.27,-2
2025-08-04T13:02:50.000,0.67,268.99,-0.01,-0.67
2025-08-04T13:03:50.000,3,279.27,0.48,-2.96
2025-08-04T13:04:50.000,1.14,301.77,0.6,-0.97
2025-08-04T13:05:50.000,1.22,273.66,0.08,-1.22
2025-08-04T13:06:50.000,0.52,287.43,0.16,-0.49
2025-08-04T13:07:50.000,2.68,253.83,-0.75,-2.57
2025-08-04T13:08:50.000,0.52,324.95,0.43,-0.3
2025-08-04T13:09:50.000,2.05,311.18,1.35,-1.54
2025-08-04T13:10:50.000,1.99,271.55,0.05,-1.99
2025-08-04T13:11:50.000,1.9,269.29,-0.02,-1.9
2025-08-04T13:12:50.000,1.86,304.94,1.06,-1.52
2025-08-04T13:13:50.000,1.78,299.95,0.89,-1.54
2025-08-04T13:14:50.000,0.99,267.19,-0.05,-0.99
2025-08-04T13:15:50.000,4.79,294.32,1.97,-4.37
2025-08-04T13:16:50.000,2.54,303.18,1.39,-2.13
2025-08-04T13:17:50.000,1.84,280.41,0.33,-1.81
2025-08-04T13:18:50.000,2.58,303.56,1.43,-2.15
2025-08-04T13:19:50.000,3.35,287,0.98,-3.2
2025-08-04T13:20:50.000,2.22,262.57,-0.29,-2.2
2025-08-04T13:21:50.000,2.13,282.42,0.46,-2.08
2025-08-04T13:22:50.000,2.58,315.62,1.85,-1.81
2025-08-04T13:23:50.000,0.73,315.09,0.52,-0.52
2025-08-04T13:24:50.000,0.14,287.05,0.04,-0.13
2025-08-04T13:25:50.000,0.74,309.17,0.47,-0.57
2025-08-04T13:26:50.000,0.66,291.19,0.24,-0.62
2025-08-04T13:27:50.000,2.67,267.9,-0.1,-2.67
2025-08-04T13:28:50.000,2.52,287.96,0.78,-2.4
2025-08-04T13:29:50.000,2.52,294.56,1.05,-2.29
2025-08-04T13:30:50.000,3.52,303.11,1.92,-2.95
2025-08-04T13:31:50.000,0.6,230.36,-0.38,-0.46
2025-08-04T13:32:50.000,3.01,304.51,1.71,-2.48
2025-08-04T13:33:50.000,0.64,271.43,0.02,-0.64
2025-08-04T13:34:50.000,3.17,306.69,1.89,-2.54
2025-08-04T13:35:50.000,2.27,325.4,1.87,-1.29
2025-08-04T13:36:50.000,2.59,308.39,1.61,-2.03
2025-08-04T13:37:50.000,2.5,321.1,1.95,-1.57
2025-08-04T13:38:50.000,3.24,312.94,2.2,-2.37
2025-08-04T13:39:50.000,3.81,278.25,0.55,-3.77
2025-08-04T13:40:50.000,1.22,279.6,0.2,-1.2
2025-08-04T13:41:50.000,1.82,294.01,0.74,-1.66
2025-08-04T13:42:50.000,4.01,310.17,2.59,-3.06
2025-08-04T13:43:50.000,2.89,329.7,2.5,-1.46
2025-08-04T13:44:50.000,3.54,318.28,2.64,-2.36
2025-08-04T13:45:50.000,2.4,312.03,1.6,-1.78
2025-08-04T13:46:50.000,2.61,343.79,2.51,-0.73
2025-08-04T13:47:50.000,1.65,297.26,0.76,-1.47
2025-08-04T13:48:50.000,1.78,331.65,1.57,-0.84
2025-08-04T13:49:50.000,3,280.85,0.56,-2.95
2025-08-04T13:50:50.000,1.57,292.06,0.59,-1.45
2025-08-04T13:51:50.000,1.13,286.68,0.33,-1.09
2025-08-04T13:52:50.000,2.52,302.31,1.35,-2.13
2025-08-04T13:53:50.000,2.33,311.35,1.54,-1.75
2025-08-04T13:54:50.000,2.83,316.16,2.04,-1.96
2025-08-04T13:55:50.000,2.25,323.25,1.8,-1.35
2025-08-04T13:56:50.000,1.16,343.11,1.11,-0.34
2025-08-04T13:57:50.000,1.97,336.74,1.81,-0.78
2025-08-04T13:58:50.000,1.24,340.01,1.17,-0.42
2025-08-04T13:59:50.000,0.94,303.85,0.53,-0.78
2025-08-04T14:00:50.000,3.71,265.45,-0.29,-3.7
2025-08-04T14:01:50.000,0.96,252.28,-0.29,-0.91
2025-08-04T14:02:50.000,0.3,333.22,0.27,-0.13
2025-08-04T14:03:50.000,1.16,282,0.24,-1.14
2025-08-04T14:04:50.000,2.82,222.47,-2.08,-1.9
2025-08-04T14:05:50.000,1.43,322.13,1.13,-0.88
2025-08-04T14:06:50.000,0.98,5.1,0.97,0.09
2025-08-04T14:07:50.000,3.05,260.64,-0.5,-3.01
2025-08-04T14:08:50.000,0.38,164.7,-0.36,0.1
2025-08-04T14:09:50.000,1.37,303.37,0.75,-1.15
2025-08-04T14:10:50.000,1.47,350.6,1.45,-0.24
2025-08-04T14:11:50.000,1.34,341.94,1.27,-0.42
2025-08-04T14:12:50.000,0.97,317.47,0.71,-0.65
2025-08-04T14:13:50.000,1.61,297.57,0.74,-1.42
2025-08-04T14:14:50.000,2.49,301.15,1.29,-2.13
2025-08-04T14:15:50.000,0.96,329.68,0.83,-0.48
2025-08-04T14:16:50.000,1.39,266.89,-0.08,-1.39
2025-08-04T14:17:50.000,0.79,149.67,-0.68,0.4
2025-08-04T14:18:50.000,1.13,225.01,-0.8,-0.8
2025-08-04T14:19:50.000,1.05,286.67,0.3,-1.01
2025-08-04T14:20:50.000,1.84,318.41,1.38,-1.22
2025-08-04T14:21:50.000,0.55,219.12,-0.43,-0.35
2025-08-04T14:22:50.000,0.19,298.64,0.09,-0.17
2025-08-04T14:23:50.000,0.12,342.26,0.11,-0.04
2025-08-04T14:24:50.000,0.51,285.4,0.14,-0.49
2025-08-04T14:25:50.000,0.51,322.44,0.41,-0.31
2025-08-04T14:26:50.000,0.47,334.43,0.43,-0.2
2025-08-04T14:27:50.000,1.39,340.11,1.31,-0.47
2025-08-04T14:28:50.000,1.78,246.49,-0.71,-1.63
2025-08-04T14:29:50.000,1.36,221.71,-1.01,-0.9
2025-08-04T14:30:50.000,1.45,242.59,-0.67,-1.28
2025-08-04T14:31:50.000,1.43,278.85,0.22,-1.42
2025-08-04T14:32:50.000,0.44,294.2,0.18,-0.4
2025-08-04T14:33:50.000,0.67,299.73,0.33,-0.58
2025-08-04T14:34:50.000,1.72,255.27,-0.44,-1.66
2025-08-04T14:35:50.000,2.84,272.08,0.1,-2.84
2025-08-04T14:36:50.000,2.58,265.96,-0.18,-2.57
2025-08-04T14:37:50.000,1.67,307,1.01,-1.34
2025-08-04T14:38:50.000,1.07,247.43,-0.41,-0.98
2025-08-04T14:39:50.000,1.66,280.71,0.31,-1.63
2025-08-04T14:40:50.000,2.04,322.76,1.63,-1.24
2025-08-04T14:41:50.000,1.64,316.52,1.19,-1.13
2025-08-04T14:42:50.000,3.93,262.6,-0.51,-3.9
2025-08-04T14:43:50.000,1.99,285.28,0.52,-1.92
2025-08-04T14:44:50.000,1.42,295.05,0.6,-1.29
2025-08-04T14:45:50.000,2.85,316.88,2.08,-1.95
2025-08-04T14:46:50.000,2.82,295.88,1.23,-2.54
2025-08-04T14:47:50.000,2.53,332.91,2.25,-1.15
2025-08-04T14:48:50.000,1.35,272.52,0.06,-1.35
2025-08-04T14:49:50.000,4.06,298.92,1.96,-3.55
2025-08-04T14:50:50.000,1.75,283.64,0.41,-1.7
2025-08-04T14:51:50.000,3.34,261.71,-0.48,-3.31
2025-08-04T14:52:50.000,1.34,303.26,0.74,-1.12
2025-08-04T14:53:50.000,1.58,287.09,0.47,-1.51
2025-08-04T14:54:50.000,2.32,323.9,1.88,-1.37
2025-08-04T14:55:50.000,3.2,283.09,0.73,-3.12
2025-08-04T14:56:50.000,2.39,267.8,-0.09,-2.39
2025-08-04T14:57:50.000,3.56,289.67,1.2,-3.35
2025-08-04T14:58:50.000,1.29,250.51,-0.43,-1.21
2025-08-04T14:59:50.000,0.84,335.13,0.77,-0.35
2025-08-04T15:00:50.000,3.26,324.62,2.66,-1.89
2025-08-04T15:01:50.000,2.02,300.12,1.01,-1.75
2025-08-04T15:02:50.000,1.04,346.24,1.01,-0.25
2025-08-04T15:03:50.000,2.08,284.47,0.52,-2.01
2025-08-04T15:04:50.000,1.48,285.73,0.4,-1.43
2025-08-04T15:05:50.000,1.26,316.89,0.92,-0.86
2025-08-04T15:06:50.000,1.35,253.59,-0.38,-1.3
2025-08-04T15:07:50.000,2.06,338.38,1.92,-0.76
2025-08-04T15:08:50.000,1.8,323.96,1.46,-1.06
2025-08-04T15:09:50.000,1.8,285.87,0.49,-1.73
2025-08-04T15:10:50.000,2.69,313.19,1.84,-1.96
2025-08-04T15:11:50.000,2.21,297.04,1.01,-1.97
2025-08-04T15:12:50.000,1.06,244.38,-0.46,-0.96
2025-08-04T15:13:50.000,3.04,284.72,0.77,-2.94
2025-08-04T15:14:50.000,0.74,267.35,-0.03,-0.74
2025-08-04T15:15:50.000,2.71,240.95,-1.31,-2.37
2025-08-04T15:16:50.000,1.96,243.24,-0.88,-1.75
2025-08-04T15:17:50.000,1.28,305.87,0.75,-1.04
2025-08-04T15:18:50.000,2.24,293.94,0.91,-2.05
2025-08-04T15:19:50.000,1.73,307.03,1.04,-1.38
2025-08-04T15:20:50.000,2.25,224.66,-1.6,-1.58
2025-08-04T15:21:50.000,3.32,261.63,-0.48,-3.29
2025-08-04T15:22:50.000,2.59,294.09,1.06,-2.36
2025-08-04T15:23:50.000,3.24,286.76,0.94,-3.1
2025-08-04T15:24:50.000,3.27,269.01,-0.06,-3.27
2025-08-04T15:25:50.000,3.6,271.72,0.11,-3.6
2025-08-04T15:26:50.000,2.43,280.8,0.45,-2.38
2025-08-04T15:27:50.000,3.92,287.72,1.19,-3.74
2025-08-04T15:28:50.000,3.46,221.72,-2.58,-2.3
2025-08-04T15:29:50.000,1.57,315.04,1.11,-1.11
2025-08-04T15:30:50.000,1.36,324.54,1.1,-0.79
2025-08-04T15:31:50.000,2.57,283.79,0.61,-2.5
2025-08-04T15:32:50.000,2.99,286.02,0.83,-2.88
2025-08-04T15:33:50.000,3.86,263.92,-0.41,-3.84
2025-08-04T15:34:50.000,2.69,265.64,-0.2,-2.68
2025-08-04T15:35:50.000,2.2,221.04,-1.66,-1.45
2025-08-04T15:36:50.000,3.12,314.56,2.19,-2.22
2025-08-04T15:37:50.000,4.43,294.7,1.85,-4.03
2025-08-04T15:38:50.000,2.88,326.51,2.4,-1.59
2025-08-04T15:39:50.000,1.56,295.35,0.67,-1.41
2025-08-04T15:40:50.000,2.29,322.18,1.81,-1.4
2025-08-04T15:41:50.000,3.01,285.6,0.81,-2.9
2025-08-04T15:42:50.000,3.37,281.96,0.7,-3.29
2025-08-04T15:43:50.000,3.34,320.55,2.58,-2.12
2025-08-04T15:44:50.000,2.17,327.39,1.82,-1.17
2025-08-04T15:45:50.000,2.3,299.33,1.13,-2
2025-08-04T15:46:50.000,4.39,291.29,1.59,-4.09
2025-08-04T15:47:50.000,4.71,287.7,1.43,-4.49
2025-08-04T15:48:50.000,4.45,326.48,3.71,-2.46
2025-08-04T15:49:50.000,3.62,303.37,1.99,-3.02
2025-08-04T15:50:50.000,2.09,301.99,1.11,-1.77
2025-08-04T15:51:50.000,4.57,282.39,0.98,-4.47
2025-08-04T15:52:50.000,4.1,284.05,1,-3.98
2025-08-04T15:53:50.000,4.98,273.69,0.32,-4.97
2025-08-04T15:54:50.000,3.22,275.34,0.3,-3.21
2025-08-04T15:55:50.000,4.29,324.91,3.51,-2.47
2025-08-04T15:56:50.000,4.14,281.89,0.85,-4.05
2025-08-04T15:57:50.000,4.66,295.54,2.01,-4.2
2025-08-04T15:58:50.000,2.19,282.19,0.46,-2.14
2025-08-04T15:59:50.000,4.25,309.81,2.72,-3.26
2025-08-04T16:00:50.000,2.48,303.28,1.36,-2.08
2025-08-04T16:01:50.000,3.23,302.74,1.75,-2.71
2025-08-04T16:02:50.000,2.73,268.45,-0.07,-2.73
2025-08-04T16:03:50.000,3.28,317.21,2.41,-2.23
2025-08-04T16:04:50.000,2.97,311.52,1.97,-2.23
2025-08-04T16:05:50.000,1.84,329.51,1.59,-0.93
2025-08-04T16:06:50.000,2.02,282.93,0.45,-1.97
2025-08-04T16:07:50.000,2.89,291.03,1.04,-2.7
2025-08-04T16:08:50.000,2.14,317.11,1.57,-1.45
2025-08-04T16:09:50.000,3.32,298.9,1.61,-2.91
2025-08-04T16:10:50.000,1.61,288.4,0.51,-1.53
2025-08-04T16:11:50.000,1.69,245.22,-0.71,-1.53
2025-08-04T16:12:50.000,2.49,286.28,0.7,-2.39
2025-08-04T16:13:50.000,2.09,285.05,0.54,-2.01
2025-08-04T16:14:50.000,3.84,303.31,2.11,-3.21
2025-08-04T16:15:50.000,3.28,242.34,-1.52,-2.91
2025-08-04T16:16:50.000,3.38,266.01,-0.23,-3.37
2025-08-04T16:17:50.000,0.7,265.8,-0.05,-0.7
2025-08-04T16:18:50.000,4.96,254.36,-1.34,-4.77
2025-08-04T16:19:50.000,1.79,261.79,-0.26,-1.77
2025-08-04T16:20:50.000,4.37,287.36,1.3,-4.17
2025-08-04T16:21:50.000,2.67,297.08,1.22,-2.38
2025-08-04T16:22:50.000,3.52,292.03,1.32,-3.26
2025-08-04T16:23:50.000,2.32,302.56,1.25,-1.95
2025-08-04T16:24:50.000,3.39,298.61,1.62,-2.98
2025-08-04T16:25:50.000,3.5,267.46,-0.16,-3.5
2025-08-04T16:26:50.000,5.16,294.51,2.14,-4.69
2025-08-04T16:27:50.000,3.24,291.4,1.18,-3.02
2025-08-04T16:28:50.000,2.14,326.33,1.78,-1.18
2025-08-04T16:29:50.000,3.58,266.74,-0.2,-3.57
2025-08-04T16:30:50.000,6.32,292.61,2.43,-5.83
2025-08-04T16:31:50.000,3.96,271.98,0.14,-3.96
2025-08-04T16:32:50.000,0.81,298.43,0.39,-0.72
2025-08-04T16:33:50.000,5.77,285.3,1.52,-5.57
2025-08-04T16:34:50.000,3.93,263.55,-0.44,-3.9
2025-08-04T16:35:50.000,2.87,270.54,0.03,-2.87
2025-08-04T16:36:50.000,4.81,284.7,1.22,-4.65
2025-08-04T16:37:50.000,6.96,278.61,1.04,-6.88
2025-08-04T16:38:50.000,3.13,295,1.32,-2.84
2025-08-04T16:39:50.000,2.91,285.17,0.76,-2.81
2025-08-04T16:40:50.000,3.73,314.34,2.61,-2.67
2025-08-04T16:41:50.000,1.85,332.45,1.64,-0.86
2025-08-04T16:42:50.000,6.66,310.68,4.34,-5.05
2025-08-04T16:43:50.000,3.98,332,3.52,-1.87
2025-08-04T16:44:50.000,4.62,304.98,2.65,-3.79
2025-08-04T16:45:50.000,3.19,318.82,2.4,-2.1
2025-08-04T16:46:50.000,4.21,317.3,3.09,-2.85
2025-08-04T16:47:50.000,3.56,292.41,1.36,-3.29
2025-08-04T16:48:50.000,3.63,315,2.57,-2.57
2025-08-04T16:49:50.000,3.32,245.27,-1.39,-3.02
2025-08-04T16:50:50.000,2.33,313.93,1.62,-1.68
2025-08-04T16:51:50.000,1.71,224.77,-1.22,-1.21
2025-08-04T16:52:50.000,1.09,303.6,0.61,-0.91
2025-08-04T16:53:50.000,2.03,324.63,1.66,-1.18
2025-08-04T16:54:50.000,3.33,306.71,1.99,-2.67
2025-08-04T16:55:50.000,2.87,308.76,1.8,-2.24
2025-08-04T16:56:50.000,6.43,285.55,1.72,-6.19
2025-08-04T16:57:50.000,2.68,291.89,1,-2.49
2025-08-04T16:58:50.000,1.82,272.33,0.07,-1.82
2025-08-04T16:59:50.000,2.34,250.16,-0.79,-2.2
2025-08-04T17:00:50.000,3.4,284.1,0.83,-3.29
2025-08-04T17:01:50.000,3.15,267.38,-0.14,-3.15
2025-08-04T17:02:50.000,3.95,248.3,-1.46,-3.67
2025-08-04T17:03:50.000,4.47,241.9,-2.1,-3.94
2025-08-04T17:04:50.000,1.11,205.61,-1,-0.48
2025-08-04T17:05:50.000,2.65,288.9,0.86,-2.5
2025-08-04T17:06:50.000,3.14,260.48,-0.52,-3.1
2025-08-04T17:07:50.000,2.31,298.51,1.1,-2.03
2025-08-04T17:08:50.000,2.65,252.85,-0.78,-2.53
2025-08-04T17:09:50.000,2.85,308.79,1.78,-2.22
2025-08-04T17:10:50.000,2.93,278.6,0.44,-2.9
2025-08-04T17:11:50.000,4.81,303.38,2.64,-4.01
2025-08-04T17:12:50.000,2.96,259.78,-0.52,-2.91
2025-08-04T17:13:50.000,4.65,314.56,3.27,-3.32
2025-08-04T17:14:50.000,5.66,275.98,0.59,-5.63
2025-08-04T17:15:50.000,2.84,288.39,0.9,-2.7
2025-08-04T17:16:50.000,5.71,274.29,0.43,-5.7
2025-08-04T17:17:50.000,4.21,297.24,1.93,-3.75
2025-08-04T17:18:50.000,3.59,271.92,0.12,-3.59
2025-08-04T17:19:50.000,5.5,266,-0.38,-5.49
2025-08-04T17:20:50.000,2.02,287.02,0.59,-1.93
2025-08-04T17:21:50.000,5.82,283.82,1.39,-5.65
2025-08-04T17:22:50.000,0.53,155.85,-0.48,0.22
2025-08-04T17:23:50.000,7.7,294.29,3.17,-7.02
2025-08-04T17:24:50.000,2.78,280.18,0.49,-2.73
2025-08-04T17:25:50.000,4.23,288.42,1.33,-4.01
2025-08-04T17:26:50.000,7.21,311.28,4.75,-5.41
2025-08-04T17:27:50.000,5.71,295.11,2.42,-5.17
2025-08-04T17:28:50.000,4.55,316.37,3.29,-3.14
2025-08-04T17:29:50.000,6.35,304.36,3.59,-5.24
2025-08-04T17:30:50.000,2.73,288.2,0.85,-2.59
2025-08-04T17:31:50.000,1.08,285.04,0.28,-1.04
2025-08-04T17:32:50.000,12.53,260.11,-2.15,-12.35
2025-08-04T17:33:50.000,3.75,321.81,2.95,-2.32
2025-08-04T17:34:50.000,3.11,309.29,1.97,-2.41
2025-08-04T17:35:50.000,4.6,311.05,3.02,-3.47
2025-08-04T17:36:50.000,4,315.74,2.87,-2.79
2025-08-04T17:37:50.000,3.75,312.25,2.52,-2.77
2025-08-04T17:38:50.000,4.15,303.54,2.29,-3.46
2025-08-04T17:39:50.000,5.3,318.61,3.98,-3.5
2025-08-04T17:40:50.000,2.77,303.49,1.53,-2.31
2025-08-04T17:41:50.000,4.37,330.42,3.8,-2.16
2025-08-04T17:42:50.000,2.7,309.16,1.71,-2.09
2025-08-04T17:43:50.000,3.85,320.36,2.96,-2.46
2025-08-04T17:44:50.000,4.02,293.65,1.61,-3.69
2025-08-04T17:45:50.000,5.18,301.84,2.73,-4.4
2025-08-04T17:46:50.000,6.86,280.58,1.26,-6.74
2025-08-04T17:47:50.000,2.6,300.48,1.32,-2.24
2025-08-04T17:48:50.000,2.77,312.65,1.88,-2.04
2025-08-04T17:49:50.000,6.09,304.55,3.45,-5.01
2025-08-04T17:50:50.000,3.75,321.45,2.93,-2.33
2025-08-04T17:51:50.000,3.02,285.77,0.82,-2.9
2025-08-04T17:52:50.000,4.59,324.32,3.73,-2.68
2025-08-04T17:53:50.000,5.02,309.55,3.2,-3.87
2025-08-04T17:54:50.000,5.77,319.25,4.38,-3.77
2025-08-04T17:55:50.000,3.21,305.02,1.84,-2.63
2025-08-04T17:56:50.000,3.52,271.45,0.09,-3.52
2025-08-04T17:57:50.000,4.13,305.62,2.41,-3.36
2025-08-04T17:58:50.000,2.63,308.18,1.62,-2.07
2025-08-04T17:59:50.000,2.69,278.07,0.38,-2.66
2025-08-04T18:00:50.000,3.52,325.9,2.92,-1.97
2025-08-04T18:01:50.000,3.66,310.5,2.38,-2.78
2025-08-04T18:02:50.000,2.55,359.82,2.55,-0.01
2025-08-04T18:03:50.000,3.26,296.46,1.45,-2.91
2025-08-04T18:04:50.000,4.3,332.57,3.82,-1.98
2025-08-04T18:05:50.000,3.37,318.79,2.54,-2.22
2025-08-04T18:06:50.000,4.72,314.96,3.33,-3.34
2025-08-04T18:07:50.000,3.04,297.18,1.39,-2.71
2025-08-04T18:08:50.000,2.56,329.75,2.21,-1.29
2025-08-04T18:09:50.000,5.04,287.99,1.56,-4.79
2025-08-04T18:10:50.000,2.63,336.37,2.41,-1.06
2025-08-04T18:11:50.000,2.31,293.17,0.91,-2.12
2025-08-04T18:12:50.000,4.38,299.44,2.15,-3.81
2025-08-04T18:13:50.000,2.47,274.53,0.19,-2.46
2025-08-04T18:14:50.000,2.15,259.19,-0.4,-2.11
2025-08-04T18:15:50.000,1.24,335.95,1.13,-0.51
2025-08-04T18:16:50.000,3.25,312.92,2.21,-2.38
2025-08-04T18:17:50.000,4.11,295.44,1.76,-3.71
2025-08-04T18:18:50.000,3.34,333.42,2.99,-1.49
2025-08-04T18:19:50.000,8.33,240.55,-4.1,-7.26
2025-08-04T18:20:50.000,3.57,298.23,1.69,-3.15
2025-08-04T18:21:50.000,5.11,300.24,2.58,-4.42
2025-08-04T18:22:50.000,3.31,281.81,0.68,-3.24
2025-08-04T18:23:50.000,2.9,261.63,-0.42,-2.87
2025-08-04T18:24:50.000,4.5,319.08,3.4,-2.95
2025-08-04T18:25:50.000,2.42,273.49,0.15,-2.41
2025-08-04T18:26:50.000,0.8,210.2,-0.69,-0.4
2025-08-04T18:27:50.000,3.11,286.72,0.89,-2.98
2025-08-04T18:28:50.000,0.88,235.12,-0.51,-0.72
2025-08-04T18:29:50.000,0.79,7.28,0.78,0.1
2025-08-04T18:30:50.000,3.23,214.46,-2.67,-1.83
2025-08-04T18:31:50.000,5.34,290.02,1.83,-5.02
2025-08-04T18:32:50.000,3.56,261.87,-0.5,-3.53
2025-08-04T18:33:50.000,5.14,241.84,-2.43,-4.53
2025-08-04T18:34:50.000,1.72,307.8,1.05,-1.36
2025-08-04T18:35:50.000,2.72,281.53,0.54,-2.67
2025-08-04T18:36:50.000,1.71,297.03,0.78,-1.52
2025-08-04T18:37:50.000,1.88,291.26,0.68,-1.75
2025-08-04T18:38:50.000,6.69,281.36,1.32,-6.56
2025-08-04T18:39:50.000,3.79,279.82,0.65,-3.74
2025-08-04T18:40:50.000,3.54,312.85,2.4,-2.59
2025-08-04T18:41:50.000,3.39,296.69,1.52,-3.02
2025-08-04T18:42:50.000,2.78,320.44,2.15,-1.77
2025-08-04T18:43:50.000,3.69,305.46,2.14,-3.01
2025-08-04T18:44:50.000,2.96,320.85,2.3,-1.87
2025-08-04T18:45:50.000,1.73,309.25,1.09,-1.34
2025-08-04T18:46:50.000,2.49,307.99,1.54,-1.97
2025-08-04T18:47:50.000,2.82,323.03,2.26,-1.7
2025-08-04T18:48:50.000,2.87,337.07,2.65,-1.12
2025-08-04T18:49:50.000,4.51,329.35,3.88,-2.3
2025-08-04T18:50:50.000,5.52,302.76,2.99,-4.65
2025-08-04T18:51:50.000,5.49,290.82,1.95,-5.13
2025-08-04T18:52:50.000,3.38,279.84,0.58,-3.33
2025-08-04T18:53:50.000,3.93,287.53,1.18,-3.75
2025-08-04T18:54:50.000,2.46,320.22,1.89,-1.57
2025-08-04T18:55:50.000,1.69,292.37,0.64,-1.56
2025-08-04T18:56:50.000,2.95,294.44,1.22,-2.68
2025-08-04T18:57:50.000,2.66,301.13,1.37,-2.28
2025-08-04T18:58:50.000,3.58,315.14,2.54,-2.53
2025-08-04T18:59:50.000,1.76,345.15,1.7,-0.45
2025-08-04T19:00:50.000,1.49,304.14,0.84,-1.23
2025-08-04T19:01:50.000,2.91,286.65,0.83,-2.79
2025-08-04T19:02:50.000,1.23,331.27,1.08,-0.59
2025-08-04T19:03:50.000,2.38,318.77,1.79,-1.57
2025-08-04T19:04:50.000,2.94,328.43,2.51,-1.54
2025-08-04T19:05:50.000,3.34,310.05,2.15,-2.56
2025-08-04T19:06:50.000,4.25,318.37,3.18,-2.82
2025-08-04T19:07:50.000,3.2,294.11,1.31,-2.92
2025-08-04T19:08:50.000,3.51,326.6,2.93,-1.93
2025-08-04T19:09:50.000,3.97,320.57,3.06,-2.52
2025-08-04T19:10:50.000,2.64,325.13,2.17,-1.51
2025-08-04T19:11:50.000,2.73,298.12,1.28,-2.4
2025-08-04T19:12:50.000,2.89,312.72,1.96,-2.13
2025-08-04T19:13:50.000,2.84,310.7,1.85,-2.15
2025-08-04T19:14:50.000,2.86,321.54,2.24,-1.78
2025-08-04T19:15:50.000,3.68,317.66,2.72,-2.48
2025-08-04T19:16:50.000,5.02,298.59,2.4,-4.4
2025-08-04T19:17:50.000,2.64,312.73,1.79,-1.94
2025-08-04T19:18:50.000,3.16,335.23,2.87,-1.32
2025-08-04T19:19:50.000,3.3,343.7,3.17,-0.93
2025-08-04T19:20:50.000,4.89,314.71,3.44,-3.48
2025-08-04T19:21:50.000,2.17,262.58,-0.28,-2.15
2025-08-04T19:22:50.000,2.62,253.72,-0.73,-2.51
2025-08-04T19:23:50.000,1.24,318.67,0.93,-0.82
2025-08-04T19:24:50.000,2.01,316.93,1.47,-1.37
2025-08-04T19:25:50.000,1.48,285.86,0.41,-1.43
2025-08-04T19:26:50.000,2.16,272.61,0.1,-2.16
2025-08-04T19:27:50.000,2.12,326.66,1.77,-1.16
2025-08-04T19:28:50.000,2.38,323.98,1.92,-1.4
2025-08-04T19:29:50.000,2.99,347.27,2.92,-0.66
2025-08-04T19:30:50.000,2.18,305.01,1.25,-1.78
2025-08-04T19:31:50.000,3.85,291.81,1.43,-3.58
2025-08-04T19:32:50.000,2.77,322.85,2.2,-1.67
2025-08-04T19:33:50.000,2.06,306.09,1.21,-1.66
2025-08-04T19:34:50.000,2.27,302.08,1.21,-1.93
2025-08-04T19:35:50.000,2.26,296.85,1.02,-2.02
2025-08-04T19:36:50.000,1.63,291.28,0.59,-1.52
2025-08-04T19:37:50.000,1.04,295.62,0.45,-0.93
2025-08-04T19:38:50.000,0.55,296.05,0.24,-0.49
2025-08-04T19:39:50.000,1.86,298.27,0.88,-1.64
2025-08-04T19:40:50.000,2.13,241.19,-1.03,-1.86
2025-08-04T19:41:50.000,3.8,276.77,0.45,-3.77
2025-08-04T19:42:50.000,2.76,277.51,0.36,-2.73
2025-08-04T19:43:50.000,1.6,323.49,1.29,-0.95
2025-08-04T19:44:50.000,2.19,310.51,1.42,-1.66
2025-08-04T19:45:50.000,2.84,291.87,1.06,-2.63
2025-08-04T19:46:50.000,2.78,305.24,1.6,-2.27
2025-08-04T19:47:50.000,3.22,316.17,2.33,-2.23
2025-08-04T19:48:50.000,3.28,303.23,1.79,-2.74
2025-08-04T19:49:50.000,4.5,306.05,2.65,-3.64
2025-08-04T19:50:50.000,2.82,290.75,1,-2.64
2025-08-04T19:51:50.000,3.66,300.03,1.83,-3.17
2025-08-04T19:52:50.000,1.31,306.46,0.78,-1.05
2025-08-04T19:53:50.000,5.95,294.69,2.49,-5.41
2025-08-04T19:54:50.000,3.74,271.33,0.09,-3.74
2025-08-04T19:55:50.000,5.6,282.53,1.22,-5.47
2025-08-04T19:56:50.000,4.12,274.57,0.33,-4.1
2025-08-04T19:57:50.000,6.67,278.49,0.99,-6.6
2025-08-04T19:58:50.000,6.32,298.54,3.02,-5.55
2025-08-04T19:59:50.000,6.51,287.88,2,-6.19
2025-08-04T20:00:50.000,6.33,306.51,3.77,-5.09
2025-08-04T20:01:50.000,3.77,282.31,0.8,-3.69
2025-08-04T20:02:50.000,5.15,294.79,2.16,-4.67
2025-08-04T20:03:50.000,6.98,296.69,3.13,-6.23
2025-08-04T20:04:50.000,6,287.56,1.81,-5.72
2025-08-04T20:05:50.000,3.68,309.28,2.33,-2.85
2025-08-04T20:06:50.000,4.51,288.5,1.43,-4.27
2025-08-04T20:07:50.000,6.64,274.19,0.48,-6.62
2025-08-04T20:08:50.000,6.86,317.81,5.09,-4.61
2025-08-04T20:09:50.000,5.5,309.76,3.52,-4.23
2025-08-04T20:10:50.000,7.16,290.01,2.45,-6.73
2025-08-04T20:11:50.000,4.86,294.75,2.03,-4.41
2025-08-04T20:12:50.000,7.78,278.31,1.12,-7.69
2025-08-04T20:13:50.000,8.82,290.99,3.16,-8.23
2025-08-04T20:14:50.000,5.31,309.43,3.37,-4.1
2025-08-04T20:15:50.000,3.55,257.31,-0.78,-3.46
2025-08-04T20:16:50.000,8.22,278.81,1.26,-8.12
2025-08-04T20:17:50.000,3.08,285.6,0.83,-2.97
2025-08-04T20:18:50.000,4.53,288.08,1.41,-4.31
2025-08-04T20:19:50.000,4.59,280.84,0.86,-4.51
2025-08-04T20:20:50.000,3.39,331.8,2.99,-1.6
2025-08-04T20:21:50.000,5.36,284.51,1.34,-5.19
2025-08-04T20:22:50.000,5.1,286.43,1.44,-4.89
2025-08-04T20:23:50.000,4.55,296.27,2.01,-4.08
2025-08-04T20:24:50.000,5.62,292.05,2.11,-5.21
2025-08-04T20:25:50.000,3.45,295.18,1.47,-3.12
2025-08-04T20:26:50.000,7.47,303.14,4.09,-6.26
2025-08-04T20:27:50.000,1.38,282.93,0.31,-1.35
2025-08-04T20:28:50.000,3.93,302.93,2.14,-3.3
2025-08-04T20:29:50.000,3.54,329.99,3.06,-1.77
2025-08-04T20:30:50.000,2.66,309.47,1.69,-2.05
2025-08-04T20:31:50.000,1.94,293.78,0.78,-1.78
2025-08-04T20:32:50.000,2.89,323.72,2.33,-1.71
2025-08-04T20:33:50.000,3.9,315.58,2.79,-2.73
2025-08-04T20:34:50.000,3.06,316.97,2.23,-2.09
2025-08-04T20:35:50.000,2.53,345.7,2.46,-0.63
2025-08-04T20:36:50.000,4.36,344.86,4.21,-1.14
2025-08-04T20:37:50.000,3.94,350.7,3.88,-0.64
2025-08-04T20:38:50.000,3.05,11.01,3,0.58
2025-08-04T20:39:50.000,3.34,345.85,3.24,-0.82
2025-08-04T20:40:50.000,4.61,348.47,4.52,-0.92
2025-08-04T20:41:50.000,3.41,335.09,3.09,-1.43
2025-08-04T20:42:50.000,4,335.33,3.63,-1.67
2025-08-04T20:43:50.000,3.6,328.69,3.08,-1.87
2025-08-04T20:44:50.000,3.99,348.69,3.91,-0.78
2025-08-04T20:45:50.000,2.38,336.58,2.18,-0.95
2025-08-04T20:46:50.000,4.99,340.47,4.7,-1.67
2025-08-04T20:47:50.000,3.06,348.18,2.99,-0.63
2025-08-04T20:48:50.000,3.99,341.82,3.79,-1.24
2025-08-04T20:49:50.000,3,317.25,2.2,-2.04
2025-08-04T20:50:50.000,2.09,322.74,1.66,-1.27
2025-08-04T20:51:50.000,1.4,346.81,1.36,-0.32
2025-08-04T20:52:50.000,2.25,274.18,0.16,-2.24
2025-08-04T20:53:50.000,1.43,267.72,-0.06,-1.43
2025-08-04T20:54:50.000,1.07,293.18,0.42,-0.98
2025-08-04T20:55:50.000,0.75,220.18,-0.58,-0.49
2025-08-04T20:56:50.000,1.65,306.61,0.98,-1.32
2025-08-04T20:57:50.000,2.07,317.75,1.53,-1.39
2025-08-04T20:58:50.000,2.52,331.31,2.21,-1.21
2025-08-04T20:59:50.000,3.34,345.2,3.23,-0.85
2025-08-04T21:00:50.000,2.73,332.75,2.43,-1.25
2025-08-04T21:01:50.000,4.27,336.02,3.9,-1.74
2025-08-04T21:02:50.000,4.97,346.59,4.83,-1.15
2025-08-04T21:03:50.000,4.29,350.07,4.23,-0.74
2025-08-04T21:04:50.000,2.95,337.44,2.72,-1.13
2025-08-04T21:05:50.000,3.54,338.47,3.3,-1.3
2025-08-04T21:06:50.000,2.63,347.33,2.57,-0.58
2025-08-04T21:07:50.000,3.2,352.14,3.17,-0.44
2025-08-04T21:08:50.000,2.43,298.48,1.16,-2.13
2025-08-04T21:09:50.000,2.98,4.17,2.97,0.22
2025-08-04T21:10:50.000,2.96,4.9,2.95,0.25
2025-08-04T21:11:50.000,3.52,358.13,3.52,-0.12
2025-08-04T21:12:50.000,1.7,5.56,1.69,0.16
2025-08-04T21:13:50.000,1.73,5.78,1.72,0.17
2025-08-04T21:14:50.000,2.32,329.55,2,-1.17
2025-08-04T21:15:50.000,1.56,346.59,1.52,-0.36
2025-08-04T21:16:50.000,2.49,349.51,2.45,-0.45
2025-08-04T21:17:50.000,0.59,319.43,0.45,-0.38
2025-08-04T21:18:50.000,1.44,343.97,1.38,-0.4
2025-08-04T21:19:50.000,0.2,30.24,0.18,0.1
2025-08-04T21:20:50.000,1.53,0.59,1.53,0.02
2025-08-04T21:21:50.000,2.17,18.95,2.05,0.7
2025-08-04T21:22:50.000,2,359.71,2,-0.01
2025-08-04T21:23:50.000,0.96,246.46,-0.38,-0.88
2025-08-04T21:24:50.000,1.86,321.06,1.45,-1.17
2025-08-04T21:25:50.000,1.37,287.73,0.42,-1.31
2025-08-04T21:26:50.000,0.62,272.61,0.03,-0.62
2025-08-04T21:27:50.000,0.77,226.8,-0.53,-0.56
2025-08-04T21:28:50.000,1.23,349.74,1.21,-0.22
2025-08-04T21:29:50.000,2.56,336.89,2.36,-1.01
2025-08-04T21:30:50.000,3.04,307.65,1.86,-2.41
2025-08-04T21:31:50.000,2.23,350.72,2.2,-0.36
2025-08-04T21:32:50.000,2.54,345.89,2.46,-0.62
2025-08-04T21:33:50.000,2.32,345.47,2.24,-0.58
2025-08-04T21:34:50.000,1.72,340.37,1.62,-0.58
2025-08-04T21:35:50.000,1.73,319.93,1.32,-1.11
2025-08-04T21:36:50.000,0.64,307.87,0.39,-0.51
2025-08-04T21:37:50.000,0.8,307.83,0.49,-0.63
2025-08-04T21:38:50.000,0.33,152.5,-0.29,0.15
2025-08-04T21:39:50.000,1.48,286.95,0.43,-1.42
2025-08-04T21:40:50.000,0.85,296.02,0.37,-0.77
2025-08-04T21:41:50.000,0.5,297.47,0.23,-0.44
2025-08-04T21:42:50.000,2.25,355.26,2.25,-0.19
2025-08-04T21:43:50.000,2.3,352.16,2.28,-0.31
2025-08-04T21:44:50.000,2.37,2.7,2.37,0.11
2025-08-04T21:45:50.000,1.64,10.29,1.61,0.29
2025-08-04T21:46:50.000,1.88,348.81,1.84,-0.36
2025-08-04T21:47:50.000,2.33,342.45,2.22,-0.7
2025-08-04T21:48:50.000,3.58,34.77,2.94,2.04
2025-08-04T21:49:50.000,4.64,40.57,3.52,3.02
2025-08-04T21:50:50.000,1.67,262.65,-0.21,-1.66
2025-08-04T21:51:50.000,1.15,343.02,1.1,-0.33
2025-08-04T21:52:50.000,1.31,274.44,0.1,-1.31
2025-08-04T21:53:50.000,2.14,339.01,1.99,-0.76
2025-08-04T21:54:50.000,2.17,289.43,0.72,-2.05
2025-08-04T21:55:50.000,2.28,263.58,-0.26,-2.27
2025-08-04T21:56:50.000,1.24,291.74,0.46,-1.15
2025-08-04T21:57:50.000,1.85,313.78,1.28,-1.34
2025-08-04T21:58:50.000,0.97,206.64,-0.87,-0.44
2025-08-04T21:59:50.000,0.92,314.94,0.65,-0.65
2025-08-04T22:00:50.000,0.56,342.42,0.54,-0.17
2025-08-04T22:01:50.000,1.12,273.39,0.07,-1.12
2025-08-04T22:02:50.000,2.8,349.18,2.75,-0.53
2025-08-04T22:03:50.000,2.03,7.69,2.01,0.27
2025-08-04T22:04:50.000,0.51,23.25,0.47,0.2
2025-08-04T22:05:50.000,0.44,99.39,-0.07,0.44
2025-08-04T22:06:50.000,2.11,320.55,1.63,-1.34
2025-08-04T22:07:50.000,0.89,357.29,0.89,-0.04
2025-08-04T22:08:50.000,1.9,310.85,1.24,-1.44
2025-08-04T22:09:50.000,2.68,312.84,1.82,-1.96
2025-08-04T22:10:50.000,0.65,67.61,0.25,0.6
2025-08-04T22:11:50.000,1.28,181.85,-1.28,-0.04
2025-08-04T22:12:50.000,1.78,290.74,0.63,-1.66
2025-08-04T22:13:50.000,1.16,323.88,0.94,-0.69
2025-08-04T22:14:50.000,1.74,359.39,1.74,-0.02
2025-08-04T22:15:50.000,0.98,13.5,0.96,0.23
2025-08-04T22:16:50.000,1.87,339.54,1.75,-0.65
2025-08-04T22:17:50.000,0.87,141.49,-0.68,0.54
2025-08-04T22:18:50.000,1.24,198.67,-1.17,-0.4
2025-08-04T22:19:50.000,1.94,275.94,0.2,-1.93
2025-08-04T22:20:50.000,1.78,323.66,1.43,-1.05
2025-08-04T22:21:50.000,1.13,294.25,0.46,-1.03
2025-08-04T22:22:50.000,2.26,316.36,1.64,-1.56
2025-08-04T22:23:50.000,1.8,342.25,1.72,-0.55
2025-08-04T22:24:50.000,1.9,310.88,1.24,-1.43
2025-08-04T22:25:50.000,0.75,261.1,-0.12,-0.74
2025-08-04T22:26:50.000,2.5,319.84,1.91,-1.61
2025-08-04T22:27:50.000,1.46,287.82,0.45,-1.39
2025-08-04T22:28:50.000,1.19,259.42,-0.22,-1.17
2025-08-04T22:29:50.000,2.46,250.97,-0.8,-2.33
2025-08-04T22:30:50.000,2.19,290.69,0.77,-2.05
2025-08-04T22:31:50.000,1.13,245.6,-0.47,-1.03
2025-08-04T22:32:50.000,1.67,308.39,1.04,-1.31
2025-08-04T22:33:50.000,1.86,292.83,0.72,-1.71
2025-08-04T22:34:50.000,0.95,359.73,0.95,0
2025-08-04T22:35:50.000,3.45,335.25,3.14,-1.45
2025-08-04T22:36:50.000,2.46,15.97,2.36,0.68
2025-08-04T22:37:50.000,1.73,334.51,1.57,-0.75
2025-08-04T22:38:50.000,2.37,27.84,2.09,1.11
2025-08-04T22:39:50.000,2.02,2.45,2.02,0.09
2025-08-04T22:40:50.000,1.2,279.29,0.19,-1.18
2025-08-04T22:41:50.000,2.58,342.43,2.46,-0.78
2025-08-04T22:42:50.000,1.94,75.96,0.47,1.88
2025-08-04T22:43:50.000,5.98,309.96,3.84,-4.59
2025-08-04T22:44:50.000,0.58,296.51,0.26,-0.52
2025-08-04T22:45:50.000,1.35,277.72,0.18,-1.34
2025-08-04T22:46:50.000,0.31,286.65,0.09,-0.29
2025-08-04T22:47:50.000,0.8,271.26,0.02,-0.8
2025-08-04T22:48:50.000,2.56,197.42,-2.45,-0.77
2025-08-04T22:49:50.000,1.47,167.53,-1.44,0.32
2025-08-04T22:50:50.000,1,200.34,-0.94,-0.35
2025-08-04T22:51:50.000,2.04,212.01,-1.73,-1.08
2025-08-04T22:52:50.000,0.88,26.15,0.79,0.39
2025-08-04T22:53:50.000,1.99,297.35,0.92,-1.77
2025-08-04T22:54:50.000,2.12,337.28,1.95,-0.82
2025-08-04T22:55:50.000,1.25,3.58,1.25,0.08
2025-08-04T22:56:50.000,1.89,28.39,1.66,0.9
2025-08-04T22:57:50.000,4.4,8.57,4.35,0.66
2025-08-04T22:58:50.000,1.09,275,0.09,-1.09
2025-08-04T22:59:50.000,2.53,235.03,-1.45,-2.08
2025-08-04T23:00:50.000,2.33,176.18,-2.33,0.16
2025-08-04T23:01:50.000,1.45,218.1,-1.14,-0.89
2025-08-04T23:02:50.000,1.25,231.34,-0.78,-0.98
2025-08-04T23:03:50.000,1.45,262.15,-0.2,-1.44
2025-08-04T23:04:50.000,0.28,7.46,0.28,0.04
2025-08-04T23:05:50.000,1.05,268.04,-0.04,-1.05
2025-08-04T23:06:50.000,0.59,140.83,-0.46,0.37
2025-08-04T23:07:50.000,2.8,33,2.35,1.52
2025-08-04T23:08:50.000,2.45,330.07,2.13,-1.22
2025-08-04T23:09:50.000,0.8,353.76,0.79,-0.09
2025-08-04T23:10:50.000,0.31,53.55,0.19,0.25
2025-08-04T23:11:50.000,1.64,320.97,1.27,-1.03
2025-08-04T23:12:50.000,0.73,291.88,0.27,-0.68
2025-08-04T23:13:50.000,1.25,197.28,-1.2,-0.37
2025-08-04T23:14:50.000,3.73,351.77,3.69,-0.53
2025-08-04T23:15:50.000,0.73,320.47,0.56,-0.46
2025-08-04T23:16:50.000,1.14,315.42,0.81,-0.8
2025-08-04T23:17:50.000,2.64,233.43,-1.57,-2.12
2025-08-04T23:18:50.000,2.12,340.33,2,-0.71
2025-08-04T23:19:50.000,1.36,6.54,1.35,0.16
2025-08-04T23:20:50.000,1.84,270.33,0.01,-1.84
2025-08-04T23:21:50.000,1.44,316.85,1.05,-0.98
2025-08-04T23:22:50.000,1.87,293.82,0.76,-1.71
2025-08-04T23:23:50.000,0.7,201.5,-0.65,-0.26
2025-08-04T23:24:50.000,2.18,201.6,-2.03,-0.8
2025-08-04T23:25:50.000,0.85,202.23,-0.79,-0.32
2025-08-04T23:26:50.000,2.22,291.61,0.82,-2.07
2025-08-04T23:27:50.000,1.92,310.9,1.25,-1.45
2025-08-04T23:28:50.000,2.78,291.27,1.01,-2.59
2025-08-04T23:29:50.000,1.81,327.72,1.53,-0.97
2025-08-04T23:30:50.000,2.26,303.32,1.24,-1.89
2025-08-04T23:31:50.000,0.91,282.24,0.19,-0.89
2025-08-04T23:32:50.000,2.35,278.89,0.36,-2.33
2025-08-04T23:33:50.000,1.18,270.18,0,-1.18
2025-08-04T23:34:50.000,0.71,180.63,-0.71,-0.01
2025-08-04T23:35:50.000,1.33,271.99,0.05,-1.33
2025-08-04T23:36:50.000,1.2,272.11,0.04,-1.2
2025-08-04T23:37:50.000,2.72,321.03,2.11,-1.71
2025-08-04T23:38:50.000,1.79,278.9,0.28,-1.76
2025-08-04T23:39:50.000,0.82,234.38,-0.48,-0.67
2025-08-04T23:40:50.000,1.54,286.11,0.43,-1.48
2025-08-04T23:41:50.000,1.63,337.49,1.5,-0.62
2025-08-04T23:42:50.000,1.73,269.41,-0.02,-1.73
2025-08-04T23:43:50.000,0.24,21.71,0.22,0.09
2025-08-04T23:44:50.000,1.65,351.31,1.63,-0.25
2025-08-04T23:45:50.000,1.9,314.94,1.34,-1.35
2025-08-04T23:46:50.000,1.38,309.23,0.87,-1.07
2025-08-04T23:47:50.000,4.18,219.82,-3.21,-2.68
2025-08-04T23:48:50.000,2.77,306.92,1.66,-2.22
2025-08-04T23:49:50.000,1.42,322.14,1.12,-0.87
2025-08-04T23:50:50.000,1.32,349.15,1.3,-0.25
2025-08-04T23:51:50.000,1.41,258.69,-0.28,-1.39
2025-08-04T23:52:50.000,2.56,265.73,-0.19,-2.55
2025-08-04T23:53:50.000,1.04,334.96,0.94,-0.44
2025-08-04T23:54:50.000,1.83,309.59,1.17,-1.41
2025-08-04T23:55:50.000,1.38,297.29,0.63,-1.23
2025-08-04T23:56:50.000,0.35,187.7,-0.35,-0.05
2025-08-04T23:57:50.000,1.47,329.2,1.26,-0.75
2025-08-04T23:58:50.000,3.29,313.59,2.27,-2.38
2025-08-04T23:59:50.000,1.33,335.65,1.21,-0.55
2025-08-05T00:00:50.000,1.25,297.04,0.57,-1.11
2025-08-05T00:01:50.000,1.92,296.59,0.86,-1.71
2025-08-05T00:02:50.000,3.44,316.36,2.49,-2.38
2025-08-05T00:03:50.000,2.84,286.67,0.82,-2.72
2025-08-05T00:04:50.000,0.35,276.91,0.04,-0.35
2025-08-05T00:05:50.000,1.05,318.26,0.78,-0.7
2025-08-05T00:06:50.000,1.55,326.93,1.3,-0.85
2025-08-05T00:07:50.000,2.82,326.71,2.35,-1.55
2025-08-05T00:08:50.000,1.79,323.66,1.44,-1.06
2025-08-05T00:09:50.000,0.23,286.98,0.07,-0.22
2025-08-05T00:10:50.000,1.21,339.42,1.13,-0.43
2025-08-05T00:11:50.000,2.1,313.06,1.43,-1.53
2025-08-05T00:12:50.000,1.86,346.22,1.81,-0.44
2025-08-05T00:13:50.000,1.54,286.19,0.43,-1.48
2025-08-05T00:14:50.000,1.21,314.45,0.85,-0.87
2025-08-05T00:15:50.000,2.05,336.68,1.88,-0.81
2025-08-05T00:16:50.000,2.12,299.99,1.06,-1.84
2025-08-05T00:17:50.000,1.55,263.36,-0.18,-1.54
2025-08-05T00:18:50.000,1.52,315.54,1.09,-1.07
2025-08-05T00:19:50.000,1.52,333.2,1.35,-0.68
2025-08-05T00:20:50.000,2.07,302.17,1.1,-1.75
2025-08-05T00:21:50.000,1.87,281.85,0.38,-1.83
2025-08-05T00:22:50.000,0.77,269.07,-0.01,-0.77
2025-08-05T00:23:50.000,1.24,218.99,-0.97,-0.78
2025-08-05T00:24:50.000,2.96,154.36,-2.66,1.28
2025-08-05T00:25:50.000,1.16,110.24,-0.4,1.09
2025-08-05T00:26:50.000,3.43,171.8,-3.39,0.49
2025-08-05T00:27:50.000,2.2,174.65,-2.19,0.2
2025-08-05T00:28:50.000,1.51,305.09,0.87,-1.24
2025-08-05T00:29:50.000,1.44,8.17,1.43,0.2
2025-08-05T00:30:50.000,0.76,213.39,-0.63,-0.42
2025-08-05T00:31:50.000,0.92,310.74,0.6,-0.7
2025-08-05T00:32:50.000,1.47,46.74,1.01,1.07
2025-08-05T00:33:50.000,1.72,161.97,-1.63,0.53
2025-08-05T00:34:50.000,1.54,272.91,0.08,-1.54
2025-08-05T00:35:50.000,0.3,171.99,-0.3,0.04
2025-08-05T00:36:50.000,0.49,297.71,0.23,-0.43
2025-08-05T00:37:50.000,1.62,256.72,-0.37,-1.57
2025-08-05T00:38:50.000,1.2,325.61,0.99,-0.68
2025-08-05T00:39:50.000,0.79,312.3,0.53,-0.58
2025-08-05T00:40:50.000,2.21,317.51,1.63,-1.49
2025-08-05T00:41:50.000,2.7,1.88,2.7,0.09
2025-08-05T00:42:50.000,1.09,354.07,1.09,-0.11
2025-08-05T00:43:50.000,2.27,321.18,1.77,-1.43
2025-08-05T00:44:50.000,2.66,319.74,2.03,-1.72
2025-08-05T00:45:50.000,0.94,356.9,0.94,-0.05
2025-08-05T00:46:50.000,1.06,226.26,-0.73,-0.76
2025-08-05T00:47:50.000,2.28,305.52,1.32,-1.85
2025-08-05T00:48:50.000,1.41,16.09,1.36,0.39
2025-08-05T00:49:50.000,1.89,359.96,1.89,0
2025-08-05T00:50:50.000,2.63,26.87,2.35,1.19
2025-08-05T00:51:50.000,3.2,9.91,3.15,0.55
2025-08-05T00:52:50.000,1.64,358.39,1.64,-0.05
2025-08-05T00:53:50.000,3.22,348.39,3.16,-0.65
2025-08-05T00:54:50.000,0.57,329.6,0.49,-0.29
2025-08-05T00:55:50.000,3.07,353.41,3.05,-0.35
2025-08-05T00:56:50.000,2.54,7.57,2.52,0.33
2025-08-05T00:57:50.000,1.71,324.95,1.4,-0.98
2025-08-05T00:58:50.000,1.24,356.08,1.23,-0.08
2025-08-05T00:59:50.000,1.78,337.6,1.65,-0.68
2025-08-05T01:00:50.000,1.48,350.7,1.46,-0.24
2025-08-05T01:01:50.000,2.68,348.09,2.63,-0.55
2025-08-05T01:02:50.000,2.93,340.22,2.76,-0.99
2025-08-05T01:03:50.000,2.26,8.33,2.24,0.33
2025-08-05T01:04:50.000,2.52,357.85,2.51,-0.09
2025-08-05T01:05:50.000,3.06,0.89,3.06,0.05
2025-08-05T01:06:50.000,4.21,29.57,3.66,2.08
2025-08-05T01:07:50.000,3.58,337.14,3.3,-1.39
2025-08-05T01:08:50.000,1.54,5.5,1.53,0.15
2025-08-05T01:09:50.000,2.67,58.52,1.4,2.28
2025-08-05T01:10:50.000,1.22,94.56,-0.1,1.21
2025-08-05T01:11:50.000,2.93,302.49,1.57,-2.47
2025-08-05T01:12:50.000,1.41,321.56,1.11,-0.88
2025-08-05T01:13:50.000,0.82,6.3,0.82,0.09
2025-08-05T01:14:50.000,1.89,357.42,1.89,-0.08
2025-08-05T01:15:50.000,3.07,342.81,2.93,-0.91
2025-08-05T01:16:50.000,2.82,344.27,2.71,-0.76
2025-08-05T01:17:50.000,3.41,359.44,3.41,-0.03
2025-08-05T01:18:50.000,3.23,298.61,1.55,-2.83
2025-08-05T01:19:50.000,1.88,344.79,1.81,-0.49
2025-08-05T01:20:50.000,3.29,330.32,2.86,-1.63
2025-08-05T01:21:50.000,1.44,349.52,1.42,-0.26
2025-08-05T01:22:50.000,5.18,326.82,4.33,-2.83
2025-08-05T01:23:50.000,1.3,348.51,1.27,-0.26
2025-08-05T01:24:50.000,2.69,343.72,2.59,-0.76
2025-08-05T01:25:50.000,2.53,338.98,2.37,-0.91
2025-08-05T01:26:50.000,1.76,23.06,1.62,0.69
2025-08-05T01:27:50.000,1.9,338.88,1.77,-0.68
2025-08-05T01:28:50.000,3.51,5.44,3.5,0.33
2025-08-05T01:29:50.000,3,321.49,2.35,-1.87
2025-08-05T01:30:50.000,0.86,333.9,0.77,-0.38
2025-08-05T01:31:50.000,2.12,353.88,2.11,-0.23
2025-08-05T01:32:50.000,2.13,331.24,1.87,-1.02
2025-08-05T01:33:50.000,3.98,338.73,3.7,-1.44
2025-08-05T01:34:50.000,2.88,346.99,2.81,-0.65
2025-08-05T01:35:50.000,3.14,343.1,3.01,-0.91
2025-08-05T01:36:50.000,4.36,346.99,4.25,-0.98
2025-08-05T01:37:50.000,2.62,9.23,2.58,0.42
2025-08-05T01:38:50.000,3.83,345.61,3.71,-0.95
2025-08-05T01:39:50.000,3.17,293.23,1.25,-2.91
2025-08-05T01:40:50.000,2.33,330.03,2.01,-1.16
2025-08-05T01:41:50.000,3.75,318.96,2.83,-2.46
2025-08-05T01:42:50.000,2.82,338.73,2.63,-1.02
2025-08-05T01:43:50.000,2.21,353.18,2.2,-0.26
2025-08-05T01:44:50.000,1.88,345.82,1.82,-0.46
2025-08-05T01:45:50.000,2.21,342.75,2.11,-0.66
2025-08-05T01:46:50.000,2.83,325.78,2.34,-1.59
2025-08-05T01:47:50.000,1.93,343.31,1.85,-0.55
2025-08-05T01:48:50.000,2.19,295.21,0.93,-1.98
2025-08-05T01:49:50.000,0.89,286.73,0.26,-0.85
2025-08-05T01:50:50.000,1.64,272.4,0.07,-1.64
2025-08-05T01:51:50.000,0.58,333.46,0.52,-0.26
2025-08-05T01:52:50.000,1.96,346.44,1.9,-0.46
2025-08-05T01:53:50.000,0.93,279.64,0.16,-0.92
2025-08-05T01:54:50.000,3.16,297.73,1.47,-2.8
2025-08-05T01:55:50.000,0.9,318.03,0.67,-0.6
2025-08-05T01:56:50.000,3.37,308.49,2.1,-2.64
2025-08-05T01:57:50.000,2.73,295.27,1.17,-2.47
2025-08-05T01:58:50.000,1.99,325.91,1.65,-1.12
2025-08-05T01:59:50.000,2.3,296.26,1.02,-2.06
2025-08-05T02:00:50.000,2.02,315.69,1.44,-1.41
2025-08-05T02:01:50.000,0.61,323.26,0.49,-0.37
2025-08-05T02:02:50.000,1.67,325.19,1.37,-0.95
2025-08-05T02:03:50.000,2.33,357.22,2.33,-0.11
2025-08-05T02:04:50.000,3.24,343.71,3.11,-0.91
2025-08-05T02:05:50.000,1.99,348.35,1.95,-0.4
2025-08-05T02:06:50.000,1.98,10.37,1.95,0.36
2025-08-05T02:07:50.000,3,0.02,3,0
2025-08-05T02:08:50.000,1.24,343.79,1.19,-0.35
2025-08-05T02:09:50.000,1.27,276.66,0.15,-1.27
2025-08-05T02:10:50.000,3.37,324.45,2.74,-1.96
2025-08-05T02:11:50.000,1.19,329.24,1.02,-0.61
2025-08-05T02:12:50.000,2.84,279.63,0.47,-2.8
2025-08-05T02:13:50.000,4.48,308.76,2.8,-3.49
2025-08-05T02:14:50.000,3.41,332.12,3.01,-1.59
2025-08-05T02:15:50.000,3.36,297.94,1.57,-2.97
2025-08-05T02:16:50.000,2.6,314.16,1.81,-1.87
2025-08-05T02:17:50.000,2.88,288.91,0.93,-2.72
2025-08-05T02:18:50.000,1.44,309.79,0.92,-1.11
2025-08-05T02:19:50.000,3.75,302.96,2.04,-3.15
2025-08-05T02:20:50.000,1.26,275.23,0.12,-1.26
2025-08-05T02:21:50.000,1.38,300.94,0.71,-1.18
2025-08-05T02:22:50.000,1.75,321.08,1.37,-1.1
2025-08-05T02:23:50.000,3.55,332.76,3.16,-1.63
2025-08-05T02:24:50.000,4.51,295.13,1.92,-4.09
2025-08-05T02:25:50.000,2.46,324.29,1.99,-1.43
2025-08-05T02:26:50.000,6.58,298.28,3.12,-5.79
2025-08-05T02:27:50.000,2.08,337.31,1.92,-0.8
2025-08-05T02:28:50.000,2.2,343.35,2.11,-0.63
2025-08-05T02:29:50.000,3.33,310.17,2.15,-2.55
2025-08-05T02:30:50.000,2.06,343.67,1.98,-0.58
2025-08-05T02:31:50.000,3.85,304.28,2.17,-3.18
2025-08-05T02:32:50.000,3.15,331.25,2.76,-1.51
2025-08-05T02:33:50.000,1.8,278.14,0.26,-1.79
2025-08-05T02:34:50.000,1.81,311.26,1.19,-1.36
2025-08-05T02:35:50.000,3.08,320.31,2.37,-1.96
2025-08-05T02:36:50.000,0.94,325.63,0.77,-0.53
2025-08-05T02:37:50.000,1.46,342.36,1.39,-0.44
2025-08-05T02:38:50.000,2.16,323.46,1.74,-1.29
2025-08-05T02:39:50.000,1.46,321.58,1.15,-0.91
2025-08-05T02:40:50.000,2.09,310.04,1.35,-1.6
2025-08-05T02:41:50.000,2.59,317.74,1.92,-1.74
2025-08-05T02:42:50.000,1.01,221.95,-0.75,-0.67
2025-08-05T02:43:50.000,1.12,236.89,-0.61,-0.94
2025-08-05T02:44:50.000,1.98,298.78,0.95,-1.74
2025-08-05T02:45:50.000,0.81,249.97,-0.28,-0.76
2025-08-05T02:46:50.000,2,332.59,1.78,-0.92
2025-08-05T02:47:50.000,2.82,311.3,1.86,-2.12
2025-08-05T02:48:50.000,0.84,350.26,0.83,-0.14
2025-08-05T02:49:50.000,1.43,331.56,1.25,-0.68
2025-08-05T02:50:50.000,2.54,265.65,-0.19,-2.53
2025-08-05T02:51:50.000,1.84,236.7,-1.01,-1.54
2025-08-05T02:52:50.000,1.29,284.36,0.32,-1.25
2025-08-05T02:53:50.000,0.24,28.78,0.21,0.12
2025-08-05T02:54:50.000,1.96,262.84,-0.24,-1.95
2025-08-05T02:55:50.000,1.52,269.48,-0.01,-1.52
2025-08-05T02:56:50.000,2.4,257.14,-0.53,-2.34
2025-08-05T02:57:50.000,4.18,281.19,0.81,-4.1
2025-08-05T02:58:50.000,4.97,285.37,1.32,-4.79
2025-08-05T02:59:50.000,2.16,272.9,0.11,-2.16
2025-08-05T03:00:50.000,0.66,314.65,0.46,-0.47
2025-08-05T03:01:50.000,4.55,291.34,1.66,-4.24
2025-08-05T03:02:50.000,2.42,301.68,1.27,-2.06
2025-08-05T03:03:50.000,5.19,246.21,-2.1,-4.75
2025-08-05T03:04:50.000,2.29,329.28,1.97,-1.17
2025-08-05T03:05:50.000,2.56,277.84,0.35,-2.54
2025-08-05T03:06:50.000,0.6,282.33,0.13,-0.59
2025-08-05T03:07:50.000,2.6,320.5,2.01,-1.66
2025-08-05T03:08:50.000,2.71,295.29,1.16,-2.45
2025-08-05T03:09:50.000,1.68,280.21,0.3,-1.65
2025-08-05T03:10:50.000,1.14,260.97,-0.18,-1.12
2025-08-05T03:11:50.000,2.09,345.66,2.02,-0.52
2025-08-05T03:12:50.000,1.51,358.67,1.51,-0.04
2025-08-05T03:13:50.000,1.51,269.16,-0.02,-1.51
2025-08-05T03:14:50.000,2.76,292.28,1.05,-2.55
2025-08-05T03:15:50.000,2.34,315.48,1.67,-1.64
2025-08-05T03:16:50.000,0.94,294.29,0.39,-0.86
2025-08-05T03:17:50.000,0.88,309.01,0.55,-0.68
2025-08-05T03:18:50.000,2.16,6.53,2.14,0.25
2025-08-05T03:19:50.000,0.15,326.82,0.13,-0.08
2025-08-05T03:20:50.000,2.9,325.81,2.4,-1.63
2025-08-05T03:21:50.000,3.97,274.21,0.29,-3.96
2025-08-05T03:22:50.000,3.15,317.83,2.34,-2.12
2025-08-05T03:23:50.000,0.36,177.09,-0.36,0.02
2025-08-05T03:24:50.000,2.25,226.4,-1.55,-1.63
2025-08-05T03:25:50.000,1.15,323.26,0.92,-0.69
2025-08-05T03:26:50.000,2.65,245.83,-1.09,-2.42
2025-08-05T03:27:50.000,3.23,290.79,1.14,-3.02
2025-08-05T03:28:50.000,1.76,309.12,1.11,-1.37
2025-08-05T03:29:50.000,2.05,315.6,1.47,-1.43
2025-08-05T03:30:50.000,1.78,257.62,-0.38,-1.73
2025-08-05T03:31:50.000,0.46,276.94,0.06,-0.46
2025-08-05T03:32:50.000,3.59,291.65,1.32,-3.34
2025-08-05T03:33:50.000,1.99,316.23,1.44,-1.38
2025-08-05T03:34:50.000,2.77,298.85,1.34,-2.43
2025-08-05T03:35:50.000,2.21,251.02,-0.72,-2.09
2025-08-05T03:36:50.000,2.37,273.8,0.16,-2.37
2025-08-05T03:37:50.000,2.82,206.71,-2.52,-1.27
2025-08-05T03:38:50.000,2.3,223.33,-1.67,-1.58
2025-08-05T03:39:50.000,1.09,253.35,-0.31,-1.04
2025-08-05T03:40:50.000,0.39,294.19,0.16,-0.35
2025-08-05T03:41:50.000,3.85,242.05,-1.81,-3.4
2025-08-05T03:42:50.000,2.15,213.67,-1.79,-1.19
2025-08-05T03:43:50.000,2.45,277.43,0.32,-2.43
2025-08-05T03:44:50.000,0.95,199.65,-0.9,-0.32
2025-08-05T03:45:50.000,1.5,208.73,-1.32,-0.72
2025-08-05T03:46:50.000,0.28,272.73,0.01,-0.28
2025-08-05T03:47:50.000,1.59,266.81,-0.09,-1.58
2025-08-05T03:48:50.000,1.61,254.45,-0.43,-1.55
2025-08-05T03:49:50.000,0.95,263.9,-0.1,-0.94
2025-08-05T03:50:50.000,1.02,243.88,-0.45,-0.92
2025-08-05T03:51:50.000,1.14,359.77,1.14,0
2025-08-05T03:52:50.000,3.18,264.39,-0.31,-3.17
2025-08-05T03:53:50.000,2.89,283.98,0.7,-2.81
2025-08-05T03:54:50.000,2.77,258.44,-0.56,-2.72
2025-08-05T03:55:50.000,0.94,274.96,0.08,-0.94
2025-08-05T03:56:50.000,1.9,335.05,1.73,-0.8
2025-08-05T03:57:50.000,0.31,51.92,0.19,0.24
2025-08-05T03:58:50.000,1.31,264.76,-0.12,-1.31
2025-08-05T03:59:50.000,2.48,219.83,-1.91,-1.59
2025-08-05T04:00:50.000,3.71,37.73,2.93,2.27
2025-08-05T04:01:50.000,1.67,323.46,1.35,-1
2025-08-05T04:02:50.000,0.99,285.82,0.27,-0.95
2025-08-05T04:03:50.000,0.96,306.91,0.58,-0.77
2025-08-05T04:04:50.000,0.52,353.81,0.52,-0.06
2025-08-05T04:05:50.000,2.28,347.03,2.23,-0.51
2025-08-05T04:06:50.000,1.61,147.67,-1.36,0.86
2025-08-05T04:07:50.000,3.6,204.92,-3.26,-1.52
2025-08-05T04:08:50.000,0.66,15.92,0.64,0.18
2025-08-05T04:09:50.000,2.65,39.45,2.05,1.68
2025-08-05T04:10:50.000,4.03,278.36,0.59,-3.99
2025-08-05T04:11:50.000,2.95,293.24,1.17,-2.71
2025-08-05T04:12:50.000,1.3,112.75,-0.5,1.2
2025-08-05T04:13:50.000,0.26,235.88,-0.15,-0.22
2025-08-05T04:14:50.000,3.04,304.28,1.71,-2.51
2025-08-05T04:15:50.000,1.43,257.57,-0.31,-1.4
2025-08-05T04:16:50.000,2.2,298.55,1.05,-1.93
2025-08-05T04:17:50.000,1.74,253.59,-0.49,-1.67
2025-08-05T04:18:50.000,4.03,283,0.91,-3.93
2025-08-05T04:19:50.000,2.28,280.24,0.41,-2.25
2025-08-05T04:20:50.000,2.88,276.25,0.31,-2.86
2025-08-05T04:21:50.000,3.93,209.86,-3.41,-1.96
2025-08-05T04:22:50.000,3.01,177.48,-3.01,0.13
2025-08-05T04:23:50.000,0.11,189.82,-0.1,-0.02
2025-08-05T04:24:50.000,3.22,202.6,-2.97,-1.24
2025-08-05T04:25:50.000,1.44,269.73,-0.01,-1.44
2025-08-05T04:26:50.000,1.92,322.49,1.52,-1.17
2025-08-05T04:27:50.000,2.69,217.86,-2.12,-1.65
2025-08-05T04:28:50.000,2.83,265.35,-0.23,-2.82
2025-08-05T04:29:50.000,0.89,154.8,-0.8,0.38
2025-08-05T04:30:50.000,2,319.64,1.52,-1.3
2025-08-05T04:31:50.000,2.11,293.04,0.83,-1.94
2025-08-05T04:32:50.000,1.89,205.15,-1.71,-0.8
2025-08-05T04:33:50.000,2.28,269.49,-0.02,-2.28
2025-08-05T04:34:50.000,0.55,301.26,0.29,-0.47
2025-08-05T04:35:50.000,1.79,258.66,-0.35,-1.76
2025-08-05T04:36:50.000,1.3,274.3,0.1,-1.3
2025-08-05T04:37:50.000,2.39,296.06,1.05,-2.15
2025-08-05T04:38:50.000,0.82,216.15,-0.66,-0.49
2025-08-05T04:39:50.000,1.35,258.02,-0.28,-1.32
2025-08-05T04:40:50.000,1.8,320.14,1.38,-1.15
2025-08-05T04:41:50.000,1.45,287.21,0.43,-1.38
2025-08-05T04:42:50.000,0.62,111.72,-0.23,0.58
2025-08-05T04:43:50.000,1.63,128.57,-1.02,1.27
2025-08-05T04:44:50.000,0.78,354.18,0.77,-0.08
2025-08-05T04:45:50.000,0.83,334.26,0.75,-0.36
2025-08-05T04:46:50.000,0.75,302.52,0.4,-0.63
2025-08-05T04:47:50.000,1.38,323.79,1.12,-0.82
2025-08-05T04:48:50.000,3.32,267.56,-0.14,-3.31
2025-08-05T04:49:50.000,1.73,302.54,0.93,-1.46
2025-08-05T04:50:50.000,1.34,282.34,0.29,-1.31
2025-08-05T04:51:50.000,1.37,309.16,0.86,-1.06
2025-08-05T04:52:50.000,1.7,275.73,0.17,-1.69
2025-08-05T04:53:50.000,0.94,336.27,0.86,-0.38
2025-08-05T04:54:50.000,1.56,347.2,1.52,-0.34
2025-08-05T04:55:50.000,2.23,47.61,1.51,1.65
2025-08-05T04:56:50.000,2.45,288.13,0.76,-2.33
2025-08-05T04:57:50.000,1.57,247.97,-0.59,-1.45
2025-08-05T04:58:50.000,0.87,257.7,-0.19,-0.85
2025-08-05T04:59:50.000,0.85,10.02,0.83,0.15
2025-08-05T05:00:50.000,2.95,288.5,0.94,-2.8
2025-08-05T05:01:50.000,2.47,253.86,-0.69,-2.38
2025-08-05T05:02:50.000,2.38,320.48,1.84,-1.52
2025-08-05T05:03:50.000,1.77,285.6,0.48,-1.7
2025-08-05T05:04:50.000,3.34,255.45,-0.84,-3.23
2025-08-05T05:05:50.000,1.33,306.76,0.8,-1.06
2025-08-05T05:06:50.000,1.33,315.54,0.95,-0.93
2025-08-05T05:07:50.000,1.04,310.04,0.67,-0.8
2025-08-05T05:08:50.000,0.8,252.53,-0.24,-0.77
2025-08-05T05:09:50.000,0.89,320.59,0.69,-0.56
2025-08-05T05:10:50.000,2.72,329.8,2.35,-1.37
2025-08-05T05:11:50.000,2.2,198.27,-2.09,-0.69
2025-08-05T05:12:50.000,0.89,239.44,-0.45,-0.77
2025-08-05T05:13:50.000,0.99,308.67,0.62,-0.78
2025-08-05T05:14:50.000,1.59,304.85,0.91,-1.3
2025-08-05T05:15:50.000,3.29,323.57,2.65,-1.95
2025-08-05T05:16:50.000,2.16,236.8,-1.18,-1.8
2025-08-05T05:17:50.000,3.2,306.9,1.92,-2.56
2025-08-05T05:18:50.000,2.81,262.97,-0.34,-2.79
2025-08-05T05:19:50.000,2.24,343.46,2.15,-0.64
2025-08-05T05:20:50.000,2.62,281.11,0.5,-2.57
2025-08-05T05:21:50.000,1.33,256,-0.32,-1.29
2025-08-05T05:22:50.000,0.89,233.94,-0.52,-0.72
2025-08-05T05:23:50.000,3.15,267.43,-0.14,-3.15
2025-08-05T05:24:50.000,1.98,324.06,1.6,-1.16
2025-08-05T05:25:50.000,1.14,254.82,-0.3,-1.1
2025-08-05T05:26:50.000,0.64,338.7,0.59,-0.23
2025-08-05T05:27:50.000,1.7,13.3,1.65,0.39
2025-08-05T05:28:50.000,2.41,288.38,0.76,-2.28
2025-08-05T05:29:50.000,1.16,305.78,0.68,-0.94
2025-08-05T05:30:50.000,1.79,325.22,1.47,-1.02
2025-08-05T05:31:50.000,1.54,15.09,1.49,0.4
2025-08-05T05:32:50.000,1.24,244.67,-0.53,-1.12
2025-08-05T05:33:50.000,1.42,245.26,-0.6,-1.29
2025-08-05T05:34:50.000,3.72,268.34,-0.11,-3.72
2025-08-05T05:35:50.000,1.09,260.12,-0.19,-1.07
2025-08-05T05:36:50.000,2.98,233.18,-1.79,-2.38
2025-08-05T05:37:50.000,0.11,283.29,0.03,-0.11
2025-08-05T05:38:50.000,1.57,241.25,-0.76,-1.38
2025-08-05T05:39:50.000,1.1,287.45,0.33,-1.05
2025-08-05T05:40:50.000,0.84,248.64,-0.31,-0.79
2025-08-05T05:41:50.000,2.66,259.72,-0.48,-2.62
2025-08-05T05:42:50.000,2.59,254.86,-0.68,-2.5
2025-08-05T05:43:50.000,3.77,266.71,-0.22,-3.77
2025-08-05T05:44:50.000,2.42,294.6,1.01,-2.2
2025-08-05T05:45:50.000,2.52,189.51,-2.49,-0.42
2025-08-05T05:46:50.000,2.3,309.39,1.46,-1.78
2025-08-05T05:47:50.000,0.8,297.55,0.37,-0.71
2025-08-05T05:48:50.000,0.9,230.72,-0.57,-0.7
2025-08-05T05:49:50.000,2.85,291.4,1.04,-2.66
2025-08-05T05:50:50.000,1.62,313.23,1.11,-1.18
2025-08-05T05:51:50.000,1.67,332.44,1.48,-0.77
2025-08-05T05:52:50.000,2.17,335.55,1.97,-0.9
2025-08-05T05:53:50.000,0.51,298.59,0.24,-0.45
2025-08-05T05:54:50.000,3.77,312.15,2.53,-2.8
2025-08-05T05:55:50.000,1.82,342.34,1.73,-0.55
2025-08-05T05:56:50.000,2.89,297.49,1.34,-2.57
2025-08-05T05:57:50.000,2.46,289.05,0.8,-2.33
2025-08-05T05:58:50.000,1.26,345.69,1.22,-0.31
2025-08-05T05:59:50.000,1.83,244.17,-0.8,-1.64
2025-08-05T06:00:50.000,2.87,337.27,2.64,-1.11
2025-08-05T06:01:50.000,1.85,238.25,-0.97,-1.57
2025-08-05T06:02:50.000,3.17,194.87,-3.06,-0.81
2025-08-05T06:03:50.000,2.69,223.36,-1.96,-1.85
2025-08-05T06:04:50.000,1.16,228.98,-0.76,-0.87
2025-08-05T06:05:50.000,1.21,294.87,0.51,-1.1
2025-08-05T06:06:50.000,1.78,327.09,1.5,-0.97
2025-08-05T06:07:50.000,5.19,295.52,2.23,-4.68
2025-08-05T06:08:50.000,2.98,316.67,2.17,-2.04
2025-08-05T06:09:50.000,3.69,358.08,3.69,-0.12
2025-08-05T06:10:50.000,5.72,312.24,3.84,-4.23
2025-08-05T06:11:50.000,2.04,312.78,1.38,-1.5
2025-08-05T06:12:50.000,5.91,304.42,3.34,-4.88
2025-08-05T06:13:50.000,1.88,50.61,1.2,1.46
2025-08-05T06:14:50.000,5.61,333.8,5.04,-2.48
2025-08-05T06:15:50.000,1.16,16.36,1.12,0.33
2025-08-05T06:16:50.000,2.5,146.86,-2.09,1.37
2025-08-05T06:17:50.000,1.89,316.68,1.38,-1.3
2025-08-05T06:18:50.000,2.5,305.91,1.47,-2.03
2025-08-05T06:19:50.000,1.92,159.41,-1.79,0.67
2025-08-05T06:20:50.000,2.57,337.63,2.38,-0.98
2025-08-05T06:21:50.000,2.79,273.67,0.18,-2.78
2025-08-05T06:22:50.000,2.08,150.21,-1.81,1.04
2025-08-05T06:23:50.000,2.21,208.81,-1.94,-1.07
2025-08-05T06:24:50.000,1.62,322.68,1.29,-0.98
2025-08-05T06:25:50.000,1.62,234.13,-0.95,-1.31
2025-08-05T06:26:50.000,3.13,245.56,-1.29,-2.85
2025-08-05T06:27:50.000,3.85,292.68,1.49,-3.56
2025-08-05T06:28:50.000,1.53,339.03,1.43,-0.55
2025-08-05T06:29:50.000,0.61,217.35,-0.48,-0.37
2025-08-05T06:30:50.000,1.57,259.19,-0.29,-1.54
2025-08-05T06:31:50.000,2.75,1.6,2.74,0.08
2025-08-05T06:32:50.000,1.54,211.17,-1.32,-0.8
2025-08-05T06:33:50.000,1.72,342.87,1.64,-0.51
2025-08-05T06:34:50.000,2.36,261.53,-0.35,-2.34
2025-08-05T06:35:50.000,0.17,99.63,-0.03,0.17
2025-08-05T06:36:50.000,0.67,244.23,-0.29,-0.61
2025-08-05T06:37:50.000,0.6,263.01,-0.07,-0.59
2025-08-05T06:38:50.000,0.63,238.98,-0.33,-0.54
2025-08-05T06:39:50.000,0.69,294.32,0.29,-0.63
2025-08-05T06:40:50.000,3.02,262.39,-0.4,-2.99
2025-08-05T06:41:50.000,3.02,269.53,-0.02,-3.02
2025-08-05T06:42:50.000,1.53,333.39,1.37,-0.69
2025-08-05T06:43:50.000,2.54,102.34,-0.54,2.48
2025-08-05T06:44:50.000,2.02,165.57,-1.96,0.5
2025-08-05T06:45:50.000,1.79,231.54,-1.11,-1.4
2025-08-05T06:46:50.000,3.71,260.38,-0.62,-3.65
2025-08-05T06:47:50.000,1.9,237.99,-1.01,-1.61
2025-08-05T06:48:50.000,6.09,243.87,-2.68,-5.47
2025-08-05T06:49:50.000,0.87,218.77,-0.68,-0.55
2025-08-05T06:50:50.000,1.06,317.26,0.78,-0.72
2025-08-05T06:51:50.000,3.76,318.53,2.82,-2.49
2025-08-05T06:52:50.000,3.91,262.34,-0.52,-3.88
2025-08-05T06:53:50.000,1.25,346.15,1.22,-0.3
2025-08-05T06:54:50.000,1.67,313.83,1.16,-1.21
2025-08-05T06:55:50.000,3.77,347.64,3.68,-0.81
2025-08-05T06:56:50.000,2.24,10.44,2.21,0.41
2025-08-05T06:57:50.000,1.65,354.67,1.64,-0.15
2025-08-05T06:58:50.000,2.67,302.99,1.45,-2.24
2025-08-05T06:59:50.000,1.62,250.02,-0.55,-1.52
2025-08-05T07:00:50.000,2.88,254.5,-0.77,-2.78
2025-08-05T07:01:50.000,1.1,11.35,1.08,0.22
2025-08-05T07:02:50.000,3.7,306.34,2.2,-2.98
2025-08-05T07:03:50.000,2.01,281.46,0.4,-1.97
2025-08-05T07:04:50.000,2.22,283.55,0.52,-2.16
2025-08-05T07:05:50.000,0.66,358.91,0.66,-0.01
2025-08-05T07:06:50.000,1.22,176.38,-1.21,0.08
2025-08-05T07:07:50.000,2.78,348.34,2.72,-0.56
2025-08-05T07:08:50.000,2.69,11.55,2.63,0.54
2025-08-05T07:09:50.000,2.67,234.83,-1.54,-2.18
2025-08-05T07:10:50.000,2.11,243.8,-0.93,-1.89
2025-08-05T07:11:50.000,0.33,316.76,0.24,-0.22
2025-08-05T07:12:50.000,2.88,0.74,2.88,0.04
2025-08-05T07:13:50.000,1.09,325.48,0.9,-0.62
2025-08-05T07:14:50.000,3.79,300.24,1.91,-3.28
2025-08-05T07:15:50.000,2.99,322.58,2.38,-1.82
2025-08-05T07:16:50.000,2.85,252.33,-0.87,-2.72
2025-08-05T07:17:50.000,2.32,335.88,2.12,-0.95
2025-08-05T07:18:50.000,0.94,283.94,0.23,-0.92
2025-08-05T07:19:50.000,0.31,231.13,-0.19,-0.24
2025-08-05T07:20:50.000,0.56,263.05,-0.07,-0.55
2025-08-05T07:21:50.000,1.7,325.45,1.4,-0.97
2025-08-05T07:22:50.000,2.63,346.56,2.56,-0.61
2025-08-05T07:23:50.000,2.09,356.24,2.08,-0.14
2025-08-05T07:24:50.000,2.39,323.72,1.93,-1.41
2025-08-05T07:25:50.000,2.05,311.39,1.36,-1.54
2025-08-05T07:26:50.000,0.88,36.83,0.7,0.53
2025-08-05T07:27:50.000,1.2,306.03,0.71,-0.97
2025-08-05T07:28:50.000,3.48,314.9,2.46,-2.46
2025-08-05T07:29:50.000,6.47,269.7,-0.03,-6.47
2025-08-05T07:30:50.000,2.03,257.3,-0.45,-1.98
2025-08-05T07:31:50.000,4.06,343.99,3.91,-1.12
2025-08-05T07:32:50.000,1.37,314.23,0.95,-0.98
2025-08-05T07:33:50.000,2.88,255.26,-0.73,-2.79
2025-08-05T07:34:50.000,5.19,308.82,3.25,-4.04
2025-08-05T07:35:50.000,2.82,333.17,2.51,-1.27
2025-08-05T07:36:50.000,0.78,298.52,0.37,-0.68
2025-08-05T07:37:50.000,1.68,309.5,1.07,-1.3
2025-08-05T07:38:50.000,5.68,273.65,0.36,-5.67
2025-08-05T07:39:50.000,2.79,270.13,0.01,-2.79
2025-08-05T07:40:50.000,1.66,266.48,-0.1,-1.65
2025-08-05T07:41:50.000,1.07,260.03,-0.19,-1.06
2025-08-05T07:42:50.000,1.04,342.53,0.99,-0.31
2025-08-05T07:43:50.000,2.33,317.49,1.72,-1.58
2025-08-05T07:44:50.000,1.56,307.26,0.94,-1.24
2025-08-05T07:45:50.000,0.98,332.93,0.88,-0.45
2025-08-05T07:46:50.000,0.96,269.77,0,-0.96
2025-08-05T07:47:50.000,4.01,300.09,2.01,-3.47
2025-08-05T07:48:50.000,3.84,307.61,2.35,-3.05
2025-08-05T07:49:50.000,4.33,290.45,1.51,-4.06
2025-08-05T07:50:50.000,2.23,318.7,1.67,-1.47
2025-08-05T07:51:50.000,3.56,308.1,2.19,-2.8
2025-08-05T07:52:50.000,1.47,315.73,1.05,-1.03
2025-08-05T07:53:50.000,3.58,286.73,1.03,-3.43
2025-08-05T07:54:50.000,1.42,227.54,-0.96,-1.05
2025-08-05T07:55:50.000,3.29,262.2,-0.45,-3.26
2025-08-05T07:56:50.000,3.2,269.33,-0.04,-3.2
2025-08-05T07:57:50.000,3.08,307.48,1.87,-2.44
2025-08-05T07:58:50.000,3.62,278.76,0.55,-3.58
2025-08-05T07:59:50.000,4.78,277.89,0.66,-4.74
2025-08-05T08:00:50.000,2.27,252.75,-0.67,-2.17
2025-08-05T08:01:50.000,3.22,298.2,1.52,-2.84
2025-08-05T08:02:50.000,3.78,296.73,1.7,-3.38
2025-08-05T08:03:50.000,1.93,308.28,1.2,-1.52
2025-08-05T08:04:50.000,1.8,262.86,-0.22,-1.78
2025-08-05T08:05:50.000,1.96,310.45,1.27,-1.49
2025-08-05T08:06:50.000,1.48,282.56,0.32,-1.44
2025-08-05T08:07:50.000,4.01,262.09,-0.55,-3.97
2025-08-05T08:08:50.000,1.79,295.52,0.77,-1.61
2025-08-05T08:09:50.000,8.99,275.32,0.83,-8.95
2025-08-05T08:10:50.000,2.9,239.73,-1.46,-2.5
2025-08-05T08:11:50.000,3.26,291.12,1.18,-3.04
2025-08-05T08:12:50.000,2.28,271.3,0.05,-2.28
2025-08-05T08:13:50.000,2.94,298.78,1.41,-2.57
2025-08-05T08:14:50.000,2.23,261.01,-0.35,-2.2
2025-08-05T08:15:50.000,1.84,287.07,0.54,-1.76
2025-08-05T08:16:50.000,1.36,314.93,0.96,-0.97
2025-08-05T08:17:50.000,1.91,225.38,-1.34,-1.36
2025-08-05T08:18:50.000,2.37,276.75,0.28,-2.35
2025-08-05T08:19:50.000,4.6,235.94,-2.58,-3.81
2025-08-05T08:20:50.000,2.2,195.35,-2.13,-0.58
2025-08-05T08:21:50.000,1.53,200.85,-1.43,-0.55
2025-08-05T08:22:50.000,7.56,271.13,0.15,-7.56
2025-08-05T08:23:50.000,2.86,270.7,0.04,-2.86
2025-08-05T08:24:50.000,3.68,276.03,0.39,-3.66
2025-08-05T08:25:50.000,4.61,268.66,-0.11,-4.61
2025-08-05T08:26:50.000,4.41,274.49,0.35,-4.4
2025-08-05T08:27:50.000,5.91,285.67,1.6,-5.69
2025-08-05T08:28:50.000,1.22,235.27,-0.7,-1
2025-08-05T08:29:50.000,3.08,281.21,0.6,-3.02
2025-08-05T08:30:50.000,2.16,280.19,0.38,-2.13
2025-08-05T08:31:50.000,6.49,262.96,-0.8,-6.44
2025-08-05T08:32:50.000,1.78,261.74,-0.26,-1.76
2025-08-05T08:33:50.000,3.22,295.35,1.38,-2.91
2025-08-05T08:34:50.000,1.73,309.15,1.09,-1.34
2025-08-05T08:35:50.000,5.77,279.63,0.97,-5.69
2025-08-05T08:36:50.000,1,250.64,-0.33,-0.95
2025-08-05T08:37:50.000,3.72,231.6,-2.31,-2.91
2025-08-05T08:38:50.000,5.75,273.22,0.32,-5.74
2025-08-05T08:39:50.000,2.99,293.74,1.2,-2.74
2025-08-05T08:40:50.000,1.58,257.47,-0.34,-1.54
2025-08-05T08:41:50.000,4.59,243.36,-2.06,-4.1
2025-08-05T08:42:50.000,4,277.07,0.49,-3.97
2025-08-05T08:43:50.000,1.06,297.52,0.49,-0.94
2025-08-05T08:44:50.000,2.36,283.63,0.56,-2.29
2025-08-05T08:45:50.000,2.52,243.31,-1.13,-2.25
2025-08-05T08:46:50.000,4.97,265.11,-0.42,-4.95
2025-08-05T08:47:50.000,4.67,288.03,1.44,-4.44
2025-08-05T08:48:50.000,2.37,291.48,0.87,-2.21
2025-08-05T08:49:50.000,1.67,233.22,-1,-1.34
2025-08-05T08:50:50.000,0.6,296.01,0.26,-0.54
2025-08-05T08:51:50.000,3.41,252.45,-1.03,-3.25
2025-08-05T08:52:50.000,4.96,261.68,-0.72,-4.91
2025-08-05T08:53:50.000,2.95,238.96,-1.52,-2.53
2025-08-05T08:54:50.000,2.64,274.31,0.2,-2.63
2025-08-05T08:55:50.000,4.41,268.63,-0.11,-4.41
2025-08-05T08:56:50.000,6.69,262.69,-0.85,-6.63
2025-08-05T08:57:50.000,4.4,270.35,0.03,-4.4
2025-08-05T08:58:50.000,2.74,245.1,-1.15,-2.49
2025-08-05T08:59:50.000,0.96,269.1,-0.02,-0.96
2025-08-05T09:00:50.000,2.6,276.22,0.28,-2.58
2025-08-05T09:01:50.000,3.5,286.74,1.01,-3.35
2025-08-05T09:02:50.000,0.33,297.98,0.16,-0.3
2025-08-05T09:03:50.000,2.12,269.57,-0.02,-2.12
2025-08-05T09:04:50.000,5.35,265.96,-0.38,-5.33
2025-08-05T09:05:50.000,3.47,210.08,-3,-1.74
2025-08-05T09:06:50.000,2.22,212.74,-1.87,-1.2
2025-08-05T09:07:50.000,5.02,266.51,-0.31,-5.01
2025-08-05T09:08:50.000,4.66,239.66,-2.35,-4.02
2025-08-05T09:09:50.000,3.74,258.32,-0.76,-3.66
2025-08-05T09:10:50.000,0.9,241.92,-0.43,-0.8
2025-08-05T09:11:50.000,2.85,300.54,1.45,-2.46
2025-08-05T09:12:50.000,2.91,279.09,0.46,-2.87
2025-08-05T09:13:50.000,3.14,260.78,-0.5,-3.1
2025-08-05T09:14:50.000,5.73,282.76,1.27,-5.59
2025-08-05T09:15:50.000,3.43,312.82,2.33,-2.52
2025-08-05T09:16:50.000,4.28,257.91,-0.9,-4.19
2025-08-05T09:17:50.000,3.54,276.86,0.42,-3.51
2025-08-05T09:18:50.000,2.15,285.14,0.56,-2.08
2025-08-05T09:19:50.000,5.14,269.78,-0.02,-5.14
2025-08-05T09:20:50.000,2.18,284.69,0.55,-2.11
2025-08-05T09:21:50.000,2.74,278.6,0.41,-2.71
2025-08-05T09:22:50.000,1.61,348.98,1.58,-0.31
2025-08-05T09:23:50.000,3.83,250.22,-1.29,-3.6
2025-08-05T09:24:50.000,5.79,246.73,-2.29,-5.32
2025-08-05T09:25:50.000,1.69,315.81,1.21,-1.18
2025-08-05T09:26:50.000,3,274.33,0.23,-2.99
2025-08-05T09:27:50.000,3.67,307.08,2.21,-2.92
2025-08-05T09:28:50.000,1.92,273.16,0.11,-1.91
2025-08-05T09:29:50.000,1.35,276.74,0.16,-1.34
2025-08-05T09:30:50.000,3.33,273.47,0.2,-3.32
2025-08-05T09:31:50.000,2.29,243.22,-1.03,-2.04
2025-08-05T09:32:50.000,2.05,232.7,-1.24,-1.63
2025-08-05T09:33:50.000,2.19,251.77,-0.68,-2.08
2025-08-05T09:34:50.000,3.19,204.42,-2.91,-1.32
2025-08-05T09:35:50.000,4.58,227.12,-3.12,-3.36
2025-08-05T09:36:50.000,3.34,218.42,-2.62,-2.08
2025-08-05T09:37:50.000,2.76,281.99,0.57,-2.7
2025-08-05T09:38:50.000,4.13,242.63,-1.9,-3.67
2025-08-05T09:39:50.000,5.73,280.09,1,-5.64
2025-08-05T09:40:50.000,3.89,244.71,-1.66,-3.52
2025-08-05T09:41:50.000,0.77,300.98,0.4,-0.66
2025-08-05T09:42:50.000,2.02,221.22,-1.52,-1.33
2025-08-05T09:43:50.000,1.8,292.72,0.69,-1.66
2025-08-05T09:44:50.000,1.71,260.22,-0.29,-1.69
2025-08-05T09:45:50.000,3.03,284.06,0.74,-2.94
2025-08-05T09:46:50.000,1.29,255.03,-0.33,-1.25
2025-08-05T09:47:50.000,2.14,319.59,1.63,-1.39
2025-08-05T09:48:50.000,5.63,262.3,-0.75,-5.58
2025-08-05T09:49:50.000,3.51,249.81,-1.21,-3.3
2025-08-05T09:50:50.000,1.96,350.14,1.94,-0.34
2025-08-05T09:51:50.000,2.55,304.04,1.43,-2.12
2025-08-05T09:52:50.000,1.12,206.29,-1,-0.49
2025-08-05T09:53:50.000,1.11,180.94,-1.11,-0.02
2025-08-05T09:54:50.000,0.54,59.41,0.28,0.47
2025-08-05T09:55:50.000,0.41,94.32,-0.03,0.4
2025-08-05T09:56:50.000,3.56,290.98,1.27,-3.32
2025-08-05T09:57:50.000,0.92,214.78,-0.76,-0.53
2025-08-05T09:58:50.000,1.01,245.61,-0.42,-0.92
2025-08-05T09:59:50.000,4.47,232.53,-2.72,-3.55
2025-08-05T10:00:50.000,1.96,301.88,1.04,-1.67
2025-08-05T10:01:50.000,1.73,216.03,-1.4,-1.02
2025-08-05T10:02:50.000,1.34,249.38,-0.47,-1.26
2025-08-05T10:03:50.000,2.31,273.47,0.14,-2.3
2025-08-05T10:04:50.000,0.85,346.75,0.83,-0.2
2025-08-05T10:05:50.000,1.39,354.42,1.38,-0.14
2025-08-05T10:06:50.000,3.19,274,0.22,-3.18
2025-08-05T10:07:50.000,2.54,281.89,0.52,-2.48
2025-08-05T10:08:50.000,2.68,291.02,0.96,-2.5
2025-08-05T10:09:50.000,4.82,300.65,2.46,-4.14
2025-08-05T10:10:50.000,2.34,331.63,2.06,-1.11
2025-08-05T10:11:50.000,2.83,112.15,-1.07,2.62
2025-08-05T10:12:50.000,1.52,299.24,0.74,-1.32
2025-08-05T10:13:50.000,3.22,352.83,3.2,-0.4
2025-08-05T10:14:50.000,4.01,273.5,0.25,-4.01
2025-08-05T10:15:50.000,1.22,278.32,0.18,-1.21
2025-08-05T10:16:50.000,3.93,333.73,3.52,-1.74
2025-08-05T10:17:50.000,2.14,69.07,0.77,2
2025-08-05T10:18:50.000,1,129.29,-0.63,0.77
2025-08-05T10:19:50.000,4.14,306.35,2.45,-3.33
2025-08-05T10:20:50.000,3.59,2.9,3.59,0.18
2025-08-05T10:21:50.000,2.41,49.91,1.55,1.84
2025-08-05T10:22:50.000,2.41,16.75,2.31,0.7
2025-08-05T10:23:50.000,2.84,323.91,2.29,-1.67
2025-08-05T10:24:50.000,5.4,305.08,3.1,-4.42
2025-08-05T10:25:50.000,0.66,150.54,-0.57,0.32
2025-08-05T10:26:50.000,1.76,285.6,0.47,-1.7
2025-08-05T10:27:50.000,8.08,317.49,5.96,-5.46
2025-08-05T10:28:50.000,3.06,282.81,0.68,-2.98
2025-08-05T10:29:50.000,3.01,311,1.98,-2.27
2025-08-05T10:30:50.000,3.5,275.05,0.31,-3.48
2025-08-05T10:31:50.000,3.34,292.92,1.3,-3.08
2025-08-05T10:32:50.000,1.81,160.52,-1.7,0.6
2025-08-05T10:33:50.000,2.75,19.98,2.58,0.94
2025-08-05T10:34:50.000,1.01,322.72,0.8,-0.61
2025-08-05T10:35:50.000,2.53,22.23,2.34,0.96
2025-08-05T10:36:50.000,4.32,302.6,2.33,-3.64
2025-08-05T10:37:50.000,3.53,326.07,2.93,-1.97
2025-08-05T10:38:50.000,2.15,16.99,2.05,0.63
2025-08-05T10:39:50.000,2.65,83.79,0.29,2.64
2025-08-05T10:40:50.000,2.51,333.78,2.25,-1.11
2025-08-05T10:41:50.000,1.51,183.94,-1.51,-0.1
2025-08-05T10:42:50.000,5.26,264.67,-0.49,-5.24
2025-08-05T10:43:50.000,5.13,324.86,4.2,-2.95
2025-08-05T10:44:50.000,3.16,296.56,1.41,-2.82
2025-08-05T10:45:50.000,2.88,316.08,2.07,-2
2025-08-05T10:46:50.000,1.88,245.35,-0.78,-1.7
2025-08-05T10:47:50.000,0.4,8.66,0.4,0.06
2025-08-05T10:48:50.000,3.68,23.76,3.37,1.48
2025-08-05T10:49:50.000,3.07,88.21,0.1,3.06
2025-08-05T10:50:50.000,4.52,10.08,4.46,0.79
2025-08-05T10:51:50.000,7.29,343.19,6.98,-2.11
2025-08-05T10:52:50.000,3.76,82.67,0.48,3.73
2025-08-05T10:53:50.000,3.91,36.75,3.13,2.34
2025-08-05T10:54:50.000,10.01,60.92,4.87,8.75
2025-08-05T10:55:50.000,6.13,124.34,-3.46,5.06
2025-08-05T10:56:50.000,8.54,91.35,-0.2,8.54
2025-08-05T10:57:50.000,4.94,86.11,0.34,4.93
2025-08-05T10:58:50.000,7.38,86.71,0.42,7.37
2025-08-05T10:59:50.000,9.89,68.34,3.65,9.19
2025-08-05T11:00:50.000,5.45,86.61,0.32,5.44
2025-08-05T11:01:50.000,8.64,52.18,5.3,6.82
2025-08-05T11:02:50.000,6.43,82.95,0.79,6.38
2025-08-05T11:03:50.000,5.33,90.2,-0.02,5.33
2025-08-05T11:04:50.000,8.86,89.72,0.04,8.86
2025-08-05T11:05:50.000,4.93,82.5,0.64,4.89
2025-08-05T11:06:50.000,6.79,67.66,2.58,6.28
2025-08-05T11:07:50.000,6.34,87.15,0.32,6.33
2025-08-05T11:08:50.000,8.97,87.98,0.32,8.97
2025-08-05T11:09:50.000,6.22,59.1,3.2,5.34
2025-08-05T11:10:50.000,6.03,118.23,-2.85,5.31
2025-08-05T11:11:50.000,5.02,93.22,-0.28,5.01
2025-08-05T11:12:50.000,3.69,63.19,1.66,3.29
2025-08-05T11:13:50.000,3.03,49.03,1.99,2.29
2025-08-05T11:14:50.000,6.5,62.39,3.01,5.76
2025-08-05T11:15:50.000,3.69,67.03,1.44,3.4
2025-08-05T11:16:50.000,8.64,68.23,3.2,8.02
2025-08-05T11:17:50.000,6.48,69.88,2.23,6.08
2025-08-05T11:18:50.000,3.65,87.22,0.18,3.64
2025-08-05T11:19:50.000,6.55,94.04,-0.46,6.53
2025-08-05T11:20:50.000,10.16,93.86,-0.68,10.14
2025-08-05T11:21:50.000,4.72,110.13,-1.63,4.43
2025-08-05T11:22:50.000,7.85,77.2,1.74,7.66
2025-08-05T11:23:50.000,5.37,75.45,1.35,5.2
2025-08-05T11:24:50.000,3.41,99.33,-0.55,3.36
2025-08-05T11:25:50.000,3.75,38.42,2.94,2.33
2025-08-05T11:26:50.000,12.49,69.31,4.41,11.68
2025-08-05T11:27:50.000,6.86,72.81,2.03,6.56
2025-08-05T11:28:50.000,4.26,93.59,-0.27,4.25
2025-08-05T11:29:50.000,4.19,97.06,-0.52,4.16
2025-08-05T11:30:50.000,4.92,90.85,-0.07,4.92
2025-08-05T11:31:50.000,6.77,60.42,3.34,5.89
2025-08-05T11:32:50.000,3.29,96.48,-0.37,3.27
2025-08-05T11:33:50.000,6.72,84.14,0.69,6.68
2025-08-05T11:34:50.000,2.25,110.11,-0.77,2.11
2025-08-05T11:35:50.000,4.68,90.48,-0.04,4.68
2025-08-05T11:36:50.000,6.46,102.87,-1.44,6.3
2025-08-05T11:37:50.000,6.25,110.87,-2.23,5.84
2025-08-05T11:38:50.000,14.76,88.89,0.28,14.76
2025-08-05T11:39:50.000,5.94,109.69,-2,5.59
2025-08-05T11:40:50.000,7.28,68.27,2.7,6.76
2025-08-05T11:41:50.000,5.08,105.6,-1.37,4.9
2025-08-05T11:42:50.000,3.25,105.31,-0.86,3.14
2025-08-05T11:43:50.000,6.56,66.11,2.66,6
2025-08-05T11:44:50.000,3.27,84.27,0.33,3.25
2025-08-05T11:45:50.000,4.94,70.31,1.67,4.65
2025-08-05T11:46:50.000,4.65,139.58,-3.54,3.01
2025-08-05T11:47:50.000,2.36,103.34,-0.54,2.3
2025-08-05T11:48:50.000,2.82,101.43,-0.56,2.76
2025-08-05T11:49:50.000,3.96,73.24,1.14,3.79
2025-08-05T11:50:50.000,4.75,92.92,-0.24,4.75
2025-08-05T11:51:50.000,4.19,78.94,0.8,4.12
2025-08-05T11:52:50.000,3.43,121.15,-1.77,2.93
2025-08-05T11:53:50.000,2.53,103.33,-0.58,2.46
2025-08-05T11:54:50.000,6.6,100.63,-1.22,6.49
2025-08-05T11:55:50.000,4.44,79.74,0.79,4.37
2025-08-05T11:56:50.000,4.34,71.88,1.35,4.13
2025-08-05T11:57:50.000,5.09,141.37,-3.97,3.18
2025-08-05T11:58:50.000,4.02,98.08,-0.56,3.98
2025-08-05T11:59:50.000,4.02,97.23,-0.51,3.99
2025-08-05T12:00:50.000,2.48,100.84,-0.47,2.43
2025-08-05T12:01:50.000,3.11,70.95,1.01,2.94
2025-08-05T12:02:50.000,3.02,86.34,0.19,3.02
2025-08-05T12:03:50.000,5.66,110.04,-1.94,5.32
2025-08-05T12:04:50.000,2.65,93.75,-0.17,2.64
2025-08-05T12:05:50.000,5.05,79.7,0.9,4.97
2025-08-05T12:06:50.000,2.3,106.32,-0.65,2.21
2025-08-05T12:07:50.000,8.21,70.48,2.74,7.74
2025-08-05T12:08:50.000,3.75,59.33,1.91,3.23
2025-08-05T12:09:50.000,5.1,88.65,0.12,5.1
2025-08-05T12:10:50.000,4,105.6,-1.08,3.85
2025-08-05T12:11:50.000,4.36,78.57,0.86,4.27
2025-08-05T12:12:50.000,3.09,60.12,1.54,2.68
2025-08-05T12:13:50.000,4.12,69.67,1.43,3.86
2025-08-05T12:14:50.000,5.98,100.03,-1.04,5.89
2025-08-05T12:15:50.000,3.79,106.1,-1.05,3.64
2025-08-05T12:16:50.000,1.82,69.51,0.64,1.71
2025-08-05T12:17:50.000,5.34,64.45,2.3,4.82
2025-08-05T12:18:50.000,2.96,80.71,0.48,2.92
2025-08-05T12:19:50.000,3.76,97.97,-0.52,3.73
2025-08-05T12:20:50.000,3.62,105.06,-0.94,3.5
2025-08-05T12:21:50.000,3.64,75.6,0.91,3.53
2025-08-05T12:22:50.000,1.13,57.94,0.6,0.96
2025-08-05T12:23:50.000,1.5,84.36,0.15,1.49
2025-08-05T12:24:50.000,3.16,65.87,1.29,2.88
2025-08-05T12:25:50.000,2.21,116.01,-0.97,1.99
2025-08-05T12:26:50.000,1.53,97.66,-0.2,1.51
2025-08-05T12:27:50.000,2.15,49.61,1.39,1.64
2025-08-05T12:28:50.000,3.34,116.13,-1.47,3
2025-08-05T12:29:50.000,2.48,90.67,-0.03,2.48
2025-08-05T12:30:50.000,2.58,130.59,-1.68,1.96
2025-08-05T12:31:50.000,3.14,91.68,-0.09,3.14
2025-08-05T12:32:50.000,2.54,72.29,0.77,2.42
2025-08-05T12:33:50.000,4.23,59.31,2.16,3.64
2025-08-05T12:34:50.000,3.6,52.32,2.2,2.85
2025-08-05T12:35:50.000,3.59,116.7,-1.61,3.21
2025-08-05T12:36:50.000,2.37,129.94,-1.52,1.82
2025-08-05T12:37:50.000,1.91,103.33,-0.44,1.86
2025-08-05T12:38:50.000,2.42,70.48,0.81,2.28
2025-08-05T12:39:50.000,2.62,60.28,1.3,2.28
2025-08-05T12:40:50.000,1.54,71.25,0.5,1.46
2025-08-05T12:41:50.000,2.12,89.46,0.02,2.12
2025-08-05T12:42:50.000,4.01,50.48,2.55,3.09
2025-08-05T12:43:50.000,2.51,73.33,0.72,2.4
2025-08-05T12:44:50.000,3.58,47.21,2.43,2.63
2025-08-05T12:45:50.000,1.75,121.64,-0.92,1.49
2025-08-05T12:46:50.000,1.83,97.69,-0.24,1.81
2025-08-05T12:47:50.000,0.66,90.77,-0.01,0.66
2025-08-05T12:48:50.000,1.27,61.5,0.61,1.12
2025-08-05T12:49:50.000,2.82,65.82,1.16,2.57
2025-08-05T12:50:50.000,1.77,40.14,1.35,1.14
2025-08-05T12:51:50.000,2.91,56.75,1.59,2.43
2025-08-05T12:52:50.000,5.42,44.96,3.84,3.83
2025-08-05T12:53:50.000,3.65,67.56,1.39,3.37
2025-08-05T12:54:50.000,1.93,26.42,1.72,0.86
2025-08-05T12:55:50.000,3.11,6.47,3.09,0.35
2025-08-05T12:56:50.000,4.1,66.66,1.63,3.77
2025-08-05T12:57:50.000,1.87,66.4,0.75,1.71
2025-08-05T12:58:50.000,2.36,59.66,1.19,2.04
2025-08-05T12:59:50.000,2.25,13.75,2.19,0.53
2025-08-05T13:00:50.000,3.72,22.92,3.43,1.45
2025-08-05T13:01:50.000,1.95,118.57,-0.93,1.71
2025-08-05T13:02:50.000,0.23,45.4,0.16,0.16
2025-08-05T13:03:50.000,1.58,180.69,-1.58,-0.02
2025-08-05T13:04:50.000,1.15,25.84,1.03,0.5
2025-08-05T13:05:50.000,1.07,288.89,0.35,-1.01
2025-08-05T13:06:50.000,2.94,8.18,2.91,0.42
2025-08-05T13:07:50.000,2.51,1.88,2.5,0.08
2025-08-05T13:08:50.000,2.42,335.89,2.21,-0.99
2025-08-05T13:09:50.000,2.13,70.98,0.7,2.02
2025-08-05T13:10:50.000,2.14,142.01,-1.69,1.32
2025-08-05T13:11:50.000,1.41,70.41,0.47,1.33
2025-08-05T13:12:50.000,3.52,283.3,0.81,-3.43
2025-08-05T13:13:50.000,2.86,5.21,2.85,0.26
2025-08-05T13:14:50.000,1.44,310.99,0.95,-1.09
2025-08-05T13:15:50.000,2.08,25.9,1.87,0.91
2025-08-05T13:16:50.000,2.83,24.76,2.57,1.19
2025-08-05T13:17:50.000,4.56,39.76,3.51,2.92
2025-08-05T13:18:50.000,0.95,4.29,0.95,0.07
2025-08-05T13:19:50.000,1.16,357.23,1.16,-0.06
2025-08-05T13:20:50.000,2.07,23.72,1.89,0.83
2025-08-05T13:21:50.000,2.85,119.88,-1.42,2.47
2025-08-05T13:22:50.000,3.23,57.53,1.73,2.73
2025-08-05T13:23:50.000,2.34,29.8,2.03,1.16
2025-08-05T13:24:50.000,1.67,35.37,1.36,0.97
2025-08-05T13:25:50.000,1.26,1.63,1.25,0.04
2025-08-05T13:26:50.000,1.35,21.77,1.25,0.5
2025-08-05T13:27:50.000,3.6,81.06,0.56,3.56
2025-08-05T13:28:50.000,3.15,125.02,-1.81,2.58
2025-08-05T13:29:50.000,1.07,237.82,-0.57,-0.91
2025-08-05T13:30:50.000,1.03,82.56,0.13,1.02
2025-08-05T13:31:50.000,1.02,51.75,0.63,0.8
2025-08-05T13:32:50.000,3.1,64.26,1.35,2.8
2025-08-05T13:33:50.000,3.75,84.41,0.37,3.73
2025-08-05T13:34:50.000,2.87,54.25,1.68,2.33
2025-08-05T13:35:50.000,2.95,45.89,2.06,2.12
2025-08-05T13:36:50.000,1.74,44.99,1.23,1.23
2025-08-05T13:37:50.000,3.45,76.66,0.8,3.36
2025-08-05T13:38:50.000,2.25,103.17,-0.51,2.19
2025-08-05T13:39:50.000,1.88,126.96,-1.13,1.5
2025-08-05T13:40:50.000,2.6,95.43,-0.25,2.59
2025-08-05T13:41:50.000,1.01,58.98,0.52,0.86
2025-08-05T13:42:50.000,1.14,117.27,-0.52,1.01
2025-08-05T13:43:50.000,1.82,90.46,-0.01,1.82
2025-08-05T13:44:50.000,4.34,83.89,0.46,4.32
2025-08-05T13:45:50.000,1.94,158.45,-1.81,0.71
2025-08-05T13:46:50.000,1.02,12.27,1,0.22
2025-08-05T13:47:50.000,2.54,316.63,1.85,-1.75
2025-08-05T13:48:50.000,1.33,142.09,-1.05,0.82
2025-08-05T13:49:50.000,1.03,213.22,-0.86,-0.56
2025-08-05T13:50:50.000,1.53,14.57,1.48,0.38
2025-08-05T13:51:50.000,1.47,119.03,-0.72,1.29
2025-08-05T13:52:50.000,0.56,193.92,-0.55,-0.14
2025-08-05T13:53:50.000,1.02,63.15,0.46,0.91
2025-08-05T13:54:50.000,1.16,279.03,0.18,-1.15
2025-08-05T13:55:50.000,1,35.95,0.81,0.59
2025-08-05T13:56:50.000,2.07,209.22,-1.8,-1.01
2025-08-05T13:57:50.000,0.5,288.35,0.16,-0.47
2025-08-05T13:58:50.000,2.51,72,0.78,2.39
2025-08-05T13:59:50.000,1.03,101.35,-0.2,1.01
2025-08-05T14:00:50.000,0.85,175.65,-0.85,0.06
2025-08-05T14:01:50.000,2.37,191.85,-2.32,-0.49
2025-08-05T14:02:50.000,0.46,215.36,-0.37,-0.26
2025-08-05T14:03:50.000,1.28,165.01,-1.23,0.33
2025-08-05T14:04:50.000,1.96,354.77,1.95,-0.18
2025-08-05T14:05:50.000,2.7,56.89,1.48,2.26
2025-08-05T14:06:50.000,1.41,80.8,0.23,1.39
2025-08-05T14:07:50.000,1.68,99.51,-0.28,1.66
2025-08-05T14:08:50.000,1.95,82.16,0.27,1.94
2025-08-05T14:09:50.000,0.82,245.79,-0.34,-0.75
2025-08-05T14:10:50.000,1.95,347.38,1.9,-0.43
2025-08-05T14:11:50.000,1.01,44.11,0.73,0.71
2025-08-05T14:12:50.000,3.11,139.55,-2.37,2.02
2025-08-05T14:13:50.000,0.46,108.14,-0.14,0.44
2025-08-05T14:14:50.000,1.48,279.5,0.24,-1.46
2025-08-05T14:15:50.000,0.79,231.96,-0.48,-0.62
2025-08-05T14:16:50.000,1.9,74.99,0.49,1.83
2025-08-05T14:17:50.000,1.71,81.15,0.26,1.69
2025-08-05T14:18:50.000,0.7,134.31,-0.49,0.5
2025-08-05T14:19:50.000,3.33,53.91,1.96,2.69
2025-08-05T14:20:50.000,1.67,334.46,1.51,-0.72
2025-08-05T14:21:50.000,2.57,102.48,-0.56,2.51
2025-08-05T14:22:50.000,2.37,47.79,1.59,1.75
2025-08-05T14:23:50.000,1.49,254.85,-0.39,-1.44
2025-08-05T14:24:50.000,0.59,155.35,-0.53,0.24
2025-08-05T14:25:50.000,1.79,102.5,-0.39,1.75
2025-08-05T14:26:50.000,0.33,346.52,0.32,-0.08
2025-08-05T14:27:50.000,2.35,62.28,1.09,2.08
2025-08-05T14:28:50.000,2.63,257.07,-0.59,-2.57
2025-08-05T14:29:50.000,1.79,211.76,-1.52,-0.94
2025-08-05T14:30:50.000,2.06,116.09,-0.91,1.85
2025-08-05T14:31:50.000,0.74,111.68,-0.27,0.68
2025-08-05T14:32:50.000,2.97,39.06,2.3,1.87
2025-08-05T14:33:50.000,5.03,63.88,2.22,4.52
2025-08-05T14:34:50.000,1.54,78.48,0.31,1.51
2025-08-05T14:35:50.000,1.65,115.11,-0.7,1.49
2025-08-05T14:36:50.000,1.41,113.82,-0.57,1.29
2025-08-05T14:37:50.000,0.38,67.14,0.15,0.35
2025-08-05T14:38:50.000,0.49,79.86,0.09,0.48
2025-08-05T14:39:50.000,1.76,122.96,-0.96,1.47
2025-08-05T14:40:50.000,1.82,309.1,1.15,-1.41
2025-08-05T14:41:50.000,1.94,40.35,1.48,1.26
2025-08-05T14:42:50.000,0.26,210.71,-0.22,-0.13
2025-08-05T14:43:50.000,2.3,38.48,1.8,1.43
2025-08-05T14:44:50.000,1.78,54,1.05,1.44
2025-08-05T14:45:50.000,2.33,53.71,1.38,1.88
2025-08-05T14:46:50.000,3.02,54.74,1.74,2.46
2025-08-05T14:47:50.000,3.17,73.84,0.88,3.04
2025-08-05T14:48:50.000,5.21,67.21,2.02,4.8
2025-08-05T14:49:50.000,2.83,65.78,1.16,2.58
2025-08-05T14:50:50.000,1.43,81.6,0.21,1.41
2025-08-05T14:51:50.000,1.47,85.03,0.13,1.47
2025-08-05T14:52:50.000,0.79,85.34,0.06,0.79
2025-08-05T14:53:50.000,3.44,53.81,2.03,2.77
2025-08-05T14:54:50.000,1.88,70.72,0.62,1.78
2025-08-05T14:55:50.000,3.08,56.67,1.69,2.58
2025-08-05T14:56:50.000,2.02,42.45,1.49,1.36
2025-08-05T14:57:50.000,2.03,73.93,0.56,1.95
2025-08-05T14:58:50.000,4.31,75.6,1.07,4.17
2025-08-05T14:59:50.000,2.42,42.26,1.79,1.63
2025-08-05T15:00:50.000,1.63,136.69,-1.19,1.12
2025-08-05T15:01:50.000,1.65,3.83,1.65,0.11
2025-08-05T15:02:50.000,1.96,25.62,1.77,0.85
2025-08-05T15:03:50.000,3.05,50.65,1.93,2.36
2025-08-05T15:04:50.000,2.46,69.2,0.87,2.3
2025-08-05T15:05:50.000,2.23,77.99,0.46,2.18
2025-08-05T15:06:50.000,1.44,111.82,-0.54,1.34
2025-08-05T15:07:50.000,2.92,44.81,2.07,2.06
2025-08-05T15:08:50.000,1.31,67.49,0.5,1.21
2025-08-05T15:09:50.000,3.7,60.44,1.83,3.22
2025-08-05T15:10:50.000,1.71,64.1,0.75,1.54
2025-08-05T15:11:50.000,1.05,91.67,-0.03,1.05
2025-08-05T15:12:50.000,1.61,56.51,0.89,1.34
2025-08-05T15:13:50.000,2.55,77.24,0.56,2.49
2025-08-05T15:14:50.000,1.53,66.23,0.62,1.4
2025-08-05T15:15:50.000,0.22,12.23,0.21,0.05
2025-08-05T15:16:50.000,0.89,17.29,0.85,0.27
2025-08-05T15:17:50.000,1.31,8.03,1.3,0.18
2025-08-05T15:18:50.000,1.56,84.38,0.15,1.55
2025-08-05T15:19:50.000,2.6,62.02,1.22,2.29
2025-08-05T15:20:50.000,1.11,76.14,0.27,1.08
2025-08-05T15:21:50.000,2.75,82.65,0.35,2.73
2025-08-05T15:22:50.000,0.98,55.67,0.55,0.81
2025-08-05T15:23:50.000,1.59,68.89,0.57,1.48
2025-08-05T15:24:50.000,1.42,46.95,0.97,1.04
2025-08-05T15:25:50.000,1.39,59.53,0.71,1.2
2025-08-05T15:26:50.000,2.67,22.64,2.47,1.03
2025-08-05T15:27:50.000,1.69,178.95,-1.69,0.03
2025-08-05T15:28:50.000,1.02,233.09,-0.61,-0.82
2025-08-05T15:29:50.000,1.86,73.6,0.52,1.78
2025-08-05T15:30:50.000,3.09,80.31,0.52,3.05
2025-08-05T15:31:50.000,1.6,55.47,0.9,1.31
2025-08-05T15:32:50.000,1.09,46.25,0.75,0.79
2025-08-05T15:33:50.000,1.63,1.91,1.63,0.05
2025-08-05T15:34:50.000,1.7,13.96,1.65,0.41
2025-08-05T15:35:50.000,1.69,77.91,0.35,1.66
2025-08-05T15:36:50.000,1.59,70.97,0.52,1.5
2025-08-05T15:37:50.000,0.45,37.17,0.36,0.27
2025-08-05T15:38:50.000,2.28,52.34,1.39,1.8
2025-08-05T15:39:50.000,1.43,110.31,-0.5,1.34
2025-08-05T15:40:50.000,3.77,61.43,1.8,3.31
2025-08-05T15:41:50.000,0.84,339.23,0.79,-0.3
2025-08-05T15:42:50.000,2.66,45.98,1.85,1.91
2025-08-05T15:43:50.000,2.46,68.52,0.9,2.29
2025-08-05T15:44:50.000,1.04,65.99,0.42,0.95
2025-08-05T15:45:50.000,3.91,72.46,1.18,3.73
2025-08-05T15:46:50.000,2.39,18.18,2.27,0.75
2025-08-05T15:47:50.000,3,75.34,0.76,2.9
2025-08-05T15:48:50.000,2.12,85.77,0.16,2.11
2025-08-05T15:49:50.000,1.65,67.73,0.63,1.53
2025-08-05T15:50:50.000,0.81,115.06,-0.34,0.73
2025-08-05T15:51:50.000,1.93,47.69,1.3,1.42
2025-08-05T15:52:50.000,2.63,63.37,1.18,2.35
2025-08-05T15:53:50.000,2.16,101.73,-0.44,2.12
2025-08-05T15:54:50.000,1.08,70.58,0.36,1.02
2025-08-05T15:55:50.000,1.89,28.67,1.66,0.91
2025-08-05T15:56:50.000,1.27,79.17,0.24,1.25
2025-08-05T15:57:50.000,0.84,345.41,0.81,-0.21
2025-08-05T15:58:50.000,1.67,29.47,1.46,0.82
2025-08-05T15:59:50.000,0.94,109.42,-0.31,0.89
2025-08-05T16:00:50.000,1.71,3.08,1.71,0.09
2025-08-05T16:01:50.000,0.24,46.67,0.17,0.18
2025-08-05T16:02:50.000,3.3,32.48,2.78,1.77
2025-08-05T16:03:50.000,3.08,22.32,2.85,1.17
2025-08-05T16:04:50.000,2.38,27.55,2.11,1.1
2025-08-05T16:05:50.000,2.51,5.79,2.5,0.25
2025-08-05T16:06:50.000,3.03,37.88,2.39,1.86
2025-08-05T16:07:50.000,3.05,2.54,3.04,0.14
2025-08-05T16:08:50.000,3.23,51.14,2.03,2.51
2025-08-05T16:09:50.000,3.31,79.82,0.59,3.26
2025-08-05T16:10:50.000,2.36,43.61,1.71,1.62
2025-08-05T16:11:50.000,1.69,124.29,-0.95,1.4
2025-08-05T16:12:50.000,1.6,94.44,-0.12,1.59
2025-08-05T16:13:50.000,1.93,332.88,1.72,-0.88
2025-08-05T16:14:50.000,1.07,332.38,0.94,-0.49
2025-08-05T16:15:50.000,2.34,16.16,2.24,0.65
2025-08-05T16:16:50.000,1.79,316.16,1.29,-1.24
2025-08-05T16:17:50.000,2.43,329.07,2.08,-1.25
2025-08-05T16:18:50.000,4.34,294.81,1.82,-3.94
2025-08-05T16:19:50.000,1.64,183.24,-1.64,-0.09
2025-08-05T16:20:50.000,1.86,6.13,1.85,0.2
2025-08-05T16:21:50.000,6.02,282.07,1.26,-5.89
2025-08-05T16:22:50.000,2.77,290.98,0.99,-2.58
2025-08-05T16:23:50.000,0.63,273.77,0.04,-0.63
2025-08-05T16:24:50.000,2.82,277.52,0.37,-2.8
2025-08-05T16:25:50.000,3.86,278.79,0.59,-3.82
2025-08-05T16:26:50.000,1.63,336.93,1.5,-0.64
2025-08-05T16:27:50.000,1.88,326.28,1.56,-1.04
2025-08-05T16:28:50.000,1.46,342.25,1.39,-0.44
2025-08-05T16:29:50.000,4.99,294.96,2.1,-4.52
2025-08-05T16:30:50.000,3.92,306.1,2.31,-3.17
2025-08-05T16:31:50.000,6.86,298.52,3.27,-6.03
2025-08-05T16:32:50.000,2.23,288.65,0.71,-2.11
2025-08-05T16:33:50.000,6.18,303.73,3.43,-5.14
2025-08-05T16:34:50.000,2.53,322.98,2.02,-1.53
2025-08-05T16:35:50.000,5.74,323.97,4.65,-3.38
2025-08-05T16:36:50.000,6.52,276.27,0.71,-6.48
2025-08-05T16:37:50.000,4.34,281.21,0.84,-4.26
2025-08-05T16:38:50.000,7.4,294.39,3.06,-6.74
2025-08-05T16:39:50.000,4.14,297.93,1.94,-3.66
2025-08-05T16:40:50.000,6.79,298.03,3.19,-5.99
2025-08-05T16:41:50.000,3.46,303.16,1.89,-2.9
2025-08-05T16:42:50.000,2.37,262.12,-0.32,-2.35
2025-08-05T16:43:50.000,5.59,269.46,-0.05,-5.59
2025-08-05T16:44:50.000,2.8,256.45,-0.66,-2.72
2025-08-05T16:45:50.000,3.71,295.64,1.61,-3.35
2025-08-05T16:46:50.000,4.21,309.31,2.67,-3.26
2025-08-05T16:47:50.000,1.83,243.53,-0.82,-1.64
2025-08-05T16:48:50.000,4.07,347.14,3.97,-0.91
2025-08-05T16:49:50.000,5.89,318.11,4.38,-3.93
2025-08-05T16:50:50.000,6.06,285.05,1.57,-5.85
2025-08-05T16:51:50.000,2.39,323.59,1.92,-1.42
2025-08-05T16:52:50.000,1.94,250.92,-0.63,-1.84
2025-08-05T16:53:50.000,1.56,336.29,1.43,-0.63
2025-08-05T16:54:50.000,3.05,313.42,2.09,-2.21
2025-08-05T16:55:50.000,3.37,314.17,2.35,-2.42
2025-08-05T16:56:50.000,5.56,323.7,4.48,-3.29
2025-08-05T16:57:50.000,4.07,344.88,3.92,-1.06
2025-08-05T16:58:50.000,8.52,292.77,3.3,-7.85
2025-08-05T16:59:50.000,4.42,309.53,2.81,-3.41
2025-08-05T17:00:50.000,4.49,297.85,2.1,-3.97
2025-08-05T17:01:50.000,6.1,291.17,2.2,-5.69
2025-08-05T17:02:50.000,5.56,305.4,3.22,-4.53
2025-08-05T17:03:50.000,6.64,289.61,2.23,-6.25
2025-08-05T17:04:50.000,6.53,295.52,2.81,-5.89
2025-08-05T17:05:50.000,6.61,311.11,4.34,-4.98
2025-08-05T17:06:50.000,4.83,312.84,3.28,-3.54
2025-08-05T17:07:50.000,3.78,294.89,1.59,-3.43
2025-08-05T17:08:50.000,2.7,314.39,1.89,-1.93
2025-08-05T17:09:50.000,2.82,288.44,0.89,-2.68
2025-08-05T17:10:50.000,0.65,333.92,0.59,-0.29
2025-08-05T17:11:50.000,5.38,313.71,3.72,-3.89
2025-08-05T17:12:50.000,8.06,316.04,5.8,-5.59
2025-08-05T17:13:50.000,3.05,324.91,2.5,-1.76
2025-08-05T17:14:50.000,4.83,313.86,3.35,-3.48
2025-08-05T17:15:50.000,3.97,300.23,2,-3.43
2025-08-05T17:16:50.000,4.05,278.53,0.6,-4
2025-08-05T17:17:50.000,4.95,257.71,-1.05,-4.84
2025-08-05T17:18:50.000,4,298.28,1.9,-3.53
2025-08-05T17:19:50.000,4.03,287.59,1.22,-3.84
2025-08-05T17:20:50.000,2.7,276.91,0.32,-2.68
2025-08-05T17:21:50.000,7.65,291.97,2.86,-7.1
2025-08-05T17:22:50.000,4.55,292.5,1.74,-4.2
2025-08-05T17:23:50.000,6.49,272.39,0.27,-6.48
2025-08-05T17:24:50.000,7.92,297.36,3.64,-7.04
2025-08-05T17:25:50.000,6.01,312.18,4.03,-4.45
2025-08-05T17:26:50.000,4.44,326.78,3.71,-2.43
2025-08-05T17:27:50.000,8.94,302.36,4.79,-7.55
2025-08-05T17:28:50.000,2.63,349.39,2.59,-0.48
2025-08-05T17:29:50.000,5.44,309.33,3.45,-4.21
2025-08-05T17:30:50.000,0.87,317.92,0.65,-0.59
2025-08-05T17:31:50.000,5.44,328.16,4.62,-2.87
2025-08-05T17:32:50.000,6.86,310.3,4.44,-5.23
2025-08-05T17:33:50.000,8.72,297.16,3.98,-7.76
2025-08-05T17:34:50.000,8.39,307.66,5.12,-6.64
2025-08-05T17:35:50.000,4.36,307.28,2.64,-3.47
2025-08-05T17:36:50.000,4.86,297.08,2.21,-4.32
2025-08-05T17:37:50.000,3.15,312.22,2.12,-2.34
2025-08-05T17:38:50.000,6.26,308.49,3.9,-4.9
2025-08-05T17:39:50.000,7.12,300.61,3.63,-6.13
2025-08-05T17:40:50.000,4.64,324.29,3.77,-2.71
2025-08-05T17:41:50.000,5.2,335.72,4.74,-2.14
2025-08-05T17:42:50.000,5.29,329.13,4.54,-2.71
2025-08-05T17:43:50.000,8.1,286.28,2.27,-7.77
2025-08-05T17:44:50.000,6.14,327.08,5.16,-3.34
2025-08-05T17:45:50.000,8.02,295.88,3.5,-7.21
2025-08-05T17:46:50.000,7.66,323.44,6.15,-4.56
2025-08-05T17:47:50.000,7.46,331.21,6.54,-3.59
2025-08-05T17:48:50.000,5.6,306.4,3.32,-4.51
2025-08-05T17:49:50.000,5.81,320.85,4.5,-3.67
2025-08-05T17:50:50.000,7.22,306.56,4.3,-5.8
2025-08-05T17:51:50.000,7.27,325.38,5.99,-4.13
2025-08-05T17:52:50.000,8.36,302.71,4.52,-7.03
2025-08-05T17:53:50.000,10.3,301.41,5.37,-8.79
2025-08-05T17:54:50.000,10.76,286.35,3.03,-10.32
2025-08-05T17:55:50.000,4.42,299.24,2.16,-3.86
2025-08-05T17:56:50.000,3.65,316.41,2.64,-2.51
2025-08-05T17:57:50.000,4.2,340.75,3.96,-1.38
2025-08-05T17:58:50.000,3.01,355.55,3,-0.23
2025-08-05T17:59:50.000,5.91,331.55,5.19,-2.81
2025-08-05T18:00:50.000,6.99,292.02,2.62,-6.48
2025-08-05T18:01:50.000,4.86,298.64,2.33,-4.26
2025-08-05T18:02:50.000,3.53,316.01,2.54,-2.45
2025-08-05T18:03:50.000,2.42,334.02,2.17,-1.06
2025-08-05T18:04:50.000,3.68,307.89,2.26,-2.9
2025-08-05T18:05:50.000,4.13,327.16,3.47,-2.24
2025-08-05T18:06:50.000,6.12,293.25,2.42,-5.63
2025-08-05T18:07:50.000,4.81,337.22,4.44,-1.86
2025-08-05T18:08:50.000,8.42,278.67,1.27,-8.32
2025-08-05T18:09:50.000,5.27,277.96,0.73,-5.22
2025-08-05T18:10:50.000,5.12,317.62,3.78,-3.45
2025-08-05T18:11:50.000,3.66,318.85,2.76,-2.41
2025-08-05T18:12:50.000,4.14,326.27,3.44,-2.3
2025-08-05T18:13:50.000,1.71,324.88,1.4,-0.98
2025-08-05T18:14:50.000,5.74,290.39,2,-5.38
2025-08-05T18:15:50.000,4.04,308.45,2.51,-3.16
2025-08-05T18:16:50.000,1.49,29.43,1.29,0.73
2025-08-05T18:17:50.000,6.61,310.29,4.28,-5.05
2025-08-05T18:18:50.000,4.59,315.1,3.25,-3.24
2025-08-05T18:19:50.000,4.06,327.03,3.41,-2.21
2025-08-05T18:20:50.000,4.54,281.83,0.93,-4.44
2025-08-05T18:21:50.000,5.19,285.59,1.4,-5
2025-08-05T18:22:50.000,4.6,280.49,0.84,-4.53
2025-08-05T18:23:50.000,9.09,294.71,3.8,-8.26
2025-08-05T18:24:50.000,2.03,276.95,0.25,-2.01
2025-08-05T18:25:50.000,4.66,266.32,-0.3,-4.65
2025-08-05T18:26:50.000,3.31,292.66,1.28,-3.06
2025-08-05T18:27:50.000,4.23,294.73,1.77,-3.84
2025-08-05T18:28:50.000,3.45,257.58,-0.74,-3.37
2025-08-05T18:29:50.000,1.94,277.53,0.25,-1.92
2025-08-05T18:30:50.000,3.64,311.27,2.4,-2.74
2025-08-05T18:31:50.000,3.43,333.56,3.07,-1.53
2025-08-05T18:32:50.000,3.49,302.18,1.86,-2.95
2025-08-05T18:33:50.000,2.8,286.52,0.8,-2.69
2025-08-05T18:34:50.000,4.31,298.54,2.06,-3.79
2025-08-05T18:35:50.000,3.21,269.6,-0.02,-3.21
2025-08-05T18:36:50.000,2.36,309.72,1.51,-1.81
2025-08-05T18:37:50.000,2.43,297.31,1.11,-2.16
2025-08-05T18:38:50.000,2.41,2.53,2.41,0.11
2025-08-05T18:39:50.000,1.32,338.48,1.23,-0.49
2025-08-05T18:40:50.000,2.73,340.07,2.56,-0.93
2025-08-05T18:41:50.000,2.99,270.56,0.03,-2.99
2025-08-05T18:42:50.000,3.32,299.6,1.64,-2.89
2025-08-05T18:43:50.000,2.69,302.39,1.44,-2.27
2025-08-05T18:44:50.000,1.92,305.74,1.12,-1.56
2025-08-05T18:45:50.000,1.71,314.38,1.2,-1.22
2025-08-05T18:46:50.000,3.54,254.31,-0.96,-3.41
2025-08-05T18:47:50.000,2.45,317.37,1.81,-1.66
2025-08-05T18:48:50.000,2.18,275.51,0.21,-2.17
2025-08-05T18:49:50.000,2.34,353.94,2.33,-0.25
2025-08-05T18:50:50.000,4.63,289.8,1.57,-4.36
2025-08-05T18:51:50.000,2.95,300.74,1.51,-2.54
2025-08-05T18:52:50.000,5.49,293.57,2.2,-5.03
2025-08-05T18:53:50.000,4.06,285.73,1.1,-3.91
2025-08-05T18:54:50.000,2.38,283.07,0.54,-2.32
2025-08-05T18:55:50.000,2.28,6.5,2.26,0.26
2025-08-05T18:56:50.000,2.32,330.12,2.01,-1.16
2025-08-05T18:57:50.000,4.8,303.63,2.66,-4
2025-08-05T18:58:50.000,3.14,267.43,-0.14,-3.14
2025-08-05T18:59:50.000,3.84,304.73,2.19,-3.16
2025-08-05T19:00:50.000,4.37,321.17,3.4,-2.74
2025-08-05T19:01:50.000,5.53,301.34,2.88,-4.72
2025-08-05T19:02:50.000,3.39,349.32,3.33,-0.63
2025-08-05T19:03:50.000,2.68,310.16,1.73,-2.05
2025-08-05T19:04:50.000,1.83,332,1.62,-0.86
2025-08-05T19:05:50.000,1.62,336.82,1.48,-0.64
2025-08-05T19:06:50.000,2.51,354.5,2.5,-0.24
2025-08-05T19:07:50.000,5.8,289.77,1.96,-5.46
2025-08-05T19:08:50.000,1.1,68.69,0.4,1.02
2025-08-05T19:09:50.000,1.34,310.61,0.87,-1.02
2025-08-05T19:10:50.000,0.6,38.43,0.47,0.37
2025-08-05T19:11:50.000,1.36,50.87,0.86,1.06
2025-08-05T19:12:50.000,2.82,316.55,2.04,-1.94
2025-08-05T19:13:50.000,1.44,30.51,1.24,0.73
2025-08-05T19:14:50.000,2.09,274.94,0.18,-2.08
2025-08-05T19:15:50.000,2.4,346.3,2.33,-0.57
2025-08-05T19:16:50.000,2.97,318,2.2,-1.98
2025-08-05T19:17:50.000,1.81,357.29,1.81,-0.09
2025-08-05T19:18:50.000,0.75,315.73,0.54,-0.53
2025-08-05T19:19:50.000,2.45,298.95,1.19,-2.15
2025-08-05T19:20:50.000,2.42,295.38,1.04,-2.19
2025-08-05T19:21:50.000,1.28,340.23,1.21,-0.43
2025-08-05T19:22:50.000,2.04,353.35,2.03,-0.24
2025-08-05T19:23:50.000,1.81,312.75,1.23,-1.33
2025-08-05T19:24:50.000,1.32,337.58,1.22,-0.5
2025-08-05T19:25:50.000,4.63,333.26,4.13,-2.08
2025-08-05T19:26:50.000,3.53,329.98,3.06,-1.77
2025-08-05T19:27:50.000,1.43,3.55,1.43,0.09
2025-08-05T19:28:50.000,4.37,335.23,3.97,-1.83
2025-08-05T19:29:50.000,2.1,340.14,1.98,-0.71
2025-08-05T19:30:50.000,1.85,8.82,1.83,0.28
2025-08-05T19:31:50.000,1.94,358.69,1.94,-0.04
2025-08-05T19:32:50.000,3.27,334.05,2.94,-1.43
2025-08-05T19:33:50.000,3.07,344.02,2.95,-0.85
2025-08-05T19:34:50.000,1.74,342.09,1.66,-0.54
2025-08-05T19:35:50.000,2.84,356.76,2.84,-0.16
2025-08-05T19:36:50.000,2.67,303.95,1.49,-2.22
2025-08-05T19:37:50.000,2.74,316.15,1.97,-1.9
2025-08-05T19:38:50.000,0.68,279.53,0.11,-0.67
2025-08-05T19:39:50.000,1.58,326.23,1.31,-0.88
2025-08-05T19:40:50.000,2.36,359.21,2.36,-0.03
2025-08-05T19:41:50.000,1.53,359.61,1.53,-0.01
2025-08-05T19:42:50.000,2.98,317.26,2.19,-2.02
2025-08-05T19:43:50.000,0.1,144.92,-0.08,0.06
2025-08-05T19:44:50.000,2.51,342.44,2.39,-0.76
2025-08-05T19:45:50.000,2.45,328.41,2.09,-1.29
2025-08-05T19:46:50.000,3.28,340.32,3.09,-1.11
2025-08-05T19:47:50.000,2.97,288.13,0.92,-2.82
2025-08-05T19:48:50.000,3.75,326.85,3.14,-2.05
2025-08-05T19:49:50.000,0.97,72.17,0.3,0.92
2025-08-05T19:50:50.000,2.5,351.25,2.47,-0.38
2025-08-05T19:51:50.000,2.83,347.75,2.76,-0.6
2025-08-05T19:52:50.000,1.37,315.82,0.98,-0.95
2025-08-05T19:53:50.000,4.35,318.58,3.26,-2.88
2025-08-05T19:54:50.000,3.7,332.76,3.29,-1.7
2025-08-05T19:55:50.000,4.27,348.69,4.19,-0.84
2025-08-05T19:56:50.000,2.03,339.87,1.9,-0.7
2025-08-05T19:57:50.000,1.41,318.02,1.05,-0.94
2025-08-05T19:58:50.000,2.11,340.37,1.99,-0.71
2025-08-05T19:59:50.000,2.79,10.19,2.75,0.49
2025-08-05T20:00:50.000,1.81,27.69,1.61,0.84
2025-08-05T20:01:50.000,2.76,316.2,1.99,-1.91
2025-08-05T20:02:50.000,1.49,318.25,1.11,-0.99
2025-08-05T20:03:50.000,2.32,306.54,1.38,-1.86
2025-08-05T20:04:50.000,1.83,336.87,1.69,-0.72
2025-08-05T20:05:50.000,1.94,332.16,1.72,-0.91
2025-08-05T20:06:50.000,1.74,339.56,1.63,-0.61
2025-08-05T20:07:50.000,2.01,11.09,1.97,0.39
2025-08-05T20:08:50.000,1.98,14.34,1.92,0.49
2025-08-05T20:09:50.000,1.2,56.92,0.66,1.01
2025-08-05T20:10:50.000,1.05,32.36,0.89,0.56
2025-08-05T20:11:50.000,1.67,7.15,1.65,0.21
2025-08-05T20:12:50.000,2.91,12.12,2.85,0.61
2025-08-05T20:13:50.000,1.6,34.69,1.31,0.91
2025-08-05T20:14:50.000,1.5,30.83,1.28,0.77
2025-08-05T20:15:50.000,2.58,27.57,2.28,1.19
2025-08-05T20:16:50.000,2.48,18.45,2.35,0.79
2025-08-05T20:17:50.000,1.47,47.63,0.99,1.08
2025-08-05T20:18:50.000,2.14,21.55,1.99,0.79
2025-08-05T20:19:50.000,1.24,72.78,0.37,1.19
2025-08-05T20:20:50.000,1.93,48.43,1.28,1.44
2025-08-05T20:21:50.000,0.61,69.17,0.22,0.57
2025-08-05T20:22:50.000,1.2,62.84,0.55,1.07
2025-08-05T20:23:50.000,2.26,47.6,1.52,1.67
2025-08-05T20:24:50.000,2.43,18.8,2.3,0.78
2025-08-05T20:25:50.000,0.93,1.15,0.93,0.02
2025-08-05T20:26:50.000,0.35,15.35,0.33,0.09
2025-08-05T20:27:50.000,2.28,14.05,2.21,0.55
2025-08-05T20:28:50.000,1.92,28.25,1.69,0.91
2025-08-05T20:29:50.000,0.56,39.01,0.44,0.35
2025-08-05T20:30:50.000,0.33,183.12,-0.33,-0.02
2025-08-05T20:31:50.000,1.18,11.1,1.16,0.23
2025-08-05T20:32:50.000,0.97,33.74,0.81,0.54
2025-08-05T20:33:50.000,1.1,72.92,0.32,1.05
2025-08-05T20:34:50.000,0.68,13.03,0.66,0.15
2025-08-05T20:35:50.000,1.78,47.8,1.19,1.32
2025-08-05T20:36:50.000,1.36,4.78,1.36,0.11
2025-08-05T20:37:50.000,0.88,55.83,0.5,0.73
2025-08-05T20:38:50.000,0.19,264.71,-0.02,-0.18
2025-08-05T20:39:50.000,1.97,205.45,-1.78,-0.85
2025-08-05T20:40:50.000,0.49,209.36,-0.43,-0.24
2025-08-05T20:41:50.000,1.03,279.66,0.17,-1.01
2025-08-05T20:42:50.000,0.64,237.81,-0.34,-0.54
2025-08-05T20:43:50.000,3.81,269.83,-0.01,-3.81
2025-08-05T20:44:50.000,0.69,304.12,0.39,-0.57
2025-08-05T20:45:50.000,2.35,284.82,0.6,-2.27
2025-08-05T20:46:50.000,2.84,275.93,0.29,-2.82
2025-08-05T20:47:50.000,0.57,220.49,-0.44,-0.37
2025-08-05T20:48:50.000,1.4,283.27,0.32,-1.36
2025-08-05T20:49:50.000,1.48,268.61,-0.04,-1.48
2025-08-05T20:50:50.000,0.57,297.89,0.27,-0.5
2025-08-05T20:51:50.000,1.12,298.19,0.53,-0.98
2025-08-05T20:52:50.000,1.88,339.62,1.76,-0.65
2025-08-05T20:53:50.000,0.85,245.73,-0.35,-0.78
2025-08-05T20:54:50.000,1.1,243.19,-0.5,-0.98
2025-08-05T20:55:50.000,1.84,324.69,1.5,-1.06
2025-08-05T20:56:50.000,1.16,59.97,0.58,1
2025-08-05T20:57:50.000,2.69,316.93,1.96,-1.84
2025-08-05T20:58:50.000,2.88,331.37,2.53,-1.38
2025-08-05T20:59:50.000,2.96,307.57,1.8,-2.34
2025-08-05T21:00:50.000,2.58,275.41,0.24,-2.56
2025-08-05T21:01:50.000,1.97,289.43,0.65,-1.86
2025-08-05T21:02:50.000,0.87,3.94,0.87,0.06
2025-08-05T21:03:50.000,2.12,12.73,2.07,0.47
2025-08-05T21:04:50.000,1.54,349.05,1.51,-0.29
2025-08-05T21:05:50.000,0.75,5.19,0.75,0.07
2025-08-05T21:06:50.000,2.31,325.8,1.91,-1.3
2025-08-05T21:07:50.000,1.32,355.02,1.31,-0.11
2025-08-05T21:08:50.000,1.67,303.87,0.93,-1.39
2025-08-05T21:09:50.000,1.97,296.2,0.87,-1.77
2025-08-05T21:10:50.000,1.57,266.74,-0.09,-1.57
2025-08-05T21:11:50.000,1.89,9.58,1.86,0.31
2025-08-05T21:12:50.000,2.8,328.46,2.39,-1.47
2025-08-05T21:13:50.000,1.64,343.21,1.57,-0.47
2025-08-05T21:14:50.000,0.62,67.41,0.24,0.57
2025-08-05T21:15:50.000,1.01,3.41,1.01,0.06
2025-08-05T21:16:50.000,1.32,289.43,0.44,-1.25
2025-08-05T21:17:50.000,3.9,339.63,3.66,-1.36
2025-08-05T21:18:50.000,0.85,333.7,0.76,-0.38
2025-08-05T21:19:50.000,1.5,27.3,1.33,0.69
2025-08-05T21:20:50.000,1.33,0.58,1.33,0.01
2025-08-05T21:21:50.000,1.64,16.94,1.57,0.48
2025-08-05T21:22:50.000,2.88,317.97,2.14,-1.93
2025-08-05T21:23:50.000,1.47,43.01,1.07,1
2025-08-05T21:24:50.000,1.86,303.74,1.03,-1.55
2025-08-05T21:25:50.000,2.96,314.05,2.06,-2.13
2025-08-05T21:26:50.000,1.17,335.56,1.07,-0.48
2025-08-05T21:27:50.000,0.83,35.35,0.68,0.48
2025-08-05T21:28:50.000,1.31,37.55,1.04,0.8
2025-08-05T21:29:50.000,1.81,44.72,1.28,1.27
2025-08-05T21:30:50.000,1.42,15.24,1.37,0.37
2025-08-05T21:31:50.000,1.82,38.26,1.43,1.13
2025-08-05T21:32:50.000,1.56,301.54,0.82,-1.33
2025-08-05T21:33:50.000,1.5,354.92,1.49,-0.13
2025-08-05T21:34:50.000,1.77,39.18,1.38,1.12
2025-08-05T21:35:50.000,1.4,323.02,1.12,-0.84
2025-08-05T21:36:50.000,2.49,307.7,1.52,-1.97
2025-08-05T21:37:50.000,1.77,332.63,1.57,-0.81
2025-08-05T21:38:50.000,0.56,54.01,0.33,0.45
2025-08-05T21:39:50.000,0.5,17.86,0.47,0.15
2025-08-05T21:40:50.000,1.32,47.93,0.89,0.98
2025-08-05T21:41:50.000,1.17,358.17,1.16,-0.04
2025-08-05T21:42:50.000,1.84,63.87,0.81,1.65
2025-08-05T21:43:50.000,0.94,51.02,0.59,0.73
2025-08-05T21:44:50.000,0.52,88.19,0.02,0.52
2025-08-05T21:45:50.000,1.25,32,1.06,0.66
2025-08-05T21:46:50.000,0.52,17.69,0.5,0.16
2025-08-05T21:47:50.000,2.05,8.68,2.03,0.31
2025-08-05T21:48:50.000,1.02,358.63,1.02,-0.02
2025-08-05T21:49:50.000,1.19,59.91,0.6,1.03
2025-08-05T21:50:50.000,0.85,335.34,0.77,-0.35
2025-08-05T21:51:50.000,1.04,297.21,0.47,-0.92
2025-08-05T21:52:50.000,1.78,15.13,1.71,0.46
2025-08-05T21:53:50.000,0.32,283.29,0.07,-0.31
2025-08-05T21:54:50.000,0.36,328.01,0.31,-0.19
2025-08-05T21:55:50.000,0.68,100.64,-0.12,0.66
2025-08-05T21:56:50.000,0.65,71.19,0.21,0.62
2025-08-05T21:57:50.000,2.2,354.7,2.19,-0.2
2025-08-05T21:58:50.000,1.35,73.71,0.38,1.29
2025-08-05T21:59:50.000,1.8,76.24,0.43,1.74
2025-08-05T22:00:50.000,2.04,60.39,1.01,1.78
2025-08-05T22:01:50.000,2.09,66.19,0.84,1.91
2025-08-05T22:02:50.000,1.73,72.9,0.51,1.65
2025-08-05T22:03:50.000,1,60.72,0.49,0.87
2025-08-05T22:04:50.000,1.35,106.98,-0.39,1.29
2025-08-05T22:05:50.000,1.51,81.39,0.23,1.49
2025-08-05T22:06:50.000,1.83,70.59,0.61,1.73
2025-08-05T22:07:50.000,1.76,83.45,0.2,1.74
2025-08-05T22:08:50.000,1.58,95.16,-0.14,1.57
2025-08-05T22:09:50.000,0.44,52.21,0.27,0.35
2025-08-05T22:10:50.000,1.43,52.71,0.86,1.14
2025-08-05T22:11:50.000,1.01,73.7,0.28,0.97
2025-08-05T22:12:50.000,0.7,35.14,0.57,0.4
2025-08-05T22:13:50.000,2.39,38.71,1.86,1.49
2025-08-05T22:14:50.000,2.18,35.16,1.79,1.26
2025-08-05T22:15:50.000,1.96,38.11,1.55,1.21
2025-08-05T22:16:50.000,1.39,44.17,0.99,0.97
2025-08-05T22:17:50.000,1.75,48.82,1.15,1.32
2025-08-05T22:18:50.000,0.97,49.79,0.62,0.74
2025-08-05T22:19:50.000,0.77,33.02,0.65,0.42
2025-08-05T22:20:50.000,0.67,48.14,0.45,0.5
2025-08-05T22:21:50.000,1.14,64.99,0.48,1.03
2025-08-05T22:22:50.000,1.59,13.12,1.55,0.36
2025-08-05T22:23:50.000,1.3,49.34,0.84,0.98
2025-08-05T22:24:50.000,1.44,60.71,0.71,1.26
2025-08-05T22:25:50.000,1.53,68.65,0.56,1.42
2025-08-05T22:26:50.000,0.99,46.72,0.68,0.72
2025-08-05T22:27:50.000,1.16,107.77,-0.35,1.1
2025-08-05T22:28:50.000,1.66,72.76,0.49,1.59
2025-08-05T22:29:50.000,0.68,58.21,0.36,0.58
2025-08-05T22:30:50.000,0.94,85.44,0.08,0.94
2025-08-05T22:31:50.000,1.34,13.26,1.31,0.31
2025-08-05T22:32:50.000,1.41,80.42,0.23,1.39
2025-08-05T22:33:50.000,0.85,48.24,0.57,0.63
2025-08-05T22:34:50.000,1.2,46.21,0.83,0.87
2025-08-05T22:35:50.000,1.35,28.39,1.19,0.64
2025-08-05T22:36:50.000,1.42,81.97,0.2,1.41
2025-08-05T22:37:50.000,2,85.76,0.15,1.99
2025-08-05T22:38:50.000,1.12,112.67,-0.43,1.04
2025-08-05T22:39:50.000,0.99,53.98,0.58,0.8
2025-08-05T22:40:50.000,1.52,72.59,0.45,1.45
2025-08-05T22:41:50.000,0.58,32,0.49,0.31
2025-08-05T22:42:50.000,1.66,62.62,0.76,1.47
2025-08-05T22:43:50.000,1.38,71.25,0.44,1.31
2025-08-05T22:44:50.000,1.25,80.9,0.2,1.24
2025-08-05T22:45:50.000,1.16,94.12,-0.08,1.16
2025-08-05T22:46:50.000,1.03,101.71,-0.21,1
2025-08-05T22:47:50.000,0.94,68.55,0.34,0.87
2025-08-05T22:48:50.000,1.43,129.46,-0.91,1.1
2025-08-05T22:49:50.000,1.96,94.79,-0.16,1.96
2025-08-05T22:50:50.000,1.56,98.88,-0.24,1.54
2025-08-05T22:51:50.000,1.45,130.33,-0.94,1.1
2025-08-05T22:52:50.000,1.69,47.87,1.13,1.25
2025-08-05T22:53:50.000,1.08,84.46,0.1,1.08
2025-08-05T22:54:50.000,0.91,67.69,0.35,0.84
2025-08-05T22:55:50.000,1.74,25.37,1.58,0.75
2025-08-05T22:56:50.000,1.85,103.63,-0.44,1.8
2025-08-05T22:57:50.000,1.36,94.57,-0.11,1.35
2025-08-05T22:58:50.000,1.05,59.28,0.54,0.9
2025-08-05T22:59:50.000,1.17,21.36,1.09,0.43
2025-08-05T23:00:50.000,1.38,84.43,0.13,1.37
2025-08-05T23:01:50.000,1.12,90.74,-0.01,1.12
2025-08-05T23:02:50.000,1.21,77.86,0.26,1.19
2025-08-05T23:03:50.000,1.66,44.69,1.18,1.17
2025-08-05T23:04:50.000,1.3,80.81,0.21,1.28
2025-08-05T23:05:50.000,1.9,86.65,0.11,1.89
2025-08-05T23:06:50.000,1.41,95.42,-0.13,1.4
2025-08-05T23:07:50.000,1.37,59.26,0.7,1.18
2025-08-05T23:08:50.000,1.35,50.47,0.86,1.04
2025-08-05T23:09:50.000,1.95,70.51,0.65,1.84
2025-08-05T23:10:50.000,1.67,69.47,0.59,1.57
2025-08-05T23:11:50.000,1.44,143.97,-1.16,0.85
2025-08-05T23:12:50.000,1.26,41.99,0.93,0.84
2025-08-05T23:13:50.000,1.57,105.87,-0.43,1.51
2025-08-05T23:14:50.000,0.78,41.16,0.59,0.51
2025-08-05T23:15:50.000,1.52,66.06,0.62,1.39
2025-08-05T23:16:50.000,2.44,41.63,1.82,1.62
2025-08-05T23:17:50.000,1.93,51.35,1.2,1.5
2025-08-05T23:18:50.000,1.53,146.93,-1.28,0.83
2025-08-05T23:19:50.000,1.22,1.17,1.22,0.02
2025-08-05T23:20:50.000,1.13,110.61,-0.4,1.06
2025-08-05T23:21:50.000,1.88,85.85,0.14,1.88
2025-08-05T23:22:50.000,2.12,88.1,0.07,2.12
2025-08-05T23:23:50.000,1.24,88.77,0.03,1.24
2025-08-05T23:24:50.000,1.21,81.42,0.18,1.2
2025-08-05T23:25:50.000,1.24,74,0.34,1.19
2025-08-05T23:26:50.000,0.98,114.29,-0.4,0.89
2025-08-05T23:27:50.000,0.81,134.82,-0.57,0.57
2025-08-05T23:28:50.000,0.93,76.74,0.21,0.9
2025-08-05T23:29:50.000,0.91,101.39,-0.18,0.89
2025-08-05T23:30:50.000,1.41,83.09,0.17,1.4
2025-08-05T23:31:50.000,1.71,101.97,-0.35,1.67
2025-08-05T23:32:50.000,1.27,112.13,-0.48,1.18
2025-08-05T23:33:50.000,2.45,80.41,0.41,2.41
2025-08-05T23:34:50.000,2.24,112.02,-0.84,2.08
2025-08-05T23:35:50.000,1.16,29.87,1.01,0.58
2025-08-05T23:36:50.000,2.38,60.44,1.17,2.07
2025-08-05T23:37:50.000,1.83,53.41,1.09,1.47
2025-08-05T23:38:50.000,0.88,53.61,0.52,0.71
2025-08-05T23:39:50.000,1.92,54.18,1.12,1.55
2025-08-05T23:40:50.000,1.53,19.92,1.44,0.52
2025-08-05T23:41:50.000,1.16,63.06,0.53,1.04
2025-08-05T23:42:50.000,2.04,91.41,-0.05,2.04
2025-08-05T23:43:50.000,1.37,48.94,0.9,1.03
2025-08-05T23:44:50.000,2.23,37.2,1.77,1.35
2025-08-05T23:45:50.000,1.25,69.48,0.44,1.17
2025-08-05T23:46:50.000,1.26,37.38,1,0.76
2025-08-05T23:47:50.000,1.96,33.08,1.64,1.07
2025-08-05T23:48:50.000,1.46,72.2,0.45,1.39
2025-08-05T23:49:50.000,2.58,37.11,2.06,1.56
2025-08-05T23:50:50.000,0.73,50.85,0.46,0.56
2025-08-05T23:51:50.000,0.78,23.96,0.71,0.32
2025-08-05T23:52:50.000,1.32,32.21,1.12,0.7
2025-08-05T23:53:50.000,1.41,125.6,-0.82,1.15
2025-08-05T23:54:50.000,1.71,76.38,0.4,1.66
2025-08-05T23:55:50.000,1.58,46.09,1.09,1.14
2025-08-05T23:56:50.000,1.87,106.31,-0.52,1.79
2025-08-05T23:57:50.000,1.24,61.04,0.6,1.08
2025-08-05T23:58:50.000,1.72,121.75,-0.91,1.46
2025-08-05T23:59:50.000,1.61,68.96,0.58,1.5
2025-08-06T00:00:50.000,2.13,64.46,0.92,1.92
2025-08-06T00:01:50.000,2.21,106.45,-0.62,2.11
2025-08-06T00:02:50.000,1.31,328.26,1.12,-0.69
2025-08-06T00:03:50.000,3.04,118.17,-1.44,2.68
2025-08-06T00:04:50.000,1.75,92.23,-0.07,1.75
2025-08-06T00:05:50.000,1.45,62.56,0.67,1.28
2025-08-06T00:06:50.000,3.08,112.57,-1.18,2.84
2025-08-06T00:07:50.000,2.29,79.53,0.42,2.25
2025-08-06T00:08:50.000,0.94,36.61,0.76,0.56
2025-08-06T00:09:50.000,1.06,96.89,-0.13,1.05
2025-08-06T00:10:50.000,1.35,131.45,-0.89,1.01
2025-08-06T00:11:50.000,1.84,40.6,1.4,1.2
2025-08-06T00:12:50.000,1.36,94.85,-0.12,1.36
2025-08-06T00:13:50.000,1.92,30.64,1.65,0.98
2025-08-06T00:14:50.000,0.5,117.32,-0.23,0.45
2025-08-06T00:15:50.000,1.55,72.25,0.47,1.48
2025-08-06T00:16:50.000,1.17,353.56,1.16,-0.13
2025-08-06T00:17:50.000,1.41,130.61,-0.92,1.07
2025-08-06T00:18:50.000,1.52,81.71,0.22,1.5
2025-08-06T00:19:50.000,0.85,51.65,0.53,0.67
2025-08-06T00:20:50.000,1.48,71.26,0.48,1.4
2025-08-06T00:21:50.000,1.33,49.45,0.86,1.01
2025-08-06T00:22:50.000,0.7,116.75,-0.31,0.62
2025-08-06T00:23:50.000,1.11,34.1,0.92,0.62
2025-08-06T00:24:50.000,2.27,97.06,-0.28,2.25
2025-08-06T00:25:50.000,1.57,73.8,0.44,1.51
2025-08-06T00:26:50.000,0.95,55.23,0.54,0.78
2025-08-06T00:27:50.000,1.07,64.34,0.46,0.96
2025-08-06T00:28:50.000,3.55,89.88,0.01,3.55
2025-08-06T00:29:50.000,2.01,95.13,-0.18,2
2025-08-06T00:30:50.000,0.66,82.06,0.09,0.65
2025-08-06T00:31:50.000,1.51,112.92,-0.59,1.39
2025-08-06T00:32:50.000,2.61,96.5,-0.3,2.6
2025-08-06T00:33:50.000,1.65,119.92,-0.82,1.43
2025-08-06T00:34:50.000,1.61,68.49,0.59,1.5
2025-08-06T00:35:50.000,1.68,40.17,1.28,1.08
2025-08-06T00:36:50.000,1.08,62.19,0.5,0.95
2025-08-06T00:37:50.000,1.37,57.21,0.74,1.15
2025-08-06T00:38:50.000,1.13,128.26,-0.7,0.89
2025-08-06T00:39:50.000,1.39,74.99,0.36,1.34
2025-08-06T00:40:50.000,2.87,63.42,1.28,2.57
2025-08-06T00:41:50.000,1.64,63.77,0.72,1.47
2025-08-06T00:42:50.000,1.31,109.46,-0.43,1.23
2025-08-06T00:43:50.000,0.67,16.76,0.64,0.19
2025-08-06T00:44:50.000,1.22,39.17,0.94,0.77
2025-08-06T00:45:50.000,1.32,82.03,0.18,1.31
2025-08-06T00:46:50.000,0.96,72.27,0.29,0.91
2025-08-06T00:47:50.000,1.42,54.77,0.82,1.16
2025-08-06T00:48:50.000,2.12,41.76,1.58,1.41
2025-08-06T00:49:50.000,0.76,43.93,0.55,0.53
2025-08-06T00:50:50.000,0.39,188.53,-0.39,-0.06
2025-08-06T00:51:50.000,1.02,51.57,0.63,0.8
2025-08-06T00:52:50.000,1.05,51.87,0.65,0.82
2025-08-06T00:53:50.000,1.07,112.27,-0.4,0.99
2025-08-06T00:54:50.000,1.05,69.45,0.37,0.98
2025-08-06T00:55:50.000,1.59,76.31,0.38,1.55
2025-08-06T00:56:50.000,1.01,52.3,0.62,0.8
2025-08-06T00:57:50.000,0.83,94.62,-0.07,0.83
2025-08-06T00:58:50.000,1.44,66.09,0.59,1.32
2025-08-06T00:59:50.000,1.76,61.05,0.85,1.54
2025-08-06T01:00:50.000,2.14,67.29,0.83,1.97
2025-08-06T01:01:50.000,1.5,55.62,0.85,1.24
2025-08-06T01:02:50.000,0.93,68.04,0.35,0.86
2025-08-06T01:03:50.000,1.19,91.09,-0.02,1.19
2025-08-06T01:04:50.000,2.04,102.08,-0.43,1.99
2025-08-06T01:05:50.000,2.57,56.12,1.43,2.13
2025-08-06T01:06:50.000,2.62,29.91,2.27,1.3
2025-08-06T01:07:50.000,2.73,43.5,1.98,1.88
2025-08-06T01:08:50.000,2.38,47.67,1.6,1.76
2025-08-06T01:09:50.000,2.56,42.76,1.88,1.74
2025-08-06T01:10:50.000,1.91,81.54,0.28,1.89
2025-08-06T01:11:50.000,2.14,43.9,1.54,1.49
2025-08-06T01:12:50.000,2.06,38.61,1.61,1.29
2025-08-06T01:13:50.000,1.97,36.97,1.57,1.19
2025-08-06T01:14:50.000,1.59,40.81,1.2,1.04
2025-08-06T01:15:50.000,2.58,13.01,2.51,0.58
2025-08-06T01:16:50.000,1.66,39.25,1.29,1.05
2025-08-06T01:17:50.000,1.82,38.09,1.43,1.12
2025-08-06T01:18:50.000,1.64,33.62,1.36,0.91
2025-08-06T01:19:50.000,1.73,68.23,0.64,1.61
2025-08-06T01:20:50.000,2.31,54.77,1.33,1.89
2025-08-06T01:21:50.000,0.96,43.01,0.7,0.65
2025-08-06T01:22:50.000,1.95,50.14,1.25,1.49
2025-08-06T01:23:50.000,2.15,54.26,1.26,1.75
2025-08-06T01:24:50.000,1.63,74.16,0.44,1.57
2025-08-06T01:25:50.000,0.93,67.3,0.36,0.86
2025-08-06T01:26:50.000,2.16,33.58,1.8,1.19
2025-08-06T01:27:50.000,2.48,57.4,1.33,2.09
2025-08-06T01:28:50.000,1.73,48.47,1.15,1.29
2025-08-06T01:29:50.000,2.44,61.65,1.16,2.14
2025-08-06T01:30:50.000,1.51,78.44,0.3,1.48
2025-08-06T01:31:50.000,2.25,36.82,1.8,1.35
2025-08-06T01:32:50.000,1.55,48.82,1.02,1.16
2025-08-06T01:33:50.000,2.17,57.75,1.16,1.84
2025-08-06T01:34:50.000,1.86,28.22,1.64,0.88
2025-08-06T01:35:50.000,1.6,50.59,1.02,1.24
2025-08-06T01:36:50.000,2.13,29.14,1.86,1.04
2025-08-06T01:37:50.000,1.07,58.18,0.56,0.91
2025-08-06T01:38:50.000,1.69,88.62,0.04,1.69
2025-08-06T01:39:50.000,1.91,55.79,1.08,1.58
2025-08-06T01:40:50.000,2.53,34.6,2.08,1.44
2025-08-06T01:41:50.000,2.73,53.27,1.63,2.19
2025-08-06T01:42:50.000,1.03,66.25,0.41,0.94
2025-08-06T01:43:50.000,1.47,77.29,0.32,1.44
2025-08-06T01:44:50.000,2.19,47.71,1.47,1.62
2025-08-06T01:45:50.000,1.96,53.09,1.18,1.57
2025-08-06T01:46:50.000,1.29,62.96,0.58,1.15
2025-08-06T01:47:50.000,1.09,83.03,0.13,1.08
2025-08-06T01:48:50.000,1.55,26.64,1.38,0.69
2025-08-06T01:49:50.000,2.07,58.87,1.07,1.77
2025-08-06T01:50:50.000,2.41,46.65,1.66,1.75
2025-08-06T01:51:50.000,2.47,26.72,2.21,1.11
2025-08-06T01:52:50.000,1.93,40.97,1.46,1.27
2025-08-06T01:53:50.000,1.44,24.62,1.3,0.6
2025-08-06T01:54:50.000,1.71,35,1.4,0.98
2025-08-06T01:55:50.000,2.02,19.98,1.9,0.69
2025-08-06T01:56:50.000,2.23,41.67,1.67,1.48
2025-08-06T01:57:50.000,2.17,40.18,1.66,1.4
2025-08-06T01:58:50.000,1.81,30.49,1.56,0.92
2025-08-06T01:59:50.000,1.07,43.42,0.78,0.74
2025-08-06T02:00:50.000,1.95,51.7,1.21,1.53
2025-08-06T02:01:50.000,1.95,29.7,1.69,0.97
2025-08-06T02:02:50.000,1.38,51.13,0.87,1.08
2025-08-06T02:03:50.000,2.91,21.84,2.7,1.08
2025-08-06T02:04:50.000,2.07,37.43,1.64,1.26
2025-08-06T02:05:50.000,1.76,48.53,1.17,1.32
2025-08-06T02:06:50.000,2,28.3,1.76,0.95
2025-08-06T02:07:50.000,2.39,17.44,2.28,0.72
2025-08-06T02:08:50.000,1.57,87.3,0.07,1.57
2025-08-06T02:09:50.000,1.05,110.77,-0.37,0.98
2025-08-06T02:10:50.000,1.78,30.48,1.53,0.9
2025-08-06T02:11:50.000,2.25,34.15,1.86,1.26
2025-08-06T02:12:50.000,2.14,27.58,1.9,0.99
2025-08-06T02:13:50.000,1.28,53.84,0.76,1.03
2025-08-06T02:14:50.000,1.72,41.27,1.29,1.13
2025-08-06T02:15:50.000,1.4,46.36,0.97,1.01
2025-08-06T02:16:50.000,1.96,92.29,-0.08,1.96
2025-08-06T02:17:50.000,2.57,37.73,2.03,1.57
2025-08-06T02:18:50.000,1.64,72.94,0.48,1.57
2025-08-06T02:19:50.000,1.61,19.29,1.52,0.53
2025-08-06T02:20:50.000,1.77,75.69,0.44,1.71
2025-08-06T02:21:50.000,1.53,57.01,0.83,1.28
2025-08-06T02:22:50.000,2.03,61.43,0.97,1.78
2025-08-06T02:23:50.000,1.94,46.9,1.32,1.41
2025-08-06T02:24:50.000,1.3,73.5,0.37,1.25
2025-08-06T02:25:50.000,1.51,64.06,0.66,1.35
2025-08-06T02:26:50.000,2.3,39.18,1.78,1.45
2025-08-06T02:27:50.000,1.08,95.55,-0.1,1.07
2025-08-06T02:28:50.000,1.73,43.49,1.26,1.19
2025-08-06T02:29:50.000,1.08,67.39,0.42,1
2025-08-06T02:30:50.000,1.42,33.94,1.18,0.79
2025-08-06T02:31:50.000,1.97,34.61,1.62,1.12
2025-08-06T02:32:50.000,1.46,61.46,0.7,1.29
2025-08-06T02:33:50.000,1.58,41.28,1.19,1.04
2025-08-06T02:34:50.000,1.49,73.08,0.43,1.42
2025-08-06T02:35:50.000,1.9,47.9,1.28,1.41
2025-08-06T02:36:50.000,1.39,88.87,0.03,1.39
2025-08-06T02:37:50.000,1.26,61.07,0.61,1.1
2025-08-06T02:38:50.000,1.86,63.59,0.83,1.66
2025-08-06T02:39:50.000,0.92,79.18,0.17,0.91
2025-08-06T02:40:50.000,1.62,74.97,0.42,1.57
2025-08-06T02:41:50.000,1.19,49.15,0.78,0.9
2025-08-06T02:42:50.000,1.28,71.24,0.41,1.21
2025-08-06T02:43:50.000,1.71,26.3,1.53,0.76
2025-08-06T02:44:50.000,1.34,12.58,1.31,0.29
2025-08-06T02:45:50.000,1.43,30.92,1.23,0.74
2025-08-06T02:46:50.000,2.22,17.53,2.12,0.67
2025-08-06T02:47:50.000,3.07,8.78,3.03,0.47
2025-08-06T02:48:50.000,2.67,12.65,2.6,0.58
2025-08-06T02:49:50.000,4.01,3.54,4,0.25
2025-08-06T02:50:50.000,2.62,40.19,2,1.69
2025-08-06T02:51:50.000,2.2,24.65,2,0.92
2025-08-06T02:52:50.000,2,29.09,1.75,0.97
2025-08-06T02:53:50.000,1.67,39.43,1.29,1.06
2025-08-06T02:54:50.000,3.04,15.5,2.93,0.81
2025-08-06T02:55:50.000,2.7,5.63,2.68,0.26
2025-08-06T02:56:50.000,1.85,31.76,1.57,0.97
2025-08-06T02:57:50.000,1.85,24.1,1.69,0.76
2025-08-06T02:58:50.000,2,359.8,2,-0.01
2025-08-06T02:59:50.000,2.7,10.38,2.65,0.49
2025-08-06T03:00:50.000,2.72,18.33,2.59,0.86
2025-08-06T03:01:50.000,2.36,5.52,2.35,0.23
2025-08-06T03:02:50.000,1.34,36.38,1.08,0.79
2025-08-06T03:03:50.000,2.95,10.31,2.9,0.53
2025-08-06T03:04:50.000,3.39,9.35,3.34,0.55
2025-08-06T03:05:50.000,3.11,11.67,3.05,0.63
2025-08-06T03:06:50.000,2.4,12,2.35,0.5
2025-08-06T03:07:50.000,3.35,12.78,3.26,0.74
2025-08-06T03:08:50.000,2.88,10.71,2.83,0.53
2025-08-06T03:09:50.000,1.97,357.12,1.97,-0.1
2025-08-06T03:10:50.000,2.28,336.4,2.09,-0.91
2025-08-06T03:11:50.000,2.51,6.89,2.49,0.3
2025-08-06T03:12:50.000,1.82,7.52,1.81,0.24
2025-08-06T03:13:50.000,3.26,3.14,3.26,0.18
2025-08-06T03:14:50.000,4.37,3.94,4.35,0.3
2025-08-06T03:15:50.000,3.7,7.65,3.66,0.49
2025-08-06T03:16:50.000,1.83,23.78,1.68,0.74
2025-08-06T03:17:50.000,1.65,11.78,1.62,0.34
2025-08-06T03:18:50.000,3.43,16.72,3.28,0.99
2025-08-06T03:19:50.000,2.77,5.53,2.76,0.27
2025-08-06T03:20:50.000,1.84,14.54,1.78,0.46
2025-08-06T03:21:50.000,3.32,3.08,3.32,0.18
2025-08-06T03:22:50.000,3.11,12.5,3.04,0.67
2025-08-06T03:23:50.000,2.44,21.68,2.27,0.9
2025-08-06T03:24:50.000,2.9,10.11,2.85,0.51
2025-08-06T03:25:50.000,1.96,0.52,1.96,0.02
2025-08-06T03:26:50.000,2.3,359.22,2.3,-0.03
2025-08-06T03:27:50.000,3.23,356.77,3.23,-0.18
2025-08-06T03:28:50.000,3.45,3.07,3.45,0.19
2025-08-06T03:29:50.000,3.52,355.98,3.52,-0.25
2025-08-06T03:30:50.000,2.5,6.79,2.48,0.29
2025-08-06T03:31:50.000,1.85,1.37,1.85,0.04
2025-08-06T03:32:50.000,1.99,352.87,1.97,-0.25
2025-08-06T03:33:50.000,2.15,27.49,1.91,0.99
2025-08-06T03:34:50.000,2.32,356.44,2.31,-0.14
2025-08-06T03:35:50.000,1.94,17.49,1.85,0.58
2025-08-06T03:36:50.000,2.19,342.9,2.1,-0.65
2025-08-06T03:37:50.000,1.92,19.23,1.82,0.63
2025-08-06T03:38:50.000,1.93,16.19,1.85,0.54
2025-08-06T03:39:50.000,1.8,8.08,1.78,0.25
2025-08-06T03:40:50.000,2.85,12.93,2.78,0.64
2025-08-06T03:41:50.000,2.27,15.49,2.19,0.61
2025-08-06T03:42:50.000,2.92,11.07,2.86,0.56
2025-08-06T03:43:50.000,2.25,358.92,2.25,-0.04
2025-08-06T03:44:50.000,2.11,20.96,1.97,0.75
2025-08-06T03:45:50.000,1.58,20.72,1.48,0.56
2025-08-06T03:46:50.000,1.87,10.63,1.84,0.35
2025-08-06T03:47:50.000,2.37,13.54,2.3,0.56
2025-08-06T03:48:50.000,2.17,23.61,1.99,0.87
2025-08-06T03:49:50.000,1.28,25.14,1.16,0.54
2025-08-06T03:50:50.000,3.04,4.02,3.03,0.21
2025-08-06T03:51:50.000,2.04,33.76,1.69,1.13
2025-08-06T03:52:50.000,1.63,31.97,1.38,0.86
2025-08-06T03:53:50.000,1.93,19.77,1.82,0.65
2025-08-06T03:54:50.000,1.33,35.36,1.09,0.77
2025-08-06T03:55:50.000,0.93,34.75,0.76,0.53
2025-08-06T03:56:50.000,0.97,45.9,0.68,0.7
2025-08-06T03:57:50.000,1.24,359.19,1.24,-0.02
2025-08-06T03:58:50.000,2.97,359.1,2.97,-0.05
2025-08-06T03:59:50.000,1.41,357.35,1.41,-0.07
2025-08-06T04:00:50.000,1.32,6.68,1.31,0.15
2025-08-06T04:01:50.000,1.45,322.75,1.16,-0.88
2025-08-06T04:02:50.000,2.55,288.37,0.8,-2.42
2025-08-06T04:03:50.000,1.82,42.8,1.34,1.24
2025-08-06T04:04:50.000,1.46,280.97,0.28,-1.43
2025-08-06T04:05:50.000,3.92,336.72,3.6,-1.55
2025-08-06T04:06:50.000,4.05,332.45,3.59,-1.88
2025-08-06T04:07:50.000,2.71,342.08,2.58,-0.83
2025-08-06T04:08:50.000,3.47,337.64,3.21,-1.32
2025-08-06T04:09:50.000,4.14,348.51,4.05,-0.82
2025-08-06T04:10:50.000,5.3,357.82,5.3,-0.2
2025-08-06T04:11:50.000,4.85,355.93,4.84,-0.34
2025-08-06T04:12:50.000,5.67,338.66,5.28,-2.06
2025-08-06T04:13:50.000,3.65,335.85,3.33,-1.49
2025-08-06T04:14:50.000,3.15,347.81,3.08,-0.67
2025-08-06T04:15:50.000,4.06,348.84,3.98,-0.79
2025-08-06T04:16:50.000,4.26,357.71,4.26,-0.17
2025-08-06T04:17:50.000,7.72,345.7,7.48,-1.91
2025-08-06T04:18:50.000,6.13,349.92,6.03,-1.07
2025-08-06T04:19:50.000,5.59,345.85,5.42,-1.37
2025-08-06T04:20:50.000,5.88,340.74,5.55,-1.94
2025-08-06T04:21:50.000,3.22,344.99,3.11,-0.83
2025-08-06T04:22:50.000,1.29,337.7,1.19,-0.49
2025-08-06T04:23:50.000,2.16,335.02,1.96,-0.91
2025-08-06T04:24:50.000,3.59,356.75,3.58,-0.2
2025-08-06T04:25:50.000,3.49,346.8,3.4,-0.8
2025-08-06T04:26:50.000,3.94,349.21,3.87,-0.74
2025-08-06T04:27:50.000,3.15,2,3.15,0.11
2025-08-06T04:28:50.000,3.74,352.92,3.72,-0.46
2025-08-06T04:29:50.000,2.49,353.53,2.48,-0.28
2025-08-06T04:30:50.000,3.41,337.48,3.15,-1.3
2025-08-06T04:31:50.000,2.5,333.29,2.24,-1.13
2025-08-06T04:32:50.000,2.37,1.42,2.37,0.06
2025-08-06T04:33:50.000,1.84,356.19,1.83,-0.12
2025-08-06T04:34:50.000,2.37,3.11,2.36,0.13
2025-08-06T04:35:50.000,2.69,343.56,2.58,-0.76
2025-08-06T04:36:50.000,3.29,334.12,2.96,-1.44
2025-08-06T04:37:50.000,4.7,350.12,4.63,-0.81
2025-08-06T04:38:50.000,4.77,346.73,4.64,-1.09
2025-08-06T04:39:50.000,5.13,303.88,2.86,-4.26
2025-08-06T04:40:50.000,5.22,345.62,5.05,-1.3
2025-08-06T04:41:50.000,6.19,328.77,5.29,-3.21
2025-08-06T04:42:50.000,4.18,332.7,3.71,-1.92
2025-08-06T04:43:50.000,2.53,12.06,2.47,0.53
2025-08-06T04:44:50.000,4.92,337.05,4.53,-1.92
2025-08-06T04:45:50.000,4.16,339.4,3.89,-1.46
2025-08-06T04:46:50.000,4.16,347.38,4.06,-0.91
2025-08-06T04:47:50.000,4.87,344.59,4.69,-1.29
2025-08-06T04:48:50.000,4.81,343.41,4.61,-1.37
2025-08-06T04:49:50.000,2.65,336.21,2.43,-1.07
2025-08-06T04:50:50.000,4.73,308.1,2.92,-3.72
2025-08-06T04:51:50.000,4.95,318.08,3.68,-3.31
2025-08-06T04:52:50.000,3.21,343.17,3.08,-0.93
2025-08-06T04:53:50.000,2.62,6.12,2.61,0.28
2025-08-06T04:54:50.000,3.43,341.41,3.25,-1.09
2025-08-06T04:55:50.000,2.77,353.04,2.74,-0.33
2025-08-06T04:56:50.000,2.88,352.79,2.85,-0.36
2025-08-06T04:57:50.000,5.29,341.78,5.02,-1.65
2025-08-06T04:58:50.000,6.69,333.62,5.99,-2.97
2025-08-06T04:59:50.000,3.41,358.72,3.41,-0.08
2025-08-06T05:00:50.000,4.63,346.36,4.5,-1.09
2025-08-06T05:01:50.000,4.99,355.54,4.98,-0.39
2025-08-06T05:02:50.000,5.33,333.04,4.75,-2.41
2025-08-06T05:03:50.000,4.26,342.99,4.07,-1.24
2025-08-06T05:04:50.000,4.26,323.27,3.41,-2.55
2025-08-06T05:05:50.000,5.93,331.19,5.19,-2.86
2025-08-06T05:06:50.000,3.04,328.06,2.58,-1.61
2025-08-06T05:07:50.000,3.36,346.75,3.27,-0.77
2025-08-06T05:08:50.000,4.75,328.49,4.05,-2.48
2025-08-06T05:09:50.000,5.87,342.77,5.6,-1.74
2025-08-06T05:10:50.000,4.84,344.73,4.67,-1.28
2025-08-06T05:11:50.000,6.11,335.52,5.56,-2.53
2025-08-06T05:12:50.000,4.15,339.85,3.9,-1.43
2025-08-06T05:13:50.000,5.44,334.81,4.93,-2.32
2025-08-06T05:14:50.000,4.97,336.36,4.55,-1.99
2025-08-06T05:15:50.000,7.48,338.95,6.98,-2.69
2025-08-06T05:16:50.000,5.36,353.59,5.33,-0.6
2025-08-06T05:17:50.000,4.43,352.14,4.39,-0.61
2025-08-06T05:18:50.000,4.88,332.86,4.34,-2.23
2025-08-06T05:19:50.000,4.78,353.17,4.75,-0.57
2025-08-06T05:20:50.000,7.26,307.85,4.45,-5.73
2025-08-06T05:21:50.000,3.63,342.99,3.47,-1.06
2025-08-06T05:22:50.000,5.17,334.49,4.67,-2.23
2025-08-06T05:23:50.000,7.6,332.73,6.75,-3.48
2025-08-06T05:24:50.000,5,331.31,4.38,-2.4
2025-08-06T05:25:50.000,5.33,335.63,4.86,-2.2
2025-08-06T05:26:50.000,6,332.95,5.34,-2.73
2025-08-06T05:27:50.000,4.99,349.85,4.91,-0.88
2025-08-06T05:28:50.000,3.33,346.88,3.24,-0.76
2025-08-06T05:29:50.000,5.35,337.81,4.95,-2.02
2025-08-06T05:30:50.000,4.51,302.59,2.43,-3.8
2025-08-06T05:31:50.000,4.18,326.92,3.5,-2.28
2025-08-06T05:32:50.000,6.12,339.88,5.75,-2.11
2025-08-06T05:33:50.000,4.43,303.39,2.44,-3.7
2025-08-06T05:34:50.000,2.19,13.1,2.13,0.5
2025-08-06T05:35:50.000,5.3,336.71,4.87,-2.1
2025-08-06T05:36:50.000,3.28,328.66,2.8,-1.71
2025-08-06T05:37:50.000,2.66,341.12,2.52,-0.86
2025-08-06T05:38:50.000,5.58,334.97,5.06,-2.36
2025-08-06T05:39:50.000,3.7,300.7,1.89,-3.18
2025-08-06T05:40:50.000,4.23,327.7,3.57,-2.26
2025-08-06T05:41:50.000,7.54,320,5.77,-4.84
2025-08-06T05:42:50.000,7.69,333.07,6.85,-3.48
2025-08-06T05:43:50.000,6.94,326.88,5.81,-3.79
2025-08-06T05:44:50.000,4.39,337.58,4.06,-1.68
2025-08-06T05:45:50.000,4.93,321.01,3.83,-3.1
2025-08-06T05:46:50.000,6.7,328.3,5.7,-3.52
2025-08-06T05:47:50.000,2.51,8.51,2.48,0.37
2025-08-06T05:48:50.000,4.15,344.72,4,-1.09
2025-08-06T05:49:50.000,6.91,321.87,5.44,-4.27
2025-08-06T05:50:50.000,4.46,340.48,4.2,-1.49
2025-08-06T05:51:50.000,5.83,342.34,5.56,-1.77
2025-08-06T05:52:50.000,5.31,346.86,5.17,-1.21
2025-08-06T05:53:50.000,3.89,328.49,3.32,-2.03
2025-08-06T05:54:50.000,9.71,303.3,5.33,-8.12
2025-08-06T05:55:50.000,4.6,320.98,3.57,-2.89
2025-08-06T05:56:50.000,4.46,334.46,4.03,-1.93
2025-08-06T05:57:50.000,5.25,318.31,3.92,-3.49
2025-08-06T05:58:50.000,4.15,322.71,3.3,-2.51
2025-08-06T05:59:50.000,4.82,325.09,3.95,-2.76
2025-08-06T06:00:50.000,4.39,346.02,4.26,-1.06
2025-08-06T06:01:50.000,3.24,348.28,3.17,-0.66
2025-08-06T06:02:50.000,5.45,343.7,5.23,-1.53
2025-08-06T06:03:50.000,4.18,348.76,4.1,-0.81
2025-08-06T06:04:50.000,4.62,345.43,4.47,-1.16
2025-08-06T06:05:50.000,7.34,316.79,5.35,-5.03
2025-08-06T06:06:50.000,4.5,312.94,3.07,-3.29
2025-08-06T06:07:50.000,5.57,339.66,5.22,-1.94
2025-08-06T06:08:50.000,5.42,316.82,3.95,-3.71
2025-08-06T06:09:50.000,2.08,2.46,2.08,0.09
2025-08-06T06:10:50.000,4.78,321.7,3.75,-2.96
2025-08-06T06:11:50.000,4.97,345.61,4.81,-1.23
2025-08-06T06:12:50.000,6.56,318.85,4.94,-4.31
2025-08-06T06:13:50.000,3.69,330.64,3.22,-1.81
2025-08-06T06:14:50.000,5.26,324.96,4.31,-3.02
2025-08-06T06:15:50.000,5.92,331.06,5.18,-2.87
2025-08-06T06:16:50.000,3.56,322.58,2.83,-2.17
2025-08-06T06:17:50.000,3.07,4.94,3.06,0.26
2025-08-06T06:18:50.000,4.97,327.96,4.21,-2.63
2025-08-06T06:19:50.000,4.78,324.92,3.91,-2.75
2025-08-06T06:20:50.000,5.64,311.1,3.71,-4.25
2025-08-06T06:21:50.000,1.35,344.41,1.3,-0.36
2025-08-06T06:22:50.000,2.11,328.26,1.79,-1.11
2025-08-06T06:23:50.000,2.53,353.71,2.52,-0.28
2025-08-06T06:24:50.000,3.24,332.31,2.87,-1.5
2025-08-06T06:25:50.000,2.54,326.9,2.13,-1.39
2025-08-06T06:26:50.000,3.9,308.31,2.42,-3.06
2025-08-06T06:27:50.000,5.46,295.14,2.32,-4.95
2025-08-06T06:28:50.000,4.62,303.52,2.55,-3.85
2025-08-06T06:29:50.000,2.68,310.82,1.75,-2.03
2025-08-06T06:30:50.000,4.39,305.86,2.57,-3.55
2025-08-06T06:31:50.000,3.59,307.53,2.19,-2.85
2025-08-06T06:32:50.000,2.52,296.75,1.14,-2.25
2025-08-06T06:33:50.000,1.77,307.2,1.07,-1.41
2025-08-06T06:34:50.000,3.18,303.49,1.75,-2.65
2025-08-06T06:35:50.000,3.71,303.93,2.07,-3.08
2025-08-06T06:36:50.000,1.89,340.9,1.79,-0.62
2025-08-06T06:37:50.000,3.14,349.57,3.09,-0.57
2025-08-06T06:38:50.000,2.93,347.55,2.86,-0.63
2025-08-06T06:39:50.000,3.49,333,3.11,-1.59
2025-08-06T06:40:50.000,1.98,340.07,1.86,-0.67
2025-08-06T06:41:50.000,1.29,322.55,1.02,-0.78
2025-08-06T06:42:50.000,2.21,355.5,2.21,-0.17
2025-08-06T06:43:50.000,2.64,349.86,2.6,-0.46
2025-08-06T06:44:50.000,5.02,325.28,4.13,-2.86
2025-08-06T06:45:50.000,4.15,357.19,4.15,-0.2
2025-08-06T06:46:50.000,4.14,329.16,3.56,-2.12
2025-08-06T06:47:50.000,4.13,320.93,3.21,-2.6
2025-08-06T06:48:50.000,2.4,332.94,2.14,-1.09
2025-08-06T06:49:50.000,1.83,295.42,0.79,-1.65
2025-08-06T06:50:50.000,2.79,270.29,0.01,-2.79
2025-08-06T06:51:50.000,1.57,320.59,1.22,-1
2025-08-06T06:52:50.000,0.73,35.95,0.59,0.43
2025-08-06T06:53:50.000,1.89,8.44,1.87,0.28
2025-08-06T06:54:50.000,4.16,334.36,3.75,-1.8
2025-08-06T06:55:50.000,4.38,339.72,4.11,-1.52
2025-08-06T06:56:50.000,3.71,320.28,2.86,-2.37
2025-08-06T06:57:50.000,3.8,356.32,3.79,-0.24
2025-08-06T06:58:50.000,4.5,330.62,3.93,-2.21
2025-08-06T06:59:50.000,3.11,347.52,3.04,-0.67
2025-08-06T07:00:50.000,2.24,352.37,2.22,-0.3
2025-08-06T07:01:50.000,2.06,2.99,2.06,0.11
2025-08-06T07:02:50.000,2.61,317.51,1.92,-1.76
2025-08-06T07:03:50.000,1.93,11.64,1.89,0.39
2025-08-06T07:04:50.000,2.41,341.52,2.28,-0.76
2025-08-06T07:05:50.000,2.01,315.44,1.43,-1.41
2025-08-06T07:06:50.000,2.42,12.22,2.37,0.51
2025-08-06T07:07:50.000,2.81,15.35,2.71,0.74
2025-08-06T07:08:50.000,2.36,9.59,2.32,0.39
2025-08-06T07:09:50.000,1.45,327.58,1.22,-0.78
2025-08-06T07:10:50.000,1.8,20.3,1.69,0.63
2025-08-06T07:11:50.000,2.45,357.69,2.45,-0.1
2025-08-06T07:12:50.000,1.18,34.08,0.98,0.66
2025-08-06T07:13:50.000,1.98,8.58,1.96,0.3
2025-08-06T07:14:50.000,2.07,16.03,1.99,0.57
2025-08-06T07:15:50.000,1.24,359.59,1.24,-0.01
2025-08-06T07:16:50.000,1.25,24.38,1.14,0.52
2025-08-06T07:17:50.000,1.49,357.32,1.49,-0.07
2025-08-06T07:18:50.000,2.29,2.23,2.29,0.09
2025-08-06T07:19:50.000,2.47,346.81,2.4,-0.56
2025-08-06T07:20:50.000,1.85,339.41,1.73,-0.65
2025-08-06T07:21:50.000,1.82,3.28,1.81,0.1
2025-08-06T07:22:50.000,3.51,352,3.47,-0.49
2025-08-06T07:23:50.000,3.65,359.34,3.65,-0.04
2025-08-06T07:24:50.000,3.24,20.58,3.03,1.14
2025-08-06T07:25:50.000,2.5,22.15,2.31,0.94
2025-08-06T07:26:50.000,2.82,6.21,2.8,0.31
2025-08-06T07:27:50.000,2.99,356.29,2.98,-0.19
2025-08-06T07:28:50.000,2.54,25.27,2.3,1.09
2025-08-06T07:29:50.000,4.32,63.28,1.94,3.86
2025-08-06T07:30:50.000,3.07,17.11,2.93,0.9
2025-08-06T07:31:50.000,1.26,10.67,1.24,0.23
2025-08-06T07:32:50.000,3.04,25.35,2.74,1.3
2025-08-06T07:33:50.000,1.95,36.02,1.58,1.15
2025-08-06T07:34:50.000,3.63,11.81,3.55,0.74
2025-08-06T07:35:50.000,2.88,349.39,2.84,-0.53
2025-08-06T07:36:50.000,1.68,6.5,1.67,0.19
2025-08-06T07:37:50.000,2.5,24.2,2.28,1.02
2025-08-06T07:38:50.000,0.78,56.48,0.43,0.65
2025-08-06T07:39:50.000,1.06,66.98,0.41,0.97
2025-08-06T07:40:50.000,3.24,60.97,1.57,2.83
2025-08-06T07:41:50.000,1.82,44.92,1.29,1.28
2025-08-06T07:42:50.000,1.75,112.26,-0.66,1.62
2025-08-06T07:43:50.000,1.7,24.78,1.54,0.71
2025-08-06T07:44:50.000,0.97,1,0.97,0.02
2025-08-06T07:45:50.000,0.84,22.94,0.77,0.33
2025-08-06T07:46:50.000,0.84,92.24,-0.03,0.84
2025-08-06T07:47:50.000,0.8,72.16,0.24,0.76
2025-08-06T07:48:50.000,1,53.87,0.59,0.8
2025-08-06T07:49:50.000,1.54,101.16,-0.3,1.51
2025-08-06T07:50:50.000,1.72,98.06,-0.24,1.7
2025-08-06T07:51:50.000,0.7,67.42,0.27,0.65
2025-08-06T07:52:50.000,1.27,13.81,1.23,0.3
2025-08-06T07:53:50.000,2.07,65.28,0.87,1.88
2025-08-06T07:54:50.000,1.93,36.71,1.55,1.16
2025-08-06T07:55:50.000,1.38,32.15,1.16,0.73
2025-08-06T07:56:50.000,1.45,37.12,1.16,0.88
2025-08-06T07:57:50.000,2.5,32.78,2.1,1.35
2025-08-06T07:58:50.000,2.57,24.88,2.33,1.08
2025-08-06T07:59:50.000,1.44,37.35,1.14,0.87
2025-08-06T08:00:50.000,1.96,34.99,1.6,1.12
2025-08-06T08:01:50.000,1.7,56.81,0.93,1.42
2025-08-06T08:02:50.000,0.89,50.53,0.57,0.69
2025-08-06T08:03:50.000,1.02,43.34,0.74,0.7
2025-08-06T08:04:50.000,1.38,43.2,1,0.94
2025-08-06T08:05:50.000,2.62,35.12,2.14,1.51
2025-08-06T08:06:50.000,2.82,31.23,2.41,1.46
2025-08-06T08:07:50.000,2.01,44.23,1.44,1.4
2025-08-06T08:08:50.000,2.44,48.79,1.61,1.83
2025-08-06T08:09:50.000,1.44,78.89,0.28,1.41
2025-08-06T08:10:50.000,2.88,37.91,2.28,1.77
2025-08-06T08:11:50.000,2.15,27.48,1.91,0.99
2025-08-06T08:12:50.000,2.07,2.58,2.06,0.09
2025-08-06T08:13:50.000,1.51,19.16,1.43,0.5
2025-08-06T08:14:50.000,1.82,26.03,1.64,0.8
2025-08-06T08:15:50.000,2.74,29.21,2.39,1.34
2025-08-06T08:16:50.000,1.73,60.16,0.86,1.5
2025-08-06T08:17:50.000,2.8,26.91,2.5,1.27
2025-08-06T08:18:50.000,1.3,32.04,1.1,0.69
2025-08-06T08:19:50.000,1.7,46.87,1.16,1.24
2025-08-06T08:20:50.000,1.82,55.86,1.02,1.51
2025-08-06T08:21:50.000,1.89,40.53,1.44,1.23
2025-08-06T08:22:50.000,1.72,70.44,0.57,1.62
2025-08-06T08:23:50.000,1.78,67.48,0.68,1.64
2025-08-06T08:24:50.000,1.73,44.62,1.23,1.21
2025-08-06T08:25:50.000,1.54,8.27,1.53,0.22
2025-08-06T08:26:50.000,2.03,36.92,1.62,1.22
2025-08-06T08:27:50.000,1.31,128.82,-0.82,1.02
2025-08-06T08:28:50.000,1.57,51.04,0.99,1.22
2025-08-06T08:29:50.000,1.66,46.03,1.15,1.2
2025-08-06T08:30:50.000,2.09,30.43,1.81,1.06
2025-08-06T08:31:50.000,1.33,58.24,0.7,1.13
2025-08-06T08:32:50.000,2.1,80.7,0.34,2.08
2025-08-06T08:33:50.000,1.77,65.65,0.73,1.61
2025-08-06T08:34:50.000,1.3,60.97,0.63,1.14
2025-08-06T08:35:50.000,1.33,37.7,1.05,0.81
2025-08-06T08:36:50.000,1.19,100.08,-0.21,1.17
2025-08-06T08:37:50.000,1.28,34.01,1.06,0.72
2025-08-06T08:38:50.000,1.89,20.51,1.77,0.66
2025-08-06T08:39:50.000,1.65,61.7,0.78,1.45
2025-08-06T08:40:50.000,1.2,49.85,0.77,0.91
2025-08-06T08:41:50.000,1.48,47.82,1,1.1
2025-08-06T08:42:50.000,1.87,116.34,-0.83,1.68
2025-08-06T08:43:50.000,1.28,63.51,0.57,1.15
2025-08-06T08:44:50.000,0.95,133.2,-0.65,0.69
2025-08-06T08:45:50.000,1.33,76.22,0.32,1.3
2025-08-06T08:46:50.000,1.41,76.47,0.33,1.37
2025-08-06T08:47:50.000,1.64,113.41,-0.65,1.51
2025-08-06T08:48:50.000,1.57,109.56,-0.53,1.48
2025-08-06T08:49:50.000,1.65,70.39,0.55,1.55
2025-08-06T08:50:50.000,2.07,102.02,-0.43,2.02
2025-08-06T08:51:50.000,1.41,120.86,-0.72,1.21
2025-08-06T08:52:50.000,1.65,95.9,-0.17,1.64
2025-08-06T08:53:50.000,1.53,87.45,0.07,1.53
2025-08-06T08:54:50.000,1.37,92.84,-0.07,1.37
2025-08-06T08:55:50.000,0.98,78.7,0.19,0.96
2025-08-06T08:56:50.000,1.7,77.97,0.35,1.66
2025-08-06T08:57:50.000,1.28,68.76,0.46,1.19
2025-08-06T08:58:50.000,1.61,83.62,0.18,1.6
2025-08-06T08:59:50.000,1.4,63.18,0.63,1.25
2025-08-06T09:00:50.000,1.35,80.34,0.23,1.33
2025-08-06T09:01:50.000,1.39,95.44,-0.13,1.38
2025-08-06T09:02:50.000,0.55,50.6,0.35,0.42
2025-08-06T09:03:50.000,1.58,55.51,0.89,1.3
2025-08-06T09:04:50.000,0.78,59.55,0.4,0.67
2025-08-06T09:05:50.000,1.43,38.12,1.13,0.88
2025-08-06T09:06:50.000,0.93,66.08,0.38,0.85
2025-08-06T09:07:50.000,1.2,76.37,0.28,1.17
2025-08-06T09:08:50.000,1.13,78.16,0.23,1.1
2025-08-06T09:09:50.000,1.98,86.25,0.13,1.98
2025-08-06T09:10:50.000,1.2,80.52,0.2,1.18
2025-08-06T09:11:50.000,0.64,122.71,-0.35,0.54
2025-08-06T09:12:50.000,1.33,66.54,0.53,1.22
2025-08-06T09:13:50.000,1.54,113.16,-0.6,1.41
2025-08-06T09:14:50.000,1.57,66.56,0.62,1.44
2025-08-06T09:15:50.000,0.95,84.61,0.09,0.94
2025-08-06T09:16:50.000,1.17,87.69,0.05,1.16
2025-08-06T09:17:50.000,1.31,53.45,0.78,1.05
2025-08-06T09:18:50.000,1.31,108.87,-0.42,1.24
2025-08-06T09:19:50.000,1.1,38.82,0.85,0.69
2025-08-06T09:20:50.000,1.42,56.59,0.78,1.19
2025-08-06T09:21:50.000,1.49,51.49,0.93,1.17
2025-08-06T09:22:50.000,1.87,53.14,1.12,1.5
2025-08-06T09:23:50.000,1.34,90.48,-0.01,1.34
2025-08-06T09:24:50.000,1.47,85.38,0.12,1.46
2025-08-06T09:25:50.000,1.1,57.76,0.58,0.93
2025-08-06T09:26:50.000,0.14,113.11,-0.05,0.13
2025-08-06T09:27:50.000,0.96,49.7,0.62,0.73
2025-08-06T09:28:50.000,1.14,85.77,0.08,1.14
2025-08-06T09:29:50.000,1.66,20.93,1.55,0.59
2025-08-06T09:30:50.000,1.12,61.22,0.54,0.98
2025-08-06T09:31:50.000,1.08,55.65,0.61,0.89
2025-08-06T09:32:50.000,1.42,74.47,0.38,1.37
2025-08-06T09:33:50.000,1.03,135.37,-0.73,0.72
2025-08-06T09:34:50.000,1.34,86.7,0.08,1.34
2025-08-06T09:35:50.000,1,32.14,0.85,0.53
2025-08-06T09:36:50.000,0.79,81.84,0.11,0.78
2025-08-06T09:37:50.000,1.04,70.04,0.36,0.98
2025-08-06T09:38:50.000,1.31,63.72,0.58,1.18
2025-08-06T09:39:50.000,1.78,25.76,1.6,0.77
2025-08-06T09:40:50.000,1.77,54.82,1.02,1.45
2025-08-06T09:41:50.000,1.05,93.04,-0.06,1.05
2025-08-06T09:42:50.000,2.08,102.87,-0.46,2.03
2025-08-06T09:43:50.000,1.93,103.04,-0.44,1.88
2025-08-06T09:44:50.000,1.08,70.32,0.36,1.01
2025-08-06T09:45:50.000,2.07,82.98,0.25,2.06
2025-08-06T09:46:50.000,1.28,53.12,0.77,1.03
2025-08-06T09:47:50.000,1.94,73.38,0.55,1.86
2025-08-06T09:48:50.000,2.46,123.26,-1.35,2.06
2025-08-06T09:49:50.000,1.62,98.71,-0.25,1.6
2025-08-06T09:50:50.000,0.7,42.45,0.52,0.48
2025-08-06T09:51:50.000,0.64,113.73,-0.26,0.59
2025-08-06T09:52:50.000,2.55,72.9,0.75,2.44
2025-08-06T09:53:50.000,0.94,92.99,-0.05,0.94
2025-08-06T09:54:50.000,1.1,27.16,0.98,0.5
2025-08-06T09:55:50.000,1.28,53.88,0.75,1.03
2025-08-06T09:56:50.000,1.62,129.57,-1.03,1.25
2025-08-06T09:57:50.000,1.74,90.71,-0.02,1.74
2025-08-06T09:58:50.000,0.44,33.98,0.37,0.25
2025-08-06T09:59:50.000,1.27,46.62,0.87,0.92
2025-08-06T10:00:50.000,0.95,127.91,-0.58,0.75
2025-08-06T10:01:50.000,1.19,82.77,0.15,1.18
2025-08-06T10:02:50.000,1.01,29.98,0.87,0.5
2025-08-06T10:03:50.000,3.05,60.77,1.49,2.66
2025-08-06T10:04:50.000,0.67,87.41,0.03,0.67
2025-08-06T10:05:50.000,3.14,45.37,2.2,2.23
2025-08-06T10:06:50.000,1.65,77.83,0.35,1.61
2025-08-06T10:07:50.000,1,83.72,0.11,1
2025-08-06T10:08:50.000,1.87,80.09,0.32,1.84
2025-08-06T10:09:50.000,1.21,72.14,0.37,1.15
2025-08-06T10:10:50.000,1.01,48.58,0.67,0.76
2025-08-06T10:11:50.000,0.6,72.98,0.18,0.58
2025-08-06T10:12:50.000,1.52,76.94,0.34,1.48
2025-08-06T10:13:50.000,1.61,28.62,1.41,0.77
2025-08-06T10:14:50.000,1.18,85.17,0.1,1.18
2025-08-06T10:15:50.000,2.11,65.7,0.87,1.92
2025-08-06T10:16:50.000,1.19,42.07,0.88,0.8
2025-08-06T10:17:50.000,1.94,64.01,0.85,1.75
2025-08-06T10:18:50.000,0.39,26.64,0.35,0.18
2025-08-06T10:19:50.000,1.88,39.19,1.46,1.19
2025-08-06T10:20:50.000,1.69,57.01,0.92,1.42
2025-08-06T10:21:50.000,2.41,64.87,1.03,2.19
2025-08-06T10:22:50.000,1.68,72.39,0.51,1.6
2025-08-06T10:23:50.000,2.52,71.01,0.82,2.38
2025-08-06T10:24:50.000,2.24,26.95,2,1.01
2025-08-06T10:25:50.000,1.83,36.41,1.47,1.09
2025-08-06T10:26:50.000,0.68,100.81,-0.13,0.67
2025-08-06T10:27:50.000,0.36,152.21,-0.32,0.17
2025-08-06T10:28:50.000,2.14,35.67,1.74,1.25
2025-08-06T10:29:50.000,1.67,55.66,0.94,1.38
2025-08-06T10:30:50.000,3.48,37.29,2.77,2.11
2025-08-06T10:31:50.000,4.05,30.74,3.48,2.07
2025-08-06T10:32:50.000,2.8,29.32,2.44,1.37
2025-08-06T10:33:50.000,1.46,43.37,1.06,1
2025-08-06T10:34:50.000,1.79,59.45,0.91,1.54
2025-08-06T10:35:50.000,2.32,62.65,1.06,2.06
2025-08-06T10:36:50.000,1.32,46.19,0.91,0.95
2025-08-06T10:37:50.000,0.89,81.06,0.14,0.88
2025-08-06T10:38:50.000,0.73,92.25,-0.03,0.73
2025-08-06T10:39:50.000,1.98,62.81,0.91,1.76
2025-08-06T10:40:50.000,2.81,74.88,0.73,2.72
2025-08-06T10:41:50.000,1.88,82.66,0.24,1.87
2025-08-06T10:42:50.000,1.66,44.86,1.18,1.17
2025-08-06T10:43:50.000,1.22,61.27,0.59,1.07
2025-08-06T10:44:50.000,1.93,68.65,0.7,1.8
2025-08-06T10:45:50.000,2.38,47.4,1.61,1.75
2025-08-06T10:46:50.000,1.46,73.03,0.43,1.4
2025-08-06T10:47:50.000,1.33,46.77,0.91,0.97
2025-08-06T10:48:50.000,1.95,41.78,1.45,1.3
2025-08-06T10:49:50.000,1.81,61.88,0.85,1.6
2025-08-06T10:50:50.000,2.34,71.51,0.74,2.22
2025-08-06T10:51:50.000,1.63,2.32,1.63,0.07
2025-08-06T10:52:50.000,1.61,38.32,1.26,1
2025-08-06T10:53:50.000,1.61,98.61,-0.24,1.59
2025-08-06T10:54:50.000,1.35,78.2,0.28,1.32
2025-08-06T10:55:50.000,1.5,69.41,0.53,1.41
2025-08-06T10:56:50.000,1.37,104.6,-0.34,1.32
2025-08-06T10:57:50.000,3.47,43.74,2.51,2.4
2025-08-06T10:58:50.000,2.86,60.11,1.42,2.48
2025-08-06T10:59:50.000,2.33,89.23,0.03,2.33
2025-08-06T11:00:50.000,2.71,109.11,-0.89,2.56
2025-08-06T11:01:50.000,2.24,92.5,-0.1,2.24
2025-08-06T11:02:50.000,2.5,78.42,0.5,2.45
2025-08-06T11:03:50.000,2.4,115.91,-1.05,2.15
2025-08-06T11:04:50.000,2.15,101.67,-0.44,2.11
2025-08-06T11:05:50.000,2.64,90.39,-0.02,2.64
2025-08-06T11:06:50.000,2.73,33.05,2.29,1.49
2025-08-06T11:07:50.000,1.26,40.1,0.96,0.81
2025-08-06T11:08:50.000,1.41,61.71,0.67,1.24
2025-08-06T11:09:50.000,1.52,58.33,0.8,1.29
2025-08-06T11:10:50.000,1.88,44.1,1.35,1.31
2025-08-06T11:11:50.000,2.1,100.02,-0.37,2.07
2025-08-06T11:12:50.000,2.35,98.08,-0.33,2.33
2025-08-06T11:13:50.000,3.36,97.52,-0.44,3.33
2025-08-06T11:14:50.000,3.53,45.99,2.45,2.54
2025-08-06T11:15:50.000,2.23,69.24,0.79,2.08
2025-08-06T11:16:50.000,5.6,63.12,2.53,5
2025-08-06T11:17:50.000,3.76,110.65,-1.33,3.52
2025-08-06T11:18:50.000,2.55,125.35,-1.48,2.08
2025-08-06T11:19:50.000,2.55,80.73,0.41,2.52
2025-08-06T11:20:50.000,2.84,61.6,1.35,2.5
2025-08-06T11:21:50.000,3.75,51.37,2.34,2.93
2025-08-06T11:22:50.000,2.73,46.7,1.87,1.99
2025-08-06T11:23:50.000,2.36,85.7,0.18,2.36
2025-08-06T11:24:50.000,0.6,99.69,-0.1,0.59
2025-08-06T11:25:50.000,1.79,59.67,0.9,1.54
2025-08-06T11:26:50.000,1.21,61.73,0.57,1.07
2025-08-06T11:27:50.000,0.92,55.94,0.51,0.76
2025-08-06T11:28:50.000,2.26,114.2,-0.93,2.06
2025-08-06T11:29:50.000,2.14,62.01,1,1.89
2025-08-06T11:30:50.000,2.82,58.43,1.48,2.4
2025-08-06T11:31:50.000,3.24,110.77,-1.15,3.03
2025-08-06T11:32:50.000,0.68,82.84,0.08,0.67
2025-08-06T11:33:50.000,2.52,120.89,-1.29,2.16
2025-08-06T11:34:50.000,3.72,54.05,2.18,3.01
2025-08-06T11:35:50.000,1.03,88.67,0.02,1.03
2025-08-06T11:36:50.000,1.57,21.33,1.47,0.57
2025-08-06T11:37:50.000,1.17,139.86,-0.89,0.75
2025-08-06T11:38:50.000,1.67,112.1,-0.63,1.54
2025-08-06T11:39:50.000,2.2,63.65,0.97,1.97
2025-08-06T11:40:50.000,2.48,87.71,0.1,2.48
2025-08-06T11:41:50.000,1.11,32.93,0.93,0.61
2025-08-06T11:42:50.000,1.85,78.16,0.38,1.81
2025-08-06T11:43:50.000,1.18,46.7,0.81,0.86
2025-08-06T11:44:50.000,3.01,118.73,-1.45,2.64
2025-08-06T11:45:50.000,0.91,101.5,-0.18,0.89
2025-08-06T11:46:50.000,1.25,94.76,-0.1,1.25
2025-08-06T11:47:50.000,2.49,79.38,0.46,2.45
2025-08-06T11:48:50.000,3.34,60.34,1.65,2.9
2025-08-06T11:49:50.000,2.36,84.66,0.22,2.35
2025-08-06T11:50:50.000,2.27,93.7,-0.15,2.27
2025-08-06T11:51:50.000,0.77,116.21,-0.34,0.69
2025-08-06T11:52:50.000,0.3,166.81,-0.29,0.07
2025-08-06T11:53:50.000,1.7,99.07,-0.27,1.68
2025-08-06T11:54:50.000,2.34,34.39,1.93,1.32
2025-08-06T11:55:50.000,1.49,37.48,1.18,0.91
2025-08-06T11:56:50.000,1.91,64.01,0.84,1.72
2025-08-06T11:57:50.000,1.05,172.97,-1.04,0.13
2025-08-06T11:58:50.000,1.86,107.02,-0.54,1.78
2025-08-06T11:59:50.000,2.43,47.51,1.64,1.79
2025-08-06T12:00:50.000,1.45,55.2,0.83,1.19
2025-08-06T12:01:50.000,2.49,37.87,1.97,1.53
2025-08-06T12:02:50.000,2.43,41.09,1.83,1.6
2025-08-06T12:03:50.000,1.47,142.09,-1.16,0.91
2025-08-06T12:04:50.000,0.99,13.84,0.96,0.24
2025-08-06T12:05:50.000,1.16,39.04,0.9,0.73
2025-08-06T12:06:50.000,0.89,88.53,0.02,0.89
2025-08-06T12:07:50.000,1.15,78.2,0.23,1.12
2025-08-06T12:08:50.000,1.44,58.17,0.76,1.22
2025-08-06T12:09:50.000,1.87,129.22,-1.18,1.45
2025-08-06T12:10:50.000,1.99,66.22,0.8,1.82
2025-08-06T12:11:50.000,1.19,53.14,0.72,0.96
2025-08-06T12:12:50.000,2.13,68.05,0.8,1.97
2025-08-06T12:13:50.000,1,75.85,0.24,0.97
2025-08-06T12:14:50.000,0.5,47.1,0.34,0.37
2025-08-06T12:15:50.000,1.78,114.53,-0.74,1.62
2025-08-06T12:16:50.000,0.31,72.79,0.09,0.3
2025-08-06T12:17:50.000,2.07,36.73,1.66,1.24
2025-08-06T12:18:50.000,1.64,75.92,0.4,1.59
2025-08-06T12:19:50.000,3.45,27.91,3.05,1.62
2025-08-06T12:20:50.000,1.51,130.05,-0.97,1.16
2025-08-06T12:21:50.000,1.1,98.66,-0.17,1.09
2025-08-06T12:22:50.000,1.43,100.88,-0.27,1.41
2025-08-06T12:23:50.000,1.19,62.04,0.56,1.05
2025-08-06T12:24:50.000,1.57,121.01,-0.81,1.35
2025-08-06T12:25:50.000,1.67,116.55,-0.75,1.5
2025-08-06T12:26:50.000,1.61,130.55,-1.05,1.22
2025-08-06T12:27:50.000,2.03,124.62,-1.16,1.67
2025-08-06T12:28:50.000,2.3,109.81,-0.78,2.17
2025-08-06T12:29:50.000,1.75,110.6,-0.62,1.64
2025-08-06T12:30:50.000,1.3,41.63,0.98,0.87
2025-08-06T12:31:50.000,1.65,104.96,-0.43,1.6
2025-08-06T12:32:50.000,1.08,66.45,0.43,0.99
2025-08-06T12:33:50.000,1.48,74.44,0.4,1.43
2025-08-06T12:34:50.000,1.43,60.24,0.71,1.24
2025-08-06T12:35:50.000,2.39,113.81,-0.96,2.18
2025-08-06T12:36:50.000,1.71,85.52,0.13,1.71
2025-08-06T12:37:50.000,1.24,68.6,0.45,1.15
2025-08-06T12:38:50.000,0.72,24.73,0.66,0.3
2025-08-06T12:39:50.000,1.92,44.26,1.37,1.34
2025-08-06T12:40:50.000,1.17,74.32,0.32,1.13
2025-08-06T12:41:50.000,1.87,107.46,-0.56,1.79
2025-08-06T12:42:50.000,2.42,31.19,2.07,1.25
2025-08-06T12:43:50.000,2.18,35.82,1.77,1.28
2025-08-06T12:44:50.000,0.6,45.24,0.42,0.42
2025-08-06T12:45:50.000,1.01,133.77,-0.7,0.73
2025-08-06T12:46:50.000,1.29,162.96,-1.23,0.38
2025-08-06T12:47:50.000,0.99,146.2,-0.82,0.55
2025-08-06T12:48:50.000,0.35,343.72,0.34,-0.1
2025-08-06T12:49:50.000,0.86,19.14,0.82,0.28
2025-08-06T12:50:50.000,0.46,39.41,0.35,0.29
2025-08-06T12:51:50.000,1.81,23.03,1.67,0.71
2025-08-06T12:52:50.000,2.29,41.78,1.71,1.52
2025-08-06T12:53:50.000,1.15,42.41,0.85,0.78
2025-08-06T12:54:50.000,1.07,38.24,0.84,0.66
2025-08-06T12:55:50.000,1.14,50.53,0.72,0.88
2025-08-06T12:56:50.000,0.5,86.04,0.03,0.5
2025-08-06T12:57:50.000,0.93,12.99,0.9,0.21
2025-08-06T12:58:50.000,0.63,92.18,-0.02,0.63
2025-08-06T12:59:50.000,1.58,42.79,1.16,1.08
2025-08-06T13:00:50.000,0.72,57.56,0.39,0.61
2025-08-06T13:01:50.000,0.16,143.31,-0.13,0.09
2025-08-06T13:02:50.000,0.9,15.5,0.86,0.24
2025-08-06T13:03:50.000,1.61,9.67,1.59,0.27
2025-08-06T13:04:50.000,0.52,124.55,-0.3,0.43
2025-08-06T13:05:50.000,1.04,3.9,1.04,0.07
2025-08-06T13:06:50.000,0.36,158.1,-0.33,0.13
2025-08-06T13:07:50.000,0.18,58.62,0.09,0.15
2025-08-06T13:08:50.000,0.79,79.27,0.15,0.78
2025-08-06T13:09:50.000,0.72,347.23,0.7,-0.16
2025-08-06T13:10:50.000,1.43,308.65,0.89,-1.12
2025-08-06T13:11:50.000,0.32,276.73,0.04,-0.32
2025-08-06T13:12:50.000,0.32,11.98,0.31,0.07
2025-08-06T13:13:50.000,1.02,24.14,0.93,0.42
2025-08-06T13:14:50.000,0.59,342.85,0.56,-0.17
2025-08-06T13:15:50.000,0.54,196.75,-0.52,-0.16
2025-08-06T13:16:50.000,0.92,256.94,-0.21,-0.9
2025-08-06T13:17:50.000,1.33,240.9,-0.65,-1.16
2025-08-06T13:18:50.000,0.94,242.38,-0.44,-0.83
2025-08-06T13:19:50.000,0.52,127.56,-0.32,0.42
2025-08-06T13:20:50.000,0.33,244.04,-0.14,-0.29
2025-08-06T13:21:50.000,1.23,327.86,1.04,-0.66
2025-08-06T13:22:50.000,0.65,18.63,0.61,0.21
2025-08-06T13:23:50.000,0.86,358.71,0.86,-0.02
2025-08-06T13:24:50.000,1.27,297.11,0.58,-1.13
2025-08-06T13:25:50.000,0.49,354.67,0.49,-0.05
2025-08-06T13:26:50.000,0.44,320.69,0.34,-0.28
2025-08-06T13:27:50.000,2.68,307.2,1.62,-2.13
2025-08-06T13:28:50.000,0.76,59.92,0.38,0.66
2025-08-06T13:29:50.000,0.55,296.54,0.25,-0.5
2025-08-06T13:30:50.000,1.74,332.5,1.54,-0.8
2025-08-06T13:31:50.000,0.54,18.29,0.52,0.17
2025-08-06T13:32:50.000,0.78,69.49,0.27,0.73
2025-08-06T13:33:50.000,1.13,53.53,0.67,0.91
2025-08-06T13:34:50.000,1.56,28.26,1.37,0.74
2025-08-06T13:35:50.000,0.5,9.32,0.49,0.08
2025-08-06T13:36:50.000,1.51,5.04,1.5,0.13
2025-08-06T13:37:50.000,1.24,61.14,0.6,1.08
2025-08-06T13:38:50.000,2.44,350.07,2.41,-0.42
2025-08-06T13:39:50.000,2.44,346.29,2.37,-0.58
2025-08-06T13:40:50.000,1.47,334.33,1.33,-0.64
2025-08-06T13:41:50.000,1.76,353.41,1.75,-0.2
2025-08-06T13:42:50.000,1.05,8.46,1.04,0.16
2025-08-06T13:43:50.000,2.21,325.88,1.83,-1.24
2025-08-06T13:44:50.000,2.45,330.57,2.13,-1.2
2025-08-06T13:45:50.000,1.04,336.12,0.95,-0.42
2025-08-06T13:46:50.000,1.36,23.06,1.26,0.53
2025-08-06T13:47:50.000,1.7,15.34,1.64,0.45
2025-08-06T13:48:50.000,1.9,357.18,1.9,-0.09
2025-08-06T13:49:50.000,0.98,3.93,0.98,0.07
2025-08-06T13:50:50.000,1.72,339.75,1.62,-0.6
2025-08-06T13:51:50.000,2.63,313.25,1.8,-1.91
2025-08-06T13:52:50.000,3.08,308.2,1.9,-2.42
2025-08-06T13:53:50.000,2.09,319.01,1.58,-1.37
2025-08-06T13:54:50.000,1.81,281.76,0.37,-1.77
2025-08-06T13:55:50.000,1.85,263.74,-0.2,-1.84
2025-08-06T13:56:50.000,1.97,271.01,0.03,-1.97
2025-08-06T13:57:50.000,2.35,346.9,2.29,-0.53
2025-08-06T13:58:50.000,4.54,297.75,2.11,-4.02
2025-08-06T13:59:50.000,3.62,308.88,2.27,-2.82
2025-08-06T14:00:50.000,0.41,227.56,-0.28,-0.31
2025-08-06T14:01:50.000,1.31,252.23,-0.4,-1.24
2025-08-06T14:02:50.000,1.19,15.74,1.15,0.32
2025-08-06T14:03:50.000,0.99,16.77,0.94,0.28
2025-08-06T14:04:50.000,1.7,20.68,1.59,0.6
2025-08-06T14:05:50.000,0.97,49.36,0.63,0.74
2025-08-06T14:06:50.000,1.85,292.53,0.71,-1.71
2025-08-06T14:07:50.000,3.67,305.17,2.11,-3
2025-08-06T14:08:50.000,1.28,291.64,0.47,-1.19
2025-08-06T14:09:50.000,1.62,232.53,-0.99,-1.29
2025-08-06T14:10:50.000,3.8,339.48,3.56,-1.33
2025-08-06T14:11:50.000,2.01,328.04,1.71,-1.07
2025-08-06T14:12:50.000,0.88,7.79,0.88,0.12
2025-08-06T14:13:50.000,0.7,256.53,-0.16,-0.68
2025-08-06T14:14:50.000,2.61,14.67,2.53,0.66
2025-08-06T14:15:50.000,3.42,319.71,2.61,-2.21
2025-08-06T14:16:50.000,1.59,330.96,1.39,-0.77
2025-08-06T14:17:50.000,0.34,344.29,0.33,-0.09
2025-08-06T14:18:50.000,1.06,352.65,1.05,-0.14
2025-08-06T14:19:50.000,3.45,281.35,0.68,-3.39
2025-08-06T14:20:50.000,3.65,293.5,1.46,-3.35
2025-08-06T14:21:50.000,4.06,286.77,1.17,-3.88
2025-08-06T14:22:50.000,1.77,1.66,1.77,0.05
2025-08-06T14:23:50.000,1.37,33.7,1.14,0.76
2025-08-06T14:24:50.000,3.54,343.27,3.39,-1.02
2025-08-06T14:25:50.000,4.29,259.98,-0.75,-4.22
2025-08-06T14:26:50.000,2.02,302.88,1.1,-1.69
2025-08-06T14:27:50.000,2.53,291.23,0.92,-2.36
2025-08-06T14:28:50.000,3.53,284.94,0.91,-3.41
2025-08-06T14:29:50.000,2.5,331.93,2.21,-1.18
2025-08-06T14:30:50.000,4.84,278.69,0.73,-4.78
2025-08-06T14:31:50.000,2.29,329.22,1.97,-1.17
2025-08-06T14:32:50.000,4.44,305.95,2.61,-3.59
2025-08-06T14:33:50.000,0.87,18.42,0.83,0.28
2025-08-06T14:34:50.000,3.45,318.51,2.59,-2.29
2025-08-06T14:35:50.000,2.44,330.56,2.12,-1.2
2025-08-06T14:36:50.000,1.83,274.42,0.14,-1.83
2025-08-06T14:37:50.000,2.18,5.08,2.17,0.19
2025-08-06T14:38:50.000,1.87,312.43,1.26,-1.38
2025-08-06T14:39:50.000,2.07,319.49,1.57,-1.34
2025-08-06T14:40:50.000,2.42,349.47,2.38,-0.44
2025-08-06T14:41:50.000,2.38,328.61,2.03,-1.24
2025-08-06T14:42:50.000,1.24,25.21,1.12,0.53
2025-08-06T14:43:50.000,4.66,300.76,2.38,-4
2025-08-06T14:44:50.000,1.7,333.46,1.52,-0.76
2025-08-06T14:45:50.000,0.52,320.37,0.4,-0.33
2025-08-06T14:46:50.000,1.03,312.45,0.69,-0.76
2025-08-06T14:47:50.000,3.35,305.13,1.93,-2.74
2025-08-06T14:48:50.000,5.53,304.6,3.14,-4.55
2025-08-06T14:49:50.000,3.25,315.45,2.31,-2.28
2025-08-06T14:50:50.000,1.53,352.62,1.52,-0.2
2025-08-06T14:51:50.000,1.99,6.29,1.98,0.22
2025-08-06T14:52:50.000,1.86,295.13,0.79,-1.69
2025-08-06T14:53:50.000,2.01,20.54,1.88,0.7
2025-08-06T14:54:50.000,2.55,336.92,2.35,-1
2025-08-06T14:55:50.000,4.6,319.86,3.52,-2.97
2025-08-06T14:56:50.000,5.4,294.07,2.2,-4.93
2025-08-06T14:57:50.000,3.05,333.04,2.72,-1.38
2025-08-06T14:58:50.000,1.59,331.37,1.4,-0.76
2025-08-06T14:59:50.000,2.41,342.78,2.3,-0.71
2025-08-06T15:00:50.000,3.58,312.15,2.4,-2.65
2025-08-06T15:01:50.000,2.87,341.38,2.72,-0.92
2025-08-06T15:02:50.000,1.36,240.43,-0.67,-1.19
2025-08-06T15:03:50.000,1.01,65.46,0.42,0.92
2025-08-06T15:04:50.000,0.86,330.12,0.75,-0.43
2025-08-06T15:05:50.000,0.77,38.66,0.6,0.48
2025-08-06T15:06:50.000,1.61,319.72,1.23,-1.04
2025-08-06T15:07:50.000,1.62,11.82,1.59,0.33
2025-08-06T15:08:50.000,3.97,314.45,2.78,-2.83
2025-08-06T15:09:50.000,2.29,288.21,0.72,-2.18
2025-08-06T15:10:50.000,0.64,266.4,-0.04,-0.64
2025-08-06T15:11:50.000,0.82,68.91,0.29,0.76
2025-08-06T15:12:50.000,2.96,267.34,-0.14,-2.96
2025-08-06T15:13:50.000,1.73,303.36,0.95,-1.44
2025-08-06T15:14:50.000,0.37,34.08,0.31,0.21
2025-08-06T15:15:50.000,1.9,339.94,1.78,-0.65
2025-08-06T15:16:50.000,1.4,31.09,1.2,0.72
2025-08-06T15:17:50.000,0.29,55.3,0.17,0.24
2025-08-06T15:18:50.000,1.43,28.19,1.26,0.67
2025-08-06T15:19:50.000,1.04,359.61,1.04,-0.01
2025-08-06T15:20:50.000,2.4,314.99,1.69,-1.7
2025-08-06T15:21:50.000,2.11,301.13,1.09,-1.8
2025-08-06T15:22:50.000,4.64,303.75,2.58,-3.86
2025-08-06T15:23:50.000,2.03,335.77,1.85,-0.83
2025-08-06T15:24:50.000,2.55,336.66,2.34,-1.01
2025-08-06T15:25:50.000,3.35,315.05,2.37,-2.37
2025-08-06T15:26:50.000,0.8,47.27,0.54,0.59
2025-08-06T15:27:50.000,0.08,0.63,0.08,0
2025-08-06T15:28:50.000,4.28,334.62,3.87,-1.83
2025-08-06T15:29:50.000,2.29,310.69,1.5,-1.74
2025-08-06T15:30:50.000,1.49,27.31,1.32,0.68
2025-08-06T15:31:50.000,3.39,278.6,0.51,-3.35
2025-08-06T15:32:50.000,3.01,279.72,0.51,-2.97
2025-08-06T15:33:50.000,1.33,268.03,-0.05,-1.33
2025-08-06T15:34:50.000,0.28,326.01,0.23,-0.16
2025-08-06T15:35:50.000,2.97,338.68,2.76,-1.08
2025-08-06T15:36:50.000,2.05,327.26,1.73,-1.11
2025-08-06T15:37:50.000,2.55,313.62,1.76,-1.85
2025-08-06T15:38:50.000,2.18,310.75,1.42,-1.65
2025-08-06T15:39:50.000,2.53,309.62,1.61,-1.95
2025-08-06T15:40:50.000,1.37,348.14,1.34,-0.28
2025-08-06T15:41:50.000,0.75,341.38,0.71,-0.24
2025-08-06T15:42:50.000,1.37,324.53,1.11,-0.79
2025-08-06T15:43:50.000,2.28,19.79,2.14,0.77
2025-08-06T15:44:50.000,2.72,339.16,2.54,-0.97
2025-08-06T15:45:50.000,1.54,331.39,1.35,-0.74
2025-08-06T15:46:50.000,0.99,10.06,0.97,0.17
2025-08-06T15:47:50.000,1.93,326.32,1.61,-1.07
2025-08-06T15:48:50.000,2.35,23.61,2.16,0.94
2025-08-06T15:49:50.000,1.09,25.19,0.99,0.46
2025-08-06T15:50:50.000,1.31,337.03,1.21,-0.51
2025-08-06T15:51:50.000,1.09,0.9,1.09,0.02
2025-08-06T15:52:50.000,2.02,349.55,1.98,-0.37
2025-08-06T15:53:50.000,3.25,286.08,0.9,-3.13
2025-08-06T15:54:50.000,1.77,347.01,1.73,-0.4
2025-08-06T15:55:50.000,2.04,344.54,1.97,-0.54
2025-08-06T15:56:50.000,1.83,16.77,1.75,0.53
2025-08-06T15:57:50.000,2.69,2.23,2.69,0.1
2025-08-06T15:58:50.000,2.08,326.71,1.74,-1.14
2025-08-06T15:59:50.000,1.37,288.1,0.43,-1.3
2025-08-06T16:00:50.000,1.88,348.89,1.84,-0.36
2025-08-06T16:01:50.000,0.87,348.25,0.85,-0.18
2025-08-06T16:02:50.000,1.25,312.91,0.85,-0.92
2025-08-06T16:03:50.000,2.19,327.47,1.85,-1.18
2025-08-06T16:04:50.000,0.66,66.92,0.26,0.61
2025-08-06T16:05:50.000,1.11,346.15,1.08,-0.27
2025-08-06T16:06:50.000,3,320.88,2.33,-1.9
2025-08-06T16:07:50.000,3.08,317.25,2.26,-2.09
2025-08-06T16:08:50.000,1.84,344.53,1.77,-0.49
2025-08-06T16:09:50.000,1.04,13.23,1.01,0.24
2025-08-06T16:10:50.000,2,338.94,1.86,-0.72
2025-08-06T16:11:50.000,3.08,313.12,2.11,-2.25
2025-08-06T16:12:50.000,1.63,343.4,1.56,-0.47
2025-08-06T16:13:50.000,0.18,114.96,-0.08,0.16
2025-08-06T16:14:50.000,3.74,334.44,3.37,-1.61
2025-08-06T16:15:50.000,3.19,322.75,2.54,-1.93
2025-08-06T16:16:50.000,2.48,335.2,2.25,-1.04
2025-08-06T16:17:50.000,2.83,322.32,2.24,-1.73
2025-08-06T16:18:50.000,2.28,0.38,2.28,0.02
2025-08-06T16:19:50.000,3,328.19,2.55,-1.58
2025-08-06T16:20:50.000,3.59,320.72,2.78,-2.27
2025-08-06T16:21:50.000,6.21,300.55,3.16,-5.35
2025-08-06T16:22:50.000,1.33,330.95,1.17,-0.65
2025-08-06T16:23:50.000,1.88,329.77,1.62,-0.94
2025-08-06T16:24:50.000,2.56,350.84,2.53,-0.41
2025-08-06T16:25:50.000,1.98,353.45,1.97,-0.23
2025-08-06T16:26:50.000,3.98,336.62,3.66,-1.58
2025-08-06T16:27:50.000,3.48,334.19,3.14,-1.52
2025-08-06T16:28:50.000,4.8,322.99,3.84,-2.89
2025-08-06T16:29:50.000,3.91,308.05,2.41,-3.08
2025-08-06T16:30:50.000,2.09,4.63,2.08,0.17
2025-08-06T16:31:50.000,3.75,297.63,1.74,-3.32
2025-08-06T16:32:50.000,2.3,315.32,1.63,-1.62
2025-08-06T16:33:50.000,5,298.29,2.37,-4.41
2025-08-06T16:34:50.000,5.56,290.43,1.94,-5.21
2025-08-06T16:35:50.000,6.94,294.07,2.83,-6.34
2025-08-06T16:36:50.000,2.49,328.25,2.12,-1.31
2025-08-06T16:37:50.000,1.45,329.6,1.25,-0.73
2025-08-06T16:38:50.000,2.47,304.55,1.4,-2.03
2025-08-06T16:39:50.000,5.61,285.74,1.52,-5.4
2025-08-06T16:40:50.000,7.14,291.96,2.67,-6.62
2025-08-06T16:41:50.000,6.49,302,3.44,-5.5
2025-08-06T16:42:50.000,4.84,302.06,2.57,-4.1
2025-08-06T16:43:50.000,2.73,344.18,2.62,-0.74
2025-08-06T16:44:50.000,1.17,294.27,0.48,-1.07
2025-08-06T16:45:50.000,7.71,291.99,2.89,-7.15
2025-08-06T16:46:50.000,4.18,303.29,2.29,-3.49
2025-08-06T16:47:50.000,3.42,349.33,3.36,-0.63
2025-08-06T16:48:50.000,5.87,289.78,1.99,-5.53
2025-08-06T16:49:50.000,2.78,327.84,2.35,-1.48
2025-08-06T16:50:50.000,2.73,294.77,1.14,-2.48
2025-08-06T16:51:50.000,3.72,328.21,3.16,-1.96
2025-08-06T16:52:50.000,2.05,320.01,1.57,-1.32
2025-08-06T16:53:50.000,4.2,304.93,2.4,-3.44
2025-08-06T16:54:50.000,1.47,338.92,1.37,-0.53
2025-08-06T16:55:50.000,3.3,326.1,2.74,-1.84
2025-08-06T16:56:50.000,2.61,331.35,2.29,-1.25
2025-08-06T16:57:50.000,4.06,311.93,2.71,-3.02
2025-08-06T16:58:50.000,2.51,326.87,2.11,-1.37
2025-08-06T16:59:50.000,5.16,293.03,2.02,-4.75
2025-08-06T17:00:50.000,3.74,313.28,2.56,-2.72
2025-08-06T17:01:50.000,7.18,300.35,3.63,-6.2
2025-08-06T17:02:50.000,7.54,320.21,5.79,-4.82
2025-08-06T17:03:50.000,3.24,299.02,1.57,-2.83
2025-08-06T17:04:50.000,4,279.95,0.69,-3.94
2025-08-06T17:05:50.000,3.18,316.57,2.31,-2.19
2025-08-06T17:06:50.000,4.56,307.41,2.77,-3.62
2025-08-06T17:07:50.000,4.43,284.39,1.1,-4.29
2025-08-06T17:08:50.000,2.23,4.12,2.22,0.16
2025-08-06T17:09:50.000,6.85,310.6,4.46,-5.2
2025-08-06T17:10:50.000,5.29,309.12,3.34,-4.1
2025-08-06T17:11:50.000,6.79,306.7,4.06,-5.44
2025-08-06T17:12:50.000,3.63,321.86,2.86,-2.24
2025-08-06T17:13:50.000,6.63,280.5,1.21,-6.52
2025-08-06T17:14:50.000,9.18,297.98,4.31,-8.11
2025-08-06T17:15:50.000,4.45,328.46,3.8,-2.33
2025-08-06T17:16:50.000,6.77,292.38,2.58,-6.26
2025-08-06T17:17:50.000,5.1,293.67,2.05,-4.67
2025-08-06T17:18:50.000,5.9,317,4.32,-4.03
2025-08-06T17:19:50.000,6.95,272.6,0.32,-6.94
2025-08-06T17:20:50.000,7.65,293.71,3.08,-7.01
2025-08-06T17:21:50.000,8.82,269.42,-0.09,-8.82
2025-08-06T17:22:50.000,3.62,271.1,0.07,-3.62
2025-08-06T17:23:50.000,5.5,292.09,2.07,-5.09
2025-08-06T17:24:50.000,5.52,312.55,3.73,-4.07
2025-08-06T17:25:50.000,5.75,299.66,2.85,-5
2025-08-06T17:26:50.000,9.32,301.09,4.81,-7.98
2025-08-06T17:27:50.000,11.79,292.62,4.53,-10.89
2025-08-06T17:28:50.000,4.22,293.7,1.7,-3.86
2025-08-06T17:29:50.000,6.43,305.06,3.7,-5.27
2025-08-06T17:30:50.000,6.11,310.9,4,-4.62
2025-08-06T17:31:50.000,8.43,300.45,4.27,-7.27
2025-08-06T17:32:50.000,3.36,347.41,3.28,-0.73
2025-08-06T17:33:50.000,6.79,308.3,4.21,-5.33
2025-08-06T17:34:50.000,3.69,326.9,3.09,-2.01
2025-08-06T17:35:50.000,4.98,286.82,1.44,-4.76
2025-08-06T17:36:50.000,6.82,284.05,1.65,-6.61
2025-08-06T17:37:50.000,3.43,304.61,1.95,-2.82
2025-08-06T17:38:50.000,7.77,292.89,3.02,-7.16
2025-08-06T17:39:50.000,5.04,313.76,3.48,-3.64
2025-08-06T17:40:50.000,4.7,292.8,1.82,-4.33
2025-08-06T17:41:50.000,3.23,311.61,2.15,-2.42
2025-08-06T17:42:50.000,5.33,316.38,3.86,-3.68
2025-08-06T17:43:50.000,2.93,307.12,1.77,-2.34
2025-08-06T17:44:50.000,3.59,299.23,1.75,-3.14
2025-08-06T17:45:50.000,3.79,301.34,1.97,-3.23
2025-08-06T17:46:50.000,5.12,293.95,2.08,-4.68
2025-08-06T17:47:50.000,1.79,315.46,1.27,-1.25
2025-08-06T17:48:50.000,2.31,340.27,2.17,-0.78
2025-08-06T17:49:50.000,3.83,298.49,1.83,-3.37
2025-08-06T17:50:50.000,6.62,309.59,4.22,-5.1
2025-08-06T17:51:50.000,7.18,294.06,2.93,-6.56
2025-08-06T17:52:50.000,6.33,300.93,3.25,-5.43
2025-08-06T17:53:50.000,7.01,294,2.85,-6.41
2025-08-06T17:54:50.000,6.38,309.94,4.1,-4.89
2025-08-06T17:55:50.000,4.46,296.93,2.02,-3.98
2025-08-06T17:56:50.000,5.23,295.23,2.23,-4.73
2025-08-06T17:57:50.000,1.99,15.35,1.92,0.53
2025-08-06T17:58:50.000,6.11,280.44,1.11,-6.01
2025-08-06T17:59:50.000,4.39,301.36,2.28,-3.75
2025-08-06T18:00:50.000,3.25,312.93,2.21,-2.38
2025-08-06T18:01:50.000,7.38,308.91,4.63,-5.74
2025-08-06T18:02:50.000,5.3,301.17,2.74,-4.54
2025-08-06T18:03:50.000,4.21,294.55,1.75,-3.83
2025-08-06T18:04:50.000,3.98,296.1,1.75,-3.57
2025-08-06T18:05:50.000,3.12,298.51,1.49,-2.74
2025-08-06T18:06:50.000,6.23,287.49,1.87,-5.94
2025-08-06T18:07:50.000,2.55,314.67,1.79,-1.81
2025-08-06T18:08:50.000,3.88,314.47,2.72,-2.77
2025-08-06T18:09:50.000,5.12,313.1,3.5,-3.74
2025-08-06T18:10:50.000,4.4,307.33,2.67,-3.5
2025-08-06T18:11:50.000,4.84,281.09,0.93,-4.75
2025-08-06T18:12:50.000,3.08,329.9,2.66,-1.54
2025-08-06T18:13:50.000,4.59,288.66,1.47,-4.35
2025-08-06T18:14:50.000,2.9,343.4,2.78,-0.83
2025-08-06T18:15:50.000,5.6,307.21,3.38,-4.46
2025-08-06T18:16:50.000,3.72,313.06,2.54,-2.72
2025-08-06T18:17:50.000,3.15,324.8,2.58,-1.82
2025-08-06T18:18:50.000,2.57,340.94,2.43,-0.84
2025-08-06T18:19:50.000,5.43,311.56,3.6,-4.07
2025-08-06T18:20:50.000,3.14,320.16,2.41,-2.01
2025-08-06T18:21:50.000,3.42,336.46,3.13,-1.36
2025-08-06T18:22:50.000,6.28,296.29,2.78,-5.63
2025-08-06T18:23:50.000,5.75,287.98,1.78,-5.47
2025-08-06T18:24:50.000,6.68,305.4,3.87,-5.44
2025-08-06T18:25:50.000,7.64,286.47,2.17,-7.33
2025-08-06T18:26:50.000,2.18,327.16,1.83,-1.18
2025-08-06T18:27:50.000,9.04,281.41,1.79,-8.86
2025-08-06T18:28:50.000,7.08,293.24,2.79,-6.51
2025-08-06T18:29:50.000,3.27,308.7,2.04,-2.55
2025-08-06T18:30:50.000,2.97,279.44,0.49,-2.93
2025-08-06T18:31:50.000,4.55,312.32,3.07,-3.37
2025-08-06T18:32:50.000,4.8,293.23,1.89,-4.41
2025-08-06T18:33:50.000,1.89,303.39,1.04,-1.57
2025-08-06T18:34:50.000,4.58,318.16,3.42,-3.06
2025-08-06T18:35:50.000,4.69,323.36,3.76,-2.8
2025-08-06T18:36:50.000,6.15,303.29,3.38,-5.14
2025-08-06T18:37:50.000,7.58,301.73,3.99,-6.45
2025-08-06T18:38:50.000,4.07,299.79,2.02,-3.53
2025-08-06T18:39:50.000,3.43,318.97,2.59,-2.25
2025-08-06T18:40:50.000,7.51,307.35,4.56,-5.97
2025-08-06T18:41:50.000,3.6,297.87,1.68,-3.18
2025-08-06T18:42:50.000,4.31,322.24,3.4,-2.64
2025-08-06T18:43:50.000,5.31,300.01,2.66,-4.6
2025-08-06T18:44:50.000,7.31,286.92,2.13,-7
2025-08-06T18:45:50.000,5.74,291.5,2.1,-5.34
2025-08-06T18:46:50.000,5.87,318.91,4.42,-3.86
2025-08-06T18:47:50.000,4.4,317.07,3.22,-3
2025-08-06T18:48:50.000,3.29,313.75,2.28,-2.38
2025-08-06T18:49:50.000,4.61,282.97,1.03,-4.49
2025-08-06T18:50:50.000,4.92,326.13,4.08,-2.74
2025-08-06T18:51:50.000,3.48,286.5,0.99,-3.34
2025-08-06T18:52:50.000,1.6,308.96,1,-1.24
2025-08-06T18:53:50.000,3.33,279.31,0.54,-3.29
2025-08-06T18:54:50.000,7.08,291.74,2.62,-6.57
2025-08-06T18:55:50.000,2.82,0.71,2.82,0.04
2025-08-06T18:56:50.000,3.21,336.71,2.95,-1.27
2025-08-06T18:57:50.000,6.75,328.49,5.75,-3.53
2025-08-06T18:58:50.000,5.4,327.96,4.58,-2.87
2025-08-06T18:59:50.000,3.01,349.01,2.96,-0.57
2025-08-06T19:00:50.000,2.84,348.74,2.78,-0.55
2025-08-06T19:01:50.000,4.05,315.22,2.87,-2.85
2025-08-06T19:02:50.000,1.6,336.11,1.46,-0.65
2025-08-06T19:03:50.000,3.81,297.65,1.77,-3.37
2025-08-06T19:04:50.000,5.19,317.41,3.82,-3.51
2025-08-06T19:05:50.000,4.34,309.64,2.77,-3.34
2025-08-06T19:06:50.000,4.42,333.56,3.96,-1.97
2025-08-06T19:07:50.000,5.53,315.41,3.94,-3.89
2025-08-06T19:08:50.000,3.48,346.8,3.39,-0.79
2025-08-06T19:09:50.000,5.73,308.44,3.56,-4.49
2025-08-06T19:10:50.000,6.09,319.22,4.61,-3.98
2025-08-06T19:11:50.000,2.84,330.39,2.47,-1.4
2025-08-06T19:12:50.000,4.68,314.73,3.3,-3.33
2025-08-06T19:13:50.000,7.12,287.86,2.18,-6.78
2025-08-06T19:14:50.000,6.36,329.01,5.45,-3.27
2025-08-06T19:15:50.000,3.98,328.17,3.38,-2.1
2025-08-06T19:16:50.000,2.62,329.53,2.26,-1.33
2025-08-06T19:17:50.000,2.81,325.27,2.31,-1.6
2025-08-06T19:18:50.000,2.62,295.1,1.11,-2.37
2025-08-06T19:19:50.000,1.92,253.63,-0.54,-1.84
2025-08-06T19:20:50.000,2.13,314.85,1.51,-1.51
2025-08-06T19:21:50.000,1.87,303.41,1.03,-1.56
2025-08-06T19:22:50.000,1.61,243.36,-0.72,-1.44
2025-08-06T19:23:50.000,1.94,319.26,1.47,-1.26
2025-08-06T19:24:50.000,1.44,303.08,0.79,-1.21
2025-08-06T19:25:50.000,1.55,279.89,0.27,-1.53
2025-08-06T19:26:50.000,1.26,358.08,1.26,-0.04
2025-08-06T19:27:50.000,1.29,285.74,0.35,-1.24
2025-08-06T19:28:50.000,1.88,276.37,0.21,-1.87
2025-08-06T19:29:50.000,2.17,268.04,-0.07,-2.17
2025-08-06T19:30:50.000,1.89,42.84,1.38,1.28
2025-08-06T19:31:50.000,4.15,314.61,2.92,-2.96
2025-08-06T19:32:50.000,3.45,344.67,3.32,-0.91
2025-08-06T19:33:50.000,4.26,306.16,2.51,-3.44
2025-08-06T19:34:50.000,0.95,324.71,0.78,-0.55
2025-08-06T19:35:50.000,1.98,293.87,0.8,-1.81
2025-08-06T19:36:50.000,1.47,322.05,1.16,-0.91
2025-08-06T19:37:50.000,1.81,10.01,1.78,0.32
2025-08-06T19:38:50.000,1.09,292.31,0.41,-1.01
2025-08-06T19:39:50.000,0.92,279.6,0.15,-0.9
2025-08-06T19:40:50.000,1.4,309.36,0.89,-1.08
2025-08-06T19:41:50.000,2.88,318.73,2.17,-1.9
2025-08-06T19:42:50.000,3.33,357.61,3.32,-0.14
2025-08-06T19:43:50.000,3.73,281.67,0.76,-3.66
2025-08-06T19:44:50.000,5.27,288.65,1.68,-4.99
2025-08-06T19:45:50.000,5.07,316.72,3.69,-3.48
2025-08-06T19:46:50.000,3.32,303.52,1.83,-2.77
2025-08-06T19:47:50.000,1.78,325.24,1.46,-1.02
2025-08-06T19:48:50.000,2.77,1.91,2.77,0.09
2025-08-06T19:49:50.000,1.37,11.22,1.35,0.27
2025-08-06T19:50:50.000,1.56,304.82,0.89,-1.28
2025-08-06T19:51:50.000,2.82,292.01,1.06,-2.62
2025-08-06T19:52:50.000,1.86,309.36,1.18,-1.44
2025-08-06T19:53:50.000,3.16,332.08,2.8,-1.48
2025-08-06T19:54:50.000,2.63,323.53,2.12,-1.57
2025-08-06T19:55:50.000,3.27,322.59,2.6,-1.99
2025-08-06T19:56:50.000,1.52,311.82,1.02,-1.13
2025-08-06T19:57:50.000,2.63,334.2,2.37,-1.14
2025-08-06T19:58:50.000,1.68,336.31,1.54,-0.68
2025-08-06T19:59:50.000,1.16,333.78,1.04,-0.51
2025-08-06T20:00:50.000,2.08,346.31,2.02,-0.49
2025-08-06T20:01:50.000,3.97,291.82,1.48,-3.69
2025-08-06T20:02:50.000,2.61,301.96,1.38,-2.22
2025-08-06T20:03:50.000,2.2,310.18,1.42,-1.68
2025-08-06T20:04:50.000,1.67,8.15,1.65,0.24
2025-08-06T20:05:50.000,1.43,345.13,1.39,-0.37
2025-08-06T20:06:50.000,0.76,4.35,0.75,0.06
2025-08-06T20:07:50.000,0.76,309.74,0.48,-0.58
2025-08-06T20:08:50.000,0.72,0.88,0.72,0.01
2025-08-06T20:09:50.000,3.1,336.75,2.84,-1.22
2025-08-06T20:10:50.000,1.43,313.14,0.98,-1.04
2025-08-06T20:11:50.000,3.81,309.88,2.44,-2.92
2025-08-06T20:12:50.000,2.05,336.71,1.88,-0.81
2025-08-06T20:13:50.000,0.92,331.25,0.81,-0.44
2025-08-06T20:14:50.000,2.46,330.14,2.13,-1.22
2025-08-06T20:15:50.000,2.58,352.79,2.55,-0.32
2025-08-06T20:16:50.000,1.91,346.34,1.86,-0.45
2025-08-06T20:17:50.000,2.36,355.96,2.35,-0.17
2025-08-06T20:18:50.000,1.84,319.68,1.41,-1.19
2025-08-06T20:19:50.000,0.28,312.19,0.18,-0.2
2025-08-06T20:20:50.000,1.69,316.76,1.23,-1.16
2025-08-06T20:21:50.000,1.34,301.62,0.7,-1.14
2025-08-06T20:22:50.000,0.98,326.47,0.82,-0.54
2025-08-06T20:23:50.000,1.89,343.41,1.81,-0.54
2025-08-06T20:24:50.000,1.42,313.74,0.98,-1.03
2025-08-06T20:25:50.000,0.92,345.65,0.89,-0.23
2025-08-06T20:26:50.000,2.88,304.22,1.62,-2.38
2025-08-06T20:27:50.000,1.65,319.85,1.26,-1.07
2025-08-06T20:28:50.000,3.84,326.44,3.2,-2.12
2025-08-06T20:29:50.000,2.32,326.47,1.93,-1.28
2025-08-06T20:30:50.000,2.07,331.37,1.81,-0.99
2025-08-06T20:31:50.000,1.19,321.2,0.93,-0.75
2025-08-06T20:32:50.000,2.28,319.35,1.73,-1.49
2025-08-06T20:33:50.000,2.05,0.53,2.05,0.02
2025-08-06T20:34:50.000,1.82,336.22,1.66,-0.73
2025-08-06T20:35:50.000,0.55,264.09,-0.06,-0.55
2025-08-06T20:36:50.000,0.89,12.58,0.87,0.19
2025-08-06T20:37:50.000,1.97,329.23,1.69,-1.01
2025-08-06T20:38:50.000,2.39,308.18,1.47,-1.88
2025-08-06T20:39:50.000,0.19,224.04,-0.14,-0.13
2025-08-06T20:40:50.000,1.36,9.2,1.35,0.22
2025-08-06T20:41:50.000,2.7,342.53,2.58,-0.81
2025-08-06T20:42:50.000,1.51,341.58,1.43,-0.48
2025-08-06T20:43:50.000,1.24,26.5,1.11,0.55
2025-08-06T20:44:50.000,2.94,340.17,2.77,-1
2025-08-06T20:45:50.000,1.36,357.18,1.36,-0.07
2025-08-06T20:46:50.000,1.78,317.25,1.3,-1.21
2025-08-06T20:47:50.000,2.03,323.93,1.64,-1.2
2025-08-06T20:48:50.000,3.09,347.58,3.02,-0.66
2025-08-06T20:49:50.000,2.26,302.57,1.21,-1.9
2025-08-06T20:50:50.000,2.79,328.4,2.38,-1.46
2025-08-06T20:51:50.000,1.45,334.4,1.31,-0.63
2025-08-06T20:52:50.000,4.43,318.71,3.33,-2.92
2025-08-06T20:53:50.000,2.77,316.31,2,-1.91
2025-08-06T20:54:50.000,1.82,351.6,1.8,-0.27
2025-08-06T20:55:50.000,2.28,350.02,2.24,-0.39
2025-08-06T20:56:50.000,2.46,8.86,2.43,0.38
2025-08-06T20:57:50.000,1.68,356.92,1.67,-0.09
2025-08-06T20:58:50.000,2.41,19.19,2.27,0.79
2025-08-06T20:59:50.000,2.79,336.57,2.56,-1.11
2025-08-06T21:00:50.000,1.86,14.91,1.79,0.48
2025-08-06T21:01:50.000,2.74,357.69,2.74,-0.11
2025-08-06T21:02:50.000,2.96,343.82,2.84,-0.82
2025-08-06T21:03:50.000,1.17,14.28,1.13,0.29
2025-08-06T21:04:50.000,2.38,0.89,2.38,0.04
2025-08-06T21:05:50.000,2.32,356.24,2.31,-0.15
2025-08-06T21:06:50.000,1.44,349.18,1.41,-0.27
2025-08-06T21:07:50.000,1.37,337.88,1.27,-0.51
2025-08-06T21:08:50.000,1.89,4.32,1.88,0.14
2025-08-06T21:09:50.000,2.11,355.8,2.1,-0.15
2025-08-06T21:10:50.000,1.85,26.64,1.65,0.83
2025-08-06T21:11:50.000,1.6,345.12,1.55,-0.41
2025-08-06T21:12:50.000,0.82,340.99,0.77,-0.27
2025-08-06T21:13:50.000,1.52,25.36,1.38,0.65
2025-08-06T21:14:50.000,1.78,28.58,1.56,0.85
2025-08-06T21:15:50.000,1.48,40.61,1.12,0.96
2025-08-06T21:16:50.000,1.76,356.5,1.76,-0.11
2025-08-06T21:17:50.000,2.15,6.36,2.14,0.24
2025-08-06T21:18:50.000,1.64,11.87,1.6,0.34
2025-08-06T21:19:50.000,1.96,2.02,1.96,0.07
2025-08-06T21:20:50.000,2.09,346.06,2.03,-0.5
2025-08-06T21:21:50.000,1.57,355.21,1.56,-0.13
2025-08-06T21:22:50.000,1.98,24.08,1.8,0.81
2025-08-06T21:23:50.000,1.03,8.29,1.02,0.15
2025-08-06T21:24:50.000,1.81,316.42,1.31,-1.24
2025-08-06T21:25:50.000,3,335.97,2.74,-1.22
2025-08-06T21:26:50.000,1.81,6.35,1.8,0.2
2025-08-06T21:27:50.000,2.08,13.25,2.02,0.48
2025-08-06T21:28:50.000,1.75,329.3,1.5,-0.89
2025-08-06T21:29:50.000,1.54,350.87,1.52,-0.24
2025-08-06T21:30:50.000,2.04,335.64,1.86,-0.84
2025-08-06T21:31:50.000,0.72,351.48,0.71,-0.11
2025-08-06T21:32:50.000,0.66,33.68,0.55,0.36
2025-08-06T21:33:50.000,0.61,325.31,0.51,-0.35
2025-08-06T21:34:50.000,1.55,350.28,1.53,-0.26
2025-08-06T21:35:50.000,2.54,323.17,2.03,-1.52
2025-08-06T21:36:50.000,2.18,13.86,2.12,0.52
2025-08-06T21:37:50.000,2.4,331.34,2.1,-1.15
2025-08-06T21:38:50.000,2.43,326.14,2.01,-1.35
2025-08-06T21:39:50.000,2.65,3.79,2.64,0.18
2025-08-06T21:40:50.000,1.93,8.29,1.91,0.28
2025-08-06T21:41:50.000,2.47,333.28,2.2,-1.11
2025-08-06T21:42:50.000,3.53,316.5,2.56,-2.43
2025-08-06T21:43:50.000,2.91,345.65,2.82,-0.72
2025-08-06T21:44:50.000,1.93,324.44,1.57,-1.12
2025-08-06T21:45:50.000,2.78,356.91,2.77,-0.15
2025-08-06T21:46:50.000,2.86,310.58,1.86,-2.17
2025-08-06T21:47:50.000,1.53,22.97,1.41,0.6
2025-08-06T21:48:50.000,1.58,25.21,1.43,0.67
2025-08-06T21:49:50.000,2.68,13.69,2.61,0.63
2025-08-06T21:50:50.000,2.71,358.68,2.71,-0.06
2025-08-06T21:51:50.000,1.85,10.97,1.81,0.35
2025-08-06T21:52:50.000,1.99,333.96,1.79,-0.88
2025-08-06T21:53:50.000,1.29,358.07,1.29,-0.04
2025-08-06T21:54:50.000,4.09,323.63,3.29,-2.43
2025-08-06T21:55:50.000,1.16,353.5,1.16,-0.13
2025-08-06T21:56:50.000,1.83,359.09,1.83,-0.03
2025-08-06T21:57:50.000,2.9,343.93,2.79,-0.8
2025-08-06T21:58:50.000,2,350.14,1.97,-0.34
2025-08-06T21:59:50.000,3.78,340.56,3.56,-1.26
2025-08-06T22:00:50.000,1.42,351.07,1.4,-0.22
2025-08-06T22:01:50.000,2.32,332.73,2.06,-1.06
2025-08-06T22:02:50.000,2.65,356.41,2.64,-0.17
2025-08-06T22:03:50.000,2.27,323.25,1.82,-1.36
2025-08-06T22:04:50.000,3.17,322.86,2.53,-1.92
2025-08-06T22:05:50.000,1.74,19.88,1.64,0.59
2025-08-06T22:06:50.000,2.17,358.02,2.17,-0.08
2025-08-06T22:07:50.000,2.65,335.1,2.4,-1.12
2025-08-06T22:08:50.000,3.66,355.86,3.65,-0.26
2025-08-06T22:09:50.000,2.06,5.71,2.05,0.21
2025-08-06T22:10:50.000,1.78,332.26,1.57,-0.83
2025-08-06T22:11:50.000,2.53,332.14,2.24,-1.18
2025-08-06T22:12:50.000,2.62,5.56,2.61,0.25
2025-08-06T22:13:50.000,2.34,23.14,2.15,0.92
2025-08-06T22:14:50.000,1.74,30.63,1.5,0.89
2025-08-06T22:15:50.000,2.36,342.01,2.24,-0.73
2025-08-06T22:16:50.000,2.64,342.38,2.52,-0.8
2025-08-06T22:17:50.000,1.58,3.18,1.58,0.09
2025-08-06T22:18:50.000,3.1,310.18,2,-2.36
2025-08-06T22:19:50.000,3.03,351.34,2.99,-0.46
2025-08-06T22:20:50.000,1.68,339.58,1.57,-0.59
2025-08-06T22:21:50.000,2.12,310.39,1.38,-1.62
2025-08-06T22:22:50.000,2.45,314.88,1.73,-1.73
2025-08-06T22:23:50.000,1.97,10.3,1.94,0.35
2025-08-06T22:24:50.000,1.99,3.88,1.98,0.13
2025-08-06T22:25:50.000,2.65,357.95,2.65,-0.09
2025-08-06T22:26:50.000,1.92,5.12,1.92,0.17
2025-08-06T22:27:50.000,1.91,344.33,1.84,-0.52
2025-08-06T22:28:50.000,2.08,3.6,2.07,0.13
2025-08-06T22:29:50.000,1.79,355.79,1.79,-0.13
2025-08-06T22:30:50.000,1.23,332.27,1.09,-0.57
2025-08-06T22:31:50.000,1.9,329.65,1.64,-0.96
2025-08-06T22:32:50.000,1.03,22.87,0.95,0.4
2025-08-06T22:33:50.000,0.92,343.58,0.89,-0.26
2025-08-06T22:34:50.000,1.47,34.2,1.22,0.83
2025-08-06T22:35:50.000,1.24,29.61,1.07,0.61
2025-08-06T22:36:50.000,0.62,34.14,0.51,0.35
2025-08-06T22:37:50.000,1.61,35.12,1.32,0.93
2025-08-06T22:38:50.000,1.13,8.71,1.12,0.17
2025-08-06T22:39:50.000,0.96,46.02,0.67,0.69
2025-08-06T22:40:50.000,0.86,347.11,0.84,-0.19
2025-08-06T22:41:50.000,0.59,29.28,0.52,0.29
2025-08-06T22:42:50.000,0.98,31.24,0.84,0.51
2025-08-06T22:43:50.000,0.91,34.07,0.75,0.51
2025-08-06T22:44:50.000,1.3,27.79,1.15,0.61
2025-08-06T22:45:50.000,1.03,50.17,0.66,0.79
2025-08-06T22:46:50.000,2.36,21.68,2.19,0.87
2025-08-06T22:47:50.000,1.34,47.26,0.91,0.98
2025-08-06T22:48:50.000,2.18,12.67,2.12,0.48
2025-08-06T22:49:50.000,1.18,41.48,0.88,0.78
2025-08-06T22:50:50.000,1.04,61.69,0.5,0.92
2025-08-06T22:51:50.000,1.34,33.03,1.13,0.73
2025-08-06T22:52:50.000,1.45,52.45,0.88,1.15
2025-08-06T22:53:50.000,1.03,80.99,0.16,1.01
2025-08-06T22:54:50.000,1.8,34.93,1.48,1.03
2025-08-06T22:55:50.000,1.03,75.25,0.26,1
2025-08-06T22:56:50.000,1.2,101.39,-0.24,1.18
2025-08-06T22:57:50.000,1.55,34.2,1.28,0.87
2025-08-06T22:58:50.000,1.56,35.47,1.27,0.91
2025-08-06T22:59:50.000,0.72,64.1,0.31,0.65
2025-08-06T23:00:50.000,0.92,87.85,0.03,0.92
2025-08-06T23:01:50.000,1.57,80.74,0.25,1.55
2025-08-06T23:02:50.000,1.46,83.36,0.17,1.45
2025-08-06T23:03:50.000,1.51,33.3,1.26,0.83
2025-08-06T23:04:50.000,1.37,25.8,1.23,0.6
2025-08-06T23:05:50.000,1.61,61.64,0.77,1.42
2025-08-06T23:06:50.000,1.1,103.11,-0.25,1.08
2025-08-06T23:07:50.000,1.11,85.43,0.09,1.11
2025-08-06T23:08:50.000,0.9,113.16,-0.36,0.83
2025-08-06T23:09:50.000,0.96,108.08,-0.3,0.91
2025-08-06T23:10:50.000,1.55,112.35,-0.59,1.43
2025-08-06T23:11:50.000,1.95,72.89,0.57,1.86
2025-08-06T23:12:50.000,1.31,96.05,-0.14,1.3
2025-08-06T23:13:50.000,1.28,67.71,0.49,1.19
2025-08-06T23:14:50.000,1.35,58.26,0.71,1.15
2025-08-06T23:15:50.000,1.12,102.48,-0.24,1.09
2025-08-06T23:16:50.000,1.76,99.78,-0.3,1.73
2025-08-06T23:17:50.000,1.45,39.72,1.11,0.92
2025-08-06T23:18:50.000,1.49,45.51,1.04,1.06
2025-08-06T23:19:50.000,1.51,42.23,1.12,1.01
2025-08-06T23:20:50.000,0.76,79.91,0.13,0.75
2025-08-06T23:21:50.000,1.34,35.15,1.1,0.77
2025-08-06T23:22:50.000,1.57,61.74,0.74,1.38
2025-08-06T23:23:50.000,2.12,55.32,1.21,1.74
2025-08-06T23:24:50.000,1.13,19.82,1.06,0.38
2025-08-06T23:25:50.000,0.52,67.65,0.2,0.48
2025-08-06T23:26:50.000,1.18,100.63,-0.22,1.16
2025-08-06T23:27:50.000,1.58,39.99,1.21,1.02
2025-08-06T23:28:50.000,2.21,30.19,1.91,1.11
2025-08-06T23:29:50.000,1.44,65.2,0.6,1.3
2025-08-06T23:30:50.000,1.63,51.07,1.02,1.27
2025-08-06T23:31:50.000,0.84,90.13,0,0.84
2025-08-06T23:32:50.000,0.68,91.15,-0.01,0.68
2025-08-06T23:33:50.000,1.69,107.89,-0.52,1.61
2025-08-06T23:34:50.000,0.81,69.92,0.28,0.76
2025-08-06T23:35:50.000,1.7,18.36,1.61,0.54
2025-08-06T23:36:50.000,1.27,81.28,0.19,1.25
2025-08-06T23:37:50.000,2.24,91.78,-0.07,2.24
2025-08-06T23:38:50.000,3.33,90.85,-0.05,3.33
2025-08-06T23:39:50.000,1.79,72.06,0.55,1.7
2025-08-06T23:40:50.000,1.46,57.19,0.79,1.23
2025-08-06T23:41:50.000,1.31,48.82,0.86,0.99
2025-08-06T23:42:50.000,1.37,57.52,0.74,1.16
2025-08-06T23:43:50.000,1.11,81.35,0.17,1.1
2025-08-06T23:44:50.000,0.8,102.35,-0.17,0.78
2025-08-06T23:45:50.000,0.22,110.05,-0.08,0.21
2025-08-06T23:46:50.000,1.03,62.37,0.48,0.91
2025-08-06T23:47:50.000,1.73,12.08,1.7,0.36
2025-08-06T23:48:50.000,2.04,29.59,1.78,1.01
2025-08-06T23:49:50.000,0.96,58.7,0.5,0.82
2025-08-06T23:50:50.000,1.65,35.56,1.34,0.96
2025-08-06T23:51:50.000,2.63,35.12,2.15,1.51
2025-08-06T23:52:50.000,1.3,51.44,0.81,1.01
2025-08-06T23:53:50.000,0.96,42.79,0.7,0.65
2025-08-06T23:54:50.000,1.41,72.06,0.43,1.34
2025-08-06T23:55:50.000,1.38,74.17,0.38,1.32
2025-08-06T23:56:50.000,1.99,7.62,1.97,0.26
2025-08-06T23:57:50.000,1.36,71.45,0.43,1.29
2025-08-06T23:58:50.000,0.99,70.16,0.34,0.93
2025-08-06T23:59:50.000,1.21,56.5,0.67,1.01
2025-08-07T00:00:50.000,0.79,84.75,0.07,0.78
2025-08-07T00:01:50.000,1.18,170.16,-1.16,0.2
2025-08-07T00:02:50.000,0.81,42.66,0.6,0.55
2025-08-07T00:03:50.000,0.95,79.99,0.16,0.93
2025-08-07T00:04:50.000,2.07,138.19,-1.54,1.38
2025-08-07T00:05:50.000,2.03,85.03,0.18,2.02
2025-08-07T00:06:50.000,1.07,107.82,-0.33,1.02
2025-08-07T00:07:50.000,2.08,115.62,-0.9,1.88
2025-08-07T00:08:50.000,0.25,77.2,0.06,0.25
2025-08-07T00:09:50.000,2.51,63.82,1.11,2.25
2025-08-07T00:10:50.000,1.91,58.68,0.99,1.63
2025-08-07T00:11:50.000,2.32,56.86,1.27,1.94
2025-08-07T00:12:50.000,1.76,65.53,0.73,1.6
2025-08-07T00:13:50.000,1.73,49.75,1.11,1.32
2025-08-07T00:14:50.000,1.68,64.13,0.73,1.51
2025-08-07T00:15:50.000,1.6,55.82,0.9,1.33
2025-08-07T00:16:50.000,1.42,67.41,0.55,1.31
2025-08-07T00:17:50.000,2.12,67.67,0.8,1.96
2025-08-07T00:18:50.000,2.18,52.71,1.32,1.74
2025-08-07T00:19:50.000,1.65,91.5,-0.04,1.65
2025-08-07T00:20:50.000,0.92,63.12,0.42,0.82
2025-08-07T00:21:50.000,1.98,94.2,-0.14,1.97
2025-08-07T00:22:50.000,2.26,32.68,1.9,1.22
2025-08-07T00:23:50.000,1.78,32.39,1.5,0.95
2025-08-07T00:24:50.000,1.45,57.34,0.78,1.22
2025-08-07T00:25:50.000,2.84,48,1.9,2.11
2025-08-07T00:26:50.000,1.31,36.31,1.06,0.78
2025-08-07T00:27:50.000,2.64,45.69,1.84,1.89
2025-08-07T00:28:50.000,2.3,70.04,0.78,2.16
2025-08-07T00:29:50.000,3.47,59.77,1.75,3
2025-08-07T00:30:50.000,3.08,67.42,1.18,2.84
2025-08-07T00:31:50.000,2.37,44.18,1.7,1.65
2025-08-07T00:32:50.000,1.48,50.15,0.95,1.14
2025-08-07T00:33:50.000,1.97,42.1,1.46,1.32
2025-08-07T00:34:50.000,2.31,39.59,1.78,1.47
2025-08-07T00:35:50.000,2.55,73.26,0.73,2.44
2025-08-07T00:36:50.000,2.73,46.67,1.87,1.98
2025-08-07T00:37:50.000,1.67,67.74,0.63,1.54
2025-08-07T00:38:50.000,1.2,73.56,0.34,1.15
2025-08-07T00:39:50.000,2.27,157.08,-2.09,0.88
2025-08-07T00:40:50.000,2.05,74.7,0.54,1.97
2025-08-07T00:41:50.000,1.38,94.61,-0.11,1.37
2025-08-07T00:42:50.000,2.33,49.98,1.5,1.79
2025-08-07T00:43:50.000,1.57,74.91,0.41,1.51
2025-08-07T00:44:50.000,3.26,58.21,1.72,2.77
2025-08-07T00:45:50.000,2.64,62.59,1.22,2.34
2025-08-07T00:46:50.000,3.13,60.57,1.54,2.73
2025-08-07T00:47:50.000,2.15,93.21,-0.12,2.15
2025-08-07T00:48:50.000,0.9,75.6,0.22,0.88
2025-08-07T00:49:50.000,1.4,25.75,1.26,0.61
2025-08-07T00:50:50.000,2.33,70.38,0.78,2.2
2025-08-07T00:51:50.000,2.04,37.5,1.62,1.24
2025-08-07T00:52:50.000,1.2,29.68,1.04,0.6
2025-08-07T00:53:50.000,1.25,28.56,1.09,0.6
2025-08-07T00:54:50.000,1.49,59.58,0.75,1.28
2025-08-07T00:55:50.000,2.15,32.74,1.81,1.16
2025-08-07T00:56:50.000,1.16,36.3,0.94,0.69
2025-08-07T00:57:50.000,1.36,36.75,1.09,0.81
2025-08-07T00:58:50.000,1.4,48.74,0.92,1.05
2025-08-07T00:59:50.000,1.38,48.52,0.92,1.04
2025-08-07T01:00:50.000,1.23,36.7,0.99,0.73
2025-08-07T01:01:50.000,2.24,29.11,1.96,1.09
2025-08-07T01:02:50.000,1.75,28.32,1.54,0.83
2025-08-07T01:03:50.000,1.38,42.06,1.02,0.92
2025-08-07T01:04:50.000,2.57,43.75,1.85,1.78
2025-08-07T01:05:50.000,2.8,47,1.91,2.05
2025-08-07T01:06:50.000,1.92,62.04,0.9,1.7
2025-08-07T01:07:50.000,1.96,54.77,1.13,1.6
2025-08-07T01:08:50.000,1.38,81.66,0.2,1.37
2025-08-07T01:09:50.000,1.79,51.06,1.12,1.39
2025-08-07T01:10:50.000,1.89,67.75,0.72,1.75
2025-08-07T01:11:50.000,1.65,80.34,0.28,1.63
2025-08-07T01:12:50.000,1.44,69.93,0.49,1.35
2025-08-07T01:13:50.000,0.29,103.49,-0.07,0.28
2025-08-07T01:14:50.000,2.04,54.18,1.2,1.66
2025-08-07T01:15:50.000,0.77,43.75,0.55,0.53
2025-08-07T01:16:50.000,1.25,64.6,0.54,1.13
2025-08-07T01:17:50.000,2.2,33.6,1.83,1.22
2025-08-07T01:18:50.000,1.72,39.05,1.33,1.08
2025-08-07T01:19:50.000,2.39,50.63,1.51,1.85
2025-08-07T01:20:50.000,3.98,53.67,2.36,3.2
2025-08-07T01:21:50.000,1.46,89.55,0.01,1.46
2025-08-07T01:22:50.000,1.55,125.11,-0.89,1.26
2025-08-07T01:23:50.000,1.17,10.58,1.15,0.22
2025-08-07T01:24:50.000,4.74,41.97,3.53,3.17
2025-08-07T01:25:50.000,3.17,33.69,2.64,1.76
2025-08-07T01:26:50.000,2.05,86.22,0.13,2.04
2025-08-07T01:27:50.000,1.31,69.12,0.47,1.22
2025-08-07T01:28:50.000,0.79,83.38,0.09,0.78
2025-08-07T01:29:50.000,3.79,52.12,2.33,2.99
2025-08-07T01:30:50.000,2.98,29.23,2.6,1.46
2025-08-07T01:31:50.000,1.52,63.67,0.68,1.37
2025-08-07T01:32:50.000,2.58,54.7,1.49,2.1
2025-08-07T01:33:50.000,1.13,78.47,0.23,1.11
2025-08-07T01:34:50.000,0.79,92.92,-0.04,0.79
2025-08-07T01:35:50.000,1.21,94.92,-0.1,1.21
2025-08-07T01:36:50.000,0.99,94.16,-0.07,0.99
2025-08-07T01:37:50.000,1.36,82.52,0.18,1.35
2025-08-07T01:38:50.000,1.82,44.01,1.31,1.26
2025-08-07T01:39:50.000,1.97,50.81,1.24,1.52
2025-08-07T01:40:50.000,2.25,31.03,1.93,1.16
2025-08-07T01:41:50.000,1.19,41.27,0.9,0.79
2025-08-07T01:42:50.000,1.65,55.49,0.93,1.36
2025-08-07T01:43:50.000,1.82,43.73,1.32,1.26
2025-08-07T01:44:50.000,1.84,40.96,1.39,1.21
2025-08-07T01:45:50.000,1.62,42.28,1.2,1.09
2025-08-07T01:46:50.000,1.37,37.43,1.09,0.83
2025-08-07T01:47:50.000,1.57,118.62,-0.75,1.37
2025-08-07T01:48:50.000,0.89,87.06,0.05,0.89
2025-08-07T01:49:50.000,1.23,101.66,-0.25,1.2
2025-08-07T01:50:50.000,1.75,49.75,1.13,1.34
2025-08-07T01:51:50.000,1.01,71.52,0.32,0.96
2025-08-07T01:52:50.000,1.34,53.47,0.8,1.08
2025-08-07T01:53:50.000,1.55,84.15,0.16,1.54
2025-08-07T01:54:50.000,1.71,29.37,1.49,0.84
2025-08-07T01:55:50.000,2.84,57.65,1.52,2.4
2025-08-07T01:56:50.000,1.84,68.7,0.67,1.71
2025-08-07T01:57:50.000,1.77,45.53,1.24,1.26
2025-08-07T01:58:50.000,1.38,74.31,0.37,1.33
2025-08-07T01:59:50.000,1.54,60.93,0.75,1.35
2025-08-07T02:00:50.000,0.79,136.9,-0.57,0.54
2025-08-07T02:01:50.000,0.8,76.11,0.19,0.77
2025-08-07T02:02:50.000,1.57,110.16,-0.54,1.48
2025-08-07T02:03:50.000,1.36,50.02,0.87,1.04
2025-08-07T02:04:50.000,2.35,75.32,0.6,2.27
2025-08-07T02:05:50.000,1.85,64.52,0.8,1.67
2025-08-07T02:06:50.000,1.31,82.92,0.16,1.3
2025-08-07T02:07:50.000,1.28,65.58,0.53,1.17
2025-08-07T02:08:50.000,0.87,72.22,0.26,0.83
2025-08-07T02:09:50.000,0.73,87.14,0.04,0.73
2025-08-07T02:10:50.000,1.32,74.27,0.36,1.27
2025-08-07T02:11:50.000,1.7,83.15,0.2,1.68
2025-08-07T02:12:50.000,1.81,66.22,0.73,1.66
2025-08-07T02:13:50.000,1.29,81.89,0.18,1.28
2025-08-07T02:14:50.000,1.9,54.3,1.11,1.54
2025-08-07T02:15:50.000,1.72,57.34,0.93,1.45
2025-08-07T02:16:50.000,0.97,71.62,0.3,0.92
2025-08-07T02:17:50.000,3.26,117.93,-1.53,2.88
2025-08-07T02:18:50.000,3.41,78.72,0.67,3.35
2025-08-07T02:19:50.000,2.79,66.5,1.11,2.56
2025-08-07T02:20:50.000,2.07,106.21,-0.58,1.98
2025-08-07T02:21:50.000,2.24,110.08,-0.77,2.1
2025-08-07T02:22:50.000,2.48,54.43,1.44,2.01
2025-08-07T02:23:50.000,1.34,77.81,0.28,1.31
2025-08-07T02:24:50.000,0.88,156.42,-0.81,0.35
2025-08-07T02:25:50.000,1.78,22.64,1.64,0.68
2025-08-07T02:26:50.000,2.14,43.82,1.54,1.48
2025-08-07T02:27:50.000,1.69,46.02,1.17,1.21
2025-08-07T02:28:50.000,1.27,85.07,0.11,1.27
2025-08-07T02:29:50.000,1.61,64.99,0.68,1.46
2025-08-07T02:30:50.000,1.46,48.24,0.97,1.09
2025-08-07T02:31:50.000,1.91,35.89,1.55,1.12
2025-08-07T02:32:50.000,1.56,79.6,0.28,1.54
2025-08-07T02:33:50.000,1.8,47.56,1.22,1.33
2025-08-07T02:34:50.000,1.16,60.87,0.56,1.01
2025-08-07T02:35:50.000,0.9,65.33,0.38,0.82
2025-08-07T02:36:50.000,1.64,69.8,0.57,1.54
2025-08-07T02:37:50.000,1.84,67.41,0.71,1.7
2025-08-07T02:38:50.000,1.08,84.61,0.1,1.07
2025-08-07T02:39:50.000,1.66,112.93,-0.65,1.53
2025-08-07T02:40:50.000,2.11,44.6,1.5,1.48
2025-08-07T02:41:50.000,1.69,86.5,0.1,1.69
2025-08-07T02:42:50.000,1.74,91.88,-0.06,1.74
2025-08-07T02:43:50.000,0.62,97.07,-0.08,0.62
2025-08-07T02:44:50.000,2.28,43.03,1.67,1.56
2025-08-07T02:45:50.000,2.41,23.13,2.21,0.94
2025-08-07T02:46:50.000,1.52,48.08,1.02,1.13
2025-08-07T02:47:50.000,0.46,53.43,0.27,0.37
2025-08-07T02:48:50.000,1.7,74.21,0.46,1.64
2025-08-07T02:49:50.000,2.73,65.07,1.15,2.47
2025-08-07T02:50:50.000,2.25,57.65,1.2,1.9
2025-08-07T02:51:50.000,1.02,65.42,0.42,0.93
2025-08-07T02:52:50.000,1.47,68.3,0.54,1.36
2025-08-07T02:53:50.000,1.59,76.76,0.36,1.55
2025-08-07T02:54:50.000,2.29,45.04,1.62,1.62
2025-08-07T02:55:50.000,1.65,70.79,0.54,1.56
2025-08-07T02:56:50.000,1.8,75.99,0.43,1.74
2025-08-07T02:57:50.000,1.9,20.55,1.78,0.67
2025-08-07T02:58:50.000,1.28,34.67,1.05,0.73
2025-08-07T02:59:50.000,1.13,129.06,-0.71,0.88
2025-08-07T03:00:50.000,0.7,58.02,0.37,0.6
2025-08-07T03:01:50.000,1.19,19.86,1.12,0.4
2025-08-07T03:02:50.000,1.82,18.74,1.72,0.58
2025-08-07T03:03:50.000,1.47,40.83,1.11,0.96
2025-08-07T03:04:50.000,1.38,27.43,1.22,0.63
2025-08-07T03:05:50.000,0.99,163.04,-0.94,0.29
2025-08-07T03:06:50.000,1.51,17.32,1.44,0.45
2025-08-07T03:07:50.000,1.93,47.75,1.3,1.43
2025-08-07T03:08:50.000,1.18,75.66,0.29,1.15
2025-08-07T03:09:50.000,1.81,61.18,0.87,1.59
2025-08-07T03:10:50.000,1.13,66.92,0.44,1.04
2025-08-07T03:11:50.000,2.67,20.45,2.5,0.93
2025-08-07T03:12:50.000,1.67,9.95,1.65,0.29
2025-08-07T03:13:50.000,1.08,27.13,0.96,0.49
2025-08-07T03:14:50.000,1.94,41.98,1.44,1.3
2025-08-07T03:15:50.000,1.91,45.11,1.35,1.35
2025-08-07T03:16:50.000,0.45,73.77,0.13,0.44
2025-08-07T03:17:50.000,1.38,33.03,1.16,0.75
2025-08-07T03:18:50.000,0.82,35.27,0.67,0.48
2025-08-07T03:19:50.000,1.05,93.83,-0.07,1.05
2025-08-07T03:20:50.000,1.04,33.02,0.87,0.57
2025-08-07T03:21:50.000,1.53,15.76,1.47,0.42
2025-08-07T03:22:50.000,0.99,63.52,0.44,0.89
2025-08-07T03:23:50.000,0.91,35.52,0.74,0.53
2025-08-07T03:24:50.000,0.4,200.91,-0.38,-0.14
2025-08-07T03:25:50.000,0.54,22.61,0.5,0.21
2025-08-07T03:26:50.000,0.87,41.15,0.65,0.57
2025-08-07T03:27:50.000,0.35,57.76,0.19,0.3
2025-08-07T03:28:50.000,0.79,359.84,0.79,0
2025-08-07T03:29:50.000,0.6,44.26,0.43,0.42
2025-08-07T03:30:50.000,0.47,42.73,0.34,0.32
2025-08-07T03:31:50.000,0.74,91.33,-0.02,0.74
2025-08-07T03:32:50.000,0.87,66.91,0.34,0.8
2025-08-07T03:33:50.000,1.27,101.04,-0.24,1.24
2025-08-07T03:34:50.000,0.75,99.62,-0.12,0.74
2025-08-07T03:35:50.000,0.85,46.73,0.58,0.62
2025-08-07T03:36:50.000,1.22,52.93,0.74,0.98
2025-08-07T03:37:50.000,0.84,51.01,0.53,0.66
2025-08-07T03:38:50.000,1.66,101.96,-0.34,1.63
2025-08-07T03:39:50.000,1.12,102.54,-0.24,1.09
2025-08-07T03:40:50.000,0.63,54.19,0.37,0.51
2025-08-07T03:41:50.000,0.57,48.18,0.38,0.43
2025-08-07T03:42:50.000,0.53,116.95,-0.24,0.48
2025-08-07T03:43:50.000,0.89,85.11,0.08,0.89
2025-08-07T03:44:50.000,0.74,52.55,0.45,0.59
2025-08-07T03:45:50.000,0.45,40.85,0.34,0.29
2025-08-07T03:46:50.000,0.92,0.45,0.92,0.01
2025-08-07T03:47:50.000,0.83,79.76,0.15,0.81
2025-08-07T03:48:50.000,1.07,2.2,1.07,0.04
2025-08-07T03:49:50.000,0.55,102.84,-0.12,0.53
2025-08-07T03:50:50.000,1.08,94.92,-0.09,1.08
2025-08-07T03:51:50.000,0.26,16,0.25,0.07
2025-08-07T03:52:50.000,0.42,123.89,-0.23,0.35
2025-08-07T03:53:50.000,0.83,83.75,0.09,0.82
2025-08-07T03:54:50.000,0.7,159.55,-0.66,0.25
2025-08-07T03:55:50.000,0.52,101.29,-0.1,0.51
2025-08-07T03:56:50.000,0.7,84.09,0.07,0.69
2025-08-07T03:57:50.000,0.74,60.71,0.36,0.64
2025-08-07T03:58:50.000,1.08,31.98,0.92,0.57
2025-08-07T03:59:50.000,0.99,52.89,0.6,0.79
2025-08-07T04:00:50.000,0.4,355.97,0.4,-0.03
2025-08-07T04:01:50.000,0.17,42.45,0.13,0.12
2025-08-07T04:02:50.000,1.03,100.56,-0.19,1.02
2025-08-07T04:03:50.000,0.81,10.09,0.8,0.14
2025-08-07T04:04:50.000,0.34,346.29,0.33,-0.08
2025-08-07T04:05:50.000,1.12,344.57,1.08,-0.3
2025-08-07T04:06:50.000,0.43,67.25,0.17,0.4
2025-08-07T04:07:50.000,1.19,61.71,0.56,1.05
2025-08-07T04:08:50.000,1.01,16.15,0.97,0.28
2025-08-07T04:09:50.000,0.76,327.03,0.63,-0.41
2025-08-07T04:10:50.000,0.93,332.21,0.83,-0.43
2025-08-07T04:11:50.000,0.69,22.79,0.64,0.27
2025-08-07T04:12:50.000,0.37,3.99,0.37,0.03
2025-08-07T04:13:50.000,1.27,6.38,1.26,0.14
2025-08-07T04:14:50.000,0.91,1.32,0.91,0.02
2025-08-07T04:15:50.000,0.16,339.92,0.15,-0.06
2025-08-07T04:16:50.000,1.2,27.83,1.06,0.56
2025-08-07T04:17:50.000,1.68,4.73,1.67,0.14
2025-08-07T04:18:50.000,1.28,5.69,1.27,0.13
2025-08-07T04:19:50.000,0.51,98.48,-0.07,0.5
2025-08-07T04:20:50.000,1.03,356.44,1.03,-0.06
2025-08-07T04:21:50.000,1.27,23.85,1.16,0.51
2025-08-07T04:22:50.000,0.89,1.5,0.89,0.02
2025-08-07T04:23:50.000,1.17,349.83,1.15,-0.21
2025-08-07T04:24:50.000,1.38,42.78,1.02,0.94
2025-08-07T04:25:50.000,1.21,80.88,0.19,1.2
2025-08-07T04:26:50.000,1.14,15.22,1.1,0.3
2025-08-07T04:27:50.000,1.78,356.72,1.78,-0.1
2025-08-07T04:28:50.000,1.6,359.78,1.6,-0.01
2025-08-07T04:29:50.000,1.12,12.18,1.1,0.24
2025-08-07T04:30:50.000,0.89,311.87,0.59,-0.66
2025-08-07T04:31:50.000,1.49,0.54,1.49,0.01
2025-08-07T04:32:50.000,0.88,343.67,0.84,-0.25
2025-08-07T04:33:50.000,0.91,357.15,0.91,-0.05
2025-08-07T04:34:50.000,0.82,316,0.59,-0.57
2025-08-07T04:35:50.000,0.64,38.24,0.51,0.4
2025-08-07T04:36:50.000,1.27,327.07,1.07,-0.69
2025-08-07T04:37:50.000,1.53,317.66,1.13,-1.03
2025-08-07T04:38:50.000,1.67,20.34,1.57,0.58
2025-08-07T04:39:50.000,1.38,16.1,1.33,0.38
2025-08-07T04:40:50.000,1.16,12.9,1.13,0.26
2025-08-07T04:41:50.000,1.09,61.36,0.52,0.96
2025-08-07T04:42:50.000,1.89,354.3,1.88,-0.19
2025-08-07T04:43:50.000,1.46,22.7,1.34,0.56
2025-08-07T04:44:50.000,1.32,10.56,1.3,0.24
2025-08-07T04:45:50.000,2.23,331.79,1.96,-1.05
2025-08-07T04:46:50.000,1.17,26.01,1.05,0.51
2025-08-07T04:47:50.000,0.42,349.87,0.42,-0.07
2025-08-07T04:48:50.000,1.87,50.59,1.19,1.45
2025-08-07T04:49:50.000,0.25,11.13,0.25,0.05
2025-08-07T04:50:50.000,1.38,337.58,1.27,-0.53
2025-08-07T04:51:50.000,1.32,27.4,1.17,0.61
2025-08-07T04:52:50.000,1.31,79.76,0.23,1.29
2025-08-07T04:53:50.000,1.24,307.38,0.75,-0.99
2025-08-07T04:54:50.000,0.53,290.04,0.18,-0.49
2025-08-07T04:55:50.000,1.98,308.05,1.22,-1.56
2025-08-07T04:56:50.000,2.14,342.18,2.04,-0.66
2025-08-07T04:57:50.000,0.84,358.03,0.84,-0.03
2025-08-07T04:58:50.000,2.87,312.36,1.93,-2.12
2025-08-07T04:59:50.000,1.94,302.07,1.03,-1.64
2025-08-07T05:00:50.000,0.71,326.83,0.6,-0.39
2025-08-07T05:01:50.000,1.23,353.33,1.22,-0.14
2025-08-07T05:02:50.000,1.4,19.58,1.32,0.47
2025-08-07T05:03:50.000,1.23,344.67,1.19,-0.33
2025-08-07T05:04:50.000,1.05,44.79,0.74,0.74
2025-08-07T05:05:50.000,1.82,336.92,1.67,-0.71
2025-08-07T05:06:50.000,1.79,13.17,1.74,0.41
2025-08-07T05:07:50.000,1.03,333.54,0.92,-0.46
2025-08-07T05:08:50.000,0.82,327.48,0.69,-0.44
2025-08-07T05:09:50.000,1.12,335.67,1.02,-0.46
2025-08-07T05:10:50.000,1.24,335.86,1.13,-0.51
2025-08-07T05:11:50.000,2.91,333.49,2.6,-1.3
2025-08-07T05:12:50.000,1.34,348.89,1.32,-0.26
2025-08-07T05:13:50.000,2.11,13.55,2.05,0.49
2025-08-07T05:14:50.000,1.98,329.87,1.71,-0.99
2025-08-07T05:15:50.000,1.41,298.9,0.68,-1.24
2025-08-07T05:16:50.000,1.11,45.07,0.78,0.78
2025-08-07T05:17:50.000,2.43,310.07,1.57,-1.86
2025-08-07T05:18:50.000,2.19,328.22,1.86,-1.16
2025-08-07T05:19:50.000,1.87,8.1,1.85,0.26
2025-08-07T05:20:50.000,2.37,315.79,1.7,-1.65
2025-08-07T05:21:50.000,2.51,328.97,2.15,-1.29
2025-08-07T05:22:50.000,1.57,310.95,1.03,-1.19
2025-08-07T05:23:50.000,1.4,343.18,1.34,-0.4
2025-08-07T05:24:50.000,2.87,324.64,2.34,-1.66
2025-08-07T05:25:50.000,1.81,311.45,1.2,-1.36
2025-08-07T05:26:50.000,1.14,347.28,1.12,-0.25
2025-08-07T05:27:50.000,3.17,336.39,2.9,-1.27
2025-08-07T05:28:50.000,3.13,326.94,2.62,-1.7
2025-08-07T05:29:50.000,4.17,317.53,3.07,-2.81
2025-08-07T05:30:50.000,4.82,316.79,3.51,-3.3
2025-08-07T05:31:50.000,3.03,302.09,1.61,-2.57
2025-08-07T05:32:50.000,3.29,312.82,2.24,-2.42
2025-08-07T05:33:50.000,5.46,304.11,3.06,-4.52
2025-08-07T05:34:50.000,3.97,314.57,2.78,-2.83
2025-08-07T05:35:50.000,3.37,315.99,2.42,-2.34
2025-08-07T05:36:50.000,5.81,304.58,3.3,-4.78
2025-08-07T05:37:50.000,3.87,314.69,2.72,-2.75
2025-08-07T05:38:50.000,3.84,312.35,2.59,-2.84
2025-08-07T05:39:50.000,4.5,315.34,3.2,-3.17
2025-08-07T05:40:50.000,2.44,356.19,2.44,-0.16
2025-08-07T05:41:50.000,3.98,315.17,2.82,-2.81
2025-08-07T05:42:50.000,1.5,47.94,1,1.11
2025-08-07T05:43:50.000,4.48,329.41,3.86,-2.28
2025-08-07T05:44:50.000,3.15,293.51,1.26,-2.89
2025-08-07T05:45:50.000,1.29,37.23,1.02,0.78
2025-08-07T05:46:50.000,2.71,343.02,2.59,-0.79
2025-08-07T05:47:50.000,1.29,318.87,0.97,-0.85
2025-08-07T05:48:50.000,1.98,32.23,1.67,1.05
2025-08-07T05:49:50.000,5.96,288.23,1.86,-5.66
2025-08-07T05:50:50.000,5.57,297.26,2.55,-4.96
2025-08-07T05:51:50.000,1.62,344.11,1.56,-0.44
2025-08-07T05:52:50.000,2.75,337.7,2.55,-1.04
2025-08-07T05:53:50.000,4.65,330.47,4.05,-2.29
2025-08-07T05:54:50.000,5.6,312.68,3.8,-4.12
2025-08-07T05:55:50.000,6.43,332.55,5.71,-2.97
2025-08-07T05:56:50.000,4.18,332.87,3.72,-1.91
2025-08-07T05:57:50.000,3.56,331.64,3.13,-1.69
2025-08-07T05:58:50.000,3.13,323.15,2.51,-1.88
2025-08-07T05:59:50.000,2.77,348,2.71,-0.58
2025-08-07T06:00:50.000,4.28,302.05,2.27,-3.62
2025-08-07T06:01:50.000,6.55,310.7,4.27,-4.97
2025-08-07T06:02:50.000,9,296.32,3.99,-8.07
2025-08-07T06:03:50.000,10.38,297.88,4.85,-9.18
2025-08-07T06:04:50.000,8.81,293.59,3.52,-8.07
2025-08-07T06:05:50.000,2.46,318.9,1.85,-1.62
2025-08-07T06:06:50.000,7.69,306.2,4.54,-6.21
2025-08-07T06:07:50.000,7.59,313.08,5.18,-5.54
2025-08-07T06:08:50.000,8.08,332.32,7.15,-3.75
2025-08-07T06:09:50.000,5.41,329.4,4.65,-2.75
2025-08-07T06:10:50.000,7.53,324.27,6.11,-4.4
2025-08-07T06:11:50.000,4.74,344.02,4.56,-1.31
2025-08-07T06:12:50.000,10.63,293.76,4.28,-9.73
2025-08-07T06:13:50.000,7.05,289.21,2.32,-6.65
2025-08-07T06:14:50.000,3.62,302.1,1.92,-3.07
2025-08-07T06:15:50.000,5.78,315.33,4.11,-4.07
2025-08-07T06:16:50.000,4.53,312.09,3.04,-3.36
2025-08-07T06:17:50.000,5.56,330.55,4.84,-2.74
2025-08-07T06:18:50.000,5.35,294.87,2.25,-4.86
2025-08-07T06:19:50.000,2.75,277.17,0.34,-2.72
2025-08-07T06:20:50.000,4.19,312.18,2.81,-3.1
2025-08-07T06:21:50.000,3.87,311.07,2.55,-2.92
2025-08-07T06:22:50.000,3.17,311.69,2.11,-2.37
2025-08-07T06:23:50.000,2.77,310.58,1.8,-2.1
2025-08-07T06:24:50.000,6.63,293.64,2.66,-6.08
2025-08-07T06:25:50.000,3.9,285.83,1.06,-3.76
2025-08-07T06:26:50.000,7.34,288.72,2.36,-6.96
2025-08-07T06:27:50.000,4.66,326.71,3.9,-2.56
2025-08-07T06:28:50.000,6.16,276.4,0.69,-6.12
2025-08-07T06:29:50.000,4.43,317.01,3.24,-3.02
2025-08-07T06:30:50.000,4.05,339.55,3.79,-1.41
2025-08-07T06:31:50.000,7.37,308.41,4.58,-5.78
2025-08-07T06:32:50.000,4.11,313.92,2.85,-2.96
2025-08-07T06:33:50.000,3.23,322.43,2.56,-1.97
2025-08-07T06:34:50.000,6.29,306.94,3.78,-5.02
2025-08-07T06:35:50.000,2.51,349.24,2.46,-0.47
2025-08-07T06:36:50.000,4.36,307.71,2.67,-3.45
2025-08-07T06:37:50.000,1.58,358.91,1.58,-0.03
2025-08-07T06:38:50.000,2.24,325.5,1.85,-1.27
2025-08-07T06:39:50.000,4.25,304.16,2.39,-3.52
2025-08-07T06:40:50.000,4.46,314.36,3.12,-3.19
2025-08-07T06:41:50.000,3.8,299.89,1.9,-3.3
2025-08-07T06:42:50.000,3.16,292.85,1.23,-2.91
2025-08-07T06:43:50.000,3.57,324.19,2.9,-2.09
2025-08-07T06:44:50.000,5.01,297.03,2.28,-4.46
2025-08-07T06:45:50.000,3.79,316.19,2.73,-2.62
2025-08-07T06:46:50.000,3.85,307.85,2.36,-3.04
2025-08-07T06:47:50.000,4.44,294.17,1.82,-4.05
2025-08-07T06:48:50.000,6.29,305.39,3.64,-5.13
2025-08-07T06:49:50.000,2.33,292.1,0.88,-2.16
2025-08-07T06:50:50.000,1.77,15.26,1.71,0.47
2025-08-07T06:51:50.000,2.35,335.84,2.14,-0.96
2025-08-07T06:52:50.000,4.62,297.96,2.17,-4.08
2025-08-07T06:53:50.000,2.12,332.15,1.88,-0.99
2025-08-07T06:54:50.000,1.64,353.09,1.63,-0.2
2025-08-07T06:55:50.000,5.03,307.14,3.04,-4.01
2025-08-07T06:56:50.000,3.09,312.3,2.08,-2.28
2025-08-07T06:57:50.000,1.35,43.47,0.98,0.93
2025-08-07T06:58:50.000,1.21,33.2,1.01,0.66
2025-08-07T06:59:50.000,5.24,305.79,3.07,-4.25
2025-08-07T07:00:50.000,3.37,304.79,1.92,-2.77
2025-08-07T07:01:50.000,1.97,306.91,1.19,-1.58
2025-08-07T07:02:50.000,5.38,291.22,1.95,-5.01
2025-08-07T07:03:50.000,5.94,304.71,3.38,-4.88
2025-08-07T07:04:50.000,2.79,356.31,2.78,-0.18
2025-08-07T07:05:50.000,4.25,322.97,3.39,-2.56
2025-08-07T07:06:50.000,4.19,326.31,3.49,-2.32
2025-08-07T07:07:50.000,5.54,315.98,3.99,-3.85
2025-08-07T07:08:50.000,4.89,312.32,3.29,-3.61
2025-08-07T07:09:50.000,2.61,319.98,2,-1.68
2025-08-07T07:10:50.000,3.02,324.8,2.47,-1.74
2025-08-07T07:11:50.000,3.8,318.22,2.83,-2.53
2025-08-07T07:12:50.000,3.06,312.88,2.08,-2.24
2025-08-07T07:13:50.000,3.57,303.14,1.95,-2.99
2025-08-07T07:14:50.000,2.84,314.57,1.99,-2.02
2025-08-07T07:15:50.000,2.39,324.88,1.95,-1.37
2025-08-07T07:16:50.000,2.48,315.92,1.78,-1.73
2025-08-07T07:17:50.000,3.22,281.47,0.64,-3.15
2025-08-07T07:18:50.000,3.52,259.66,-0.63,-3.46
2025-08-07T07:19:50.000,0.76,296.24,0.34,-0.69
2025-08-07T07:20:50.000,1.34,300.53,0.68,-1.16
2025-08-07T07:21:50.000,1.48,256.23,-0.35,-1.44
2025-08-07T07:22:50.000,0.97,256.64,-0.22,-0.94
2025-08-07T07:23:50.000,1.11,217.13,-0.88,-0.67
2025-08-07T07:24:50.000,0.63,55.49,0.36,0.52
2025-08-07T07:25:50.000,1.14,4.56,1.14,0.09
2025-08-07T07:26:50.000,0.47,56.15,0.26,0.39
2025-08-07T07:27:50.000,2.03,328.85,1.74,-1.05
2025-08-07T07:28:50.000,1.84,30.05,1.59,0.92
2025-08-07T07:29:50.000,1.03,18.9,0.97,0.33
2025-08-07T07:30:50.000,0.86,35.8,0.7,0.5
2025-08-07T07:31:50.000,1.19,70.57,0.39,1.12
2025-08-07T07:32:50.000,1.69,60.56,0.83,1.47
2025-08-07T07:33:50.000,1.47,67.53,0.56,1.36
2025-08-07T07:34:50.000,2.12,34.54,1.75,1.2
2025-08-07T07:35:50.000,1.6,61.3,0.77,1.41
2025-08-07T07:36:50.000,1.31,83.16,0.16,1.3
2025-08-07T07:37:50.000,1.69,76.9,0.38,1.64
2025-08-07T07:38:50.000,2.1,69.38,0.74,1.97
2025-08-07T07:39:50.000,1.9,28.09,1.68,0.9
2025-08-07T07:40:50.000,2.14,54.51,1.24,1.74
2025-08-07T07:41:50.000,1.95,58.05,1.03,1.65
2025-08-07T07:42:50.000,1.3,34.28,1.08,0.73
2025-08-07T07:43:50.000,2.74,55.04,1.57,2.25
2025-08-07T07:44:50.000,2.28,63.89,1,2.05
2025-08-07T07:45:50.000,2,61.74,0.95,1.76
2025-08-07T07:46:50.000,2.16,76.15,0.52,2.1
2025-08-07T07:47:50.000,1.48,50.15,0.95,1.14
2025-08-07T07:48:50.000,1.52,56.65,0.84,1.27
2025-08-07T07:49:50.000,2.92,36.91,2.34,1.75
2025-08-07T07:50:50.000,2.39,31.56,2.04,1.25
2025-08-07T07:51:50.000,1.93,35.98,1.56,1.13
2025-08-07T07:52:50.000,1.56,47.49,1.05,1.15
2025-08-07T07:53:50.000,2.3,62.83,1.05,2.05
2025-08-07T07:54:50.000,1.62,40.44,1.23,1.05
2025-08-07T07:55:50.000,1.44,88.95,0.03,1.44
2025-08-07T07:56:50.000,0.95,58.31,0.5,0.81
2025-08-07T07:57:50.000,1.56,27.5,1.39,0.72
2025-08-07T07:58:50.000,1.56,71.91,0.49,1.49
2025-08-07T07:59:50.000,1.11,75.74,0.27,1.08
2025-08-07T08:00:50.000,1.39,98.74,-0.21,1.38
2025-08-07T08:01:50.000,1.25,62.57,0.57,1.11
2025-08-07T08:02:50.000,1.42,102.66,-0.31,1.38
2025-08-07T08:03:50.000,1.75,107.3,-0.52,1.67
2025-08-07T08:04:50.000,1.33,85.39,0.11,1.33
2025-08-07T08:05:50.000,1.29,88.16,0.04,1.29
2025-08-07T08:06:50.000,2.87,104.62,-0.73,2.78
2025-08-07T08:07:50.000,1.63,96.49,-0.18,1.62
2025-08-07T08:08:50.000,2.08,106.68,-0.6,1.99
2025-08-07T08:09:50.000,2.02,114.42,-0.84,1.84
2025-08-07T08:10:50.000,1.05,86.61,0.06,1.05
2025-08-07T08:11:50.000,1.63,132.09,-1.09,1.21
2025-08-07T08:12:50.000,1.4,69.5,0.49,1.31
2025-08-07T08:13:50.000,1.3,114.1,-0.53,1.18
2025-08-07T08:14:50.000,0.81,40.98,0.61,0.53
2025-08-07T08:15:50.000,1.05,30.72,0.9,0.54
2025-08-07T08:16:50.000,1.29,95.76,-0.13,1.28
2025-08-07T08:17:50.000,1.74,70.23,0.59,1.64
2025-08-07T08:18:50.000,1.2,39.3,0.93,0.76
2025-08-07T08:19:50.000,1.54,24.33,1.4,0.63
2025-08-07T08:20:50.000,1.31,33.17,1.09,0.71
2025-08-07T08:21:50.000,2.14,72.69,0.64,2.05
2025-08-07T08:22:50.000,2.53,76.91,0.57,2.46
2025-08-07T08:23:50.000,2.39,153.85,-2.14,1.05
2025-08-07T08:24:50.000,1.99,74.12,0.54,1.92
2025-08-07T08:25:50.000,1.23,65.64,0.51,1.12
2025-08-07T08:26:50.000,1.83,23.53,1.68,0.73
2025-08-07T08:27:50.000,1.76,86.88,0.1,1.75
2025-08-07T08:28:50.000,2.34,98.43,-0.34,2.32
2025-08-07T08:29:50.000,1.76,91.31,-0.04,1.76
2025-08-07T08:30:50.000,2.19,59.59,1.11,1.89
2025-08-07T08:31:50.000,2.75,83.84,0.29,2.73
2025-08-07T08:32:50.000,1.45,85.45,0.11,1.44
2025-08-07T08:33:50.000,1.17,0.79,1.17,0.02
2025-08-07T08:34:50.000,2.04,70.87,0.67,1.93
2025-08-07T08:35:50.000,1.04,46.9,0.71,0.76
2025-08-07T08:36:50.000,1.19,22.59,1.1,0.46
2025-08-07T08:37:50.000,3.52,93.9,-0.24,3.51
2025-08-07T08:38:50.000,1.52,79.75,0.27,1.5
2025-08-07T08:39:50.000,2.35,95.42,-0.22,2.34
2025-08-07T08:40:50.000,1.52,81.57,0.22,1.5
2025-08-07T08:41:50.000,1.61,119.54,-0.79,1.4
2025-08-07T08:42:50.000,2.82,69.16,1,2.64
2025-08-07T08:43:50.000,1.83,41.08,1.38,1.21
2025-08-07T08:44:50.000,2.65,94.34,-0.2,2.64
2025-08-07T08:45:50.000,2.31,33.68,1.92,1.28
2025-08-07T08:46:50.000,0.73,46.3,0.51,0.53
2025-08-07T08:47:50.000,0.61,16.48,0.59,0.17
2025-08-07T08:48:50.000,2.58,92.87,-0.13,2.57
2025-08-07T08:49:50.000,1.93,111.92,-0.72,1.79
2025-08-07T08:50:50.000,2.35,61.39,1.13,2.06
2025-08-07T08:51:50.000,1.38,98.66,-0.21,1.36
2025-08-07T08:52:50.000,1.68,22.69,1.55,0.65
2025-08-07T08:53:50.000,2.99,122.98,-1.63,2.51
2025-08-07T08:54:50.000,3.61,66.03,1.47,3.3
2025-08-07T08:55:50.000,1.54,42.51,1.13,1.04
2025-08-07T08:56:50.000,1.09,101.54,-0.22,1.07
2025-08-07T08:57:50.000,1.36,56.84,0.75,1.14
2025-08-07T08:58:50.000,2.01,26.84,1.8,0.91
2025-08-07T08:59:50.000,0.7,140.88,-0.54,0.44
2025-08-07T09:00:50.000,1.19,68.15,0.44,1.1
2025-08-07T09:01:50.000,1.36,51.47,0.85,1.07
2025-08-07T09:02:50.000,3.39,33.51,2.82,1.87
2025-08-07T09:03:50.000,1.22,43.01,0.89,0.83
2025-08-07T09:04:50.000,2.89,107.08,-0.85,2.76
2025-08-07T09:05:50.000,2.18,89.1,0.03,2.18
2025-08-07T09:06:50.000,1.88,43.24,1.37,1.29
2025-08-07T09:07:50.000,2.37,22.19,2.19,0.89
2025-08-07T09:08:50.000,1.56,62.21,0.73,1.38
2025-08-07T09:09:50.000,1.43,55.65,0.81,1.18
2025-08-07T09:10:50.000,2.33,65.36,0.97,2.12
2025-08-07T09:11:50.000,2.46,31.65,2.09,1.29
2025-08-07T09:12:50.000,1.95,108.16,-0.61,1.86
2025-08-07T09:13:50.000,2.29,62.2,1.07,2.02
2025-08-07T09:14:50.000,1.79,64.29,0.78,1.61
2025-08-07T09:15:50.000,2.21,91.16,-0.04,2.21
2025-08-07T09:16:50.000,1.41,73.04,0.41,1.35
2025-08-07T09:17:50.000,2.44,70.98,0.79,2.3
2025-08-07T09:18:50.000,1.47,24.61,1.34,0.61
2025-08-07T09:19:50.000,1.69,34.74,1.39,0.96
2025-08-07T09:20:50.000,1.89,86.36,0.12,1.89
2025-08-07T09:21:50.000,2.93,42.11,2.17,1.96
2025-08-07T09:22:50.000,2.01,83.39,0.23,2
2025-08-07T09:23:50.000,2.64,63.59,1.18,2.37
2025-08-07T09:24:50.000,1.84,39.6,1.42,1.17
2025-08-07T09:25:50.000,1.13,46.7,0.77,0.82
2025-08-07T09:26:50.000,2.48,35.7,2.02,1.45
2025-08-07T09:27:50.000,1.44,37.85,1.13,0.88
2025-08-07T09:28:50.000,2,79.66,0.36,1.97
2025-08-07T09:29:50.000,1.91,30.09,1.66,0.96
2025-08-07T09:30:50.000,1.83,62.87,0.83,1.63
2025-08-07T09:31:50.000,2.69,34.51,2.22,1.53
2025-08-07T09:32:50.000,1.23,115.47,-0.53,1.11
2025-08-07T09:33:50.000,1.43,39.14,1.11,0.9
2025-08-07T09:34:50.000,1.41,42.71,1.04,0.96
2025-08-07T09:35:50.000,1.57,124.31,-0.89,1.3
2025-08-07T09:36:50.000,2.04,76.35,0.48,1.98
2025-08-07T09:37:50.000,3.3,68.03,1.24,3.06
2025-08-07T09:38:50.000,1.43,57.22,0.77,1.2
2025-08-07T09:39:50.000,1.11,5.13,1.1,0.1
2025-08-07T09:40:50.000,1.44,63.18,0.65,1.28
2025-08-07T09:41:50.000,1.58,48.37,1.05,1.18
2025-08-07T09:42:50.000,0.77,133.7,-0.53,0.56
2025-08-07T09:43:50.000,1.96,76.79,0.45,1.91
2025-08-07T09:44:50.000,3.03,26.06,2.72,1.33
2025-08-07T09:45:50.000,1.83,36.82,1.46,1.09
2025-08-07T09:46:50.000,2.78,60.86,1.35,2.43
2025-08-07T09:47:50.000,0.59,65.09,0.25,0.54
2025-08-07T09:48:50.000,2.44,17.03,2.33,0.72
2025-08-07T09:49:50.000,2.59,65.27,1.09,2.36
2025-08-07T09:50:50.000,1.57,70.62,0.52,1.48
2025-08-07T09:51:50.000,1.52,48.99,1,1.15
2025-08-07T09:52:50.000,3.39,51.28,2.12,2.64
2025-08-07T09:53:50.000,1.86,33.92,1.54,1.04
2025-08-07T09:54:50.000,2.27,91.33,-0.05,2.27
2025-08-07T09:55:50.000,1.75,28.98,1.53,0.85
2025-08-07T09:56:50.000,2.28,75.45,0.57,2.21
2025-08-07T09:57:50.000,0.72,346.93,0.7,-0.16
2025-08-07T09:58:50.000,1.43,103.31,-0.33,1.39
2025-08-07T09:59:50.000,1.41,355.87,1.41,-0.1
2025-08-07T10:00:50.000,1.51,36.25,1.22,0.89
2025-08-07T10:01:50.000,2.22,43.53,1.61,1.53
2025-08-07T10:02:50.000,1.8,63.95,0.79,1.62
2025-08-07T10:03:50.000,0.97,9.77,0.95,0.16
2025-08-07T10:04:50.000,1.82,69.09,0.65,1.7
2025-08-07T10:05:50.000,1.78,42.57,1.31,1.2
2025-08-07T10:06:50.000,1.21,61.02,0.59,1.06
2025-08-07T10:07:50.000,1.27,31.8,1.08,0.67
2025-08-07T10:08:50.000,2.37,45.99,1.65,1.71
2025-08-07T10:09:50.000,1.79,103.2,-0.41,1.74
2025-08-07T10:10:50.000,2.2,93.36,-0.13,2.2
2025-08-07T10:11:50.000,0.65,17.6,0.62,0.2
2025-08-07T10:12:50.000,2.07,72.12,0.64,1.97
2025-08-07T10:13:50.000,0.95,127.6,-0.58,0.75
2025-08-07T10:14:50.000,4.27,67.74,1.62,3.96
2025-08-07T10:15:50.000,1.09,163,-1.04,0.32
2025-08-07T10:16:50.000,0.96,75.07,0.25,0.93
2025-08-07T10:17:50.000,0.63,51.01,0.4,0.49
2025-08-07T10:18:50.000,1.47,55.24,0.84,1.21
2025-08-07T10:19:50.000,0.86,15.63,0.82,0.23
2025-08-07T10:20:50.000,0.88,170.99,-0.87,0.14
2025-08-07T10:21:50.000,2.76,40.57,2.1,1.8
2025-08-07T10:22:50.000,1.04,78.77,0.2,1.02
2025-08-07T10:23:50.000,1.68,73.06,0.49,1.61
2025-08-07T10:24:50.000,1.68,50.03,1.08,1.29
2025-08-07T10:25:50.000,1.01,43.25,0.74,0.7
2025-08-07T10:26:50.000,2.34,27.84,2.07,1.09
2025-08-07T10:27:50.000,3.37,65.63,1.39,3.07
2025-08-07T10:28:50.000,3.23,98.54,-0.48,3.19
2025-08-07T10:29:50.000,1.24,54.47,0.72,1.01
2025-08-07T10:30:50.000,1.99,30.83,1.71,1.02
2025-08-07T10:31:50.000,0.36,353.68,0.36,-0.04
2025-08-07T10:32:50.000,2.96,29.98,2.57,1.48
2025-08-07T10:33:50.000,1.56,131.89,-1.04,1.16
2025-08-07T10:34:50.000,1.72,44.34,1.23,1.21
2025-08-07T10:35:50.000,1.39,26.44,1.24,0.62
2025-08-07T10:36:50.000,3.46,108.73,-1.11,3.28
2025-08-07T10:37:50.000,1.46,80.39,0.24,1.44
2025-08-07T10:38:50.000,3.94,72.4,1.19,3.75
2025-08-07T10:39:50.000,1.43,18.35,1.36,0.45
2025-08-07T10:40:50.000,0.37,23.76,0.34,0.15
2025-08-07T10:41:50.000,1.27,68.71,0.46,1.19
2025-08-07T10:42:50.000,1.29,91.13,-0.03,1.29
2025-08-07T10:43:50.000,2.06,124.13,-1.16,1.7
2025-08-07T10:44:50.000,1.47,85.51,0.11,1.46
2025-08-07T10:45:50.000,2.88,74.43,0.77,2.77
2025-08-07T10:46:50.000,1.04,29.37,0.91,0.51
2025-08-07T10:47:50.000,1.88,120.62,-0.96,1.62
2025-08-07T10:48:50.000,2.85,49.68,1.84,2.17
2025-08-07T10:49:50.000,2.41,79.06,0.46,2.37
2025-08-07T10:50:50.000,1.72,67.54,0.66,1.59
2025-08-07T10:51:50.000,1.98,12.25,1.94,0.42
2025-08-07T10:52:50.000,1.33,55.77,0.75,1.1
2025-08-07T10:53:50.000,3.26,37.22,2.59,1.97
2025-08-07T10:54:50.000,2.56,39.99,1.96,1.65
2025-08-07T10:55:50.000,1.94,43.19,1.41,1.33
2025-08-07T10:56:50.000,2.39,45.5,1.67,1.7
2025-08-07T10:57:50.000,3.2,42.66,2.35,2.17
2025-08-07T10:58:50.000,0.79,56.13,0.44,0.66
2025-08-07T10:59:50.000,0.39,125.01,-0.22,0.32
2025-08-07T11:00:50.000,2.4,59.09,1.23,2.06
2025-08-07T11:01:50.000,1.65,43.01,1.21,1.12
2025-08-07T11:02:50.000,4.72,43.74,3.41,3.26
2025-08-07T11:03:50.000,2.72,35.95,2.2,1.6
2025-08-07T11:04:50.000,2.04,69.65,0.71,1.91
2025-08-07T11:05:50.000,5.93,43.96,4.27,4.12
2025-08-07T11:06:50.000,2.77,37.47,2.2,1.69
2025-08-07T11:07:50.000,2.03,42.57,1.49,1.37
2025-08-07T11:08:50.000,0.61,81.38,0.09,0.61
2025-08-07T11:09:50.000,2.21,58.4,1.16,1.88
2025-08-07T11:10:50.000,1.43,81.56,0.21,1.42
2025-08-07T11:11:50.000,1,53.9,0.59,0.81
2025-08-07T11:12:50.000,2.49,35.84,2.02,1.46
2025-08-07T11:13:50.000,1.98,114.36,-0.82,1.8
2025-08-07T11:14:50.000,1.27,87.77,0.05,1.27
2025-08-07T11:15:50.000,3.47,122.69,-1.87,2.92
2025-08-07T11:16:50.000,2.23,94.58,-0.18,2.22
2025-08-07T11:17:50.000,1.49,114.46,-0.62,1.36
2025-08-07T11:18:50.000,1.8,121.03,-0.93,1.54
2025-08-07T11:19:50.000,0.92,110.74,-0.32,0.86
2025-08-07T11:20:50.000,1.86,37.16,1.48,1.13
2025-08-07T11:21:50.000,1.82,55.76,1.03,1.51
2025-08-07T11:22:50.000,1.86,77.4,0.41,1.81
2025-08-07T11:23:50.000,1.25,81.28,0.19,1.24
2025-08-07T11:24:50.000,2.31,71.2,0.75,2.19
2025-08-07T11:25:50.000,1.46,11.94,1.42,0.3
2025-08-07T11:26:50.000,1.71,27.78,1.52,0.8
2025-08-07T11:27:50.000,1.54,60.57,0.76,1.35
2025-08-07T11:28:50.000,2.25,73.29,0.65,2.16
2025-08-07T11:29:50.000,2.27,18.26,2.16,0.71
2025-08-07T11:30:50.000,1.55,37.14,1.24,0.94
2025-08-07T11:31:50.000,2.36,120.57,-1.2,2.03
2025-08-07T11:32:50.000,1.73,52.95,1.04,1.38
2025-08-07T11:33:50.000,3.75,50.19,2.4,2.88
2025-08-07T11:34:50.000,2.72,46.42,1.88,1.97
2025-08-07T11:35:50.000,1.98,16.83,1.89,0.57
2025-08-07T11:36:50.000,2.2,41.35,1.65,1.45
2025-08-07T11:37:50.000,1.28,16.65,1.23,0.37
2025-08-07T11:38:50.000,2.15,51.95,1.32,1.69
2025-08-07T11:39:50.000,0.74,60.46,0.36,0.64
2025-08-07T11:40:50.000,1.78,63.44,0.79,1.59
2025-08-07T11:41:50.000,1.33,50.85,0.84,1.03
2025-08-07T11:42:50.000,1.5,79.88,0.26,1.48
2025-08-07T11:43:50.000,1.52,41.85,1.13,1.01
2025-08-07T11:44:50.000,1.24,77.99,0.26,1.22
2025-08-07T11:45:50.000,1.66,32.43,1.4,0.89
2025-08-07T11:46:50.000,0.7,64.24,0.3,0.63
2025-08-07T11:47:50.000,1.19,44.42,0.85,0.83
2025-08-07T11:48:50.000,1.24,353.9,1.23,-0.13
2025-08-07T11:49:50.000,0.99,73.55,0.28,0.95
2025-08-07T11:50:50.000,1.71,90.13,0,1.71
2025-08-07T11:51:50.000,1.55,27.28,1.38,0.71
2025-08-07T11:52:50.000,2.6,76.88,0.59,2.53
2025-08-07T11:53:50.000,1.97,37.36,1.57,1.2
2025-08-07T11:54:50.000,2.13,73.68,0.6,2.05
2025-08-07T11:55:50.000,1.41,142.62,-1.12,0.86
2025-08-07T11:56:50.000,2.25,56.22,1.25,1.87
2025-08-07T11:57:50.000,1.99,7.17,1.97,0.25
2025-08-07T11:58:50.000,2.33,63.14,1.05,2.08
2025-08-07T11:59:50.000,0.6,29.48,0.52,0.3
2025-08-07T12:00:50.000,1.13,20.85,1.05,0.4
2025-08-07T12:01:50.000,1.93,56.86,1.05,1.61
2025-08-07T12:02:50.000,1.73,151.46,-1.52,0.82
2025-08-07T12:03:50.000,0.84,125.32,-0.49,0.69
2025-08-07T12:04:50.000,1.74,90.56,-0.02,1.74
2025-08-07T12:05:50.000,2.24,88.33,0.07,2.24
2025-08-07T12:06:50.000,2.01,123.89,-1.12,1.67
2025-08-07T12:07:50.000,1.98,56.37,1.1,1.65
2025-08-07T12:08:50.000,1.07,72.28,0.33,1.02
2025-08-07T12:09:50.000,1.6,67.42,0.62,1.48
2025-08-07T12:10:50.000,3.19,111.11,-1.15,2.98
2025-08-07T12:11:50.000,1.5,69.45,0.53,1.41
2025-08-07T12:12:50.000,3.11,77.48,0.67,3.03
2025-08-07T12:13:50.000,1.39,48.05,0.93,1.03
2025-08-07T12:14:50.000,2.72,42.38,2.01,1.83
2025-08-07T12:15:50.000,1.76,42.32,1.31,1.19
2025-08-07T12:16:50.000,1.63,71.24,0.53,1.55
2025-08-07T12:17:50.000,2.17,51.94,1.34,1.71
2025-08-07T12:18:50.000,1.38,126.39,-0.82,1.11
2025-08-07T12:19:50.000,1.81,103.48,-0.42,1.76
2025-08-07T12:20:50.000,3.14,70.75,1.04,2.97
2025-08-07T12:21:50.000,0.25,41,0.19,0.17
2025-08-07T12:22:50.000,0.66,56.85,0.36,0.55
2025-08-07T12:23:50.000,1.8,86.45,0.11,1.8
2025-08-07T12:24:50.000,1.89,56.08,1.05,1.57
2025-08-07T12:25:50.000,1.71,35.82,1.38,1
2025-08-07T12:26:50.000,3.62,36.88,2.89,2.17
2025-08-07T12:27:50.000,2.39,64.59,1.02,2.16
2025-08-07T12:28:50.000,2.58,74.25,0.7,2.48
2025-08-07T12:29:50.000,2.53,109.22,-0.83,2.38
2025-08-07T12:30:50.000,1.77,1.41,1.77,0.04
2025-08-07T12:31:50.000,0.94,8.56,0.93,0.14
2025-08-07T12:32:50.000,3.01,139.43,-2.29,1.96
2025-08-07T12:33:50.000,2.08,70.21,0.7,1.95
2025-08-07T12:34:50.000,1.18,60.2,0.59,1.03
2025-08-07T12:35:50.000,0.52,25.07,0.47,0.22
2025-08-07T12:36:50.000,1.72,70.83,0.56,1.62
2025-08-07T12:37:50.000,3.91,60.57,1.92,3.41
2025-08-07T12:38:50.000,2.01,19.54,1.89,0.67
2025-08-07T12:39:50.000,1.04,234.45,-0.6,-0.85
2025-08-07T12:40:50.000,0.41,300.08,0.21,-0.36
2025-08-07T12:41:50.000,0.65,61.49,0.31,0.57
2025-08-07T12:42:50.000,0.94,45.65,0.66,0.67
2025-08-07T12:43:50.000,1.3,21.19,1.21,0.47
2025-08-07T12:44:50.000,3.4,52.08,2.09,2.68
2025-08-07T12:45:50.000,3.41,76.77,0.78,3.32
2025-08-07T12:46:50.000,2.67,36.55,2.14,1.59
2025-08-07T12:47:50.000,1.49,82.95,0.18,1.48
2025-08-07T12:48:50.000,2.88,152.38,-2.55,1.33
2025-08-07T12:49:50.000,0.98,166.43,-0.95,0.23
2025-08-07T12:50:50.000,1.82,71.02,0.59,1.72
2025-08-07T12:51:50.000,1,142.74,-0.79,0.6
2025-08-07T12:52:50.000,0.72,232.26,-0.44,-0.57
2025-08-07T12:53:50.000,1.22,307.53,0.74,-0.97
2025-08-07T12:54:50.000,2.43,64.27,1.05,2.19
2025-08-07T12:55:50.000,1.85,98.14,-0.26,1.83
2025-08-07T12:56:50.000,4.25,118.61,-2.03,3.73
2025-08-07T12:57:50.000,1.13,63.08,0.51,1
2025-08-07T12:58:50.000,3.6,40.29,2.75,2.33
2025-08-07T12:59:50.000,1.37,107.08,-0.4,1.31
2025-08-07T13:00:50.000,2.41,33.72,2,1.34
2025-08-07T13:01:50.000,4.32,98.67,-0.65,4.27
2025-08-07T13:02:50.000,2.37,82.99,0.29,2.35
2025-08-07T13:03:50.000,2.85,14.89,2.75,0.73
2025-08-07T13:04:50.000,2.36,106.6,-0.67,2.26
2025-08-07T13:05:50.000,2.13,34.55,1.75,1.21
2025-08-07T13:06:50.000,1.35,19.85,1.27,0.46
2025-08-07T13:07:50.000,2.06,45.86,1.43,1.48
2025-08-07T13:08:50.000,2.27,114.3,-0.93,2.07
2025-08-07T13:09:50.000,1.49,65.37,0.62,1.35
2025-08-07T13:10:50.000,1.72,348.33,1.69,-0.35
2025-08-07T13:11:50.000,2.16,66.95,0.85,1.99
2025-08-07T13:12:50.000,2.7,93.43,-0.16,2.7
2025-08-07T13:13:50.000,0.82,36.75,0.66,0.49
2025-08-07T13:14:50.000,3.67,111,-1.32,3.43
2025-08-07T13:15:50.000,2.09,66.65,0.83,1.92
2025-08-07T13:16:50.000,2.53,63.36,1.14,2.27
2025-08-07T13:17:50.000,0.43,117.36,-0.2,0.38
2025-08-07T13:18:50.000,5.97,26.18,5.36,2.63
2025-08-07T13:19:50.000,2.93,42.03,2.18,1.96
2025-08-07T13:20:50.000,1.7,59.82,0.85,1.47
2025-08-07T13:21:50.000,3.31,74.9,0.86,3.19
2025-08-07T13:22:50.000,1.6,79.27,0.3,1.57
2025-08-07T13:23:50.000,1.74,104.33,-0.43,1.69
2025-08-07T13:24:50.000,1.27,54.91,0.73,1.04
2025-08-07T13:25:50.000,1.93,88.79,0.04,1.93
2025-08-07T13:26:50.000,1.84,50.15,1.18,1.41
2025-08-07T13:27:50.000,0.6,59.04,0.31,0.51
2025-08-07T13:28:50.000,2.39,55.42,1.36,1.97
2025-08-07T13:29:50.000,0.78,38.51,0.61,0.49
2025-08-07T13:30:50.000,1.22,81.87,0.17,1.2
2025-08-07T13:31:50.000,1.63,93.1,-0.09,1.63
2025-08-07T13:32:50.000,1.59,68.03,0.59,1.47
2025-08-07T13:33:50.000,3.56,10.83,3.49,0.67
2025-08-07T13:34:50.000,2.31,46.82,1.58,1.68
2025-08-07T13:35:50.000,1.07,63.9,0.47,0.96
2025-08-07T13:36:50.000,0.67,203.59,-0.61,-0.27
2025-08-07T13:37:50.000,3.28,49.81,2.11,2.5
2025-08-07T13:38:50.000,1.48,68.26,0.55,1.38
2025-08-07T13:39:50.000,2.6,73.41,0.74,2.49
2025-08-07T13:40:50.000,2.54,124.76,-1.45,2.08
2025-08-07T13:41:50.000,2.69,93.76,-0.18,2.69
2025-08-07T13:42:50.000,1.03,96.86,-0.12,1.02
2025-08-07T13:43:50.000,1.29,151,-1.12,0.62
2025-08-07T13:44:50.000,3.46,35.51,2.81,2.01
2025-08-07T13:45:50.000,1.93,43.99,1.39,1.34
2025-08-07T13:46:50.000,2.17,20.13,2.04,0.75
2025-08-07T13:47:50.000,2.05,89.92,0,2.05
2025-08-07T13:48:50.000,0.28,305.39,0.16,-0.23
2025-08-07T13:49:50.000,2.04,14.78,1.97,0.52
2025-08-07T13:50:50.000,1.95,67.11,0.76,1.8
2025-08-07T13:51:50.000,3.94,45.44,2.77,2.81
2025-08-07T13:52:50.000,2.05,194.58,-1.99,-0.52
2025-08-07T13:53:50.000,2.42,56.82,1.32,2.02
2025-08-07T13:54:50.000,1.5,50.61,0.95,1.16
2025-08-07T13:55:50.000,3.42,77.23,0.76,3.34
2025-08-07T13:56:50.000,1.05,111.2,-0.38,0.98
2025-08-07T13:57:50.000,2.61,60.15,1.3,2.26
2025-08-07T13:58:50.000,1.41,73.38,0.4,1.35
2025-08-07T13:59:50.000,1.61,72.74,0.48,1.54
2025-08-07T14:00:50.000,2.55,52.8,1.54,2.03
2025-08-07T14:01:50.000,0.9,37.47,0.72,0.55
2025-08-07T14:02:50.000,0.85,51.03,0.53,0.66
2025-08-07T14:03:50.000,2.16,101.92,-0.45,2.11
2025-08-07T14:04:50.000,2.63,110.47,-0.92,2.47
2025-08-07T14:05:50.000,0.33,63.99,0.14,0.3
2025-08-07T14:06:50.000,0.68,138.36,-0.5,0.45
2025-08-07T14:07:50.000,1.17,42.07,0.87,0.78
2025-08-07T14:08:50.000,1.56,49.01,1.02,1.18
2025-08-07T14:09:50.000,1.61,18.34,1.53,0.51
2025-08-07T14:10:50.000,1.78,78.13,0.37,1.74
2025-08-07T14:11:50.000,0.4,50.08,0.25,0.3
2025-08-07T14:12:50.000,1.25,84.12,0.13,1.24
2025-08-07T14:13:50.000,1.29,34.33,1.06,0.73
2025-08-07T14:14:50.000,1.81,99.59,-0.3,1.79
2025-08-07T14:15:50.000,0.92,80.58,0.15,0.91
2025-08-07T14:16:50.000,1,108.73,-0.32,0.95
2025-08-07T14:17:50.000,2.28,137.44,-1.68,1.54
2025-08-07T14:18:50.000,2.25,148.91,-1.93,1.16
2025-08-07T14:19:50.000,1.44,117.22,-0.66,1.28
2025-08-07T14:20:50.000,1.19,103.7,-0.28,1.16
2025-08-07T14:21:50.000,1,92.75,-0.05,1
2025-08-07T14:22:50.000,1.29,118.56,-0.62,1.13
2025-08-07T14:23:50.000,1.94,155.7,-1.76,0.8
2025-08-07T14:24:50.000,2.12,142.74,-1.69,1.29
2025-08-07T14:25:50.000,1.19,138.65,-0.9,0.79
2025-08-07T14:26:50.000,1.91,169.87,-1.88,0.34
2025-08-07T14:27:50.000,1.49,124.44,-0.84,1.23
2025-08-07T14:28:50.000,1.18,44.45,0.84,0.83
2025-08-07T14:29:50.000,1.48,50.29,0.94,1.14
2025-08-07T14:30:50.000,0.08,271.57,0,-0.08
2025-08-07T14:31:50.000,0.88,84.6,0.08,0.87
2025-08-07T14:32:50.000,0.88,111.87,-0.33,0.82
2025-08-07T14:33:50.000,0.96,129.72,-0.62,0.74
2025-08-07T14:34:50.000,1.46,141.48,-1.14,0.91
2025-08-07T14:35:50.000,0.91,32.7,0.77,0.49
2025-08-07T14:36:50.000,1.2,169.6,-1.18,0.22
2025-08-07T14:37:50.000,1.04,122.97,-0.57,0.87
2025-08-07T14:38:50.000,0.85,109.04,-0.28,0.81
2025-08-07T14:39:50.000,0.72,91.27,-0.02,0.72
2025-08-07T14:40:50.000,1.1,128.81,-0.69,0.85
2025-08-07T14:41:50.000,1.78,123.85,-0.99,1.48
2025-08-07T14:42:50.000,0.71,51.35,0.44,0.56
2025-08-07T14:43:50.000,1.47,111.51,-0.54,1.37
2025-08-07T14:44:50.000,0.83,159.37,-0.78,0.29
2025-08-07T14:45:50.000,0.78,157.81,-0.72,0.29
2025-08-07T14:46:50.000,0.98,136.52,-0.71,0.67
2025-08-07T14:47:50.000,1.18,206.1,-1.06,-0.52
2025-08-07T14:48:50.000,0.47,35.14,0.39,0.27
2025-08-07T14:49:50.000,0.71,63.94,0.31,0.64
2025-08-07T14:50:50.000,0.62,106.59,-0.18,0.59
2025-08-07T14:51:50.000,0.61,43.86,0.44,0.42
2025-08-07T14:52:50.000,0.48,63.98,0.21,0.43
2025-08-07T14:53:50.000,1.61,35.19,1.32,0.93
2025-08-07T14:54:50.000,0.63,18.88,0.6,0.2
2025-08-07T14:55:50.000,0.94,29.61,0.82,0.47
2025-08-07T14:56:50.000,0.94,46.82,0.65,0.69
2025-08-07T14:57:50.000,0.72,353.4,0.72,-0.08
2025-08-07T14:58:50.000,1.04,24.28,0.95,0.43
2025-08-07T14:59:50.000,1.58,7.56,1.57,0.21
2025-08-07T15:00:50.000,1.59,5.94,1.58,0.16
2025-08-07T15:01:50.000,1.63,336.13,1.49,-0.66
2025-08-07T15:02:50.000,1.66,12.45,1.62,0.36
2025-08-07T15:03:50.000,1.94,4.77,1.94,0.16
2025-08-07T15:04:50.000,2.03,342.42,1.93,-0.61
2025-08-07T15:05:50.000,1.92,328.33,1.63,-1.01
2025-08-07T15:06:50.000,1.13,63.87,0.5,1.01
2025-08-07T15:07:50.000,1.75,23.36,1.61,0.7
2025-08-07T15:08:50.000,1.24,35.83,1.01,0.73
2025-08-07T15:09:50.000,1.78,33.89,1.48,0.99
2025-08-07T15:10:50.000,1.68,56.61,0.93,1.4
2025-08-07T15:11:50.000,1.58,359.77,1.58,-0.01
2025-08-07T15:12:50.000,1.62,245.67,-0.67,-1.48
2025-08-07T15:13:50.000,1.41,16.04,1.36,0.39
2025-08-07T15:14:50.000,1.84,277.98,0.26,-1.82
2025-08-07T15:15:50.000,2.11,50.19,1.35,1.62
2025-08-07T15:16:50.000,0.67,93.12,-0.04,0.67
2025-08-07T15:17:50.000,0.65,46.33,0.45,0.47
2025-08-07T15:18:50.000,0.88,84.86,0.08,0.88
2025-08-07T15:19:50.000,1.03,13.32,1,0.24
2025-08-07T15:20:50.000,2.19,33.1,1.84,1.2
2025-08-07T15:21:50.000,0.3,39.7,0.23,0.19
2025-08-07T15:22:50.000,1.6,260.85,-0.25,-1.58
2025-08-07T15:23:50.000,1.73,15.05,1.67,0.45
2025-08-07T15:24:50.000,1.56,80.87,0.25,1.54
2025-08-07T15:25:50.000,1.28,338.5,1.19,-0.47
2025-08-07T15:26:50.000,0.33,357.58,0.33,-0.01
2025-08-07T15:27:50.000,0.63,159.96,-0.59,0.21
2025-08-07T15:28:50.000,1.16,68.98,0.42,1.08
2025-08-07T15:29:50.000,1.85,340.23,1.74,-0.63
2025-08-07T15:30:50.000,1.49,295.75,0.65,-1.34
2025-08-07T15:31:50.000,1.42,27.96,1.25,0.67
2025-08-07T15:32:50.000,1.5,356.35,1.5,-0.1
2025-08-07T15:33:50.000,1.77,3.19,1.77,0.1
2025-08-07T15:34:50.000,2.12,15.31,2.05,0.56
2025-08-07T15:35:50.000,2.54,1.1,2.54,0.05
2025-08-07T15:36:50.000,1.69,339.59,1.59,-0.59
2025-08-07T15:37:50.000,1.32,346.48,1.29,-0.31
2025-08-07T15:38:50.000,0.95,28.27,0.84,0.45
2025-08-07T15:39:50.000,2.67,309.75,1.71,-2.05
2025-08-07T15:40:50.000,3.76,323.56,3.03,-2.24
2025-08-07T15:41:50.000,2.68,321.55,2.1,-1.67
2025-08-07T15:42:50.000,0.97,295.33,0.41,-0.87
2025-08-07T15:43:50.000,1.83,332,1.61,-0.86
2025-08-07T15:44:50.000,3.38,302.77,1.83,-2.85
2025-08-07T15:45:50.000,0.58,239.95,-0.29,-0.5
2025-08-07T15:46:50.000,1.09,210.9,-0.93,-0.56
2025-08-07T15:47:50.000,2.75,341.45,2.61,-0.87
2025-08-07T15:48:50.000,2.28,314.49,1.6,-1.63
2025-08-07T15:49:50.000,3.52,284.88,0.9,-3.4
2025-08-07T15:50:50.000,2.93,281.04,0.56,-2.88
2025-08-07T15:51:50.000,2.95,297.47,1.36,-2.62
2025-08-07T15:52:50.000,2.97,329.51,2.56,-1.51
2025-08-07T15:53:50.000,5.08,309.58,3.24,-3.92
2025-08-07T15:54:50.000,2.86,316.02,2.06,-1.99
2025-08-07T15:55:50.000,1.15,45.87,0.8,0.83
2025-08-07T15:56:50.000,2.39,264.43,-0.23,-2.38
2025-08-07T15:57:50.000,1.15,246.01,-0.47,-1.05
2025-08-07T15:58:50.000,3.56,297.87,1.67,-3.15
2025-08-07T15:59:50.000,1.29,283.31,0.3,-1.25
2025-08-07T16:00:50.000,1.4,352.25,1.39,-0.19
2025-08-07T16:01:50.000,1.35,38.08,1.06,0.83
2025-08-07T16:02:50.000,4.38,307.85,2.69,-3.46
2025-08-07T16:03:50.000,2.38,310.36,1.54,-1.81
2025-08-07T16:04:50.000,1.8,341.87,1.71,-0.56
2025-08-07T16:05:50.000,3.58,303.75,1.99,-2.98
2025-08-07T16:06:50.000,3.23,262.31,-0.43,-3.2
2025-08-07T16:07:50.000,1.2,35.11,0.98,0.69
2025-08-07T16:08:50.000,1,250.19,-0.34,-0.94
2025-08-07T16:09:50.000,1.19,351.59,1.17,-0.17
2025-08-07T16:10:50.000,4.6,291.72,1.7,-4.27
2025-08-07T16:11:50.000,1.77,32.84,1.49,0.96
2025-08-07T16:12:50.000,0.92,2.74,0.91,0.04
2025-08-07T16:13:50.000,3.02,297.03,1.37,-2.69
2025-08-07T16:14:50.000,4.21,315.03,2.98,-2.98
2025-08-07T16:15:50.000,6.09,267.2,-0.3,-6.08
2025-08-07T16:16:50.000,1.9,260.09,-0.33,-1.87
2025-08-07T16:17:50.000,1.26,355.45,1.25,-0.1
2025-08-07T16:18:50.000,2.87,300.71,1.47,-2.47
2025-08-07T16:19:50.000,2.6,277.53,0.34,-2.58
2025-08-07T16:20:50.000,3.66,284.56,0.92,-3.54
2025-08-07T16:21:50.000,1.05,354.11,1.04,-0.11
2025-08-07T16:22:50.000,3.5,306.56,2.08,-2.81
2025-08-07T16:23:50.000,4.08,270.8,0.06,-4.08
2025-08-07T16:24:50.000,0.64,120.42,-0.32,0.55
2025-08-07T16:25:50.000,3.4,265.95,-0.24,-3.39
2025-08-07T16:26:50.000,3.58,277.65,0.48,-3.55
2025-08-07T16:27:50.000,0.96,356.81,0.96,-0.05
2025-08-07T16:28:50.000,5.28,300.92,2.71,-4.53
2025-08-07T16:29:50.000,4.41,246.89,-1.73,-4.06
2025-08-07T16:30:50.000,1.54,322.64,1.22,-0.93
2025-08-07T16:31:50.000,4.89,260.55,-0.8,-4.83
2025-08-07T16:32:50.000,1.27,193.07,-1.24,-0.29
2025-08-07T16:33:50.000,2.42,287.96,0.75,-2.3
2025-08-07T16:34:50.000,3.87,273.5,0.24,-3.86
2025-08-07T16:35:50.000,1.27,313.46,0.87,-0.92
2025-08-07T16:36:50.000,0.6,274.36,0.05,-0.6
2025-08-07T16:37:50.000,1.66,326.23,1.38,-0.92
2025-08-07T16:38:50.000,2.49,319.44,1.89,-1.62
2025-08-07T16:39:50.000,6.41,294.26,2.63,-5.85
2025-08-07T16:40:50.000,2,299.87,1,-1.74
2025-08-07T16:41:50.000,1.58,250.12,-0.54,-1.49
2025-08-07T16:42:50.000,4.1,281.61,0.83,-4.02
2025-08-07T16:43:50.000,3.27,303.12,1.79,-2.74
2025-08-07T16:44:50.000,4.4,293.12,1.73,-4.05
2025-08-07T16:45:50.000,1.73,279.7,0.29,-1.71
2025-08-07T16:46:50.000,2.81,286.69,0.81,-2.69
2025-08-07T16:47:50.000,3.7,294.5,1.54,-3.37
2025-08-07T16:48:50.000,2.55,354.71,2.54,-0.24
2025-08-07T16:49:50.000,3.25,312.12,2.18,-2.41
2025-08-07T16:50:50.000,2.32,358.04,2.32,-0.08
2025-08-07T16:51:50.000,2.24,316.78,1.63,-1.53
2025-08-07T16:52:50.000,6.17,282.9,1.38,-6.01
2025-08-07T16:53:50.000,2.39,304.29,1.35,-1.98
2025-08-07T16:54:50.000,2.93,320.24,2.25,-1.87
2025-08-07T16:55:50.000,5.25,304.24,2.95,-4.34
2025-08-07T16:56:50.000,1.85,317.26,1.36,-1.26
2025-08-07T16:57:50.000,4.86,281.35,0.96,-4.76
2025-08-07T16:58:50.000,5.77,298.7,2.77,-5.06
2025-08-07T16:59:50.000,2.79,348.9,2.74,-0.54
2025-08-07T17:00:50.000,5.13,277.6,0.68,-5.09
2025-08-07T17:01:50.000,1.72,338.77,1.6,-0.62
2025-08-07T17:02:50.000,3.89,324.84,3.18,-2.24
2025-08-07T17:03:50.000,2.92,337.87,2.71,-1.1
2025-08-07T17:04:50.000,2.73,358.12,2.73,-0.09
2025-08-07T17:05:50.000,1.56,45.12,1.1,1.1
2025-08-07T17:06:50.000,4.45,310.7,2.9,-3.37
2025-08-07T17:07:50.000,3.86,327.08,3.24,-2.1
2025-08-07T17:08:50.000,2.17,297.59,1.01,-1.93
2025-08-07T17:09:50.000,3.66,275.33,0.34,-3.64
2025-08-07T17:10:50.000,3.28,272.64,0.15,-3.28
2025-08-07T17:11:50.000,2.01,348.03,1.97,-0.42
2025-08-07T17:12:50.000,5.56,293.69,2.24,-5.1
2025-08-07T17:13:50.000,6.11,306.66,3.65,-4.9
2025-08-07T17:14:50.000,1.47,290.37,0.51,-1.37
2025-08-07T17:15:50.000,4.32,321.52,3.38,-2.69
2025-08-07T17:16:50.000,3.98,336.81,3.65,-1.57
2025-08-07T17:17:50.000,1.75,346.56,1.7,-0.41
2025-08-07T17:18:50.000,3.83,330.4,3.33,-1.89
2025-08-07T17:19:50.000,7.4,299.28,3.62,-6.45
2025-08-07T17:20:50.000,3.96,325.35,3.26,-2.25
2025-08-07T17:21:50.000,4.6,303.56,2.54,-3.84
2025-08-07T17:22:50.000,3.92,338.77,3.66,-1.42
2025-08-07T17:23:50.000,5.44,302.18,2.9,-4.61
2025-08-07T17:24:50.000,4.18,314.28,2.92,-2.99
2025-08-07T17:25:50.000,6.75,305.46,3.92,-5.5
2025-08-07T17:26:50.000,5.02,300.89,2.58,-4.3
2025-08-07T17:27:50.000,4.64,320.49,3.58,-2.95
2025-08-07T17:28:50.000,9.65,289.25,3.18,-9.11
2025-08-07T17:29:50.000,9.89,280.05,1.73,-9.73
2025-08-07T17:30:50.000,1.87,278.5,0.28,-1.85
2025-08-07T17:31:50.000,8.06,286.06,2.23,-7.74
2025-08-07T17:32:50.000,5.6,294.12,2.29,-5.11
2025-08-07T17:33:50.000,3.17,303.79,1.76,-2.63
2025-08-07T17:34:50.000,4.78,317.16,3.5,-3.25
2025-08-07T17:35:50.000,7.8,293.95,3.17,-7.13
2025-08-07T17:36:50.000,3.93,282.05,0.82,-3.84
2025-08-07T17:37:50.000,6.05,294.24,2.48,-5.52
2025-08-07T17:38:50.000,4.84,276.92,0.58,-4.8
2025-08-07T17:39:50.000,5.66,274.06,0.4,-5.65
2025-08-07T17:40:50.000,5.15,299.49,2.54,-4.48
2025-08-07T17:41:50.000,5.15,285.25,1.36,-4.97
2025-08-07T17:42:50.000,4.95,280.09,0.87,-4.87
2025-08-07T17:43:50.000,7.05,269.61,-0.05,-7.05
2025-08-07T17:44:50.000,2.98,314.05,2.07,-2.14
2025-08-07T17:45:50.000,9.99,307.75,6.12,-7.9
2025-08-07T17:46:50.000,5.85,297.34,2.69,-5.19
2025-08-07T17:47:50.000,7.87,264.64,-0.74,-7.84
2025-08-07T17:48:50.000,2.57,292.7,0.99,-2.37
2025-08-07T17:49:50.000,4.5,308.12,2.78,-3.54
2025-08-07T17:50:50.000,8.98,286.65,2.57,-8.61
2025-08-07T17:51:50.000,10.77,282.54,2.34,-10.52
2025-08-07T17:52:50.000,5.5,279.17,0.88,-5.43
2025-08-07T17:53:50.000,3.18,300.86,1.63,-2.73
2025-08-07T17:54:50.000,7.62,290,2.61,-7.16
2025-08-07T17:55:50.000,6.02,299.27,2.94,-5.25
2025-08-07T17:56:50.000,5.73,304.69,3.26,-4.71
2025-08-07T17:57:50.000,4.55,325.24,3.73,-2.59
2025-08-07T17:58:50.000,3.14,315.76,2.25,-2.19
2025-08-07T17:59:50.000,6.15,317.91,4.57,-4.13
2025-08-07T18:00:50.000,5.65,309.28,3.58,-4.38
2025-08-07T18:01:50.000,3.69,303.72,2.05,-3.07
2025-08-07T18:02:50.000,4,293.93,1.62,-3.66
2025-08-07T18:03:50.000,6.24,330.34,5.42,-3.09
2025-08-07T18:04:50.000,4.15,313.25,2.84,-3.02
2025-08-07T18:05:50.000,2.19,303.93,1.22,-1.81
2025-08-07T18:06:50.000,7.55,311.7,5.02,-5.64
2025-08-07T18:07:50.000,7.26,307.52,4.42,-5.76
2025-08-07T18:08:50.000,6.4,329.63,5.52,-3.23
2025-08-07T18:09:50.000,10.43,309.82,6.68,-8.01
2025-08-07T18:10:50.000,6.53,308.97,4.11,-5.08
2025-08-07T18:11:50.000,5.41,306.25,3.2,-4.36
2025-08-07T18:12:50.000,4.18,328.83,3.57,-2.16
2025-08-07T18:13:50.000,2.57,301.3,1.34,-2.2
2025-08-07T18:14:50.000,9.11,281.62,1.84,-8.92
2025-08-07T18:15:50.000,8.29,308.84,5.2,-6.46
2025-08-07T18:16:50.000,5.42,336.28,4.96,-2.18
2025-08-07T18:17:50.000,9.18,306.35,5.44,-7.39
2025-08-07T18:18:50.000,7.72,311.04,5.07,-5.82
2025-08-07T18:19:50.000,5.99,315.81,4.29,-4.18
2025-08-07T18:20:50.000,7.2,306.01,4.23,-5.82
2025-08-07T18:21:50.000,10.84,306.47,6.44,-8.72
2025-08-07T18:22:50.000,10.58,295.17,4.5,-9.58
2025-08-07T18:23:50.000,8.39,313.66,5.79,-6.07
2025-08-07T18:24:50.000,8.24,302.08,4.38,-6.98
2025-08-07T18:25:50.000,8.04,309.88,5.15,-6.17
2025-08-07T18:26:50.000,11.98,290.73,4.24,-11.2
2025-08-07T18:27:50.000,7.86,286.61,2.25,-7.53
2025-08-07T18:28:50.000,11.7,298.39,5.56,-10.3
2025-08-07T18:29:50.000,10.45,314.96,7.39,-7.4
2025-08-07T18:30:50.000,12.25,313.78,8.48,-8.85
2025-08-07T18:31:50.000,9.54,291.41,3.48,-8.88
2025-08-07T18:32:50.000,15.53,304.93,8.89,-12.74
2025-08-07T18:33:50.000,12.08,308.51,7.52,-9.45
2025-08-07T18:34:50.000,12.88,284.09,3.14,-12.49
2025-08-07T18:35:50.000,16.1,275.07,1.42,-16.04
2025-08-07T18:36:50.000,7.83,295.42,3.36,-7.07
2025-08-07T18:37:50.000,9.08,302.04,4.82,-7.7
2025-08-07T18:38:50.000,12.64,300.8,6.47,-10.86
2025-08-07T18:39:50.000,11.85,292.63,4.56,-10.94
2025-08-07T18:40:50.000,8.25,290.71,2.92,-7.72
2025-08-07T18:41:50.000,6.52,297.28,2.99,-5.8
2025-08-07T18:42:50.000,8.55,297.86,4,-7.56
2025-08-07T18:43:50.000,11.61,299.55,5.73,-10.1
2025-08-07T18:44:50.000,15.34,295.82,6.68,-13.81
2025-08-07T18:45:50.000,6.97,318.16,5.19,-4.65
2025-08-07T18:46:50.000,12.05,298.14,5.68,-10.62
2025-08-07T18:47:50.000,4.07,297.86,1.9,-3.6
2025-08-07T18:48:50.000,3.84,345.41,3.71,-0.97
2025-08-07T18:49:50.000,5.74,310.41,3.72,-4.37
2025-08-07T18:50:50.000,5.84,326.06,4.85,-3.26
2025-08-07T18:51:50.000,3.27,311.06,2.15,-2.47
2025-08-07T18:52:50.000,9.73,283.81,2.32,-9.45
2025-08-07T18:53:50.000,8.25,303.02,4.5,-6.92
2025-08-07T18:54:50.000,7.64,279.62,1.28,-7.54
2025-08-07T18:55:50.000,7.34,307.33,4.45,-5.83
2025-08-07T18:56:50.000,9.74,286.61,2.78,-9.33
2025-08-07T18:57:50.000,9.94,303.24,5.45,-8.32
2025-08-07T18:58:50.000,7.49,305.6,4.36,-6.09
2025-08-07T18:59:50.000,4.76,300.58,2.42,-4.1
2025-08-07T19:00:50.000,9.54,297.21,4.36,-8.48
2025-08-07T19:01:50.000,7.76,314.05,5.4,-5.58
2025-08-07T19:02:50.000,6.08,302.9,3.3,-5.1
2025-08-07T19:03:50.000,6.38,299.33,3.13,-5.56
2025-08-07T19:04:50.000,4.86,309.18,3.07,-3.77
2025-08-07T19:05:50.000,6.5,307.4,3.95,-5.16
2025-08-07T19:06:50.000,7.4,301.84,3.91,-6.29
2025-08-07T19:07:50.000,7.26,274.8,0.61,-7.23
2025-08-07T19:08:50.000,5.56,288.88,1.8,-5.26
2025-08-07T19:09:50.000,2.05,332.87,1.82,-0.93
2025-08-07T19:10:50.000,8.5,289.43,2.83,-8.02
2025-08-07T19:11:50.000,5.38,307.27,3.26,-4.28
2025-08-07T19:12:50.000,3.75,322.88,2.99,-2.26
2025-08-07T19:13:50.000,2.39,321.69,1.88,-1.48
2025-08-07T19:14:50.000,5.77,290.18,1.99,-5.41
2025-08-07T19:15:50.000,4.5,299.25,2.2,-3.92
2025-08-07T19:16:50.000,5.05,296.86,2.28,-4.51
2025-08-07T19:17:50.000,12.69,294.53,5.27,-11.54
2025-08-07T19:18:50.000,6.92,301.01,3.56,-5.93
2025-08-07T19:19:50.000,7.52,301.43,3.92,-6.41
2025-08-07T19:20:50.000,8.48,290.04,2.91,-7.97
2025-08-07T19:21:50.000,7.91,299.5,3.9,-6.89
2025-08-07T19:22:50.000,5.62,307.21,3.4,-4.48
2025-08-07T19:23:50.000,7.29,302.82,3.95,-6.12
2025-08-07T19:24:50.000,7.02,310.32,4.54,-5.35
2025-08-07T19:25:50.000,5.91,308.84,3.71,-4.6
2025-08-07T19:26:50.000,8.49,312.12,5.69,-6.29
2025-08-07T19:27:50.000,6.54,307.07,3.94,-5.22
2025-08-07T19:28:50.000,7.07,312.34,4.76,-5.23
2025-08-07T19:29:50.000,6.99,306.81,4.19,-5.6
2025-08-07T19:30:50.000,10.51,307.06,6.33,-8.39
2025-08-07T19:31:50.000,7.39,293.56,2.95,-6.77
2025-08-07T19:32:50.000,5.07,299.67,2.51,-4.41
2025-08-07T19:33:50.000,5.5,305.48,3.19,-4.48
2025-08-07T19:34:50.000,4.32,330.66,3.77,-2.12
2025-08-07T19:35:50.000,4.47,329.43,3.85,-2.27
2025-08-07T19:36:50.000,7.19,298.32,3.41,-6.33
2025-08-07T19:37:50.000,5.34,303.87,2.98,-4.44
2025-08-07T19:38:50.000,7.09,311.27,4.68,-5.33
2025-08-07T19:39:50.000,3.16,300.3,1.6,-2.73
2025-08-07T19:40:50.000,4.54,303.63,2.51,-3.78
2025-08-07T19:41:50.000,8.72,308.19,5.39,-6.85
2025-08-07T19:42:50.000,5.67,313.97,3.94,-4.08
2025-08-07T19:43:50.000,3.49,320.13,2.68,-2.24
2025-08-07T19:44:50.000,6.02,324.02,4.87,-3.53
2025-08-07T19:45:50.000,5.75,283.04,1.3,-5.61
2025-08-07T19:46:50.000,4.54,301.1,2.34,-3.89
2025-08-07T19:47:50.000,6.61,278.18,0.94,-6.54
2025-08-07T19:48:50.000,7.19,286.38,2.03,-6.9
2025-08-07T19:49:50.000,4.3,301.96,2.28,-3.65
2025-08-07T19:50:50.000,3.36,338.61,3.13,-1.23
2025-08-07T19:51:50.000,8.07,301.99,4.28,-6.85
2025-08-07T19:52:50.000,5.53,319.63,4.22,-3.58
2025-08-07T19:53:50.000,4.16,313.95,2.89,-3
2025-08-07T19:54:50.000,5.55,304.48,3.14,-4.57
2025-08-07T19:55:50.000,5.66,300.06,2.84,-4.9
2025-08-07T19:56:50.000,9.3,307.4,5.65,-7.39
2025-08-07T19:57:50.000,3.8,300.25,1.92,-3.29
2025-08-07T19:58:50.000,7.34,310.2,4.74,-5.61
2025-08-07T19:59:50.000,6.46,286.38,1.82,-6.19
2025-08-07T20:00:50.000,5.72,295.06,2.42,-5.18
2025-08-07T20:01:50.000,8.63,306.25,5.1,-6.96
2025-08-07T20:02:50.000,5.83,303.96,3.26,-4.84
2025-08-07T20:03:50.000,9.25,306.59,5.52,-7.43
2025-08-07T20:04:50.000,7.46,320.31,5.74,-4.76
2025-08-07T20:05:50.000,7.31,298.02,3.43,-6.45
2025-08-07T20:06:50.000,5.24,323.52,4.21,-3.11
2025-08-07T20:07:50.000,5.58,307.49,3.39,-4.42
2025-08-07T20:08:50.000,4.28,292.62,1.65,-3.95
2025-08-07T20:09:50.000,4.09,324,3.31,-2.4
2025-08-07T20:10:50.000,4.35,323.3,3.49,-2.6
2025-08-07T20:11:50.000,3.65,306.71,2.18,-2.93
2025-08-07T20:12:50.000,6.1,307.47,3.71,-4.84
2025-08-07T20:13:50.000,4.09,295.31,1.75,-3.7
2025-08-07T20:14:50.000,3.88,291.12,1.4,-3.62
2025-08-07T20:15:50.000,3.03,308.19,1.88,-2.38
2025-08-07T20:16:50.000,2.1,302.51,1.13,-1.77
2025-08-07T20:17:50.000,4.1,318.25,3.06,-2.73
2025-08-07T20:18:50.000,4.3,319.74,3.28,-2.78
2025-08-07T20:19:50.000,6.12,302.33,3.28,-5.18
2025-08-07T20:20:50.000,3.33,310.33,2.15,-2.54
2025-08-07T20:21:50.000,7.4,308.48,4.61,-5.8
2025-08-07T20:22:50.000,6.67,303.2,3.65,-5.58
2025-08-07T20:23:50.000,6.08,281.43,1.2,-5.95
2025-08-07T20:24:50.000,5.61,280.36,1.01,-5.52
2025-08-07T20:25:50.000,4.53,308.75,2.83,-3.53
2025-08-07T20:26:50.000,4.9,317.21,3.6,-3.33
2025-08-07T20:27:50.000,5.1,300.43,2.58,-4.4
2025-08-07T20:28:50.000,2.31,342.91,2.21,-0.68
2025-08-07T20:29:50.000,5.53,310.34,3.58,-4.21
2025-08-07T20:30:50.000,4.05,317.15,2.97,-2.75
2025-08-07T20:31:50.000,3.67,321.05,2.86,-2.31
2025-08-07T20:32:50.000,3.09,293.95,1.25,-2.82
2025-08-07T20:33:50.000,1.96,311.49,1.3,-1.47
2025-08-07T20:34:50.000,2.08,282.1,0.44,-2.04
2025-08-07T20:35:50.000,1.43,281.15,0.28,-1.41
2025-08-07T20:36:50.000,0.43,114.46,-0.18,0.39
2025-08-07T20:37:50.000,2.17,257.27,-0.48,-2.12
2025-08-07T20:38:50.000,0.32,302.19,0.17,-0.27
2025-08-07T20:39:50.000,1.23,195.99,-1.19,-0.34
2025-08-07T20:40:50.000,1.4,326.64,1.17,-0.77
2025-08-07T20:41:50.000,1.6,329.92,1.39,-0.8
2025-08-07T20:42:50.000,1.72,226.35,-1.18,-1.24
2025-08-07T20:43:50.000,0.86,11.56,0.84,0.17
2025-08-07T20:44:50.000,1.68,330.7,1.47,-0.82
2025-08-07T20:45:50.000,1.33,317.14,0.98,-0.91
2025-08-07T20:46:50.000,2.04,306.79,1.22,-1.63
2025-08-07T20:47:50.000,2.92,290.24,1.01,-2.74
2025-08-07T20:48:50.000,1.84,239.5,-0.93,-1.59
2025-08-07T20:49:50.000,0.79,353.07,0.79,-0.1
2025-08-07T20:50:50.000,1.84,324.87,1.51,-1.06
2025-08-07T20:51:50.000,1.18,34.4,0.97,0.66
2025-08-07T20:52:50.000,1.93,60.74,0.94,1.68
2025-08-07T20:53:50.000,1.94,50.86,1.22,1.5
2025-08-07T20:54:50.000,1.37,329.51,1.18,-0.7
2025-08-07T20:55:50.000,1.24,54.83,0.71,1.01
2025-08-07T20:56:50.000,1.57,45.68,1.1,1.12
2025-08-07T20:57:50.000,2.28,43.87,1.65,1.58
2025-08-07T20:58:50.000,3.34,46.01,2.32,2.4
2025-08-07T20:59:50.000,2.31,48.65,1.53,1.74
2025-08-07T21:00:50.000,2.5,37.49,1.99,1.52
2025-08-07T21:01:50.000,2.97,40.92,2.25,1.95
2025-08-07T21:02:50.000,2.49,47.37,1.69,1.83
2025-08-07T21:03:50.000,2.14,30.36,1.84,1.08
2025-08-07T21:04:50.000,2.58,47.37,1.75,1.9
2025-08-07T21:05:50.000,2.28,66.78,0.9,2.1
2025-08-07T21:06:50.000,1.08,104.94,-0.28,1.05
2025-08-07T21:07:50.000,0.63,75.55,0.16,0.61
2025-08-07T21:08:50.000,0.64,6.6,0.64,0.07
2025-08-07T21:09:50.000,1.57,99.41,-0.26,1.55
2025-08-07T21:10:50.000,2.02,54.95,1.16,1.66
2025-08-07T21:11:50.000,0.99,60.45,0.49,0.86
2025-08-07T21:12:50.000,1.44,74.53,0.38,1.39
2025-08-07T21:13:50.000,1.47,55.17,0.84,1.2
2025-08-07T21:14:50.000,1.24,75.93,0.3,1.2
2025-08-07T21:15:50.000,1.35,90.5,-0.01,1.35
2025-08-07T21:16:50.000,1.3,44.63,0.92,0.91
2025-08-07T21:17:50.000,1.36,52.15,0.83,1.07
2025-08-07T21:18:50.000,1.93,34.89,1.58,1.1
2025-08-07T21:19:50.000,2.17,63,0.99,1.93
2025-08-07T21:20:50.000,1.84,75.75,0.45,1.78
2025-08-07T21:21:50.000,1.19,59.92,0.6,1.03
2025-08-07T21:22:50.000,1.54,31.71,1.31,0.81
2025-08-07T21:23:50.000,0.56,39.79,0.43,0.36
2025-08-07T21:24:50.000,0.88,101.04,-0.17,0.87
2025-08-07T21:25:50.000,0.95,96.88,-0.11,0.94
2025-08-07T21:26:50.000,1.38,82.09,0.19,1.36
2025-08-07T21:27:50.000,0.91,67.57,0.35,0.84
2025-08-07T21:28:50.000,1.12,79.78,0.2,1.1
2025-08-07T21:29:50.000,1.13,32.49,0.96,0.61
2025-08-07T21:30:50.000,1.57,31.1,1.34,0.81
2025-08-07T21:31:50.000,0.86,36.37,0.69,0.51
2025-08-07T21:32:50.000,0.65,46.88,0.44,0.47
2025-08-07T21:33:50.000,1.02,92.82,-0.05,1.02
2025-08-07T21:34:50.000,1.48,78.13,0.3,1.45
2025-08-07T21:35:50.000,1.72,110.26,-0.6,1.61
2025-08-07T21:36:50.000,1.18,104.76,-0.3,1.14
2025-08-07T21:37:50.000,1.32,101.01,-0.25,1.29
2025-08-07T21:38:50.000,1.53,103.14,-0.35,1.49
2025-08-07T21:39:50.000,1.58,111.97,-0.59,1.47
2025-08-07T21:40:50.000,0.85,154.43,-0.77,0.37
2025-08-07T21:41:50.000,1.72,58.05,0.91,1.46
2025-08-07T21:42:50.000,2.33,49.52,1.51,1.77
2025-08-07T21:43:50.000,0.65,117.83,-0.3,0.57
2025-08-07T21:44:50.000,0.19,169.55,-0.19,0.03
2025-08-07T21:45:50.000,0.26,82.15,0.03,0.25
2025-08-07T21:46:50.000,0.93,68.11,0.35,0.86
2025-08-07T21:47:50.000,1.17,43.32,0.85,0.8
2025-08-07T21:48:50.000,0.64,35.74,0.52,0.38
2025-08-07T21:49:50.000,1.6,58.97,0.83,1.37
2025-08-07T21:50:50.000,1.18,88.39,0.03,1.18
2025-08-07T21:51:50.000,0.73,53.83,0.43,0.59
2025-08-07T21:52:50.000,0.99,66.94,0.39,0.91
2025-08-07T21:53:50.000,0.94,130.45,-0.61,0.71
2025-08-07T21:54:50.000,1.21,57.17,0.66,1.02
2025-08-07T21:55:50.000,1.31,14.98,1.27,0.34
2025-08-07T21:56:50.000,0.91,36.91,0.73,0.55
2025-08-07T21:57:50.000,0.53,86.83,0.03,0.53
2025-08-07T21:58:50.000,1.39,74.36,0.38,1.34
2025-08-07T21:59:50.000,1.51,69.3,0.54,1.42
2025-08-07T22:00:50.000,1.35,76.03,0.33,1.31
2025-08-07T22:01:50.000,1.22,74.58,0.32,1.17
2025-08-07T22:02:50.000,1.36,59.73,0.68,1.17
2025-08-07T22:03:50.000,1.47,87.62,0.06,1.47
2025-08-07T22:04:50.000,0.8,41.56,0.6,0.53
2025-08-07T22:05:50.000,1.21,76.18,0.29,1.18
2025-08-07T22:06:50.000,1.26,78.84,0.24,1.23
2025-08-07T22:07:50.000,1.21,84.81,0.11,1.2
2025-08-07T22:08:50.000,0.62,73.86,0.17,0.6
2025-08-07T22:09:50.000,1.11,31.63,0.95,0.58
2025-08-07T22:10:50.000,1.01,76.31,0.24,0.98
2025-08-07T22:11:50.000,1.11,49.39,0.72,0.84
2025-08-07T22:12:50.000,1.7,62.94,0.77,1.52
2025-08-07T22:13:50.000,1.15,76.08,0.28,1.11
2025-08-07T22:14:50.000,1.28,46.05,0.89,0.92
2025-08-07T22:15:50.000,1.55,71.33,0.5,1.47
2025-08-07T22:16:50.000,1.02,77.47,0.22,1
2025-08-07T22:17:50.000,0.98,106.5,-0.28,0.94
2025-08-07T22:18:50.000,0.89,47.35,0.6,0.65
2025-08-07T22:19:50.000,0.68,132.7,-0.46,0.5
2025-08-07T22:20:50.000,1.12,111.56,-0.41,1.04
2025-08-07T22:21:50.000,1.63,91.76,-0.05,1.63
2025-08-07T22:22:50.000,0.97,94.1,-0.07,0.97
2025-08-07T22:23:50.000,0.5,63.7,0.22,0.44
2025-08-07T22:24:50.000,0.95,35.14,0.78,0.55
2025-08-07T22:25:50.000,0.86,45.13,0.61,0.61
2025-08-07T22:26:50.000,0.49,252.27,-0.15,-0.46
2025-08-07T22:27:50.000,0.82,0.6,0.82,0.01
2025-08-07T22:28:50.000,1.13,343.79,1.08,-0.32
2025-08-07T22:29:50.000,1.61,347.7,1.57,-0.34
2025-08-07T22:30:50.000,0.61,358.76,0.61,-0.01
2025-08-07T22:31:50.000,0.88,318.45,0.66,-0.58
2025-08-07T22:32:50.000,1.43,357.24,1.43,-0.07
2025-08-07T22:33:50.000,1.1,19.57,1.04,0.37
2025-08-07T22:34:50.000,1.11,3.28,1.1,0.06
2025-08-07T22:35:50.000,1.85,1.26,1.85,0.04
2025-08-07T22:36:50.000,1.28,95.58,-0.12,1.28
2025-08-07T22:37:50.000,0.62,95.26,-0.06,0.61
2025-08-07T22:38:50.000,1.19,0.62,1.19,0.01
2025-08-07T22:39:50.000,1.23,26.87,1.1,0.56
2025-08-07T22:40:50.000,2.55,312.05,1.71,-1.89
2025-08-07T22:41:50.000,1.91,4.14,1.9,0.14
2025-08-07T22:42:50.000,0.42,352.17,0.42,-0.06
2025-08-07T22:43:50.000,1.3,25.16,1.18,0.55
2025-08-07T22:44:50.000,1.22,49.33,0.8,0.93
2025-08-07T22:45:50.000,1.34,4.04,1.34,0.09
2025-08-07T22:46:50.000,1.67,24.64,1.52,0.7
2025-08-07T22:47:50.000,0.6,38.52,0.47,0.38
2025-08-07T22:48:50.000,1.25,49.31,0.82,0.95
2025-08-07T22:49:50.000,0.88,68.85,0.32,0.82
2025-08-07T22:50:50.000,0.18,128.61,-0.11,0.14
2025-08-07T22:51:50.000,0.65,359.17,0.65,-0.01
2025-08-07T22:52:50.000,0.48,18.49,0.45,0.15
2025-08-07T22:53:50.000,1.39,57.73,0.74,1.17
2025-08-07T22:54:50.000,0.94,79.55,0.17,0.92
2025-08-07T22:55:50.000,1.53,33.2,1.28,0.84
2025-08-07T22:56:50.000,1.77,17.27,1.69,0.53
2025-08-07T22:57:50.000,0.88,10.37,0.86,0.16
2025-08-07T22:58:50.000,0.75,12.43,0.73,0.16
2025-08-07T22:59:50.000,0.98,42.26,0.73,0.66
2025-08-07T23:00:50.000,0.77,18.19,0.73,0.24
2025-08-07T23:01:50.000,1.38,35.56,1.12,0.8
2025-08-07T23:02:50.000,0.26,35,0.22,0.15
2025-08-07T23:03:50.000,1.89,261.88,-0.27,-1.87
2025-08-07T23:04:50.000,0.84,2.23,0.83,0.03
2025-08-07T23:05:50.000,1.22,280.22,0.22,-1.2
2025-08-07T23:06:50.000,0.47,344.69,0.45,-0.12
2025-08-07T23:07:50.000,2.03,20.69,1.9,0.72
2025-08-07T23:08:50.000,1.32,301.12,0.68,-1.13
2025-08-07T23:09:50.000,0.8,29.53,0.69,0.39
2025-08-07T23:10:50.000,1.19,28.06,1.05,0.56
2025-08-07T23:11:50.000,0.44,11.9,0.43,0.09
2025-08-07T23:12:50.000,1.65,18.11,1.56,0.51
2025-08-07T23:13:50.000,1.06,87.53,0.05,1.06
2025-08-07T23:14:50.000,0.95,31.94,0.81,0.5
2025-08-07T23:15:50.000,0.49,51.64,0.31,0.39
2025-08-07T23:16:50.000,0.27,12.77,0.26,0.06
2025-08-07T23:17:50.000,2.24,38.25,1.76,1.38
2025-08-07T23:18:50.000,1.5,57.2,0.81,1.26
2025-08-07T23:19:50.000,0.23,37.6,0.18,0.14
2025-08-07T23:20:50.000,1.44,32.01,1.22,0.77
2025-08-07T23:21:50.000,2.22,3.26,2.22,0.13
2025-08-07T23:22:50.000,1.26,74.81,0.33,1.22
2025-08-07T23:23:50.000,2.12,27.2,1.88,0.97
2025-08-07T23:24:50.000,1.66,51.27,1.04,1.29
2025-08-07T23:25:50.000,1.22,78.32,0.25,1.2
2025-08-07T23:26:50.000,1.28,74.35,0.35,1.23
2025-08-07T23:27:50.000,1.06,27.92,0.93,0.49
2025-08-07T23:28:50.000,0.92,75.49,0.23,0.89
2025-08-07T23:29:50.000,1.16,48.9,0.76,0.88
2025-08-07T23:30:50.000,1.74,30.33,1.5,0.88
2025-08-07T23:31:50.000,1.54,46.57,1.06,1.12
2025-08-07T23:32:50.000,1,91.56,-0.03,1
2025-08-07T23:33:50.000,1.68,67.73,0.64,1.56
2025-08-07T23:34:50.000,0.83,46.88,0.56,0.6
2025-08-07T23:35:50.000,0.99,14.62,0.96,0.25
2025-08-07T23:36:50.000,2.33,32.71,1.96,1.26
2025-08-07T23:37:50.000,0.97,1.38,0.97,0.02
2025-08-07T23:38:50.000,1.4,36.93,1.12,0.84
2025-08-07T23:39:50.000,1.32,51.74,0.82,1.04
2025-08-07T23:40:50.000,1.12,11.96,1.1,0.23
2025-08-07T23:41:50.000,0.73,189.53,-0.72,-0.12
2025-08-07T23:42:50.000,0.94,305.96,0.55,-0.76
2025-08-07T23:43:50.000,0.52,323.32,0.42,-0.31
2025-08-07T23:44:50.000,0.95,22.54,0.88,0.37
2025-08-07T23:45:50.000,0.52,358.12,0.52,-0.02
2025-08-07T23:46:50.000,0.96,282.78,0.21,-0.94
2025-08-07T23:47:50.000,0.73,10.31,0.72,0.13
2025-08-07T23:48:50.000,1.21,318.18,0.9,-0.81
2025-08-07T23:49:50.000,0.64,279.73,0.11,-0.63
2025-08-07T23:50:50.000,0.9,1.62,0.9,0.03
2025-08-07T23:51:50.000,0.77,346.6,0.75,-0.18
2025-08-07T23:52:50.000,0.82,55.15,0.47,0.68
2025-08-07T23:53:50.000,0.86,110.66,-0.3,0.8
2025-08-07T23:54:50.000,0.61,51.91,0.38,0.48
2025-08-07T23:55:50.000,0.49,97.26,-0.06,0.49
2025-08-07T23:56:50.000,1.43,288.77,0.46,-1.35
2025-08-07T23:57:50.000,1.57,17.45,1.5,0.47
2025-08-07T23:58:50.000,0.38,34.44,0.31,0.21
2025-08-07T23:59:50.000,1.17,51.58,0.73,0.91
2025-08-08T00:00:50.000,1.18,91.24,-0.03,1.18
2025-08-08T00:01:50.000,0.43,13.42,0.42,0.1
2025-08-08T00:02:50.000,0.56,30.82,0.48,0.29
2025-08-08T00:03:50.000,1.48,10.87,1.46,0.28
2025-08-08T00:04:50.000,1.13,45.86,0.79,0.81
2025-08-08T00:05:50.000,1.32,91.68,-0.04,1.32
2025-08-08T00:06:50.000,1.71,69.13,0.61,1.6
2025-08-08T00:07:50.000,1.61,53.75,0.95,1.3
2025-08-08T00:08:50.000,1.37,43.46,0.99,0.94
2025-08-08T00:09:50.000,1.59,46.78,1.09,1.16
2025-08-08T00:10:50.000,1.11,72.22,0.34,1.06
2025-08-08T00:11:50.000,1.68,82.74,0.21,1.67
2025-08-08T00:12:50.000,0.94,60.34,0.47,0.82
2025-08-08T00:13:50.000,1,54.74,0.58,0.81
2025-08-08T00:14:50.000,1.67,84.61,0.16,1.67
2025-08-08T00:15:50.000,0.92,77.75,0.2,0.9
2025-08-08T00:16:50.000,0.56,48.42,0.37,0.42
2025-08-08T00:17:50.000,1.02,62.51,0.47,0.91
2025-08-08T00:18:50.000,1.32,64.58,0.57,1.2
2025-08-08T00:19:50.000,1.51,79.78,0.27,1.49
2025-08-08T00:20:50.000,1.32,93.27,-0.08,1.31
2025-08-08T00:21:50.000,1.81,80.67,0.29,1.78
2025-08-08T00:22:50.000,1.28,69.63,0.44,1.2
2025-08-08T00:23:50.000,1.41,70.7,0.47,1.33
2025-08-08T00:24:50.000,1.22,46.19,0.85,0.88
2025-08-08T00:25:50.000,2.01,48.78,1.33,1.51
2025-08-08T00:26:50.000,0.76,73.57,0.22,0.73
2025-08-08T00:27:50.000,0.98,26.05,0.88,0.43
2025-08-08T00:28:50.000,1.79,83,0.22,1.77
2025-08-08T00:29:50.000,1.14,130.44,-0.74,0.87
2025-08-08T00:30:50.000,1.16,83.43,0.13,1.15
2025-08-08T00:31:50.000,1.53,62.14,0.71,1.35
2025-08-08T00:32:50.000,0.99,31.48,0.84,0.51
2025-08-08T00:33:50.000,2.52,94.39,-0.19,2.51
2025-08-08T00:34:50.000,1.47,69.08,0.52,1.37
2025-08-08T00:35:50.000,1.19,93.64,-0.08,1.19
2025-08-08T00:36:50.000,1.62,45.26,1.14,1.15
2025-08-08T00:37:50.000,1.19,65.15,0.5,1.08
2025-08-08T00:38:50.000,1.54,49.26,1,1.17
2025-08-08T00:39:50.000,1.45,68.99,0.52,1.36
2025-08-08T00:40:50.000,1.1,52.1,0.68,0.87
2025-08-08T00:41:50.000,1.28,57.66,0.69,1.09
2025-08-08T00:42:50.000,1.57,73.06,0.46,1.5
2025-08-08T00:43:50.000,1.11,71.01,0.36,1.05
2025-08-08T00:44:50.000,1.15,94.96,-0.1,1.14
2025-08-08T00:45:50.000,1.54,49.52,1,1.17
2025-08-08T00:46:50.000,2.47,50.51,1.57,1.91
2025-08-08T00:47:50.000,2.1,72.27,0.64,2
2025-08-08T00:48:50.000,1.69,95.32,-0.16,1.69
2025-08-08T00:49:50.000,1.29,104.29,-0.32,1.25
2025-08-08T00:50:50.000,3.68,51.37,2.3,2.87
2025-08-08T00:51:50.000,1.07,28.76,0.94,0.52
2025-08-08T00:52:50.000,1.94,48.41,1.29,1.45
2025-08-08T00:53:50.000,2.68,67.72,1.01,2.48
2025-08-08T00:54:50.000,3.29,86.09,0.22,3.28
2025-08-08T00:55:50.000,1.55,44.95,1.09,1.09
2025-08-08T00:56:50.000,2.37,66.15,0.96,2.17
2025-08-08T00:57:50.000,2.75,67.24,1.06,2.53
2025-08-08T00:58:50.000,1.26,18.58,1.2,0.4
2025-08-08T00:59:50.000,2.26,76.76,0.52,2.2
2025-08-08T01:00:50.000,1.57,54.44,0.92,1.28
2025-08-08T01:01:50.000,2.59,58.27,1.36,2.21
2025-08-08T01:02:50.000,2.46,75.24,0.63,2.38
2025-08-08T01:03:50.000,1.85,82.65,0.24,1.84
2025-08-08T01:04:50.000,0.74,198.45,-0.7,-0.23
2025-08-08T01:05:50.000,2.8,49.56,1.81,2.13
2025-08-08T01:06:50.000,3.13,65.44,1.3,2.84
2025-08-08T01:07:50.000,1.65,39.71,1.27,1.06
2025-08-08T01:08:50.000,3.51,48.63,2.32,2.63
2025-08-08T01:09:50.000,4.81,69.26,1.7,4.5
2025-08-08T01:10:50.000,1.83,37,1.46,1.1
2025-08-08T01:11:50.000,6.2,45.2,4.37,4.4
2025-08-08T01:12:50.000,2.52,87.18,0.12,2.52
2025-08-08T01:13:50.000,1.37,36.65,1.1,0.82
2025-08-08T01:14:50.000,3.61,60.15,1.8,3.13
2025-08-08T01:15:50.000,5.16,38.4,4.05,3.21
2025-08-08T01:16:50.000,4.12,55.27,2.35,3.39
2025-08-08T01:17:50.000,5.44,31.54,4.64,2.85
2025-08-08T01:18:50.000,2.39,53.21,1.43,1.91
2025-08-08T01:19:50.000,3.92,35.81,3.18,2.29
2025-08-08T01:20:50.000,10.28,55.07,5.89,8.43
2025-08-08T01:21:50.000,8.41,45.13,5.94,5.96
2025-08-08T01:22:50.000,4.37,18.57,4.14,1.39
2025-08-08T01:23:50.000,7.36,49.78,4.75,5.62
2025-08-08T01:24:50.000,2.08,34.32,1.71,1.17
2025-08-08T01:25:50.000,8.44,109.08,-2.76,7.97
2025-08-08T01:26:50.000,4.26,58.99,2.19,3.65
2025-08-08T01:27:50.000,3.03,113.02,-1.19,2.79
2025-08-08T01:28:50.000,2.57,43.46,1.87,1.77
2025-08-08T01:29:50.000,4.07,52.47,2.48,3.23
2025-08-08T01:30:50.000,2.6,89.75,0.01,2.6
2025-08-08T01:31:50.000,1.43,23.5,1.31,0.57
2025-08-08T01:32:50.000,3.29,50.09,2.11,2.53
2025-08-08T01:33:50.000,4.91,52.42,3,3.89
2025-08-08T01:34:50.000,3.15,48.3,2.09,2.35
2025-08-08T01:35:50.000,1.18,104.35,-0.29,1.14
2025-08-08T01:36:50.000,1.93,57.55,1.03,1.63
2025-08-08T01:37:50.000,2.78,63.39,1.24,2.48
2025-08-08T01:38:50.000,4.85,97.95,-0.67,4.8
2025-08-08T01:39:50.000,3.05,26.68,2.73,1.37
2025-08-08T01:40:50.000,2.93,29.12,2.56,1.43
2025-08-08T01:41:50.000,1.03,47.61,0.69,0.76
2025-08-08T01:42:50.000,2.88,28.14,2.54,1.36
2025-08-08T01:43:50.000,3.98,80.94,0.63,3.93
2025-08-08T01:44:50.000,3.75,33.79,3.11,2.08
2025-08-08T01:45:50.000,2.05,64.14,0.89,1.84
2025-08-08T01:46:50.000,3.6,23.35,3.31,1.43
2025-08-08T01:47:50.000,1.73,96.08,-0.18,1.72
2025-08-08T01:48:50.000,5.06,33.54,4.22,2.8
2025-08-08T01:49:50.000,2.99,18.45,2.84,0.95
2025-08-08T01:50:50.000,1.27,117.12,-0.58,1.13
2025-08-08T01:51:50.000,1.17,100.93,-0.22,1.14
2025-08-08T01:52:50.000,1.36,77.26,0.3,1.33
2025-08-08T01:53:50.000,1.29,11.17,1.26,0.25
2025-08-08T01:54:50.000,1.04,59.03,0.53,0.89
2025-08-08T01:55:50.000,2.32,117.61,-1.07,2.05
2025-08-08T01:56:50.000,1.47,101.53,-0.29,1.44
2025-08-08T01:57:50.000,6.05,38.12,4.76,3.74
2025-08-08T01:58:50.000,6.94,67.91,2.61,6.43
2025-08-08T01:59:50.000,0.87,195.66,-0.83,-0.23
2025-08-08T02:00:50.000,1.1,106.64,-0.31,1.05
2025-08-08T02:01:50.000,0.53,107.4,-0.16,0.51
2025-08-08T02:02:50.000,1.04,21.59,0.96,0.38
2025-08-08T02:03:50.000,0.44,307.86,0.27,-0.35
2025-08-08T02:04:50.000,0.45,75.11,0.12,0.44
2025-08-08T02:05:50.000,0.69,334.9,0.63,-0.29
2025-08-08T02:06:50.000,1.17,350.84,1.16,-0.19
2025-08-08T02:07:50.000,1.83,353.73,1.82,-0.2
2025-08-08T02:08:50.000,2.42,348.11,2.37,-0.5
2025-08-08T02:09:50.000,2.82,341.05,2.67,-0.92
2025-08-08T02:10:50.000,1.69,342.99,1.61,-0.49
2025-08-08T02:11:50.000,1.85,356.43,1.85,-0.12
2025-08-08T02:12:50.000,3.03,350.32,2.99,-0.51
2025-08-08T02:13:50.000,2.23,341.51,2.11,-0.71
2025-08-08T02:14:50.000,1.57,320.4,1.21,-1
2025-08-08T02:15:50.000,2.48,3.59,2.48,0.16
2025-08-08T02:16:50.000,1.82,350.27,1.79,-0.31
2025-08-08T02:17:50.000,1.57,25.67,1.42,0.68
2025-08-08T02:18:50.000,1.89,28.84,1.66,0.91
2025-08-08T02:19:50.000,1.71,351.76,1.7,-0.25
2025-08-08T02:20:50.000,2.93,9.84,2.89,0.5
2025-08-08T02:21:50.000,2.73,355.77,2.72,-0.2
2025-08-08T02:22:50.000,3.37,7.23,3.34,0.42
2025-08-08T02:23:50.000,3.14,1.08,3.14,0.06
2025-08-08T02:24:50.000,3.92,25.71,3.53,1.7
2025-08-08T02:25:50.000,4.03,18.7,3.82,1.29
2025-08-08T02:26:50.000,4.74,8.15,4.69,0.67
2025-08-08T02:27:50.000,4.54,15.44,4.38,1.21
2025-08-08T02:28:50.000,2.37,43.13,1.73,1.62
2025-08-08T02:29:50.000,1.76,83.63,0.2,1.75
2025-08-08T02:30:50.000,1.53,90.73,-0.02,1.53
2025-08-08T02:31:50.000,0.8,48.89,0.53,0.6
2025-08-08T02:32:50.000,1.63,62.69,0.75,1.45
2025-08-08T02:33:50.000,1.41,50.98,0.89,1.1
2025-08-08T02:34:50.000,0.49,52.68,0.3,0.39
2025-08-08T02:35:50.000,0.61,83.67,0.07,0.61
2025-08-08T02:36:50.000,0.92,89.25,0.01,0.92
2025-08-08T02:37:50.000,1.83,81.53,0.27,1.81
2025-08-08T02:38:50.000,1.36,99.49,-0.22,1.35
2025-08-08T02:39:50.000,1.9,104.29,-0.47,1.84
2025-08-08T02:40:50.000,1.71,101.52,-0.34,1.68
2025-08-08T02:41:50.000,1.25,111.83,-0.47,1.16
2025-08-08T02:42:50.000,1.28,74.99,0.33,1.23
2025-08-08T02:43:50.000,1.07,58.01,0.57,0.91
2025-08-08T02:44:50.000,0.81,62.01,0.38,0.71
2025-08-08T02:45:50.000,1.17,109.91,-0.4,1.1
2025-08-08T02:46:50.000,1.78,102.65,-0.39,1.74
2025-08-08T02:47:50.000,2.39,117.37,-1.1,2.12
2025-08-08T02:48:50.000,1.65,133.22,-1.13,1.2
2025-08-08T02:49:50.000,2.06,166.58,-2,0.48
2025-08-08T02:50:50.000,1.37,157.86,-1.27,0.52
2025-08-08T02:51:50.000,0.87,15.9,0.84,0.24
2025-08-08T02:52:50.000,1.69,6.12,1.68,0.18
2025-08-08T02:53:50.000,1.02,70.45,0.34,0.96
2025-08-08T02:54:50.000,0.95,45.48,0.67,0.68
2025-08-08T02:55:50.000,1.13,6.43,1.12,0.13
2025-08-08T02:56:50.000,0.15,72.86,0.04,0.14
2025-08-08T02:57:50.000,2.01,345.28,1.95,-0.51
2025-08-08T02:58:50.000,1.79,343.45,1.71,-0.51
2025-08-08T02:59:50.000,1.53,340.02,1.44,-0.52
2025-08-08T03:00:50.000,0.86,331.85,0.75,-0.4
2025-08-08T03:01:50.000,1.42,346.61,1.38,-0.33
2025-08-08T03:02:50.000,0.79,0.75,0.79,0.01
2025-08-08T03:03:50.000,2.01,305.29,1.16,-1.64
2025-08-08T03:04:50.000,0.98,292.14,0.37,-0.91
2025-08-08T03:05:50.000,1.56,11.58,1.53,0.31
2025-08-08T03:06:50.000,3.09,328.76,2.65,-1.6
2025-08-08T03:07:50.000,5.36,327.01,4.5,-2.92
2025-08-08T03:08:50.000,3.1,318.79,2.33,-2.04
2025-08-08T03:09:50.000,2.01,320.65,1.56,-1.28
2025-08-08T03:10:50.000,3.12,325.95,2.59,-1.75
2025-08-08T03:11:50.000,3.15,350.93,3.11,-0.5
2025-08-08T03:12:50.000,2.3,311.76,1.53,-1.72
2025-08-08T03:13:50.000,1.83,338.75,1.7,-0.66
2025-08-08T03:14:50.000,1.01,356.04,1,-0.07
2025-08-08T03:15:50.000,2.33,313.96,1.62,-1.68
2025-08-08T03:16:50.000,1.8,14.61,1.74,0.45
2025-08-08T03:17:50.000,1.75,280.76,0.33,-1.72
2025-08-08T03:18:50.000,1.77,311.46,1.17,-1.32
2025-08-08T03:19:50.000,0.4,269.5,0,-0.4
2025-08-08T03:20:50.000,1.07,24.69,0.97,0.45
2025-08-08T03:21:50.000,0.95,344.66,0.91,-0.25
2025-08-08T03:22:50.000,0.27,358.05,0.27,-0.01
2025-08-08T03:23:50.000,1.61,286.28,0.45,-1.54
2025-08-08T03:24:50.000,1.85,20.54,1.74,0.65
2025-08-08T03:25:50.000,2.51,323.07,2.01,-1.51
2025-08-08T03:26:50.000,1.52,28.14,1.34,0.72
2025-08-08T03:27:50.000,1.31,8.27,1.29,0.19
2025-08-08T03:28:50.000,3.2,334.29,2.88,-1.39
2025-08-08T03:29:50.000,1.7,302.98,0.92,-1.42
2025-08-08T03:30:50.000,1.33,41.24,1,0.87
2025-08-08T03:31:50.000,3.71,284.48,0.93,-3.59
2025-08-08T03:32:50.000,2.74,358.15,2.73,-0.09
2025-08-08T03:33:50.000,1.63,315.95,1.17,-1.14
2025-08-08T03:34:50.000,2.45,333.52,2.19,-1.09
2025-08-08T03:35:50.000,2.11,328.53,1.8,-1.1
2025-08-08T03:36:50.000,1.71,340.63,1.62,-0.57
2025-08-08T03:37:50.000,3.08,292.03,1.16,-2.86
2025-08-08T03:38:50.000,1.29,308.55,0.8,-1.01
2025-08-08T03:39:50.000,4.59,298.71,2.21,-4.03
2025-08-08T03:40:50.000,3.05,292.87,1.18,-2.81
2025-08-08T03:41:50.000,1.74,353.06,1.73,-0.21
2025-08-08T03:42:50.000,2.03,318.71,1.52,-1.34
2025-08-08T03:43:50.000,2.3,319.89,1.76,-1.48
2025-08-08T03:44:50.000,2.28,334.54,2.06,-0.98
2025-08-08T03:45:50.000,2.51,310.9,1.65,-1.9
2025-08-08T03:46:50.000,1.53,14.27,1.49,0.38
2025-08-08T03:47:50.000,1.4,296.87,0.63,-1.25
2025-08-08T03:48:50.000,2,318.63,1.5,-1.32
2025-08-08T03:49:50.000,3.55,299.87,1.77,-3.08
2025-08-08T03:50:50.000,1.5,345.62,1.46,-0.37
2025-08-08T03:51:50.000,1.75,344.67,1.69,-0.46
2025-08-08T03:52:50.000,3.6,319.66,2.74,-2.33
2025-08-08T03:53:50.000,4.74,302.59,2.55,-3.99
2025-08-08T03:54:50.000,4.01,304.24,2.25,-3.31
2025-08-08T03:55:50.000,2.6,33.16,2.17,1.42
2025-08-08T03:56:50.000,4.84,295.51,2.09,-4.37
2025-08-08T03:57:50.000,3.3,359.91,3.3,-0.01
2025-08-08T03:58:50.000,5.87,338.75,5.47,-2.13
2025-08-08T03:59:50.000,4.03,322.47,3.2,-2.45
2025-08-08T04:00:50.000,2.58,359.58,2.58,-0.02
2025-08-08T04:01:50.000,4.22,324.19,3.42,-2.47
2025-08-08T04:02:50.000,3.34,318.33,2.49,-2.22
2025-08-08T04:03:50.000,4.81,299.06,2.34,-4.2
2025-08-08T04:04:50.000,2.58,355.92,2.57,-0.18
2025-08-08T04:05:50.000,4.38,328.38,3.73,-2.3
2025-08-08T04:06:50.000,3.93,339.29,3.68,-1.39
2025-08-08T04:07:50.000,4.27,316.82,3.11,-2.92
2025-08-08T04:08:50.000,3.49,342.28,3.32,-1.06
2025-08-08T04:09:50.000,1.92,313.85,1.33,-1.39
2025-08-08T04:10:50.000,3.16,304.43,1.79,-2.61
2025-08-08T04:11:50.000,3.3,309.52,2.1,-2.55
2025-08-08T04:12:50.000,5.08,312.13,3.41,-3.77
2025-08-08T04:13:50.000,2.34,348.45,2.3,-0.47
2025-08-08T04:14:50.000,4.53,323.68,3.65,-2.68
2025-08-08T04:15:50.000,4.19,310.74,2.73,-3.17
2025-08-08T04:16:50.000,2.35,338.49,2.19,-0.86
2025-08-08T04:17:50.000,1.88,310.44,1.22,-1.43
2025-08-08T04:18:50.000,3.78,283.2,0.86,-3.68
2025-08-08T04:19:50.000,2.71,329.25,2.33,-1.38
2025-08-08T04:20:50.000,1.71,301.82,0.9,-1.45
2025-08-08T04:21:50.000,6.22,312.93,4.24,-4.56
2025-08-08T04:22:50.000,4.1,307.83,2.51,-3.23
2025-08-08T04:23:50.000,8.26,288.57,2.63,-7.83
2025-08-08T04:24:50.000,6.33,291.63,2.33,-5.88
2025-08-08T04:25:50.000,2.34,306.83,1.4,-1.87
2025-08-08T04:26:50.000,9.07,306.51,5.4,-7.29
2025-08-08T04:27:50.000,3.43,321.74,2.69,-2.12
2025-08-08T04:28:50.000,3.04,313.73,2.1,-2.2
2025-08-08T04:29:50.000,2.23,304.1,1.25,-1.84
2025-08-08T04:30:50.000,4.74,313.99,3.29,-3.41
2025-08-08T04:31:50.000,7.46,295.49,3.21,-6.73
2025-08-08T04:32:50.000,6.99,275.53,0.67,-6.96
2025-08-08T04:33:50.000,1.54,321.83,1.21,-0.95
2025-08-08T04:34:50.000,5.4,327.85,4.57,-2.87
2025-08-08T04:35:50.000,5.81,316.42,4.21,-4.01
2025-08-08T04:36:50.000,8.86,303,4.82,-7.43
2025-08-08T04:37:50.000,7.12,301.51,3.72,-6.07
2025-08-08T04:38:50.000,3.48,292.12,1.31,-3.22
2025-08-08T04:39:50.000,2.58,268.99,-0.05,-2.58
2025-08-08T04:40:50.000,3.69,343.63,3.55,-1.04
2025-08-08T04:41:50.000,8.53,304.84,4.88,-7
2025-08-08T04:42:50.000,6.57,305.31,3.8,-5.36
2025-08-08T04:43:50.000,7.8,292.9,3.04,-7.19
2025-08-08T04:44:50.000,4.02,316.85,2.93,-2.75
2025-08-08T04:45:50.000,5.22,304.07,2.93,-4.33
2025-08-08T04:46:50.000,4.67,333.37,4.18,-2.09
2025-08-08T04:47:50.000,3.84,308.3,2.38,-3.01
2025-08-08T04:48:50.000,2.45,340,2.31,-0.84
2025-08-08T04:49:50.000,7.4,283,1.66,-7.21
2025-08-08T04:50:50.000,4.21,323.75,3.39,-2.49
2025-08-08T04:51:50.000,3.27,294.75,1.37,-2.97
2025-08-08T04:52:50.000,4.45,298.24,2.11,-3.92
2025-08-08T04:53:50.000,8.42,302.05,4.47,-7.14
2025-08-08T04:54:50.000,7.15,308.42,4.44,-5.6
2025-08-08T04:55:50.000,3.08,302.17,1.64,-2.61
2025-08-08T04:56:50.000,3.47,317.57,2.56,-2.34
2025-08-08T04:57:50.000,3.86,330.49,3.36,-1.9
2025-08-08T04:58:50.000,4.51,302.75,2.44,-3.79
2025-08-08T04:59:50.000,6.95,303.69,3.85,-5.78
2025-08-08T05:00:50.000,3.92,298.79,1.89,-3.44
2025-08-08T05:01:50.000,1.89,305.92,1.11,-1.53
2025-08-08T05:02:50.000,4.08,328.87,3.49,-2.11
2025-08-08T05:03:50.000,5.3,308.56,3.31,-4.15
2025-08-08T05:04:50.000,7.28,290.06,2.5,-6.84
2025-08-08T05:05:50.000,3.61,316.61,2.62,-2.48
2025-08-08T05:06:50.000,1.86,340,1.75,-0.64
2025-08-08T05:07:50.000,1.16,315.54,0.83,-0.82
2025-08-08T05:08:50.000,5.08,299.61,2.51,-4.41
2025-08-08T05:09:50.000,4.71,285.8,1.28,-4.53
2025-08-08T05:10:50.000,3.7,350.83,3.66,-0.59
2025-08-08T05:11:50.000,4.97,291.36,1.81,-4.63
2025-08-08T05:12:50.000,5.21,305.86,3.05,-4.22
2025-08-08T05:13:50.000,3.17,303.98,1.77,-2.63
2025-08-08T05:14:50.000,1.62,31.76,1.38,0.86
2025-08-08T05:15:50.000,2.71,309.01,1.71,-2.11
2025-08-08T05:16:50.000,3.02,317.17,2.21,-2.05
2025-08-08T05:17:50.000,4.99,323.1,3.99,-3
2025-08-08T05:18:50.000,6.41,285.51,1.71,-6.18
2025-08-08T05:19:50.000,2.46,288.34,0.77,-2.34
2025-08-08T05:20:50.000,3.17,317.02,2.32,-2.16
2025-08-08T05:21:50.000,1.95,330.32,1.7,-0.97
2025-08-08T05:22:50.000,2.25,358.4,2.25,-0.06
2025-08-08T05:23:50.000,2.97,326.61,2.48,-1.64
2025-08-08T05:24:50.000,2.83,355.38,2.82,-0.23
2025-08-08T05:25:50.000,5.91,287.97,1.82,-5.62
2025-08-08T05:26:50.000,6.18,296.46,2.75,-5.53
2025-08-08T05:27:50.000,2.32,340.68,2.19,-0.77
2025-08-08T05:28:50.000,3.41,296.61,1.53,-3.05
2025-08-08T05:29:50.000,3.43,292.92,1.34,-3.16
2025-08-08T05:30:50.000,2.96,290.35,1.03,-2.78
2025-08-08T05:31:50.000,2.13,10.87,2.09,0.4
2025-08-08T05:32:50.000,1.56,345.82,1.52,-0.38
2025-08-08T05:33:50.000,4.07,276.51,0.46,-4.04
2025-08-08T05:34:50.000,5.36,301.11,2.77,-4.59
2025-08-08T05:35:50.000,3.19,324.28,2.59,-1.86
2025-08-08T05:36:50.000,2.87,298.65,1.38,-2.52
2025-08-08T05:37:50.000,4.68,316.99,3.42,-3.19
2025-08-08T05:38:50.000,7.68,302.12,4.08,-6.5
2025-08-08T05:39:50.000,6.18,308.15,3.82,-4.86
2025-08-08T05:40:50.000,5.92,293.47,2.36,-5.43
2025-08-08T05:41:50.000,2.66,358.41,2.66,-0.07
2025-08-08T05:42:50.000,4.48,299.35,2.2,-3.9
2025-08-08T05:43:50.000,4.23,309.72,2.7,-3.25
2025-08-08T05:44:50.000,3.12,351.86,3.09,-0.44
2025-08-08T05:45:50.000,3.51,324.84,2.87,-2.02
2025-08-08T05:46:50.000,2.81,301.77,1.48,-2.39
2025-08-08T05:47:50.000,2.4,305.71,1.4,-1.95
2025-08-08T05:48:50.000,7.34,306.38,4.36,-5.91
2025-08-08T05:49:50.000,7.99,294.59,3.32,-7.26
2025-08-08T05:50:50.000,4.08,295.93,1.78,-3.67
2025-08-08T05:51:50.000,5.66,296.92,2.56,-5.04
2025-08-08T05:52:50.000,6.81,302.72,3.68,-5.73
2025-08-08T05:53:50.000,5.44,293.08,2.13,-5.01
2025-08-08T05:54:50.000,5.4,337.14,4.97,-2.1
2025-08-08T05:55:50.000,5.16,307.08,3.11,-4.12
2025-08-08T05:56:50.000,10.6,304.78,6.04,-8.7
2025-08-08T05:57:50.000,5.52,305.6,3.21,-4.48
2025-08-08T05:58:50.000,5.18,317.66,3.83,-3.49
2025-08-08T05:59:50.000,4.09,307.87,2.51,-3.23
2025-08-08T06:00:50.000,6.39,298,3,-5.64
2025-08-08T06:01:50.000,6.11,315.3,4.35,-4.3
2025-08-08T06:02:50.000,5.59,301.77,2.94,-4.75
2025-08-08T06:03:50.000,5.71,298.06,2.69,-5.04
2025-08-08T06:04:50.000,2.67,324.46,2.17,-1.55
2025-08-08T06:05:50.000,9.86,311.35,6.51,-7.4
2025-08-08T06:06:50.000,5.73,317.58,4.23,-3.86
2025-08-08T06:07:50.000,4.28,318.86,3.22,-2.81
2025-08-08T06:08:50.000,4.11,304.61,2.33,-3.38
2025-08-08T06:09:50.000,2.77,311.95,1.85,-2.06
2025-08-08T06:10:50.000,3.04,316.64,2.21,-2.09
2025-08-08T06:11:50.000,4.56,318.63,3.42,-3.02
2025-08-08T06:12:50.000,8.72,302.78,4.72,-7.33
2025-08-08T06:13:50.000,6.83,302.91,3.71,-5.74
2025-08-08T06:14:50.000,3.71,327.02,3.11,-2.02
2025-08-08T06:15:50.000,8.24,285.47,2.2,-7.95
2025-08-08T06:16:50.000,3.75,286.38,1.06,-3.6
2025-08-08T06:17:50.000,3.05,322.64,2.42,-1.85
2025-08-08T06:18:50.000,9.7,276.64,1.12,-9.64
2025-08-08T06:19:50.000,2.1,294.6,0.87,-1.91
2025-08-08T06:20:50.000,3.5,299.6,1.73,-3.05
2025-08-08T06:21:50.000,3.56,328.39,3.03,-1.87
2025-08-08T06:22:50.000,7.44,300.34,3.76,-6.42
2025-08-08T06:23:50.000,2.77,281.88,0.57,-2.71
2025-08-08T06:24:50.000,4.19,301.95,2.21,-3.55
2025-08-08T06:25:50.000,6.59,293.38,2.62,-6.05
2025-08-08T06:26:50.000,4.34,321.22,3.38,-2.72
2025-08-08T06:27:50.000,6.7,278.31,0.97,-6.63
2025-08-08T06:28:50.000,6.94,291.82,2.58,-6.44
2025-08-08T06:29:50.000,6.21,314.26,4.34,-4.45
2025-08-08T06:30:50.000,5.34,294.92,2.25,-4.84
2025-08-08T06:31:50.000,8.73,295.1,3.7,-7.91
2025-08-08T06:32:50.000,2.17,349.89,2.14,-0.38
2025-08-08T06:33:50.000,4.35,322.66,3.46,-2.64
2025-08-08T06:34:50.000,3.76,336.97,3.46,-1.47
2025-08-08T06:35:50.000,8.04,321.12,6.26,-5.05
2025-08-08T06:36:50.000,4.39,335.92,4.01,-1.79
2025-08-08T06:37:50.000,3.78,290.36,1.32,-3.55
2025-08-08T06:38:50.000,4.21,337.77,3.9,-1.59
2025-08-08T06:39:50.000,5.12,317.12,3.75,-3.48
2025-08-08T06:40:50.000,3.85,304.62,2.19,-3.17
2025-08-08T06:41:50.000,3.77,297.98,1.77,-3.33
2025-08-08T06:42:50.000,7.44,322.85,5.93,-4.5
2025-08-08T06:43:50.000,8.95,304.19,5.03,-7.4
2025-08-08T06:44:50.000,6.15,316.71,4.47,-4.21
2025-08-08T06:45:50.000,2.93,340.63,2.77,-0.97
2025-08-08T06:46:50.000,8.26,277.32,1.05,-8.19
2025-08-08T06:47:50.000,5.6,317.76,4.15,-3.76
2025-08-08T06:48:50.000,4.13,306.59,2.46,-3.31
2025-08-08T06:49:50.000,7.15,286.34,2.01,-6.86
2025-08-08T06:50:50.000,5.63,285.92,1.54,-5.41
2025-08-08T06:51:50.000,7.01,296.05,3.08,-6.3
2025-08-08T06:52:50.000,3.09,297.87,1.44,-2.73
2025-08-08T06:53:50.000,9.09,279.98,1.58,-8.95
2025-08-08T06:54:50.000,6.44,290.56,2.26,-6.03
2025-08-08T06:55:50.000,4.77,312.14,3.2,-3.54
2025-08-08T06:56:50.000,5.27,281,1.01,-5.17
2025-08-08T06:57:50.000,8.18,308.47,5.09,-6.41
2025-08-08T06:58:50.000,4.77,295.21,2.03,-4.31
2025-08-08T06:59:50.000,8.04,303.32,4.42,-6.72
2025-08-08T07:00:50.000,4.33,313.16,2.96,-3.16
2025-08-08T07:01:50.000,4.11,307.89,2.52,-3.24
2025-08-08T07:02:50.000,3.33,315.18,2.37,-2.35
2025-08-08T07:03:50.000,7.8,297.55,3.61,-6.92
2025-08-08T07:04:50.000,4.87,314.62,3.42,-3.47
2025-08-08T07:05:50.000,4.33,315.79,3.11,-3.02
2025-08-08T07:06:50.000,4.12,295.29,1.76,-3.73
2025-08-08T07:07:50.000,4.13,311.59,2.74,-3.09
2025-08-08T07:08:50.000,4.16,308.65,2.6,-3.25
2025-08-08T07:09:50.000,10.37,284.06,2.52,-10.06
2025-08-08T07:10:50.000,8.46,295.07,3.58,-7.66
2025-08-08T07:11:50.000,5.79,292.7,2.23,-5.34
2025-08-08T07:12:50.000,4.34,285.34,1.15,-4.19
2025-08-08T07:13:50.000,4.25,317.81,3.15,-2.86
2025-08-08T07:14:50.000,5.7,308.08,3.52,-4.49
2025-08-08T07:15:50.000,6.82,299.55,3.36,-5.93
2025-08-08T07:16:50.000,8.12,302.8,4.4,-6.83
2025-08-08T07:17:50.000,4.63,307.26,2.8,-3.69
2025-08-08T07:18:50.000,3.38,287.73,1.03,-3.22
2025-08-08T07:19:50.000,5.46,322.73,4.35,-3.31
2025-08-08T07:20:50.000,4.39,305.7,2.56,-3.56
2025-08-08T07:21:50.000,4.7,304.49,2.66,-3.87
2025-08-08T07:22:50.000,5.09,315.65,3.64,-3.56
2025-08-08T07:23:50.000,2.46,269.54,-0.02,-2.46
2025-08-08T07:24:50.000,4.04,331.83,3.57,-1.91
2025-08-08T07:25:50.000,3.5,303.38,1.93,-2.92
2025-08-08T07:26:50.000,7.61,302.93,4.14,-6.39
2025-08-08T07:27:50.000,5.92,294.92,2.49,-5.37
2025-08-08T07:28:50.000,2.38,337.08,2.19,-0.93
2025-08-08T07:29:50.000,6.23,303.72,3.46,-5.18
2025-08-08T07:30:50.000,9.45,301.69,4.97,-8.04
2025-08-08T07:31:50.000,3.09,310.64,2.01,-2.34
2025-08-08T07:32:50.000,3.1,333.7,2.78,-1.38
2025-08-08T07:33:50.000,3.86,295.06,1.63,-3.5
2025-08-08T07:34:50.000,3.97,329.23,3.41,-2.03
2025-08-08T07:35:50.000,4.78,336.06,4.37,-1.94
2025-08-08T07:36:50.000,3.9,303.61,2.16,-3.25
2025-08-08T07:37:50.000,4.2,291.32,1.53,-3.91
2025-08-08T07:38:50.000,1.28,342.27,1.22,-0.39
2025-08-08T07:39:50.000,1.5,290.58,0.53,-1.41
2025-08-08T07:40:50.000,4.43,291.94,1.65,-4.11
2025-08-08T07:41:50.000,3.63,330.94,3.17,-1.76
2025-08-08T07:42:50.000,3.6,315.12,2.55,-2.54
2025-08-08T07:43:50.000,4.59,291.73,1.7,-4.26
2025-08-08T07:44:50.000,3.81,330.14,3.3,-1.89
2025-08-08T07:45:50.000,2.33,333.24,2.08,-1.05
2025-08-08T07:46:50.000,4.93,294.96,2.08,-4.47
2025-08-08T07:47:50.000,2.63,322.49,2.09,-1.6
2025-08-08T07:48:50.000,2.6,335.97,2.38,-1.06
2025-08-08T07:49:50.000,3.3,328.85,2.83,-1.71
2025-08-08T07:50:50.000,3.68,313.22,2.52,-2.68
2025-08-08T07:51:50.000,3.72,321.37,2.9,-2.32
2025-08-08T07:52:50.000,5.62,314.15,3.92,-4.03
2025-08-08T07:53:50.000,6.36,310.9,4.16,-4.81
2025-08-08T07:54:50.000,3.39,333.09,3.02,-1.53
2025-08-08T07:55:50.000,1.79,327.7,1.51,-0.96
2025-08-08T07:56:50.000,2.81,302.05,1.49,-2.38
2025-08-08T07:57:50.000,3.03,332.15,2.68,-1.41
2025-08-08T07:58:50.000,3.08,316.78,2.24,-2.11
2025-08-08T07:59:50.000,2.23,338.48,2.08,-0.82
2025-08-08T08:00:50.000,0.49,28.08,0.43,0.23
2025-08-08T08:01:50.000,1.58,31.46,1.35,0.83
2025-08-08T08:02:50.000,1.75,4.2,1.74,0.13
2025-08-08T08:03:50.000,1.71,9.62,1.69,0.29
2025-08-08T08:04:50.000,2.04,302.02,1.08,-1.73
2025-08-08T08:05:50.000,0.3,223.41,-0.21,-0.2
2025-08-08T08:06:50.000,1.01,38.55,0.79,0.63
2025-08-08T08:07:50.000,3.19,315.85,2.29,-2.22
2025-08-08T08:08:50.000,3.07,323.77,2.47,-1.81
2025-08-08T08:09:50.000,2.95,331.76,2.6,-1.39
2025-08-08T08:10:50.000,0.44,54.68,0.25,0.36
2025-08-08T08:11:50.000,2.16,305.59,1.26,-1.76
2025-08-08T08:12:50.000,2.11,295.45,0.91,-1.91
2025-08-08T08:13:50.000,2.65,320.15,2.03,-1.7
2025-08-08T08:14:50.000,0.89,331,0.78,-0.43
2025-08-08T08:15:50.000,4.49,287.16,1.33,-4.29
2025-08-08T08:16:50.000,3.27,307.37,1.99,-2.6
2025-08-08T08:17:50.000,1.41,269.63,-0.01,-1.41
2025-08-08T08:18:50.000,2.31,278.65,0.35,-2.28
2025-08-08T08:19:50.000,1.77,305.11,1.02,-1.45
2025-08-08T08:20:50.000,1.67,310.03,1.07,-1.28
2025-08-08T08:21:50.000,1.11,269.48,-0.01,-1.11
2025-08-08T08:22:50.000,2.11,339.61,1.98,-0.73
2025-08-08T08:23:50.000,2.25,335.19,2.05,-0.95
2025-08-08T08:24:50.000,1.33,56.92,0.72,1.11
2025-08-08T08:25:50.000,1.88,358.23,1.88,-0.06
2025-08-08T08:26:50.000,1.49,17.81,1.41,0.45
2025-08-08T08:27:50.000,0.91,278.72,0.14,-0.9
2025-08-08T08:28:50.000,0.72,329.7,0.62,-0.36
2025-08-08T08:29:50.000,1.65,314.37,1.16,-1.18
2025-08-08T08:30:50.000,1.56,274.3,0.12,-1.56
2025-08-08T08:31:50.000,0.66,299.35,0.32,-0.58
2025-08-08T08:32:50.000,0.71,4.33,0.71,0.05
2025-08-08T08:33:50.000,0.64,352.56,0.64,-0.08
2025-08-08T08:34:50.000,1.51,53.52,0.9,1.22
2025-08-08T08:35:50.000,0.9,74.63,0.24,0.86
2025-08-08T08:36:50.000,0.43,79.29,0.08,0.42
2025-08-08T08:37:50.000,1.52,357.91,1.51,-0.06
2025-08-08T08:38:50.000,1.53,84.88,0.14,1.52
2025-08-08T08:39:50.000,1.52,72.7,0.45,1.45
2025-08-08T08:40:50.000,1.4,80.74,0.22,1.38
2025-08-08T08:41:50.000,1.49,70.84,0.49,1.41
2025-08-08T08:42:50.000,1.38,71,0.45,1.3
2025-08-08T08:43:50.000,1.67,44.43,1.2,1.17
2025-08-08T08:44:50.000,1.25,109.93,-0.43,1.18
2025-08-08T08:45:50.000,1.63,59.15,0.84,1.4
2025-08-08T08:46:50.000,1.45,61.72,0.69,1.28
2025-08-08T08:47:50.000,1.69,61.52,0.8,1.48
2025-08-08T08:48:50.000,0.96,111.2,-0.35,0.9
2025-08-08T08:49:50.000,1.03,47.44,0.7,0.76
2025-08-08T08:50:50.000,1.35,86.84,0.07,1.35
2025-08-08T08:51:50.000,1.06,41.43,0.8,0.7
2025-08-08T08:52:50.000,1.86,71.85,0.58,1.77
2025-08-08T08:53:50.000,1.28,77.95,0.27,1.25
2025-08-08T08:54:50.000,1.12,72.22,0.34,1.06
2025-08-08T08:55:50.000,0.97,129.12,-0.61,0.75
2025-08-08T08:56:50.000,0.64,85.15,0.05,0.64
2025-08-08T08:57:50.000,0.61,83.83,0.07,0.61
2025-08-08T08:58:50.000,1.23,55.54,0.7,1.02
2025-08-08T08:59:50.000,1,91.55,-0.03,1
2025-08-08T09:00:50.000,0.56,105.8,-0.15,0.54
2025-08-08T09:01:50.000,1.02,8.35,1.01,0.15
2025-08-08T09:02:50.000,2.23,73.77,0.62,2.14
2025-08-08T09:03:50.000,2.38,102.71,-0.52,2.32
2025-08-08T09:04:50.000,1.99,70.09,0.68,1.87
2025-08-08T09:05:50.000,1.06,83.66,0.12,1.05
2025-08-08T09:06:50.000,1.4,85.93,0.1,1.4
2025-08-08T09:07:50.000,1.05,52.94,0.63,0.84
2025-08-08T09:08:50.000,0.81,122.16,-0.43,0.69
2025-08-08T09:09:50.000,0.46,143.65,-0.37,0.27
2025-08-08T09:10:50.000,0.64,53.91,0.38,0.52
2025-08-08T09:11:50.000,1.87,0.77,1.87,0.03
2025-08-08T09:12:50.000,1.45,75.79,0.36,1.41
2025-08-08T09:13:50.000,1.64,40.26,1.25,1.06
2025-08-08T09:14:50.000,1.91,80.01,0.33,1.88
2025-08-08T09:15:50.000,1.92,60,0.96,1.66
2025-08-08T09:16:50.000,1.69,59.26,0.87,1.46
2025-08-08T09:17:50.000,3.47,122.58,-1.87,2.93
2025-08-08T09:18:50.000,2.56,64.65,1.1,2.31
2025-08-08T09:19:50.000,1.24,65.5,0.51,1.12
2025-08-08T09:20:50.000,1.74,53.47,1.03,1.4
2025-08-08T09:21:50.000,1.58,76.09,0.38,1.53
2025-08-08T09:22:50.000,2.43,76.11,0.58,2.36
2025-08-08T09:23:50.000,2.12,92.57,-0.1,2.12
2025-08-08T09:24:50.000,3.11,75.84,0.76,3.01
2025-08-08T09:25:50.000,2.35,111.09,-0.85,2.19
2025-08-08T09:26:50.000,1.94,66.86,0.76,1.78
2025-08-08T09:27:50.000,1.79,33.32,1.49,0.98
2025-08-08T09:28:50.000,2.07,29.67,1.79,1.02
2025-08-08T09:29:50.000,1.47,32.59,1.24,0.79
2025-08-08T09:30:50.000,2.42,55.89,1.36,2
2025-08-08T09:31:50.000,2.91,81,0.46,2.88
2025-08-08T09:32:50.000,1.93,49.23,1.26,1.46
2025-08-08T09:33:50.000,1.78,37.58,1.41,1.09
2025-08-08T09:34:50.000,3.38,69.92,1.16,3.17
2025-08-08T09:35:50.000,1.93,41.62,1.45,1.28
2025-08-08T09:36:50.000,2.79,43.32,2.03,1.91
2025-08-08T09:37:50.000,0.51,241.07,-0.25,-0.45
2025-08-08T09:38:50.000,2.7,93.02,-0.14,2.7
2025-08-08T09:39:50.000,2.5,56.5,1.38,2.08
2025-08-08T09:40:50.000,2.08,51.49,1.29,1.63
2025-08-08T09:41:50.000,2.74,56.19,1.52,2.28
2025-08-08T09:42:50.000,1.28,90.21,0,1.28
2025-08-08T09:43:50.000,1.49,102.38,-0.32,1.46
2025-08-08T09:44:50.000,1.39,101.82,-0.28,1.36
2025-08-08T09:45:50.000,2.02,75.83,0.5,1.96
2025-08-08T09:46:50.000,1.36,79.18,0.26,1.34
2025-08-08T09:47:50.000,1.09,65.5,0.45,0.99
2025-08-08T09:48:50.000,2.93,50.74,1.85,2.27
2025-08-08T09:49:50.000,1.29,48.47,0.85,0.96
2025-08-08T09:50:50.000,1.35,62.57,0.62,1.2
2025-08-08T09:51:50.000,2.55,41.36,1.92,1.69
2025-08-08T09:52:50.000,6.02,47.92,4.03,4.47
2025-08-08T09:53:50.000,1.32,119.1,-0.64,1.16
2025-08-08T09:54:50.000,1.91,88.03,0.07,1.9
2025-08-08T09:55:50.000,1.49,110.8,-0.53,1.4
2025-08-08T09:56:50.000,1.72,97.69,-0.23,1.71
2025-08-08T09:57:50.000,4.05,33.45,3.38,2.23
2025-08-08T09:58:50.000,0.22,136.88,-0.16,0.15
2025-08-08T09:59:50.000,3.54,44.54,2.53,2.49
2025-08-08T10:00:50.000,1.21,74.86,0.32,1.16
2025-08-08T10:01:50.000,0.59,11.57,0.58,0.12
2025-08-08T10:02:50.000,2.91,122.43,-1.56,2.46
2025-08-08T10:03:50.000,1.46,13.91,1.42,0.35
2025-08-08T10:04:50.000,3.23,58.89,1.67,2.76
2025-08-08T10:05:50.000,2.34,61.15,1.13,2.05
2025-08-08T10:06:50.000,1.93,84.04,0.2,1.92
2025-08-08T10:07:50.000,3.06,53.52,1.82,2.46
2025-08-08T10:08:50.000,2.58,100.19,-0.46,2.54
2025-08-08T10:09:50.000,2.08,13.8,2.02,0.5
2025-08-08T10:10:50.000,4.71,47.11,3.21,3.45
2025-08-08T10:11:50.000,4.26,67.8,1.61,3.94
2025-08-08T10:12:50.000,3.86,40.18,2.95,2.49
2025-08-08T10:13:50.000,3.62,116.72,-1.63,3.23
2025-08-08T10:14:50.000,2.07,94.66,-0.17,2.07
2025-08-08T10:15:50.000,4.4,68.57,1.61,4.1
2025-08-08T10:16:50.000,1.89,53.99,1.11,1.53
2025-08-08T10:17:50.000,1.22,74.49,0.33,1.17
2025-08-08T10:18:50.000,1.71,63.76,0.76,1.53
2025-08-08T10:19:50.000,1.99,55.46,1.13,1.64
2025-08-08T10:20:50.000,3.62,38.32,2.84,2.24
2025-08-08T10:21:50.000,2.42,35.96,1.96,1.42
2025-08-08T10:22:50.000,3.18,119.05,-1.54,2.78
2025-08-08T10:23:50.000,1.68,63.8,0.74,1.51
2025-08-08T10:24:50.000,1.88,15.24,1.81,0.49
2025-08-08T10:25:50.000,3.57,51.62,2.22,2.8
2025-08-08T10:26:50.000,1.81,54.21,1.06,1.46
2025-08-08T10:27:50.000,1.05,61.5,0.5,0.93
2025-08-08T10:28:50.000,0.78,98.1,-0.11,0.78
2025-08-08T10:29:50.000,0.21,13.43,0.2,0.05
2025-08-08T10:30:50.000,2.08,58.43,1.09,1.77
2025-08-08T10:31:50.000,1.17,61.78,0.55,1.03
2025-08-08T10:32:50.000,0.75,360,0.75,0
2025-08-08T10:33:50.000,2.64,48.55,1.75,1.98
2025-08-08T10:34:50.000,0.43,38.56,0.34,0.27
2025-08-08T10:35:50.000,1.72,118.8,-0.83,1.5
2025-08-08T10:36:50.000,3.03,76.34,0.71,2.94
2025-08-08T10:37:50.000,2.76,35.9,2.23,1.62
2025-08-08T10:38:50.000,1.51,59.57,0.77,1.3
2025-08-08T10:39:50.000,4,94.51,-0.31,3.99
2025-08-08T10:40:50.000,1.99,100.55,-0.37,1.96
2025-08-08T10:41:50.000,2.28,68.04,0.85,2.11
2025-08-08T10:42:50.000,2.16,184.18,-2.16,-0.16
2025-08-08T10:43:50.000,1.39,86.35,0.09,1.38
2025-08-08T10:44:50.000,0.56,49.82,0.36,0.43
2025-08-08T10:45:50.000,2.02,55.17,1.15,1.66
2025-08-08T10:46:50.000,2.21,69.93,0.76,2.07
2025-08-08T10:47:50.000,0.91,41.79,0.68,0.61
2025-08-08T10:48:50.000,1.1,97.72,-0.15,1.09
2025-08-08T10:49:50.000,1.4,134.5,-0.98,1
2025-08-08T10:50:50.000,1.3,98.79,-0.2,1.29
2025-08-08T10:51:50.000,1.9,71.35,0.61,1.8
2025-08-08T10:52:50.000,1.59,147.26,-1.34,0.86
2025-08-08T10:53:50.000,1.65,100.45,-0.3,1.62
2025-08-08T10:54:50.000,1.7,35.23,1.39,0.98
2025-08-08T10:55:50.000,2.08,48.25,1.38,1.55
2025-08-08T10:56:50.000,2.1,77.06,0.47,2.05
2025-08-08T10:57:50.000,1.51,76.09,0.36,1.46
2025-08-08T10:58:50.000,2.68,29.75,2.32,1.33
2025-08-08T10:59:50.000,1.64,121.71,-0.86,1.4
2025-08-08T11:00:50.000,1.54,136.2,-1.11,1.06
2025-08-08T11:01:50.000,2.43,127.43,-1.48,1.93
2025-08-08T11:02:50.000,2,80.1,0.34,1.97
2025-08-08T11:03:50.000,1.69,76.26,0.4,1.64
2025-08-08T11:04:50.000,1.01,79.71,0.18,0.99
2025-08-08T11:05:50.000,2.22,99.79,-0.38,2.19
2025-08-08T11:06:50.000,1.02,78.89,0.2,1
2025-08-08T11:07:50.000,1.9,131.11,-1.25,1.43
2025-08-08T11:08:50.000,1.61,37.67,1.27,0.98
2025-08-08T11:09:50.000,1.1,11.78,1.07,0.22
2025-08-08T11:10:50.000,2.51,46.48,1.73,1.82
2025-08-08T11:11:50.000,2.27,75.89,0.55,2.2
2025-08-08T11:12:50.000,1.11,50.2,0.71,0.85
2025-08-08T11:13:50.000,1.69,50.89,1.07,1.31
2025-08-08T11:14:50.000,1.91,28.53,1.68,0.91
2025-08-08T11:15:50.000,2.02,37.2,1.61,1.22
2025-08-08T11:16:50.000,0.96,46.03,0.67,0.69
2025-08-08T11:17:50.000,1.55,54.43,0.9,1.26
2025-08-08T11:18:50.000,1.56,80.16,0.27,1.54
2025-08-08T11:19:50.000,1.1,92.07,-0.04,1.1
2025-08-08T11:20:50.000,1.24,117.58,-0.58,1.1
2025-08-08T11:21:50.000,1.55,63.69,0.69,1.39
2025-08-08T11:22:50.000,0.72,46.73,0.5,0.53
2025-08-08T11:23:50.000,1.75,70.93,0.57,1.65
2025-08-08T11:24:50.000,1.72,44.59,1.23,1.21
2025-08-08T11:25:50.000,1.16,42.99,0.85,0.79
2025-08-08T11:26:50.000,1.54,71.97,0.48,1.46
2025-08-08T11:27:50.000,1.53,86.75,0.09,1.53
2025-08-08T11:28:50.000,1.43,31.37,1.22,0.75
2025-08-08T11:29:50.000,1.21,68.87,0.43,1.13
2025-08-08T11:30:50.000,1.34,66.99,0.52,1.24
2025-08-08T11:31:50.000,1.09,53.74,0.64,0.88
2025-08-08T11:32:50.000,1.18,93.84,-0.08,1.18
2025-08-08T11:33:50.000,1.06,57.99,0.56,0.89
2025-08-08T11:34:50.000,1.34,95.57,-0.13,1.33
2025-08-08T11:35:50.000,1.32,55.39,0.75,1.09
2025-08-08T11:36:50.000,1.36,21.75,1.27,0.5
2025-08-08T11:37:50.000,1.51,77.74,0.32,1.48
2025-08-08T11:38:50.000,1.19,105.22,-0.31,1.15
2025-08-08T11:39:50.000,1.3,97.83,-0.18,1.29
2025-08-08T11:40:50.000,1.69,44.19,1.21,1.18
2025-08-08T11:41:50.000,1.3,62,0.61,1.15
2025-08-08T11:42:50.000,1.08,33.38,0.9,0.6
2025-08-08T11:43:50.000,1.51,86.87,0.08,1.51
2025-08-08T11:44:50.000,1.05,96.99,-0.13,1.05
2025-08-08T11:45:50.000,1.08,63.54,0.48,0.97
2025-08-08T11:46:50.000,1.23,51.77,0.76,0.97
2025-08-08T11:47:50.000,0.52,59.88,0.26,0.45
2025-08-08T11:48:50.000,0.85,81.27,0.13,0.84
2025-08-08T11:49:50.000,1.11,34.25,0.92,0.62
2025-08-08T11:50:50.000,1.85,82.9,0.23,1.83
2025-08-08T11:51:50.000,0.72,76.01,0.17,0.69
2025-08-08T11:52:50.000,1.32,83.51,0.15,1.31
2025-08-08T11:53:50.000,1.45,49.43,0.94,1.1
2025-08-08T11:54:50.000,0.93,97.72,-0.12,0.92
2025-08-08T11:55:50.000,1.56,50.05,1,1.2
2025-08-08T11:56:50.000,1.06,70.35,0.36,1
2025-08-08T11:57:50.000,0.94,47.2,0.64,0.69
2025-08-08T11:58:50.000,1.92,79.85,0.34,1.89
2025-08-08T11:59:50.000,1.45,102.99,-0.33,1.41
2025-08-08T12:00:50.000,2.48,119.33,-1.21,2.16
2025-08-08T12:01:50.000,1.31,79.15,0.25,1.29
2025-08-08T12:02:50.000,0.94,85.39,0.08,0.93
2025-08-08T12:03:50.000,0.93,71.22,0.3,0.88
2025-08-08T12:04:50.000,1.46,56.79,0.8,1.22
2025-08-08T12:05:50.000,0.87,49.72,0.56,0.67
2025-08-08T12:06:50.000,1.51,89.59,0.01,1.51
2025-08-08T12:07:50.000,1.38,65.33,0.58,1.25
2025-08-08T12:08:50.000,1.17,101.54,-0.23,1.14
2025-08-08T12:09:50.000,2.1,34.05,1.74,1.18
2025-08-08T12:10:50.000,0.91,53.61,0.54,0.73
2025-08-08T12:11:50.000,1.3,63.45,0.58,1.17
2025-08-08T12:12:50.000,1.28,48.18,0.85,0.95
2025-08-08T12:13:50.000,1.64,52.89,0.99,1.31
2025-08-08T12:14:50.000,1.68,73.7,0.47,1.62
2025-08-08T12:15:50.000,2.14,50.32,1.37,1.65
2025-08-08T12:16:50.000,0.95,44.7,0.68,0.67
2025-08-08T12:17:50.000,1.24,63.71,0.55,1.11
2025-08-08T12:18:50.000,1.35,58.33,0.71,1.15
2025-08-08T12:19:50.000,1.76,85.88,0.13,1.75
2025-08-08T12:20:50.000,1.21,83.53,0.14,1.2
2025-08-08T12:21:50.000,1.77,63.46,0.79,1.58
2025-08-08T12:22:50.000,1.09,125.11,-0.63,0.89
2025-08-08T12:23:50.000,1.53,77.59,0.33,1.49
2025-08-08T12:24:50.000,1.4,86.39,0.09,1.4
2025-08-08T12:25:50.000,1.28,71.98,0.4,1.22
2025-08-08T12:26:50.000,1.89,70.92,0.62,1.79
2025-08-08T12:27:50.000,1.65,98.78,-0.25,1.63
2025-08-08T12:28:50.000,1.38,50.5,0.87,1.06
2025-08-08T12:29:50.000,2.16,97.9,-0.3,2.14
2025-08-08T12:30:50.000,1.33,90.04,0,1.33
2025-08-08T12:31:50.000,2.34,54.63,1.36,1.91
2025-08-08T12:32:50.000,1.55,84.28,0.15,1.54
2025-08-08T12:33:50.000,1.82,80.7,0.29,1.79
2025-08-08T12:34:50.000,2.44,119.29,-1.2,2.13
2025-08-08T12:35:50.000,2.74,41.09,2.06,1.8
2025-08-08T12:36:50.000,2.32,40.49,1.77,1.51
2025-08-08T12:37:50.000,1.26,46.86,0.86,0.92
2025-08-08T12:38:50.000,1.45,66.12,0.59,1.32
2025-08-08T12:39:50.000,2.17,45.67,1.51,1.55
2025-08-08T12:40:50.000,2.45,46.99,1.67,1.79
2025-08-08T12:41:50.000,2.45,54.47,1.42,1.99
2025-08-08T12:42:50.000,1.37,63.62,0.61,1.23
2025-08-08T12:43:50.000,2.25,52.29,1.38,1.78
2025-08-08T12:44:50.000,2.89,77,0.65,2.82
2025-08-08T12:45:50.000,4.59,47.31,3.11,3.37
2025-08-08T12:46:50.000,0.25,68.88,0.09,0.24
2025-08-08T12:47:50.000,2.17,28.8,1.9,1.04
2025-08-08T12:48:50.000,1.74,178.16,-1.74,0.06
2025-08-08T12:49:50.000,1.6,117.72,-0.75,1.42
2025-08-08T12:50:50.000,2.55,128.75,-1.6,1.99
2025-08-08T12:51:50.000,2.06,85.25,0.17,2.06
2025-08-08T12:52:50.000,2.59,25.98,2.33,1.13
2025-08-08T12:53:50.000,2.57,36.27,2.07,1.52
2025-08-08T12:54:50.000,3.22,109.39,-1.07,3.04
2025-08-08T12:55:50.000,2.4,56.7,1.32,2
2025-08-08T12:56:50.000,0.66,15.77,0.63,0.18
2025-08-08T12:57:50.000,2.21,70.56,0.74,2.09
2025-08-08T12:58:50.000,2.86,97.32,-0.36,2.83
2025-08-08T12:59:50.000,3.32,99.36,-0.54,3.28
2025-08-08T13:00:50.000,2.93,80.66,0.48,2.89
2025-08-08T13:01:50.000,4.32,60.3,2.14,3.75
2025-08-08T13:02:50.000,1.68,127.95,-1.04,1.33
2025-08-08T13:03:50.000,1.39,89.1,0.02,1.39
2025-08-08T13:04:50.000,3.7,120.41,-1.87,3.19
2025-08-08T13:05:50.000,1.71,108.44,-0.54,1.62
2025-08-08T13:06:50.000,2,63.19,0.9,1.78
2025-08-08T13:07:50.000,3.68,99,-0.58,3.63
2025-08-08T13:08:50.000,4.59,69.61,1.6,4.3
2025-08-08T13:09:50.000,2.12,147.12,-1.78,1.15
2025-08-08T13:10:50.000,6.28,120.33,-3.17,5.42
2025-08-08T13:11:50.000,0.56,224.41,-0.4,-0.39
2025-08-08T13:12:50.000,2.38,105.02,-0.62,2.3
2025-08-08T13:13:50.000,4.87,86.28,0.32,4.86
2025-08-08T13:14:50.000,1.78,76.6,0.41,1.73
2025-08-08T13:15:50.000,3.46,48.32,2.3,2.59
2025-08-08T13:16:50.000,1.48,93.19,-0.08,1.48
2025-08-08T13:17:50.000,1.96,100.47,-0.36,1.92
2025-08-08T13:18:50.000,3.1,64.46,1.34,2.8
2025-08-08T13:19:50.000,3.18,38.73,2.48,1.99
2025-08-08T13:20:50.000,3.41,120.43,-1.73,2.94
2025-08-08T13:21:50.000,4.11,67.53,1.57,3.8
2025-08-08T13:22:50.000,2.9,44.85,2.06,2.05
2025-08-08T13:23:50.000,5.66,124.18,-3.18,4.68
2025-08-08T13:24:50.000,2.9,7.1,2.88,0.36
2025-08-08T13:25:50.000,2.19,100.15,-0.39,2.16
2025-08-08T13:26:50.000,2.88,68.04,1.08,2.67
2025-08-08T13:27:50.000,2.68,60.09,1.34,2.32
2025-08-08T13:28:50.000,2.93,5.19,2.91,0.26
2025-08-08T13:29:50.000,0.31,302.28,0.16,-0.26
2025-08-08T13:30:50.000,2.67,50.33,1.71,2.06
2025-08-08T13:31:50.000,5.8,63.65,2.57,5.2
2025-08-08T13:32:50.000,2.29,15.35,2.21,0.61
2025-08-08T13:33:50.000,2.45,64.59,1.05,2.21
2025-08-08T13:34:50.000,2.79,35.32,2.28,1.62
2025-08-08T13:35:50.000,1.85,140.35,-1.42,1.18
2025-08-08T13:36:50.000,1.37,141.16,-1.06,0.86
2025-08-08T13:37:50.000,4.03,76.16,0.96,3.91
2025-08-08T13:38:50.000,5,95.01,-0.44,4.98
2025-08-08T13:39:50.000,0.6,319.19,0.45,-0.39
2025-08-08T13:40:50.000,3.63,105.72,-0.98,3.5
2025-08-08T13:41:50.000,2.5,28.18,2.21,1.18
2025-08-08T13:42:50.000,1.32,103.59,-0.31,1.29
2025-08-08T13:43:50.000,1.2,328.24,1.02,-0.63
2025-08-08T13:44:50.000,5.14,66.67,2.04,4.72
2025-08-08T13:45:50.000,1.38,52.68,0.84,1.1
2025-08-08T13:46:50.000,5.24,60.03,2.62,4.54
2025-08-08T13:47:50.000,4.28,74.32,1.16,4.12
2025-08-08T13:48:50.000,2.1,35.53,1.71,1.22
2025-08-08T13:49:50.000,3.69,48.9,2.43,2.78
2025-08-08T13:50:50.000,3.67,83.9,0.39,3.65
2025-08-08T13:51:50.000,0.37,109.01,-0.12,0.35
2025-08-08T13:52:50.000,2.25,199.7,-2.11,-0.76
2025-08-08T13:53:50.000,0.69,213.5,-0.58,-0.38
2025-08-08T13:54:50.000,2.79,135.75,-2,1.95
2025-08-08T13:55:50.000,2.18,126.38,-1.29,1.75
2025-08-08T13:56:50.000,3.88,122.61,-2.09,3.27
2025-08-08T13:57:50.000,1.42,18.22,1.35,0.44
2025-08-08T13:58:50.000,3.03,149.34,-2.61,1.55
2025-08-08T13:59:50.000,2.76,137.73,-2.04,1.86
2025-08-08T14:00:50.000,1.69,182.07,-1.69,-0.06
2025-08-08T14:01:50.000,1.6,124.68,-0.91,1.31
2025-08-08T14:02:50.000,1.31,124.8,-0.75,1.08
2025-08-08T14:03:50.000,2.83,111.5,-1.04,2.63
2025-08-08T14:04:50.000,2.64,132.21,-1.78,1.96
2025-08-08T14:05:50.000,1.33,95.9,-0.14,1.32
2025-08-08T14:06:50.000,1.25,117.66,-0.58,1.1
2025-08-08T14:07:50.000,2.47,89.64,0.02,2.47
2025-08-08T14:08:50.000,1.83,128.79,-1.15,1.42
2025-08-08T14:09:50.000,2.29,59.47,1.16,1.97
2025-08-08T14:10:50.000,1.48,113.34,-0.59,1.36
2025-08-08T14:11:50.000,0.74,77.05,0.16,0.72
2025-08-08T14:12:50.000,1.77,59.1,0.91,1.52
2025-08-08T14:13:50.000,1.57,90.58,-0.02,1.57
2025-08-08T14:14:50.000,1.86,82.63,0.24,1.85
2025-08-08T14:15:50.000,1.19,77.71,0.25,1.17
2025-08-08T14:16:50.000,1.63,118.2,-0.77,1.43
2025-08-08T14:17:50.000,1.38,73,0.4,1.32
2025-08-08T14:18:50.000,2.79,101.29,-0.55,2.74
2025-08-08T14:19:50.000,1.17,94.92,-0.1,1.16
2025-08-08T14:20:50.000,1.29,184.29,-1.28,-0.1
2025-08-08T14:21:50.000,1.72,98.68,-0.26,1.7
2025-08-08T14:22:50.000,1.98,61.31,0.95,1.74
2025-08-08T14:23:50.000,2.28,106.68,-0.66,2.19
2025-08-08T14:24:50.000,1,113.92,-0.4,0.91
2025-08-08T14:25:50.000,2.41,126.48,-1.44,1.94
2025-08-08T14:26:50.000,0.77,157.8,-0.71,0.29
2025-08-08T14:27:50.000,1.83,65.72,0.75,1.67
2025-08-08T14:28:50.000,1.68,121.82,-0.88,1.42
2025-08-08T14:29:50.000,1.61,123.57,-0.89,1.34
2025-08-08T14:30:50.000,1.35,144.2,-1.1,0.79
2025-08-08T14:31:50.000,2.91,81.94,0.41,2.88
2025-08-08T14:32:50.000,2.38,88.28,0.07,2.38
2025-08-08T14:33:50.000,3.68,130.77,-2.4,2.78
2025-08-08T14:34:50.000,3.88,148.93,-3.32,2
2025-08-08T14:35:50.000,1.92,59.45,0.98,1.65
2025-08-08T14:36:50.000,2.92,93.05,-0.16,2.92
2025-08-08T14:37:50.000,1.95,108.62,-0.62,1.85
2025-08-08T14:38:50.000,2.15,139.29,-1.63,1.4
2025-08-08T14:39:50.000,1.8,156.69,-1.65,0.71
2025-08-08T14:40:50.000,1.46,133.18,-1,1.06
2025-08-08T14:41:50.000,1.68,120.73,-0.86,1.44
2025-08-08T14:42:50.000,2.98,121.62,-1.56,2.54
2025-08-08T14:43:50.000,1.71,135.78,-1.22,1.19
2025-08-08T14:44:50.000,0.97,55.97,0.54,0.8
2025-08-08T14:45:50.000,2.7,121.39,-1.4,2.3
2025-08-08T14:46:50.000,2.74,66.99,1.07,2.52
2025-08-08T14:47:50.000,1.71,106.25,-0.48,1.64
2025-08-08T14:48:50.000,1.06,64.08,0.46,0.95
2025-08-08T14:49:50.000,0.84,9.45,0.83,0.14
2025-08-08T14:50:50.000,1.55,48.82,1.02,1.17
2025-08-08T14:51:50.000,0.89,61.83,0.42,0.79
2025-08-08T14:52:50.000,1.24,57.54,0.66,1.04
2025-08-08T14:53:50.000,1.25,63.22,0.56,1.12
2025-08-08T14:54:50.000,1.55,45.59,1.08,1.11
2025-08-08T14:55:50.000,2.13,111.8,-0.79,1.98
2025-08-08T14:56:50.000,0.94,72.48,0.28,0.9
2025-08-08T14:57:50.000,2.02,43.07,1.47,1.38
2025-08-08T14:58:50.000,1.4,45.67,0.97,1
2025-08-08T14:59:50.000,0.56,319.23,0.43,-0.37
2025-08-08T15:00:50.000,1.44,41.28,1.08,0.95
2025-08-08T15:01:50.000,0.57,32.45,0.48,0.3
2025-08-08T15:02:50.000,0.77,38.52,0.6,0.48
2025-08-08T15:03:50.000,0.76,284.66,0.19,-0.73
2025-08-08T15:04:50.000,0.14,196.69,-0.14,-0.04
2025-08-08T15:05:50.000,0.14,219.93,-0.11,-0.09
2025-08-08T15:06:50.000,0.75,147.04,-0.63,0.41
2025-08-08T15:07:50.000,0.12,23.48,0.11,0.05
2025-08-08T15:08:50.000,0.48,81.25,0.07,0.48
2025-08-08T15:09:50.000,0.5,100.07,-0.09,0.49
2025-08-08T15:10:50.000,1.1,79.28,0.21,1.09
2025-08-08T15:11:50.000,0.87,68.76,0.31,0.81
2025-08-08T15:12:50.000,1.05,118.3,-0.5,0.93
2025-08-08T15:13:50.000,1.02,20.5,0.95,0.36
2025-08-08T15:14:50.000,1.34,48.51,0.89,1
2025-08-08T15:15:50.000,0.52,87.08,0.03,0.52
2025-08-08T15:16:50.000,0.42,127.15,-0.25,0.33
2025-08-08T15:17:50.000,1.25,26.6,1.12,0.56
2025-08-08T15:18:50.000,0.96,19,0.9,0.31
2025-08-08T15:19:50.000,1.04,53.59,0.62,0.83
2025-08-08T15:20:50.000,1.24,37.39,0.99,0.76
2025-08-08T15:21:50.000,1.34,30.36,1.16,0.68
2025-08-08T15:22:50.000,0.93,68.99,0.33,0.87
2025-08-08T15:23:50.000,1.31,35.62,1.07,0.76
2025-08-08T15:24:50.000,1.12,39.42,0.86,0.71
2025-08-08T15:25:50.000,1.21,30.71,1.04,0.62
2025-08-08T15:26:50.000,1.13,143.67,-0.91,0.67
2025-08-08T15:27:50.000,2.06,5.84,2.05,0.21
2025-08-08T15:28:50.000,1.85,25.22,1.67,0.79
2025-08-08T15:29:50.000,1.81,81.43,0.27,1.79
2025-08-08T15:30:50.000,1.63,19.05,1.54,0.53
2025-08-08T15:31:50.000,1.82,3.93,1.82,0.12
2025-08-08T15:32:50.000,1.47,27.42,1.31,0.68
2025-08-08T15:33:50.000,0.22,272.16,0.01,-0.22
2025-08-08T15:34:50.000,1.14,352.88,1.13,-0.14
2025-08-08T15:35:50.000,1.66,3.95,1.66,0.11
2025-08-08T15:36:50.000,2.44,331.45,2.14,-1.17
2025-08-08T15:37:50.000,1.29,341.5,1.23,-0.41
2025-08-08T15:38:50.000,1.94,341.34,1.84,-0.62
2025-08-08T15:39:50.000,2.83,334.3,2.55,-1.23
2025-08-08T15:40:50.000,2.73,275.51,0.26,-2.72
2025-08-08T15:41:50.000,5.02,323.54,4.03,-2.98
2025-08-08T15:42:50.000,4.25,339.7,3.99,-1.47
2025-08-08T15:43:50.000,2.67,339.45,2.5,-0.94
2025-08-08T15:44:50.000,5.27,308.2,3.26,-4.14
2025-08-08T15:45:50.000,3.19,312.69,2.17,-2.35
2025-08-08T15:46:50.000,2.37,346.98,2.31,-0.53
2025-08-08T15:47:50.000,4.84,329.95,4.19,-2.42
2025-08-08T15:48:50.000,2.31,314.52,1.62,-1.65
2025-08-08T15:49:50.000,2.37,306.6,1.41,-1.9
2025-08-08T15:50:50.000,5.13,292.34,1.95,-4.74
2025-08-08T15:51:50.000,3.27,348.27,3.2,-0.66
2025-08-08T15:52:50.000,4.88,311.4,3.23,-3.66
2025-08-08T15:53:50.000,6.75,293.83,2.73,-6.17
2025-08-08T15:54:50.000,5.68,302.4,3.04,-4.8
2025-08-08T15:55:50.000,4.96,293.13,1.95,-4.56
2025-08-08T15:56:50.000,4.98,340.14,4.68,-1.69
2025-08-08T15:57:50.000,5.01,294.45,2.07,-4.56
2025-08-08T15:58:50.000,5.57,310.83,3.64,-4.21
2025-08-08T15:59:50.000,6.15,309.13,3.88,-4.77
2025-08-08T16:00:50.000,2.48,346.17,2.41,-0.59
2025-08-08T16:01:50.000,3.23,345.83,3.13,-0.79
2025-08-08T16:02:50.000,5.48,334.98,4.97,-2.32
2025-08-08T16:03:50.000,4.35,324.07,3.52,-2.55
2025-08-08T16:04:50.000,6.4,322.07,5.05,-3.93
2025-08-08T16:05:50.000,6.44,309.97,4.14,-4.93
2025-08-08T16:06:50.000,3.67,317.22,2.69,-2.49
2025-08-08T16:07:50.000,3.91,339.9,3.68,-1.35
2025-08-08T16:08:50.000,3.12,334.83,2.82,-1.33
2025-08-08T16:09:50.000,4.59,344.24,4.42,-1.25
2025-08-08T16:10:50.000,4.66,304.49,2.64,-3.84
2025-08-08T16:11:50.000,3.62,350.18,3.56,-0.62
2025-08-08T16:12:50.000,1.95,19.43,1.84,0.65
2025-08-08T16:13:50.000,3.13,319.67,2.38,-2.02
2025-08-08T16:14:50.000,1.77,317.43,1.3,-1.2
2025-08-08T16:15:50.000,2.67,342.06,2.54,-0.82
2025-08-08T16:16:50.000,0.85,331.56,0.75,-0.41
2025-08-08T16:17:50.000,3.82,353.09,3.79,-0.46
2025-08-08T16:18:50.000,1.9,16.34,1.82,0.53
2025-08-08T16:19:50.000,3.33,329.37,2.86,-1.7
2025-08-08T16:20:50.000,4.1,332.37,3.63,-1.9
2025-08-08T16:21:50.000,5.39,334.46,4.86,-2.32
2025-08-08T16:22:50.000,6.35,325.5,5.23,-3.6
2025-08-08T16:23:50.000,4.87,330.88,4.26,-2.37
2025-08-08T16:24:50.000,4.19,337.1,3.86,-1.63
2025-08-08T16:25:50.000,4.6,342.53,4.39,-1.38
2025-08-08T16:26:50.000,5.63,336.89,5.17,-2.21
2025-08-08T16:27:50.000,4.29,333.44,3.84,-1.92
2025-08-08T16:28:50.000,6.35,326.07,5.27,-3.54
2025-08-08T16:29:50.000,5.25,301.28,2.73,-4.49
2025-08-08T16:30:50.000,3.5,330.55,3.05,-1.72
2025-08-08T16:31:50.000,4.6,318.74,3.46,-3.04
2025-08-08T16:32:50.000,2.49,338.92,2.33,-0.9
2025-08-08T16:33:50.000,3.53,327.52,2.98,-1.89
2025-08-08T16:34:50.000,3.83,316.83,2.8,-2.62
2025-08-08T16:35:50.000,4.88,335.43,4.44,-2.03
2025-08-08T16:36:50.000,5.9,349.15,5.79,-1.11
2025-08-08T16:37:50.000,3.28,325.87,2.72,-1.84
2025-08-08T16:38:50.000,2.92,332.1,2.58,-1.37
2025-08-08T16:39:50.000,5.55,319.12,4.2,-3.63
2025-08-08T16:40:50.000,3.64,298.35,1.73,-3.2
2025-08-08T16:41:50.000,4.84,306.58,2.88,-3.89
2025-08-08T16:42:50.000,7.84,300.58,3.99,-6.75
2025-08-08T16:43:50.000,7.24,293.98,2.94,-6.62
2025-08-08T16:44:50.000,2.02,331.17,1.77,-0.98
2025-08-08T16:45:50.000,5.93,308.12,3.66,-4.67
2025-08-08T16:46:50.000,6.02,290.11,2.07,-5.65
2025-08-08T16:47:50.000,2.09,324.71,1.71,-1.21
2025-08-08T16:48:50.000,2.36,346.83,2.3,-0.54
2025-08-08T16:49:50.000,4.13,310.79,2.7,-3.13
2025-08-08T16:50:50.000,3.13,338.59,2.91,-1.14
2025-08-08T16:51:50.000,2.54,286.73,0.73,-2.43
2025-08-08T16:52:50.000,3.62,297.75,1.68,-3.2
2025-08-08T16:53:50.000,4.68,321.91,3.69,-2.89
2025-08-08T16:54:50.000,3.77,282.88,0.84,-3.68
2025-08-08T16:55:50.000,4.21,311.37,2.78,-3.16
2025-08-08T16:56:50.000,3.97,320.89,3.08,-2.5
2025-08-08T16:57:50.000,4.73,309.87,3.03,-3.63
2025-08-08T16:58:50.000,3.74,348.34,3.66,-0.76
2025-08-08T16:59:50.000,2.84,347.37,2.77,-0.62
2025-08-08T17:00:50.000,4.96,293.49,1.98,-4.55
2025-08-08T17:01:50.000,5.65,284.43,1.41,-5.47
2025-08-08T17:02:50.000,3.55,292.52,1.36,-3.28
2025-08-08T17:03:50.000,5.54,309.44,3.52,-4.28
2025-08-08T17:04:50.000,4.7,323.58,3.78,-2.79
2025-08-08T17:05:50.000,2.13,42.86,1.56,1.45
2025-08-08T17:06:50.000,1.51,309.02,0.95,-1.17
2025-08-08T17:07:50.000,3.71,297.47,1.71,-3.29
2025-08-08T17:08:50.000,4.54,304.73,2.59,-3.73
2025-08-08T17:09:50.000,5.3,339.51,4.97,-1.86
2025-08-08T17:10:50.000,1.86,341.3,1.76,-0.6
2025-08-08T17:11:50.000,4.78,320.31,3.68,-3.05
2025-08-08T17:12:50.000,4.11,316.84,3,-2.81
2025-08-08T17:13:50.000,3.81,325.7,3.14,-2.14
2025-08-08T17:14:50.000,2.03,351.65,2.01,-0.3
2025-08-08T17:15:50.000,4.52,321.22,3.52,-2.83
2025-08-08T17:16:50.000,3.21,322.14,2.53,-1.97
2025-08-08T17:17:50.000,2.23,272.9,0.11,-2.22
2025-08-08T17:18:50.000,1.96,10.11,1.93,0.34
2025-08-08T17:19:50.000,2.23,2.49,2.23,0.1
2025-08-08T17:20:50.000,1.54,348.74,1.51,-0.3
2025-08-08T17:21:50.000,3.05,346.23,2.97,-0.73
2025-08-08T17:22:50.000,5.97,294.11,2.44,-5.45
2025-08-08T17:23:50.000,3.3,310.91,2.16,-2.49
2025-08-08T17:24:50.000,1.76,352.33,1.74,-0.23
2025-08-08T17:25:50.000,4.02,323.25,3.22,-2.4
2025-08-08T17:26:50.000,4.05,318.57,3.03,-2.68
2025-08-08T17:27:50.000,4.83,323.78,3.9,-2.85
2025-08-08T17:28:50.000,5.51,313.4,3.78,-4
2025-08-08T17:29:50.000,4.3,331.19,3.77,-2.07
2025-08-08T17:30:50.000,3.78,314.32,2.64,-2.71
2025-08-08T17:31:50.000,5.08,317.25,3.73,-3.45
2025-08-08T17:32:50.000,1.35,318.78,1.02,-0.89
2025-08-08T17:33:50.000,2,326.43,1.66,-1.1
2025-08-08T17:34:50.000,0.7,324.77,0.57,-0.41
2025-08-08T17:35:50.000,1.13,345.61,1.09,-0.28
2025-08-08T17:36:50.000,2.27,27.7,2.01,1.06
2025-08-08T17:37:50.000,2.63,339.35,2.46,-0.93
2025-08-08T17:38:50.000,2.96,289.8,1,-2.79
2025-08-08T17:39:50.000,2.93,303.58,1.62,-2.44
2025-08-08T17:40:50.000,2.25,345.86,2.18,-0.55
2025-08-08T17:41:50.000,2.6,330.08,2.26,-1.3
2025-08-08T17:42:50.000,4.98,292.21,1.88,-4.61
2025-08-08T17:43:50.000,1.86,310.61,1.21,-1.41
2025-08-08T17:44:50.000,6.04,298.54,2.89,-5.3
2025-08-08T17:45:50.000,5.41,284.46,1.35,-5.24
2025-08-08T17:46:50.000,3.79,298.27,1.8,-3.34
2025-08-08T17:47:50.000,2.71,328.23,2.3,-1.43
2025-08-08T17:48:50.000,3.3,347.11,3.21,-0.74
2025-08-08T17:49:50.000,2.05,299.35,1,-1.79
2025-08-08T17:50:50.000,2.21,1.55,2.21,0.06
2025-08-08T17:51:50.000,2.22,281.71,0.45,-2.17
2025-08-08T17:52:50.000,0.95,274.68,0.08,-0.95
2025-08-08T17:53:50.000,3,335.4,2.73,-1.25
2025-08-08T17:54:50.000,2.29,338.21,2.12,-0.85
2025-08-08T17:55:50.000,1.06,346.98,1.04,-0.24
2025-08-08T17:56:50.000,2.84,279.12,0.45,-2.8
2025-08-08T17:57:50.000,5.86,318.13,4.36,-3.91
2025-08-08T17:58:50.000,3.66,331.3,3.21,-1.76
2025-08-08T17:59:50.000,2.86,335.46,2.6,-1.19
2025-08-08T18:00:50.000,3.41,357.4,3.4,-0.15
2025-08-08T18:01:50.000,2.85,330.66,2.48,-1.4
2025-08-08T18:02:50.000,4.51,332.16,3.99,-2.11
2025-08-08T18:03:50.000,1.79,4.2,1.79,0.13
2025-08-08T18:04:50.000,2.37,321.16,1.84,-1.48
2025-08-08T18:05:50.000,3.93,345.54,3.81,-0.98
2025-08-08T18:06:50.000,4.15,350.66,4.1,-0.67
2025-08-08T18:07:50.000,2.07,317.52,1.53,-1.4
2025-08-08T18:08:50.000,3.94,330.52,3.43,-1.94
2025-08-08T18:09:50.000,5.21,297.88,2.44,-4.61
2025-08-08T18:10:50.000,3.28,336.56,3,-1.3
2025-08-08T18:11:50.000,4.68,298.42,2.23,-4.11
2025-08-08T18:12:50.000,4.17,308.43,2.59,-3.27
2025-08-08T18:13:50.000,1.73,344.63,1.67,-0.46
2025-08-08T18:14:50.000,0.34,49.72,0.22,0.26
2025-08-08T18:15:50.000,1.97,321.48,1.54,-1.23
2025-08-08T18:16:50.000,2.85,320.36,2.19,-1.82
2025-08-08T18:17:50.000,2.62,305.87,1.53,-2.12
2025-08-08T18:18:50.000,3.19,301.05,1.64,-2.73
2025-08-08T18:19:50.000,2.01,342.02,1.92,-0.62
2025-08-08T18:20:50.000,3.79,303.73,2.1,-3.15
2025-08-08T18:21:50.000,3.7,293.76,1.49,-3.39
2025-08-08T18:22:50.000,2.15,309.93,1.38,-1.65
2025-08-08T18:23:50.000,2.26,300.07,1.13,-1.95
2025-08-08T18:24:50.000,2.91,312.3,1.96,-2.15
2025-08-08T18:25:50.000,4.95,268.14,-0.16,-4.94
2025-08-08T18:26:50.000,6.8,282.92,1.52,-6.63
2025-08-08T18:27:50.000,5.09,281.71,1.03,-4.98
2025-08-08T18:28:50.000,5.05,276.39,0.56,-5.02
2025-08-08T18:29:50.000,4.73,297.68,2.2,-4.19
2025-08-08T18:30:50.000,4.34,281.67,0.88,-4.25
2025-08-08T18:31:50.000,4.58,287.37,1.37,-4.37
2025-08-08T18:32:50.000,3.4,329.3,2.93,-1.74
2025-08-08T18:33:50.000,5.97,311.79,3.98,-4.45
2025-08-08T18:34:50.000,3.46,314.56,2.43,-2.47
2025-08-08T18:35:50.000,9.07,297.73,4.22,-8.02
2025-08-08T18:36:50.000,4.34,318.65,3.26,-2.87
2025-08-08T18:37:50.000,7.69,300.12,3.86,-6.65
2025-08-08T18:38:50.000,3.73,345.34,3.61,-0.94
2025-08-08T18:39:50.000,5.18,318.24,3.86,-3.45
2025-08-08T18:40:50.000,3.94,331.87,3.48,-1.86
2025-08-08T18:41:50.000,7.27,293.47,2.89,-6.66
2025-08-08T18:42:50.000,4.16,312.75,2.83,-3.06
2025-08-08T18:43:50.000,2.94,333.68,2.64,-1.3
2025-08-08T18:44:50.000,3.43,304.02,1.92,-2.84
2025-08-08T18:45:50.000,4.3,319.26,3.25,-2.8
2025-08-08T18:46:50.000,2.49,305.32,1.44,-2.03
2025-08-08T18:47:50.000,6.81,301.16,3.53,-5.83
2025-08-08T18:48:50.000,2.97,324.83,2.43,-1.71
2025-08-08T18:49:50.000,4.39,310.39,2.84,-3.34
2025-08-08T18:50:50.000,4.3,335.43,3.91,-1.79
2025-08-08T18:51:50.000,3.6,336.47,3.3,-1.44
2025-08-08T18:52:50.000,9.62,303.55,5.32,-8.02
2025-08-08T18:53:50.000,6.97,302.55,3.75,-5.87
2025-08-08T18:54:50.000,7.55,304.43,4.27,-6.23
2025-08-08T18:55:50.000,9.08,302.08,4.82,-7.69
2025-08-08T18:56:50.000,4.63,311.17,3.05,-3.48
2025-08-08T18:57:50.000,4.5,299.64,2.22,-3.91
2025-08-08T18:58:50.000,6.84,310.7,4.46,-5.18
2025-08-08T18:59:50.000,4.47,314.7,3.14,-3.17
2025-08-08T19:00:50.000,8.35,289.56,2.8,-7.87
2025-08-08T19:01:50.000,5.88,331.14,5.15,-2.84
2025-08-08T19:02:50.000,6.25,298.36,2.97,-5.5
2025-08-08T19:03:50.000,4,299.38,1.96,-3.49
2025-08-08T19:04:50.000,2.54,331.94,2.24,-1.2
2025-08-08T19:05:50.000,4.36,305.7,2.54,-3.54
2025-08-08T19:06:50.000,6.96,301.83,3.67,-5.91
2025-08-08T19:07:50.000,7.52,298.57,3.6,-6.6
2025-08-08T19:08:50.000,4.46,330.24,3.87,-2.21
2025-08-08T19:09:50.000,4.22,298.66,2.02,-3.7
2025-08-08T19:10:50.000,5.99,309.15,3.78,-4.65
2025-08-08T19:11:50.000,7.19,312.43,4.85,-5.31
2025-08-08T19:12:50.000,6.68,293.94,2.71,-6.11
2025-08-08T19:13:50.000,6.48,310.4,4.2,-4.94
2025-08-08T19:14:50.000,5.6,304.03,3.13,-4.64
2025-08-08T19:15:50.000,6.27,293.88,2.54,-5.73
2025-08-08T19:16:50.000,5.02,305.6,2.92,-4.08
2025-08-08T19:17:50.000,3.61,327.41,3.04,-1.95
2025-08-08T19:18:50.000,10.1,298.93,4.88,-8.84
2025-08-08T19:19:50.000,6.07,304.07,3.4,-5.03
2025-08-08T19:20:50.000,4.15,320.08,3.18,-2.66
2025-08-08T19:21:50.000,3.63,324.3,2.95,-2.12
2025-08-08T19:22:50.000,3.55,332.16,3.14,-1.66
2025-08-08T19:23:50.000,7.48,304.02,4.19,-6.2
2025-08-08T19:24:50.000,8.11,283.83,1.94,-7.87
2025-08-08T19:25:50.000,8.28,310.18,5.34,-6.33
2025-08-08T19:26:50.000,5.25,312.85,3.57,-3.85
2025-08-08T19:27:50.000,5.72,316.69,4.16,-3.93
2025-08-08T19:28:50.000,4.69,337.9,4.35,-1.77
2025-08-08T19:29:50.000,12.15,308,7.48,-9.58
2025-08-08T19:30:50.000,9.84,303.11,5.38,-8.24
2025-08-08T19:31:50.000,4.65,313.35,3.19,-3.38
2025-08-08T19:32:50.000,8.44,314.86,5.95,-5.98
2025-08-08T19:33:50.000,6.95,310.12,4.48,-5.31
2025-08-08T19:34:50.000,13.02,305.11,7.49,-10.65
2025-08-08T19:35:50.000,9.67,297.22,4.42,-8.6
2025-08-08T19:36:50.000,13.02,308.68,8.14,-10.16
2025-08-08T19:37:50.000,8.5,303.97,4.75,-7.05
2025-08-08T19:38:50.000,10.44,307.34,6.33,-8.3
2025-08-08T19:39:50.000,3,310.62,1.95,-2.28
2025-08-08T19:40:50.000,5.54,305.46,3.21,-4.51
2025-08-08T19:41:50.000,4.96,310.02,3.19,-3.8
2025-08-08T19:42:50.000,12.23,302.72,6.61,-10.29
2025-08-08T19:43:50.000,7.35,304.67,4.18,-6.05
2025-08-08T19:44:50.000,10.17,290.95,3.64,-9.5
2025-08-08T19:45:50.000,12.25,288.91,3.97,-11.58
2025-08-08T19:46:50.000,5.99,315.24,4.25,-4.22
2025-08-08T19:47:50.000,11.08,302.67,5.98,-9.32
2025-08-08T19:48:50.000,8.42,299.92,4.2,-7.3
2025-08-08T19:49:50.000,10.32,310.7,6.73,-7.83
2025-08-08T19:50:50.000,9.26,323.84,7.48,-5.46
2025-08-08T19:51:50.000,11.01,295.59,4.75,-9.93
2025-08-08T19:52:50.000,10.9,312.94,7.42,-7.98
2025-08-08T19:53:50.000,7.1,317.38,5.23,-4.81
2025-08-08T19:54:50.000,6.58,325.04,5.4,-3.77
2025-08-08T19:55:50.000,8.29,299.92,4.13,-7.18
2025-08-08T19:56:50.000,7.43,300.81,3.8,-6.38
2025-08-08T19:57:50.000,10.3,299.49,5.07,-8.97
2025-08-08T19:58:50.000,12.66,294.14,5.18,-11.55
2025-08-08T19:59:50.000,7.91,317.8,5.86,-5.31
2025-08-08T20:00:50.000,6.72,308.38,4.17,-5.27
2025-08-08T20:01:50.000,8.58,303.41,4.72,-7.16
2025-08-08T20:02:50.000,6.84,314.68,4.81,-4.86
2025-08-08T20:03:50.000,4.41,319.38,3.35,-2.87
2025-08-08T20:04:50.000,8.27,302.28,4.41,-6.99
2025-08-08T20:05:50.000,6.4,298.9,3.09,-5.6
2025-08-08T20:06:50.000,7.26,316.93,5.3,-4.95
2025-08-08T20:07:50.000,12.7,305.27,7.33,-10.37
2025-08-08T20:08:50.000,8.71,318.67,6.54,-5.75
2025-08-08T20:09:50.000,4.28,295.58,1.85,-3.86
2025-08-08T20:10:50.000,14.75,310.5,9.58,-11.22
2025-08-08T20:11:50.000,9.99,307.47,6.08,-7.93
2025-08-08T20:12:50.000,13.4,300.92,6.89,-11.5
2025-08-08T20:13:50.000,5.59,315.21,3.97,-3.94
2025-08-08T20:14:50.000,15.81,304.46,8.95,-13.04
2025-08-08T20:15:50.000,7.92,323.9,6.4,-4.67
2025-08-08T20:16:50.000,9.54,319.72,7.27,-6.17
2025-08-08T20:17:50.000,12.4,298.07,5.84,-10.94
2025-08-08T20:18:50.000,10.7,304.81,6.11,-8.78
2025-08-08T20:19:50.000,12.45,301.75,6.55,-10.59
2025-08-08T20:20:50.000,8.96,338.08,8.32,-3.35
2025-08-08T20:21:50.000,5.29,316.85,3.86,-3.61
2025-08-08T20:22:50.000,10.56,290.02,3.62,-9.93
2025-08-08T20:23:50.000,9.01,303.8,5.01,-7.49
2025-08-08T20:24:50.000,9.29,302.56,5,-7.83
2025-08-08T20:25:50.000,16.67,296.83,7.52,-14.87
2025-08-08T20:26:50.000,7.57,318.87,5.7,-4.98
2025-08-08T20:27:50.000,14.86,307.41,9.03,-11.81
2025-08-08T20:28:50.000,8.52,308.03,5.25,-6.71
2025-08-08T20:29:50.000,19.82,306.18,11.7,-16
2025-08-08T20:30:50.000,8.86,314.19,6.18,-6.36
2025-08-08T20:31:50.000,13.13,301.19,6.8,-11.23
2025-08-08T20:32:50.000,9.45,304.08,5.29,-7.82
2025-08-08T20:33:50.000,8.71,311.19,5.74,-6.56
2025-08-08T20:34:50.000,6.72,297.14,3.06,-5.98
2025-08-08T20:35:50.000,12.57,312.02,8.41,-9.34
2025-08-08T20:36:50.000,13.45,306.83,8.06,-10.77
2025-08-08T20:37:50.000,7.38,321.61,5.79,-4.59
2025-08-08T20:38:50.000,7.46,319.61,5.68,-4.83
2025-08-08T20:39:50.000,5.33,299.84,2.65,-4.62
2025-08-08T20:40:50.000,10.21,311.75,6.8,-7.62
2025-08-08T20:41:50.000,4.83,326.23,4.01,-2.68
2025-08-08T20:42:50.000,7.9,320.54,6.1,-5.02
2025-08-08T20:43:50.000,6.55,325.38,5.39,-3.72
2025-08-08T20:44:50.000,14.27,315.93,10.26,-9.93
2025-08-08T20:45:50.000,7.2,316.68,5.24,-4.94
2025-08-08T20:46:50.000,9.2,321.53,7.2,-5.72
2025-08-08T20:47:50.000,11.09,307.39,6.73,-8.81
2025-08-08T20:48:50.000,7.2,298.39,3.42,-6.34
2025-08-08T20:49:50.000,4.9,301.44,2.56,-4.18
2025-08-08T20:50:50.000,6.4,331.46,5.62,-3.06
2025-08-08T20:51:50.000,4.2,328.34,3.57,-2.2
2025-08-08T20:52:50.000,6.67,300.12,3.35,-5.77
2025-08-08T20:53:50.000,5.7,314.99,4.03,-4.03
2025-08-08T20:54:50.000,6.96,300.48,3.53,-6
2025-08-08T20:55:50.000,5.26,333.97,4.72,-2.31
2025-08-08T20:56:50.000,5.43,301.56,2.84,-4.63
2025-08-08T20:57:50.000,3.48,308.72,2.18,-2.72
2025-08-08T20:58:50.000,8.55,276.13,0.91,-8.5
2025-08-08T20:59:50.000,7.03,280.37,1.27,-6.91
2025-08-08T21:00:50.000,2.86,339.9,2.69,-0.98
2025-08-08T21:01:50.000,0.98,345.97,0.95,-0.24
2025-08-08T21:02:50.000,4.45,295.33,1.9,-4.02
2025-08-08T21:03:50.000,7.3,282.81,1.62,-7.12
2025-08-08T21:04:50.000,2.25,273.4,0.13,-2.25
2025-08-08T21:05:50.000,5.65,281.3,1.11,-5.54
2025-08-08T21:06:50.000,3.1,315.01,2.19,-2.19
2025-08-08T21:07:50.000,7.37,285.87,2.02,-7.09
2025-08-08T21:08:50.000,6.41,292.16,2.42,-5.93
2025-08-08T21:09:50.000,5.33,315.56,3.8,-3.73
2025-08-08T21:10:50.000,5.58,294.42,2.31,-5.08
2025-08-08T21:11:50.000,4.22,300.73,2.16,-3.63
2025-08-08T21:12:50.000,5.74,292.12,2.16,-5.32
2025-08-08T21:13:50.000,2.41,318.12,1.79,-1.61
2025-08-08T21:14:50.000,6.76,290.23,2.34,-6.35
2025-08-08T21:15:50.000,7.36,305.54,4.28,-5.99
2025-08-08T21:16:50.000,5.34,302.87,2.9,-4.49
2025-08-08T21:17:50.000,3.17,325.92,2.62,-1.78
2025-08-08T21:18:50.000,6.79,312.72,4.61,-4.99
2025-08-08T21:19:50.000,3.19,299.48,1.57,-2.78
2025-08-08T21:20:50.000,3.22,309.43,2.05,-2.49
2025-08-08T21:21:50.000,7.44,289.85,2.53,-7
2025-08-08T21:22:50.000,1.9,310.18,1.22,-1.45
2025-08-08T21:23:50.000,3.94,289.27,1.3,-3.72
2025-08-08T21:24:50.000,0.46,6.89,0.46,0.06
2025-08-08T21:25:50.000,1.54,17.66,1.47,0.47
2025-08-08T21:26:50.000,1.39,108.11,-0.43,1.32
2025-08-08T21:27:50.000,2.23,246.41,-0.89,-2.04
2025-08-08T21:28:50.000,0.92,307.05,0.56,-0.74
2025-08-08T21:29:50.000,2.63,292.56,1.01,-2.43
2025-08-08T21:30:50.000,1.38,185.51,-1.37,-0.13
2025-08-08T21:31:50.000,1.5,291.23,0.54,-1.4
2025-08-08T21:32:50.000,0.86,145.65,-0.71,0.48
2025-08-08T21:33:50.000,1.15,24.9,1.04,0.48
2025-08-08T21:34:50.000,1.75,321.87,1.37,-1.08
2025-08-08T21:35:50.000,0.87,198.39,-0.83,-0.27
2025-08-08T21:36:50.000,2.35,271.64,0.07,-2.35
2025-08-08T21:37:50.000,1.08,36.2,0.87,0.64
2025-08-08T21:38:50.000,0.45,356.8,0.45,-0.03
2025-08-08T21:39:50.000,0.48,22.5,0.44,0.18
2025-08-08T21:40:50.000,1.63,14.53,1.58,0.41
2025-08-08T21:41:50.000,1.22,337.17,1.12,-0.47
2025-08-08T21:42:50.000,1.97,333.01,1.76,-0.9
2025-08-08T21:43:50.000,1.48,326.13,1.23,-0.82
2025-08-08T21:44:50.000,1.54,324.95,1.26,-0.88
2025-08-08T21:45:50.000,2.54,30.34,2.19,1.28
2025-08-08T21:46:50.000,1.43,325.61,1.18,-0.81
2025-08-08T21:47:50.000,1.61,37.38,1.28,0.98
2025-08-08T21:48:50.000,2.19,45.26,1.54,1.55
2025-08-08T21:49:50.000,1.31,51.32,0.82,1.02
2025-08-08T21:50:50.000,0.47,88.77,0.01,0.47
2025-08-08T21:51:50.000,1.17,27.15,1.04,0.53
2025-08-08T21:52:50.000,1.18,80.68,0.19,1.16
2025-08-08T21:53:50.000,1.38,46.98,0.94,1.01
2025-08-08T21:54:50.000,1.64,43.05,1.2,1.12
2025-08-08T21:55:50.000,1.64,51.78,1.02,1.29
2025-08-08T21:56:50.000,1.9,42.17,1.41,1.28
2025-08-08T21:57:50.000,2.23,28.22,1.96,1.05
2025-08-08T21:58:50.000,1.72,40.25,1.32,1.11
2025-08-08T21:59:50.000,1.56,42.82,1.14,1.06
2025-08-08T22:00:50.000,1.58,8.67,1.56,0.24
2025-08-08T22:01:50.000,1.21,23.13,1.11,0.47
2025-08-08T22:02:50.000,0.56,31.08,0.48,0.29
2025-08-08T22:03:50.000,0.45,62.48,0.21,0.4
2025-08-08T22:04:50.000,0.98,8.1,0.97,0.14
2025-08-08T22:05:50.000,1.15,1.45,1.15,0.03
2025-08-08T22:06:50.000,1.48,33.93,1.23,0.83
2025-08-08T22:07:50.000,2.04,351.81,2.02,-0.29
2025-08-08T22:08:50.000,2.06,6.28,2.05,0.23
2025-08-08T22:09:50.000,1.76,2.01,1.76,0.06
2025-08-08T22:10:50.000,2.33,13.53,2.27,0.55
2025-08-08T22:11:50.000,2.02,4.55,2.01,0.16
2025-08-08T22:12:50.000,1.87,47.75,1.26,1.38
2025-08-08T22:13:50.000,2.17,20.38,2.04,0.76
2025-08-08T22:14:50.000,0.64,44.79,0.46,0.45
2025-08-08T22:15:50.000,1.31,5.19,1.3,0.12
2025-08-08T22:16:50.000,2.27,330.2,1.97,-1.13
2025-08-08T22:17:50.000,1.58,288.33,0.5,-1.5
2025-08-08T22:18:50.000,2.29,344.86,2.21,-0.6
2025-08-08T22:19:50.000,0.61,339.48,0.57,-0.21
2025-08-08T22:20:50.000,1.36,335.17,1.23,-0.57
2025-08-08T22:21:50.000,1.57,356.67,1.57,-0.09
2025-08-08T22:22:50.000,1.23,355.97,1.23,-0.09
2025-08-08T22:23:50.000,1.58,42.48,1.17,1.07
2025-08-08T22:24:50.000,2.79,52.59,1.7,2.22
2025-08-08T22:25:50.000,2.68,73.8,0.75,2.57
2025-08-08T22:26:50.000,1.54,89.88,0,1.54
2025-08-08T22:27:50.000,1.86,94.8,-0.16,1.85
2025-08-08T22:28:50.000,2.42,82.92,0.3,2.4
2025-08-08T22:29:50.000,0.95,65.62,0.39,0.86
2025-08-08T22:30:50.000,0.73,174.62,-0.73,0.07
2025-08-08T22:31:50.000,0.55,152.23,-0.49,0.26
2025-08-08T22:32:50.000,0.11,192.44,-0.1,-0.02
2025-08-08T22:33:50.000,0.48,351.51,0.48,-0.07
2025-08-08T22:34:50.000,1.38,117.72,-0.64,1.23
2025-08-08T22:35:50.000,1.19,203.29,-1.09,-0.47
2025-08-08T22:36:50.000,0.85,172.88,-0.84,0.1
2025-08-08T22:37:50.000,1.35,93.52,-0.08,1.35
2025-08-08T22:38:50.000,1.19,66.02,0.48,1.08
2025-08-08T22:39:50.000,0.6,9.38,0.59,0.1
2025-08-08T22:40:50.000,1.11,70.31,0.37,1.04
2025-08-08T22:41:50.000,0.71,104.81,-0.18,0.69
2025-08-08T22:42:50.000,1.28,149.47,-1.1,0.65
2025-08-08T22:43:50.000,1.42,62.43,0.66,1.26
2025-08-08T22:44:50.000,1.24,68.96,0.44,1.16
2025-08-08T22:45:50.000,1.11,95.19,-0.1,1.11
2025-08-08T22:46:50.000,1.03,83.55,0.12,1.02
2025-08-08T22:47:50.000,1.33,36.84,1.06,0.8
2025-08-08T22:48:50.000,1.25,57.15,0.68,1.05
2025-08-08T22:49:50.000,0.88,81.9,0.12,0.87
2025-08-08T22:50:50.000,1.24,116.45,-0.55,1.11
2025-08-08T22:51:50.000,0.78,81.52,0.11,0.77
2025-08-08T22:52:50.000,1,56.46,0.55,0.84
2025-08-08T22:53:50.000,1.82,34.22,1.5,1.02
2025-08-08T22:54:50.000,1.26,68,0.47,1.17
2025-08-08T22:55:50.000,0.97,34.31,0.8,0.54
2025-08-08T22:56:50.000,1.32,77.28,0.29,1.28
2025-08-08T22:57:50.000,0.8,31.28,0.68,0.42
2025-08-08T22:58:50.000,1.06,55.9,0.59,0.88
2025-08-08T22:59:50.000,0.64,63.58,0.29,0.58
2025-08-08T23:00:50.000,0.89,59.96,0.45,0.77
2025-08-08T23:01:50.000,0.67,80.9,0.11,0.66
2025-08-08T23:02:50.000,1.43,99.3,-0.23,1.42
2025-08-08T23:03:50.000,1.22,83.92,0.13,1.21
2025-08-08T23:04:50.000,0.84,98.74,-0.13,0.84
2025-08-08T23:05:50.000,1.71,100.64,-0.32,1.68
2025-08-08T23:06:50.000,1.97,138.87,-1.48,1.29
2025-08-08T23:07:50.000,0.39,75.71,0.1,0.38
2025-08-08T23:08:50.000,1.83,110.84,-0.65,1.71
2025-08-08T23:09:50.000,1.66,101.75,-0.34,1.62
2025-08-08T23:10:50.000,1.7,66.46,0.68,1.56
2025-08-08T23:11:50.000,1.22,101.17,-0.24,1.2
2025-08-08T23:12:50.000,1.09,101.08,-0.21,1.07
2025-08-08T23:13:50.000,1.11,82.55,0.14,1.1
2025-08-08T23:14:50.000,0.79,85.66,0.06,0.79
2025-08-08T23:15:50.000,1.4,72.89,0.41,1.34
2025-08-08T23:16:50.000,1.33,58.07,0.7,1.13
2025-08-08T23:17:50.000,1.11,84.07,0.11,1.1
2025-08-08T23:18:50.000,1.5,44.72,1.07,1.06
2025-08-08T23:19:50.000,1.03,96.11,-0.11,1.03
2025-08-08T23:20:50.000,1.53,93.12,-0.08,1.53
2025-08-08T23:21:50.000,1.73,80.57,0.28,1.7
2025-08-08T23:22:50.000,1.7,82.17,0.23,1.68
2025-08-08T23:23:50.000,1.51,88.3,0.04,1.51
2025-08-08T23:24:50.000,1.01,81.32,0.15,1
2025-08-08T23:25:50.000,1.09,53.29,0.65,0.88
2025-08-08T23:26:50.000,1.02,62.17,0.48,0.9
2025-08-08T23:27:50.000,0.78,58.26,0.41,0.66
2025-08-08T23:28:50.000,1.19,94.1,-0.09,1.19
2025-08-08T23:29:50.000,1.08,62.84,0.49,0.96
2025-08-08T23:30:50.000,1.03,36.1,0.83,0.61
2025-08-08T23:31:50.000,0.52,46.16,0.36,0.38
2025-08-08T23:32:50.000,1.14,117.03,-0.52,1.02
2025-08-08T23:33:50.000,0.82,47.25,0.55,0.6
2025-08-08T23:34:50.000,1.04,7.85,1.03,0.14
2025-08-08T23:35:50.000,0.91,13.62,0.89,0.22
2025-08-08T23:36:50.000,0.93,40.63,0.7,0.6
2025-08-08T23:37:50.000,0.5,49.98,0.32,0.39
2025-08-08T23:38:50.000,2.01,41,1.52,1.32
2025-08-08T23:39:50.000,0.73,46.4,0.51,0.53
2025-08-08T23:40:50.000,1.83,76.64,0.42,1.78
2025-08-08T23:41:50.000,0.83,75.94,0.2,0.81
2025-08-08T23:42:50.000,2.04,23.87,1.87,0.83
2025-08-08T23:43:50.000,1.29,355.7,1.29,-0.1
2025-08-08T23:44:50.000,1.58,46.17,1.09,1.14
2025-08-08T23:45:50.000,1.82,60.82,0.89,1.59
2025-08-08T23:46:50.000,2.08,60.05,1.04,1.8
2025-08-08T23:47:50.000,1.78,58.78,0.92,1.52
2025-08-08T23:48:50.000,1.4,70.3,0.47,1.32
2025-08-08T23:49:50.000,1.99,26.75,1.78,0.9
2025-08-08T23:50:50.000,1.35,69.58,0.47,1.26
2025-08-08T23:51:50.000,1.82,65.93,0.74,1.66
2025-08-08T23:52:50.000,1.16,353.39,1.15,-0.13
2025-08-08T23:53:50.000,5.96,96.14,-0.64,5.93
2025-08-08T23:54:50.000,1.81,123.84,-1.01,1.5
2025-08-08T23:55:50.000,3.4,64.28,1.47,3.06
2025-08-08T23:56:50.000,1.99,40.07,1.52,1.28
2025-08-08T23:57:50.000,2.59,65.69,1.07,2.36
2025-08-08T23:58:50.000,3.87,44.39,2.77,2.71
2025-08-08T23:59:50.000,1.46,94.14,-0.11,1.45
2025-08-09T00:00:50.000,1.33,72.77,0.39,1.27
2025-08-09T00:01:50.000,3.23,107.99,-1,3.08
2025-08-09T00:02:50.000,1.67,24.4,1.52,0.69
2025-08-09T00:03:50.000,1.78,119.52,-0.88,1.55
2025-08-09T00:04:50.000,1.26,138.65,-0.95,0.83
2025-08-09T00:05:50.000,1.56,44.65,1.11,1.1
2025-08-09T00:06:50.000,2.01,53.7,1.19,1.62
2025-08-09T00:07:50.000,5.68,38.13,4.47,3.51
2025-08-09T00:08:50.000,2.99,25.07,2.7,1.26
2025-08-09T00:09:50.000,1.48,70.78,0.49,1.4
2025-08-09T00:10:50.000,1.62,56.66,0.89,1.35
2025-08-09T00:11:50.000,1.72,64.7,0.74,1.56
2025-08-09T00:12:50.000,2.35,31.19,2.01,1.22
2025-08-09T00:13:50.000,3.56,47.77,2.39,2.64
2025-08-09T00:14:50.000,2.38,45.6,1.67,1.7
2025-08-09T00:15:50.000,1.74,56.9,0.95,1.46
2025-08-09T00:16:50.000,4.81,87.05,0.25,4.81
2025-08-09T00:17:50.000,2.27,12.44,2.21,0.49
2025-08-09T00:18:50.000,2.84,22.38,2.63,1.08
2025-08-09T00:19:50.000,2.27,75.78,0.56,2.2
2025-08-09T00:20:50.000,1.36,32.35,1.15,0.73
2025-08-09T00:21:50.000,1.87,38.92,1.45,1.17
2025-08-09T00:22:50.000,0.73,48.51,0.49,0.55
2025-08-09T00:23:50.000,2.28,41.22,1.72,1.5
2025-08-09T00:24:50.000,1.5,47.82,1.01,1.11
2025-08-09T00:25:50.000,4.38,44.62,3.12,3.08
2025-08-09T00:26:50.000,1.73,66.99,0.68,1.59
2025-08-09T00:27:50.000,2.53,83.76,0.28,2.51
2025-08-09T00:28:50.000,3.68,53.96,2.17,2.98
2025-08-09T00:29:50.000,3.08,33.06,2.58,1.68
2025-08-09T00:30:50.000,1.89,41.41,1.42,1.25
2025-08-09T00:31:50.000,2.5,29.82,2.17,1.24
2025-08-09T00:32:50.000,2.39,101.99,-0.5,2.33
2025-08-09T00:33:50.000,2.38,18.52,2.26,0.76
2025-08-09T00:34:50.000,1.15,8.64,1.13,0.17
2025-08-09T00:35:50.000,2.85,60.95,1.38,2.49
2025-08-09T00:36:50.000,2.19,56.98,1.19,1.84
2025-08-09T00:37:50.000,1.93,49.29,1.26,1.47
2025-08-09T00:38:50.000,0.94,90.06,0,0.94
2025-08-09T00:39:50.000,2.34,15.83,2.25,0.64
2025-08-09T00:40:50.000,1.44,16.87,1.38,0.42
2025-08-09T00:41:50.000,1.42,35.48,1.16,0.83
2025-08-09T00:42:50.000,1.79,39.36,1.38,1.14
2025-08-09T00:43:50.000,1.1,62.33,0.51,0.97
2025-08-09T00:44:50.000,0.3,76.37,0.07,0.29
2025-08-09T00:45:50.000,1.62,73.39,0.46,1.55
2025-08-09T00:46:50.000,2.46,58.3,1.29,2.1
2025-08-09T00:47:50.000,1.16,43.1,0.85,0.79
2025-08-09T00:48:50.000,1.72,74.46,0.46,1.66
2025-08-09T00:49:50.000,1.46,71.36,0.47,1.38
2025-08-09T00:50:50.000,2.11,52.25,1.29,1.66
2025-08-09T00:51:50.000,2.81,42.73,2.06,1.91
2025-08-09T00:52:50.000,3.09,39.45,2.39,1.96
2025-08-09T00:53:50.000,3.06,47.12,2.08,2.24
2025-08-09T00:54:50.000,0.35,353.45,0.35,-0.04
2025-08-09T00:55:50.000,1.57,35.56,1.28,0.91
2025-08-09T00:56:50.000,1.95,57.13,1.06,1.64
2025-08-09T00:57:50.000,1.74,55.6,0.98,1.43
2025-08-09T00:58:50.000,0.73,55.76,0.41,0.61
2025-08-09T00:59:50.000,1.41,106.31,-0.4,1.35
2025-08-09T01:00:50.000,1.89,33.25,1.58,1.04
2025-08-09T01:01:50.000,0.9,64.26,0.39,0.81
2025-08-09T01:02:50.000,2.06,44.36,1.47,1.44
2025-08-09T01:03:50.000,1.19,76.89,0.27,1.15
2025-08-09T01:04:50.000,1.42,70.51,0.47,1.34
2025-08-09T01:05:50.000,1.93,29.27,1.68,0.94
2025-08-09T01:06:50.000,0.87,65.32,0.36,0.79
2025-08-09T01:07:50.000,2.04,33.95,1.69,1.14
2025-08-09T01:08:50.000,1.32,16.67,1.26,0.38
2025-08-09T01:09:50.000,1.41,16.84,1.35,0.41
2025-08-09T01:10:50.000,1.72,35.6,1.4,1
2025-08-09T01:11:50.000,2.08,67.14,0.81,1.91
2025-08-09T01:12:50.000,1.68,52.16,1.03,1.33
2025-08-09T01:13:50.000,1.12,49.47,0.73,0.85
2025-08-09T01:14:50.000,1.01,5.88,1,0.1
2025-08-09T01:15:50.000,1.95,46.41,1.34,1.41
2025-08-09T01:16:50.000,1.77,45.86,1.23,1.27
2025-08-09T01:17:50.000,1.51,18.4,1.44,0.48
2025-08-09T01:18:50.000,1.3,44.31,0.93,0.91
2025-08-09T01:19:50.000,0.99,9.02,0.97,0.15
2025-08-09T01:20:50.000,1.54,52.52,0.94,1.22
2025-08-09T01:21:50.000,0.71,308.64,0.44,-0.55
2025-08-09T01:22:50.000,0.89,56.74,0.49,0.75
2025-08-09T01:23:50.000,0.9,42.15,0.66,0.6
2025-08-09T01:24:50.000,0.89,65.72,0.37,0.81
2025-08-09T01:25:50.000,1.31,31.71,1.12,0.69
2025-08-09T01:26:50.000,1.04,57.19,0.56,0.88
2025-08-09T01:27:50.000,1.2,83.73,0.13,1.2
2025-08-09T01:28:50.000,1.76,51.11,1.11,1.37
2025-08-09T01:29:50.000,1.67,75.87,0.41,1.62
2025-08-09T01:30:50.000,1.72,59.23,0.88,1.48
2025-08-09T01:31:50.000,1.53,63.19,0.69,1.36
2025-08-09T01:32:50.000,1.57,104.65,-0.4,1.52
2025-08-09T01:33:50.000,1.33,107.79,-0.41,1.26
2025-08-09T01:34:50.000,1.54,76.82,0.35,1.5
2025-08-09T01:35:50.000,1.63,75.51,0.41,1.57
2025-08-09T01:36:50.000,1.53,43.2,1.12,1.05
2025-08-09T01:37:50.000,1.56,31.47,1.33,0.82
2025-08-09T01:38:50.000,1.41,57.81,0.75,1.19
2025-08-09T01:39:50.000,1.66,57.17,0.9,1.4
2025-08-09T01:40:50.000,1.85,89.86,0,1.85
2025-08-09T01:41:50.000,1.76,72.98,0.51,1.68
2025-08-09T01:42:50.000,1.47,70.38,0.49,1.38
2025-08-09T01:43:50.000,1.98,43.84,1.43,1.37
2025-08-09T01:44:50.000,1.6,76.43,0.38,1.55
2025-08-09T01:45:50.000,1.54,93.57,-0.1,1.54
2025-08-09T01:46:50.000,1.36,70.59,0.45,1.28
2025-08-09T01:47:50.000,1.05,62.94,0.48,0.94
2025-08-09T01:48:50.000,1.87,24.26,1.71,0.77
2025-08-09T01:49:50.000,1.12,71.76,0.35,1.06
2025-08-09T01:50:50.000,1.37,74.91,0.36,1.32
2025-08-09T01:51:50.000,2.54,71.61,0.8,2.41
2025-08-09T01:52:50.000,4.15,58.19,2.19,3.53
2025-08-09T01:53:50.000,2.43,19.57,2.29,0.81
2025-08-09T01:54:50.000,1.06,102.57,-0.23,1.03
2025-08-09T01:55:50.000,1.12,47.35,0.76,0.83
2025-08-09T01:56:50.000,0.92,19,0.87,0.3
2025-08-09T01:57:50.000,3.19,29.41,2.78,1.57
2025-08-09T01:58:50.000,1.82,86.82,0.1,1.82
2025-08-09T01:59:50.000,0.75,354.59,0.74,-0.07
2025-08-09T02:00:50.000,0.76,99.32,-0.12,0.75
2025-08-09T02:01:50.000,2.45,60.58,1.2,2.13
2025-08-09T02:02:50.000,4.99,47.92,3.34,3.7
2025-08-09T02:03:50.000,2.71,14.36,2.63,0.67
2025-08-09T02:04:50.000,3.02,27.19,2.69,1.38
2025-08-09T02:05:50.000,4.2,50.9,2.65,3.26
2025-08-09T02:06:50.000,2.15,359.37,2.15,-0.02
2025-08-09T02:07:50.000,1.65,51.94,1.02,1.3
2025-08-09T02:08:50.000,0.6,246.94,-0.24,-0.55
2025-08-09T02:09:50.000,0.88,338.86,0.82,-0.32
2025-08-09T02:10:50.000,1.67,7.06,1.66,0.21
2025-08-09T02:11:50.000,1.1,141.18,-0.86,0.69
2025-08-09T02:12:50.000,0.36,183.62,-0.36,-0.02
2025-08-09T02:13:50.000,0.66,151.82,-0.58,0.31
2025-08-09T02:14:50.000,0.81,80.43,0.13,0.8
2025-08-09T02:15:50.000,0.76,41.38,0.57,0.5
2025-08-09T02:16:50.000,1.25,34.87,1.02,0.71
2025-08-09T02:17:50.000,1.65,24.37,1.51,0.68
2025-08-09T02:18:50.000,1.73,3.72,1.73,0.11
2025-08-09T02:19:50.000,1.56,357.2,1.56,-0.08
2025-08-09T02:20:50.000,0.79,358.48,0.79,-0.02
2025-08-09T02:21:50.000,0.88,27.01,0.78,0.4
2025-08-09T02:22:50.000,1.93,332.43,1.71,-0.89
2025-08-09T02:23:50.000,1.47,322.14,1.16,-0.9
2025-08-09T02:24:50.000,1.09,351.89,1.08,-0.15
2025-08-09T02:25:50.000,0.86,326.21,0.71,-0.48
2025-08-09T02:26:50.000,1.8,332.98,1.61,-0.82
2025-08-09T02:27:50.000,1.69,358.63,1.69,-0.04
2025-08-09T02:28:50.000,1.35,3.35,1.35,0.08
2025-08-09T02:29:50.000,1.33,342.55,1.27,-0.4
2025-08-09T02:30:50.000,0.91,4.2,0.9,0.07
2025-08-09T02:31:50.000,1.36,344.48,1.31,-0.36
2025-08-09T02:32:50.000,2.25,343.32,2.16,-0.65
2025-08-09T02:33:50.000,1.74,344.57,1.68,-0.46
2025-08-09T02:34:50.000,1.84,2.56,1.84,0.08
2025-08-09T02:35:50.000,1.59,29.2,1.39,0.78
2025-08-09T02:36:50.000,1.74,349.79,1.72,-0.31
2025-08-09T02:37:50.000,2.27,355.95,2.27,-0.16
2025-08-09T02:38:50.000,2.11,4.66,2.11,0.17
2025-08-09T02:39:50.000,2.4,5.34,2.39,0.22
2025-08-09T02:40:50.000,2.1,9.88,2.07,0.36
2025-08-09T02:41:50.000,2.34,358.88,2.34,-0.05
2025-08-09T02:42:50.000,1.21,359.87,1.21,0
2025-08-09T02:43:50.000,1.17,13.33,1.14,0.27
2025-08-09T02:44:50.000,2.36,337.95,2.18,-0.88
2025-08-09T02:45:50.000,2.66,329.92,2.3,-1.33
2025-08-09T02:46:50.000,2.28,4.62,2.27,0.18
2025-08-09T02:47:50.000,3.27,344.66,3.15,-0.86
2025-08-09T02:48:50.000,2.99,344.35,2.88,-0.81
2025-08-09T02:49:50.000,1.59,16,1.52,0.44
2025-08-09T02:50:50.000,2.58,339.28,2.41,-0.91
2025-08-09T02:51:50.000,1.96,6.97,1.94,0.24
2025-08-09T02:52:50.000,2.11,1.4,2.11,0.05
2025-08-09T02:53:50.000,2.65,347.84,2.59,-0.56
2025-08-09T02:54:50.000,2.64,303.91,1.47,-2.19
2025-08-09T02:55:50.000,1.7,0.71,1.7,0.02
2025-08-09T02:56:50.000,0.91,317.27,0.67,-0.62
2025-08-09T02:57:50.000,2.22,333.14,1.98,-1
2025-08-09T02:58:50.000,3.2,327.78,2.71,-1.71
2025-08-09T02:59:50.000,2.85,343.93,2.74,-0.79
2025-08-09T03:00:50.000,4.39,324.96,3.59,-2.52
2025-08-09T03:01:50.000,2.61,318.39,1.95,-1.73
2025-08-09T03:02:50.000,3.42,303.49,1.89,-2.86
2025-08-09T03:03:50.000,5.07,298.28,2.4,-4.46
2025-08-09T03:04:50.000,2.61,312.24,1.76,-1.93
2025-08-09T03:05:50.000,7.32,297.6,3.39,-6.49
2025-08-09T03:06:50.000,4.4,300.4,2.23,-3.8
2025-08-09T03:07:50.000,3.71,301.42,1.94,-3.17
2025-08-09T03:08:50.000,6.85,295.94,2.99,-6.16
2025-08-09T03:09:50.000,2.63,338.82,2.45,-0.95
2025-08-09T03:10:50.000,6.49,280.89,1.23,-6.38
2025-08-09T03:11:50.000,1.44,295.4,0.62,-1.3
2025-08-09T03:12:50.000,5.86,322.91,4.67,-3.53
2025-08-09T03:13:50.000,3.81,308.09,2.35,-3
2025-08-09T03:14:50.000,8.37,304.24,4.71,-6.92
2025-08-09T03:15:50.000,4.76,309.61,3.03,-3.67
2025-08-09T03:16:50.000,5.4,304.85,3.08,-4.43
2025-08-09T03:17:50.000,3.98,334.88,3.6,-1.69
2025-08-09T03:18:50.000,10.45,300.1,5.24,-9.04
2025-08-09T03:19:50.000,7.37,299.44,3.62,-6.41
2025-08-09T03:20:50.000,8.95,315.31,6.36,-6.29
2025-08-09T03:21:50.000,4.67,337.19,4.3,-1.81
2025-08-09T03:22:50.000,6.22,322.72,4.95,-3.77
2025-08-09T03:23:50.000,8.07,312.09,5.41,-5.99
2025-08-09T03:24:50.000,7.52,302.93,4.09,-6.31
2025-08-09T03:25:50.000,4.73,296.63,2.12,-4.23
2025-08-09T03:26:50.000,7.53,309.7,4.81,-5.8
2025-08-09T03:27:50.000,12.28,313.56,8.46,-8.9
2025-08-09T03:28:50.000,4.89,321.34,3.82,-3.05
2025-08-09T03:29:50.000,8.23,307.3,4.99,-6.55
2025-08-09T03:30:50.000,10.2,300.51,5.18,-8.79
2025-08-09T03:31:50.000,8.33,305.17,4.8,-6.81
2025-08-09T03:32:50.000,7.01,305.39,4.06,-5.71
2025-08-09T03:33:50.000,3.64,316.93,2.66,-2.48
2025-08-09T03:34:50.000,7.33,301.72,3.86,-6.24
2025-08-09T03:35:50.000,3.97,310.32,2.57,-3.03
2025-08-09T03:36:50.000,3.9,336.08,3.57,-1.58
2025-08-09T03:37:50.000,5.48,332.64,4.86,-2.52
2025-08-09T03:38:50.000,7.93,297.75,3.69,-7.02
2025-08-09T03:39:50.000,6.48,277.61,0.86,-6.42
2025-08-09T03:40:50.000,2.65,315.38,1.89,-1.86
2025-08-09T03:41:50.000,6.22,288.15,1.94,-5.91
2025-08-09T03:42:50.000,1.97,306.47,1.17,-1.59
2025-08-09T03:43:50.000,2.48,339.01,2.31,-0.89
2025-08-09T03:44:50.000,5.07,326.44,4.23,-2.8
2025-08-09T03:45:50.000,1.43,322.86,1.14,-0.86
2025-08-09T03:46:50.000,1.3,191.93,-1.27,-0.27
2025-08-09T03:47:50.000,0.17,58.41,0.09,0.14
2025-08-09T03:48:50.000,1.92,15.48,1.85,0.51
2025-08-09T03:49:50.000,1.54,109.44,-0.51,1.46
2025-08-09T03:50:50.000,1.49,152.85,-1.32,0.68
2025-08-09T03:51:50.000,2.16,177.39,-2.16,0.1
2025-08-09T03:52:50.000,0.79,96.34,-0.09,0.79
2025-08-09T03:53:50.000,2.66,111.65,-0.98,2.47
2025-08-09T03:54:50.000,1.56,127.96,-0.96,1.23
2025-08-09T03:55:50.000,3.68,163.44,-3.53,1.05
2025-08-09T03:56:50.000,2.58,141.14,-2.01,1.62
2025-08-09T03:57:50.000,2.94,162.91,-2.81,0.86
2025-08-09T03:58:50.000,1.82,183.67,-1.82,-0.12
2025-08-09T03:59:50.000,1.03,116.88,-0.47,0.92
2025-08-09T04:00:50.000,0.61,75.5,0.15,0.59
2025-08-09T04:01:50.000,0.7,85.39,0.06,0.69
2025-08-09T04:02:50.000,1.04,81.38,0.16,1.03
2025-08-09T04:03:50.000,1.54,69.74,0.53,1.44
2025-08-09T04:04:50.000,1.43,81.83,0.2,1.42
2025-08-09T04:05:50.000,1.51,94.42,-0.12,1.5
2025-08-09T04:06:50.000,1.81,114.98,-0.76,1.64
2025-08-09T04:07:50.000,1.74,122.72,-0.94,1.47
2025-08-09T04:08:50.000,1.38,105.58,-0.37,1.33
2025-08-09T04:09:50.000,2.26,88.03,0.08,2.25
2025-08-09T04:10:50.000,1.94,99.83,-0.33,1.91
2025-08-09T04:11:50.000,1.67,61.26,0.8,1.46
2025-08-09T04:12:50.000,2.37,97,-0.29,2.35
2025-08-09T04:13:50.000,1.38,81.36,0.21,1.37
2025-08-09T04:14:50.000,0.86,88.22,0.03,0.86
2025-08-09T04:15:50.000,1.85,89.36,0.02,1.84
2025-08-09T04:16:50.000,1.99,100.56,-0.36,1.95
2025-08-09T04:17:50.000,2.44,118.04,-1.15,2.15
2025-08-09T04:18:50.000,1.84,85.53,0.14,1.84
2025-08-09T04:19:50.000,2.3,114.79,-0.96,2.09
2025-08-09T04:20:50.000,1.4,99.09,-0.22,1.38
2025-08-09T04:21:50.000,1.83,131.88,-1.22,1.36
2025-08-09T04:22:50.000,1.64,77.28,0.36,1.6
2025-08-09T04:23:50.000,1.59,106.44,-0.45,1.53
2025-08-09T04:24:50.000,1.65,101.74,-0.34,1.61
2025-08-09T04:25:50.000,1.53,103.68,-0.36,1.49
2025-08-09T04:26:50.000,1.52,85.71,0.11,1.51
2025-08-09T04:27:50.000,1.37,75.1,0.35,1.32
2025-08-09T04:28:50.000,1.07,64.52,0.46,0.96
2025-08-09T04:29:50.000,1.18,40.85,0.89,0.77
2025-08-09T04:30:50.000,0.71,82.38,0.09,0.7
2025-08-09T04:31:50.000,1.28,57.29,0.69,1.08
2025-08-09T04:32:50.000,1.14,50.53,0.72,0.88
2025-08-09T04:33:50.000,1.73,69.49,0.6,1.62
2025-08-09T04:34:50.000,1.64,25.91,1.47,0.71
2025-08-09T04:35:50.000,0.94,47.19,0.64,0.69
2025-08-09T04:36:50.000,1.49,58.06,0.79,1.26
2025-08-09T04:37:50.000,1.26,40.54,0.96,0.82
2025-08-09T04:38:50.000,1.33,63.12,0.6,1.19
2025-08-09T04:39:50.000,1.08,40.61,0.82,0.7
2025-08-09T04:40:50.000,1.14,18.31,1.08,0.36
2025-08-09T04:41:50.000,0.97,77.01,0.22,0.95
2025-08-09T04:42:50.000,0.5,67.05,0.19,0.46
2025-08-09T04:43:50.000,1.02,87.03,0.05,1.02
2025-08-09T04:44:50.000,0.84,86.06,0.06,0.84
2025-08-09T04:45:50.000,1.44,97.36,-0.18,1.43
2025-08-09T04:46:50.000,0.85,60.16,0.42,0.73
2025-08-09T04:47:50.000,1.37,94.02,-0.1,1.37
2025-08-09T04:48:50.000,1.73,74.07,0.47,1.66
2025-08-09T04:49:50.000,0.64,72.08,0.2,0.61
2025-08-09T04:50:50.000,1.22,94.4,-0.09,1.22
2025-08-09T04:51:50.000,1.08,88.86,0.02,1.08
2025-08-09T04:52:50.000,0.87,53.92,0.51,0.7
2025-08-09T04:53:50.000,1.37,82.72,0.17,1.36
2025-08-09T04:54:50.000,0.96,66.34,0.39,0.88
2025-08-09T04:55:50.000,0.68,61.97,0.32,0.6
2025-08-09T04:56:50.000,1.54,106.47,-0.44,1.47
2025-08-09T04:57:50.000,1.17,58.18,0.62,1
2025-08-09T04:58:50.000,0.53,102.99,-0.12,0.52
2025-08-09T04:59:50.000,1.75,111.42,-0.64,1.62
2025-08-09T05:00:50.000,0.75,103.6,-0.18,0.73
2025-08-09T05:01:50.000,1.04,94.96,-0.09,1.04
2025-08-09T05:02:50.000,1.58,72.03,0.49,1.5
2025-08-09T05:03:50.000,0.65,70.59,0.21,0.61
2025-08-09T05:04:50.000,1.42,98.27,-0.2,1.41
2025-08-09T05:05:50.000,0.61,68.06,0.23,0.57
2025-08-09T05:06:50.000,0.81,64.29,0.35,0.73
2025-08-09T05:07:50.000,1.09,89.47,0.01,1.09
2025-08-09T05:08:50.000,1.5,75.03,0.39,1.45
2025-08-09T05:09:50.000,0.7,98.77,-0.11,0.69
2025-08-09T05:10:50.000,1.04,56.04,0.58,0.86
2025-08-09T05:11:50.000,1.35,74.82,0.35,1.3
2025-08-09T05:12:50.000,1.14,96,-0.12,1.13
2025-08-09T05:13:50.000,0.65,25.43,0.58,0.28
2025-08-09T05:14:50.000,1.07,64.71,0.46,0.97
2025-08-09T05:15:50.000,0.81,10.55,0.8,0.15
2025-08-09T05:16:50.000,1.11,81.14,0.17,1.09
2025-08-09T05:17:50.000,0.55,43.13,0.4,0.38
2025-08-09T05:18:50.000,0.78,76.29,0.18,0.76
2025-08-09T05:19:50.000,0.95,58.75,0.49,0.81
2025-08-09T05:20:50.000,1.47,72.84,0.43,1.4
2025-08-09T05:21:50.000,1.23,52.49,0.75,0.98
2025-08-09T05:22:50.000,1.46,16.67,1.39,0.42
2025-08-09T05:23:50.000,0.9,93.23,-0.05,0.9
2025-08-09T05:24:50.000,1.07,54.57,0.62,0.87
2025-08-09T05:25:50.000,0.99,52.86,0.6,0.79
2025-08-09T05:26:50.000,1.09,50.48,0.69,0.84
2025-08-09T05:27:50.000,1.4,40.58,1.06,0.91
2025-08-09T05:28:50.000,0.79,134.77,-0.56,0.56
2025-08-09T05:29:50.000,0.65,33.94,0.54,0.37
2025-08-09T05:30:50.000,1.5,51.31,0.94,1.17
2025-08-09T05:31:50.000,1.41,52.29,0.86,1.12
2025-08-09T05:32:50.000,1.22,58.12,0.64,1.03
2025-08-09T05:33:50.000,0.89,38.68,0.69,0.55
2025-08-09T05:34:50.000,0.91,51.23,0.57,0.71
2025-08-09T05:35:50.000,1.1,49.51,0.72,0.84
2025-08-09T05:36:50.000,0.44,17.69,0.42,0.13
2025-08-09T05:37:50.000,1.43,76.39,0.34,1.39
2025-08-09T05:38:50.000,0.56,95.81,-0.06,0.55
2025-08-09T05:39:50.000,0.45,281.86,0.09,-0.44
2025-08-09T05:40:50.000,0.41,136.89,-0.3,0.28
2025-08-09T05:41:50.000,0.91,90.86,-0.01,0.91
2025-08-09T05:42:50.000,1.1,88.25,0.03,1.1
2025-08-09T05:43:50.000,0.47,66.3,0.19,0.43
2025-08-09T05:44:50.000,0.5,104.39,-0.12,0.49
2025-08-09T05:45:50.000,1.36,112.02,-0.51,1.26
2025-08-09T05:46:50.000,1.01,94.12,-0.07,1
2025-08-09T05:47:50.000,1.45,79.15,0.27,1.43
2025-08-09T05:48:50.000,0.22,78.21,0.04,0.21
2025-08-09T05:49:50.000,0.93,30.8,0.8,0.48
2025-08-09T05:50:50.000,0.72,21.94,0.67,0.27
2025-08-09T05:51:50.000,0.56,9,0.56,0.09
2025-08-09T05:52:50.000,0.73,277.87,0.1,-0.72
2025-08-09T05:53:50.000,0.86,52.47,0.52,0.68
2025-08-09T05:54:50.000,0.47,99.3,-0.08,0.47
2025-08-09T05:55:50.000,0.94,0.1,0.94,0
2025-08-09T05:56:50.000,0.88,140.74,-0.68,0.56
2025-08-09T05:57:50.000,0.49,50.82,0.31,0.38
2025-08-09T05:58:50.000,1.42,34.03,1.18,0.8
2025-08-09T05:59:50.000,0.66,19.79,0.62,0.22
2025-08-09T06:00:50.000,1.68,7.06,1.67,0.21
2025-08-09T06:01:50.000,1.37,357.99,1.37,-0.05
2025-08-09T06:02:50.000,1.75,28.37,1.54,0.83
2025-08-09T06:03:50.000,1.37,19.78,1.29,0.46
2025-08-09T06:04:50.000,1.29,30.22,1.12,0.65
2025-08-09T06:05:50.000,0.77,352.26,0.76,-0.1
2025-08-09T06:06:50.000,0.46,136.79,-0.33,0.31
2025-08-09T06:07:50.000,0.37,351.93,0.37,-0.05
2025-08-09T06:08:50.000,0.78,135.85,-0.56,0.54
2025-08-09T06:09:50.000,0.23,258.75,-0.05,-0.23
2025-08-09T06:10:50.000,0.71,23.75,0.65,0.29
2025-08-09T06:11:50.000,1.1,335.79,1,-0.45
2025-08-09T06:12:50.000,0.76,214.18,-0.63,-0.43
2025-08-09T06:13:50.000,0.16,76.38,0.04,0.16
2025-08-09T06:14:50.000,1.6,16.68,1.53,0.46
2025-08-09T06:15:50.000,0.89,348.61,0.87,-0.18
2025-08-09T06:16:50.000,1.11,357.48,1.11,-0.05
2025-08-09T06:17:50.000,0.85,351.08,0.84,-0.13
2025-08-09T06:18:50.000,0.64,9.86,0.64,0.11
2025-08-09T06:19:50.000,0.67,103.51,-0.16,0.65
2025-08-09T06:20:50.000,1.17,162.76,-1.11,0.35
2025-08-09T06:21:50.000,0.46,48.26,0.31,0.35
2025-08-09T06:22:50.000,1.55,58.04,0.82,1.31
2025-08-09T06:23:50.000,0.7,22.56,0.65,0.27
2025-08-09T06:24:50.000,0.97,26.85,0.87,0.44
2025-08-09T06:25:50.000,0.88,79.56,0.16,0.87
2025-08-09T06:26:50.000,1.42,152.44,-1.26,0.66
2025-08-09T06:27:50.000,1.23,70.98,0.4,1.16
2025-08-09T06:28:50.000,1.64,122.41,-0.88,1.38
2025-08-09T06:29:50.000,2.34,120.4,-1.18,2.01
2025-08-09T06:30:50.000,1.97,135.81,-1.41,1.37
2025-08-09T06:31:50.000,0.79,128.77,-0.49,0.61
2025-08-09T06:32:50.000,1.27,73.83,0.35,1.22
2025-08-09T06:33:50.000,1.43,135.62,-1.02,1
2025-08-09T06:34:50.000,1.99,120.95,-1.02,1.71
2025-08-09T06:35:50.000,0.82,70.15,0.28,0.77
2025-08-09T06:36:50.000,0.96,113.79,-0.39,0.88
2025-08-09T06:37:50.000,1.32,108.2,-0.41,1.25
2025-08-09T06:38:50.000,0.94,108.72,-0.3,0.89
2025-08-09T06:39:50.000,1.03,70.64,0.34,0.97
2025-08-09T06:40:50.000,1.96,62.97,0.89,1.74
2025-08-09T06:41:50.000,0.9,125.78,-0.53,0.73
2025-08-09T06:42:50.000,1.49,52.59,0.9,1.18
2025-08-09T06:43:50.000,0.43,119.32,-0.21,0.37
2025-08-09T06:44:50.000,1.01,72.38,0.31,0.97
2025-08-09T06:45:50.000,1.4,36.36,1.13,0.83
2025-08-09T06:46:50.000,1.69,46.39,1.17,1.23
2025-08-09T06:47:50.000,1.01,39.21,0.78,0.64
2025-08-09T06:48:50.000,1.36,71.89,0.42,1.29
2025-08-09T06:49:50.000,1.52,43.45,1.1,1.05
2025-08-09T06:50:50.000,1.33,33.85,1.11,0.74
2025-08-09T06:51:50.000,2.98,44.83,2.11,2.1
2025-08-09T06:52:50.000,2.04,24.71,1.85,0.85
2025-08-09T06:53:50.000,1.77,51.09,1.11,1.38
2025-08-09T06:54:50.000,1.88,31.55,1.6,0.98
2025-08-09T06:55:50.000,1.84,33.85,1.53,1.03
2025-08-09T06:56:50.000,2.21,31.41,1.89,1.15
2025-08-09T06:57:50.000,2.08,43.58,1.51,1.43
2025-08-09T06:58:50.000,2.48,34.98,2.04,1.42
2025-08-09T06:59:50.000,1.73,19.29,1.63,0.57
2025-08-09T07:00:50.000,2.33,45.78,1.63,1.67
2025-08-09T07:01:50.000,1.67,12.69,1.63,0.37
2025-08-09T07:02:50.000,3.26,14.52,3.16,0.82
2025-08-09T07:03:50.000,3.41,344.57,3.29,-0.91
2025-08-09T07:04:50.000,4.02,351.75,3.98,-0.58
2025-08-09T07:05:50.000,3.09,352.35,3.06,-0.41
2025-08-09T07:06:50.000,2.35,343.24,2.25,-0.68
2025-08-09T07:07:50.000,3.64,334.75,3.29,-1.55
2025-08-09T07:08:50.000,3.53,340.58,3.33,-1.17
2025-08-09T07:09:50.000,4.17,349.12,4.1,-0.79
2025-08-09T07:10:50.000,4,337.56,3.7,-1.53
2025-08-09T07:11:50.000,2.68,0.94,2.68,0.04
2025-08-09T07:12:50.000,2.12,339.06,1.98,-0.76
2025-08-09T07:13:50.000,3.13,353.67,3.11,-0.35
2025-08-09T07:14:50.000,2.84,338.77,2.65,-1.03
2025-08-09T07:15:50.000,4.01,342.36,3.82,-1.22
2025-08-09T07:16:50.000,4.67,330.75,4.07,-2.28
2025-08-09T07:17:50.000,9.9,320.24,7.61,-6.33
2025-08-09T07:18:50.000,10.18,306.53,6.06,-8.18
2025-08-09T07:19:50.000,6,329.42,5.17,-3.05
2025-08-09T07:20:50.000,3.71,308.81,2.33,-2.89
2025-08-09T07:21:50.000,3.08,355.87,3.08,-0.22
2025-08-09T07:22:50.000,5.45,338.16,5.06,-2.03
2025-08-09T07:23:50.000,5.16,317.67,3.81,-3.47
2025-08-09T07:24:50.000,6.13,332.4,5.43,-2.84
2025-08-09T07:25:50.000,11.03,299.39,5.41,-9.61
2025-08-09T07:26:50.000,7.39,286.31,2.08,-7.1
2025-08-09T07:27:50.000,7.11,302.86,3.86,-5.97
2025-08-09T07:28:50.000,4.11,353.87,4.08,-0.44
2025-08-09T07:29:50.000,7.35,299.37,3.61,-6.41
2025-08-09T07:30:50.000,3.58,331.36,3.14,-1.71
2025-08-09T07:31:50.000,8.86,310.76,5.79,-6.71
2025-08-09T07:32:50.000,3.38,316.29,2.44,-2.34
2025-08-09T07:33:50.000,4.69,293.97,1.9,-4.28
2025-08-09T07:34:50.000,2.95,277.98,0.41,-2.92
2025-08-09T07:35:50.000,6.18,303.68,3.43,-5.15
2025-08-09T07:36:50.000,2.51,296.32,1.11,-2.25
2025-08-09T07:37:50.000,2.17,0.87,2.17,0.03
2025-08-09T07:38:50.000,1.61,302.1,0.86,-1.37
2025-08-09T07:39:50.000,2.34,350.41,2.31,-0.39
2025-08-09T07:40:50.000,1.27,323.49,1.02,-0.76
2025-08-09T07:41:50.000,1.1,9.84,1.09,0.19
2025-08-09T07:42:50.000,3.09,322.35,2.45,-1.89
2025-08-09T07:43:50.000,2.48,341.77,2.35,-0.77
2025-08-09T07:44:50.000,6.64,320.49,5.13,-4.23
2025-08-09T07:45:50.000,2.28,337.03,2.1,-0.89
2025-08-09T07:46:50.000,2.9,290.02,0.99,-2.72
2025-08-09T07:47:50.000,2.01,293.75,0.81,-1.84
2025-08-09T07:48:50.000,1.23,344.32,1.19,-0.33
2025-08-09T07:49:50.000,3.1,340.08,2.92,-1.06
2025-08-09T07:50:50.000,1.28,347.97,1.25,-0.27
2025-08-09T07:51:50.000,1.64,349.65,1.61,-0.29
2025-08-09T07:52:50.000,4.13,309.88,2.65,-3.17
2025-08-09T07:53:50.000,0.94,6.6,0.93,0.11
2025-08-09T07:54:50.000,2.24,313.23,1.53,-1.63
2025-08-09T07:55:50.000,2.47,274.52,0.19,-2.46
2025-08-09T07:56:50.000,2.87,290.76,1.02,-2.68
2025-08-09T07:57:50.000,1.44,339.72,1.35,-0.5
2025-08-09T07:58:50.000,1.03,71.37,0.33,0.98
2025-08-09T07:59:50.000,1.85,12.72,1.81,0.41
2025-08-09T08:00:50.000,0.64,52.76,0.39,0.51
2025-08-09T08:01:50.000,1.27,231.06,-0.8,-0.98
2025-08-09T08:02:50.000,1.96,262.05,-0.27,-1.94
2025-08-09T08:03:50.000,1.67,279.11,0.26,-1.64
2025-08-09T08:04:50.000,2.55,237.6,-1.36,-2.15
2025-08-09T08:05:50.000,1.22,230.91,-0.77,-0.95
2025-08-09T08:06:50.000,2.15,230.93,-1.36,-1.67
2025-08-09T08:07:50.000,2.39,271.79,0.07,-2.38
2025-08-09T08:08:50.000,0.88,349.14,0.86,-0.17
2025-08-09T08:09:50.000,1.16,358.97,1.16,-0.02
2025-08-09T08:10:50.000,1.5,22.95,1.38,0.59
2025-08-09T08:11:50.000,0.56,15.19,0.54,0.15
2025-08-09T08:12:50.000,1.15,303.11,0.63,-0.96
2025-08-09T08:13:50.000,1.44,33.19,1.21,0.79
2025-08-09T08:14:50.000,1.78,17.77,1.7,0.54
2025-08-09T08:15:50.000,1.74,25.8,1.57,0.76
2025-08-09T08:16:50.000,0.69,2.92,0.69,0.04
2025-08-09T08:17:50.000,0.95,24.79,0.86,0.4
2025-08-09T08:18:50.000,0.72,21.32,0.67,0.26
2025-08-09T08:19:50.000,1.37,2.61,1.36,0.06
2025-08-09T08:20:50.000,1.32,13.76,1.28,0.31
2025-08-09T08:21:50.000,1.5,20.04,1.41,0.51
2025-08-09T08:22:50.000,1.49,16.48,1.43,0.42
2025-08-09T08:23:50.000,0.96,345.46,0.93,-0.24
2025-08-09T08:24:50.000,0.61,359.56,0.61,0
2025-08-09T08:25:50.000,0.42,277.72,0.06,-0.42
2025-08-09T08:26:50.000,0.71,325.42,0.59,-0.4
2025-08-09T08:27:50.000,1.33,267.32,-0.06,-1.33
2025-08-09T08:28:50.000,1.26,257.21,-0.28,-1.23
2025-08-09T08:29:50.000,1.5,291.64,0.55,-1.39
2025-08-09T08:30:50.000,1.24,297.12,0.57,-1.1
2025-08-09T08:31:50.000,0.65,298.43,0.31,-0.57
2025-08-09T08:32:50.000,0.94,226.53,-0.65,-0.68
2025-08-09T08:33:50.000,1.87,43.96,1.35,1.3
2025-08-09T08:34:50.000,1.53,36.8,1.23,0.92
2025-08-09T08:35:50.000,0.79,341.77,0.75,-0.25
2025-08-09T08:36:50.000,0.85,15.39,0.82,0.23
2025-08-09T08:37:50.000,0.48,13.96,0.47,0.12
2025-08-09T08:38:50.000,0.97,33.73,0.8,0.54
2025-08-09T08:39:50.000,1.06,41.36,0.8,0.7
2025-08-09T08:40:50.000,0.72,35.04,0.59,0.41
2025-08-09T08:41:50.000,1.05,91.69,-0.03,1.05
2025-08-09T08:42:50.000,1.15,85.6,0.09,1.14
2025-08-09T08:43:50.000,1.52,93.75,-0.1,1.52
2025-08-09T08:44:50.000,2.65,121.78,-1.4,2.26
2025-08-09T08:45:50.000,1.16,118.73,-0.56,1.02
2025-08-09T08:46:50.000,2.96,126.14,-1.74,2.39
2025-08-09T08:47:50.000,1.14,129.23,-0.72,0.88
2025-08-09T08:48:50.000,2.56,128.78,-1.6,1.99
2025-08-09T08:49:50.000,3.17,133.16,-2.17,2.31
2025-08-09T08:50:50.000,3.82,117.89,-1.79,3.38
2025-08-09T08:51:50.000,2.23,110.26,-0.77,2.09
2025-08-09T08:52:50.000,1.65,121.88,-0.87,1.4
2025-08-09T08:53:50.000,2.04,149.12,-1.75,1.05
2025-08-09T08:54:50.000,2.34,114.33,-0.97,2.14
2025-08-09T08:55:50.000,1.46,102.16,-0.31,1.43
2025-08-09T08:56:50.000,0.99,79.9,0.17,0.97
2025-08-09T08:57:50.000,0.73,79.69,0.13,0.72
2025-08-09T08:58:50.000,1.06,49.1,0.7,0.8
2025-08-09T08:59:50.000,1.11,107.23,-0.33,1.06
2025-08-09T09:00:50.000,0.67,56.47,0.37,0.56
2025-08-09T09:01:50.000,0.7,41.91,0.52,0.46
2025-08-09T09:02:50.000,0.85,9.53,0.84,0.14
2025-08-09T09:03:50.000,0.87,68.09,0.33,0.81
2025-08-09T09:04:50.000,1.73,72.05,0.53,1.64
2025-08-09T09:05:50.000,1.06,101.89,-0.22,1.04
2025-08-09T09:06:50.000,1.15,96.88,-0.14,1.14
2025-08-09T09:07:50.000,1.37,108.1,-0.42,1.3
2025-08-09T09:08:50.000,1.8,141.9,-1.42,1.11
2025-08-09T09:09:50.000,1.41,111.34,-0.51,1.31
2025-08-09T09:10:50.000,1.37,126.92,-0.82,1.1
2025-08-09T09:11:50.000,1.7,143.72,-1.37,1
2025-08-09T09:12:50.000,1.25,124.94,-0.72,1.03
2025-08-09T09:13:50.000,2.49,121.69,-1.31,2.12
2025-08-09T09:14:50.000,0.79,136.94,-0.58,0.54
2025-08-09T09:15:50.000,1.01,127.36,-0.61,0.8
2025-08-09T09:16:50.000,1.69,152.41,-1.49,0.78
2025-08-09T09:17:50.000,2.2,134.73,-1.55,1.56
2025-08-09T09:18:50.000,2.02,112.89,-0.79,1.86
2025-08-09T09:19:50.000,2.94,121.34,-1.53,2.51
2025-08-09T09:20:50.000,3.4,115.82,-1.48,3.06
2025-08-09T09:21:50.000,1.94,115.76,-0.84,1.75
2025-08-09T09:22:50.000,1.98,119.72,-0.98,1.72
2025-08-09T09:23:50.000,3.21,134.81,-2.26,2.28
2025-08-09T09:24:50.000,4.42,133.17,-3.02,3.22
2025-08-09T09:25:50.000,4.27,124.23,-2.4,3.53
2025-08-09T09:26:50.000,2.45,123.38,-1.35,2.04
2025-08-09T09:27:50.000,2.68,141.08,-2.08,1.68
2025-08-09T09:28:50.000,3.55,155.48,-3.23,1.47
2025-08-09T09:29:50.000,1.58,154.03,-1.42,0.69
2025-08-09T09:30:50.000,1.13,104.13,-0.28,1.1
2025-08-09T09:31:50.000,1.37,104.39,-0.34,1.33
2025-08-09T09:32:50.000,1.32,84.47,0.13,1.31
2025-08-09T09:33:50.000,0.58,94.02,-0.04,0.57
2025-08-09T09:34:50.000,1.75,58.23,0.92,1.49
2025-08-09T09:35:50.000,1.38,75.2,0.35,1.34
2025-08-09T09:36:50.000,0.8,52.01,0.49,0.63
2025-08-09T09:37:50.000,1.05,130.53,-0.68,0.8
2025-08-09T09:38:50.000,0.6,131.44,-0.4,0.45
2025-08-09T09:39:50.000,3.13,91.46,-0.08,3.13
2025-08-09T09:40:50.000,3.71,101.98,-0.77,3.63
2025-08-09T09:41:50.000,1.02,22.84,0.94,0.39
2025-08-09T09:42:50.000,2.91,88.07,0.1,2.91
2025-08-09T09:43:50.000,1.44,82.55,0.19,1.43
2025-08-09T09:44:50.000,1.7,16.8,1.63,0.49
2025-08-09T09:45:50.000,1.43,73.75,0.4,1.37
2025-08-09T09:46:50.000,2.24,10.94,2.2,0.43
2025-08-09T09:47:50.000,2,94.53,-0.16,1.99
2025-08-09T09:48:50.000,1.28,344.09,1.23,-0.35
2025-08-09T09:49:50.000,1.55,62.5,0.72,1.38
2025-08-09T09:50:50.000,1.65,354.34,1.64,-0.16
2025-08-09T09:51:50.000,1.25,40.94,0.94,0.82
2025-08-09T09:52:50.000,3.16,60.78,1.54,2.76
2025-08-09T09:53:50.000,4.22,123.19,-2.31,3.53
2025-08-09T09:54:50.000,0.73,67.85,0.27,0.67
2025-08-09T09:55:50.000,1.13,140.91,-0.88,0.71
2025-08-09T09:56:50.000,2.67,60.73,1.31,2.33
2025-08-09T09:57:50.000,1.57,43.8,1.13,1.09
2025-08-09T09:58:50.000,1.62,57.08,0.88,1.36
2025-08-09T09:59:50.000,2.66,72.08,0.82,2.53
2025-08-09T10:00:50.000,2.7,61.5,1.29,2.37
2025-08-09T10:01:50.000,1.79,47.86,1.2,1.33
2025-08-09T10:02:50.000,1.43,25.89,1.29,0.63
2025-08-09T10:03:50.000,2.21,57.76,1.18,1.87
2025-08-09T10:04:50.000,2.06,77.97,0.43,2.01
2025-08-09T10:05:50.000,1.57,54.5,0.91,1.28
2025-08-09T10:06:50.000,2.75,78.72,0.54,2.7
2025-08-09T10:07:50.000,1.13,32.14,0.96,0.6
2025-08-09T10:08:50.000,3.5,34.41,2.88,1.98
2025-08-09T10:09:50.000,1.5,49.41,0.98,1.14
2025-08-09T10:10:50.000,1.66,93.29,-0.1,1.65
2025-08-09T10:11:50.000,1.23,38.97,0.96,0.77
2025-08-09T10:12:50.000,2.28,94.58,-0.18,2.27
2025-08-09T10:13:50.000,2.21,94.19,-0.16,2.21
2025-08-09T10:14:50.000,1.45,42.73,1.07,0.99
2025-08-09T10:15:50.000,0.73,36.91,0.58,0.44
2025-08-09T10:16:50.000,2.05,34.98,1.68,1.18
2025-08-09T10:17:50.000,2.22,60.33,1.1,1.93
2025-08-09T10:18:50.000,1.41,73.44,0.4,1.35
2025-08-09T10:19:50.000,0.46,350,0.45,-0.08
2025-08-09T10:20:50.000,1.94,46.46,1.34,1.41
2025-08-09T10:21:50.000,1.76,54.87,1.01,1.44
2025-08-09T10:22:50.000,2.42,39.77,1.86,1.55
2025-08-09T10:23:50.000,1.41,96.64,-0.16,1.4
2025-08-09T10:24:50.000,1.17,46.13,0.81,0.84
2025-08-09T10:25:50.000,1.44,11.64,1.41,0.29
2025-08-09T10:26:50.000,1.3,27.62,1.15,0.6
2025-08-09T10:27:50.000,1.58,25.24,1.43,0.67
2025-08-09T10:28:50.000,2.26,46.65,1.55,1.64
2025-08-09T10:29:50.000,1.7,48.04,1.13,1.26
2025-08-09T10:30:50.000,1.26,63.36,0.57,1.13
2025-08-09T10:31:50.000,1.63,34.37,1.34,0.92
2025-08-09T10:32:50.000,1.04,35.81,0.84,0.61
2025-08-09T10:33:50.000,1.19,15.67,1.15,0.32
2025-08-09T10:34:50.000,1.44,12.55,1.41,0.31
2025-08-09T10:35:50.000,1.59,14,1.54,0.38
2025-08-09T10:36:50.000,1.19,42.48,0.88,0.8
2025-08-09T10:37:50.000,2.12,34.51,1.75,1.2
2025-08-09T10:38:50.000,2.05,26.73,1.83,0.92
2025-08-09T10:39:50.000,2.12,12.96,2.06,0.47
2025-08-09T10:40:50.000,2.91,0.77,2.91,0.04
2025-08-09T10:41:50.000,1.95,356.66,1.94,-0.11
2025-08-09T10:42:50.000,1.85,349.78,1.82,-0.33
2025-08-09T10:43:50.000,1.57,352.29,1.56,-0.21
2025-08-09T10:44:50.000,1.59,18.72,1.51,0.51
2025-08-09T10:45:50.000,0.2,27.76,0.18,0.09
2025-08-09T10:46:50.000,0.97,21.4,0.9,0.35
2025-08-09T10:47:50.000,1.21,331.08,1.06,-0.58
2025-08-09T10:48:50.000,1.36,327.2,1.14,-0.74
2025-08-09T10:49:50.000,2.41,318.65,1.81,-1.59
2025-08-09T10:50:50.000,2.01,324.82,1.64,-1.16
2025-08-09T10:51:50.000,1.46,10.57,1.44,0.27
2025-08-09T10:52:50.000,0.8,297.14,0.36,-0.71
2025-08-09T10:53:50.000,0.59,69.24,0.21,0.55
2025-08-09T10:54:50.000,1.18,359.76,1.18,0
2025-08-09T10:55:50.000,1.12,73.7,0.31,1.07
2025-08-09T10:56:50.000,1.17,80.17,0.2,1.15
2025-08-09T10:57:50.000,0.85,59.47,0.43,0.73
2025-08-09T10:58:50.000,0.36,104.15,-0.09,0.35
2025-08-09T10:59:50.000,0.32,61.27,0.15,0.28
2025-08-09T11:00:50.000,1.07,23.15,0.98,0.42
2025-08-09T11:01:50.000,1.12,49.32,0.73,0.85
2025-08-09T11:02:50.000,1.58,17.28,1.51,0.47
2025-08-09T11:03:50.000,0.45,107.96,-0.14,0.43
2025-08-09T11:04:50.000,0.88,345.56,0.85,-0.22
2025-08-09T11:05:50.000,0.7,302.45,0.38,-0.59
2025-08-09T11:06:50.000,1.52,317.87,1.13,-1.02
2025-08-09T11:07:50.000,1.52,308.11,0.94,-1.19
2025-08-09T11:08:50.000,0.24,228.02,-0.16,-0.18
2025-08-09T11:09:50.000,0.68,115.03,-0.29,0.61
2025-08-09T11:10:50.000,1.14,35.03,0.93,0.65
2025-08-09T11:11:50.000,0.75,20.45,0.7,0.26
2025-08-09T11:12:50.000,1.27,28.74,1.11,0.61
2025-08-09T11:13:50.000,1.17,0.98,1.17,0.02
2025-08-09T11:14:50.000,0.85,28.74,0.74,0.41
2025-08-09T11:15:50.000,0.77,4.42,0.76,0.06
2025-08-09T11:16:50.000,1.21,13.97,1.18,0.29
2025-08-09T11:17:50.000,0.86,344.23,0.83,-0.23
2025-08-09T11:18:50.000,0.89,322.67,0.71,-0.54
2025-08-09T11:19:50.000,0.94,327.88,0.79,-0.5
2025-08-09T11:20:50.000,1.12,28.48,0.99,0.54
2025-08-09T11:21:50.000,1.01,41.87,0.75,0.67
2025-08-09T11:22:50.000,1,85.58,0.08,1
2025-08-09T11:23:50.000,1.05,16.54,1.01,0.3
2025-08-09T11:24:50.000,1.52,21.82,1.41,0.57
2025-08-09T11:25:50.000,0.89,350.37,0.88,-0.15
2025-08-09T11:26:50.000,0.91,16.03,0.87,0.25
2025-08-09T11:27:50.000,0.63,273.71,0.04,-0.63
2025-08-09T11:28:50.000,0.42,306.96,0.25,-0.34
2025-08-09T11:29:50.000,0.96,33.32,0.8,0.53
2025-08-09T11:30:50.000,1.51,326.88,1.26,-0.82
2025-08-09T11:31:50.000,0.18,302.51,0.1,-0.15
2025-08-09T11:32:50.000,1.18,50.77,0.75,0.92
2025-08-09T11:33:50.000,0.39,43.91,0.28,0.27
2025-08-09T11:34:50.000,0.74,185.31,-0.74,-0.07
2025-08-09T11:35:50.000,1.28,30.47,1.1,0.65
2025-08-09T11:36:50.000,0.27,346.63,0.27,-0.06
2025-08-09T11:37:50.000,1.62,348.47,1.58,-0.32
2025-08-09T11:38:50.000,1.35,17.55,1.28,0.41
2025-08-09T11:39:50.000,0.89,34.02,0.74,0.5
2025-08-09T11:40:50.000,1.59,30,1.38,0.79
2025-08-09T11:41:50.000,0.73,341.47,0.7,-0.23
2025-08-09T11:42:50.000,0.87,46.12,0.6,0.62
2025-08-09T11:43:50.000,1.29,109.92,-0.44,1.22
2025-08-09T11:44:50.000,1.05,64.5,0.45,0.95
2025-08-09T11:45:50.000,0.81,9.91,0.79,0.14
2025-08-09T11:46:50.000,0.53,0.85,0.53,0.01
2025-08-09T11:47:50.000,1.98,232.25,-1.21,-1.56
2025-08-09T11:48:50.000,1.59,305.23,0.92,-1.3
2025-08-09T11:49:50.000,1.48,325.4,1.22,-0.84
2025-08-09T11:50:50.000,1.31,290.66,0.46,-1.23
2025-08-09T11:51:50.000,0.13,281.87,0.03,-0.12
2025-08-09T11:52:50.000,0.85,23.6,0.78,0.34
2025-08-09T11:53:50.000,1.1,353.65,1.09,-0.12
2025-08-09T11:54:50.000,1.97,358.02,1.97,-0.07
2025-08-09T11:55:50.000,1.66,9.04,1.64,0.26
2025-08-09T11:56:50.000,2.31,6.59,2.29,0.26
2025-08-09T11:57:50.000,1.69,31.24,1.44,0.88
2025-08-09T11:58:50.000,1.68,5.55,1.67,0.16
2025-08-09T11:59:50.000,1.46,359.13,1.46,-0.02
2025-08-09T12:00:50.000,0.6,61.19,0.29,0.53
2025-08-09T12:01:50.000,1.25,39.69,0.96,0.8
2025-08-09T12:02:50.000,1.38,26.66,1.24,0.62
2025-08-09T12:03:50.000,0.57,32.01,0.48,0.3
2025-08-09T12:04:50.000,1.59,72.38,0.48,1.52
2025-08-09T12:05:50.000,0.51,21.1,0.48,0.18
2025-08-09T12:06:50.000,1.24,51.16,0.78,0.97
2025-08-09T12:07:50.000,1.45,23.77,1.33,0.59
2025-08-09T12:08:50.000,1.24,348.83,1.22,-0.24
2025-08-09T12:09:50.000,1.02,328.22,0.86,-0.54
2025-08-09T12:10:50.000,1.87,52.15,1.15,1.48
2025-08-09T12:11:50.000,0.56,83.18,0.07,0.55
2025-08-09T12:12:50.000,0.66,18.02,0.63,0.2
2025-08-09T12:13:50.000,0.92,29.1,0.81,0.45
2025-08-09T12:14:50.000,1.25,66.65,0.49,1.14
2025-08-09T12:15:50.000,0.56,14.6,0.54,0.14
2025-08-09T12:16:50.000,2.01,29.09,1.76,0.98
2025-08-09T12:17:50.000,2.58,354.69,2.57,-0.24
2025-08-09T12:18:50.000,0.49,129.92,-0.31,0.37
2025-08-09T12:19:50.000,1.64,13.85,1.6,0.39
2025-08-09T12:20:50.000,1.69,333.08,1.51,-0.76
2025-08-09T12:21:50.000,0.49,312.58,0.33,-0.36
2025-08-09T12:22:50.000,1.48,352.15,1.47,-0.2
2025-08-09T12:23:50.000,2.49,282.95,0.56,-2.43
2025-08-09T12:24:50.000,0.49,161.01,-0.46,0.16
2025-08-09T12:25:50.000,0.81,3.48,0.81,0.05
2025-08-09T12:26:50.000,1.79,30.2,1.54,0.9
2025-08-09T12:27:50.000,1.04,1.2,1.04,0.02
2025-08-09T12:28:50.000,1.44,26.92,1.29,0.65
2025-08-09T12:29:50.000,1.24,48.37,0.83,0.93
2025-08-09T12:30:50.000,2,14,1.94,0.48
2025-08-09T12:31:50.000,1.57,313.7,1.08,-1.13
2025-08-09T12:32:50.000,0.78,32.6,0.65,0.42
2025-08-09T12:33:50.000,1.81,23.78,1.65,0.73
2025-08-09T12:34:50.000,1.99,354.47,1.98,-0.19
2025-08-09T12:35:50.000,3.47,7.42,3.44,0.45
2025-08-09T12:36:50.000,1.82,16.38,1.75,0.51
2025-08-09T12:37:50.000,4.04,324.52,3.29,-2.34
2025-08-09T12:38:50.000,2.45,300.7,1.25,-2.11
2025-08-09T12:39:50.000,3.08,37.35,2.45,1.87
2025-08-09T12:40:50.000,2.25,14.04,2.18,0.54
2025-08-09T12:41:50.000,2.14,4.78,2.13,0.18
2025-08-09T12:42:50.000,2.25,8.81,2.22,0.34
2025-08-09T12:43:50.000,1.38,31.81,1.17,0.73
2025-08-09T12:44:50.000,0.85,16.19,0.82,0.24
2025-08-09T12:45:50.000,2.61,13.74,2.53,0.62
2025-08-09T12:46:50.000,2.34,9.93,2.3,0.4
2025-08-09T12:47:50.000,1.28,54.74,0.74,1.04
2025-08-09T12:48:50.000,1.56,42.3,1.15,1.05
2025-08-09T12:49:50.000,2.07,43.65,1.5,1.43
2025-08-09T12:50:50.000,1.42,31.53,1.21,0.75
2025-08-09T12:51:50.000,1.22,34.99,1,0.7
2025-08-09T12:52:50.000,2.95,24.91,2.67,1.24
2025-08-09T12:53:50.000,1.23,37.09,0.98,0.74
2025-08-09T12:54:50.000,0.82,27.74,0.72,0.38
2025-08-09T12:55:50.000,0.42,22.95,0.39,0.17
2025-08-09T12:56:50.000,2.22,345.96,2.15,-0.54
2025-08-09T12:57:50.000,1.48,7.21,1.47,0.19
2025-08-09T12:58:50.000,1.63,18.47,1.54,0.52
2025-08-09T12:59:50.000,1.44,17.51,1.38,0.43
2025-08-09T13:00:50.000,1.47,7.81,1.46,0.2
2025-08-09T13:01:50.000,0.61,331.54,0.54,-0.29
2025-08-09T13:02:50.000,0.37,355.79,0.37,-0.03
2025-08-09T13:03:50.000,0.92,53.96,0.54,0.75
2025-08-09T13:04:50.000,0.99,92.44,-0.04,0.99
2025-08-09T13:05:50.000,1.62,38.24,1.27,1
2025-08-09T13:06:50.000,1.34,15.79,1.29,0.36
2025-08-09T13:07:50.000,1.3,26.85,1.16,0.59
2025-08-09T13:08:50.000,0.97,23.03,0.89,0.38
2025-08-09T13:09:50.000,0.85,64.24,0.37,0.77
2025-08-09T13:10:50.000,1,10.36,0.98,0.18
2025-08-09T13:11:50.000,0.9,39.18,0.7,0.57
2025-08-09T13:12:50.000,1.04,62.1,0.48,0.92
2025-08-09T13:13:50.000,1.14,94.81,-0.1,1.13
2025-08-09T13:14:50.000,1.57,106.84,-0.46,1.5
2025-08-09T13:15:50.000,1.5,83.94,0.16,1.49
2025-08-09T13:16:50.000,1.53,71.98,0.47,1.46
2025-08-09T13:17:50.000,1.12,107.99,-0.35,1.06
2025-08-09T13:18:50.000,2.09,101.22,-0.41,2.05
2025-08-09T13:19:50.000,1.16,98.21,-0.17,1.15
2025-08-09T13:20:50.000,1.81,76.31,0.43,1.76
2025-08-09T13:21:50.000,1.05,91.36,-0.02,1.05
2025-08-09T13:22:50.000,1.69,82.65,0.22,1.68
2025-08-09T13:23:50.000,2.19,113.53,-0.87,2.01
2025-08-09T13:24:50.000,2.38,120.47,-1.21,2.05
2025-08-09T13:25:50.000,4.2,112.8,-1.63,3.87
2025-08-09T13:26:50.000,1.31,114.19,-0.54,1.2
2025-08-09T13:27:50.000,1.44,73.09,0.42,1.38
2025-08-09T13:28:50.000,1.64,86.94,0.09,1.64
2025-08-09T13:29:50.000,2.01,89.77,0.01,2.01
2025-08-09T13:30:50.000,1.12,76.83,0.25,1.09
2025-08-09T13:31:50.000,1.01,84.9,0.09,1.01
2025-08-09T13:32:50.000,0.97,45.58,0.68,0.69
2025-08-09T13:33:50.000,1.88,72.2,0.58,1.79
2025-08-09T13:34:50.000,1.17,99.61,-0.2,1.16
2025-08-09T13:35:50.000,2.92,44.77,2.07,2.06
2025-08-09T13:36:50.000,1.67,113.83,-0.68,1.53
2025-08-09T13:37:50.000,1.13,20.56,1.06,0.4
2025-08-09T13:38:50.000,1.31,225.09,-0.93,-0.93
2025-08-09T13:39:50.000,1.46,67.32,0.56,1.35
2025-08-09T13:40:50.000,5.3,102.61,-1.16,5.17
2025-08-09T13:41:50.000,1.03,34.47,0.85,0.58
2025-08-09T13:42:50.000,0.57,326.34,0.48,-0.32
2025-08-09T13:43:50.000,3.49,46.63,2.4,2.54
2025-08-09T13:44:50.000,2.45,86.9,0.13,2.44
2025-08-09T13:45:50.000,2.27,98.3,-0.33,2.24
2025-08-09T13:46:50.000,2.28,23.77,2.09,0.92
2025-08-09T13:47:50.000,2.61,62.85,1.19,2.32
2025-08-09T13:48:50.000,3.55,48.42,2.35,2.65
2025-08-09T13:49:50.000,3.89,39.49,3,2.48
2025-08-09T13:50:50.000,4.59,136.76,-3.34,3.14
2025-08-09T13:51:50.000,2.58,85.8,0.19,2.57
2025-08-09T13:52:50.000,3.69,48.95,2.42,2.78
2025-08-09T13:53:50.000,3.69,67.41,1.42,3.41
2025-08-09T13:54:50.000,5.55,51.59,3.45,4.35
2025-08-09T13:55:50.000,5.49,109.96,-1.87,5.16
2025-08-09T13:56:50.000,4.83,51.69,2.99,3.79
2025-08-09T13:57:50.000,1.68,134.63,-1.18,1.2
2025-08-09T13:58:50.000,0.89,40.81,0.68,0.58
2025-08-09T13:59:50.000,1.79,55.77,1.01,1.48
2025-08-09T14:00:50.000,3.44,34.32,2.84,1.94
2025-08-09T14:01:50.000,5.59,38.87,4.36,3.51
2025-08-09T14:02:50.000,1.67,60.21,0.83,1.45
2025-08-09T14:03:50.000,2.47,56.24,1.37,2.05
2025-08-09T14:04:50.000,1.99,102.1,-0.42,1.95
2025-08-09T14:05:50.000,2.22,42.73,1.63,1.5
2025-08-09T14:06:50.000,6.4,54.78,3.69,5.23
2025-08-09T14:07:50.000,1.37,37.25,1.09,0.83
2025-08-09T14:08:50.000,1.55,44.89,1.1,1.09
2025-08-09T14:09:50.000,2.19,95.45,-0.21,2.18
2025-08-09T14:10:50.000,0.67,82.93,0.08,0.66
2025-08-09T14:11:50.000,1.67,73.86,0.46,1.6
2025-08-09T14:12:50.000,2.47,120.31,-1.25,2.13
2025-08-09T14:13:50.000,0.39,302.79,0.21,-0.33
2025-08-09T14:14:50.000,5.09,90.98,-0.09,5.09
2025-08-09T14:15:50.000,0.81,88.37,0.02,0.81
2025-08-09T14:16:50.000,2.86,146.41,-2.38,1.58
2025-08-09T14:17:50.000,2.09,90.63,-0.02,2.09
2025-08-09T14:18:50.000,0.95,104.78,-0.24,0.92
2025-08-09T14:19:50.000,2.05,116.84,-0.92,1.83
2025-08-09T14:20:50.000,3,44.26,2.15,2.1
2025-08-09T14:21:50.000,1.91,67.37,0.74,1.77
2025-08-09T14:22:50.000,3.03,359.93,3.03,0
2025-08-09T14:23:50.000,2.9,105.31,-0.77,2.8
2025-08-09T14:24:50.000,2.65,98.34,-0.38,2.62
2025-08-09T14:25:50.000,1.58,70.82,0.52,1.49
2025-08-09T14:26:50.000,6.18,52.84,3.74,4.93
2025-08-09T14:27:50.000,5.42,33.58,4.51,3
2025-08-09T14:28:50.000,1.3,109.73,-0.44,1.23
2025-08-09T14:29:50.000,0.81,32.51,0.68,0.43
2025-08-09T14:30:50.000,1,18.96,0.95,0.33
2025-08-09T14:31:50.000,0.91,23.89,0.83,0.37
2025-08-09T14:32:50.000,2.93,152.19,-2.6,1.37
2025-08-09T14:33:50.000,1.62,56.26,0.9,1.34
2025-08-09T14:34:50.000,1.31,40.06,1,0.84
2025-08-09T14:35:50.000,0.69,2.21,0.69,0.03
2025-08-09T14:36:50.000,1.76,4.12,1.75,0.13
2025-08-09T14:37:50.000,1.26,21.15,1.17,0.45
2025-08-09T14:38:50.000,2.22,354.97,2.21,-0.19
2025-08-09T14:39:50.000,2.19,22.66,2.02,0.84
2025-08-09T14:40:50.000,1.36,345.73,1.32,-0.34
2025-08-09T14:41:50.000,1.04,23.86,0.95,0.42
2025-08-09T14:42:50.000,1.23,345.47,1.19,-0.31
2025-08-09T14:43:50.000,0.94,298.73,0.45,-0.82
2025-08-09T14:44:50.000,1.16,330.37,1.01,-0.57
2025-08-09T14:45:50.000,1.2,280.54,0.22,-1.18
2025-08-09T14:46:50.000,0.61,197.67,-0.58,-0.19
2025-08-09T14:47:50.000,1.99,260.74,-0.32,-1.96
2025-08-09T14:48:50.000,1.61,258.37,-0.33,-1.58
2025-08-09T14:49:50.000,1.88,336.3,1.72,-0.75
2025-08-09T14:50:50.000,1.49,283.67,0.35,-1.44
2025-08-09T14:51:50.000,0.88,235.56,-0.5,-0.73
2025-08-09T14:52:50.000,0.78,258.67,-0.15,-0.77
2025-08-09T14:53:50.000,0.78,291.94,0.29,-0.73
2025-08-09T14:54:50.000,1.51,15.63,1.45,0.41
2025-08-09T14:55:50.000,2.04,263.49,-0.23,-2.03
2025-08-09T14:56:50.000,1.34,290.61,0.47,-1.26
2025-08-09T14:57:50.000,3.68,301.17,1.91,-3.15
2025-08-09T14:58:50.000,3.69,288.51,1.17,-3.5
2025-08-09T14:59:50.000,7.32,287.29,2.18,-6.99
2025-08-09T15:00:50.000,2.96,312.47,2,-2.18
2025-08-09T15:01:50.000,1.18,22.84,1.09,0.46
2025-08-09T15:02:50.000,3.29,312.56,2.23,-2.42
2025-08-09T15:03:50.000,1.98,253.5,-0.56,-1.9
2025-08-09T15:04:50.000,5.14,306.52,3.06,-4.13
2025-08-09T15:05:50.000,11.8,295.54,5.09,-10.65
2025-08-09T15:06:50.000,6.27,265.08,-0.54,-6.25
2025-08-09T15:07:50.000,9.16,286.3,2.57,-8.79
2025-08-09T15:08:50.000,5.9,284.65,1.49,-5.7
2025-08-09T15:09:50.000,1.73,292.62,0.66,-1.59
2025-08-09T15:10:50.000,7.66,273.86,0.52,-7.64
2025-08-09T15:11:50.000,3.75,321.42,2.93,-2.34
2025-08-09T15:12:50.000,4.35,286.73,1.25,-4.16
2025-08-09T15:13:50.000,4.92,284.82,1.26,-4.75
2025-08-09T15:14:50.000,3.27,320.08,2.5,-2.1
2025-08-09T15:15:50.000,1.24,15.78,1.19,0.34
2025-08-09T15:16:50.000,3.8,295.71,1.65,-3.42
2025-08-09T15:17:50.000,3.33,315.88,2.39,-2.32
2025-08-09T15:18:50.000,0.08,76.73,0.02,0.08
2025-08-09T15:19:50.000,5.21,298.83,2.51,-4.57
2025-08-09T15:20:50.000,6.65,289.88,2.26,-6.26
2025-08-09T15:21:50.000,8.04,299.91,4.01,-6.97
2025-08-09T15:22:50.000,1.06,78.12,0.22,1.04
2025-08-09T15:23:50.000,1.28,348.11,1.25,-0.26
2025-08-09T15:24:50.000,1.21,238.43,-0.64,-1.03
2025-08-09T15:25:50.000,2.69,299.06,1.31,-2.35
2025-08-09T15:26:50.000,2,303.02,1.09,-1.68
2025-08-09T15:27:50.000,7.23,294.77,3.03,-6.57
2025-08-09T15:28:50.000,3.51,262.16,-0.48,-3.48
2025-08-09T15:29:50.000,3.67,284.77,0.94,-3.55
2025-08-09T15:30:50.000,4.84,254.79,-1.27,-4.67
2025-08-09T15:31:50.000,2.9,256.54,-0.68,-2.82
2025-08-09T15:32:50.000,3.59,289.02,1.17,-3.39
2025-08-09T15:33:50.000,3.36,285.42,0.89,-3.24
2025-08-09T15:34:50.000,4.54,279.07,0.72,-4.48
2025-08-09T15:35:50.000,2.53,323.8,2.04,-1.49
2025-08-09T15:36:50.000,2.09,223.76,-1.51,-1.45
2025-08-09T15:37:50.000,3.24,299.78,1.61,-2.81
2025-08-09T15:38:50.000,2.5,229.31,-1.63,-1.9
2025-08-09T15:39:50.000,5.76,251.91,-1.79,-5.48
2025-08-09T15:40:50.000,2.29,332.03,2.02,-1.07
2025-08-09T15:41:50.000,3.13,268.82,-0.06,-3.13
2025-08-09T15:42:50.000,3.53,304.1,1.98,-2.92
2025-08-09T15:43:50.000,2.92,287.57,0.88,-2.78
2025-08-09T15:44:50.000,3.76,325.01,3.08,-2.16
2025-08-09T15:45:50.000,4.56,316.36,3.3,-3.15
2025-08-09T15:46:50.000,4.66,270.82,0.07,-4.66
2025-08-09T15:47:50.000,4.23,284.28,1.04,-4.1
2025-08-09T15:48:50.000,2.44,274.01,0.17,-2.44
2025-08-09T15:49:50.000,6.04,276.65,0.7,-6
2025-08-09T15:50:50.000,3.23,299.67,1.6,-2.81
2025-08-09T15:51:50.000,3.16,318.48,2.37,-2.09
2025-08-09T15:52:50.000,3.31,270.92,0.05,-3.31
2025-08-09T15:53:50.000,5.32,269.01,-0.09,-5.32
2025-08-09T15:54:50.000,3.82,307.27,2.31,-3.04
2025-08-09T15:55:50.000,7.42,272.68,0.35,-7.42
2025-08-09T15:56:50.000,0.17,137.77,-0.12,0.11
2025-08-09T15:57:50.000,6.03,263.61,-0.67,-5.99
2025-08-09T15:58:50.000,6.16,289.89,2.1,-5.79
2025-08-09T15:59:50.000,5.6,270.11,0.01,-5.6
2025-08-09T16:00:50.000,3.33,306.32,1.97,-2.69
2025-08-09T16:01:50.000,6.13,275.1,0.54,-6.1
2025-08-09T16:02:50.000,5.45,282.02,1.14,-5.33
2025-08-09T16:03:50.000,1.88,349.91,1.85,-0.33
2025-08-09T16:04:50.000,5.7,312.08,3.82,-4.23
2025-08-09T16:05:50.000,6.58,312.83,4.48,-4.83
2025-08-09T16:06:50.000,3.88,320.61,3,-2.47
2025-08-09T16:07:50.000,3.4,298.54,1.62,-2.99
2025-08-09T16:08:50.000,2.31,327.23,1.94,-1.25
2025-08-09T16:09:50.000,6.54,315.94,4.7,-4.55
2025-08-09T16:10:50.000,2.84,318.08,2.11,-1.89
2025-08-09T16:11:50.000,3.71,344.31,3.57,-1
2025-08-09T16:12:50.000,2.82,339.09,2.63,-1.01
2025-08-09T16:13:50.000,3.1,322.75,2.47,-1.88
2025-08-09T16:14:50.000,6.85,308.72,4.28,-5.34
2025-08-09T16:15:50.000,6.74,286.75,1.94,-6.45
2025-08-09T16:16:50.000,2.9,293.38,1.15,-2.66
2025-08-09T16:17:50.000,6.65,314.35,4.65,-4.76
2025-08-09T16:18:50.000,5.37,293.86,2.17,-4.91
2025-08-09T16:19:50.000,7.85,292.98,3.07,-7.23
2025-08-09T16:20:50.000,2.35,305.64,1.37,-1.91
2025-08-09T16:21:50.000,6.13,320.43,4.72,-3.9
2025-08-09T16:22:50.000,3.87,324.28,3.15,-2.26
2025-08-09T16:23:50.000,1.38,358.31,1.38,-0.04
2025-08-09T16:24:50.000,8.77,325.64,7.24,-4.95
2025-08-09T16:25:50.000,7.35,311.11,4.83,-5.54
2025-08-09T16:26:50.000,7.88,311.82,5.25,-5.87
2025-08-09T16:27:50.000,6.18,332.95,5.5,-2.81
2025-08-09T16:28:50.000,5.69,332.06,5.02,-2.66
2025-08-09T16:29:50.000,8.68,331.55,7.63,-4.14
2025-08-09T16:30:50.000,3.61,336.03,3.29,-1.46
2025-08-09T16:31:50.000,2.04,13.69,1.98,0.48
2025-08-09T16:32:50.000,5.23,323.45,4.2,-3.12
2025-08-09T16:33:50.000,4.48,293.27,1.77,-4.12
2025-08-09T16:34:50.000,2,25.45,1.81,0.86
2025-08-09T16:35:50.000,3.13,342.24,2.98,-0.96
2025-08-09T16:36:50.000,4.26,325.93,3.53,-2.39
2025-08-09T16:37:50.000,2.9,330.24,2.52,-1.44
2025-08-09T16:38:50.000,7.51,324.53,6.11,-4.36
2025-08-09T16:39:50.000,3.33,303.54,1.84,-2.77
2025-08-09T16:40:50.000,1.72,2.73,1.72,0.08
2025-08-09T16:41:50.000,2.82,354.82,2.8,-0.25
2025-08-09T16:42:50.000,2.17,342.28,2.07,-0.66
2025-08-09T16:43:50.000,1.84,352.76,1.82,-0.23
2025-08-09T16:44:50.000,1.75,355.09,1.74,-0.15
2025-08-09T16:45:50.000,3.62,327.41,3.05,-1.95
2025-08-09T16:46:50.000,2.47,335.6,2.25,-1.02
2025-08-09T16:47:50.000,2.35,329.15,2.02,-1.2
2025-08-09T16:48:50.000,4.84,335.44,4.4,-2.01
2025-08-09T16:49:50.000,5.69,308.14,3.52,-4.48
2025-08-09T16:50:50.000,3.35,303.26,1.84,-2.8
2025-08-09T16:51:50.000,2.7,316.45,1.95,-1.86
2025-08-09T16:52:50.000,5.13,314.74,3.61,-3.64
2025-08-09T16:53:50.000,2.34,358.87,2.34,-0.05
2025-08-09T16:54:50.000,2.87,331.84,2.53,-1.36
2025-08-09T16:55:50.000,2.9,321.69,2.28,-1.8
2025-08-09T16:56:50.000,2.65,320.84,2.06,-1.67
2025-08-09T16:57:50.000,2.57,319.32,1.95,-1.67
2025-08-09T16:58:50.000,1.43,319.26,1.08,-0.93
2025-08-09T16:59:50.000,3.67,323.44,2.95,-2.19
2025-08-09T17:00:50.000,5.21,285.27,1.37,-5.02
2025-08-09T17:01:50.000,4.16,285.88,1.14,-4
2025-08-09T17:02:50.000,3.98,322.76,3.17,-2.41
2025-08-09T17:03:50.000,2.65,300.6,1.35,-2.28
2025-08-09T17:04:50.000,4.53,301.04,2.34,-3.88
2025-08-09T17:05:50.000,3.74,277.46,0.49,-3.71
2025-08-09T17:06:50.000,2.41,331.77,2.12,-1.14
2025-08-09T17:07:50.000,3.1,278.28,0.45,-3.07
2025-08-09T17:08:50.000,3.18,294.42,1.32,-2.9
2025-08-09T17:09:50.000,0.99,280.48,0.18,-0.98
2025-08-09T17:10:50.000,2.43,299.2,1.19,-2.13
2025-08-09T17:11:50.000,5.62,291.72,2.08,-5.22
2025-08-09T17:12:50.000,1.93,284.06,0.47,-1.87
2025-08-09T17:13:50.000,2.21,296.51,0.98,-1.97
2025-08-09T17:14:50.000,2.89,296.23,1.28,-2.6
2025-08-09T17:15:50.000,3.05,319.21,2.31,-2
2025-08-09T17:16:50.000,2.34,327.01,1.97,-1.28
2025-08-09T17:17:50.000,3.9,330.35,3.39,-1.93
2025-08-09T17:18:50.000,1.16,0.65,1.16,0.01
2025-08-09T17:19:50.000,1.31,24.28,1.19,0.54
2025-08-09T17:20:50.000,1.69,4.18,1.68,0.12
2025-08-09T17:21:50.000,2.04,5.44,2.03,0.19
2025-08-09T17:22:50.000,1.2,2.57,1.2,0.05
2025-08-09T17:23:50.000,1.24,359.4,1.24,-0.01
2025-08-09T17:24:50.000,1.02,7.09,1.02,0.13
2025-08-09T17:25:50.000,0.93,313.76,0.64,-0.67
2025-08-09T17:26:50.000,2.65,317.68,1.96,-1.79
2025-08-09T17:27:50.000,3.11,293.41,1.24,-2.86
2025-08-09T17:28:50.000,1.14,326.01,0.95,-0.64
2025-08-09T17:29:50.000,1.7,334.91,1.54,-0.72
2025-08-09T17:30:50.000,2.17,300.54,1.1,-1.87
2025-08-09T17:31:50.000,2.57,297.17,1.17,-2.28
2025-08-09T17:32:50.000,2.33,309.71,1.49,-1.79
2025-08-09T17:33:50.000,0.73,330.66,0.64,-0.36
2025-08-09T17:34:50.000,3.42,296.58,1.53,-3.05
2025-08-09T17:35:50.000,2.24,286.86,0.65,-2.14
2025-08-09T17:36:50.000,2.35,268.51,-0.06,-2.35
2025-08-09T17:37:50.000,2.13,14.45,2.06,0.53
2025-08-09T17:38:50.000,3.1,337.02,2.85,-1.21
2025-08-09T17:39:50.000,3.46,317.06,2.53,-2.36
2025-08-09T17:40:50.000,4.73,309.46,3.01,-3.65
2025-08-09T17:41:50.000,1.74,323.65,1.4,-1.03
2025-08-09T17:42:50.000,3.12,321.41,2.44,-1.95
2025-08-09T17:43:50.000,3.75,298.47,1.79,-3.3
2025-08-09T17:44:50.000,4.09,292.45,1.56,-3.78
2025-08-09T17:45:50.000,3.47,292.7,1.34,-3.2
2025-08-09T17:46:50.000,4.9,299.85,2.44,-4.25
2025-08-09T17:47:50.000,3.99,329.92,3.45,-2
2025-08-09T17:48:50.000,6.92,284.96,1.79,-6.68
2025-08-09T17:49:50.000,2,308.82,1.25,-1.56
2025-08-09T17:50:50.000,3.26,299.92,1.63,-2.83
2025-08-09T17:51:50.000,3.84,299.49,1.89,-3.34
2025-08-09T17:52:50.000,6.94,305.86,4.06,-5.62
2025-08-09T17:53:50.000,2.75,312.67,1.86,-2.02
2025-08-09T17:54:50.000,11.81,286.52,3.36,-11.32
2025-08-09T17:55:50.000,8.25,288.05,2.56,-7.84
2025-08-09T17:56:50.000,8.45,301.87,4.46,-7.18
2025-08-09T17:57:50.000,3.51,287.99,1.09,-3.34
2025-08-09T17:58:50.000,9.1,282.9,2.03,-8.87
2025-08-09T17:59:50.000,9.8,268.18,-0.31,-9.79
2025-08-09T18:00:50.000,6.86,299.72,3.4,-5.96
2025-08-09T18:01:50.000,9.98,299.32,4.89,-8.7
2025-08-09T18:02:50.000,7.82,307,4.71,-6.25
2025-08-09T18:03:50.000,7.65,296.39,3.4,-6.85
2025-08-09T18:04:50.000,7.45,301.72,3.92,-6.34
2025-08-09T18:05:50.000,6.61,317.89,4.91,-4.43
2025-08-09T18:06:50.000,9.32,306.11,5.49,-7.53
2025-08-09T18:07:50.000,7.78,327.2,6.54,-4.22
2025-08-09T18:08:50.000,8.55,305.56,4.97,-6.96
2025-08-09T18:09:50.000,5.33,315.89,3.83,-3.71
2025-08-09T18:10:50.000,10.14,306.16,5.98,-8.19
2025-08-09T18:11:50.000,7.58,321.24,5.91,-4.75
2025-08-09T18:12:50.000,5.56,310.96,3.64,-4.2
2025-08-09T18:13:50.000,6.08,286.94,1.77,-5.82
2025-08-09T18:14:50.000,4.71,293.67,1.89,-4.31
2025-08-09T18:15:50.000,6.42,285.71,1.74,-6.18
2025-08-09T18:16:50.000,5.82,309.81,3.73,-4.47
2025-08-09T18:17:50.000,8.84,290.19,3.05,-8.29
2025-08-09T18:18:50.000,9.57,301.94,5.06,-8.12
2025-08-09T18:19:50.000,2.71,317.91,2.01,-1.82
2025-08-09T18:20:50.000,4.02,293.77,1.62,-3.68
2025-08-09T18:21:50.000,1.76,296.52,0.79,-1.58
2025-08-09T18:22:50.000,2.08,292.97,0.81,-1.91
2025-08-09T18:23:50.000,6.7,275.92,0.69,-6.67
2025-08-09T18:24:50.000,2.84,280.83,0.53,-2.78
2025-08-09T18:25:50.000,2.07,27.12,1.85,0.95
2025-08-09T18:26:50.000,4.88,273.5,0.3,-4.87
2025-08-09T18:27:50.000,0.97,8.03,0.96,0.14
2025-08-09T18:28:50.000,3.53,322.39,2.79,-2.15
2025-08-09T18:29:50.000,2.11,303.08,1.15,-1.76
2025-08-09T18:30:50.000,1.86,335.34,1.69,-0.78
2025-08-09T18:31:50.000,2.69,345.14,2.6,-0.69
2025-08-09T18:32:50.000,3.19,308.65,1.99,-2.49
2025-08-09T18:33:50.000,7.18,307.76,4.4,-5.68
2025-08-09T18:34:50.000,6.36,301.98,3.37,-5.39
2025-08-09T18:35:50.000,4.54,335.77,4.14,-1.86
2025-08-09T18:36:50.000,2.48,357.56,2.48,-0.11
2025-08-09T18:37:50.000,3.77,9.08,3.72,0.6
2025-08-09T18:38:50.000,3.28,332.61,2.91,-1.51
2025-08-09T18:39:50.000,3.44,340.93,3.25,-1.12
2025-08-09T18:40:50.000,5.36,317.3,3.94,-3.64
2025-08-09T18:41:50.000,2.9,332.58,2.57,-1.34
2025-08-09T18:42:50.000,2.31,345.96,2.24,-0.56
2025-08-09T18:43:50.000,1.27,340.26,1.19,-0.43
2025-08-09T18:44:50.000,1.46,334.83,1.32,-0.62
2025-08-09T18:45:50.000,3.8,291.46,1.39,-3.54
2025-08-09T18:46:50.000,2.6,352.33,2.58,-0.35
2025-08-09T18:47:50.000,4.28,343.56,4.11,-1.21
2025-08-09T18:48:50.000,6.01,343.79,5.77,-1.68
2025-08-09T18:49:50.000,4.15,309.94,2.66,-3.18
2025-08-09T18:50:50.000,2.54,355.62,2.53,-0.19
2025-08-09T18:51:50.000,3.87,348.6,3.8,-0.77
2025-08-09T18:52:50.000,1.99,15.73,1.92,0.54
2025-08-09T18:53:50.000,2.19,347.95,2.14,-0.46
2025-08-09T18:54:50.000,1.11,356.9,1.11,-0.06
2025-08-09T18:55:50.000,1.68,353.04,1.66,-0.2
2025-08-09T18:56:50.000,1.65,327.1,1.38,-0.89
2025-08-09T18:57:50.000,2.89,331.93,2.55,-1.36
2025-08-09T18:58:50.000,4.03,288.74,1.3,-3.82
2025-08-09T18:59:50.000,2.25,332.34,1.99,-1.04
2025-08-09T19:00:50.000,1.49,4.13,1.49,0.11
2025-08-09T19:01:50.000,2.47,315.9,1.77,-1.72
2025-08-09T19:02:50.000,5.66,304.89,3.24,-4.64
2025-08-09T19:03:50.000,2.84,323.41,2.28,-1.69
2025-08-09T19:04:50.000,1.42,6.75,1.41,0.17
2025-08-09T19:05:50.000,3.23,320.62,2.5,-2.05
2025-08-09T19:06:50.000,3.02,327.14,2.54,-1.64
2025-08-09T19:07:50.000,2.24,339.39,2.09,-0.79
2025-08-09T19:08:50.000,3.93,326.17,3.26,-2.19
2025-08-09T19:09:50.000,2.11,339.31,1.97,-0.74
2025-08-09T19:10:50.000,4.7,316.1,3.39,-3.26
2025-08-09T19:11:50.000,4.07,340.24,3.83,-1.38
2025-08-09T19:12:50.000,4.24,337.56,3.92,-1.62
2025-08-09T19:13:50.000,4.26,327.33,3.58,-2.3
2025-08-09T19:14:50.000,2.64,348.52,2.59,-0.53
2025-08-09T19:15:50.000,3.24,336.39,2.97,-1.3
2025-08-09T19:16:50.000,2.16,348.59,2.12,-0.43
2025-08-09T19:17:50.000,3.72,309.48,2.37,-2.87
2025-08-09T19:18:50.000,2.82,339.03,2.63,-1.01
2025-08-09T19:19:50.000,2.38,353.08,2.37,-0.29
2025-08-09T19:20:50.000,2.58,346,2.51,-0.63
2025-08-09T19:21:50.000,1.69,320.44,1.3,-1.08
2025-08-09T19:22:50.000,4.65,331.68,4.09,-2.21
2025-08-09T19:23:50.000,1.79,353.79,1.78,-0.19
2025-08-09T19:24:50.000,2.79,342.13,2.65,-0.86
2025-08-09T19:25:50.000,3.55,324.62,2.9,-2.06
2025-08-09T19:26:50.000,3.48,304.36,1.97,-2.87
2025-08-09T19:27:50.000,1.8,352.44,1.78,-0.24
2025-08-09T19:28:50.000,1.51,278.88,0.23,-1.49
2025-08-09T19:29:50.000,1.72,290.11,0.59,-1.62
2025-08-09T19:30:50.000,2.36,283.66,0.56,-2.29
2025-08-09T19:31:50.000,3.45,321.62,2.71,-2.14
2025-08-09T19:32:50.000,3.48,319.53,2.65,-2.26
2025-08-09T19:33:50.000,2.37,332.6,2.1,-1.09
2025-08-09T19:34:50.000,3.08,311.34,2.04,-2.31
2025-08-09T19:35:50.000,2.04,317.58,1.51,-1.38
2025-08-09T19:36:50.000,4.34,310.3,2.81,-3.31
2025-08-09T19:37:50.000,5.92,301.23,3.07,-5.06
2025-08-09T19:38:50.000,3.27,339.53,3.06,-1.14
2025-08-09T19:39:50.000,4.59,320.35,3.54,-2.93
2025-08-09T19:40:50.000,8.45,314.24,5.9,-6.06
2025-08-09T19:41:50.000,7.03,318.64,5.28,-4.65
2025-08-09T19:42:50.000,5.71,306.01,3.36,-4.62
2025-08-09T19:43:50.000,6.55,312.7,4.44,-4.82
2025-08-09T19:44:50.000,2.93,317.3,2.15,-1.99
2025-08-09T19:45:50.000,6.51,315.67,4.65,-4.55
2025-08-09T19:46:50.000,3.86,309.06,2.43,-3
2025-08-09T19:47:50.000,9.8,299.69,4.86,-8.51
2025-08-09T19:48:50.000,6.04,317.56,4.45,-4.07
2025-08-09T19:49:50.000,4.89,313.7,3.38,-3.53
2025-08-09T19:50:50.000,12.2,297.14,5.56,-10.86
2025-08-09T19:51:50.000,10.98,305.27,6.34,-8.97
2025-08-09T19:52:50.000,4.78,325.75,3.95,-2.69
2025-08-09T19:53:50.000,5.6,314.66,3.93,-3.98
2025-08-09T19:54:50.000,9.27,318.76,6.97,-6.11
2025-08-09T19:55:50.000,4.68,307.94,2.88,-3.69
2025-08-09T19:56:50.000,6.71,317.09,4.91,-4.57
2025-08-09T19:57:50.000,9.09,300.54,4.62,-7.83
2025-08-09T19:58:50.000,10.87,305.73,6.34,-8.82
2025-08-09T19:59:50.000,11.66,326.4,9.71,-6.45
2025-08-09T20:00:50.000,9.75,289.2,3.21,-9.21
2025-08-09T20:01:50.000,10.15,305.62,5.91,-8.25
2025-08-09T20:02:50.000,7.68,311.83,5.12,-5.72
2025-08-09T20:03:50.000,11.44,305.86,6.7,-9.27
2025-08-09T20:04:50.000,10.09,314.81,7.11,-7.16
2025-08-09T20:05:50.000,14.05,292.76,5.44,-12.95
2025-08-09T20:06:50.000,7.74,304.73,4.41,-6.36
2025-08-09T20:07:50.000,19.06,293.42,7.58,-17.49
2025-08-09T20:08:50.000,12.26,315.9,8.81,-8.53
2025-08-09T20:09:50.000,17.33,323.57,13.94,-10.29
2025-08-09T20:10:50.000,8.99,328.3,7.65,-4.72
2025-08-09T20:11:50.000,8.94,314.25,6.24,-6.41
2025-08-09T20:12:50.000,12.75,318.7,9.58,-8.42
2025-08-09T20:13:50.000,10.88,310.49,7.07,-8.28
2025-08-09T20:14:50.000,6.34,340.08,5.96,-2.16
2025-08-09T20:15:50.000,14.46,296.28,6.4,-12.97
2025-08-09T20:16:50.000,13.97,278.75,2.13,-13.81
2025-08-09T20:17:50.000,12.41,292.76,4.8,-11.44
2025-08-09T20:18:50.000,11.8,292.14,4.45,-10.93
2025-08-09T20:19:50.000,16.79,297.54,7.76,-14.89
2025-08-09T20:20:50.000,12.97,312.21,8.71,-9.6
2025-08-09T20:21:50.000,12.23,296.36,5.43,-10.96
2025-08-09T20:22:50.000,17.5,299.72,8.68,-15.2
2025-08-09T20:23:50.000,8.11,300.97,4.17,-6.95
2025-08-09T20:24:50.000,5.71,305.08,3.28,-4.67
2025-08-09T20:25:50.000,11.97,312.17,8.04,-8.87
2025-08-09T20:26:50.000,13.1,303.16,7.16,-10.97
2025-08-09T20:27:50.000,14.89,317.6,11,-10.04
2025-08-09T20:28:50.000,16.24,285.56,4.36,-15.65
2025-08-09T20:29:50.000,6.95,302.98,3.78,-5.83
2025-08-09T20:30:50.000,18.41,301.11,9.51,-15.77
2025-08-09T20:31:50.000,20.1,293.59,8.04,-18.42
2025-08-09T20:32:50.000,10.21,300.74,5.22,-8.77
2025-08-09T20:33:50.000,10.57,316.66,7.69,-7.25
2025-08-09T20:34:50.000,17.39,302.84,9.43,-14.61
2025-08-09T20:35:50.000,17.69,300.52,8.98,-15.24
2025-08-09T20:36:50.000,17.37,288.87,5.62,-16.44
2025-08-09T20:37:50.000,20.29,304.65,11.54,-16.69
2025-08-09T20:38:50.000,14.66,306.98,8.82,-11.71
2025-08-09T20:39:50.000,18.66,310.23,12.05,-14.25
2025-08-09T20:40:50.000,13.13,300.75,6.71,-11.28
2025-08-09T20:41:50.000,13.67,301.7,7.18,-11.63
2025-08-09T20:42:50.000,16.34,300.66,8.33,-14.06
2025-08-09T20:43:50.000,14.38,290.28,4.99,-13.49
2025-08-09T20:44:50.000,14.72,289.84,5,-13.85
2025-08-09T20:45:50.000,18.1,300.26,9.12,-15.64
2025-08-09T20:46:50.000,7.34,313.08,5.01,-5.36
2025-08-09T20:47:50.000,11.33,300.92,5.82,-9.72
2025-08-09T20:48:50.000,19.91,291.3,7.23,-18.55
2025-08-09T20:49:50.000,10.74,312.66,7.28,-7.9
2025-08-09T20:50:50.000,14.02,298.62,6.72,-12.31
2025-08-09T20:51:50.000,14.62,298.1,6.89,-12.9
2025-08-09T20:52:50.000,14.29,297.29,6.55,-12.7
2025-08-09T20:53:50.000,10.84,310.29,7.01,-8.27
2025-08-09T20:54:50.000,15.12,312.89,10.29,-11.08
2025-08-09T20:55:50.000,16.37,299.38,8.03,-14.26
2025-08-09T20:56:50.000,18.75,303.81,10.43,-15.58
2025-08-09T20:57:50.000,16.23,315.82,11.64,-11.31
2025-08-09T20:58:50.000,13.89,291.01,4.98,-12.97
2025-08-09T20:59:50.000,12.48,295.19,5.31,-11.3
2025-08-09T21:00:50.000,6.1,336.43,5.59,-2.44
2025-08-09T21:01:50.000,13.93,305.71,8.13,-11.31
2025-08-09T21:02:50.000,6.99,300.01,3.49,-6.05
2025-08-09T21:03:50.000,13.57,314.69,9.54,-9.64
2025-08-09T21:04:50.000,13.26,318.26,9.89,-8.83
2025-08-09T21:05:50.000,12.34,319.42,9.38,-8.03
2025-08-09T21:06:50.000,12.51,303.11,6.83,-10.48
2025-08-09T21:07:50.000,7.65,302.18,4.07,-6.47
2025-08-09T21:08:50.000,11.19,321.99,8.82,-6.89
2025-08-09T21:09:50.000,10.06,307.98,6.19,-7.93
2025-08-09T21:10:50.000,11.02,303.61,6.1,-9.18
2025-08-09T21:11:50.000,5.83,314.52,4.08,-4.15
2025-08-09T21:12:50.000,7.2,312.21,4.84,-5.33
2025-08-09T21:13:50.000,6.7,295.37,2.87,-6.05
2025-08-09T21:14:50.000,10.4,318.99,7.85,-6.82
2025-08-09T21:15:50.000,8.37,315.64,5.98,-5.85
2025-08-09T21:16:50.000,4.47,325.26,3.67,-2.55
2025-08-09T21:17:50.000,4.82,301.48,2.52,-4.11
2025-08-09T21:18:50.000,2.93,349.42,2.88,-0.54
2025-08-09T21:19:50.000,5.05,330.17,4.38,-2.51
2025-08-09T21:20:50.000,5.39,306.92,3.24,-4.31
2025-08-09T21:21:50.000,2.59,357.5,2.59,-0.11
2025-08-09T21:22:50.000,2.35,332.98,2.09,-1.07
2025-08-09T21:23:50.000,5.22,293.87,2.11,-4.78
2025-08-09T21:24:50.000,5.89,303.56,3.26,-4.91
2025-08-09T21:25:50.000,1.79,290.89,0.64,-1.68
2025-08-09T21:26:50.000,0.76,13.91,0.74,0.18
2025-08-09T21:27:50.000,1.51,25.6,1.36,0.65
2025-08-09T21:28:50.000,2.4,338.9,2.24,-0.86
2025-08-09T21:29:50.000,1.71,346.15,1.66,-0.41
2025-08-09T21:30:50.000,1.05,69.82,0.36,0.99
2025-08-09T21:31:50.000,1.64,71.66,0.52,1.56
2025-08-09T21:32:50.000,1.51,71.82,0.47,1.43
2025-08-09T21:33:50.000,0.68,51.12,0.43,0.53
2025-08-09T21:34:50.000,0.47,77.55,0.1,0.46
2025-08-09T21:35:50.000,0.31,192.78,-0.3,-0.07
2025-08-09T21:36:50.000,0.32,315.6,0.23,-0.23
2025-08-09T21:37:50.000,0.82,60.69,0.4,0.72
2025-08-09T21:38:50.000,1.81,49.61,1.17,1.38
2025-08-09T21:39:50.000,0.63,49.83,0.4,0.48
2025-08-09T21:40:50.000,1.07,58.44,0.56,0.91
2025-08-09T21:41:50.000,0.91,47.85,0.61,0.68
2025-08-09T21:42:50.000,0.97,43.36,0.71,0.67
2025-08-09T21:43:50.000,0.97,18.24,0.92,0.3
2025-08-09T21:44:50.000,1.04,51.22,0.65,0.81
2025-08-09T21:45:50.000,1.23,50.41,0.78,0.95
2025-08-09T21:46:50.000,1.92,116.3,-0.85,1.72
2025-08-09T21:47:50.000,1.9,71.31,0.61,1.8
2025-08-09T21:48:50.000,1.67,356.66,1.67,-0.1
2025-08-09T21:49:50.000,1.41,63.13,0.64,1.26
2025-08-09T21:50:50.000,3.34,56.34,1.85,2.78
2025-08-09T21:51:50.000,0.9,154.7,-0.82,0.39
2025-08-09T21:52:50.000,4.88,62.43,2.26,4.32
2025-08-09T21:53:50.000,1.69,17.56,1.61,0.51
2025-08-09T21:54:50.000,4.7,123.54,-2.6,3.92
2025-08-09T21:55:50.000,2.08,95.35,-0.19,2.07
2025-08-09T21:56:50.000,2.15,27.04,1.92,0.98
2025-08-09T21:57:50.000,0.08,156.68,-0.07,0.03
2025-08-09T21:58:50.000,2.52,77.77,0.53,2.47
2025-08-09T21:59:50.000,2.53,85.86,0.18,2.52
2025-08-09T22:00:50.000,2.94,90.7,-0.04,2.94
2025-08-09T22:01:50.000,1.57,13.32,1.53,0.36
2025-08-09T22:02:50.000,0.36,313.72,0.25,-0.26
2025-08-09T22:03:50.000,2.95,75.3,0.75,2.85
2025-08-09T22:04:50.000,1.41,84.1,0.15,1.4
2025-08-09T22:05:50.000,0.67,130.41,-0.43,0.51
2025-08-09T22:06:50.000,0.19,115.81,-0.08,0.17
2025-08-09T22:07:50.000,2.54,85.47,0.2,2.53
2025-08-09T22:08:50.000,0.75,74.45,0.2,0.72
2025-08-09T22:09:50.000,2.02,117.71,-0.94,1.79
2025-08-09T22:10:50.000,3.23,30.99,2.77,1.66
2025-08-09T22:11:50.000,1.63,106.11,-0.45,1.57
2025-08-09T22:12:50.000,3,72.22,0.92,2.86
2025-08-09T22:13:50.000,2.25,62.68,1.03,2
2025-08-09T22:14:50.000,4.2,90.74,-0.05,4.2
2025-08-09T22:15:50.000,3.85,72.48,1.16,3.67
2025-08-09T22:16:50.000,4,92.92,-0.2,3.99
2025-08-09T22:17:50.000,0.86,45.97,0.6,0.62
2025-08-09T22:18:50.000,0.7,257.05,-0.16,-0.69
2025-08-09T22:19:50.000,0.52,4.38,0.52,0.04
2025-08-09T22:20:50.000,2.15,31.48,1.83,1.12
2025-08-09T22:21:50.000,2.51,63.84,1.11,2.26
2025-08-09T22:22:50.000,2.2,62.3,1.02,1.95
2025-08-09T22:23:50.000,1.52,45.45,1.07,1.08
2025-08-09T22:24:50.000,2.14,80.82,0.34,2.11
2025-08-09T22:25:50.000,1.74,65.54,0.72,1.58
2025-08-09T22:26:50.000,1.86,68.61,0.68,1.74
2025-08-09T22:27:50.000,1.42,59.54,0.72,1.22
2025-08-09T22:28:50.000,1.87,58.79,0.97,1.6
2025-08-09T22:29:50.000,3.43,69.81,1.18,3.22
2025-08-09T22:30:50.000,1.11,38.92,0.87,0.7
2025-08-09T22:31:50.000,2.2,66.07,0.89,2.01
2025-08-09T22:32:50.000,2.72,17.19,2.6,0.8
2025-08-09T22:33:50.000,1.97,22.47,1.82,0.75
2025-08-09T22:34:50.000,1.83,82.82,0.23,1.81
2025-08-09T22:35:50.000,1.98,51.79,1.23,1.56
2025-08-09T22:36:50.000,4.71,93.09,-0.25,4.7
2025-08-09T22:37:50.000,1.72,99.85,-0.29,1.69
2025-08-09T22:38:50.000,0.77,58.53,0.4,0.65
2025-08-09T22:39:50.000,3.14,46.38,2.17,2.27
2025-08-09T22:40:50.000,3.74,37.93,2.95,2.3
2025-08-09T22:41:50.000,3.8,60.78,1.86,3.32
2025-08-09T22:42:50.000,3.07,70.18,1.04,2.88
2025-08-09T22:43:50.000,3.36,72.24,1.02,3.2
2025-08-09T22:44:50.000,3.18,53.71,1.88,2.57
2025-08-09T22:45:50.000,1.18,36.14,0.96,0.7
2025-08-09T22:46:50.000,0.8,15.83,0.77,0.22
2025-08-09T22:47:50.000,1.34,28.16,1.18,0.63
2025-08-09T22:48:50.000,2.33,69.94,0.8,2.19
2025-08-09T22:49:50.000,1.8,48.96,1.18,1.36
2025-08-09T22:50:50.000,2,49.72,1.3,1.53
2025-08-09T22:51:50.000,1.28,86.71,0.07,1.28
2025-08-09T22:52:50.000,2.04,18.73,1.93,0.65
2025-08-09T22:53:50.000,4.34,52.41,2.65,3.44
2025-08-09T22:54:50.000,0.9,354.08,0.89,-0.09
2025-08-09T22:55:50.000,3.82,30.03,3.31,1.91
2025-08-09T22:56:50.000,2.53,31.67,2.16,1.33
2025-08-09T22:57:50.000,2.04,76.74,0.47,1.98
2025-08-09T22:58:50.000,1.69,26.26,1.51,0.75
2025-08-09T22:59:50.000,2.39,46.69,1.64,1.74
2025-08-09T23:00:50.000,1.71,33.29,1.43,0.94
2025-08-09T23:01:50.000,2.03,74.28,0.55,1.96
2025-08-09T23:02:50.000,2.9,43.39,2.1,1.99
2025-08-09T23:03:50.000,3.94,51.47,2.46,3.08
2025-08-09T23:04:50.000,3.52,70.33,1.18,3.31
2025-08-09T23:05:50.000,2.66,49.73,1.72,2.03
2025-08-09T23:06:50.000,2.52,26.7,2.25,1.13
2025-08-09T23:07:50.000,3.34,41.95,2.49,2.23
2025-08-09T23:08:50.000,3.05,22.03,2.83,1.14
2025-08-09T23:09:50.000,7.25,45.26,5.1,5.15
2025-08-09T23:10:50.000,5.53,33.13,4.63,3.02
2025-08-09T23:11:50.000,3.97,47.89,2.66,2.95
2025-08-09T23:12:50.000,2.65,29.54,2.31,1.31
2025-08-09T23:13:50.000,3.61,33.79,3,2.01
2025-08-09T23:14:50.000,3.47,37.16,2.77,2.1
2025-08-09T23:15:50.000,2.44,26.32,2.19,1.08
2025-08-09T23:16:50.000,1.94,14.85,1.87,0.5
2025-08-09T23:17:50.000,3.22,32.09,2.73,1.71
2025-08-09T23:18:50.000,5.76,54.69,3.33,4.7
2025-08-09T23:19:50.000,4.05,47.67,2.73,2.99
2025-08-09T23:20:50.000,3.81,39.04,2.96,2.4
2025-08-09T23:21:50.000,2.68,13.91,2.6,0.64
2025-08-09T23:22:50.000,3.4,43.46,2.47,2.34
2025-08-09T23:23:50.000,4.61,63.27,2.07,4.11
2025-08-09T23:24:50.000,2.43,17.74,2.31,0.74
2025-08-09T23:25:50.000,2.33,24.35,2.12,0.96
2025-08-09T23:26:50.000,1.78,12.56,1.74,0.39
2025-08-09T23:27:50.000,2.25,59,1.16,1.93
2025-08-09T23:28:50.000,2.22,32.41,1.87,1.19
2025-08-09T23:29:50.000,2.58,48.46,1.71,1.93
2025-08-09T23:30:50.000,1.25,20.78,1.17,0.44
2025-08-09T23:31:50.000,2.61,41.87,1.95,1.74
2025-08-09T23:32:50.000,2.17,31.67,1.85,1.14
2025-08-09T23:33:50.000,1.69,73.17,0.49,1.62
2025-08-09T23:34:50.000,1.57,80.88,0.25,1.55
2025-08-09T23:35:50.000,1.49,35.81,1.21,0.87
2025-08-09T23:36:50.000,1.15,21.91,1.07,0.43
2025-08-09T23:37:50.000,1.76,349.38,1.73,-0.32
2025-08-09T23:38:50.000,1.33,41.21,1,0.88
2025-08-09T23:39:50.000,1.43,10.63,1.4,0.26
2025-08-09T23:40:50.000,1.82,346.08,1.76,-0.44
2025-08-09T23:41:50.000,0.84,13.91,0.81,0.2
2025-08-09T23:42:50.000,1.03,316.94,0.75,-0.71
2025-08-09T23:43:50.000,1.24,317.97,0.92,-0.83
2025-08-09T23:44:50.000,0.73,43.51,0.53,0.5
2025-08-09T23:45:50.000,1.66,295.21,0.71,-1.5
2025-08-09T23:46:50.000,2.2,298.56,1.05,-1.93
2025-08-09T23:47:50.000,1.74,357,1.73,-0.09
2025-08-09T23:48:50.000,1.56,0.78,1.56,0.02
2025-08-09T23:49:50.000,2.63,319.95,2.02,-1.7
2025-08-09T23:50:50.000,4.42,319.53,3.37,-2.87
2025-08-09T23:51:50.000,2.29,348.57,2.25,-0.45
2025-08-09T23:52:50.000,3.44,349.01,3.38,-0.66
2025-08-09T23:53:50.000,4.45,345.78,4.31,-1.09
2025-08-09T23:54:50.000,2.48,350.73,2.45,-0.4
2025-08-09T23:55:50.000,2.92,341.09,2.76,-0.95
2025-08-09T23:56:50.000,2.48,337.23,2.28,-0.96
2025-08-09T23:57:50.000,2.97,319.04,2.25,-1.95
2025-08-09T23:58:50.000,1.03,313.85,0.71,-0.74
2025-08-09T23:59:50.000,3.64,322.7,2.89,-2.2
2025-08-10T00:00:50.000,3.2,305.54,1.86,-2.6
2025-08-10T00:01:50.000,5.07,312.93,3.45,-3.71
2025-08-10T00:02:50.000,1.81,339.38,1.7,-0.64
2025-08-10T00:03:50.000,0.99,72.26,0.3,0.94
2025-08-10T00:04:50.000,0.68,0.71,0.68,0.01
2025-08-10T00:05:50.000,0.74,292.36,0.28,-0.69
2025-08-10T00:06:50.000,0.96,353.5,0.96,-0.11
2025-08-10T00:07:50.000,0.7,109.43,-0.23,0.66
2025-08-10T00:08:50.000,1,350.33,0.99,-0.17
2025-08-10T00:09:50.000,0.63,25.78,0.56,0.27
2025-08-10T00:10:50.000,0.47,285.41,0.12,-0.45
2025-08-10T00:11:50.000,2.68,308.9,1.68,-2.08
2025-08-10T00:12:50.000,1.34,297.59,0.62,-1.19
2025-08-10T00:13:50.000,0.96,298.82,0.46,-0.84
2025-08-10T00:14:50.000,1.03,359.75,1.03,0
2025-08-10T00:15:50.000,1.36,37.94,1.07,0.83
2025-08-10T00:16:50.000,1.17,326.63,0.98,-0.65
2025-08-10T00:17:50.000,0.31,291.78,0.12,-0.29
2025-08-10T00:18:50.000,0.46,333.11,0.41,-0.21
2025-08-10T00:19:50.000,0.82,7.14,0.82,0.1
2025-08-10T00:20:50.000,1.64,2.62,1.64,0.08
2025-08-10T00:21:50.000,0.99,17.13,0.95,0.29
2025-08-10T00:22:50.000,0.42,345.4,0.4,-0.1
2025-08-10T00:23:50.000,0.3,20.47,0.28,0.1
2025-08-10T00:24:50.000,1.2,354.2,1.2,-0.12
2025-08-10T00:25:50.000,1.14,23.37,1.04,0.45
2025-08-10T00:26:50.000,0.63,2.79,0.62,0.03
2025-08-10T00:27:50.000,0.78,42.84,0.57,0.53
2025-08-10T00:28:50.000,1.43,309.75,0.91,-1.1
2025-08-10T00:29:50.000,0.82,309.91,0.53,-0.63
2025-08-10T00:30:50.000,1.27,6.01,1.26,0.13
2025-08-10T00:31:50.000,1.62,5.95,1.61,0.17
2025-08-10T00:32:50.000,0.93,79.85,0.16,0.91
2025-08-10T00:33:50.000,0.35,59.23,0.18,0.3
2025-08-10T00:34:50.000,1.33,49.97,0.85,1.01
2025-08-10T00:35:50.000,1.38,93.59,-0.09,1.38
2025-08-10T00:36:50.000,1.56,77.51,0.34,1.52
2025-08-10T00:37:50.000,1.09,63.71,0.48,0.98
2025-08-10T00:38:50.000,0.89,100.6,-0.16,0.87
2025-08-10T00:39:50.000,1.4,62.02,0.66,1.24
2025-08-10T00:40:50.000,1.53,79.12,0.29,1.5
2025-08-10T00:41:50.000,0.87,61.77,0.41,0.76
2025-08-10T00:42:50.000,1.46,100.25,-0.26,1.44
2025-08-10T00:43:50.000,0.98,65.39,0.41,0.89
2025-08-10T00:44:50.000,0.57,45.06,0.41,0.41
2025-08-10T00:45:50.000,1.08,66.71,0.43,0.99
2025-08-10T00:46:50.000,1.17,82.91,0.14,1.16
2025-08-10T00:47:50.000,1.11,91.85,-0.04,1.11
2025-08-10T00:48:50.000,0.87,87.07,0.04,0.86
2025-08-10T00:49:50.000,1.45,93.08,-0.08,1.45
2025-08-10T00:50:50.000,0.78,71.54,0.25,0.74
2025-08-10T00:51:50.000,1.28,101.37,-0.25,1.26
2025-08-10T00:52:50.000,1.56,86.84,0.09,1.55
2025-08-10T00:53:50.000,1.19,111.81,-0.44,1.1
2025-08-10T00:54:50.000,0.68,118.92,-0.33,0.6
2025-08-10T00:55:50.000,1.56,98.15,-0.22,1.55
2025-08-10T00:56:50.000,1.19,105.57,-0.32,1.15
2025-08-10T00:57:50.000,1.43,97.76,-0.19,1.41
2025-08-10T00:58:50.000,1.9,91.46,-0.05,1.9
2025-08-10T00:59:50.000,1.62,111.15,-0.59,1.51
2025-08-10T01:00:50.000,1.37,77.08,0.31,1.34
2025-08-10T01:01:50.000,1.52,25.22,1.37,0.65
2025-08-10T01:02:50.000,1.13,35.63,0.92,0.66
2025-08-10T01:03:50.000,1.39,48.7,0.92,1.05
2025-08-10T01:04:50.000,0.94,29.54,0.82,0.46
2025-08-10T01:05:50.000,1.09,81.05,0.17,1.07
2025-08-10T01:06:50.000,0.67,64.56,0.29,0.6
2025-08-10T01:07:50.000,1.44,58.32,0.75,1.22
2025-08-10T01:08:50.000,1.51,95.25,-0.14,1.5
2025-08-10T01:09:50.000,2.37,82.59,0.31,2.35
2025-08-10T01:10:50.000,2.29,96.24,-0.25,2.28
2025-08-10T01:11:50.000,0.58,83,0.07,0.58
2025-08-10T01:12:50.000,2.61,87.25,0.13,2.61
2025-08-10T01:13:50.000,1.19,75.31,0.3,1.15
2025-08-10T01:14:50.000,1.28,106.91,-0.37,1.23
2025-08-10T01:15:50.000,1.55,92.11,-0.06,1.55
2025-08-10T01:16:50.000,1.02,58.48,0.53,0.87
2025-08-10T01:17:50.000,0.94,115.11,-0.4,0.85
2025-08-10T01:18:50.000,0.97,54.29,0.56,0.78
2025-08-10T01:19:50.000,1.08,32.75,0.91,0.58
2025-08-10T01:20:50.000,0.62,32.31,0.52,0.33
2025-08-10T01:21:50.000,1.28,55.41,0.73,1.05
2025-08-10T01:22:50.000,0.76,107.58,-0.23,0.72
2025-08-10T01:23:50.000,1.79,56.48,0.99,1.49
2025-08-10T01:24:50.000,1.46,62.56,0.67,1.29
2025-08-10T01:25:50.000,1.24,61.11,0.6,1.09
2025-08-10T01:26:50.000,0.79,11.64,0.78,0.16
2025-08-10T01:27:50.000,1.85,50.94,1.16,1.43
2025-08-10T01:28:50.000,0.65,55.23,0.37,0.54
2025-08-10T01:29:50.000,1.28,58.17,0.67,1.08
2025-08-10T01:30:50.000,1.2,45.28,0.84,0.85
2025-08-10T01:31:50.000,1.04,67.99,0.39,0.96
2025-08-10T01:32:50.000,1.34,84.19,0.14,1.33
2025-08-10T01:33:50.000,1.89,94.09,-0.13,1.88
2025-08-10T01:34:50.000,1.5,66.82,0.59,1.38
2025-08-10T01:35:50.000,1.68,43.7,1.21,1.16
2025-08-10T01:36:50.000,0.69,21.42,0.64,0.25
2025-08-10T01:37:50.000,0.62,14.96,0.6,0.16
2025-08-10T01:38:50.000,0.79,84.58,0.08,0.79
2025-08-10T01:39:50.000,1.46,84.65,0.14,1.45
2025-08-10T01:40:50.000,0.99,73.4,0.28,0.95
2025-08-10T01:41:50.000,1.78,41.57,1.33,1.18
2025-08-10T01:42:50.000,1.03,45.85,0.72,0.74
2025-08-10T01:43:50.000,1.06,77.65,0.23,1.04
2025-08-10T01:44:50.000,1.41,45.09,0.99,1
2025-08-10T01:45:50.000,0.77,36.63,0.61,0.46
2025-08-10T01:46:50.000,1.23,52.32,0.75,0.98
2025-08-10T01:47:50.000,1.51,58.38,0.79,1.29
2025-08-10T01:48:50.000,1.86,75.93,0.45,1.81
2025-08-10T01:49:50.000,1.21,61,0.59,1.06
2025-08-10T01:50:50.000,0.74,19.72,0.7,0.25
2025-08-10T01:51:50.000,0.87,23.72,0.8,0.35
2025-08-10T01:52:50.000,1.42,83.91,0.15,1.41
2025-08-10T01:53:50.000,2.02,57.31,1.09,1.7
2025-08-10T01:54:50.000,2.19,37.03,1.75,1.32
2025-08-10T01:55:50.000,2.29,68.13,0.85,2.12
2025-08-10T01:56:50.000,2.19,67.68,0.83,2.02
2025-08-10T01:57:50.000,2.43,62.63,1.12,2.16
2025-08-10T01:58:50.000,1.26,49.04,0.83,0.95
2025-08-10T01:59:50.000,1.5,54.31,0.87,1.22
2025-08-10T02:00:50.000,1.79,41.86,1.33,1.19
2025-08-10T02:01:50.000,1.36,65.21,0.57,1.23
2025-08-10T02:02:50.000,2.34,49.05,1.53,1.77
2025-08-10T02:03:50.000,1.37,61.23,0.66,1.2
2025-08-10T02:04:50.000,1.43,30.54,1.23,0.73
2025-08-10T02:05:50.000,2.25,77.7,0.48,2.2
2025-08-10T02:06:50.000,0.84,62.51,0.39,0.75
2025-08-10T02:07:50.000,1.41,17.59,1.34,0.43
2025-08-10T02:08:50.000,0.92,67.73,0.35,0.85
2025-08-10T02:09:50.000,1.08,63.13,0.49,0.96
2025-08-10T02:10:50.000,1.58,19.34,1.49,0.52
2025-08-10T02:11:50.000,1.79,64.94,0.76,1.62
2025-08-10T02:12:50.000,3.35,42.07,2.48,2.24
2025-08-10T02:13:50.000,1.53,69.05,0.55,1.43
2025-08-10T02:14:50.000,2.41,32.68,2.03,1.3
2025-08-10T02:15:50.000,2.93,83.32,0.34,2.91
2025-08-10T02:16:50.000,1.27,353.82,1.27,-0.14
2025-08-10T02:17:50.000,1.21,67.62,0.46,1.12
2025-08-10T02:18:50.000,2.22,85.59,0.17,2.21
2025-08-10T02:19:50.000,5.83,38.25,4.57,3.61
2025-08-10T02:20:50.000,1.66,107.88,-0.51,1.58
2025-08-10T02:21:50.000,1.16,61.48,0.55,1.02
2025-08-10T02:22:50.000,0.96,35.01,0.79,0.55
2025-08-10T02:23:50.000,0.73,66.94,0.29,0.68
2025-08-10T02:24:50.000,1.18,58.11,0.62,1
2025-08-10T02:25:50.000,1.27,18.29,1.2,0.4
2025-08-10T02:26:50.000,1.93,12.96,1.88,0.43
2025-08-10T02:27:50.000,2.95,39.1,2.29,1.86
2025-08-10T02:28:50.000,5.28,42.98,3.87,3.6
2025-08-10T02:29:50.000,5.41,42.84,3.97,3.68
2025-08-10T02:30:50.000,5.07,46.36,3.5,3.67
2025-08-10T02:31:50.000,1.99,59.07,1.02,1.71
2025-08-10T02:32:50.000,2.25,56.41,1.25,1.88
2025-08-10T02:33:50.000,2.91,51.2,1.82,2.27
2025-08-10T02:34:50.000,2.23,53.23,1.33,1.79
2025-08-10T02:35:50.000,2.89,65.47,1.2,2.63
2025-08-10T02:36:50.000,1.95,75.21,0.5,1.88
2025-08-10T02:37:50.000,2.17,84.16,0.22,2.16
2025-08-10T02:38:50.000,2.13,12.23,2.09,0.45
2025-08-10T02:39:50.000,2.82,34.68,2.32,1.61
2025-08-10T02:40:50.000,4.03,34.24,3.33,2.27
2025-08-10T02:41:50.000,1.67,141.66,-1.31,1.03
2025-08-10T02:42:50.000,0.68,220.67,-0.52,-0.45
2025-08-10T02:43:50.000,1.02,357.78,1.02,-0.04
2025-08-10T02:44:50.000,4.33,47.26,2.94,3.18
2025-08-10T02:45:50.000,2.86,111.11,-1.03,2.66
2025-08-10T02:46:50.000,0.38,180.57,-0.38,0
2025-08-10T02:47:50.000,1.26,71.75,0.4,1.2
2025-08-10T02:48:50.000,0.89,14.61,0.86,0.23
2025-08-10T02:49:50.000,0.57,67.62,0.22,0.53
2025-08-10T02:50:50.000,1.22,358.89,1.22,-0.02
2025-08-10T02:51:50.000,1.24,313.24,0.85,-0.91
2025-08-10T02:52:50.000,1.25,309.88,0.8,-0.96
2025-08-10T02:53:50.000,1.52,17.51,1.44,0.46
2025-08-10T02:54:50.000,2.52,10.65,2.48,0.47
2025-08-10T02:55:50.000,2.54,57.49,1.37,2.15
2025-08-10T02:56:50.000,1.7,107.29,-0.5,1.62
2025-08-10T02:57:50.000,0.58,168.25,-0.57,0.12
2025-08-10T02:58:50.000,1.16,31.37,0.99,0.61
2025-08-10T02:59:50.000,1.72,51.55,1.07,1.35
2025-08-10T03:00:50.000,1.83,58.56,0.96,1.56
2025-08-10T03:01:50.000,1.61,51.34,1.01,1.26
2025-08-10T03:02:50.000,1.6,58.94,0.83,1.37
2025-08-10T03:03:50.000,0.93,58.92,0.48,0.8
2025-08-10T03:04:50.000,1.53,60.7,0.75,1.34
2025-08-10T03:05:50.000,1.05,53.21,0.63,0.84
2025-08-10T03:06:50.000,1.44,74.1,0.39,1.38
2025-08-10T03:07:50.000,1.96,64.65,0.84,1.77
2025-08-10T03:08:50.000,2.66,23.77,2.44,1.07
2025-08-10T03:09:50.000,1.9,20.29,1.78,0.66
2025-08-10T03:10:50.000,1.92,29.81,1.67,0.96
2025-08-10T03:11:50.000,2.32,359.07,2.32,-0.04
2025-08-10T03:12:50.000,2.88,18.28,2.74,0.9
2025-08-10T03:13:50.000,1.9,25.72,1.71,0.82
2025-08-10T03:14:50.000,3.07,63.02,1.39,2.74
2025-08-10T03:15:50.000,1.85,6.43,1.84,0.21
2025-08-10T03:16:50.000,1.41,34.63,1.16,0.8
2025-08-10T03:17:50.000,1.84,17.75,1.76,0.56
2025-08-10T03:18:50.000,1.81,356.85,1.81,-0.1
2025-08-10T03:19:50.000,2.43,9.5,2.4,0.4
2025-08-10T03:20:50.000,2.5,8.67,2.47,0.38
2025-08-10T03:21:50.000,2.18,1.8,2.18,0.07
2025-08-10T03:22:50.000,3.06,7.93,3.03,0.42
2025-08-10T03:23:50.000,3.1,26.07,2.78,1.36
2025-08-10T03:24:50.000,3.34,27.9,2.95,1.56
2025-08-10T03:25:50.000,2.31,26.66,2.07,1.04
2025-08-10T03:26:50.000,2.46,16.88,2.35,0.71
2025-08-10T03:27:50.000,1.71,33.69,1.42,0.95
2025-08-10T03:28:50.000,2.02,39.28,1.57,1.28
2025-08-10T03:29:50.000,2.7,26.05,2.43,1.19
2025-08-10T03:30:50.000,2.63,49.86,1.69,2.01
2025-08-10T03:31:50.000,3.46,42.44,2.55,2.33
2025-08-10T03:32:50.000,2.97,39.89,2.28,1.91
2025-08-10T03:33:50.000,3.22,51.76,1.99,2.53
2025-08-10T03:34:50.000,2.19,62.81,1,1.95
2025-08-10T03:35:50.000,1.76,59.33,0.9,1.52
2025-08-10T03:36:50.000,1.02,70.21,0.35,0.96
2025-08-10T03:37:50.000,1.78,108.98,-0.58,1.69
2025-08-10T03:38:50.000,0.72,120.62,-0.37,0.62
2025-08-10T03:39:50.000,0.84,56.81,0.46,0.71
2025-08-10T03:40:50.000,1.12,96.88,-0.13,1.11
2025-08-10T03:41:50.000,1.25,85.59,0.1,1.25
2025-08-10T03:42:50.000,1.11,38.57,0.87,0.69
2025-08-10T03:43:50.000,0.55,89.81,0,0.55
2025-08-10T03:44:50.000,0.92,2.31,0.92,0.04
2025-08-10T03:45:50.000,0.76,324.86,0.62,-0.44
2025-08-10T03:46:50.000,1.25,11.29,1.22,0.24
2025-08-10T03:47:50.000,1.99,356.12,1.99,-0.13
2025-08-10T03:48:50.000,2,23.57,1.84,0.8
2025-08-10T03:49:50.000,2.06,18.13,1.96,0.64
2025-08-10T03:50:50.000,1.33,6.7,1.32,0.16
2025-08-10T03:51:50.000,1.32,28.55,1.16,0.63
2025-08-10T03:52:50.000,1.49,51.44,0.93,1.17
2025-08-10T03:53:50.000,1.29,77.51,0.28,1.26
2025-08-10T03:54:50.000,0.51,58.35,0.27,0.43
2025-08-10T03:55:50.000,1.48,59.94,0.74,1.28
2025-08-10T03:56:50.000,0.38,64.06,0.17,0.34
2025-08-10T03:57:50.000,1.11,21.78,1.03,0.41
2025-08-10T03:58:50.000,1.28,42.33,0.95,0.87
2025-08-10T03:59:50.000,1.06,13.7,1.03,0.25
2025-08-10T04:00:50.000,1.61,6.98,1.59,0.2
2025-08-10T04:01:50.000,2.88,0.7,2.88,0.04
2025-08-10T04:02:50.000,3.5,321.44,2.73,-2.18
2025-08-10T04:03:50.000,0.99,329.47,0.86,-0.5
2025-08-10T04:04:50.000,2.1,340.84,1.98,-0.69
2025-08-10T04:05:50.000,2.37,358.99,2.36,-0.04
2025-08-10T04:06:50.000,5.77,327.48,4.87,-3.1
2025-08-10T04:07:50.000,6.52,343.25,6.24,-1.88
2025-08-10T04:08:50.000,6.04,308.33,3.75,-4.74
2025-08-10T04:09:50.000,2.82,298.59,1.35,-2.48
2025-08-10T04:10:50.000,2.42,313.96,1.68,-1.74
2025-08-10T04:11:50.000,1.53,329.78,1.32,-0.77
2025-08-10T04:12:50.000,4.21,326.93,3.53,-2.3
2025-08-10T04:13:50.000,5.58,302.61,3.01,-4.7
2025-08-10T04:14:50.000,4.27,296.35,1.89,-3.83
2025-08-10T04:15:50.000,2.45,327.4,2.06,-1.32
2025-08-10T04:16:50.000,5.53,309.89,3.55,-4.25
2025-08-10T04:17:50.000,2.45,340.42,2.3,-0.82
2025-08-10T04:18:50.000,2.73,312.03,1.83,-2.03
2025-08-10T04:19:50.000,3.75,323,2.99,-2.26
2025-08-10T04:20:50.000,3.21,312.86,2.18,-2.35
2025-08-10T04:21:50.000,5.44,316.05,3.92,-3.78
2025-08-10T04:22:50.000,4.88,315.36,3.47,-3.43
2025-08-10T04:23:50.000,4.19,339.43,3.92,-1.47
2025-08-10T04:24:50.000,4.9,307.22,2.96,-3.9
2025-08-10T04:25:50.000,3.97,329.67,3.43,-2.01
2025-08-10T04:26:50.000,5.44,305.6,3.16,-4.42
2025-08-10T04:27:50.000,9.14,308.06,5.63,-7.19
2025-08-10T04:28:50.000,3.29,334.81,2.98,-1.4
2025-08-10T04:29:50.000,3.57,325.17,2.93,-2.04
2025-08-10T04:30:50.000,4.51,307.05,2.72,-3.6
2025-08-10T04:31:50.000,5.15,308.26,3.19,-4.05
2025-08-10T04:32:50.000,2.96,328.64,2.53,-1.54
2025-08-10T04:33:50.000,6.11,321.53,4.78,-3.8
2025-08-10T04:34:50.000,4.9,329.83,4.24,-2.46
2025-08-10T04:35:50.000,1.8,309.62,1.15,-1.39
2025-08-10T04:36:50.000,6.17,333.2,5.51,-2.78
2025-08-10T04:37:50.000,3.25,344.74,3.13,-0.85
2025-08-10T04:38:50.000,5.99,300.57,3.05,-5.16
2025-08-10T04:39:50.000,11.82,317.36,8.69,-8
2025-08-10T04:40:50.000,11.52,299.74,5.72,-10.01
2025-08-10T04:41:50.000,3.51,358.42,3.51,-0.1
2025-08-10T04:42:50.000,3.8,333.17,3.39,-1.71
2025-08-10T04:43:50.000,9.22,307.7,5.64,-7.29
2025-08-10T04:44:50.000,2.29,325.39,1.89,-1.3
2025-08-10T04:45:50.000,6.76,296.06,2.97,-6.07
2025-08-10T04:46:50.000,2.75,323.24,2.2,-1.65
2025-08-10T04:47:50.000,7.27,307.85,4.46,-5.74
2025-08-10T04:48:50.000,3.79,354.81,3.77,-0.34
2025-08-10T04:49:50.000,5.17,325.19,4.25,-2.95
2025-08-10T04:50:50.000,5.96,301.57,3.12,-5.08
2025-08-10T04:51:50.000,4.95,322.61,3.94,-3.01
2025-08-10T04:52:50.000,4.44,324.88,3.63,-2.55
2025-08-10T04:53:50.000,4.55,326.62,3.8,-2.5
2025-08-10T04:54:50.000,5.6,281.56,1.12,-5.49
2025-08-10T04:55:50.000,4.88,303.13,2.67,-4.09
2025-08-10T04:56:50.000,6.17,295.06,2.61,-5.59
2025-08-10T04:57:50.000,2.39,339.82,2.24,-0.82
2025-08-10T04:58:50.000,3.29,316.96,2.4,-2.24
2025-08-10T04:59:50.000,3.91,329.38,3.37,-1.99
2025-08-10T05:00:50.000,7.34,303.93,4.1,-6.09
2025-08-10T05:01:50.000,4.92,334,4.42,-2.15
2025-08-10T05:02:50.000,7.33,296.98,3.33,-6.54
2025-08-10T05:03:50.000,7.13,309.5,4.54,-5.51
2025-08-10T05:04:50.000,7.65,298.86,3.69,-6.7
2025-08-10T05:05:50.000,4.12,305.83,2.41,-3.34
2025-08-10T05:06:50.000,6.86,290.98,2.46,-6.41
2025-08-10T05:07:50.000,7,299.35,3.43,-6.1
2025-08-10T05:08:50.000,3.02,291.66,1.11,-2.8
2025-08-10T05:09:50.000,2.96,322.1,2.33,-1.82
2025-08-10T05:10:50.000,2.19,298.7,1.05,-1.92
2025-08-10T05:11:50.000,2.83,305.95,1.66,-2.29
2025-08-10T05:12:50.000,3.49,293.5,1.39,-3.2
2025-08-10T05:13:50.000,2.5,314.92,1.76,-1.77
2025-08-10T05:14:50.000,1.23,321.55,0.96,-0.76
2025-08-10T05:15:50.000,2.8,357.11,2.8,-0.14
2025-08-10T05:16:50.000,2.07,326.41,1.73,-1.15
2025-08-10T05:17:50.000,0.8,1.03,0.8,0.01
2025-08-10T05:18:50.000,0.42,31.06,0.36,0.22
2025-08-10T05:19:50.000,1.75,327.58,1.47,-0.94
2025-08-10T05:20:50.000,0.85,353.13,0.84,-0.1
2025-08-10T05:21:50.000,1.24,4.41,1.23,0.1
2025-08-10T05:22:50.000,3.94,293.05,1.54,-3.62
2025-08-10T05:23:50.000,2.93,286.15,0.81,-2.81
2025-08-10T05:24:50.000,0.52,320.31,0.4,-0.33
2025-08-10T05:25:50.000,1.92,307.12,1.16,-1.53
2025-08-10T05:26:50.000,0.78,129.32,-0.5,0.61
2025-08-10T05:27:50.000,1.01,344.39,0.97,-0.27
2025-08-10T05:28:50.000,1.03,64.02,0.45,0.92
2025-08-10T05:29:50.000,0.73,234.61,-0.42,-0.6
2025-08-10T05:30:50.000,0.53,59.47,0.27,0.45
2025-08-10T05:31:50.000,0.76,162.18,-0.72,0.23
2025-08-10T05:32:50.000,0.1,132.4,-0.07,0.08
2025-08-10T05:33:50.000,0.85,195.98,-0.82,-0.23
2025-08-10T05:34:50.000,1.24,326.32,1.03,-0.69
2025-08-10T05:35:50.000,0.47,149.7,-0.41,0.24
2025-08-10T05:36:50.000,0.59,164.6,-0.57,0.16
2025-08-10T05:37:50.000,0.75,14.48,0.73,0.19
2025-08-10T05:38:50.000,0.36,334.28,0.32,-0.16
2025-08-10T05:39:50.000,1.4,342.14,1.33,-0.43
2025-08-10T05:40:50.000,1.3,54.76,0.75,1.06
2025-08-10T05:41:50.000,0.89,59.85,0.45,0.77
2025-08-10T05:42:50.000,1.77,69.37,0.63,1.66
2025-08-10T05:43:50.000,0.94,61.66,0.45,0.83
2025-08-10T05:44:50.000,1.24,60.36,0.61,1.08
2025-08-10T05:45:50.000,1.46,25.96,1.31,0.64
2025-08-10T05:46:50.000,1.15,41.64,0.86,0.77
2025-08-10T05:47:50.000,0.97,44.36,0.69,0.68
2025-08-10T05:48:50.000,1.15,49.06,0.75,0.87
2025-08-10T05:49:50.000,1.14,70.44,0.38,1.07
2025-08-10T05:50:50.000,0.65,47.59,0.44,0.48
2025-08-10T05:51:50.000,1.09,320.03,0.83,-0.7
2025-08-10T05:52:50.000,2.56,298.14,1.21,-2.26
2025-08-10T05:53:50.000,2.1,259.8,-0.37,-2.07
2025-08-10T05:54:50.000,2.33,254.89,-0.61,-2.25
2025-08-10T05:55:50.000,1.26,345.69,1.22,-0.31
2025-08-10T05:56:50.000,2.85,259.29,-0.53,-2.8
2025-08-10T05:57:50.000,1.36,315.32,0.97,-0.96
2025-08-10T05:58:50.000,1.84,285.7,0.5,-1.77
2025-08-10T05:59:50.000,2.66,237.21,-1.44,-2.24
2025-08-10T06:00:50.000,2.64,291.25,0.96,-2.46
2025-08-10T06:01:50.000,0.92,266.13,-0.06,-0.92
2025-08-10T06:02:50.000,1.01,301.65,0.53,-0.86
2025-08-10T06:03:50.000,2.37,237.95,-1.26,-2.01
2025-08-10T06:04:50.000,2.63,315.79,1.88,-1.83
2025-08-10T06:05:50.000,2.9,278.67,0.44,-2.87
2025-08-10T06:06:50.000,2.09,320.48,1.61,-1.33
2025-08-10T06:07:50.000,1.01,274.63,0.08,-1.01
2025-08-10T06:08:50.000,4.4,294.82,1.85,-3.99
2025-08-10T06:09:50.000,3.52,292.77,1.36,-3.25
2025-08-10T06:10:50.000,1.99,328.47,1.7,-1.04
2025-08-10T06:11:50.000,3.01,318.15,2.24,-2.01
2025-08-10T06:12:50.000,3.06,328.88,2.62,-1.58
2025-08-10T06:13:50.000,4.41,322.26,3.49,-2.7
2025-08-10T06:14:50.000,4.12,322.9,3.28,-2.48
2025-08-10T06:15:50.000,5.22,329.6,4.5,-2.64
2025-08-10T06:16:50.000,3.23,329.51,2.79,-1.64
2025-08-10T06:17:50.000,2.5,338.04,2.32,-0.94
2025-08-10T06:18:50.000,5.13,314.22,3.57,-3.67
2025-08-10T06:19:50.000,2.78,342.97,2.66,-0.81
2025-08-10T06:20:50.000,2.35,296.14,1.03,-2.11
2025-08-10T06:21:50.000,2.03,335.71,1.85,-0.83
2025-08-10T06:22:50.000,3.54,349.78,3.49,-0.63
2025-08-10T06:23:50.000,2.28,353.83,2.26,-0.24
2025-08-10T06:24:50.000,1.69,344.85,1.63,-0.44
2025-08-10T06:25:50.000,1.48,318.58,1.11,-0.98
2025-08-10T06:26:50.000,1.63,316.16,1.17,-1.13
2025-08-10T06:27:50.000,1.18,339.72,1.11,-0.41
2025-08-10T06:28:50.000,0.76,359.44,0.76,-0.01
2025-08-10T06:29:50.000,0.56,55,0.32,0.46
2025-08-10T06:30:50.000,1.21,61.1,0.58,1.06
2025-08-10T06:31:50.000,1.58,56.36,0.87,1.31
2025-08-10T06:32:50.000,0.88,63.84,0.39,0.79
2025-08-10T06:33:50.000,0.63,39.68,0.48,0.4
2025-08-10T06:34:50.000,1.2,1.82,1.2,0.04
2025-08-10T06:35:50.000,1.42,130.89,-0.93,1.08
2025-08-10T06:36:50.000,0.3,166.63,-0.29,0.07
2025-08-10T06:37:50.000,0.63,105.78,-0.17,0.61
2025-08-10T06:38:50.000,0.25,92.02,-0.01,0.25
2025-08-10T06:39:50.000,0.87,87.11,0.04,0.87
2025-08-10T06:40:50.000,0.26,65.18,0.11,0.23
2025-08-10T06:41:50.000,1.4,42.31,1.04,0.94
2025-08-10T06:42:50.000,0.99,39.74,0.76,0.63
2025-08-10T06:43:50.000,0.94,53.36,0.56,0.75
2025-08-10T06:44:50.000,0.7,50.36,0.45,0.54
2025-08-10T06:45:50.000,1,351.13,0.98,-0.15
2025-08-10T06:46:50.000,0.86,61.9,0.4,0.75
2025-08-10T06:47:50.000,1.48,67.27,0.57,1.36
2025-08-10T06:48:50.000,1.06,58.57,0.55,0.91
2025-08-10T06:49:50.000,1.32,57.98,0.7,1.12
2025-08-10T06:50:50.000,0.63,46.55,0.43,0.46
2025-08-10T06:51:50.000,0.79,63.93,0.35,0.71
2025-08-10T06:52:50.000,1.71,76.51,0.4,1.66
2025-08-10T06:53:50.000,1.38,74.91,0.36,1.34
2025-08-10T06:54:50.000,1.46,75,0.38,1.41
2025-08-10T06:55:50.000,1.96,59.86,0.98,1.69
2025-08-10T06:56:50.000,1.19,54.16,0.7,0.96
2025-08-10T06:57:50.000,1.12,58.89,0.58,0.96
2025-08-10T06:58:50.000,1.55,53.05,0.93,1.24
2025-08-10T06:59:50.000,1.41,50.1,0.9,1.08
2025-08-10T07:00:50.000,1.33,70.36,0.45,1.25
2025-08-10T07:01:50.000,1.39,74.29,0.38,1.34
2025-08-10T07:02:50.000,1.56,56.45,0.86,1.3
2025-08-10T07:03:50.000,0.83,61.45,0.4,0.73
2025-08-10T07:04:50.000,1.25,40.21,0.95,0.81
2025-08-10T07:05:50.000,1.54,43.64,1.12,1.06
2025-08-10T07:06:50.000,1.6,51.09,1,1.24
2025-08-10T07:07:50.000,1.34,78.57,0.27,1.32
2025-08-10T07:08:50.000,1.77,45.8,1.23,1.27
2025-08-10T07:09:50.000,1.63,43.46,1.19,1.12
2025-08-10T07:10:50.000,1.36,45.28,0.96,0.97
2025-08-10T07:11:50.000,1.29,57.85,0.69,1.09
2025-08-10T07:12:50.000,0.67,53.87,0.4,0.54
2025-08-10T07:13:50.000,1.1,41.99,0.82,0.74
2025-08-10T07:14:50.000,1.08,79.11,0.2,1.06
2025-08-10T07:15:50.000,0.76,73.06,0.22,0.73
2025-08-10T07:16:50.000,1.21,75.19,0.31,1.17
2025-08-10T07:17:50.000,1.91,91.67,-0.06,1.91
2025-08-10T07:18:50.000,0.59,23.61,0.54,0.24
2025-08-10T07:19:50.000,0.72,358.05,0.71,-0.02
2025-08-10T07:20:50.000,0.65,60.6,0.32,0.57
2025-08-10T07:21:50.000,0.65,68.94,0.23,0.61
2025-08-10T07:22:50.000,1.11,107.98,-0.34,1.06
2025-08-10T07:23:50.000,0.99,107,-0.29,0.94
2025-08-10T07:24:50.000,1.09,139.39,-0.83,0.71
2025-08-10T07:25:50.000,0.81,125.89,-0.48,0.66
2025-08-10T07:26:50.000,0.74,135.75,-0.53,0.52
2025-08-10T07:27:50.000,0.08,249.65,-0.03,-0.08
2025-08-10T07:28:50.000,0.78,28.23,0.69,0.37
2025-08-10T07:29:50.000,0.74,30.23,0.64,0.37
2025-08-10T07:30:50.000,0.42,294.08,0.17,-0.38
2025-08-10T07:31:50.000,0.46,35.27,0.37,0.26
2025-08-10T07:32:50.000,0.54,354.57,0.54,-0.05
2025-08-10T07:33:50.000,0.1,311.07,0.06,-0.07
2025-08-10T07:34:50.000,0.58,11.96,0.56,0.12
2025-08-10T07:35:50.000,0.77,0.04,0.77,0
2025-08-10T07:36:50.000,0.41,40.56,0.31,0.27
2025-08-10T07:37:50.000,0.94,58.91,0.48,0.8
2025-08-10T07:38:50.000,1.01,57.38,0.54,0.85
2025-08-10T07:39:50.000,1.28,52.33,0.78,1.01
2025-08-10T07:40:50.000,1.07,58.86,0.55,0.92
2025-08-10T07:41:50.000,0.88,73.89,0.24,0.84
2025-08-10T07:42:50.000,1.15,72.12,0.35,1.09
2025-08-10T07:43:50.000,1.15,54.18,0.67,0.93
2025-08-10T07:44:50.000,0.78,93.04,-0.04,0.78
2025-08-10T07:45:50.000,0.71,95.21,-0.06,0.71
2025-08-10T07:46:50.000,0.47,85.94,0.03,0.47
2025-08-10T07:47:50.000,0.67,70.62,0.22,0.63
2025-08-10T07:48:50.000,0.9,55.47,0.51,0.74
2025-08-10T07:49:50.000,0.94,25.98,0.84,0.41
2025-08-10T07:50:50.000,0.73,27.73,0.64,0.34
2025-08-10T07:51:50.000,0.84,48.96,0.55,0.63
2025-08-10T07:52:50.000,0.89,18.8,0.84,0.29
2025-08-10T07:53:50.000,0.94,6.9,0.94,0.11
2025-08-10T07:54:50.000,0.73,45.27,0.52,0.52
2025-08-10T07:55:50.000,0.63,70.47,0.21,0.6
2025-08-10T07:56:50.000,0.34,192.17,-0.34,-0.07
2025-08-10T07:57:50.000,1.02,198.89,-0.97,-0.33
2025-08-10T07:58:50.000,0.23,194.93,-0.22,-0.06
2025-08-10T07:59:50.000,0.26,271.86,0.01,-0.26
2025-08-10T08:00:50.000,0.7,124.24,-0.39,0.58
2025-08-10T08:01:50.000,0.63,70.79,0.21,0.6
2025-08-10T08:02:50.000,0.78,84.33,0.08,0.78
2025-08-10T08:03:50.000,0.43,63.26,0.19,0.38
2025-08-10T08:04:50.000,1.06,65.55,0.44,0.96
2025-08-10T08:05:50.000,1.05,71.43,0.33,0.99
2025-08-10T08:06:50.000,1.07,137.58,-0.79,0.72
2025-08-10T08:07:50.000,1.06,156.51,-0.97,0.42
2025-08-10T08:08:50.000,0.85,296.34,0.38,-0.77
2025-08-10T08:09:50.000,1.36,261.57,-0.2,-1.35
2025-08-10T08:10:50.000,1.56,182.69,-1.56,-0.07
2025-08-10T08:11:50.000,1.77,301.77,0.93,-1.51
2025-08-10T08:12:50.000,0.92,264.84,-0.08,-0.91
2025-08-10T08:13:50.000,1.78,341.33,1.68,-0.57
2025-08-10T08:14:50.000,2.45,351.42,2.42,-0.37
2025-08-10T08:15:50.000,1.74,25.51,1.57,0.75
2025-08-10T08:16:50.000,1.32,34.35,1.09,0.75
2025-08-10T08:17:50.000,1.54,22.9,1.42,0.6
2025-08-10T08:18:50.000,1.41,5.99,1.41,0.15
2025-08-10T08:19:50.000,1.39,6.98,1.38,0.17
2025-08-10T08:20:50.000,1.95,309.96,1.25,-1.5
2025-08-10T08:21:50.000,3.85,296.21,1.7,-3.45
2025-08-10T08:22:50.000,1.9,15.56,1.83,0.51
2025-08-10T08:23:50.000,1.68,6.43,1.67,0.19
2025-08-10T08:24:50.000,2.71,269.06,-0.04,-2.71
2025-08-10T08:25:50.000,3.28,306.65,1.96,-2.63
2025-08-10T08:26:50.000,2.47,351.42,2.44,-0.37
2025-08-10T08:27:50.000,1.57,7.62,1.55,0.21
2025-08-10T08:28:50.000,0.78,344.87,0.75,-0.2
2025-08-10T08:29:50.000,4.67,262.87,-0.58,-4.63
2025-08-10T08:30:50.000,7.95,255.53,-1.99,-7.7
2025-08-10T08:31:50.000,1.48,359.88,1.48,0
2025-08-10T08:32:50.000,5.12,318.04,3.81,-3.43
2025-08-10T08:33:50.000,5.37,334.5,4.85,-2.31
2025-08-10T08:34:50.000,3.85,346.33,3.74,-0.91
2025-08-10T08:35:50.000,5,331.65,4.4,-2.37
2025-08-10T08:36:50.000,3.94,315.95,2.83,-2.74
2025-08-10T08:37:50.000,5.09,292.97,1.99,-4.69
2025-08-10T08:38:50.000,6.42,310.02,4.13,-4.92
2025-08-10T08:39:50.000,4.87,317.16,3.57,-3.31
2025-08-10T08:40:50.000,5.38,309.79,3.44,-4.13
2025-08-10T08:41:50.000,3.68,310.54,2.39,-2.79
2025-08-10T08:42:50.000,5.65,310.17,3.64,-4.31
2025-08-10T08:43:50.000,9.59,304.73,5.46,-7.88
2025-08-10T08:44:50.000,10.84,298.03,5.09,-9.57
2025-08-10T08:45:50.000,7.45,297.12,3.39,-6.63
2025-08-10T08:46:50.000,8.3,301.58,4.35,-7.07
2025-08-10T08:47:50.000,6.07,288.9,1.97,-5.74
2025-08-10T08:48:50.000,2.4,293.51,0.96,-2.21
2025-08-10T08:49:50.000,7.23,304.57,4.1,-5.96
2025-08-10T08:50:50.000,9.78,293.89,3.96,-8.94
2025-08-10T08:51:50.000,6.12,300,3.06,-5.3
2025-08-10T08:52:50.000,9.44,300.35,4.77,-8.15
2025-08-10T08:53:50.000,14.09,289.08,4.6,-13.31
2025-08-10T08:54:50.000,10.44,297.25,4.78,-9.28
2025-08-10T08:55:50.000,9.79,294.88,4.12,-8.88
2025-08-10T08:56:50.000,9.92,281.72,2.02,-9.72
2025-08-10T08:57:50.000,6.74,311.19,4.44,-5.08
2025-08-10T08:58:50.000,9.87,301.1,5.1,-8.45
2025-08-10T08:59:50.000,13.73,293.84,5.55,-12.56
2025-08-10T09:00:50.000,9.65,313.96,6.7,-6.95
2025-08-10T09:01:50.000,12.88,298.68,6.18,-11.3
2025-08-10T09:02:50.000,9.52,299.59,4.7,-8.28
2025-08-10T09:03:50.000,9.99,315.42,7.12,-7.01
2025-08-10T09:04:50.000,17.05,303.12,9.32,-14.28
2025-08-10T09:05:50.000,10.17,310.38,6.59,-7.75
2025-08-10T09:06:50.000,14.12,302.26,7.54,-11.94
2025-08-10T09:07:50.000,12.55,305.1,7.22,-10.27
2025-08-10T09:08:50.000,7.69,317.03,5.63,-5.25
2025-08-10T09:09:50.000,18.84,315.83,13.51,-13.13
2025-08-10T09:10:50.000,21.16,296.99,9.6,-18.85
2025-08-10T09:11:50.000,15.34,306.98,9.22,-12.25
2025-08-10T09:12:50.000,15.13,284.58,3.81,-14.64
2025-08-10T09:13:50.000,7.12,299.67,3.52,-6.19
2025-08-10T09:14:50.000,8.38,307.85,5.14,-6.61
2025-08-10T09:15:50.000,13.67,310.62,8.9,-10.37
2025-08-10T09:16:50.000,18.67,308.68,11.67,-14.57
2025-08-10T09:17:50.000,19.16,295.83,8.35,-17.25
2025-08-10T09:18:50.000,16.37,296.06,7.19,-14.71
2025-08-10T09:19:50.000,9.45,326.92,7.92,-5.16
2025-08-10T09:20:50.000,12.02,315.1,8.52,-8.49
2025-08-10T09:21:50.000,16.43,295.4,7.04,-14.84
2025-08-10T09:22:50.000,7.73,314.9,5.46,-5.48
2025-08-10T09:23:50.000,10.52,311.26,6.94,-7.91
2025-08-10T09:24:50.000,14.33,305.9,8.4,-11.61
2025-08-10T09:25:50.000,10.42,289.34,3.45,-9.84
2025-08-10T09:26:50.000,8.68,288.79,2.8,-8.22
2025-08-10T09:27:50.000,5.79,300.52,2.94,-4.99
2025-08-10T09:28:50.000,6.52,306.32,3.86,-5.25
2025-08-10T09:29:50.000,5.8,288.05,1.8,-5.52
2025-08-10T09:30:50.000,1.62,333.32,1.45,-0.73
2025-08-10T09:31:50.000,4.87,318.14,3.63,-3.25
2025-08-10T09:32:50.000,8.47,299.86,4.22,-7.35
2025-08-10T09:33:50.000,4.62,342.31,4.4,-1.4
2025-08-10T09:34:50.000,2.25,349.78,2.21,-0.4
2025-08-10T09:35:50.000,5.73,319.82,4.38,-3.7
2025-08-10T09:36:50.000,4.75,317.48,3.5,-3.21
2025-08-10T09:37:50.000,8.56,317.53,6.32,-5.78
2025-08-10T09:38:50.000,5.14,300.54,2.61,-4.43
2025-08-10T09:39:50.000,3.74,334.97,3.39,-1.58
2025-08-10T09:40:50.000,0.95,9,0.94,0.15
2025-08-10T09:41:50.000,2.28,344.8,2.2,-0.6
2025-08-10T09:42:50.000,2.26,306.54,1.35,-1.82
2025-08-10T09:43:50.000,1.95,256.92,-0.44,-1.9
2025-08-10T09:44:50.000,0.22,291.36,0.08,-0.2
2025-08-10T09:45:50.000,2.05,4.86,2.04,0.17
2025-08-10T09:46:50.000,1.65,348.43,1.62,-0.33
2025-08-10T09:47:50.000,3.04,344,2.93,-0.84
2025-08-10T09:48:50.000,0.54,307.43,0.33,-0.43
2025-08-10T09:49:50.000,0.69,29.37,0.6,0.34
2025-08-10T09:50:50.000,1.26,19.1,1.19,0.41
2025-08-10T09:51:50.000,1.74,29.61,1.51,0.86
2025-08-10T09:52:50.000,1.62,31.86,1.37,0.85
2025-08-10T09:53:50.000,2.19,22.5,2.02,0.84
2025-08-10T09:54:50.000,2.04,312.39,1.38,-1.51
2025-08-10T09:55:50.000,3.21,26.19,2.88,1.42
2025-08-10T09:56:50.000,4.33,22.91,3.98,1.68
2025-08-10T09:57:50.000,2.12,2.23,2.12,0.08
2025-08-10T09:58:50.000,1.87,73.21,0.54,1.79
2025-08-10T09:59:50.000,1.56,89.2,0.02,1.56
2025-08-10T10:00:50.000,0.82,149.02,-0.7,0.42
2025-08-10T10:01:50.000,0.96,110.53,-0.34,0.9
2025-08-10T10:02:50.000,2.06,113.24,-0.81,1.89
2025-08-10T10:03:50.000,2.61,149.1,-2.24,1.34
2025-08-10T10:04:50.000,0.79,99.48,-0.13,0.78
2025-08-10T10:05:50.000,1.07,85.27,0.09,1.07
2025-08-10T10:06:50.000,0.99,330.36,0.86,-0.49
2025-08-10T10:07:50.000,1.88,37.06,1.5,1.13
2025-08-10T10:08:50.000,3.39,69.58,1.18,3.18
2025-08-10T10:09:50.000,1.5,8.85,1.49,0.23
2025-08-10T10:10:50.000,1.63,86.7,0.09,1.63
2025-08-10T10:11:50.000,0.58,46.81,0.39,0.42
2025-08-10T10:12:50.000,1.2,31.36,1.02,0.62
2025-08-10T10:13:50.000,1.21,343.16,1.16,-0.35
2025-08-10T10:14:50.000,1.5,68.32,0.56,1.4
2025-08-10T10:15:50.000,2.92,51.99,1.8,2.3
2025-08-10T10:16:50.000,0.66,107.52,-0.2,0.63
2025-08-10T10:17:50.000,1.84,73.88,0.51,1.77
2025-08-10T10:18:50.000,0.61,58.35,0.32,0.52
2025-08-10T10:19:50.000,2.2,120.62,-1.12,1.89
2025-08-10T10:20:50.000,1.48,127.86,-0.91,1.17
2025-08-10T10:21:50.000,2.42,97.31,-0.31,2.4
2025-08-10T10:22:50.000,2.19,85.61,0.17,2.18
2025-08-10T10:23:50.000,2.03,92.83,-0.1,2.03
2025-08-10T10:24:50.000,0.35,352.79,0.35,-0.04
2025-08-10T10:25:50.000,2.27,42.13,1.69,1.53
2025-08-10T10:26:50.000,0.92,86.12,0.06,0.92
2025-08-10T10:27:50.000,1.09,49.79,0.71,0.83
2025-08-10T10:28:50.000,3.75,119.13,-1.82,3.27
2025-08-10T10:29:50.000,2.9,53.86,1.71,2.34
2025-08-10T10:30:50.000,1.21,66.12,0.49,1.1
2025-08-10T10:31:50.000,1.95,69.66,0.68,1.83
2025-08-10T10:32:50.000,1.08,34.23,0.89,0.61
2025-08-10T10:33:50.000,1.39,77.99,0.29,1.36
2025-08-10T10:34:50.000,2.83,104.63,-0.71,2.73
2025-08-10T10:35:50.000,3.01,54.07,1.77,2.44
2025-08-10T10:36:50.000,2.6,61.1,1.26,2.27
2025-08-10T10:37:50.000,3.82,112.01,-1.43,3.54
2025-08-10T10:38:50.000,2.09,77.04,0.47,2.04
2025-08-10T10:39:50.000,3.73,106.12,-1.04,3.58
2025-08-10T10:40:50.000,0.86,79.43,0.16,0.84
2025-08-10T10:41:50.000,0.46,29.39,0.4,0.22
2025-08-10T10:42:50.000,1.91,86.74,0.11,1.91
2025-08-10T10:43:50.000,2.44,51.37,1.52,1.9
2025-08-10T10:44:50.000,2.5,48.53,1.65,1.87
2025-08-10T10:45:50.000,1.53,75.05,0.39,1.47
2025-08-10T10:46:50.000,0.64,48.36,0.43,0.48
2025-08-10T10:47:50.000,1.79,53.37,1.07,1.44
2025-08-10T10:48:50.000,2.54,93.95,-0.17,2.53
2025-08-10T10:49:50.000,1.33,78.33,0.27,1.31
2025-08-10T10:50:50.000,1.8,112.38,-0.69,1.66
2025-08-10T10:51:50.000,2.07,36.96,1.66,1.25
2025-08-10T10:52:50.000,1.44,88.52,0.04,1.44
2025-08-10T10:53:50.000,1.45,69.84,0.5,1.36
2025-08-10T10:54:50.000,2.45,63.6,1.09,2.19
2025-08-10T10:55:50.000,0.89,100.49,-0.16,0.88
2025-08-10T10:56:50.000,2.15,78.7,0.42,2.11
2025-08-10T10:57:50.000,2.49,34.5,2.05,1.41
2025-08-10T10:58:50.000,2.05,141.54,-1.61,1.28
2025-08-10T10:59:50.000,1.45,64.87,0.61,1.31
2025-08-10T11:00:50.000,3.33,49.92,2.14,2.55
2025-08-10T11:01:50.000,0.91,128.8,-0.57,0.71
2025-08-10T11:02:50.000,1.52,53.95,0.9,1.23
2025-08-10T11:03:50.000,1.9,43.21,1.39,1.3
2025-08-10T11:04:50.000,0.64,80.91,0.1,0.63
2025-08-10T11:05:50.000,1.41,88.75,0.03,1.41
2025-08-10T11:06:50.000,1.87,108.27,-0.59,1.78
2025-08-10T11:07:50.000,1.78,40.35,1.36,1.15
2025-08-10T11:08:50.000,1.65,72.06,0.51,1.57
2025-08-10T11:09:50.000,4.2,58.96,2.16,3.6
2025-08-10T11:10:50.000,2.24,125.37,-1.3,1.83
2025-08-10T11:11:50.000,2.59,135.11,-1.83,1.83
2025-08-10T11:12:50.000,2.9,53.19,1.74,2.32
2025-08-10T11:13:50.000,1.62,94.07,-0.11,1.61
2025-08-10T11:14:50.000,1.1,80.61,0.18,1.08
2025-08-10T11:15:50.000,1.81,121.18,-0.94,1.55
2025-08-10T11:16:50.000,0.89,74.95,0.23,0.86
2025-08-10T11:17:50.000,1.01,47.76,0.68,0.75
2025-08-10T11:18:50.000,3.08,65.61,1.27,2.81
2025-08-10T11:19:50.000,1.47,122.64,-0.79,1.24
2025-08-10T11:20:50.000,1.47,79.96,0.26,1.45
2025-08-10T11:21:50.000,1.24,80.46,0.21,1.22
2025-08-10T11:22:50.000,1.69,58.71,0.88,1.45
2025-08-10T11:23:50.000,1.55,8.18,1.53,0.22
2025-08-10T11:24:50.000,1.49,148.89,-1.27,0.77
2025-08-10T11:25:50.000,1.46,133.83,-1.01,1.05
2025-08-10T11:26:50.000,0.8,81.41,0.12,0.79
2025-08-10T11:27:50.000,1.57,106.74,-0.45,1.5
2025-08-10T11:28:50.000,1.32,103.74,-0.31,1.28
2025-08-10T11:29:50.000,1.92,347.79,1.87,-0.41
2025-08-10T11:30:50.000,2.88,47.86,1.94,2.14
2025-08-10T11:31:50.000,2.02,44.06,1.45,1.4
2025-08-10T11:32:50.000,1.62,76.49,0.38,1.58
2025-08-10T11:33:50.000,1.23,72.31,0.37,1.17
2025-08-10T11:34:50.000,1.76,50.67,1.12,1.36
2025-08-10T11:35:50.000,0.8,19.85,0.75,0.27
2025-08-10T11:36:50.000,1.54,56.58,0.85,1.29
2025-08-10T11:37:50.000,0.97,35.17,0.79,0.56
2025-08-10T11:38:50.000,1.5,77.17,0.33,1.46
2025-08-10T11:39:50.000,1.16,57.02,0.63,0.97
2025-08-10T11:40:50.000,0.2,118.81,-0.09,0.17
2025-08-10T11:41:50.000,1.57,79.47,0.29,1.54
2025-08-10T11:42:50.000,1.85,62.19,0.87,1.64
2025-08-10T11:43:50.000,0.87,72.15,0.27,0.83
2025-08-10T11:44:50.000,0.88,48.13,0.59,0.65
2025-08-10T11:45:50.000,0.92,95.23,-0.08,0.92
2025-08-10T11:46:50.000,0.75,45.82,0.52,0.54
2025-08-10T11:47:50.000,1.15,76.46,0.27,1.11
2025-08-10T11:48:50.000,0.97,75.12,0.25,0.94
2025-08-10T11:49:50.000,1.63,104.63,-0.41,1.58
2025-08-10T11:50:50.000,0.82,110.25,-0.28,0.77
2025-08-10T11:51:50.000,0.84,55.46,0.48,0.69
2025-08-10T11:52:50.000,0.71,66.66,0.28,0.65
2025-08-10T11:53:50.000,2.54,93.47,-0.15,2.54
2025-08-10T11:54:50.000,1.91,95.79,-0.19,1.9
2025-08-10T11:55:50.000,1.01,88.92,0.02,1.01
2025-08-10T11:56:50.000,2.16,76.59,0.5,2.1
2025-08-10T11:57:50.000,1.64,80.06,0.28,1.62
2025-08-10T11:58:50.000,0.94,50.66,0.59,0.73
2025-08-10T11:59:50.000,0.81,124.6,-0.46,0.67
2025-08-10T12:00:50.000,1.87,116.85,-0.84,1.67
2025-08-10T12:01:50.000,2.09,86.91,0.11,2.08
2025-08-10T12:02:50.000,1.25,55.72,0.7,1.03
2025-08-10T12:03:50.000,1.03,27.81,0.91,0.48
2025-08-10T12:04:50.000,0.75,77.87,0.16,0.73
2025-08-10T12:05:50.000,0.78,39.14,0.6,0.49
2025-08-10T12:06:50.000,0.57,139.57,-0.43,0.37
2025-08-10T12:07:50.000,1.52,93.06,-0.08,1.52
2025-08-10T12:08:50.000,1.61,117.01,-0.73,1.43
2025-08-10T12:09:50.000,2.48,163.21,-2.37,0.72
2025-08-10T12:10:50.000,1.08,116.74,-0.49,0.96
2025-08-10T12:11:50.000,1.09,91.7,-0.03,1.09
2025-08-10T12:12:50.000,1.14,110.21,-0.4,1.07
2025-08-10T12:13:50.000,0.65,77.79,0.14,0.63
2025-08-10T12:14:50.000,0.97,91.32,-0.02,0.97
2025-08-10T12:15:50.000,1.36,69.45,0.48,1.27
2025-08-10T12:16:50.000,1.58,87.38,0.07,1.58
2025-08-10T12:17:50.000,0.92,56.43,0.51,0.77
2025-08-10T12:18:50.000,1.43,31.73,1.22,0.75
2025-08-10T12:19:50.000,1.25,35.84,1.02,0.73
2025-08-10T12:20:50.000,1.54,39.04,1.19,0.97
2025-08-10T12:21:50.000,0.64,33.58,0.53,0.35
2025-08-10T12:22:50.000,0.86,46.71,0.59,0.62
2025-08-10T12:23:50.000,1.54,79.13,0.29,1.52
2025-08-10T12:24:50.000,1.62,45.5,1.14,1.16
2025-08-10T12:25:50.000,0.68,38.26,0.53,0.42
2025-08-10T12:26:50.000,0.46,53.45,0.27,0.37
2025-08-10T12:27:50.000,0.79,68.95,0.28,0.74
2025-08-10T12:28:50.000,1.07,76.65,0.25,1.05
2025-08-10T12:29:50.000,1.43,58.48,0.75,1.22
2025-08-10T12:30:50.000,1.62,47.42,1.09,1.19
2025-08-10T12:31:50.000,1.13,49.09,0.74,0.86
2025-08-10T12:32:50.000,1.03,58.12,0.55,0.88
2025-08-10T12:33:50.000,1.11,51.31,0.7,0.87
2025-08-10T12:34:50.000,1.62,52.35,0.99,1.28
2025-08-10T12:35:50.000,1.67,57.02,0.91,1.4
2025-08-10T12:36:50.000,1.24,54.66,0.72,1.01
2025-08-10T12:37:50.000,0.89,78.06,0.18,0.87
2025-08-10T12:38:50.000,1.33,58.76,0.69,1.14
2025-08-10T12:39:50.000,0.19,25.11,0.17,0.08
2025-08-10T12:40:50.000,0.69,99.82,-0.12,0.68
2025-08-10T12:41:50.000,0.52,354.11,0.51,-0.05
2025-08-10T12:42:50.000,1.01,78.37,0.2,0.99
2025-08-10T12:43:50.000,1.17,92.79,-0.06,1.17
2025-08-10T12:44:50.000,1.23,56.48,0.68,1.02
2025-08-10T12:45:50.000,1.03,66.36,0.41,0.94
2025-08-10T12:46:50.000,1.38,62.97,0.63,1.23
2025-08-10T12:47:50.000,1.22,34,1.01,0.68
2025-08-10T12:48:50.000,0.95,67.35,0.37,0.87
2025-08-10T12:49:50.000,0.6,145.69,-0.5,0.34
2025-08-10T12:50:50.000,1.59,104.06,-0.39,1.54
2025-08-10T12:51:50.000,1.45,124.41,-0.82,1.2
2025-08-10T12:52:50.000,1.37,160.15,-1.29,0.47
2025-08-10T12:53:50.000,0.99,128.73,-0.62,0.77
2025-08-10T12:54:50.000,0.5,147.48,-0.42,0.27
2025-08-10T12:55:50.000,0.81,81.81,0.11,0.8
2025-08-10T12:56:50.000,1.02,121.27,-0.53,0.87
2025-08-10T12:57:50.000,0.48,73.15,0.14,0.46
2025-08-10T12:58:50.000,1.14,93.04,-0.06,1.13
2025-08-10T12:59:50.000,0.19,97.14,-0.02,0.19
2025-08-10T13:00:50.000,0.38,110.38,-0.13,0.35
2025-08-10T13:01:50.000,0.75,114.53,-0.31,0.68
2025-08-10T13:02:50.000,1.3,99.98,-0.23,1.28
2025-08-10T13:03:50.000,1.11,81.96,0.16,1.1
2025-08-10T13:04:50.000,1.35,26.84,1.21,0.61
2025-08-10T13:05:50.000,2.02,30.51,1.74,1.03
2025-08-10T13:06:50.000,2.35,40.81,1.78,1.54
2025-08-10T13:07:50.000,1.53,42.25,1.13,1.03
2025-08-10T13:08:50.000,0.3,148.07,-0.25,0.16
2025-08-10T13:09:50.000,1.95,129.65,-1.25,1.5
2025-08-10T13:10:50.000,1.99,110.47,-0.69,1.86
2025-08-10T13:11:50.000,1.42,75.38,0.36,1.37
2025-08-10T13:12:50.000,1.47,33.97,1.22,0.82
2025-08-10T13:13:50.000,3.49,31.97,2.96,1.85
2025-08-10T13:14:50.000,1.79,74.79,0.47,1.73
2025-08-10T13:15:50.000,2.33,12.63,2.27,0.51
2025-08-10T13:16:50.000,3.71,142.95,-2.96,2.23
2025-08-10T13:17:50.000,1.29,146.14,-1.07,0.72
2025-08-10T13:18:50.000,2.32,138.05,-1.73,1.55
2025-08-10T13:19:50.000,0.95,111.57,-0.35,0.88
2025-08-10T13:20:50.000,1.72,53.46,1.03,1.39
2025-08-10T13:21:50.000,2.45,17.67,2.34,0.74
2025-08-10T13:22:50.000,2.45,51.9,1.51,1.93
2025-08-10T13:23:50.000,2.83,67.1,1.1,2.61
2025-08-10T13:24:50.000,2.06,124,-1.15,1.71
2025-08-10T13:25:50.000,2.13,93.52,-0.13,2.13
2025-08-10T13:26:50.000,1.75,75.91,0.43,1.7
2025-08-10T13:27:50.000,0.96,11.65,0.94,0.19
2025-08-10T13:28:50.000,1.28,53.36,0.76,1.02
2025-08-10T13:29:50.000,0.82,124.96,-0.47,0.67
2025-08-10T13:30:50.000,1.62,100.16,-0.29,1.6
2025-08-10T13:31:50.000,0.89,117.88,-0.42,0.78
2025-08-10T13:32:50.000,0.84,39.96,0.64,0.54
2025-08-10T13:33:50.000,1.66,56.05,0.93,1.38
2025-08-10T13:34:50.000,1.16,66.4,0.46,1.06
2025-08-10T13:35:50.000,1.2,66.46,0.48,1.1
2025-08-10T13:36:50.000,1.01,78.68,0.2,0.99
2025-08-10T13:37:50.000,1.13,66.32,0.45,1.03
2025-08-10T13:38:50.000,3.13,47.63,2.11,2.31
2025-08-10T13:39:50.000,3.45,55.43,1.96,2.84
2025-08-10T13:40:50.000,1.18,63.98,0.52,1.06
2025-08-10T13:41:50.000,2.55,110.91,-0.91,2.39
2025-08-10T13:42:50.000,2.05,88.66,0.05,2.05
2025-08-10T13:43:50.000,1.83,70.98,0.6,1.73
2025-08-10T13:44:50.000,1.11,117.64,-0.52,0.99
2025-08-10T13:45:50.000,1.28,53.33,0.77,1.03
2025-08-10T13:46:50.000,1.34,67.83,0.51,1.24
2025-08-10T13:47:50.000,0.83,157.07,-0.77,0.32
2025-08-10T13:48:50.000,0.94,86.13,0.06,0.93
2025-08-10T13:49:50.000,0.96,357.89,0.96,-0.04
2025-08-10T13:50:50.000,1.76,83.92,0.19,1.75
2025-08-10T13:51:50.000,1.38,69.13,0.49,1.29
2025-08-10T13:52:50.000,1.22,121.08,-0.63,1.05
2025-08-10T13:53:50.000,1.09,53.95,0.64,0.89
2025-08-10T13:54:50.000,4.03,65.62,1.66,3.67
2025-08-10T13:55:50.000,3.44,49.32,2.24,2.61
2025-08-10T13:56:50.000,5.27,123.48,-2.91,4.39
2025-08-10T13:57:50.000,2.52,53.83,1.49,2.03
2025-08-10T13:58:50.000,2.92,39.36,2.26,1.85
2025-08-10T13:59:50.000,1.15,48.74,0.76,0.87
2025-08-10T14:00:50.000,1.81,91.03,-0.03,1.81
2025-08-10T14:01:50.000,2.85,78.31,0.58,2.79
2025-08-10T14:02:50.000,3.83,70.77,1.26,3.61
2025-08-10T14:03:50.000,3.65,104.9,-0.94,3.53
2025-08-10T14:04:50.000,3.81,36.23,3.07,2.25
2025-08-10T14:05:50.000,3.01,76.89,0.68,2.93
2025-08-10T14:06:50.000,4.9,37.88,3.87,3.01
2025-08-10T14:07:50.000,4.66,110.89,-1.66,4.35
2025-08-10T14:08:50.000,5.92,129.39,-3.76,4.58
2025-08-10T14:09:50.000,5.78,121.48,-3.02,4.93
2025-08-10T14:10:50.000,5.73,27.09,5.11,2.61
2025-08-10T14:11:50.000,1.91,129.92,-1.22,1.46
2025-08-10T14:12:50.000,1.33,59.53,0.67,1.14
2025-08-10T14:13:50.000,11.76,127.47,-7.15,9.33
2025-08-10T14:14:50.000,5.05,114.5,-2.09,4.6
2025-08-10T14:15:50.000,4.28,60.04,2.14,3.71
2025-08-10T14:16:50.000,4.11,77.91,0.86,4.02
2025-08-10T14:17:50.000,3.98,40.32,3.03,2.57
2025-08-10T14:18:50.000,2.31,48.34,1.53,1.72
2025-08-10T14:19:50.000,11.57,64.52,4.98,10.45
2025-08-10T14:20:50.000,4.3,68.1,1.6,3.99
2025-08-10T14:21:50.000,2.69,59.77,1.35,2.32
2025-08-10T14:22:50.000,5.08,70.11,1.73,4.78
2025-08-10T14:23:50.000,5.97,25.83,5.37,2.6
2025-08-10T14:24:50.000,1.96,60.7,0.96,1.71
2025-08-10T14:25:50.000,4.44,66.16,1.79,4.06
2025-08-10T14:26:50.000,1.67,18.33,1.59,0.53
2025-08-10T14:27:50.000,1.63,5.25,1.63,0.15
2025-08-10T14:28:50.000,2.47,77.13,0.55,2.41
2025-08-10T14:29:50.000,2.57,75.83,0.63,2.49
2025-08-10T14:30:50.000,2.04,58.94,1.05,1.74
2025-08-10T14:31:50.000,3.7,115.52,-1.59,3.34
2025-08-10T14:32:50.000,1.18,358.75,1.18,-0.03
2025-08-10T14:33:50.000,1.49,4.59,1.48,0.12
2025-08-10T14:34:50.000,3.44,61.79,1.63,3.03
2025-08-10T14:35:50.000,6.35,63.95,2.79,5.71
2025-08-10T14:36:50.000,1.68,130.43,-1.09,1.28
2025-08-10T14:37:50.000,2.94,31.67,2.5,1.54
2025-08-10T14:38:50.000,2.58,51.73,1.6,2.02
2025-08-10T14:39:50.000,1.78,62.12,0.83,1.57
2025-08-10T14:40:50.000,1.4,59.61,0.71,1.21
2025-08-10T14:41:50.000,2.18,52.95,1.31,1.74
2025-08-10T14:42:50.000,4.28,88,0.15,4.28
2025-08-10T14:43:50.000,2.44,81.11,0.38,2.41
2025-08-10T14:44:50.000,3.24,90.5,-0.03,3.24
2025-08-10T14:45:50.000,0.8,136.44,-0.58,0.55
2025-08-10T14:46:50.000,4.23,109.43,-1.41,3.99
2025-08-10T14:47:50.000,2.52,30.4,2.18,1.28
2025-08-10T14:48:50.000,2.34,42.25,1.73,1.57
2025-08-10T14:49:50.000,1.74,102.12,-0.37,1.71
2025-08-10T14:50:50.000,0.77,74.35,0.21,0.75
2025-08-10T14:51:50.000,1.84,66.05,0.75,1.68
2025-08-10T14:52:50.000,1.37,26.47,1.23,0.61
2025-08-10T14:53:50.000,0.65,310.07,0.42,-0.5
2025-08-10T14:54:50.000,0.44,321.62,0.34,-0.27
2025-08-10T14:55:50.000,1.92,56.26,1.06,1.59
2025-08-10T14:56:50.000,1.5,62.08,0.7,1.33
2025-08-10T14:57:50.000,2.71,36.57,2.17,1.61
2025-08-10T14:58:50.000,1.98,357.17,1.98,-0.1
2025-08-10T14:59:50.000,2.5,17.41,2.39,0.75
2025-08-10T15:00:50.000,1.71,93.14,-0.09,1.71
2025-08-10T15:01:50.000,1.16,64.27,0.5,1.05
2025-08-10T15:02:50.000,2.61,91.18,-0.05,2.61
2025-08-10T15:03:50.000,2.61,49.6,1.69,1.99
2025-08-10T15:04:50.000,3.03,44.22,2.17,2.11
2025-08-10T15:05:50.000,1.27,33.92,1.05,0.71
2025-08-10T15:06:50.000,1.53,93.04,-0.08,1.53
2025-08-10T15:07:50.000,2.29,16.74,2.2,0.66
2025-08-10T15:08:50.000,2.22,44.42,1.59,1.55
2025-08-10T15:09:50.000,1.59,43.28,1.16,1.09
2025-08-10T15:10:50.000,1.06,202.56,-0.98,-0.41
2025-08-10T15:11:50.000,1.77,50.59,1.12,1.37
2025-08-10T15:12:50.000,1.14,27.19,1.02,0.52
2025-08-10T15:13:50.000,1.05,20.99,0.98,0.37
2025-08-10T15:14:50.000,0.76,72.65,0.23,0.72
2025-08-10T15:15:50.000,1.55,65.24,0.65,1.4
2025-08-10T15:16:50.000,0.99,26.66,0.88,0.44
2025-08-10T15:17:50.000,1.24,97.2,-0.15,1.23
2025-08-10T15:18:50.000,0.87,29.28,0.76,0.42
2025-08-10T15:19:50.000,0.84,82.52,0.11,0.83
2025-08-10T15:20:50.000,0.76,99.03,-0.12,0.75
2025-08-10T15:21:50.000,0.46,121.3,-0.24,0.4
2025-08-10T15:22:50.000,1.59,79.68,0.28,1.56
2025-08-10T15:23:50.000,4.7,126.22,-2.78,3.79
2025-08-10T15:24:50.000,1.94,56.1,1.08,1.61
2025-08-10T15:25:50.000,2.84,351.56,2.81,-0.42
2025-08-10T15:26:50.000,1.52,0.37,1.52,0.01
2025-08-10T15:27:50.000,2.1,15.4,2.03,0.56
2025-08-10T15:28:50.000,1.82,93.05,-0.1,1.81
2025-08-10T15:29:50.000,1.27,115.55,-0.55,1.14
2025-08-10T15:30:50.000,1.08,78.61,0.21,1.06
2025-08-10T15:31:50.000,1.28,21.06,1.19,0.46
2025-08-10T15:32:50.000,0.62,63.53,0.28,0.55
2025-08-10T15:33:50.000,0.62,184.95,-0.62,-0.05
2025-08-10T15:34:50.000,0.31,340.26,0.29,-0.11
2025-08-10T15:35:50.000,1.59,138.58,-1.2,1.05
2025-08-10T15:36:50.000,0.97,78.6,0.19,0.95
2025-08-10T15:37:50.000,0.52,51.51,0.32,0.41
2025-08-10T15:38:50.000,0.97,28.18,0.85,0.46
2025-08-10T15:39:50.000,0.77,347.57,0.75,-0.17
2025-08-10T15:40:50.000,0.32,30.99,0.27,0.17
2025-08-10T15:41:50.000,0.49,357.19,0.49,-0.02
2025-08-10T15:42:50.000,0.61,353.07,0.6,-0.07
2025-08-10T15:43:50.000,1.09,326.98,0.92,-0.6
2025-08-10T15:44:50.000,1.46,304.41,0.82,-1.2
2025-08-10T15:45:50.000,0.74,239.67,-0.37,-0.64
2025-08-10T15:46:50.000,2.08,320.24,1.6,-1.33
2025-08-10T15:47:50.000,2.65,244.49,-1.14,-2.39
2025-08-10T15:48:50.000,2.24,283.6,0.53,-2.18
2025-08-10T15:49:50.000,1.06,288.51,0.34,-1
2025-08-10T15:50:50.000,1.94,288.77,0.62,-1.83
2025-08-10T15:51:50.000,1.46,294.62,0.61,-1.33
2025-08-10T15:52:50.000,1.94,342.7,1.86,-0.58
2025-08-10T15:53:50.000,1.96,334.24,1.76,-0.85
2025-08-10T15:54:50.000,3.3,346.67,3.21,-0.76
2025-08-10T15:55:50.000,3.61,331.34,3.17,-1.73
2025-08-10T15:56:50.000,6.48,314.3,4.53,-4.64
2025-08-10T15:57:50.000,5.7,327.91,4.83,-3.03
2025-08-10T15:58:50.000,3.67,335.47,3.33,-1.52
2025-08-10T15:59:50.000,4.27,320.22,3.28,-2.73
2025-08-10T16:00:50.000,6.09,335.84,5.55,-2.49
2025-08-10T16:01:50.000,3.76,348.13,3.68,-0.77
2025-08-10T16:02:50.000,4.41,325.09,3.62,-2.52
2025-08-10T16:03:50.000,3.43,317.84,2.54,-2.3
2025-08-10T16:04:50.000,2.47,339.62,2.32,-0.86
2025-08-10T16:05:50.000,3.55,318.45,2.66,-2.36
2025-08-10T16:06:50.000,3.88,311.9,2.59,-2.89
2025-08-10T16:07:50.000,4.15,335.25,3.77,-1.74
2025-08-10T16:08:50.000,2.68,331.87,2.36,-1.26
2025-08-10T16:09:50.000,2.74,322.67,2.18,-1.66
2025-08-10T16:10:50.000,10.44,300.41,5.29,-9.01
2025-08-10T16:11:50.000,4.34,315.49,3.1,-3.04
2025-08-10T16:12:50.000,4.7,319.35,3.57,-3.06
2025-08-10T16:13:50.000,2.96,313.69,2.05,-2.14
2025-08-10T16:14:50.000,2.47,326.13,2.05,-1.38
2025-08-10T16:15:50.000,6.38,303.27,3.5,-5.34
2025-08-10T16:16:50.000,11.57,299.8,5.75,-10.04
2025-08-10T16:17:50.000,6.21,290.13,2.14,-5.83
2025-08-10T16:18:50.000,4.26,317.61,3.15,-2.87
2025-08-10T16:19:50.000,7.05,316.3,5.09,-4.87
2025-08-10T16:20:50.000,7.51,296.93,3.4,-6.7
2025-08-10T16:21:50.000,6.7,303.1,3.66,-5.61
2025-08-10T16:22:50.000,7.28,294.25,2.99,-6.64
2025-08-10T16:23:50.000,6.45,307.41,3.92,-5.12
2025-08-10T16:24:50.000,10.24,293.98,4.16,-9.36
2025-08-10T16:25:50.000,3.57,319.33,2.71,-2.33
2025-08-10T16:26:50.000,7.35,319.92,5.62,-4.73
2025-08-10T16:27:50.000,11.79,298.49,5.62,-10.36
2025-08-10T16:28:50.000,6.88,307.86,4.22,-5.43
2025-08-10T16:29:50.000,6.49,312.47,4.39,-4.79
2025-08-10T16:30:50.000,5.56,303.77,3.09,-4.62
2025-08-10T16:31:50.000,7.7,294.17,3.15,-7.03
2025-08-10T16:32:50.000,2.78,285.96,0.76,-2.67
2025-08-10T16:33:50.000,3.39,299.79,1.69,-2.94
2025-08-10T16:34:50.000,3.48,308.27,2.15,-2.73
2025-08-10T16:35:50.000,4.82,330.37,4.19,-2.38
2025-08-10T16:36:50.000,8.22,300.7,4.2,-7.07
2025-08-10T16:37:50.000,4.63,283.84,1.11,-4.5
2025-08-10T16:38:50.000,4.51,310.18,2.91,-3.44
2025-08-10T16:39:50.000,2.89,351.71,2.86,-0.42
2025-08-10T16:40:50.000,1.42,7.28,1.41,0.18
2025-08-10T16:41:50.000,5.79,281.35,1.14,-5.68
2025-08-10T16:42:50.000,5.29,274.4,0.41,-5.27
2025-08-10T16:43:50.000,5.75,293.68,2.31,-5.26
2025-08-10T16:44:50.000,7,321.13,5.45,-4.4
2025-08-10T16:45:50.000,1.95,316.97,1.43,-1.33
2025-08-10T16:46:50.000,8.03,286.6,2.3,-7.7
2025-08-10T16:47:50.000,0.42,265.62,-0.03,-0.42
2025-08-10T16:48:50.000,3.74,289.83,1.27,-3.52
2025-08-10T16:49:50.000,4.52,229.58,-2.93,-3.44
2025-08-10T16:50:50.000,5.88,252.01,-1.81,-5.59
2025-08-10T16:51:50.000,8.05,283,1.81,-7.84
2025-08-10T16:52:50.000,6.9,291.39,2.52,-6.42
2025-08-10T16:53:50.000,4.14,305.55,2.41,-3.37
2025-08-10T16:54:50.000,5.16,239.03,-2.66,-4.43
2025-08-10T16:55:50.000,1.57,331.19,1.38,-0.76
2025-08-10T16:56:50.000,3.06,284.28,0.75,-2.96
2025-08-10T16:57:50.000,0.98,9.49,0.97,0.16
2025-08-10T16:58:50.000,2.91,283.93,0.7,-2.82
2025-08-10T16:59:50.000,3.9,305.82,2.28,-3.16
2025-08-10T17:00:50.000,1.99,324.82,1.62,-1.15
2025-08-10T17:01:50.000,4.45,309.46,2.83,-3.44
2025-08-10T17:02:50.000,2.22,312.33,1.49,-1.64
2025-08-10T17:03:50.000,4.06,325.79,3.36,-2.28
2025-08-10T17:04:50.000,3.55,310.07,2.28,-2.72
2025-08-10T17:05:50.000,3.52,323.66,2.83,-2.09
2025-08-10T17:06:50.000,2.17,285.16,0.57,-2.1
2025-08-10T17:07:50.000,6.82,287.54,2.06,-6.51
2025-08-10T17:08:50.000,5.5,309.56,3.5,-4.24
2025-08-10T17:09:50.000,4.49,288.19,1.4,-4.27
2025-08-10T17:10:50.000,5.65,312.73,3.83,-4.15
2025-08-10T17:11:50.000,3.13,302.85,1.7,-2.63
2025-08-10T17:12:50.000,3.39,333.22,3.02,-1.53
2025-08-10T17:13:50.000,4.38,307.06,2.64,-3.49
2025-08-10T17:14:50.000,6.63,273.66,0.42,-6.61
2025-08-10T17:15:50.000,7.32,317.84,5.43,-4.91
2025-08-10T17:16:50.000,4.05,329.53,3.49,-2.05
2025-08-10T17:17:50.000,4.28,343.48,4.1,-1.22
2025-08-10T17:18:50.000,3.85,287.91,1.18,-3.66
2025-08-10T17:19:50.000,4.11,325.02,3.37,-2.36
2025-08-10T17:20:50.000,6.13,298.8,2.95,-5.37
2025-08-10T17:21:50.000,4.41,301.36,2.3,-3.77
2025-08-10T17:22:50.000,3.68,292.82,1.43,-3.39
2025-08-10T17:23:50.000,5.8,294.6,2.41,-5.27
2025-08-10T17:24:50.000,5.4,321.21,4.21,-3.38
2025-08-10T17:25:50.000,3.33,343.03,3.18,-0.97
2025-08-10T17:26:50.000,4.45,309.44,2.83,-3.44
2025-08-10T17:27:50.000,3.79,298.6,1.81,-3.33
2025-08-10T17:28:50.000,8.89,298.92,4.3,-7.78
2025-08-10T17:29:50.000,6.25,295.89,2.73,-5.63
2025-08-10T17:30:50.000,6.63,314.23,4.62,-4.75
2025-08-10T17:31:50.000,1.6,334.06,1.44,-0.7
2025-08-10T17:32:50.000,5.79,327.29,4.87,-3.13
2025-08-10T17:33:50.000,3.35,269.57,-0.02,-3.35
2025-08-10T17:34:50.000,7.82,299.33,3.83,-6.82
2025-08-10T17:35:50.000,8.21,303.74,4.56,-6.83
2025-08-10T17:36:50.000,5.81,319.01,4.39,-3.81
2025-08-10T17:37:50.000,7.57,307.06,4.56,-6.04
2025-08-10T17:38:50.000,3.75,319.29,2.84,-2.44
2025-08-10T17:39:50.000,7.29,294.28,3,-6.64
2025-08-10T17:40:50.000,1.62,227.08,-1.11,-1.19
2025-08-10T17:41:50.000,2.71,310.51,1.76,-2.06
2025-08-10T17:42:50.000,1.76,1.55,1.76,0.05
2025-08-10T17:43:50.000,6.56,304.91,3.76,-5.38
2025-08-10T17:44:50.000,4.14,277.52,0.54,-4.11
2025-08-10T17:45:50.000,5.14,283.6,1.21,-5
2025-08-10T17:46:50.000,3.25,300.64,1.66,-2.79
2025-08-10T17:47:50.000,0.68,21.64,0.64,0.25
2025-08-10T17:48:50.000,6.16,311.78,4.1,-4.59
2025-08-10T17:49:50.000,2.97,332.53,2.64,-1.37
2025-08-10T17:50:50.000,3.18,311.02,2.09,-2.4
2025-08-10T17:51:50.000,3.46,328.59,2.95,-1.8
2025-08-10T17:52:50.000,8.13,291.25,2.95,-7.58
2025-08-10T17:53:50.000,3.57,314.67,2.51,-2.54
2025-08-10T17:54:50.000,7.3,296.62,3.27,-6.52
2025-08-10T17:55:50.000,6.65,297.55,3.08,-5.9
2025-08-10T17:56:50.000,2.18,299.33,1.07,-1.9
2025-08-10T17:57:50.000,8.41,292.52,3.22,-7.77
2025-08-10T17:58:50.000,4.44,292.61,1.71,-4.09
2025-08-10T17:59:50.000,3.87,265.7,-0.29,-3.86
2025-08-10T18:00:50.000,6.87,296.19,3.03,-6.16
2025-08-10T18:01:50.000,5.02,295.07,2.13,-4.55
2025-08-10T18:02:50.000,3.07,298.98,1.49,-2.69
2025-08-10T18:03:50.000,1,348.95,0.99,-0.19
2025-08-10T18:04:50.000,1.56,293.79,0.63,-1.43
2025-08-10T18:05:50.000,2.61,288.11,0.81,-2.48
2025-08-10T18:06:50.000,2.91,307.57,1.77,-2.31
2025-08-10T18:07:50.000,1,308.85,0.63,-0.78
2025-08-10T18:08:50.000,8.54,286.66,2.45,-8.18
2025-08-10T18:09:50.000,2.36,285.63,0.64,-2.27
2025-08-10T18:10:50.000,2.43,298.36,1.15,-2.14
2025-08-10T18:11:50.000,0.69,309.3,0.44,-0.54
2025-08-10T18:12:50.000,3.75,305.52,2.18,-3.05
2025-08-10T18:13:50.000,3.79,310.33,2.46,-2.89
2025-08-10T18:14:50.000,5.79,274.65,0.47,-5.77
2025-08-10T18:15:50.000,2.88,335.94,2.63,-1.17
2025-08-10T18:16:50.000,8.88,310.47,5.76,-6.76
2025-08-10T18:17:50.000,4.59,295.1,1.95,-4.16
2025-08-10T18:18:50.000,2.08,301.65,1.09,-1.77
2025-08-10T18:19:50.000,6.09,337.24,5.61,-2.36
2025-08-10T18:20:50.000,7.23,309.58,4.6,-5.57
2025-08-10T18:21:50.000,6.58,311.58,4.37,-4.92
2025-08-10T18:22:50.000,8.42,337.25,7.76,-3.26
2025-08-10T18:23:50.000,3.59,334.36,3.24,-1.55
2025-08-10T18:24:50.000,7.86,320.71,6.08,-4.98
2025-08-10T18:25:50.000,7.39,317.57,5.46,-4.99
2025-08-10T18:26:50.000,3.47,340.48,3.27,-1.16
2025-08-10T18:27:50.000,4.65,330.73,4.05,-2.27
2025-08-10T18:28:50.000,6.11,322.19,4.83,-3.75
2025-08-10T18:29:50.000,4.91,307.2,2.97,-3.91
2025-08-10T18:30:50.000,3.72,314.08,2.59,-2.67
2025-08-10T18:31:50.000,4.87,307.24,2.95,-3.88
2025-08-10T18:32:50.000,4.25,288.35,1.34,-4.04
2025-08-10T18:33:50.000,4.97,295.42,2.13,-4.49
2025-08-10T18:34:50.000,3.62,330.99,3.16,-1.75
2025-08-10T18:35:50.000,6.46,301.11,3.34,-5.53
2025-08-10T18:36:50.000,2.62,296.45,1.17,-2.34
2025-08-10T18:37:50.000,1.36,275.77,0.14,-1.35
2025-08-10T18:38:50.000,7.55,295.16,3.21,-6.83
2025-08-10T18:39:50.000,6.57,301.67,3.45,-5.59
2025-08-10T18:40:50.000,3.95,288.36,1.24,-3.74
2025-08-10T18:41:50.000,5.91,298.1,2.79,-5.22
2025-08-10T18:42:50.000,6.57,303.23,3.6,-5.49
2025-08-10T18:43:50.000,7.06,290.44,2.46,-6.61
2025-08-10T18:44:50.000,1.06,351.54,1.05,-0.16
2025-08-10T18:45:50.000,5.15,293.69,2.07,-4.72
2025-08-10T18:46:50.000,1.68,275.44,0.16,-1.67
2025-08-10T18:47:50.000,1.97,286.26,0.55,-1.89
2025-08-10T18:48:50.000,5.89,273.37,0.35,-5.88
2025-08-10T18:49:50.000,4.38,269.84,-0.01,-4.38
2025-08-10T18:50:50.000,4.35,294.75,1.82,-3.95
2025-08-10T18:51:50.000,3.67,299.58,1.81,-3.19
2025-08-10T18:52:50.000,6.45,283.38,1.49,-6.28
2025-08-10T18:53:50.000,2.41,306.75,1.44,-1.93
2025-08-10T18:54:50.000,7.91,284.51,1.98,-7.66
2025-08-10T18:55:50.000,2.87,313.81,1.99,-2.07
2025-08-10T18:56:50.000,6.87,304.11,3.86,-5.69
2025-08-10T18:57:50.000,6.07,304.6,3.45,-5
2025-08-10T18:58:50.000,4.63,295.73,2.01,-4.17
2025-08-10T18:59:50.000,6.17,309.83,3.95,-4.74
2025-08-10T19:00:50.000,8.57,311.13,5.63,-6.45
2025-08-10T19:01:50.000,6.53,307.64,3.99,-5.17
2025-08-10T19:02:50.000,4.06,324.26,3.29,-2.37
2025-08-10T19:03:50.000,5.65,308,3.48,-4.45
2025-08-10T19:04:50.000,6.31,296.78,2.84,-5.63
2025-08-10T19:05:50.000,6.06,326.01,5.02,-3.39
2025-08-10T19:06:50.000,2.34,319.95,1.79,-1.5
2025-08-10T19:07:50.000,7.22,310.31,4.67,-5.51
2025-08-10T19:08:50.000,6.58,302.38,3.53,-5.56
2025-08-10T19:09:50.000,10.4,305.91,6.1,-8.43
2025-08-10T19:10:50.000,5.89,332.88,5.25,-2.69
2025-08-10T19:11:50.000,9.71,291.58,3.57,-9.03
2025-08-10T19:12:50.000,8.53,309.8,5.46,-6.55
2025-08-10T19:13:50.000,6.44,292.6,2.48,-5.95
2025-08-10T19:14:50.000,5.09,308.31,3.15,-3.99
2025-08-10T19:15:50.000,8.19,281.06,1.57,-8.04
2025-08-10T19:16:50.000,6.77,316.67,4.93,-4.65
2025-08-10T19:17:50.000,4.82,316.2,3.48,-3.33
2025-08-10T19:18:50.000,11.48,305.66,6.69,-9.33
2025-08-10T19:19:50.000,5.58,315.85,4,-3.88
2025-08-10T19:20:50.000,4.23,311.3,2.79,-3.18
2025-08-10T19:21:50.000,6.17,309.22,3.9,-4.78
2025-08-10T19:22:50.000,4.95,310.91,3.24,-3.74
2025-08-10T19:23:50.000,10.87,288.2,3.4,-10.33
2025-08-10T19:24:50.000,5.26,304.77,3,-4.32
2025-08-10T19:25:50.000,4.79,311.7,3.19,-3.58
2025-08-10T19:26:50.000,5.78,300.28,2.91,-4.99
2025-08-10T19:27:50.000,4,332.05,3.54,-1.88
2025-08-10T19:28:50.000,15.19,298.27,7.19,-13.38
2025-08-10T19:29:50.000,5.17,316.89,3.77,-3.53
2025-08-10T19:30:50.000,4.64,306.39,2.75,-3.74
2025-08-10T19:31:50.000,6.42,303.55,3.55,-5.35
2025-08-10T19:32:50.000,5.12,301.86,2.7,-4.35
2025-08-10T19:33:50.000,11.91,288.13,3.7,-11.32
2025-08-10T19:34:50.000,6.88,290.78,2.44,-6.44
2025-08-10T19:35:50.000,6.44,297.67,2.99,-5.71
2025-08-10T19:36:50.000,7.97,301.48,4.16,-6.8
2025-08-10T19:37:50.000,7.18,297.59,3.32,-6.36
2025-08-10T19:38:50.000,6.87,300.54,3.49,-5.92
2025-08-10T19:39:50.000,8.26,294.24,3.39,-7.53
2025-08-10T19:40:50.000,2.63,351.23,2.6,-0.4
2025-08-10T19:41:50.000,6.69,298.01,3.14,-5.9
2025-08-10T19:42:50.000,2.96,343.15,2.83,-0.86
2025-08-10T19:43:50.000,6.64,282.99,1.49,-6.47
2025-08-10T19:44:50.000,6.27,319.11,4.74,-4.11
2025-08-10T19:45:50.000,7.46,294.83,3.13,-6.77
2025-08-10T19:46:50.000,4.59,283.82,1.1,-4.46
2025-08-10T19:47:50.000,6.37,301.58,3.33,-5.42
2025-08-10T19:48:50.000,1.12,325.01,0.92,-0.64
2025-08-10T19:49:50.000,6.37,284.95,1.64,-6.16
2025-08-10T19:50:50.000,5.35,282.51,1.16,-5.22
2025-08-10T19:51:50.000,4.2,294.01,1.71,-3.84
2025-08-10T19:52:50.000,6.14,297.59,2.85,-5.45
2025-08-10T19:53:50.000,10.11,303.92,5.64,-8.39
2025-08-10T19:54:50.000,5.51,312.57,3.72,-4.05
2025-08-10T19:55:50.000,7.32,309.97,4.7,-5.61
2025-08-10T19:56:50.000,3.14,325,2.57,-1.8
2025-08-10T19:57:50.000,7.31,299.67,3.62,-6.35
2025-08-10T19:58:50.000,10.37,287.03,3.04,-9.92
2025-08-10T19:59:50.000,3.68,295.81,1.6,-3.32
2025-08-10T20:00:50.000,4.6,312.78,3.13,-3.38
2025-08-10T20:01:50.000,7.69,310.77,5.02,-5.83
2025-08-10T20:02:50.000,6.47,307.87,3.97,-5.11
2025-08-10T20:03:50.000,2.43,306.42,1.44,-1.95
2025-08-10T20:04:50.000,8.51,310.03,5.47,-6.52
2025-08-10T20:05:50.000,8.9,300.32,4.49,-7.68
2025-08-10T20:06:50.000,9.66,303.72,5.36,-8.03
2025-08-10T20:07:50.000,7.75,316.27,5.6,-5.36
2025-08-10T20:08:50.000,11.95,290.87,4.26,-11.17
2025-08-10T20:09:50.000,6.05,307.51,3.68,-4.8
2025-08-10T20:10:50.000,7.74,305.86,4.53,-6.27
2025-08-10T20:11:50.000,10.08,295.11,4.28,-9.13
2025-08-10T20:12:50.000,4.93,317.8,3.65,-3.31
2025-08-10T20:13:50.000,3.89,324.21,3.15,-2.27
2025-08-10T20:14:50.000,8.87,284.38,2.2,-8.59
2025-08-10T20:15:50.000,4.76,319.55,3.62,-3.09
2025-08-10T20:16:50.000,9.38,305.03,5.38,-7.68
2025-08-10T20:17:50.000,9.84,305.57,5.72,-8
2025-08-10T20:18:50.000,7.44,296.25,3.29,-6.67
2025-08-10T20:19:50.000,7.4,303.16,4.05,-6.19
2025-08-10T20:20:50.000,14.22,291.73,5.26,-13.21
2025-08-10T20:21:50.000,8,301.56,4.19,-6.82
2025-08-10T20:22:50.000,12.95,312.93,8.82,-9.48
2025-08-10T20:23:50.000,7.53,307.78,4.61,-5.95
2025-08-10T20:24:50.000,12.25,294.47,5.08,-11.15
2025-08-10T20:25:50.000,7.64,309.8,4.89,-5.87
2025-08-10T20:26:50.000,13.6,296.61,6.09,-12.16
2025-08-10T20:27:50.000,11.91,303.24,6.53,-9.96
2025-08-10T20:28:50.000,15.87,300.27,8,-13.71
2025-08-10T20:29:50.000,16.71,304.29,9.41,-13.81
2025-08-10T20:30:50.000,11.71,292.22,4.43,-10.84
2025-08-10T20:31:50.000,11.99,300.58,6.1,-10.32
2025-08-10T20:32:50.000,13.26,292.79,5.14,-12.23
2025-08-10T20:33:50.000,13.58,296.29,6.02,-12.18
2025-08-10T20:34:50.000,14.84,303.11,8.11,-12.43
2025-08-10T20:35:50.000,13.69,291.54,5.03,-12.73
2025-08-10T20:36:50.000,4.63,303.9,2.59,-3.85
2025-08-10T20:37:50.000,13.5,298.11,6.36,-11.91
2025-08-10T20:38:50.000,9.15,309.22,5.79,-7.09
2025-08-10T20:39:50.000,16.31,292.81,6.32,-15.03
2025-08-10T20:40:50.000,6.94,321.81,5.45,-4.29
2025-08-10T20:41:50.000,17.52,305.73,10.23,-14.22
2025-08-10T20:42:50.000,16.58,299,8.04,-14.5
2025-08-10T20:43:50.000,11.31,296.79,5.1,-10.1
2025-08-10T20:44:50.000,13.34,308.53,8.31,-10.43
2025-08-10T20:45:50.000,11.39,306.61,6.79,-9.15
2025-08-10T20:46:50.000,14.67,304.12,8.23,-12.15
2025-08-10T20:47:50.000,11.74,292.68,4.53,-10.83
2025-08-10T20:48:50.000,11.21,289.56,3.75,-10.57
2025-08-10T20:49:50.000,12.01,290.24,4.15,-11.27
2025-08-10T20:50:50.000,14.03,316.93,10.25,-9.58
2025-08-10T20:51:50.000,14.29,296.2,6.31,-12.82
2025-08-10T20:52:50.000,17.65,276.25,1.92,-17.55
2025-08-10T20:53:50.000,10.59,288.64,3.38,-10.03
2025-08-10T20:54:50.000,7.41,300.03,3.71,-6.41
2025-08-10T20:55:50.000,4.87,310.76,3.18,-3.69
2025-08-10T20:56:50.000,11.27,297.74,5.24,-9.97
2025-08-10T20:57:50.000,17.56,292.64,6.76,-16.21
2025-08-10T20:58:50.000,11.54,330.09,10.01,-5.76
2025-08-10T20:59:50.000,12.67,300.79,6.49,-10.88
2025-08-10T21:00:50.000,5.46,333.32,4.87,-2.45
2025-08-10T21:01:50.000,10.88,306.1,6.41,-8.79
2025-08-10T21:02:50.000,13.52,288.38,4.26,-12.83
2025-08-10T21:03:50.000,5.78,300.47,2.93,-4.98
2025-08-10T21:04:50.000,13.83,307.44,8.41,-10.98
2025-08-10T21:05:50.000,11.33,314.42,7.93,-8.09
2025-08-10T21:06:50.000,8.68,300.82,4.45,-7.46
2025-08-10T21:07:50.000,12.28,301.18,6.36,-10.5
2025-08-10T21:08:50.000,5.86,323.69,4.72,-3.47
2025-08-10T21:09:50.000,11.84,311.87,7.9,-8.82
2025-08-10T21:10:50.000,8.35,303,4.55,-7
2025-08-10T21:11:50.000,14.07,300.32,7.1,-12.14
2025-08-10T21:12:50.000,6.85,312.49,4.62,-5.05
2025-08-10T21:13:50.000,11.06,309.46,7.03,-8.54
2025-08-10T21:14:50.000,13.7,304.21,7.7,-11.33
2025-08-10T21:15:50.000,10.44,303.76,5.8,-8.68
2025-08-10T21:16:50.000,16.19,285.59,4.35,-15.59
2025-08-10T21:17:50.000,6.96,300.98,3.58,-5.97
2025-08-10T21:18:50.000,12.83,309.54,8.17,-9.89
2025-08-10T21:19:50.000,8.02,313.05,5.48,-5.86
2025-08-10T21:20:50.000,19.25,292.56,7.39,-17.78
2025-08-10T21:21:50.000,13.36,300.48,6.78,-11.51
2025-08-10T21:22:50.000,11.07,300.95,5.69,-9.49
2025-08-10T21:23:50.000,17.89,294.94,7.54,-16.23
2025-08-10T21:24:50.000,8.11,297.15,3.7,-7.22
2025-08-10T21:25:50.000,8.72,312.67,5.91,-6.41
2025-08-10T21:26:50.000,12.12,290.37,4.22,-11.36
2025-08-10T21:27:50.000,11.95,272.63,0.55,-11.94
2025-08-10T21:28:50.000,8.37,288.17,2.61,-7.95
2025-08-10T21:29:50.000,10.41,311.47,6.89,-7.8
2025-08-10T21:30:50.000,8.55,315.18,6.07,-6.03
2025-08-10T21:31:50.000,13.19,282.6,2.88,-12.88
2025-08-10T21:32:50.000,9.57,310.08,6.16,-7.32
2025-08-10T21:33:50.000,8.26,307.85,5.07,-6.52
2025-08-10T21:34:50.000,10.41,316.01,7.49,-7.23
2025-08-10T21:35:50.000,12.66,284.37,3.14,-12.27
2025-08-10T21:36:50.000,16.15,297.75,7.52,-14.29
2025-08-10T21:37:50.000,13.7,291.23,4.96,-12.77
2025-08-10T21:38:50.000,10.96,288.29,3.44,-10.4
2025-08-10T21:39:50.000,8.7,305.85,5.1,-7.06
2025-08-10T21:40:50.000,9.69,305.11,5.58,-7.93
2025-08-10T21:41:50.000,8.76,305.62,5.1,-7.12
2025-08-10T21:42:50.000,12.48,289.54,4.17,-11.76
2025-08-10T21:43:50.000,7.79,311.52,5.17,-5.84
2025-08-10T21:44:50.000,10.03,307.01,6.04,-8.01
2025-08-10T21:45:50.000,9.97,296.56,4.46,-8.92
2025-08-10T21:46:50.000,5.84,304.88,3.34,-4.79
2025-08-10T21:47:50.000,9.65,307.28,5.84,-7.68
2025-08-10T21:48:50.000,12.72,292.03,4.77,-11.79
2025-08-10T21:49:50.000,5.34,315.16,3.79,-3.76
2025-08-10T21:50:50.000,5.96,299.45,2.93,-5.19
2025-08-10T21:51:50.000,13.59,299.23,6.64,-11.86
2025-08-10T21:52:50.000,7.46,294.55,3.1,-6.79
2025-08-10T21:53:50.000,6.23,320.97,4.84,-3.92
2025-08-10T21:54:50.000,12.89,288.28,4.04,-12.24
2025-08-10T21:55:50.000,7.95,308.1,4.91,-6.26
2025-08-10T21:56:50.000,12.71,308.75,7.96,-9.91
2025-08-10T21:57:50.000,8.88,317.66,6.56,-5.98
2025-08-10T21:58:50.000,7.65,300.75,3.91,-6.57
2025-08-10T21:59:50.000,6.71,317.36,4.93,-4.54
2025-08-10T22:00:50.000,16.74,300.36,8.46,-14.44
2025-08-10T22:01:50.000,9.11,310.34,5.9,-6.95
2025-08-10T22:02:50.000,7.87,307.76,4.82,-6.22
2025-08-10T22:03:50.000,9.08,309.78,5.81,-6.98
2025-08-10T22:04:50.000,7.14,297.71,3.32,-6.32
2025-08-10T22:05:50.000,6.73,301.06,3.47,-5.77
2025-08-10T22:06:50.000,15.06,299.66,7.45,-13.08
2025-08-10T22:07:50.000,6.09,315.11,4.32,-4.3
2025-08-10T22:08:50.000,11.76,293.21,4.64,-10.81
2025-08-10T22:09:50.000,13.38,284.42,3.33,-12.96
2025-08-10T22:10:50.000,11.07,298.56,5.29,-9.73
2025-08-10T22:11:50.000,12.18,283.61,2.87,-11.84
2025-08-10T22:12:50.000,13.37,292.59,5.14,-12.35
2025-08-10T22:13:50.000,7.53,309.14,4.75,-5.84
2025-08-10T22:14:50.000,3.67,331.08,3.21,-1.78
2025-08-10T22:15:50.000,5.84,295.19,2.48,-5.28
2025-08-10T22:16:50.000,6.05,309.21,3.83,-4.69
2025-08-10T22:17:50.000,4.08,341.5,3.87,-1.3
2025-08-10T22:18:50.000,7.21,319.5,5.48,-4.68
2025-08-10T22:19:50.000,3.08,305.86,1.81,-2.5
2025-08-10T22:20:50.000,7.42,312.8,5.04,-5.44
2025-08-10T22:21:50.000,5.74,304.18,3.23,-4.75
2025-08-10T22:22:50.000,2.47,288.95,0.8,-2.34
2025-08-10T22:23:50.000,8.11,285.78,2.2,-7.8
2025-08-10T22:24:50.000,4.81,292.77,1.86,-4.43
2025-08-10T22:25:50.000,1.69,310.83,1.1,-1.28
2025-08-10T22:26:50.000,6.08,317.76,4.5,-4.09
2025-08-10T22:27:50.000,4.86,299.55,2.39,-4.22
2025-08-10T22:28:50.000,3.41,334.62,3.08,-1.46
2025-08-10T22:29:50.000,1.69,318.76,1.27,-1.11
2025-08-10T22:30:50.000,2.36,354.91,2.35,-0.21
2025-08-10T22:31:50.000,5.71,313.06,3.9,-4.17
2025-08-10T22:32:50.000,4.82,304.4,2.72,-3.98
2025-08-10T22:33:50.000,6.33,322.83,5.04,-3.82
2025-08-10T22:34:50.000,5.49,315.22,3.9,-3.87
2025-08-10T22:35:50.000,5.85,316.4,4.24,-4.03
2025-08-10T22:36:50.000,6.19,312.14,4.15,-4.59
2025-08-10T22:37:50.000,2.65,312.44,1.79,-1.95
2025-08-10T22:38:50.000,5.49,289.16,1.8,-5.19
2025-08-10T22:39:50.000,1.23,284.4,0.31,-1.2
2025-08-10T22:40:50.000,6.76,280.58,1.24,-6.64
2025-08-10T22:41:50.000,5.03,291.3,1.83,-4.69
2025-08-10T22:42:50.000,3.01,270.79,0.04,-3.01
2025-08-10T22:43:50.000,6.13,289.46,2.04,-5.78
2025-08-10T22:44:50.000,1.91,292.5,0.73,-1.77
2025-08-10T22:45:50.000,3.32,300.34,1.68,-2.86
2025-08-10T22:46:50.000,1.2,304.44,0.68,-0.99
2025-08-10T22:47:50.000,2.56,302.88,1.39,-2.15
2025-08-10T22:48:50.000,3.72,307.11,2.24,-2.97
2025-08-10T22:49:50.000,4.5,313.3,3.09,-3.28
2025-08-10T22:50:50.000,1.45,359.49,1.45,-0.01
2025-08-10T22:51:50.000,3.91,311.19,2.58,-2.95
2025-08-10T22:52:50.000,3.71,277.81,0.5,-3.67
2025-08-10T22:53:50.000,4.85,291.23,1.76,-4.52
2025-08-10T22:54:50.000,3.11,325.63,2.56,-1.75
2025-08-10T22:55:50.000,0.69,300.05,0.34,-0.59
2025-08-10T22:56:50.000,2.18,304.06,1.22,-1.81
2025-08-10T22:57:50.000,2.88,289.03,0.94,-2.73
2025-08-10T22:58:50.000,3.58,286.16,1,-3.43
2025-08-10T22:59:50.000,2.04,291.25,0.74,-1.9
2025-08-10T23:00:50.000,0.92,288.79,0.29,-0.87
2025-08-10T23:01:50.000,2.05,280.29,0.37,-2.02
2025-08-10T23:02:50.000,2.55,272.81,0.13,-2.55
2025-08-10T23:03:50.000,0.85,302.11,0.45,-0.72
2025-08-10T23:04:50.000,1.68,263.74,-0.18,-1.67
2025-08-10T23:05:50.000,1.32,332.56,1.17,-0.61
2025-08-10T23:06:50.000,1.09,320.17,0.84,-0.7
2025-08-10T23:07:50.000,0.96,5.05,0.95,0.08
2025-08-10T23:08:50.000,1.56,22.62,1.44,0.6
2025-08-10T23:09:50.000,1.58,29.66,1.37,0.78
2025-08-10T23:10:50.000,2.82,4.29,2.81,0.21
2025-08-10T23:11:50.000,3.1,355.86,3.09,-0.22
2025-08-10T23:12:50.000,2.94,0.01,2.94,0
2025-08-10T23:13:50.000,2.52,7.92,2.5,0.35
2025-08-10T23:14:50.000,5.33,7.13,5.29,0.66
2025-08-10T23:15:50.000,4.24,14.23,4.11,1.04
2025-08-10T23:16:50.000,3.03,15.68,2.92,0.82
2025-08-10T23:17:50.000,1.87,21.46,1.74,0.69
2025-08-10T23:18:50.000,1.94,31.94,1.65,1.03
2025-08-10T23:19:50.000,1.07,54.77,0.62,0.88
2025-08-10T23:20:50.000,1.97,24.91,1.79,0.83
2025-08-10T23:21:50.000,1.03,37.25,0.82,0.63
2025-08-10T23:22:50.000,1.16,31.06,1,0.6
2025-08-10T23:23:50.000,1.08,14.1,1.05,0.26
2025-08-10T23:24:50.000,1.9,30.27,1.64,0.96
2025-08-10T23:25:50.000,1.76,26.68,1.57,0.79
2025-08-10T23:26:50.000,1.53,25.57,1.38,0.66
2025-08-10T23:27:50.000,1.74,60.53,0.86,1.52
2025-08-10T23:28:50.000,2.1,56.7,1.15,1.75
2025-08-10T23:29:50.000,1.4,32.39,1.19,0.75
2025-08-10T23:30:50.000,0.66,21.27,0.61,0.24
2025-08-10T23:31:50.000,1.45,21.87,1.34,0.54
2025-08-10T23:32:50.000,2.16,59.48,1.1,1.86
2025-08-10T23:33:50.000,1.98,63.1,0.89,1.76
2025-08-10T23:34:50.000,3.16,37.47,2.51,1.92
2025-08-10T23:35:50.000,1.71,54.83,0.99,1.4
2025-08-10T23:36:50.000,1.16,69.79,0.4,1.09
2025-08-10T23:37:50.000,1.59,83.87,0.17,1.58
2025-08-10T23:38:50.000,1.28,78.2,0.26,1.25
2025-08-10T23:39:50.000,0.68,97.68,-0.09,0.67
2025-08-10T23:40:50.000,0.39,9.28,0.39,0.06
2025-08-10T23:41:50.000,1.76,59.67,0.89,1.52
2025-08-10T23:42:50.000,1.95,23.05,1.79,0.76
2025-08-10T23:43:50.000,2.08,86.63,0.12,2.08
2025-08-10T23:44:50.000,0.86,49.3,0.56,0.65
2025-08-10T23:45:50.000,2.82,81.76,0.4,2.79
2025-08-10T23:46:50.000,2.02,34.18,1.67,1.13
2025-08-10T23:47:50.000,1.11,64.36,0.48,1
2025-08-10T23:48:50.000,2,62.53,0.92,1.78
2025-08-10T23:49:50.000,1.23,60.96,0.6,1.08
2025-08-10T23:50:50.000,1.19,54.04,0.7,0.96
2025-08-10T23:51:50.000,1.69,42.67,1.24,1.14
2025-08-10T23:52:50.000,1.32,89.75,0.01,1.32
2025-08-10T23:53:50.000,1.26,54.35,0.73,1.02
2025-08-10T23:54:50.000,1.67,59.02,0.86,1.43
2025-08-10T23:55:50.000,2.01,38.96,1.56,1.26
2025-08-10T23:56:50.000,1.51,63.56,0.67,1.35
2025-08-10T23:57:50.000,1.03,43.48,0.75,0.71
2025-08-10T23:58:50.000,1.56,73.43,0.44,1.49
2025-08-10T23:59:50.000,1.71,79.48,0.31,1.68
2025-08-11T00:00:50.000,1.44,58.11,0.76,1.23
2025-08-11T00:01:50.000,0.69,349.76,0.68,-0.12
2025-08-11T00:02:50.000,2.49,77.71,0.53,2.43
2025-08-11T00:03:50.000,0.58,118.15,-0.27,0.51
2025-08-11T00:04:50.000,1.36,149.37,-1.17,0.69
2025-08-11T00:05:50.000,1.26,61.27,0.6,1.1
2025-08-11T00:06:50.000,1.56,34.99,1.28,0.9
2025-08-11T00:07:50.000,0.99,35.26,0.8,0.57
2025-08-11T00:08:50.000,1.92,65.04,0.81,1.74
2025-08-11T00:09:50.000,1.15,52.92,0.7,0.92
2025-08-11T00:10:50.000,1.06,100.97,-0.2,1.04
2025-08-11T00:11:50.000,2.92,62.15,1.37,2.58
2025-08-11T00:12:50.000,2,97.63,-0.27,1.98
2025-08-11T00:13:50.000,0.72,105.4,-0.19,0.69
2025-08-11T00:14:50.000,1.33,28.4,1.17,0.63
2025-08-11T00:15:50.000,2.81,61.2,1.35,2.46
2025-08-11T00:16:50.000,0.76,66.49,0.3,0.7
2025-08-11T00:17:50.000,1.21,25.63,1.09,0.52
2025-08-11T00:18:50.000,0.86,76.64,0.2,0.84
2025-08-11T00:19:50.000,1.22,64.78,0.52,1.1
2025-08-11T00:20:50.000,1.62,54.85,0.94,1.33
2025-08-11T00:21:50.000,2.39,44.15,1.71,1.66
2025-08-11T00:22:50.000,2.05,95.03,-0.18,2.04
2025-08-11T00:23:50.000,1.72,24.74,1.56,0.72
2025-08-11T00:24:50.000,0.87,349.6,0.85,-0.16
2025-08-11T00:25:50.000,1.29,76.44,0.3,1.25
2025-08-11T00:26:50.000,2.48,19.72,2.34,0.84
2025-08-11T00:27:50.000,1.47,100.03,-0.26,1.45
2025-08-11T00:28:50.000,1.29,37.32,1.02,0.78
2025-08-11T00:29:50.000,1.23,49.5,0.8,0.93
2025-08-11T00:30:50.000,0.92,109.1,-0.3,0.87
2025-08-11T00:31:50.000,1.52,71.09,0.49,1.44
2025-08-11T00:32:50.000,1.09,348.64,1.07,-0.21
2025-08-11T00:33:50.000,1.01,341.81,0.96,-0.31
2025-08-11T00:34:50.000,1.79,117.96,-0.84,1.58
2025-08-11T00:35:50.000,1.38,68.13,0.51,1.28
2025-08-11T00:36:50.000,2.1,75.52,0.53,2.03
2025-08-11T00:37:50.000,1.92,49.81,1.24,1.47
2025-08-11T00:38:50.000,1.01,89.71,0.01,1.01
2025-08-11T00:39:50.000,1.42,101.99,-0.29,1.39
2025-08-11T00:40:50.000,1.27,26.88,1.13,0.57
2025-08-11T00:41:50.000,1.18,64.34,0.51,1.07
2025-08-11T00:42:50.000,1.77,66.6,0.7,1.62
2025-08-11T00:43:50.000,2.13,100.58,-0.39,2.1
2025-08-11T00:44:50.000,1.09,40.01,0.84,0.7
2025-08-11T00:45:50.000,0.96,52.7,0.58,0.77
2025-08-11T00:46:50.000,0.89,66.75,0.35,0.82
2025-08-11T00:47:50.000,0.73,30.44,0.63,0.37
2025-08-11T00:48:50.000,0.74,29.58,0.64,0.37
2025-08-11T00:49:50.000,0.51,35.36,0.42,0.3
2025-08-11T00:50:50.000,0.89,70.45,0.3,0.84
2025-08-11T00:51:50.000,1.06,358.26,1.06,-0.03
2025-08-11T00:52:50.000,0.78,81.69,0.11,0.77
2025-08-11T00:53:50.000,1.83,33.55,1.53,1.01
2025-08-11T00:54:50.000,0.48,81.43,0.07,0.47
2025-08-11T00:55:50.000,1.19,33.62,0.99,0.66
2025-08-11T00:56:50.000,1.05,23.76,0.96,0.42
2025-08-11T00:57:50.000,1.27,28.8,1.11,0.61
2025-08-11T00:58:50.000,1.58,22.19,1.46,0.6
2025-08-11T00:59:50.000,1.46,29.92,1.26,0.73
2025-08-11T01:00:50.000,1.87,39.59,1.44,1.19
2025-08-11T01:01:50.000,2.23,41.82,1.66,1.49
2025-08-11T01:02:50.000,1.9,38.82,1.48,1.19
2025-08-11T01:03:50.000,1.54,45.13,1.09,1.09
2025-08-11T01:04:50.000,2.08,30.57,1.79,1.06
2025-08-11T01:05:50.000,2.19,46.14,1.52,1.58
2025-08-11T01:06:50.000,1.3,69.2,0.46,1.22
2025-08-11T01:07:50.000,1.35,43.18,0.99,0.93
2025-08-11T01:08:50.000,1.49,51.33,0.93,1.16
2025-08-11T01:09:50.000,1.09,56.43,0.6,0.91
2025-08-11T01:10:50.000,1.59,48.32,1.06,1.19
2025-08-11T01:11:50.000,0.9,43.6,0.65,0.62
2025-08-11T01:12:50.000,0.98,29.96,0.85,0.49
2025-08-11T01:13:50.000,1.42,45.19,1,1.01
2025-08-11T01:14:50.000,1.38,35.32,1.13,0.8
2025-08-11T01:15:50.000,1.34,27.21,1.19,0.61
2025-08-11T01:16:50.000,1.02,82.05,0.14,1.01
2025-08-11T01:17:50.000,0.96,66.81,0.38,0.88
2025-08-11T01:18:50.000,2.22,56.84,1.21,1.86
2025-08-11T01:19:50.000,1.63,64.22,0.71,1.47
2025-08-11T01:20:50.000,1.19,47.1,0.81,0.87
2025-08-11T01:21:50.000,0.82,82.44,0.11,0.81
2025-08-11T01:22:50.000,1.59,34.66,1.31,0.91
2025-08-11T01:23:50.000,1.23,45.38,0.87,0.88
2025-08-11T01:24:50.000,0.68,40.54,0.52,0.44
2025-08-11T01:25:50.000,0.42,58.47,0.22,0.36
2025-08-11T01:26:50.000,1.05,30.19,0.91,0.53
2025-08-11T01:27:50.000,1.16,357.52,1.15,-0.05
2025-08-11T01:28:50.000,1.44,58.28,0.76,1.23
2025-08-11T01:29:50.000,0.85,42.94,0.62,0.58
2025-08-11T01:30:50.000,1.16,48.79,0.76,0.87
2025-08-11T01:31:50.000,1.11,61.73,0.53,0.98
2025-08-11T01:32:50.000,0.69,12.58,0.67,0.15
2025-08-11T01:33:50.000,1.04,105.1,-0.27,1
2025-08-11T01:34:50.000,1.25,36.91,1,0.75
2025-08-11T01:35:50.000,0.78,4.71,0.77,0.06
2025-08-11T01:36:50.000,0.75,99.69,-0.13,0.74
2025-08-11T01:37:50.000,0.96,45.38,0.68,0.69
2025-08-11T01:38:50.000,1.06,44.73,0.76,0.75
2025-08-11T01:39:50.000,1.15,58.91,0.59,0.98
2025-08-11T01:40:50.000,1.06,27.11,0.94,0.48
2025-08-11T01:41:50.000,1.32,39.11,1.02,0.83
2025-08-11T01:42:50.000,0.9,49.31,0.59,0.69
2025-08-11T01:43:50.000,1.2,34.56,0.99,0.68
2025-08-11T01:44:50.000,1.6,31.56,1.37,0.84
2025-08-11T01:45:50.000,1.69,53.15,1.01,1.35
2025-08-11T01:46:50.000,1.38,34.27,1.14,0.78
2025-08-11T01:47:50.000,1.04,54.72,0.6,0.85
2025-08-11T01:48:50.000,0.54,42.95,0.4,0.37
2025-08-11T01:49:50.000,1.34,26.1,1.2,0.59
2025-08-11T01:50:50.000,1.59,14.3,1.54,0.39
2025-08-11T01:51:50.000,1.27,58.42,0.66,1.08
2025-08-11T01:52:50.000,1.09,51.25,0.69,0.85
2025-08-11T01:53:50.000,0.75,30.09,0.65,0.38
2025-08-11T01:54:50.000,0.76,31.1,0.65,0.39
2025-08-11T01:55:50.000,0.88,31.13,0.75,0.45
2025-08-11T01:56:50.000,0.5,71.55,0.16,0.48
2025-08-11T01:57:50.000,1.09,59.67,0.55,0.94
2025-08-11T01:58:50.000,0.95,55.19,0.54,0.78
2025-08-11T01:59:50.000,0.98,104.55,-0.25,0.95
2025-08-11T02:00:50.000,0.9,47.42,0.61,0.67
2025-08-11T02:01:50.000,1.16,62.59,0.53,1.03
2025-08-11T02:02:50.000,0.82,29.15,0.71,0.4
2025-08-11T02:03:50.000,1.26,74.32,0.34,1.21
2025-08-11T02:04:50.000,0.83,54.86,0.48,0.68
2025-08-11T02:05:50.000,1.01,74.87,0.26,0.97
2025-08-11T02:06:50.000,1.25,102.69,-0.27,1.22
2025-08-11T02:07:50.000,0.68,67.89,0.26,0.63
2025-08-11T02:08:50.000,0.99,38.01,0.78,0.61
2025-08-11T02:09:50.000,0.43,74,0.12,0.42
2025-08-11T02:10:50.000,0.78,65.84,0.32,0.71
2025-08-11T02:11:50.000,0.42,42.87,0.3,0.28
2025-08-11T02:12:50.000,1.18,22.82,1.09,0.46
2025-08-11T02:13:50.000,1,22.08,0.93,0.38
2025-08-11T02:14:50.000,1.25,61.74,0.59,1.1
2025-08-11T02:15:50.000,1.23,88.85,0.02,1.23
2025-08-11T02:16:50.000,0.89,68.55,0.33,0.83
2025-08-11T02:17:50.000,0.99,67.85,0.37,0.92
2025-08-11T02:18:50.000,1.35,56.4,0.75,1.12
2025-08-11T02:19:50.000,0.91,67.67,0.34,0.84
2025-08-11T02:20:50.000,0.54,129.14,-0.34,0.42
2025-08-11T02:21:50.000,1.1,104.72,-0.28,1.07
2025-08-11T02:22:50.000,1.29,97.16,-0.16,1.28
2025-08-11T02:23:50.000,0.55,97.58,-0.07,0.54
2025-08-11T02:24:50.000,1.31,105.15,-0.34,1.26
2025-08-11T02:25:50.000,0.73,85.32,0.06,0.73
2025-08-11T02:26:50.000,1.34,73.23,0.39,1.28
2025-08-11T02:27:50.000,1.17,74.89,0.3,1.13
2025-08-11T02:28:50.000,1.35,55.76,0.76,1.12
2025-08-11T02:29:50.000,1.3,53.94,0.77,1.05
2025-08-11T02:30:50.000,1.31,70.82,0.43,1.24
2025-08-11T02:31:50.000,1.53,25.8,1.38,0.67
2025-08-11T02:32:50.000,1.05,47.67,0.71,0.78
2025-08-11T02:33:50.000,1.09,59.46,0.55,0.94
2025-08-11T02:34:50.000,1.75,52.08,1.07,1.38
2025-08-11T02:35:50.000,1.39,23.5,1.28,0.56
2025-08-11T02:36:50.000,1.32,30.2,1.14,0.67
2025-08-11T02:37:50.000,0.67,77.7,0.14,0.65
2025-08-11T02:38:50.000,0.86,78.58,0.17,0.85
2025-08-11T02:39:50.000,0.42,37.87,0.33,0.26
2025-08-11T02:40:50.000,1.09,49.99,0.7,0.84
2025-08-11T02:41:50.000,0.54,16.21,0.52,0.15
2025-08-11T02:42:50.000,1.24,87.69,0.05,1.24
2025-08-11T02:43:50.000,1.55,82.51,0.2,1.54
2025-08-11T02:44:50.000,1.46,119.79,-0.73,1.27
2025-08-11T02:45:50.000,1.45,93.79,-0.1,1.45
2025-08-11T02:46:50.000,1.39,92.51,-0.06,1.39
2025-08-11T02:47:50.000,1.31,102.96,-0.29,1.28
2025-08-11T02:48:50.000,1.38,70.72,0.46,1.3
2025-08-11T02:49:50.000,1,65.22,0.42,0.9
2025-08-11T02:50:50.000,2.09,64.7,0.89,1.89
2025-08-11T02:51:50.000,1.39,45.2,0.98,0.99
2025-08-11T02:52:50.000,1.75,96.74,-0.21,1.74
2025-08-11T02:53:50.000,1.42,91.55,-0.04,1.42
2025-08-11T02:54:50.000,1.9,73.67,0.53,1.82
2025-08-11T02:55:50.000,1.74,88.47,0.05,1.74
2025-08-11T02:56:50.000,1.45,78.14,0.3,1.42
2025-08-11T02:57:50.000,1.04,95.24,-0.1,1.04
2025-08-11T02:58:50.000,2.48,72.76,0.73,2.37
2025-08-11T02:59:50.000,1.82,60.81,0.89,1.59
2025-08-11T03:00:50.000,2.48,59.6,1.26,2.14
2025-08-11T03:01:50.000,1.49,80.5,0.25,1.47
2025-08-11T03:02:50.000,3.81,61.16,1.84,3.34
2025-08-11T03:03:50.000,1.8,79.72,0.32,1.78
2025-08-11T03:04:50.000,1.49,101.13,-0.29,1.46
2025-08-11T03:05:50.000,5.36,83.24,0.63,5.32
2025-08-11T03:06:50.000,2.46,127.25,-1.49,1.96
2025-08-11T03:07:50.000,2.99,43.95,2.15,2.08
2025-08-11T03:08:50.000,3.32,60.79,1.62,2.9
2025-08-11T03:09:50.000,2.58,38.16,2.03,1.59
2025-08-11T03:10:50.000,2,69.38,0.7,1.87
2025-08-11T03:11:50.000,1.82,58.94,0.94,1.55
2025-08-11T03:12:50.000,7.67,64.07,3.36,6.9
2025-08-11T03:13:50.000,4.7,68.13,1.75,4.36
2025-08-11T03:14:50.000,2.5,34.53,2.06,1.42
2025-08-11T03:15:50.000,1.59,11.89,1.56,0.33
2025-08-11T03:16:50.000,2.63,40.21,2.01,1.7
2025-08-11T03:17:50.000,3.35,34.64,2.75,1.9
2025-08-11T03:18:50.000,2.43,53.74,1.44,1.96
2025-08-11T03:19:50.000,7.62,66.72,3.01,7
2025-08-11T03:20:50.000,3.29,131.9,-2.2,2.45
2025-08-11T03:21:50.000,1.93,33.87,1.6,1.07
2025-08-11T03:22:50.000,2.72,84.35,0.27,2.71
2025-08-11T03:23:50.000,4.74,37.53,3.76,2.89
2025-08-11T03:24:50.000,3.23,49.19,2.11,2.44
2025-08-11T03:25:50.000,1.8,107.86,-0.55,1.72
2025-08-11T03:26:50.000,3.65,96.55,-0.42,3.63
2025-08-11T03:27:50.000,1.92,65.43,0.8,1.75
2025-08-11T03:28:50.000,10.02,67.55,3.83,9.26
2025-08-11T03:29:50.000,1.56,211.38,-1.33,-0.81
2025-08-11T03:30:50.000,1.34,354.28,1.33,-0.13
2025-08-11T03:31:50.000,2.7,77.31,0.59,2.63
2025-08-11T03:32:50.000,3.84,68.96,1.38,3.58
2025-08-11T03:33:50.000,3.05,186.85,-3.03,-0.36
2025-08-11T03:34:50.000,8.86,140.7,-6.85,5.61
2025-08-11T03:35:50.000,1.36,58.64,0.71,1.16
2025-08-11T03:36:50.000,0.79,35.84,0.64,0.47
2025-08-11T03:37:50.000,0.76,215.43,-0.62,-0.44
2025-08-11T03:38:50.000,0.83,247.81,-0.31,-0.77
2025-08-11T03:39:50.000,0.2,177.37,-0.2,0.01
2025-08-11T03:40:50.000,0.86,83.75,0.09,0.85
2025-08-11T03:41:50.000,2.59,48.6,1.71,1.94
2025-08-11T03:42:50.000,2.5,36.7,2,1.49
2025-08-11T03:43:50.000,4.6,61.28,2.21,4.04
2025-08-11T03:44:50.000,3.27,42.57,2.41,2.21
2025-08-11T03:45:50.000,2.76,39.73,2.12,1.76
2025-08-11T03:46:50.000,1.33,58.05,0.7,1.13
2025-08-11T03:47:50.000,1.34,101.9,-0.28,1.31
2025-08-11T03:48:50.000,1.47,40.54,1.11,0.95
2025-08-11T03:49:50.000,2.53,109.15,-0.83,2.39
2025-08-11T03:50:50.000,1.31,100.94,-0.25,1.28
2025-08-11T03:51:50.000,1.79,131.41,-1.18,1.34
2025-08-11T03:52:50.000,0.9,215.58,-0.73,-0.52
2025-08-11T03:53:50.000,2.38,279.59,0.4,-2.35
2025-08-11T03:54:50.000,0.55,68.47,0.2,0.51
2025-08-11T03:55:50.000,4.11,35.74,3.34,2.4
2025-08-11T03:56:50.000,3.73,8.37,3.69,0.54
2025-08-11T03:57:50.000,2.95,15.79,2.84,0.8
2025-08-11T03:58:50.000,2.82,27.06,2.51,1.28
2025-08-11T03:59:50.000,1.34,22.51,1.24,0.51
2025-08-11T04:00:50.000,2.15,8.36,2.13,0.31
2025-08-11T04:01:50.000,1.76,45.51,1.23,1.26
2025-08-11T04:02:50.000,1.34,31.78,1.14,0.7
2025-08-11T04:03:50.000,1.28,40.67,0.97,0.83
2025-08-11T04:04:50.000,0.26,184.02,-0.25,-0.02
2025-08-11T04:05:50.000,0.93,216.78,-0.75,-0.56
2025-08-11T04:06:50.000,0.99,208.73,-0.86,-0.47
2025-08-11T04:07:50.000,0.89,311.63,0.59,-0.67
2025-08-11T04:08:50.000,1.31,6.76,1.3,0.15
2025-08-11T04:09:50.000,1.41,55.36,0.8,1.16
2025-08-11T04:10:50.000,1.26,120.64,-0.64,1.08
2025-08-11T04:11:50.000,1.44,310.7,0.94,-1.09
2025-08-11T04:12:50.000,0.65,124.89,-0.37,0.54
2025-08-11T04:13:50.000,0.67,97.61,-0.09,0.66
2025-08-11T04:14:50.000,0.62,317.27,0.45,-0.42
2025-08-11T04:15:50.000,1.47,294.75,0.61,-1.33
2025-08-11T04:16:50.000,2.56,307.36,1.55,-2.03
2025-08-11T04:17:50.000,1.79,326.96,1.5,-0.98
2025-08-11T04:18:50.000,3.93,308.94,2.47,-3.05
2025-08-11T04:19:50.000,4.32,317.1,3.17,-2.94
2025-08-11T04:20:50.000,3.8,323.65,3.06,-2.25
2025-08-11T04:21:50.000,4.46,308.44,2.77,-3.49
2025-08-11T04:22:50.000,4.67,304.48,2.64,-3.85
2025-08-11T04:23:50.000,4.51,322.42,3.57,-2.75
2025-08-11T04:24:50.000,6.31,306.52,3.75,-5.07
2025-08-11T04:25:50.000,5.46,326.51,4.55,-3.01
2025-08-11T04:26:50.000,6.6,309.56,4.21,-5.09
2025-08-11T04:27:50.000,3.66,336.17,3.35,-1.48
2025-08-11T04:28:50.000,3.86,332.3,3.42,-1.79
2025-08-11T04:29:50.000,7.25,327.77,6.13,-3.87
2025-08-11T04:30:50.000,4.95,333.72,4.44,-2.19
2025-08-11T04:31:50.000,6.1,329.74,5.27,-3.07
2025-08-11T04:32:50.000,14.34,290.9,5.12,-13.4
2025-08-11T04:33:50.000,4.77,316.06,3.44,-3.31
2025-08-11T04:34:50.000,3.02,349.5,2.97,-0.55
2025-08-11T04:35:50.000,6.38,333.59,5.71,-2.84
2025-08-11T04:36:50.000,7.24,312,4.84,-5.38
2025-08-11T04:37:50.000,7.59,325.16,6.23,-4.34
2025-08-11T04:38:50.000,8.44,291.3,3.06,-7.86
2025-08-11T04:39:50.000,9.71,310.4,6.3,-7.4
2025-08-11T04:40:50.000,6.3,304.4,3.56,-5.2
2025-08-11T04:41:50.000,1.42,20.63,1.33,0.5
2025-08-11T04:42:50.000,10.99,292.03,4.12,-10.19
2025-08-11T04:43:50.000,5.79,348.35,5.67,-1.17
2025-08-11T04:44:50.000,9.08,305.99,5.34,-7.35
2025-08-11T04:45:50.000,5.83,307.71,3.56,-4.61
2025-08-11T04:46:50.000,7.84,335.65,7.14,-3.23
2025-08-11T04:47:50.000,14.64,330.79,12.78,-7.14
2025-08-11T04:48:50.000,10.37,325.55,8.55,-5.87
2025-08-11T04:49:50.000,7.43,324.03,6.01,-4.36
2025-08-11T04:50:50.000,3.48,0.79,3.48,0.05
2025-08-11T04:51:50.000,7.02,303.92,3.92,-5.82
2025-08-11T04:52:50.000,12.83,305.37,7.43,-10.46
2025-08-11T04:53:50.000,5.77,300.36,2.92,-4.98
2025-08-11T04:54:50.000,3.98,326.47,3.32,-2.2
2025-08-11T04:55:50.000,12.18,294.04,4.96,-11.12
2025-08-11T04:56:50.000,8.97,301.59,4.7,-7.64
2025-08-11T04:57:50.000,10.77,294.14,4.41,-9.83
2025-08-11T04:58:50.000,5.5,288.5,1.74,-5.21
2025-08-11T04:59:50.000,3.95,357.54,3.95,-0.17
2025-08-11T05:00:50.000,3.69,291.7,1.36,-3.43
2025-08-11T05:01:50.000,6.89,302.04,3.65,-5.84
2025-08-11T05:02:50.000,4.5,297.76,2.1,-3.98
2025-08-11T05:03:50.000,7.1,317.58,5.24,-4.79
2025-08-11T05:04:50.000,5.21,303.43,2.87,-4.35
2025-08-11T05:05:50.000,5.54,296.3,2.46,-4.97
2025-08-11T05:06:50.000,4.61,279.48,0.76,-4.55
2025-08-11T05:07:50.000,1.82,6.35,1.81,0.2
2025-08-11T05:08:50.000,5.48,323.78,4.42,-3.24
2025-08-11T05:09:50.000,3.35,339.63,3.14,-1.17
2025-08-11T05:10:50.000,2.2,310.62,1.43,-1.67
2025-08-11T05:11:50.000,2.36,22.01,2.18,0.88
2025-08-11T05:12:50.000,1.62,27.24,1.44,0.74
2025-08-11T05:13:50.000,2.04,0.41,2.04,0.01
2025-08-11T05:14:50.000,0.74,48.13,0.49,0.55
2025-08-11T05:15:50.000,0.54,89.37,0.01,0.54
2025-08-11T05:16:50.000,0.14,320.57,0.11,-0.09
2025-08-11T05:17:50.000,1.19,72.87,0.35,1.14
2025-08-11T05:18:50.000,2.78,126.85,-1.67,2.22
2025-08-11T05:19:50.000,2.87,124.59,-1.63,2.36
2025-08-11T05:20:50.000,1.66,77.34,0.36,1.62
2025-08-11T05:21:50.000,2.08,110.24,-0.72,1.95
2025-08-11T05:22:50.000,2.06,111.46,-0.76,1.92
2025-08-11T05:23:50.000,0.67,103.18,-0.15,0.65
2025-08-11T05:24:50.000,0.88,113.63,-0.35,0.81
2025-08-11T05:25:50.000,1.88,111.64,-0.69,1.75
2025-08-11T05:26:50.000,1.04,165.59,-1.01,0.26
2025-08-11T05:27:50.000,2.65,66.3,1.07,2.43
2025-08-11T05:28:50.000,2.34,39.44,1.8,1.48
2025-08-11T05:29:50.000,2.52,85.23,0.21,2.51
2025-08-11T05:30:50.000,1.52,29.1,1.33,0.74
2025-08-11T05:31:50.000,0.84,113.81,-0.34,0.77
2025-08-11T05:32:50.000,2.67,113.35,-1.06,2.45
2025-08-11T05:33:50.000,1.89,64.36,0.82,1.71
2025-08-11T05:34:50.000,1.25,109.16,-0.41,1.18
2025-08-11T05:35:50.000,1.37,89.77,0.01,1.37
2025-08-11T05:36:50.000,1.8,86.7,0.1,1.79
2025-08-11T05:37:50.000,1.61,56.71,0.88,1.34
2025-08-11T05:38:50.000,0.2,57.62,0.11,0.17
2025-08-11T05:39:50.000,1.32,98.17,-0.19,1.31
2025-08-11T05:40:50.000,2.29,132.9,-1.56,1.68
2025-08-11T05:41:50.000,2.09,5.85,2.08,0.21
2025-08-11T05:42:50.000,2.47,82.74,0.31,2.45
2025-08-11T05:43:50.000,2.31,61.1,1.12,2.02
2025-08-11T05:44:50.000,3.6,56.14,2.01,2.99
2025-08-11T05:45:50.000,1.6,42.59,1.18,1.08
2025-08-11T05:46:50.000,1.58,25.19,1.43,0.67
2025-08-11T05:47:50.000,3.68,85.13,0.31,3.67
2025-08-11T05:48:50.000,2.6,69.43,0.92,2.44
2025-08-11T05:49:50.000,2.52,74.69,0.67,2.43
2025-08-11T05:50:50.000,4.44,96.63,-0.51,4.41
2025-08-11T05:51:50.000,1.95,75.09,0.5,1.88
2025-08-11T05:52:50.000,2.14,58.56,1.12,1.82
2025-08-11T05:53:50.000,3.06,62.19,1.43,2.71
2025-08-11T05:54:50.000,1.8,65.77,0.74,1.64
2025-08-11T05:55:50.000,2.98,27.99,2.63,1.4
2025-08-11T05:56:50.000,3.81,87.18,0.19,3.81
2025-08-11T05:57:50.000,2.06,3.55,2.06,0.13
2025-08-11T05:58:50.000,4.59,61.26,2.21,4.02
2025-08-11T05:59:50.000,1.26,66.58,0.5,1.16
2025-08-11T06:00:50.000,2.6,47.61,1.75,1.92
2025-08-11T06:01:50.000,2.88,62.64,1.32,2.56
2025-08-11T06:02:50.000,3.24,82.09,0.45,3.21
2025-08-11T06:03:50.000,2.13,55.75,1.2,1.76
2025-08-11T06:04:50.000,1.55,69.68,0.54,1.46
2025-08-11T06:05:50.000,1.18,57.68,0.63,0.99
2025-08-11T06:06:50.000,0.44,213.28,-0.36,-0.24
2025-08-11T06:07:50.000,1.85,34.51,1.52,1.05
2025-08-11T06:08:50.000,0.55,25.35,0.5,0.23
2025-08-11T06:09:50.000,3.38,175.23,-3.37,0.28
2025-08-11T06:10:50.000,1.34,113.1,-0.53,1.23
2025-08-11T06:11:50.000,2.58,90.1,0,2.58
2025-08-11T06:12:50.000,0.45,160.38,-0.42,0.15
2025-08-11T06:13:50.000,2.79,154.91,-2.53,1.18
2025-08-11T06:14:50.000,6.04,136.46,-4.38,4.16
2025-08-11T06:15:50.000,8.63,123.79,-4.8,7.17
2025-08-11T06:16:50.000,1.55,55.47,0.88,1.28
2025-08-11T06:17:50.000,3.56,37.6,2.82,2.17
2025-08-11T06:18:50.000,3.68,107.02,-1.08,3.52
2025-08-11T06:19:50.000,2.64,61.58,1.26,2.32
2025-08-11T06:20:50.000,2.53,75.66,0.63,2.45
2025-08-11T06:21:50.000,3.22,63.84,1.42,2.89
2025-08-11T06:22:50.000,1.75,94.03,-0.12,1.75
2025-08-11T06:23:50.000,2.73,118.91,-1.32,2.39
2025-08-11T06:24:50.000,3.67,138.87,-2.76,2.41
2025-08-11T06:25:50.000,2.4,68.93,0.86,2.24
2025-08-11T06:26:50.000,2.8,41.85,2.09,1.87
2025-08-11T06:27:50.000,3.89,84.69,0.36,3.88
2025-08-11T06:28:50.000,1.53,39.98,1.17,0.98
2025-08-11T06:29:50.000,2.36,64.99,1,2.14
2025-08-11T06:30:50.000,2.3,36.35,1.86,1.37
2025-08-11T06:31:50.000,2.66,68.71,0.96,2.47
2025-08-11T06:32:50.000,2.08,72.75,0.62,1.99
2025-08-11T06:33:50.000,5.51,52.18,3.38,4.35
2025-08-11T06:34:50.000,3.33,51.63,2.07,2.61
2025-08-11T06:35:50.000,2.83,46.28,1.96,2.05
2025-08-11T06:36:50.000,2.71,45.16,1.91,1.92
2025-08-11T06:37:50.000,2.48,39.22,1.92,1.57
2025-08-11T06:38:50.000,2.02,50.78,1.28,1.56
2025-08-11T06:39:50.000,1.45,29.68,1.26,0.72
2025-08-11T06:40:50.000,0.42,94.32,-0.03,0.42
2025-08-11T06:41:50.000,1.4,61.5,0.67,1.23
2025-08-11T06:42:50.000,0.78,29.58,0.67,0.38
2025-08-11T06:43:50.000,0.59,34.33,0.49,0.33
2025-08-11T06:44:50.000,1.36,95.35,-0.13,1.35
2025-08-11T06:45:50.000,1.78,357.88,1.77,-0.07
2025-08-11T06:46:50.000,1.34,24.98,1.21,0.56
2025-08-11T06:47:50.000,1.4,7.74,1.39,0.19
2025-08-11T06:48:50.000,1.83,4.81,1.83,0.15
2025-08-11T06:49:50.000,1.39,344.54,1.34,-0.37
2025-08-11T06:50:50.000,1.5,6.85,1.49,0.18
2025-08-11T06:51:50.000,1.32,0.64,1.32,0.01
2025-08-11T06:52:50.000,1.12,9.2,1.11,0.18
2025-08-11T06:53:50.000,0.86,58.48,0.45,0.74
2025-08-11T06:54:50.000,1.54,14.38,1.49,0.38
2025-08-11T06:55:50.000,1.77,5.5,1.76,0.17
2025-08-11T06:56:50.000,1.63,23.66,1.5,0.66
2025-08-11T06:57:50.000,3.05,340.7,2.88,-1.01
2025-08-11T06:58:50.000,1.37,341.12,1.3,-0.44
2025-08-11T06:59:50.000,3.1,347.34,3.03,-0.68
2025-08-11T07:00:50.000,1.94,1.64,1.94,0.06
2025-08-11T07:01:50.000,1.35,357.96,1.35,-0.05
2025-08-11T07:02:50.000,1.64,329.82,1.42,-0.82
2025-08-11T07:03:50.000,1.36,331.85,1.2,-0.64
2025-08-11T07:04:50.000,3.45,316.13,2.49,-2.39
2025-08-11T07:05:50.000,2.13,321.35,1.66,-1.33
2025-08-11T07:06:50.000,2.53,348.03,2.47,-0.52
2025-08-11T07:07:50.000,2.76,315.69,1.98,-1.93
2025-08-11T07:08:50.000,4.5,334.51,4.06,-1.94
2025-08-11T07:09:50.000,3.83,335.13,3.48,-1.61
2025-08-11T07:10:50.000,7.27,305.98,4.27,-5.88
2025-08-11T07:11:50.000,8.79,297.19,4.02,-7.82
2025-08-11T07:12:50.000,10.45,294.95,4.41,-9.47
2025-08-11T07:13:50.000,5.51,328.11,4.68,-2.91
2025-08-11T07:14:50.000,6.43,310.49,4.18,-4.89
2025-08-11T07:15:50.000,5.81,307.12,3.51,-4.63
2025-08-11T07:16:50.000,8.04,315.04,5.69,-5.68
2025-08-11T07:17:50.000,7.76,312.06,5.2,-5.76
2025-08-11T07:18:50.000,4.59,324.88,3.75,-2.64
2025-08-11T07:19:50.000,10.71,282.32,2.28,-10.46
2025-08-11T07:20:50.000,11.06,295.14,4.7,-10.01
2025-08-11T07:21:50.000,10.19,328.64,8.7,-5.3
2025-08-11T07:22:50.000,12.79,301.93,6.76,-10.85
2025-08-11T07:23:50.000,10.48,307.09,6.32,-8.36
2025-08-11T07:24:50.000,23.3,313.99,16.19,-16.77
2025-08-11T07:25:50.000,16.35,319.73,12.47,-10.57
2025-08-11T07:26:50.000,22.12,299.23,10.8,-19.3
2025-08-11T07:27:50.000,19.47,314.46,13.64,-13.89
2025-08-11T07:28:50.000,11.84,330.31,10.29,-5.87
2025-08-11T07:29:50.000,19.06,321.88,15,-11.77
2025-08-11T07:30:50.000,19.79,305.3,11.43,-16.15
2025-08-11T07:31:50.000,15.15,293.63,6.07,-13.88
2025-08-11T07:32:50.000,21.29,299.26,10.41,-18.58
2025-08-11T07:33:50.000,20.47,294.62,8.53,-18.61
2025-08-11T07:34:50.000,17.81,298.5,8.5,-15.66
2025-08-11T07:35:50.000,8.38,320.58,6.47,-5.32
2025-08-11T07:36:50.000,7.86,307.65,4.8,-6.23
2025-08-11T07:37:50.000,14.69,307.01,8.84,-11.73
2025-08-11T07:38:50.000,10.44,294.64,4.35,-9.49
2025-08-11T07:39:50.000,15.97,288.01,4.94,-15.19
2025-08-11T07:40:50.000,15.12,294.93,6.37,-13.71
2025-08-11T07:41:50.000,15.08,286.57,4.3,-14.45
2025-08-11T07:42:50.000,10.74,299.24,5.25,-9.37
2025-08-11T07:43:50.000,17.88,290.53,6.27,-16.74
2025-08-11T07:44:50.000,19.01,304.06,10.65,-15.74
2025-08-11T07:45:50.000,16.48,305.44,9.55,-13.42
2025-08-11T07:46:50.000,3.77,327.56,3.18,-2.02
2025-08-11T07:47:50.000,16.13,306.11,9.5,-13.03
2025-08-11T07:48:50.000,11.94,303.7,6.62,-9.93
2025-08-11T07:49:50.000,11.4,299.67,5.64,-9.91
2025-08-11T07:50:50.000,20.74,279.2,3.31,-20.47
2025-08-11T07:51:50.000,11.99,298.38,5.7,-10.55
2025-08-11T07:52:50.000,15.4,289.32,5.1,-14.54
2025-08-11T07:53:50.000,12.03,294.74,5.04,-10.93
2025-08-11T07:54:50.000,16.31,277.67,2.18,-16.16
2025-08-11T07:55:50.000,7.08,327.47,5.97,-3.81
2025-08-11T07:56:50.000,15.4,295.57,6.65,-13.89
2025-08-11T07:57:50.000,11.82,285.59,3.18,-11.39
2025-08-11T07:58:50.000,10.52,313.94,7.3,-7.58
2025-08-11T07:59:50.000,17.06,285.21,4.48,-16.46
2025-08-11T08:00:50.000,5.95,336.01,5.43,-2.42
2025-08-11T08:01:50.000,6.29,316.11,4.53,-4.36
2025-08-11T08:02:50.000,10.43,307.93,6.41,-8.23
2025-08-11T08:03:50.000,19.42,282.44,4.18,-18.96
2025-08-11T08:04:50.000,10.72,317.18,7.86,-7.28
2025-08-11T08:05:50.000,17.21,270.09,0.03,-17.21
2025-08-11T08:06:50.000,8.06,296.95,3.65,-7.18
2025-08-11T08:07:50.000,11.45,284.84,2.93,-11.07
2025-08-11T08:08:50.000,16.89,298.1,7.96,-14.9
2025-08-11T08:09:50.000,15.16,283.39,3.51,-14.75
2025-08-11T08:10:50.000,9.27,283.6,2.18,-9.01
2025-08-11T08:11:50.000,14.67,287.68,4.46,-13.98
2025-08-11T08:12:50.000,7.69,305.9,4.51,-6.23
2025-08-11T08:13:50.000,5.37,302.05,2.85,-4.55
2025-08-11T08:14:50.000,16.3,286.01,4.49,-15.67
2025-08-11T08:15:50.000,17.21,285.33,4.55,-16.59
2025-08-11T08:16:50.000,14.54,293.51,5.8,-13.33
2025-08-11T08:17:50.000,14.07,292.43,5.37,-13
2025-08-11T08:18:50.000,13.83,298,6.49,-12.21
2025-08-11T08:19:50.000,11.48,314.62,8.06,-8.17
2025-08-11T08:20:50.000,10.92,304.05,6.11,-9.05
2025-08-11T08:21:50.000,8.41,296.35,3.73,-7.54
2025-08-11T08:22:50.000,17.87,290.89,6.37,-16.69
2025-08-11T08:23:50.000,20.54,298.02,9.65,-18.13
2025-08-11T08:24:50.000,14.75,311.35,9.74,-11.07
2025-08-11T08:25:50.000,18.69,303.28,10.26,-15.62
2025-08-11T08:26:50.000,8.04,297,3.65,-7.16
2025-08-11T08:27:50.000,9.36,302.4,5.02,-7.91
2025-08-11T08:28:50.000,8.57,317.01,6.27,-5.84
2025-08-11T08:29:50.000,11.67,306.36,6.92,-9.4
2025-08-11T08:30:50.000,13.49,306.02,7.93,-10.91
2025-08-11T08:31:50.000,17.98,292.29,6.82,-16.64
2025-08-11T08:32:50.000,11.06,302.85,6,-9.29
2025-08-11T08:33:50.000,12.49,290.5,4.37,-11.7
2025-08-11T08:34:50.000,6.97,294.31,2.87,-6.35
2025-08-11T08:35:50.000,13.39,302.01,7.1,-11.36
2025-08-11T08:36:50.000,13.41,305.11,7.71,-10.97
2025-08-11T08:37:50.000,15.02,288.44,4.75,-14.25
2025-08-11T08:38:50.000,13.86,297.95,6.5,-12.25
2025-08-11T08:39:50.000,17.86,307.38,10.84,-14.19
2025-08-11T08:40:50.000,15.33,298.26,7.26,-13.5
2025-08-11T08:41:50.000,17.01,299.83,8.46,-14.76
2025-08-11T08:42:50.000,19.59,307.53,11.93,-15.53
2025-08-11T08:43:50.000,12.11,305.92,7.1,-9.81
2025-08-11T08:44:50.000,21.03,301.08,10.86,-18.01
2025-08-11T08:45:50.000,18.33,291.18,6.62,-17.09
2025-08-11T08:46:50.000,13.3,304.74,7.58,-10.93
2025-08-11T08:47:50.000,13.1,301.63,6.87,-11.16
2025-08-11T08:48:50.000,14.64,294.95,6.18,-13.27
2025-08-11T08:49:50.000,18.01,298.05,8.47,-15.9
2025-08-11T08:50:50.000,14.69,303.74,8.16,-12.22
2025-08-11T08:51:50.000,20.97,301.25,10.88,-17.93
2025-08-11T08:52:50.000,21.23,294.88,8.93,-19.26
2025-08-11T08:53:50.000,16.32,292.03,6.12,-15.13
2025-08-11T08:54:50.000,13.09,314.04,9.1,-9.41
2025-08-11T08:55:50.000,20.85,296.17,9.2,-18.71
2025-08-11T08:56:50.000,20.81,291.08,7.49,-19.42
2025-08-11T08:57:50.000,14.78,306.08,8.7,-11.94
2025-08-11T08:58:50.000,10.38,299.75,5.15,-9.01
2025-08-11T08:59:50.000,15.38,298.94,7.44,-13.46
2025-08-11T09:00:50.000,13.66,294.44,5.65,-12.44
2025-08-11T09:01:50.000,16.4,301.83,8.65,-13.93
2025-08-11T09:02:50.000,15.5,296.95,7.03,-13.82
2025-08-11T09:03:50.000,10.39,302.68,5.61,-8.75
2025-08-11T09:04:50.000,21.65,293.72,8.71,-19.82
2025-08-11T09:05:50.000,12.68,298.21,5.99,-11.17
2025-08-11T09:06:50.000,21.22,292.93,8.27,-19.55
2025-08-11T09:07:50.000,17.16,303.68,9.51,-14.28
2025-08-11T09:08:50.000,14.54,297.34,6.68,-12.92
2025-08-11T09:09:50.000,19.2,305.6,11.18,-15.61
2025-08-11T09:10:50.000,17.81,294.4,7.36,-16.22
2025-08-11T09:11:50.000,19.03,304,10.64,-15.78
2025-08-11T09:12:50.000,8.82,301.62,4.62,-7.51
2025-08-11T09:13:50.000,17.3,300.82,8.86,-14.86
2025-08-11T09:14:50.000,18.12,302.34,9.69,-15.31
2025-08-11T09:15:50.000,18.27,308.42,11.35,-14.31
2025-08-11T09:16:50.000,26.11,307.9,16.04,-20.61
2025-08-11T09:17:50.000,17.03,304.11,9.55,-14.1
2025-08-11T09:18:50.000,20.46,299.04,9.93,-17.89
2025-08-11T09:19:50.000,13.74,305.97,8.07,-11.12
2025-08-11T09:20:50.000,16.17,308.68,10.11,-12.63
2025-08-11T09:21:50.000,18.88,294.07,7.7,-17.23
2025-08-11T09:22:50.000,9.75,320.87,7.56,-6.15
2025-08-11T09:23:50.000,20.5,293.19,8.07,-18.84
2025-08-11T09:24:50.000,21.31,295.68,9.24,-19.2
2025-08-11T09:25:50.000,14.34,305.67,8.36,-11.65
2025-08-11T09:26:50.000,20.27,300.93,10.42,-17.39
2025-08-11T09:27:50.000,18.57,294.72,7.76,-16.87
2025-08-11T09:28:50.000,12,308.08,7.4,-9.44
2025-08-11T09:29:50.000,14.71,300.22,7.41,-12.71
2025-08-11T09:30:50.000,17.6,300.1,8.83,-15.23
2025-08-11T09:31:50.000,20.31,300.38,10.27,-17.52
2025-08-11T09:32:50.000,16.61,296.59,7.44,-14.86
2025-08-11T09:33:50.000,16.56,299.75,8.22,-14.38
2025-08-11T09:34:50.000,7.7,299.78,3.82,-6.68
2025-08-11T09:35:50.000,14.7,302.47,7.89,-12.4
2025-08-11T09:36:50.000,12.96,309.2,8.19,-10.04
2025-08-11T09:37:50.000,11.71,310.48,7.6,-8.91
2025-08-11T09:38:50.000,15.86,300.85,8.13,-13.61
2025-08-11T09:39:50.000,13.13,295.33,5.62,-11.87
2025-08-11T09:40:50.000,4.24,324.17,3.43,-2.48
2025-08-11T09:41:50.000,7.83,295.6,3.38,-7.06
2025-08-11T09:42:50.000,16.51,299.85,8.22,-14.32
2025-08-11T09:43:50.000,14.67,298.91,7.09,-12.84
2025-08-11T09:44:50.000,11.51,303.69,6.38,-9.57
2025-08-11T09:45:50.000,12.39,296.58,5.55,-11.08
2025-08-11T09:46:50.000,17.68,287.72,5.38,-16.85
2025-08-11T09:47:50.000,9.1,306.1,5.36,-7.35
2025-08-11T09:48:50.000,11.13,303.69,6.18,-9.26
2025-08-11T09:49:50.000,9.75,313.11,6.67,-7.12
2025-08-11T09:50:50.000,11.45,303.66,6.34,-9.53
2025-08-11T09:51:50.000,15.26,293.11,5.99,-14.04
2025-08-11T09:52:50.000,15.25,310.28,9.86,-11.63
2025-08-11T09:53:50.000,13.47,292.21,5.09,-12.47
2025-08-11T09:54:50.000,17.64,302.11,9.38,-14.94
2025-08-11T09:55:50.000,20.5,291.85,7.63,-19.03
2025-08-11T09:56:50.000,21.76,298.8,10.48,-19.07
2025-08-11T09:57:50.000,11.92,298.19,5.63,-10.5
2025-08-11T09:58:50.000,10.02,307.37,6.08,-7.96
2025-08-11T09:59:50.000,15.94,295.68,6.91,-14.36
2025-08-11T10:00:50.000,8.67,291.66,3.2,-8.06
2025-08-11T10:01:50.000,14.85,302.54,7.99,-12.52
2025-08-11T10:02:50.000,14.38,288.31,4.52,-13.65
2025-08-11T10:03:50.000,9.2,333.84,8.26,-4.05
2025-08-11T10:04:50.000,16.98,298.52,8.11,-14.92
2025-08-11T10:05:50.000,8.18,319.43,6.22,-5.32
2025-08-11T10:06:50.000,10.74,306.13,6.33,-8.67
2025-08-11T10:07:50.000,16.54,313.56,11.4,-11.99
2025-08-11T10:08:50.000,12.3,292.38,4.68,-11.37
2025-08-11T10:09:50.000,6.46,319.97,4.94,-4.15
2025-08-11T10:10:50.000,8.47,313.45,5.83,-6.15
2025-08-11T10:11:50.000,12.93,310.29,8.36,-9.87
2025-08-11T10:12:50.000,16.97,308.43,10.55,-13.29
2025-08-11T10:13:50.000,7.13,292.9,2.77,-6.56
2025-08-11T10:14:50.000,12.46,286.45,3.53,-11.95
2025-08-11T10:15:50.000,9.79,299.51,4.82,-8.52
2025-08-11T10:16:50.000,11.17,309.51,7.11,-8.62
2025-08-11T10:17:50.000,16.48,288.69,5.28,-15.61
2025-08-11T10:18:50.000,16.04,282.07,3.35,-15.69
2025-08-11T10:19:50.000,10.69,290.24,3.7,-10.03
2025-08-11T10:20:50.000,5.05,335.67,4.6,-2.08
2025-08-11T10:21:50.000,6.29,302.13,3.34,-5.33
2025-08-11T10:22:50.000,18.04,283.88,4.33,-17.52
2025-08-11T10:23:50.000,10.72,304.19,6.03,-8.87
2025-08-11T10:24:50.000,12.19,288.6,3.89,-11.55
2025-08-11T10:25:50.000,5.52,301.12,2.85,-4.73
2025-08-11T10:26:50.000,15.05,293.06,5.9,-13.85
2025-08-11T10:27:50.000,13.79,307.17,8.33,-10.99
2025-08-11T10:28:50.000,11,300.73,5.62,-9.46
2025-08-11T10:29:50.000,12.11,295.87,5.28,-10.89
2025-08-11T10:30:50.000,11.12,295.32,4.75,-10.05
2025-08-11T10:31:50.000,8.3,304.75,4.73,-6.82
2025-08-11T10:32:50.000,10.23,296.53,4.57,-9.15
2025-08-11T10:33:50.000,6.99,311.28,4.61,-5.26
2025-08-11T10:34:50.000,8.09,327.4,6.82,-4.36
2025-08-11T10:35:50.000,9.54,319.75,7.28,-6.17
2025-08-11T10:36:50.000,8.88,307.57,5.41,-7.04
2025-08-11T10:37:50.000,2.1,7.73,2.08,0.28
2025-08-11T10:38:50.000,2.81,323.34,2.26,-1.68
2025-08-11T10:39:50.000,4.47,297.01,2.03,-3.98
2025-08-11T10:40:50.000,3.65,303.56,2.02,-3.04
2025-08-11T10:41:50.000,3.34,1.27,3.34,0.07
2025-08-11T10:42:50.000,2.35,359.22,2.35,-0.03
2025-08-11T10:43:50.000,0.91,59.72,0.46,0.78
2025-08-11T10:44:50.000,1.1,29.46,0.96,0.54
2025-08-11T10:45:50.000,1.77,88.65,0.04,1.77
2025-08-11T10:46:50.000,1.89,108.08,-0.59,1.8
2025-08-11T10:47:50.000,0.84,93.75,-0.06,0.84
2025-08-11T10:48:50.000,1.11,68.37,0.41,1.04
2025-08-11T10:49:50.000,3.61,126.93,-2.17,2.89
2025-08-11T10:50:50.000,5.29,133.2,-3.62,3.85
2025-08-11T10:51:50.000,1.35,59.26,0.69,1.16
2025-08-11T10:52:50.000,2.39,103.75,-0.57,2.33
2025-08-11T10:53:50.000,5.45,62.2,2.54,4.82
2025-08-11T10:54:50.000,1.95,37.12,1.55,1.18
2025-08-11T10:55:50.000,5.94,112.47,-2.27,5.49
2025-08-11T10:56:50.000,2.11,84.24,0.21,2.1
2025-08-11T10:57:50.000,4.95,112.15,-1.87,4.59
2025-08-11T10:58:50.000,1.69,17.18,1.62,0.5
2025-08-11T10:59:50.000,3.73,94.47,-0.29,3.72
2025-08-11T11:00:50.000,3.65,50.67,2.31,2.82
2025-08-11T11:01:50.000,2.46,87.77,0.1,2.46
2025-08-11T11:02:50.000,3.13,73.91,0.87,3.01
2025-08-11T11:03:50.000,0.72,86.95,0.04,0.72
2025-08-11T11:04:50.000,2.57,48.82,1.69,1.94
2025-08-11T11:05:50.000,4.34,51.91,2.68,3.41
2025-08-11T11:06:50.000,2.67,57.13,1.45,2.24
2025-08-11T11:07:50.000,3.91,67.63,1.49,3.62
2025-08-11T11:08:50.000,2.93,40.9,2.21,1.92
2025-08-11T11:09:50.000,2.5,23.94,2.28,1.01
2025-08-11T11:10:50.000,2.3,79.23,0.43,2.26
2025-08-11T11:11:50.000,12.66,52.28,7.75,10.02
2025-08-11T11:12:50.000,8.87,41.6,6.63,5.89
2025-08-11T11:13:50.000,2.5,57.15,1.36,2.1
2025-08-11T11:14:50.000,4.94,53.66,2.93,3.98
2025-08-11T11:15:50.000,2.94,50.63,1.86,2.27
2025-08-11T11:16:50.000,7.58,63.52,3.38,6.78
2025-08-11T11:17:50.000,3.5,54.42,2.04,2.85
2025-08-11T11:18:50.000,1.95,70.77,0.64,1.84
2025-08-11T11:19:50.000,8.77,45.52,6.15,6.26
2025-08-11T11:20:50.000,3.05,44.06,2.19,2.12
2025-08-11T11:21:50.000,10.54,65.67,4.34,9.6
2025-08-11T11:22:50.000,2.22,75.32,0.56,2.15
2025-08-11T11:23:50.000,2.8,47.7,1.88,2.07
2025-08-11T11:24:50.000,4.04,83.46,0.46,4.01
2025-08-11T11:25:50.000,1.82,90.3,-0.01,1.82
2025-08-11T11:26:50.000,6.05,52.09,3.72,4.77
2025-08-11T11:27:50.000,3.47,46.3,2.4,2.51
2025-08-11T11:28:50.000,5.98,70.58,1.99,5.64
2025-08-11T11:29:50.000,0.83,97.76,-0.11,0.82
2025-08-11T11:30:50.000,2.39,124.99,-1.37,1.96
2025-08-11T11:31:50.000,0.99,138.39,-0.74,0.66
2025-08-11T11:32:50.000,3.47,85.44,0.28,3.46
2025-08-11T11:33:50.000,2.85,37.76,2.25,1.75
2025-08-11T11:34:50.000,1.58,49.65,1.02,1.2
2025-08-11T11:35:50.000,3.38,66.19,1.36,3.09
2025-08-11T11:36:50.000,4.56,58.84,2.36,3.9
2025-08-11T11:37:50.000,2.41,66.57,0.96,2.22
2025-08-11T11:38:50.000,5.56,82.85,0.69,5.51
2025-08-11T11:39:50.000,2.76,21.53,2.57,1.01
2025-08-11T11:40:50.000,6.18,68.95,2.22,5.77
2025-08-11T11:41:50.000,2.74,50.17,1.75,2.1
2025-08-11T11:42:50.000,3.34,36.95,2.67,2.01
2025-08-11T11:43:50.000,4.44,74.14,1.21,4.27
2025-08-11T11:44:50.000,2.58,45.49,1.81,1.84
2025-08-11T11:45:50.000,2.31,100.14,-0.41,2.27
2025-08-11T11:46:50.000,2.35,67.71,0.89,2.18
2025-08-11T11:47:50.000,4.42,80.16,0.75,4.35
2025-08-11T11:48:50.000,3.57,50.82,2.25,2.77
2025-08-11T11:49:50.000,4.5,59.16,2.31,3.86
2025-08-11T11:50:50.000,1.83,62.19,0.86,1.62
2025-08-11T11:51:50.000,3.24,66.85,1.27,2.97
2025-08-11T11:52:50.000,1,19.58,0.94,0.34
2025-08-11T11:53:50.000,2.81,74.93,0.73,2.71
2025-08-11T11:54:50.000,3.33,64.54,1.43,3.01
2025-08-11T11:55:50.000,1.32,73.93,0.37,1.27
2025-08-11T11:56:50.000,1.85,41.41,1.39,1.23
2025-08-11T11:57:50.000,3.36,116.39,-1.49,3.01
2025-08-11T11:58:50.000,1.54,90.97,-0.03,1.54
2025-08-11T11:59:50.000,1.3,64.59,0.56,1.17
2025-08-11T12:00:50.000,2.74,48.97,1.8,2.07
2025-08-11T12:01:50.000,1.12,8.7,1.11,0.17
2025-08-11T12:02:50.000,0.35,191.81,-0.35,-0.07
2025-08-11T12:03:50.000,0.84,227.48,-0.57,-0.62
2025-08-11T12:04:50.000,1.73,137.38,-1.27,1.17
2025-08-11T12:05:50.000,1.66,42.18,1.23,1.12
2025-08-11T12:06:50.000,1.3,54.11,0.76,1.06
2025-08-11T12:07:50.000,1.98,13.55,1.93,0.46
2025-08-11T12:08:50.000,1.37,38.03,1.08,0.84
2025-08-11T12:09:50.000,0.81,71.67,0.26,0.77
2025-08-11T12:10:50.000,1.13,24.07,1.03,0.46
2025-08-11T12:11:50.000,2.7,350.49,2.67,-0.45
2025-08-11T12:12:50.000,0.57,39.41,0.44,0.36
2025-08-11T12:13:50.000,0.91,130.64,-0.59,0.69
2025-08-11T12:14:50.000,0.65,23.72,0.6,0.26
2025-08-11T12:15:50.000,0.09,164.24,-0.08,0.02
2025-08-11T12:16:50.000,0.91,51.85,0.56,0.72
2025-08-11T12:17:50.000,2.17,76.6,0.5,2.11
2025-08-11T12:18:50.000,1.7,99.41,-0.28,1.68
2025-08-11T12:19:50.000,0.72,44.41,0.51,0.5
2025-08-11T12:20:50.000,1.17,334.38,1.05,-0.51
2025-08-11T12:21:50.000,0.73,8.18,0.72,0.1
2025-08-11T12:22:50.000,0.55,11.01,0.54,0.1
2025-08-11T12:23:50.000,1.15,358.24,1.14,-0.04
2025-08-11T12:24:50.000,1.44,358.19,1.44,-0.05
2025-08-11T12:25:50.000,1.56,16.74,1.5,0.45
2025-08-11T12:26:50.000,2.58,9.7,2.55,0.44
2025-08-11T12:27:50.000,1.83,340.19,1.72,-0.62
2025-08-11T12:28:50.000,3.06,313.23,2.1,-2.23
2025-08-11T12:29:50.000,3.4,317.29,2.5,-2.31
2025-08-11T12:30:50.000,3.73,310.56,2.42,-2.83
2025-08-11T12:31:50.000,4.84,305.25,2.79,-3.95
2025-08-11T12:32:50.000,4.19,331.63,3.69,-1.99
2025-08-11T12:33:50.000,4.54,328.13,3.86,-2.4
2025-08-11T12:34:50.000,3.5,354.97,3.49,-0.31
2025-08-11T12:35:50.000,4.5,342.58,4.29,-1.35
2025-08-11T12:36:50.000,4.58,342.28,4.36,-1.39
2025-08-11T12:37:50.000,4.64,350.72,4.58,-0.75
2025-08-11T12:38:50.000,5.69,340.11,5.35,-1.94
2025-08-11T12:39:50.000,4.74,311.92,3.17,-3.53
2025-08-11T12:40:50.000,3.67,328.34,3.12,-1.93
2025-08-11T12:41:50.000,2.67,348.6,2.61,-0.53
2025-08-11T12:42:50.000,4.42,339.74,4.15,-1.53
2025-08-11T12:43:50.000,3.62,357.84,3.61,-0.14
2025-08-11T12:44:50.000,8.79,298.12,4.14,-7.75
2025-08-11T12:45:50.000,5.41,303.08,2.95,-4.53
2025-08-11T12:46:50.000,2.17,325.87,1.8,-1.22
2025-08-11T12:47:50.000,4.87,321.61,3.81,-3.02
2025-08-11T12:48:50.000,7.45,299.52,3.67,-6.49
2025-08-11T12:49:50.000,3.74,307.9,2.3,-2.95
2025-08-11T12:50:50.000,5.5,298.54,2.63,-4.83
2025-08-11T12:51:50.000,5.1,319.85,3.9,-3.29
2025-08-11T12:52:50.000,3.87,330.59,3.37,-1.9
2025-08-11T12:53:50.000,6.46,313.74,4.46,-4.66
2025-08-11T12:54:50.000,8.6,297.62,3.99,-7.62
2025-08-11T12:55:50.000,6.9,316.26,4.98,-4.77
2025-08-11T12:56:50.000,5.69,282.69,1.25,-5.55
2025-08-11T12:57:50.000,4.38,318.48,3.28,-2.9
2025-08-11T12:58:50.000,5.63,301.46,2.94,-4.8
2025-08-11T12:59:50.000,6.38,305.6,3.71,-5.19
2025-08-11T13:00:50.000,4.09,287.47,1.23,-3.9
2025-08-11T13:01:50.000,4.97,316.62,3.61,-3.41
2025-08-11T13:02:50.000,8.01,306.22,4.74,-6.47
2025-08-11T13:03:50.000,3.3,297.42,1.52,-2.93
2025-08-11T13:04:50.000,7.85,299.29,3.84,-6.84
2025-08-11T13:05:50.000,5.47,282.5,1.18,-5.34
2025-08-11T13:06:50.000,5.6,319.57,4.26,-3.63
2025-08-11T13:07:50.000,3.19,304.29,1.8,-2.64
2025-08-11T13:08:50.000,4.1,312.28,2.75,-3.03
2025-08-11T13:09:50.000,4.14,308.36,2.57,-3.25
2025-08-11T13:10:50.000,1.83,225.69,-1.28,-1.31
2025-08-11T13:11:50.000,5.25,298.03,2.47,-4.64
2025-08-11T13:12:50.000,2.41,320.9,1.87,-1.52
2025-08-11T13:13:50.000,4.5,286.46,1.28,-4.32
2025-08-11T13:14:50.000,0.38,174.43,-0.38,0.04
2025-08-11T13:15:50.000,0.51,311.74,0.34,-0.38
2025-08-11T13:16:50.000,2.04,211.55,-1.74,-1.07
2025-08-11T13:17:50.000,2.71,282.99,0.61,-2.64
2025-08-11T13:18:50.000,1.11,301.75,0.58,-0.94
2025-08-11T13:19:50.000,4,271.63,0.11,-4
2025-08-11T13:20:50.000,1.35,324.1,1.1,-0.79
2025-08-11T13:21:50.000,1.7,16.93,1.62,0.49
2025-08-11T13:22:50.000,3.28,321.13,2.56,-2.06
2025-08-11T13:23:50.000,2.51,337.42,2.31,-0.96
2025-08-11T13:24:50.000,1.54,339.2,1.44,-0.55
2025-08-11T13:25:50.000,1.99,345.06,1.93,-0.51
2025-08-11T13:26:50.000,2.99,344.47,2.88,-0.8
2025-08-11T13:27:50.000,3.99,319.77,3.05,-2.58
2025-08-11T13:28:50.000,3.33,305.05,1.91,-2.73
2025-08-11T13:29:50.000,3.1,319.74,2.37,-2.01
2025-08-11T13:30:50.000,3.2,324.07,2.59,-1.88
2025-08-11T13:31:50.000,2.18,313.52,1.5,-1.58
2025-08-11T13:32:50.000,1.98,347.59,1.94,-0.43
2025-08-11T13:33:50.000,1.7,351.66,1.69,-0.25
2025-08-11T13:34:50.000,1.8,350.61,1.78,-0.29
2025-08-11T13:35:50.000,1.72,345.49,1.67,-0.43
2025-08-11T13:36:50.000,2.17,6.36,2.16,0.24
2025-08-11T13:37:50.000,1.78,6.92,1.76,0.21
2025-08-11T13:38:50.000,1.4,21.15,1.31,0.51
2025-08-11T13:39:50.000,0.38,161.66,-0.36,0.12
2025-08-11T13:40:50.000,2.59,311.57,1.72,-1.94
2025-08-11T13:41:50.000,1.41,328.44,1.2,-0.74
2025-08-11T13:42:50.000,1.15,41.86,0.86,0.77
2025-08-11T13:43:50.000,0.53,121.39,-0.27,0.45
2025-08-11T13:44:50.000,1.26,331.27,1.11,-0.61
2025-08-11T13:45:50.000,0.65,344.42,0.62,-0.17
2025-08-11T13:46:50.000,0.99,21.15,0.92,0.36
2025-08-11T13:47:50.000,0.92,109.22,-0.3,0.87
2025-08-11T13:48:50.000,2.53,292.89,0.98,-2.33
2025-08-11T13:49:50.000,2.87,291.04,1.03,-2.68
2025-08-11T13:50:50.000,2.33,269.89,0,-2.33
2025-08-11T13:51:50.000,0.98,320.02,0.75,-0.63
2025-08-11T13:52:50.000,1.24,354.84,1.23,-0.11
2025-08-11T13:53:50.000,2.41,338.75,2.25,-0.88
2025-08-11T13:54:50.000,0.45,21.54,0.42,0.17
2025-08-11T13:55:50.000,2.24,317.01,1.64,-1.53
2025-08-11T13:56:50.000,3.51,331.81,3.1,-1.66
2025-08-11T13:57:50.000,0.77,312.66,0.52,-0.57
2025-08-11T13:58:50.000,1.12,308.84,0.7,-0.87
2025-08-11T13:59:50.000,0.81,308.9,0.51,-0.63
2025-08-11T14:00:50.000,1.61,275.77,0.16,-1.6
2025-08-11T14:01:50.000,2.03,303.05,1.11,-1.7
2025-08-11T14:02:50.000,1.6,339.1,1.5,-0.57
2025-08-11T14:03:50.000,0.98,11.49,0.96,0.19
2025-08-11T14:04:50.000,0.64,226.48,-0.44,-0.46
2025-08-11T14:05:50.000,0.9,21.4,0.84,0.33
2025-08-11T14:06:50.000,1.38,218.75,-1.08,-0.86
2025-08-11T14:07:50.000,2.17,301.18,1.12,-1.86
2025-08-11T14:08:50.000,3.47,309.3,2.2,-2.68
2025-08-11T14:09:50.000,1.28,316.59,0.93,-0.88
2025-08-11T14:10:50.000,0.93,14.18,0.9,0.23
2025-08-11T14:11:50.000,1.16,38.87,0.9,0.73
2025-08-11T14:12:50.000,2.47,13.75,2.4,0.59
2025-08-11T14:13:50.000,1.69,36.26,1.37,1
2025-08-11T14:14:50.000,1.75,42.78,1.28,1.19
2025-08-11T14:15:50.000,1.29,90.39,-0.01,1.29
2025-08-11T14:16:50.000,2.16,51.17,1.36,1.68
2025-08-11T14:17:50.000,1.29,74.02,0.35,1.24
2025-08-11T14:18:50.000,0.63,84.15,0.06,0.63
2025-08-11T14:19:50.000,1.27,132.77,-0.86,0.93
2025-08-11T14:20:50.000,0.91,92.78,-0.04,0.91
2025-08-11T14:21:50.000,1.06,78.65,0.21,1.03
2025-08-11T14:22:50.000,1.05,94.59,-0.08,1.05
2025-08-11T14:23:50.000,1.49,51.09,0.94,1.16
2025-08-11T14:24:50.000,1.01,101.12,-0.19,0.99
2025-08-11T14:25:50.000,1.82,97.62,-0.24,1.81
2025-08-11T14:26:50.000,1.94,128.55,-1.21,1.52
2025-08-11T14:27:50.000,0.78,117.94,-0.36,0.69
2025-08-11T14:28:50.000,1.13,52.94,0.68,0.9
2025-08-11T14:29:50.000,0.55,73.48,0.16,0.53
2025-08-11T14:30:50.000,1.06,143.64,-0.86,0.63
2025-08-11T14:31:50.000,0.57,132.39,-0.38,0.42
2025-08-11T14:32:50.000,0.54,65.54,0.22,0.49
2025-08-11T14:33:50.000,1.45,87.83,0.06,1.45
2025-08-11T14:34:50.000,1.78,4.04,1.77,0.13
2025-08-11T14:35:50.000,1.36,28.85,1.19,0.65
2025-08-11T14:36:50.000,0.94,112.77,-0.36,0.87
2025-08-11T14:37:50.000,1.81,78.01,0.38,1.77
2025-08-11T14:38:50.000,1.53,52.28,0.94,1.21
2025-08-11T14:39:50.000,1.61,94.57,-0.13,1.6
2025-08-11T14:40:50.000,2.15,58.49,1.12,1.83
2025-08-11T14:41:50.000,0.85,117.42,-0.39,0.75
2025-08-11T14:42:50.000,1.47,81.55,0.22,1.46
2025-08-11T14:43:50.000,1.83,83.71,0.2,1.82
2025-08-11T14:44:50.000,1.42,71.33,0.46,1.35
2025-08-11T14:45:50.000,2.09,96.13,-0.22,2.08
2025-08-11T14:46:50.000,1.3,57.86,0.69,1.1
2025-08-11T14:47:50.000,1.77,49.16,1.16,1.34
2025-08-11T14:48:50.000,1.83,51.29,1.14,1.43
2025-08-11T14:49:50.000,1.86,42.48,1.37,1.25
2025-08-11T14:50:50.000,0.5,116.16,-0.22,0.44
2025-08-11T14:51:50.000,1.3,40.1,0.99,0.83
2025-08-11T14:52:50.000,1.51,102.59,-0.33,1.47
2025-08-11T14:53:50.000,1.97,30.5,1.69,1
2025-08-11T14:54:50.000,0.82,92.52,-0.04,0.82
2025-08-11T14:55:50.000,1.47,76.78,0.34,1.43
2025-08-11T14:56:50.000,2.65,145.43,-2.18,1.5
2025-08-11T14:57:50.000,0.74,62.99,0.33,0.66
2025-08-11T14:58:50.000,1.73,136.18,-1.25,1.2
2025-08-11T14:59:50.000,0.88,82.97,0.11,0.87
2025-08-11T15:00:50.000,1.8,52.15,1.1,1.42
2025-08-11T15:01:50.000,1.21,27.04,1.08,0.55
2025-08-11T15:02:50.000,1.72,50.15,1.1,1.32
2025-08-11T15:03:50.000,1.14,58.26,0.6,0.97
2025-08-11T15:04:50.000,2.45,83.94,0.26,2.43
2025-08-11T15:05:50.000,1.61,60.41,0.79,1.4
2025-08-11T15:06:50.000,0.62,45.71,0.44,0.45
2025-08-11T15:07:50.000,1.38,118.01,-0.65,1.21
2025-08-11T15:08:50.000,1.13,80.79,0.18,1.12
2025-08-11T15:09:50.000,1.82,73.58,0.51,1.75
2025-08-11T15:10:50.000,1.65,45.98,1.15,1.19
2025-08-11T15:11:50.000,2.26,49.82,1.46,1.73
2025-08-11T15:12:50.000,2.04,77.94,0.43,2
2025-08-11T15:13:50.000,1.52,51.11,0.95,1.18
2025-08-11T15:14:50.000,1.38,89.75,0.01,1.38
2025-08-11T15:15:50.000,1.36,118.6,-0.65,1.2
2025-08-11T15:16:50.000,1.37,51.56,0.85,1.08
2025-08-11T15:17:50.000,1.73,94.99,-0.15,1.72
2025-08-11T15:18:50.000,0.76,95.01,-0.07,0.76
2025-08-11T15:19:50.000,1.82,79.43,0.33,1.78
2025-08-11T15:20:50.000,1.78,26.01,1.6,0.78
2025-08-11T15:21:50.000,1.13,73.36,0.32,1.08
2025-08-11T15:22:50.000,1.8,74.82,0.47,1.73
2025-08-11T15:23:50.000,1.57,146.52,-1.31,0.87
2025-08-11T15:24:50.000,2.17,72.68,0.64,2.07
2025-08-11T15:25:50.000,2.47,91.16,-0.05,2.47
2025-08-11T15:26:50.000,3.54,96.7,-0.41,3.52
2025-08-11T15:27:50.000,2.36,109.43,-0.79,2.23
2025-08-11T15:28:50.000,2.33,101.12,-0.45,2.29
2025-08-11T15:29:50.000,2.23,32.5,1.88,1.2
2025-08-11T15:30:50.000,2.49,112.1,-0.94,2.31
2025-08-11T15:31:50.000,1.87,116.52,-0.83,1.67
2025-08-11T15:32:50.000,1.03,36.5,0.83,0.61
2025-08-11T15:33:50.000,0.53,78.4,0.11,0.51
2025-08-11T15:34:50.000,1.68,154.68,-1.52,0.72
2025-08-11T15:35:50.000,1.1,53.08,0.66,0.88
2025-08-11T15:36:50.000,2.44,112.63,-0.94,2.25
2025-08-11T15:37:50.000,1.79,112.85,-0.69,1.65
2025-08-11T15:38:50.000,1.26,103.3,-0.29,1.23
2025-08-11T15:39:50.000,1.32,66.09,0.54,1.21
2025-08-11T15:40:50.000,0.36,111.7,-0.13,0.33
2025-08-11T15:41:50.000,1.21,45.26,0.85,0.86
2025-08-11T15:42:50.000,0.68,85.95,0.05,0.68
2025-08-11T15:43:50.000,1.2,49.49,0.78,0.91
2025-08-11T15:44:50.000,1.18,121.75,-0.62,1
2025-08-11T15:45:50.000,1.11,21.2,1.03,0.4
2025-08-11T15:46:50.000,1.28,93.41,-0.08,1.28
2025-08-11T15:47:50.000,0.9,76.08,0.22,0.87
2025-08-11T15:48:50.000,1.47,29.59,1.28,0.73
2025-08-11T15:49:50.000,1.06,165.72,-1.03,0.26
2025-08-11T15:50:50.000,1.47,98.5,-0.22,1.45
2025-08-11T15:51:50.000,2.07,80.38,0.35,2.05
2025-08-11T15:52:50.000,1.64,131.36,-1.08,1.23
2025-08-11T15:53:50.000,1.4,92.16,-0.05,1.4
2025-08-11T15:54:50.000,2.62,115.14,-1.11,2.37
2025-08-11T15:55:50.000,1.68,101.84,-0.34,1.64
2025-08-11T15:56:50.000,2.3,52.64,1.4,1.83
2025-08-11T15:57:50.000,0.99,26.15,0.89,0.43
2025-08-11T15:58:50.000,1.06,128.72,-0.66,0.83
2025-08-11T15:59:50.000,1.15,87.85,0.04,1.15
2025-08-11T16:00:50.000,2.79,131.06,-1.83,2.11
2025-08-11T16:01:50.000,2.22,89.12,0.03,2.22
2025-08-11T16:02:50.000,1.13,104.93,-0.29,1.09
2025-08-11T16:03:50.000,3.32,108.59,-1.06,3.15
2025-08-11T16:04:50.000,0.99,109.24,-0.33,0.94
2025-08-11T16:05:50.000,0.97,80.8,0.15,0.95
2025-08-11T16:06:50.000,1.22,61.94,0.57,1.07
2025-08-11T16:07:50.000,2.87,103.93,-0.69,2.79
2025-08-11T16:08:50.000,0.84,55.46,0.48,0.7
2025-08-11T16:09:50.000,1.16,138.57,-0.87,0.77
2025-08-11T16:10:50.000,0.9,36.7,0.72,0.54
2025-08-11T16:11:50.000,0.82,95.66,-0.08,0.81
2025-08-11T16:12:50.000,2.15,73.7,0.6,2.06
2025-08-11T16:13:50.000,0.86,13.73,0.83,0.2
2025-08-11T16:14:50.000,2.95,117.66,-1.37,2.62
2025-08-11T16:15:50.000,2.19,142.49,-1.73,1.33
2025-08-11T16:16:50.000,0.83,121.41,-0.43,0.71
2025-08-11T16:17:50.000,1.87,115.21,-0.8,1.7
2025-08-11T16:18:50.000,1.32,142.52,-1.05,0.8
2025-08-11T16:19:50.000,1.6,91.32,-0.04,1.6
2025-08-11T16:20:50.000,1.04,73.7,0.29,1
2025-08-11T16:21:50.000,1.16,94.55,-0.09,1.15
2025-08-11T16:22:50.000,1.26,64.04,0.55,1.13
2025-08-11T16:23:50.000,1.1,71.2,0.35,1.04
2025-08-11T16:24:50.000,0.95,117.71,-0.44,0.84
2025-08-11T16:25:50.000,0.64,64.88,0.27,0.58
2025-08-11T16:26:50.000,2.49,78.59,0.49,2.44
2025-08-11T16:27:50.000,1.46,113.87,-0.59,1.33
2025-08-11T16:28:50.000,1.75,68.73,0.64,1.63
2025-08-11T16:29:50.000,0.9,52.09,0.55,0.71
2025-08-11T16:30:50.000,0.27,126.59,-0.16,0.22
2025-08-11T16:31:50.000,0.53,44.89,0.38,0.37
2025-08-11T16:32:50.000,0.68,80.43,0.11,0.67
2025-08-11T16:33:50.000,1.48,154,-1.33,0.65
2025-08-11T16:34:50.000,0.9,55.68,0.51,0.74
2025-08-11T16:35:50.000,3.09,60.83,1.5,2.7
2025-08-11T16:36:50.000,3.17,38.24,2.49,1.96
2025-08-11T16:37:50.000,2.01,105,-0.52,1.94
2025-08-11T16:38:50.000,2.5,105.06,-0.65,2.41
2025-08-11T16:39:50.000,0.99,74.76,0.26,0.96
2025-08-11T16:40:50.000,2.15,47.19,1.46,1.58
2025-08-11T16:41:50.000,2.59,39,2.01,1.63
2025-08-11T16:42:50.000,1.27,107.51,-0.38,1.22
2025-08-11T16:43:50.000,0.51,355.98,0.51,-0.04
2025-08-11T16:44:50.000,0.98,20.73,0.91,0.35
2025-08-11T16:45:50.000,1.06,47.71,0.71,0.79
2025-08-11T16:46:50.000,1.28,71.83,0.4,1.21
2025-08-11T16:47:50.000,1.74,19.64,1.64,0.59
2025-08-11T16:48:50.000,1.05,37.29,0.84,0.64
2025-08-11T16:49:50.000,1.82,17.97,1.73,0.56
2025-08-11T16:50:50.000,1.06,41.06,0.8,0.7
2025-08-11T16:51:50.000,1.51,18.85,1.43,0.49
2025-08-11T16:52:50.000,0.36,42.08,0.27,0.24
2025-08-11T16:53:50.000,1.36,38.57,1.06,0.85
2025-08-11T16:54:50.000,1.79,58.52,0.93,1.53
2025-08-11T16:55:50.000,2.15,61.05,1.04,1.88
2025-08-11T16:56:50.000,2.64,43.34,1.92,1.81
2025-08-11T16:57:50.000,1.77,61.51,0.84,1.56
2025-08-11T16:58:50.000,1.16,114.35,-0.48,1.06
2025-08-11T16:59:50.000,2.62,100.79,-0.49,2.58
2025-08-11T17:00:50.000,2.59,94.21,-0.19,2.58
2025-08-11T17:01:50.000,4.31,108.99,-1.4,4.08
2025-08-11T17:02:50.000,2.08,97.74,-0.28,2.07
2025-08-11T17:03:50.000,1.1,77.81,0.23,1.07
2025-08-11T17:04:50.000,1.14,74.6,0.3,1.1
2025-08-11T17:05:50.000,1.6,75.59,0.4,1.55
2025-08-11T17:06:50.000,1.27,44.62,0.9,0.89
2025-08-11T17:07:50.000,0.79,74.06,0.22,0.76
2025-08-11T17:08:50.000,1.16,46.62,0.8,0.85
2025-08-11T17:09:50.000,1.48,67.6,0.57,1.37
2025-08-11T17:10:50.000,0.93,52.78,0.56,0.74
2025-08-11T17:11:50.000,0.99,39.87,0.76,0.64
2025-08-11T17:12:50.000,1.03,4.68,1.03,0.08
2025-08-11T17:13:50.000,0.48,85.83,0.03,0.48
2025-08-11T17:14:50.000,0.76,5.05,0.76,0.07
2025-08-11T17:15:50.000,1.62,2.6,1.62,0.07
2025-08-11T17:16:50.000,1.58,31.75,1.34,0.83
2025-08-11T17:17:50.000,0.97,76.77,0.22,0.94
2025-08-11T17:18:50.000,0.94,69.51,0.33,0.88
2025-08-11T17:19:50.000,0.73,41.65,0.55,0.49
2025-08-11T17:20:50.000,0.73,47.67,0.49,0.54
2025-08-11T17:21:50.000,0.59,354.7,0.59,-0.05
2025-08-11T17:22:50.000,1.03,16.46,0.99,0.29
2025-08-11T17:23:50.000,0.57,21.89,0.53,0.21
2025-08-11T17:24:50.000,1.01,38.93,0.78,0.63
2025-08-11T17:25:50.000,0.77,328.22,0.65,-0.41
2025-08-11T17:26:50.000,0.37,335.44,0.33,-0.15
2025-08-11T17:27:50.000,0.83,54.5,0.48,0.68
2025-08-11T17:28:50.000,1,42.18,0.74,0.67
2025-08-11T17:29:50.000,1.45,25.61,1.3,0.62
2025-08-11T17:30:50.000,1.55,317.35,1.14,-1.05
2025-08-11T17:31:50.000,2.82,293.55,1.13,-2.59
2025-08-11T17:32:50.000,0.56,163.6,-0.54,0.16
2025-08-11T17:33:50.000,0.37,339.38,0.34,-0.13
2025-08-11T17:34:50.000,0.69,45.62,0.48,0.49
2025-08-11T17:35:50.000,0.51,25.72,0.46,0.22
2025-08-11T17:36:50.000,1.06,341.6,1,-0.33
2025-08-11T17:37:50.000,0.51,29.08,0.44,0.25
2025-08-11T17:38:50.000,1.38,329.31,1.19,-0.71
2025-08-11T17:39:50.000,1.79,355.7,1.79,-0.13
2025-08-11T17:40:50.000,0.75,1.97,0.75,0.03
2025-08-11T17:41:50.000,0.58,206.28,-0.52,-0.26
2025-08-11T17:42:50.000,0.94,251.79,-0.29,-0.89
2025-08-11T17:43:50.000,1.21,333.58,1.09,-0.54
2025-08-11T17:44:50.000,1.71,336.62,1.57,-0.68
2025-08-11T17:45:50.000,0.21,176.39,-0.21,0.01
2025-08-11T17:46:50.000,2.34,306.79,1.4,-1.87
2025-08-11T17:47:50.000,1.25,1.09,1.25,0.02
2025-08-11T17:48:50.000,1.21,332.55,1.07,-0.56
2025-08-11T17:49:50.000,0.81,72.58,0.24,0.77
2025-08-11T17:50:50.000,0.78,21.63,0.72,0.29
2025-08-11T17:51:50.000,1.02,0.38,1.02,0.01
2025-08-11T17:52:50.000,1.52,340.76,1.44,-0.5
2025-08-11T17:53:50.000,1.02,16.66,0.97,0.29
2025-08-11T17:54:50.000,0.38,134.25,-0.27,0.27
2025-08-11T17:55:50.000,0.78,119.96,-0.39,0.67
2025-08-11T17:56:50.000,0.65,207.89,-0.57,-0.3
2025-08-11T17:57:50.000,1.52,240.55,-0.75,-1.32
2025-08-11T17:58:50.000,0.89,261.21,-0.14,-0.88
2025-08-11T17:59:50.000,0.49,272.14,0.02,-0.49
2025-08-11T18:00:50.000,0.3,339.5,0.28,-0.1
2025-08-11T18:01:50.000,0.36,344.16,0.34,-0.1
2025-08-11T18:02:50.000,0.63,176.46,-0.63,0.04
2025-08-11T18:03:50.000,0.84,181.95,-0.84,-0.03
2025-08-11T18:04:50.000,0.33,68.57,0.12,0.31
2025-08-11T18:05:50.000,0.54,58.85,0.28,0.46
2025-08-11T18:06:50.000,0.64,180.73,-0.64,-0.01
2025-08-11T18:07:50.000,0.27,17.45,0.25,0.08
2025-08-11T18:08:50.000,0.6,319.39,0.46,-0.39
2025-08-11T18:09:50.000,1.82,292.67,0.7,-1.68
2025-08-11T18:10:50.000,0.6,207.39,-0.53,-0.27
2025-08-11T18:11:50.000,1,314.15,0.7,-0.72
2025-08-11T18:12:50.000,1.6,334.77,1.44,-0.68
2025-08-11T18:13:50.000,1.27,347.5,1.24,-0.27
2025-08-11T18:14:50.000,0.78,6.97,0.78,0.09
2025-08-11T18:15:50.000,3.44,301.3,1.79,-2.94
2025-08-11T18:16:50.000,3.39,292.53,1.3,-3.14
2025-08-11T18:17:50.000,2.88,324.07,2.33,-1.69
2025-08-11T18:18:50.000,4.45,311.74,2.96,-3.32
2025-08-11T18:19:50.000,3.99,327.63,3.37,-2.13
2025-08-11T18:20:50.000,4.37,318.61,3.28,-2.89
2025-08-11T18:21:50.000,9.74,300.94,5.01,-8.35
2025-08-11T18:22:50.000,12.93,311.44,8.56,-9.69
2025-08-11T18:23:50.000,11.69,314.18,8.15,-8.39
2025-08-11T18:24:50.000,9.93,298.23,4.7,-8.75
2025-08-11T18:25:50.000,12.4,302.56,6.67,-10.45
2025-08-11T18:26:50.000,13.91,303.08,7.59,-11.65
2025-08-11T18:27:50.000,10.23,300.24,5.15,-8.84
2025-08-11T18:28:50.000,8.42,315.86,6.04,-5.86
2025-08-11T18:29:50.000,6.41,312.76,4.35,-4.71
2025-08-11T18:30:50.000,4.38,332.45,3.88,-2.02
2025-08-11T18:31:50.000,4.89,304.92,2.8,-4.01
2025-08-11T18:32:50.000,6.81,311.27,4.49,-5.12
2025-08-11T18:33:50.000,7.12,277.28,0.9,-7.07
2025-08-11T18:34:50.000,3.85,317.69,2.85,-2.59
2025-08-11T18:35:50.000,6.32,311.29,4.17,-4.75
2025-08-11T18:36:50.000,11.57,287.56,3.49,-11.04
2025-08-11T18:37:50.000,7.74,309.83,4.96,-5.94
2025-08-11T18:38:50.000,4.3,311.51,2.85,-3.22
2025-08-11T18:39:50.000,8.16,295.23,3.48,-7.38
2025-08-11T18:40:50.000,6.35,285.49,1.7,-6.12
2025-08-11T18:41:50.000,8.55,295.56,3.69,-7.71
2025-08-11T18:42:50.000,7.23,309.8,4.63,-5.56
2025-08-11T18:43:50.000,6.51,307.13,3.93,-5.19
2025-08-11T18:44:50.000,8.12,281.91,1.68,-7.94
2025-08-11T18:45:50.000,11.08,300.29,5.59,-9.56
2025-08-11T18:46:50.000,4.66,303.71,2.58,-3.87
2025-08-11T18:47:50.000,3.48,292.1,1.31,-3.23
2025-08-11T18:48:50.000,5.85,309.61,3.73,-4.5
2025-08-11T18:49:50.000,8.17,306.08,4.81,-6.6
2025-08-11T18:50:50.000,12.52,296.33,5.55,-11.22
2025-08-11T18:51:50.000,9.69,300.26,4.88,-8.37
2025-08-11T18:52:50.000,4.27,297.42,1.97,-3.79
2025-08-11T18:53:50.000,7.41,305.35,4.29,-6.04
2025-08-11T18:54:50.000,10.93,306.4,6.49,-8.8
2025-08-11T18:55:50.000,9.19,307.24,5.56,-7.32
2025-08-11T18:56:50.000,10.56,285.55,2.83,-10.17
2025-08-11T18:57:50.000,6.76,325.92,5.6,-3.79
2025-08-11T18:58:50.000,7.37,304.76,4.2,-6.06
2025-08-11T18:59:50.000,7.1,305.28,4.1,-5.79
2025-08-11T19:00:50.000,10.5,300.16,5.28,-9.08
2025-08-11T19:01:50.000,8.33,319.84,6.36,-5.37
2025-08-11T19:02:50.000,9.81,313.17,6.71,-7.16
2025-08-11T19:03:50.000,8.09,319.36,6.14,-5.27
2025-08-11T19:04:50.000,5.76,317.28,4.23,-3.91
2025-08-11T19:05:50.000,5.22,318.18,3.89,-3.48
2025-08-11T19:06:50.000,3.5,317.01,2.56,-2.39
2025-08-11T19:07:50.000,7.14,312.35,4.81,-5.27
2025-08-11T19:08:50.000,5.92,302.54,3.19,-4.99
2025-08-11T19:09:50.000,5.12,310.57,3.33,-3.89
2025-08-11T19:10:50.000,9.7,307.79,5.94,-7.66
2025-08-11T19:11:50.000,5.24,306.26,3.1,-4.23
2025-08-11T19:12:50.000,5.26,309.9,3.37,-4.03
2025-08-11T19:13:50.000,6.4,305.21,3.69,-5.23
2025-08-11T19:14:50.000,7.51,305.5,4.36,-6.11
2025-08-11T19:15:50.000,9.51,305.14,5.47,-7.78
2025-08-11T19:16:50.000,8.42,314.25,5.87,-6.03
2025-08-11T19:17:50.000,9.03,308.81,5.66,-7.04
2025-08-11T19:18:50.000,15.22,292.09,5.72,-14.1
2025-08-11T19:19:50.000,5.92,310.76,3.87,-4.48
2025-08-11T19:20:50.000,5.26,303.39,2.89,-4.39
2025-08-11T19:21:50.000,8.57,302.99,4.67,-7.19
2025-08-11T19:22:50.000,4.73,350.88,4.67,-0.75
2025-08-11T19:23:50.000,3.01,308.6,1.88,-2.35
2025-08-11T19:24:50.000,8.23,307.24,4.98,-6.55
2025-08-11T19:25:50.000,8.8,299.17,4.29,-7.68
2025-08-11T19:26:50.000,0.99,322.81,0.79,-0.6
2025-08-11T19:27:50.000,7.84,297.51,3.62,-6.95
2025-08-11T19:28:50.000,3.86,313.73,2.67,-2.79
2025-08-11T19:29:50.000,1.82,282.23,0.39,-1.78
2025-08-11T19:30:50.000,4.85,309.61,3.09,-3.74
2025-08-11T19:31:50.000,3.55,309.43,2.26,-2.75
2025-08-11T19:32:50.000,1.79,351.88,1.77,-0.25
2025-08-11T19:33:50.000,5.96,275.68,0.59,-5.93
2025-08-11T19:34:50.000,3.93,293.7,1.58,-3.6
2025-08-11T19:35:50.000,2.64,334.93,2.39,-1.12
2025-08-11T19:36:50.000,5.42,301.48,2.83,-4.62
2025-08-11T19:37:50.000,4.86,308.3,3.01,-3.81
2025-08-11T19:38:50.000,8.13,307.39,4.94,-6.46
2025-08-11T19:39:50.000,6.78,289.55,2.27,-6.39
2025-08-11T19:40:50.000,4.21,311.09,2.76,-3.17
2025-08-11T19:41:50.000,7.45,312.47,5.03,-5.49
2025-08-11T19:42:50.000,7.01,300.22,3.53,-6.05
2025-08-11T19:43:50.000,7.42,302.3,3.97,-6.28
2025-08-11T19:44:50.000,9.27,291.45,3.39,-8.62
2025-08-11T19:45:50.000,6.8,303.02,3.7,-5.7
2025-08-11T19:46:50.000,7.49,295.22,3.19,-6.78
2025-08-11T19:47:50.000,5.68,302.02,3.01,-4.81
2025-08-11T19:48:50.000,8.62,297.51,3.98,-7.65
2025-08-11T19:49:50.000,13.41,292.82,5.2,-12.36
2025-08-11T19:50:50.000,5.54,320.23,4.26,-3.54
2025-08-11T19:51:50.000,7.25,310.48,4.71,-5.51
2025-08-11T19:52:50.000,11.22,301.08,5.79,-9.61
2025-08-11T19:53:50.000,12.17,281.28,2.38,-11.93
2025-08-11T19:54:50.000,11.06,305.67,6.45,-8.99
2025-08-11T19:55:50.000,7.8,292,2.92,-7.24
2025-08-11T19:56:50.000,8.77,302.71,4.74,-7.38
2025-08-11T19:57:50.000,4.87,309.91,3.13,-3.74
2025-08-11T19:58:50.000,6.98,299.76,3.46,-6.06
2025-08-11T19:59:50.000,14.68,293.33,5.81,-13.48
2025-08-11T20:00:50.000,4.88,311.72,3.25,-3.65
2025-08-11T20:01:50.000,11.72,295.69,5.08,-10.56
2025-08-11T20:02:50.000,17.45,286.02,4.82,-16.77
2025-08-11T20:03:50.000,9.64,299.7,4.78,-8.37
2025-08-11T20:04:50.000,7.34,296.28,3.25,-6.58
2025-08-11T20:05:50.000,8.9,294.1,3.63,-8.12
2025-08-11T20:06:50.000,9.97,299.46,4.9,-8.68
2025-08-11T20:07:50.000,12.99,306.39,7.71,-10.46
2025-08-11T20:08:50.000,12.52,304.33,7.06,-10.34
2025-08-11T20:09:50.000,8.07,285.9,2.21,-7.77
2025-08-11T20:10:50.000,11.66,289.52,3.89,-10.99
2025-08-11T20:11:50.000,5.52,324.63,4.5,-3.19
2025-08-11T20:12:50.000,13.35,295.56,5.76,-12.04
2025-08-11T20:13:50.000,10.36,297.49,4.78,-9.19
2025-08-11T20:14:50.000,10.16,295.42,4.36,-9.17
2025-08-11T20:15:50.000,8.09,311.42,5.35,-6.07
2025-08-11T20:16:50.000,7.68,300.84,3.94,-6.6
2025-08-11T20:17:50.000,9.4,291.41,3.43,-8.75
2025-08-11T20:18:50.000,5.06,300.57,2.58,-4.36
2025-08-11T20:19:50.000,6.46,333.6,5.79,-2.87
2025-08-11T20:20:50.000,8.57,302.31,4.58,-7.24
2025-08-11T20:21:50.000,7.87,301.72,4.14,-6.69
2025-08-11T20:22:50.000,8.31,298.76,4,-7.28
2025-08-11T20:23:50.000,11.07,315.19,7.85,-7.8
2025-08-11T20:24:50.000,10.87,310.27,7.02,-8.29
2025-08-11T20:25:50.000,3.97,319.73,3.03,-2.57
2025-08-11T20:26:50.000,7.05,290.25,2.44,-6.61
2025-08-11T20:27:50.000,10.88,297.39,5.01,-9.66
2025-08-11T20:28:50.000,8.3,304.57,4.71,-6.83
2025-08-11T20:29:50.000,8.33,305.82,4.87,-6.76
2025-08-11T20:30:50.000,10.18,289.65,3.42,-9.59
2025-08-11T20:31:50.000,13.58,304.54,7.7,-11.19
2025-08-11T20:32:50.000,7.7,306.91,4.62,-6.16
2025-08-11T20:33:50.000,9.33,321.23,7.27,-5.84
2025-08-11T20:34:50.000,7.84,307.29,4.75,-6.23
2025-08-11T20:35:50.000,18.79,289.84,6.38,-17.67
2025-08-11T20:36:50.000,10.34,303.37,5.69,-8.64
2025-08-11T20:37:50.000,16.78,308.44,10.43,-13.14
2025-08-11T20:38:50.000,12.89,295.24,5.5,-11.66
2025-08-11T20:39:50.000,14.37,291.94,5.37,-13.33
2025-08-11T20:40:50.000,16.15,286.6,4.61,-15.48
2025-08-11T20:41:50.000,12.81,286.63,3.67,-12.27
2025-08-11T20:42:50.000,6.54,319.52,4.98,-4.25
2025-08-11T20:43:50.000,20.04,302.24,10.69,-16.95
2025-08-11T20:44:50.000,9.16,307.94,5.63,-7.22
2025-08-11T20:45:50.000,14.81,288.49,4.7,-14.04
2025-08-11T20:46:50.000,9.77,316.36,7.07,-6.74
2025-08-11T20:47:50.000,12.79,302.5,6.87,-10.78
2025-08-11T20:48:50.000,5.64,297.35,2.59,-5.01
2025-08-11T20:49:50.000,13.05,306.86,7.83,-10.44
2025-08-11T20:50:50.000,11.75,285.77,3.19,-11.31
2025-08-11T20:51:50.000,17.7,289.36,5.87,-16.7
2025-08-11T20:52:50.000,19.38,308.73,12.12,-15.12
2025-08-11T20:53:50.000,12.92,295.76,5.61,-11.64
2025-08-11T20:54:50.000,17.46,304.59,9.91,-14.37
2025-08-11T20:55:50.000,10.96,303.64,6.07,-9.13
2025-08-11T20:56:50.000,11.41,295.62,4.93,-10.29
2025-08-11T20:57:50.000,21.59,280.74,4.02,-21.21
2025-08-11T20:58:50.000,15.51,313.67,10.71,-11.22
2025-08-11T20:59:50.000,12.3,298.46,5.86,-10.81
2025-08-11T21:00:50.000,11.96,317.16,8.77,-8.14
2025-08-11T21:01:50.000,18.58,295.83,8.1,-16.73
2025-08-11T21:02:50.000,14.3,292.66,5.51,-13.19
2025-08-11T21:03:50.000,9.43,308.59,5.88,-7.37
2025-08-11T21:04:50.000,12.36,309.22,7.81,-9.57
2025-08-11T21:05:50.000,14.05,295.81,6.12,-12.65
2025-08-11T21:06:50.000,13.81,293.02,5.4,-12.71
2025-08-11T21:07:50.000,17.84,307.81,10.93,-14.09
2025-08-11T21:08:50.000,12.47,299.02,6.05,-10.9
2025-08-11T21:09:50.000,23.05,300.62,11.74,-19.84
2025-08-11T21:10:50.000,12.68,307.89,7.79,-10
2025-08-11T21:11:50.000,13.82,309.72,8.83,-10.63
2025-08-11T21:12:50.000,18.16,280.12,3.19,-17.88
2025-08-11T21:13:50.000,18.5,296.71,8.31,-16.52
2025-08-11T21:14:50.000,10.4,301.91,5.49,-8.83
2025-08-11T21:15:50.000,11.48,303.41,6.32,-9.59
2025-08-11T21:16:50.000,19.91,302.27,10.63,-16.83
2025-08-11T21:17:50.000,15.43,309.28,9.77,-11.94
2025-08-11T21:18:50.000,9.76,309.98,6.27,-7.48
2025-08-11T21:19:50.000,17.17,307.06,10.35,-13.7
2025-08-11T21:20:50.000,10.55,311.2,6.95,-7.94
2025-08-11T21:21:50.000,19.81,292.7,7.65,-18.28
2025-08-11T21:22:50.000,12.71,297.91,5.95,-11.24
2025-08-11T21:23:50.000,10.89,293.94,4.42,-9.95
2025-08-11T21:24:50.000,11.65,300.09,5.84,-10.08
2025-08-11T21:25:50.000,16.85,306.56,10.04,-13.54
2025-08-11T21:26:50.000,16.75,301.37,8.72,-14.31
2025-08-11T21:27:50.000,14.11,315.03,9.99,-9.97
2025-08-11T21:28:50.000,19.88,294.41,8.22,-18.11
2025-08-11T21:29:50.000,14.87,304.4,8.4,-12.27
2025-08-11T21:30:50.000,16.18,294.9,6.81,-14.68
2025-08-11T21:31:50.000,21.51,301.14,11.12,-18.41
2025-08-11T21:32:50.000,15.64,309.01,9.85,-12.16
2025-08-11T21:33:50.000,17.91,303.88,9.98,-14.87
2025-08-11T21:34:50.000,12.56,300.93,6.46,-10.77
2025-08-11T21:35:50.000,11.63,308.35,7.22,-9.12
2025-08-11T21:36:50.000,11.67,314.52,8.18,-8.32
2025-08-11T21:37:50.000,24.21,301.16,12.53,-20.72
2025-08-11T21:38:50.000,13.19,303.99,7.37,-10.93
2025-08-11T21:39:50.000,18.97,310.68,12.36,-14.38
2025-08-11T21:40:50.000,17.34,300.17,8.71,-14.99
2025-08-11T21:41:50.000,9.99,314.51,7.01,-7.13
2025-08-11T21:42:50.000,14.42,308.07,8.89,-11.35
2025-08-11T21:43:50.000,13.64,320.06,10.46,-8.76
2025-08-11T21:44:50.000,18.97,297.85,8.86,-16.77
2025-08-11T21:45:50.000,15.61,294.57,6.49,-14.2
2025-08-11T21:46:50.000,16.93,310.38,10.97,-12.9
2025-08-11T21:47:50.000,11.66,313.3,8,-8.49
2025-08-11T21:48:50.000,14.53,298.15,6.86,-12.81
2025-08-11T21:49:50.000,10.68,300.66,5.45,-9.18
2025-08-11T21:50:50.000,14.36,300.85,7.37,-12.33
2025-08-11T21:51:50.000,13.2,284.55,3.32,-12.78
2025-08-11T21:52:50.000,16.03,292.2,6.06,-14.84
2025-08-11T21:53:50.000,11.99,311.15,7.89,-9.03
2025-08-11T21:54:50.000,12.2,292.96,4.76,-11.24
2025-08-11T21:55:50.000,14.16,296.28,6.27,-12.69
2025-08-11T21:56:50.000,15.75,298.04,7.4,-13.9
2025-08-11T21:57:50.000,13.03,309.26,8.24,-10.09
2025-08-11T21:58:50.000,13.89,307.14,8.39,-11.07
2025-08-11T21:59:50.000,14.63,303.06,7.98,-12.26
2025-08-11T22:00:50.000,14.77,299.93,7.37,-12.8
2025-08-11T22:01:50.000,11.56,285.44,3.08,-11.14
2025-08-11T22:02:50.000,15.57,307.32,9.44,-12.38
2025-08-11T22:03:50.000,12.08,313.9,8.38,-8.7
2025-08-11T22:04:50.000,19.33,306.21,11.42,-15.6
2025-08-11T22:05:50.000,16.27,306.45,9.66,-13.09
2025-08-11T22:06:50.000,14.99,300.9,7.7,-12.86
2025-08-11T22:07:50.000,15.03,325.11,12.33,-8.59
2025-08-11T22:08:50.000,17.06,294.6,7.1,-15.51
2025-08-11T22:09:50.000,22.72,303.36,12.49,-18.98
2025-08-11T22:10:50.000,15.72,303.03,8.57,-13.18
2025-08-11T22:11:50.000,15.59,291.13,5.62,-14.55
2025-08-11T22:12:50.000,13.41,302.76,7.25,-11.27
2025-08-11T22:13:50.000,21.4,299.79,10.63,-18.57
2025-08-11T22:14:50.000,13.39,301.51,7,-11.42
2025-08-11T22:15:50.000,20.47,297.75,9.53,-18.12
2025-08-11T22:16:50.000,18.23,293.18,7.17,-16.76
2025-08-11T22:17:50.000,16.9,300.76,8.65,-14.53
2025-08-11T22:18:50.000,16.01,300.78,8.19,-13.75
2025-08-11T22:19:50.000,18.32,295.23,7.81,-16.57
2025-08-11T22:20:50.000,13.54,304.05,7.58,-11.22
2025-08-11T22:21:50.000,22.75,300.67,11.6,-19.57
2025-08-11T22:22:50.000,18.7,315.04,13.23,-13.21
2025-08-11T22:23:50.000,17.65,305.48,10.25,-14.38
2025-08-11T22:24:50.000,15.49,324.53,12.62,-8.99
2025-08-11T22:25:50.000,12.61,313.08,8.61,-9.21
2025-08-11T22:26:50.000,22.04,298.94,10.66,-19.29
2025-08-11T22:27:50.000,13.14,292.99,5.13,-12.09
2025-08-11T22:28:50.000,20.39,308.94,12.81,-15.86
2025-08-11T22:29:50.000,15.11,298.92,7.31,-13.22
2025-08-11T22:30:50.000,14.66,299.03,7.11,-12.82
2025-08-11T22:31:50.000,15.18,304.14,8.52,-12.56
2025-08-11T22:32:50.000,18.61,296.34,8.26,-16.68
2025-08-11T22:33:50.000,11.95,310.15,7.71,-9.14
2025-08-11T22:34:50.000,23.32,294.32,9.6,-21.25
2025-08-11T22:35:50.000,11.46,299.62,5.67,-9.97
2025-08-11T22:36:50.000,23.06,294.61,9.6,-20.96
2025-08-11T22:37:50.000,10.7,305.56,6.22,-8.71
2025-08-11T22:38:50.000,7.55,290.15,2.6,-7.09
2025-08-11T22:39:50.000,14.25,306.77,8.53,-11.41
2025-08-11T22:40:50.000,16.79,299.17,8.18,-14.66
2025-08-11T22:41:50.000,12.06,293.38,4.79,-11.07
2025-08-11T22:42:50.000,23.28,297.95,10.91,-20.56
2025-08-11T22:43:50.000,18.74,297.62,8.69,-16.6
2025-08-11T22:44:50.000,15.01,319.93,11.48,-9.66
2025-08-11T22:45:50.000,16.99,311.86,11.34,-12.66
2025-08-11T22:46:50.000,19.91,290.12,6.85,-18.7
2025-08-11T22:47:50.000,19.74,300.79,10.11,-16.96
2025-08-11T22:48:50.000,21.4,298.12,10.09,-18.87
2025-08-11T22:49:50.000,15.88,290.95,5.68,-14.83
2025-08-11T22:50:50.000,17.29,298.38,8.22,-15.21
2025-08-11T22:51:50.000,3.87,320.24,2.97,-2.47
2025-08-11T22:52:50.000,17.85,300.78,9.14,-15.34
2025-08-11T22:53:50.000,15.05,300.61,7.66,-12.95
2025-08-11T22:54:50.000,8.7,297.34,4,-7.73
2025-08-11T22:55:50.000,12.96,298.43,6.17,-11.4
2025-08-11T22:56:50.000,27.19,302.07,14.44,-23.04
2025-08-11T22:57:50.000,25.73,305.21,14.83,-21.02
2025-08-11T22:58:50.000,12.72,306.92,7.64,-10.17
2025-08-11T22:59:50.000,17.34,304.3,9.77,-14.32
2025-08-11T23:00:50.000,23.57,302.87,12.79,-19.79
2025-08-11T23:01:50.000,17.25,307.92,10.6,-13.61
2025-08-11T23:02:50.000,18.53,289.56,6.2,-17.46
2025-08-11T23:03:50.000,17.18,310.65,11.19,-13.04
2025-08-11T23:04:50.000,15.81,299.46,7.77,-13.76
2025-08-11T23:05:50.000,16.52,312.8,11.22,-12.12
2025-08-11T23:06:50.000,10.42,304.69,5.93,-8.57
2025-08-11T23:07:50.000,11.71,328.47,9.98,-6.12
2025-08-11T23:08:50.000,21.24,301.56,11.12,-18.1
2025-08-11T23:09:50.000,22.23,285.59,5.97,-21.41
2025-08-11T23:10:50.000,19.17,301.27,9.95,-16.38
2025-08-11T23:11:50.000,18.43,311.25,12.15,-13.86
2025-08-11T23:12:50.000,15.54,298.3,7.37,-13.68
2025-08-11T23:13:50.000,21.71,319.46,16.5,-14.11
2025-08-11T23:14:50.000,20.92,305.11,12.03,-17.11
2025-08-11T23:15:50.000,13.72,301.38,7.14,-11.71
2025-08-11T23:16:50.000,16.57,298.07,7.8,-14.62
2025-08-11T23:17:50.000,17.47,303.53,9.65,-14.56
2025-08-11T23:18:50.000,19.86,291.88,7.4,-18.43
2025-08-11T23:19:50.000,16.69,304.05,9.34,-13.83
2025-08-11T23:20:50.000,6.49,314.67,4.57,-4.62
2025-08-11T23:21:50.000,8.45,320.84,6.55,-5.34
2025-08-11T23:22:50.000,11.49,290.94,4.11,-10.74
2025-08-11T23:23:50.000,15.86,289.19,5.21,-14.98
2025-08-11T23:24:50.000,7.43,321.14,5.79,-4.66
2025-08-11T23:25:50.000,19,298.77,9.15,-16.66
2025-08-11T23:26:50.000,6.2,323.26,4.97,-3.71
2025-08-11T23:27:50.000,11.9,303.93,6.64,-9.87
2025-08-11T23:28:50.000,7.66,318.56,5.75,-5.07
2025-08-11T23:29:50.000,12.82,309.57,8.16,-9.88
2025-08-11T23:30:50.000,11.06,291.64,4.08,-10.28
2025-08-11T23:31:50.000,13.48,297.9,6.31,-11.91
2025-08-11T23:32:50.000,11.93,296.77,5.37,-10.65
2025-08-11T23:33:50.000,6.69,301.35,3.48,-5.72
2025-08-11T23:34:50.000,4.76,333.65,4.27,-2.11
2025-08-11T23:35:50.000,10.27,293.12,4.03,-9.45
2025-08-11T23:36:50.000,8.19,294.44,3.39,-7.46
2025-08-11T23:37:50.000,5.5,285.44,1.46,-5.3
2025-08-11T23:38:50.000,3.76,300.47,1.9,-3.24
2025-08-11T23:39:50.000,8.7,283.66,2.05,-8.45
2025-08-11T23:40:50.000,5,310.37,3.24,-3.81
2025-08-11T23:41:50.000,8.59,306.17,5.07,-6.94
2025-08-11T23:42:50.000,8.28,309.8,5.3,-6.36
2025-08-11T23:43:50.000,7.98,297.51,3.68,-7.07
2025-08-11T23:44:50.000,7.6,305.76,4.44,-6.16
2025-08-11T23:45:50.000,3.21,281.37,0.63,-3.15
2025-08-11T23:46:50.000,1.84,3.84,1.83,0.12
2025-08-11T23:47:50.000,1.78,348.6,1.75,-0.35
2025-08-11T23:48:50.000,4.87,309.26,3.08,-3.77
2025-08-11T23:49:50.000,2.06,295.33,0.88,-1.86
2025-08-11T23:50:50.000,2.14,291.78,0.79,-1.99
2025-08-11T23:51:50.000,4.91,281.64,0.99,-4.81
2025-08-11T23:52:50.000,5.61,254.99,-1.45,-5.41
2025-08-11T23:53:50.000,5.54,257.3,-1.22,-5.41
2025-08-11T23:54:50.000,4.48,200.17,-4.21,-1.55
2025-08-11T23:55:50.000,1.6,207.8,-1.42,-0.75
2025-08-11T23:56:50.000,3.78,278.21,0.54,-3.74
2025-08-11T23:57:50.000,2.51,272.2,0.1,-2.5
2025-08-11T23:58:50.000,2.06,356.35,2.06,-0.13
2025-08-11T23:59:50.000,3.14,352.82,3.11,-0.39
2025-08-12T00:00:50.000,2.89,330.86,2.52,-1.4
2025-08-12T00:01:50.000,4.26,317.49,3.14,-2.88
2025-08-12T00:02:50.000,3.21,2.23,3.21,0.13
2025-08-12T00:03:50.000,3.9,346.33,3.79,-0.92
2025-08-12T00:04:50.000,3.6,35.33,2.94,2.08
2025-08-12T00:05:50.000,2.59,36.8,2.07,1.55
2025-08-12T00:06:50.000,2.53,57.1,1.38,2.13
2025-08-12T00:07:50.000,1.81,76.92,0.41,1.76
2025-08-12T00:08:50.000,1.28,79.14,0.24,1.25
2025-08-12T00:09:50.000,1.2,93.43,-0.07,1.19
2025-08-12T00:10:50.000,1.59,103.02,-0.36,1.55
2025-08-12T00:11:50.000,1.12,104.83,-0.29,1.08
2025-08-12T00:12:50.000,3.69,98.79,-0.56,3.64
2025-08-12T00:13:50.000,1.78,122.16,-0.95,1.51
2025-08-12T00:14:50.000,2.33,99.69,-0.39,2.3
2025-08-12T00:15:50.000,2.09,74.35,0.56,2.02
2025-08-12T00:16:50.000,0.66,72.08,0.2,0.62
2025-08-12T00:17:50.000,3.72,70.03,1.27,3.49
2025-08-12T00:18:50.000,1.75,83.1,0.21,1.74
2025-08-12T00:19:50.000,3.36,102.09,-0.7,3.28
2025-08-12T00:20:50.000,4.82,96.89,-0.58,4.79
2025-08-12T00:21:50.000,2.66,62.39,1.23,2.36
2025-08-12T00:22:50.000,2.41,120.83,-1.24,2.07
2025-08-12T00:23:50.000,1.49,57.71,0.8,1.26
2025-08-12T00:24:50.000,5.25,124.81,-3,4.31
2025-08-12T00:25:50.000,1.7,85.12,0.14,1.69
2025-08-12T00:26:50.000,6.42,65.01,2.71,5.82
2025-08-12T00:27:50.000,1.28,59.8,0.64,1.1
2025-08-12T00:28:50.000,1.81,57.9,0.96,1.53
2025-08-12T00:29:50.000,2.24,48.67,1.48,1.68
2025-08-12T00:30:50.000,2.41,48.87,1.58,1.81
2025-08-12T00:31:50.000,2.28,23.84,2.08,0.92
2025-08-12T00:32:50.000,3.09,43.42,2.25,2.13
2025-08-12T00:33:50.000,2.9,36.27,2.34,1.72
2025-08-12T00:34:50.000,5.37,71.75,1.68,5.1
2025-08-12T00:35:50.000,1.77,45.08,1.25,1.25
2025-08-12T00:36:50.000,0.9,77.06,0.2,0.88
2025-08-12T00:37:50.000,2.7,342.62,2.57,-0.81
2025-08-12T00:38:50.000,3.54,59.29,1.81,3.04
2025-08-12T00:39:50.000,3.88,36.06,3.14,2.28
2025-08-12T00:40:50.000,4.41,89.92,0.01,4.41
2025-08-12T00:41:50.000,3.26,36.11,2.63,1.92
2025-08-12T00:42:50.000,1.69,349.41,1.66,-0.31
2025-08-12T00:43:50.000,3.91,63.43,1.75,3.5
2025-08-12T00:44:50.000,1.47,74.45,0.4,1.42
2025-08-12T00:45:50.000,0.28,70.27,0.09,0.26
2025-08-12T00:46:50.000,1.23,55.1,0.7,1.01
2025-08-12T00:47:50.000,3.25,91.36,-0.08,3.25
2025-08-12T00:48:50.000,2.89,59.68,1.46,2.49
2025-08-12T00:49:50.000,3.35,73.39,0.96,3.21
2025-08-12T00:50:50.000,6.03,57.24,3.26,5.07
2025-08-12T00:51:50.000,1.76,54.35,1.03,1.43
2025-08-12T00:52:50.000,1.75,50.71,1.11,1.35
2025-08-12T00:53:50.000,1.8,16.92,1.72,0.52
2025-08-12T00:54:50.000,1.49,54.76,0.86,1.22
2025-08-12T00:55:50.000,2.07,95.81,-0.21,2.06
2025-08-12T00:56:50.000,2.78,67.16,1.08,2.56
2025-08-12T00:57:50.000,2.25,44.39,1.61,1.58
2025-08-12T00:58:50.000,4.51,30.67,3.88,2.3
2025-08-12T00:59:50.000,1.31,73.4,0.38,1.26
2025-08-12T01:00:50.000,1.6,75.05,0.41,1.55
2025-08-12T01:01:50.000,0.7,2.74,0.7,0.03
2025-08-12T01:02:50.000,0.71,57.23,0.38,0.6
2025-08-12T01:03:50.000,1.24,53.41,0.74,1
2025-08-12T01:04:50.000,0.63,7.55,0.63,0.08
2025-08-12T01:05:50.000,1.65,55.45,0.93,1.36
2025-08-12T01:06:50.000,1.31,40.92,0.99,0.86
2025-08-12T01:07:50.000,0.78,42.89,0.57,0.53
2025-08-12T01:08:50.000,1.16,41.5,0.87,0.77
2025-08-12T01:09:50.000,1.2,72.87,0.35,1.15
2025-08-12T01:10:50.000,1.75,74.86,0.46,1.69
2025-08-12T01:11:50.000,0.51,30.27,0.44,0.26
2025-08-12T01:12:50.000,1.69,61.81,0.8,1.49
2025-08-12T01:13:50.000,1.12,99.73,-0.19,1.11
2025-08-12T01:14:50.000,0.79,52.34,0.48,0.62
2025-08-12T01:15:50.000,0.85,78.88,0.16,0.83
2025-08-12T01:16:50.000,1.33,42.73,0.98,0.9
2025-08-12T01:17:50.000,1.54,33.67,1.28,0.85
2025-08-12T01:18:50.000,1.46,62.16,0.68,1.29
2025-08-12T01:19:50.000,2.8,51.95,1.72,2.2
2025-08-12T01:20:50.000,4.39,43.61,3.18,3.03
2025-08-12T01:21:50.000,2.89,45.7,2.02,2.07
2025-08-12T01:22:50.000,2.72,39.66,2.09,1.74
2025-08-12T01:23:50.000,1.78,50.97,1.12,1.38
2025-08-12T01:24:50.000,2.71,62.35,1.26,2.4
2025-08-12T01:25:50.000,2.25,40.7,1.7,1.47
2025-08-12T01:26:50.000,1.29,40.75,0.98,0.84
2025-08-12T01:27:50.000,1.76,24.36,1.6,0.72
2025-08-12T01:28:50.000,1.5,70.91,0.49,1.41
2025-08-12T01:29:50.000,1.68,77.15,0.37,1.64
2025-08-12T01:30:50.000,2.31,76.18,0.55,2.24
2025-08-12T01:31:50.000,1.21,88.54,0.03,1.21
2025-08-12T01:32:50.000,0.72,42.33,0.53,0.48
2025-08-12T01:33:50.000,1.51,70.78,0.5,1.42
2025-08-12T01:34:50.000,1.29,72.48,0.39,1.23
2025-08-12T01:35:50.000,1.57,85.27,0.13,1.56
2025-08-12T01:36:50.000,1.22,48.89,0.8,0.92
2025-08-12T01:37:50.000,1.22,46.64,0.84,0.89
2025-08-12T01:38:50.000,0.3,60.94,0.15,0.27
2025-08-12T01:39:50.000,1.04,52.56,0.63,0.83
2025-08-12T01:40:50.000,0.91,40.17,0.69,0.59
2025-08-12T01:41:50.000,1.2,25.03,1.08,0.51
2025-08-12T01:42:50.000,0.73,47.56,0.49,0.54
2025-08-12T01:43:50.000,0.78,83.75,0.08,0.77
2025-08-12T01:44:50.000,0.69,100.8,-0.13,0.68
2025-08-12T01:45:50.000,1.24,30.28,1.07,0.62
2025-08-12T01:46:50.000,0.75,44.73,0.53,0.53
2025-08-12T01:47:50.000,0.31,95.43,-0.03,0.31
2025-08-12T01:48:50.000,1.45,103.41,-0.34,1.41
2025-08-12T01:49:50.000,1.51,122.61,-0.81,1.27
2025-08-12T01:50:50.000,1.61,100.88,-0.3,1.58
2025-08-12T01:51:50.000,1.06,70.42,0.35,1
2025-08-12T01:52:50.000,0.76,101.56,-0.15,0.74
2025-08-12T01:53:50.000,1.13,76.38,0.27,1.1
2025-08-12T01:54:50.000,1.17,49.53,0.76,0.89
2025-08-12T01:55:50.000,1.08,58.04,0.57,0.92
2025-08-12T01:56:50.000,0.53,29.89,0.46,0.26
2025-08-12T01:57:50.000,0.82,56.25,0.45,0.68
2025-08-12T01:58:50.000,1.15,76.55,0.27,1.12
2025-08-12T01:59:50.000,1.03,48.27,0.69,0.77
2025-08-12T02:00:50.000,0.95,71.81,0.3,0.9
2025-08-12T02:01:50.000,0.82,93.24,-0.05,0.82
2025-08-12T02:02:50.000,1.28,127.86,-0.79,1.01
2025-08-12T02:03:50.000,1.4,94.68,-0.11,1.39
2025-08-12T02:04:50.000,1.19,104.29,-0.29,1.15
2025-08-12T02:05:50.000,0.59,116.73,-0.27,0.53
2025-08-12T02:06:50.000,1.13,55.91,0.64,0.94
2025-08-12T02:07:50.000,0.9,83.75,0.1,0.89
2025-08-12T02:08:50.000,1.36,65.65,0.56,1.24
2025-08-12T02:09:50.000,1.25,56.2,0.7,1.04
2025-08-12T02:10:50.000,1.32,40.59,1,0.86
2025-08-12T02:11:50.000,1.03,62.6,0.47,0.91
2025-08-12T02:12:50.000,0.88,38.04,0.69,0.54
2025-08-12T02:13:50.000,1.09,47.73,0.74,0.81
2025-08-12T02:14:50.000,0.89,41,0.67,0.58
2025-08-12T02:15:50.000,0.87,88.05,0.03,0.87
2025-08-12T02:16:50.000,1.26,50.35,0.8,0.97
2025-08-12T02:17:50.000,1.1,45.75,0.77,0.79
2025-08-12T02:18:50.000,1.26,45.68,0.88,0.9
2025-08-12T02:19:50.000,1.05,54.91,0.6,0.86
2025-08-12T02:20:50.000,1.37,43.16,1,0.94
2025-08-12T02:21:50.000,1.27,66.98,0.5,1.17
2025-08-12T02:22:50.000,1.79,42.73,1.31,1.21
2025-08-12T02:23:50.000,1.75,43.54,1.27,1.21
2025-08-12T02:24:50.000,1.64,28.74,1.44,0.79
2025-08-12T02:25:50.000,1.28,53.66,0.76,1.03
2025-08-12T02:26:50.000,1.67,57.43,0.9,1.41
2025-08-12T02:27:50.000,1.04,9,1.03,0.16
2025-08-12T02:28:50.000,1.17,72.36,0.35,1.11
2025-08-12T02:29:50.000,1.62,88.14,0.05,1.61
2025-08-12T02:30:50.000,1.02,79.19,0.19,1
2025-08-12T02:31:50.000,1.57,76.62,0.36,1.53
2025-08-12T02:32:50.000,1.42,55.76,0.8,1.17
2025-08-12T02:33:50.000,1.24,67.72,0.47,1.15
2025-08-12T02:34:50.000,1.08,63.59,0.48,0.96
2025-08-12T02:35:50.000,1.01,78.85,0.19,0.99
2025-08-12T02:36:50.000,1.28,47.68,0.86,0.95
2025-08-12T02:37:50.000,1.21,63.77,0.54,1.09
2025-08-12T02:38:50.000,1.17,46.81,0.8,0.85
2025-08-12T02:39:50.000,0.71,20.77,0.67,0.25
2025-08-12T02:40:50.000,0.91,41.61,0.68,0.6
2025-08-12T02:41:50.000,0.59,98.47,-0.09,0.59
2025-08-12T02:42:50.000,1.07,13.39,1.04,0.25
2025-08-12T02:43:50.000,1.32,24.53,1.2,0.55
2025-08-12T02:44:50.000,1.4,4.2,1.39,0.1
2025-08-12T02:45:50.000,1.28,25.3,1.15,0.55
2025-08-12T02:46:50.000,1,37.5,0.79,0.61
2025-08-12T02:47:50.000,1,34.02,0.83,0.56
2025-08-12T02:48:50.000,0.5,73.11,0.14,0.48
2025-08-12T02:49:50.000,1,28.77,0.88,0.48
2025-08-12T02:50:50.000,1.32,36.26,1.06,0.78
2025-08-12T02:51:50.000,1.19,350.33,1.17,-0.2
2025-08-12T02:52:50.000,1.14,50.11,0.73,0.88
2025-08-12T02:53:50.000,0.69,12.44,0.68,0.15
2025-08-12T02:54:50.000,0.98,45.83,0.68,0.7
2025-08-12T02:55:50.000,1.12,7.45,1.11,0.15
2025-08-12T02:56:50.000,0.26,355.06,0.26,-0.02
2025-08-12T02:57:50.000,0.97,339.86,0.91,-0.33
2025-08-12T02:58:50.000,0.58,18.69,0.55,0.19
2025-08-12T02:59:50.000,0.8,61.35,0.38,0.7
2025-08-12T03:00:50.000,1.4,40.79,1.06,0.92
2025-08-12T03:01:50.000,1.14,44.43,0.81,0.8
2025-08-12T03:02:50.000,1.01,85.37,0.08,1
2025-08-12T03:03:50.000,1.27,65.5,0.53,1.16
2025-08-12T03:04:50.000,1.37,86.05,0.09,1.37
2025-08-12T03:05:50.000,1.5,89.28,0.02,1.5
2025-08-12T03:06:50.000,1.06,90.33,-0.01,1.06
2025-08-12T03:07:50.000,1.06,72.63,0.32,1.01
2025-08-12T03:08:50.000,0.68,43.89,0.49,0.47
2025-08-12T03:09:50.000,1.19,70.98,0.39,1.13
2025-08-12T03:10:50.000,0.89,60.04,0.45,0.77
2025-08-12T03:11:50.000,0.93,44.6,0.66,0.65
2025-08-12T03:12:50.000,1.13,25.13,1.02,0.48
2025-08-12T03:13:50.000,1.95,24.37,1.78,0.81
2025-08-12T03:14:50.000,1.3,29.12,1.14,0.63
2025-08-12T03:15:50.000,0.94,63.57,0.42,0.84
2025-08-12T03:16:50.000,1.01,50.52,0.64,0.78
2025-08-12T03:17:50.000,0.99,60.89,0.48,0.87
2025-08-12T03:18:50.000,0.93,60.96,0.45,0.81
2025-08-12T03:19:50.000,1.24,34.62,1.02,0.7
2025-08-12T03:20:50.000,2.01,41.22,1.51,1.32
2025-08-12T03:21:50.000,1.34,62.05,0.63,1.19
2025-08-12T03:22:50.000,1.65,46.87,1.13,1.2
2025-08-12T03:23:50.000,1.35,82.14,0.18,1.33
2025-08-12T03:24:50.000,1.82,40.52,1.38,1.18
2025-08-12T03:25:50.000,0.92,44.95,0.65,0.65
2025-08-12T03:26:50.000,0.69,68.74,0.25,0.64
2025-08-12T03:27:50.000,1.18,50.89,0.75,0.92
2025-08-12T03:28:50.000,1.94,88.36,0.06,1.94
2025-08-12T03:29:50.000,1.91,73.52,0.54,1.84
2025-08-12T03:30:50.000,1.46,64.15,0.64,1.32
2025-08-12T03:31:50.000,1.02,22.75,0.94,0.39
2025-08-12T03:32:50.000,1.24,94.75,-0.1,1.24
2025-08-12T03:33:50.000,1.24,76.44,0.29,1.2
2025-08-12T03:34:50.000,1.66,133.62,-1.14,1.2
2025-08-12T03:35:50.000,0.89,36.93,0.71,0.53
2025-08-12T03:36:50.000,1.46,85.15,0.12,1.46
2025-08-12T03:37:50.000,1.91,73.14,0.55,1.83
2025-08-12T03:38:50.000,1.54,67.06,0.6,1.42
2025-08-12T03:39:50.000,0.98,72.64,0.29,0.94
2025-08-12T03:40:50.000,2.1,39.7,1.61,1.34
2025-08-12T03:41:50.000,1.11,40.33,0.84,0.72
2025-08-12T03:42:50.000,0.66,24.1,0.6,0.27
2025-08-12T03:43:50.000,2.23,80.83,0.36,2.21
2025-08-12T03:44:50.000,1.78,49.32,1.16,1.35
2025-08-12T03:45:50.000,2.08,75.48,0.52,2.01
2025-08-12T03:46:50.000,1.52,76.17,0.36,1.47
2025-08-12T03:47:50.000,1.44,89.34,0.02,1.44
2025-08-12T03:48:50.000,3.09,103.12,-0.7,3.01
2025-08-12T03:49:50.000,4.09,47.13,2.78,3
2025-08-12T03:50:50.000,2.69,92.8,-0.13,2.68
2025-08-12T03:51:50.000,1.4,43.85,1.01,0.97
2025-08-12T03:52:50.000,3.69,99.85,-0.63,3.64
2025-08-12T03:53:50.000,1.94,25.24,1.76,0.83
2025-08-12T03:54:50.000,2.45,67.2,0.95,2.26
2025-08-12T03:55:50.000,2,108.05,-0.62,1.9
2025-08-12T03:56:50.000,4.01,15.93,3.86,1.1
2025-08-12T03:57:50.000,4.14,82.15,0.57,4.1
2025-08-12T03:58:50.000,1.89,25.57,1.71,0.82
2025-08-12T03:59:50.000,2.96,64.25,1.29,2.67
2025-08-12T04:00:50.000,2.75,49.24,1.8,2.09
2025-08-12T04:01:50.000,3.58,81.71,0.52,3.54
2025-08-12T04:02:50.000,2.76,30.39,2.38,1.4
2025-08-12T04:03:50.000,1.26,59.59,0.64,1.09
2025-08-12T04:04:50.000,2.5,50.37,1.59,1.92
2025-08-12T04:05:50.000,1.96,51.82,1.21,1.54
2025-08-12T04:06:50.000,1.86,344.56,1.79,-0.49
2025-08-12T04:07:50.000,4.6,59.4,2.34,3.96
2025-08-12T04:08:50.000,2.56,48.8,1.68,1.92
2025-08-12T04:09:50.000,2.02,97.6,-0.27,2.01
2025-08-12T04:10:50.000,2.15,66.21,0.87,1.97
2025-08-12T04:11:50.000,3.48,107.35,-1.04,3.32
2025-08-12T04:12:50.000,1.65,59.24,0.84,1.42
2025-08-12T04:13:50.000,1.07,93.31,-0.06,1.07
2025-08-12T04:14:50.000,6.32,105.55,-1.69,6.09
2025-08-12T04:15:50.000,6.61,78.59,1.31,6.48
2025-08-12T04:16:50.000,1.58,338.56,1.47,-0.58
2025-08-12T04:17:50.000,2.63,37.7,2.08,1.61
2025-08-12T04:18:50.000,6.11,53.74,3.61,4.93
2025-08-12T04:19:50.000,4.66,48.85,3.07,3.51
2025-08-12T04:20:50.000,0.27,138.93,-0.2,0.18
2025-08-12T04:21:50.000,2.95,46.9,2.01,2.15
2025-08-12T04:22:50.000,2.03,59.67,1.03,1.75
2025-08-12T04:23:50.000,1.69,36.87,1.35,1.01
2025-08-12T04:24:50.000,2.89,105.31,-0.76,2.79
2025-08-12T04:25:50.000,3.34,97.21,-0.42,3.32
2025-08-12T04:26:50.000,4.06,45.3,2.85,2.88
2025-08-12T04:27:50.000,1.24,130.52,-0.81,0.95
2025-08-12T04:28:50.000,2.22,32.11,1.88,1.18
2025-08-12T04:29:50.000,1.66,8.68,1.64,0.25
2025-08-12T04:30:50.000,1.42,283.99,0.34,-1.38
2025-08-12T04:31:50.000,2.7,178.41,-2.7,0.08
2025-08-12T04:32:50.000,1.92,260.82,-0.31,-1.9
2025-08-12T04:33:50.000,2.34,287.78,0.71,-2.23
2025-08-12T04:34:50.000,0.88,244.9,-0.37,-0.8
2025-08-12T04:35:50.000,2.47,295.21,1.05,-2.23
2025-08-12T04:36:50.000,2.85,326.61,2.38,-1.57
2025-08-12T04:37:50.000,2.86,314,1.99,-2.06
2025-08-12T04:38:50.000,3.61,300.57,1.83,-3.1
2025-08-12T04:39:50.000,2.68,317.5,1.97,-1.81
2025-08-12T04:40:50.000,4.16,315.33,2.96,-2.92
2025-08-12T04:41:50.000,2.4,330.36,2.09,-1.19
2025-08-12T04:42:50.000,4.54,320.23,3.49,-2.91
2025-08-12T04:43:50.000,5.86,328.18,4.98,-3.09
2025-08-12T04:44:50.000,9.76,319.29,7.4,-6.37
2025-08-12T04:45:50.000,6.36,305.24,3.67,-5.19
2025-08-12T04:46:50.000,8.43,306.51,5.01,-6.77
2025-08-12T04:47:50.000,4.23,328.29,3.6,-2.22
2025-08-12T04:48:50.000,5.69,339.24,5.32,-2.02
2025-08-12T04:49:50.000,8.58,339.43,8.03,-3.01
2025-08-12T04:50:50.000,8.75,345.99,8.49,-2.12
2025-08-12T04:51:50.000,8.3,335.66,7.57,-3.42
2025-08-12T04:52:50.000,7.47,340.76,7.05,-2.46
2025-08-12T04:53:50.000,9.89,333.65,8.87,-4.39
2025-08-12T04:54:50.000,7.99,346.75,7.78,-1.83
2025-08-12T04:55:50.000,5.98,333.37,5.34,-2.68
2025-08-12T04:56:50.000,5.97,329.91,5.17,-3
2025-08-12T04:57:50.000,3.35,335.01,3.03,-1.41
2025-08-12T04:58:50.000,2.57,326.42,2.14,-1.42
2025-08-12T04:59:50.000,4.86,336.81,4.46,-1.91
2025-08-12T05:00:50.000,1.27,7.6,1.26,0.17
2025-08-12T05:01:50.000,4.39,306.13,2.59,-3.54
2025-08-12T05:02:50.000,2.61,7.08,2.59,0.32
2025-08-12T05:03:50.000,1.32,281.86,0.27,-1.29
2025-08-12T05:04:50.000,3.32,278.33,0.48,-3.29
2025-08-12T05:05:50.000,0.53,315.78,0.38,-0.37
2025-08-12T05:06:50.000,1.08,328.3,0.92,-0.57
2025-08-12T05:07:50.000,1.01,355.97,1.01,-0.07
2025-08-12T05:08:50.000,5.82,304.06,3.26,-4.82
2025-08-12T05:09:50.000,2.74,323.07,2.19,-1.65
2025-08-12T05:10:50.000,3.69,300.59,1.88,-3.18
2025-08-12T05:11:50.000,2.03,323.66,1.63,-1.2
2025-08-12T05:12:50.000,5.62,304.61,3.19,-4.62
2025-08-12T05:13:50.000,2.79,327.66,2.36,-1.49
2025-08-12T05:14:50.000,4.36,311.25,2.87,-3.28
2025-08-12T05:15:50.000,1.46,322.44,1.16,-0.89
2025-08-12T05:16:50.000,1.93,258.43,-0.39,-1.89
2025-08-12T05:17:50.000,2.28,21.75,2.12,0.85
2025-08-12T05:18:50.000,0.64,302.14,0.34,-0.54
2025-08-12T05:19:50.000,0.58,263.75,-0.06,-0.57
2025-08-12T05:20:50.000,0.4,156.3,-0.37,0.16
2025-08-12T05:21:50.000,0.53,358.2,0.53,-0.02
2025-08-12T05:22:50.000,1.19,264.46,-0.12,-1.19
2025-08-12T05:23:50.000,0.66,141.71,-0.52,0.41
2025-08-12T05:24:50.000,0.67,158.18,-0.62,0.25
2025-08-12T05:25:50.000,0.48,158.83,-0.45,0.17
2025-08-12T05:26:50.000,0.98,79.57,0.18,0.97
2025-08-12T05:27:50.000,1.07,147.07,-0.9,0.58
2025-08-12T05:28:50.000,1.78,167.07,-1.73,0.4
2025-08-12T05:29:50.000,2.34,152.55,-2.08,1.08
2025-08-12T05:30:50.000,0.91,136.86,-0.66,0.62
2025-08-12T05:31:50.000,1.16,139.48,-0.88,0.75
2025-08-12T05:32:50.000,2.6,155.01,-2.36,1.1
2025-08-12T05:33:50.000,1.19,169.84,-1.17,0.21
2025-08-12T05:34:50.000,1.2,123.93,-0.67,0.99
2025-08-12T05:35:50.000,1.34,127.04,-0.81,1.07
2025-08-12T05:36:50.000,0.59,173.34,-0.59,0.07
2025-08-12T05:37:50.000,0.25,232.33,-0.15,-0.2
2025-08-12T05:38:50.000,2.2,282.37,0.47,-2.15
2025-08-12T05:39:50.000,3.28,269.99,0,-3.28
2025-08-12T05:40:50.000,0.37,143.25,-0.3,0.22
2025-08-12T05:41:50.000,0.36,148.7,-0.31,0.19
2025-08-12T05:42:50.000,0.42,268.82,-0.01,-0.42
2025-08-12T05:43:50.000,0.76,259.98,-0.13,-0.74
2025-08-12T05:44:50.000,0.17,252.15,-0.05,-0.16
2025-08-12T05:45:50.000,1.71,240.63,-0.84,-1.49
2025-08-12T05:46:50.000,0.86,301,0.44,-0.73
2025-08-12T05:47:50.000,0.78,274.9,0.07,-0.78
2025-08-12T05:48:50.000,2.26,312.57,1.53,-1.66
2025-08-12T05:49:50.000,1.56,317.14,1.14,-1.06
2025-08-12T05:50:50.000,0.25,249.97,-0.08,-0.23
2025-08-12T05:51:50.000,0.81,220.89,-0.61,-0.53
2025-08-12T05:52:50.000,0.52,81.05,0.08,0.52
2025-08-12T05:53:50.000,0.86,71.71,0.27,0.82
2025-08-12T05:54:50.000,0.48,47.64,0.32,0.36
2025-08-12T05:55:50.000,0.61,62.21,0.28,0.54
2025-08-12T05:56:50.000,1.13,16.07,1.09,0.31
2025-08-12T05:57:50.000,1.09,296.72,0.49,-0.97
2025-08-12T05:58:50.000,0.3,115.38,-0.13,0.27
2025-08-12T05:59:50.000,0.85,117.6,-0.39,0.75
2025-08-12T06:00:50.000,1.68,230.69,-1.06,-1.3
2025-08-12T06:01:50.000,0.23,16.13,0.22,0.06
2025-08-12T06:02:50.000,0.37,86.74,0.02,0.37
2025-08-12T06:03:50.000,0.83,26.36,0.74,0.37
2025-08-12T06:04:50.000,0.25,338.59,0.23,-0.09
2025-08-12T06:05:50.000,1.21,343.26,1.16,-0.35
2025-08-12T06:06:50.000,0.72,59.4,0.37,0.62
2025-08-12T06:07:50.000,1.74,17.71,1.65,0.53
2025-08-12T06:08:50.000,1.41,306.04,0.83,-1.14
2025-08-12T06:09:50.000,1.85,305.4,1.07,-1.51
2025-08-12T06:10:50.000,2.32,319.72,1.77,-1.5
2025-08-12T06:11:50.000,0.84,45.82,0.59,0.6
2025-08-12T06:12:50.000,0.84,14.43,0.81,0.21
2025-08-12T06:13:50.000,1.74,312.43,1.18,-1.29
2025-08-12T06:14:50.000,2.32,311.41,1.53,-1.74
2025-08-12T06:15:50.000,1.42,309.64,0.91,-1.09
2025-08-12T06:16:50.000,2.02,336.15,1.85,-0.82
2025-08-12T06:17:50.000,1.35,341.29,1.28,-0.43
2025-08-12T06:18:50.000,0.74,33.13,0.62,0.41
2025-08-12T06:19:50.000,0.83,37.69,0.65,0.5
2025-08-12T06:20:50.000,0.75,359.12,0.75,-0.01
2025-08-12T06:21:50.000,1.57,5.46,1.56,0.15
2025-08-12T06:22:50.000,0.81,353.92,0.8,-0.09
2025-08-12T06:23:50.000,1.03,315.98,0.74,-0.72
2025-08-12T06:24:50.000,1.56,33.41,1.3,0.86
2025-08-12T06:25:50.000,1.01,336.09,0.93,-0.41
2025-08-12T06:26:50.000,1.71,309.85,1.09,-1.31
2025-08-12T06:27:50.000,1.94,301.4,1.01,-1.66
2025-08-12T06:28:50.000,1.05,19.76,0.99,0.36
2025-08-12T06:29:50.000,1.02,331.35,0.89,-0.49
2025-08-12T06:30:50.000,1.09,347.92,1.07,-0.23
2025-08-12T06:31:50.000,2.03,1.07,2.03,0.04
2025-08-12T06:32:50.000,1.14,8.3,1.13,0.16
2025-08-12T06:33:50.000,0.97,316.13,0.7,-0.67
2025-08-12T06:34:50.000,1.11,336.89,1.02,-0.43
2025-08-12T06:35:50.000,1.52,336.7,1.39,-0.6
2025-08-12T06:36:50.000,2.62,19.18,2.47,0.86
2025-08-12T06:37:50.000,1.69,333.14,1.51,-0.77
2025-08-12T06:38:50.000,2.59,319.14,1.96,-1.69
2025-08-12T06:39:50.000,1.07,340.17,1.01,-0.36
2025-08-12T06:40:50.000,1.93,7.34,1.91,0.25
2025-08-12T06:41:50.000,1.42,344.27,1.37,-0.38
2025-08-12T06:42:50.000,1.87,6.66,1.86,0.22
2025-08-12T06:43:50.000,1.71,318.46,1.28,-1.13
2025-08-12T06:44:50.000,1.89,328.04,1.6,-1
2025-08-12T06:45:50.000,1.46,2.11,1.46,0.05
2025-08-12T06:46:50.000,1.9,347.2,1.85,-0.42
2025-08-12T06:47:50.000,2.66,337.74,2.46,-1.01
2025-08-12T06:48:50.000,1.99,327.05,1.67,-1.08
2025-08-12T06:49:50.000,1.3,358.2,1.3,-0.04
2025-08-12T06:50:50.000,2.25,326.82,1.89,-1.23
2025-08-12T06:51:50.000,3.03,333.68,2.72,-1.34
2025-08-12T06:52:50.000,1.53,347.07,1.49,-0.34
2025-08-12T06:53:50.000,2.9,315.59,2.07,-2.03
2025-08-12T06:54:50.000,3.46,318.18,2.58,-2.31
2025-08-12T06:55:50.000,3.88,306.39,2.3,-3.12
2025-08-12T06:56:50.000,4.99,302.98,2.72,-4.19
2025-08-12T06:57:50.000,2.37,346.83,2.31,-0.54
2025-08-12T06:58:50.000,3.66,323.92,2.95,-2.15
2025-08-12T06:59:50.000,1.38,334.6,1.24,-0.59
2025-08-12T07:00:50.000,1.03,307.87,0.63,-0.82
2025-08-12T07:01:50.000,3.27,320.1,2.51,-2.1
2025-08-12T07:02:50.000,2.83,292.72,1.09,-2.61
2025-08-12T07:03:50.000,7.27,294.03,2.96,-6.64
2025-08-12T07:04:50.000,3.75,327.89,3.18,-1.99
2025-08-12T07:05:50.000,2.48,341.58,2.35,-0.78
2025-08-12T07:06:50.000,4.22,331.26,3.7,-2.03
2025-08-12T07:07:50.000,2.65,351.36,2.62,-0.4
2025-08-12T07:08:50.000,2.84,329.86,2.45,-1.42
2025-08-12T07:09:50.000,5.19,316.25,3.75,-3.59
2025-08-12T07:10:50.000,3.06,313.2,2.09,-2.23
2025-08-12T07:11:50.000,6.09,290.04,2.09,-5.73
2025-08-12T07:12:50.000,5.93,302.79,3.21,-4.98
2025-08-12T07:13:50.000,4.96,302.48,2.66,-4.18
2025-08-12T07:14:50.000,4.87,296.9,2.2,-4.34
2025-08-12T07:15:50.000,5.82,311.61,3.86,-4.35
2025-08-12T07:16:50.000,5.31,305.09,3.05,-4.34
2025-08-12T07:17:50.000,2.68,334.1,2.41,-1.17
2025-08-12T07:18:50.000,2.66,332.04,2.35,-1.25
2025-08-12T07:19:50.000,3.02,343.65,2.9,-0.85
2025-08-12T07:20:50.000,4.76,323.57,3.83,-2.83
2025-08-12T07:21:50.000,3.59,352.44,3.56,-0.47
2025-08-12T07:22:50.000,6.2,301.19,3.21,-5.31
2025-08-12T07:23:50.000,5.57,294.05,2.27,-5.09
2025-08-12T07:24:50.000,3.92,332.83,3.48,-1.79
2025-08-12T07:25:50.000,3.01,324.16,2.44,-1.76
2025-08-12T07:26:50.000,1.68,353.53,1.67,-0.19
2025-08-12T07:27:50.000,1.84,12.12,1.8,0.39
2025-08-12T07:28:50.000,1.62,5.12,1.61,0.14
2025-08-12T07:29:50.000,1.63,18.37,1.55,0.51
2025-08-12T07:30:50.000,3.49,348.72,3.42,-0.68
2025-08-12T07:31:50.000,2.34,351,2.31,-0.37
2025-08-12T07:32:50.000,2.17,350.26,2.14,-0.37
2025-08-12T07:33:50.000,2.06,340.01,1.93,-0.7
2025-08-12T07:34:50.000,3.26,359.37,3.26,-0.04
2025-08-12T07:35:50.000,2.19,347.23,2.13,-0.48
2025-08-12T07:36:50.000,1.31,359.65,1.31,-0.01
2025-08-12T07:37:50.000,3.5,332.94,3.12,-1.59
2025-08-12T07:38:50.000,2.85,313.44,1.96,-2.07
2025-08-12T07:39:50.000,2.58,300.72,1.32,-2.21
2025-08-12T07:40:50.000,2.71,337.19,2.5,-1.05
2025-08-12T07:41:50.000,3.41,312.32,2.3,-2.52
2025-08-12T07:42:50.000,3.76,301.66,1.97,-3.2
2025-08-12T07:43:50.000,2.42,334.96,2.19,-1.02
2025-08-12T07:44:50.000,2.56,327.98,2.17,-1.36
2025-08-12T07:45:50.000,4.09,298.38,1.95,-3.6
2025-08-12T07:46:50.000,1.91,351.48,1.89,-0.28
2025-08-12T07:47:50.000,2.65,327.55,2.24,-1.42
2025-08-12T07:48:50.000,3.04,316.24,2.2,-2.1
2025-08-12T07:49:50.000,3.48,319.93,2.66,-2.24
2025-08-12T07:50:50.000,2.14,342.87,2.04,-0.63
2025-08-12T07:51:50.000,6.25,299.2,3.05,-5.45
2025-08-12T07:52:50.000,5.45,303.08,2.97,-4.57
2025-08-12T07:53:50.000,3.04,330.66,2.65,-1.49
2025-08-12T07:54:50.000,5.16,312.16,3.46,-3.82
2025-08-12T07:55:50.000,6.06,324.53,4.93,-3.52
2025-08-12T07:56:50.000,5.29,307.71,3.24,-4.19
2025-08-12T07:57:50.000,2.75,348.35,2.7,-0.56
2025-08-12T07:58:50.000,4.18,300.93,2.15,-3.59
2025-08-12T07:59:50.000,3.29,325.26,2.7,-1.88
2025-08-12T08:00:50.000,1.79,335.94,1.64,-0.73
2025-08-12T08:01:50.000,2.15,346.44,2.09,-0.5
2025-08-12T08:02:50.000,3.23,346.08,3.13,-0.78
2025-08-12T08:03:50.000,4.47,339.83,4.2,-1.54
2025-08-12T08:04:50.000,3.08,344.82,2.98,-0.81
2025-08-12T08:05:50.000,5.12,318.28,3.82,-3.41
2025-08-12T08:06:50.000,3.59,327.58,3.03,-1.92
2025-08-12T08:07:50.000,4.25,298.41,2.02,-3.73
2025-08-12T08:08:50.000,4.1,338.79,3.82,-1.48
2025-08-12T08:09:50.000,2.63,317.1,1.92,-1.79
2025-08-12T08:10:50.000,5.01,342.56,4.78,-1.5
2025-08-12T08:11:50.000,4.34,319.69,3.31,-2.81
2025-08-12T08:12:50.000,2.37,347.47,2.31,-0.51
2025-08-12T08:13:50.000,2.92,315.23,2.08,-2.06
2025-08-12T08:14:50.000,4.97,291.15,1.79,-4.64
2025-08-12T08:15:50.000,4.17,316.57,3.03,-2.86
2025-08-12T08:16:50.000,1.94,341.01,1.84,-0.63
2025-08-12T08:17:50.000,5.49,293.38,2.18,-5.04
2025-08-12T08:18:50.000,3,306.57,1.79,-2.41
2025-08-12T08:19:50.000,3.13,311.1,2.06,-2.36
2025-08-12T08:20:50.000,4.23,302.69,2.28,-3.56
2025-08-12T08:21:50.000,3.76,294.11,1.53,-3.43
2025-08-12T08:22:50.000,6.69,291.56,2.46,-6.23
2025-08-12T08:23:50.000,3.72,314.85,2.62,-2.63
2025-08-12T08:24:50.000,3.09,314.9,2.18,-2.19
2025-08-12T08:25:50.000,2.96,314.95,2.09,-2.09
2025-08-12T08:26:50.000,5.53,294,2.25,-5.05
2025-08-12T08:27:50.000,4.01,297.62,1.86,-3.55
2025-08-12T08:28:50.000,4.47,311.4,2.96,-3.36
2025-08-12T08:29:50.000,3.42,313.01,2.33,-2.5
2025-08-12T08:30:50.000,3.73,296.26,1.65,-3.34
2025-08-12T08:31:50.000,2.81,310.4,1.82,-2.14
2025-08-12T08:32:50.000,6.41,279.14,1.02,-6.33
2025-08-12T08:33:50.000,7.89,298.97,3.82,-6.9
2025-08-12T08:34:50.000,10.39,293.81,4.2,-9.51
2025-08-12T08:35:50.000,7.8,298.89,3.77,-6.83
2025-08-12T08:36:50.000,12.54,294.93,5.28,-11.37
2025-08-12T08:37:50.000,15.14,301.01,7.8,-12.97
2025-08-12T08:38:50.000,12.9,285.23,3.39,-12.44
2025-08-12T08:39:50.000,8.58,292.75,3.32,-7.91
2025-08-12T08:40:50.000,5.49,308.49,3.42,-4.3
2025-08-12T08:41:50.000,11.25,289.79,3.81,-10.59
2025-08-12T08:42:50.000,14.13,295.71,6.13,-12.73
2025-08-12T08:43:50.000,15.02,296.48,6.7,-13.45
2025-08-12T08:44:50.000,7.29,304.63,4.14,-6
2025-08-12T08:45:50.000,11.55,302.43,6.2,-9.75
2025-08-12T08:46:50.000,19.17,313.31,13.15,-13.95
2025-08-12T08:47:50.000,17.44,289.7,5.88,-16.42
2025-08-12T08:48:50.000,12.12,299.62,5.99,-10.54
2025-08-12T08:49:50.000,13.37,297.62,6.2,-11.85
2025-08-12T08:50:50.000,18.59,291.83,6.92,-17.26
2025-08-12T08:51:50.000,14.09,287.99,4.35,-13.4
2025-08-12T08:52:50.000,6.05,312.72,4.1,-4.44
2025-08-12T08:53:50.000,13.92,303.06,7.59,-11.67
2025-08-12T08:54:50.000,18.36,300.91,9.44,-15.76
2025-08-12T08:55:50.000,25.3,312.63,17.13,-18.62
2025-08-12T08:56:50.000,16.39,289.62,5.5,-15.44
2025-08-12T08:57:50.000,8.54,302.53,4.59,-7.2
2025-08-12T08:58:50.000,14.56,294.62,6.06,-13.23
2025-08-12T08:59:50.000,9,289.36,2.98,-8.49
2025-08-12T09:00:50.000,2.67,313.64,1.84,-1.93
2025-08-12T09:01:50.000,7.49,306.81,4.49,-6
2025-08-12T09:02:50.000,12.82,298.83,6.18,-11.24
2025-08-12T09:03:50.000,17.4,289.17,5.72,-16.44
2025-08-12T09:04:50.000,12.91,303.75,7.17,-10.73
2025-08-12T09:05:50.000,22.57,286.47,6.4,-21.64
2025-08-12T09:06:50.000,10.49,298.37,4.99,-9.23
2025-08-12T09:07:50.000,14.1,304.47,7.98,-11.62
2025-08-12T09:08:50.000,16.73,322.48,13.27,-10.19
2025-08-12T09:09:50.000,21.6,307.04,13.01,-17.24
2025-08-12T09:10:50.000,22.54,305.55,13.1,-18.34
2025-08-12T09:11:50.000,16.29,298.72,7.83,-14.29
2025-08-12T09:12:50.000,9.64,276.37,1.07,-9.58
2025-08-12T09:13:50.000,13.19,307.82,8.09,-10.42
2025-08-12T09:14:50.000,19.3,300.37,9.76,-16.65
2025-08-12T09:15:50.000,20.25,310.18,13.07,-15.47
2025-08-12T09:16:50.000,13.03,292.95,5.08,-12
2025-08-12T09:17:50.000,19.51,298.22,9.23,-17.19
2025-08-12T09:18:50.000,11.38,323.95,9.2,-6.7
2025-08-12T09:19:50.000,24.17,284.41,6.01,-23.41
2025-08-12T09:20:50.000,15.91,284.89,4.09,-15.38
2025-08-12T09:21:50.000,19.48,294.61,8.11,-17.71
2025-08-12T09:22:50.000,16.41,304.5,9.3,-13.53
2025-08-12T09:23:50.000,15.03,305.08,8.64,-12.3
2025-08-12T09:24:50.000,16.46,303.33,9.04,-13.75
2025-08-12T09:25:50.000,15.86,288.06,4.92,-15.08
2025-08-12T09:26:50.000,15.48,305.17,8.92,-12.65
2025-08-12T09:27:50.000,13.24,305.83,7.75,-10.74
2025-08-12T09:28:50.000,14.76,293.16,5.8,-13.57
2025-08-12T09:29:50.000,17.31,300.17,8.7,-14.97
2025-08-12T09:30:50.000,13.23,293.88,5.35,-12.1
2025-08-12T09:31:50.000,17.5,289.4,5.81,-16.5
2025-08-12T09:32:50.000,19.4,295.92,8.48,-17.45
2025-08-12T09:33:50.000,20.78,273.58,1.3,-20.74
2025-08-12T09:34:50.000,19.55,286.3,5.49,-18.76
2025-08-12T09:35:50.000,10.43,309.37,6.62,-8.07
2025-08-12T09:36:50.000,17.3,303.97,9.67,-14.34
2025-08-12T09:37:50.000,22.2,281.02,4.24,-21.79
2025-08-12T09:38:50.000,13.29,295.82,5.79,-11.96
2025-08-12T09:39:50.000,6.86,285.87,1.88,-6.6
2025-08-12T09:40:50.000,14.02,299.5,6.9,-12.2
2025-08-12T09:41:50.000,10.59,299.29,5.18,-9.24
2025-08-12T09:42:50.000,17.5,292.93,6.82,-16.12
2025-08-12T09:43:50.000,7.97,296.13,3.51,-7.15
2025-08-12T09:44:50.000,13.25,286.6,3.78,-12.69
2025-08-12T09:45:50.000,9.45,301.88,4.99,-8.02
2025-08-12T09:46:50.000,18.56,290.62,6.54,-17.37
2025-08-12T09:47:50.000,10.13,295.29,4.33,-9.16
2025-08-12T09:48:50.000,9.09,294.68,3.8,-8.26
2025-08-12T09:49:50.000,3.34,320.08,2.56,-2.14
2025-08-12T09:50:50.000,11.62,300.5,5.9,-10.01
2025-08-12T09:51:50.000,19.47,283.55,4.56,-18.92
2025-08-12T09:52:50.000,12.57,285.46,3.35,-12.12
2025-08-12T09:53:50.000,8.57,294.57,3.56,-7.79
2025-08-12T09:54:50.000,20.49,285.15,5.36,-19.78
2025-08-12T09:55:50.000,10.97,276.28,1.2,-10.9
2025-08-12T09:56:50.000,13.07,291.14,4.71,-12.19
2025-08-12T09:57:50.000,10.56,292.3,4.01,-9.77
2025-08-12T09:58:50.000,11.77,293.94,4.78,-10.76
2025-08-12T09:59:50.000,10.65,287.54,3.21,-10.15
2025-08-12T10:00:50.000,12.73,295.53,5.49,-11.49
2025-08-12T10:01:50.000,13.33,297,6.05,-11.88
2025-08-12T10:02:50.000,10.49,288.75,3.37,-9.93
2025-08-12T10:03:50.000,11.63,292.44,4.44,-10.75
2025-08-12T10:04:50.000,9.67,302.35,5.18,-8.17
2025-08-12T10:05:50.000,18.24,299.69,9.03,-15.84
2025-08-12T10:06:50.000,11.9,292.77,4.61,-10.98
2025-08-12T10:07:50.000,12.79,306.98,7.69,-10.21
2025-08-12T10:08:50.000,6.78,312.07,4.54,-5.03
2025-08-12T10:09:50.000,4.4,321.5,3.44,-2.74
2025-08-12T10:10:50.000,15.51,281.21,3.02,-15.21
2025-08-12T10:11:50.000,10.45,300.71,5.34,-8.99
2025-08-12T10:12:50.000,19.5,299.96,9.74,-16.9
2025-08-12T10:13:50.000,14.22,285.88,3.89,-13.68
2025-08-12T10:14:50.000,14.25,300.97,7.33,-12.22
2025-08-12T10:15:50.000,12.44,297.94,5.83,-10.99
2025-08-12T10:16:50.000,9.57,305.47,5.56,-7.8
2025-08-12T10:17:50.000,8.42,296.73,3.79,-7.52
2025-08-12T10:18:50.000,14.84,301.2,7.69,-12.7
2025-08-12T10:19:50.000,15.39,311.53,10.21,-11.52
2025-08-12T10:20:50.000,15.87,296.71,7.13,-14.18
2025-08-12T10:21:50.000,10.84,298.59,5.19,-9.52
2025-08-12T10:22:50.000,18.16,298.94,8.79,-15.9
2025-08-12T10:23:50.000,14.16,302.61,7.63,-11.93
2025-08-12T10:24:50.000,21.53,296.9,9.74,-19.2
2025-08-12T10:25:50.000,4.08,334.81,3.7,-1.74
2025-08-12T10:26:50.000,14.6,297.64,6.77,-12.94
2025-08-12T10:27:50.000,14.43,313.93,10.01,-10.39
2025-08-12T10:28:50.000,15.28,311.26,10.08,-11.49
2025-08-12T10:29:50.000,10.12,323.41,8.12,-6.03
2025-08-12T10:30:50.000,11.59,284.52,2.91,-11.22
2025-08-12T10:31:50.000,10.9,302.19,5.81,-9.23
2025-08-12T10:32:50.000,19.64,310.33,12.71,-14.97
2025-08-12T10:33:50.000,10.81,309.6,6.89,-8.33
2025-08-12T10:34:50.000,16.21,304.75,9.24,-13.32
2025-08-12T10:35:50.000,10.69,306.83,6.41,-8.56
2025-08-12T10:36:50.000,10.59,307.26,6.41,-8.42
2025-08-12T10:37:50.000,19.76,315.46,14.08,-13.86
2025-08-12T10:38:50.000,12.06,306.98,7.25,-9.63
2025-08-12T10:39:50.000,17.79,311.5,11.79,-13.32
2025-08-12T10:40:50.000,13.36,318.98,10.08,-8.77
2025-08-12T10:41:50.000,15.18,317.75,11.24,-10.21
2025-08-12T10:42:50.000,14.35,324.01,11.61,-8.43
2025-08-12T10:43:50.000,15.28,294.78,6.4,-13.87
2025-08-12T10:44:50.000,13.28,294.48,5.5,-12.08
2025-08-12T10:45:50.000,13,295.22,5.54,-11.76
2025-08-12T10:46:50.000,5.84,338.12,5.42,-2.17
2025-08-12T10:47:50.000,13.26,302.4,7.1,-11.2
2025-08-12T10:48:50.000,13.48,313.17,9.22,-9.83
2025-08-12T10:49:50.000,23.04,294.83,9.67,-20.91
2025-08-12T10:50:50.000,15.41,330.3,13.39,-7.64
2025-08-12T10:51:50.000,18.51,310.14,11.93,-14.15
2025-08-12T10:52:50.000,12.31,320.66,9.52,-7.8
2025-08-12T10:53:50.000,9.28,315.09,6.57,-6.55
2025-08-12T10:54:50.000,6.27,326.77,5.24,-3.43
2025-08-12T10:55:50.000,9.99,309.42,6.34,-7.72
2025-08-12T10:56:50.000,10,323.18,8,-5.99
2025-08-12T10:57:50.000,15.31,301.6,8.02,-13.04
2025-08-12T10:58:50.000,9.28,304.63,5.27,-7.64
2025-08-12T10:59:50.000,6.45,303.24,3.54,-5.4
2025-08-12T11:00:50.000,10.47,310.8,6.84,-7.92
2025-08-12T11:01:50.000,15.24,285.27,4.01,-14.7
2025-08-12T11:02:50.000,9.06,298.89,4.38,-7.93
2025-08-12T11:03:50.000,7.59,297.55,3.51,-6.73
2025-08-12T11:04:50.000,6.55,303.95,3.66,-5.43
2025-08-12T11:05:50.000,6.81,290.6,2.4,-6.38
2025-08-12T11:06:50.000,14.76,292.67,5.69,-13.62
2025-08-12T11:07:50.000,12.83,287.11,3.77,-12.26
2025-08-12T11:08:50.000,11.48,295.6,4.96,-10.35
2025-08-12T11:09:50.000,9.08,287.46,2.72,-8.66
2025-08-12T11:10:50.000,7.93,300.28,4,-6.85
2025-08-12T11:11:50.000,11.26,306.84,6.75,-9.01
2025-08-12T11:12:50.000,18.32,300.92,9.41,-15.72
2025-08-12T11:13:50.000,15.15,306.19,8.95,-12.23
2025-08-12T11:14:50.000,8.56,312.03,5.73,-6.36
2025-08-12T11:15:50.000,15.49,305.73,9.04,-12.57
2025-08-12T11:16:50.000,8.91,319.3,6.76,-5.81
2025-08-12T11:17:50.000,12.86,299.74,6.38,-11.16
2025-08-12T11:18:50.000,11.44,312.98,7.8,-8.37
2025-08-12T11:19:50.000,5.85,314.88,4.13,-4.14
2025-08-12T11:20:50.000,6.61,319.51,5.02,-4.29
2025-08-12T11:21:50.000,10.59,293.99,4.31,-9.68
2025-08-12T11:22:50.000,8.57,330.59,7.46,-4.21
2025-08-12T11:23:50.000,5.1,334.17,4.59,-2.22
2025-08-12T11:24:50.000,3.48,331.69,3.07,-1.65
2025-08-12T11:25:50.000,7.42,303.96,4.15,-6.15
2025-08-12T11:26:50.000,2.16,332.1,1.91,-1.01
2025-08-12T11:27:50.000,3.9,316.15,2.81,-2.7
2025-08-12T11:28:50.000,4.68,307.21,2.83,-3.73
2025-08-12T11:29:50.000,4.16,319.03,3.14,-2.73
2025-08-12T11:30:50.000,2.38,342.75,2.27,-0.7
2025-08-12T11:31:50.000,1.83,6.38,1.82,0.2
2025-08-12T11:32:50.000,1.15,28.25,1.02,0.55
2025-08-12T11:33:50.000,1.43,60.01,0.71,1.24
2025-08-12T11:34:50.000,1.53,69.5,0.54,1.43
2025-08-12T11:35:50.000,1.21,76.01,0.29,1.17
2025-08-12T11:36:50.000,1.45,93.81,-0.1,1.45
2025-08-12T11:37:50.000,1.23,93.53,-0.08,1.23
2025-08-12T11:38:50.000,2.92,92.88,-0.15,2.91
2025-08-12T11:39:50.000,4.75,135.84,-3.41,3.31
2025-08-12T11:40:50.000,4.41,130.02,-2.83,3.37
2025-08-12T11:41:50.000,2.71,95.52,-0.26,2.69
2025-08-12T11:42:50.000,6.96,106.14,-1.94,6.69
2025-08-12T11:43:50.000,5.11,102.78,-1.13,4.99
2025-08-12T11:44:50.000,8.06,111.44,-2.95,7.51
2025-08-12T11:45:50.000,4.69,154.07,-4.22,2.05
2025-08-12T11:46:50.000,1.35,29.34,1.18,0.66
2025-08-12T11:47:50.000,3.1,50.24,1.98,2.38
2025-08-12T11:48:50.000,0.68,245.33,-0.28,-0.62
2025-08-12T11:49:50.000,3.6,0.53,3.6,0.03
2025-08-12T11:50:50.000,5.99,104.21,-1.47,5.8
2025-08-12T11:51:50.000,3.18,42.38,2.35,2.14
2025-08-12T11:52:50.000,2.02,99.8,-0.34,1.99
2025-08-12T11:53:50.000,11.21,53.08,6.73,8.96
2025-08-12T11:54:50.000,3.71,102.62,-0.81,3.62
2025-08-12T11:55:50.000,5.66,69,2.03,5.28
2025-08-12T11:56:50.000,6.01,105.6,-1.62,5.79
2025-08-12T11:57:50.000,0.12,357.02,0.12,-0.01
2025-08-12T11:58:50.000,6.02,110.44,-2.1,5.64
2025-08-12T11:59:50.000,6.43,60.7,3.14,5.6
2025-08-12T12:00:50.000,3.18,32.07,2.69,1.69
2025-08-12T12:01:50.000,6.94,36.97,5.54,4.17
2025-08-12T12:02:50.000,6.53,61.31,3.13,5.73
2025-08-12T12:03:50.000,4.01,34.03,3.32,2.24
2025-08-12T12:04:50.000,3.39,59.56,1.72,2.93
2025-08-12T12:05:50.000,4.95,73.96,1.37,4.76
2025-08-12T12:06:50.000,2.52,51.48,1.57,1.97
2025-08-12T12:07:50.000,3.03,59.21,1.55,2.61
2025-08-12T12:08:50.000,1.34,78.31,0.27,1.31
2025-08-12T12:09:50.000,0.65,51.06,0.41,0.5
2025-08-12T12:10:50.000,3.01,108.83,-0.97,2.85
2025-08-12T12:11:50.000,3.94,49.11,2.58,2.98
2025-08-12T12:12:50.000,1.46,68.92,0.52,1.36
2025-08-12T12:13:50.000,6.05,54.81,3.49,4.94
2025-08-12T12:14:50.000,2.49,84.5,0.24,2.48
2025-08-12T12:15:50.000,3.54,107.96,-1.09,3.36
2025-08-12T12:16:50.000,2.48,54.3,1.45,2.01
2025-08-12T12:17:50.000,5.31,98.39,-0.78,5.25
2025-08-12T12:18:50.000,3.08,94.44,-0.24,3.07
2025-08-12T12:19:50.000,3.57,71.63,1.12,3.39
2025-08-12T12:20:50.000,4.65,84.92,0.41,4.64
2025-08-12T12:21:50.000,4.94,79.06,0.94,4.85
2025-08-12T12:22:50.000,1.5,338.06,1.39,-0.56
2025-08-12T12:23:50.000,3.34,75.61,0.83,3.24
2025-08-12T12:24:50.000,2.99,79.82,0.53,2.94
2025-08-12T12:25:50.000,2.69,36.62,2.16,1.6
2025-08-12T12:26:50.000,4.38,89.17,0.06,4.38
2025-08-12T12:27:50.000,0.99,34.89,0.81,0.56
2025-08-12T12:28:50.000,2.01,111.34,-0.73,1.87
2025-08-12T12:29:50.000,2.67,70.66,0.88,2.52
2025-08-12T12:30:50.000,2.98,85.46,0.24,2.97
2025-08-12T12:31:50.000,4.07,95.72,-0.41,4.05
2025-08-12T12:32:50.000,2.65,25.86,2.38,1.15
2025-08-12T12:33:50.000,2.16,131.45,-1.43,1.62
2025-08-12T12:34:50.000,0.45,172.2,-0.45,0.06
2025-08-12T12:35:50.000,3.82,110.01,-1.31,3.59
2025-08-12T12:36:50.000,2.03,9.36,2.01,0.33
2025-08-12T12:37:50.000,2.48,78.07,0.51,2.42
2025-08-12T12:38:50.000,2.5,88.37,0.07,2.5
2025-08-12T12:39:50.000,3.17,38.34,2.49,1.97
2025-08-12T12:40:50.000,2.55,55.49,1.44,2.1
2025-08-12T12:41:50.000,0.21,241.61,-0.1,-0.18
2025-08-12T12:42:50.000,1.44,61.89,0.68,1.27
2025-08-12T12:43:50.000,3.02,70.51,1.01,2.85
2025-08-12T12:44:50.000,1.65,72.71,0.49,1.58
2025-08-12T12:45:50.000,0.81,338.15,0.76,-0.3
2025-08-12T12:46:50.000,1.13,116.77,-0.51,1.01
2025-08-12T12:47:50.000,0.81,67.75,0.31,0.75
2025-08-12T12:48:50.000,5.27,73.85,1.46,5.06
2025-08-12T12:49:50.000,2.26,129.52,-1.44,1.75
2025-08-12T12:50:50.000,1.78,54.37,1.04,1.44
2025-08-12T12:51:50.000,2.65,44.04,1.91,1.84
2025-08-12T12:52:50.000,3.81,89.64,0.02,3.81
2025-08-12T12:53:50.000,0.94,115.98,-0.41,0.85
2025-08-12T12:54:50.000,2.6,50.82,1.64,2.02
2025-08-12T12:55:50.000,4.67,67.6,1.78,4.32
2025-08-12T12:56:50.000,2.91,67.86,1.1,2.7
2025-08-12T12:57:50.000,4.89,43.06,3.57,3.34
2025-08-12T12:58:50.000,0.97,342.45,0.93,-0.29
2025-08-12T12:59:50.000,2.36,69.45,0.83,2.21
2025-08-12T13:00:50.000,1.71,57.42,0.92,1.44
2025-08-12T13:01:50.000,0.69,127.21,-0.42,0.55
2025-08-12T13:02:50.000,1.25,61.2,0.6,1.09
2025-08-12T13:03:50.000,1.19,25.72,1.07,0.51
2025-08-12T13:04:50.000,2.1,53.34,1.26,1.69
2025-08-12T13:05:50.000,3.03,100.28,-0.54,2.99
2025-08-12T13:06:50.000,1.21,61.24,0.58,1.06
2025-08-12T13:07:50.000,1.1,57.51,0.59,0.93
2025-08-12T13:08:50.000,0.93,40.8,0.7,0.6
2025-08-12T13:09:50.000,0.67,17.23,0.64,0.2
2025-08-12T13:10:50.000,1.7,73.33,0.49,1.63
2025-08-12T13:11:50.000,1.33,79.47,0.24,1.31
2025-08-12T13:12:50.000,1.61,47.33,1.09,1.19
2025-08-12T13:13:50.000,1.99,50.33,1.27,1.53
2025-08-12T13:14:50.000,1.03,28.44,0.91,0.49
2025-08-12T13:15:50.000,1.71,50.44,1.09,1.32
2025-08-12T13:16:50.000,0.35,135.13,-0.25,0.25
2025-08-12T13:17:50.000,2.23,83.53,0.25,2.21
2025-08-12T13:18:50.000,1.35,56.5,0.74,1.12
2025-08-12T13:19:50.000,0.97,78.12,0.2,0.95
2025-08-12T13:20:50.000,1.23,40.04,0.94,0.79
2025-08-12T13:21:50.000,1.12,49.34,0.73,0.85
2025-08-12T13:22:50.000,2.27,17.99,2.15,0.7
2025-08-12T13:23:50.000,1.98,71.84,0.62,1.88
2025-08-12T13:24:50.000,1.26,70.86,0.41,1.19
2025-08-12T13:25:50.000,1.66,78.71,0.33,1.63
2025-08-12T13:26:50.000,2.02,81,0.32,2
2025-08-12T13:27:50.000,1.35,353.84,1.34,-0.14
2025-08-12T13:28:50.000,1.12,42.16,0.83,0.75
2025-08-12T13:29:50.000,1.4,70.8,0.46,1.32
2025-08-12T13:30:50.000,1.6,95.46,-0.15,1.6
2025-08-12T13:31:50.000,2.22,101.45,-0.44,2.18
2025-08-12T13:32:50.000,2.24,134.18,-1.56,1.61
2025-08-12T13:33:50.000,1.8,128.42,-1.12,1.41
2025-08-12T13:34:50.000,1.58,125.7,-0.92,1.28
2025-08-12T13:35:50.000,1.38,111.79,-0.51,1.28
2025-08-12T13:36:50.000,1.02,77.85,0.21,1
2025-08-12T13:37:50.000,0.75,101.02,-0.14,0.74
2025-08-12T13:38:50.000,0.59,96.96,-0.07,0.59
2025-08-12T13:39:50.000,0.76,93.4,-0.05,0.76
2025-08-12T13:40:50.000,0.44,79.2,0.08,0.43
2025-08-12T13:41:50.000,0.22,87.5,0.01,0.22
2025-08-12T13:42:50.000,0.27,139.77,-0.2,0.17
2025-08-12T13:43:50.000,0.68,24.75,0.62,0.28
2025-08-12T13:44:50.000,0.79,120.13,-0.4,0.68
2025-08-12T13:45:50.000,0.09,93.49,-0.01,0.09
2025-08-12T13:46:50.000,0.19,344.28,0.18,-0.05
2025-08-12T13:47:50.000,0.87,218.29,-0.68,-0.54
2025-08-12T13:48:50.000,1.01,284.01,0.25,-0.98
2025-08-12T13:49:50.000,1.05,320.84,0.82,-0.67
2025-08-12T13:50:50.000,1.75,319.05,1.33,-1.15
2025-08-12T13:51:50.000,3.97,306.82,2.38,-3.18
2025-08-12T13:52:50.000,3.84,277.24,0.48,-3.8
2025-08-12T13:53:50.000,2.42,301.77,1.27,-2.06
2025-08-12T13:54:50.000,1.38,356.45,1.38,-0.09
2025-08-12T13:55:50.000,2.89,328.27,2.46,-1.52
2025-08-12T13:56:50.000,2.64,299.48,1.3,-2.3
2025-08-12T13:57:50.000,2.28,304.15,1.28,-1.89
2025-08-12T13:58:50.000,1.82,304.44,1.03,-1.5
2025-08-12T13:59:50.000,1.61,323.87,1.3,-0.95
2025-08-12T14:00:50.000,2.39,334.86,2.16,-1.01
2025-08-12T14:01:50.000,1.38,351.76,1.36,-0.2
2025-08-12T14:02:50.000,2.61,345.5,2.53,-0.65
2025-08-12T14:03:50.000,2.52,332.65,2.23,-1.16
2025-08-12T14:04:50.000,1.03,359.02,1.03,-0.02
2025-08-12T14:05:50.000,0.72,8.06,0.71,0.1
2025-08-12T14:06:50.000,1.02,27.43,0.9,0.47
2025-08-12T14:07:50.000,0.72,50.16,0.46,0.55
2025-08-12T14:08:50.000,0.34,66.86,0.13,0.31
2025-08-12T14:09:50.000,0.41,356.59,0.41,-0.02
2025-08-12T14:10:50.000,1.21,272.36,0.05,-1.21
2025-08-12T14:11:50.000,0.98,354.13,0.98,-0.1
2025-08-12T14:12:50.000,3.17,330.33,2.75,-1.57
2025-08-12T14:13:50.000,0.55,276.82,0.07,-0.55
2025-08-12T14:14:50.000,2.1,345.94,2.03,-0.51
2025-08-12T14:15:50.000,2.22,357.93,2.22,-0.08
2025-08-12T14:16:50.000,1.16,333.31,1.04,-0.52
2025-08-12T14:17:50.000,1.5,347.14,1.47,-0.33
2025-08-12T14:18:50.000,1.59,355.5,1.59,-0.13
2025-08-12T14:19:50.000,2.17,349.62,2.14,-0.39
2025-08-12T14:20:50.000,3.43,309.31,2.17,-2.66
2025-08-12T14:21:50.000,4.03,315.37,2.87,-2.83
2025-08-12T14:22:50.000,3.06,353.93,3.04,-0.32
2025-08-12T14:23:50.000,3.3,335.29,3,-1.38
2025-08-12T14:24:50.000,2.29,345.37,2.21,-0.58
2025-08-12T14:25:50.000,4.96,324,4.01,-2.92
2025-08-12T14:26:50.000,2.07,304.28,1.16,-1.71
2025-08-12T14:27:50.000,1.76,333.42,1.58,-0.79
2025-08-12T14:28:50.000,1.4,316.32,1.01,-0.97
2025-08-12T14:29:50.000,2.13,317.48,1.57,-1.44
2025-08-12T14:30:50.000,0.69,274.61,0.06,-0.69
2025-08-12T14:31:50.000,1.59,14.28,1.55,0.39
2025-08-12T14:32:50.000,0.96,353.88,0.96,-0.1
2025-08-12T14:33:50.000,1.37,324.27,1.11,-0.8
2025-08-12T14:34:50.000,2.64,301.83,1.39,-2.24
2025-08-12T14:35:50.000,2.93,323.96,2.37,-1.72
2025-08-12T14:36:50.000,2.57,300.96,1.32,-2.2
2025-08-12T14:37:50.000,0.85,24.26,0.77,0.35
2025-08-12T14:38:50.000,1.53,335.77,1.39,-0.63
2025-08-12T14:39:50.000,1.43,347.84,1.4,-0.3
2025-08-12T14:40:50.000,0.98,123.67,-0.54,0.82
2025-08-12T14:41:50.000,1.48,53.36,0.89,1.19
2025-08-12T14:42:50.000,1.48,150.12,-1.29,0.74
2025-08-12T14:43:50.000,1.75,132.49,-1.18,1.29
2025-08-12T14:44:50.000,0.95,148.48,-0.81,0.5
2025-08-12T14:45:50.000,1.33,163.08,-1.27,0.39
2025-08-12T14:46:50.000,1.26,148.13,-1.07,0.67
2025-08-12T14:47:50.000,1.55,102.77,-0.34,1.51
2025-08-12T14:48:50.000,1.88,111.56,-0.69,1.75
2025-08-12T14:49:50.000,1.39,96.76,-0.16,1.38
2025-08-12T14:50:50.000,1.28,117.99,-0.6,1.13
2025-08-12T14:51:50.000,1.42,109.7,-0.48,1.34
2025-08-12T14:52:50.000,2,91.27,-0.04,2
2025-08-12T14:53:50.000,1.87,97.69,-0.25,1.85
2025-08-12T14:54:50.000,1.26,99.7,-0.21,1.25
2025-08-12T14:55:50.000,1.67,113.28,-0.66,1.53
2025-08-12T14:56:50.000,2.08,69.04,0.74,1.94
2025-08-12T14:57:50.000,1.54,103.86,-0.37,1.5
2025-08-12T14:58:50.000,1.45,73.33,0.42,1.39
2025-08-12T14:59:50.000,1.58,69,0.57,1.48
2025-08-12T15:00:50.000,1.44,75.05,0.37,1.39
2025-08-12T15:01:50.000,1.56,73.98,0.43,1.5
2025-08-12T15:02:50.000,1.58,94.39,-0.12,1.57
2025-08-12T15:03:50.000,1.44,96.48,-0.16,1.43
2025-08-12T15:04:50.000,1.78,90.87,-0.03,1.78
2025-08-12T15:05:50.000,1.38,112.18,-0.52,1.28
2025-08-12T15:06:50.000,3.63,125.44,-2.1,2.95
2025-08-12T15:07:50.000,0.68,15.41,0.66,0.18
2025-08-12T15:08:50.000,0.91,65.67,0.37,0.83
2025-08-12T15:09:50.000,0.97,50.03,0.63,0.75
2025-08-12T15:10:50.000,1.11,137.03,-0.81,0.76
2025-08-12T15:11:50.000,1.87,120.51,-0.95,1.62
2025-08-12T15:12:50.000,0.77,71.08,0.25,0.73
2025-08-12T15:13:50.000,1.38,72.04,0.43,1.32
2025-08-12T15:14:50.000,1.06,83.27,0.12,1.05
2025-08-12T15:15:50.000,1.22,106.18,-0.34,1.17
2025-08-12T15:16:50.000,2.38,92.33,-0.1,2.38
2025-08-12T15:17:50.000,1.93,105.19,-0.51,1.86
2025-08-12T15:18:50.000,1.51,98.94,-0.23,1.49
2025-08-12T15:19:50.000,0.98,69.11,0.35,0.92
2025-08-12T15:20:50.000,1.56,86.99,0.08,1.56
2025-08-12T15:21:50.000,1.04,56.54,0.57,0.87
2025-08-12T15:22:50.000,0.78,62.32,0.36,0.69
2025-08-12T15:23:50.000,0.61,72.76,0.18,0.58
2025-08-12T15:24:50.000,1.33,40.27,1.02,0.86
2025-08-12T15:25:50.000,0.88,62.96,0.4,0.79
2025-08-12T15:26:50.000,1.33,97.79,-0.18,1.32
2025-08-12T15:27:50.000,1.2,54.94,0.69,0.99
2025-08-12T15:28:50.000,2.24,123.61,-1.24,1.86
2025-08-12T15:29:50.000,1.23,89.29,0.02,1.23
2025-08-12T15:30:50.000,2.63,112.56,-1.01,2.42
2025-08-12T15:31:50.000,2.57,97.87,-0.35,2.55
2025-08-12T15:32:50.000,1.31,70.31,0.44,1.23
2025-08-12T15:33:50.000,2.99,121.36,-1.56,2.55
2025-08-12T15:34:50.000,1.21,52.08,0.74,0.95
2025-08-12T15:35:50.000,1.17,66.15,0.47,1.07
2025-08-12T15:36:50.000,2.43,113.86,-0.98,2.22
2025-08-12T15:37:50.000,3.34,138.5,-2.5,2.21
2025-08-12T15:38:50.000,1.71,133.99,-1.19,1.23
2025-08-12T15:39:50.000,1.45,149.16,-1.25,0.75
2025-08-12T15:40:50.000,1.3,63.83,0.57,1.16
2025-08-12T15:41:50.000,2.51,101.8,-0.51,2.45
2025-08-12T15:42:50.000,1.18,82.59,0.15,1.17
2025-08-12T15:43:50.000,1.24,60.19,0.62,1.08
2025-08-12T15:44:50.000,2.35,81.25,0.36,2.32
2025-08-12T15:45:50.000,1.1,172.92,-1.09,0.14
2025-08-12T15:46:50.000,0.94,92.35,-0.04,0.94
2025-08-12T15:47:50.000,2.13,82.01,0.3,2.11
2025-08-12T15:48:50.000,1.47,107.78,-0.45,1.4
2025-08-12T15:49:50.000,1.55,59.39,0.79,1.33
2025-08-12T15:50:50.000,1.29,80.91,0.2,1.27
2025-08-12T15:51:50.000,1.37,103.63,-0.32,1.33
2025-08-12T15:52:50.000,1.82,112.39,-0.69,1.68
2025-08-12T15:53:50.000,3.98,124.13,-2.23,3.3
2025-08-12T15:54:50.000,2.19,117.84,-1.02,1.94
2025-08-12T15:55:50.000,2.08,122.16,-1.1,1.76
2025-08-12T15:56:50.000,4.24,129.82,-2.72,3.26
2025-08-12T15:57:50.000,1.86,117.11,-0.85,1.66
2025-08-12T15:58:50.000,1.98,124.07,-1.11,1.64
2025-08-12T15:59:50.000,1.96,88.45,0.05,1.96
2025-08-12T16:00:50.000,0.74,23.87,0.68,0.3
2025-08-12T16:01:50.000,1.28,94.25,-0.09,1.27
2025-08-12T16:02:50.000,1.72,127.98,-1.06,1.36
2025-08-12T16:03:50.000,2.95,114.64,-1.23,2.68
2025-08-12T16:04:50.000,1.99,118.36,-0.95,1.75
2025-08-12T16:05:50.000,2.38,122.74,-1.29,2
2025-08-12T16:06:50.000,3.02,113.35,-1.2,2.78
2025-08-12T16:07:50.000,1.69,113.24,-0.67,1.55
2025-08-12T16:08:50.000,5.39,133.43,-3.7,3.91
2025-08-12T16:09:50.000,2.68,127.96,-1.65,2.12
2025-08-12T16:10:50.000,1.78,107.3,-0.53,1.7
2025-08-12T16:11:50.000,3.3,122.16,-1.75,2.79
2025-08-12T16:12:50.000,6.2,122.08,-3.29,5.25
2025-08-12T16:13:50.000,2.47,136.58,-1.79,1.69
2025-08-12T16:14:50.000,1.74,104.88,-0.45,1.68
2025-08-12T16:15:50.000,1.67,121.52,-0.87,1.42
2025-08-12T16:16:50.000,3.41,119.07,-1.66,2.98
2025-08-12T16:17:50.000,1.09,105.99,-0.3,1.05
2025-08-12T16:18:50.000,1.69,76.49,0.39,1.64
2025-08-12T16:19:50.000,2.4,102.84,-0.53,2.34
2025-08-12T16:20:50.000,2.07,88.63,0.05,2.07
2025-08-12T16:21:50.000,1.11,77.39,0.24,1.08
2025-08-12T16:22:50.000,0.81,114.5,-0.34,0.74
2025-08-12T16:23:50.000,0.76,118.37,-0.36,0.67
2025-08-12T16:24:50.000,1.72,94.44,-0.13,1.71
2025-08-12T16:25:50.000,1.42,111.09,-0.51,1.32
2025-08-12T16:26:50.000,1.61,82.39,0.21,1.6
2025-08-12T16:27:50.000,1.52,70.22,0.51,1.43
2025-08-12T16:28:50.000,2.49,108.58,-0.79,2.36
2025-08-12T16:29:50.000,4.39,122.56,-2.36,3.7
2025-08-12T16:30:50.000,4.04,105.92,-1.11,3.88
2025-08-12T16:31:50.000,1.53,115.14,-0.65,1.39
2025-08-12T16:32:50.000,4.14,130.16,-2.67,3.16
2025-08-12T16:33:50.000,4.45,131.5,-2.95,3.33
2025-08-12T16:34:50.000,5.45,119.41,-2.68,4.75
2025-08-12T16:35:50.000,5.78,107.27,-1.72,5.52
2025-08-12T16:36:50.000,3.07,110.15,-1.06,2.88
2025-08-12T16:37:50.000,1.55,94.46,-0.12,1.54
2025-08-12T16:38:50.000,3.68,105.1,-0.96,3.55
2025-08-12T16:39:50.000,2.72,109.07,-0.89,2.57
2025-08-12T16:40:50.000,1.38,74.41,0.37,1.33
2025-08-12T16:41:50.000,2.2,96.51,-0.25,2.18
2025-08-12T16:42:50.000,2.24,92.43,-0.1,2.24
2025-08-12T16:43:50.000,3.34,117.16,-1.53,2.98
2025-08-12T16:44:50.000,4.49,114.84,-1.89,4.08
2025-08-12T16:45:50.000,3.39,105.7,-0.92,3.26
2025-08-12T16:46:50.000,3.34,93.68,-0.21,3.33
2025-08-12T16:47:50.000,2.93,48.42,1.94,2.19
2025-08-12T16:48:50.000,3.48,119.34,-1.7,3.03
2025-08-12T16:49:50.000,1.67,37.58,1.32,1.02
2025-08-12T16:50:50.000,2.53,26.75,2.26,1.14
2025-08-12T16:51:50.000,1.85,81.39,0.28,1.83
2025-08-12T16:52:50.000,2.38,44.41,1.7,1.67
2025-08-12T16:53:50.000,2.65,56.08,1.48,2.2
2025-08-12T16:54:50.000,1.31,59.55,0.66,1.13
2025-08-12T16:55:50.000,1.64,113.1,-0.64,1.51
2025-08-12T16:56:50.000,2.53,101.79,-0.52,2.47
2025-08-12T16:57:50.000,8.76,110.48,-3.06,8.2
2025-08-12T16:58:50.000,4.92,120.12,-2.47,4.25
2025-08-12T16:59:50.000,4.35,120.01,-2.18,3.77
2025-08-12T17:00:50.000,8.39,141.65,-6.58,5.21
2025-08-12T17:01:50.000,10.15,137.68,-7.5,6.83
2025-08-12T17:02:50.000,8.2,139.8,-6.26,5.29
2025-08-12T17:03:50.000,5.26,156.57,-4.82,2.09
2025-08-12T17:04:50.000,2.55,163.11,-2.44,0.74
2025-08-12T17:05:50.000,6.65,148.42,-5.66,3.48
2025-08-12T17:06:50.000,0.44,145.01,-0.36,0.25
2025-08-12T17:07:50.000,6.15,354.45,6.12,-0.6
2025-08-12T17:08:50.000,6.97,25.18,6.31,2.96
2025-08-12T17:09:50.000,0.81,50.16,0.52,0.62
2025-08-12T17:10:50.000,1.37,76.89,0.31,1.33
2025-08-12T17:11:50.000,3.19,30.07,2.76,1.6
2025-08-12T17:12:50.000,6.62,67.66,2.52,6.12
2025-08-12T17:13:50.000,4.4,16.3,4.22,1.24
2025-08-12T17:14:50.000,3.42,18.61,3.24,1.09
2025-08-12T17:15:50.000,5.34,30.66,4.6,2.73
2025-08-12T17:16:50.000,4.14,10.68,4.07,0.77
2025-08-12T17:17:50.000,7.34,20.43,6.88,2.56
2025-08-12T17:18:50.000,13.88,58.91,7.17,11.89
2025-08-12T17:19:50.000,2.12,78.93,0.41,2.08
2025-08-12T17:20:50.000,5.4,116.73,-2.43,4.83
2025-08-12T17:21:50.000,2.22,57.66,1.19,1.88
2025-08-12T17:22:50.000,7.55,29.16,6.59,3.68
2025-08-12T17:23:50.000,4.94,5.47,4.91,0.47
2025-08-12T17:24:50.000,3.89,26,3.49,1.7
2025-08-12T17:25:50.000,4.77,36.23,3.85,2.82
2025-08-12T17:26:50.000,5.72,36.66,4.58,3.41
2025-08-12T17:27:50.000,5.34,26.69,4.77,2.4
2025-08-12T17:28:50.000,3.42,64.76,1.46,3.09
2025-08-12T17:29:50.000,2.14,38.65,1.67,1.34
2025-08-12T17:30:50.000,2.72,50.74,1.72,2.11
2025-08-12T17:31:50.000,2.15,60.43,1.06,1.87
2025-08-12T17:32:50.000,6.71,35.84,5.44,3.93
2025-08-12T17:33:50.000,1.9,64.73,0.81,1.72
2025-08-12T17:34:50.000,3.2,21.78,2.98,1.19
2025-08-12T17:35:50.000,3.74,45.46,2.63,2.67
2025-08-12T17:36:50.000,2.75,62.51,1.27,2.44
2025-08-12T17:37:50.000,2.93,42.57,2.15,1.98
2025-08-12T17:38:50.000,2.66,41.72,1.99,1.77
2025-08-12T17:39:50.000,0.91,74.21,0.25,0.87
2025-08-12T17:40:50.000,1.92,182.86,-1.92,-0.1
2025-08-12T17:41:50.000,1.21,81.08,0.19,1.2
2025-08-12T17:42:50.000,6.06,28,5.35,2.85
2025-08-12T17:43:50.000,4.89,14.91,4.73,1.26
2025-08-12T17:44:50.000,5.45,51.98,3.35,4.29
2025-08-12T17:45:50.000,1.9,68.17,0.71,1.77
2025-08-12T17:46:50.000,1.38,32.06,1.17,0.73
2025-08-12T17:47:50.000,2.67,28.28,2.35,1.27
2025-08-12T17:48:50.000,2.33,35.34,1.9,1.35
2025-08-12T17:49:50.000,0.94,65.37,0.39,0.86
2025-08-12T17:50:50.000,2.03,151.86,-1.79,0.96
2025-08-12T17:51:50.000,1.07,338.68,0.99,-0.39
2025-08-12T17:52:50.000,1.98,28.88,1.73,0.95
2025-08-12T17:53:50.000,3.26,36.39,2.63,1.94
2025-08-12T17:54:50.000,1.39,40.28,1.06,0.9
2025-08-12T17:55:50.000,3.43,14.44,3.32,0.85
2025-08-12T17:56:50.000,2.3,343.93,2.21,-0.64
2025-08-12T17:57:50.000,3.44,5.26,3.42,0.32
2025-08-12T17:58:50.000,1.74,197.05,-1.67,-0.51
2025-08-12T17:59:50.000,1.26,15.25,1.21,0.33
2025-08-12T18:00:50.000,1.72,117.03,-0.78,1.53
2025-08-12T18:01:50.000,4.91,146.42,-4.09,2.72
2025-08-12T18:02:50.000,2.96,128.16,-1.83,2.32
2025-08-12T18:03:50.000,2.24,125.79,-1.31,1.82
2025-08-12T18:04:50.000,1.26,348.52,1.24,-0.25
2025-08-12T18:05:50.000,2.42,56.18,1.34,2.01
2025-08-12T18:06:50.000,3.82,43.24,2.78,2.61
2025-08-12T18:07:50.000,2,60,1,1.74
2025-08-12T18:08:50.000,2.94,38.14,2.31,1.81
2025-08-12T18:09:50.000,1.83,53.49,1.09,1.47
2025-08-12T18:10:50.000,2.28,24.02,2.08,0.93
2025-08-12T18:11:50.000,1.38,37.33,1.1,0.84
2025-08-12T18:12:50.000,1.38,44.21,0.99,0.96
2025-08-12T18:13:50.000,1.87,28.98,1.64,0.91
2025-08-12T18:14:50.000,1.66,17.03,1.59,0.49
2025-08-12T18:15:50.000,2.73,38.5,2.13,1.7
2025-08-12T18:16:50.000,2.63,35.29,2.15,1.52
2025-08-12T18:17:50.000,3.65,28.82,3.2,1.76
2025-08-12T18:18:50.000,4.64,18.53,4.4,1.47
2025-08-12T18:19:50.000,3.68,18.67,3.48,1.18
2025-08-12T18:20:50.000,2.45,34.16,2.03,1.37
2025-08-12T18:21:50.000,2.42,13.05,2.36,0.55
2025-08-12T18:22:50.000,3.58,16.1,3.43,0.99
2025-08-12T18:23:50.000,3.11,33.81,2.59,1.73
2025-08-12T18:24:50.000,3.36,14.78,3.25,0.86
2025-08-12T18:25:50.000,2.96,12.97,2.89,0.66
2025-08-12T18:26:50.000,3.72,3.19,3.71,0.21
2025-08-12T18:27:50.000,2.81,7.03,2.79,0.34
2025-08-12T18:28:50.000,3.08,354.35,3.06,-0.3
2025-08-12T18:29:50.000,4.04,358.36,4.04,-0.12
2025-08-12T18:30:50.000,3.62,359.25,3.62,-0.05
2025-08-12T18:31:50.000,2.42,359.7,2.42,-0.01
2025-08-12T18:32:50.000,2.7,6.77,2.68,0.32
2025-08-12T18:33:50.000,8.32,8.27,8.23,1.2
2025-08-12T18:34:50.000,4.18,5.98,4.16,0.44
2025-08-12T18:35:50.000,6.09,354.38,6.06,-0.6
2025-08-12T18:36:50.000,3.86,328.31,3.28,-2.03
2025-08-12T18:37:50.000,1.94,351.42,1.92,-0.29
2025-08-12T18:38:50.000,1.68,336.83,1.54,-0.66
2025-08-12T18:39:50.000,1.66,345.66,1.61,-0.41
2025-08-12T18:40:50.000,1.8,328.68,1.53,-0.93
2025-08-12T18:41:50.000,0.44,305.93,0.26,-0.36
2025-08-12T18:42:50.000,0.16,336.61,0.14,-0.06
2025-08-12T18:43:50.000,1.68,5.73,1.67,0.17
2025-08-12T18:44:50.000,2.72,318.27,2.03,-1.81
2025-08-12T18:45:50.000,1.03,257.77,-0.22,-1.01
2025-08-12T18:46:50.000,1.55,308.67,0.97,-1.21
2025-08-12T18:47:50.000,2.44,253.91,-0.68,-2.34
2025-08-12T18:48:50.000,3.2,302.28,1.71,-2.7
2025-08-12T18:49:50.000,3.13,296.67,1.4,-2.79
2025-08-12T18:50:50.000,1.02,331.69,0.9,-0.48
2025-08-12T18:51:50.000,1.88,287.02,0.55,-1.8
2025-08-12T18:52:50.000,2.02,337.03,1.86,-0.79
2025-08-12T18:53:50.000,0.33,32.91,0.28,0.18
2025-08-12T18:54:50.000,3.13,248.05,-1.17,-2.9
2025-08-12T18:55:50.000,1.68,290.11,0.58,-1.58
2025-08-12T18:56:50.000,3.4,338.31,3.16,-1.26
2025-08-12T18:57:50.000,1.86,300.79,0.95,-1.6
2025-08-12T18:58:50.000,1.32,49.39,0.86,1.01
2025-08-12T18:59:50.000,0.57,332.19,0.5,-0.26
2025-08-12T19:00:50.000,2.3,313.96,1.6,-1.66
2025-08-12T19:01:50.000,1.25,347.63,1.22,-0.27
2025-08-12T19:02:50.000,2.82,302.24,1.5,-2.38
2025-08-12T19:03:50.000,1.94,319.56,1.48,-1.26
2025-08-12T19:04:50.000,7.9,276.08,0.84,-7.85
2025-08-12T19:05:50.000,1.37,270.63,0.02,-1.37
2025-08-12T19:06:50.000,4.35,285.03,1.13,-4.2
2025-08-12T19:07:50.000,5.62,291.88,2.1,-5.22
2025-08-12T19:08:50.000,5.69,317.67,4.21,-3.83
2025-08-12T19:09:50.000,5.32,313.72,3.68,-3.85
2025-08-12T19:10:50.000,3.6,315.19,2.55,-2.54
2025-08-12T19:11:50.000,3.7,307.97,2.28,-2.92
2025-08-12T19:12:50.000,7.7,332.3,6.81,-3.58
2025-08-12T19:13:50.000,2.94,339.09,2.75,-1.05
2025-08-12T19:14:50.000,4.49,332.71,3.99,-2.06
2025-08-12T19:15:50.000,2.31,348.78,2.27,-0.45
2025-08-12T19:16:50.000,4.6,328.52,3.92,-2.4
2025-08-12T19:17:50.000,4.02,345.63,3.89,-1
2025-08-12T19:18:50.000,4.86,305.39,2.81,-3.96
2025-08-12T19:19:50.000,2.07,298.19,0.98,-1.82
2025-08-12T19:20:50.000,1.37,292.53,0.53,-1.27
2025-08-12T19:21:50.000,2.2,356.36,2.19,-0.14
2025-08-12T19:22:50.000,1.59,335.29,1.44,-0.66
2025-08-12T19:23:50.000,3.89,320.56,3.01,-2.47
2025-08-12T19:24:50.000,2.27,330.48,1.98,-1.12
2025-08-12T19:25:50.000,3.31,335.24,3.01,-1.39
2025-08-12T19:26:50.000,4.33,308.41,2.69,-3.39
2025-08-12T19:27:50.000,2.22,357.87,2.22,-0.08
2025-08-12T19:28:50.000,7.18,329.63,6.19,-3.63
2025-08-12T19:29:50.000,4.69,334.79,4.24,-2
2025-08-12T19:30:50.000,3.33,331.02,2.91,-1.61
2025-08-12T19:31:50.000,3.02,343.46,2.9,-0.86
2025-08-12T19:32:50.000,4.17,314.11,2.9,-2.99
2025-08-12T19:33:50.000,2.03,359.87,2.03,0
2025-08-12T19:34:50.000,1.61,322.26,1.27,-0.98
2025-08-12T19:35:50.000,2.03,351.59,2,-0.3
2025-08-12T19:36:50.000,5.93,345.73,5.75,-1.46
2025-08-12T19:37:50.000,7.88,310.27,5.09,-6.01
2025-08-12T19:38:50.000,4.57,347.43,4.46,-1
2025-08-12T19:39:50.000,7.71,318.82,5.81,-5.08
2025-08-12T19:40:50.000,4.08,345.58,3.95,-1.02
2025-08-12T19:41:50.000,1.12,14.45,1.09,0.28
2025-08-12T19:42:50.000,2.86,356.37,2.85,-0.18
2025-08-12T19:43:50.000,3.06,354.08,3.04,-0.32
2025-08-12T19:44:50.000,2.29,15.09,2.21,0.6
2025-08-12T19:45:50.000,3.69,342.99,3.53,-1.08
2025-08-12T19:46:50.000,6.4,339.54,5.99,-2.24
2025-08-12T19:47:50.000,2.71,346.16,2.63,-0.65
2025-08-12T19:48:50.000,4.16,330.81,3.63,-2.03
2025-08-12T19:49:50.000,1.65,357.44,1.65,-0.07
2025-08-12T19:50:50.000,4.78,328.35,4.07,-2.51
2025-08-12T19:51:50.000,2.74,1.9,2.74,0.09
2025-08-12T19:52:50.000,3.59,346.06,3.49,-0.87
2025-08-12T19:53:50.000,1.69,341.18,1.6,-0.54
2025-08-12T19:54:50.000,1.71,331.04,1.5,-0.83
2025-08-12T19:55:50.000,1.19,311.72,0.79,-0.89
2025-08-12T19:56:50.000,2.34,357,2.34,-0.12
2025-08-12T19:57:50.000,4.23,331.66,3.72,-2.01
2025-08-12T19:58:50.000,4.67,338.89,4.36,-1.68
2025-08-12T19:59:50.000,4.03,345.83,3.9,-0.99
2025-08-12T20:00:50.000,7.55,323.03,6.03,-4.54
2025-08-12T20:01:50.000,5.44,339.75,5.1,-1.88
2025-08-12T20:02:50.000,5.8,290.52,2.03,-5.43
2025-08-12T20:03:50.000,8.89,300.75,4.55,-7.64
2025-08-12T20:04:50.000,5.12,297.74,2.38,-4.53
2025-08-12T20:05:50.000,3.42,329.2,2.93,-1.75
2025-08-12T20:06:50.000,3.48,306.69,2.08,-2.79
2025-08-12T20:07:50.000,3.15,324.12,2.55,-1.84
2025-08-12T20:08:50.000,3.95,318.46,2.96,-2.62
2025-08-12T20:09:50.000,3.01,340.34,2.84,-1.01
2025-08-12T20:10:50.000,4.5,324.25,3.65,-2.63
2025-08-12T20:11:50.000,5.82,327.49,4.9,-3.13
2025-08-12T20:12:50.000,6.07,322.38,4.81,-3.71
2025-08-12T20:13:50.000,5.66,318.17,4.22,-3.78
2025-08-12T20:14:50.000,2.32,351.55,2.3,-0.34
2025-08-12T20:15:50.000,4.57,303.67,2.53,-3.8
2025-08-12T20:16:50.000,3.94,311.89,2.63,-2.93
2025-08-12T20:17:50.000,3.07,338.55,2.86,-1.12
2025-08-12T20:18:50.000,6.2,307.62,3.79,-4.91
2025-08-12T20:19:50.000,3.38,322.71,2.69,-2.05
2025-08-12T20:20:50.000,7.8,309.64,4.97,-6
2025-08-12T20:21:50.000,8.88,306.09,5.23,-7.18
2025-08-12T20:22:50.000,5.4,307.57,3.29,-4.28
2025-08-12T20:23:50.000,8.64,308.26,5.35,-6.79
2025-08-12T20:24:50.000,6.63,297.05,3.01,-5.9
2025-08-12T20:25:50.000,6.37,294.58,2.65,-5.79
2025-08-12T20:26:50.000,3.77,337.22,3.48,-1.46
2025-08-12T20:27:50.000,8.34,300.34,4.22,-7.2
2025-08-12T20:28:50.000,4.24,290.18,1.46,-3.98
2025-08-12T20:29:50.000,6.4,302.2,3.41,-5.42
2025-08-12T20:30:50.000,6.01,308.14,3.71,-4.73
2025-08-12T20:31:50.000,4.92,322.86,3.92,-2.97
2025-08-12T20:32:50.000,3.1,337.41,2.86,-1.19
2025-08-12T20:33:50.000,4.28,324.83,3.5,-2.47
2025-08-12T20:34:50.000,3.57,322.35,2.82,-2.18
2025-08-12T20:35:50.000,4.74,317.49,3.49,-3.2
2025-08-12T20:36:50.000,6.4,325.52,5.27,-3.62
2025-08-12T20:37:50.000,2.25,324.59,1.83,-1.3
2025-08-12T20:38:50.000,4.42,308.49,2.75,-3.46
2025-08-12T20:39:50.000,6.9,297.6,3.2,-6.11
2025-08-12T20:40:50.000,4.88,306.96,2.93,-3.9
2025-08-12T20:41:50.000,4.1,308.77,2.56,-3.19
2025-08-12T20:42:50.000,3.26,315.74,2.34,-2.28
2025-08-12T20:43:50.000,6.73,292.62,2.59,-6.21
2025-08-12T20:44:50.000,7.23,315.74,5.18,-5.04
2025-08-12T20:45:50.000,7.4,317.42,5.45,-5.01
2025-08-12T20:46:50.000,9.57,316.36,6.92,-6.6
2025-08-12T20:47:50.000,9.17,294.68,3.83,-8.33
2025-08-12T20:48:50.000,10.78,305.34,6.24,-8.79
2025-08-12T20:49:50.000,9.84,307.6,6.01,-7.8
2025-08-12T20:50:50.000,7.88,292.76,3.05,-7.27
2025-08-12T20:51:50.000,7.62,303.16,4.17,-6.38
2025-08-12T20:52:50.000,11.03,304.62,6.26,-9.07
2025-08-12T20:53:50.000,11.31,297.46,5.22,-10.04
2025-08-12T20:54:50.000,9.38,315.8,6.73,-6.54
2025-08-12T20:55:50.000,10.59,317.53,7.81,-7.15
2025-08-12T20:56:50.000,9.02,310.11,5.81,-6.9
2025-08-12T20:57:50.000,4.3,314.69,3.03,-3.06
2025-08-12T20:58:50.000,14.58,315.76,10.45,-10.18
2025-08-12T20:59:50.000,13.64,322.94,10.89,-8.22
2025-08-12T21:00:50.000,6.56,316.92,4.79,-4.48
2025-08-12T21:01:50.000,15.07,302.64,8.13,-12.69
2025-08-12T21:02:50.000,10.36,292.21,3.92,-9.59
2025-08-12T21:03:50.000,16.69,304.97,9.57,-13.68
2025-08-12T21:04:50.000,15.91,286.51,4.52,-15.25
2025-08-12T21:05:50.000,10.05,300.67,5.13,-8.65
2025-08-12T21:06:50.000,10.19,306.09,6,-8.24
2025-08-12T21:07:50.000,10.03,313.89,6.96,-7.23
2025-08-12T21:08:50.000,12.78,323.85,10.32,-7.54
2025-08-12T21:09:50.000,7.72,324.7,6.3,-4.46
2025-08-12T21:10:50.000,5.99,311.32,3.95,-4.5
2025-08-12T21:11:50.000,9.8,325.8,8.1,-5.51
2025-08-12T21:12:50.000,6.49,292.51,2.48,-6
2025-08-12T21:13:50.000,12.74,310.02,8.19,-9.75
2025-08-12T21:14:50.000,14.63,295.78,6.36,-13.17
2025-08-12T21:15:50.000,15.61,305.86,9.14,-12.65
2025-08-12T21:16:50.000,12.74,288.04,3.95,-12.12
2025-08-12T21:17:50.000,13.88,307.8,8.51,-10.97
2025-08-12T21:18:50.000,7.3,319.01,5.51,-4.79
2025-08-12T21:19:50.000,16.64,312.47,11.24,-12.28
2025-08-12T21:20:50.000,13.16,320.22,10.12,-8.42
2025-08-12T21:21:50.000,11.28,317.03,8.25,-7.69
2025-08-12T21:22:50.000,11.6,293.51,4.63,-10.64
2025-08-12T21:23:50.000,15.64,306.63,9.33,-12.55
2025-08-12T21:24:50.000,6.25,322.69,4.97,-3.79
2025-08-12T21:25:50.000,8.82,307.6,5.38,-6.99
2025-08-12T21:26:50.000,6.84,319.88,5.23,-4.41
2025-08-12T21:27:50.000,14.48,306.32,8.57,-11.66
2025-08-12T21:28:50.000,10.88,295.3,4.65,-9.84
2025-08-12T21:29:50.000,4.57,337.91,4.23,-1.72
2025-08-12T21:30:50.000,2.3,325.03,1.88,-1.32
2025-08-12T21:31:50.000,7.79,315.22,5.53,-5.49
2025-08-12T21:32:50.000,7.46,263.23,-0.88,-7.41
2025-08-12T21:33:50.000,13.22,290.44,4.62,-12.39
2025-08-12T21:34:50.000,4.46,326.31,3.71,-2.48
2025-08-12T21:35:50.000,7.62,314.68,5.36,-5.42
2025-08-12T21:36:50.000,11.24,310.21,7.26,-8.59
2025-08-12T21:37:50.000,5.62,322.69,4.47,-3.41
2025-08-12T21:38:50.000,9.26,308.99,5.83,-7.2
2025-08-12T21:39:50.000,13.29,304.4,7.51,-10.96
2025-08-12T21:40:50.000,11.28,304.41,6.37,-9.3
2025-08-12T21:41:50.000,11.19,304.32,6.31,-9.25
2025-08-12T21:42:50.000,12.62,308.96,7.93,-9.81
2025-08-12T21:43:50.000,15.76,314.55,11.06,-11.23
2025-08-12T21:44:50.000,8.6,310.12,5.54,-6.57
2025-08-12T21:45:50.000,7.92,314.67,5.56,-5.63
2025-08-12T21:46:50.000,15.52,294.93,6.54,-14.08
2025-08-12T21:47:50.000,21.62,305.6,12.59,-17.58
2025-08-12T21:48:50.000,7.84,319.79,5.99,-5.06
2025-08-12T21:49:50.000,8.49,306.41,5.04,-6.83
2025-08-12T21:50:50.000,8.08,289.89,2.75,-7.6
2025-08-12T21:51:50.000,5.84,325.95,4.84,-3.27
2025-08-12T21:52:50.000,15.61,287.2,4.62,-14.91
2025-08-12T21:53:50.000,9.78,302.65,5.28,-8.24
2025-08-12T21:54:50.000,6.91,295.03,2.92,-6.26
2025-08-12T21:55:50.000,15.99,311.17,10.53,-12.04
2025-08-12T21:56:50.000,9.6,290.13,3.3,-9.02
2025-08-12T21:57:50.000,12.63,304.15,7.09,-10.45
2025-08-12T21:58:50.000,14.42,297.94,6.76,-12.74
2025-08-12T21:59:50.000,20.28,310.06,13.05,-15.52
2025-08-12T22:00:50.000,15.33,304.35,8.65,-12.65
2025-08-12T22:01:50.000,9.32,333.74,8.36,-4.12
2025-08-12T22:02:50.000,16.38,286.38,4.62,-15.72
2025-08-12T22:03:50.000,14.4,304.49,8.16,-11.87
2025-08-12T22:04:50.000,6.97,322.31,5.51,-4.26
2025-08-12T22:05:50.000,9.5,297.5,4.39,-8.43
2025-08-12T22:06:50.000,14.27,293.26,5.63,-13.11
2025-08-12T22:07:50.000,14.2,284.89,3.65,-13.73
2025-08-12T22:08:50.000,7.93,291.75,2.94,-7.36
2025-08-12T22:09:50.000,10.4,286.46,2.95,-9.98
2025-08-12T22:10:50.000,5.22,322.89,4.17,-3.15
2025-08-12T22:11:50.000,9.4,305.99,5.52,-7.6
2025-08-12T22:12:50.000,7.87,284.13,1.92,-7.63
2025-08-12T22:13:50.000,4.55,299.38,2.23,-3.96
2025-08-12T22:14:50.000,8.09,304.19,4.54,-6.69
2025-08-12T22:15:50.000,9.18,306.46,5.45,-7.38
2025-08-12T22:16:50.000,14.99,301.95,7.93,-12.72
2025-08-12T22:17:50.000,12.89,281.34,2.54,-12.64
2025-08-12T22:18:50.000,10.13,289.48,3.38,-9.55
2025-08-12T22:19:50.000,12.14,295.34,5.2,-10.97
2025-08-12T22:20:50.000,3.62,304.4,2.04,-2.99
2025-08-12T22:21:50.000,12.11,292.06,4.55,-11.23
2025-08-12T22:22:50.000,6.88,292.23,2.6,-6.37
2025-08-12T22:23:50.000,6.76,314.48,4.74,-4.82
2025-08-12T22:24:50.000,16.23,290.51,5.68,-15.2
2025-08-12T22:25:50.000,14.41,288.41,4.55,-13.67
2025-08-12T22:26:50.000,11.68,294.28,4.81,-10.65
2025-08-12T22:27:50.000,8.94,302.73,4.83,-7.52
2025-08-12T22:28:50.000,15.56,295.25,6.63,-14.07
2025-08-12T22:29:50.000,9.7,305.8,5.67,-7.87
2025-08-12T22:30:50.000,6.91,294.85,2.91,-6.27
2025-08-12T22:31:50.000,10.81,276.24,1.17,-10.75
2025-08-12T22:32:50.000,18.85,294.5,7.82,-17.15
2025-08-12T22:33:50.000,8.19,299.49,4.03,-7.13
2025-08-12T22:34:50.000,13.85,314.71,9.74,-9.84
2025-08-12T22:35:50.000,10.12,284.54,2.54,-9.79
2025-08-12T22:36:50.000,8.4,293.85,3.39,-7.68
2025-08-12T22:37:50.000,8.17,282.52,1.77,-7.98
2025-08-12T22:38:50.000,14,286.38,3.95,-13.43
2025-08-12T22:39:50.000,5.77,314.05,4.01,-4.14
2025-08-12T22:40:50.000,10.84,299.58,5.35,-9.43
2025-08-12T22:41:50.000,9.83,279.39,1.6,-9.7
2025-08-12T22:42:50.000,6.63,294.01,2.7,-6.06
2025-08-12T22:43:50.000,12.08,282.69,2.65,-11.79
2025-08-12T22:44:50.000,11.11,282.3,2.37,-10.86
2025-08-12T22:45:50.000,5.74,306.93,3.45,-4.59
2025-08-12T22:46:50.000,9.54,293.53,3.81,-8.75
2025-08-12T22:47:50.000,5.03,282.01,1.05,-4.92
2025-08-12T22:48:50.000,9.33,296.01,4.09,-8.39
2025-08-12T22:49:50.000,6.61,282.22,1.4,-6.46
2025-08-12T22:50:50.000,10.51,293.56,4.2,-9.64
2025-08-12T22:51:50.000,6.41,279.76,1.09,-6.32
2025-08-12T22:52:50.000,9.74,280.7,1.81,-9.57
2025-08-12T22:53:50.000,8.84,284.3,2.18,-8.57
2025-08-12T22:54:50.000,13.49,281.27,2.64,-13.23
2025-08-12T22:55:50.000,8.11,292.23,3.07,-7.51
2025-08-12T22:56:50.000,12.39,285.71,3.36,-11.93
2025-08-12T22:57:50.000,8.24,285.43,2.19,-7.94
2025-08-12T22:58:50.000,8.1,283.3,1.86,-7.88
2025-08-12T22:59:50.000,11.85,275.77,1.19,-11.79
2025-08-12T23:00:50.000,8.65,299.37,4.24,-7.54
2025-08-12T23:01:50.000,12.18,280.16,2.15,-11.99
2025-08-12T23:02:50.000,1.22,348.49,1.2,-0.24
2025-08-12T23:03:50.000,6.65,297.2,3.04,-5.91
2025-08-12T23:04:50.000,3.83,304.02,2.14,-3.17
2025-08-12T23:05:50.000,6.31,250.44,-2.11,-5.94
2025-08-12T23:06:50.000,0.6,85.75,0.04,0.59
2025-08-12T23:07:50.000,5.51,268.69,-0.13,-5.51
2025-08-12T23:08:50.000,5.33,247.48,-2.04,-4.93
2025-08-12T23:09:50.000,3.99,210.25,-3.44,-2.01
2025-08-12T23:10:50.000,1.15,236.49,-0.63,-0.96
2025-08-12T23:11:50.000,0.87,242.62,-0.4,-0.78
2025-08-12T23:12:50.000,4.56,258.24,-0.93,-4.46
2025-08-12T23:13:50.000,2.21,259.99,-0.38,-2.18
2025-08-12T23:14:50.000,3.9,265.4,-0.31,-3.89
2025-08-12T23:15:50.000,2.83,314,1.96,-2.03
2025-08-12T23:16:50.000,1.68,302.44,0.9,-1.41
2025-08-12T23:17:50.000,2.33,16.03,2.23,0.64
2025-08-12T23:18:50.000,3.2,338.12,2.97,-1.19
2025-08-12T23:19:50.000,5.03,318.46,3.77,-3.34
2025-08-12T23:20:50.000,4.36,7.33,4.32,0.56
2025-08-12T23:21:50.000,3.27,357.65,3.27,-0.13
2025-08-12T23:22:50.000,4.91,309.32,3.11,-3.8
2025-08-12T23:23:50.000,2.03,302.2,1.08,-1.72
2025-08-12T23:24:50.000,2.02,6.91,2,0.24
2025-08-12T23:25:50.000,2.2,356.22,2.19,-0.15
2025-08-12T23:26:50.000,4.12,310.03,2.65,-3.15
2025-08-12T23:27:50.000,3.93,333.52,3.52,-1.75
2025-08-12T23:28:50.000,2.12,314.39,1.49,-1.52
2025-08-12T23:29:50.000,3.23,339.96,3.03,-1.11
2025-08-12T23:30:50.000,2.82,328.24,2.4,-1.48
2025-08-12T23:31:50.000,1.81,5.6,1.8,0.18
2025-08-12T23:32:50.000,2.57,349.82,2.53,-0.45
2025-08-12T23:33:50.000,2.56,347.23,2.49,-0.56
2025-08-12T23:34:50.000,3.5,311.31,2.31,-2.63
2025-08-12T23:35:50.000,2.9,346.74,2.83,-0.67
2025-08-12T23:36:50.000,3.99,6.29,3.96,0.44
2025-08-12T23:37:50.000,2.98,359.42,2.98,-0.03
2025-08-12T23:38:50.000,1.59,317.72,1.18,-1.07
2025-08-12T23:39:50.000,1.75,358.74,1.75,-0.04
2025-08-12T23:40:50.000,2.97,12.67,2.89,0.65
2025-08-12T23:41:50.000,1.91,36.44,1.54,1.14
2025-08-12T23:42:50.000,3.08,20.43,2.89,1.07
2025-08-12T23:43:50.000,1.28,65.92,0.52,1.16
2025-08-12T23:44:50.000,2.1,96.33,-0.23,2.08
2025-08-12T23:45:50.000,2.59,68.23,0.96,2.4
2025-08-12T23:46:50.000,6.47,117.26,-2.96,5.75
2025-08-12T23:47:50.000,3.3,110.06,-1.13,3.1
2025-08-12T23:48:50.000,4.49,137.79,-3.33,3.02
2025-08-12T23:49:50.000,2.2,98.26,-0.32,2.18
2025-08-12T23:50:50.000,2.29,74.98,0.59,2.21
2025-08-12T23:51:50.000,0.96,55.88,0.54,0.8
2025-08-12T23:52:50.000,1.15,55.62,0.65,0.95
2025-08-12T23:53:50.000,2.67,143.4,-2.15,1.59
2025-08-12T23:54:50.000,1.48,45.93,1.03,1.06
2025-08-12T23:55:50.000,1.35,72,0.42,1.28
2025-08-12T23:56:50.000,2.43,78.02,0.5,2.38
2025-08-12T23:57:50.000,3.44,88.76,0.07,3.44
2025-08-12T23:58:50.000,0.68,37.91,0.53,0.42
2025-08-12T23:59:50.000,0.77,84.08,0.08,0.77
2025-08-13T00:00:50.000,2.31,35.46,1.88,1.34
2025-08-13T00:01:50.000,2.88,41.16,2.17,1.9
2025-08-13T00:02:50.000,2.59,68.63,0.94,2.41
2025-08-13T00:03:50.000,2.41,15.93,2.32,0.66
2025-08-13T00:04:50.000,0.76,38.54,0.59,0.47
2025-08-13T00:05:50.000,2.65,98.3,-0.38,2.62
2025-08-13T00:06:50.000,2.72,49.87,1.75,2.08
2025-08-13T00:07:50.000,1.09,105.25,-0.29,1.06
2025-08-13T00:08:50.000,4.28,70.09,1.46,4.02
2025-08-13T00:09:50.000,2.17,65.39,0.9,1.97
2025-08-13T00:10:50.000,1.14,38.28,0.9,0.71
2025-08-13T00:11:50.000,8.27,79.69,1.48,8.13
2025-08-13T00:12:50.000,0.67,282.67,0.15,-0.65
2025-08-13T00:13:50.000,1.31,48.16,0.87,0.97
2025-08-13T00:14:50.000,0.55,89.56,0,0.55
2025-08-13T00:15:50.000,2.6,46.56,1.79,1.89
2025-08-13T00:16:50.000,1.1,82.97,0.14,1.1
2025-08-13T00:17:50.000,2.39,352.88,2.37,-0.3
2025-08-13T00:18:50.000,4.61,73.95,1.27,4.43
2025-08-13T00:19:50.000,4.41,22.91,4.06,1.72
2025-08-13T00:20:50.000,0.65,68.02,0.24,0.61
2025-08-13T00:21:50.000,10.47,69.04,3.74,9.77
2025-08-13T00:22:50.000,5.06,44.34,3.62,3.53
2025-08-13T00:23:50.000,2.9,83.07,0.35,2.88
2025-08-13T00:24:50.000,3.63,58.64,1.89,3.1
2025-08-13T00:25:50.000,2.2,55.78,1.24,1.82
2025-08-13T00:26:50.000,2.29,31.06,1.96,1.18
2025-08-13T00:27:50.000,2.41,85.42,0.19,2.41
2025-08-13T00:28:50.000,3.9,110.09,-1.34,3.67
2025-08-13T00:29:50.000,2.1,82.53,0.27,2.08
2025-08-13T00:30:50.000,3.18,52.71,1.93,2.53
2025-08-13T00:31:50.000,2.63,55.59,1.49,2.17
2025-08-13T00:32:50.000,4.23,103.86,-1.01,4.11
2025-08-13T00:33:50.000,2.4,41.75,1.79,1.6
2025-08-13T00:34:50.000,3.54,83.89,0.38,3.52
2025-08-13T00:35:50.000,1.99,48.1,1.33,1.48
2025-08-13T00:36:50.000,1.64,49.36,1.07,1.25
2025-08-13T00:37:50.000,7.33,71.12,2.37,6.94
2025-08-13T00:38:50.000,2.04,71.25,0.66,1.94
2025-08-13T00:39:50.000,3.37,51.92,2.08,2.66
2025-08-13T00:40:50.000,3.43,41.9,2.55,2.29
2025-08-13T00:41:50.000,4.09,48.49,2.71,3.06
2025-08-13T00:42:50.000,3.46,65.94,1.41,3.16
2025-08-13T00:43:50.000,4.16,41.51,3.11,2.76
2025-08-13T00:44:50.000,4.54,52.62,2.75,3.6
2025-08-13T00:45:50.000,5.21,46.92,3.56,3.8
2025-08-13T00:46:50.000,4.13,56.47,2.28,3.44
2025-08-13T00:47:50.000,3.24,45.01,2.29,2.29
2025-08-13T00:48:50.000,3.72,41.77,2.78,2.48
2025-08-13T00:49:50.000,5.8,66.16,2.34,5.3
2025-08-13T00:50:50.000,3.94,41.23,2.97,2.6
2025-08-13T00:51:50.000,3.89,70.92,1.27,3.68
2025-08-13T00:52:50.000,6.78,56.23,3.77,5.64
2025-08-13T00:53:50.000,5.99,59.47,3.04,5.16
2025-08-13T00:54:50.000,5.72,42.5,4.22,3.86
2025-08-13T00:55:50.000,7.99,38.66,6.24,4.99
2025-08-13T00:56:50.000,6.31,33.1,5.29,3.45
2025-08-13T00:57:50.000,4.67,33.03,3.91,2.55
2025-08-13T00:58:50.000,4.36,29.95,3.77,2.17
2025-08-13T00:59:50.000,4.71,24.12,4.3,1.93
2025-08-13T01:00:50.000,5.06,24.53,4.6,2.1
2025-08-13T01:01:50.000,4.08,3.22,4.07,0.23
2025-08-13T01:02:50.000,3.84,349.34,3.77,-0.71
2025-08-13T01:03:50.000,2.63,16.17,2.53,0.73
2025-08-13T01:04:50.000,3.74,26.24,3.36,1.65
2025-08-13T01:05:50.000,2.25,15.36,2.17,0.6
2025-08-13T01:06:50.000,2.03,1.3,2.03,0.05
2025-08-13T01:07:50.000,2.63,357.33,2.63,-0.12
2025-08-13T01:08:50.000,3.38,359.39,3.38,-0.04
2025-08-13T01:09:50.000,7.73,4.34,7.7,0.58
2025-08-13T01:10:50.000,7.51,355.58,7.49,-0.58
2025-08-13T01:11:50.000,6.06,358.26,6.05,-0.18
2025-08-13T01:12:50.000,4.41,359.34,4.41,-0.05
2025-08-13T01:13:50.000,7.22,9.01,7.13,1.13
2025-08-13T01:14:50.000,5.34,3.66,5.33,0.34
2025-08-13T01:15:50.000,4.63,9.85,4.56,0.79
2025-08-13T01:16:50.000,7.17,11.13,7.03,1.38
2025-08-13T01:17:50.000,4.02,12.03,3.93,0.84
2025-08-13T01:18:50.000,3.59,13.44,3.49,0.83
2025-08-13T01:19:50.000,5.25,15.3,5.06,1.38
2025-08-13T01:20:50.000,5.32,9.96,5.24,0.92
2025-08-13T01:21:50.000,4.83,12.87,4.71,1.08
2025-08-13T01:22:50.000,7.7,9.42,7.6,1.26
2025-08-13T01:23:50.000,2.83,14.47,2.74,0.71
2025-08-13T01:24:50.000,3.88,2.79,3.88,0.19
2025-08-13T01:25:50.000,2.64,10.14,2.6,0.47
2025-08-13T01:26:50.000,3.14,359.91,3.14,0
2025-08-13T01:27:50.000,3.26,359.74,3.26,-0.01
2025-08-13T01:28:50.000,2.85,342.26,2.71,-0.87
2025-08-13T01:29:50.000,2.5,350.7,2.47,-0.4
2025-08-13T01:30:50.000,3.86,355.86,3.85,-0.28
2025-08-13T01:31:50.000,3.34,358.93,3.33,-0.06
2025-08-13T01:32:50.000,4.48,3.52,4.47,0.28
2025-08-13T01:33:50.000,5.39,356.38,5.37,-0.34
2025-08-13T01:34:50.000,4.98,359.59,4.98,-0.04
2025-08-13T01:35:50.000,6.39,358.96,6.39,-0.12
2025-08-13T01:36:50.000,4.23,355.53,4.21,-0.33
2025-08-13T01:37:50.000,5.67,356.65,5.66,-0.33
2025-08-13T01:38:50.000,4.52,358.2,4.52,-0.14
2025-08-13T01:39:50.000,5.27,359.64,5.27,-0.03
2025-08-13T01:40:50.000,4.82,2.83,4.82,0.24
2025-08-13T01:41:50.000,6.77,3.63,6.76,0.43
2025-08-13T01:42:50.000,3.78,9.87,3.73,0.65
2025-08-13T01:43:50.000,3.48,6.53,3.46,0.4
2025-08-13T01:44:50.000,2.73,1.29,2.73,0.06
2025-08-13T01:45:50.000,2.87,3.25,2.87,0.16
2025-08-13T01:46:50.000,5.42,356.93,5.41,-0.29
2025-08-13T01:47:50.000,3.7,3.07,3.7,0.2
2025-08-13T01:48:50.000,4.6,3.09,4.6,0.25
2025-08-13T01:49:50.000,3.87,354.09,3.85,-0.4
2025-08-13T01:50:50.000,3.62,1.74,3.62,0.11
2025-08-13T01:51:50.000,3.76,3.57,3.75,0.23
2025-08-13T01:52:50.000,4,20.18,3.75,1.38
2025-08-13T01:53:50.000,2.77,3.67,2.76,0.18
2025-08-13T01:54:50.000,4.36,16.25,4.19,1.22
2025-08-13T01:55:50.000,4.08,6.6,4.05,0.47
2025-08-13T01:56:50.000,3.85,16.15,3.7,1.07
2025-08-13T01:57:50.000,3.9,8.79,3.86,0.6
2025-08-13T01:58:50.000,4.45,6.84,4.42,0.53
2025-08-13T01:59:50.000,3.13,12.54,3.06,0.68
2025-08-13T02:00:50.000,3.16,5.38,3.15,0.3
2025-08-13T02:01:50.000,1.3,345.81,1.26,-0.32
2025-08-13T02:02:50.000,2.03,10.14,2,0.36
2025-08-13T02:03:50.000,3.33,9.15,3.29,0.53
2025-08-13T02:04:50.000,2.52,16.62,2.41,0.72
2025-08-13T02:05:50.000,2.6,21.62,2.42,0.96
2025-08-13T02:06:50.000,2.19,16.36,2.1,0.62
2025-08-13T02:07:50.000,1.4,6.62,1.39,0.16
2025-08-13T02:08:50.000,0.69,23.42,0.64,0.28
2025-08-13T02:09:50.000,0.71,355.1,0.71,-0.06
2025-08-13T02:10:50.000,0.93,63.8,0.41,0.84
2025-08-13T02:11:50.000,0.33,63.6,0.14,0.29
2025-08-13T02:12:50.000,0.89,84.49,0.09,0.89
2025-08-13T02:13:50.000,1.76,4.66,1.76,0.14
2025-08-13T02:14:50.000,2.59,357.31,2.59,-0.12
2025-08-13T02:15:50.000,2.88,355.54,2.87,-0.22
2025-08-13T02:16:50.000,2.19,6.87,2.18,0.26
2025-08-13T02:17:50.000,2.64,25.55,2.38,1.14
2025-08-13T02:18:50.000,1.51,11.94,1.47,0.31
2025-08-13T02:19:50.000,1.21,38.41,0.95,0.75
2025-08-13T02:20:50.000,1.03,62.38,0.48,0.91
2025-08-13T02:21:50.000,3.17,189.43,-3.13,-0.52
2025-08-13T02:22:50.000,3.31,132.44,-2.23,2.44
2025-08-13T02:23:50.000,2.87,131.52,-1.9,2.15
2025-08-13T02:24:50.000,1.82,356.54,1.81,-0.11
2025-08-13T02:25:50.000,1.19,6.57,1.18,0.14
2025-08-13T02:26:50.000,2.34,350.25,2.31,-0.4
2025-08-13T02:27:50.000,2.05,334.51,1.85,-0.88
2025-08-13T02:28:50.000,0.72,337.99,0.66,-0.27
2025-08-13T02:29:50.000,3.5,326.75,2.93,-1.92
2025-08-13T02:30:50.000,2.99,286.57,0.85,-2.87
2025-08-13T02:31:50.000,5.93,308.85,3.72,-4.62
2025-08-13T02:32:50.000,4.13,304.57,2.34,-3.4
2025-08-13T02:33:50.000,2.31,344.11,2.22,-0.63
2025-08-13T02:34:50.000,7.35,304.4,4.15,-6.06
2025-08-13T02:35:50.000,3.35,326.63,2.79,-1.84
2025-08-13T02:36:50.000,4.69,308.28,2.9,-3.68
2025-08-13T02:37:50.000,8.92,285.48,2.38,-8.6
2025-08-13T02:38:50.000,8.39,283.09,1.9,-8.17
2025-08-13T02:39:50.000,8.85,287.17,2.61,-8.46
2025-08-13T02:40:50.000,5.46,302.1,2.9,-4.63
2025-08-13T02:41:50.000,2.06,271.91,0.07,-2.06
2025-08-13T02:42:50.000,3.67,308.02,2.26,-2.89
2025-08-13T02:43:50.000,7.11,313.16,4.86,-5.19
2025-08-13T02:44:50.000,6.86,286.34,1.93,-6.59
2025-08-13T02:45:50.000,7.05,296.25,3.12,-6.32
2025-08-13T02:46:50.000,6.19,312.23,4.16,-4.59
2025-08-13T02:47:50.000,8.66,300.64,4.41,-7.45
2025-08-13T02:48:50.000,6.38,320.73,4.94,-4.04
2025-08-13T02:49:50.000,11.06,308.66,6.91,-8.63
2025-08-13T02:50:50.000,4.5,315.75,3.22,-3.14
2025-08-13T02:51:50.000,3.27,287.2,0.97,-3.13
2025-08-13T02:52:50.000,2.36,309.66,1.51,-1.82
2025-08-13T02:53:50.000,2.57,225.94,-1.79,-1.85
2025-08-13T02:54:50.000,3.08,255.45,-0.77,-2.98
2025-08-13T02:55:50.000,2.42,244.91,-1.03,-2.19
2025-08-13T02:56:50.000,0.41,101.66,-0.08,0.4
2025-08-13T02:57:50.000,1.04,305.12,0.6,-0.85
2025-08-13T02:58:50.000,1.22,319.14,0.92,-0.8
2025-08-13T02:59:50.000,1.11,322.94,0.89,-0.67
2025-08-13T03:00:50.000,1.96,325.33,1.61,-1.11
2025-08-13T03:01:50.000,1.27,1.68,1.27,0.04
2025-08-13T03:02:50.000,2.98,322.52,2.37,-1.81
2025-08-13T03:03:50.000,2.31,6.69,2.3,0.27
2025-08-13T03:04:50.000,2.04,317.66,1.51,-1.38
2025-08-13T03:05:50.000,3.11,297.17,1.42,-2.76
2025-08-13T03:06:50.000,2.66,337.75,2.46,-1.01
2025-08-13T03:07:50.000,4.84,292.63,1.86,-4.47
2025-08-13T03:08:50.000,3.4,291.4,1.24,-3.17
2025-08-13T03:09:50.000,0.47,288.98,0.15,-0.44
2025-08-13T03:10:50.000,1,251.83,-0.31,-0.95
2025-08-13T03:11:50.000,0.63,218.62,-0.49,-0.39
2025-08-13T03:12:50.000,1.62,210.37,-1.4,-0.82
2025-08-13T03:13:50.000,0.37,273.84,0.02,-0.37
2025-08-13T03:14:50.000,0.68,350.71,0.68,-0.11
2025-08-13T03:15:50.000,1.25,20.54,1.17,0.44
2025-08-13T03:16:50.000,0.93,341.86,0.89,-0.29
2025-08-13T03:17:50.000,1.75,16.47,1.68,0.5
2025-08-13T03:18:50.000,1.55,6.29,1.54,0.17
2025-08-13T03:19:50.000,1.67,45.53,1.17,1.19
2025-08-13T03:20:50.000,1.38,23.76,1.26,0.56
2025-08-13T03:21:50.000,1.19,36.78,0.95,0.71
2025-08-13T03:22:50.000,1.07,7.93,1.06,0.15
2025-08-13T03:23:50.000,0.68,320.39,0.53,-0.44
2025-08-13T03:24:50.000,0.64,58.43,0.34,0.55
2025-08-13T03:25:50.000,0.67,91.87,-0.02,0.67
2025-08-13T03:26:50.000,1.15,128,-0.71,0.91
2025-08-13T03:27:50.000,1.57,103.22,-0.36,1.52
2025-08-13T03:28:50.000,2.25,115.6,-0.97,2.03
2025-08-13T03:29:50.000,1.87,97.42,-0.24,1.86
2025-08-13T03:30:50.000,2.57,68.64,0.94,2.4
2025-08-13T03:31:50.000,2.3,84.85,0.21,2.29
2025-08-13T03:32:50.000,1.05,85.4,0.08,1.05
2025-08-13T03:33:50.000,2.09,79.78,0.37,2.06
2025-08-13T03:34:50.000,1.81,56.84,0.99,1.51
2025-08-13T03:35:50.000,3.36,46.37,2.32,2.43
2025-08-13T03:36:50.000,6.14,53.12,3.68,4.91
2025-08-13T03:37:50.000,8.39,50.69,5.32,6.49
2025-08-13T03:38:50.000,6.87,49.45,4.46,5.22
2025-08-13T03:39:50.000,9.65,54.31,5.63,7.84
2025-08-13T03:40:50.000,4.65,58.37,2.44,3.96
2025-08-13T03:41:50.000,2.8,49.85,1.8,2.14
2025-08-13T03:42:50.000,1.72,66.79,0.68,1.58
2025-08-13T03:43:50.000,0.78,47.85,0.53,0.58
2025-08-13T03:44:50.000,1.97,89.43,0.02,1.97
2025-08-13T03:45:50.000,1.91,68.18,0.71,1.77
2025-08-13T03:46:50.000,3.74,111.25,-1.35,3.48
2025-08-13T03:47:50.000,2.61,93.81,-0.17,2.61
2025-08-13T03:48:50.000,6.2,109.56,-2.07,5.84
2025-08-13T03:49:50.000,2.65,90.21,-0.01,2.65
2025-08-13T03:50:50.000,1.89,83.79,0.2,1.88
2025-08-13T03:51:50.000,1.38,65.75,0.57,1.26
2025-08-13T03:52:50.000,1.08,69,0.39,1.01
2025-08-13T03:53:50.000,0.64,137.96,-0.47,0.43
2025-08-13T03:54:50.000,1.98,115.78,-0.86,1.78
2025-08-13T03:55:50.000,1.2,38.02,0.95,0.74
2025-08-13T03:56:50.000,1.38,89.37,0.02,1.38
2025-08-13T03:57:50.000,1.51,116.63,-0.68,1.35
2025-08-13T03:58:50.000,1.72,76.29,0.41,1.67
2025-08-13T03:59:50.000,1.33,107.64,-0.4,1.27
2025-08-13T04:00:50.000,1.55,138.84,-1.16,1.02
2025-08-13T04:01:50.000,1.05,101.42,-0.21,1.03
2025-08-13T04:02:50.000,1.9,77.5,0.41,1.85
2025-08-13T04:03:50.000,2.36,77.81,0.5,2.3
2025-08-13T04:04:50.000,2.12,124.85,-1.21,1.74
2025-08-13T04:05:50.000,6.69,98.43,-0.98,6.62
2025-08-13T04:06:50.000,1.34,66.79,0.53,1.23
2025-08-13T04:07:50.000,1.03,71.1,0.33,0.97
2025-08-13T04:08:50.000,2.64,56.01,1.48,2.19
2025-08-13T04:09:50.000,0.87,83.02,0.11,0.86
2025-08-13T04:10:50.000,3.28,111.65,-1.21,3.05
2025-08-13T04:11:50.000,0.55,322.78,0.44,-0.34
2025-08-13T04:12:50.000,1.55,32.81,1.3,0.84
2025-08-13T04:13:50.000,1.87,71.02,0.61,1.77
2025-08-13T04:14:50.000,2.18,59.72,1.1,1.88
2025-08-13T04:15:50.000,2.45,21.9,2.28,0.91
2025-08-13T04:16:50.000,1.12,92.85,-0.06,1.12
2025-08-13T04:17:50.000,0.75,4.81,0.75,0.06
2025-08-13T04:18:50.000,2.78,67.57,1.06,2.57
2025-08-13T04:19:50.000,1.52,44.34,1.09,1.06
2025-08-13T04:20:50.000,0.78,206.98,-0.7,-0.36
2025-08-13T04:21:50.000,2.34,73.24,0.68,2.24
2025-08-13T04:22:50.000,1.96,65.45,0.81,1.78
2025-08-13T04:23:50.000,1.15,357.72,1.14,-0.05
2025-08-13T04:24:50.000,2.35,49.97,1.51,1.8
2025-08-13T04:25:50.000,3.32,83.38,0.38,3.3
2025-08-13T04:26:50.000,1.97,30.82,1.69,1.01
2025-08-13T04:27:50.000,3.62,62.31,1.68,3.21
2025-08-13T04:28:50.000,2.3,63.06,1.04,2.05
2025-08-13T04:29:50.000,0.95,78.31,0.19,0.93
2025-08-13T04:30:50.000,2.17,32.72,1.83,1.18
2025-08-13T04:31:50.000,3.23,42.6,2.38,2.19
2025-08-13T04:32:50.000,0.47,111.7,-0.18,0.44
2025-08-13T04:33:50.000,1.7,42.33,1.26,1.14
2025-08-13T04:34:50.000,1.78,63.03,0.81,1.59
2025-08-13T04:35:50.000,1.83,50.96,1.15,1.42
2025-08-13T04:36:50.000,1.5,74.28,0.41,1.45
2025-08-13T04:37:50.000,2.4,38.23,1.88,1.48
2025-08-13T04:38:50.000,2.56,45.55,1.79,1.83
2025-08-13T04:39:50.000,2.55,29.5,2.22,1.25
2025-08-13T04:40:50.000,4.3,42.73,3.15,2.91
2025-08-13T04:41:50.000,3.29,68.22,1.22,3.06
2025-08-13T04:42:50.000,2.94,77.6,0.63,2.87
2025-08-13T04:43:50.000,3.28,42.07,2.44,2.2
2025-08-13T04:44:50.000,2.12,95.2,-0.19,2.11
2025-08-13T04:45:50.000,2.17,29.88,1.88,1.08
2025-08-13T04:46:50.000,4.02,23.81,3.68,1.62
2025-08-13T04:47:50.000,1.99,63.15,0.9,1.77
2025-08-13T04:48:50.000,2.7,68.17,1.01,2.51
2025-08-13T04:49:50.000,1.4,56.36,0.78,1.17
2025-08-13T04:50:50.000,1.67,56.18,0.93,1.39
2025-08-13T04:51:50.000,2.44,15.68,2.35,0.66
2025-08-13T04:52:50.000,2.54,32.86,2.14,1.38
2025-08-13T04:53:50.000,1.56,33.86,1.29,0.87
2025-08-13T04:54:50.000,1.2,50.11,0.77,0.92
2025-08-13T04:55:50.000,1.48,120.94,-0.76,1.27
2025-08-13T04:56:50.000,0.94,26.92,0.83,0.42
2025-08-13T04:57:50.000,1.61,51.07,1.01,1.26
2025-08-13T04:58:50.000,2.25,33.49,1.87,1.24
2025-08-13T04:59:50.000,2.19,86.2,0.14,2.18
2025-08-13T05:00:50.000,1.85,28.47,1.63,0.88
2025-08-13T05:01:50.000,2.5,47.51,1.69,1.84
2025-08-13T05:02:50.000,3.48,7.5,3.45,0.45
2025-08-13T05:03:50.000,4.76,56.75,2.61,3.98
2025-08-13T05:04:50.000,2.33,39.44,1.8,1.48
2025-08-13T05:05:50.000,3.27,34.71,2.69,1.86
2025-08-13T05:06:50.000,5.32,35.37,4.34,3.08
2025-08-13T05:07:50.000,4.02,29.82,3.49,2
2025-08-13T05:08:50.000,5.1,40.72,3.86,3.33
2025-08-13T05:09:50.000,3.42,35.97,2.76,2.01
2025-08-13T05:10:50.000,3.28,39.34,2.53,2.08
2025-08-13T05:11:50.000,3.45,21.52,3.21,1.27
2025-08-13T05:12:50.000,1.88,31.08,1.61,0.97
2025-08-13T05:13:50.000,2.78,12,2.72,0.58
2025-08-13T05:14:50.000,2.84,25.7,2.56,1.23
2025-08-13T05:15:50.000,3.66,27.21,3.26,1.67
2025-08-13T05:16:50.000,2.86,26.96,2.55,1.3
2025-08-13T05:17:50.000,2.79,21.07,2.6,1
2025-08-13T05:18:50.000,3.1,32.37,2.62,1.66
2025-08-13T05:19:50.000,2.83,25.71,2.55,1.23
2025-08-13T05:20:50.000,3.15,22.42,2.91,1.2
2025-08-13T05:21:50.000,3.61,30.46,3.11,1.83
2025-08-13T05:22:50.000,3.36,27.04,2.99,1.53
2025-08-13T05:23:50.000,2.84,34.5,2.34,1.61
2025-08-13T05:24:50.000,2.49,28.17,2.2,1.18
2025-08-13T05:25:50.000,2.63,36.85,2.11,1.58
2025-08-13T05:26:50.000,4.1,38.65,3.2,2.56
2025-08-13T05:27:50.000,3.32,36.46,2.67,1.97
2025-08-13T05:28:50.000,3.96,29.53,3.45,1.95
2025-08-13T05:29:50.000,1.96,27.32,1.74,0.9
2025-08-13T05:30:50.000,2.12,22.27,1.96,0.8
2025-08-13T05:31:50.000,2.93,25.92,2.64,1.28
2025-08-13T05:32:50.000,4.38,28.39,3.85,2.08
2025-08-13T05:33:50.000,4.28,30.32,3.7,2.16
2025-08-13T05:34:50.000,4.02,31.16,3.44,2.08
2025-08-13T05:35:50.000,4.75,25.49,4.29,2.04
2025-08-13T05:36:50.000,4.23,30.52,3.64,2.15
2025-08-13T05:37:50.000,3.72,33.59,3.1,2.06
2025-08-13T05:38:50.000,2.96,34.59,2.44,1.68
2025-08-13T05:39:50.000,1.19,37.62,0.94,0.72
2025-08-13T05:40:50.000,2.31,23.35,2.12,0.92
2025-08-13T05:41:50.000,2.37,54.64,1.37,1.94
2025-08-13T05:42:50.000,3.12,47.72,2.1,2.31
2025-08-13T05:43:50.000,4.25,44.72,3.02,2.99
2025-08-13T05:44:50.000,3.54,29.49,3.08,1.74
2025-08-13T05:45:50.000,3.44,38.96,2.67,2.16
2025-08-13T05:46:50.000,2.59,19.3,2.44,0.86
2025-08-13T05:47:50.000,2.84,31.78,2.42,1.5
2025-08-13T05:48:50.000,2.13,32.33,1.8,1.14
2025-08-13T05:49:50.000,2.19,27.33,1.94,1
2025-08-13T05:50:50.000,2.77,35.89,2.24,1.62
2025-08-13T05:51:50.000,1.64,34.52,1.35,0.93
2025-08-13T05:52:50.000,2.82,31.31,2.41,1.46
2025-08-13T05:53:50.000,4.16,15.94,4,1.14
2025-08-13T05:54:50.000,2.34,33.24,1.96,1.28
2025-08-13T05:55:50.000,2.57,37.18,2.05,1.55
2025-08-13T05:56:50.000,2.71,32.29,2.29,1.45
2025-08-13T05:57:50.000,1.97,14.47,1.91,0.49
2025-08-13T05:58:50.000,2.52,20.99,2.36,0.9
2025-08-13T05:59:50.000,2.5,15.11,2.41,0.65
2025-08-13T06:00:50.000,2.57,30.01,2.22,1.28
2025-08-13T06:01:50.000,1.75,20.81,1.64,0.62
2025-08-13T06:02:50.000,2.92,33.66,2.43,1.62
2025-08-13T06:03:50.000,2.51,39.68,1.93,1.6
2025-08-13T06:04:50.000,2.26,29.77,1.96,1.12
2025-08-13T06:05:50.000,1.77,30.32,1.53,0.9
2025-08-13T06:06:50.000,1.89,18.39,1.79,0.6
2025-08-13T06:07:50.000,1.69,20.56,1.59,0.6
2025-08-13T06:08:50.000,1.89,27.99,1.67,0.89
2025-08-13T06:09:50.000,1.65,30.95,1.42,0.85
2025-08-13T06:10:50.000,2.6,15.87,2.5,0.71
2025-08-13T06:11:50.000,2.6,22.81,2.4,1.01
2025-08-13T06:12:50.000,1.47,20.75,1.37,0.52
2025-08-13T06:13:50.000,1.91,34.59,1.58,1.09
2025-08-13T06:14:50.000,2.39,21.38,2.23,0.87
2025-08-13T06:15:50.000,2.57,18.99,2.43,0.84
2025-08-13T06:16:50.000,2.94,11.08,2.89,0.57
2025-08-13T06:17:50.000,2.2,8.59,2.18,0.33
2025-08-13T06:18:50.000,2.47,4.1,2.47,0.18
2025-08-13T06:19:50.000,3.17,5.65,3.15,0.31
2025-08-13T06:20:50.000,4.4,1.16,4.4,0.09
2025-08-13T06:21:50.000,4.46,356.08,4.45,-0.31
2025-08-13T06:22:50.000,4.9,357.42,4.9,-0.22
2025-08-13T06:23:50.000,4.8,358.82,4.8,-0.1
2025-08-13T06:24:50.000,5.65,355.96,5.64,-0.4
2025-08-13T06:25:50.000,5.34,354.2,5.32,-0.54
2025-08-13T06:26:50.000,6.98,352.99,6.93,-0.85
2025-08-13T06:27:50.000,8.45,352.57,8.37,-1.09
2025-08-13T06:28:50.000,6.54,354.9,6.51,-0.58
2025-08-13T06:29:50.000,5.26,358.29,5.25,-0.16
2025-08-13T06:30:50.000,6.17,357.67,6.17,-0.25
2025-08-13T06:31:50.000,6.08,358.45,6.08,-0.16
2025-08-13T06:32:50.000,6.48,0.16,6.48,0.02
2025-08-13T06:33:50.000,6.59,359.88,6.59,-0.01
2025-08-13T06:34:50.000,5.53,1.72,5.53,0.17
2025-08-13T06:35:50.000,5.19,2.44,5.18,0.22
2025-08-13T06:36:50.000,5.59,354.12,5.56,-0.57
2025-08-13T06:37:50.000,5.15,359.66,5.15,-0.03
2025-08-13T06:38:50.000,4.57,355.92,4.56,-0.33
2025-08-13T06:39:50.000,4.93,359.08,4.93,-0.08
2025-08-13T06:40:50.000,4.5,355.09,4.48,-0.39
2025-08-13T06:41:50.000,5.58,356.1,5.56,-0.38
2025-08-13T06:42:50.000,4.64,351.2,4.59,-0.71
2025-08-13T06:43:50.000,5.57,350.9,5.5,-0.88
2025-08-13T06:44:50.000,5.66,356.55,5.65,-0.34
2025-08-13T06:45:50.000,4.81,351.65,4.76,-0.7
2025-08-13T06:46:50.000,3.44,2.72,3.44,0.16
2025-08-13T06:47:50.000,4.82,347.95,4.71,-1.01
2025-08-13T06:48:50.000,4.07,337.1,3.75,-1.58
2025-08-13T06:49:50.000,2.96,345.09,2.86,-0.76
2025-08-13T06:50:50.000,2.45,358.72,2.44,-0.05
2025-08-13T06:51:50.000,1.84,352.88,1.83,-0.23
2025-08-13T06:52:50.000,1.78,359.24,1.78,-0.02
2025-08-13T06:53:50.000,2.39,357.95,2.38,-0.09
2025-08-13T06:54:50.000,3.66,334.51,3.31,-1.58
2025-08-13T06:55:50.000,1.69,324.8,1.38,-0.97
2025-08-13T06:56:50.000,2.36,308.31,1.46,-1.85
2025-08-13T06:57:50.000,1.8,331.62,1.58,-0.85
2025-08-13T06:58:50.000,3.27,313.91,2.27,-2.36
2025-08-13T06:59:50.000,3.64,323.75,2.94,-2.15
2025-08-13T07:00:50.000,2.97,320.8,2.3,-1.88
2025-08-13T07:01:50.000,1.39,302.32,0.74,-1.17
2025-08-13T07:02:50.000,2.56,332.74,2.28,-1.17
2025-08-13T07:03:50.000,1.32,358.94,1.32,-0.02
2025-08-13T07:04:50.000,2.74,305.39,1.59,-2.24
2025-08-13T07:05:50.000,3.73,323.22,2.99,-2.23
2025-08-13T07:06:50.000,4.56,300.83,2.34,-3.92
2025-08-13T07:07:50.000,5.61,300.73,2.87,-4.82
2025-08-13T07:08:50.000,4.09,304.93,2.34,-3.35
2025-08-13T07:09:50.000,3.31,322.86,2.64,-2
2025-08-13T07:10:50.000,2.45,336.92,2.26,-0.96
2025-08-13T07:11:50.000,2.93,326.03,2.43,-1.64
2025-08-13T07:12:50.000,7.21,305.33,4.17,-5.88
2025-08-13T07:13:50.000,4.32,298.91,2.09,-3.78
2025-08-13T07:14:50.000,5.71,298.32,2.71,-5.02
2025-08-13T07:15:50.000,2.56,348.09,2.5,-0.53
2025-08-13T07:16:50.000,1.89,357.98,1.89,-0.07
2025-08-13T07:17:50.000,3.12,332.78,2.78,-1.43
2025-08-13T07:18:50.000,3.67,301.32,1.91,-3.14
2025-08-13T07:19:50.000,7.85,322.51,6.23,-4.78
2025-08-13T07:20:50.000,3.79,310.79,2.47,-2.87
2025-08-13T07:21:50.000,4.82,311.7,3.2,-3.6
2025-08-13T07:22:50.000,3.82,328.96,3.28,-1.97
2025-08-13T07:23:50.000,4.41,303.04,2.41,-3.7
2025-08-13T07:24:50.000,8.19,308.47,5.09,-6.41
2025-08-13T07:25:50.000,6.26,304.77,3.57,-5.14
2025-08-13T07:26:50.000,2.58,314.63,1.81,-1.84
2025-08-13T07:27:50.000,1.99,339.51,1.86,-0.7
2025-08-13T07:28:50.000,5.02,316.04,3.61,-3.48
2025-08-13T07:29:50.000,5.14,300.83,2.64,-4.42
2025-08-13T07:30:50.000,2.39,321.2,1.86,-1.5
2025-08-13T07:31:50.000,6.15,303.14,3.36,-5.15
2025-08-13T07:32:50.000,2.27,358.78,2.27,-0.05
2025-08-13T07:33:50.000,3.97,295.25,1.7,-3.59
2025-08-13T07:34:50.000,2.6,331.1,2.28,-1.26
2025-08-13T07:35:50.000,3.87,318.21,2.88,-2.58
2025-08-13T07:36:50.000,6.88,304.93,3.94,-5.64
2025-08-13T07:37:50.000,4.07,310.11,2.62,-3.11
2025-08-13T07:38:50.000,3.07,332.36,2.72,-1.42
2025-08-13T07:39:50.000,3.26,299.91,1.63,-2.83
2025-08-13T07:40:50.000,4.91,290.93,1.75,-4.58
2025-08-13T07:41:50.000,4.57,284.67,1.16,-4.42
2025-08-13T07:42:50.000,3.92,305.98,2.3,-3.17
2025-08-13T07:43:50.000,6.5,297.7,3.02,-5.75
2025-08-13T07:44:50.000,7.22,306.61,4.3,-5.79
2025-08-13T07:45:50.000,3.92,314.67,2.75,-2.79
2025-08-13T07:46:50.000,5.3,289.36,1.76,-5
2025-08-13T07:47:50.000,3.51,343.95,3.37,-0.97
2025-08-13T07:48:50.000,5.71,300.24,2.88,-4.93
2025-08-13T07:49:50.000,4.51,303.4,2.48,-3.76
2025-08-13T07:50:50.000,4.17,304,2.33,-3.46
2025-08-13T07:51:50.000,4.64,309.84,2.97,-3.57
2025-08-13T07:52:50.000,3.2,331.47,2.81,-1.53
2025-08-13T07:53:50.000,4.91,308.48,3.06,-3.85
2025-08-13T07:54:50.000,4,299.03,1.94,-3.5
2025-08-13T07:55:50.000,5.6,301.76,2.95,-4.77
2025-08-13T07:56:50.000,6.61,304.99,3.79,-5.41
2025-08-13T07:57:50.000,7.7,301.18,3.99,-6.59
2025-08-13T07:58:50.000,9.07,291.04,3.26,-8.46
2025-08-13T07:59:50.000,2.56,297.5,1.18,-2.27
2025-08-13T08:00:50.000,2.36,344.95,2.28,-0.61
2025-08-13T08:01:50.000,6.05,294.74,2.53,-5.5
2025-08-13T08:02:50.000,2.39,321.35,1.87,-1.49
2025-08-13T08:03:50.000,7.42,303.85,4.13,-6.16
2025-08-13T08:04:50.000,6.42,314.51,4.5,-4.58
2025-08-13T08:05:50.000,8.34,304.22,4.69,-6.9
2025-08-13T08:06:50.000,6.44,325.53,5.31,-3.64
2025-08-13T08:07:50.000,3.96,313.38,2.72,-2.88
2025-08-13T08:08:50.000,7.63,304.85,4.36,-6.26
2025-08-13T08:09:50.000,9.61,307.25,5.81,-7.65
2025-08-13T08:10:50.000,11.31,303.46,6.23,-9.43
2025-08-13T08:11:50.000,3.15,312.23,2.12,-2.34
2025-08-13T08:12:50.000,4.83,319.22,3.66,-3.15
2025-08-13T08:13:50.000,5.68,311.18,3.74,-4.27
2025-08-13T08:14:50.000,7.26,296.1,3.19,-6.52
2025-08-13T08:15:50.000,4.88,303.86,2.72,-4.05
2025-08-13T08:16:50.000,8,295.39,3.43,-7.23
2025-08-13T08:17:50.000,13.8,288.71,4.43,-13.07
2025-08-13T08:18:50.000,6.64,293.27,2.62,-6.1
2025-08-13T08:19:50.000,8.84,296.85,3.99,-7.88
2025-08-13T08:20:50.000,9.55,296.67,4.29,-8.54
2025-08-13T08:21:50.000,7.37,303.32,4.05,-6.16
2025-08-13T08:22:50.000,10.24,298.9,4.95,-8.96
2025-08-13T08:23:50.000,10.62,294.74,4.45,-9.65
2025-08-13T08:24:50.000,13.76,292.99,5.38,-12.67
2025-08-13T08:25:50.000,10.58,287.7,3.22,-10.08
2025-08-13T08:26:50.000,10.21,295.65,4.42,-9.2
2025-08-13T08:27:50.000,7.82,297.67,3.63,-6.93
2025-08-13T08:28:50.000,7.91,319.42,6.01,-5.15
2025-08-13T08:29:50.000,7.34,297.91,3.43,-6.48
2025-08-13T08:30:50.000,9.99,290.7,3.53,-9.34
2025-08-13T08:31:50.000,11.41,295.12,4.84,-10.33
2025-08-13T08:32:50.000,10.86,295.01,4.59,-9.84
2025-08-13T08:33:50.000,7.84,315.76,5.62,-5.47
2025-08-13T08:34:50.000,3.41,319.22,2.58,-2.22
2025-08-13T08:35:50.000,4.93,323.68,3.97,-2.92
2025-08-13T08:36:50.000,10.96,310.47,7.11,-8.33
2025-08-13T08:37:50.000,6.55,297.29,3.01,-5.82
2025-08-13T08:38:50.000,10.32,306.5,6.14,-8.29
2025-08-13T08:39:50.000,6.29,293.02,2.46,-5.79
2025-08-13T08:40:50.000,13.85,293.87,5.6,-12.66
2025-08-13T08:41:50.000,5.8,291.05,2.08,-5.41
2025-08-13T08:42:50.000,11.87,300.98,6.11,-10.18
2025-08-13T08:43:50.000,7.07,322.66,5.62,-4.29
2025-08-13T08:44:50.000,6.26,343.99,6.02,-1.73
2025-08-13T08:45:50.000,13.48,298.83,6.5,-11.81
2025-08-13T08:46:50.000,11.57,287.31,3.44,-11.05
2025-08-13T08:47:50.000,10.16,276.14,1.09,-10.1
2025-08-13T08:48:50.000,5.33,300.7,2.72,-4.58
2025-08-13T08:49:50.000,11.15,285.87,3.05,-10.73
2025-08-13T08:50:50.000,5.61,301.1,2.9,-4.81
2025-08-13T08:51:50.000,9.76,292.59,3.75,-9.01
2025-08-13T08:52:50.000,10.4,288.53,3.31,-9.86
2025-08-13T08:53:50.000,11.42,282.21,2.41,-11.16
2025-08-13T08:54:50.000,5.44,291.8,2.02,-5.05
2025-08-13T08:55:50.000,4.44,308.23,2.75,-3.49
2025-08-13T08:56:50.000,13.88,316.71,10.1,-9.52
2025-08-13T08:57:50.000,11.38,278.33,1.65,-11.26
2025-08-13T08:58:50.000,5.01,332.13,4.43,-2.34
2025-08-13T08:59:50.000,8.15,315.18,5.78,-5.74
2025-08-13T09:00:50.000,6.17,312.82,4.2,-4.53
2025-08-13T09:01:50.000,4.43,318.42,3.31,-2.94
2025-08-13T09:02:50.000,3.28,295.75,1.43,-2.96
2025-08-13T09:03:50.000,5.27,283.26,1.21,-5.13
2025-08-13T09:04:50.000,4.87,301.64,2.55,-4.14
2025-08-13T09:05:50.000,9.83,311.17,6.47,-7.4
2025-08-13T09:06:50.000,5.73,327.19,4.82,-3.11
2025-08-13T09:07:50.000,6.9,320.43,5.32,-4.4
2025-08-13T09:08:50.000,8.06,295.01,3.41,-7.3
2025-08-13T09:09:50.000,7.07,300.64,3.6,-6.09
2025-08-13T09:10:50.000,9.44,303.56,5.22,-7.87
2025-08-13T09:11:50.000,10.05,281.8,2.05,-9.84
2025-08-13T09:12:50.000,5.01,332.43,4.44,-2.32
2025-08-13T09:13:50.000,6.06,306.34,3.59,-4.88
2025-08-13T09:14:50.000,8.03,326.14,6.67,-4.48
2025-08-13T09:15:50.000,7.68,294.11,3.14,-7.01
2025-08-13T09:16:50.000,5.51,323.71,4.44,-3.26
2025-08-13T09:17:50.000,3.49,235.58,-1.97,-2.88
2025-08-13T09:18:50.000,2.77,286.21,0.77,-2.66
2025-08-13T09:19:50.000,8.28,280.74,1.54,-8.14
2025-08-13T09:20:50.000,11.15,288.81,3.59,-10.55
2025-08-13T09:21:50.000,9.4,287.7,2.86,-8.96
2025-08-13T09:22:50.000,9.58,302.08,5.09,-8.12
2025-08-13T09:23:50.000,4.5,328.3,3.83,-2.37
2025-08-13T09:24:50.000,3.39,260.21,-0.58,-3.34
2025-08-13T09:25:50.000,7.46,292.53,2.86,-6.89
2025-08-13T09:26:50.000,5.33,256.13,-1.28,-5.17
2025-08-13T09:27:50.000,9.25,293.87,3.74,-8.46
2025-08-13T09:28:50.000,7.72,307.7,4.72,-6.11
2025-08-13T09:29:50.000,6.16,284.62,1.55,-5.96
2025-08-13T09:30:50.000,2.88,345.61,2.79,-0.72
2025-08-13T09:31:50.000,2.1,282.49,0.45,-2.05
2025-08-13T09:32:50.000,5.13,289.22,1.69,-4.84
2025-08-13T09:33:50.000,3.68,310.44,2.39,-2.8
2025-08-13T09:34:50.000,4.23,282.27,0.9,-4.13
2025-08-13T09:35:50.000,3.62,290.31,1.26,-3.39
2025-08-13T09:36:50.000,7.18,280.43,1.3,-7.06
2025-08-13T09:37:50.000,4.17,302.28,2.23,-3.52
2025-08-13T09:38:50.000,2.18,294.39,0.9,-1.99
2025-08-13T09:39:50.000,4.85,266.96,-0.26,-4.85
2025-08-13T09:40:50.000,4.03,296.59,1.8,-3.6
2025-08-13T09:41:50.000,4.38,298.53,2.09,-3.85
2025-08-13T09:42:50.000,4.87,303.16,2.66,-4.08
2025-08-13T09:43:50.000,3.36,267.86,-0.13,-3.36
2025-08-13T09:44:50.000,4.25,305.69,2.48,-3.46
2025-08-13T09:45:50.000,1.61,293.98,0.65,-1.47
2025-08-13T09:46:50.000,2.06,277.36,0.26,-2.04
2025-08-13T09:47:50.000,5.43,298.1,2.56,-4.79
2025-08-13T09:48:50.000,2.12,294.16,0.87,-1.93
2025-08-13T09:49:50.000,2.47,313.06,1.69,-1.8
2025-08-13T09:50:50.000,3.03,316.97,2.22,-2.07
2025-08-13T09:51:50.000,2.65,315.54,1.89,-1.86
2025-08-13T09:52:50.000,4.32,276.57,0.49,-4.29
2025-08-13T09:53:50.000,4.65,299.35,2.28,-4.05
2025-08-13T09:54:50.000,6.99,282.55,1.52,-6.83
2025-08-13T09:55:50.000,3.71,303.03,2.02,-3.11
2025-08-13T09:56:50.000,2.03,295.83,0.89,-1.83
2025-08-13T09:57:50.000,2.91,271.98,0.1,-2.91
2025-08-13T09:58:50.000,4.15,297.21,1.9,-3.69
2025-08-13T09:59:50.000,1.76,296.29,0.78,-1.57
2025-08-13T10:00:50.000,2.62,270.01,0,-2.62
2025-08-13T10:01:50.000,1.37,306.25,0.81,-1.1
2025-08-13T10:02:50.000,2.35,297.3,1.08,-2.09
2025-08-13T10:03:50.000,4.64,295.69,2.01,-4.18
2025-08-13T10:04:50.000,4.44,322.78,3.53,-2.68
2025-08-13T10:05:50.000,1.3,266.79,-0.07,-1.3
2025-08-13T10:06:50.000,2.21,323.05,1.77,-1.33
2025-08-13T10:07:50.000,7.81,269.06,-0.13,-7.81
2025-08-13T10:08:50.000,4.15,285.51,1.11,-3.99
2025-08-13T10:09:50.000,7.78,293.03,3.04,-7.16
2025-08-13T10:10:50.000,5.2,299.75,2.58,-4.52
2025-08-13T10:11:50.000,4.67,292.66,1.8,-4.31
2025-08-13T10:12:50.000,3.17,277.38,0.41,-3.15
2025-08-13T10:13:50.000,14.82,290.97,5.3,-13.83
2025-08-13T10:14:50.000,7.04,300.89,3.62,-6.04
2025-08-13T10:15:50.000,2.53,327.45,2.14,-1.36
2025-08-13T10:16:50.000,9.27,275.5,0.89,-9.23
2025-08-13T10:17:50.000,4.96,307.44,3.02,-3.94
2025-08-13T10:18:50.000,4.41,329.21,3.79,-2.26
2025-08-13T10:19:50.000,4.31,310.48,2.8,-3.28
2025-08-13T10:20:50.000,7.39,292.49,2.83,-6.83
2025-08-13T10:21:50.000,5.87,304.67,3.34,-4.83
2025-08-13T10:22:50.000,5.29,305.02,3.04,-4.33
2025-08-13T10:23:50.000,7.12,316.95,5.21,-4.86
2025-08-13T10:24:50.000,7.68,316.14,5.54,-5.32
2025-08-13T10:25:50.000,6.86,313.85,4.75,-4.95
2025-08-13T10:26:50.000,5.47,303.87,3.05,-4.54
2025-08-13T10:27:50.000,6.39,322.09,5.04,-3.93
2025-08-13T10:28:50.000,8.49,317.25,6.24,-5.76
2025-08-13T10:29:50.000,7.76,297.74,3.61,-6.87
2025-08-13T10:30:50.000,2.8,313.16,1.92,-2.04
2025-08-13T10:31:50.000,9.4,316.38,6.8,-6.48
2025-08-13T10:32:50.000,9.24,317.37,6.8,-6.26
2025-08-13T10:33:50.000,5.45,311.92,3.64,-4.06
2025-08-13T10:34:50.000,7.77,307.93,4.77,-6.13
2025-08-13T10:35:50.000,10.32,297.49,4.76,-9.15
2025-08-13T10:36:50.000,8.67,293.13,3.41,-7.98
2025-08-13T10:37:50.000,4.38,309.27,2.77,-3.39
2025-08-13T10:38:50.000,4.42,337.59,4.09,-1.68
2025-08-13T10:39:50.000,10.53,314.8,7.42,-7.47
2025-08-13T10:40:50.000,7.93,309.24,5.02,-6.14
2025-08-13T10:41:50.000,3.36,320.13,2.58,-2.15
2025-08-13T10:42:50.000,7.04,306.94,4.23,-5.62
2025-08-13T10:43:50.000,11.95,298.92,5.78,-10.46
2025-08-13T10:44:50.000,6.22,293.3,2.46,-5.71
2025-08-13T10:45:50.000,4.75,331.24,4.17,-2.29
2025-08-13T10:46:50.000,13.35,284.16,3.27,-12.95
2025-08-13T10:47:50.000,5.56,305.83,3.26,-4.51
2025-08-13T10:48:50.000,10.33,294.79,4.33,-9.38
2025-08-13T10:49:50.000,9.29,293.18,3.65,-8.54
2025-08-13T10:50:50.000,4.78,316.23,3.45,-3.31
2025-08-13T10:51:50.000,6.19,295.38,2.65,-5.59
2025-08-13T10:52:50.000,7.69,299.41,3.78,-6.7
2025-08-13T10:53:50.000,5.96,297.02,2.71,-5.31
2025-08-13T10:54:50.000,6.47,315.72,4.63,-4.51
2025-08-13T10:55:50.000,9.43,307.75,5.77,-7.46
2025-08-13T10:56:50.000,3.91,318.78,2.94,-2.57
2025-08-13T10:57:50.000,9.6,310.37,6.22,-7.32
2025-08-13T10:58:50.000,10.14,285.56,2.72,-9.77
2025-08-13T10:59:50.000,11.25,299.56,5.55,-9.78
2025-08-13T11:00:50.000,7.61,307.08,4.59,-6.07
2025-08-13T11:01:50.000,4.37,347.45,4.26,-0.95
2025-08-13T11:02:50.000,4.12,336.15,3.77,-1.67
2025-08-13T11:03:50.000,6.34,313.73,4.38,-4.58
2025-08-13T11:04:50.000,3.93,325.46,3.24,-2.23
2025-08-13T11:05:50.000,4.06,312.01,2.72,-3.02
2025-08-13T11:06:50.000,2.18,352.36,2.16,-0.29
2025-08-13T11:07:50.000,2.14,328.07,1.82,-1.13
2025-08-13T11:08:50.000,2.41,356.38,2.4,-0.15
2025-08-13T11:09:50.000,3.71,326.46,3.09,-2.05
2025-08-13T11:10:50.000,3.04,296.63,1.36,-2.71
2025-08-13T11:11:50.000,2.89,287.58,0.87,-2.75
2025-08-13T11:12:50.000,0.88,289.1,0.29,-0.83
2025-08-13T11:13:50.000,2.46,292.33,0.94,-2.28
2025-08-13T11:14:50.000,0.77,98.66,-0.12,0.76
2025-08-13T11:15:50.000,0.48,64.17,0.21,0.43
2025-08-13T11:16:50.000,0.94,57.65,0.5,0.79
2025-08-13T11:17:50.000,0.87,301.6,0.46,-0.74
2025-08-13T11:18:50.000,1.44,341.61,1.36,-0.45
2025-08-13T11:19:50.000,0.86,227.41,-0.59,-0.64
2025-08-13T11:20:50.000,3.3,208.64,-2.9,-1.58
2025-08-13T11:21:50.000,3.95,274.46,0.31,-3.94
2025-08-13T11:22:50.000,1.52,236,-0.85,-1.26
2025-08-13T11:23:50.000,2.55,277.13,0.32,-2.53
2025-08-13T11:24:50.000,4.98,258.65,-0.98,-4.88
2025-08-13T11:25:50.000,2.49,317.46,1.83,-1.68
2025-08-13T11:26:50.000,1.13,6.33,1.13,0.13
2025-08-13T11:27:50.000,3.72,339.62,3.49,-1.3
2025-08-13T11:28:50.000,0.93,65.2,0.39,0.84
2025-08-13T11:29:50.000,2.97,353.51,2.95,-0.34
2025-08-13T11:30:50.000,1.55,343.71,1.49,-0.44
2025-08-13T11:31:50.000,0.59,30.91,0.51,0.3
2025-08-13T11:32:50.000,2.61,51.79,1.61,2.05
2025-08-13T11:33:50.000,3.29,59.66,1.66,2.84
2025-08-13T11:34:50.000,2.22,72.76,0.66,2.12
2025-08-13T11:35:50.000,1.35,106.57,-0.39,1.3
2025-08-13T11:36:50.000,2.26,115.76,-0.98,2.03
2025-08-13T11:37:50.000,2.39,130.14,-1.54,1.82
2025-08-13T11:38:50.000,3.08,118.51,-1.47,2.71
2025-08-13T11:39:50.000,4.02,143.64,-3.24,2.38
2025-08-13T11:40:50.000,3.82,134.26,-2.67,2.73
2025-08-13T11:41:50.000,3.38,148.7,-2.88,1.75
2025-08-13T11:42:50.000,2.16,167.36,-2.11,0.47
2025-08-13T11:43:50.000,2.58,163.23,-2.47,0.74
2025-08-13T11:44:50.000,0.99,122.1,-0.53,0.84
2025-08-13T11:45:50.000,2.58,155.28,-2.34,1.08
2025-08-13T11:46:50.000,2.69,145.13,-2.2,1.54
2025-08-13T11:47:50.000,1.94,131.07,-1.28,1.46
2025-08-13T11:48:50.000,5.16,136.15,-3.72,3.57
2025-08-13T11:49:50.000,3.84,151.13,-3.36,1.85
2025-08-13T11:50:50.000,3.74,147.42,-3.15,2.02
2025-08-13T11:51:50.000,1.27,68.68,0.46,1.19
2025-08-13T11:52:50.000,2.24,141.18,-1.74,1.4
2025-08-13T11:53:50.000,1.85,132.98,-1.26,1.35
2025-08-13T11:54:50.000,2.17,124.24,-1.22,1.79
2025-08-13T11:55:50.000,0.75,148.11,-0.64,0.4
2025-08-13T11:56:50.000,0.59,136.22,-0.42,0.41
2025-08-13T11:57:50.000,2.19,149.99,-1.9,1.1
2025-08-13T11:58:50.000,1.63,78.61,0.32,1.6
2025-08-13T11:59:50.000,0.95,127.45,-0.58,0.76
2025-08-13T12:00:50.000,2.26,77.7,0.48,2.21
2025-08-13T12:01:50.000,1.6,112.73,-0.62,1.48
2025-08-13T12:02:50.000,4.34,125.98,-2.55,3.52
2025-08-13T12:03:50.000,1.19,91.98,-0.04,1.18
2025-08-13T12:04:50.000,1.42,52.15,0.87,1.12
2025-08-13T12:05:50.000,1.78,107.04,-0.52,1.7
2025-08-13T12:06:50.000,1.1,41.34,0.82,0.72
2025-08-13T12:07:50.000,1.55,96.85,-0.19,1.54
2025-08-13T12:08:50.000,0.86,24.79,0.78,0.36
2025-08-13T12:09:50.000,1.68,74.71,0.44,1.62
2025-08-13T12:10:50.000,1.41,140.23,-1.08,0.9
2025-08-13T12:11:50.000,2.32,136.31,-1.68,1.6
2025-08-13T12:12:50.000,2.3,114.88,-0.97,2.09
2025-08-13T12:13:50.000,1.89,98.39,-0.28,1.87
2025-08-13T12:14:50.000,1.63,102.15,-0.34,1.59
2025-08-13T12:15:50.000,0.94,43.63,0.68,0.65
2025-08-13T12:16:50.000,1.31,98.64,-0.2,1.29
2025-08-13T12:17:50.000,0.95,111.44,-0.35,0.89
2025-08-13T12:18:50.000,2.4,41.69,1.79,1.59
2025-08-13T12:19:50.000,1.68,75.64,0.42,1.63
2025-08-13T12:20:50.000,0.91,85.51,0.07,0.91
2025-08-13T12:21:50.000,1.66,85.14,0.14,1.66
2025-08-13T12:22:50.000,1.87,42.69,1.38,1.27
2025-08-13T12:23:50.000,0.98,58.46,0.51,0.83
2025-08-13T12:24:50.000,1.24,62.52,0.57,1.1
2025-08-13T12:25:50.000,1.08,52.58,0.65,0.85
2025-08-13T12:26:50.000,1.1,57.42,0.59,0.92
2025-08-13T12:27:50.000,1.2,51,0.75,0.93
2025-08-13T12:28:50.000,2.11,54.8,1.21,1.72
2025-08-13T12:29:50.000,1.26,46.08,0.87,0.91
2025-08-13T12:30:50.000,1.45,98.97,-0.23,1.43
2025-08-13T12:31:50.000,0.76,85.18,0.06,0.76
2025-08-13T12:32:50.000,1.89,39.94,1.45,1.21
2025-08-13T12:33:50.000,1.28,77.33,0.28,1.25
2025-08-13T12:34:50.000,1.57,102.34,-0.33,1.53
2025-08-13T12:35:50.000,0.62,175.71,-0.62,0.05
2025-08-13T12:36:50.000,2.03,42.98,1.49,1.38
2025-08-13T12:37:50.000,1.3,67.62,0.49,1.2
2025-08-13T12:38:50.000,2.27,118.32,-1.08,2
2025-08-13T12:39:50.000,1.53,63.93,0.67,1.38
2025-08-13T12:40:50.000,1.26,35.21,1.03,0.73
2025-08-13T12:41:50.000,1.79,94.59,-0.14,1.78
2025-08-13T12:42:50.000,2.04,54.49,1.19,1.66
2025-08-13T12:43:50.000,0.63,44.77,0.44,0.44
2025-08-13T12:44:50.000,0.71,94.12,-0.05,0.71
2025-08-13T12:45:50.000,1.33,54.94,0.77,1.09
2025-08-13T12:46:50.000,1.63,101.78,-0.33,1.6
2025-08-13T12:47:50.000,1.58,112.37,-0.6,1.46
2025-08-13T12:48:50.000,1,64.29,0.43,0.9
2025-08-13T12:49:50.000,2.19,109.32,-0.72,2.07
2025-08-13T12:50:50.000,1,97.57,-0.13,0.99
2025-08-13T12:51:50.000,1.15,119,-0.56,1.01
2025-08-13T12:52:50.000,0.97,68.89,0.35,0.91
2025-08-13T12:53:50.000,0.91,40.22,0.69,0.59
2025-08-13T12:54:50.000,1.1,109.63,-0.37,1.03
2025-08-13T12:55:50.000,1.05,89.87,0,1.05
2025-08-13T12:56:50.000,0.93,67.41,0.36,0.86
2025-08-13T12:57:50.000,0.55,65.25,0.23,0.5
2025-08-13T12:58:50.000,1.24,45.66,0.87,0.89
2025-08-13T12:59:50.000,1.02,41.5,0.76,0.68
2025-08-13T13:00:50.000,1.05,33.98,0.87,0.59
2025-08-13T13:01:50.000,1.03,42.01,0.77,0.69
2025-08-13T13:02:50.000,1.39,55.37,0.79,1.15
2025-08-13T13:03:50.000,0.57,56.71,0.31,0.48
2025-08-13T13:04:50.000,0.66,156.5,-0.61,0.26
2025-08-13T13:05:50.000,0.41,44.61,0.29,0.29
2025-08-13T13:06:50.000,0.69,349.95,0.68,-0.12
2025-08-13T13:07:50.000,0.48,317.2,0.35,-0.33
2025-08-13T13:08:50.000,0.39,296.48,0.17,-0.35
2025-08-13T13:09:50.000,1.14,255.35,-0.29,-1.1
2025-08-13T13:10:50.000,1.48,289.39,0.49,-1.4
2025-08-13T13:11:50.000,2.17,341.89,2.06,-0.67
2025-08-13T13:12:50.000,0.56,15.97,0.54,0.15
2025-08-13T13:13:50.000,1.58,270.54,0.01,-1.58
2025-08-13T13:14:50.000,0.49,295.87,0.21,-0.44
2025-08-13T13:15:50.000,0.66,10.05,0.65,0.12
2025-08-13T13:16:50.000,0.79,292.42,0.3,-0.73
2025-08-13T13:17:50.000,1.4,318.08,1.04,-0.93
2025-08-13T13:18:50.000,1.87,345.23,1.81,-0.48
2025-08-13T13:19:50.000,1.96,311.43,1.3,-1.47
2025-08-13T13:20:50.000,3.21,315.09,2.27,-2.27
2025-08-13T13:21:50.000,4.21,309.34,2.67,-3.26
2025-08-13T13:22:50.000,3.38,301.14,1.75,-2.89
2025-08-13T13:23:50.000,1.6,340.11,1.51,-0.55
2025-08-13T13:24:50.000,4.02,293.44,1.6,-3.69
2025-08-13T13:25:50.000,2.87,333.33,2.56,-1.29
2025-08-13T13:26:50.000,1.81,305.87,1.06,-1.47
2025-08-13T13:27:50.000,2.78,295.74,1.21,-2.5
2025-08-13T13:28:50.000,2.63,300.15,1.32,-2.28
2025-08-13T13:29:50.000,3.2,335.38,2.91,-1.33
2025-08-13T13:30:50.000,3.35,325.27,2.75,-1.91
2025-08-13T13:31:50.000,4.04,300.7,2.06,-3.47
2025-08-13T13:32:50.000,1.16,327.73,0.98,-0.62
2025-08-13T13:33:50.000,2.96,337.08,2.72,-1.15
2025-08-13T13:34:50.000,5.54,304.12,3.11,-4.58
2025-08-13T13:35:50.000,4.6,305.02,2.64,-3.77
2025-08-13T13:36:50.000,1.33,323.9,1.08,-0.78
2025-08-13T13:37:50.000,3.62,299.39,1.78,-3.15
2025-08-13T13:38:50.000,1.72,351.71,1.7,-0.25
2025-08-13T13:39:50.000,5.27,312.2,3.54,-3.9
2025-08-13T13:40:50.000,1.87,315.08,1.32,-1.32
2025-08-13T13:41:50.000,6.79,277.8,0.92,-6.72
2025-08-13T13:42:50.000,3.61,334.44,3.26,-1.56
2025-08-13T13:43:50.000,6.05,324.59,4.93,-3.5
2025-08-13T13:44:50.000,1.41,288.29,0.44,-1.34
2025-08-13T13:45:50.000,1.24,2.49,1.24,0.05
2025-08-13T13:46:50.000,1.01,347.58,0.99,-0.22
2025-08-13T13:47:50.000,4.7,289.28,1.55,-4.43
2025-08-13T13:48:50.000,1.98,337.74,1.83,-0.75
2025-08-13T13:49:50.000,2.65,312.48,1.79,-1.96
2025-08-13T13:50:50.000,0.69,308.59,0.43,-0.54
2025-08-13T13:51:50.000,5.72,312.7,3.88,-4.2
2025-08-13T13:52:50.000,6.35,294.47,2.63,-5.78
2025-08-13T13:53:50.000,5.17,295.84,2.26,-4.66
2025-08-13T13:54:50.000,4.54,296.09,2,-4.07
2025-08-13T13:55:50.000,6.43,298.83,3.1,-5.64
2025-08-13T13:56:50.000,3.72,252.39,-1.12,-3.54
2025-08-13T13:57:50.000,4.68,302.74,2.53,-3.94
2025-08-13T13:58:50.000,6.3,315.54,4.5,-4.41
2025-08-13T13:59:50.000,3.24,309.02,2.04,-2.52
2025-08-13T14:00:50.000,6.49,302.14,3.45,-5.5
2025-08-13T14:01:50.000,3.71,302.66,2,-3.12
2025-08-13T14:02:50.000,3.57,299.74,1.77,-3.1
2025-08-13T14:03:50.000,3.21,299.82,1.59,-2.78
2025-08-13T14:04:50.000,0.84,279.81,0.14,-0.83
2025-08-13T14:05:50.000,4.28,305.61,2.49,-3.48
2025-08-13T14:06:50.000,5.34,293.31,2.11,-4.9
2025-08-13T14:07:50.000,3.73,284.34,0.92,-3.61
2025-08-13T14:08:50.000,4.33,303.48,2.39,-3.61
2025-08-13T14:09:50.000,2.89,219.41,-2.23,-1.83
2025-08-13T14:10:50.000,1.81,303.74,1,-1.5
2025-08-13T14:11:50.000,6.25,309.15,3.95,-4.85
2025-08-13T14:12:50.000,6.23,281.15,1.2,-6.11
2025-08-13T14:13:50.000,6.47,285,1.67,-6.25
2025-08-13T14:14:50.000,2.12,291.86,0.79,-1.96
2025-08-13T14:15:50.000,1.89,291.69,0.7,-1.76
2025-08-13T14:16:50.000,4.64,315.14,3.29,-3.27
2025-08-13T14:17:50.000,2.38,314.33,1.66,-1.7
2025-08-13T14:18:50.000,3.95,288.06,1.22,-3.75
2025-08-13T14:19:50.000,0.84,339.74,0.79,-0.29
2025-08-13T14:20:50.000,1.21,5.9,1.2,0.12
2025-08-13T14:21:50.000,1.5,356.79,1.5,-0.08
2025-08-13T14:22:50.000,2.36,334.32,2.13,-1.02
2025-08-13T14:23:50.000,1.31,328.87,1.12,-0.68
2025-08-13T14:24:50.000,1.13,277.31,0.14,-1.12
2025-08-13T14:25:50.000,1.02,334.14,0.91,-0.44
2025-08-13T14:26:50.000,4.06,254.95,-1.05,-3.92
2025-08-13T14:27:50.000,0.89,272.74,0.04,-0.89
2025-08-13T14:28:50.000,1.4,23.61,1.29,0.56
2025-08-13T14:29:50.000,1.53,77.73,0.32,1.49
2025-08-13T14:30:50.000,2.28,2.2,2.28,0.09
2025-08-13T14:31:50.000,2.18,249.41,-0.77,-2.04
2025-08-13T14:32:50.000,2.41,272.14,0.09,-2.41
2025-08-13T14:33:50.000,1.88,297.52,0.87,-1.67
2025-08-13T14:34:50.000,2.15,272.04,0.08,-2.15
2025-08-13T14:35:50.000,0.9,46.29,0.62,0.65
2025-08-13T14:36:50.000,1.17,298.29,0.55,-1.03
2025-08-13T14:37:50.000,4.56,290.13,1.57,-4.29
2025-08-13T14:38:50.000,2.78,318.8,2.09,-1.83
2025-08-13T14:39:50.000,2.02,324.06,1.64,-1.19
2025-08-13T14:40:50.000,2.71,330.45,2.36,-1.34
2025-08-13T14:41:50.000,7.18,282.85,1.6,-7
2025-08-13T14:42:50.000,5.13,293.49,2.05,-4.71
2025-08-13T14:43:50.000,4.17,281.42,0.83,-4.09
2025-08-13T14:44:50.000,4.55,321.49,3.56,-2.83
2025-08-13T14:45:50.000,4,299.15,1.95,-3.5
2025-08-13T14:46:50.000,6,301.26,3.11,-5.13
2025-08-13T14:47:50.000,4.23,333.75,3.79,-1.87
2025-08-13T14:48:50.000,1.37,338.91,1.28,-0.49
2025-08-13T14:49:50.000,8.5,288.93,2.76,-8.04
2025-08-13T14:50:50.000,8.51,302.94,4.63,-7.15
2025-08-13T14:51:50.000,3,295.51,1.29,-2.7
2025-08-13T14:52:50.000,6.17,245.43,-2.57,-5.61
2025-08-13T14:53:50.000,4.04,302.36,2.16,-3.42
2025-08-13T14:54:50.000,2.95,313.06,2.01,-2.15
2025-08-13T14:55:50.000,2.02,330.31,1.75,-1
2025-08-13T14:56:50.000,2.33,332.18,2.06,-1.09
2025-08-13T14:57:50.000,1.83,354.72,1.82,-0.17
2025-08-13T14:58:50.000,1.78,9.62,1.76,0.3
2025-08-13T14:59:50.000,1.95,313.44,1.34,-1.41
2025-08-13T15:00:50.000,2.89,310.89,1.89,-2.18
2025-08-13T15:01:50.000,0.82,269.17,-0.01,-0.82
2025-08-13T15:02:50.000,0.26,227.91,-0.17,-0.19
2025-08-13T15:03:50.000,0.32,176.88,-0.32,0.02
2025-08-13T15:04:50.000,3.12,213.91,-2.59,-1.74
2025-08-13T15:05:50.000,0.22,2.29,0.22,0.01
2025-08-13T15:06:50.000,0.79,111.51,-0.29,0.73
2025-08-13T15:07:50.000,1.27,79.35,0.23,1.25
2025-08-13T15:08:50.000,1.26,169.17,-1.24,0.24
2025-08-13T15:09:50.000,2.11,157.6,-1.95,0.8
2025-08-13T15:10:50.000,1.17,139.04,-0.88,0.77
2025-08-13T15:11:50.000,2.3,159.78,-2.15,0.79
2025-08-13T15:12:50.000,0.77,144.27,-0.63,0.45
2025-08-13T15:13:50.000,1.45,121.58,-0.76,1.24
2025-08-13T15:14:50.000,1.42,93.69,-0.09,1.41
2025-08-13T15:15:50.000,1.1,94.59,-0.09,1.09
2025-08-13T15:16:50.000,1.04,138.16,-0.78,0.69
2025-08-13T15:17:50.000,0.61,124.81,-0.35,0.5
2025-08-13T15:18:50.000,1.29,140.02,-0.99,0.83
2025-08-13T15:19:50.000,1.82,127.21,-1.1,1.45
2025-08-13T15:20:50.000,1.49,129.7,-0.95,1.14
2025-08-13T15:21:50.000,1.6,149.72,-1.38,0.8
2025-08-13T15:22:50.000,1.42,133.88,-0.99,1.03
2025-08-13T15:23:50.000,1.09,163.63,-1.05,0.31
2025-08-13T15:24:50.000,0.6,44.43,0.43,0.42
2025-08-13T15:25:50.000,0.55,134.93,-0.39,0.39
2025-08-13T15:26:50.000,1.26,84.56,0.12,1.25
2025-08-13T15:27:50.000,0.87,95,-0.08,0.87
2025-08-13T15:28:50.000,0.97,101.3,-0.19,0.95
2025-08-13T15:29:50.000,1.07,78.67,0.21,1.05
2025-08-13T15:30:50.000,1.19,106.08,-0.33,1.14
2025-08-13T15:31:50.000,1.26,105.8,-0.34,1.22
2025-08-13T15:32:50.000,0.85,80.29,0.14,0.83
2025-08-13T15:33:50.000,1.39,91.27,-0.03,1.39
2025-08-13T15:34:50.000,0.66,40.94,0.5,0.44
2025-08-13T15:35:50.000,0.38,84.2,0.04,0.38
2025-08-13T15:36:50.000,0.52,51.84,0.32,0.41
2025-08-13T15:37:50.000,0.42,315.65,0.3,-0.29
2025-08-13T15:38:50.000,1.15,8.66,1.14,0.17
2025-08-13T15:39:50.000,1.04,38.96,0.81,0.65
2025-08-13T15:40:50.000,1.3,32.64,1.09,0.7
2025-08-13T15:41:50.000,0.81,82.06,0.11,0.8
2025-08-13T15:42:50.000,1.12,82.18,0.15,1.11
2025-08-13T15:43:50.000,0.98,15.89,0.94,0.27
2025-08-13T15:44:50.000,0.92,59.34,0.47,0.79
2025-08-13T15:45:50.000,0.91,50.63,0.58,0.71
2025-08-13T15:46:50.000,1.31,58.26,0.69,1.11
2025-08-13T15:47:50.000,0.81,142.02,-0.64,0.5
2025-08-13T15:48:50.000,1.29,82.82,0.16,1.28
2025-08-13T15:49:50.000,1.49,70.55,0.5,1.4
2025-08-13T15:50:50.000,1.46,77.99,0.3,1.42
2025-08-13T15:51:50.000,2.23,40.78,1.69,1.46
2025-08-13T15:52:50.000,0.46,21.02,0.43,0.17
2025-08-13T15:53:50.000,0.8,7.36,0.79,0.1
2025-08-13T15:54:50.000,1.23,15.02,1.19,0.32
2025-08-13T15:55:50.000,0.98,17.23,0.93,0.29
2025-08-13T15:56:50.000,1.74,29.68,1.52,0.86
2025-08-13T15:57:50.000,0.9,30.28,0.77,0.45
2025-08-13T15:58:50.000,0.76,45.69,0.53,0.55
2025-08-13T15:59:50.000,0.7,18.45,0.66,0.22
2025-08-13T16:00:50.000,0.96,60.37,0.47,0.83
2025-08-13T16:01:50.000,1.9,47.82,1.28,1.41
2025-08-13T16:02:50.000,0.54,86.96,0.03,0.54
2025-08-13T16:03:50.000,1.44,96.26,-0.16,1.43
2025-08-13T16:04:50.000,0.97,78.14,0.2,0.95
2025-08-13T16:05:50.000,1.39,85.44,0.11,1.38
2025-08-13T16:06:50.000,1.38,50.11,0.89,1.06
2025-08-13T16:07:50.000,0.58,58.64,0.3,0.5
2025-08-13T16:08:50.000,1.35,84.46,0.13,1.35
2025-08-13T16:09:50.000,2.01,66.3,0.81,1.84
2025-08-13T16:10:50.000,0.48,44.94,0.34,0.34
2025-08-13T16:11:50.000,1.16,68,0.43,1.08
2025-08-13T16:12:50.000,1.02,37.71,0.81,0.62
2025-08-13T16:13:50.000,1.2,4.16,1.19,0.09
2025-08-13T16:14:50.000,0.87,30.35,0.75,0.44
2025-08-13T16:15:50.000,1.09,69.18,0.39,1.02
2025-08-13T16:16:50.000,0.53,54.88,0.31,0.43
2025-08-13T16:17:50.000,0.75,57.41,0.41,0.64
2025-08-13T16:18:50.000,0.95,28.39,0.83,0.45
2025-08-13T16:19:50.000,1.1,19.29,1.04,0.36
2025-08-13T16:20:50.000,1.24,141.94,-0.98,0.76
2025-08-13T16:21:50.000,1.91,31.54,1.62,1
2025-08-13T16:22:50.000,1.28,49.97,0.82,0.98
2025-08-13T16:23:50.000,1.69,19.58,1.6,0.57
2025-08-13T16:24:50.000,1.41,57.68,0.75,1.19
2025-08-13T16:25:50.000,1.55,57.91,0.82,1.31
2025-08-13T16:26:50.000,1.9,57.45,1.02,1.6
2025-08-13T16:27:50.000,1.32,44.85,0.93,0.93
2025-08-13T16:28:50.000,0.6,115.09,-0.26,0.55
2025-08-13T16:29:50.000,1.05,24.11,0.96,0.43
2025-08-13T16:30:50.000,1.58,96.49,-0.18,1.57
2025-08-13T16:31:50.000,1.19,44.81,0.85,0.84
2025-08-13T16:32:50.000,3.67,116.32,-1.63,3.29
2025-08-13T16:33:50.000,2.05,44.25,1.47,1.43
2025-08-13T16:34:50.000,0.41,79.84,0.07,0.4
2025-08-13T16:35:50.000,1.07,76.49,0.25,1.04
2025-08-13T16:36:50.000,1.01,78.22,0.21,0.99
2025-08-13T16:37:50.000,1.05,77.74,0.22,1.03
2025-08-13T16:38:50.000,3.49,134.13,-2.43,2.51
2025-08-13T16:39:50.000,6.15,142.06,-4.85,3.78
2025-08-13T16:40:50.000,5.08,136.82,-3.71,3.48
2025-08-13T16:41:50.000,2.39,115.93,-1.05,2.15
2025-08-13T16:42:50.000,1.24,124.19,-0.7,1.03
2025-08-13T16:43:50.000,3.06,124.08,-1.71,2.53
2025-08-13T16:44:50.000,1.66,70.79,0.55,1.57
2025-08-13T16:45:50.000,1.05,74.87,0.27,1.01
2025-08-13T16:46:50.000,0.73,89.81,0,0.73
2025-08-13T16:47:50.000,0.78,77,0.18,0.76
2025-08-13T16:48:50.000,0.62,23.96,0.56,0.25
2025-08-13T16:49:50.000,2.05,122.8,-1.11,1.72
2025-08-13T16:50:50.000,0.93,94.75,-0.08,0.92
2025-08-13T16:51:50.000,2.42,109.63,-0.81,2.28
2025-08-13T16:52:50.000,1.39,50.31,0.89,1.07
2025-08-13T16:53:50.000,1.41,69.72,0.49,1.32
2025-08-13T16:54:50.000,1.61,47.95,1.08,1.2
2025-08-13T16:55:50.000,0.65,111.84,-0.24,0.6
2025-08-13T16:56:50.000,0.5,65.67,0.21,0.46
2025-08-13T16:57:50.000,0.96,63.58,0.43,0.86
2025-08-13T16:58:50.000,1.56,110.23,-0.54,1.46
2025-08-13T16:59:50.000,1.72,85.62,0.13,1.71
2025-08-13T17:00:50.000,2.11,128.72,-1.32,1.65
2025-08-13T17:01:50.000,3.01,97.1,-0.37,2.99
2025-08-13T17:02:50.000,0.8,116.25,-0.35,0.72
2025-08-13T17:03:50.000,1.19,77.75,0.25,1.17
2025-08-13T17:04:50.000,1.26,87.15,0.06,1.26
2025-08-13T17:05:50.000,2.1,57.2,1.14,1.77
2025-08-13T17:06:50.000,2.86,25.22,2.58,1.22
2025-08-13T17:07:50.000,3.59,14.44,3.48,0.9
2025-08-13T17:08:50.000,3.19,18.17,3.03,0.99
2025-08-13T17:09:50.000,3.06,28.46,2.69,1.46
2025-08-13T17:10:50.000,3.39,51.39,2.11,2.65
2025-08-13T17:11:50.000,2.78,19.8,2.61,0.94
2025-08-13T17:12:50.000,2.68,353.6,2.67,-0.3
2025-08-13T17:13:50.000,2.8,28.69,2.45,1.34
2025-08-13T17:14:50.000,2.31,24.03,2.11,0.94
2025-08-13T17:15:50.000,2.45,18.66,2.32,0.78
2025-08-13T17:16:50.000,2.36,35.53,1.92,1.37
2025-08-13T17:17:50.000,3.39,23.2,3.12,1.34
2025-08-13T17:18:50.000,2.72,29.01,2.38,1.32
2025-08-13T17:19:50.000,0.79,92.83,-0.04,0.79
2025-08-13T17:20:50.000,1.17,85,0.1,1.17
2025-08-13T17:21:50.000,1.69,38.82,1.32,1.06
2025-08-13T17:22:50.000,0.89,82.47,0.12,0.88
2025-08-13T17:23:50.000,1.78,24.72,1.62,0.75
2025-08-13T17:24:50.000,1.37,62.7,0.63,1.22
2025-08-13T17:25:50.000,1.4,53.58,0.83,1.13
2025-08-13T17:26:50.000,1.31,49.39,0.86,1
2025-08-13T17:27:50.000,1.75,37.9,1.38,1.08
2025-08-13T17:28:50.000,0.88,41,0.66,0.57
2025-08-13T17:29:50.000,1.57,5.35,1.56,0.15
2025-08-13T17:30:50.000,1.41,45.98,0.98,1.02
2025-08-13T17:31:50.000,0.9,70.82,0.3,0.85
2025-08-13T17:32:50.000,2.12,36.64,1.7,1.26
2025-08-13T17:33:50.000,0.84,45.62,0.58,0.6
2025-08-13T17:34:50.000,0.64,66.46,0.26,0.59
2025-08-13T17:35:50.000,1.68,37.17,1.34,1.02
2025-08-13T17:36:50.000,0.94,29.52,0.82,0.47
2025-08-13T17:37:50.000,0.98,62.23,0.46,0.87
2025-08-13T17:38:50.000,0.86,44.2,0.62,0.6
2025-08-13T17:39:50.000,0.89,94.72,-0.07,0.89
2025-08-13T17:40:50.000,1.74,93.21,-0.1,1.74
2025-08-13T17:41:50.000,1.15,31.88,0.97,0.61
2025-08-13T17:42:50.000,0.85,56.37,0.47,0.71
2025-08-13T17:43:50.000,0.93,89.15,0.01,0.93
2025-08-13T17:44:50.000,1.33,73.92,0.37,1.28
2025-08-13T17:45:50.000,0.8,92.18,-0.03,0.8
2025-08-13T17:46:50.000,1.69,69.75,0.59,1.59
2025-08-13T17:47:50.000,1.58,45.15,1.11,1.12
2025-08-13T17:48:50.000,0.75,66.54,0.3,0.69
2025-08-13T17:49:50.000,1.69,90.23,-0.01,1.69
2025-08-13T17:50:50.000,1.43,23.26,1.32,0.57
2025-08-13T17:51:50.000,1.54,86.18,0.1,1.53
2025-08-13T17:52:50.000,1.61,77,0.36,1.57
2025-08-13T17:53:50.000,1.46,82.46,0.19,1.45
2025-08-13T17:54:50.000,1.47,73.3,0.42,1.41
2025-08-13T17:55:50.000,1.98,32.02,1.68,1.05
2025-08-13T17:56:50.000,1.49,26.77,1.33,0.67
2025-08-13T17:57:50.000,1.39,78.57,0.28,1.36
2025-08-13T17:58:50.000,0.53,71.91,0.16,0.5
2025-08-13T17:59:50.000,1.1,72.79,0.32,1.05
2025-08-13T18:00:50.000,0.57,73.15,0.17,0.55
2025-08-13T18:01:50.000,0.55,64.24,0.24,0.49
2025-08-13T18:02:50.000,1.24,95.47,-0.12,1.23
2025-08-13T18:03:50.000,0.57,74.34,0.15,0.55
2025-08-13T18:04:50.000,1.29,30.35,1.11,0.65
2025-08-13T18:05:50.000,0.94,90.1,0,0.94
2025-08-13T18:06:50.000,1.39,43.28,1.01,0.96
2025-08-13T18:07:50.000,1.04,113.02,-0.41,0.96
2025-08-13T18:08:50.000,0.9,92.81,-0.04,0.9
2025-08-13T18:09:50.000,0.66,84.95,0.06,0.65
2025-08-13T18:10:50.000,0.9,49.06,0.59,0.68
2025-08-13T18:11:50.000,0.92,81.62,0.13,0.91
2025-08-13T18:12:50.000,1.28,30.79,1.1,0.65
2025-08-13T18:13:50.000,1.44,48.59,0.95,1.08
2025-08-13T18:14:50.000,1.08,61.47,0.52,0.95
2025-08-13T18:15:50.000,1.07,14.11,1.03,0.26
2025-08-13T18:16:50.000,0.34,323.06,0.27,-0.2
2025-08-13T18:17:50.000,1.04,51.51,0.65,0.82
2025-08-13T18:18:50.000,0.87,36.75,0.69,0.52
2025-08-13T18:19:50.000,1.32,22.57,1.21,0.5
2025-08-13T18:20:50.000,1.66,13.71,1.61,0.39
2025-08-13T18:21:50.000,1.41,62.23,0.66,1.25
2025-08-13T18:22:50.000,0.97,43.91,0.7,0.67
2025-08-13T18:23:50.000,1.93,22.86,1.78,0.75
2025-08-13T18:24:50.000,1.39,11.13,1.36,0.27
2025-08-13T18:25:50.000,0.88,33.51,0.73,0.48
2025-08-13T18:26:50.000,1.88,21.46,1.75,0.69
2025-08-13T18:27:50.000,2.48,16.02,2.39,0.69
2025-08-13T18:28:50.000,3.95,3.27,3.94,0.22
2025-08-13T18:29:50.000,4.34,4.02,4.33,0.3
2025-08-13T18:30:50.000,3.39,349.25,3.33,-0.63
2025-08-13T18:31:50.000,1.96,11.71,1.92,0.4
2025-08-13T18:32:50.000,1.39,8.5,1.38,0.21
2025-08-13T18:33:50.000,1.37,30.95,1.17,0.7
2025-08-13T18:34:50.000,1.11,24.6,1.01,0.46
2025-08-13T18:35:50.000,1.18,10.01,1.16,0.2
2025-08-13T18:36:50.000,2.28,356.87,2.28,-0.12
2025-08-13T18:37:50.000,1.67,8.35,1.65,0.24
2025-08-13T18:38:50.000,1.93,13.76,1.87,0.46
2025-08-13T18:39:50.000,2.66,353.6,2.64,-0.3
2025-08-13T18:40:50.000,1.58,351.06,1.56,-0.25
2025-08-13T18:41:50.000,2.68,356.24,2.67,-0.18
2025-08-13T18:42:50.000,1.82,348.93,1.79,-0.35
2025-08-13T18:43:50.000,2.37,315.87,1.7,-1.65
2025-08-13T18:44:50.000,0.33,7.11,0.33,0.04
2025-08-13T18:45:50.000,2.14,332.66,1.9,-0.98
2025-08-13T18:46:50.000,0.75,44.37,0.53,0.52
2025-08-13T18:47:50.000,1.47,346.98,1.43,-0.33
2025-08-13T18:48:50.000,0.44,242.75,-0.2,-0.39
2025-08-13T18:49:50.000,0.42,16.08,0.4,0.12
2025-08-13T18:50:50.000,1.09,68.84,0.39,1.02
2025-08-13T18:51:50.000,1.76,351.18,1.74,-0.27
2025-08-13T18:52:50.000,3.26,338.76,3.04,-1.18
2025-08-13T18:53:50.000,2.4,326.54,2,-1.32
2025-08-13T18:54:50.000,1.29,11.71,1.26,0.26
2025-08-13T18:55:50.000,1.01,318.63,0.75,-0.66
2025-08-13T18:56:50.000,1.59,6.47,1.58,0.18
2025-08-13T18:57:50.000,1.05,309.6,0.67,-0.81
2025-08-13T18:58:50.000,1.88,300.02,0.94,-1.63
2025-08-13T18:59:50.000,1.61,315.26,1.14,-1.13
2025-08-13T19:00:50.000,2.86,303.8,1.59,-2.38
2025-08-13T19:01:50.000,1.21,358.39,1.21,-0.03
2025-08-13T19:02:50.000,1.91,350.66,1.88,-0.31
2025-08-13T19:03:50.000,2.87,307.5,1.75,-2.28
2025-08-13T19:04:50.000,1.98,332.38,1.75,-0.92
2025-08-13T19:05:50.000,1.39,3.91,1.38,0.09
2025-08-13T19:06:50.000,2.92,271.95,0.1,-2.92
2025-08-13T19:07:50.000,1.91,287.2,0.56,-1.82
2025-08-13T19:08:50.000,1.37,261.92,-0.19,-1.36
2025-08-13T19:09:50.000,0.97,279.12,0.15,-0.96
2025-08-13T19:10:50.000,1.03,172.76,-1.02,0.13
2025-08-13T19:11:50.000,0.54,201.63,-0.5,-0.2
2025-08-13T19:12:50.000,0.91,243.12,-0.41,-0.81
2025-08-13T19:13:50.000,1.58,216.76,-1.26,-0.94
2025-08-13T19:14:50.000,0.54,267.73,-0.02,-0.54
2025-08-13T19:15:50.000,1.28,323.35,1.03,-0.76
2025-08-13T19:16:50.000,0.61,311.55,0.41,-0.46
2025-08-13T19:17:50.000,2.82,305.83,1.65,-2.29
2025-08-13T19:18:50.000,3.64,320.83,2.82,-2.3
2025-08-13T19:19:50.000,3.37,349.04,3.31,-0.64
2025-08-13T19:20:50.000,4.25,329.21,3.65,-2.17
2025-08-13T19:21:50.000,5.64,321.2,4.39,-3.53
2025-08-13T19:22:50.000,5.73,342.69,5.47,-1.7
2025-08-13T19:23:50.000,5.03,334.53,4.54,-2.16
2025-08-13T19:24:50.000,2.65,353.13,2.64,-0.32
2025-08-13T19:25:50.000,5.8,327.74,4.91,-3.1
2025-08-13T19:26:50.000,5.14,332.47,4.56,-2.38
2025-08-13T19:27:50.000,2.63,326.92,2.2,-1.44
2025-08-13T19:28:50.000,6.29,290.46,2.2,-5.89
2025-08-13T19:29:50.000,2.01,0.99,2.01,0.03
2025-08-13T19:30:50.000,2.5,321.11,1.95,-1.57
2025-08-13T19:31:50.000,2.85,326.52,2.37,-1.57
2025-08-13T19:32:50.000,2.53,351.44,2.5,-0.38
2025-08-13T19:33:50.000,7.74,293.84,3.13,-7.08
2025-08-13T19:34:50.000,2.62,326.48,2.19,-1.45
2025-08-13T19:35:50.000,5.96,306.97,3.58,-4.76
2025-08-13T19:36:50.000,6.27,320.18,4.82,-4.02
2025-08-13T19:37:50.000,4.73,303.09,2.58,-3.96
2025-08-13T19:38:50.000,3.05,337.94,2.82,-1.15
2025-08-13T19:39:50.000,3.53,320.23,2.71,-2.26
2025-08-13T19:40:50.000,4.6,339.68,4.32,-1.6
2025-08-13T19:41:50.000,7.28,319.54,5.54,-4.72
2025-08-13T19:42:50.000,3.87,325.68,3.19,-2.18
2025-08-13T19:43:50.000,7.59,323.11,6.07,-4.55
2025-08-13T19:44:50.000,5.01,315.42,3.57,-3.52
2025-08-13T19:45:50.000,4.96,308.66,3.1,-3.87
2025-08-13T19:46:50.000,2.88,317.15,2.11,-1.96
2025-08-13T19:47:50.000,2.63,307.12,1.59,-2.1
2025-08-13T19:48:50.000,4.54,325.34,3.74,-2.58
2025-08-13T19:49:50.000,4.32,337.78,4,-1.64
2025-08-13T19:50:50.000,3.88,331.26,3.4,-1.87
2025-08-13T19:51:50.000,2.64,324.1,2.14,-1.55
2025-08-13T19:52:50.000,1.37,329.66,1.18,-0.69
2025-08-13T19:53:50.000,2.1,358.39,2.1,-0.06
2025-08-13T19:54:50.000,1.7,288.17,0.53,-1.61
2025-08-13T19:55:50.000,2.79,320.27,2.14,-1.78
2025-08-13T19:56:50.000,0.8,331.21,0.7,-0.38
2025-08-13T19:57:50.000,4.56,335.94,4.16,-1.86
2025-08-13T19:58:50.000,2.13,316.16,1.54,-1.48
2025-08-13T19:59:50.000,1.69,343.74,1.62,-0.47
2025-08-13T20:00:50.000,2.39,259.14,-0.45,-2.34
2025-08-13T20:01:50.000,0.93,290.64,0.33,-0.87
2025-08-13T20:02:50.000,0.39,294.23,0.16,-0.35
2025-08-13T20:03:50.000,0.33,249.73,-0.11,-0.31
2025-08-13T20:04:50.000,2.08,265.68,-0.16,-2.07
2025-08-13T20:05:50.000,1.2,275.17,0.11,-1.19
2025-08-13T20:06:50.000,2.13,290.25,0.74,-2
2025-08-13T20:07:50.000,2.01,329.74,1.74,-1.01
2025-08-13T20:08:50.000,1.33,300.4,0.67,-1.15
2025-08-13T20:09:50.000,0.91,333.19,0.81,-0.41
2025-08-13T20:10:50.000,1.02,341.61,0.96,-0.32
2025-08-13T20:11:50.000,1.84,299.06,0.9,-1.61
2025-08-13T20:12:50.000,3.11,291.05,1.12,-2.9
2025-08-13T20:13:50.000,2.31,321.76,1.81,-1.43
2025-08-13T20:14:50.000,3.07,279.47,0.5,-3.02
2025-08-13T20:15:50.000,1.52,294.59,0.63,-1.38
2025-08-13T20:16:50.000,3.3,315.18,2.34,-2.32
2025-08-13T20:17:50.000,1.54,320.33,1.19,-0.98
2025-08-13T20:18:50.000,3.61,316.88,2.63,-2.46
2025-08-13T20:19:50.000,4.29,319.77,3.28,-2.77
2025-08-13T20:20:50.000,3.03,302.8,1.64,-2.55
2025-08-13T20:21:50.000,1.92,331.41,1.69,-0.92
2025-08-13T20:22:50.000,3.93,288.38,1.24,-3.73
2025-08-13T20:23:50.000,1.39,10.21,1.37,0.25
2025-08-13T20:24:50.000,5.9,300.93,3.03,-5.06
2025-08-13T20:25:50.000,3.75,316.19,2.71,-2.6
2025-08-13T20:26:50.000,1.44,8.26,1.42,0.21
2025-08-13T20:27:50.000,4.13,286.7,1.19,-3.96
2025-08-13T20:28:50.000,1.85,350.59,1.83,-0.3
2025-08-13T20:29:50.000,2.33,296.54,1.04,-2.08
2025-08-13T20:30:50.000,1.65,304.02,0.92,-1.36
2025-08-13T20:31:50.000,0.87,308.47,0.54,-0.69
2025-08-13T20:32:50.000,0.94,0.74,0.94,0.01
2025-08-13T20:33:50.000,1.84,15.68,1.78,0.5
2025-08-13T20:34:50.000,4.19,275.68,0.41,-4.17
2025-08-13T20:35:50.000,1.12,328.57,0.96,-0.59
2025-08-13T20:36:50.000,2.48,340.44,2.33,-0.83
2025-08-13T20:37:50.000,2.97,320.24,2.28,-1.9
2025-08-13T20:38:50.000,2.04,9.28,2.01,0.33
2025-08-13T20:39:50.000,4.05,298.7,1.95,-3.55
2025-08-13T20:40:50.000,5.02,292.59,1.93,-4.64
2025-08-13T20:41:50.000,3.42,288.84,1.1,-3.23
2025-08-13T20:42:50.000,3.73,300.75,1.91,-3.21
2025-08-13T20:43:50.000,2.82,301.52,1.48,-2.41
2025-08-13T20:44:50.000,2.1,352.32,2.08,-0.28
2025-08-13T20:45:50.000,4.74,331.01,4.15,-2.3
2025-08-13T20:46:50.000,3.97,346.9,3.87,-0.9
2025-08-13T20:47:50.000,2.07,322.52,1.65,-1.26
2025-08-13T20:48:50.000,1.33,336.64,1.22,-0.53
2025-08-13T20:49:50.000,2.71,331.23,2.37,-1.3
2025-08-13T20:50:50.000,0.71,341.48,0.67,-0.22
2025-08-13T20:51:50.000,0.9,304.66,0.51,-0.74
2025-08-13T20:52:50.000,4.32,329.9,3.73,-2.16
2025-08-13T20:53:50.000,6.21,290.58,2.18,-5.81
2025-08-13T20:54:50.000,1.61,335.77,1.47,-0.66
2025-08-13T20:55:50.000,1.9,271.29,0.04,-1.9
2025-08-13T20:56:50.000,1.44,333.62,1.29,-0.64
2025-08-13T20:57:50.000,3.64,320.43,2.81,-2.32
2025-08-13T20:58:50.000,1.58,299.77,0.78,-1.37
2025-08-13T20:59:50.000,1.65,324.06,1.33,-0.97
2025-08-13T21:00:50.000,3.08,333.65,2.76,-1.37
2025-08-13T21:01:50.000,3.39,304.87,1.94,-2.78
2025-08-13T21:02:50.000,1.79,274.96,0.15,-1.78
2025-08-13T21:03:50.000,2.21,333.06,1.97,-1
2025-08-13T21:04:50.000,2.13,347.89,2.08,-0.45
2025-08-13T21:05:50.000,1.92,342.73,1.84,-0.57
2025-08-13T21:06:50.000,2.19,335.25,1.99,-0.92
2025-08-13T21:07:50.000,3.74,305.93,2.19,-3.02
2025-08-13T21:08:50.000,3.86,321.89,3.03,-2.38
2025-08-13T21:09:50.000,6.27,300.48,3.18,-5.4
2025-08-13T21:10:50.000,4.93,320.48,3.8,-3.14
2025-08-13T21:11:50.000,4.4,301.43,2.3,-3.76
2025-08-13T21:12:50.000,5.41,304.52,3.06,-4.45
2025-08-13T21:13:50.000,4.81,296.5,2.15,-4.3
2025-08-13T21:14:50.000,2.4,330.74,2.1,-1.17
2025-08-13T21:15:50.000,5.41,288.44,1.71,-5.13
2025-08-13T21:16:50.000,4.31,290.21,1.49,-4.05
2025-08-13T21:17:50.000,2.57,272.97,0.13,-2.56
2025-08-13T21:18:50.000,5.31,301.05,2.74,-4.55
2025-08-13T21:19:50.000,2.99,306.8,1.79,-2.39
2025-08-13T21:20:50.000,6.35,287.3,1.89,-6.06
2025-08-13T21:21:50.000,7.14,303.64,3.96,-5.94
2025-08-13T21:22:50.000,3.73,314.3,2.6,-2.67
2025-08-13T21:23:50.000,6.06,301.18,3.14,-5.19
2025-08-13T21:24:50.000,3.98,284.17,0.98,-3.86
2025-08-13T21:25:50.000,2.72,282.26,0.58,-2.66
2025-08-13T21:26:50.000,9.72,274.45,0.75,-9.69
2025-08-13T21:27:50.000,3.18,274.91,0.27,-3.16
2025-08-13T21:28:50.000,5.28,286.38,1.49,-5.07
2025-08-13T21:29:50.000,7.75,292.43,2.95,-7.16
2025-08-13T21:30:50.000,4.62,292.06,1.74,-4.29
2025-08-13T21:31:50.000,2.37,279.47,0.39,-2.34
2025-08-13T21:32:50.000,10.13,281.58,2.03,-9.93
2025-08-13T21:33:50.000,6.79,306.4,4.03,-5.47
2025-08-13T21:34:50.000,5.43,308.07,3.35,-4.28
2025-08-13T21:35:50.000,5.77,295.55,2.49,-5.2
2025-08-13T21:36:50.000,5.18,285.71,1.4,-4.99
2025-08-13T21:37:50.000,6.22,282.38,1.33,-6.07
2025-08-13T21:38:50.000,10.31,271.75,0.32,-10.31
2025-08-13T21:39:50.000,6.34,296.66,2.85,-5.67
2025-08-13T21:40:50.000,6.97,300.95,3.58,-5.98
2025-08-13T21:41:50.000,1.89,2.55,1.89,0.08
2025-08-13T21:42:50.000,2.89,299.86,1.44,-2.51
2025-08-13T21:43:50.000,3.15,304.97,1.8,-2.58
2025-08-13T21:44:50.000,0.4,343.8,0.38,-0.11
2025-08-13T21:45:50.000,1.64,249.33,-0.58,-1.53
2025-08-13T21:46:50.000,1.97,278.29,0.28,-1.95
2025-08-13T21:47:50.000,5.65,281.06,1.08,-5.55
2025-08-13T21:48:50.000,6.17,286.2,1.72,-5.92
2025-08-13T21:49:50.000,3.38,315.16,2.4,-2.38
2025-08-13T21:50:50.000,4.97,294.49,2.06,-4.52
2025-08-13T21:51:50.000,4.7,301.13,2.43,-4.03
2025-08-13T21:52:50.000,7.83,286.55,2.23,-7.51
2025-08-13T21:53:50.000,6.87,284.69,1.74,-6.65
2025-08-13T21:54:50.000,4.54,291.55,1.67,-4.23
2025-08-13T21:55:50.000,8.5,318.1,6.33,-5.68
2025-08-13T21:56:50.000,9.85,288.23,3.08,-9.35
2025-08-13T21:57:50.000,2.26,294.5,0.94,-2.06
2025-08-13T21:58:50.000,7.94,285.81,2.16,-7.64
2025-08-13T21:59:50.000,5.53,284.45,1.38,-5.36
2025-08-13T22:00:50.000,9.81,292.52,3.76,-9.06
2025-08-13T22:01:50.000,5.75,302.98,3.13,-4.82
2025-08-13T22:02:50.000,7.55,301.62,3.96,-6.43
2025-08-13T22:03:50.000,7.66,304.3,4.32,-6.33
2025-08-13T22:04:50.000,11.17,298.61,5.35,-9.81
2025-08-13T22:05:50.000,4.93,317.68,3.65,-3.32
2025-08-13T22:06:50.000,4.77,318.13,3.55,-3.18
2025-08-13T22:07:50.000,13.13,285.99,3.62,-12.62
2025-08-13T22:08:50.000,7.34,282.32,1.57,-7.17
2025-08-13T22:09:50.000,5.11,290.33,1.78,-4.79
2025-08-13T22:10:50.000,6,281.71,1.22,-5.87
2025-08-13T22:11:50.000,7.06,301.2,3.66,-6.04
2025-08-13T22:12:50.000,7.15,292.15,2.7,-6.62
2025-08-13T22:13:50.000,5.39,279.14,0.86,-5.32
2025-08-13T22:14:50.000,6.74,296.67,3.03,-6.02
2025-08-13T22:15:50.000,12.19,294.71,5.1,-11.07
2025-08-13T22:16:50.000,2.47,275.33,0.23,-2.46
2025-08-13T22:17:50.000,6.91,295.42,2.96,-6.24
2025-08-13T22:18:50.000,5.9,317.04,4.32,-4.02
2025-08-13T22:19:50.000,11.14,290.08,3.82,-10.46
2025-08-13T22:20:50.000,7.16,295.18,3.05,-6.48
2025-08-13T22:21:50.000,11.28,284.42,2.81,-10.93
2025-08-13T22:22:50.000,8.19,278.95,1.28,-8.09
2025-08-13T22:23:50.000,6.76,302.18,3.6,-5.73
2025-08-13T22:24:50.000,9.48,285.25,2.49,-9.14
2025-08-13T22:25:50.000,8.11,294.21,3.33,-7.4
2025-08-13T22:26:50.000,3.34,307.52,2.03,-2.65
2025-08-13T22:27:50.000,10.08,292.65,3.88,-9.31
2025-08-13T22:28:50.000,6.92,307.29,4.19,-5.51
2025-08-13T22:29:50.000,9.52,298.44,4.53,-8.37
2025-08-13T22:30:50.000,9.51,298.5,4.54,-8.36
2025-08-13T22:31:50.000,9.09,284.07,2.21,-8.82
2025-08-13T22:32:50.000,4.77,303.28,2.62,-3.99
2025-08-13T22:33:50.000,12.55,278.47,1.85,-12.41
2025-08-13T22:34:50.000,6.05,304.92,3.46,-4.96
2025-08-13T22:35:50.000,10.79,285.99,2.97,-10.37
2025-08-13T22:36:50.000,10.24,293.21,4.04,-9.41
2025-08-13T22:37:50.000,7.73,296.57,3.46,-6.91
2025-08-13T22:38:50.000,5.86,304.03,3.28,-4.86
2025-08-13T22:39:50.000,5.73,323.12,4.58,-3.44
2025-08-13T22:40:50.000,11.79,289.66,3.97,-11.11
2025-08-13T22:41:50.000,12.07,300.32,6.09,-10.41
2025-08-13T22:42:50.000,11.57,293.18,4.55,-10.63
2025-08-13T22:43:50.000,6.21,315.85,4.45,-4.32
2025-08-13T22:44:50.000,10.36,295.49,4.46,-9.35
2025-08-13T22:45:50.000,11,310.8,7.19,-8.33
2025-08-13T22:46:50.000,10.2,294.55,4.24,-9.28
2025-08-13T22:47:50.000,9.47,292.15,3.57,-8.78
2025-08-13T22:48:50.000,10.4,275.64,1.02,-10.35
2025-08-13T22:49:50.000,10.64,292.84,4.13,-9.8
2025-08-13T22:50:50.000,12.02,298.1,5.66,-10.6
2025-08-13T22:51:50.000,10.03,306.99,6.03,-8.01
2025-08-13T22:52:50.000,15.68,300.84,8.04,-13.46
2025-08-13T22:53:50.000,11.65,304.41,6.59,-9.61
2025-08-13T22:54:50.000,12.64,285.35,3.35,-12.19
2025-08-13T22:55:50.000,11.48,287.96,3.54,-10.92
2025-08-13T22:56:50.000,5.09,288.51,1.62,-4.83
2025-08-13T22:57:50.000,8.99,286.54,2.56,-8.62
2025-08-13T22:58:50.000,7.79,290.27,2.7,-7.31
2025-08-13T22:59:50.000,6.51,283.03,1.47,-6.34
2025-08-13T23:00:50.000,7.08,280.05,1.23,-6.97
2025-08-13T23:01:50.000,7.88,284.6,1.99,-7.63
2025-08-13T23:02:50.000,9.29,292.88,3.61,-8.56
2025-08-13T23:03:50.000,6.35,279.26,1.02,-6.27
2025-08-13T23:04:50.000,5.54,291.04,1.99,-5.17
2025-08-13T23:05:50.000,7.59,279.31,1.23,-7.49
2025-08-13T23:06:50.000,2.14,331.45,1.88,-1.02
2025-08-13T23:07:50.000,3.08,270.11,0.01,-3.08
2025-08-13T23:08:50.000,5.8,284.75,1.48,-5.61
2025-08-13T23:09:50.000,4.45,266.16,-0.3,-4.44
2025-08-13T23:10:50.000,8,281.31,1.57,-7.84
2025-08-13T23:11:50.000,4.65,272.27,0.18,-4.65
2025-08-13T23:12:50.000,4.9,285.04,1.27,-4.73
2025-08-13T23:13:50.000,9.92,292.33,3.77,-9.18
2025-08-13T23:14:50.000,5.09,300.78,2.6,-4.37
2025-08-13T23:15:50.000,2.35,326.49,1.96,-1.3
2025-08-13T23:16:50.000,3.31,283.88,0.79,-3.22
2025-08-13T23:17:50.000,2.4,298.84,1.16,-2.11
2025-08-13T23:18:50.000,6.41,310.88,4.2,-4.85
2025-08-13T23:19:50.000,5.21,343.67,5,-1.47
2025-08-13T23:20:50.000,4,322.15,3.16,-2.45
2025-08-13T23:21:50.000,5.65,330.2,4.91,-2.81
2025-08-13T23:22:50.000,5.58,314.28,3.89,-3.99
2025-08-13T23:23:50.000,5.53,317.05,4.05,-3.77
2025-08-13T23:24:50.000,3.49,298.75,1.68,-3.06
2025-08-13T23:25:50.000,2.96,327.86,2.5,-1.57
2025-08-13T23:26:50.000,6.25,351.5,6.18,-0.92
2025-08-13T23:27:50.000,5.98,331.47,5.26,-2.86
2025-08-13T23:28:50.000,5.02,344.38,4.83,-1.35
2025-08-13T23:29:50.000,5.6,329.39,4.82,-2.85
2025-08-13T23:30:50.000,2.98,339.2,2.78,-1.06
2025-08-13T23:31:50.000,2.62,322.92,2.09,-1.58
2025-08-13T23:32:50.000,1.81,28.33,1.6,0.86
2025-08-13T23:33:50.000,3.59,347.77,3.51,-0.76
2025-08-13T23:34:50.000,4.21,344.91,4.06,-1.1
2025-08-13T23:35:50.000,2.43,341.16,2.3,-0.79
2025-08-13T23:36:50.000,4.05,2.81,4.04,0.2
2025-08-13T23:37:50.000,3.3,350.16,3.25,-0.56
2025-08-13T23:38:50.000,2.69,4.63,2.68,0.22
2025-08-13T23:39:50.000,4.31,354.69,4.29,-0.4
2025-08-13T23:40:50.000,6.68,356.25,6.67,-0.44
2025-08-13T23:41:50.000,4.81,8.65,4.76,0.72
2025-08-13T23:42:50.000,3.37,11.12,3.3,0.65
2025-08-13T23:43:50.000,2.26,21.59,2.11,0.83
2025-08-13T23:44:50.000,5.08,23.61,4.65,2.03
2025-08-13T23:45:50.000,3.82,32.06,3.23,2.03
2025-08-13T23:46:50.000,3.52,27.79,3.12,1.64
2025-08-13T23:47:50.000,2.29,27,2.04,1.04
2025-08-13T23:48:50.000,4.43,38.39,3.47,2.75
2025-08-13T23:49:50.000,3.65,39.61,2.81,2.33
2025-08-13T23:50:50.000,3.86,37.87,3.05,2.37
2025-08-13T23:51:50.000,3.56,33.76,2.96,1.98
2025-08-13T23:52:50.000,2.4,57.13,1.3,2.02
2025-08-13T23:53:50.000,2.18,87.09,0.11,2.18
2025-08-13T23:54:50.000,3.28,44.13,2.35,2.28
2025-08-13T23:55:50.000,2.9,68.7,1.05,2.71
2025-08-13T23:56:50.000,2.27,93.67,-0.15,2.27
2025-08-13T23:57:50.000,3.12,62.72,1.43,2.78
2025-08-13T23:58:50.000,2.95,77.7,0.63,2.88
2025-08-13T23:59:50.000,1.75,50.58,1.11,1.35
2025-08-14T00:00:50.000,3.33,37.19,2.65,2.01
2025-08-14T00:01:50.000,3.43,16.79,3.28,0.99
2025-08-14T00:02:50.000,3.41,87.3,0.16,3.41
2025-08-14T00:03:50.000,3.47,86.33,0.22,3.46
2025-08-14T00:04:50.000,2.66,76.11,0.64,2.58
2025-08-14T00:05:50.000,1.34,344.41,1.29,-0.36
2025-08-14T00:06:50.000,4.31,84.68,0.4,4.3
2025-08-14T00:07:50.000,1.74,58.73,0.9,1.49
2025-08-14T00:08:50.000,2.48,73.07,0.72,2.37
2025-08-14T00:09:50.000,2.95,88.42,0.08,2.95
2025-08-14T00:10:50.000,0.98,24.99,0.89,0.42
2025-08-14T00:11:50.000,3.02,94.3,-0.23,3.01
2025-08-14T00:12:50.000,4.99,72.98,1.46,4.78
2025-08-14T00:13:50.000,1.43,78.76,0.28,1.41
2025-08-14T00:14:50.000,3.64,93.98,-0.25,3.63
2025-08-14T00:15:50.000,0.48,16.31,0.46,0.14
2025-08-14T00:16:50.000,2.02,94.3,-0.15,2.02
2025-08-14T00:17:50.000,4.79,92.68,-0.22,4.78
2025-08-14T00:18:50.000,2.7,52.78,1.63,2.15
2025-08-14T00:19:50.000,2.7,66.3,1.09,2.47
2025-08-14T00:20:50.000,3.24,106.88,-0.94,3.1
2025-08-14T00:21:50.000,1.74,25.25,1.57,0.74
2025-08-14T00:22:50.000,2,61.67,0.95,1.76
2025-08-14T00:23:50.000,2.64,35.6,2.14,1.53
2025-08-14T00:24:50.000,6.19,53.8,3.66,5
2025-08-14T00:25:50.000,4.74,92.39,-0.2,4.74
2025-08-14T00:26:50.000,2.99,56.98,1.63,2.51
2025-08-14T00:27:50.000,2.1,89.15,0.03,2.1
2025-08-14T00:28:50.000,1.23,47.47,0.83,0.9
2025-08-14T00:29:50.000,1.91,47.11,1.3,1.4
2025-08-14T00:30:50.000,2.18,55.59,1.23,1.8
2025-08-14T00:31:50.000,1.63,1.11,1.63,0.03
2025-08-14T00:32:50.000,3.16,65.26,1.32,2.87
2025-08-14T00:33:50.000,4.78,102.86,-1.07,4.66
2025-08-14T00:34:50.000,6.87,140.96,-5.33,4.32
2025-08-14T00:35:50.000,2.17,53.29,1.3,1.74
2025-08-14T00:36:50.000,2.09,30.9,1.79,1.07
2025-08-14T00:37:50.000,1.85,38.74,1.45,1.16
2025-08-14T00:38:50.000,8.7,145.35,-7.15,4.95
2025-08-14T00:39:50.000,4.35,71.04,1.41,4.11
2025-08-14T00:40:50.000,3.98,60.39,1.97,3.46
2025-08-14T00:41:50.000,4.19,76.89,0.95,4.08
2025-08-14T00:42:50.000,3.33,57.39,1.8,2.81
2025-08-14T00:43:50.000,3.14,33.53,2.62,1.73
2025-08-14T00:44:50.000,3.01,47.51,2.03,2.22
2025-08-14T00:45:50.000,4.01,27.87,3.55,1.87
2025-08-14T00:46:50.000,1.77,42.11,1.31,1.19
2025-08-14T00:47:50.000,2.48,7.9,2.46,0.34
2025-08-14T00:48:50.000,1.16,13.17,1.13,0.26
2025-08-14T00:49:50.000,2.82,12.81,2.75,0.62
2025-08-14T00:50:50.000,1.32,38.54,1.03,0.82
2025-08-14T00:51:50.000,1.56,92.42,-0.07,1.56
2025-08-14T00:52:50.000,2.13,66,0.87,1.95
2025-08-14T00:53:50.000,1.4,48.48,0.93,1.05
2025-08-14T00:54:50.000,1.24,3.79,1.24,0.08
2025-08-14T00:55:50.000,1.77,359.68,1.77,-0.01
2025-08-14T00:56:50.000,1.27,11.74,1.24,0.26
2025-08-14T00:57:50.000,2.09,11.03,2.05,0.4
2025-08-14T00:58:50.000,2.64,40.05,2.02,1.7
2025-08-14T00:59:50.000,1.7,49.84,1.09,1.3
2025-08-14T01:00:50.000,2.06,57.67,1.1,1.74
2025-08-14T01:01:50.000,1.11,84.5,0.11,1.11
2025-08-14T01:02:50.000,1.24,65.4,0.51,1.12
2025-08-14T01:03:50.000,1,213.35,-0.84,-0.55
2025-08-14T01:04:50.000,0.54,206.88,-0.48,-0.24
2025-08-14T01:05:50.000,1.28,359.7,1.28,-0.01
2025-08-14T01:06:50.000,1.07,34.78,0.88,0.61
2025-08-14T01:07:50.000,1.09,21.3,1.01,0.4
2025-08-14T01:08:50.000,0.8,33.96,0.67,0.45
2025-08-14T01:09:50.000,1.04,31.81,0.88,0.55
2025-08-14T01:10:50.000,0.9,30.23,0.78,0.45
2025-08-14T01:11:50.000,0.88,0.22,0.88,0
2025-08-14T01:12:50.000,1.24,26.8,1.11,0.56
2025-08-14T01:13:50.000,0.86,40.79,0.65,0.56
2025-08-14T01:14:50.000,1.13,45.85,0.79,0.81
2025-08-14T01:15:50.000,1.12,51.42,0.7,0.88
2025-08-14T01:16:50.000,1.14,42.24,0.84,0.77
2025-08-14T01:17:50.000,1.51,41.22,1.14,1
2025-08-14T01:18:50.000,1.02,32.89,0.86,0.55
2025-08-14T01:19:50.000,1.51,39.3,1.17,0.96
2025-08-14T01:20:50.000,1.29,32.29,1.09,0.69
2025-08-14T01:21:50.000,1.25,38.2,0.98,0.77
2025-08-14T01:22:50.000,2.23,66.59,0.89,2.05
2025-08-14T01:23:50.000,0.52,66.33,0.21,0.48
2025-08-14T01:24:50.000,1.29,85.31,0.11,1.29
2025-08-14T01:25:50.000,1.27,83.46,0.15,1.26
2025-08-14T01:26:50.000,2.82,115.15,-1.2,2.55
2025-08-14T01:27:50.000,0.65,68.64,0.24,0.6
2025-08-14T01:28:50.000,2.09,24.79,1.9,0.88
2025-08-14T01:29:50.000,1.39,4.6,1.38,0.11
2025-08-14T01:30:50.000,2.75,25.76,2.48,1.19
2025-08-14T01:31:50.000,1.77,53.91,1.04,1.43
2025-08-14T01:32:50.000,2.23,66.77,0.88,2.05
2025-08-14T01:33:50.000,3.54,135.26,-2.51,2.49
2025-08-14T01:34:50.000,1.87,116.11,-0.82,1.68
2025-08-14T01:35:50.000,2.22,83.48,0.25,2.2
2025-08-14T01:36:50.000,2.46,31.1,2.1,1.27
2025-08-14T01:37:50.000,2.42,31.28,2.07,1.26
2025-08-14T01:38:50.000,2.5,13.36,2.43,0.58
2025-08-14T01:39:50.000,1.58,30.56,1.36,0.81
2025-08-14T01:40:50.000,2.1,2.93,2.09,0.11
2025-08-14T01:41:50.000,1.76,12.74,1.71,0.39
2025-08-14T01:42:50.000,2.07,17.45,1.98,0.62
2025-08-14T01:43:50.000,2.84,3.28,2.83,0.16
2025-08-14T01:44:50.000,2.07,20.81,1.94,0.74
2025-08-14T01:45:50.000,2.08,13.14,2.02,0.47
2025-08-14T01:46:50.000,1.56,13.34,1.52,0.36
2025-08-14T01:47:50.000,1.54,32.78,1.29,0.83
2025-08-14T01:48:50.000,1.17,44.72,0.83,0.82
2025-08-14T01:49:50.000,1.2,33.31,1,0.66
2025-08-14T01:50:50.000,1.34,45.66,0.94,0.96
2025-08-14T01:51:50.000,2.44,38.3,1.91,1.51
2025-08-14T01:52:50.000,3.16,46.54,2.17,2.29
2025-08-14T01:53:50.000,1.15,55.11,0.66,0.95
2025-08-14T01:54:50.000,2.15,51.44,1.34,1.68
2025-08-14T01:55:50.000,2.82,79.65,0.51,2.78
2025-08-14T01:56:50.000,2.19,119.73,-1.09,1.9
2025-08-14T01:57:50.000,1.52,62.11,0.71,1.34
2025-08-14T01:58:50.000,1.08,336.75,0.99,-0.42
2025-08-14T01:59:50.000,0.69,61.63,0.33,0.61
2025-08-14T02:00:50.000,1.68,13.8,1.63,0.4
2025-08-14T02:01:50.000,3.3,12.4,3.22,0.71
2025-08-14T02:02:50.000,4.91,60.18,2.44,4.26
2025-08-14T02:03:50.000,3.02,76.78,0.69,2.94
2025-08-14T02:04:50.000,1,63.47,0.44,0.89
2025-08-14T02:05:50.000,1.93,105.05,-0.5,1.86
2025-08-14T02:06:50.000,1.66,67.22,0.64,1.53
2025-08-14T02:07:50.000,1.27,55.86,0.72,1.05
2025-08-14T02:08:50.000,3.76,44.24,2.69,2.62
2025-08-14T02:09:50.000,2.87,23.8,2.63,1.16
2025-08-14T02:10:50.000,0.6,66.63,0.24,0.55
2025-08-14T02:11:50.000,1.62,355.71,1.62,-0.12
2025-08-14T02:12:50.000,1.44,61.01,0.7,1.26
2025-08-14T02:13:50.000,1.08,42.02,0.81,0.73
2025-08-14T02:14:50.000,2.19,50.5,1.39,1.69
2025-08-14T02:15:50.000,2.27,21.47,2.11,0.83
2025-08-14T02:16:50.000,1.46,66.59,0.58,1.34
2025-08-14T02:17:50.000,1.72,43.24,1.25,1.18
2025-08-14T02:18:50.000,2.21,37.59,1.75,1.35
2025-08-14T02:19:50.000,2.28,28,2.01,1.07
2025-08-14T02:20:50.000,1.93,37.45,1.53,1.18
2025-08-14T02:21:50.000,0.75,36.07,0.61,0.44
2025-08-14T02:22:50.000,1.12,33.08,0.94,0.61
2025-08-14T02:23:50.000,0.92,51.52,0.57,0.72
2025-08-14T02:24:50.000,1.07,58.29,0.57,0.91
2025-08-14T02:25:50.000,1.57,27.51,1.39,0.72
2025-08-14T02:26:50.000,1.32,24.04,1.21,0.54
2025-08-14T02:27:50.000,0.76,51.06,0.48,0.59
2025-08-14T02:28:50.000,1.61,33.11,1.35,0.88
2025-08-14T02:29:50.000,1.15,356.89,1.15,-0.06
2025-08-14T02:30:50.000,1.37,24.11,1.25,0.56
2025-08-14T02:31:50.000,1.67,49.36,1.09,1.27
2025-08-14T02:32:50.000,1.41,25.99,1.27,0.62
2025-08-14T02:33:50.000,1.16,29.58,1.01,0.58
2025-08-14T02:34:50.000,1.77,16.09,1.7,0.49
2025-08-14T02:35:50.000,0.97,27.41,0.86,0.44
2025-08-14T02:36:50.000,1.87,6.65,1.86,0.22
2025-08-14T02:37:50.000,1.36,29.03,1.19,0.66
2025-08-14T02:38:50.000,0.66,65.61,0.27,0.6
2025-08-14T02:39:50.000,1.38,63.12,0.62,1.23
2025-08-14T02:40:50.000,1.06,49.29,0.69,0.81
2025-08-14T02:41:50.000,0.59,70.39,0.2,0.56
2025-08-14T02:42:50.000,0.8,34.67,0.66,0.45
2025-08-14T02:43:50.000,0.53,28.03,0.47,0.25
2025-08-14T02:44:50.000,0.42,139.14,-0.31,0.27
2025-08-14T02:45:50.000,0.34,341.97,0.32,-0.1
2025-08-14T02:46:50.000,0.43,46.37,0.3,0.31
2025-08-14T02:47:50.000,0.43,41.49,0.32,0.29
2025-08-14T02:48:50.000,0.29,35.22,0.23,0.17
2025-08-14T02:49:50.000,1.63,2.09,1.63,0.06
2025-08-14T02:50:50.000,0.61,40.02,0.47,0.39
2025-08-14T02:51:50.000,0.94,17.01,0.9,0.28
2025-08-14T02:52:50.000,0.74,57.97,0.39,0.63
2025-08-14T02:53:50.000,0.77,29.7,0.67,0.38
2025-08-14T02:54:50.000,0.79,105.71,-0.21,0.76
2025-08-14T02:55:50.000,0.96,3.84,0.96,0.06
2025-08-14T02:56:50.000,0.69,17.93,0.66,0.21
2025-08-14T02:57:50.000,0.95,341.86,0.9,-0.3
2025-08-14T02:58:50.000,1.24,313.49,0.86,-0.9
2025-08-14T02:59:50.000,2.16,326.79,1.8,-1.18
2025-08-14T03:00:50.000,2.24,307.1,1.35,-1.79
2025-08-14T03:01:50.000,1.05,349.6,1.03,-0.19
2025-08-14T03:02:50.000,2.38,348.57,2.33,-0.47
2025-08-14T03:03:50.000,2.03,28.98,1.78,0.98
2025-08-14T03:04:50.000,1.08,41.4,0.81,0.71
2025-08-14T03:05:50.000,1.72,33.9,1.42,0.96
2025-08-14T03:06:50.000,1.04,56.42,0.58,0.87
2025-08-14T03:07:50.000,0.52,86.72,0.03,0.52
2025-08-14T03:08:50.000,0.37,54.91,0.21,0.3
2025-08-14T03:09:50.000,0.82,88.72,0.02,0.82
2025-08-14T03:10:50.000,1.86,177.78,-1.86,0.07
2025-08-14T03:11:50.000,0.62,70.7,0.2,0.58
2025-08-14T03:12:50.000,1.25,31.15,1.07,0.65
2025-08-14T03:13:50.000,0.61,343.68,0.59,-0.17
2025-08-14T03:14:50.000,1.97,317.44,1.45,-1.33
2025-08-14T03:15:50.000,1.53,302.06,0.81,-1.29
2025-08-14T03:16:50.000,1.09,6.18,1.09,0.12
2025-08-14T03:17:50.000,1.61,344.72,1.56,-0.43
2025-08-14T03:18:50.000,1.27,345.62,1.23,-0.32
2025-08-14T03:19:50.000,1.72,351.45,1.71,-0.26
2025-08-14T03:20:50.000,1.54,328.84,1.32,-0.8
2025-08-14T03:21:50.000,1.48,10.79,1.45,0.28
2025-08-14T03:22:50.000,1.65,4.96,1.65,0.14
2025-08-14T03:23:50.000,2.18,21.79,2.03,0.81
2025-08-14T03:24:50.000,1.63,17.51,1.56,0.49
2025-08-14T03:25:50.000,1.39,20.48,1.3,0.49
2025-08-14T03:26:50.000,0.93,29.87,0.81,0.46
2025-08-14T03:27:50.000,0.77,38.79,0.6,0.48
2025-08-14T03:28:50.000,0.68,93.02,-0.04,0.68
2025-08-14T03:29:50.000,0.89,38.08,0.7,0.55
2025-08-14T03:30:50.000,1.21,68.3,0.45,1.12
2025-08-14T03:31:50.000,0.77,107.14,-0.23,0.73
2025-08-14T03:32:50.000,1.08,79.78,0.19,1.07
2025-08-14T03:33:50.000,0.87,97.69,-0.12,0.87
2025-08-14T03:34:50.000,0.99,47.43,0.67,0.73
2025-08-14T03:35:50.000,1.23,91.77,-0.04,1.23
2025-08-14T03:36:50.000,1.24,99.52,-0.2,1.22
2025-08-14T03:37:50.000,1.27,125.04,-0.73,1.04
2025-08-14T03:38:50.000,0.9,91.61,-0.03,0.9
2025-08-14T03:39:50.000,1.32,83.23,0.16,1.31
2025-08-14T03:40:50.000,1.43,105.19,-0.37,1.38
2025-08-14T03:41:50.000,1.08,47.45,0.73,0.8
2025-08-14T03:42:50.000,1.35,73.66,0.38,1.3
2025-08-14T03:43:50.000,1.41,33.37,1.18,0.78
2025-08-14T03:44:50.000,1.5,79.2,0.28,1.47
2025-08-14T03:45:50.000,2.04,103.41,-0.47,1.98
2025-08-14T03:46:50.000,1.36,97.2,-0.17,1.35
2025-08-14T03:47:50.000,1.15,96.2,-0.12,1.14
2025-08-14T03:48:50.000,1.13,50.55,0.72,0.87
2025-08-14T03:49:50.000,1.26,60.8,0.62,1.1
2025-08-14T03:50:50.000,1.02,59.39,0.52,0.88
2025-08-14T03:51:50.000,0.69,73.37,0.2,0.66
2025-08-14T03:52:50.000,2.25,5.47,2.24,0.21
2025-08-14T03:53:50.000,0.42,48.77,0.28,0.32
2025-08-14T03:54:50.000,0.74,58.83,0.38,0.64
2025-08-14T03:55:50.000,1.48,49.61,0.96,1.13
2025-08-14T03:56:50.000,1.41,73.85,0.39,1.35
2025-08-14T03:57:50.000,1.08,100.13,-0.19,1.06
2025-08-14T03:58:50.000,1.54,55.51,0.87,1.27
2025-08-14T03:59:50.000,1.39,84.93,0.12,1.38
2025-08-14T04:00:50.000,1.49,66.52,0.59,1.37
2025-08-14T04:01:50.000,1.2,93.33,-0.07,1.2
2025-08-14T04:02:50.000,1.95,95.56,-0.19,1.95
2025-08-14T04:03:50.000,1.63,110.65,-0.57,1.52
2025-08-14T04:04:50.000,1.1,43.57,0.8,0.76
2025-08-14T04:05:50.000,1.54,54.77,0.89,1.26
2025-08-14T04:06:50.000,1.34,99.62,-0.22,1.32
2025-08-14T04:07:50.000,0.93,93.25,-0.05,0.93
2025-08-14T04:08:50.000,1.68,32.9,1.41,0.92
2025-08-14T04:09:50.000,1.62,86.81,0.09,1.62
2025-08-14T04:10:50.000,1.51,72.08,0.46,1.44
2025-08-14T04:11:50.000,1.28,46.93,0.88,0.94
2025-08-14T04:12:50.000,1.13,74.23,0.31,1.09
2025-08-14T04:13:50.000,3.45,74.57,0.92,3.33
2025-08-14T04:14:50.000,6.59,87.59,0.28,6.58
2025-08-14T04:15:50.000,2.84,66.1,1.15,2.6
2025-08-14T04:16:50.000,3.01,60.54,1.48,2.62
2025-08-14T04:17:50.000,2.37,46.73,1.63,1.73
2025-08-14T04:18:50.000,6.71,28.91,5.87,3.24
2025-08-14T04:19:50.000,2.6,61.5,1.24,2.28
2025-08-14T04:20:50.000,6.15,89.84,0.02,6.15
2025-08-14T04:21:50.000,10.03,161.49,-9.52,3.18
2025-08-14T04:22:50.000,1.7,113.64,-0.68,1.56
2025-08-14T04:23:50.000,2.13,67.61,0.81,1.97
2025-08-14T04:24:50.000,2.52,114.46,-1.04,2.3
2025-08-14T04:25:50.000,1.52,97.18,-0.19,1.51
2025-08-14T04:26:50.000,3.24,59.44,1.65,2.79
2025-08-14T04:27:50.000,2.41,34.39,1.99,1.36
2025-08-14T04:28:50.000,1.04,82.99,0.13,1.03
2025-08-14T04:29:50.000,0.44,139.73,-0.34,0.28
2025-08-14T04:30:50.000,1.57,61.27,0.76,1.38
2025-08-14T04:31:50.000,2.13,51.74,1.32,1.67
2025-08-14T04:32:50.000,4.43,33.06,3.71,2.42
2025-08-14T04:33:50.000,2.92,56.67,1.61,2.44
2025-08-14T04:34:50.000,6.71,58.42,3.51,5.71
2025-08-14T04:35:50.000,4.45,44,3.2,3.09
2025-08-14T04:36:50.000,4.94,31.3,4.22,2.56
2025-08-14T04:37:50.000,5.14,42.89,3.76,3.5
2025-08-14T04:38:50.000,3.68,41.75,2.75,2.45
2025-08-14T04:39:50.000,2.46,48.03,1.65,1.83
2025-08-14T04:40:50.000,2.03,43.98,1.46,1.41
2025-08-14T04:41:50.000,2.52,80.85,0.4,2.48
2025-08-14T04:42:50.000,0.42,72.34,0.13,0.4
2025-08-14T04:43:50.000,2.98,37.42,2.37,1.81
2025-08-14T04:44:50.000,3.99,55.14,2.28,3.27
2025-08-14T04:45:50.000,2.95,62.5,1.36,2.61
2025-08-14T04:46:50.000,5.04,39.23,3.9,3.19
2025-08-14T04:47:50.000,4.11,39.68,3.17,2.63
2025-08-14T04:48:50.000,7.51,29.45,6.54,3.69
2025-08-14T04:49:50.000,3.15,14.13,3.05,0.77
2025-08-14T04:50:50.000,2.84,41.59,2.12,1.88
2025-08-14T04:51:50.000,2.66,62.67,1.22,2.37
2025-08-14T04:52:50.000,4.57,33.84,3.8,2.54
2025-08-14T04:53:50.000,4.24,21.07,3.96,1.52
2025-08-14T04:54:50.000,4.55,26.03,4.09,2
2025-08-14T04:55:50.000,3.32,359.53,3.32,-0.03
2025-08-14T04:56:50.000,3.43,24.78,3.11,1.44
2025-08-14T04:57:50.000,3.84,23.19,3.53,1.51
2025-08-14T04:58:50.000,2.22,35.86,1.8,1.3
2025-08-14T04:59:50.000,2.97,36.7,2.38,1.77
2025-08-14T05:00:50.000,2.07,34.93,1.7,1.19
2025-08-14T05:01:50.000,3.23,13.35,3.15,0.75
2025-08-14T05:02:50.000,3.1,5.45,3.09,0.29
2025-08-14T05:03:50.000,4.91,2.6,4.9,0.22
2025-08-14T05:04:50.000,2.97,25.84,2.67,1.29
2025-08-14T05:05:50.000,3.78,24.62,3.43,1.57
2025-08-14T05:06:50.000,3.97,9.73,3.92,0.67
2025-08-14T05:07:50.000,3.69,25.24,3.33,1.57
2025-08-14T05:08:50.000,4.98,15.51,4.8,1.33
2025-08-14T05:09:50.000,5.14,19.74,4.84,1.74
2025-08-14T05:10:50.000,6.27,25.9,5.64,2.74
2025-08-14T05:11:50.000,4.56,26.6,4.08,2.04
2025-08-14T05:12:50.000,3.85,18.29,3.65,1.21
2025-08-14T05:13:50.000,5.99,17.83,5.7,1.83
2025-08-14T05:14:50.000,4.73,27.17,4.21,2.16
2025-08-14T05:15:50.000,4.36,10.18,4.29,0.77
2025-08-14T05:16:50.000,3.61,12.37,3.52,0.77
2025-08-14T05:17:50.000,5.38,358.95,5.38,-0.1
2025-08-14T05:18:50.000,2.77,4.46,2.76,0.22
2025-08-14T05:19:50.000,3.99,2.49,3.98,0.17
2025-08-14T05:20:50.000,4.49,359.71,4.49,-0.02
2025-08-14T05:21:50.000,6.19,0.57,6.19,0.06
2025-08-14T05:22:50.000,6.28,350.86,6.2,-1
2025-08-14T05:23:50.000,6.25,350.48,6.17,-1.03
2025-08-14T05:24:50.000,5.77,352.61,5.73,-0.74
2025-08-14T05:25:50.000,7.05,356.88,7.04,-0.38
2025-08-14T05:26:50.000,5.19,351.81,5.14,-0.74
2025-08-14T05:27:50.000,4.52,345.98,4.39,-1.1
2025-08-14T05:28:50.000,5.4,358.55,5.4,-0.14
2025-08-14T05:29:50.000,3.65,355.39,3.64,-0.29
2025-08-14T05:30:50.000,5.13,355.53,5.11,-0.4
2025-08-14T05:31:50.000,5.87,354.18,5.84,-0.59
2025-08-14T05:32:50.000,4.57,353.75,4.54,-0.5
2025-08-14T05:33:50.000,6.29,358.9,6.29,-0.12
2025-08-14T05:34:50.000,4.44,2.42,4.43,0.19
2025-08-14T05:35:50.000,4.74,354.75,4.72,-0.43
2025-08-14T05:36:50.000,5.09,359.32,5.09,-0.06
2025-08-14T05:37:50.000,4.17,359.41,4.17,-0.04
2025-08-14T05:38:50.000,3.22,0.53,3.22,0.03
2025-08-14T05:39:50.000,3.77,3.76,3.77,0.25
2025-08-14T05:40:50.000,3.57,7.14,3.54,0.44
2025-08-14T05:41:50.000,4.68,359.35,4.68,-0.05
2025-08-14T05:42:50.000,4.02,8.22,3.98,0.58
2025-08-14T05:43:50.000,3.23,12.18,3.16,0.68
2025-08-14T05:44:50.000,3.02,9.29,2.98,0.49
2025-08-14T05:45:50.000,3.16,359.81,3.16,-0.01
2025-08-14T05:46:50.000,2.77,3.27,2.77,0.16
2025-08-14T05:47:50.000,3.99,3.68,3.98,0.26
2025-08-14T05:48:50.000,3.53,2.03,3.53,0.13
2025-08-14T05:49:50.000,3.94,359.01,3.94,-0.07
2025-08-14T05:50:50.000,3.93,358.18,3.93,-0.12
2025-08-14T05:51:50.000,3.94,351.36,3.89,-0.59
2025-08-14T05:52:50.000,5.72,356.58,5.71,-0.34
2025-08-14T05:53:50.000,3.92,356.53,3.91,-0.24
2025-08-14T05:54:50.000,4.07,357.84,4.07,-0.15
2025-08-14T05:55:50.000,3.8,350.27,3.75,-0.64
2025-08-14T05:56:50.000,3.24,355.96,3.23,-0.23
2025-08-14T05:57:50.000,4.68,347.12,4.56,-1.04
2025-08-14T05:58:50.000,2.69,342.51,2.56,-0.81
2025-08-14T05:59:50.000,3.14,351.51,3.11,-0.46
2025-08-14T06:00:50.000,4.08,345.38,3.95,-1.03
2025-08-14T06:01:50.000,5.91,350.61,5.83,-0.96
2025-08-14T06:02:50.000,3.82,355.2,3.81,-0.32
2025-08-14T06:03:50.000,4.41,345.29,4.26,-1.12
2025-08-14T06:04:50.000,4.08,349.51,4.01,-0.74
2025-08-14T06:05:50.000,4.94,343.66,4.74,-1.39
2025-08-14T06:06:50.000,5.29,352.11,5.24,-0.73
2025-08-14T06:07:50.000,2.78,342.68,2.66,-0.83
2025-08-14T06:08:50.000,5.44,353.16,5.4,-0.65
2025-08-14T06:09:50.000,5.36,338.89,5,-1.93
2025-08-14T06:10:50.000,3.68,344.83,3.55,-0.96
2025-08-14T06:11:50.000,3.02,346.37,2.94,-0.71
2025-08-14T06:12:50.000,4.82,317.1,3.53,-3.28
2025-08-14T06:13:50.000,4.46,344.21,4.3,-1.22
2025-08-14T06:14:50.000,4.24,339.71,3.98,-1.47
2025-08-14T06:15:50.000,3.31,352.63,3.28,-0.42
2025-08-14T06:16:50.000,7.65,333.27,6.83,-3.44
2025-08-14T06:17:50.000,4.16,321.3,3.25,-2.6
2025-08-14T06:18:50.000,3.52,357.21,3.51,-0.17
2025-08-14T06:19:50.000,4.02,345,3.88,-1.04
2025-08-14T06:20:50.000,3.55,287.85,1.09,-3.38
2025-08-14T06:21:50.000,2.61,327.73,2.21,-1.4
2025-08-14T06:22:50.000,0.66,294.01,0.27,-0.61
2025-08-14T06:23:50.000,1.83,348.37,1.8,-0.37
2025-08-14T06:24:50.000,1.61,25.9,1.45,0.71
2025-08-14T06:25:50.000,0.7,332.05,0.62,-0.33
2025-08-14T06:26:50.000,3.24,335.19,2.94,-1.36
2025-08-14T06:27:50.000,4.36,336.34,3.99,-1.75
2025-08-14T06:28:50.000,4.21,319.14,3.18,-2.75
2025-08-14T06:29:50.000,3.09,318.74,2.32,-2.04
2025-08-14T06:30:50.000,3.94,330.88,3.44,-1.92
2025-08-14T06:31:50.000,3.55,348.65,3.48,-0.7
2025-08-14T06:32:50.000,8.29,314.55,5.82,-5.91
2025-08-14T06:33:50.000,5.6,330.17,4.85,-2.78
2025-08-14T06:34:50.000,5.73,331.45,5.03,-2.74
2025-08-14T06:35:50.000,5.48,322.55,4.35,-3.33
2025-08-14T06:36:50.000,9.24,324.16,7.49,-5.41
2025-08-14T06:37:50.000,8.21,332.24,7.27,-3.82
2025-08-14T06:38:50.000,10.45,321.25,8.15,-6.54
2025-08-14T06:39:50.000,9.86,312.59,6.67,-7.26
2025-08-14T06:40:50.000,10.14,330.63,8.83,-4.97
2025-08-14T06:41:50.000,14.26,330.51,12.41,-7.02
2025-08-14T06:42:50.000,13.6,319.13,10.29,-8.9
2025-08-14T06:43:50.000,11.64,324.6,9.49,-6.74
2025-08-14T06:44:50.000,5.62,349.45,5.52,-1.03
2025-08-14T06:45:50.000,7.81,306.66,4.66,-6.26
2025-08-14T06:46:50.000,3.86,332.67,3.43,-1.77
2025-08-14T06:47:50.000,3.7,317.1,2.71,-2.52
2025-08-14T06:48:50.000,1.12,1.82,1.12,0.04
2025-08-14T06:49:50.000,4.79,327.71,4.05,-2.56
2025-08-14T06:50:50.000,6.97,345.18,6.74,-1.78
2025-08-14T06:51:50.000,3.46,314.58,2.43,-2.47
2025-08-14T06:52:50.000,4.88,326.83,4.09,-2.67
2025-08-14T06:53:50.000,2.7,336.01,2.47,-1.1
2025-08-14T06:54:50.000,3.81,327.76,3.22,-2.03
2025-08-14T06:55:50.000,4.16,323.07,3.32,-2.5
2025-08-14T06:56:50.000,2.66,331.53,2.34,-1.27
2025-08-14T06:57:50.000,1.63,324.88,1.33,-0.94
2025-08-14T06:58:50.000,2.46,338.78,2.3,-0.89
2025-08-14T06:59:50.000,1.37,315.84,0.98,-0.95
2025-08-14T07:00:50.000,3.1,289.88,1.06,-2.92
2025-08-14T07:01:50.000,5.14,337.34,4.74,-1.98
2025-08-14T07:02:50.000,5.12,339.21,4.79,-1.82
2025-08-14T07:03:50.000,6.09,335.11,5.53,-2.56
2025-08-14T07:04:50.000,4.6,346.02,4.46,-1.11
2025-08-14T07:05:50.000,3.68,334.46,3.32,-1.59
2025-08-14T07:06:50.000,3.31,339.53,3.1,-1.16
2025-08-14T07:07:50.000,3.39,331.87,2.99,-1.6
2025-08-14T07:08:50.000,5.44,344.69,5.24,-1.44
2025-08-14T07:09:50.000,4.1,333.24,3.67,-1.85
2025-08-14T07:10:50.000,6.55,338.04,6.08,-2.45
2025-08-14T07:11:50.000,6.72,326.29,5.59,-3.73
2025-08-14T07:12:50.000,4.85,338.84,4.53,-1.75
2025-08-14T07:13:50.000,5.48,332.61,4.87,-2.52
2025-08-14T07:14:50.000,6.31,347.28,6.15,-1.39
2025-08-14T07:15:50.000,4.06,322.83,3.24,-2.45
2025-08-14T07:16:50.000,3.63,334.99,3.29,-1.53
2025-08-14T07:17:50.000,5.26,323.99,4.26,-3.1
2025-08-14T07:18:50.000,8.46,338.75,7.88,-3.07
2025-08-14T07:19:50.000,5.96,337.07,5.49,-2.32
2025-08-14T07:20:50.000,4.57,329.59,3.94,-2.31
2025-08-14T07:21:50.000,3.21,341.46,3.05,-1.02
2025-08-14T07:22:50.000,4.75,322.02,3.75,-2.93
2025-08-14T07:23:50.000,4.55,298.42,2.17,-4
2025-08-14T07:24:50.000,6.25,295.71,2.71,-5.63
2025-08-14T07:25:50.000,5.55,300.74,2.84,-4.77
2025-08-14T07:26:50.000,6.93,322.1,5.47,-4.26
2025-08-14T07:27:50.000,5.28,331.63,4.65,-2.51
2025-08-14T07:28:50.000,5.05,322.26,3.99,-3.09
2025-08-14T07:29:50.000,4.39,306.82,2.63,-3.51
2025-08-14T07:30:50.000,3.02,328.95,2.59,-1.56
2025-08-14T07:31:50.000,6.74,329.43,5.8,-3.43
2025-08-14T07:32:50.000,5.71,326.54,4.77,-3.15
2025-08-14T07:33:50.000,10.52,299.08,5.11,-9.19
2025-08-14T07:34:50.000,9.87,307.92,6.07,-7.78
2025-08-14T07:35:50.000,8.36,317.62,6.18,-5.63
2025-08-14T07:36:50.000,5.55,317.75,4.11,-3.73
2025-08-14T07:37:50.000,3.39,302.29,1.81,-2.86
2025-08-14T07:38:50.000,2.22,254.86,-0.58,-2.14
2025-08-14T07:39:50.000,9.35,312.4,6.3,-6.9
2025-08-14T07:40:50.000,8.65,280.62,1.6,-8.51
2025-08-14T07:41:50.000,6.22,338.73,5.79,-2.25
2025-08-14T07:42:50.000,11.7,311.71,7.78,-8.73
2025-08-14T07:43:50.000,7.78,328.09,6.6,-4.11
2025-08-14T07:44:50.000,10.24,317.61,7.56,-6.9
2025-08-14T07:45:50.000,7.68,310.09,4.94,-5.87
2025-08-14T07:46:50.000,11.97,317.35,8.8,-8.11
2025-08-14T07:47:50.000,9.46,317.54,6.98,-6.38
2025-08-14T07:48:50.000,8.95,308.66,5.59,-6.99
2025-08-14T07:49:50.000,11.22,307.61,6.85,-8.89
2025-08-14T07:50:50.000,9.44,320.67,7.3,-5.98
2025-08-14T07:51:50.000,8.5,314.18,5.92,-6.1
2025-08-14T07:52:50.000,13.1,305.36,7.58,-10.68
2025-08-14T07:53:50.000,8.54,323.11,6.83,-5.13
2025-08-14T07:54:50.000,12.31,304.62,6.99,-10.13
2025-08-14T07:55:50.000,12.14,311.6,8.06,-9.08
2025-08-14T07:56:50.000,7.51,304.24,4.22,-6.2
2025-08-14T07:57:50.000,9.14,297.09,4.16,-8.14
2025-08-14T07:58:50.000,12.47,309.64,7.96,-9.61
2025-08-14T07:59:50.000,11.4,297.97,5.35,-10.07
2025-08-14T08:00:50.000,11.89,293.7,4.78,-10.89
2025-08-14T08:01:50.000,6.58,307.15,3.97,-5.24
2025-08-14T08:02:50.000,6.03,306.22,3.56,-4.87
2025-08-14T08:03:50.000,12.74,291.79,4.73,-11.83
2025-08-14T08:04:50.000,7.71,306.3,4.56,-6.21
2025-08-14T08:05:50.000,8.94,314.74,6.29,-6.35
2025-08-14T08:06:50.000,13.43,303.32,7.38,-11.22
2025-08-14T08:07:50.000,13.06,294.6,5.44,-11.88
2025-08-14T08:08:50.000,11.54,299.63,5.7,-10.03
2025-08-14T08:09:50.000,10.87,326.58,9.07,-5.99
2025-08-14T08:10:50.000,13.76,303.3,7.56,-11.5
2025-08-14T08:11:50.000,6.48,303.52,3.58,-5.4
2025-08-14T08:12:50.000,13.4,297.29,6.14,-11.91
2025-08-14T08:13:50.000,8.31,323.17,6.66,-4.98
2025-08-14T08:14:50.000,9.2,312.43,6.21,-6.79
2025-08-14T08:15:50.000,12.62,325.76,10.43,-7.1
2025-08-14T08:16:50.000,15.54,319.92,11.89,-10.01
2025-08-14T08:17:50.000,15.31,309.57,9.76,-11.8
2025-08-14T08:18:50.000,11.88,295.54,5.12,-10.71
2025-08-14T08:19:50.000,14.76,316.61,10.73,-10.14
2025-08-14T08:20:50.000,14.35,330.41,12.48,-7.09
2025-08-14T08:21:50.000,8.45,319.64,6.44,-5.47
2025-08-14T08:22:50.000,6.42,327.19,5.4,-3.48
2025-08-14T08:23:50.000,9.69,311.59,6.43,-7.25
2025-08-14T08:24:50.000,11.69,296.57,5.23,-10.45
2025-08-14T08:25:50.000,6.24,296.71,2.81,-5.58
2025-08-14T08:26:50.000,10.66,315.07,7.55,-7.53
2025-08-14T08:27:50.000,16.82,301.44,8.78,-14.35
2025-08-14T08:28:50.000,16.79,297.55,7.77,-14.88
2025-08-14T08:29:50.000,14.19,311.39,9.38,-10.65
2025-08-14T08:30:50.000,7.69,318.61,5.77,-5.08
2025-08-14T08:31:50.000,12.24,288.19,3.82,-11.63
2025-08-14T08:32:50.000,8.19,305.67,4.77,-6.65
2025-08-14T08:33:50.000,16.96,309.2,10.72,-13.14
2025-08-14T08:34:50.000,15.95,300.72,8.15,-13.71
2025-08-14T08:35:50.000,11.12,322.15,8.78,-6.82
2025-08-14T08:36:50.000,15.16,302.24,8.09,-12.82
2025-08-14T08:37:50.000,16.86,321.77,13.25,-10.43
2025-08-14T08:38:50.000,9.77,301.57,5.11,-8.32
2025-08-14T08:39:50.000,11.88,313.82,8.23,-8.57
2025-08-14T08:40:50.000,15.51,321.34,12.11,-9.69
2025-08-14T08:41:50.000,23.35,308.05,14.39,-18.38
2025-08-14T08:42:50.000,18.04,304.75,10.28,-14.82
2025-08-14T08:43:50.000,11.09,315.47,7.91,-7.78
2025-08-14T08:44:50.000,12.72,293.87,5.15,-11.64
2025-08-14T08:45:50.000,18.37,302.56,9.89,-15.48
2025-08-14T08:46:50.000,18.64,310.18,12.02,-14.24
2025-08-14T08:47:50.000,13.31,281.46,2.65,-13.05
2025-08-14T08:48:50.000,10.65,309.39,6.76,-8.23
2025-08-14T08:49:50.000,9.69,300.19,4.87,-8.37
2025-08-14T08:50:50.000,7.7,325.35,6.33,-4.38
2025-08-14T08:51:50.000,12.33,311.88,8.23,-9.18
2025-08-14T08:52:50.000,14.55,291.61,5.36,-13.53
2025-08-14T08:53:50.000,5.21,301.04,2.69,-4.47
2025-08-14T08:54:50.000,8.54,302.16,4.54,-7.23
2025-08-14T08:55:50.000,10.23,316.89,7.47,-6.99
2025-08-14T08:56:50.000,6.29,307.85,3.86,-4.96
2025-08-14T08:57:50.000,13.86,303.93,7.74,-11.5
2025-08-14T08:58:50.000,14.31,298.97,6.93,-12.52
2025-08-14T08:59:50.000,19.18,289.42,6.38,-18.09
2025-08-14T09:00:50.000,12.77,326.7,10.68,-7.01
2025-08-14T09:01:50.000,18.34,303.97,10.25,-15.21
2025-08-14T09:02:50.000,17.34,314.4,12.14,-12.39
2025-08-14T09:03:50.000,10.29,322.28,8.14,-6.29
2025-08-14T09:04:50.000,15.97,304.06,8.94,-13.23
2025-08-14T09:05:50.000,12.04,316.28,8.7,-8.32
2025-08-14T09:06:50.000,14.08,287.37,4.2,-13.44
2025-08-14T09:07:50.000,7.7,309.97,4.95,-5.9
2025-08-14T09:08:50.000,21.05,296.85,9.51,-18.78
2025-08-14T09:09:50.000,19.57,294.64,8.16,-17.79
2025-08-14T09:10:50.000,16.46,289.38,5.46,-15.53
2025-08-14T09:11:50.000,22.48,308.87,14.11,-17.5
2025-08-14T09:12:50.000,15.28,280.51,2.79,-15.02
2025-08-14T09:13:50.000,12.09,302.32,6.47,-10.22
2025-08-14T09:14:50.000,15.85,298.15,7.48,-13.97
2025-08-14T09:15:50.000,17.47,295.79,7.6,-15.73
2025-08-14T09:16:50.000,16.04,295.04,6.79,-14.53
2025-08-14T09:17:50.000,25.76,294.01,10.48,-23.53
2025-08-14T09:18:50.000,20.16,292.7,7.78,-18.6
2025-08-14T09:19:50.000,16.3,276.71,1.9,-16.19
2025-08-14T09:20:50.000,12.43,297.72,5.78,-11
2025-08-14T09:21:50.000,13.06,285.33,3.45,-12.59
2025-08-14T09:22:50.000,11.13,318.42,8.33,-7.39
2025-08-14T09:23:50.000,18.05,287.04,5.29,-17.26
2025-08-14T09:24:50.000,15.53,299.26,7.59,-13.55
2025-08-14T09:25:50.000,19.71,313.78,13.64,-14.23
2025-08-14T09:26:50.000,17.84,296.27,7.89,-15.99
2025-08-14T09:27:50.000,21.2,286.52,6.03,-20.32
2025-08-14T09:28:50.000,15.43,293.34,6.11,-14.17
2025-08-14T09:29:50.000,17.43,290.52,6.11,-16.32
2025-08-14T09:30:50.000,15.55,311.91,10.39,-11.58
2025-08-14T09:31:50.000,18.76,296.72,8.44,-16.76
2025-08-14T09:32:50.000,12.65,317.6,9.34,-8.53
2025-08-14T09:33:50.000,23.25,287.15,6.86,-22.22
2025-08-14T09:34:50.000,20.03,269.26,-0.26,-20.03
2025-08-14T09:35:50.000,11.46,283.09,2.59,-11.16
2025-08-14T09:36:50.000,16.48,306.26,9.75,-13.29
2025-08-14T09:37:50.000,11.6,296.8,5.23,-10.36
2025-08-14T09:38:50.000,19.02,295.2,8.1,-17.21
2025-08-14T09:39:50.000,13.35,289.77,4.52,-12.57
2025-08-14T09:40:50.000,19.04,299.21,9.29,-16.62
2025-08-14T09:41:50.000,20.65,305.45,11.98,-16.82
2025-08-14T09:42:50.000,14.15,304.01,7.92,-11.73
2025-08-14T09:43:50.000,16.83,287.5,5.06,-16.05
2025-08-14T09:44:50.000,5.74,310.47,3.73,-4.37
2025-08-14T09:45:50.000,13.31,296.95,6.03,-11.87
2025-08-14T09:46:50.000,20.98,301.71,11.03,-17.85
2025-08-14T09:47:50.000,16.92,287.17,5,-16.17
2025-08-14T09:48:50.000,4.85,284.04,1.18,-4.71
2025-08-14T09:49:50.000,15.9,296.59,7.12,-14.21
2025-08-14T09:50:50.000,9.35,297.58,4.33,-8.28
2025-08-14T09:51:50.000,13.32,290.81,4.73,-12.45
2025-08-14T09:52:50.000,14.02,307.02,8.44,-11.19
2025-08-14T09:53:50.000,7.42,287.29,2.21,-7.09
2025-08-14T09:54:50.000,16.03,283.7,3.8,-15.58
2025-08-14T09:55:50.000,17.88,290.43,6.24,-16.75
2025-08-14T09:56:50.000,6.95,291.08,2.5,-6.48
2025-08-14T09:57:50.000,8.75,297.29,4.01,-7.77
2025-08-14T09:58:50.000,8.45,307.01,5.08,-6.74
2025-08-14T09:59:50.000,14.38,291.86,5.36,-13.35
2025-08-14T10:00:50.000,8.24,322.65,6.55,-5
2025-08-14T10:01:50.000,8.73,303.46,4.81,-7.28
2025-08-14T10:02:50.000,15.25,304.87,8.72,-12.51
2025-08-14T10:03:50.000,14.67,296,6.43,-13.18
2025-08-14T10:04:50.000,6.94,304.89,3.97,-5.69
2025-08-14T10:05:50.000,14.65,293.78,5.91,-13.41
2025-08-14T10:06:50.000,11.68,293.05,4.57,-10.75
2025-08-14T10:07:50.000,12.65,292.81,4.91,-11.66
2025-08-14T10:08:50.000,14.64,284.2,3.59,-14.19
2025-08-14T10:09:50.000,7.79,317.01,5.7,-5.31
2025-08-14T10:10:50.000,9.07,299.74,4.5,-7.87
2025-08-14T10:11:50.000,10.19,299.24,4.98,-8.89
2025-08-14T10:12:50.000,13.25,284.91,3.41,-12.8
2025-08-14T10:13:50.000,20.73,294.86,8.72,-18.81
2025-08-14T10:14:50.000,13.07,298.12,6.16,-11.53
2025-08-14T10:15:50.000,12.74,301.96,6.74,-10.81
2025-08-14T10:16:50.000,21.56,300.97,11.1,-18.49
2025-08-14T10:17:50.000,9.33,316.72,6.79,-6.4
2025-08-14T10:18:50.000,14.5,297.49,6.69,-12.86
2025-08-14T10:19:50.000,16.59,305.21,9.57,-13.56
2025-08-14T10:20:50.000,13.45,292.37,5.12,-12.44
2025-08-14T10:21:50.000,6.43,321,5,-4.05
2025-08-14T10:22:50.000,8.78,324.72,7.17,-5.07
2025-08-14T10:23:50.000,10.84,305,6.22,-8.88
2025-08-14T10:24:50.000,20.49,314.36,14.33,-14.65
2025-08-14T10:25:50.000,11.97,291.32,4.35,-11.15
2025-08-14T10:26:50.000,12.06,294.71,5.04,-10.95
2025-08-14T10:27:50.000,17.44,288.06,5.41,-16.58
2025-08-14T10:28:50.000,13,296.94,5.89,-11.59
2025-08-14T10:29:50.000,13.32,317.78,9.86,-8.95
2025-08-14T10:30:50.000,13.59,296.97,6.16,-12.11
2025-08-14T10:31:50.000,11.31,277.39,1.45,-11.21
2025-08-14T10:32:50.000,13.4,309.03,8.44,-10.41
2025-08-14T10:33:50.000,10.85,297.17,4.95,-9.65
2025-08-14T10:34:50.000,17.33,299.54,8.54,-15.07
2025-08-14T10:35:50.000,7.56,306.39,4.49,-6.09
2025-08-14T10:36:50.000,8.04,306.16,4.75,-6.49
2025-08-14T10:37:50.000,2.68,306.16,1.58,-2.17
2025-08-14T10:38:50.000,8.52,299.95,4.25,-7.38
2025-08-14T10:39:50.000,15.37,297.76,7.16,-13.6
2025-08-14T10:40:50.000,6.99,323.13,5.59,-4.2
2025-08-14T10:41:50.000,12.1,301.39,6.3,-10.33
2025-08-14T10:42:50.000,13.39,298.06,6.3,-11.82
2025-08-14T10:43:50.000,9.6,303.76,5.33,-7.98
2025-08-14T10:44:50.000,9.13,313.91,6.33,-6.58
2025-08-14T10:45:50.000,3.99,308.62,2.49,-3.12
2025-08-14T10:46:50.000,5.8,313.06,3.96,-4.24
2025-08-14T10:47:50.000,6.14,297.1,2.79,-5.46
2025-08-14T10:48:50.000,9.87,309.67,6.3,-7.6
2025-08-14T10:49:50.000,5.38,288.39,1.7,-5.1
2025-08-14T10:50:50.000,7.8,300.59,3.97,-6.71
2025-08-14T10:51:50.000,8.52,282.61,1.86,-8.32
2025-08-14T10:52:50.000,2.8,333.57,2.5,-1.24
2025-08-14T10:53:50.000,1.17,288.42,0.37,-1.11
2025-08-14T10:54:50.000,3.11,263.01,-0.38,-3.08
2025-08-14T10:55:50.000,2.48,289.34,0.82,-2.34
2025-08-14T10:56:50.000,5.14,274.71,0.42,-5.12
2025-08-14T10:57:50.000,3.44,254.6,-0.91,-3.32
2025-08-14T10:58:50.000,4.2,256.48,-0.98,-4.08
2025-08-14T10:59:50.000,3.69,287.64,1.12,-3.52
2025-08-14T11:00:50.000,5.53,282.16,1.16,-5.41
2025-08-14T11:01:50.000,6.38,290.16,2.2,-5.99
2025-08-14T11:02:50.000,3.3,286.68,0.95,-3.16
2025-08-14T11:03:50.000,4.32,281.76,0.88,-4.23
2025-08-14T11:04:50.000,6.34,292.34,2.41,-5.86
2025-08-14T11:05:50.000,7.08,276.85,0.85,-7.03
2025-08-14T11:06:50.000,3.33,275.44,0.32,-3.32
2025-08-14T11:07:50.000,5.44,260.64,-0.89,-5.37
2025-08-14T11:08:50.000,4,272.9,0.2,-4
2025-08-14T11:09:50.000,2.66,308.51,1.66,-2.08
2025-08-14T11:10:50.000,1.92,272.2,0.07,-1.92
2025-08-14T11:11:50.000,0.13,142.08,-0.1,0.08
2025-08-14T11:12:50.000,1.8,294.41,0.75,-1.64
2025-08-14T11:13:50.000,4.7,302.5,2.53,-3.96
2025-08-14T11:14:50.000,2.33,291.95,0.87,-2.16
2025-08-14T11:15:50.000,2.74,298.44,1.3,-2.41
2025-08-14T11:16:50.000,1.35,286.31,0.38,-1.3
2025-08-14T11:17:50.000,3.12,316.82,2.28,-2.14
2025-08-14T11:18:50.000,1.77,345.94,1.71,-0.43
2025-08-14T11:19:50.000,2.7,332.68,2.4,-1.24
2025-08-14T11:20:50.000,4.69,328.96,4.02,-2.42
2025-08-14T11:21:50.000,0.57,319.35,0.43,-0.37
2025-08-14T11:22:50.000,0.54,147.26,-0.45,0.29
2025-08-14T11:23:50.000,0.67,165.99,-0.65,0.16
2025-08-14T11:24:50.000,1.61,11.45,1.58,0.32
2025-08-14T11:25:50.000,0.56,214.67,-0.46,-0.32
2025-08-14T11:26:50.000,4.63,202.18,-4.28,-1.75
2025-08-14T11:27:50.000,0.12,84.86,0.01,0.12
2025-08-14T11:28:50.000,0.18,255.98,-0.04,-0.18
2025-08-14T11:29:50.000,1.96,191.76,-1.91,-0.4
2025-08-14T11:30:50.000,1.74,177.96,-1.74,0.06