DateTime,Temperature
2025-08-03T10:32:00Z,28.475849999999998
2025-08-03T10:33:00Z,28.473135
2025-08-03T10:34:00Z,28.47092333333333
2025-08-03T10:35:00Z,28.469555
2025-08-03T10:36:00Z,28.467665
2025-08-03T10:37:00Z,28.462388333333333
2025-08-03T10:38:00Z,28.463083333333334
2025-08-03T10:39:00Z,28.469073333333334
2025-08-03T10:40:00Z,28.475301666666667
2025-08-03T10:41:00Z,28.478385
2025-08-03T10:42:00Z,28.480691666666665
2025-08-03T10:43:00Z,28.480476666666668
2025-08-03T10:44:00Z,28.479343333333333
2025-08-03T10:45:00Z,28.478315
2025-08-03T10:46:00Z,28.477138333333333
2025-08-03T10:47:00Z,28.476589999999998
2025-08-03T10:48:00Z,28.474756666666664
2025-08-03T10:49:00Z,28.473869999999998
2025-08-03T10:50:00Z,28.474206666666667
2025-08-03T10:51:00Z,28.474736666666665
2025-08-03T10:52:00Z,28.47750333333333
2025-08-03T10:53:00Z,28.48052
2025-08-03T10:54:00Z,28.484991666666666
2025-08-03T10:55:00Z,28.485736666666668
2025-08-03T10:56:00Z,28.484543333333335
2025-08-03T10:57:00Z,28.486060000000002
2025-08-03T10:58:00Z,28.491705
2025-08-03T10:59:00Z,28.498601666666666
2025-08-03T11:00:00Z,28.509976666666667
2025-08-03T11:01:00Z,28.504796666666667
2025-08-03T11:02:00Z,28.50115
2025-08-03T11:03:00Z,28.499098333333333
2025-08-03T11:04:00Z,28.492308333333334
2025-08-03T11:05:00Z,28.480468333333334
2025-08-03T11:06:00Z,28.469511666666666
2025-08-03T11:07:00Z,28.453385
2025-08-03T11:08:00Z,28.43790166666667
2025-08-03T11:09:00Z,28.42268
2025-08-03T11:10:00Z,28.407646666666665
2025-08-03T11:11:00Z,28.398795
2025-08-03T11:12:00Z,28.396383333333333
2025-08-03T11:13:00Z,28.39730666666667
2025-08-03T11:14:00Z,28.39742
2025-08-03T11:15:00Z,28.392608333333335
2025-08-03T11:16:00Z,28.38383
2025-08-03T11:17:00Z,28.376328333333333
2025-08-03T11:18:00Z,28.372015
2025-08-03T11:19:00Z,28.369131666666668
2025-08-03T11:20:00Z,28.369108333333333
2025-08-03T11:21:00Z,28.373375
2025-08-03T11:22:00Z,28.37903
2025-08-03T11:23:00Z,28.385106666666665
2025-08-03T11:24:00Z,28.386891666666667
2025-08-03T11:25:00Z,28.381976666666667
2025-08-03T11:26:00Z,28.374705
2025-08-03T11:27:00Z,28.3666
2025-08-03T11:28:00Z,28.357836666666667
2025-08-03T11:29:00Z,28.34865
2025-08-03T11:30:00Z,28.344441666666665
2025-08-03T11:31:00Z,28.342315
2025-08-03T11:32:00Z,28.342988333333334
2025-08-03T11:33:00Z,28.34484
2025-08-03T11:34:00Z,28.342595
2025-08-03T11:35:00Z,28.335166666666666
2025-08-03T11:36:00Z,28.327271666666668
2025-08-03T11:37:00Z,28.320455
2025-08-03T11:38:00Z,28.311408333333333
2025-08-03T11:39:00Z,28.305893333333334
2025-08-03T11:40:00Z,28.305755
2025-08-03T11:41:00Z,28.30683666666667
2025-08-03T11:42:00Z,28.304785
2025-08-03T11:43:00Z,28.301165
2025-08-03T11:44:00Z,28.291795
2025-08-03T11:45:00Z,28.281148333333334
2025-08-03T11:46:00Z,28.273764999999997
2025-08-03T11:47:00Z,28.27184833333333
2025-08-03T11:48:00Z,28.272716666666664
2025-08-03T11:49:00Z,28.27125333333333
2025-08-03T11:50:00Z,28.269876666666665
2025-08-03T11:51:00Z,28.270184999999998
2025-08-03T11:52:00Z,28.272386666666666
2025-08-03T11:53:00Z,28.276376666666668
2025-08-03T11:54:00Z,28.280673333333333
2025-08-03T11:55:00Z,28.281875
2025-08-03T11:56:00Z,28.283998333333333
2025-08-03T11:57:00Z,28.288175000000003
2025-08-03T11:58:00Z,28.295536666666667
2025-08-03T11:59:00Z,28.304135
2025-08-03T12:00:00Z,28.316533333333332
2025-08-03T12:01:00Z,28.335171666666668
2025-08-03T12:02:00Z,28.354298333333332
2025-08-03T12:03:00Z,28.367958333333334
2025-08-03T12:04:00Z,28.371958333333335
2025-08-03T12:05:00Z,28.370526666666667
2025-08-03T12:06:00Z,28.370295
2025-08-03T12:07:00Z,28.371515000000002
2025-08-03T12:08:00Z,28.371141666666666
2025-08-03T12:09:00Z,28.36805
2025-08-03T12:10:00Z,28.367213333333332
2025-08-03T12:11:00Z,28.36786
2025-08-03T12:12:00Z,28.36791
2025-08-03T12:13:00Z,28.366996666666665
2025-08-03T12:14:00Z,28.364326666666667
2025-08-03T12:15:00Z,28.362645
2025-08-03T12:16:00Z,28.362296666666666
2025-08-03T12:17:00Z,28.363895
2025-08-03T12:18:00Z,28.36676333333333
2025-08-03T12:19:00Z,28.372568333333334
2025-08-03T12:20:00Z,28.378531666666667
2025-08-03T12:21:00Z,28.384
2025-08-03T12:22:00Z,28.389021666666668
2025-08-03T12:23:00Z,28.390325
2025-08-03T12:24:00Z,28.388659999999998
2025-08-03T12:25:00Z,28.3846
2025-08-03T12:26:00Z,28.380566666666667
2025-08-03T12:27:00Z,28.372571666666666
2025-08-03T12:28:00Z,28.364836666666665
2025-08-03T12:29:00Z,28.356
2025-08-03T12:30:00Z,28.348011666666668
2025-08-03T12:31:00Z,28.341426666666667
2025-08-03T12:32:00Z,28.338099999999997
2025-08-03T12:33:00Z,28.33648833333333
2025-08-03T12:34:00Z,28.336129999999997
2025-08-03T12:35:00Z,28.337061666666667
2025-08-03T12:36:00Z,28.338706666666667
2025-08-03T12:37:00Z,28.340661666666666
2025-08-03T12:38:00Z,28.341988333333333
2025-08-03T12:39:00Z,28.343878333333333
2025-08-03T12:40:00Z,28.346941666666666
2025-08-03T12:41:00Z,28.348988333333335
2025-08-03T12:42:00Z,28.350303333333333
2025-08-03T12:43:00Z,28.352141666666668
2025-08-03T12:44:00Z,28.356751666666668
2025-08-03T12:45:00Z,28.361923333333333
2025-08-03T12:46:00Z,28.36438
2025-08-03T12:47:00Z,28.367175
2025-08-03T12:48:00Z,28.370411666666666
2025-08-03T12:49:00Z,28.373011666666667
2025-08-03T12:50:00Z,28.37844
2025-08-03T12:51:00Z,28.386255
2025-08-03T12:52:00Z,28.394918333333333
2025-08-03T12:53:00Z,28.402668333333335
2025-08-03T12:54:00Z,28.410926666666665
2025-08-03T12:55:00Z,28.419998333333336
2025-08-03T12:56:00Z,28.428285
2025-08-03T12:57:00Z,28.434578333333334
2025-08-03T12:58:00Z,28.438818333333334
2025-08-03T12:59:00Z,28.443160000000002
2025-08-03T13:00:00Z,28.451725
2025-08-03T13:01:00Z,28.466991666666665
2025-08-03T13:02:00Z,28.48233
2025-08-03T13:03:00Z,28.495725
2025-08-03T13:04:00Z,28.507603333333336
2025-08-03T13:05:00Z,28.51306
2025-08-03T13:06:00Z,28.516975
2025-08-03T13:07:00Z,28.518943333333333
2025-08-03T13:08:00Z,28.520121666666665
2025-08-03T13:09:00Z,28.518639999999998
2025-08-03T13:10:00Z,28.514945
2025-08-03T13:11:00Z,28.512453333333333
2025-08-03T13:12:00Z,28.512233333333334
2025-08-03T13:13:00Z,28.511840000000003
2025-08-03T13:14:00Z,28.510438333333333
2025-08-03T13:15:00Z,28.50926
2025-08-03T13:16:00Z,28.50841666666667
2025-08-03T13:17:00Z,28.50693
2025-08-03T13:18:00Z,28.50636666666667
2025-08-03T13:19:00Z,28.505383333333334
2025-08-03T13:20:00Z,28.506525
2025-08-03T13:21:00Z,28.506975
2025-08-03T13:22:00Z,28.506998333333335
2025-08-03T13:23:00Z,28.50702
2025-08-03T13:24:00Z,28.50585166666667
2025-08-03T13:25:00Z,28.504926666666666
2025-08-03T13:26:00Z,28.504398333333334
2025-08-03T13:27:00Z,28.504325
2025-08-03T13:28:00Z,28.50528166666667
2025-08-03T13:29:00Z,28.50744166666667
2025-08-03T13:30:00Z,28.50971666666667
2025-08-03T13:31:00Z,28.515123333333335
2025-08-03T13:32:00Z,28.520688333333332
2025-08-03T13:33:00Z,28.523865
2025-08-03T13:34:00Z,28.525686666666665
2025-08-03T13:35:00Z,28.526483333333335
2025-08-03T13:36:00Z,28.526646666666668
2025-08-03T13:37:00Z,28.52308
2025-08-03T13:38:00Z,28.51933
2025-08-03T13:39:00Z,28.515721666666668
2025-08-03T13:40:00Z,28.512245
2025-08-03T13:41:00Z,28.508263333333336
2025-08-03T13:42:00Z,28.50559
2025-08-03T13:43:00Z,28.504081666666668
2025-08-03T13:44:00Z,28.503265
2025-08-03T13:45:00Z,28.501079999999998
2025-08-03T13:46:00Z,28.49959833333333
2025-08-03T13:47:00Z,28.499278333333333
2025-08-03T13:48:00Z,28.498768333333334
2025-08-03T13:49:00Z,28.499593333333333
2025-08-03T13:50:00Z,28.500461666666666
2025-08-03T13:51:00Z,28.499938333333333
2025-08-03T13:52:00Z,28.499444999999998
2025-08-03T13:53:00Z,28.498561666666667
2025-08-03T13:54:00Z,28.497281666666666
2025-08-03T13:55:00Z,28.49683333333333
2025-08-03T13:56:00Z,28.496621666666666
2025-08-03T13:57:00Z,28.494771666666665
2025-08-03T13:58:00Z,28.490563333333334
2025-08-03T13:59:00Z,28.48583
2025-08-03T14:00:00Z,28.484571666666668
2025-08-03T14:01:00Z,28.481633333333335
2025-08-03T14:02:00Z,28.479343333333333
2025-08-03T14:03:00Z,28.47824
2025-08-03T14:04:00Z,28.47829833333333
2025-08-03T14:05:00Z,28.47795
2025-08-03T14:06:00Z,28.47635
2025-08-03T14:07:00Z,28.47461
2025-08-03T14:08:00Z,28.470756666666666
2025-08-03T14:09:00Z,28.467165
2025-08-03T14:10:00Z,28.464113333333334
2025-08-03T14:11:00Z,28.461556666666667
2025-08-03T14:12:00Z,28.458943333333334
2025-08-03T14:13:00Z,28.456758333333333
2025-08-03T14:14:00Z,28.455811666666666
2025-08-03T14:15:00Z,28.45515333333333
2025-08-03T14:16:00Z,28.455993333333332
2025-08-03T14:17:00Z,28.455338333333334
2025-08-03T14:18:00Z,28.453855
2025-08-03T14:19:00Z,28.45155833333333
2025-08-03T14:20:00Z,28.44679
2025-08-03T14:21:00Z,28.44301666666667
2025-08-03T14:22:00Z,28.440511666666666
2025-08-03T14:23:00Z,28.439216666666667
2025-08-03T14:24:00Z,28.43794
2025-08-03T14:25:00Z,28.437783333333332
2025-08-03T14:26:00Z,28.437511666666666
2025-08-03T14:27:00Z,28.437708333333333
2025-08-03T14:28:00Z,28.437891666666665
2025-08-03T14:29:00Z,28.438156666666668
2025-08-03T14:30:00Z,28.438601666666667
2025-08-03T14:31:00Z,28.43924
2025-08-03T14:32:00Z,28.439756666666668
2025-08-03T14:33:00Z,28.440818333333333
2025-08-03T14:34:00Z,28.442405
2025-08-03T14:35:00Z,28.443523333333335
2025-08-03T14:36:00Z,28.4461
2025-08-03T14:37:00Z,28.44851
2025-08-03T14:38:00Z,28.450316666666666
2025-08-03T14:39:00Z,28.451438333333332
2025-08-03T14:40:00Z,28.45302
2025-08-03T14:41:00Z,28.453928333333334
2025-08-03T14:42:00Z,28.454521666666665
2025-08-03T14:43:00Z,28.45548
2025-08-03T14:44:00Z,28.45447
2025-08-03T14:45:00Z,28.45261
2025-08-03T14:46:00Z,28.451676666666664
2025-08-03T14:47:00Z,28.451866666666668
2025-08-03T14:48:00Z,28.453178333333334
2025-08-03T14:49:00Z,28.46357
2025-08-03T14:50:00Z,28.471948333333334
2025-08-03T14:51:00Z,28.480735
2025-08-03T14:52:00Z,28.48196
2025-08-03T14:53:00Z,28.480665
2025-08-03T14:54:00Z,28.478051666666666
2025-08-03T14:55:00Z,28.474845
2025-08-03T14:56:00Z,28.469098333333335
2025-08-03T14:57:00Z,28.463823333333334
2025-08-03T14:58:00Z,28.461063333333335
2025-08-03T14:59:00Z,28.459721666666667
2025-08-03T15:00:00Z,28.458011666666668
2025-08-03T15:01:00Z,28.456733333333332
2025-08-03T15:02:00Z,28.454706666666667
2025-08-03T15:03:00Z,28.45287833333333
2025-08-03T15:04:00Z,28.455105
2025-08-03T15:05:00Z,28.458071666666665
2025-08-03T15:06:00Z,28.458531666666666
2025-08-03T15:07:00Z,28.458191666666668
2025-08-03T15:08:00Z,28.457525
2025-08-03T15:09:00Z,28.455598333333334
2025-08-03T15:10:00Z,28.454214999999998
2025-08-03T15:11:00Z,28.452718333333333
2025-08-03T15:12:00Z,28.452401666666667
2025-08-03T15:13:00Z,28.452303333333333
2025-08-03T15:14:00Z,28.454565
2025-08-03T15:15:00Z,28.46509
2025-08-03T15:16:00Z,28.479308333333332
2025-08-03T15:17:00Z,28.512268333333335
2025-08-03T15:18:00Z,28.571891666666666
2025-08-03T15:19:00Z,28.598865
2025-08-03T15:20:00Z,28.631133333333334
2025-08-03T15:21:00Z,28.655971666666666
2025-08-03T15:22:00Z,28.68925
2025-08-03T15:23:00Z,28.750881666666668
2025-08-03T15:24:00Z,28.818236666666667
2025-08-03T15:25:00Z,28.865091666666668
2025-08-03T15:26:00Z,28.882605
2025-08-03T15:27:00Z,28.882775000000002
2025-08-03T15:28:00Z,28.885346666666667
2025-08-03T15:29:00Z,28.889008333333333
2025-08-03T15:30:00Z,28.89455333333333
2025-08-03T15:31:00Z,28.893571666666666
2025-08-03T15:32:00Z,28.88889
2025-08-03T15:33:00Z,28.883705000000003
2025-08-03T15:34:00Z,28.887215
2025-08-03T15:35:00Z,28.908315
2025-08-03T15:36:00Z,28.933826666666665
2025-08-03T15:37:00Z,28.937696666666668
2025-08-03T15:38:00Z,28.953145
2025-08-03T15:39:00Z,28.977458333333335
2025-08-03T15:40:00Z,29.00187
2025-08-03T15:41:00Z,29.017955
2025-08-03T15:42:00Z,29.019101666666668
2025-08-03T15:43:00Z,29.029136666666666
2025-08-03T15:44:00Z,29.031033333333333
2025-08-03T15:45:00Z,29.024413333333335
2025-08-03T15:46:00Z,29.018
2025-08-03T15:47:00Z,29.009
2025-08-03T15:48:00Z,29.005413333333333
2025-08-03T15:49:00Z,28.995546666666666
2025-08-03T15:50:00Z,28.987853333333334
2025-08-03T15:51:00Z,28.97642666666667
2025-08-03T15:52:00Z,28.975540000000002
2025-08-03T15:53:00Z,28.979411666666667
2025-08-03T15:54:00Z,28.989733333333334
2025-08-03T15:55:00Z,28.992865
2025-08-03T15:56:00Z,28.991194999999998
2025-08-03T15:57:00Z,28.987436666666667
2025-08-03T15:58:00Z,28.978745
2025-08-03T15:59:00Z,28.972581666666667
2025-08-03T16:00:00Z,28.969533333333334
2025-08-03T16:01:00Z,28.969246666666667
2025-08-03T16:02:00Z,28.970246666666668
2025-08-03T16:03:00Z,28.969538333333333
2025-08-03T16:04:00Z,28.96924
2025-08-03T16:05:00Z,28.967793333333333
2025-08-03T16:06:00Z,28.965543333333333
2025-08-03T16:07:00Z,28.96248333333333
2025-08-03T16:08:00Z,28.95831
2025-08-03T16:09:00Z,28.953153333333333
2025-08-03T16:10:00Z,28.947993333333333
2025-08-03T16:11:00Z,28.944091666666665
2025-08-03T16:12:00Z,28.941066666666664
2025-08-03T16:13:00Z,28.938834999999997
2025-08-03T16:14:00Z,28.938096666666667
2025-08-03T16:15:00Z,28.937884999999998
2025-08-03T16:16:00Z,28.938531666666666
2025-08-03T16:17:00Z,28.938625
2025-08-03T16:18:00Z,28.939148333333332
2025-08-03T16:19:00Z,28.938501666666664
2025-08-03T16:20:00Z,28.938335
2025-08-03T16:21:00Z,28.938723333333332
2025-08-03T16:22:00Z,28.93986
2025-08-03T16:23:00Z,28.942518333333332
2025-08-03T16:24:00Z,28.942831666666667
2025-08-03T16:25:00Z,28.936671666666665
2025-08-03T16:26:00Z,28.928226666666667
2025-08-03T16:27:00Z,28.91889833333333
2025-08-03T16:28:00Z,28.90895666666667
2025-08-03T16:29:00Z,28.90105
2025-08-03T16:30:00Z,28.893521666666665
2025-08-03T16:31:00Z,28.886883333333333
2025-08-03T16:32:00Z,28.882081666666668
2025-08-03T16:33:00Z,28.878308333333333
2025-08-03T16:34:00Z,28.871856666666666
2025-08-03T16:35:00Z,28.860915000000002
2025-08-03T16:36:00Z,28.84725
2025-08-03T16:37:00Z,28.835828333333335
2025-08-03T16:38:00Z,28.823145
2025-08-03T16:39:00Z,28.80542
2025-08-03T16:40:00Z,28.78582
2025-08-03T16:41:00Z,28.76638833333333
2025-08-03T16:42:00Z,28.7447
2025-08-03T16:43:00Z,28.721443333333333
2025-08-03T16:44:00Z,28.701726666666666
2025-08-03T16:45:00Z,28.681818333333332
2025-08-03T16:46:00Z,28.661875
2025-08-03T16:47:00Z,28.639785
2025-08-03T16:48:00Z,28.6169
2025-08-03T16:49:00Z,28.595393333333334
2025-08-03T16:50:00Z,28.581138333333335
2025-08-03T16:51:00Z,28.570591666666665
2025-08-03T16:52:00Z,28.562626666666667
2025-08-03T16:53:00Z,28.558971666666668
2025-08-03T16:54:00Z,28.554436666666668
2025-08-03T16:55:00Z,28.547725
2025-08-03T16:56:00Z,28.538481666666666
2025-08-03T16:57:00Z,28.528643333333335
2025-08-03T16:58:00Z,28.517053333333333
2025-08-03T16:59:00Z,28.505723333333332
2025-08-03T17:00:00Z,28.495929999999998
2025-08-03T17:01:00Z,28.487455
2025-08-03T17:02:00Z,28.48175
2025-08-03T17:03:00Z,28.478481666666667
2025-08-03T17:04:00Z,28.475638333333332
2025-08-03T17:05:00Z,28.473121666666664
2025-08-03T17:06:00Z,28.471461666666666
2025-08-03T17:07:00Z,28.47005
2025-08-03T17:08:00Z,28.468316666666666
2025-08-03T17:09:00Z,28.465488333333333
2025-08-03T17:10:00Z,28.46357666666667
2025-08-03T17:11:00Z,28.462668333333333
2025-08-03T17:12:00Z,28.464758333333336
2025-08-03T17:13:00Z,28.468601666666668
2025-08-03T17:14:00Z,28.471674999999998
2025-08-03T17:15:00Z,28.473869999999998
2025-08-03T17:16:00Z,28.477736666666665
2025-08-03T17:17:00Z,28.484588333333335
2025-08-03T17:18:00Z,28.486471666666667
2025-08-03T17:19:00Z,28.489315
2025-08-03T17:20:00Z,28.494301666666665
2025-08-03T17:21:00Z,28.499071666666666
2025-08-03T17:22:00Z,28.502696666666665
2025-08-03T17:23:00Z,28.505496666666666
2025-08-03T17:24:00Z,28.507076666666666
2025-08-03T17:25:00Z,28.510360000000002
2025-08-03T17:26:00Z,28.514608333333335
2025-08-03T17:27:00Z,28.518046666666667
2025-08-03T17:28:00Z,28.52198333333333
2025-08-03T17:29:00Z,28.527198333333335
2025-08-03T17:30:00Z,28.532773333333335
2025-08-03T17:31:00Z,28.537475
2025-08-03T17:32:00Z,28.539928333333332
2025-08-03T17:33:00Z,28.542223333333332
2025-08-03T17:34:00Z,28.545033333333333
2025-08-03T17:35:00Z,28.547425
2025-08-03T17:36:00Z,28.54851
2025-08-03T17:37:00Z,28.54796
2025-08-03T17:38:00Z,28.547208333333334
2025-08-03T17:39:00Z,28.546291666666665
2025-08-03T17:40:00Z,28.546715
2025-08-03T17:41:00Z,28.548366666666666
2025-08-03T17:42:00Z,28.548678333333335
2025-08-03T17:43:00Z,28.550593333333335
2025-08-03T17:44:00Z,28.553486666666668
2025-08-03T17:45:00Z,28.555565
2025-08-03T17:46:00Z,28.55664666666667
2025-08-03T17:47:00Z,28.557988333333334
2025-08-03T17:48:00Z,28.560166666666667
2025-08-03T17:49:00Z,28.56418
2025-08-03T17:50:00Z,28.567256666666665
2025-08-03T17:51:00Z,28.565636666666666
2025-08-03T17:52:00Z,28.559125
2025-08-03T17:53:00Z,28.553341666666668
2025-08-03T17:54:00Z,28.548211666666667
2025-08-03T17:55:00Z,28.542434999999998
2025-08-03T17:56:00Z,28.536408333333334
2025-08-03T17:57:00Z,28.531963333333334
2025-08-03T17:58:00Z,28.528541666666666
2025-08-03T17:59:00Z,28.526338333333335
2025-08-03T18:00:00Z,28.524085
2025-08-03T18:01:00Z,28.522671666666668
2025-08-03T18:02:00Z,28.521031666666666
2025-08-03T18:03:00Z,28.520053333333333
2025-08-03T18:04:00Z,28.518853333333333
2025-08-03T18:05:00Z,28.518781666666666
2025-08-03T18:06:00Z,28.519473333333334
2025-08-03T18:07:00Z,28.520266666666664
2025-08-03T18:08:00Z,28.518375
2025-08-03T18:09:00Z,28.51396666666667
2025-08-03T18:10:00Z,28.503311666666665
2025-08-03T18:11:00Z,28.492273333333333
2025-08-03T18:12:00Z,28.480996666666666
2025-08-03T18:13:00Z,28.470803333333333
2025-08-03T18:14:00Z,28.462068333333335
2025-08-03T18:15:00Z,28.456271666666666
2025-08-03T18:16:00Z,28.449863333333333
2025-08-03T18:17:00Z,28.442113333333335
2025-08-03T18:18:00Z,28.437555
2025-08-03T18:19:00Z,28.43507333333333
2025-08-03T18:20:00Z,28.43502
2025-08-03T18:21:00Z,28.436216666666667
2025-08-03T18:22:00Z,28.437516666666667
2025-08-03T18:23:00Z,28.438865
2025-08-03T18:24:00Z,28.439991666666668
2025-08-03T18:25:00Z,28.44168
2025-08-03T18:26:00Z,28.443045
2025-08-03T18:27:00Z,28.444965
2025-08-03T18:28:00Z,28.447803333333333
2025-08-03T18:29:00Z,28.44965
2025-08-03T18:30:00Z,28.451408333333333
2025-08-03T18:31:00Z,28.4511
2025-08-03T18:32:00Z,28.448336666666666
2025-08-03T18:33:00Z,28.441066666666668
2025-08-03T18:34:00Z,28.432855
2025-08-03T18:35:00Z,28.421845
2025-08-03T18:36:00Z,28.40936
2025-08-03T18:37:00Z,28.399525
2025-08-03T18:38:00Z,28.390298333333334
2025-08-03T18:39:00Z,28.380288333333333
2025-08-03T18:40:00Z,28.36857
2025-08-03T18:41:00Z,28.358999999999998
2025-08-03T18:42:00Z,28.350413333333336
2025-08-03T18:43:00Z,28.341116666666665
2025-08-03T18:44:00Z,28.332978333333333
2025-08-03T18:45:00Z,28.32562666666667
2025-08-03T18:46:00Z,28.318161666666665
2025-08-03T18:47:00Z,28.312806666666667
2025-08-03T18:48:00Z,28.30858166666667
2025-08-03T18:49:00Z,28.30523
2025-08-03T18:50:00Z,28.302088333333334
2025-08-03T18:51:00Z,28.300711666666665
2025-08-03T18:52:00Z,28.298738333333333
2025-08-03T18:53:00Z,28.297328333333333
2025-08-03T18:54:00Z,28.295821666666665
2025-08-03T18:55:00Z,28.295855
2025-08-03T18:56:00Z,28.294813333333334
2025-08-03T18:57:00Z,28.289651666666668
2025-08-03T18:58:00Z,28.282241666666668
2025-08-03T18:59:00Z,28.275213333333333
2025-08-03T19:00:00Z,28.268065
2025-08-03T19:01:00Z,28.260793333333332
2025-08-03T19:02:00Z,28.25543
2025-08-03T19:03:00Z,28.251058333333333
2025-08-03T19:04:00Z,28.24831
2025-08-03T19:05:00Z,28.244733333333336
2025-08-03T19:06:00Z,28.242963333333336
2025-08-03T19:07:00Z,28.240936666666666
2025-08-03T19:08:00Z,28.240578333333335
2025-08-03T19:09:00Z,28.24063166666667
2025-08-03T19:10:00Z,28.241998333333335
2025-08-03T19:11:00Z,28.24099
2025-08-03T19:12:00Z,28.239811666666668
2025-08-03T19:13:00Z,28.239063333333334
2025-08-03T19:14:00Z,28.237926666666667
2025-08-03T19:15:00Z,28.235548333333334
2025-08-03T19:16:00Z,28.233453333333333
2025-08-03T19:17:00Z,28.230831666666667
2025-08-03T19:18:00Z,28.22791833333333
2025-08-03T19:19:00Z,28.227046666666666
2025-08-03T19:20:00Z,28.227349999999998
2025-08-03T19:21:00Z,28.228936666666666
2025-08-03T19:22:00Z,28.230925
2025-08-03T19:23:00Z,28.232205
2025-08-03T19:24:00Z,28.233618333333332
2025-08-03T19:25:00Z,28.235238333333335
2025-08-03T19:26:00Z,28.238048333333335
2025-08-03T19:27:00Z,28.240286666666666
2025-08-03T19:28:00Z,28.24363166666667
2025-08-03T19:29:00Z,28.245996666666667
2025-08-03T19:30:00Z,28.249613333333333
2025-08-03T19:31:00Z,28.252818333333334
2025-08-03T19:32:00Z,28.255196666666667
2025-08-03T19:33:00Z,28.257223333333332
2025-08-03T19:34:00Z,28.258423333333333
2025-08-03T19:35:00Z,28.259978333333333
2025-08-03T19:36:00Z,28.261596666666666
2025-08-03T19:37:00Z,28.263668333333335
2025-08-03T19:38:00Z,28.267870000000002
2025-08-03T19:39:00Z,28.269438333333333
2025-08-03T19:40:00Z,28.27032833333333
2025-08-03T19:41:00Z,28.270466666666664
2025-08-03T19:42:00Z,28.269756666666666
2025-08-03T19:43:00Z,28.269438333333333
2025-08-03T19:44:00Z,28.26856
2025-08-03T19:45:00Z,28.267653333333335
2025-08-03T19:46:00Z,28.267488333333333
2025-08-03T19:47:00Z,28.26765
2025-08-03T19:48:00Z,28.268933333333333
2025-08-03T19:49:00Z,28.26872
2025-08-03T19:50:00Z,28.26972333333333
2025-08-03T19:51:00Z,28.270595
2025-08-03T19:52:00Z,28.272818333333333
2025-08-03T19:53:00Z,28.276306666666667
2025-08-03T19:54:00Z,28.281081666666665
2025-08-03T19:55:00Z,28.288015
2025-08-03T19:56:00Z,28.295323333333332
2025-08-03T19:57:00Z,28.300621666666668
2025-08-03T19:58:00Z,28.304718333333334
2025-08-03T19:59:00Z,28.307746666666667
2025-08-03T20:00:00Z,28.308925000000002
2025-08-03T20:01:00Z,28.309543333333334
2025-08-03T20:02:00Z,28.309706666666667
2025-08-03T20:03:00Z,28.309468333333335
2025-08-03T20:04:00Z,28.308736666666668
2025-08-03T20:05:00Z,28.308231666666668
2025-08-03T20:06:00Z,28.307550000000003
2025-08-03T20:07:00Z,28.306816666666666
2025-08-03T20:08:00Z,28.306315
2025-08-03T20:09:00Z,28.30641166666667
2025-08-03T20:10:00Z,28.30627
2025-08-03T20:11:00Z,28.30646
2025-08-03T20:12:00Z,28.307151666666666
2025-08-03T20:13:00Z,28.307143333333336
2025-08-03T20:14:00Z,28.306911666666668
2025-08-03T20:15:00Z,28.306696666666667
2025-08-03T20:16:00Z,28.305633333333333
2025-08-03T20:17:00Z,28.304785
2025-08-03T20:18:00Z,28.302738333333334
2025-08-03T20:19:00Z,28.302835
2025-08-03T20:20:00Z,28.300308333333334
2025-08-03T20:21:00Z,28.297214999999998
2025-08-03T20:22:00Z,28.295479999999998
2025-08-03T20:23:00Z,28.294108333333334
2025-08-03T20:24:00Z,28.2933
2025-08-03T20:25:00Z,28.292798333333334
2025-08-03T20:26:00Z,28.291848333333334
2025-08-03T20:27:00Z,28.291035
2025-08-03T20:28:00Z,28.292138333333334
2025-08-03T20:29:00Z,28.29586833333333
2025-08-03T20:30:00Z,28.298735
2025-08-03T20:31:00Z,28.30120833333333
2025-08-03T20:32:00Z,28.301325
2025-08-03T20:33:00Z,28.30085
2025-08-03T20:34:00Z,28.300145
2025-08-03T20:35:00Z,28.299863333333334
2025-08-03T20:36:00Z,28.299348333333334
2025-08-03T20:37:00Z,28.298691666666667
2025-08-03T20:38:00Z,28.29843
2025-08-03T20:39:00Z,28.298663333333334
2025-08-03T20:40:00Z,28.29890333333333
2025-08-03T20:41:00Z,28.299491666666665
2025-08-03T20:42:00Z,28.30064
2025-08-03T20:43:00Z,28.302165
2025-08-03T20:44:00Z,28.303268333333335
2025-08-03T20:45:00Z,28.304206666666666
2025-08-03T20:46:00Z,28.305590000000002
2025-08-03T20:47:00Z,28.305590000000002
2025-08-03T20:48:00Z,28.305775
2025-08-03T20:49:00Z,28.305071666666667
2025-08-03T20:50:00Z,28.304313333333333
2025-08-03T20:51:00Z,28.303511666666665
2025-08-03T20:52:00Z,28.303603333333335
2025-08-03T20:53:00Z,28.303961666666666
2025-08-03T20:54:00Z,28.304366666666667
2025-08-03T20:55:00Z,28.304243333333332
2025-08-03T20:56:00Z,28.30521166666667
2025-08-03T20:57:00Z,28.30479
2025-08-03T20:58:00Z,28.305046666666666
2025-08-03T20:59:00Z,28.305
2025-08-03T21:00:00Z,28.305285
2025-08-03T21:01:00Z,28.305966666666666
2025-08-03T21:02:00Z,28.306101666666667
2025-08-03T21:03:00Z,28.306083333333333
2025-08-03T21:04:00Z,28.305493333333335
2025-08-03T21:05:00Z,28.304295
2025-08-03T21:06:00Z,28.301998333333334
2025-08-03T21:07:00Z,28.299231666666667
2025-08-03T21:08:00Z,28.297398333333334
2025-08-03T21:09:00Z,28.296168333333334
2025-08-03T21:10:00Z,28.296993333333333
2025-08-03T21:11:00Z,28.297211666666666
2025-08-03T21:12:00Z,28.298008333333332
2025-08-03T21:13:00Z,28.298403333333333
2025-08-03T21:14:00Z,28.298761666666667
2025-08-03T21:15:00Z,28.299371666666666
2025-08-03T21:16:00Z,28.299981666666667
2025-08-03T21:17:00Z,28.301423333333332
2025-08-03T21:18:00Z,28.302215
2025-08-03T21:19:00Z,28.302888333333332
2025-08-03T21:20:00Z,28.303653333333333
2025-08-03T21:21:00Z,28.30516666666667
2025-08-03T21:22:00Z,28.308131666666668
2025-08-03T21:23:00Z,28.310200000000002
2025-08-03T21:24:00Z,28.311596666666667
2025-08-03T21:25:00Z,28.313326666666665
2025-08-03T21:26:00Z,28.31361833333333
2025-08-03T21:27:00Z,28.314451666666667
2025-08-03T21:28:00Z,28.31488333333333
2025-08-03T21:29:00Z,28.31583333333333
2025-08-03T21:30:00Z,28.31779
2025-08-03T21:31:00Z,28.317384999999998
2025-08-03T21:32:00Z,28.31831
2025-08-03T21:33:00Z,28.319208333333332
2025-08-03T21:34:00Z,28.320491666666666
2025-08-03T21:35:00Z,28.32091833333333
2025-08-03T21:36:00Z,28.320608333333332
2025-08-03T21:37:00Z,28.321213333333333
2025-08-03T21:38:00Z,28.323046666666666
2025-08-03T21:39:00Z,28.326520000000002
2025-08-03T21:40:00Z,28.328623333333333
2025-08-03T21:41:00Z,28.33113
2025-08-03T21:42:00Z,28.334255
2025-08-03T21:43:00Z,28.33832333333333
2025-08-03T21:44:00Z,28.340786666666666
2025-08-03T21:45:00Z,28.34212833333333
2025-08-03T21:46:00Z,28.342795
2025-08-03T21:47:00Z,28.342655
2025-08-03T21:48:00Z,28.342461666666665
2025-08-03T21:49:00Z,28.34255333333333
2025-08-03T21:50:00Z,28.34308
2025-08-03T21:51:00Z,28.343501666666665
2025-08-03T21:52:00Z,28.34543
2025-08-03T21:53:00Z,28.347783333333332
2025-08-03T21:54:00Z,28.351563333333335
2025-08-03T21:55:00Z,28.355888333333333
2025-08-03T21:56:00Z,28.359185
2025-08-03T21:57:00Z,28.35963
2025-08-03T21:58:00Z,28.359941666666664
2025-08-03T21:59:00Z,28.360576666666667
2025-08-03T22:00:00Z,28.360623333333333
2025-08-03T22:01:00Z,28.36114
2025-08-03T22:02:00Z,28.361443333333334
2025-08-03T22:03:00Z,28.360783333333334
2025-08-03T22:04:00Z,28.360809999999997
2025-08-03T22:05:00Z,28.36121
2025-08-03T22:06:00Z,28.361448333333332
2025-08-03T22:07:00Z,28.36146833333333
2025-08-03T22:08:00Z,28.361826666666666
2025-08-03T22:09:00Z,28.362199999999998
2025-08-03T22:10:00Z,28.36337
2025-08-03T22:11:00Z,28.366258333333334
2025-08-03T22:12:00Z,28.369895
2025-08-03T22:13:00Z,28.373063333333334
2025-08-03T22:14:00Z,28.376301666666667
2025-08-03T22:15:00Z,28.37917
2025-08-03T22:16:00Z,28.381886666666666
2025-08-03T22:17:00Z,28.38343
2025-08-03T22:18:00Z,28.384311666666665
2025-08-03T22:19:00Z,28.385798333333334
2025-08-03T22:20:00Z,28.38826
2025-08-03T22:21:00Z,28.393658333333335
2025-08-03T22:22:00Z,28.39886166666667
2025-08-03T22:23:00Z,28.407384999999998
2025-08-03T22:24:00Z,28.428288333333334
2025-08-03T22:25:00Z,28.450985
2025-08-03T22:26:00Z,28.485636666666668
2025-08-03T22:27:00Z,28.510316666666668
2025-08-03T22:28:00Z,28.527935
2025-08-03T22:29:00Z,28.539603333333332
2025-08-03T22:30:00Z,28.55734
2025-08-03T22:31:00Z,28.577663333333334
2025-08-03T22:32:00Z,28.576208333333334
2025-08-03T22:33:00Z,28.567805
2025-08-03T22:34:00Z,28.560471666666665
2025-08-03T22:35:00Z,28.557505
2025-08-03T22:36:00Z,28.576638333333335
2025-08-03T22:37:00Z,28.615978333333334
2025-08-03T22:38:00Z,28.657631666666667
2025-08-03T22:39:00Z,28.687416666666667
2025-08-03T22:40:00Z,28.690638333333332
2025-08-03T22:41:00Z,28.685831666666665
2025-08-03T22:42:00Z,28.679605
2025-08-03T22:43:00Z,28.677838333333334
2025-08-03T22:44:00Z,28.683665
2025-08-03T22:45:00Z,28.691088333333333
2025-08-03T22:46:00Z,28.702123333333333
2025-08-03T22:47:00Z,28.718151666666667
2025-08-03T22:48:00Z,28.734813333333335
2025-08-03T22:49:00Z,28.744261666666667
2025-08-03T22:50:00Z,28.755728333333334
2025-08-03T22:51:00Z,28.753871666666665
2025-08-03T22:52:00Z,28.74716833333333
2025-08-03T22:53:00Z,28.746696666666665
2025-08-03T22:54:00Z,28.748244999999997
2025-08-03T22:55:00Z,28.75455
2025-08-03T22:56:00Z,28.766723333333335
2025-08-03T22:57:00Z,28.78228
2025-08-03T22:58:00Z,28.802386666666667
2025-08-03T22:59:00Z,28.817123333333335
2025-08-03T23:00:00Z,28.829503333333335
2025-08-03T23:01:00Z,28.833705000000002
2025-08-03T23:02:00Z,28.832748333333335
2025-08-03T23:03:00Z,28.82542
2025-08-03T23:04:00Z,28.8135
2025-08-03T23:05:00Z,28.803761666666666
2025-08-03T23:06:00Z,28.800964999999998
2025-08-03T23:07:00Z,28.791076666666665
2025-08-03T23:08:00Z,28.770355
2025-08-03T23:09:00Z,28.75303
2025-08-03T23:10:00Z,28.738888333333335
2025-08-03T23:11:00Z,28.726193333333335
2025-08-03T23:12:00Z,28.717655
2025-08-03T23:13:00Z,28.714791666666667
2025-08-03T23:14:00Z,28.715373333333336
2025-08-03T23:15:00Z,28.712848333333334
2025-08-03T23:16:00Z,28.711145000000002
2025-08-03T23:17:00Z,28.713705
2025-08-03T23:18:00Z,28.71632
2025-08-03T23:19:00Z,28.704915
2025-08-03T23:20:00Z,28.686935
2025-08-03T23:21:00Z,28.66602
2025-08-03T23:22:00Z,28.643806666666666
2025-08-03T23:23:00Z,28.62503
2025-08-03T23:24:00Z,28.609313333333333
2025-08-03T23:25:00Z,28.592628333333334
2025-08-03T23:26:00Z,28.581785
2025-08-03T23:27:00Z,28.577735
2025-08-03T23:28:00Z,28.580111666666667
2025-08-03T23:29:00Z,28.583753333333334
2025-08-03T23:30:00Z,28.586949999999998
2025-08-03T23:31:00Z,28.591414999999998
2025-08-03T23:32:00Z,28.604818333333334
2025-08-03T23:33:00Z,28.616118333333333
2025-08-03T23:34:00Z,28.623135
2025-08-03T23:35:00Z,28.631443333333333
2025-08-03T23:36:00Z,28.642353333333332
2025-08-03T23:37:00Z,28.64608
2025-08-03T23:38:00Z,28.656348333333334
2025-08-03T23:39:00Z,28.661906666666667
2025-08-03T23:40:00Z,28.658386666666665
2025-08-03T23:41:00Z,28.652365
2025-08-03T23:42:00Z,28.648310000000002
2025-08-03T23:43:00Z,28.647208333333335
2025-08-03T23:44:00Z,28.662831666666666
2025-08-03T23:45:00Z,28.700456666666668
2025-08-03T23:46:00Z,28.742436666666666
2025-08-03T23:47:00Z,28.766385
2025-08-03T23:48:00Z,28.772248333333334
2025-08-03T23:49:00Z,28.76934333333333
2025-08-03T23:50:00Z,28.762793333333335
2025-08-03T23:51:00Z,28.757036666666668
2025-08-03T23:52:00Z,28.751808333333333
2025-08-03T23:53:00Z,28.7456
2025-08-03T23:54:00Z,28.74063166666667
2025-08-03T23:55:00Z,28.738321666666668
2025-08-03T23:56:00Z,28.737041666666666
2025-08-03T23:57:00Z,28.739906666666666
2025-08-03T23:58:00Z,28.752951666666664
2025-08-03T23:59:00Z,28.773358333333334
2025-08-04T00:00:00Z,28.806033333333332
2025-08-04T00:01:00Z,28.829738333333335
2025-08-04T00:02:00Z,28.845315
2025-08-04T00:03:00Z,28.860173333333336
2025-08-04T00:04:00Z,28.871781666666667
2025-08-04T00:05:00Z,28.895648333333334
2025-08-04T00:06:00Z,28.9219
2025-08-04T00:07:00Z,28.951841666666667
2025-08-04T00:08:00Z,28.978696666666668
2025-08-04T00:09:00Z,29.001105
2025-08-04T00:10:00Z,29.024633333333334
2025-08-04T00:11:00Z,29.0453
2025-08-04T00:12:00Z,29.065888333333334
2025-08-04T00:13:00Z,29.080843333333334
2025-08-04T00:14:00Z,29.092356666666667
2025-08-04T00:15:00Z,29.099575
2025-08-04T00:16:00Z,29.103658333333335
2025-08-04T00:17:00Z,29.103996666666667
2025-08-04T00:18:00Z,29.105708333333336
2025-08-04T00:19:00Z,29.108111666666666
2025-08-04T00:20:00Z,29.111743333333333
2025-08-04T00:21:00Z,29.12141
2025-08-04T00:22:00Z,29.134155
2025-08-04T00:23:00Z,29.141524999999998
2025-08-04T00:24:00Z,29.14413
2025-08-04T00:25:00Z,29.136644999999998
2025-08-04T00:26:00Z,29.114373333333333
2025-08-04T00:27:00Z,29.09137
2025-08-04T00:28:00Z,29.073973333333335
2025-08-04T00:29:00Z,29.054591666666667
2025-08-04T00:30:00Z,29.037861666666664
2025-08-04T00:31:00Z,29.022895000000002
2025-08-04T00:32:00Z,29.001411666666666
2025-08-04T00:33:00Z,28.96949
2025-08-04T00:34:00Z,28.935591666666667
2025-08-04T00:35:00Z,28.900283333333334
2025-08-04T00:36:00Z,28.866028333333333
2025-08-04T00:37:00Z,28.838653333333333
2025-08-04T00:38:00Z,28.816081666666665
2025-08-04T00:39:00Z,28.802545
2025-08-04T00:40:00Z,28.791143333333334
2025-08-04T00:41:00Z,28.77657333333333
2025-08-04T00:42:00Z,28.762535
2025-08-04T00:43:00Z,28.748873333333332
2025-08-04T00:44:00Z,28.738055
2025-08-04T00:45:00Z,28.728506666666664
2025-08-04T00:46:00Z,28.719933333333334
2025-08-04T00:47:00Z,28.713295000000002
2025-08-04T00:48:00Z,28.70572
2025-08-04T00:49:00Z,28.69729
2025-08-04T00:50:00Z,28.689353333333333
2025-08-04T00:51:00Z,28.682926666666667
2025-08-04T00:52:00Z,28.676718333333334
2025-08-04T00:53:00Z,28.668736666666668
2025-08-04T00:54:00Z,28.662375
2025-08-04T00:55:00Z,28.654941666666666
2025-08-04T00:56:00Z,28.645721666666667
2025-08-04T00:57:00Z,28.640231666666665
2025-08-04T00:58:00Z,28.632324999999998
2025-08-04T00:59:00Z,28.625978333333332
2025-08-04T01:00:00Z,28.618431666666666
2025-08-04T01:01:00Z,28.613233333333334
2025-08-04T01:02:00Z,28.60715
2025-08-04T01:03:00Z,28.599513333333334
2025-08-04T01:04:00Z,28.591128333333334
2025-08-04T01:05:00Z,28.58316
2025-08-04T01:06:00Z,28.578213333333334
2025-08-04T01:07:00Z,28.573520000000002
2025-08-04T01:08:00Z,28.569336666666665
2025-08-04T01:09:00Z,28.566353333333332
2025-08-04T01:10:00Z,28.56314833333333
2025-08-04T01:11:00Z,28.561101666666666
2025-08-04T01:12:00Z,28.559666666666665
2025-08-04T01:13:00Z,28.558108333333333
2025-08-04T01:14:00Z,28.558463333333336
2025-08-04T01:15:00Z,28.557801666666666
2025-08-04T01:16:00Z,28.55787666666667
2025-08-04T01:17:00Z,28.558745000000002
2025-08-04T01:18:00Z,28.558651666666666
2025-08-04T01:19:00Z,28.55877166666667
2025-08-04T01:20:00Z,28.558538333333335
2025-08-04T01:21:00Z,28.558505
2025-08-04T01:22:00Z,28.557280000000002
2025-08-04T01:23:00Z,28.557233333333336
2025-08-04T01:24:00Z,28.554855
2025-08-04T01:25:00Z,28.551693333333333
2025-08-04T01:26:00Z,28.55041
2025-08-04T01:27:00Z,28.549448333333334
2025-08-04T01:28:00Z,28.550818333333332
2025-08-04T01:29:00Z,28.551666666666666
2025-08-04T01:30:00Z,28.551386666666666
2025-08-04T01:31:00Z,28.551180000000002
2025-08-04T01:32:00Z,28.550528333333332
2025-08-04T01:33:00Z,28.550176666666665
2025-08-04T01:34:00Z,28.549885
2025-08-04T01:35:00Z,28.549525
2025-08-04T01:36:00Z,28.548215
2025-08-04T01:37:00Z,28.544821666666667
2025-08-04T01:38:00Z,28.541218333333333
2025-08-04T01:39:00Z,28.536483333333333
2025-08-04T01:40:00Z,28.531985000000002
2025-08-04T01:41:00Z,28.528755
2025-08-04T01:42:00Z,28.525161666666666
2025-08-04T01:43:00Z,28.522669999999998
2025-08-04T01:44:00Z,28.520453333333332
2025-08-04T01:45:00Z,28.518781666666666
2025-08-04T01:46:00Z,28.51674
2025-08-04T01:47:00Z,28.51423
2025-08-04T01:48:00Z,28.512595
2025-08-04T01:49:00Z,28.510695000000002
2025-08-04T01:50:00Z,28.509306666666667
2025-08-04T01:51:00Z,28.507563333333334
2025-08-04T01:52:00Z,28.505893333333333
2025-08-04T01:53:00Z,28.503286666666668
2025-08-04T01:54:00Z,28.5001
2025-08-04T01:55:00Z,28.497471666666666
2025-08-04T01:56:00Z,28.494611666666664
2025-08-04T01:57:00Z,28.492414999999998
2025-08-04T01:58:00Z,28.490336666666668
2025-08-04T01:59:00Z,28.488361666666666
2025-08-04T02:00:00Z,28.486708333333333
2025-08-04T02:01:00Z,28.485068333333334
2025-08-04T02:02:00Z,28.483508333333333
2025-08-04T02:03:00Z,28.479048333333335
2025-08-04T02:04:00Z,28.472518333333333
2025-08-04T02:05:00Z,28.467575
2025-08-04T02:06:00Z,28.464376666666666
2025-08-04T02:07:00Z,28.461158333333334
2025-08-04T02:08:00Z,28.459398333333333
2025-08-04T02:09:00Z,28.458586666666665
2025-08-04T02:10:00Z,28.457765
2025-08-04T02:11:00Z,28.456538333333334
2025-08-04T02:12:00Z,28.455385
2025-08-04T02:13:00Z,28.454803333333334
2025-08-04T02:14:00Z,28.454756666666665
2025-08-04T02:15:00Z,28.455411666666667
2025-08-04T02:16:00Z,28.45548
2025-08-04T02:17:00Z,28.456181666666666
2025-08-04T02:18:00Z,28.456113333333334
2025-08-04T02:19:00Z,28.456445
2025-08-04T02:20:00Z,28.45687
2025-08-04T02:21:00Z,28.457355
2025-08-04T02:22:00Z,28.458053333333332
2025-08-04T02:23:00Z,28.45851
2025-08-04T02:24:00Z,28.459373333333332
2025-08-04T02:25:00Z,28.459295
2025-08-04T02:26:00Z,28.45208
2025-08-04T02:27:00Z,28.442925
2025-08-04T02:28:00Z,28.431543333333334
2025-08-04T02:29:00Z,28.423776666666665
2025-08-04T02:30:00Z,28.417083333333334
2025-08-04T02:31:00Z,28.408835
2025-08-04T02:32:00Z,28.40121166666667
2025-08-04T02:33:00Z,28.396256666666666
2025-08-04T02:34:00Z,28.393948333333334
2025-08-04T02:35:00Z,28.396728333333336
2025-08-04T02:36:00Z,28.39959
2025-08-04T02:37:00Z,28.400513333333336
2025-08-04T02:38:00Z,28.398073333333336
2025-08-04T02:39:00Z,28.396831666666667
2025-08-04T02:40:00Z,28.394773333333333
2025-08-04T02:41:00Z,28.391971666666667
2025-08-04T02:42:00Z,28.388441666666665
2025-08-04T02:43:00Z,28.383938333333333
2025-08-04T02:44:00Z,28.369828333333334
2025-08-04T02:45:00Z,28.351518333333335
2025-08-04T02:46:00Z,28.338873333333332
2025-08-04T02:47:00Z,28.333308333333335
2025-08-04T02:48:00Z,28.330961666666667
2025-08-04T02:49:00Z,28.327535
2025-08-04T02:50:00Z,28.323111666666666
2025-08-04T02:51:00Z,28.324206666666665
2025-08-04T02:52:00Z,28.32898666666667
2025-08-04T02:53:00Z,28.339376666666666
2025-08-04T02:54:00Z,28.345101666666668
2025-08-04T02:55:00Z,28.3451
2025-08-04T02:56:00Z,28.344251666666665
2025-08-04T02:57:00Z,28.344366666666666
2025-08-04T02:58:00Z,28.345965
2025-08-04T02:59:00Z,28.349985
2025-08-04T03:00:00Z,28.359101666666668
2025-08-04T03:01:00Z,28.37024
2025-08-04T03:02:00Z,28.382875
2025-08-04T03:03:00Z,28.393705
2025-08-04T03:04:00Z,28.402028333333334
2025-08-04T03:05:00Z,28.408026666666665
2025-08-04T03:06:00Z,28.408661666666667
2025-08-04T03:07:00Z,28.406251666666666
2025-08-04T03:08:00Z,28.40429333333333
2025-08-04T03:09:00Z,28.40238666666667
2025-08-04T03:10:00Z,28.398261666666667
2025-08-04T03:11:00Z,28.395345000000002
2025-08-04T03:12:00Z,28.393548333333335
2025-08-04T03:13:00Z,28.393883333333335
2025-08-04T03:14:00Z,28.396365
2025-08-04T03:15:00Z,28.400381666666668
2025-08-04T03:16:00Z,28.40548833333333
2025-08-04T03:17:00Z,28.411805
2025-08-04T03:18:00Z,28.418921666666666
2025-08-04T03:19:00Z,28.425728333333332
2025-08-04T03:20:00Z,28.433525
2025-08-04T03:21:00Z,28.440968333333334
2025-08-04T03:22:00Z,28.445463333333333
2025-08-04T03:23:00Z,28.448958333333334
2025-08-04T03:24:00Z,28.452424999999998
2025-08-04T03:25:00Z,28.452036666666665
2025-08-04T03:26:00Z,28.451051666666665
2025-08-04T03:27:00Z,28.450321666666664
2025-08-04T03:28:00Z,28.45072
2025-08-04T03:29:00Z,28.451083333333333
2025-08-04T03:30:00Z,28.451768333333334
2025-08-04T03:31:00Z,28.452445
2025-08-04T03:32:00Z,28.454075
2025-08-04T03:33:00Z,28.457001666666667
2025-08-04T03:34:00Z,28.462038333333336
2025-08-04T03:35:00Z,28.46623166666667
2025-08-04T03:36:00Z,28.469796666666667
2025-08-04T03:37:00Z,28.471275
2025-08-04T03:38:00Z,28.47104
2025-08-04T03:39:00Z,28.470476666666666
2025-08-04T03:40:00Z,28.469841666666667
2025-08-04T03:41:00Z,28.468486666666667
2025-08-04T03:42:00Z,28.46659
2025-08-04T03:43:00Z,28.46502166666667
2025-08-04T03:44:00Z,28.463755000000003
2025-08-04T03:45:00Z,28.463941666666667
2025-08-04T03:46:00Z,28.464043333333333
2025-08-04T03:47:00Z,28.463896666666667
2025-08-04T03:48:00Z,28.463775000000002
2025-08-04T03:49:00Z,28.464756666666666
2025-08-04T03:50:00Z,28.46554666666667
2025-08-04T03:51:00Z,28.466825
2025-08-04T03:52:00Z,28.468218333333333
2025-08-04T03:53:00Z,28.469185
2025-08-04T03:54:00Z,28.470756666666666
2025-08-04T03:55:00Z,28.471678333333333
2025-08-04T03:56:00Z,28.472048333333333
2025-08-04T03:57:00Z,28.47214
2025-08-04T03:58:00Z,28.472096666666665
2025-08-04T03:59:00Z,28.47198333333333
2025-08-04T04:00:00Z,28.472146666666667
2025-08-04T04:01:00Z,28.472481666666667
2025-08-04T04:02:00Z,28.473366666666667
2025-08-04T04:03:00Z,28.47530833333333
2025-08-04T04:04:00Z,28.476755
2025-08-04T04:05:00Z,28.476045
2025-08-04T04:06:00Z,28.475471666666667
2025-08-04T04:07:00Z,28.47571333333333
2025-08-04T04:08:00Z,28.475825
2025-08-04T04:09:00Z,28.476583333333334
2025-08-04T04:10:00Z,28.476923333333332
2025-08-04T04:11:00Z,28.476868333333332
2025-08-04T04:12:00Z,28.476065
2025-08-04T04:13:00Z,28.47643
2025-08-04T04:14:00Z,28.476231666666667
2025-08-04T04:15:00Z,28.476399999999998
2025-08-04T04:16:00Z,28.476115
2025-08-04T04:17:00Z,28.47682
2025-08-04T04:18:00Z,28.47730333333333
2025-08-04T04:19:00Z,28.478125
2025-08-04T04:20:00Z,28.479155
2025-08-04T04:21:00Z,28.48015
2025-08-04T04:22:00Z,28.481111666666667
2025-08-04T04:23:00Z,28.481655
2025-08-04T04:24:00Z,28.48262666666667
2025-08-04T04:25:00Z,28.483
2025-08-04T04:26:00Z,28.483275
2025-08-04T04:27:00Z,28.483031666666665
2025-08-04T04:28:00Z,28.48336666666667
2025-08-04T04:29:00Z,28.482958333333332
2025-08-04T04:30:00Z,28.483118333333334
2025-08-04T04:31:00Z,28.483536666666666
2025-08-04T04:32:00Z,28.482985
2025-08-04T04:33:00Z,28.481671666666667
2025-08-04T04:34:00Z,28.480595
2025-08-04T04:35:00Z,28.47998
2025-08-04T04:36:00Z,28.479795
2025-08-04T04:37:00Z,28.479303333333334
2025-08-04T04:38:00Z,28.479513333333333
2025-08-04T04:39:00Z,28.479793333333333
2025-08-04T04:40:00Z,28.481301666666667
2025-08-04T04:41:00Z,28.483921666666667
2025-08-04T04:42:00Z,28.486738333333335
2025-08-04T04:43:00Z,28.491391666666665
2025-08-04T04:44:00Z,28.496213333333333
2025-08-04T04:45:00Z,28.49998
2025-08-04T04:46:00Z,28.501886666666667
2025-08-04T04:47:00Z,28.504755
2025-08-04T04:48:00Z,28.50794
2025-08-04T04:49:00Z,28.509326666666666
2025-08-04T04:50:00Z,28.510146666666667
2025-08-04T04:51:00Z,28.510193333333333
2025-08-04T04:52:00Z,28.508566666666667
2025-08-04T04:53:00Z,28.50730666666667
2025-08-04T04:54:00Z,28.506763333333335
2025-08-04T04:55:00Z,28.507138333333334
2025-08-04T04:56:00Z,28.512998333333332
2025-08-04T04:57:00Z,28.527668333333335
2025-08-04T04:58:00Z,28.536908333333333
2025-08-04T04:59:00Z,28.54370833333333
2025-08-04T05:00:00Z,28.545663333333334
2025-08-04T05:01:00Z,28.545081666666665
2025-08-04T05:02:00Z,28.542501666666666
2025-08-04T05:03:00Z,28.541715
2025-08-04T05:04:00Z,28.54243
2025-08-04T05:05:00Z,28.543701666666667
2025-08-04T05:06:00Z,28.547
2025-08-04T05:07:00Z,28.547851666666666
2025-08-04T05:08:00Z,28.546505
2025-08-04T05:09:00Z,28.545523333333332
2025-08-04T05:10:00Z,28.54599
2025-08-04T05:11:00Z,28.548998333333333
2025-08-04T05:12:00Z,28.549333333333333
2025-08-04T05:13:00Z,28.548496666666665
2025-08-04T05:14:00Z,28.550546666666666
2025-08-04T05:15:00Z,28.556961666666666
2025-08-04T05:16:00Z,28.564536666666665
2025-08-04T05:17:00Z,28.572493333333334
2025-08-04T05:18:00Z,28.582013333333332
2025-08-04T05:19:00Z,28.585539999999998
2025-08-04T05:20:00Z,28.585226666666664
2025-08-04T05:21:00Z,28.580025000000003
2025-08-04T05:22:00Z,28.577593333333333
2025-08-04T05:23:00Z,28.57637666666667
2025-08-04T05:24:00Z,28.575093333333335
2025-08-04T05:25:00Z,28.573990000000002
2025-08-04T05:26:00Z,28.573555
2025-08-04T05:27:00Z,28.572988333333335
2025-08-04T05:28:00Z,28.571701666666666
2025-08-04T05:29:00Z,28.57083
2025-08-04T05:30:00Z,28.570384999999998
2025-08-04T05:31:00Z,28.571626666666667
2025-08-04T05:32:00Z,28.575636666666668
2025-08-04T05:33:00Z,28.57814666666667
2025-08-04T05:34:00Z,28.57552
2025-08-04T05:35:00Z,28.570443333333333
2025-08-04T05:36:00Z,28.563865
2025-08-04T05:37:00Z,28.560865
2025-08-04T05:38:00Z,28.560176666666667
2025-08-04T05:39:00Z,28.56037
2025-08-04T05:40:00Z,28.56221833333333
2025-08-04T05:41:00Z,28.564468333333334
2025-08-04T05:42:00Z,28.567433333333334
2025-08-04T05:43:00Z,28.570875
2025-08-04T05:44:00Z,28.575155000000002
2025-08-04T05:45:00Z,28.57964
2025-08-04T05:46:00Z,28.587405
2025-08-04T05:47:00Z,28.593063333333333
2025-08-04T05:48:00Z,28.595976666666665
2025-08-04T05:49:00Z,28.594661666666667
2025-08-04T05:50:00Z,28.592633333333332
2025-08-04T05:51:00Z,28.592711666666666
2025-08-04T05:52:00Z,28.593811666666667
2025-08-04T05:53:00Z,28.59376333333333
2025-08-04T05:54:00Z,28.594751666666667
2025-08-04T05:55:00Z,28.595643333333335
2025-08-04T05:56:00Z,28.598408333333335
2025-08-04T05:57:00Z,28.60559
2025-08-04T05:58:00Z,28.610081666666666
2025-08-04T05:59:00Z,28.610833333333332
2025-08-04T06:00:00Z,28.610601666666664
2025-08-04T06:01:00Z,28.612321666666666
2025-08-04T06:02:00Z,28.61514
2025-08-04T06:03:00Z,28.618178333333333
2025-08-04T06:04:00Z,28.620681666666666
2025-08-04T06:05:00Z,28.622713333333333
2025-08-04T06:06:00Z,28.625145
2025-08-04T06:07:00Z,28.626703333333335
2025-08-04T06:08:00Z,28.626698333333334
2025-08-04T06:09:00Z,28.625310000000002
2025-08-04T06:10:00Z,28.623236666666667
2025-08-04T06:11:00Z,28.622373333333336
2025-08-04T06:12:00Z,28.621553333333335
2025-08-04T06:13:00Z,28.621845
2025-08-04T06:14:00Z,28.624595
2025-08-04T06:15:00Z,28.630113333333334
2025-08-04T06:16:00Z,28.631173333333333
2025-08-04T06:17:00Z,28.629244999999997
2025-08-04T06:18:00Z,28.629755
2025-08-04T06:19:00Z,28.63356333333333
2025-08-04T06:20:00Z,28.640186666666665
2025-08-04T06:21:00Z,28.64434
2025-08-04T06:22:00Z,28.648171666666666
2025-08-04T06:23:00Z,28.650853333333334
2025-08-04T06:24:00Z,28.652626666666666
2025-08-04T06:25:00Z,28.652548333333332
2025-08-04T06:26:00Z,28.651555000000002
2025-08-04T06:27:00Z,28.651935
2025-08-04T06:28:00Z,28.653
2025-08-04T06:29:00Z,28.654743333333332
2025-08-04T06:30:00Z,28.65642
2025-08-04T06:31:00Z,28.65806
2025-08-04T06:32:00Z,28.65969833333333
2025-08-04T06:33:00Z,28.662281666666665
2025-08-04T06:34:00Z,28.66268
2025-08-04T06:35:00Z,28.66275
2025-08-04T06:36:00Z,28.663813333333334
2025-08-04T06:37:00Z,28.66495666666667
2025-08-04T06:38:00Z,28.667585
2025-08-04T06:39:00Z,28.668205
2025-08-04T06:40:00Z,28.66804666666667
2025-08-04T06:41:00Z,28.667495000000002
2025-08-04T06:42:00Z,28.666800000000002
2025-08-04T06:43:00Z,28.666523333333334
2025-08-04T06:44:00Z,28.666573333333332
2025-08-04T06:45:00Z,28.666476666666668
2025-08-04T06:46:00Z,28.666785
2025-08-04T06:47:00Z,28.666666666666668
2025-08-04T06:48:00Z,28.666648333333335
2025-08-04T06:49:00Z,28.666695
2025-08-04T06:50:00Z,28.667
2025-08-04T06:51:00Z,28.663951666666666
2025-08-04T06:52:00Z,28.658216666666664
2025-08-04T06:53:00Z,28.653046666666665
2025-08-04T06:54:00Z,28.648575
2025-08-04T06:55:00Z,28.646065
2025-08-04T06:56:00Z,28.644198333333335
2025-08-04T06:57:00Z,28.643911666666668
2025-08-04T06:58:00Z,28.64369
2025-08-04T06:59:00Z,28.642578333333333
2025-08-04T07:00:00Z,28.642296666666667
2025-08-04T07:01:00Z,28.643503333333335
2025-08-04T07:02:00Z,28.644195
2025-08-04T07:03:00Z,28.643696666666667
2025-08-04T07:04:00Z,28.641711666666666
2025-08-04T07:05:00Z,28.63873
2025-08-04T07:06:00Z,28.634816666666666
2025-08-04T07:07:00Z,28.632434999999997
2025-08-04T07:08:00Z,28.63160333333333
2025-08-04T07:09:00Z,28.630498333333332
2025-08-04T07:10:00Z,28.624905000000002
2025-08-04T07:11:00Z,28.614496666666668
2025-08-04T07:12:00Z,28.607813333333333
2025-08-04T07:13:00Z,28.600961666666667
2025-08-04T07:14:00Z,28.594391666666667
2025-08-04T07:15:00Z,28.58687833333333
2025-08-04T07:16:00Z,28.580421666666666
2025-08-04T07:17:00Z,28.574853333333333
2025-08-04T07:18:00Z,28.570635
2025-08-04T07:19:00Z,28.567546666666665
2025-08-04T07:20:00Z,28.566063333333332
2025-08-04T07:21:00Z,28.564345
2025-08-04T07:22:00Z,28.562575
2025-08-04T07:23:00Z,28.56129
2025-08-04T07:24:00Z,28.560371666666665
2025-08-04T07:25:00Z,28.560266666666667
2025-08-04T07:26:00Z,28.561484999999998
2025-08-04T07:27:00Z,28.563416666666665
2025-08-04T07:28:00Z,28.565191666666667
2025-08-04T07:29:00Z,28.564923333333333
2025-08-04T07:30:00Z,28.562099999999997
2025-08-04T07:31:00Z,28.55981
2025-08-04T07:32:00Z,28.557233333333336
2025-08-04T07:33:00Z,28.556673333333336
2025-08-04T07:34:00Z,28.560191666666665
2025-08-04T07:35:00Z,28.56301
2025-08-04T07:36:00Z,28.56605
2025-08-04T07:37:00Z,28.568316666666668
2025-08-04T07:38:00Z,28.570528333333332
2025-08-04T07:39:00Z,28.571845
2025-08-04T07:40:00Z,28.572885
2025-08-04T07:41:00Z,28.574805
2025-08-04T07:42:00Z,28.578645
2025-08-04T07:43:00Z,28.583371666666665
2025-08-04T07:44:00Z,28.585873333333332
2025-08-04T07:45:00Z,28.58685
2025-08-04T07:46:00Z,28.589746666666667
2025-08-04T07:47:00Z,28.590413333333334
2025-08-04T07:48:00Z,28.592303333333334
2025-08-04T07:49:00Z,28.594181666666667
2025-08-04T07:50:00Z,28.59688166666667
2025-08-04T07:51:00Z,28.599320000000002
2025-08-04T07:52:00Z,28.603131666666666
2025-08-04T07:53:00Z,28.607378333333333
2025-08-04T07:54:00Z,28.61180333333333
2025-08-04T07:55:00Z,28.615123333333333
2025-08-04T07:56:00Z,28.618815
2025-08-04T07:57:00Z,28.622753333333335
2025-08-04T07:58:00Z,28.62627
2025-08-04T07:59:00Z,28.629203333333333
2025-08-04T08:00:00Z,28.632926666666666
2025-08-04T08:01:00Z,28.635516666666668
2025-08-04T08:02:00Z,28.636241666666667
2025-08-04T08:03:00Z,28.638708333333334
2025-08-04T08:04:00Z,28.63968
2025-08-04T08:05:00Z,28.64061166666667
2025-08-04T08:06:00Z,28.640445
2025-08-04T08:07:00Z,28.64018
2025-08-04T08:08:00Z,28.639416666666666
2025-08-04T08:09:00Z,28.639271666666666
2025-08-04T08:10:00Z,28.639086666666667
2025-08-04T08:11:00Z,28.639131666666668
2025-08-04T08:12:00Z,28.639771666666668
2025-08-04T08:13:00Z,28.640014999999998
2025-08-04T08:14:00Z,28.640738333333335
2025-08-04T08:15:00Z,28.642556666666668
2025-08-04T08:16:00Z,28.642173333333332
2025-08-04T08:17:00Z,28.639088333333333
2025-08-04T08:18:00Z,28.632755
2025-08-04T08:19:00Z,28.625098333333334
2025-08-04T08:20:00Z,28.614408333333333
2025-08-04T08:21:00Z,28.603556666666666
2025-08-04T08:22:00Z,28.593958333333333
2025-08-04T08:23:00Z,28.58423833333333
2025-08-04T08:24:00Z,28.576761666666666
2025-08-04T08:25:00Z,28.571398333333335
2025-08-04T08:26:00Z,28.566901666666666
2025-08-04T08:27:00Z,28.563151666666666
2025-08-04T08:28:00Z,28.554246666666668
2025-08-04T08:29:00Z,28.54503
2025-08-04T08:30:00Z,28.539831666666664
2025-08-04T08:31:00Z,28.536271666666668
2025-08-04T08:32:00Z,28.536458333333332
2025-08-04T08:33:00Z,28.536436666666667
2025-08-04T08:34:00Z,28.535513333333334
2025-08-04T08:35:00Z,28.533558333333335
2025-08-04T08:36:00Z,28.529863333333335
2025-08-04T08:37:00Z,28.526788333333332
2025-08-04T08:38:00Z,28.522861666666667
2025-08-04T08:39:00Z,28.518165
2025-08-04T08:40:00Z,28.512458333333335
2025-08-04T08:41:00Z,28.504361666666668
2025-08-04T08:42:00Z,28.498398333333334
2025-08-04T08:43:00Z,28.496389999999998
2025-08-04T08:44:00Z,28.494331666666664
2025-08-04T08:45:00Z,28.492459999999998
2025-08-04T08:46:00Z,28.491016666666667
2025-08-04T08:47:00Z,28.489678333333334
2025-08-04T08:48:00Z,28.489293333333336
2025-08-04T08:49:00Z,28.49127
2025-08-04T08:50:00Z,28.491201666666665
2025-08-04T08:51:00Z,28.486233333333335
2025-08-04T08:52:00Z,28.476325
2025-08-04T08:53:00Z,28.464401666666667
2025-08-04T08:54:00Z,28.454013333333332
2025-08-04T08:55:00Z,28.445368333333334
2025-08-04T08:56:00Z,28.435791666666667
2025-08-04T08:57:00Z,28.425796666666667
2025-08-04T08:58:00Z,28.41794
2025-08-04T08:59:00Z,28.410211666666665
2025-08-04T09:00:00Z,28.400553333333335
2025-08-04T09:01:00Z,28.390135
2025-08-04T09:02:00Z,28.382019999999997
2025-08-04T09:03:00Z,28.375678333333333
2025-08-04T09:04:00Z,28.371871666666667
2025-08-04T09:05:00Z,28.36942
2025-08-04T09:06:00Z,28.368681666666667
2025-08-04T09:07:00Z,28.370333333333335
2025-08-04T09:08:00Z,28.373328333333333
2025-08-04T09:09:00Z,28.374971666666667
2025-08-04T09:10:00Z,28.378903333333334
2025-08-04T09:11:00Z,28.382186666666666
2025-08-04T09:12:00Z,28.384226666666667
2025-08-04T09:13:00Z,28.389855
2025-08-04T09:14:00Z,28.396928333333335
2025-08-04T09:15:00Z,28.40281166666667
2025-08-04T09:16:00Z,28.411928333333332
2025-08-04T09:17:00Z,28.423968333333335
2025-08-04T09:18:00Z,28.433376666666668
2025-08-04T09:19:00Z,28.440053333333335
2025-08-04T09:20:00Z,28.447531666666666
2025-08-04T09:21:00Z,28.456055
2025-08-04T09:22:00Z,28.464453333333335
2025-08-04T09:23:00Z,28.472698333333334
2025-08-04T09:24:00Z,28.478025
2025-08-04T09:25:00Z,28.480855000000002
2025-08-04T09:26:00Z,28.483273333333333
2025-08-04T09:27:00Z,28.48978
2025-08-04T09:28:00Z,28.499191666666665
2025-08-04T09:29:00Z,28.508178333333333
2025-08-04T09:30:00Z,28.524836666666666
2025-08-04T09:31:00Z,28.550908333333332
2025-08-04T09:32:00Z,28.579133333333335
2025-08-04T09:33:00Z,28.603055
2025-08-04T09:34:00Z,28.629438333333333
2025-08-04T09:35:00Z,28.647035000000002
2025-08-04T09:36:00Z,28.652691666666666
2025-08-04T09:37:00Z,28.646148333333333
2025-08-04T09:38:00Z,28.637341666666668
2025-08-04T09:39:00Z,28.631756666666664
2025-08-04T09:40:00Z,28.624501666666667
2025-08-04T09:41:00Z,28.61726833333333
2025-08-04T09:42:00Z,28.609691666666667
2025-08-04T09:43:00Z,28.600803333333335
2025-08-04T09:44:00Z,28.591461666666667
2025-08-04T09:45:00Z,28.584281666666666
2025-08-04T09:46:00Z,28.57969166666667
2025-08-04T09:47:00Z,28.576755000000002
2025-08-04T09:48:00Z,28.571635
2025-08-04T09:49:00Z,28.56472833333333
2025-08-04T09:50:00Z,28.56152833333333
2025-08-04T09:51:00Z,28.562168333333332
2025-08-04T09:52:00Z,28.563509999999997
2025-08-04T09:53:00Z,28.565683333333332
2025-08-04T09:54:00Z,28.56718
2025-08-04T09:55:00Z,28.568888333333334
2025-08-04T09:56:00Z,28.572275
2025-08-04T09:57:00Z,28.571471666666667
2025-08-04T09:58:00Z,28.566375
2025-08-04T09:59:00Z,28.556031666666666
2025-08-04T10:00:00Z,28.544911666666668
2025-08-04T10:01:00Z,28.531076666666667
2025-08-04T10:02:00Z,28.519843333333334
2025-08-04T10:03:00Z,28.511283333333335
2025-08-04T10:04:00Z,28.507453333333334
2025-08-04T10:05:00Z,28.505163333333332
2025-08-04T10:06:00Z,28.5059
2025-08-04T10:07:00Z,28.50909
2025-08-04T10:08:00Z,28.51293666666667
2025-08-04T10:09:00Z,28.51666833333333
2025-08-04T10:10:00Z,28.519254999999998
2025-08-04T10:11:00Z,28.522461666666665
2025-08-04T10:12:00Z,28.52499
2025-08-04T10:13:00Z,28.527641666666668
2025-08-04T10:14:00Z,28.532605
2025-08-04T10:15:00Z,28.538
2025-08-04T10:16:00Z,28.544321666666665
2025-08-04T10:17:00Z,28.552578333333333
2025-08-04T10:18:00Z,28.566588333333332
2025-08-04T10:19:00Z,28.578210000000002
2025-08-04T10:20:00Z,28.58745
2025-08-04T10:21:00Z,28.596388333333334
2025-08-04T10:22:00Z,28.604823333333332
2025-08-04T10:23:00Z,28.611731666666667
2025-08-04T10:24:00Z,28.617115
2025-08-04T10:25:00Z,28.616963333333334
2025-08-04T10:26:00Z,28.616838333333334
2025-08-04T10:27:00Z,28.617706666666667
2025-08-04T10:28:00Z,28.619455000000002
2025-08-04T10:29:00Z,28.623168333333336
2025-08-04T10:30:00Z,28.627888333333335
2025-08-04T10:31:00Z,28.63816
2025-08-04T10:32:00Z,28.65003
2025-08-04T10:33:00Z,28.661516666666667
2025-08-04T10:34:00Z,28.67421
2025-08-04T10:35:00Z,28.685335
2025-08-04T10:36:00Z,28.696643333333334
2025-08-04T10:37:00Z,28.712283333333335
2025-08-04T10:38:00Z,28.727578333333334
2025-08-04T10:39:00Z,28.7411
2025-08-04T10:40:00Z,28.754248333333333
2025-08-04T10:41:00Z,28.766373333333334
2025-08-04T10:42:00Z,28.779126666666667
2025-08-04T10:43:00Z,28.793695
2025-08-04T10:44:00Z,28.808566666666668
2025-08-04T10:45:00Z,28.82152
2025-08-04T10:46:00Z,28.83091
2025-08-04T10:47:00Z,28.837851666666666
2025-08-04T10:48:00Z,28.851078333333334
2025-08-04T10:49:00Z,28.861868333333334
2025-08-04T10:50:00Z,28.871951666666668
2025-08-04T10:51:00Z,28.880023333333334
2025-08-04T10:52:00Z,28.885713333333335
2025-08-04T10:53:00Z,28.887715
2025-08-04T10:54:00Z,28.886641666666666
2025-08-04T10:55:00Z,28.885601666666666
2025-08-04T10:56:00Z,28.883413333333333
2025-08-04T10:57:00Z,28.882893333333335
2025-08-04T10:58:00Z,28.881265
2025-08-04T10:59:00Z,28.875301666666665
2025-08-04T11:00:00Z,28.86529
2025-08-04T11:01:00Z,28.851561666666665
2025-08-04T11:02:00Z,28.83636166666667
2025-08-04T11:03:00Z,28.823746666666665
2025-08-04T11:04:00Z,28.813378333333333
2025-08-04T11:05:00Z,28.801994999999998
2025-08-04T11:06:00Z,28.791453333333333
2025-08-04T11:07:00Z,28.779676666666667
2025-08-04T11:08:00Z,28.768181666666667
2025-08-04T11:09:00Z,28.760323333333332
2025-08-04T11:10:00Z,28.752381666666665
2025-08-04T11:11:00Z,28.74416666666667
2025-08-04T11:12:00Z,28.737101666666668
2025-08-04T11:13:00Z,28.729836666666667
2025-08-04T11:14:00Z,28.720728333333334
2025-08-04T11:15:00Z,28.710071666666668
2025-08-04T11:16:00Z,28.700621666666667
2025-08-04T11:17:00Z,28.692451666666667
2025-08-04T11:18:00Z,28.685795
2025-08-04T11:19:00Z,28.679195
2025-08-04T11:20:00Z,28.672181666666667
2025-08-04T11:21:00Z,28.667095
2025-08-04T11:22:00Z,28.663578333333334
2025-08-04T11:23:00Z,28.661883333333332
2025-08-04T11:24:00Z,28.66158
2025-08-04T11:25:00Z,28.66100833333333
2025-08-04T11:26:00Z,28.660468333333334
2025-08-04T11:27:00Z,28.660298333333333
2025-08-04T11:28:00Z,28.660388333333334
2025-08-04T11:29:00Z,28.661763333333333
2025-08-04T11:30:00Z,28.66364666666667
2025-08-04T11:31:00Z,28.666371666666667
2025-08-04T11:32:00Z,28.67165166666667
2025-08-04T11:33:00Z,28.675616666666667
2025-08-04T11:34:00Z,28.678653333333333
2025-08-04T11:35:00Z,28.680368333333334
2025-08-04T11:36:00Z,28.684375
2025-08-04T11:37:00Z,28.690465
2025-08-04T11:38:00Z,28.696083333333334
2025-08-04T11:39:00Z,28.70092
2025-08-04T11:40:00Z,28.704103333333332
2025-08-04T11:41:00Z,28.706701666666667
2025-08-04T11:42:00Z,28.708783333333333
2025-08-04T11:43:00Z,28.70914
2025-08-04T11:44:00Z,28.709538333333334
2025-08-04T11:45:00Z,28.709441666666667
2025-08-04T11:46:00Z,28.71004
2025-08-04T11:47:00Z,28.714278333333333
2025-08-04T11:48:00Z,28.719193333333333
2025-08-04T11:49:00Z,28.723533333333332
2025-08-04T11:50:00Z,28.727526666666666
2025-08-04T11:51:00Z,28.73209
2025-08-04T11:52:00Z,28.737085
2025-08-04T11:53:00Z,28.741908333333335
2025-08-04T11:54:00Z,28.74678833333333
2025-08-04T11:55:00Z,28.752001666666665
2025-08-04T11:56:00Z,28.75957
2025-08-04T11:57:00Z,28.76951
2025-08-04T11:58:00Z,28.776975
2025-08-04T11:59:00Z,28.781945
2025-08-04T12:00:00Z,28.784123333333334
2025-08-04T12:01:00Z,28.785703333333334
2025-08-04T12:02:00Z,28.787076666666668
2025-08-04T12:03:00Z,28.788420000000002
2025-08-04T12:04:00Z,28.79138
2025-08-04T12:05:00Z,28.79513
2025-08-04T12:06:00Z,28.798416666666665
2025-08-04T12:07:00Z,28.802326666666666
2025-08-04T12:08:00Z,28.80581
2025-08-04T12:09:00Z,28.80845
2025-08-04T12:10:00Z,28.807906666666668
2025-08-04T12:11:00Z,28.80788
2025-08-04T12:12:00Z,28.809581666666666
2025-08-04T12:13:00Z,28.811821666666667
2025-08-04T12:14:00Z,28.814693333333334
2025-08-04T12:15:00Z,28.81722
2025-08-04T12:16:00Z,28.820259999999998
2025-08-04T12:17:00Z,28.823291666666666
2025-08-04T12:18:00Z,28.827135
2025-08-04T12:19:00Z,28.831846666666667
2025-08-04T12:20:00Z,28.837435
2025-08-04T12:21:00Z,28.843885
2025-08-04T12:22:00Z,28.849636666666665
2025-08-04T12:23:00Z,28.856830000000002
2025-08-04T12:24:00Z,28.863635000000002
2025-08-04T12:25:00Z,28.870301666666666
2025-08-04T12:26:00Z,28.876991666666665
2025-08-04T12:27:00Z,28.879568333333335
2025-08-04T12:28:00Z,28.882556666666666
2025-08-04T12:29:00Z,28.88746
2025-08-04T12:30:00Z,28.891828333333333
2025-08-04T12:31:00Z,28.895361666666666
2025-08-04T12:32:00Z,28.897035
2025-08-04T12:33:00Z,28.897801666666666
2025-08-04T12:34:00Z,28.899423333333335
2025-08-04T12:35:00Z,28.8994
2025-08-04T12:36:00Z,28.895175
2025-08-04T12:37:00Z,28.883731666666666
2025-08-04T12:38:00Z,28.87663
2025-08-04T12:39:00Z,28.869925
2025-08-04T12:40:00Z,28.862373333333334
2025-08-04T12:41:00Z,28.854055
2025-08-04T12:42:00Z,28.846436666666666
2025-08-04T12:43:00Z,28.841876666666664
2025-08-04T12:44:00Z,28.839125
2025-08-04T12:45:00Z,28.839290000000002
2025-08-04T12:46:00Z,28.838848333333335
2025-08-04T12:47:00Z,28.839195
2025-08-04T12:48:00Z,28.84170333333333
2025-08-04T12:49:00Z,28.84823
2025-08-04T12:50:00Z,28.855018333333334
2025-08-04T12:51:00Z,28.859575
2025-08-04T12:52:00Z,28.862278333333336
2025-08-04T12:53:00Z,28.86314666666667
2025-08-04T12:54:00Z,28.861918333333335
2025-08-04T12:55:00Z,28.861703333333335
2025-08-04T12:56:00Z,28.862075
2025-08-04T12:57:00Z,28.860913333333336
2025-08-04T12:58:00Z,28.85817
2025-08-04T12:59:00Z,28.853988333333334
2025-08-04T13:00:00Z,28.850211666666667
2025-08-04T13:01:00Z,28.84608
2025-08-04T13:02:00Z,28.840848333333334
2025-08-04T13:03:00Z,28.839456666666667
2025-08-04T13:04:00Z,28.839955
2025-08-04T13:05:00Z,28.840608333333332
2025-08-04T13:06:00Z,28.840225
2025-08-04T13:07:00Z,28.84224
2025-08-04T13:08:00Z,28.845293333333334
2025-08-04T13:09:00Z,28.847773333333333
2025-08-04T13:10:00Z,28.851168333333334
2025-08-04T13:11:00Z,28.85546666666667
2025-08-04T13:12:00Z,28.857418333333335
2025-08-04T13:13:00Z,28.85837666666667
2025-08-04T13:14:00Z,28.858241666666668
2025-08-04T13:15:00Z,28.85877
2025-08-04T13:16:00Z,28.86003666666667
2025-08-04T13:17:00Z,28.860315
2025-08-04T13:18:00Z,28.859560000000002
2025-08-04T13:19:00Z,28.859218333333335
2025-08-04T13:20:00Z,28.858958333333334
2025-08-04T13:21:00Z,28.858653333333333
2025-08-04T13:22:00Z,28.856663333333334
2025-08-04T13:23:00Z,28.847974999999998
2025-08-04T13:24:00Z,28.839308333333335
2025-08-04T13:25:00Z,28.831408333333332
2025-08-04T13:26:00Z,28.822885
2025-08-04T13:27:00Z,28.816388333333332
2025-08-04T13:28:00Z,28.811415
2025-08-04T13:29:00Z,28.81026166666667
2025-08-04T13:30:00Z,28.806625
2025-08-04T13:31:00Z,28.80352
2025-08-04T13:32:00Z,28.803446666666666
2025-08-04T13:33:00Z,28.803068333333332
2025-08-04T13:34:00Z,28.802266666666668
2025-08-04T13:35:00Z,28.802498333333332
2025-08-04T13:36:00Z,28.80459
2025-08-04T13:37:00Z,28.804113333333333
2025-08-04T13:38:00Z,28.801946666666666
2025-08-04T13:39:00Z,28.800866666666668
2025-08-04T13:40:00Z,28.799775
2025-08-04T13:41:00Z,28.80173333333333
2025-08-04T13:42:00Z,28.80270833333333
2025-08-04T13:43:00Z,28.796976666666666
2025-08-04T13:44:00Z,28.782595
2025-08-04T13:45:00Z,28.762623333333334
2025-08-04T13:46:00Z,28.741673333333335
2025-08-04T13:47:00Z,28.720873333333333
2025-08-04T13:48:00Z,28.70460333333333
2025-08-04T13:49:00Z,28.694623333333336
2025-08-04T13:50:00Z,28.687798333333333
2025-08-04T13:51:00Z,28.68416
2025-08-04T13:52:00Z,28.682995
2025-08-04T13:53:00Z,28.683196666666667
2025-08-04T13:54:00Z,28.68631
2025-08-04T13:55:00Z,28.689818333333335
2025-08-04T13:56:00Z,28.694505
2025-08-04T13:57:00Z,28.698483333333332
2025-08-04T13:58:00Z,28.702254999999997
2025-08-04T13:59:00Z,28.697696666666666
2025-08-04T14:00:00Z,28.691158333333334
2025-08-04T14:01:00Z,28.687738333333332
2025-08-04T14:02:00Z,28.684661666666667
2025-08-04T14:03:00Z,28.678383333333333
2025-08-04T14:04:00Z,28.675198333333334
2025-08-04T14:05:00Z,28.671341666666667
2025-08-04T14:06:00Z,28.669911666666668
2025-08-04T14:07:00Z,28.67015166666667
2025-08-04T14:08:00Z,28.67292
2025-08-04T14:09:00Z,28.674978333333335
2025-08-04T14:10:00Z,28.677954999999997
2025-08-04T14:11:00Z,28.682026666666665
2025-08-04T14:12:00Z,28.687216666666668
2025-08-04T14:13:00Z,28.691273333333335
2025-08-04T14:14:00Z,28.693885
2025-08-04T14:15:00Z,28.695576666666668
2025-08-04T14:16:00Z,28.69804166666667
2025-08-04T14:17:00Z,28.700184999999998
2025-08-04T14:18:00Z,28.70228
2025-08-04T14:19:00Z,28.704551666666667
2025-08-04T14:20:00Z,28.70732
2025-08-04T14:21:00Z,28.709395
2025-08-04T14:22:00Z,28.707945
2025-08-04T14:23:00Z,28.700358333333334
2025-08-04T14:24:00Z,28.692381666666666
2025-08-04T14:25:00Z,28.686956666666667
2025-08-04T14:26:00Z,28.681705
2025-08-04T14:27:00Z,28.677889999999998
2025-08-04T14:28:00Z,28.674421666666667
2025-08-04T14:29:00Z,28.673263333333335
2025-08-04T14:30:00Z,28.673270000000002
2025-08-04T14:31:00Z,28.676961666666667
2025-08-04T14:32:00Z,28.684786666666668
2025-08-04T14:33:00Z,28.692283333333336
2025-08-04T14:34:00Z,28.698581666666666
2025-08-04T14:35:00Z,28.703018333333333
2025-08-04T14:36:00Z,28.707663333333333
2025-08-04T14:37:00Z,28.70839833333333
2025-08-04T14:38:00Z,28.706651666666666
2025-08-04T14:39:00Z,28.706225
2025-08-04T14:40:00Z,28.706731666666666
2025-08-04T14:41:00Z,28.708758333333332
2025-08-04T14:42:00Z,28.711505
2025-08-04T14:43:00Z,28.713458333333335
2025-08-04T14:44:00Z,28.714415000000002
2025-08-04T14:45:00Z,28.715870000000002
2025-08-04T14:46:00Z,28.71893
2025-08-04T14:47:00Z,28.721723333333333
2025-08-04T14:48:00Z,28.724629999999998
2025-08-04T14:49:00Z,28.726423333333333
2025-08-04T14:50:00Z,28.72817
2025-08-04T14:51:00Z,28.730961666666666
2025-08-04T14:52:00Z,28.735075000000002
2025-08-04T14:53:00Z,28.739273333333333
2025-08-04T14:54:00Z,28.742868333333334
2025-08-04T14:55:00Z,28.746095
2025-08-04T14:56:00Z,28.749258333333334
2025-08-04T14:57:00Z,28.752406666666666
2025-08-04T14:58:00Z,28.75489333333333
2025-08-04T14:59:00Z,28.757236666666667
2025-08-04T15:00:00Z,28.758691666666667
2025-08-04T15:01:00Z,28.760478333333335
2025-08-04T15:02:00Z,28.761300000000002
2025-08-04T15:03:00Z,28.763345
2025-08-04T15:04:00Z,28.766238333333334
2025-08-04T15:05:00Z,28.769405
2025-08-04T15:06:00Z,28.771749999999997
2025-08-04T15:07:00Z,28.772261666666665
2025-08-04T15:08:00Z,28.76887
2025-08-04T15:09:00Z,28.761318333333335
2025-08-04T15:10:00Z,28.747676666666667
2025-08-04T15:11:00Z,28.73810166666667
2025-08-04T15:12:00Z,28.731781666666667
2025-08-04T15:13:00Z,28.726348333333334
2025-08-04T15:14:00Z,28.722246666666667
2025-08-04T15:15:00Z,28.719306666666668
2025-08-04T15:16:00Z,28.716785
2025-08-04T15:17:00Z,28.71422666666667
2025-08-04T15:18:00Z,28.712285
2025-08-04T15:19:00Z,28.703789999999998
2025-08-04T15:20:00Z,28.69414666666667
2025-08-04T15:21:00Z,28.681398333333334
2025-08-04T15:22:00Z,28.669385000000002
2025-08-04T15:23:00Z,28.66
2025-08-04T15:24:00Z,28.655391666666667
2025-08-04T15:25:00Z,28.653738333333333
2025-08-04T15:26:00Z,28.65647
2025-08-04T15:27:00Z,28.657871666666665
2025-08-04T15:28:00Z,28.659045
2025-08-04T15:29:00Z,28.659018333333332
2025-08-04T15:30:00Z,28.660096666666668
2025-08-04T15:31:00Z,28.661575
2025-08-04T15:32:00Z,28.665256666666668
2025-08-04T15:33:00Z,28.668473333333335
2025-08-04T15:34:00Z,28.672135
2025-08-04T15:35:00Z,28.674211666666668
2025-08-04T15:36:00Z,28.67484
2025-08-04T15:37:00Z,28.675695
2025-08-04T15:38:00Z,28.67707
2025-08-04T15:39:00Z,28.67925
2025-08-04T15:40:00Z,28.680999999999997
2025-08-04T15:41:00Z,28.68241
2025-08-04T15:42:00Z,28.684951666666667
2025-08-04T15:43:00Z,28.687545
2025-08-04T15:44:00Z,28.689301666666665
2025-08-04T15:45:00Z,28.693308333333334
2025-08-04T15:46:00Z,28.697006666666667
2025-08-04T15:47:00Z,28.69959833333333
2025-08-04T15:48:00Z,28.70273
2025-08-04T15:49:00Z,28.705911666666665
2025-08-04T15:50:00Z,28.708966666666665
2025-08-04T15:51:00Z,28.711986666666668
2025-08-04T15:52:00Z,28.714633333333335
2025-08-04T15:53:00Z,28.71871666666667
2025-08-04T15:54:00Z,28.722055
2025-08-04T15:55:00Z,28.72499
2025-08-04T15:56:00Z,28.725853333333333
2025-08-04T15:57:00Z,28.72407833333333
2025-08-04T15:58:00Z,28.72053
2025-08-04T15:59:00Z,28.71287
2025-08-04T16:00:00Z,28.70722333333333
2025-08-04T16:01:00Z,28.702835
2025-08-04T16:02:00Z,28.700751666666665
2025-08-04T16:03:00Z,28.69988
2025-08-04T16:04:00Z,28.699646666666666
2025-08-04T16:05:00Z,28.700231666666664
2025-08-04T16:06:00Z,28.701418333333333
2025-08-04T16:07:00Z,28.703496666666666
2025-08-04T16:08:00Z,28.707366666666665
2025-08-04T16:09:00Z,28.710283333333333
2025-08-04T16:10:00Z,28.709525
2025-08-04T16:11:00Z,28.703165
2025-08-04T16:12:00Z,28.695575
2025-08-04T16:13:00Z,28.689843333333332
2025-08-04T16:14:00Z,28.681741666666667
2025-08-04T16:15:00Z,28.676048333333334
2025-08-04T16:16:00Z,28.67284666666667
2025-08-04T16:17:00Z,28.671556666666667
2025-08-04T16:18:00Z,28.672240000000002
2025-08-04T16:19:00Z,28.67053166666667
2025-08-04T16:20:00Z,28.669168333333335
2025-08-04T16:21:00Z,28.668901666666667
2025-08-04T16:22:00Z,28.667923333333334
2025-08-04T16:23:00Z,28.666376666666668
2025-08-04T16:24:00Z,28.664625
2025-08-04T16:25:00Z,28.662658333333333
2025-08-04T16:26:00Z,28.660104999999998
2025-08-04T16:27:00Z,28.656634999999998
2025-08-04T16:28:00Z,28.653001666666665
2025-08-04T16:29:00Z,28.650588333333335
2025-08-04T16:30:00Z,28.64885166666667
2025-08-04T16:31:00Z,28.646868333333334
2025-08-04T16:32:00Z,28.645251666666667
2025-08-04T16:33:00Z,28.64295166666667
2025-08-04T16:34:00Z,28.640128333333333
2025-08-04T16:35:00Z,28.64006
2025-08-04T16:36:00Z,28.639918333333334
2025-08-04T16:37:00Z,28.639081666666666
2025-08-04T16:38:00Z,28.638535
2025-08-04T16:39:00Z,28.63749333333333
2025-08-04T16:40:00Z,28.638321666666666
2025-08-04T16:41:00Z,28.640778333333333
2025-08-04T16:42:00Z,28.642006666666667
2025-08-04T16:43:00Z,28.64253
2025-08-04T16:44:00Z,28.643526666666666
2025-08-04T16:45:00Z,28.644583333333333
2025-08-04T16:46:00Z,28.645226666666666
2025-08-04T16:47:00Z,28.645805
2025-08-04T16:48:00Z,28.645680000000002
2025-08-04T16:49:00Z,28.643266666666666
2025-08-04T16:50:00Z,28.64159666666667
2025-08-04T16:51:00Z,28.633893333333333
2025-08-04T16:52:00Z,28.624855
2025-08-04T16:53:00Z,28.614406666666667
2025-08-04T16:54:00Z,28.603675
2025-08-04T16:55:00Z,28.594293333333333
2025-08-04T16:56:00Z,28.585451666666664
2025-08-04T16:57:00Z,28.578401666666668
2025-08-04T16:58:00Z,28.573986666666666
2025-08-04T16:59:00Z,28.57421
2025-08-04T17:00:00Z,28.57556166666667
2025-08-04T17:01:00Z,28.57757
2025-08-04T17:02:00Z,28.581446666666668
2025-08-04T17:03:00Z,28.588241666666665
2025-08-04T17:04:00Z,28.59268
2025-08-04T17:05:00Z,28.59357
2025-08-04T17:06:00Z,28.594306666666668
2025-08-04T17:07:00Z,28.59321
2025-08-04T17:08:00Z,28.58927
2025-08-04T17:09:00Z,28.585431666666665
2025-08-04T17:10:00Z,28.586045
2025-08-04T17:11:00Z,28.583316666666665
2025-08-04T17:12:00Z,28.580926666666667
2025-08-04T17:13:00Z,28.580993333333335
2025-08-04T17:14:00Z,28.58275
2025-08-04T17:15:00Z,28.585213333333332
2025-08-04T17:16:00Z,28.589386666666666
2025-08-04T17:17:00Z,28.597846666666666
2025-08-04T17:18:00Z,28.60615
2025-08-04T17:19:00Z,28.611085
2025-08-04T17:20:00Z,28.614073333333334
2025-08-04T17:21:00Z,28.613284999999998
2025-08-04T17:22:00Z,28.611341666666664
2025-08-04T17:23:00Z,28.608856666666664
2025-08-04T17:24:00Z,28.604556666666667
2025-08-04T17:25:00Z,28.598390000000002
2025-08-04T17:26:00Z,28.590411666666665
2025-08-04T17:27:00Z,28.582781666666666
2025-08-04T17:28:00Z,28.57683
2025-08-04T17:29:00Z,28.572746666666667
2025-08-04T17:30:00Z,28.57097
2025-08-04T17:31:00Z,28.56983333333333
2025-08-04T17:32:00Z,28.570381666666666
2025-08-04T17:33:00Z,28.57085
2025-08-04T17:34:00Z,28.57064
2025-08-04T17:35:00Z,28.569223333333333
2025-08-04T17:36:00Z,28.56542333333333
2025-08-04T17:37:00Z,28.560403333333333
2025-08-04T17:38:00Z,28.55362166666667
2025-08-04T17:39:00Z,28.545643333333334
2025-08-04T17:40:00Z,28.53774333333333
2025-08-04T17:41:00Z,28.53095666666667
2025-08-04T17:42:00Z,28.526926666666668
2025-08-04T17:43:00Z,28.528685
2025-08-04T17:44:00Z,28.530623333333335
2025-08-04T17:45:00Z,28.532551666666667
2025-08-04T17:46:00Z,28.533871666666666
2025-08-04T17:47:00Z,28.53445
2025-08-04T17:48:00Z,28.535325
2025-08-04T17:49:00Z,28.536953333333333
2025-08-04T17:50:00Z,28.540456666666664
2025-08-04T17:51:00Z,28.541816666666666
2025-08-04T17:52:00Z,28.543583333333334
2025-08-04T17:53:00Z,28.544261666666667
2025-08-04T17:54:00Z,28.54432333333333
2025-08-04T17:55:00Z,28.547176666666665
2025-08-04T17:56:00Z,28.551651666666668
2025-08-04T17:57:00Z,28.555131666666668
2025-08-04T17:58:00Z,28.559286666666665
2025-08-04T17:59:00Z,28.56131
2025-08-04T18:00:00Z,28.56340833333333
2025-08-04T18:01:00Z,28.56346
2025-08-04T18:02:00Z,28.562238333333333
2025-08-04T18:03:00Z,28.56167
2025-08-04T18:04:00Z,28.5608
2025-08-04T18:05:00Z,28.56070833333333
2025-08-04T18:06:00Z,28.561625
2025-08-04T18:07:00Z,28.562833333333334
2025-08-04T18:08:00Z,28.565405
2025-08-04T18:09:00Z,28.567239999999998
2025-08-04T18:10:00Z,28.566536666666664
2025-08-04T18:11:00Z,28.562906666666667
2025-08-04T18:12:00Z,28.562766666666665
2025-08-04T18:13:00Z,28.564608333333332
2025-08-04T18:14:00Z,28.565476666666665
2025-08-04T18:15:00Z,28.565565
2025-08-04T18:16:00Z,28.56476
2025-08-04T18:17:00Z,28.563773333333334
2025-08-04T18:18:00Z,28.562096666666665
2025-08-04T18:19:00Z,28.563871666666664
2025-08-04T18:20:00Z,28.568016666666665
2025-08-04T18:21:00Z,28.579568333333334
2025-08-04T18:22:00Z,28.586948333333332
2025-08-04T18:23:00Z,28.587571666666665
2025-08-04T18:24:00Z,28.588261666666664
2025-08-04T18:25:00Z,28.590201666666665
2025-08-04T18:26:00Z,28.593776666666667
2025-08-04T18:27:00Z,28.597011666666667
2025-08-04T18:28:00Z,28.59822
2025-08-04T18:29:00Z,28.60049
2025-08-04T18:30:00Z,28.605978333333333
2025-08-04T18:31:00Z,28.610675
2025-08-04T18:32:00Z,28.612226666666665
2025-08-04T18:33:00Z,28.61218
2025-08-04T18:34:00Z,28.612495
2025-08-04T18:35:00Z,28.613306666666666
2025-08-04T18:36:00Z,28.614428333333333
2025-08-04T18:37:00Z,28.615306666666665
2025-08-04T18:38:00Z,28.61704
2025-08-04T18:39:00Z,28.619358333333334
2025-08-04T18:40:00Z,28.621685
2025-08-04T18:41:00Z,28.62459
2025-08-04T18:42:00Z,28.626
2025-08-04T18:43:00Z,28.626775000000002
2025-08-04T18:44:00Z,28.6249
2025-08-04T18:45:00Z,28.623853333333333
2025-08-04T18:46:00Z,28.623525
2025-08-04T18:47:00Z,28.62286166666667
2025-08-04T18:48:00Z,28.623526666666667
2025-08-04T18:49:00Z,28.62414
2025-08-04T18:50:00Z,28.625811666666667
2025-08-04T18:51:00Z,28.628016666666667
2025-08-04T18:52:00Z,28.628986666666666
2025-08-04T18:53:00Z,28.62462
2025-08-04T18:54:00Z,28.617505
2025-08-04T18:55:00Z,28.611296666666664
2025-08-04T18:56:00Z,28.605131666666665
2025-08-04T18:57:00Z,28.601558333333333
2025-08-04T18:58:00Z,28.600198333333335
2025-08-04T18:59:00Z,28.599983333333334
2025-08-04T19:00:00Z,28.60065
2025-08-04T19:01:00Z,28.600123333333336
2025-08-04T19:02:00Z,28.598923333333335
2025-08-04T19:03:00Z,28.599296666666667
2025-08-04T19:04:00Z,28.600033333333336
2025-08-04T19:05:00Z,28.600905
2025-08-04T19:06:00Z,28.60075
2025-08-04T19:07:00Z,28.60065
2025-08-04T19:08:00Z,28.60084
2025-08-04T19:09:00Z,28.601265
2025-08-04T19:10:00Z,28.603598333333334
2025-08-04T19:11:00Z,28.60118166666667
2025-08-04T19:12:00Z,28.598463333333335
2025-08-04T19:13:00Z,28.595623333333332
2025-08-04T19:14:00Z,28.592706666666665
2025-08-04T19:15:00Z,28.590435
2025-08-04T19:16:00Z,28.58877
2025-08-04T19:17:00Z,28.587786666666666
2025-08-04T19:18:00Z,28.588126666666664
2025-08-04T19:19:00Z,28.589534999999998
2025-08-04T19:20:00Z,28.595921666666666
2025-08-04T19:21:00Z,28.606225
2025-08-04T19:22:00Z,28.623596666666668
2025-08-04T19:23:00Z,28.641805
2025-08-04T19:24:00Z,28.662855
2025-08-04T19:25:00Z,28.68407
2025-08-04T19:26:00Z,28.696398333333335
2025-08-04T19:27:00Z,28.696605
2025-08-04T19:28:00Z,28.693618333333333
2025-08-04T19:29:00Z,28.687546666666666
2025-08-04T19:30:00Z,28.68827
2025-08-04T19:31:00Z,28.699138333333334
2025-08-04T19:32:00Z,28.707945
2025-08-04T19:33:00Z,28.72485
2025-08-04T19:34:00Z,28.743571666666668
2025-08-04T19:35:00Z,28.751525
2025-08-04T19:36:00Z,28.765555
2025-08-04T19:37:00Z,28.785246666666666
2025-08-04T19:38:00Z,28.788945000000002
2025-08-04T19:39:00Z,28.779991666666668
2025-08-04T19:40:00Z,28.7687
2025-08-04T19:41:00Z,28.760838333333332
2025-08-04T19:42:00Z,28.754315
2025-08-04T19:43:00Z,28.748036666666664
2025-08-04T19:44:00Z,28.742673333333336
2025-08-04T19:45:00Z,28.734043333333332
2025-08-04T19:46:00Z,28.72695
2025-08-04T19:47:00Z,28.721965
2025-08-04T19:48:00Z,28.717723333333335
2025-08-04T19:49:00Z,28.714135
2025-08-04T19:50:00Z,28.712441666666667
2025-08-04T19:51:00Z,28.711076666666667
2025-08-04T19:52:00Z,28.706198333333333
2025-08-04T19:53:00Z,28.698308333333333
2025-08-04T19:54:00Z,28.690781666666666
2025-08-04T19:55:00Z,28.685763333333334
2025-08-04T19:56:00Z,28.68356
2025-08-04T19:57:00Z,28.680521666666667
2025-08-04T19:58:00Z,28.675021666666666
2025-08-04T19:59:00Z,28.670245
2025-08-04T20:00:00Z,28.666728333333335
2025-08-04T20:01:00Z,28.663956666666667
2025-08-04T20:02:00Z,28.65949833333333
2025-08-04T20:03:00Z,28.654223333333334
2025-08-04T20:04:00Z,28.650595000000003
2025-08-04T20:05:00Z,28.646706666666667
2025-08-04T20:06:00Z,28.64295166666667
2025-08-04T20:07:00Z,28.640136666666667
2025-08-04T20:08:00Z,28.637276666666665
2025-08-04T20:09:00Z,28.636336666666665
2025-08-04T20:10:00Z,28.635473333333334
2025-08-04T20:11:00Z,28.634501666666665
2025-08-04T20:12:00Z,28.633585
2025-08-04T20:13:00Z,28.631623333333334
2025-08-04T20:14:00Z,28.629268333333332
2025-08-04T20:15:00Z,28.62982
2025-08-04T20:16:00Z,28.631953333333332
2025-08-04T20:17:00Z,28.634578333333334
2025-08-04T20:18:00Z,28.637988333333332
2025-08-04T20:19:00Z,28.640618333333332
2025-08-04T20:20:00Z,28.641905
2025-08-04T20:21:00Z,28.641648333333332
2025-08-04T20:22:00Z,28.642926666666668
2025-08-04T20:23:00Z,28.649383333333333
2025-08-04T20:24:00Z,28.65844
2025-08-04T20:25:00Z,28.6763
2025-08-04T20:26:00Z,28.694476666666667
2025-08-04T20:27:00Z,28.709931666666666
2025-08-04T20:28:00Z,28.71890666666667
2025-08-04T20:29:00Z,28.71713
2025-08-04T20:30:00Z,28.72420333333333
2025-08-04T20:31:00Z,28.739643333333333
2025-08-04T20:32:00Z,28.760738333333332
2025-08-04T20:33:00Z,28.788165
2025-08-04T20:34:00Z,28.802183333333332
2025-08-04T20:35:00Z,28.809720000000002
2025-08-04T20:36:00Z,28.808235
2025-08-04T20:37:00Z,28.807343333333336
2025-08-04T20:38:00Z,28.805141666666668
2025-08-04T20:39:00Z,28.80163
2025-08-04T20:40:00Z,28.799775
2025-08-04T20:41:00Z,28.804803333333332
2025-08-04T20:42:00Z,28.812793333333335
2025-08-04T20:43:00Z,28.833233333333332
2025-08-04T20:44:00Z,28.836660000000002
2025-08-04T20:45:00Z,28.83523166666667
2025-08-04T20:46:00Z,28.840038333333332
2025-08-04T20:47:00Z,28.834375
2025-08-04T20:48:00Z,28.833006666666666
2025-08-04T20:49:00Z,28.833348333333333
2025-08-04T20:50:00Z,28.831528333333335
2025-08-04T20:51:00Z,28.833853333333334
2025-08-04T20:52:00Z,28.837193333333335
2025-08-04T20:53:00Z,28.842136666666665
2025-08-04T20:54:00Z,28.849658333333334
2025-08-04T20:55:00Z,28.855918333333335
2025-08-04T20:56:00Z,28.861665000000002
2025-08-04T20:57:00Z,28.863161666666667
2025-08-04T20:58:00Z,28.85762
2025-08-04T20:59:00Z,28.850716666666667
2025-08-04T21:00:00Z,28.844144999999997
2025-08-04T21:01:00Z,28.84276333333333
2025-08-04T21:02:00Z,28.845693333333333
2025-08-04T21:03:00Z,28.84985
2025-08-04T21:04:00Z,28.852478333333334
2025-08-04T21:05:00Z,28.850908333333333
2025-08-04T21:06:00Z,28.849038333333333
2025-08-04T21:07:00Z,28.850671666666667
2025-08-04T21:08:00Z,28.85394
2025-08-04T21:09:00Z,28.857998333333335
2025-08-04T21:10:00Z,28.8624
2025-08-04T21:11:00Z,28.865258333333333
2025-08-04T21:12:00Z,28.865885
2025-08-04T21:13:00Z,28.86851833333333
2025-08-04T21:14:00Z,28.872666666666667
2025-08-04T21:15:00Z,28.877225
2025-08-04T21:16:00Z,28.88136666666667
2025-08-04T21:17:00Z,28.88423166666667
2025-08-04T21:18:00Z,28.885336666666667
2025-08-04T21:19:00Z,28.886075
2025-08-04T21:20:00Z,28.88617
2025-08-04T21:21:00Z,28.88552166666667
2025-08-04T21:22:00Z,28.88513
2025-08-04T21:23:00Z,28.884928333333335
2025-08-04T21:24:00Z,28.885318333333334
2025-08-04T21:25:00Z,28.886285
2025-08-04T21:26:00Z,28.887835
2025-08-04T21:27:00Z,28.892906666666665
2025-08-04T21:28:00Z,28.906253333333332
2025-08-04T21:29:00Z,28.926178333333333
2025-08-04T21:30:00Z,28.952361666666665
2025-08-04T21:31:00Z,28.96649
2025-08-04T21:32:00Z,28.96508
2025-08-04T21:33:00Z,28.957571666666666
2025-08-04T21:34:00Z,28.950405
2025-08-04T21:35:00Z,28.946676666666665
2025-08-04T21:36:00Z,28.94343
2025-08-04T21:37:00Z,28.935828333333333
2025-08-04T21:38:00Z,28.926665
2025-08-04T21:39:00Z,28.921166666666668
2025-08-04T21:40:00Z,28.917555
2025-08-04T21:41:00Z,28.91315833333333
2025-08-04T21:42:00Z,28.90934
2025-08-04T21:43:00Z,28.90642666666667
2025-08-04T21:44:00Z,28.90312666666667
2025-08-04T21:45:00Z,28.899303333333332
2025-08-04T21:46:00Z,28.897173333333335
2025-08-04T21:47:00Z,28.897035
2025-08-04T21:48:00Z,28.899616666666667
2025-08-04T21:49:00Z,28.90341
2025-08-04T21:50:00Z,28.90725666666667
2025-08-04T21:51:00Z,28.910295
2025-08-04T21:52:00Z,28.914076666666666
2025-08-04T21:53:00Z,28.911653333333334
2025-08-04T21:54:00Z,28.911091666666668
2025-08-04T21:55:00Z,28.91154
2025-08-04T21:56:00Z,28.913446666666665
2025-08-04T21:57:00Z,28.919016666666668
2025-08-04T21:58:00Z,28.927306666666667
2025-08-04T21:59:00Z,28.939008333333334
2025-08-04T22:00:00Z,28.952073333333335
2025-08-04T22:01:00Z,28.967555
2025-08-04T22:02:00Z,28.979655
2025-08-04T22:03:00Z,28.991933333333332
2025-08-04T22:04:00Z,29.001046666666667
2025-08-04T22:05:00Z,29.011025
2025-08-04T22:06:00Z,29.014201666666665
2025-08-04T22:07:00Z,29.020703333333334
2025-08-04T22:08:00Z,29.033635
2025-08-04T22:09:00Z,29.045035
2025-08-04T22:10:00Z,29.057245
2025-08-04T22:11:00Z,29.055793333333334
2025-08-04T22:12:00Z,29.05641
2025-08-04T22:13:00Z,29.067096666666668
2025-08-04T22:14:00Z,29.085561666666667
2025-08-04T22:15:00Z,29.122161666666667
2025-08-04T22:16:00Z,29.164406666666668
2025-08-04T22:17:00Z,29.220205
2025-08-04T22:18:00Z,29.25407166666667
2025-08-04T22:19:00Z,29.308006666666667
2025-08-04T22:20:00Z,29.351436666666668
2025-08-04T22:21:00Z,29.38427
2025-08-04T22:22:00Z,29.416555
2025-08-04T22:23:00Z,29.437906666666667
2025-08-04T22:24:00Z,29.440421666666666
2025-08-04T22:25:00Z,29.428578333333334
2025-08-04T22:26:00Z,29.420553333333334
2025-08-04T22:27:00Z,29.40885
2025-08-04T22:28:00Z,29.398135
2025-08-04T22:29:00Z,29.390031666666665
2025-08-04T22:30:00Z,29.387501666666665
2025-08-04T22:31:00Z,29.38669
2025-08-04T22:32:00Z,29.385473333333334
2025-08-04T22:33:00Z,29.394375
2025-08-04T22:34:00Z,29.40253166666667
2025-08-04T22:35:00Z,29.408125000000002
2025-08-04T22:36:00Z,29.419818333333332
2025-08-04T22:37:00Z,29.429978333333334
2025-08-04T22:38:00Z,29.442968333333333
2025-08-04T22:39:00Z,29.454341666666668
2025-08-04T22:40:00Z,29.458256666666667
2025-08-04T22:41:00Z,29.466126666666668
2025-08-04T22:42:00Z,29.472009999999997
2025-08-04T22:43:00Z,29.475583333333333
2025-08-04T22:44:00Z,29.476376666666667
2025-08-04T22:45:00Z,29.481753333333334
2025-08-04T22:46:00Z,29.489318333333333
2025-08-04T22:47:00Z,29.493533333333332
2025-08-04T22:48:00Z,29.493246666666668
2025-08-04T22:49:00Z,29.495951666666667
2025-08-04T22:50:00Z,29.496621666666666
2025-08-04T22:51:00Z,29.508166666666668
2025-08-04T22:52:00Z,29.520381666666665
2025-08-04T22:53:00Z,29.532716666666666
2025-08-04T22:54:00Z,29.54462666666667
2025-08-04T22:55:00Z,29.54120166666667
2025-08-04T22:56:00Z,29.534335
2025-08-04T22:57:00Z,29.52372833333333
2025-08-04T22:58:00Z,29.514225
2025-08-04T22:59:00Z,29.507675
2025-08-04T23:00:00Z,29.504601666666666
2025-08-04T23:01:00Z,29.50975
2025-08-04T23:02:00Z,29.519898333333334
2025-08-04T23:03:00Z,29.529431666666667
2025-08-04T23:04:00Z,29.539353333333334
2025-08-04T23:05:00Z,29.545688333333334
2025-08-04T23:06:00Z,29.553001666666667
2025-08-04T23:07:00Z,29.565313333333336
2025-08-04T23:08:00Z,29.564253333333333
2025-08-04T23:09:00Z,29.556266666666666
2025-08-04T23:10:00Z,29.550101666666666
2025-08-04T23:11:00Z,29.545041666666666
2025-08-04T23:12:00Z,29.5407
2025-08-04T23:13:00Z,29.539540000000002
2025-08-04T23:14:00Z,29.54
2025-08-04T23:15:00Z,29.542598333333334
2025-08-04T23:16:00Z,29.543535000000002
2025-08-04T23:17:00Z,29.544535
2025-08-04T23:18:00Z,29.548064999999998
2025-08-04T23:19:00Z,29.55022
2025-08-04T23:20:00Z,29.550245
2025-08-04T23:21:00Z,29.553635
2025-08-04T23:22:00Z,29.559306666666668
2025-08-04T23:23:00Z,29.562678333333334
2025-08-04T23:24:00Z,29.56520666666667
2025-08-04T23:25:00Z,29.568248333333333
2025-08-04T23:26:00Z,29.572206666666666
2025-08-04T23:27:00Z,29.57343
2025-08-04T23:28:00Z,29.5768
2025-08-04T23:29:00Z,29.583273333333334
2025-08-04T23:30:00Z,29.591735
2025-08-04T23:31:00Z,29.60285
2025-08-04T23:32:00Z,29.61114
2025-08-04T23:33:00Z,29.61893
2025-08-04T23:34:00Z,29.626455
2025-08-04T23:35:00Z,29.626541666666668
2025-08-04T23:36:00Z,29.618015
2025-08-04T23:37:00Z,29.612463333333334
2025-08-04T23:38:00Z,29.607385
2025-08-04T23:39:00Z,29.601548333333334
2025-08-04T23:40:00Z,29.598738333333333
2025-08-04T23:41:00Z,29.60171
2025-08-04T23:42:00Z,29.609645
2025-08-04T23:43:00Z,29.61886
2025-08-04T23:44:00Z,29.633015
2025-08-04T23:45:00Z,29.663073333333333
2025-08-04T23:46:00Z,29.692126666666667
2025-08-04T23:47:00Z,29.716911666666665
2025-08-04T23:48:00Z,29.735481666666665
2025-08-04T23:49:00Z,29.746591666666667
2025-08-04T23:50:00Z,29.75679166666667
2025-08-04T23:51:00Z,29.764116666666666
2025-08-04T23:52:00Z,29.769661666666664
2025-08-04T23:53:00Z,29.77339333333333
2025-08-04T23:54:00Z,29.774919999999998
2025-08-04T23:55:00Z,29.77482
2025-08-04T23:56:00Z,29.772838333333333
2025-08-04T23:57:00Z,29.771728333333332
2025-08-04T23:58:00Z,29.773423333333334
2025-08-04T23:59:00Z,29.775303333333333
2025-08-05T00:00:00Z,29.776678333333333
2025-08-05T00:01:00Z,29.778735
2025-08-05T00:02:00Z,29.774621666666665
2025-08-05T00:03:00Z,29.766781666666667
2025-08-05T00:04:00Z,29.76140666666667
2025-08-05T00:05:00Z,29.760978333333334
2025-08-05T00:06:00Z,29.759908333333335
2025-08-05T00:07:00Z,29.758343333333332
2025-08-05T00:08:00Z,29.754763333333333
2025-08-05T00:09:00Z,29.754795
2025-08-05T00:10:00Z,29.753508333333333
2025-08-05T00:11:00Z,29.752396666666666
2025-08-05T00:12:00Z,29.751053333333335
2025-08-05T00:13:00Z,29.750545
2025-08-05T00:14:00Z,29.74931833333333
2025-08-05T00:15:00Z,29.746326666666665
2025-08-05T00:16:00Z,29.745559999999998
2025-08-05T00:17:00Z,29.745974999999998
2025-08-05T00:18:00Z,29.742203333333332
2025-08-05T00:19:00Z,29.73679
2025-08-05T00:20:00Z,29.730335
2025-08-05T00:21:00Z,29.72661
2025-08-05T00:22:00Z,29.725238333333333
2025-08-05T00:23:00Z,29.731578333333335
2025-08-05T00:24:00Z,29.740333333333332
2025-08-05T00:25:00Z,29.74614
2025-08-05T00:26:00Z,29.74636
2025-08-05T00:27:00Z,29.748604999999998
2025-08-05T00:28:00Z,29.748428333333333
2025-08-05T00:29:00Z,29.748003333333333
2025-08-05T00:30:00Z,29.74792
2025-08-05T00:31:00Z,29.753051666666668
2025-08-05T00:32:00Z,29.756673333333335
2025-08-05T00:33:00Z,29.758483333333334
2025-08-05T00:34:00Z,29.75756666666667
2025-08-05T00:35:00Z,29.758555
2025-08-05T00:36:00Z,29.760705
2025-08-05T00:37:00Z,29.761825
2025-08-05T00:38:00Z,29.75778
2025-08-05T00:39:00Z,29.748756666666665
2025-08-05T00:40:00Z,29.739546666666666
2025-08-05T00:41:00Z,29.729585
2025-08-05T00:42:00Z,29.721416666666666
2025-08-05T00:43:00Z,29.715931666666666
2025-08-05T00:44:00Z,29.711561666666665
2025-08-05T00:45:00Z,29.706926666666668
2025-08-05T00:46:00Z,29.704515
2025-08-05T00:47:00Z,29.70249666666667
2025-08-05T00:48:00Z,29.700491666666668
2025-08-05T00:49:00Z,29.699843333333334
2025-08-05T00:50:00Z,29.70158
2025-08-05T00:51:00Z,29.702830000000002
2025-08-05T00:52:00Z,29.702661666666668
2025-08-05T00:53:00Z,29.702085
2025-08-05T00:54:00Z,29.703701666666667
2025-08-05T00:55:00Z,29.706538333333334
2025-08-05T00:56:00Z,29.712065
2025-08-05T00:57:00Z,29.716866666666665
2025-08-05T00:58:00Z,29.719189999999998
2025-08-05T00:59:00Z,29.719078333333332
2025-08-05T01:00:00Z,29.720461666666665
2025-08-05T01:01:00Z,29.721153333333334
2025-08-05T01:02:00Z,29.720578333333332
2025-08-05T01:03:00Z,29.733263333333333
2025-08-05T01:04:00Z,29.750265
2025-08-05T01:05:00Z,29.765385
2025-08-05T01:06:00Z,29.77861
2025-08-05T01:07:00Z,29.788355000000003
2025-08-05T01:08:00Z,29.789923333333334
2025-08-05T01:09:00Z,29.794006666666668
2025-08-05T01:10:00Z,29.796446666666665
2025-08-05T01:11:00Z,29.796715
2025-08-05T01:12:00Z,29.796644999999998
2025-08-05T01:13:00Z,29.794651666666667
2025-08-05T01:14:00Z,29.793886666666666
2025-08-05T01:15:00Z,29.797195
2025-08-05T01:16:00Z,29.801473333333334
2025-08-05T01:17:00Z,29.805043333333334
2025-08-05T01:18:00Z,29.797976666666667
2025-08-05T01:19:00Z,29.789681666666667
2025-08-05T01:20:00Z,29.783525
2025-08-05T01:21:00Z,29.778325
2025-08-05T01:22:00Z,29.779316666666666
2025-08-05T01:23:00Z,29.78884
2025-08-05T01:24:00Z,29.799078333333334
2025-08-05T01:25:00Z,29.805861666666665
2025-08-05T01:26:00Z,29.81136
2025-08-05T01:27:00Z,29.815996666666667
2025-08-05T01:28:00Z,29.819646666666667
2025-08-05T01:29:00Z,29.822235
2025-08-05T01:30:00Z,29.822879999999998
2025-08-05T01:31:00Z,29.822975
2025-08-05T01:32:00Z,29.82261833333333
2025-08-05T01:33:00Z,29.821916666666667
2025-08-05T01:34:00Z,29.821794999999998
2025-08-05T01:35:00Z,29.82131
2025-08-05T01:36:00Z,29.820633333333333
2025-08-05T01:37:00Z,29.816721666666666
2025-08-05T01:38:00Z,29.810008333333332
2025-08-05T01:39:00Z,29.803576666666665
2025-08-05T01:40:00Z,29.80038
2025-08-05T01:41:00Z,29.79968333333333
2025-08-05T01:42:00Z,29.799251666666667
2025-08-05T01:43:00Z,29.797211666666666
2025-08-05T01:44:00Z,29.792818333333333
2025-08-05T01:45:00Z,29.787008333333333
2025-08-05T01:46:00Z,29.779965
2025-08-05T01:47:00Z,29.773833333333332
2025-08-05T01:48:00Z,29.766886666666664
2025-08-05T01:49:00Z,29.76649833333333
2025-08-05T01:50:00Z,29.776173333333332
2025-08-05T01:51:00Z,29.788436666666666
2025-08-05T01:52:00Z,29.800913333333334
2025-08-05T01:53:00Z,29.810926666666667
2025-08-05T01:54:00Z,29.819138333333335
2025-08-05T01:55:00Z,29.82499
2025-08-05T01:56:00Z,29.828586666666666
2025-08-05T01:57:00Z,29.831343333333333
2025-08-05T01:58:00Z,29.832016666666664
2025-08-05T01:59:00Z,29.812623333333335
2025-08-05T02:00:00Z,29.785215
2025-08-05T02:01:00Z,29.733915
2025-08-05T02:02:00Z,29.656868333333332
2025-08-05T02:03:00Z,29.574488333333335
2025-08-05T02:04:00Z,29.492141666666665
2025-08-05T02:05:00Z,29.42484
2025-08-05T02:06:00Z,29.370645
2025-08-05T02:07:00Z,29.329931666666667
2025-08-05T02:08:00Z,29.298771666666667
2025-08-05T02:09:00Z,29.276106666666667
2025-08-05T02:10:00Z,29.26035
2025-08-05T02:11:00Z,29.25005
2025-08-05T02:12:00Z,29.24087
2025-08-05T02:13:00Z,29.232695
2025-08-05T02:14:00Z,29.225231666666666
2025-08-05T02:15:00Z,29.20786
2025-08-05T02:16:00Z,29.194515
2025-08-05T02:17:00Z,29.182661666666668
2025-08-05T02:18:00Z,29.165245
2025-08-05T02:19:00Z,29.141456666666667
2025-08-05T02:20:00Z,29.119161666666667
2025-08-05T02:21:00Z,29.10279
2025-08-05T02:22:00Z,29.09048
2025-08-05T02:23:00Z,29.081553333333332
2025-08-05T02:24:00Z,29.075215
2025-08-05T02:25:00Z,29.072001666666665
2025-08-05T02:26:00Z,29.07153
2025-08-05T02:27:00Z,29.072711666666667
2025-08-05T02:28:00Z,29.077108333333335
2025-08-05T02:29:00Z,29.084038333333332
2025-08-05T02:30:00Z,29.09063
2025-08-05T02:31:00Z,29.092766666666666
2025-08-05T02:32:00Z,29.091986666666667
2025-08-05T02:33:00Z,29.090875
2025-08-05T02:34:00Z,29.090948333333333
2025-08-05T02:35:00Z,29.092195
2025-08-05T02:36:00Z,29.09432
2025-08-05T02:37:00Z,29.099381666666666
2025-08-05T02:38:00Z,29.102870000000003
2025-08-05T02:39:00Z,29.105520000000002
2025-08-05T02:40:00Z,29.108545
2025-08-05T02:41:00Z,29.117815
2025-08-05T02:42:00Z,29.12802
2025-08-05T02:43:00Z,29.136601666666667
2025-08-05T02:44:00Z,29.143741666666667
2025-08-05T02:45:00Z,29.143471666666667
2025-08-05T02:46:00Z,29.138233333333332
2025-08-05T02:47:00Z,29.13082
2025-08-05T02:48:00Z,29.122898333333335
2025-08-05T02:49:00Z,29.117494999999998
2025-08-05T02:50:00Z,29.112886666666665
2025-08-05T02:51:00Z,29.10463
2025-08-05T02:52:00Z,29.093408333333333
2025-08-05T02:53:00Z,29.081701666666667
2025-08-05T02:54:00Z,29.070818333333335
2025-08-05T02:55:00Z,29.06117
2025-08-05T02:56:00Z,29.051740000000002
2025-08-05T02:57:00Z,29.042518333333334
2025-08-05T02:58:00Z,29.03522333333333
2025-08-05T02:59:00Z,29.028335000000002
2025-08-05T03:00:00Z,29.021298333333334
2025-08-05T03:01:00Z,29.014635
2025-08-05T03:02:00Z,29.0098
2025-08-05T03:03:00Z,29.005393333333334
2025-08-05T03:04:00Z,29.000408333333333
2025-08-05T03:05:00Z,28.990853333333334
2025-08-05T03:06:00Z,28.981468333333336
2025-08-05T03:07:00Z,28.970623333333332
2025-08-05T03:08:00Z,28.960085
2025-08-05T03:09:00Z,28.951961666666666
2025-08-05T03:10:00Z,28.94754
2025-08-05T03:11:00Z,28.945161666666667
2025-08-05T03:12:00Z,28.94428333333333
2025-08-05T03:13:00Z,28.944818333333334
2025-08-05T03:14:00Z,28.94553833333333
2025-08-05T03:15:00Z,28.945301666666666
2025-08-05T03:16:00Z,28.936736666666665
2025-08-05T03:17:00Z,28.925918333333335
2025-08-05T03:18:00Z,28.915496666666666
2025-08-05T03:19:00Z,28.907283333333336
2025-08-05T03:20:00Z,28.897635
2025-08-05T03:21:00Z,28.890825
2025-08-05T03:22:00Z,28.88836
2025-08-05T03:23:00Z,28.887736666666665
2025-08-05T03:24:00Z,28.890106666666664
2025-08-05T03:25:00Z,28.89366
2025-08-05T03:26:00Z,28.897608333333334
2025-08-05T03:27:00Z,28.90013666666667
2025-08-05T03:28:00Z,28.901308333333333
2025-08-05T03:29:00Z,28.902418333333333
2025-08-05T03:30:00Z,28.903988333333334
2025-08-05T03:31:00Z,28.905178333333335
2025-08-05T03:32:00Z,28.906975000000003
2025-08-05T03:33:00Z,28.908285000000003
2025-08-05T03:34:00Z,28.909570000000002
2025-08-05T03:35:00Z,28.91228
2025-08-05T03:36:00Z,28.91767833333333
2025-08-05T03:37:00Z,28.93292
2025-08-05T03:38:00Z,28.954445
2025-08-05T03:39:00Z,28.969503333333332
2025-08-05T03:40:00Z,28.988425
2025-08-05T03:41:00Z,28.99573
2025-08-05T03:42:00Z,28.996471666666668
2025-08-05T03:43:00Z,29.00221666666667
2025-08-05T03:44:00Z,29.004215000000002
2025-08-05T03:45:00Z,29.003485
2025-08-05T03:46:00Z,29.003746666666668
2025-08-05T03:47:00Z,29.002165
2025-08-05T03:48:00Z,29.000186666666668
2025-08-05T03:49:00Z,28.99764
2025-08-05T03:50:00Z,28.995138333333333
2025-08-05T03:51:00Z,28.993555
2025-08-05T03:52:00Z,28.994075
2025-08-05T03:53:00Z,28.996875
2025-08-05T03:54:00Z,28.996638333333333
2025-08-05T03:55:00Z,28.997326666666666
2025-08-05T03:56:00Z,28.99946
2025-08-05T03:57:00Z,28.999896666666668
2025-08-05T03:58:00Z,29.000866666666667
2025-08-05T03:59:00Z,29.004115000000002
2025-08-05T04:00:00Z,29.00448
2025-08-05T04:01:00Z,29.001973333333336
2025-08-05T04:02:00Z,28.99963
2025-08-05T04:03:00Z,28.997756666666668
2025-08-05T04:04:00Z,28.996808333333334
2025-08-05T04:05:00Z,28.99683
2025-08-05T04:06:00Z,29.000766666666667
2025-08-05T04:07:00Z,29.009661666666666
2025-08-05T04:08:00Z,29.020975
2025-08-05T04:09:00Z,29.030056666666667
2025-08-05T04:10:00Z,29.03736333333333
2025-08-05T04:11:00Z,29.041066666666666
2025-08-05T04:12:00Z,29.044503333333335
2025-08-05T04:13:00Z,29.050401666666666
2025-08-05T04:14:00Z,29.056820000000002
2025-08-05T04:15:00Z,29.063145
2025-08-05T04:16:00Z,29.064035
2025-08-05T04:17:00Z,29.06317
2025-08-05T04:18:00Z,29.066288333333333
2025-08-05T04:19:00Z,29.073688333333333
2025-08-05T04:20:00Z,29.082005
2025-08-05T04:21:00Z,29.094761666666667
2025-08-05T04:22:00Z,29.110181666666666
2025-08-05T04:23:00Z,29.125145
2025-08-05T04:24:00Z,29.142133333333334
2025-08-05T04:25:00Z,29.158988333333333
2025-08-05T04:26:00Z,29.177223333333334
2025-08-05T04:27:00Z,29.190475
2025-08-05T04:28:00Z,29.210541666666668
2025-08-05T04:29:00Z,29.228598333333334
2025-08-05T04:30:00Z,29.242001666666667
2025-08-05T04:31:00Z,29.255021666666668
2025-08-05T04:32:00Z,29.25832666666667
2025-08-05T04:33:00Z,29.25866166666667
2025-08-05T04:34:00Z,29.254043333333335
2025-08-05T04:35:00Z,29.252083333333335
2025-08-05T04:36:00Z,29.253975
2025-08-05T04:37:00Z,29.253566666666668
2025-08-05T04:38:00Z,29.254450000000002
2025-08-05T04:39:00Z,29.264305
2025-08-05T04:40:00Z,29.275261666666665
2025-08-05T04:41:00Z,29.274005
2025-08-05T04:42:00Z,29.276433333333333
2025-08-05T04:43:00Z,29.280351666666668
2025-08-05T04:44:00Z,29.279085000000002
2025-08-05T04:45:00Z,29.26371
2025-08-05T04:46:00Z,29.23631
2025-08-05T04:47:00Z,29.205083333333334
2025-08-05T04:48:00Z,29.176098333333332
2025-08-05T04:49:00Z,29.150218333333335
2025-08-05T04:50:00Z,29.130371666666665
2025-08-05T04:51:00Z,29.116063333333333
2025-08-05T04:52:00Z,29.104221666666668
2025-08-05T04:53:00Z,29.090053333333334
2025-08-05T04:54:00Z,29.073306666666667
2025-08-05T04:55:00Z,29.054691666666667
2025-08-05T04:56:00Z,29.035235
2025-08-05T04:57:00Z,29.013926666666666
2025-08-05T04:58:00Z,28.997243333333333
2025-08-05T04:59:00Z,28.986606666666667
2025-08-05T05:00:00Z,28.977643333333333
2025-08-05T05:01:00Z,28.970428333333334
2025-08-05T05:02:00Z,28.964714999999998
2025-08-05T05:03:00Z,28.96242833333333
2025-08-05T05:04:00Z,28.962813333333333
2025-08-05T05:05:00Z,28.964331666666666
2025-08-05T05:06:00Z,28.965421666666664
2025-08-05T05:07:00Z,28.96475
2025-08-05T05:08:00Z,28.964025
2025-08-05T05:09:00Z,28.962713333333333
2025-08-05T05:10:00Z,28.96279
2025-08-05T05:11:00Z,28.96365833333333
2025-08-05T05:12:00Z,28.965463333333332
2025-08-05T05:13:00Z,28.976211666666668
2025-08-05T05:14:00Z,29.000428333333332
2025-08-05T05:15:00Z,29.029878333333333
2025-08-05T05:16:00Z,29.057105
2025-08-05T05:17:00Z,29.08458
2025-08-05T05:18:00Z,29.108895
2025-08-05T05:19:00Z,29.114773333333332
2025-08-05T05:20:00Z,29.124671666666668
2025-08-05T05:21:00Z,29.146465
2025-08-05T05:22:00Z,29.174986666666666
2025-08-05T05:23:00Z,29.204516666666667
2025-08-05T05:24:00Z,29.23159
2025-08-05T05:25:00Z,29.251456666666666
2025-08-05T05:26:00Z,29.272588333333335
2025-08-05T05:27:00Z,29.296376666666667
2025-08-05T05:28:00Z,29.31605
2025-08-05T05:29:00Z,29.329645
2025-08-05T05:30:00Z,29.34592
2025-08-05T05:31:00Z,29.361228333333333
2025-08-05T05:32:00Z,29.37323
2025-08-05T05:33:00Z,29.377413333333333
2025-08-05T05:34:00Z,29.37488
2025-08-05T05:35:00Z,29.375316666666667
2025-08-05T05:36:00Z,29.380660000000002
2025-08-05T05:37:00Z,29.382658333333335
2025-08-05T05:38:00Z,29.390576666666668
2025-08-05T05:39:00Z,29.398813333333333
2025-08-05T05:40:00Z,29.411263333333334
2025-08-05T05:41:00Z,29.42524
2025-08-05T05:42:00Z,29.439006666666668
2025-08-05T05:43:00Z,29.447668333333333
2025-08-05T05:44:00Z,29.453546666666668
2025-08-05T05:45:00Z,29.460308333333334
2025-08-05T05:46:00Z,29.465025
2025-08-05T05:47:00Z,29.470196666666666
2025-08-05T05:48:00Z,29.472591666666666
2025-08-05T05:49:00Z,29.471951666666666
2025-08-05T05:50:00Z,29.47759333333333
2025-08-05T05:51:00Z,29.484965
2025-08-05T05:52:00Z,29.489463333333333
2025-08-05T05:53:00Z,29.489533333333334
2025-08-05T05:54:00Z,29.488105
2025-08-05T05:55:00Z,29.483773333333335
2025-08-05T05:56:00Z,29.481648333333332
2025-08-05T05:57:00Z,29.481668333333335
2025-08-05T05:58:00Z,29.484725
2025-08-05T05:59:00Z,29.485781666666668
2025-08-05T06:00:00Z,29.488893333333333
2025-08-05T06:01:00Z,29.4902
2025-08-05T06:02:00Z,29.491743333333332
2025-08-05T06:03:00Z,29.493121666666667
2025-08-05T06:04:00Z,29.492758333333335
2025-08-05T06:05:00Z,29.494336666666666
2025-08-05T06:06:00Z,29.492078333333332
2025-08-05T06:07:00Z,29.494259999999997
2025-08-05T06:08:00Z,29.496863333333334
2025-08-05T06:09:00Z,29.499755
2025-08-05T06:10:00Z,29.50014
2025-08-05T06:11:00Z,29.501733333333334
2025-08-05T06:12:00Z,29.504718333333333
2025-08-05T06:13:00Z,29.508083333333335
2025-08-05T06:14:00Z,29.513375
2025-08-05T06:15:00Z,29.516460000000002
2025-08-05T06:16:00Z,29.51734
2025-08-05T06:17:00Z,29.519413333333333
2025-08-05T06:18:00Z,29.521105
2025-08-05T06:19:00Z,29.522219999999997
2025-08-05T06:20:00Z,29.524075
2025-08-05T06:21:00Z,29.527485
2025-08-05T06:22:00Z,29.529831666666666
2025-08-05T06:23:00Z,29.53388
2025-08-05T06:24:00Z,29.533931666666668
2025-08-05T06:25:00Z,29.532893333333334
2025-08-05T06:26:00Z,29.531786666666665
2025-08-05T06:27:00Z,29.52584333333333
2025-08-05T06:28:00Z,29.517596666666666
2025-08-05T06:29:00Z,29.506028333333333
2025-08-05T06:30:00Z,29.497586666666667
2025-08-05T06:31:00Z,29.503411666666665
2025-08-05T06:32:00Z,29.50919
2025-08-05T06:33:00Z,29.49844
2025-08-05T06:34:00Z,29.455718333333333
2025-08-05T06:35:00Z,29.400706666666668
2025-08-05T06:36:00Z,29.349368333333334
2025-08-05T06:37:00Z,29.299848333333333
2025-08-05T06:38:00Z,29.257015
2025-08-05T06:39:00Z,29.222381666666667
2025-08-05T06:40:00Z,29.192773333333335
2025-08-05T06:41:00Z,29.169606666666667
2025-08-05T06:42:00Z,29.152783333333332
2025-08-05T06:43:00Z,29.141811666666666
2025-08-05T06:44:00Z,29.136695
2025-08-05T06:45:00Z,29.13513
2025-08-05T06:46:00Z,29.139331666666667
2025-08-05T06:47:00Z,29.14504
2025-08-05T06:48:00Z,29.15841
2025-08-05T06:49:00Z,29.176335
2025-08-05T06:50:00Z,29.19193333333333
2025-08-05T06:51:00Z,29.20362
2025-08-05T06:52:00Z,29.217301666666668
2025-08-05T06:53:00Z,29.23432
2025-08-05T06:54:00Z,29.253746666666668
2025-08-05T06:55:00Z,29.274125
2025-08-05T06:56:00Z,29.285255
2025-08-05T06:57:00Z,29.292731666666665
2025-08-05T06:58:00Z,29.291471666666666
2025-08-05T06:59:00Z,29.29056
2025-08-05T07:00:00Z,29.290871666666664
2025-08-05T07:01:00Z,29.293235
2025-08-05T07:02:00Z,29.29167
2025-08-05T07:03:00Z,29.288676666666664
2025-08-05T07:04:00Z,29.28794
2025-08-05T07:05:00Z,29.286166666666666
2025-08-05T07:06:00Z,29.282788333333336
2025-08-05T07:07:00Z,29.27915666666667
2025-08-05T07:08:00Z,29.27786
2025-08-05T07:09:00Z,29.27681666666667
2025-08-05T07:10:00Z,29.27340166666667
2025-08-05T07:11:00Z,29.259078333333335
2025-08-05T07:12:00Z,29.242808333333333
2025-08-05T07:13:00Z,29.226125
2025-08-05T07:14:00Z,29.203533333333333
2025-08-05T07:15:00Z,29.181458333333335
2025-08-05T07:16:00Z,29.164351666666665
2025-08-05T07:17:00Z,29.149688333333334
2025-08-05T07:18:00Z,29.13624
2025-08-05T07:19:00Z,29.126253333333334
2025-08-05T07:20:00Z,29.119271666666666
2025-08-05T07:21:00Z,29.114463333333333
2025-08-05T07:22:00Z,29.11213
2025-08-05T07:23:00Z,29.109333333333332
2025-08-05T07:24:00Z,29.104845
2025-08-05T07:25:00Z,29.094406666666668
2025-08-05T07:26:00Z,29.085611666666665
2025-08-05T07:27:00Z,29.0779
2025-08-05T07:28:00Z,29.072215
2025-08-05T07:29:00Z,29.06712
2025-08-05T07:30:00Z,29.060331666666666
2025-08-05T07:31:00Z,29.049928333333334
2025-08-05T07:32:00Z,29.040464999999998
2025-08-05T07:33:00Z,29.035233333333334
2025-08-05T07:34:00Z,29.030345
2025-08-05T07:35:00Z,29.02399
2025-08-05T07:36:00Z,29.019144999999998
2025-08-05T07:37:00Z,29.017308333333332
2025-08-05T07:38:00Z,29.016355
2025-08-05T07:39:00Z,29.014151666666667
2025-08-05T07:40:00Z,29.013646666666666
2025-08-05T07:41:00Z,29.012886666666667
2025-08-05T07:42:00Z,29.013528333333333
2025-08-05T07:43:00Z,29.015841666666667
2025-08-05T07:44:00Z,29.016236666666664
2025-08-05T07:45:00Z,29.016078333333333
2025-08-05T07:46:00Z,29.016573333333334
2025-08-05T07:47:00Z,29.017308333333332
2025-08-05T07:48:00Z,29.018258333333332
2025-08-05T07:49:00Z,29.018473333333333
2025-08-05T07:50:00Z,29.019148333333334
2025-08-05T07:51:00Z,29.020755
2025-08-05T07:52:00Z,29.022031666666667
2025-08-05T07:53:00Z,29.022193333333334
2025-08-05T07:54:00Z,29.023011666666665
2025-08-05T07:55:00Z,29.024585000000002
2025-08-05T07:56:00Z,29.02606
2025-08-05T07:57:00Z,29.02785666666667
2025-08-05T07:58:00Z,29.029405
2025-08-05T07:59:00Z,29.031208333333336
2025-08-05T08:00:00Z,29.03301
2025-08-05T08:01:00Z,29.035041666666665
2025-08-05T08:02:00Z,29.03688
2025-08-05T08:03:00Z,29.038723333333333
2025-08-05T08:04:00Z,29.039976666666664
2025-08-05T08:05:00Z,29.041751666666666
2025-08-05T08:06:00Z,29.043813333333333
2025-08-05T08:07:00Z,29.04566
2025-08-05T08:08:00Z,29.044625
2025-08-05T08:09:00Z,29.043595
2025-08-05T08:10:00Z,29.04407833333333
2025-08-05T08:11:00Z,29.04599
2025-08-05T08:12:00Z,29.047686666666667
2025-08-05T08:13:00Z,29.047516666666667
2025-08-05T08:14:00Z,29.047895
2025-08-05T08:15:00Z,29.04711
2025-08-05T08:16:00Z,29.04705
2025-08-05T08:17:00Z,29.047055
2025-08-05T08:18:00Z,29.045633333333335
2025-08-05T08:19:00Z,29.040871666666668
2025-08-05T08:20:00Z,29.02415166666667
2025-08-05T08:21:00Z,29.01306
2025-08-05T08:22:00Z,29.000621666666667
2025-08-05T08:23:00Z,28.985813333333333
2025-08-05T08:24:00Z,28.969473333333333
2025-08-05T08:25:00Z,28.953623333333333
2025-08-05T08:26:00Z,28.927588333333333
2025-08-05T08:27:00Z,28.880595
2025-08-05T08:28:00Z,28.824324999999998
2025-08-05T08:29:00Z,28.761575
2025-08-05T08:30:00Z,28.712476666666667
2025-08-05T08:31:00Z,28.673418333333334
2025-08-05T08:32:00Z,28.636686666666666
2025-08-05T08:33:00Z,28.604346666666668
2025-08-05T08:34:00Z,28.577491666666667
2025-08-05T08:35:00Z,28.551791666666666
2025-08-05T08:36:00Z,28.53583666666667
2025-08-05T08:37:00Z,28.51805
2025-08-05T08:38:00Z,28.502195
2025-08-05T08:39:00Z,28.49044333333333
2025-08-05T08:40:00Z,28.481158333333333
2025-08-05T08:41:00Z,28.469856666666665
2025-08-05T08:42:00Z,28.447676666666666
2025-08-05T08:43:00Z,28.422481666666666
2025-08-05T08:44:00Z,28.404118333333333
2025-08-05T08:45:00Z,28.392638333333334
2025-08-05T08:46:00Z,28.383675
2025-08-05T08:47:00Z,28.374771666666668
2025-08-05T08:48:00Z,28.37107
2025-08-05T08:49:00Z,28.368413333333333
2025-08-05T08:50:00Z,28.365495
2025-08-05T08:51:00Z,28.36137833333333
2025-08-05T08:52:00Z,28.356796666666668
2025-08-05T08:53:00Z,28.346443333333333
2025-08-05T08:54:00Z,28.335991666666665
2025-08-05T08:55:00Z,28.32888666666667
2025-08-05T08:56:00Z,28.326426666666666
2025-08-05T08:57:00Z,28.32435
2025-08-05T08:58:00Z,28.31711
2025-08-05T08:59:00Z,28.307321666666667
2025-08-05T09:00:00Z,28.300856666666668
2025-08-05T09:01:00Z,28.297238333333333
2025-08-05T09:02:00Z,28.294038333333333
2025-08-05T09:03:00Z,28.290195
2025-08-05T09:04:00Z,28.288140000000002
2025-08-05T09:05:00Z,28.288693333333335
2025-08-05T09:06:00Z,28.289325
2025-08-05T09:07:00Z,28.29081
2025-08-05T09:08:00Z,28.293006666666667
2025-08-05T09:09:00Z,28.294085
2025-08-05T09:10:00Z,28.294845
2025-08-05T09:11:00Z,28.292866666666665
2025-08-05T09:12:00Z,28.289578333333335
2025-08-05T09:13:00Z,28.283976666666668
2025-08-05T09:14:00Z,28.28057666666667
2025-08-05T09:15:00Z,28.280331666666665
2025-08-05T09:16:00Z,28.281325
2025-08-05T09:17:00Z,28.281963333333334
2025-08-05T09:18:00Z,28.282206666666667
2025-08-05T09:19:00Z,28.28381
2025-08-05T09:20:00Z,28.286136666666668
2025-08-05T09:21:00Z,28.289015000000003
2025-08-05T09:22:00Z,28.29365
2025-08-05T09:23:00Z,28.302221666666668
2025-08-05T09:24:00Z,28.316633333333332
2025-08-05T09:25:00Z,28.328680000000002
2025-08-05T09:26:00Z,28.339566666666666
2025-08-05T09:27:00Z,28.342578333333332
2025-08-05T09:28:00Z,28.34636
2025-08-05T09:29:00Z,28.351998333333334
2025-08-05T09:30:00Z,28.361784999999998
2025-08-05T09:31:00Z,28.383765
2025-08-05T09:32:00Z,28.41435166666667
2025-08-05T09:33:00Z,28.437733333333334
2025-08-05T09:34:00Z,28.456311666666668
2025-08-05T09:35:00Z,28.472755
2025-08-05T09:36:00Z,28.48680166666667
2025-08-05T09:37:00Z,28.507245
2025-08-05T09:38:00Z,28.528671666666668
2025-08-05T09:39:00Z,28.550508333333333
2025-08-05T09:40:00Z,28.569203333333334
2025-08-05T09:41:00Z,28.581893333333333
2025-08-05T09:42:00Z,28.598795
2025-08-05T09:43:00Z,28.614143333333335
2025-08-05T09:44:00Z,28.632081666666668
2025-08-05T09:45:00Z,28.652701666666665
2025-08-05T09:46:00Z,28.676778333333335
2025-08-05T09:47:00Z,28.702866666666665
2025-08-05T09:48:00Z,28.724328333333332
2025-08-05T09:49:00Z,28.742673333333332
2025-08-05T09:50:00Z,28.758815000000002
2025-08-05T09:51:00Z,28.774813333333334
2025-08-05T09:52:00Z,28.793174999999998
2025-08-05T09:53:00Z,28.809305000000002
2025-08-05T09:54:00Z,28.82419833333333
2025-08-05T09:55:00Z,28.835755
2025-08-05T09:56:00Z,28.850356666666666
2025-08-05T09:57:00Z,28.864256666666666
2025-08-05T09:58:00Z,28.874031666666667
2025-08-05T09:59:00Z,28.882825
2025-08-05T10:00:00Z,28.894413333333333
2025-08-05T10:01:00Z,28.902273333333333
2025-08-05T10:02:00Z,28.90549
2025-08-05T10:03:00Z,28.915626666666668
2025-08-05T10:04:00Z,28.92878
2025-08-05T10:05:00Z,28.934948333333335
2025-08-05T10:06:00Z,28.94213
2025-08-05T10:07:00Z,28.942515
2025-08-05T10:08:00Z,28.942941666666666
2025-08-05T10:09:00Z,28.948631666666667
2025-08-05T10:10:00Z,28.95642
2025-08-05T10:11:00Z,28.964591666666667
2025-08-05T10:12:00Z,28.97645
2025-08-05T10:13:00Z,28.986085
2025-08-05T10:14:00Z,28.997583333333335
2025-08-05T10:15:00Z,29.011618333333335
2025-08-05T10:16:00Z,29.0226
2025-08-05T10:17:00Z,29.034518333333335
2025-08-05T10:18:00Z,29.046288333333333
2025-08-05T10:19:00Z,29.057003333333334
2025-08-05T10:20:00Z,29.062888333333333
2025-08-05T10:21:00Z,29.070143333333334
2025-08-05T10:22:00Z,29.078178333333334
2025-08-05T10:23:00Z,29.08463833333333
2025-08-05T10:24:00Z,29.087128333333332
2025-08-05T10:25:00Z,29.09235333333333
2025-08-05T10:26:00Z,29.101393333333334
2025-08-05T10:27:00Z,29.10891833333333
2025-08-05T10:28:00Z,29.111773333333332
2025-08-05T10:29:00Z,29.11011
2025-08-05T10:30:00Z,29.113364999999998
2025-08-05T10:31:00Z,29.118826666666667
2025-08-05T10:32:00Z,29.126113333333333
2025-08-05T10:33:00Z,29.132165
2025-08-05T10:34:00Z,29.136486666666666
2025-08-05T10:35:00Z,29.14222
2025-08-05T10:36:00Z,29.148911666666667
2025-08-05T10:37:00Z,29.154300000000003
2025-08-05T10:38:00Z,29.15847833333333
2025-08-05T10:39:00Z,29.16407333333333
2025-08-05T10:40:00Z,29.168753333333335
2025-08-05T10:41:00Z,29.173241666666666
2025-08-05T10:42:00Z,29.180715
2025-08-05T10:43:00Z,29.188765
2025-08-05T10:44:00Z,29.19197
2025-08-05T10:45:00Z,29.195216666666667
2025-08-05T10:46:00Z,29.19898166666667
2025-08-05T10:47:00Z,29.202986666666668
2025-08-05T10:48:00Z,29.206891666666667
2025-08-05T10:49:00Z,29.210235
2025-08-05T10:50:00Z,29.21282833333333
2025-08-05T10:51:00Z,29.213775
2025-08-05T10:52:00Z,29.217925
2025-08-05T10:53:00Z,29.223361666666666
2025-08-05T10:54:00Z,29.229356666666668
2025-08-05T10:55:00Z,29.23396333333333
2025-08-05T10:56:00Z,29.238455
2025-08-05T10:57:00Z,29.243523333333332
2025-08-05T10:58:00Z,29.247745000000002
2025-08-05T10:59:00Z,29.250296666666667
2025-08-05T11:00:00Z,29.252701666666667
2025-08-05T11:01:00Z,29.25607666666667
2025-08-05T11:02:00Z,29.259341666666668
2025-08-05T11:03:00Z,29.26255833333333
2025-08-05T11:04:00Z,29.266561666666664
2025-08-05T11:05:00Z,29.26952
2025-08-05T11:06:00Z,29.27128
2025-08-05T11:07:00Z,29.274465
2025-08-05T11:08:00Z,29.278245000000002
2025-08-05T11:09:00Z,29.282048333333336
2025-08-05T11:10:00Z,29.2858
2025-08-05T11:11:00Z,29.289873333333333
2025-08-05T11:12:00Z,29.293066666666665
2025-08-05T11:13:00Z,29.296198333333333
2025-08-05T11:14:00Z,29.299310000000002
2025-08-05T11:15:00Z,29.301625
2025-08-05T11:16:00Z,29.30392666666667
2025-08-05T11:17:00Z,29.305923333333336
2025-08-05T11:18:00Z,29.30697166666667
2025-08-05T11:19:00Z,29.308756666666667
2025-08-05T11:20:00Z,29.310675
2025-08-05T11:21:00Z,29.311621666666664
2025-08-05T11:22:00Z,29.313386666666666
2025-08-05T11:23:00Z,29.31497333333333
2025-08-05T11:24:00Z,29.31718
2025-08-05T11:25:00Z,29.319763333333334
2025-08-05T11:26:00Z,29.321945
2025-08-05T11:27:00Z,29.324601666666666
2025-08-05T11:28:00Z,29.324095
2025-08-05T11:29:00Z,29.323635
2025-08-05T11:30:00Z,29.32346
2025-08-05T11:31:00Z,29.323175
2025-08-05T11:32:00Z,29.32440666666667
2025-08-05T11:33:00Z,29.32479
2025-08-05T11:34:00Z,29.32542
2025-08-05T11:35:00Z,29.326603333333335
2025-08-05T11:36:00Z,29.327518333333334
2025-08-05T11:37:00Z,29.32873
2025-08-05T11:38:00Z,29.329423333333335
2025-08-05T11:39:00Z,29.330691666666667
2025-08-05T11:40:00Z,29.330663333333334
2025-08-05T11:41:00Z,29.331438333333335
2025-08-05T11:42:00Z,29.33255
2025-08-05T11:43:00Z,29.334196666666667
2025-08-05T11:44:00Z,29.335723333333334
2025-08-05T11:45:00Z,29.337284999999998
2025-08-05T11:46:00Z,29.3389
2025-08-05T11:47:00Z,29.338373333333333
2025-08-05T11:48:00Z,29.336433333333332
2025-08-05T11:49:00Z,29.331756666666667
2025-08-05T11:50:00Z,29.326145
2025-08-05T11:51:00Z,29.322371666666665
2025-08-05T11:52:00Z,29.317983333333334
2025-08-05T11:53:00Z,29.314141666666664
2025-08-05T11:54:00Z,29.308658333333334
2025-08-05T11:55:00Z,29.299661666666665
2025-08-05T11:56:00Z,29.285935
2025-08-05T11:57:00Z,29.270241666666667
2025-08-05T11:58:00Z,29.255533333333332
2025-08-05T11:59:00Z,29.23876
2025-08-05T12:00:00Z,29.22207
2025-08-05T12:01:00Z,29.208125
2025-08-05T12:02:00Z,29.194735
2025-08-05T12:03:00Z,29.183071666666667
2025-08-05T12:04:00Z,29.169961666666666
2025-08-05T12:05:00Z,29.159245
2025-08-05T12:06:00Z,29.152958333333334
2025-08-05T12:07:00Z,29.148303333333335
2025-08-05T12:08:00Z,29.14561
2025-08-05T12:09:00Z,29.146518333333333
2025-08-05T12:10:00Z,29.145656666666667
2025-08-05T12:11:00Z,29.147263333333335
2025-08-05T12:12:00Z,29.148543333333333
2025-08-05T12:13:00Z,29.149635
2025-08-05T12:14:00Z,29.150711666666666
2025-08-05T12:15:00Z,29.135806666666667
2025-08-05T12:16:00Z,29.11605
2025-08-05T12:17:00Z,29.098448333333334
2025-08-05T12:18:00Z,29.083685
2025-08-05T12:19:00Z,29.06964
2025-08-05T12:20:00Z,29.062026666666664
2025-08-05T12:21:00Z,29.057718333333334
2025-08-05T12:22:00Z,29.055551666666666
2025-08-05T12:23:00Z,29.053495
2025-08-05T12:24:00Z,29.050723333333334
2025-08-05T12:25:00Z,29.046773333333334
2025-08-05T12:26:00Z,29.044223333333335
2025-08-05T12:27:00Z,29.04294833333333
2025-08-05T12:28:00Z,29.04303833333333
2025-08-05T12:29:00Z,29.044628333333332
2025-08-05T12:30:00Z,29.0486
2025-08-05T12:31:00Z,29.053350000000002
2025-08-05T12:32:00Z,29.05693666666667
2025-08-05T12:33:00Z,29.06061
2025-08-05T12:34:00Z,29.065475
2025-08-05T12:35:00Z,29.06795
2025-08-05T12:36:00Z,29.070508333333333
2025-08-05T12:37:00Z,29.071741666666668
2025-08-05T12:38:00Z,29.070288333333334
2025-08-05T12:39:00Z,29.067425
2025-08-05T12:40:00Z,29.061786666666666
2025-08-05T12:41:00Z,29.054811666666666
2025-08-05T12:42:00Z,29.04714
2025-08-05T12:43:00Z,29.04047
2025-08-05T12:44:00Z,29.035478333333334
2025-08-05T12:45:00Z,29.031968333333335
2025-08-05T12:46:00Z,29.02923666666667
2025-08-05T12:47:00Z,29.030265
2025-08-05T12:48:00Z,29.028498333333335
2025-08-05T12:49:00Z,29.026633333333333
2025-08-05T12:50:00Z,29.024488333333334
2025-08-05T12:51:00Z,29.019935
2025-08-05T12:52:00Z,29.016043333333332
2025-08-05T12:53:00Z,29.012745
2025-08-05T12:54:00Z,29.011029999999998
2025-08-05T12:55:00Z,29.00997
2025-08-05T12:56:00Z,29.011315
2025-08-05T12:57:00Z,29.013458333333332
2025-08-05T12:58:00Z,29.014733333333332
2025-08-05T12:59:00Z,29.016926666666667
2025-08-05T13:00:00Z,29.021516666666667
2025-08-05T13:01:00Z,29.026923333333333
2025-08-05T13:02:00Z,29.031293333333334
2025-08-05T13:03:00Z,29.032845000000002
2025-08-05T13:04:00Z,29.035926666666665
2025-08-05T13:05:00Z,29.041565
2025-08-05T13:06:00Z,29.046815
2025-08-05T13:07:00Z,29.049995
2025-08-05T13:08:00Z,29.05543
2025-08-05T13:09:00Z,29.062815
2025-08-05T13:10:00Z,29.068556666666666
2025-08-05T13:11:00Z,29.073236666666666
2025-08-05T13:12:00Z,29.076538333333335
2025-08-05T13:13:00Z,29.08043166666667
2025-08-05T13:14:00Z,29.085951666666666
2025-08-05T13:15:00Z,29.089378333333332
2025-08-05T13:16:00Z,29.09219
2025-08-05T13:17:00Z,29.096535
2025-08-05T13:18:00Z,29.104103333333335
2025-08-05T13:19:00Z,29.111978333333333
2025-08-05T13:20:00Z,29.109333333333332
2025-08-05T13:21:00Z,29.095025
2025-08-05T13:22:00Z,29.075335
2025-08-05T13:23:00Z,29.057266666666667
2025-08-05T13:24:00Z,29.041114999999998
2025-08-05T13:25:00Z,29.029795
2025-08-05T13:26:00Z,29.021323333333335
2025-08-05T13:27:00Z,29.017216666666666
2025-08-05T13:28:00Z,29.019963333333333
2025-08-05T13:29:00Z,29.02751
2025-08-05T13:30:00Z,29.039126666666668
2025-08-05T13:31:00Z,29.053676666666668
2025-08-05T13:32:00Z,29.065538333333333
2025-08-05T13:33:00Z,29.07041
2025-08-05T13:34:00Z,29.067223333333335
2025-08-05T13:35:00Z,29.056626666666666
2025-08-05T13:36:00Z,29.040348333333334
2025-08-05T13:37:00Z,29.025263333333335
2025-08-05T13:38:00Z,29.00689
2025-08-05T13:39:00Z,28.982091666666665
2025-08-05T13:40:00Z,28.96128
2025-08-05T13:41:00Z,28.941488333333332
2025-08-05T13:42:00Z,28.925206666666668
2025-08-05T13:43:00Z,28.914708333333333
2025-08-05T13:44:00Z,28.90453666666667
2025-08-05T13:45:00Z,28.895983333333334
2025-08-05T13:46:00Z,28.894791666666666
2025-08-05T13:47:00Z,28.902336666666667
2025-08-05T13:48:00Z,28.895571666666665
2025-08-05T13:49:00Z,28.88373
2025-08-05T13:50:00Z,28.877228333333335
2025-08-05T13:51:00Z,28.87097
2025-08-05T13:52:00Z,28.869041666666664
2025-08-05T13:53:00Z,28.868846666666666
2025-08-05T13:54:00Z,28.869133333333334
2025-08-05T13:55:00Z,28.871166666666667
2025-08-05T13:56:00Z,28.874241666666666
2025-08-05T13:57:00Z,28.88213
2025-08-05T13:58:00Z,28.88977333333333
2025-08-05T13:59:00Z,28.896298333333334
2025-08-05T14:00:00Z,28.9025
2025-08-05T14:01:00Z,28.904438333333335
2025-08-05T14:02:00Z,28.900625
2025-08-05T14:03:00Z,28.891424999999998
2025-08-05T14:04:00Z,28.884611666666668
2025-08-05T14:05:00Z,28.878115
2025-08-05T14:06:00Z,28.868133333333333
2025-08-05T14:07:00Z,28.862735
2025-08-05T14:08:00Z,28.857665
2025-08-05T14:09:00Z,28.858040000000003
2025-08-05T14:10:00Z,28.863438333333335
2025-08-05T14:11:00Z,28.872883333333334
2025-08-05T14:12:00Z,28.883635
2025-08-05T14:13:00Z,28.8994
2025-08-05T14:14:00Z,28.919521666666668
2025-08-05T14:15:00Z,28.938081666666665
2025-08-05T14:16:00Z,28.956996666666665
2025-08-05T14:17:00Z,28.969216666666668
2025-08-05T14:18:00Z,28.978426666666667
2025-08-05T14:19:00Z,28.98889833333333
2025-08-05T14:20:00Z,28.994176666666668
2025-08-05T14:21:00Z,29.009473333333332
2025-08-05T14:22:00Z,29.029258333333335
2025-08-05T14:23:00Z,29.042923333333334
2025-08-05T14:24:00Z,29.03272
2025-08-05T14:25:00Z,28.989175
2025-08-05T14:26:00Z,28.940256666666667
2025-08-05T14:27:00Z,28.891775
2025-08-05T14:28:00Z,28.85129166666667
2025-08-05T14:29:00Z,28.812763333333333
2025-08-05T14:30:00Z,28.77837166666667
2025-08-05T14:31:00Z,28.750955
2025-08-05T14:32:00Z,28.729481666666665
2025-08-05T14:33:00Z,28.71214
2025-08-05T14:34:00Z,28.700383333333335
2025-08-05T14:35:00Z,28.688223333333333
2025-08-05T14:36:00Z,28.675305
2025-08-05T14:37:00Z,28.66532
2025-08-05T14:38:00Z,28.65986
2025-08-05T14:39:00Z,28.655706666666667
2025-08-05T14:40:00Z,28.65374
2025-08-05T14:41:00Z,28.651703333333334
2025-08-05T14:42:00Z,28.643671666666666
2025-08-05T14:43:00Z,28.627198333333332
2025-08-05T14:44:00Z,28.600223333333332
2025-08-05T14:45:00Z,28.574776666666665
2025-08-05T14:46:00Z,28.54029166666667
2025-08-05T14:47:00Z,28.510266666666666
2025-08-05T14:48:00Z,28.490988333333334
2025-08-05T14:49:00Z,28.477688333333333
2025-08-05T14:50:00Z,28.47033
2025-08-05T14:51:00Z,28.472073333333334
2025-08-05T14:52:00Z,28.48623166666667
2025-08-05T14:53:00Z,28.495086666666666
2025-08-05T14:54:00Z,28.500329999999998
2025-08-05T14:55:00Z,28.505598333333335
2025-08-05T14:56:00Z,28.515978333333333
2025-08-05T14:57:00Z,28.538623333333334
2025-08-05T14:58:00Z,28.560671666666664
2025-08-05T14:59:00Z,28.566331666666667
2025-08-05T15:00:00Z,28.572845
2025-08-05T15:01:00Z,28.578646666666668
2025-08-05T15:02:00Z,28.586141666666666
2025-08-05T15:03:00Z,28.612826666666667
2025-08-05T15:04:00Z,28.63468
2025-08-05T15:05:00Z,28.652728333333332
2025-08-05T15:06:00Z,28.664371666666668
2025-08-05T15:07:00Z,28.67866666666667
2025-08-05T15:08:00Z,28.702911666666665
2025-08-05T15:09:00Z,28.72094166666667
2025-08-05T15:10:00Z,28.73603
2025-08-05T15:11:00Z,28.74206666666667
2025-08-05T15:12:00Z,28.74519
2025-08-05T15:13:00Z,28.753965
2025-08-05T15:14:00Z,28.762873333333335
2025-08-05T15:15:00Z,28.774728333333332
2025-08-05T15:16:00Z,28.781761666666668
2025-08-05T15:17:00Z,28.793128333333332
2025-08-05T15:18:00Z,28.807776666666665
2025-08-05T15:19:00Z,28.828733333333332
2025-08-05T15:20:00Z,28.852795
2025-08-05T15:21:00Z,28.869273333333332
2025-08-05T15:22:00Z,28.884516666666666
2025-08-05T15:23:00Z,28.898633333333333
2025-08-05T15:24:00Z,28.905998333333333
2025-08-05T15:25:00Z,28.907173333333333
2025-08-05T15:26:00Z,28.905871666666666
2025-08-05T15:27:00Z,28.901448333333335
2025-08-05T15:28:00Z,28.890011666666666
2025-08-05T15:29:00Z,28.880096666666667
2025-08-05T15:30:00Z,28.872088333333334
2025-08-05T15:31:00Z,28.866386666666667
2025-08-05T15:32:00Z,28.864121666666666
2025-08-05T15:33:00Z,28.862343333333335
2025-08-05T15:34:00Z,28.861651666666667
2025-08-05T15:35:00Z,28.861225
2025-08-05T15:36:00Z,28.864835
2025-08-05T15:37:00Z,28.872455
2025-08-05T15:38:00Z,28.87974
2025-08-05T15:39:00Z,28.8855
2025-08-05T15:40:00Z,28.889006666666667
2025-08-05T15:41:00Z,28.893118333333334
2025-08-05T15:42:00Z,28.899905
2025-08-05T15:43:00Z,28.902208333333334
2025-08-05T15:44:00Z,28.90771666666667
2025-08-05T15:45:00Z,28.913496666666667
2025-08-05T15:46:00Z,28.918205
2025-08-05T15:47:00Z,28.926275
2025-08-05T15:48:00Z,28.94004
2025-08-05T15:49:00Z,28.95221666666667
2025-08-05T15:50:00Z,28.961478333333332
2025-08-05T15:51:00Z,28.972366666666666
2025-08-05T15:52:00Z,28.980731666666667
2025-08-05T15:53:00Z,28.99069
2025-08-05T15:54:00Z,28.994245
2025-08-05T15:55:00Z,28.991218333333332
2025-08-05T15:56:00Z,28.98923333333333
2025-08-05T15:57:00Z,28.99226833333333
2025-08-05T15:58:00Z,28.998483333333333
2025-08-05T15:59:00Z,29.014635
2025-08-05T16:00:00Z,29.029281666666666
2025-08-05T16:01:00Z,29.044296666666668
2025-08-05T16:02:00Z,29.067343333333334
2025-08-05T16:03:00Z,29.098386666666666
2025-08-05T16:04:00Z,29.130081666666666
2025-08-05T16:05:00Z,29.158603333333332
2025-08-05T16:06:00Z,29.181181666666667
2025-08-05T16:07:00Z,29.193396666666665
2025-08-05T16:08:00Z,29.195678333333333
2025-08-05T16:09:00Z,29.192781666666665
2025-08-05T16:10:00Z,29.19186
2025-08-05T16:11:00Z,29.19874
2025-08-05T16:12:00Z,29.204191666666667
2025-08-05T16:13:00Z,29.207225
2025-08-05T16:14:00Z,29.208163333333335
2025-08-05T16:15:00Z,29.207388333333334
2025-08-05T16:16:00Z,29.20467166666667
2025-08-05T16:17:00Z,29.203376666666667
2025-08-05T16:18:00Z,29.199361666666668
2025-08-05T16:19:00Z,29.196923333333334
2025-08-05T16:20:00Z,29.195225
2025-08-05T16:21:00Z,29.190586666666665
2025-08-05T16:22:00Z,29.186835
2025-08-05T16:23:00Z,29.1829
2025-08-05T16:24:00Z,29.175381666666667
2025-08-05T16:25:00Z,29.168828333333334
2025-08-05T16:26:00Z,29.165218333333332
2025-08-05T16:27:00Z,29.17068
2025-08-05T16:28:00Z,29.176101666666668
2025-08-05T16:29:00Z,29.181213333333336
2025-08-05T16:30:00Z,29.179215
2025-08-05T16:31:00Z,29.165388333333333
2025-08-05T16:32:00Z,29.148046666666666
2025-08-05T16:33:00Z,29.13056
2025-08-05T16:34:00Z,29.120145
2025-08-05T16:35:00Z,29.121075
2025-08-05T16:36:00Z,29.137481666666666
2025-08-05T16:37:00Z,29.145965
2025-08-05T16:38:00Z,29.151758333333333
2025-08-05T16:39:00Z,29.161266666666666
2025-08-05T16:40:00Z,29.18932
2025-08-05T16:41:00Z,29.244488333333333
2025-08-05T16:42:00Z,29.289991666666666
2025-08-05T16:43:00Z,29.300126666666667
2025-08-05T16:44:00Z,29.316383333333334
2025-08-05T16:45:00Z,29.34128666666667
2025-08-05T16:46:00Z,29.367565
2025-08-05T16:47:00Z,29.404616666666666
2025-08-05T16:48:00Z,29.436973333333334
2025-08-05T16:49:00Z,29.462186666666668
2025-08-05T16:50:00Z,29.483303333333332
2025-08-05T16:51:00Z,29.504856666666665
2025-08-05T16:52:00Z,29.526303333333335
2025-08-05T16:53:00Z,29.54562
2025-08-05T16:54:00Z,29.560428333333334
2025-08-05T16:55:00Z,29.57598833333333
2025-08-05T16:56:00Z,29.587686666666666
2025-08-05T16:57:00Z,29.597528333333333
2025-08-05T16:58:00Z,29.596003333333336
2025-08-05T16:59:00Z,29.579618333333332
2025-08-05T17:00:00Z,29.566215
2025-08-05T17:01:00Z,29.548456666666667
2025-08-05T17:02:00Z,29.53262
2025-08-05T17:03:00Z,29.529586666666667
2025-08-05T17:04:00Z,29.531593333333333
2025-08-05T17:05:00Z,29.538533333333334
2025-08-05T17:06:00Z,29.540338333333334
2025-08-05T17:07:00Z,29.538628333333335
2025-08-05T17:08:00Z,29.526709999999998
2025-08-05T17:09:00Z,29.513145
2025-08-05T17:10:00Z,29.503816666666665
2025-08-05T17:11:00Z,29.494211666666665
2025-08-05T17:12:00Z,29.487123333333333
2025-08-05T17:13:00Z,29.47835
2025-08-05T17:14:00Z,29.465088333333334
2025-08-05T17:15:00Z,29.457523333333334
2025-08-05T17:16:00Z,29.454333333333334
2025-08-05T17:17:00Z,29.446776666666665
2025-08-05T17:18:00Z,29.447673333333334
2025-08-05T17:19:00Z,29.464468333333333
2025-08-05T17:20:00Z,29.47482
2025-08-05T17:21:00Z,29.478546666666666
2025-08-05T17:22:00Z,29.466915
2025-08-05T17:23:00Z,29.4529
2025-08-05T17:24:00Z,29.439081666666667
2025-08-05T17:25:00Z,29.413188333333334
2025-08-05T17:26:00Z,29.375441666666667
2025-08-05T17:27:00Z,29.33838
2025-08-05T17:28:00Z,29.298048333333334
2025-08-05T17:29:00Z,29.25829166666667
2025-08-05T17:30:00Z,29.22296
2025-08-05T17:31:00Z,29.194973333333333
2025-08-05T17:32:00Z,29.17631
2025-08-05T17:33:00Z,29.16212833333333
2025-08-05T17:34:00Z,29.147266666666667
2025-08-05T17:35:00Z,29.13533
2025-08-05T17:36:00Z,29.12558166666667
2025-08-05T17:37:00Z,29.12262
2025-08-05T17:38:00Z,29.119828333333334
2025-08-05T17:39:00Z,29.104726666666668
2025-08-05T17:40:00Z,29.08201
2025-08-05T17:41:00Z,29.056406666666668
2025-08-05T17:42:00Z,29.02856
2025-08-05T17:43:00Z,29.00674666666667
2025-08-05T17:44:00Z,28.992815
2025-08-05T17:45:00Z,28.982871666666668
2025-08-05T17:46:00Z,28.97571166666667
2025-08-05T17:47:00Z,28.967343333333332
2025-08-05T17:48:00Z,28.95919333333333
2025-08-05T17:49:00Z,28.949831666666668
2025-08-05T17:50:00Z,28.93855333333333
2025-08-05T17:51:00Z,28.93391666666667
2025-08-05T17:52:00Z,28.93625833333333
2025-08-05T17:53:00Z,28.93640333333333
2025-08-05T17:54:00Z,28.935518333333334
2025-08-05T17:55:00Z,28.929066666666667
2025-08-05T17:56:00Z,28.926201666666667
2025-08-05T17:57:00Z,28.923621666666666
2025-08-05T17:58:00Z,28.921281666666665
2025-08-05T17:59:00Z,28.920541666666665
2025-08-05T18:00:00Z,28.920301666666667
2025-08-05T18:01:00Z,28.922255
2025-08-05T18:02:00Z,28.924408333333332
2025-08-05T18:03:00Z,28.926381666666668
2025-08-05T18:04:00Z,28.928333333333335
2025-08-05T18:05:00Z,28.932010000000002
2025-08-05T18:06:00Z,28.937865
2025-08-05T18:07:00Z,28.948058333333332
2025-08-05T18:08:00Z,28.9579
2025-08-05T18:09:00Z,28.965193333333332
2025-08-05T18:10:00Z,28.970433333333332
2025-08-05T18:11:00Z,28.975085
2025-08-05T18:12:00Z,28.983885
2025-08-05T18:13:00Z,28.994533333333333
2025-08-05T18:14:00Z,29.002756666666667
2025-08-05T18:15:00Z,29.013848333333332
2025-08-05T18:16:00Z,29.029805
2025-08-05T18:17:00Z,29.04559666666667
2025-08-05T18:18:00Z,29.064656666666668
2025-08-05T18:19:00Z,29.087233333333334
2025-08-05T18:20:00Z,29.118971666666667
2025-08-05T18:21:00Z,29.1451
2025-08-05T18:22:00Z,29.158981666666666
2025-08-05T18:23:00Z,29.165411666666667
2025-08-05T18:24:00Z,29.172143333333334
2025-08-05T18:25:00Z,29.180805
2025-08-05T18:26:00Z,29.178968333333334
2025-08-05T18:27:00Z,29.175785
2025-08-05T18:28:00Z,29.182731666666665
2025-08-05T18:29:00Z,29.19262833333333
2025-08-05T18:30:00Z,29.210001666666667
2025-08-05T18:31:00Z,29.227446666666665
2025-08-05T18:32:00Z,29.24885
2025-08-05T18:33:00Z,29.270361666666666
2025-08-05T18:34:00Z,29.287638333333334
2025-08-05T18:35:00Z,29.3004
2025-08-05T18:36:00Z,29.307883333333333
2025-08-05T18:37:00Z,29.32267166666667
2025-08-05T18:38:00Z,29.330718333333333
2025-08-05T18:39:00Z,29.323331666666668
2025-08-05T18:40:00Z,29.31364
2025-08-05T18:41:00Z,29.310225
2025-08-05T18:42:00Z,29.311841666666666
2025-08-05T18:43:00Z,29.31530833333333
2025-08-05T18:44:00Z,29.318581666666667
2025-08-05T18:45:00Z,29.322086666666667
2025-08-05T18:46:00Z,29.329183333333333
2025-08-05T18:47:00Z,29.339726666666667
2025-08-05T18:48:00Z,29.346991666666668
2025-08-05T18:49:00Z,29.346876666666667
2025-08-05T18:50:00Z,29.349186666666668
2025-08-05T18:51:00Z,29.35301666666667
2025-08-05T18:52:00Z,29.356816666666667
2025-08-05T18:53:00Z,29.35285
2025-08-05T18:54:00Z,29.346446666666665
2025-08-05T18:55:00Z,29.341171666666664
2025-08-05T18:56:00Z,29.342413333333333
2025-08-05T18:57:00Z,29.346173333333333
2025-08-05T18:58:00Z,29.351285
2025-08-05T18:59:00Z,29.361448333333332
2025-08-05T19:00:00Z,29.377286666666667
2025-08-05T19:01:00Z,29.39312333333333
2025-08-05T19:02:00Z,29.406591666666667
2025-08-05T19:03:00Z,29.422375
2025-08-05T19:04:00Z,29.436416666666666
2025-08-05T19:05:00Z,29.445555
2025-08-05T19:06:00Z,29.451105
2025-08-05T19:07:00Z,29.449971666666666
2025-08-05T19:08:00Z,29.443536666666667
2025-08-05T19:09:00Z,29.435000000000002
2025-08-05T19:10:00Z,29.425408333333333
2025-08-05T19:11:00Z,29.422665
2025-08-05T19:12:00Z,29.42245833333333
2025-08-05T19:13:00Z,29.423186666666666
2025-08-05T19:14:00Z,29.424965
2025-08-05T19:15:00Z,29.426195
2025-08-05T19:16:00Z,29.428833333333333
2025-08-05T19:17:00Z,29.430441666666667
2025-08-05T19:18:00Z,29.434416666666667
2025-08-05T19:19:00Z,29.435718333333334
2025-08-05T19:20:00Z,29.432956666666666
2025-08-05T19:21:00Z,29.427866666666667
2025-08-05T19:22:00Z,29.418948333333333
2025-08-05T19:23:00Z,29.409225000000003
2025-08-05T19:24:00Z,29.404471666666666
2025-08-05T19:25:00Z,29.403146666666668
2025-08-05T19:26:00Z,29.405315
2025-08-05T19:27:00Z,29.40960666666667
2025-08-05T19:28:00Z,29.415663333333335
2025-08-05T19:29:00Z,29.427208333333333
2025-08-05T19:30:00Z,29.433991666666667
2025-08-05T19:31:00Z,29.44186
2025-08-05T19:32:00Z,29.451185
2025-08-05T19:33:00Z,29.461795
2025-08-05T19:34:00Z,29.46715
2025-08-05T19:35:00Z,29.462593333333334
2025-08-05T19:36:00Z,29.459498333333332
2025-08-05T19:37:00Z,29.458095
2025-08-05T19:38:00Z,29.455041666666666
2025-08-05T19:39:00Z,29.451616666666666
2025-08-05T19:40:00Z,29.44738
2025-08-05T19:41:00Z,29.445063333333334
2025-08-05T19:42:00Z,29.445449999999997
2025-08-05T19:43:00Z,29.44460833333333
2025-08-05T19:44:00Z,29.442558333333334
2025-08-05T19:45:00Z,29.440298333333335
2025-08-05T19:46:00Z,29.437066666666666
2025-08-05T19:47:00Z,29.432335000000002
2025-08-05T19:48:00Z,29.42101
2025-08-05T19:49:00Z,29.40589166666667
2025-08-05T19:50:00Z,29.39182333333333
2025-08-05T19:51:00Z,29.381385
2025-08-05T19:52:00Z,29.370563333333333
2025-08-05T19:53:00Z,29.356716666666667
2025-08-05T19:54:00Z,29.337396666666667
2025-08-05T19:55:00Z,29.3182
2025-08-05T19:56:00Z,29.302276666666668
2025-08-05T19:57:00Z,29.28929833333333
2025-08-05T19:58:00Z,29.278953333333334
2025-08-05T19:59:00Z,29.271066666666666
2025-08-05T20:00:00Z,29.267068333333334
2025-08-05T20:01:00Z,29.264638333333334
2025-08-05T20:02:00Z,29.263776666666665
2025-08-05T20:03:00Z,29.263821666666665
2025-08-05T20:04:00Z,29.265068333333332
2025-08-05T20:05:00Z,29.264378333333333
2025-08-05T20:06:00Z,29.25591
2025-08-05T20:07:00Z,29.243221666666667
2025-08-05T20:08:00Z,29.228636666666667
2025-08-05T20:09:00Z,29.219923333333334
2025-08-05T20:10:00Z,29.221378333333334
2025-08-05T20:11:00Z,29.246878333333335
2025-08-05T20:12:00Z,29.27814
2025-08-05T20:13:00Z,29.30949
2025-08-05T20:14:00Z,29.338906666666666
2025-08-05T20:15:00Z,29.364903333333334
2025-08-05T20:16:00Z,29.373491666666666
2025-08-05T20:17:00Z,29.396051666666665
2025-08-05T20:18:00Z,29.395505
2025-08-05T20:19:00Z,29.38429
2025-08-05T20:20:00Z,29.373445
2025-08-05T20:21:00Z,29.359615
2025-08-05T20:22:00Z,29.353185
2025-08-05T20:23:00Z,29.352243333333334
2025-08-05T20:24:00Z,29.357428333333335
2025-08-05T20:25:00Z,29.386358333333334
2025-08-05T20:26:00Z,29.425001666666667
2025-08-05T20:27:00Z,29.457065
2025-08-05T20:28:00Z,29.47456
2025-08-05T20:29:00Z,29.48201
2025-08-05T20:30:00Z,29.491323333333334
2025-08-05T20:31:00Z,29.513163333333335
2025-08-05T20:32:00Z,29.536808333333333
2025-08-05T20:33:00Z,29.557763333333334
2025-08-05T20:34:00Z,29.576283333333333
2025-08-05T20:35:00Z,29.591098333333335
2025-08-05T20:36:00Z,29.599973333333335
2025-08-05T20:37:00Z,29.596831666666667
2025-08-05T20:38:00Z,29.58935
2025-08-05T20:39:00Z,29.577368333333332
2025-08-05T20:40:00Z,29.558941666666666
2025-08-05T20:41:00Z,29.535986666666666
2025-08-05T20:42:00Z,29.518168333333335
2025-08-05T20:43:00Z,29.508913333333332
2025-08-05T20:44:00Z,29.506776666666667
2025-08-05T20:45:00Z,29.51353166666667
2025-08-05T20:46:00Z,29.524138333333333
2025-08-05T20:47:00Z,29.53327833333333
2025-08-05T20:48:00Z,29.537163333333332
2025-08-05T20:49:00Z,29.5249
2025-08-05T20:50:00Z,29.51031
2025-08-05T20:51:00Z,29.50442333333333
2025-08-05T20:52:00Z,29.500791666666665
2025-08-05T20:53:00Z,29.498445
2025-08-05T20:54:00Z,29.499616666666665
2025-08-05T20:55:00Z,29.505925
2025-08-05T20:56:00Z,29.509430000000002
2025-08-05T20:57:00Z,29.513973333333336
2025-08-05T20:58:00Z,29.516916666666667
2025-08-05T20:59:00Z,29.521224999999998
2025-08-05T21:00:00Z,29.52393
2025-08-05T21:01:00Z,29.522679999999998
2025-08-05T21:02:00Z,29.524916666666666
2025-08-05T21:03:00Z,29.529151666666667
2025-08-05T21:04:00Z,29.533308333333334
2025-08-05T21:05:00Z,29.537256666666668
2025-08-05T21:06:00Z,29.540338333333334
2025-08-05T21:07:00Z,29.542433333333335
2025-08-05T21:08:00Z,29.545321666666666
2025-08-05T21:09:00Z,29.547131666666665
2025-08-05T21:10:00Z,29.549181666666666
2025-08-05T21:11:00Z,29.551521666666666
2025-08-05T21:12:00Z,29.552153333333333
2025-08-05T21:13:00Z,29.55339
2025-08-05T21:14:00Z,29.55516
2025-08-05T21:15:00Z,29.55491
2025-08-05T21:16:00Z,29.554003333333334
2025-08-05T21:17:00Z,29.552961666666665
2025-08-05T21:18:00Z,29.552276666666664
2025-08-05T21:19:00Z,29.55184
2025-08-05T21:20:00Z,29.550321666666665
2025-08-05T21:21:00Z,29.549741666666666
2025-08-05T21:22:00Z,29.549376666666664
2025-08-05T21:23:00Z,29.547851666666666
2025-08-05T21:24:00Z,29.545988333333334
2025-08-05T21:25:00Z,29.540285
2025-08-05T21:26:00Z,29.5355
2025-08-05T21:27:00Z,29.533663333333333
2025-08-05T21:28:00Z,29.53246
2025-08-05T21:29:00Z,29.530645
2025-08-05T21:30:00Z,29.527116666666664
2025-08-05T21:31:00Z,29.52386333333333
2025-08-05T21:32:00Z,29.522211666666664
2025-08-05T21:33:00Z,29.522576666666666
2025-08-05T21:34:00Z,29.524606666666667
2025-08-05T21:35:00Z,29.527933333333333
2025-08-05T21:36:00Z,29.531633333333332
2025-08-05T21:37:00Z,29.533456666666666
2025-08-05T21:38:00Z,29.535308333333333
2025-08-05T21:39:00Z,29.53563666666667
2025-08-05T21:40:00Z,29.537753333333335
2025-08-05T21:41:00Z,29.538741666666667
2025-08-05T21:42:00Z,29.53896166666667
2025-08-05T21:43:00Z,29.538748333333334
2025-08-05T21:44:00Z,29.538938333333334
2025-08-05T21:45:00Z,29.539323333333336
2025-08-05T21:46:00Z,29.539931666666668
2025-08-05T21:47:00Z,29.54056
2025-08-05T21:48:00Z,29.541203333333335
2025-08-05T21:49:00Z,29.541281666666666
2025-08-05T21:50:00Z,29.54174
2025-08-05T21:51:00Z,29.542033333333336
2025-08-05T21:52:00Z,29.542336666666667
2025-08-05T21:53:00Z,29.542125000000002
2025-08-05T21:54:00Z,29.541453333333333
2025-08-05T21:55:00Z,29.54200666666667
2025-08-05T21:56:00Z,29.541958333333334
2025-08-05T21:57:00Z,29.542336666666667
2025-08-05T21:58:00Z,29.542153333333335
2025-08-05T21:59:00Z,29.542553333333334
2025-08-05T22:00:00Z,29.541808333333336
2025-08-05T22:01:00Z,29.541621666666668
2025-08-05T22:02:00Z,29.541783333333335
2025-08-05T22:03:00Z,29.542270000000002
2025-08-05T22:04:00Z,29.542628333333333
2025-08-05T22:05:00Z,29.543103333333335
2025-08-05T22:06:00Z,29.543438333333334
2025-08-05T22:07:00Z,29.54352666666667
2025-08-05T22:08:00Z,29.542315000000002
2025-08-05T22:09:00Z,29.53933
2025-08-05T22:10:00Z,29.53647
2025-08-05T22:11:00Z,29.535685
2025-08-05T22:12:00Z,29.534445
2025-08-05T22:13:00Z,29.534393333333334
2025-08-05T22:14:00Z,29.534248333333334
2025-08-05T22:15:00Z,29.53372166666667
2025-08-05T22:16:00Z,29.5328
2025-08-05T22:17:00Z,29.532075
2025-08-05T22:18:00Z,29.530673333333333
2025-08-05T22:19:00Z,29.53065
2025-08-05T22:20:00Z,29.531516666666665
2025-08-05T22:21:00Z,29.532921666666667
2025-08-05T22:22:00Z,29.533888333333334
2025-08-05T22:23:00Z,29.533568333333335
2025-08-05T22:24:00Z,29.533086666666666
2025-08-05T22:25:00Z,29.53321
2025-08-05T22:26:00Z,29.533231666666666
2025-08-05T22:27:00Z,29.532946666666668
2025-08-05T22:28:00Z,29.532873333333335
2025-08-05T22:29:00Z,29.532605
2025-08-05T22:30:00Z,29.531761666666668
2025-08-05T22:31:00Z,29.531715
2025-08-05T22:32:00Z,29.532726666666665
2025-08-05T22:33:00Z,29.532755
2025-08-05T22:34:00Z,29.5323
2025-08-05T22:35:00Z,29.531203333333334
2025-08-05T22:36:00Z,29.532876666666667
2025-08-05T22:37:00Z,29.535898333333332
2025-08-05T22:38:00Z,29.53877
2025-08-05T22:39:00Z,29.541013333333336
2025-08-05T22:40:00Z,29.540145000000003
2025-08-05T22:41:00Z,29.539205000000003
2025-08-05T22:42:00Z,29.53864666666667
2025-08-05T22:43:00Z,29.539031666666666
2025-08-05T22:44:00Z,29.541376666666668
2025-08-05T22:45:00Z,29.543175
2025-08-05T22:46:00Z,29.544890000000002
2025-08-05T22:47:00Z,29.547053333333334
2025-08-05T22:48:00Z,29.55139833333333
2025-08-05T22:49:00Z,29.555423333333334
2025-08-05T22:50:00Z,29.558265
2025-08-05T22:51:00Z,29.560536666666668
2025-08-05T22:52:00Z,29.561676666666667
2025-08-05T22:53:00Z,29.563113333333334
2025-08-05T22:54:00Z,29.563166666666667
2025-08-05T22:55:00Z,29.564751666666666
2025-08-05T22:56:00Z,29.564113333333335
2025-08-05T22:57:00Z,29.563143333333333
2025-08-05T22:58:00Z,29.562656666666665
2025-08-05T22:59:00Z,29.562450000000002
2025-08-05T23:00:00Z,29.5622
2025-08-05T23:01:00Z,29.56133
2025-08-05T23:02:00Z,29.560198333333332
2025-08-05T23:03:00Z,29.559668333333335
2025-08-05T23:04:00Z,29.557925
2025-08-05T23:05:00Z,29.556213333333332
2025-08-05T23:06:00Z,29.553908333333332
2025-08-05T23:07:00Z,29.554366666666667
2025-08-05T23:08:00Z,29.556486666666665
2025-08-05T23:09:00Z,29.560341666666666
2025-08-05T23:10:00Z,29.566463333333335
2025-08-05T23:11:00Z,29.572726666666668
2025-08-05T23:12:00Z,29.577109999999998
2025-08-05T23:13:00Z,29.5783
2025-08-05T23:14:00Z,29.578921666666666
2025-08-05T23:15:00Z,29.580616666666664
2025-08-05T23:16:00Z,29.58025333333333
2025-08-05T23:17:00Z,29.577936666666666
2025-08-05T23:18:00Z,29.57555
2025-08-05T23:19:00Z,29.57391833333333
2025-08-05T23:20:00Z,29.573115
2025-08-05T23:21:00Z,29.572598333333335
2025-08-05T23:22:00Z,29.573893333333334
2025-08-05T23:23:00Z,29.575351666666666
2025-08-05T23:24:00Z,29.577618333333334
2025-08-05T23:25:00Z,29.578731666666666
2025-08-05T23:26:00Z,29.57912333333333
2025-08-05T23:27:00Z,29.578685
2025-08-05T23:28:00Z,29.576919999999998
2025-08-05T23:29:00Z,29.57492333333333
2025-08-05T23:30:00Z,29.57508
2025-08-05T23:31:00Z,29.575541666666666
2025-08-05T23:32:00Z,29.576461666666667
2025-08-05T23:33:00Z,29.576218333333333
2025-08-05T23:34:00Z,29.575346666666665
2025-08-05T23:35:00Z,29.574513333333332
2025-08-05T23:36:00Z,29.575498333333332
2025-08-05T23:37:00Z,29.57899833333333
2025-08-05T23:38:00Z,29.578488333333333
2025-08-05T23:39:00Z,29.577354999999997
2025-08-05T23:40:00Z,29.576831666666667
2025-08-05T23:41:00Z,29.57670333333333
2025-08-05T23:42:00Z,29.57788833333333
2025-08-05T23:43:00Z,29.57844
2025-08-05T23:44:00Z,29.57749833333333
2025-08-05T23:45:00Z,29.578011666666665
2025-08-05T23:46:00Z,29.579338333333332
2025-08-05T23:47:00Z,29.58031
2025-08-05T23:48:00Z,29.58223
2025-08-05T23:49:00Z,29.584858333333333
2025-08-05T23:50:00Z,29.586733333333335
2025-08-05T23:51:00Z,29.588685
2025-08-05T23:52:00Z,29.589511666666667
2025-08-05T23:53:00Z,29.589296666666666
2025-08-05T23:54:00Z,29.589531666666666
2025-08-05T23:55:00Z,29.591463333333333
2025-08-05T23:56:00Z,29.593396666666667
2025-08-05T23:57:00Z,29.593373333333336
2025-08-05T23:58:00Z,29.592896666666668
2025-08-05T23:59:00Z,29.592336666666668
2025-08-06T00:00:00Z,29.592338333333334
2025-08-06T00:01:00Z,29.592336666666668
2025-08-06T00:02:00Z,29.59234
2025-08-06T00:03:00Z,29.593061666666667
2025-08-06T00:04:00Z,29.595611666666667
2025-08-06T00:05:00Z,29.59819166666667
2025-08-06T00:06:00Z,29.60096
2025-08-06T00:07:00Z,29.603061666666665
2025-08-06T00:08:00Z,29.604826666666664
2025-08-06T00:09:00Z,29.605089999999997
2025-08-06T00:10:00Z,29.604006666666667
2025-08-06T00:11:00Z,29.603375
2025-08-06T00:12:00Z,29.601226666666665
2025-08-06T00:13:00Z,29.60058
2025-08-06T00:14:00Z,29.599966666666667
2025-08-06T00:15:00Z,29.60166333333333
2025-08-06T00:16:00Z,29.60299
2025-08-06T00:17:00Z,29.602241666666664
2025-08-06T00:18:00Z,29.600866666666665
2025-08-06T00:19:00Z,29.599003333333336
2025-08-06T00:20:00Z,29.597403333333336
2025-08-06T00:21:00Z,29.596690000000002
2025-08-06T00:22:00Z,29.59607666666667
2025-08-06T00:23:00Z,29.59597666666667
2025-08-06T00:24:00Z,29.595548333333333
2025-08-06T00:25:00Z,29.5954
2025-08-06T00:26:00Z,29.594436666666667
2025-08-06T00:27:00Z,29.594215000000002
2025-08-06T00:28:00Z,29.593686666666667
2025-08-06T00:29:00Z,29.59299
2025-08-06T00:30:00Z,29.59228166666667
2025-08-06T00:31:00Z,29.591131666666666
2025-08-06T00:32:00Z,29.590543333333333
2025-08-06T00:33:00Z,29.590475
2025-08-06T00:34:00Z,29.59026
2025-08-06T00:35:00Z,29.589631666666666
2025-08-06T00:36:00Z,29.58918
2025-08-06T00:37:00Z,29.58968
2025-08-06T00:38:00Z,29.590236666666666
2025-08-06T00:39:00Z,29.590643333333333
2025-08-06T00:40:00Z,29.591851666666667
2025-08-06T00:41:00Z,29.592265
2025-08-06T00:42:00Z,29.592575
2025-08-06T00:43:00Z,29.592578333333336
2025-08-06T00:44:00Z,29.59409
2025-08-06T00:45:00Z,29.594818333333336
2025-08-06T00:46:00Z,29.594843333333333
2025-08-06T00:47:00Z,29.59524
2025-08-06T00:48:00Z,29.59507
2025-08-06T00:49:00Z,29.595085
2025-08-06T00:50:00Z,29.594920000000002
2025-08-06T00:51:00Z,29.5955
2025-08-06T00:52:00Z,29.596196666666668
2025-08-06T00:53:00Z,29.595715000000002
2025-08-06T00:54:00Z,29.595358333333333
2025-08-06T00:55:00Z,29.595000000000002
2025-08-06T00:56:00Z,29.594143333333335
2025-08-06T00:57:00Z,29.594126666666668
2025-08-06T00:58:00Z,29.59344
2025-08-06T00:59:00Z,29.593568333333334
2025-08-06T01:00:00Z,29.59395
2025-08-06T01:01:00Z,29.593251666666667
2025-08-06T01:02:00Z,29.593043333333334
2025-08-06T01:03:00Z,29.59299
2025-08-06T01:04:00Z,29.59352
2025-08-06T01:05:00Z,29.59438666666667
2025-08-06T01:06:00Z,29.595286666666667
2025-08-06T01:07:00Z,29.595285
2025-08-06T01:08:00Z,29.595758333333336
2025-08-06T01:09:00Z,29.595761666666668
2025-08-06T01:10:00Z,29.596098333333334
2025-08-06T01:11:00Z,29.5954
2025-08-06T01:12:00Z,29.5942
2025-08-06T01:13:00Z,29.59405
2025-08-06T01:14:00Z,29.593181666666666
2025-08-06T01:15:00Z,29.59294166666667
2025-08-06T01:16:00Z,29.59296666666667
2025-08-06T01:17:00Z,29.593478333333334
2025-08-06T01:18:00Z,29.593665
2025-08-06T01:19:00Z,29.594868333333334
2025-08-06T01:20:00Z,29.595503333333333
2025-08-06T01:21:00Z,29.595881666666667
2025-08-06T01:22:00Z,29.596288333333334
2025-08-06T01:23:00Z,29.59686
2025-08-06T01:24:00Z,29.597233333333335
2025-08-06T01:25:00Z,29.597303333333336
2025-08-06T01:26:00Z,29.59797166666667
2025-08-06T01:27:00Z,29.598235000000003
2025-08-06T01:28:00Z,29.598141666666667
2025-08-06T01:29:00Z,29.60058
2025-08-06T01:30:00Z,29.605186666666665
2025-08-06T01:31:00Z,29.605113333333332
2025-08-06T01:32:00Z,29.603428333333333
2025-08-06T01:33:00Z,29.602563333333332
2025-08-06T01:34:00Z,29.603505
2025-08-06T01:35:00Z,29.60278
2025-08-06T01:36:00Z,29.601471666666665
2025-08-06T01:37:00Z,29.601443333333332
2025-08-06T01:38:00Z,29.602291666666666
2025-08-06T01:39:00Z,29.60368833333333
2025-08-06T01:40:00Z,29.604495
2025-08-06T01:41:00Z,29.604131666666664
2025-08-06T01:42:00Z,29.602726666666666
2025-08-06T01:43:00Z,29.602198333333334
2025-08-06T01:44:00Z,29.601246666666665
2025-08-06T01:45:00Z,29.600788333333334
2025-08-06T01:46:00Z,29.601428333333335
2025-08-06T01:47:00Z,29.602501666666665
2025-08-06T01:48:00Z,29.60371333333333
2025-08-06T01:49:00Z,29.604606666666665
2025-08-06T01:50:00Z,29.605193333333332
2025-08-06T01:51:00Z,29.605195
2025-08-06T01:52:00Z,29.604726666666664
2025-08-06T01:53:00Z,29.605718333333332
2025-08-06T01:54:00Z,29.606051666666666
2025-08-06T01:55:00Z,29.606151666666666
2025-08-06T01:56:00Z,29.607073333333332
2025-08-06T01:57:00Z,29.60766333333333
2025-08-06T01:58:00Z,29.607768333333333
2025-08-06T01:59:00Z,29.608023333333332
2025-08-06T02:00:00Z,29.608605
2025-08-06T02:01:00Z,29.608596666666667
2025-08-06T02:02:00Z,29.608531666666664
2025-08-06T02:03:00Z,29.608771666666666
2025-08-06T02:04:00Z,29.608961666666666
2025-08-06T02:05:00Z,29.608623333333334
2025-08-06T02:06:00Z,29.609421666666666
2025-08-06T02:07:00Z,29.610628333333334
2025-08-06T02:08:00Z,29.61229833333333
2025-08-06T02:09:00Z,29.61302
2025-08-06T02:10:00Z,29.613866666666667
2025-08-06T02:11:00Z,29.614921666666667
2025-08-06T02:12:00Z,29.614761666666666
2025-08-06T02:13:00Z,29.614731666666668
2025-08-06T02:14:00Z,29.614448333333332
2025-08-06T02:15:00Z,29.614883333333335
2025-08-06T02:16:00Z,29.61488
2025-08-06T02:17:00Z,29.615603333333333
2025-08-06T02:18:00Z,29.61618
2025-08-06T02:19:00Z,29.617440000000002
2025-08-06T02:20:00Z,29.618676666666666
2025-08-06T02:21:00Z,29.619205
2025-08-06T02:22:00Z,29.618656666666666
2025-08-06T02:23:00Z,29.617786666666667
2025-08-06T02:24:00Z,29.617508333333333
2025-08-06T02:25:00Z,29.617693333333335
2025-08-06T02:26:00Z,29.618006666666666
2025-08-06T02:27:00Z,29.61834
2025-08-06T02:28:00Z,29.617578333333334
2025-08-06T02:29:00Z,29.616815
2025-08-06T02:30:00Z,29.616633333333333
2025-08-06T02:31:00Z,29.61648
2025-08-06T02:32:00Z,29.615983333333332
2025-08-06T02:33:00Z,29.615798333333334
2025-08-06T02:34:00Z,29.616341666666667
2025-08-06T02:35:00Z,29.618563333333334
2025-08-06T02:36:00Z,29.62084666666667
2025-08-06T02:37:00Z,29.62239166666667
2025-08-06T02:38:00Z,29.624405000000003
2025-08-06T02:39:00Z,29.626095000000003
2025-08-06T02:40:00Z,29.626596666666668
2025-08-06T02:41:00Z,29.627298333333336
2025-08-06T02:42:00Z,29.62796
2025-08-06T02:43:00Z,29.628073333333333
2025-08-06T02:44:00Z,29.629269999999998
2025-08-06T02:45:00Z,29.631265
2025-08-06T02:46:00Z,29.63158
2025-08-06T02:47:00Z,29.63175
2025-08-06T02:48:00Z,29.631079999999997
2025-08-06T02:49:00Z,29.630891666666667
2025-08-06T02:50:00Z,29.63063
2025-08-06T02:51:00Z,29.630505
2025-08-06T02:52:00Z,29.63055333333333
2025-08-06T02:53:00Z,29.630701666666667
2025-08-06T02:54:00Z,29.631121666666665
2025-08-06T02:55:00Z,29.630869999999998
2025-08-06T02:56:00Z,29.631008333333334
2025-08-06T02:57:00Z,29.631216666666667
2025-08-06T02:58:00Z,29.631481666666666
2025-08-06T02:59:00Z,29.631055
2025-08-06T03:00:00Z,29.630815
2025-08-06T03:01:00Z,29.630251666666666
2025-08-06T03:02:00Z,29.629946666666665
2025-08-06T03:03:00Z,29.629726666666667
2025-08-06T03:04:00Z,29.629916666666666
2025-08-06T03:05:00Z,29.629918333333332
2025-08-06T03:06:00Z,29.629776666666665
2025-08-06T03:07:00Z,29.630106666666666
2025-08-06T03:08:00Z,29.62973
2025-08-06T03:09:00Z,29.629148333333333
2025-08-06T03:10:00Z,29.6281
2025-08-06T03:11:00Z,29.627196666666666
2025-08-06T03:12:00Z,29.626578333333335
2025-08-06T03:13:00Z,29.626065
2025-08-06T03:14:00Z,29.625631666666667
2025-08-06T03:15:00Z,29.62478666666667
2025-08-06T03:16:00Z,29.62324166666667
2025-08-06T03:17:00Z,29.621863333333334
2025-08-06T03:18:00Z,29.620995
2025-08-06T03:19:00Z,29.62116
2025-08-06T03:20:00Z,29.62099166666667
2025-08-06T03:21:00Z,29.620795
2025-08-06T03:22:00Z,29.620491666666666
2025-08-06T03:23:00Z,29.620223333333335
2025-08-06T03:24:00Z,29.620458333333335
2025-08-06T03:25:00Z,29.620345
2025-08-06T03:26:00Z,29.620126666666668
2025-08-06T03:27:00Z,29.619955
2025-08-06T03:28:00Z,29.619690000000002
2025-08-06T03:29:00Z,29.619691666666668
2025-08-06T03:30:00Z,29.619478333333333
2025-08-06T03:31:00Z,29.619126666666666
2025-08-06T03:32:00Z,29.61822
2025-08-06T03:33:00Z,29.618031666666667
2025-08-06T03:34:00Z,29.617005
2025-08-06T03:35:00Z,29.616245
2025-08-06T03:36:00Z,29.615768333333335
2025-08-06T03:37:00Z,29.61493
2025-08-06T03:38:00Z,29.61461
2025-08-06T03:39:00Z,29.61411
2025-08-06T03:40:00Z,29.613603333333334
2025-08-06T03:41:00Z,29.612975
2025-08-06T03:42:00Z,29.613023333333334
2025-08-06T03:43:00Z,29.61256
2025-08-06T03:44:00Z,29.612535
2025-08-06T03:45:00Z,29.61215
2025-08-06T03:46:00Z,29.61159
2025-08-06T03:47:00Z,29.611106666666668
2025-08-06T03:48:00Z,29.610241666666667
2025-08-06T03:49:00Z,29.609085
2025-08-06T03:50:00Z,29.608986666666667
2025-08-06T03:51:00Z,29.608288333333334
2025-08-06T03:52:00Z,29.60824
2025-08-06T03:53:00Z,29.608069999999998
2025-08-06T03:54:00Z,29.60736
2025-08-06T03:55:00Z,29.607385
2025-08-06T03:56:00Z,29.606386666666666
2025-08-06T03:57:00Z,29.606911666666665
2025-08-06T03:58:00Z,29.606648333333332
2025-08-06T03:59:00Z,29.60826833333333
2025-08-06T04:00:00Z,29.609233333333332
2025-08-06T04:01:00Z,29.609393333333333
2025-08-06T04:02:00Z,29.609015
2025-08-06T04:03:00Z,29.608743333333333
2025-08-06T04:04:00Z,29.608066666666666
2025-08-06T04:05:00Z,29.60833
2025-08-06T04:06:00Z,29.60753
2025-08-06T04:07:00Z,29.606938333333332
2025-08-06T04:08:00Z,29.606555
2025-08-06T04:09:00Z,29.606148333333334
2025-08-06T04:10:00Z,29.606365
2025-08-06T04:11:00Z,29.606485
2025-08-06T04:12:00Z,29.607146666666665
2025-08-06T04:13:00Z,29.606458333333332
2025-08-06T04:14:00Z,29.60643
2025-08-06T04:15:00Z,29.606651666666664
2025-08-06T04:16:00Z,29.60643
2025-08-06T04:17:00Z,29.606054999999998
2025-08-06T04:18:00Z,29.606315
2025-08-06T04:19:00Z,29.60612833333333
2025-08-06T04:20:00Z,29.606053333333332
2025-08-06T04:21:00Z,29.606691666666666
2025-08-06T04:22:00Z,29.606698333333334
2025-08-06T04:23:00Z,29.606431666666666
2025-08-06T04:24:00Z,29.606315
2025-08-06T04:25:00Z,29.604658333333333
2025-08-06T04:26:00Z,29.603091666666664
2025-08-06T04:27:00Z,29.601851666666665
2025-08-06T04:28:00Z,29.600958333333335
2025-08-06T04:29:00Z,29.600891666666666
2025-08-06T04:30:00Z,29.600625
2025-08-06T04:31:00Z,29.600258333333333
2025-08-06T04:32:00Z,29.599966666666667
2025-08-06T04:33:00Z,29.59968166666667
2025-08-06T04:34:00Z,29.599471666666666
2025-08-06T04:35:00Z,29.599251666666667
2025-08-06T04:36:00Z,29.59907666666667
2025-08-06T04:37:00Z,29.599081666666667
2025-08-06T04:38:00Z,29.59879
2025-08-06T04:39:00Z,29.598423333333336
2025-08-06T04:40:00Z,29.598258333333334
2025-08-06T04:41:00Z,29.598098333333336
2025-08-06T04:42:00Z,29.597895
2025-08-06T04:43:00Z,29.597975
2025-08-06T04:44:00Z,29.597978333333334
2025-08-06T04:45:00Z,29.597948333333335
2025-08-06T04:46:00Z,29.598523333333336
2025-08-06T04:47:00Z,29.598650000000003
2025-08-06T04:48:00Z,29.599036666666667
2025-08-06T04:49:00Z,29.599003333333336
2025-08-06T04:50:00Z,29.599195
2025-08-06T04:51:00Z,29.599128333333333
2025-08-06T04:52:00Z,29.59830666666667
2025-08-06T04:53:00Z,29.599030000000003
2025-08-06T04:54:00Z,29.598476666666667
2025-08-06T04:55:00Z,29.598285
2025-08-06T04:56:00Z,29.598455
2025-08-06T04:57:00Z,29.598646666666667
2025-08-06T04:58:00Z,29.599051666666668
2025-08-06T04:59:00Z,29.59966
2025-08-06T05:00:00Z,29.600696666666668
2025-08-06T05:01:00Z,29.601058333333334
2025-08-06T05:02:00Z,29.601416666666665
2025-08-06T05:03:00Z,29.602238333333332
2025-08-06T05:04:00Z,29.602636666666665
2025-08-06T05:05:00Z,29.602365
2025-08-06T05:06:00Z,29.602706666666666
2025-08-06T05:07:00Z,29.602386666666664
2025-08-06T05:08:00Z,29.602925
2025-08-06T05:09:00Z,29.603669999999997
2025-08-06T05:10:00Z,29.603548333333332
2025-08-06T05:11:00Z,29.6038
2025-08-06T05:12:00Z,29.603338333333333
2025-08-06T05:13:00Z,29.60277333333333
2025-08-06T05:14:00Z,29.602466666666665
2025-08-06T05:15:00Z,29.60228833333333
2025-08-06T05:16:00Z,29.602096666666665
2025-08-06T05:17:00Z,29.60118
2025-08-06T05:18:00Z,29.60178833333333
2025-08-06T05:19:00Z,29.603695
2025-08-06T05:20:00Z,29.605338333333332
2025-08-06T05:21:00Z,29.605046666666667
2025-08-06T05:22:00Z,29.605186666666665
2025-08-06T05:23:00Z,29.603976666666664
2025-08-06T05:24:00Z,29.604321666666664
2025-08-06T05:25:00Z,29.603984999999998
2025-08-06T05:26:00Z,29.603693333333332
2025-08-06T05:27:00Z,29.603718333333333
2025-08-06T05:28:00Z,29.60352333333333
2025-08-06T05:29:00Z,29.603424999999998
2025-08-06T05:30:00Z,29.60285
2025-08-06T05:31:00Z,29.602316666666667
2025-08-06T05:32:00Z,29.601861666666665
2025-08-06T05:33:00Z,29.600846666666666
2025-08-06T05:34:00Z,29.600525
2025-08-06T05:35:00Z,29.600628333333333
2025-08-06T05:36:00Z,29.599728333333335
2025-08-06T05:37:00Z,29.600021666666667
2025-08-06T05:38:00Z,29.599728333333335
2025-08-06T05:39:00Z,29.599535
2025-08-06T05:40:00Z,29.599663333333336
2025-08-06T05:41:00Z,29.59939166666667
2025-08-06T05:42:00Z,29.599948333333334
2025-08-06T05:43:00Z,29.600135
2025-08-06T05:44:00Z,29.600595
2025-08-06T05:45:00Z,29.600763333333333
2025-08-06T05:46:00Z,29.600288333333335
2025-08-06T05:47:00Z,29.600455
2025-08-06T05:48:00Z,29.600548333333332
2025-08-06T05:49:00Z,29.600431666666665
2025-08-06T05:50:00Z,29.600191666666667
2025-08-06T05:51:00Z,29.600043333333335
2025-08-06T05:52:00Z,29.600596666666668
2025-08-06T05:53:00Z,29.600308333333334
2025-08-06T05:54:00Z,29.600476666666665
2025-08-06T05:55:00Z,29.600460000000002
2025-08-06T05:56:00Z,29.600286666666666
2025-08-06T05:57:00Z,29.600785
2025-08-06T05:58:00Z,29.601033333333334
2025-08-06T05:59:00Z,29.601924999999998
2025-08-06T06:00:00Z,29.602631666666664
2025-08-06T06:01:00Z,29.60306333333333
2025-08-06T06:02:00Z,29.604149999999997
2025-08-06T06:03:00Z,29.60466333333333
2025-08-06T06:04:00Z,29.604706666666665
2025-08-06T06:05:00Z,29.604395
2025-08-06T06:06:00Z,29.604223333333334
2025-08-06T06:07:00Z,29.60434833333333
2025-08-06T06:08:00Z,29.604366666666664
2025-08-06T06:09:00Z,29.604464999999998
2025-08-06T06:10:00Z,29.604658333333333
2025-08-06T06:11:00Z,29.605096666666665
2025-08-06T06:12:00Z,29.604926666666664
2025-08-06T06:13:00Z,29.604488333333332
2025-08-06T06:14:00Z,29.604801666666667
2025-08-06T06:15:00Z,29.604591666666664
2025-08-06T06:16:00Z,29.604445
2025-08-06T06:17:00Z,29.604178333333333
2025-08-06T06:18:00Z,29.604445
2025-08-06T06:19:00Z,29.604196666666667
2025-08-06T06:20:00Z,29.604243333333333
2025-08-06T06:21:00Z,29.604051666666667
2025-08-06T06:22:00Z,29.603305
2025-08-06T06:23:00Z,29.604151666666667
2025-08-06T06:24:00Z,29.604246666666665
2025-08-06T06:25:00Z,29.604174999999998
2025-08-06T06:26:00Z,29.604585
2025-08-06T06:27:00Z,29.604346666666665
2025-08-06T06:28:00Z,29.604805
2025-08-06T06:29:00Z,29.604635
2025-08-06T06:30:00Z,29.604731666666666
2025-08-06T06:31:00Z,29.604785
2025-08-06T06:32:00Z,29.604779999999998
2025-08-06T06:33:00Z,29.605525
2025-08-06T06:34:00Z,29.607958333333332
2025-08-06T06:35:00Z,29.608338333333332
2025-08-06T06:36:00Z,29.608526666666666
2025-08-06T06:37:00Z,29.607985
2025-08-06T06:38:00Z,29.60736
2025-08-06T06:39:00Z,29.606933333333334
2025-08-06T06:40:00Z,29.607595
2025-08-06T06:41:00Z,29.607075
2025-08-06T06:42:00Z,29.606891666666666
2025-08-06T06:43:00Z,29.606648333333332
2025-08-06T06:44:00Z,29.606051666666666
2025-08-06T06:45:00Z,29.606196666666666
2025-08-06T06:46:00Z,29.605625
2025-08-06T06:47:00Z,29.604028333333332
2025-08-06T06:48:00Z,29.602146666666666
2025-08-06T06:49:00Z,29.600628333333333
2025-08-06T06:50:00Z,29.600213333333333
2025-08-06T06:51:00Z,29.60002666666667
2025-08-06T06:52:00Z,29.599755000000002
2025-08-06T06:53:00Z,29.59939
2025-08-06T06:54:00Z,29.599128333333333
2025-08-06T06:55:00Z,29.59982666666667
2025-08-06T06:56:00Z,29.599706666666666
2025-08-06T06:57:00Z,29.600555
2025-08-06T06:58:00Z,29.601105
2025-08-06T06:59:00Z,29.601975
2025-08-06T07:00:00Z,29.602584999999998
2025-08-06T07:01:00Z,29.60285
2025-08-06T07:02:00Z,29.603113333333333
2025-08-06T07:03:00Z,29.602871666666665
2025-08-06T07:04:00Z,29.602968333333333
2025-08-06T07:05:00Z,29.603666666666665
2025-08-06T07:06:00Z,29.603431666666665
2025-08-06T07:07:00Z,29.604396666666666
2025-08-06T07:08:00Z,29.60460833333333
2025-08-06T07:09:00Z,29.604321666666664
2025-08-06T07:10:00Z,29.604413333333333
2025-08-06T07:11:00Z,29.604274999999998
2025-08-06T07:12:00Z,29.604004999999997
2025-08-06T07:13:00Z,29.60493
2025-08-06T07:14:00Z,29.605311666666665
2025-08-06T07:15:00Z,29.605836666666665
2025-08-06T07:16:00Z,29.606624999999998
2025-08-06T07:17:00Z,29.607693333333334
2025-08-06T07:18:00Z,29.60696
2025-08-06T07:19:00Z,29.60598
2025-08-06T07:20:00Z,29.604968333333332
2025-08-06T07:21:00Z,29.604366666666664
2025-08-06T07:22:00Z,29.60395833333333
2025-08-06T07:23:00Z,29.604419999999998
2025-08-06T07:24:00Z,29.604926666666664
2025-08-06T07:25:00Z,29.605459999999997
2025-08-06T07:26:00Z,29.606935
2025-08-06T07:27:00Z,29.607576666666667
2025-08-06T07:28:00Z,29.608333333333334
2025-08-06T07:29:00Z,29.609951666666667
2025-08-06T07:30:00Z,29.610318333333332
2025-08-06T07:31:00Z,29.610628333333334
2025-08-06T07:32:00Z,29.611545
2025-08-06T07:33:00Z,29.612896666666668
2025-08-06T07:34:00Z,29.614201666666666
2025-08-06T07:35:00Z,29.614396666666668
2025-08-06T07:36:00Z,29.61529
2025-08-06T07:37:00Z,29.615815
2025-08-06T07:38:00Z,29.616056666666665
2025-08-06T07:39:00Z,29.616013333333335
2025-08-06T07:40:00Z,29.616728333333334
2025-08-06T07:41:00Z,29.616603333333334
2025-08-06T07:42:00Z,29.616203333333335
2025-08-06T07:43:00Z,29.61715
2025-08-06T07:44:00Z,29.618100000000002
2025-08-06T07:45:00Z,29.61822666666667
2025-08-06T07:46:00Z,29.616461666666666
2025-08-06T07:47:00Z,29.615221666666667
2025-08-06T07:48:00Z,29.615601666666667
2025-08-06T07:49:00Z,29.619120000000002
2025-08-06T07:50:00Z,29.619253333333333
2025-08-06T07:51:00Z,29.618491666666667
2025-08-06T07:52:00Z,29.617721666666668
2025-08-06T07:53:00Z,29.617933333333333
2025-08-06T07:54:00Z,29.619376666666668
2025-08-06T07:55:00Z,29.619955
2025-08-06T07:56:00Z,29.620605
2025-08-06T07:57:00Z,29.62083
2025-08-06T07:58:00Z,29.62237
2025-08-06T07:59:00Z,29.623795
2025-08-06T08:00:00Z,29.62517666666667
2025-08-06T08:01:00Z,29.625875
2025-08-06T08:02:00Z,29.624178333333333
2025-08-06T08:03:00Z,29.624446666666667
2025-08-06T08:04:00Z,29.626043333333335
2025-08-06T08:05:00Z,29.6279
2025-08-06T08:06:00Z,29.627005
2025-08-06T08:07:00Z,29.625438333333335
2025-08-06T08:08:00Z,29.62614166666667
2025-08-06T08:09:00Z,29.626358333333336
2025-08-06T08:10:00Z,29.627113333333334
2025-08-06T08:11:00Z,29.626886666666667
2025-08-06T08:12:00Z,29.627731666666666
2025-08-06T08:13:00Z,29.629966666666665
2025-08-06T08:14:00Z,29.628795
2025-08-06T08:15:00Z,29.62875
2025-08-06T08:16:00Z,29.629176666666666
2025-08-06T08:17:00Z,29.63018
2025-08-06T08:18:00Z,29.631
2025-08-06T08:19:00Z,29.631556666666665
2025-08-06T08:20:00Z,29.6324
2025-08-06T08:21:00Z,29.633126666666666
2025-08-06T08:22:00Z,29.634601666666665
2025-08-06T08:23:00Z,29.634671666666666
2025-08-06T08:24:00Z,29.637136666666667
2025-08-06T08:25:00Z,29.638605
2025-08-06T08:26:00Z,29.63975
2025-08-06T08:27:00Z,29.640655
2025-08-06T08:28:00Z,29.641228333333334
2025-08-06T08:29:00Z,29.639995
2025-08-06T08:30:00Z,29.638283333333334
2025-08-06T08:31:00Z,29.636845
2025-08-06T08:32:00Z,29.636554999999998
2025-08-06T08:33:00Z,29.637813333333334
2025-08-06T08:34:00Z,29.63744833333333
2025-08-06T08:35:00Z,29.639133333333334
2025-08-06T08:36:00Z,29.639991666666667
2025-08-06T08:37:00Z,29.64142
2025-08-06T08:38:00Z,29.642655
2025-08-06T08:39:00Z,29.643803333333334
2025-08-06T08:40:00Z,29.644190000000002
2025-08-06T08:41:00Z,29.6462
2025-08-06T08:42:00Z,29.64895166666667
2025-08-06T08:43:00Z,29.65105
2025-08-06T08:44:00Z,29.65100166666667
2025-08-06T08:45:00Z,29.65105
2025-08-06T08:46:00Z,29.651338333333335
2025-08-06T08:47:00Z,29.652256666666666
2025-08-06T08:48:00Z,29.65232
2025-08-06T08:49:00Z,29.653513333333333
2025-08-06T08:50:00Z,29.65389
2025-08-06T08:51:00Z,29.65509833333333
2025-08-06T08:52:00Z,29.656781666666664
2025-08-06T08:53:00Z,29.658109999999997
2025-08-06T08:54:00Z,29.659196666666666
2025-08-06T08:55:00Z,29.660595
2025-08-06T08:56:00Z,29.661151666666665
2025-08-06T08:57:00Z,29.663304999999998
2025-08-06T08:58:00Z,29.666228333333333
2025-08-06T08:59:00Z,29.668641666666666
2025-08-06T09:00:00Z,29.669155
2025-08-06T09:01:00Z,29.669968333333333
2025-08-06T09:02:00Z,29.67074
2025-08-06T09:03:00Z,29.673915
2025-08-06T09:04:00Z,29.673353333333335
2025-08-06T09:05:00Z,29.671925
2025-08-06T09:06:00Z,29.67036
2025-08-06T09:07:00Z,29.670933333333334
2025-08-06T09:08:00Z,29.673113333333333
2025-08-06T09:09:00Z,29.674588333333332
2025-08-06T09:10:00Z,29.675531666666668
2025-08-06T09:11:00Z,29.674490000000002
2025-08-06T09:12:00Z,29.675193333333333
2025-08-06T09:13:00Z,29.676105
2025-08-06T09:14:00Z,29.677938333333334
2025-08-06T09:15:00Z,29.678346666666666
2025-08-06T09:16:00Z,29.68039166666667
2025-08-06T09:17:00Z,29.681863333333336
2025-08-06T09:18:00Z,29.682006666666666
2025-08-06T09:19:00Z,29.683023333333335
2025-08-06T09:20:00Z,29.684395
2025-08-06T09:21:00Z,29.687078333333332
2025-08-06T09:22:00Z,29.69024333333333
2025-08-06T09:23:00Z,29.692586666666667
2025-08-06T09:24:00Z,29.695106666666668
2025-08-06T09:25:00Z,29.695755
2025-08-06T09:26:00Z,29.695488333333333
2025-08-06T09:27:00Z,29.695828333333335
2025-08-06T09:28:00Z,29.696335
2025-08-06T09:29:00Z,29.698895
2025-08-06T09:30:00Z,29.700596666666666
2025-08-06T09:31:00Z,29.70155666666667
2025-08-06T09:32:00Z,29.701993333333334
2025-08-06T09:33:00Z,29.702565
2025-08-06T09:34:00Z,29.70379666666667
2025-08-06T09:35:00Z,29.70615666666667
2025-08-06T09:36:00Z,29.709605
2025-08-06T09:37:00Z,29.711319999999997
2025-08-06T09:38:00Z,29.713246666666667
2025-08-06T09:39:00Z,29.713849999999997
2025-08-06T09:40:00Z,29.715159999999997
2025-08-06T09:41:00Z,29.71980333333333
2025-08-06T09:42:00Z,29.72266
2025-08-06T09:43:00Z,29.721983333333334
2025-08-06T09:44:00Z,29.718591666666665
2025-08-06T09:45:00Z,29.715736666666665
2025-08-06T09:46:00Z,29.713661666666667
2025-08-06T09:47:00Z,29.710861666666666
2025-08-06T09:48:00Z,29.708345
2025-08-06T09:49:00Z,29.705828333333333
2025-08-06T09:50:00Z,29.705276666666666
2025-08-06T09:51:00Z,29.705471666666668
2025-08-06T09:52:00Z,29.706633333333336
2025-08-06T09:53:00Z,29.706318333333336
2025-08-06T09:54:00Z,29.705158333333333
2025-08-06T09:55:00Z,29.706155000000003
2025-08-06T09:56:00Z,29.707696666666667
2025-08-06T09:57:00Z,29.708708333333334
2025-08-06T09:58:00Z,29.709166666666665
2025-08-06T09:59:00Z,29.707956666666668
2025-08-06T10:00:00Z,29.707616666666667
2025-08-06T10:01:00Z,29.707378333333335
2025-08-06T10:02:00Z,29.705925
2025-08-06T10:03:00Z,29.705393333333333
2025-08-06T10:04:00Z,29.704915
2025-08-06T10:05:00Z,29.705535
2025-08-06T10:06:00Z,29.706558333333334
2025-08-06T10:07:00Z,29.707065
2025-08-06T10:08:00Z,29.70649166666667
2025-08-06T10:09:00Z,29.705603333333336
2025-08-06T10:10:00Z,29.705233333333336
2025-08-06T10:11:00Z,29.705771666666667
2025-08-06T10:12:00Z,29.70633
2025-08-06T10:13:00Z,29.70812666666667
2025-08-06T10:14:00Z,29.708176666666667
2025-08-06T10:15:00Z,29.7096
2025-08-06T10:16:00Z,29.71095833333333
2025-08-06T10:17:00Z,29.712011666666665
2025-08-06T10:18:00Z,29.712764999999997
2025-08-06T10:19:00Z,29.7138
2025-08-06T10:20:00Z,29.714019999999998
2025-08-06T10:21:00Z,29.712619999999998
2025-08-06T10:22:00Z,29.712355
2025-08-06T10:23:00Z,29.711176666666667
2025-08-06T10:24:00Z,29.711291666666664
2025-08-06T10:25:00Z,29.711123333333333
2025-08-06T10:26:00Z,29.71078
2025-08-06T10:27:00Z,29.710496666666664
2025-08-06T10:28:00Z,29.712041666666664
2025-08-06T10:29:00Z,29.713424999999997
2025-08-06T10:30:00Z,29.714724999999998
2025-08-06T10:31:00Z,29.71644
2025-08-06T10:32:00Z,29.717503333333333
2025-08-06T10:33:00Z,29.717316666666665
2025-08-06T10:34:00Z,29.71818
2025-08-06T10:35:00Z,29.718566666666668
2025-08-06T10:36:00Z,29.719751666666667
2025-08-06T10:37:00Z,29.722965
2025-08-06T10:38:00Z,29.723808333333334
2025-08-06T10:39:00Z,29.724990000000002
2025-08-06T10:40:00Z,29.722995
2025-08-06T10:41:00Z,29.72177
2025-08-06T10:42:00Z,29.725693333333332
2025-08-06T10:43:00Z,29.727988333333332
2025-08-06T10:44:00Z,29.729468333333333
2025-08-06T10:45:00Z,29.728015
2025-08-06T10:46:00Z,29.727696666666667
2025-08-06T10:47:00Z,29.727118333333333
2025-08-06T10:48:00Z,29.725015
2025-08-06T10:49:00Z,29.722413333333332
2025-08-06T10:50:00Z,29.721671666666666
2025-08-06T10:51:00Z,29.721745
2025-08-06T10:52:00Z,29.723261666666666
2025-08-06T10:53:00Z,29.72432166666667
2025-08-06T10:54:00Z,29.724316666666667
2025-08-06T10:55:00Z,29.724121666666665
2025-08-06T10:56:00Z,29.725571666666667
2025-08-06T10:57:00Z,29.728443333333335
2025-08-06T10:58:00Z,29.731835
2025-08-06T10:59:00Z,29.73365666666667
2025-08-06T11:00:00Z,29.733915
2025-08-06T11:01:00Z,29.733043333333335
2025-08-06T11:02:00Z,29.732363333333335
2025-08-06T11:03:00Z,29.733885
2025-08-06T11:04:00Z,29.735623333333336
2025-08-06T11:05:00Z,29.736695
2025-08-06T11:06:00Z,29.73463166666667
2025-08-06T11:07:00Z,29.73168666666667
2025-08-06T11:08:00Z,29.730725
2025-08-06T11:09:00Z,29.729273333333335
2025-08-06T11:10:00Z,29.727265
2025-08-06T11:11:00Z,29.726731666666666
2025-08-06T11:12:00Z,29.727046666666666
2025-08-06T11:13:00Z,29.728908333333333
2025-08-06T11:14:00Z,29.729583333333334
2025-08-06T11:15:00Z,29.728450000000002
2025-08-06T11:16:00Z,29.726808333333334
2025-08-06T11:17:00Z,29.725908333333333
2025-08-06T11:18:00Z,29.725281666666667
2025-08-06T11:19:00Z,29.725305
2025-08-06T11:20:00Z,29.726513333333333
2025-08-06T11:21:00Z,29.729178333333333
2025-08-06T11:22:00Z,29.730040000000002
2025-08-06T11:23:00Z,29.732193333333335
2025-08-06T11:24:00Z,29.733985
2025-08-06T11:25:00Z,29.73544
2025-08-06T11:26:00Z,29.737388333333335
2025-08-06T11:27:00Z,29.739874999999998
2025-08-06T11:28:00Z,29.742148333333333
2025-08-06T11:29:00Z,29.745461666666667
2025-08-06T11:30:00Z,29.745635
2025-08-06T11:31:00Z,29.743235
2025-08-06T11:32:00Z,29.741833333333332
2025-08-06T11:33:00Z,29.741351666666667
2025-08-06T11:34:00Z,29.741378333333333
2025-08-06T11:35:00Z,29.740851666666664
2025-08-06T11:36:00Z,29.741545
2025-08-06T11:37:00Z,29.742251666666665
2025-08-06T11:38:00Z,29.74205
2025-08-06T11:39:00Z,29.741881666666664
2025-08-06T11:40:00Z,29.743523333333332
2025-08-06T11:41:00Z,29.746718333333334
2025-08-06T11:42:00Z,29.750815
2025-08-06T11:43:00Z,29.75404
2025-08-06T11:44:00Z,29.756185000000002
2025-08-06T11:45:00Z,29.754451666666668
2025-08-06T11:46:00Z,29.750523333333334
2025-08-06T11:47:00Z,29.749341666666666
2025-08-06T11:48:00Z,29.748796666666667
2025-08-06T11:49:00Z,29.749628333333334
2025-08-06T11:50:00Z,29.748215
2025-08-06T11:51:00Z,29.74867
2025-08-06T11:52:00Z,29.750888333333332
2025-08-06T11:53:00Z,29.75148
2025-08-06T11:54:00Z,29.752883333333333
2025-08-06T11:55:00Z,29.754446666666666
2025-08-06T11:56:00Z,29.754741666666668
2025-08-06T11:57:00Z,29.753673333333335
2025-08-06T11:58:00Z,29.754928333333332
2025-08-06T11:59:00Z,29.754738333333332
2025-08-06T12:00:00Z,29.753818333333335
2025-08-06T12:01:00Z,29.753433333333334
2025-08-06T12:02:00Z,29.75186
2025-08-06T12:03:00Z,29.7491
2025-08-06T12:04:00Z,29.74828833333333
2025-08-06T12:05:00Z,29.747758333333334
2025-08-06T12:06:00Z,29.74934
2025-08-06T12:07:00Z,29.750551666666667
2025-08-06T12:08:00Z,29.747871666666665
2025-08-06T12:09:00Z,29.744764999999997
2025-08-06T12:10:00Z,29.743309999999997
2025-08-06T12:11:00Z,29.741611666666664
2025-08-06T12:12:00Z,29.740045
2025-08-06T12:13:00Z,29.739635
2025-08-06T12:14:00Z,29.74040833333333
2025-08-06T12:15:00Z,29.74196
2025-08-06T12:16:00Z,29.744885
2025-08-06T12:17:00Z,29.747601666666664
2025-08-06T12:18:00Z,29.75129
2025-08-06T12:19:00Z,29.75469
2025-08-06T12:20:00Z,29.757955
2025-08-06T12:21:00Z,29.760031666666666
2025-08-06T12:22:00Z,29.761383333333335
2025-08-06T12:23:00Z,29.760585000000003
2025-08-06T12:24:00Z,29.762228333333333
2025-08-06T12:25:00Z,29.76336166666667
2025-08-06T12:26:00Z,29.766295
2025-08-06T12:27:00Z,29.76735
2025-08-06T12:28:00Z,29.76605
2025-08-06T12:29:00Z,29.763823333333335
2025-08-06T12:30:00Z,29.761456666666668
2025-08-06T12:31:00Z,29.759081666666667
2025-08-06T12:32:00Z,29.75822
2025-08-06T12:33:00Z,29.756648333333334
2025-08-06T12:34:00Z,29.755221666666667
2025-08-06T12:35:00Z,29.75322
2025-08-06T12:36:00Z,29.749671666666668
2025-08-06T12:37:00Z,29.745048333333333
2025-08-06T12:38:00Z,29.74305
2025-08-06T12:39:00Z,29.744149999999998
2025-08-06T12:40:00Z,29.744326666666666
2025-08-06T12:41:00Z,29.739083333333333
2025-08-06T12:42:00Z,29.734270000000002
2025-08-06T12:43:00Z,29.730018333333334
2025-08-06T12:44:00Z,29.72654
2025-08-06T12:45:00Z,29.720066666666668
2025-08-06T12:46:00Z,29.714461666666665
2025-08-06T12:47:00Z,29.711679999999998
2025-08-06T12:48:00Z,29.711993333333332
2025-08-06T12:49:00Z,29.711631666666666
2025-08-06T12:50:00Z,29.71108
2025-08-06T12:51:00Z,29.711298333333332
2025-08-06T12:52:00Z,29.711266666666663
2025-08-06T12:53:00Z,29.71509
2025-08-06T12:54:00Z,29.7169
2025-08-06T12:55:00Z,29.716876666666664
2025-08-06T12:56:00Z,29.718881666666665
2025-08-06T12:57:00Z,29.7201
2025-08-06T12:58:00Z,29.720958333333332
2025-08-06T12:59:00Z,29.721106666666667
2025-08-06T13:00:00Z,29.71972
2025-08-06T13:01:00Z,29.71909833333333
2025-08-06T13:02:00Z,29.7168
2025-08-06T13:03:00Z,29.714051666666666
2025-08-06T13:04:00Z,29.714481666666664
2025-08-06T13:05:00Z,29.714296666666666
2025-08-06T13:06:00Z,29.712911666666667
2025-08-06T13:07:00Z,29.71125
2025-08-06T13:08:00Z,29.71208833333333
2025-08-06T13:09:00Z,29.712986666666666
2025-08-06T13:10:00Z,29.714993333333332
2025-08-06T13:11:00Z,29.71545
2025-08-06T13:12:00Z,29.71528
2025-08-06T13:13:00Z,29.716873333333332
2025-08-06T13:14:00Z,29.72012833333333
2025-08-06T13:15:00Z,29.724413333333334
2025-08-06T13:16:00Z,29.728208333333335
2025-08-06T13:17:00Z,29.72983
2025-08-06T13:18:00Z,29.729685
2025-08-06T13:19:00Z,29.73019
2025-08-06T13:20:00Z,29.731393333333333
2025-08-06T13:21:00Z,29.734436666666667
2025-08-06T13:22:00Z,29.737515000000002
2025-08-06T13:23:00Z,29.740671666666664
2025-08-06T13:24:00Z,29.742514999999997
2025-08-06T13:25:00Z,29.743019999999998
2025-08-06T13:26:00Z,29.743655
2025-08-06T13:27:00Z,29.743575
2025-08-06T13:28:00Z,29.74606
2025-08-06T13:29:00Z,29.751418333333334
2025-08-06T13:30:00Z,29.754643333333334
2025-08-06T13:31:00Z,29.756045
2025-08-06T13:32:00Z,29.758313333333334
2025-08-06T13:33:00Z,29.761048333333335
2025-08-06T13:34:00Z,29.764693333333334
2025-08-06T13:35:00Z,29.765925
2025-08-06T13:36:00Z,29.767181666666666
2025-08-06T13:37:00Z,29.76808833333333
2025-08-06T13:38:00Z,29.770136666666666
2025-08-06T13:39:00Z,29.77095333333333
2025-08-06T13:40:00Z,29.77366
2025-08-06T13:41:00Z,29.775573333333334
2025-08-06T13:42:00Z,29.780425
2025-08-06T13:43:00Z,29.784303333333334
2025-08-06T13:44:00Z,29.785925000000002
2025-08-06T13:45:00Z,29.785896666666666
2025-08-06T13:46:00Z,29.785845000000002
2025-08-06T13:47:00Z,29.785130000000002
2025-08-06T13:48:00Z,29.786155
2025-08-06T13:49:00Z,29.786523333333335
2025-08-06T13:50:00Z,29.787143333333333
2025-08-06T13:51:00Z,29.787261666666666
2025-08-06T13:52:00Z,29.78796666666667
2025-08-06T13:53:00Z,29.787481666666668
2025-08-06T13:54:00Z,29.78689166666667
2025-08-06T13:55:00Z,29.784415
2025-08-06T13:56:00Z,29.781146666666668
2025-08-06T13:57:00Z,29.776678333333333
2025-08-06T13:58:00Z,29.772285
2025-08-06T13:59:00Z,29.768688333333333
2025-08-06T14:00:00Z,29.766025
2025-08-06T14:01:00Z,29.76699
2025-08-06T14:02:00Z,29.76634
2025-08-06T14:03:00Z,29.765271666666667
2025-08-06T14:04:00Z,29.763248333333333
2025-08-06T14:05:00Z,29.761963333333334
2025-08-06T14:06:00Z,29.76300666666667
2025-08-06T14:07:00Z,29.76228
2025-08-06T14:08:00Z,29.762763333333336
2025-08-06T14:09:00Z,29.763726666666667
2025-08-06T14:10:00Z,29.766406666666665
2025-08-06T14:11:00Z,29.768905
2025-08-06T14:12:00Z,29.773296666666667
2025-08-06T14:13:00Z,29.78077
2025-08-06T14:14:00Z,29.785548333333335
2025-08-06T14:15:00Z,29.7892
2025-08-06T14:16:00Z,29.79199666666667
2025-08-06T14:17:00Z,29.794948333333334
2025-08-06T14:18:00Z,29.798189999999998
2025-08-06T14:19:00Z,29.801613333333332
2025-08-06T14:20:00Z,29.805805
2025-08-06T14:21:00Z,29.809396666666668
2025-08-06T14:22:00Z,29.811505
2025-08-06T14:23:00Z,29.81515
2025-08-06T14:24:00Z,29.818363333333334
2025-08-06T14:25:00Z,29.818993333333335
2025-08-06T14:26:00Z,29.81931
2025-08-06T14:27:00Z,29.820665
2025-08-06T14:28:00Z,29.822906666666665
2025-08-06T14:29:00Z,29.826383333333332
2025-08-06T14:30:00Z,29.834796666666666
2025-08-06T14:31:00Z,29.849678333333333
2025-08-06T14:32:00Z,29.865658333333332
2025-08-06T14:33:00Z,29.88789
2025-08-06T14:34:00Z,29.909551666666665
2025-08-06T14:35:00Z,29.926811666666666
2025-08-06T14:36:00Z,29.94405
2025-08-06T14:37:00Z,29.959466666666668
2025-08-06T14:38:00Z,29.973601666666667
2025-08-06T14:39:00Z,29.985421666666667
2025-08-06T14:40:00Z,29.99433666666667
2025-08-06T14:41:00Z,30
2025-08-06T14:42:00Z,30.005385
2025-08-06T14:43:00Z,30.010071666666665
2025-08-06T14:44:00Z,30.013853333333333
2025-08-06T14:45:00Z,30.018503333333335
2025-08-06T14:46:00Z,30.02237166666667
2025-08-06T14:47:00Z,30.023845
2025-08-06T14:48:00Z,30.023986666666666
2025-08-06T14:49:00Z,30.023243333333333
2025-08-06T14:50:00Z,30.023943333333335
2025-08-06T14:51:00Z,30.023938333333334
2025-08-06T14:52:00Z,30.02392
2025-08-06T14:53:00Z,30.022273333333334
2025-08-06T14:54:00Z,30.011683333333334
2025-08-06T14:55:00Z,29.989343333333334
2025-08-06T14:56:00Z,29.968049999999998
2025-08-06T14:57:00Z,29.94682
2025-08-06T14:58:00Z,29.92350666666667
2025-08-06T14:59:00Z,29.91594333333333
2025-08-06T15:00:00Z,29.91335833333333
2025-08-06T15:01:00Z,29.927731666666666
2025-08-06T15:02:00Z,29.94239
2025-08-06T15:03:00Z,29.956181666666666
2025-08-06T15:04:00Z,29.968991666666668
2025-08-06T15:05:00Z,29.983338333333332
2025-08-06T15:06:00Z,29.995955
2025-08-06T15:07:00Z,30.005546666666667
2025-08-06T15:08:00Z,30.010575
2025-08-06T15:09:00Z,30.006705
2025-08-06T15:10:00Z,29.998788333333334
2025-08-06T15:11:00Z,29.984576666666666
2025-08-06T15:12:00Z,29.972248333333333
2025-08-06T15:13:00Z,29.961595
2025-08-06T15:14:00Z,29.936618333333332
2025-08-06T15:15:00Z,29.913623333333334
2025-08-06T15:16:00Z,29.901776666666667
2025-08-06T15:17:00Z,29.89721666666667
2025-08-06T15:18:00Z,29.892018333333333
2025-08-06T15:19:00Z,29.880741666666665
2025-08-06T15:20:00Z,29.863723333333333
2025-08-06T15:21:00Z,29.849416666666666
2025-08-06T15:22:00Z,29.837481666666665
2025-08-06T15:23:00Z,29.83204333333333
2025-08-06T15:24:00Z,29.826686666666667
2025-08-06T15:25:00Z,29.825658333333333
2025-08-06T15:26:00Z,29.82312333333333
2025-08-06T15:27:00Z,29.819673333333334
2025-08-06T15:28:00Z,29.820593333333335
2025-08-06T15:29:00Z,29.82218
2025-08-06T15:30:00Z,29.821191666666667
2025-08-06T15:31:00Z,29.81889333333333
2025-08-06T15:32:00Z,29.803583333333332
2025-08-06T15:33:00Z,29.787451666666666
2025-08-06T15:34:00Z,29.772025
2025-08-06T15:35:00Z,29.760663333333333
2025-08-06T15:36:00Z,29.749288333333332
2025-08-06T15:37:00Z,29.74313833333333
2025-08-06T15:38:00Z,29.739976666666664
2025-08-06T15:39:00Z,29.738931666666666
2025-08-06T15:40:00Z,29.737635
2025-08-06T15:41:00Z,29.73522
2025-08-06T15:42:00Z,29.733268333333335
2025-08-06T15:43:00Z,29.732731666666666
2025-08-06T15:44:00Z,29.731391666666667
2025-08-06T15:45:00Z,29.73161
2025-08-06T15:46:00Z,29.733506666666667
2025-08-06T15:47:00Z,29.738091666666666
2025-08-06T15:48:00Z,29.746953333333334
2025-08-06T15:49:00Z,29.760635
2025-08-06T15:50:00Z,29.778728333333333
2025-08-06T15:51:00Z,29.798521666666666
2025-08-06T15:52:00Z,29.80106333333333
2025-08-06T15:53:00Z,29.793258333333334
2025-08-06T15:54:00Z,29.788471666666666
2025-08-06T15:55:00Z,29.79468333333333
2025-08-06T15:56:00Z,29.800416666666667
2025-08-06T15:57:00Z,29.791683333333335
2025-08-06T15:58:00Z,29.775355
2025-08-06T15:59:00Z,29.755265
2025-08-06T16:00:00Z,29.736896666666667
2025-08-06T16:01:00Z,29.724181666666667
2025-08-06T16:02:00Z,29.715909999999997
2025-08-06T16:03:00Z,29.71177833333333
2025-08-06T16:04:00Z,29.71204
2025-08-06T16:05:00Z,29.722811666666665
2025-08-06T16:06:00Z,29.73227
2025-08-06T16:07:00Z,29.733915
2025-08-06T16:08:00Z,29.73645
2025-08-06T16:09:00Z,29.739533333333334
2025-08-06T16:10:00Z,29.74469
2025-08-06T16:11:00Z,29.75056
2025-08-06T16:12:00Z,29.756621666666668
2025-08-06T16:13:00Z,29.762833333333333
2025-08-06T16:14:00Z,29.771155
2025-08-06T16:15:00Z,29.776748333333334
2025-08-06T16:16:00Z,29.779673333333335
2025-08-06T16:17:00Z,29.792008333333335
2025-08-06T16:18:00Z,29.811855
2025-08-06T16:19:00Z,29.836558333333333
2025-08-06T16:20:00Z,29.856438333333333
2025-08-06T16:21:00Z,29.881748333333334
2025-08-06T16:22:00Z,29.885616666666667
2025-08-06T16:23:00Z,29.902603333333335
2025-08-06T16:24:00Z,29.92651
2025-08-06T16:25:00Z,29.948413333333335
2025-08-06T16:26:00Z,29.96608833333333
2025-08-06T16:27:00Z,29.979453333333332
2025-08-06T16:28:00Z,29.991921666666666
2025-08-06T16:29:00Z,30.001829999999998
2025-08-06T16:30:00Z,30.009026666666667
2025-08-06T16:31:00Z,30.015340000000002
2025-08-06T16:32:00Z,30.02123166666667
2025-08-06T16:33:00Z,30.026821666666667
2025-08-06T16:34:00Z,30.033215
2025-08-06T16:35:00Z,30.036943333333333
2025-08-06T16:36:00Z,30.03987
2025-08-06T16:37:00Z,30.042288333333335
2025-08-06T16:38:00Z,30.040715
2025-08-06T16:39:00Z,30.037066666666668
2025-08-06T16:40:00Z,30.033196666666665
2025-08-06T16:41:00Z,30.033223333333332
2025-08-06T16:42:00Z,30.035709999999998
2025-08-06T16:43:00Z,30.037106666666666
2025-08-06T16:44:00Z,30.03745
2025-08-06T16:45:00Z,30.032836666666665
2025-08-06T16:46:00Z,30.030583333333333
2025-08-06T16:47:00Z,30.03042
2025-08-06T16:48:00Z,30.035006666666668
2025-08-06T16:49:00Z,30.03986666666667
2025-08-06T16:50:00Z,30.043633333333332
2025-08-06T16:51:00Z,30.04685166666667
2025-08-06T16:52:00Z,30.050766666666668
2025-08-06T16:53:00Z,30.05392833333333
2025-08-06T16:54:00Z,30.056105
2025-08-06T16:55:00Z,30.058625
2025-08-06T16:56:00Z,30.059608333333333
2025-08-06T16:57:00Z,30.057771666666664
2025-08-06T16:58:00Z,30.05765333333333
2025-08-06T16:59:00Z,30.058211666666665
2025-08-06T17:00:00Z,30.057411666666667
2025-08-06T17:01:00Z,30.057331666666666
2025-08-06T17:02:00Z,30.057409999999997
2025-08-06T17:03:00Z,30.05634333333333
2025-08-06T17:04:00Z,30.05564833333333
2025-08-06T17:05:00Z,30.055526666666665
2025-08-06T17:06:00Z,30.055335
2025-08-06T17:07:00Z,30.055553333333332
2025-08-06T17:08:00Z,30.05533833333333
2025-08-06T17:09:00Z,30.054906666666664
2025-08-06T17:10:00Z,30.05397333333333
2025-08-06T17:11:00Z,30.053135
2025-08-06T17:12:00Z,30.051598333333335
2025-08-06T17:13:00Z,30.046925
2025-08-06T17:14:00Z,30.043683333333334
2025-08-06T17:15:00Z,30.040908333333334
2025-08-06T17:16:00Z,30.03784
2025-08-06T17:17:00Z,30.03249
2025-08-06T17:18:00Z,30.028768333333332
2025-08-06T17:19:00Z,30.023506666666666
2025-08-06T17:20:00Z,30.019303333333333
2025-08-06T17:21:00Z,30.013388333333335
2025-08-06T17:22:00Z,30.01086
2025-08-06T17:23:00Z,30.00891
2025-08-06T17:24:00Z,30.00465833333333
2025-08-06T17:25:00Z,29.98984666666667
2025-08-06T17:26:00Z,29.967413333333333
2025-08-06T17:27:00Z,29.946966666666665
2025-08-06T17:28:00Z,29.932761666666668
2025-08-06T17:29:00Z,29.931751666666667
2025-08-06T17:30:00Z,29.934481666666667
2025-08-06T17:31:00Z,29.943808333333333
2025-08-06T17:32:00Z,29.956856666666667
2025-08-06T17:33:00Z,29.96971
2025-08-06T17:34:00Z,29.981118333333335
2025-08-06T17:35:00Z,29.99139166666667
2025-08-06T17:36:00Z,29.995036666666667
2025-08-06T17:37:00Z,29.987428333333334
2025-08-06T17:38:00Z,29.977305
2025-08-06T17:39:00Z,29.965193333333332
2025-08-06T17:40:00Z,29.96454
2025-08-06T17:41:00Z,29.969953333333333
2025-08-06T17:42:00Z,29.977423333333334
2025-08-06T17:43:00Z,29.98363
2025-08-06T17:44:00Z,29.98861
2025-08-06T17:45:00Z,29.994818333333335
2025-08-06T17:46:00Z,30.000094999999998
2025-08-06T17:47:00Z,30.005095
2025-08-06T17:48:00Z,30.009776666666667
2025-08-06T17:49:00Z,30.012191666666666
2025-08-06T17:50:00Z,30.014006666666667
2025-08-06T17:51:00Z,30.01662
2025-08-06T17:52:00Z,30.01848
2025-08-06T17:53:00Z,30.018888333333333
2025-08-06T17:54:00Z,30.018721666666668
2025-08-06T17:55:00Z,30.018430000000002
2025-08-06T17:56:00Z,30.01821166666667
2025-08-06T17:57:00Z,30.019561666666668
2025-08-06T17:58:00Z,30.019176666666667
2025-08-06T17:59:00Z,30.018213333333335
2025-08-06T18:00:00Z,30.016930000000002
2025-08-06T18:01:00Z,30.016308333333335
2025-08-06T18:02:00Z,30.014493333333334
2025-08-06T18:03:00Z,30.01281
2025-08-06T18:04:00Z,30.010058333333333
2025-08-06T18:05:00Z,30.005041666666667
2025-08-06T18:06:00Z,29.998425
2025-08-06T18:07:00Z,29.994868333333336
2025-08-06T18:08:00Z,29.993128333333335
2025-08-06T18:09:00Z,29.992935000000003
2025-08-06T18:10:00Z,29.992066666666666
2025-08-06T18:11:00Z,29.991273333333336
2025-08-06T18:12:00Z,29.99076666666667
2025-08-06T18:13:00Z,29.990303333333333
2025-08-06T18:14:00Z,29.990203333333334
2025-08-06T18:15:00Z,29.989386666666668
2025-08-06T18:16:00Z,29.987958333333335
2025-08-06T18:17:00Z,29.987115
2025-08-06T18:18:00Z,29.986653333333333
2025-08-06T18:19:00Z,29.986628333333336
2025-08-06T18:20:00Z,29.98714
2025-08-06T18:21:00Z,29.986505
2025-08-06T18:22:00Z,29.986800000000002
2025-08-06T18:23:00Z,29.987381666666668
2025-08-06T18:24:00Z,29.987478333333335
2025-08-06T18:25:00Z,29.987933333333334
2025-08-06T18:26:00Z,29.987621666666666
2025-08-06T18:27:00Z,29.987571666666668
2025-08-06T18:28:00Z,29.988271666666666
2025-08-06T18:29:00Z,29.989001666666667
2025-08-06T18:30:00Z,29.988926666666668
2025-08-06T18:31:00Z,29.990473333333334
2025-08-06T18:32:00Z,29.99191666666667
2025-08-06T18:33:00Z,29.992645000000003
2025-08-06T18:34:00Z,29.99376
2025-08-06T18:35:00Z,29.994868333333336
2025-08-06T18:36:00Z,29.996345
2025-08-06T18:37:00Z,29.99775
2025-08-06T18:38:00Z,29.99879
2025-08-06T18:39:00Z,29.999413333333333
2025-08-06T18:40:00Z,30.000331666666664
2025-08-06T18:41:00Z,30.00086333333333
2025-08-06T18:42:00Z,30.001056666666667
2025-08-06T18:43:00Z,30.001736666666666
2025-08-06T18:44:00Z,30.001491666666666
2025-08-06T18:45:00Z,30.001366666666666
2025-08-06T18:46:00Z,30.00163
2025-08-06T18:47:00Z,30.001368333333332
2025-08-06T18:48:00Z,30.001083333333334
2025-08-06T18:49:00Z,30.001441666666665
2025-08-06T18:50:00Z,30.000836666666665
2025-08-06T18:51:00Z,30.00054833333333
2025-08-06T18:52:00Z,29.997965
2025-08-06T18:53:00Z,29.99494166666667
2025-08-06T18:54:00Z,29.992773333333336
2025-08-06T18:55:00Z,29.991655
2025-08-06T18:56:00Z,29.990111666666667
2025-08-06T18:57:00Z,29.988363333333336
2025-08-06T18:58:00Z,29.987498333333335
2025-08-06T18:59:00Z,29.987715
2025-08-06T19:00:00Z,29.987528333333334
2025-08-06T19:01:00Z,29.987525
2025-08-06T19:02:00Z,29.98759
2025-08-06T19:03:00Z,29.987986666666668
2025-08-06T19:04:00Z,29.986725
2025-08-06T19:05:00Z,29.986671666666666
2025-08-06T19:06:00Z,29.985805
2025-08-06T19:07:00Z,29.983655
2025-08-06T19:08:00Z,29.979645
2025-08-06T19:09:00Z,29.97534333333333
2025-08-06T19:10:00Z,29.973723333333332
2025-08-06T19:11:00Z,29.97259
2025-08-06T19:12:00Z,29.970435
2025-08-06T19:13:00Z,29.967636666666664
2025-08-06T19:14:00Z,29.964613333333332
2025-08-06T19:15:00Z,29.962533333333333
2025-08-06T19:16:00Z,29.961035000000003
2025-08-06T19:17:00Z,29.961155
2025-08-06T19:18:00Z,29.960778333333334
2025-08-06T19:19:00Z,29.958986666666668
2025-08-06T19:20:00Z,29.957821666666668
2025-08-06T19:21:00Z,29.956321666666668
2025-08-06T19:22:00Z,29.955268333333333
2025-08-06T19:23:00Z,29.954486666666668
2025-08-06T19:24:00Z,29.953221666666668
2025-08-06T19:25:00Z,29.952365
2025-08-06T19:26:00Z,29.951441666666668
2025-08-06T19:27:00Z,29.950856666666667
2025-08-06T19:28:00Z,29.949823333333335
2025-08-06T19:29:00Z,29.949168333333333
2025-08-06T19:30:00Z,29.94863
2025-08-06T19:31:00Z,29.94767
2025-08-06T19:32:00Z,29.94746
2025-08-06T19:33:00Z,29.946873333333333
2025-08-06T19:34:00Z,29.946058333333333
2025-08-06T19:35:00Z,29.94536
2025-08-06T19:36:00Z,29.944381666666665
2025-08-06T19:37:00Z,29.945791666666665
2025-08-06T19:38:00Z,29.946506666666664
2025-08-06T19:39:00Z,29.94989
2025-08-06T19:40:00Z,29.952043333333332
2025-08-06T19:41:00Z,29.952818333333333
2025-08-06T19:42:00Z,29.954533333333334
2025-08-06T19:43:00Z,29.957628333333336
2025-08-06T19:44:00Z,29.960308333333334
2025-08-06T19:45:00Z,29.96282666666667
2025-08-06T19:46:00Z,29.963875
2025-08-06T19:47:00Z,29.96459666666667
2025-08-06T19:48:00Z,29.965195
2025-08-06T19:49:00Z,29.966011666666667
2025-08-06T19:50:00Z,29.965943333333332
2025-08-06T19:51:00Z,29.966183333333333
2025-08-06T19:52:00Z,29.965506666666666
2025-08-06T19:53:00Z,29.964951666666668
2025-08-06T19:54:00Z,29.96466
2025-08-06T19:55:00Z,29.96384
2025-08-06T19:56:00Z,29.963258333333336
2025-08-06T19:57:00Z,29.961138333333334
2025-08-06T19:58:00Z,29.959323333333334
2025-08-06T19:59:00Z,29.95606
2025-08-06T20:00:00Z,29.952076666666667
2025-08-06T20:01:00Z,29.951275
2025-08-06T20:02:00Z,29.950838333333333
2025-08-06T20:03:00Z,29.950643333333332
2025-08-06T20:04:00Z,29.950575
2025-08-06T20:05:00Z,29.950308333333332
2025-08-06T20:06:00Z,29.950231666666667
2025-08-06T20:07:00Z,29.94938833333333
2025-08-06T20:08:00Z,29.948083333333333
2025-08-06T20:09:00Z,29.947506666666666
2025-08-06T20:10:00Z,29.944426666666665
2025-08-06T20:11:00Z,29.942696666666667
2025-08-06T20:12:00Z,29.94237833333333
2025-08-06T20:13:00Z,29.94371333333333
2025-08-06T20:14:00Z,29.945046666666666
2025-08-06T20:15:00Z,29.94676
2025-08-06T20:16:00Z,29.947476666666667
2025-08-06T20:17:00Z,29.94847
2025-08-06T20:18:00Z,29.94871
2025-08-06T20:19:00Z,29.948735
2025-08-06T20:20:00Z,29.9476
2025-08-06T20:21:00Z,29.94753
2025-08-06T20:22:00Z,29.947168333333334
2025-08-06T20:23:00Z,29.947331666666667
2025-08-06T20:24:00Z,29.947526666666665
2025-08-06T20:25:00Z,29.947073333333332
2025-08-06T20:26:00Z,29.947481666666665
2025-08-06T20:27:00Z,29.948151666666668
2025-08-06T20:28:00Z,29.946368333333332
2025-08-06T20:29:00Z,29.945024999999998
2025-08-06T20:30:00Z,29.943856666666665
2025-08-06T20:31:00Z,29.943361666666664
2025-08-06T20:32:00Z,29.943171666666665
2025-08-06T20:33:00Z,29.943483333333333
2025-08-06T20:34:00Z,29.944235
2025-08-06T20:35:00Z,29.944611666666667
2025-08-06T20:36:00Z,29.94457
2025-08-06T20:37:00Z,29.944163333333332
2025-08-06T20:38:00Z,29.943694999999998
2025-08-06T20:39:00Z,29.94151833333333
2025-08-06T20:40:00Z,29.93956
2025-08-06T20:41:00Z,29.937405000000002
2025-08-06T20:42:00Z,29.934863333333336
2025-08-06T20:43:00Z,29.932906666666668
2025-08-06T20:44:00Z,29.931045
2025-08-06T20:45:00Z,29.929565
2025-08-06T20:46:00Z,29.928635
2025-08-06T20:47:00Z,29.92734666666667
2025-08-06T20:48:00Z,29.927036666666666
2025-08-06T20:49:00Z,29.92662
2025-08-06T20:50:00Z,29.926286666666666
2025-08-06T20:51:00Z,29.925425
2025-08-06T20:52:00Z,29.924331666666667
2025-08-06T20:53:00Z,29.9238
2025-08-06T20:54:00Z,29.922491666666666
2025-08-06T20:55:00Z,29.921526666666665
2025-08-06T20:56:00Z,29.920293333333333
2025-08-06T20:57:00Z,29.918676666666666
2025-08-06T20:58:00Z,29.918476666666667
2025-08-06T20:59:00Z,29.917103333333333
2025-08-06T21:00:00Z,29.915891666666667
2025-08-06T21:01:00Z,29.91556
2025-08-06T21:02:00Z,29.91474
2025-08-06T21:03:00Z,29.913455
2025-08-06T21:04:00Z,29.91250833333333
2025-08-06T21:05:00Z,29.911621666666665
2025-08-06T21:06:00Z,29.910465
2025-08-06T21:07:00Z,29.909824999999998
2025-08-06T21:08:00Z,29.909438333333334
2025-08-06T21:09:00Z,29.908545
2025-08-06T21:10:00Z,29.90787166666667
2025-08-06T21:11:00Z,29.90592666666667
2025-08-06T21:12:00Z,29.904235
2025-08-06T21:13:00Z,29.902706666666667
2025-08-06T21:14:00Z,29.90086666666667
2025-08-06T21:15:00Z,29.899636666666666
2025-08-06T21:16:00Z,29.897505
2025-08-06T21:17:00Z,29.896925
2025-08-06T21:18:00Z,29.895815
2025-08-06T21:19:00Z,29.895356666666668
2025-08-06T21:20:00Z,29.895476666666667
2025-08-06T21:21:00Z,29.895618333333335
2025-08-06T21:22:00Z,29.895518333333335
2025-08-06T21:23:00Z,29.895835
2025-08-06T21:24:00Z,29.895835
2025-08-06T21:25:00Z,29.896036666666667
2025-08-06T21:26:00Z,29.895425
2025-08-06T21:27:00Z,29.89528
2025-08-06T21:28:00Z,29.894246666666668
2025-08-06T21:29:00Z,29.89393
2025-08-06T21:30:00Z,29.892915
2025-08-06T21:31:00Z,29.892879999999998
2025-08-06T21:32:00Z,29.893228333333333
2025-08-06T21:33:00Z,29.89272
2025-08-06T21:34:00Z,29.893661666666667
2025-08-06T21:35:00Z,29.893838333333335
2025-08-06T21:36:00Z,29.894748333333332
2025-08-06T21:37:00Z,29.895183333333332
2025-08-06T21:38:00Z,29.895041666666668
2025-08-06T21:39:00Z,29.89548
2025-08-06T21:40:00Z,29.894725
2025-08-06T21:41:00Z,29.894311666666667
2025-08-06T21:42:00Z,29.89403
2025-08-06T21:43:00Z,29.893371666666667
2025-08-06T21:44:00Z,29.89161
2025-08-06T21:45:00Z,29.890328333333333
2025-08-06T21:46:00Z,29.892155
2025-08-06T21:47:00Z,29.893736666666666
2025-08-06T21:48:00Z,29.89344
2025-08-06T21:49:00Z,29.893301666666666
2025-08-06T21:50:00Z,29.892451666666666
2025-08-06T21:51:00Z,29.892671666666665
2025-08-06T21:52:00Z,29.892406666666666
2025-08-06T21:53:00Z,29.891171666666665
2025-08-06T21:54:00Z,29.889938333333333
2025-08-06T21:55:00Z,29.88837
2025-08-06T21:56:00Z,29.886873333333334
2025-08-06T21:57:00Z,29.885976666666664
2025-08-06T21:58:00Z,29.885495
2025-08-06T21:59:00Z,29.885371666666664
2025-08-06T22:00:00Z,29.885424999999998
2025-08-06T22:01:00Z,29.885955
2025-08-06T22:02:00Z,29.886004999999997
2025-08-06T22:03:00Z,29.886801666666667
2025-08-06T22:04:00Z,29.887618333333332
2025-08-06T22:05:00Z,29.888105
2025-08-06T22:06:00Z,29.888058333333333
2025-08-06T22:07:00Z,29.888131666666666
2025-08-06T22:08:00Z,29.888225
2025-08-06T22:09:00Z,29.887095
2025-08-06T22:10:00Z,29.88723333333333
2025-08-06T22:11:00Z,29.888371666666664
2025-08-06T22:12:00Z,29.888223333333332
2025-08-06T22:13:00Z,29.888595
2025-08-06T22:14:00Z,29.889744999999998
2025-08-06T22:15:00Z,29.89161
2025-08-06T22:16:00Z,29.893415
2025-08-06T22:17:00Z,29.894993333333332
2025-08-06T22:18:00Z,29.895863333333335
2025-08-06T22:19:00Z,29.896296666666668
2025-08-06T22:20:00Z,29.897383333333334
2025-08-06T22:21:00Z,29.897265
2025-08-06T22:22:00Z,29.897096666666666
2025-08-06T22:23:00Z,29.897338333333334
2025-08-06T22:24:00Z,29.896515
2025-08-06T22:25:00Z,29.897091666666668
2025-08-06T22:26:00Z,29.89690166666667
2025-08-06T22:27:00Z,29.896486666666668
2025-08-06T22:28:00Z,29.895785
2025-08-06T22:29:00Z,29.89532833333333
2025-08-06T22:30:00Z,29.894898333333334
2025-08-06T22:31:00Z,29.894776666666665
2025-08-06T22:32:00Z,29.894123333333333
2025-08-06T22:33:00Z,29.894315
2025-08-06T22:34:00Z,29.894245
2025-08-06T22:35:00Z,29.893905
2025-08-06T22:36:00Z,29.893156666666666
2025-08-06T22:37:00Z,29.892046666666666
2025-08-06T22:38:00Z,29.891296666666666
2025-08-06T22:39:00Z,29.89098
2025-08-06T22:40:00Z,29.89183
2025-08-06T22:41:00Z,29.892673333333335
2025-08-06T22:42:00Z,29.893928333333335
2025-08-06T22:43:00Z,29.895181666666666
2025-08-06T22:44:00Z,29.896033333333335
2025-08-06T22:45:00Z,29.897028333333335
2025-08-06T22:46:00Z,29.897555
2025-08-06T22:47:00Z,29.89801166666667
2025-08-06T22:48:00Z,29.89833
2025-08-06T22:49:00Z,29.897313333333333
2025-08-06T22:50:00Z,29.89874
2025-08-06T22:51:00Z,29.899828333333335
2025-08-06T22:52:00Z,29.899608333333333
2025-08-06T22:53:00Z,29.89984666666667
2025-08-06T22:54:00Z,29.900431666666666
2025-08-06T22:55:00Z,29.901105
2025-08-06T22:56:00Z,29.901515
2025-08-06T22:57:00Z,29.902198333333335
2025-08-06T22:58:00Z,29.902026666666668
2025-08-06T22:59:00Z,29.90229666666667
2025-08-06T23:00:00Z,29.902771666666666
2025-08-06T23:01:00Z,29.904686666666667
2025-08-06T23:02:00Z,29.905630000000002
2025-08-06T23:03:00Z,29.906276666666667
2025-08-06T23:04:00Z,29.90801
2025-08-06T23:05:00Z,29.90960833333333
2025-08-06T23:06:00Z,29.910416666666666
2025-08-06T23:07:00Z,29.91077333333333
2025-08-06T23:08:00Z,29.9114
2025-08-06T23:09:00Z,29.912046666666665
2025-08-06T23:10:00Z,29.912218333333332
2025-08-06T23:11:00Z,29.912436666666665
2025-08-06T23:12:00Z,29.912728333333334
2025-08-06T23:13:00Z,29.912971666666664
2025-08-06T23:14:00Z,29.912905
2025-08-06T23:15:00Z,29.912975
2025-08-06T23:16:00Z,29.91224833333333
2025-08-06T23:17:00Z,29.911614999999998
2025-08-06T23:18:00Z,29.909979999999997
2025-08-06T23:19:00Z,29.91021333333333
2025-08-06T23:20:00Z,29.911138333333334
2025-08-06T23:21:00Z,29.911929999999998
2025-08-06T23:22:00Z,29.91319
2025-08-06T23:23:00Z,29.915625
2025-08-06T23:24:00Z,29.915893333333333
2025-08-06T23:25:00Z,29.91648
2025-08-06T23:26:00Z,29.917101666666667
2025-08-06T23:27:00Z,29.916623333333334
2025-08-06T23:28:00Z,29.917749999999998
2025-08-06T23:29:00Z,29.91865
2025-08-06T23:30:00Z,29.918648333333334
2025-08-06T23:31:00Z,29.918648333333334
2025-08-06T23:32:00Z,29.918648333333334
2025-08-06T23:33:00Z,29.918801666666667
2025-08-06T23:34:00Z,29.918435
2025-08-06T23:35:00Z,29.91846333333333
2025-08-06T23:36:00Z,29.918673333333334
2025-08-06T23:37:00Z,29.918039999999998
2025-08-06T23:38:00Z,29.918598333333332
2025-08-06T23:39:00Z,29.918816666666665
2025-08-06T23:40:00Z,29.91947
2025-08-06T23:41:00Z,29.920071666666665
2025-08-06T23:42:00Z,29.920105
2025-08-06T23:43:00Z,29.920631666666665
2025-08-06T23:44:00Z,29.920728333333333
2025-08-06T23:45:00Z,29.92143
2025-08-06T23:46:00Z,29.921425
2025-08-06T23:47:00Z,29.92131
2025-08-06T23:48:00Z,29.92184
2025-08-06T23:49:00Z,29.921795
2025-08-06T23:50:00Z,29.92204
2025-08-06T23:51:00Z,29.921963333333334
2025-08-06T23:52:00Z,29.921668333333333
2025-08-06T23:53:00Z,29.921838333333334
2025-08-06T23:54:00Z,29.92182
2025-08-06T23:55:00Z,29.92211
2025-08-06T23:56:00Z,29.921618333333335
2025-08-06T23:57:00Z,29.921428333333335
2025-08-06T23:58:00Z,29.921033333333334
2025-08-06T23:59:00Z,29.920603333333332
2025-08-07T00:00:00Z,29.920383333333334
2025-08-07T00:01:00Z,29.920483333333333
2025-08-07T00:02:00Z,29.920273333333334
2025-08-07T00:03:00Z,29.920263333333335
2025-08-07T00:04:00Z,29.920195
2025-08-07T00:05:00Z,29.920316666666665
2025-08-07T00:06:00Z,29.920053333333332
2025-08-07T00:07:00Z,29.920513333333332
2025-08-07T00:08:00Z,29.92058
2025-08-07T00:09:00Z,29.920148333333334
2025-08-07T00:10:00Z,29.920513333333332
2025-08-07T00:11:00Z,29.920653333333334
2025-08-07T00:12:00Z,29.920266666666667
2025-08-07T00:13:00Z,29.92017
2025-08-07T00:14:00Z,29.919331666666665
2025-08-07T00:15:00Z,29.919935
2025-08-07T00:16:00Z,29.921746666666667
2025-08-07T00:17:00Z,29.921623333333333
2025-08-07T00:18:00Z,29.920726666666667
2025-08-07T00:19:00Z,29.920238333333334
2025-08-07T00:20:00Z,29.918941666666665
2025-08-07T00:21:00Z,29.918575
2025-08-07T00:22:00Z,29.918628333333334
2025-08-07T00:23:00Z,29.918456666666668
2025-08-07T00:24:00Z,29.918311666666668
2025-08-07T00:25:00Z,29.91792
2025-08-07T00:26:00Z,29.917538333333333
2025-08-07T00:27:00Z,29.917659999999998
2025-08-07T00:28:00Z,29.917226666666664
2025-08-07T00:29:00Z,29.917126666666665
2025-08-07T00:30:00Z,29.91694
2025-08-07T00:31:00Z,29.916885
2025-08-07T00:32:00Z,29.91708
2025-08-07T00:33:00Z,29.916909999999998
2025-08-07T00:34:00Z,29.917126666666665
2025-08-07T00:35:00Z,29.917225
2025-08-07T00:36:00Z,29.916695
2025-08-07T00:37:00Z,29.917009999999998
2025-08-07T00:38:00Z,29.91763333333333
2025-08-07T00:39:00Z,29.918166666666664
2025-08-07T00:40:00Z,29.917921666666665
2025-08-07T00:41:00Z,29.916909999999998
2025-08-07T00:42:00Z,29.91677333333333
2025-08-07T00:43:00Z,29.915873333333334
2025-08-07T00:44:00Z,29.916065
2025-08-07T00:45:00Z,29.91579833333333
2025-08-07T00:46:00Z,29.915505
2025-08-07T00:47:00Z,29.915021666666664
2025-08-07T00:48:00Z,29.914136666666664
2025-08-07T00:49:00Z,29.914176666666666
2025-08-07T00:50:00Z,29.913718333333332
2025-08-07T00:51:00Z,29.913726666666665
2025-08-07T00:52:00Z,29.913935
2025-08-07T00:53:00Z,29.913185
2025-08-07T00:54:00Z,29.913036666666667
2025-08-07T00:55:00Z,29.912871666666664
2025-08-07T00:56:00Z,29.91289833333333
2025-08-07T00:57:00Z,29.912781666666664
2025-08-07T00:58:00Z,29.912658333333333
2025-08-07T00:59:00Z,29.912509999999997
2025-08-07T01:00:00Z,29.912151666666666
2025-08-07T01:01:00Z,29.911766666666665
2025-08-07T01:02:00Z,29.910431666666664
2025-08-07T01:03:00Z,29.90917
2025-08-07T01:04:00Z,29.907325
2025-08-07T01:05:00Z,29.90514166666667
2025-08-07T01:06:00Z,29.90333
2025-08-07T01:07:00Z,29.901131666666668
2025-08-07T01:08:00Z,29.900376666666666
2025-08-07T01:09:00Z,29.896058333333333
2025-08-07T01:10:00Z,29.889221666666668
2025-08-07T01:11:00Z,29.88289
2025-08-07T01:12:00Z,29.877213333333334
2025-08-07T01:13:00Z,29.86976166666667
2025-08-07T01:14:00Z,29.85809
2025-08-07T01:15:00Z,29.84771
2025-08-07T01:16:00Z,29.83941
2025-08-07T01:17:00Z,29.832451666666667
2025-08-07T01:18:00Z,29.827171666666665
2025-08-07T01:19:00Z,29.825705
2025-08-07T01:20:00Z,29.826676666666664
2025-08-07T01:21:00Z,29.82909
2025-08-07T01:22:00Z,29.833273333333334
2025-08-07T01:23:00Z,29.834653333333332
2025-08-07T01:24:00Z,29.834363333333332
2025-08-07T01:25:00Z,29.833948333333332
2025-08-07T01:26:00Z,29.831923333333332
2025-08-07T01:27:00Z,29.82979333333333
2025-08-07T01:28:00Z,29.828076666666664
2025-08-07T01:29:00Z,29.82641333333333
2025-08-07T01:30:00Z,29.827501666666667
2025-08-07T01:31:00Z,29.831145
2025-08-07T01:32:00Z,29.837165
2025-08-07T01:33:00Z,29.843786666666666
2025-08-07T01:34:00Z,29.850138333333334
2025-08-07T01:35:00Z,29.851834999999998
2025-08-07T01:36:00Z,29.851261666666666
2025-08-07T01:37:00Z,29.851623333333333
2025-08-07T01:38:00Z,29.854006666666667
2025-08-07T01:39:00Z,29.855481666666666
2025-08-07T01:40:00Z,29.854973333333334
2025-08-07T01:41:00Z,29.853035
2025-08-07T01:42:00Z,29.851475
2025-08-07T01:43:00Z,29.850323333333332
2025-08-07T01:44:00Z,29.848203333333334
2025-08-07T01:45:00Z,29.84538166666667
2025-08-07T01:46:00Z,29.841883333333335
2025-08-07T01:47:00Z,29.837428333333335
2025-08-07T01:48:00Z,29.833085
2025-08-07T01:49:00Z,29.829338333333332
2025-08-07T01:50:00Z,29.829526666666666
2025-08-07T01:51:00Z,29.829283333333333
2025-08-07T01:52:00Z,29.82875333333333
2025-08-07T01:53:00Z,29.830691666666667
2025-08-07T01:54:00Z,29.832068333333332
2025-08-07T01:55:00Z,29.832961666666666
2025-08-07T01:56:00Z,29.828305
2025-08-07T01:57:00Z,29.82377
2025-08-07T01:58:00Z,29.819938333333333
2025-08-07T01:59:00Z,29.81669666666667
2025-08-07T02:00:00Z,29.815153333333335
2025-08-07T02:01:00Z,29.813938333333333
2025-08-07T02:02:00Z,29.81039
2025-08-07T02:03:00Z,29.807076666666667
2025-08-07T02:04:00Z,29.80206
2025-08-07T02:05:00Z,29.796928333333334
2025-08-07T02:06:00Z,29.792385
2025-08-07T02:07:00Z,29.788543333333333
2025-08-07T02:08:00Z,29.785085000000002
2025-08-07T02:09:00Z,29.782091666666666
2025-08-07T02:10:00Z,29.779556666666668
2025-08-07T02:11:00Z,29.777645
2025-08-07T02:12:00Z,29.776464999999998
2025-08-07T02:13:00Z,29.775451666666665
2025-08-07T02:14:00Z,29.775064999999998
2025-08-07T02:15:00Z,29.774101666666667
2025-08-07T02:16:00Z,29.77274333333333
2025-08-07T02:17:00Z,29.77204
2025-08-07T02:18:00Z,29.77105
2025-08-07T02:19:00Z,29.771366666666665
2025-08-07T02:20:00Z,29.771446666666666
2025-08-07T02:21:00Z,29.772063333333332
2025-08-07T02:22:00Z,29.772336666666664
2025-08-07T02:23:00Z,29.772736666666667
2025-08-07T02:24:00Z,29.774805
2025-08-07T02:25:00Z,29.77666
2025-08-07T02:26:00Z,29.778853333333334
2025-08-07T02:27:00Z,29.781275
2025-08-07T02:28:00Z,29.782506666666666
2025-08-07T02:29:00Z,29.784115
2025-08-07T02:30:00Z,29.784868333333335
2025-08-07T02:31:00Z,29.785203333333335
2025-08-07T02:32:00Z,29.783988333333333
2025-08-07T02:33:00Z,29.783135
2025-08-07T02:34:00Z,29.782936666666668
2025-08-07T02:35:00Z,29.781948333333332
2025-08-07T02:36:00Z,29.783138333333333
2025-08-07T02:37:00Z,29.784973333333333
2025-08-07T02:38:00Z,29.792246666666667
2025-08-07T02:39:00Z,29.806136666666667
2025-08-07T02:40:00Z,29.821578333333335
2025-08-07T02:41:00Z,29.835495
2025-08-07T02:42:00Z,29.847808333333333
2025-08-07T02:43:00Z,29.855746666666665
2025-08-07T02:44:00Z,29.85763
2025-08-07T02:45:00Z,29.8564
2025-08-07T02:46:00Z,29.84894166666667
2025-08-07T02:47:00Z,29.840526666666666
2025-08-07T02:48:00Z,29.834023333333334
2025-08-07T02:49:00Z,29.829095
2025-08-07T02:50:00Z,29.833515
2025-08-07T02:51:00Z,29.846045
2025-08-07T02:52:00Z,29.856856666666665
2025-08-07T02:53:00Z,29.86628333333333
2025-08-07T02:54:00Z,29.86911
2025-08-07T02:55:00Z,29.867493333333332
2025-08-07T02:56:00Z,29.872176666666668
2025-08-07T02:57:00Z,29.875836666666668
2025-08-07T02:58:00Z,29.87145166666667
2025-08-07T02:59:00Z,29.860141666666667
2025-08-07T03:00:00Z,29.85151
2025-08-07T03:01:00Z,29.84299
2025-08-07T03:02:00Z,29.836511666666667
2025-08-07T03:03:00Z,29.83194333333333
2025-08-07T03:04:00Z,29.828901666666667
2025-08-07T03:05:00Z,29.82592
2025-08-07T03:06:00Z,29.82437333333333
2025-08-07T03:07:00Z,29.825368333333333
2025-08-07T03:08:00Z,29.828274999999998
2025-08-07T03:09:00Z,29.833178333333333
2025-08-07T03:10:00Z,29.83777166666667
2025-08-07T03:11:00Z,29.837086666666668
2025-08-07T03:12:00Z,29.83508833333333
2025-08-07T03:13:00Z,29.835328333333333
2025-08-07T03:14:00Z,29.836583333333333
2025-08-07T03:15:00Z,29.838155
2025-08-07T03:16:00Z,29.839926666666667
2025-08-07T03:17:00Z,29.843188333333334
2025-08-07T03:18:00Z,29.845691666666667
2025-08-07T03:19:00Z,29.84484
2025-08-07T03:20:00Z,29.844821666666668
2025-08-07T03:21:00Z,29.846058333333335
2025-08-07T03:22:00Z,29.849468333333334
2025-08-07T03:23:00Z,29.853691666666666
2025-08-07T03:24:00Z,29.858238333333333
2025-08-07T03:25:00Z,29.862416666666665
2025-08-07T03:26:00Z,29.865801666666666
2025-08-07T03:27:00Z,29.868655
2025-08-07T03:28:00Z,29.870706666666667
2025-08-07T03:29:00Z,29.871576666666666
2025-08-07T03:30:00Z,29.873408333333334
2025-08-07T03:31:00Z,29.874023333333334
2025-08-07T03:32:00Z,29.874455
2025-08-07T03:33:00Z,29.87376666666667
2025-08-07T03:34:00Z,29.873146666666667
2025-08-07T03:35:00Z,29.871016666666666
2025-08-07T03:36:00Z,29.868648333333333
2025-08-07T03:37:00Z,29.865703333333332
2025-08-07T03:38:00Z,29.862725
2025-08-07T03:39:00Z,29.860733333333332
2025-08-07T03:40:00Z,29.859373333333334
2025-08-07T03:41:00Z,29.858723333333334
2025-08-07T03:42:00Z,29.858745
2025-08-07T03:43:00Z,29.857778333333332
2025-08-07T03:44:00Z,29.856981666666666
2025-08-07T03:45:00Z,29.85495
2025-08-07T03:46:00Z,29.85393333333333
2025-08-07T03:47:00Z,29.852655
2025-08-07T03:48:00Z,29.851013333333334
2025-08-07T03:49:00Z,29.84995
2025-08-07T03:50:00Z,29.848188333333336
2025-08-07T03:51:00Z,29.846998333333335
2025-08-07T03:52:00Z,29.84620166666667
2025-08-07T03:53:00Z,29.84605666666667
2025-08-07T03:54:00Z,29.846445000000003
2025-08-07T03:55:00Z,29.84782166666667
2025-08-07T03:56:00Z,29.847076666666666
2025-08-07T03:57:00Z,29.84584166666667
2025-08-07T03:58:00Z,29.845016666666666
2025-08-07T03:59:00Z,29.844995
2025-08-07T04:00:00Z,29.84630166666667
2025-08-07T04:01:00Z,29.84622166666667
2025-08-07T04:02:00Z,29.844828333333336
2025-08-07T04:03:00Z,29.843396666666667
2025-08-07T04:04:00Z,29.842486666666666
2025-08-07T04:05:00Z,29.841885
2025-08-07T04:06:00Z,29.84190166666667
2025-08-07T04:07:00Z,29.841198333333335
2025-08-07T04:08:00Z,29.840741666666666
2025-08-07T04:09:00Z,29.840866666666667
2025-08-07T04:10:00Z,29.840741666666666
2025-08-07T04:11:00Z,29.840746666666668
2025-08-07T04:12:00Z,29.8412
2025-08-07T04:13:00Z,29.841438333333333
2025-08-07T04:14:00Z,29.84156666666667
2025-08-07T04:15:00Z,29.841563333333333
2025-08-07T04:16:00Z,29.842283333333334
2025-08-07T04:17:00Z,29.842215
2025-08-07T04:18:00Z,29.842481666666668
2025-08-07T04:19:00Z,29.842365
2025-08-07T04:20:00Z,29.843178333333334
2025-08-07T04:21:00Z,29.84357
2025-08-07T04:22:00Z,29.843573333333335
2025-08-07T04:23:00Z,29.843543333333333
2025-08-07T04:24:00Z,29.84362
2025-08-07T04:25:00Z,29.843886666666666
2025-08-07T04:26:00Z,29.844535
2025-08-07T04:27:00Z,29.84495
2025-08-07T04:28:00Z,29.845166666666668
2025-08-07T04:29:00Z,29.844871666666666
2025-08-07T04:30:00Z,29.844563333333333
2025-08-07T04:31:00Z,29.84461166666667
2025-08-07T04:32:00Z,29.845691666666667
2025-08-07T04:33:00Z,29.848756666666667
2025-08-07T04:34:00Z,29.851071666666666
2025-08-07T04:35:00Z,29.85239
2025-08-07T04:36:00Z,29.852964999999998
2025-08-07T04:37:00Z,29.85355
2025-08-07T04:38:00Z,29.854001666666665
2025-08-07T04:39:00Z,29.854948333333333
2025-08-07T04:40:00Z,29.854686666666666
2025-08-07T04:41:00Z,29.853883333333332
2025-08-07T04:42:00Z,29.853133333333332
2025-08-07T04:43:00Z,29.85313833333333
2025-08-07T04:44:00Z,29.852465
2025-08-07T04:45:00Z,29.852964999999998
2025-08-07T04:46:00Z,29.853285
2025-08-07T04:47:00Z,29.854051666666667
2025-08-07T04:48:00Z,29.85391
2025-08-07T04:49:00Z,29.854519999999997
2025-08-07T04:50:00Z,29.854541666666666
2025-08-07T04:51:00Z,29.854416666666665
2025-08-07T04:52:00Z,29.85437333333333
2025-08-07T04:53:00Z,29.854006666666667
2025-08-07T04:54:00Z,29.854076666666664
2025-08-07T04:55:00Z,29.85467
2025-08-07T04:56:00Z,29.853863333333333
2025-08-07T04:57:00Z,29.85391
2025-08-07T04:58:00Z,29.85330833333333
2025-08-07T04:59:00Z,29.8528
2025-08-07T05:00:00Z,29.851861666666665
2025-08-07T05:01:00Z,29.851163333333332
2025-08-07T05:02:00Z,29.850213333333333
2025-08-07T05:03:00Z,29.849428333333336
2025-08-07T05:04:00Z,29.84812666666667
2025-08-07T05:05:00Z,29.847170000000002
2025-08-07T05:06:00Z,29.84636666666667
2025-08-07T05:07:00Z,29.844968333333334
2025-08-07T05:08:00Z,29.844536666666666
2025-08-07T05:09:00Z,29.844463333333334
2025-08-07T05:10:00Z,29.84432
2025-08-07T05:11:00Z,29.843836666666668
2025-08-07T05:12:00Z,29.843905
2025-08-07T05:13:00Z,29.844168333333336
2025-08-07T05:14:00Z,29.84465666666667
2025-08-07T05:15:00Z,29.845936666666667
2025-08-07T05:16:00Z,29.845918333333334
2025-08-07T05:17:00Z,29.846126666666667
2025-08-07T05:18:00Z,29.84579
2025-08-07T05:19:00Z,29.845233333333333
2025-08-07T05:20:00Z,29.845863333333334
2025-08-07T05:21:00Z,29.845408333333335
2025-08-07T05:22:00Z,29.84516166666667
2025-08-07T05:23:00Z,29.844913333333334
2025-08-07T05:24:00Z,29.844971666666666
2025-08-07T05:25:00Z,29.845141666666667
2025-08-07T05:26:00Z,29.844873333333336
2025-08-07T05:27:00Z,29.846173333333333
2025-08-07T05:28:00Z,29.846756666666668
2025-08-07T05:29:00Z,29.84666
2025-08-07T05:30:00Z,29.846228333333336
2025-08-07T05:31:00Z,29.84639166666667
2025-08-07T05:32:00Z,29.846326666666666
2025-08-07T05:33:00Z,29.846348333333335
2025-08-07T05:34:00Z,29.846828333333335
2025-08-07T05:35:00Z,29.84680666666667
2025-08-07T05:36:00Z,29.84765666666667
2025-08-07T05:37:00Z,29.847921666666668
2025-08-07T05:38:00Z,29.84758
2025-08-07T05:39:00Z,29.847725
2025-08-07T05:40:00Z,29.847046666666667
2025-08-07T05:41:00Z,29.846635000000003
2025-08-07T05:42:00Z,29.84613166666667
2025-08-07T05:43:00Z,29.845668333333336
2025-08-07T05:44:00Z,29.845775
2025-08-07T05:45:00Z,29.84541
2025-08-07T05:46:00Z,29.845238333333334
2025-08-07T05:47:00Z,29.844755
2025-08-07T05:48:00Z,29.844728333333336
2025-08-07T05:49:00Z,29.84446
2025-08-07T05:50:00Z,29.844346666666667
2025-08-07T05:51:00Z,29.844416666666667
2025-08-07T05:52:00Z,29.844198333333335
2025-08-07T05:53:00Z,29.844173333333334
2025-08-07T05:54:00Z,29.84405
2025-08-07T05:55:00Z,29.84413
2025-08-07T05:56:00Z,29.843836666666668
2025-08-07T05:57:00Z,29.84371666666667
2025-08-07T05:58:00Z,29.843428333333335
2025-08-07T05:59:00Z,29.843275000000002
2025-08-07T06:00:00Z,29.843398333333333
2025-08-07T06:01:00Z,29.843320000000002
2025-08-07T06:02:00Z,29.843248333333335
2025-08-07T06:03:00Z,29.843885
2025-08-07T06:04:00Z,29.843933333333336
2025-08-07T06:05:00Z,29.843688333333333
2025-08-07T06:06:00Z,29.84338
2025-08-07T06:07:00Z,29.843065
2025-08-07T06:08:00Z,29.84268
2025-08-07T06:09:00Z,29.842728333333334
2025-08-07T06:10:00Z,29.842168333333333
2025-08-07T06:11:00Z,29.841903333333335
2025-08-07T06:12:00Z,29.841853333333333
2025-08-07T06:13:00Z,29.842000000000002
2025-08-07T06:14:00Z,29.841615
2025-08-07T06:15:00Z,29.841228333333333
2025-08-07T06:16:00Z,29.84113
2025-08-07T06:17:00Z,29.841223333333335
2025-08-07T06:18:00Z,29.841363333333334
2025-08-07T06:19:00Z,29.841076666666666
2025-08-07T06:20:00Z,29.841658333333335
2025-08-07T06:21:00Z,29.841148333333333
2025-08-07T06:22:00Z,29.841375
2025-08-07T06:23:00Z,29.841256666666666
2025-08-07T06:24:00Z,29.841393333333333
2025-08-07T06:25:00Z,29.84204666666667
2025-08-07T06:26:00Z,29.842093333333334
2025-08-07T06:27:00Z,29.842115
2025-08-07T06:28:00Z,29.841226666666667
2025-08-07T06:29:00Z,29.841305000000002
2025-08-07T06:30:00Z,29.841273333333334
2025-08-07T06:31:00Z,29.841155
2025-08-07T06:32:00Z,29.841255
2025-08-07T06:33:00Z,29.840985
2025-08-07T06:34:00Z,29.8412
2025-08-07T06:35:00Z,29.843688333333333
2025-08-07T06:36:00Z,29.843983333333334
2025-08-07T06:37:00Z,29.84296
2025-08-07T06:38:00Z,29.842435000000002
2025-08-07T06:39:00Z,29.842603333333333
2025-08-07T06:40:00Z,29.842458333333333
2025-08-07T06:41:00Z,29.84217
2025-08-07T06:42:00Z,29.842288333333332
2025-08-07T06:43:00Z,29.842535
2025-08-07T06:44:00Z,29.842505
2025-08-07T06:45:00Z,29.842563333333334
2025-08-07T06:46:00Z,29.842098333333333
2025-08-07T06:47:00Z,29.842818333333334
2025-08-07T06:48:00Z,29.842655
2025-08-07T06:49:00Z,29.843081666666667
2025-08-07T06:50:00Z,29.843805
2025-08-07T06:51:00Z,29.843858333333333
2025-08-07T06:52:00Z,29.844148333333333
2025-08-07T06:53:00Z,29.844293333333333
2025-08-07T06:54:00Z,29.844583333333333
2025-08-07T06:55:00Z,29.845358333333333
2025-08-07T06:56:00Z,29.845263333333335
2025-08-07T06:57:00Z,29.845813333333336
2025-08-07T06:58:00Z,29.845891666666667
2025-08-07T06:59:00Z,29.84673666666667
2025-08-07T07:00:00Z,29.847603333333335
2025-08-07T07:01:00Z,29.847606666666668
2025-08-07T07:02:00Z,29.847461666666668
2025-08-07T07:03:00Z,29.847313333333336
2025-08-07T07:04:00Z,29.846878333333336
2025-08-07T07:05:00Z,29.846975
2025-08-07T07:06:00Z,29.84794
2025-08-07T07:07:00Z,29.847725
2025-08-07T07:08:00Z,29.848016666666666
2025-08-07T07:09:00Z,29.849116666666667
2025-08-07T07:10:00Z,29.849040000000002
2025-08-07T07:11:00Z,29.84959
2025-08-07T07:12:00Z,29.849615
2025-08-07T07:13:00Z,29.850538333333333
2025-08-07T07:14:00Z,29.851136666666665
2025-08-07T07:15:00Z,29.851855
2025-08-07T07:16:00Z,29.852611666666665
2025-08-07T07:17:00Z,29.85301833333333
2025-08-07T07:18:00Z,29.853479999999998
2025-08-07T07:19:00Z,29.853961666666667
2025-08-07T07:20:00Z,29.854374999999997
2025-08-07T07:21:00Z,29.855145
2025-08-07T07:22:00Z,29.855073333333333
2025-08-07T07:23:00Z,29.85529
2025-08-07T07:24:00Z,29.855216666666667
2025-08-07T07:25:00Z,29.855578333333334
2025-08-07T07:26:00Z,29.85620833333333
2025-08-07T07:27:00Z,29.856015
2025-08-07T07:28:00Z,29.85541333333333
2025-08-07T07:29:00Z,29.855291666666666
2025-08-07T07:30:00Z,29.854848333333333
2025-08-07T07:31:00Z,29.855338333333332
2025-08-07T07:32:00Z,29.85504333333333
2025-08-07T07:33:00Z,29.854661666666665
2025-08-07T07:34:00Z,29.854201666666665
2025-08-07T07:35:00Z,29.854441666666666
2025-08-07T07:36:00Z,29.854035
2025-08-07T07:37:00Z,29.853836666666666
2025-08-07T07:38:00Z,29.854588333333332
2025-08-07T07:39:00Z,29.855581666666666
2025-08-07T07:40:00Z,29.854926666666664
2025-08-07T07:41:00Z,29.854731666666666
2025-08-07T07:42:00Z,29.854466666666667
2025-08-07T07:43:00Z,29.854854999999997
2025-08-07T07:44:00Z,29.856276666666666
2025-08-07T07:45:00Z,29.857413333333334
2025-08-07T07:46:00Z,29.857609999999998
2025-08-07T07:47:00Z,29.857243333333333
2025-08-07T07:48:00Z,29.857049999999997
2025-08-07T07:49:00Z,29.856109999999997
2025-08-07T07:50:00Z,29.855581666666666
2025-08-07T07:51:00Z,29.856886666666664
2025-08-07T07:52:00Z,29.85756
2025-08-07T07:53:00Z,29.85748333333333
2025-08-07T07:54:00Z,29.854973333333334
2025-08-07T07:55:00Z,29.85475
2025-08-07T07:56:00Z,29.85475333333333
2025-08-07T07:57:00Z,29.855238333333332
2025-08-07T07:58:00Z,29.856044999999998
2025-08-07T07:59:00Z,29.856131666666666
2025-08-07T08:00:00Z,29.855546666666665
2025-08-07T08:01:00Z,29.854951666666665
2025-08-07T08:02:00Z,29.855048333333333
2025-08-07T08:03:00Z,29.855846666666665
2025-08-07T08:04:00Z,29.855531666666664
2025-08-07T08:05:00Z,29.855988333333332
2025-08-07T08:06:00Z,29.855193333333332
2025-08-07T08:07:00Z,29.854588333333332
2025-08-07T08:08:00Z,29.853816666666667
2025-08-07T08:09:00Z,29.855308333333333
2025-08-07T08:10:00Z,29.858063333333334
2025-08-07T08:11:00Z,29.8599
2025-08-07T08:12:00Z,29.862223333333333
2025-08-07T08:13:00Z,29.863986666666666
2025-08-07T08:14:00Z,29.866891666666668
2025-08-07T08:15:00Z,29.868993333333332
2025-08-07T08:16:00Z,29.870011666666667
2025-08-07T08:17:00Z,29.870730000000002
2025-08-07T08:18:00Z,29.870851666666667
2025-08-07T08:19:00Z,29.870948333333335
2025-08-07T08:20:00Z,29.869666666666667
2025-08-07T08:21:00Z,29.868823333333335
2025-08-07T08:22:00Z,29.86807
2025-08-07T08:23:00Z,29.866956666666667
2025-08-07T08:24:00Z,29.866963333333334
2025-08-07T08:25:00Z,29.867156666666666
2025-08-07T08:26:00Z,29.868940000000002
2025-08-07T08:27:00Z,29.870248333333333
2025-08-07T08:28:00Z,29.871025
2025-08-07T08:29:00Z,29.871141666666666
2025-08-07T08:30:00Z,29.871988333333334
2025-08-07T08:31:00Z,29.873018333333334
2025-08-07T08:32:00Z,29.87393
2025-08-07T08:33:00Z,29.875148333333335
2025-08-07T08:34:00Z,29.87752
2025-08-07T08:35:00Z,29.87910833333333
2025-08-07T08:36:00Z,29.881075
2025-08-07T08:37:00Z,29.883271666666666
2025-08-07T08:38:00Z,29.885231666666666
2025-08-07T08:39:00Z,29.88614833333333
2025-08-07T08:40:00Z,29.888083333333334
2025-08-07T08:41:00Z,29.889558333333333
2025-08-07T08:42:00Z,29.889026666666666
2025-08-07T08:43:00Z,29.89009
2025-08-07T08:44:00Z,29.891925
2025-08-07T08:45:00Z,29.890521666666665
2025-08-07T08:46:00Z,29.89127
2025-08-07T08:47:00Z,29.891538333333333
2025-08-07T08:48:00Z,29.88982
2025-08-07T08:49:00Z,29.889866666666666
2025-08-07T08:50:00Z,29.890008333333334
2025-08-07T08:51:00Z,29.890785
2025-08-07T08:52:00Z,29.890641666666667
2025-08-07T08:53:00Z,29.88978
2025-08-07T08:54:00Z,29.891466666666666
2025-08-07T08:55:00Z,29.892868333333332
2025-08-07T08:56:00Z,29.89335
2025-08-07T08:57:00Z,29.894895000000002
2025-08-07T08:58:00Z,29.896443333333334
2025-08-07T08:59:00Z,29.898955
2025-08-07T09:00:00Z,29.90041
2025-08-07T09:01:00Z,29.901780000000002
2025-08-07T09:02:00Z,29.901925000000002
2025-08-07T09:03:00Z,29.902771666666666
2025-08-07T09:04:00Z,29.904848333333334
2025-08-07T09:05:00Z,29.908963333333332
2025-08-07T09:06:00Z,29.910096666666664
2025-08-07T09:07:00Z,29.910971666666665
2025-08-07T09:08:00Z,29.910481666666666
2025-08-07T09:09:00Z,29.91270833333333
2025-08-07T09:10:00Z,29.910411666666665
2025-08-07T09:11:00Z,29.90581166666667
2025-08-07T09:12:00Z,29.899655
2025-08-07T09:13:00Z,29.896273333333333
2025-08-07T09:14:00Z,29.898661666666666
2025-08-07T09:15:00Z,29.897385
2025-08-07T09:16:00Z,29.894145
2025-08-07T09:17:00Z,29.897306666666665
2025-08-07T09:18:00Z,29.900425000000002
2025-08-07T09:19:00Z,29.902195000000003
2025-08-07T09:20:00Z,29.90343
2025-08-07T09:21:00Z,29.90495166666667
2025-08-07T09:22:00Z,29.906518333333334
2025-08-07T09:23:00Z,29.907416666666666
2025-08-07T09:24:00Z,29.90811666666667
2025-08-07T09:25:00Z,29.909823333333332
2025-08-07T09:26:00Z,29.909756666666667
2025-08-07T09:27:00Z,29.910915
2025-08-07T09:28:00Z,29.912846666666667
2025-08-07T09:29:00Z,29.915266666666668
2025-08-07T09:30:00Z,29.917848333333332
2025-08-07T09:31:00Z,29.919546666666665
2025-08-07T09:32:00Z,29.918358333333334
2025-08-07T09:33:00Z,29.91323333333333
2025-08-07T09:34:00Z,29.91263
2025-08-07T09:35:00Z,29.913483333333332
2025-08-07T09:36:00Z,29.91536333333333
2025-08-07T09:37:00Z,29.916596666666667
2025-08-07T09:38:00Z,29.918141666666667
2025-08-07T09:39:00Z,29.919764999999998
2025-08-07T09:40:00Z,29.920268333333333
2025-08-07T09:41:00Z,29.919906666666666
2025-08-07T09:42:00Z,29.91921
2025-08-07T09:43:00Z,29.916863333333332
2025-08-07T09:44:00Z,29.916211666666666
2025-08-07T09:45:00Z,29.915245
2025-08-07T09:46:00Z,29.913888333333333
2025-08-07T09:47:00Z,29.91335833333333
2025-08-07T09:48:00Z,29.914875
2025-08-07T09:49:00Z,29.916616666666666
2025-08-07T09:50:00Z,29.919543333333333
2025-08-07T09:51:00Z,29.92256666666667
2025-08-07T09:52:00Z,29.924395
2025-08-07T09:53:00Z,29.925910000000002
2025-08-07T09:54:00Z,29.926745
2025-08-07T09:55:00Z,29.927423333333333
2025-08-07T09:56:00Z,29.924815
2025-08-07T09:57:00Z,29.921406666666666
2025-08-07T09:58:00Z,29.918458333333334
2025-08-07T09:59:00Z,29.916011666666666
2025-08-07T10:00:00Z,29.915625
2025-08-07T10:01:00Z,29.91758833333333
2025-08-07T10:02:00Z,29.92174
2025-08-07T10:03:00Z,29.926015
2025-08-07T10:04:00Z,29.927745
2025-08-07T10:05:00Z,29.928845
2025-08-07T10:06:00Z,29.930568333333333
2025-08-07T10:07:00Z,29.931385000000002
2025-08-07T10:08:00Z,29.931525
2025-08-07T10:09:00Z,29.92923
2025-08-07T10:10:00Z,29.925105000000002
2025-08-07T10:11:00Z,29.925198333333334
2025-08-07T10:12:00Z,29.927105
2025-08-07T10:13:00Z,29.927828333333334
2025-08-07T10:14:00Z,29.92918166666667
2025-08-07T10:15:00Z,29.928685
2025-08-07T10:16:00Z,29.927595
2025-08-07T10:17:00Z,29.923841666666668
2025-08-07T10:18:00Z,29.924376666666667
2025-08-07T10:19:00Z,29.930445000000002
2025-08-07T10:20:00Z,29.932466666666667
2025-08-07T10:21:00Z,29.935425000000002
2025-08-07T10:22:00Z,29.93784
2025-08-07T10:23:00Z,29.93975
2025-08-07T10:24:00Z,29.94134
2025-08-07T10:25:00Z,29.943765
2025-08-07T10:26:00Z,29.94661
2025-08-07T10:27:00Z,29.945501666666665
2025-08-07T10:28:00Z,29.94434
2025-08-07T10:29:00Z,29.943313333333332
2025-08-07T10:30:00Z,29.942474999999998
2025-08-07T10:31:00Z,29.944256666666664
2025-08-07T10:32:00Z,29.946873333333333
2025-08-07T10:33:00Z,29.947215
2025-08-07T10:34:00Z,29.947448333333334
2025-08-07T10:35:00Z,29.948111666666666
2025-08-07T10:36:00Z,29.950018333333333
2025-08-07T10:37:00Z,29.951278333333335
2025-08-07T10:38:00Z,29.953228333333335
2025-08-07T10:39:00Z,29.951805
2025-08-07T10:40:00Z,29.948951666666666
2025-08-07T10:41:00Z,29.947766666666666
2025-08-07T10:42:00Z,29.946376666666666
2025-08-07T10:43:00Z,29.946175
2025-08-07T10:44:00Z,29.944046666666665
2025-08-07T10:45:00Z,29.942138333333332
2025-08-07T10:46:00Z,29.940935
2025-08-07T10:47:00Z,29.942306666666667
2025-08-07T10:48:00Z,29.944261666666666
2025-08-07T10:49:00Z,29.946535
2025-08-07T10:50:00Z,29.949411666666666
2025-08-07T10:51:00Z,29.951396666666668
2025-08-07T10:52:00Z,29.954341666666668
2025-08-07T10:53:00Z,29.956563333333335
2025-08-07T10:54:00Z,29.957503333333335
2025-08-07T10:55:00Z,29.960181666666667
2025-08-07T10:56:00Z,29.961446666666667
2025-08-07T10:57:00Z,29.958501666666667
2025-08-07T10:58:00Z,29.953835
2025-08-07T10:59:00Z,29.94863833333333
2025-08-07T11:00:00Z,29.944125
2025-08-07T11:01:00Z,29.940616666666667
2025-08-07T11:02:00Z,29.93875333333333
2025-08-07T11:03:00Z,29.937163333333334
2025-08-07T11:04:00Z,29.936318333333336
2025-08-07T11:05:00Z,29.936678333333333
2025-08-07T11:06:00Z,29.938053333333333
2025-08-07T11:07:00Z,29.940089999999998
2025-08-07T11:08:00Z,29.94156
2025-08-07T11:09:00Z,29.94194
2025-08-07T11:10:00Z,29.94259333333333
2025-08-07T11:11:00Z,29.94381333333333
2025-08-07T11:12:00Z,29.946756666666666
2025-08-07T11:13:00Z,29.947485
2025-08-07T11:14:00Z,29.947353333333332
2025-08-07T11:15:00Z,29.94714
2025-08-07T11:16:00Z,29.949675
2025-08-07T11:17:00Z,29.952553333333334
2025-08-07T11:18:00Z,29.955455
2025-08-07T11:19:00Z,29.959005
2025-08-07T11:20:00Z,29.962388333333333
2025-08-07T11:21:00Z,29.966666666666665
2025-08-07T11:22:00Z,29.96920833333333
2025-08-07T11:23:00Z,29.973141666666667
2025-08-07T11:24:00Z,29.977516666666666
2025-08-07T11:25:00Z,29.976618333333334
2025-08-07T11:26:00Z,29.973168333333334
2025-08-07T11:27:00Z,29.968331666666664
2025-08-07T11:28:00Z,29.963738333333335
2025-08-07T11:29:00Z,29.961618333333334
2025-08-07T11:30:00Z,29.95954
2025-08-07T11:31:00Z,29.959708333333335
2025-08-07T11:32:00Z,29.96094
2025-08-07T11:33:00Z,29.964883333333333
2025-08-07T11:34:00Z,29.969706666666664
2025-08-07T11:35:00Z,29.974961666666665
2025-08-07T11:36:00Z,29.979471666666665
2025-08-07T11:37:00Z,29.985513333333333
2025-08-07T11:38:00Z,29.99058666666667
2025-08-07T11:39:00Z,29.994868333333336
2025-08-07T11:40:00Z,29.997215
2025-08-07T11:41:00Z,30.000211666666665
2025-08-07T11:42:00Z,30.003378333333334
2025-08-07T11:43:00Z,30.006786666666667
2025-08-07T11:44:00Z,30.009059999999998
2025-08-07T11:45:00Z,30.01103
2025-08-07T11:46:00Z,30.010576666666665
2025-08-07T11:47:00Z,30.012523333333334
2025-08-07T11:48:00Z,30.014515
2025-08-07T11:49:00Z,30.016958333333335
2025-08-07T11:50:00Z,30.018240000000002
2025-08-07T11:51:00Z,30.02126
2025-08-07T11:52:00Z,30.024063333333334
2025-08-07T11:53:00Z,30.02575333333333
2025-08-07T11:54:00Z,30.026408333333332
2025-08-07T11:55:00Z,30.02633833333333
2025-08-07T11:56:00Z,30.02445
2025-08-07T11:57:00Z,30.02111166666667
2025-08-07T11:58:00Z,30.018913333333334
2025-08-07T11:59:00Z,30.016975000000002
2025-08-07T12:00:00Z,30.016426666666668
2025-08-07T12:01:00Z,30.01527
2025-08-07T12:02:00Z,30.01164
2025-08-07T12:03:00Z,30.009561666666666
2025-08-07T12:04:00Z,30.0072
2025-08-07T12:05:00Z,30.004611666666666
2025-08-07T12:06:00Z,30.001393333333333
2025-08-07T12:07:00Z,29.99741
2025-08-07T12:08:00Z,29.99360666666667
2025-08-07T12:09:00Z,29.99175166666667
2025-08-07T12:10:00Z,29.990595000000003
2025-08-07T12:11:00Z,29.988971666666668
2025-08-07T12:12:00Z,29.986268333333335
2025-08-07T12:13:00Z,29.98515666666667
2025-08-07T12:14:00Z,29.984718333333333
2025-08-07T12:15:00Z,29.985278333333333
2025-08-07T12:16:00Z,29.987886666666668
2025-08-07T12:17:00Z,29.992136666666667
2025-08-07T12:18:00Z,29.992381666666667
2025-08-07T12:19:00Z,29.991678333333336
2025-08-07T12:20:00Z,29.993013333333334
2025-08-07T12:21:00Z,29.993448333333333
2025-08-07T12:22:00Z,29.993276666666667
2025-08-07T12:23:00Z,29.993565
2025-08-07T12:24:00Z,29.990493333333333
2025-08-07T12:25:00Z,29.985711666666667
2025-08-07T12:26:00Z,29.982521666666667
2025-08-07T12:27:00Z,29.979065
2025-08-07T12:28:00Z,29.976546666666668
2025-08-07T12:29:00Z,29.97493
2025-08-07T12:30:00Z,29.974326666666666
2025-08-07T12:31:00Z,29.974326666666666
2025-08-07T12:32:00Z,29.974763333333332
2025-08-07T12:33:00Z,29.975295
2025-08-07T12:34:00Z,29.977831666666667
2025-08-07T12:35:00Z,29.980826666666665
2025-08-07T12:36:00Z,29.97947
2025-08-07T12:37:00Z,29.977713333333334
2025-08-07T12:38:00Z,29.97623833333333
2025-08-07T12:39:00Z,29.97488333333333
2025-08-07T12:40:00Z,29.972808333333333
2025-08-07T12:41:00Z,29.972355
2025-08-07T12:42:00Z,29.973073333333332
2025-08-07T12:43:00Z,29.972685
2025-08-07T12:44:00Z,29.971449999999997
2025-08-07T12:45:00Z,29.970119999999998
2025-08-07T12:46:00Z,29.968314999999997
2025-08-07T12:47:00Z,29.96837833333333
2025-08-07T12:48:00Z,29.970773333333334
2025-08-07T12:49:00Z,29.974574999999998
2025-08-07T12:50:00Z,29.977595
2025-08-07T12:51:00Z,29.979841666666665
2025-08-07T12:52:00Z,29.981238333333334
2025-08-07T12:53:00Z,29.981436666666667
2025-08-07T12:54:00Z,29.98061
2025-08-07T12:55:00Z,29.979308333333332
2025-08-07T12:56:00Z,29.978873333333333
2025-08-07T12:57:00Z,29.97822
2025-08-07T12:58:00Z,29.978338333333333
2025-08-07T12:59:00Z,29.978196666666665
2025-08-07T13:00:00Z,29.979981666666667
2025-08-07T13:01:00Z,29.981865
2025-08-07T13:02:00Z,29.982808333333335
2025-08-07T13:03:00Z,29.981196666666666
2025-08-07T13:04:00Z,29.979285
2025-08-07T13:05:00Z,29.978748333333332
2025-08-07T13:06:00Z,29.979071666666666
2025-08-07T13:07:00Z,29.97938
2025-08-07T13:08:00Z,29.981575
2025-08-07T13:09:00Z,29.983073333333333
2025-08-07T13:10:00Z,29.985590000000002
2025-08-07T13:11:00Z,29.986863333333336
2025-08-07T13:12:00Z,29.989091666666667
2025-08-07T13:13:00Z,29.991781666666668
2025-08-07T13:14:00Z,29.993905
2025-08-07T13:15:00Z,29.996053333333332
2025-08-07T13:16:00Z,29.997498333333333
2025-08-07T13:17:00Z,29.99832333333333
2025-08-07T13:18:00Z,29.998929999999998
2025-08-07T13:19:00Z,30.000283333333332
2025-08-07T13:20:00Z,30.00265
2025-08-07T13:21:00Z,30.004295
2025-08-07T13:22:00Z,30.005309999999998
2025-08-07T13:23:00Z,30.005815
2025-08-07T13:24:00Z,30.006226666666667
2025-08-07T13:25:00Z,30.005986666666665
2025-08-07T13:26:00Z,30.00502
2025-08-07T13:27:00Z,30.003328333333332
2025-08-07T13:28:00Z,30.001486666666665
2025-08-07T13:29:00Z,30.001711666666665
2025-08-07T13:30:00Z,30.002061666666666
2025-08-07T13:31:00Z,30.001083333333334
2025-08-07T13:32:00Z,30.001396666666665
2025-08-07T13:33:00Z,30.00285
2025-08-07T13:34:00Z,30.001271666666664
2025-08-07T13:35:00Z,29.99925
2025-08-07T13:36:00Z,29.997788333333332
2025-08-07T13:37:00Z,29.995735
2025-08-07T13:38:00Z,29.99434
2025-08-07T13:39:00Z,29.99247666666667
2025-08-07T13:40:00Z,29.990158333333333
2025-08-07T13:41:00Z,29.989581666666666
2025-08-07T13:42:00Z,29.992115000000002
2025-08-07T13:43:00Z,29.994073333333336
2025-08-07T13:44:00Z,29.9954
2025-08-07T13:45:00Z,29.996758333333332
2025-08-07T13:46:00Z,29.998273333333334
2025-08-07T13:47:00Z,30.001088333333332
2025-08-07T13:48:00Z,30.002751666666665
2025-08-07T13:49:00Z,30.003741666666667
2025-08-07T13:50:00Z,30.00584333333333
2025-08-07T13:51:00Z,30.008716666666665
2025-08-07T13:52:00Z,30.009101666666666
2025-08-07T13:53:00Z,30.008961666666668
2025-08-07T13:54:00Z,30.009343333333334
2025-08-07T13:55:00Z,30.011411666666667
2025-08-07T13:56:00Z,30.011363333333332
2025-08-07T13:57:00Z,30.013051666666666
2025-08-07T13:58:00Z,30.014205
2025-08-07T13:59:00Z,30.016108333333335
2025-08-07T14:00:00Z,30.018505
2025-08-07T14:01:00Z,30.01978
2025-08-07T14:02:00Z,30.020611666666667
2025-08-07T14:03:00Z,30.022750000000002
2025-08-07T14:04:00Z,30.021355
2025-08-07T14:05:00Z,30.018240000000002
2025-08-07T14:06:00Z,30.01575
2025-08-07T14:07:00Z,30.01279
2025-08-07T14:08:00Z,30.011263333333332
2025-08-07T14:09:00Z,30.010915
2025-08-07T14:10:00Z,30.010263333333334
2025-08-07T14:11:00Z,30.010738333333332
2025-08-07T14:12:00Z,30.011718333333334
2025-08-07T14:13:00Z,30.012003333333332
2025-08-07T14:14:00Z,30.013386666666666
2025-08-07T14:15:00Z,30.015003333333333
2025-08-07T14:16:00Z,30.016855
2025-08-07T14:17:00Z,30.017120000000002
2025-08-07T14:18:00Z,30.018505
2025-08-07T14:19:00Z,30.01809
2025-08-07T14:20:00Z,30.017103333333335
2025-08-07T14:21:00Z,30.014371666666666
2025-08-07T14:22:00Z,30.012815
2025-08-07T14:23:00Z,30.011175
2025-08-07T14:24:00Z,30.010625
2025-08-07T14:25:00Z,30.012288333333334
2025-08-07T14:26:00Z,30.012620000000002
2025-08-07T14:27:00Z,30.014643333333336
2025-08-07T14:28:00Z,30.01627166666667
2025-08-07T14:29:00Z,30.017273333333335
2025-08-07T14:30:00Z,30.01708
2025-08-07T14:31:00Z,30.016090000000002
2025-08-07T14:32:00Z,30.016448333333333
2025-08-07T14:33:00Z,30.01739166666667
2025-08-07T14:34:00Z,30.01894
2025-08-07T14:35:00Z,30.017756666666667
2025-08-07T14:36:00Z,30.017081666666666
2025-08-07T14:37:00Z,30.017825000000002
2025-08-07T14:38:00Z,30.01925166666667
2025-08-07T14:39:00Z,30.02135
2025-08-07T14:40:00Z,30.022968333333335
2025-08-07T14:41:00Z,30.023285
2025-08-07T14:42:00Z,30.02055166666667
2025-08-07T14:43:00Z,30.017828333333334
2025-08-07T14:44:00Z,30.016450000000003
2025-08-07T14:45:00Z,30.014375
2025-08-07T14:46:00Z,30.013138333333334
2025-08-07T14:47:00Z,30.013028333333335
2025-08-07T14:48:00Z,30.014711666666667
2025-08-07T14:49:00Z,30.017413333333334
2025-08-07T14:50:00Z,30.0193
2025-08-07T14:51:00Z,30.021088333333335
2025-08-07T14:52:00Z,30.023748333333334
2025-08-07T14:53:00Z,30.02611
2025-08-07T14:54:00Z,30.027034999999998
2025-08-07T14:55:00Z,30.02362666666667
2025-08-07T14:56:00Z,30.021405
2025-08-07T14:57:00Z,30.021158333333336
2025-08-07T14:58:00Z,30.02205
2025-08-07T14:59:00Z,30.021743333333333
2025-08-07T15:00:00Z,30.022056666666668
2025-08-07T15:01:00Z,30.02381666666667
2025-08-07T15:02:00Z,30.024108333333334
2025-08-07T15:03:00Z,30.024708333333333
2025-08-07T15:04:00Z,30.025536666666664
2025-08-07T15:05:00Z,30.026041666666664
2025-08-07T15:06:00Z,30.027033333333332
2025-08-07T15:07:00Z,30.028288333333332
2025-08-07T15:08:00Z,30.029061666666664
2025-08-07T15:09:00Z,30.030565
2025-08-07T15:10:00Z,30.031499999999998
2025-08-07T15:11:00Z,30.032741666666666
2025-08-07T15:12:00Z,30.03520333333333
2025-08-07T15:13:00Z,30.037298333333332
2025-08-07T15:14:00Z,30.038703333333334
2025-08-07T15:15:00Z,30.039018333333335
2025-08-07T15:16:00Z,30.039986666666668
2025-08-07T15:17:00Z,30.040233333333333
2025-08-07T15:18:00Z,30.03924
2025-08-07T15:19:00Z,30.039265
2025-08-07T15:20:00Z,30.03839333333333
2025-08-07T15:21:00Z,30.038273333333333
2025-08-07T15:22:00Z,30.03853833333333
2025-08-07T15:23:00Z,30.041218333333333
2025-08-07T15:24:00Z,30.042181666666668
2025-08-07T15:25:00Z,30.042233333333332
2025-08-07T15:26:00Z,30.04209
2025-08-07T15:27:00Z,30.04279
2025-08-07T15:28:00Z,30.043948333333333
2025-08-07T15:29:00Z,30.044871666666666
2025-08-07T15:30:00Z,30.047116666666668
2025-08-07T15:31:00Z,30.049508333333335
2025-08-07T15:32:00Z,30.052386666666667
2025-08-07T15:33:00Z,30.055138333333332
2025-08-07T15:34:00Z,30.05871833333333
2025-08-07T15:35:00Z,30.061856666666667
2025-08-07T15:36:00Z,30.064155
2025-08-07T15:37:00Z,30.066135
2025-08-07T15:38:00Z,30.06755666666667
2025-08-07T15:39:00Z,30.069158333333334
2025-08-07T15:40:00Z,30.070635
2025-08-07T15:41:00Z,30.072396666666666
2025-08-07T15:42:00Z,30.074155
2025-08-07T15:43:00Z,30.07479
2025-08-07T15:44:00Z,30.076623333333334
2025-08-07T15:45:00Z,30.080923333333335
2025-08-07T15:46:00Z,30.08524
2025-08-07T15:47:00Z,30.088804999999997
2025-08-07T15:48:00Z,30.090353333333333
2025-08-07T15:49:00Z,30.09115333333333
2025-08-07T15:50:00Z,30.091876666666664
2025-08-07T15:51:00Z,30.092868333333332
2025-08-07T15:52:00Z,30.095015
2025-08-07T15:53:00Z,30.096976666666666
2025-08-07T15:54:00Z,30.098425
2025-08-07T15:55:00Z,30.099368333333334
2025-08-07T15:56:00Z,30.099543333333333
2025-08-07T15:57:00Z,30.101058333333334
2025-08-07T15:58:00Z,30.102125
2025-08-07T15:59:00Z,30.103235
2025-08-07T16:00:00Z,30.10352
2025-08-07T16:01:00Z,30.10282
2025-08-07T16:02:00Z,30.102773333333335
2025-08-07T16:03:00Z,30.100193333333333
2025-08-07T16:04:00Z,30.0956
2025-08-07T16:05:00Z,30.093061666666667
2025-08-07T16:06:00Z,30.092691666666667
2025-08-07T16:07:00Z,30.094673333333333
2025-08-07T16:08:00Z,30.09659
2025-08-07T16:09:00Z,30.100063333333335
2025-08-07T16:10:00Z,30.101763333333334
2025-08-07T16:11:00Z,30.102268333333335
2025-08-07T16:12:00Z,30.107081666666666
2025-08-07T16:13:00Z,30.109996666666667
2025-08-07T16:14:00Z,30.111596666666667
2025-08-07T16:15:00Z,30.11191
2025-08-07T16:16:00Z,30.112101666666668
2025-08-07T16:17:00Z,30.113238333333335
2025-08-07T16:18:00Z,30.113451666666666
2025-08-07T16:19:00Z,30.11427666666667
2025-08-07T16:20:00Z,30.115243333333336
2025-08-07T16:21:00Z,30.117151666666665
2025-08-07T16:22:00Z,30.118841666666665
2025-08-07T16:23:00Z,30.11621166666667
2025-08-07T16:24:00Z,30.110943333333335
2025-08-07T16:25:00Z,30.10471
2025-08-07T16:26:00Z,30.099566666666668
2025-08-07T16:27:00Z,30.097558333333332
2025-08-07T16:28:00Z,30.092528333333334
2025-08-07T16:29:00Z,30.086648333333333
2025-08-07T16:30:00Z,30.082673333333332
2025-08-07T16:31:00Z,30.078145000000003
2025-08-07T16:32:00Z,30.070316666666667
2025-08-07T16:33:00Z,30.064445
2025-08-07T16:34:00Z,30.056833333333334
2025-08-07T16:35:00Z,30.050668333333334
2025-08-07T16:36:00Z,30.045833333333334
2025-08-07T16:37:00Z,30.043638333333334
2025-08-07T16:38:00Z,30.04294
2025-08-07T16:39:00Z,30.042018333333335
2025-08-07T16:40:00Z,30.041745
2025-08-07T16:41:00Z,30.04185
2025-08-07T16:42:00Z,30.0425
2025-08-07T16:43:00Z,30.044413333333335
2025-08-07T16:44:00Z,30.04656
2025-08-07T16:45:00Z,30.049075000000002
2025-08-07T16:46:00Z,30.05306
2025-08-07T16:47:00Z,30.053573333333333
2025-08-07T16:48:00Z,30.046465
2025-08-07T16:49:00Z,30.03878
2025-08-07T16:50:00Z,30.030878333333334
2025-08-07T16:51:00Z,30.024161666666668
2025-08-07T16:52:00Z,30.01751
2025-08-07T16:53:00Z,30.014738333333334
2025-08-07T16:54:00Z,30.013005
2025-08-07T16:55:00Z,30.011175
2025-08-07T16:56:00Z,30.009661666666666
2025-08-07T16:57:00Z,30.008765
2025-08-07T16:58:00Z,30.009248333333332
2025-08-07T16:59:00Z,30.012213333333335
2025-08-07T17:00:00Z,30.018433333333334
2025-08-07T17:01:00Z,30.027206666666665
2025-08-07T17:02:00Z,30.034305
2025-08-07T17:03:00Z,30.037375
2025-08-07T17:04:00Z,30.038515
2025-08-07T17:05:00Z,30.039985
2025-08-07T17:06:00Z,30.042043333333332
2025-08-07T17:07:00Z,30.04445666666667
2025-08-07T17:08:00Z,30.047216666666667
2025-08-07T17:09:00Z,30.04881
2025-08-07T17:10:00Z,30.051661666666668
2025-08-07T17:11:00Z,30.05405
2025-08-07T17:12:00Z,30.057996666666664
2025-08-07T17:13:00Z,30.060581666666664
2025-08-07T17:14:00Z,30.060433333333332
2025-08-07T17:15:00Z,30.061405
2025-08-07T17:16:00Z,30.06273
2025-08-07T17:17:00Z,30.068051666666666
2025-08-07T17:18:00Z,30.08200666666667
2025-08-07T17:19:00Z,30.090909999999997
2025-08-07T17:20:00Z,30.093561666666666
2025-08-07T17:21:00Z,30.098816666666668
2025-08-07T17:22:00Z,30.104731666666666
2025-08-07T17:23:00Z,30.111790000000003
2025-08-07T17:24:00Z,30.116566666666667
2025-08-07T17:25:00Z,30.120201666666667
2025-08-07T17:26:00Z,30.12360333333333
2025-08-07T17:27:00Z,30.126531666666665
2025-08-07T17:28:00Z,30.130858333333332
2025-08-07T17:29:00Z,30.137040000000002
2025-08-07T17:30:00Z,30.144883333333333
2025-08-07T17:31:00Z,30.151951666666665
2025-08-07T17:32:00Z,30.159636666666668
2025-08-07T17:33:00Z,30.163313333333335
2025-08-07T17:34:00Z,30.162835
2025-08-07T17:35:00Z,30.161213333333333
2025-08-07T17:36:00Z,30.159641666666666
2025-08-07T17:37:00Z,30.161936666666666
2025-08-07T17:38:00Z,30.165490000000002
2025-08-07T17:39:00Z,30.17003
2025-08-07T17:40:00Z,30.173728333333333
2025-08-07T17:41:00Z,30.176168333333333
2025-08-07T17:42:00Z,30.178246666666666
2025-08-07T17:43:00Z,30.178614999999997
2025-08-07T17:44:00Z,30.17887
2025-08-07T17:45:00Z,30.17861
2025-08-07T17:46:00Z,30.177695
2025-08-07T17:47:00Z,30.17657833333333
2025-08-07T17:48:00Z,30.175151666666668
2025-08-07T17:49:00Z,30.174666666666667
2025-08-07T17:50:00Z,30.171605
2025-08-07T17:51:00Z,30.165656666666667
2025-08-07T17:52:00Z,30.160336666666666
2025-08-07T17:53:00Z,30.155136666666667
2025-08-07T17:54:00Z,30.147746666666666
2025-08-07T17:55:00Z,30.14279
2025-08-07T17:56:00Z,30.13830666666667
2025-08-07T17:57:00Z,30.134603333333335
2025-08-07T17:58:00Z,30.130038333333335
2025-08-07T17:59:00Z,30.125925
2025-08-07T18:00:00Z,30.123781666666666
2025-08-07T18:01:00Z,30.12322
2025-08-07T18:02:00Z,30.123001666666667
2025-08-07T18:03:00Z,30.120245
2025-08-07T18:04:00Z,30.121555
2025-08-07T18:05:00Z,30.125341666666667
2025-08-07T18:06:00Z,30.12938
2025-08-07T18:07:00Z,30.132
2025-08-07T18:08:00Z,30.130976666666665
2025-08-07T18:09:00Z,30.128025
2025-08-07T18:10:00Z,30.125178333333334
2025-08-07T18:11:00Z,30.125416666666666
2025-08-07T18:12:00Z,30.12532
2025-08-07T18:13:00Z,30.125515
2025-08-07T18:14:00Z,30.125391666666665
2025-08-07T18:15:00Z,30.123245
2025-08-07T18:16:00Z,30.120151666666665
2025-08-07T18:17:00Z,30.11913333333333
2025-08-07T18:18:00Z,30.118845
2025-08-07T18:19:00Z,30.11961833333333
2025-08-07T18:20:00Z,30.120271666666664
2025-08-07T18:21:00Z,30.119276666666664
2025-08-07T18:22:00Z,30.117588333333334
2025-08-07T18:23:00Z,30.116406666666666
2025-08-07T18:24:00Z,30.115270000000002
2025-08-07T18:25:00Z,30.11575
2025-08-07T18:26:00Z,30.116401666666665
2025-08-07T18:27:00Z,30.117371666666667
2025-08-07T18:28:00Z,30.117881666666666
2025-08-07T18:29:00Z,30.118
2025-08-07T18:30:00Z,30.116571666666665
2025-08-07T18:31:00Z,30.113555
2025-08-07T18:32:00Z,30.10954166666667
2025-08-07T18:33:00Z,30.105596666666667
2025-08-07T18:34:00Z,30.102848333333334
2025-08-07T18:35:00Z,30.10176166666667
2025-08-07T18:36:00Z,30.10147
2025-08-07T18:37:00Z,30.101778333333332
2025-08-07T18:38:00Z,30.102415
2025-08-07T18:39:00Z,30.103113333333333
2025-08-07T18:40:00Z,30.103598333333334
2025-08-07T18:41:00Z,30.103165
2025-08-07T18:42:00Z,30.103158333333333
2025-08-07T18:43:00Z,30.102968333333333
2025-08-07T18:44:00Z,30.102993333333334
2025-08-07T18:45:00Z,30.10304
2025-08-07T18:46:00Z,30.102705
2025-08-07T18:47:00Z,30.101686666666666
2025-08-07T18:48:00Z,30.101273333333335
2025-08-07T18:49:00Z,30.101541666666666
2025-08-07T18:50:00Z,30.101543333333332
2025-08-07T18:51:00Z,30.100796666666668
2025-08-07T18:52:00Z,30.10024
2025-08-07T18:53:00Z,30.09946
2025-08-07T18:54:00Z,30.097986666666667
2025-08-07T18:55:00Z,30.097045
2025-08-07T18:56:00Z,30.094683333333332
2025-08-07T18:57:00Z,30.092696666666665
2025-08-07T18:58:00Z,30.090595
2025-08-07T18:59:00Z,30.088955
2025-08-07T19:00:00Z,30.08767333333333
2025-08-07T19:01:00Z,30.08645333333333
2025-08-07T19:02:00Z,30.085291666666667
2025-08-07T19:03:00Z,30.083595
2025-08-07T19:04:00Z,30.081915000000002
2025-08-07T19:05:00Z,30.080468333333336
2025-08-07T19:06:00Z,30.079328333333336
2025-08-07T19:07:00Z,30.079118333333334
2025-08-07T19:08:00Z,30.078753333333335
2025-08-07T19:09:00Z,30.079018333333334
2025-08-07T19:10:00Z,30.078825000000002
2025-08-07T19:11:00Z,30.078901666666667
2025-08-07T19:12:00Z,30.08054166666667
2025-08-07T19:13:00Z,30.082716666666666
2025-08-07T19:14:00Z,30.082355
2025-08-07T19:15:00Z,30.082355
2025-08-07T19:16:00Z,30.081535000000002
2025-08-07T19:17:00Z,30.081268333333334
2025-08-07T19:18:00Z,30.081215
2025-08-07T19:19:00Z,30.080245
2025-08-07T19:20:00Z,30.078486666666667
2025-08-07T19:21:00Z,30.076841666666667
2025-08-07T19:22:00Z,30.07498
2025-08-07T19:23:00Z,30.074401666666667
2025-08-07T19:24:00Z,30.074566666666666
2025-08-07T19:25:00Z,30.07416166666667
2025-08-07T19:26:00Z,30.074111666666667
2025-08-07T19:27:00Z,30.073938333333334
2025-08-07T19:28:00Z,30.072923333333335
2025-08-07T19:29:00Z,30.06957
2025-08-07T19:30:00Z,30.066646666666667
2025-08-07T19:31:00Z,30.064661666666666
2025-08-07T19:32:00Z,30.06384333333333
2025-08-07T19:33:00Z,30.06332833333333
2025-08-07T19:34:00Z,30.06270333333333
2025-08-07T19:35:00Z,30.06215
2025-08-07T19:36:00Z,30.061981666666664
2025-08-07T19:37:00Z,30.062406666666664
2025-08-07T19:38:00Z,30.062465
2025-08-07T19:39:00Z,30.063306666666666
2025-08-07T19:40:00Z,30.063796666666665
2025-08-07T19:41:00Z,30.064833333333333
2025-08-07T19:42:00Z,30.064806666666666
2025-08-07T19:43:00Z,30.064613333333334
2025-08-07T19:44:00Z,30.064476666666668
2025-08-07T19:45:00Z,30.064371666666666
2025-08-07T19:46:00Z,30.064495
2025-08-07T19:47:00Z,30.06423
2025-08-07T19:48:00Z,30.064135
2025-08-07T19:49:00Z,30.06449333333333
2025-08-07T19:50:00Z,30.06459333333333
2025-08-07T19:51:00Z,30.064058333333332
2025-08-07T19:52:00Z,30.063018333333332
2025-08-07T19:53:00Z,30.062871666666666
2025-08-07T19:54:00Z,30.062459999999998
2025-08-07T19:55:00Z,30.06238833333333
2025-08-07T19:56:00Z,30.062046666666667
2025-08-07T19:57:00Z,30.06101333333333
2025-08-07T19:58:00Z,30.059778333333334
2025-08-07T19:59:00Z,30.057121666666664
2025-08-07T20:00:00Z,30.054489999999998
2025-08-07T20:01:00Z,30.052025
2025-08-07T20:02:00Z,30.049
2025-08-07T20:03:00Z,30.04624666666667
2025-08-07T20:04:00Z,30.044651666666667
2025-08-07T20:05:00Z,30.044175
2025-08-07T20:06:00Z,30.043993333333333
2025-08-07T20:07:00Z,30.043198333333333
2025-08-07T20:08:00Z,30.043053333333333
2025-08-07T20:09:00Z,30.042455
2025-08-07T20:10:00Z,30.042165
2025-08-07T20:11:00Z,30.042353333333335
2025-08-07T20:12:00Z,30.04323
2025-08-07T20:13:00Z,30.043856666666667
2025-08-07T20:14:00Z,30.044248333333336
2025-08-07T20:15:00Z,30.044148333333332
2025-08-07T20:16:00Z,30.044430000000002
2025-08-07T20:17:00Z,30.044963333333335
2025-08-07T20:18:00Z,30.045208333333335
2025-08-07T20:19:00Z,30.045325000000002
2025-08-07T20:20:00Z,30.04591
2025-08-07T20:21:00Z,30.046175
2025-08-07T20:22:00Z,30.046058333333335
2025-08-07T20:23:00Z,30.045833333333334
2025-08-07T20:24:00Z,30.045588333333335
2025-08-07T20:25:00Z,30.045640000000002
2025-08-07T20:26:00Z,30.04558666666667
2025-08-07T20:27:00Z,30.048103333333334
2025-08-07T20:28:00Z,30.04886
2025-08-07T20:29:00Z,30.04839
2025-08-07T20:30:00Z,30.047745000000003
2025-08-07T20:31:00Z,30.046825000000002
2025-08-07T20:32:00Z,30.047
2025-08-07T20:33:00Z,30.047023333333335
2025-08-07T20:34:00Z,30.046828333333334
2025-08-07T20:35:00Z,30.046878333333336
2025-08-07T20:36:00Z,30.046288333333333
2025-08-07T20:37:00Z,30.04656166666667
2025-08-07T20:38:00Z,30.04637
2025-08-07T20:39:00Z,30.04680666666667
2025-08-07T20:40:00Z,30.046365
2025-08-07T20:41:00Z,30.046611666666667
2025-08-07T20:42:00Z,30.046705
2025-08-07T20:43:00Z,30.046251666666667
2025-08-07T20:44:00Z,30.04600166666667
2025-08-07T20:45:00Z,30.04562
2025-08-07T20:46:00Z,30.04525
2025-08-07T20:47:00Z,30.044961666666666
2025-08-07T20:48:00Z,30.045153333333335
2025-08-07T20:49:00Z,30.045153333333335
2025-08-07T20:50:00Z,30.045255
2025-08-07T20:51:00Z,30.04468
2025-08-07T20:52:00Z,30.0446
2025-08-07T20:53:00Z,30.044585
2025-08-07T20:54:00Z,30.044413333333335
2025-08-07T20:55:00Z,30.044191666666666
2025-08-07T20:56:00Z,30.043976666666666
2025-08-07T20:57:00Z,30.043781666666668
2025-08-07T20:58:00Z,30.04354
2025-08-07T20:59:00Z,30.043423333333333
2025-08-07T21:00:00Z,30.042958333333335
2025-08-07T21:01:00Z,30.042765
2025-08-07T21:02:00Z,30.042188333333332
2025-08-07T21:03:00Z,30.041845
2025-08-07T21:04:00Z,30.041706666666666
2025-08-07T21:05:00Z,30.041445
2025-08-07T21:06:00Z,30.041028333333333
2025-08-07T21:07:00Z,30.040756666666667
2025-08-07T21:08:00Z,30.040155
2025-08-07T21:09:00Z,30.039841666666668
2025-08-07T21:10:00Z,30.039401666666667
2025-08-07T21:11:00Z,30.038686666666667
2025-08-07T21:12:00Z,30.038298333333334
2025-08-07T21:13:00Z,30.037959999999998
2025-08-07T21:14:00Z,30.037621666666666
2025-08-07T21:15:00Z,30.037135
2025-08-07T21:16:00Z,30.03675
2025-08-07T21:17:00Z,30.03624
2025-08-07T21:18:00Z,30.035935
2025-08-07T21:19:00Z,30.03534833333333
2025-08-07T21:20:00Z,30.03479
2025-08-07T21:21:00Z,30.034886666666665
2025-08-07T21:22:00Z,30.034526666666665
2025-08-07T21:23:00Z,30.03370333333333
2025-08-07T21:24:00Z,30.0338
2025-08-07T21:25:00Z,30.033324999999998
2025-08-07T21:26:00Z,30.03305333333333
2025-08-07T21:27:00Z,30.032836666666665
2025-08-07T21:28:00Z,30.03276333333333
2025-08-07T21:29:00Z,30.032521666666664
2025-08-07T21:30:00Z,30.032616666666666
2025-08-07T21:31:00Z,30.032498333333333
2025-08-07T21:32:00Z,30.03199
2025-08-07T21:33:00Z,30.031921666666666
2025-08-07T21:34:00Z,30.030581666666667
2025-08-07T21:35:00Z,30.030894999999997
2025-08-07T21:36:00Z,30.030393333333333
2025-08-07T21:37:00Z,30.030493333333332
2025-08-07T21:38:00Z,30.030659999999997
2025-08-07T21:39:00Z,30.030101666666667
2025-08-07T21:40:00Z,30.030251666666665
2025-08-07T21:41:00Z,30.03073
2025-08-07T21:42:00Z,30.03223
2025-08-07T21:43:00Z,30.031893333333333
2025-08-07T21:44:00Z,30.031305
2025-08-07T21:45:00Z,30.030563333333333
2025-08-07T21:46:00Z,30.029619999999998
2025-08-07T21:47:00Z,30.029065
2025-08-07T21:48:00Z,30.02853
2025-08-07T21:49:00Z,30.028586666666666
2025-08-07T21:50:00Z,30.02780333333333
2025-08-07T21:51:00Z,30.027201666666667
2025-08-07T21:52:00Z,30.026981666666664
2025-08-07T21:53:00Z,30.027131666666666
2025-08-07T21:54:00Z,30.027176666666666
2025-08-07T21:55:00Z,30.027283333333333
2025-08-07T21:56:00Z,30.027376666666665
2025-08-07T21:57:00Z,30.027301666666666
2025-08-07T21:58:00Z,30.027176666666666
2025-08-07T21:59:00Z,30.027134999999998
2025-08-07T22:00:00Z,30.027011666666667
2025-08-07T22:01:00Z,30.026526666666665
2025-08-07T22:02:00Z,30.026625
2025-08-07T22:03:00Z,30.026188333333334
2025-08-07T22:04:00Z,30.026261666666667
2025-08-07T22:05:00Z,30.026041666666664
2025-08-07T22:06:00Z,30.025946666666666
2025-08-07T22:07:00Z,30.026041666666664
2025-08-07T22:08:00Z,30.025466666666667
2025-08-07T22:09:00Z,30.025103333333334
2025-08-07T22:10:00Z,30.024638333333332
2025-08-07T22:11:00Z,30.02321166666667
2025-08-07T22:12:00Z,30.02258666666667
2025-08-07T22:13:00Z,30.021935000000003
2025-08-07T22:14:00Z,30.02174
2025-08-07T22:15:00Z,30.02121166666667
2025-08-07T22:16:00Z,30.021038333333333
2025-08-07T22:17:00Z,30.02138
2025-08-07T22:18:00Z,30.021136666666667
2025-08-07T22:19:00Z,30.021061666666668
2025-08-07T22:20:00Z,30.021088333333335
2025-08-07T22:21:00Z,30.021305
2025-08-07T22:22:00Z,30.02154666666667
2025-08-07T22:23:00Z,30.021548333333335
2025-08-07T22:24:00Z,30.020783333333334
2025-08-07T22:25:00Z,30.020390000000003
2025-08-07T22:26:00Z,30.019975000000002
2025-08-07T22:27:00Z,30.019540000000003
2025-08-07T22:28:00Z,30.019175
2025-08-07T22:29:00Z,30.01894
2025-08-07T22:30:00Z,30.018721666666668
2025-08-07T22:31:00Z,30.018883333333335
2025-08-07T22:32:00Z,30.01875
2025-08-07T22:33:00Z,30.018838333333335
2025-08-07T22:34:00Z,30.01910666666667
2025-08-07T22:35:00Z,30.018308333333334
2025-08-07T22:36:00Z,30.017925
2025-08-07T22:37:00Z,30.017205
2025-08-07T22:38:00Z,30.017005
2025-08-07T22:39:00Z,30.016996666666667
2025-08-07T22:40:00Z,30.016765
2025-08-07T22:41:00Z,30.016448333333333
2025-08-07T22:42:00Z,30.01672
2025-08-07T22:43:00Z,30.016525
2025-08-07T22:44:00Z,30.016208333333335
2025-08-07T22:45:00Z,30.016546666666667
2025-08-07T22:46:00Z,30.01657
2025-08-07T22:47:00Z,30.016450000000003
2025-08-07T22:48:00Z,30.015918333333335
2025-08-07T22:49:00Z,30.015675
2025-08-07T22:50:00Z,30.01532
2025-08-07T22:51:00Z,30.016376666666666
2025-08-07T22:52:00Z,30.016275
2025-08-07T22:53:00Z,30.015405
2025-08-07T22:54:00Z,30.014715
2025-08-07T22:55:00Z,30.013873333333333
2025-08-07T22:56:00Z,30.013505000000002
2025-08-07T22:57:00Z,30.013051666666666
2025-08-07T22:58:00Z,30.012815
2025-08-07T22:59:00Z,30.012975
2025-08-07T23:00:00Z,30.01229
2025-08-07T23:01:00Z,30.013051666666666
2025-08-07T23:02:00Z,30.014248333333335
2025-08-07T23:03:00Z,30.01324
2025-08-07T23:04:00Z,30.01255
2025-08-07T23:05:00Z,30.010933333333334
2025-08-07T23:06:00Z,30.01041
2025-08-07T23:07:00Z,30.009513333333334
2025-08-07T23:08:00Z,30.009631666666667
2025-08-07T23:09:00Z,30.008956666666666
2025-08-07T23:10:00Z,30.008763333333334
2025-08-07T23:11:00Z,30.008235
2025-08-07T23:12:00Z,30.008
2025-08-07T23:13:00Z,30.008013333333334
2025-08-07T23:14:00Z,30.007368333333332
2025-08-07T23:15:00Z,30.00739
2025-08-07T23:16:00Z,30.006425
2025-08-07T23:17:00Z,30.006468333333334
2025-08-07T23:18:00Z,30.006368333333334
2025-08-07T23:19:00Z,30.006051666666664
2025-08-07T23:20:00Z,30.005456666666667
2025-08-07T23:21:00Z,30.00579833333333
2025-08-07T23:22:00Z,30.00569833333333
2025-08-07T23:23:00Z,30.005623333333332
2025-08-07T23:24:00Z,30.005335
2025-08-07T23:25:00Z,30.00565333333333
2025-08-07T23:26:00Z,30.005045
2025-08-07T23:27:00Z,30.004901666666665
2025-08-07T23:28:00Z,30.00473
2025-08-07T23:29:00Z,30.004248333333333
2025-08-07T23:30:00Z,30.004683333333332
2025-08-07T23:31:00Z,30.004536666666667
2025-08-07T23:32:00Z,30.004905
2025-08-07T23:33:00Z,30.004681666666666
2025-08-07T23:34:00Z,30.004804999999998
2025-08-07T23:35:00Z,30.005119999999998
2025-08-07T23:36:00Z,30.005025
2025-08-07T23:37:00Z,30.005428333333334
2025-08-07T23:38:00Z,30.005721666666666
2025-08-07T23:39:00Z,30.005716666666665
2025-08-07T23:40:00Z,30.005985
2025-08-07T23:41:00Z,30.005938333333333
2025-08-07T23:42:00Z,30.006203333333332
2025-08-07T23:43:00Z,30.00608
2025-08-07T23:44:00Z,30.00649333333333
2025-08-07T23:45:00Z,30.007633333333334
2025-08-07T23:46:00Z,30.007798333333334
2025-08-07T23:47:00Z,30.009995
2025-08-07T23:48:00Z,30.01127333333333
2025-08-07T23:49:00Z,30.015195000000002
2025-08-07T23:50:00Z,30.017968333333336
2025-08-07T23:51:00Z,30.020870000000002
2025-08-07T23:52:00Z,30.023095
2025-08-07T23:53:00Z,30.025178333333333
2025-08-07T23:54:00Z,30.026743333333332
2025-08-07T23:55:00Z,30.028219999999997
2025-08-07T23:56:00Z,30.029713333333333
2025-08-07T23:57:00Z,30.031018333333332
2025-08-07T23:58:00Z,30.03130833333333
2025-08-07T23:59:00Z,30.03130833333333
2025-08-08T00:00:00Z,30.031458333333333
2025-08-08T00:01:00Z,30.03194
2025-08-08T00:02:00Z,30.032768333333333
2025-08-08T00:03:00Z,30.03292833333333
2025-08-08T00:04:00Z,30.033751666666667
2025-08-08T00:05:00Z,30.034361666666666
2025-08-08T00:06:00Z,30.03566
2025-08-08T00:07:00Z,30.03612
2025-08-08T00:08:00Z,30.036261666666665
2025-08-08T00:09:00Z,30.03605
2025-08-08T00:10:00Z,30.035661666666666
2025-08-08T00:11:00Z,30.035058333333332
2025-08-08T00:12:00Z,30.034868333333332
2025-08-08T00:13:00Z,30.033943333333333
2025-08-08T00:14:00Z,30.033531666666665
2025-08-08T00:15:00Z,30.033071666666665
2025-08-08T00:16:00Z,30.033268333333332
2025-08-08T00:17:00Z,30.035086666666665
2025-08-08T00:18:00Z,30.03549
2025-08-08T00:19:00Z,30.035104999999998
2025-08-08T00:20:00Z,30.034741666666665
2025-08-08T00:21:00Z,30.03428333333333
2025-08-08T00:22:00Z,30.033295
2025-08-08T00:23:00Z,30.033099999999997
2025-08-08T00:24:00Z,30.032249999999998
2025-08-08T00:25:00Z,30.031795
2025-08-08T00:26:00Z,30.031628333333334
2025-08-08T00:27:00Z,30.031863333333334
2025-08-08T00:28:00Z,30.031651666666665
2025-08-08T00:29:00Z,30.03179
2025-08-08T00:30:00Z,30.03198833333333
2025-08-08T00:31:00Z,30.031696666666665
2025-08-08T00:32:00Z,30.031235
2025-08-08T00:33:00Z,30.031601666666667
2025-08-08T00:34:00Z,30.030996666666667
2025-08-08T00:35:00Z,30.030946666666665
2025-08-08T00:36:00Z,30.030798333333333
2025-08-08T00:37:00Z,30.03060333333333
2025-08-08T00:38:00Z,30.03080333333333
2025-08-08T00:39:00Z,30.030704999999998
2025-08-08T00:40:00Z,30.031071666666666
2025-08-08T00:41:00Z,30.031406666666665
2025-08-08T00:42:00Z,30.03148
2025-08-08T00:43:00Z,30.031235
2025-08-08T00:44:00Z,30.030871666666666
2025-08-08T00:45:00Z,30.03098
2025-08-08T00:46:00Z,30.030608333333333
2025-08-08T00:47:00Z,30.030726666666666
2025-08-08T00:48:00Z,30.03054
2025-08-08T00:49:00Z,30.030155
2025-08-08T00:50:00Z,30.029816666666665
2025-08-08T00:51:00Z,30.030056666666667
2025-08-08T00:52:00Z,30.02967
2025-08-08T00:53:00Z,30.029523333333334
2025-08-08T00:54:00Z,30.029326666666666
2025-08-08T00:55:00Z,30.029306666666667
2025-08-08T00:56:00Z,30.029086666666664
2025-08-08T00:57:00Z,30.029325
2025-08-08T00:58:00Z,30.02901333333333
2025-08-08T00:59:00Z,30.028288333333332
2025-08-08T01:00:00Z,30.02824
2025-08-08T01:01:00Z,30.028046666666665
2025-08-08T01:02:00Z,30.027735
2025-08-08T01:03:00Z,30.027853333333333
2025-08-08T01:04:00Z,30.027495
2025-08-08T01:05:00Z,30.027326666666664
2025-08-08T01:06:00Z,30.027929999999998
2025-08-08T01:07:00Z,30.02884
2025-08-08T01:08:00Z,30.029065
2025-08-08T01:09:00Z,30.031168333333333
2025-08-08T01:10:00Z,30.033853333333333
2025-08-08T01:11:00Z,30.036675
2025-08-08T01:12:00Z,30.038851666666666
2025-08-08T01:13:00Z,30.038946666666668
2025-08-08T01:14:00Z,30.038171666666667
2025-08-08T01:15:00Z,30.037081666666666
2025-08-08T01:16:00Z,30.03595
2025-08-08T01:17:00Z,30.035108333333334
2025-08-08T01:18:00Z,30.033846666666665
2025-08-08T01:19:00Z,30.032761666666666
2025-08-08T01:20:00Z,30.032525
2025-08-08T01:21:00Z,30.031965
2025-08-08T01:22:00Z,30.031358333333333
2025-08-08T01:23:00Z,30.030438333333333
2025-08-08T01:24:00Z,30.030731666666664
2025-08-08T01:25:00Z,30.029958333333333
2025-08-08T01:26:00Z,30.030246666666667
2025-08-08T01:27:00Z,30.030226666666664
2025-08-08T01:28:00Z,30.029811666666667
2025-08-08T01:29:00Z,30.029641666666667
2025-08-08T01:30:00Z,30.030126666666664
2025-08-08T01:31:00Z,30.03472
2025-08-08T01:32:00Z,30.038896666666666
2025-08-08T01:33:00Z,30.04144
2025-08-08T01:34:00Z,30.044235
2025-08-08T01:35:00Z,30.04644
2025-08-08T01:36:00Z,30.048156666666667
2025-08-08T01:37:00Z,30.05011
2025-08-08T01:38:00Z,30.051128333333335
2025-08-08T01:39:00Z,30.051145000000002
2025-08-08T01:40:00Z,30.04926
2025-08-08T01:41:00Z,30.046993333333333
2025-08-08T01:42:00Z,30.04414166666667
2025-08-08T01:43:00Z,30.042258333333333
2025-08-08T01:44:00Z,30.040546666666668
2025-08-08T01:45:00Z,30.03919
2025-08-08T01:46:00Z,30.038243333333334
2025-08-08T01:47:00Z,30.03777
2025-08-08T01:48:00Z,30.037543333333332
2025-08-08T01:49:00Z,30.03718
2025-08-08T01:50:00Z,30.038105
2025-08-08T01:51:00Z,30.039305
2025-08-08T01:52:00Z,30.04045
2025-08-08T01:53:00Z,30.040836666666667
2025-08-08T01:54:00Z,30.041243333333334
2025-08-08T01:55:00Z,30.04008
2025-08-08T01:56:00Z,30.039703333333332
2025-08-08T01:57:00Z,30.038971666666665
2025-08-08T01:58:00Z,30.038951666666666
2025-08-08T01:59:00Z,30.03803
2025-08-08T02:00:00Z,30.037933333333335
2025-08-08T02:01:00Z,30.038108333333334
2025-08-08T02:02:00Z,30.038053333333334
2025-08-08T02:03:00Z,30.03853833333333
2025-08-08T02:04:00Z,30.038436666666666
2025-08-08T02:05:00Z,30.038683333333335
2025-08-08T02:06:00Z,30.038848333333334
2025-08-08T02:07:00Z,30.03832
2025-08-08T02:08:00Z,30.038246666666666
2025-08-08T02:09:00Z,30.037961666666668
2025-08-08T02:10:00Z,30.03905
2025-08-08T02:11:00Z,30.041078333333335
2025-08-08T02:12:00Z,30.041318333333333
2025-08-08T02:13:00Z,30.040688333333332
2025-08-08T02:14:00Z,30.041173333333333
2025-08-08T02:15:00Z,30.04235166666667
2025-08-08T02:16:00Z,30.044196666666668
2025-08-08T02:17:00Z,30.044945000000002
2025-08-08T02:18:00Z,30.04548
2025-08-08T02:19:00Z,30.04610166666667
2025-08-08T02:20:00Z,30.046856666666667
2025-08-08T02:21:00Z,30.046466666666667
2025-08-08T02:22:00Z,30.04586
2025-08-08T02:23:00Z,30.044576666666668
2025-08-08T02:24:00Z,30.041875
2025-08-08T02:25:00Z,30.03914333333333
2025-08-08T02:26:00Z,30.03786
2025-08-08T02:27:00Z,30.03713833333333
2025-08-08T02:28:00Z,30.037328333333335
2025-08-08T02:29:00Z,30.03769
2025-08-08T02:30:00Z,30.03892
2025-08-08T02:31:00Z,30.039986666666668
2025-08-08T02:32:00Z,30.041125
2025-08-08T02:33:00Z,30.041848333333334
2025-08-08T02:34:00Z,30.042018333333335
2025-08-08T02:35:00Z,30.042716666666667
2025-08-08T02:36:00Z,30.042281666666668
2025-08-08T02:37:00Z,30.042185
2025-08-08T02:38:00Z,30.04182
2025-08-08T02:39:00Z,30.04151
2025-08-08T02:40:00Z,30.041463333333333
2025-08-08T02:41:00Z,30.040665
2025-08-08T02:42:00Z,30.039715
2025-08-08T02:43:00Z,30.03834833333333
2025-08-08T02:44:00Z,30.037181666666665
2025-08-08T02:45:00Z,30.036775
2025-08-08T02:46:00Z,30.035465
2025-08-08T02:47:00Z,30.035061666666667
2025-08-08T02:48:00Z,30.03443
2025-08-08T02:49:00Z,30.034071666666666
2025-08-08T02:50:00Z,30.033338333333333
2025-08-08T02:51:00Z,30.03397
2025-08-08T02:52:00Z,30.03309833333333
2025-08-08T02:53:00Z,30.030565
2025-08-08T02:54:00Z,30.02834
2025-08-08T02:55:00Z,30.026474999999998
2025-08-08T02:56:00Z,30.025656666666666
2025-08-08T02:57:00Z,30.025489999999998
2025-08-08T02:58:00Z,30.025053333333332
2025-08-08T02:59:00Z,30.024636666666666
2025-08-08T03:00:00Z,30.02502833333333
2025-08-08T03:01:00Z,30.025416666666665
2025-08-08T03:02:00Z,30.025921666666665
2025-08-08T03:03:00Z,30.02566
2025-08-08T03:04:00Z,30.025561666666665
2025-08-08T03:05:00Z,30.025751666666665
2025-08-08T03:06:00Z,30.025196666666666
2025-08-08T03:07:00Z,30.02491
2025-08-08T03:08:00Z,30.025585
2025-08-08T03:09:00Z,30.026045
2025-08-08T03:10:00Z,30.027106666666665
2025-08-08T03:11:00Z,30.0274
2025-08-08T03:12:00Z,30.027608333333333
2025-08-08T03:13:00Z,30.027804999999997
2025-08-08T03:14:00Z,30.028071666666666
2025-08-08T03:15:00Z,30.028438333333334
2025-08-08T03:16:00Z,30.028531666666666
2025-08-08T03:17:00Z,30.028506666666665
2025-08-08T03:18:00Z,30.028848333333332
2025-08-08T03:19:00Z,30.028603333333333
2025-08-08T03:20:00Z,30.02874
2025-08-08T03:21:00Z,30.028791666666667
2025-08-08T03:22:00Z,30.028386666666666
2025-08-08T03:23:00Z,30.02819333333333
2025-08-08T03:24:00Z,30.028025
2025-08-08T03:25:00Z,30.02811833333333
2025-08-08T03:26:00Z,30.02817
2025-08-08T03:27:00Z,30.02744333333333
2025-08-08T03:28:00Z,30.027976666666664
2025-08-08T03:29:00Z,30.027611666666665
2025-08-08T03:30:00Z,30.027661666666667
2025-08-08T03:31:00Z,30.027251666666665
2025-08-08T03:32:00Z,30.027271666666664
2025-08-08T03:33:00Z,30.027666666666665
2025-08-08T03:34:00Z,30.027105
2025-08-08T03:35:00Z,30.026841666666666
2025-08-08T03:36:00Z,30.027203333333333
2025-08-08T03:37:00Z,30.02667
2025-08-08T03:38:00Z,30.026699999999998
2025-08-08T03:39:00Z,30.025848333333332
2025-08-08T03:40:00Z,30.02471
2025-08-08T03:41:00Z,30.024185
2025-08-08T03:42:00Z,30.024015000000002
2025-08-08T03:43:00Z,30.024261666666668
2025-08-08T03:44:00Z,30.024351666666668
2025-08-08T03:45:00Z,30.024931666666667
2025-08-08T03:46:00Z,30.025751666666665
2025-08-08T03:47:00Z,30.02529
2025-08-08T03:48:00Z,30.025221666666667
2025-08-08T03:49:00Z,30.024426666666667
2025-08-08T03:50:00Z,30.02391666666667
2025-08-08T03:51:00Z,30.022830000000003
2025-08-08T03:52:00Z,30.021598333333333
2025-08-08T03:53:00Z,30.020848333333333
2025-08-08T03:54:00Z,30.020076666666668
2025-08-08T03:55:00Z,30.020825000000002
2025-08-08T03:56:00Z,30.020438333333335
2025-08-08T03:57:00Z,30.02029166666667
2025-08-08T03:58:00Z,30.019805
2025-08-08T03:59:00Z,30.019350000000003
2025-08-08T04:00:00Z,30.019491666666667
2025-08-08T04:01:00Z,30.019131666666667
2025-08-08T04:02:00Z,30.019303333333333
2025-08-08T04:03:00Z,30.019273333333334
2025-08-08T04:04:00Z,30.019056666666668
2025-08-08T04:05:00Z,30.01971166666667
2025-08-08T04:06:00Z,30.02171166666667
2025-08-08T04:07:00Z,30.022031666666667
2025-08-08T04:08:00Z,30.021143333333335
2025-08-08T04:09:00Z,30.019881666666667
2025-08-08T04:10:00Z,30.019736666666667
2025-08-08T04:11:00Z,30.018576666666668
2025-08-08T04:12:00Z,30.019011666666668
2025-08-08T04:13:00Z,30.018795
2025-08-08T04:14:00Z,30.018868333333334
2025-08-08T04:15:00Z,30.01891666666667
2025-08-08T04:16:00Z,30.01903666666667
2025-08-08T04:17:00Z,30.019971666666667
2025-08-08T04:18:00Z,30.01981166666667
2025-08-08T04:19:00Z,30.020633333333336
2025-08-08T04:20:00Z,30.02083
2025-08-08T04:21:00Z,30.020893333333333
2025-08-08T04:22:00Z,30.020728333333334
2025-08-08T04:23:00Z,30.02104166666667
2025-08-08T04:24:00Z,30.020870000000002
2025-08-08T04:25:00Z,30.020465
2025-08-08T04:26:00Z,30.020798333333335
2025-08-08T04:27:00Z,30.021063333333334
2025-08-08T04:28:00Z,30.020801666666667
2025-08-08T04:29:00Z,30.020918333333334
2025-08-08T04:30:00Z,30.021140000000003
2025-08-08T04:31:00Z,30.021503333333335
2025-08-08T04:32:00Z,30.02131
2025-08-08T04:33:00Z,30.021160000000002
2025-08-08T04:34:00Z,30.021063333333334
2025-08-08T04:35:00Z,30.020653333333335
2025-08-08T04:36:00Z,30.020048333333335
2025-08-08T04:37:00Z,30.019423333333336
2025-08-08T04:38:00Z,30.019301666666667
2025-08-08T04:39:00Z,30.01933
2025-08-08T04:40:00Z,30.02000166666667
2025-08-08T04:41:00Z,30.019903333333335
2025-08-08T04:42:00Z,30.020628333333335
2025-08-08T04:43:00Z,30.021015000000002
2025-08-08T04:44:00Z,30.020988333333335
2025-08-08T04:45:00Z,30.021165
2025-08-08T04:46:00Z,30.021328333333333
2025-08-08T04:47:00Z,30.02150166666667
2025-08-08T04:48:00Z,30.021213333333336
2025-08-08T04:49:00Z,30.021548333333335
2025-08-08T04:50:00Z,30.021808333333336
2025-08-08T04:51:00Z,30.021931666666667
2025-08-08T04:52:00Z,30.021790000000003
2025-08-08T04:53:00Z,30.02215
2025-08-08T04:54:00Z,30.02225166666667
2025-08-08T04:55:00Z,30.022225000000002
2025-08-08T04:56:00Z,30.022973333333333
2025-08-08T04:57:00Z,30.022871666666667
2025-08-08T04:58:00Z,30.022978333333334
2025-08-08T04:59:00Z,30.023310000000002
2025-08-08T05:00:00Z,30.023503333333334
2025-08-08T05:01:00Z,30.023601666666668
2025-08-08T05:02:00Z,30.023410000000002
2025-08-08T05:03:00Z,30.023673333333335
2025-08-08T05:04:00Z,30.02389
2025-08-08T05:05:00Z,30.023866666666667
2025-08-08T05:06:00Z,30.023843333333335
2025-08-08T05:07:00Z,30.02334
2025-08-08T05:08:00Z,30.023555000000002
2025-08-08T05:09:00Z,30.023285
2025-08-08T05:10:00Z,30.023680000000002
2025-08-08T05:11:00Z,30.024573333333333
2025-08-08T05:12:00Z,30.023963333333334
2025-08-08T05:13:00Z,30.024328333333333
2025-08-08T05:14:00Z,30.023943333333335
2025-08-08T05:15:00Z,30.02442
2025-08-08T05:16:00Z,30.024421666666665
2025-08-08T05:17:00Z,30.02428666666667
2025-08-08T05:18:00Z,30.024305000000002
2025-08-08T05:19:00Z,30.023748333333334
2025-08-08T05:20:00Z,30.023655
2025-08-08T05:21:00Z,30.023361666666666
2025-08-08T05:22:00Z,30.02312166666667
2025-08-08T05:23:00Z,30.022826666666667
2025-08-08T05:24:00Z,30.023113333333335
2025-08-08T05:25:00Z,30.022951666666668
2025-08-08T05:26:00Z,30.025748333333333
2025-08-08T05:27:00Z,30.025
2025-08-08T05:28:00Z,30.025143333333332
2025-08-08T05:29:00Z,30.02343666666667
2025-08-08T05:30:00Z,30.023003333333335
2025-08-08T05:31:00Z,30.021088333333335
2025-08-08T05:32:00Z,30.020118333333336
2025-08-08T05:33:00Z,30.019086666666666
2025-08-08T05:34:00Z,30.017705
2025-08-08T05:35:00Z,30.017656666666667
2025-08-08T05:36:00Z,30.016983333333336
2025-08-08T05:37:00Z,30.016283333333334
2025-08-08T05:38:00Z,30.014638333333334
2025-08-08T05:39:00Z,30.012406666666667
2025-08-08T05:40:00Z,30.010771666666667
2025-08-08T05:41:00Z,30.009225
2025-08-08T05:42:00Z,30.00859833333333
2025-08-08T05:43:00Z,30.008283333333335
2025-08-08T05:44:00Z,30.007853333333333
2025-08-08T05:45:00Z,30.007463333333334
2025-08-08T05:46:00Z,30.006933333333333
2025-08-08T05:47:00Z,30.007118333333334
2025-08-08T05:48:00Z,30.006298333333334
2025-08-08T05:49:00Z,30.006345
2025-08-08T05:50:00Z,30.006901666666668
2025-08-08T05:51:00Z,30.006616666666666
2025-08-08T05:52:00Z,30.00685
2025-08-08T05:53:00Z,30.006396666666667
2025-08-08T05:54:00Z,30.00574333333333
2025-08-08T05:55:00Z,30.004971666666666
2025-08-08T05:56:00Z,30.003808333333332
2025-08-08T05:57:00Z,30.00308833333333
2025-08-08T05:58:00Z,30.00161333333333
2025-08-08T05:59:00Z,30.001346666666667
2025-08-08T06:00:00Z,30.001031666666666
2025-08-08T06:01:00Z,30.000745
2025-08-08T06:02:00Z,30.000909999999998
2025-08-08T06:03:00Z,30.000816666666665
2025-08-08T06:04:00Z,30.000526666666666
2025-08-08T06:05:00Z,29.999631666666666
2025-08-08T06:06:00Z,29.999221666666667
2025-08-08T06:07:00Z,29.999488333333332
2025-08-08T06:08:00Z,29.999313333333333
2025-08-08T06:09:00Z,29.999971666666667
2025-08-08T06:10:00Z,30.000155
2025-08-08T06:11:00Z,30.000428333333332
2025-08-08T06:12:00Z,29.999846666666667
2025-08-08T06:13:00Z,29.99885833333333
2025-08-08T06:14:00Z,29.997791666666664
2025-08-08T06:15:00Z,29.99719
2025-08-08T06:16:00Z,29.996756666666666
2025-08-08T06:17:00Z,29.99656166666667
2025-08-08T06:18:00Z,29.995616666666667
2025-08-08T06:19:00Z,29.994508333333336
2025-08-08T06:20:00Z,29.992915
2025-08-08T06:21:00Z,29.992105000000002
2025-08-08T06:22:00Z,29.991531666666667
2025-08-08T06:23:00Z,29.991313333333334
2025-08-08T06:24:00Z,29.991243333333333
2025-08-08T06:25:00Z,29.991153333333333
2025-08-08T06:26:00Z,29.990855
2025-08-08T06:27:00Z,29.991006666666667
2025-08-08T06:28:00Z,29.991268333333334
2025-08-08T06:29:00Z,29.990983333333336
2025-08-08T06:30:00Z,29.99146
2025-08-08T06:31:00Z,29.992403333333336
2025-08-08T06:32:00Z,29.992453333333334
2025-08-08T06:33:00Z,29.99250166666667
2025-08-08T06:34:00Z,29.99255
2025-08-08T06:35:00Z,29.99211
2025-08-08T06:36:00Z,29.992261666666668
2025-08-08T06:37:00Z,29.991870000000002
2025-08-08T06:38:00Z,29.991678333333336
2025-08-08T06:39:00Z,29.992285000000003
2025-08-08T06:40:00Z,29.992283333333333
2025-08-08T06:41:00Z,29.993346666666667
2025-08-08T06:42:00Z,29.993231666666667
2025-08-08T06:43:00Z,29.993463333333334
2025-08-08T06:44:00Z,29.99407
2025-08-08T06:45:00Z,29.994843333333336
2025-08-08T06:46:00Z,29.99738333333333
2025-08-08T06:47:00Z,29.998301666666666
2025-08-08T06:48:00Z,29.998835
2025-08-08T06:49:00Z,29.998736666666666
2025-08-08T06:50:00Z,29.99849833333333
2025-08-08T06:51:00Z,29.99902833333333
2025-08-08T06:52:00Z,29.999343333333332
2025-08-08T06:53:00Z,30.000018333333333
2025-08-08T06:54:00Z,29.999805
2025-08-08T06:55:00Z,30.000356666666665
2025-08-08T06:56:00Z,30.000841666666666
2025-08-08T06:57:00Z,30.001133333333332
2025-08-08T06:58:00Z,30.001856666666665
2025-08-08T06:59:00Z,30.002286666666667
2025-08-08T07:00:00Z,30.002895
2025-08-08T07:01:00Z,30.004248333333333
2025-08-08T07:02:00Z,30.005115
2025-08-08T07:03:00Z,30.00653833333333
2025-08-08T07:04:00Z,30.00678333333333
2025-08-08T07:05:00Z,30.00828
2025-08-08T07:06:00Z,30.008885
2025-08-08T07:07:00Z,30.009343333333334
2025-08-08T07:08:00Z,30.01084
2025-08-08T07:09:00Z,30.011243333333333
2025-08-08T07:10:00Z,30.012173333333333
2025-08-08T07:11:00Z,30.012433333333334
2025-08-08T07:12:00Z,30.012888333333333
2025-08-08T07:13:00Z,30.013841666666668
2025-08-08T07:14:00Z,30.014155
2025-08-08T07:15:00Z,30.015191666666666
2025-08-08T07:16:00Z,30.015218333333333
2025-08-08T07:17:00Z,30.015651666666667
2025-08-08T07:18:00Z,30.016158333333333
2025-08-08T07:19:00Z,30.016201666666667
2025-08-08T07:20:00Z,30.016715
2025-08-08T07:21:00Z,30.016983333333336
2025-08-08T07:22:00Z,30.017703333333333
2025-08-08T07:23:00Z,30.018745000000003
2025-08-08T07:24:00Z,30.019836666666667
2025-08-08T07:25:00Z,30.020025
2025-08-08T07:26:00Z,30.019953333333333
2025-08-08T07:27:00Z,30.020268333333334
2025-08-08T07:28:00Z,30.020248333333335
2025-08-08T07:29:00Z,30.020825000000002
2025-08-08T07:30:00Z,30.02145
2025-08-08T07:31:00Z,30.021500000000003
2025-08-08T07:32:00Z,30.022568333333336
2025-08-08T07:33:00Z,30.02319
2025-08-08T07:34:00Z,30.024276666666665
2025-08-08T07:35:00Z,30.025461666666665
2025-08-08T07:36:00Z,30.026891666666664
2025-08-08T07:37:00Z,30.028098333333332
2025-08-08T07:38:00Z,30.029568333333334
2025-08-08T07:39:00Z,30.03061
2025-08-08T07:40:00Z,30.031728333333334
2025-08-08T07:41:00Z,30.032691666666665
2025-08-08T07:42:00Z,30.033385
2025-08-08T07:43:00Z,30.033973333333332
2025-08-08T07:44:00Z,30.03440833333333
2025-08-08T07:45:00Z,30.034499999999998
2025-08-08T07:46:00Z,30.036025
2025-08-08T07:47:00Z,30.036456666666666
2025-08-08T07:48:00Z,30.037108333333332
2025-08-08T07:49:00Z,30.037205
2025-08-08T07:50:00Z,30.03592
2025-08-08T07:51:00Z,30.03455
2025-08-08T07:52:00Z,30.033939999999998
2025-08-08T07:53:00Z,30.03324
2025-08-08T07:54:00Z,30.03334
2025-08-08T07:55:00Z,30.035276666666665
2025-08-08T07:56:00Z,30.037164999999998
2025-08-08T07:57:00Z,30.037591666666668
2025-08-08T07:58:00Z,30.03648
2025-08-08T07:59:00Z,30.034795
2025-08-08T08:00:00Z,30.033701666666666
2025-08-08T08:01:00Z,30.033099999999997
2025-08-08T08:02:00Z,30.03358
2025-08-08T08:03:00Z,30.033726666666666
2025-08-08T08:04:00Z,30.03481
2025-08-08T08:05:00Z,30.035758333333334
2025-08-08T08:06:00Z,30.037093333333335
2025-08-08T08:07:00Z,30.038823333333333
2025-08-08T08:08:00Z,30.041175
2025-08-08T08:09:00Z,30.041990000000002
2025-08-08T08:10:00Z,30.043931666666666
2025-08-08T08:11:00Z,30.044796666666667
2025-08-08T08:12:00Z,30.045838333333336
2025-08-08T08:13:00Z,30.046580000000002
2025-08-08T08:14:00Z,30.048223333333333
2025-08-08T08:15:00Z,30.048883333333336
2025-08-08T08:16:00Z,30.048885000000002
2025-08-08T08:17:00Z,30.049513333333334
2025-08-08T08:18:00Z,30.050138333333333
2025-08-08T08:19:00Z,30.05094
2025-08-08T08:20:00Z,30.051556666666666
2025-08-08T08:21:00Z,30.05197666666667
2025-08-08T08:22:00Z,30.053591666666666
2025-08-08T08:23:00Z,30.05565
2025-08-08T08:24:00Z,30.05707333333333
2025-08-08T08:25:00Z,30.058256666666665
2025-08-08T08:26:00Z,30.059704999999997
2025-08-08T08:27:00Z,30.060168333333333
2025-08-08T08:28:00Z,30.060556666666667
2025-08-08T08:29:00Z,30.061401666666665
2025-08-08T08:30:00Z,30.062416666666667
2025-08-08T08:31:00Z,30.065414999999998
2025-08-08T08:32:00Z,30.067176666666665
2025-08-08T08:33:00Z,30.067678333333333
2025-08-08T08:34:00Z,30.068066666666667
2025-08-08T08:35:00Z,30.069593333333334
2025-08-08T08:36:00Z,30.071355
2025-08-08T08:37:00Z,30.073076666666665
2025-08-08T08:38:00Z,30.074756666666666
2025-08-08T08:39:00Z,30.075488333333332
2025-08-08T08:40:00Z,30.07585
2025-08-08T08:41:00Z,30.07585166666667
2025-08-08T08:42:00Z,30.075635000000002
2025-08-08T08:43:00Z,30.077013333333333
2025-08-08T08:44:00Z,30.077665
2025-08-08T08:45:00Z,30.076528333333336
2025-08-08T08:46:00Z,30.075325
2025-08-08T08:47:00Z,30.07554
2025-08-08T08:48:00Z,30.075536666666668
2025-08-08T08:49:00Z,30.076983333333335
2025-08-08T08:50:00Z,30.079330000000002
2025-08-08T08:51:00Z,30.08088
2025-08-08T08:52:00Z,30.081945
2025-08-08T08:53:00Z,30.083326666666668
2025-08-08T08:54:00Z,30.083565
2025-08-08T08:55:00Z,30.083546666666667
2025-08-08T08:56:00Z,30.082931666666667
2025-08-08T08:57:00Z,30.08274
2025-08-08T08:58:00Z,30.082643333333333
2025-08-08T08:59:00Z,30.082453333333333
2025-08-08T09:00:00Z,30.081653333333335
2025-08-08T09:01:00Z,30.082093333333333
2025-08-08T09:02:00Z,30.08240166666667
2025-08-08T09:03:00Z,30.081576666666667
2025-08-08T09:04:00Z,30.081798333333335
2025-08-08T09:05:00Z,30.081383333333335
2025-08-08T09:06:00Z,30.08158166666667
2025-08-08T09:07:00Z,30.081940000000003
2025-08-08T09:08:00Z,30.082911666666668
2025-08-08T09:09:00Z,30.084521666666667
2025-08-08T09:10:00Z,30.087108333333333
2025-08-08T09:11:00Z,30.08965333333333
2025-08-08T09:12:00Z,30.091801666666665
2025-08-08T09:13:00Z,30.092766666666666
2025-08-08T09:14:00Z,30.093446666666665
2025-08-08T09:15:00Z,30.094725
2025-08-08T09:16:00Z,30.096633333333333
2025-08-08T09:17:00Z,30.097295
2025-08-08T09:18:00Z,30.09557
2025-08-08T09:19:00Z,30.094794999999998
2025-08-08T09:20:00Z,30.094314999999998
2025-08-08T09:21:00Z,30.095448333333334
2025-08-08T09:22:00Z,30.095811666666666
2025-08-08T09:23:00Z,30.09627
2025-08-08T09:24:00Z,30.097533333333335
2025-08-08T09:25:00Z,30.097843333333334
2025-08-08T09:26:00Z,30.097268333333332
2025-08-08T09:27:00Z,30.095691666666667
2025-08-08T09:28:00Z,30.094649999999998
2025-08-08T09:29:00Z,30.093888333333332
2025-08-08T09:30:00Z,30.093764999999998
2025-08-08T09:31:00Z,30.094075
2025-08-08T09:32:00Z,30.094146666666667
2025-08-08T09:33:00Z,30.094536666666666
2025-08-08T09:34:00Z,30.09656
2025-08-08T09:35:00Z,30.098595
2025-08-08T09:36:00Z,30.099506666666667
2025-08-08T09:37:00Z,30.101376666666667
2025-08-08T09:38:00Z,30.102845000000002
2025-08-08T09:39:00Z,30.103795
2025-08-08T09:40:00Z,30.10466
2025-08-08T09:41:00Z,30.104781666666668
2025-08-08T09:42:00Z,30.103933333333334
2025-08-08T09:43:00Z,30.104538333333334
2025-08-08T09:44:00Z,30.105313333333335
2025-08-08T09:45:00Z,30.107193333333335
2025-08-08T09:46:00Z,30.110166666666668
2025-08-08T09:47:00Z,30.110093333333335
2025-08-08T09:48:00Z,30.109783333333336
2025-08-08T09:49:00Z,30.108990000000002
2025-08-08T09:50:00Z,30.107878333333336
2025-08-08T09:51:00Z,30.105696666666667
2025-08-08T09:52:00Z,30.10401
2025-08-08T09:53:00Z,30.102753333333332
2025-08-08T09:54:00Z,30.101376666666667
2025-08-08T09:55:00Z,30.100741666666668
2025-08-08T09:56:00Z,30.101303333333334
2025-08-08T09:57:00Z,30.100625
2025-08-08T09:58:00Z,30.099868333333333
2025-08-08T09:59:00Z,30.099801666666668
2025-08-08T10:00:00Z,30.100241666666665
2025-08-08T10:01:00Z,30.100573333333333
2025-08-08T10:02:00Z,30.098523333333333
2025-08-08T10:03:00Z,30.094649999999998
2025-08-08T10:04:00Z,30.092551666666665
2025-08-08T10:05:00Z,30.090423333333334
2025-08-08T10:06:00Z,30.087163333333333
2025-08-08T10:07:00Z,30.084843333333332
2025-08-08T10:08:00Z,30.082720000000002
2025-08-08T10:09:00Z,30.081580000000002
2025-08-08T10:10:00Z,30.079303333333336
2025-08-08T10:11:00Z,30.077640000000002
2025-08-08T10:12:00Z,30.076776666666667
2025-08-08T10:13:00Z,30.076668333333334
2025-08-08T10:14:00Z,30.076745000000003
2025-08-08T10:15:00Z,30.075583333333334
2025-08-08T10:16:00Z,30.074091666666668
2025-08-08T10:17:00Z,30.074113333333333
2025-08-08T10:18:00Z,30.07384
2025-08-08T10:19:00Z,30.07481166666667
2025-08-08T10:20:00Z,30.075666666666667
2025-08-08T10:21:00Z,30.076913333333334
2025-08-08T10:22:00Z,30.07844
2025-08-08T10:23:00Z,30.080518333333334
2025-08-08T10:24:00Z,30.08396833333333
2025-08-08T10:25:00Z,30.085876666666664
2025-08-08T10:26:00Z,30.088226666666664
2025-08-08T10:27:00Z,30.09076
2025-08-08T10:28:00Z,30.09242833333333
2025-08-08T10:29:00Z,30.09207
2025-08-08T10:30:00Z,30.091806666666667
2025-08-08T10:31:00Z,30.091656666666665
2025-08-08T10:32:00Z,30.09205
2025-08-08T10:33:00Z,30.09412
2025-08-08T10:34:00Z,30.09536
2025-08-08T10:35:00Z,30.095064999999998
2025-08-08T10:36:00Z,30.09529
2025-08-08T10:37:00Z,30.090911666666667
2025-08-08T10:38:00Z,30.085255
2025-08-08T10:39:00Z,30.080805
2025-08-08T10:40:00Z,30.076988333333333
2025-08-08T10:41:00Z,30.075758333333333
2025-08-08T10:42:00Z,30.07317
2025-08-08T10:43:00Z,30.06867
2025-08-08T10:44:00Z,30.065021666666667
2025-08-08T10:45:00Z,30.062896666666667
2025-08-08T10:46:00Z,30.061596666666667
2025-08-08T10:47:00Z,30.06149333333333
2025-08-08T10:48:00Z,30.061858333333333
2025-08-08T10:49:00Z,30.06374333333333
2025-08-08T10:50:00Z,30.061836666666665
2025-08-08T10:51:00Z,30.058934999999998
2025-08-08T10:52:00Z,30.056469999999997
2025-08-08T10:53:00Z,30.056105
2025-08-08T10:54:00Z,30.055813333333333
2025-08-08T10:55:00Z,30.054971666666667
2025-08-08T10:56:00Z,30.054656666666666
2025-08-08T10:57:00Z,30.054271666666665
2025-08-08T10:58:00Z,30.052653333333335
2025-08-08T10:59:00Z,30.051728333333333
2025-08-08T11:00:00Z,30.05209166666667
2025-08-08T11:01:00Z,30.05373833333333
2025-08-08T11:02:00Z,30.053475
2025-08-08T11:03:00Z,30.054703333333332
2025-08-08T11:04:00Z,30.05511333333333
2025-08-08T11:05:00Z,30.056808333333333
2025-08-08T11:06:00Z,30.059271666666664
2025-08-08T11:07:00Z,30.06140333333333
2025-08-08T11:08:00Z,30.062261666666664
2025-08-08T11:09:00Z,30.063068333333334
2025-08-08T11:10:00Z,30.065531666666665
2025-08-08T11:11:00Z,30.068945
2025-08-08T11:12:00Z,30.070485
2025-08-08T11:13:00Z,30.071376666666666
2025-08-08T11:14:00Z,30.071401666666667
2025-08-08T11:15:00Z,30.071158333333333
2025-08-08T11:16:00Z,30.071596666666668
2025-08-08T11:17:00Z,30.072563333333335
2025-08-08T11:18:00Z,30.074905
2025-08-08T11:19:00Z,30.07645
2025-08-08T11:20:00Z,30.079061666666668
2025-08-08T11:21:00Z,30.080923333333335
2025-08-08T11:22:00Z,30.081555
2025-08-08T11:23:00Z,30.08211
2025-08-08T11:24:00Z,30.081223333333334
2025-08-08T11:25:00Z,30.081148333333335
2025-08-08T11:26:00Z,30.081555
2025-08-08T11:27:00Z,30.08218
2025-08-08T11:28:00Z,30.081555
2025-08-08T11:29:00Z,30.074813333333335
2025-08-08T11:30:00Z,30.068498333333334
2025-08-08T11:31:00Z,30.064275
2025-08-08T11:32:00Z,30.061325
2025-08-08T11:33:00Z,30.061851666666666
2025-08-08T11:34:00Z,30.062971666666666
2025-08-08T11:35:00Z,30.06340833333333
2025-08-08T11:36:00Z,30.064566666666668
2025-08-08T11:37:00Z,30.065868333333334
2025-08-08T11:38:00Z,30.067518333333332
2025-08-08T11:39:00Z,30.070196666666668
2025-08-08T11:40:00Z,30.07138
2025-08-08T11:41:00Z,30.071425
2025-08-08T11:42:00Z,30.070216666666667
2025-08-08T11:43:00Z,30.068988333333333
2025-08-08T11:44:00Z,30.066428333333334
2025-08-08T11:45:00Z,30.065576666666665
2025-08-08T11:46:00Z,30.064716666666666
2025-08-08T11:47:00Z,30.062631666666665
2025-08-08T11:48:00Z,30.060916666666667
2025-08-08T11:49:00Z,30.060623333333332
2025-08-08T11:50:00Z,30.060773333333334
2025-08-08T11:51:00Z,30.06094
2025-08-08T11:52:00Z,30.061114999999997
2025-08-08T11:53:00Z,30.061761666666666
2025-08-08T11:54:00Z,30.06186
2025-08-08T11:55:00Z,30.05997
2025-08-08T11:56:00Z,30.059826666666666
2025-08-08T11:57:00Z,30.059178333333332
2025-08-08T11:58:00Z,30.056005
2025-08-08T11:59:00Z,30.05244
2025-08-08T12:00:00Z,30.050183333333333
2025-08-08T12:01:00Z,30.047956666666668
2025-08-08T12:02:00Z,30.048083333333334
2025-08-08T12:03:00Z,30.05064666666667
2025-08-08T12:04:00Z,30.052973333333334
2025-08-08T12:05:00Z,30.052653333333335
2025-08-08T12:06:00Z,30.051225000000002
2025-08-08T12:07:00Z,30.048806666666668
2025-08-08T12:08:00Z,30.047575000000002
2025-08-08T12:09:00Z,30.047671666666666
2025-08-08T12:10:00Z,30.049993333333333
2025-08-08T12:11:00Z,30.051591666666667
2025-08-08T12:12:00Z,30.052741666666666
2025-08-08T12:13:00Z,30.05458833333333
2025-08-08T12:14:00Z,30.05610833333333
2025-08-08T12:15:00Z,30.056011666666667
2025-08-08T12:16:00Z,30.056878333333334
2025-08-08T12:17:00Z,30.05869333333333
2025-08-08T12:18:00Z,30.060678333333332
2025-08-08T12:19:00Z,30.063589999999998
2025-08-08T12:20:00Z,30.065488333333334
2025-08-08T12:21:00Z,30.067926666666665
2025-08-08T12:22:00Z,30.06604
2025-08-08T12:23:00Z,30.062755
2025-08-08T12:24:00Z,30.060963333333333
2025-08-08T12:25:00Z,30.060315
2025-08-08T12:26:00Z,30.059169999999998
2025-08-08T12:27:00Z,30.059393333333333
2025-08-08T12:28:00Z,30.05604
2025-08-08T12:29:00Z,30.052891666666667
2025-08-08T12:30:00Z,30.052888333333332
2025-08-08T12:31:00Z,30.0527
2025-08-08T12:32:00Z,30.049586666666666
2025-08-08T12:33:00Z,30.04586
2025-08-08T12:34:00Z,30.044726666666666
2025-08-08T12:35:00Z,30.043491666666668
2025-08-08T12:36:00Z,30.041826666666665
2025-08-08T12:37:00Z,30.039791666666666
2025-08-08T12:38:00Z,30.039971666666666
2025-08-08T12:39:00Z,30.039698333333334
2025-08-08T12:40:00Z,30.037451666666666
2025-08-08T12:41:00Z,30.034331666666667
2025-08-08T12:42:00Z,30.030015
2025-08-08T12:43:00Z,30.025961666666664
2025-08-08T12:44:00Z,30.023418333333336
2025-08-08T12:45:00Z,30.020775
2025-08-08T12:46:00Z,30.01923
2025-08-08T12:47:00Z,30.01733666666667
2025-08-08T12:48:00Z,30.016715
2025-08-08T12:49:00Z,30.014831666666666
2025-08-08T12:50:00Z,30.012885
2025-08-08T12:51:00Z,30.010693333333332
2025-08-08T12:52:00Z,30.009531666666668
2025-08-08T12:53:00Z,30.009563333333332
2025-08-08T12:54:00Z,30.01072
2025-08-08T12:55:00Z,30.013263333333335
2025-08-08T12:56:00Z,30.015386666666668
2025-08-08T12:57:00Z,30.01716
2025-08-08T12:58:00Z,30.019735
2025-08-08T12:59:00Z,30.022758333333336
2025-08-08T13:00:00Z,30.025103333333334
2025-08-08T13:01:00Z,30.025296666666666
2025-08-08T13:02:00Z,30.024133333333335
2025-08-08T13:03:00Z,30.023705
2025-08-08T13:04:00Z,30.023511666666668
2025-08-08T13:05:00Z,30.026841666666666
2025-08-08T13:06:00Z,30.029376666666664
2025-08-08T13:07:00Z,30.031043333333333
2025-08-08T13:08:00Z,30.031164999999998
2025-08-08T13:09:00Z,30.03099333333333
2025-08-08T13:10:00Z,30.030781666666666
2025-08-08T13:11:00Z,30.030565
2025-08-08T13:12:00Z,30.028773333333334
2025-08-08T13:13:00Z,30.027275
2025-08-08T13:14:00Z,30.026551666666666
2025-08-08T13:15:00Z,30.02802833333333
2025-08-08T13:16:00Z,30.028991666666666
2025-08-08T13:17:00Z,30.030853333333333
2025-08-08T13:18:00Z,30.033075
2025-08-08T13:19:00Z,30.034041666666667
2025-08-08T13:20:00Z,30.034115
2025-08-08T13:21:00Z,30.033196666666665
2025-08-08T13:22:00Z,30.032858333333333
2025-08-08T13:23:00Z,30.03319833333333
2025-08-08T13:24:00Z,30.03556
2025-08-08T13:25:00Z,30.038006666666668
2025-08-08T13:26:00Z,30.040253333333332
2025-08-08T13:27:00Z,30.042183333333334
2025-08-08T13:28:00Z,30.043083333333335
2025-08-08T13:29:00Z,30.04493666666667
2025-08-08T13:30:00Z,30.04651
2025-08-08T13:31:00Z,30.04675166666667
2025-08-08T13:32:00Z,30.04613
2025-08-08T13:33:00Z,30.045883333333332
2025-08-08T13:34:00Z,30.046128333333336
2025-08-08T13:35:00Z,30.046415
2025-08-08T13:36:00Z,30.047671666666666
2025-08-08T13:37:00Z,30.047431666666668
2025-08-08T13:38:00Z,30.045765
2025-08-08T13:39:00Z,30.044698333333333
2025-08-08T13:40:00Z,30.043978333333335
2025-08-08T13:41:00Z,30.044071666666667
2025-08-08T13:42:00Z,30.045353333333335
2025-08-08T13:43:00Z,30.048038333333334
2025-08-08T13:44:00Z,30.049363333333336
2025-08-08T13:45:00Z,30.049970000000002
2025-08-08T13:46:00Z,30.050693333333335
2025-08-08T13:47:00Z,30.05065
2025-08-08T13:48:00Z,30.051851666666668
2025-08-08T13:49:00Z,30.05258
2025-08-08T13:50:00Z,30.052985
2025-08-08T13:51:00Z,30.053953333333332
2025-08-08T13:52:00Z,30.055261666666667
2025-08-08T13:53:00Z,30.056393333333332
2025-08-08T13:54:00Z,30.057676666666666
2025-08-08T13:55:00Z,30.058906666666665
2025-08-08T13:56:00Z,30.060111666666664
2025-08-08T13:57:00Z,30.060723333333332
2025-08-08T13:58:00Z,30.06217
2025-08-08T13:59:00Z,30.063573333333334
2025-08-08T14:00:00Z,30.06495
2025-08-08T14:01:00Z,30.065991666666665
2025-08-08T14:02:00Z,30.066695
2025-08-08T14:03:00Z,30.067395
2025-08-08T14:04:00Z,30.06961666666667
2025-08-08T14:05:00Z,30.071473333333333
2025-08-08T14:06:00Z,30.07336
2025-08-08T14:07:00Z,30.075176666666668
2025-08-08T14:08:00Z,30.07687166666667
2025-08-08T14:09:00Z,30.07858166666667
2025-08-08T14:10:00Z,30.080948333333335
2025-08-08T14:11:00Z,30.08240166666667
2025-08-08T14:12:00Z,30.081916666666668
2025-08-08T14:13:00Z,30.081825000000002
2025-08-08T14:14:00Z,30.081991666666667
2025-08-08T14:15:00Z,30.082761666666666
2025-08-08T14:16:00Z,30.083715
2025-08-08T14:17:00Z,30.0846
2025-08-08T14:18:00Z,30.085991666666665
2025-08-08T14:19:00Z,30.08640833333333
2025-08-08T14:20:00Z,30.088058333333333
2025-08-08T14:21:00Z,30.088783333333332
2025-08-08T14:22:00Z,30.09073833333333
2025-08-08T14:23:00Z,30.089098333333332
2025-08-08T14:24:00Z,30.08498833333333
2025-08-08T14:25:00Z,30.082548333333335
2025-08-08T14:26:00Z,30.080585000000003
2025-08-08T14:27:00Z,30.078075000000002
2025-08-08T14:28:00Z,30.076261666666667
2025-08-08T14:29:00Z,30.074935
2025-08-08T14:30:00Z,30.074566666666666
2025-08-08T14:31:00Z,30.074446666666667
2025-08-08T14:32:00Z,30.075073333333336
2025-08-08T14:33:00Z,30.076171666666667
2025-08-08T14:34:00Z,30.075723333333332
2025-08-08T14:35:00Z,30.074831666666668
2025-08-08T14:36:00Z,30.07317
2025-08-08T14:37:00Z,30.071741666666668
2025-08-08T14:38:00Z,30.071081666666668
2025-08-08T14:39:00Z,30.070388333333334
2025-08-08T14:40:00Z,30.070535
2025-08-08T14:41:00Z,30.072153333333333
2025-08-08T14:42:00Z,30.072933333333335
2025-08-08T14:43:00Z,30.073775
2025-08-08T14:44:00Z,30.074765
2025-08-08T14:45:00Z,30.07513
2025-08-08T14:46:00Z,30.074566666666666
2025-08-08T14:47:00Z,30.07439666666667
2025-08-08T14:48:00Z,30.074661666666668
2025-08-08T14:49:00Z,30.073408333333333
2025-08-08T14:50:00Z,30.07479
2025-08-08T14:51:00Z,30.074328333333334
2025-08-08T14:52:00Z,30.074156666666667
2025-08-08T14:53:00Z,30.074175
2025-08-08T14:54:00Z,30.075295
2025-08-08T14:55:00Z,30.077326666666668
2025-08-08T14:56:00Z,30.078216666666666
2025-08-08T14:57:00Z,30.08015
2025-08-08T14:58:00Z,30.081576666666667
2025-08-08T14:59:00Z,30.081508333333336
2025-08-08T15:00:00Z,30.08117166666667
2025-08-08T15:01:00Z,30.079976666666667
2025-08-08T15:02:00Z,30.079963333333335
2025-08-08T15:03:00Z,30.081305
2025-08-08T15:04:00Z,30.083351666666665
2025-08-08T15:05:00Z,30.084125
2025-08-08T15:06:00Z,30.084746666666668
2025-08-08T15:07:00Z,30.084476666666667
2025-08-08T15:08:00Z,30.083445
2025-08-08T15:09:00Z,30.082838333333335
2025-08-08T15:10:00Z,30.083513333333332
2025-08-08T15:11:00Z,30.083691666666667
2025-08-08T15:12:00Z,30.084743333333332
2025-08-08T15:13:00Z,30.085998333333333
2025-08-08T15:14:00Z,30.087116666666667
2025-08-08T15:15:00Z,30.08886
2025-08-08T15:16:00Z,30.089168333333333
2025-08-08T15:17:00Z,30.090646666666665
2025-08-08T15:18:00Z,30.09090833333333
2025-08-08T15:19:00Z,30.092191666666665
2025-08-08T15:20:00Z,30.0948
2025-08-08T15:21:00Z,30.097656666666666
2025-08-08T15:22:00Z,30.100621666666665
2025-08-08T15:23:00Z,30.102968333333333
2025-08-08T15:24:00Z,30.105001666666666
2025-08-08T15:25:00Z,30.107128333333335
2025-08-08T15:26:00Z,30.109466666666666
2025-08-08T15:27:00Z,30.111831666666667
2025-08-08T15:28:00Z,30.110678333333336
2025-08-08T15:29:00Z,30.10835666666667
2025-08-08T15:30:00Z,30.104181666666666
2025-08-08T15:31:00Z,30.099415
2025-08-08T15:32:00Z,30.093709999999998
2025-08-08T15:33:00Z,30.088085
2025-08-08T15:34:00Z,30.084526666666665
2025-08-08T15:35:00Z,30.076863333333336
2025-08-08T15:36:00Z,30.066616666666665
2025-08-08T15:37:00Z,30.055415
2025-08-08T15:38:00Z,30.04439
2025-08-08T15:39:00Z,30.033245
2025-08-08T15:40:00Z,30.024351666666668
2025-08-08T15:41:00Z,30.017945
2025-08-08T15:42:00Z,30.013005
2025-08-08T15:43:00Z,30.011128333333332
2025-08-08T15:44:00Z,30.010913333333335
2025-08-08T15:45:00Z,30.013055
2025-08-08T15:46:00Z,30.016476666666666
2025-08-08T15:47:00Z,30.017078333333334
2025-08-08T15:48:00Z,30.0179
2025-08-08T15:49:00Z,30.01751666666667
2025-08-08T15:50:00Z,30.01818666666667
2025-08-08T15:51:00Z,30.019275
2025-08-08T15:52:00Z,30.019080000000002
2025-08-08T15:53:00Z,30.01922666666667
2025-08-08T15:54:00Z,30.020361666666666
2025-08-08T15:55:00Z,30.020218333333336
2025-08-08T15:56:00Z,30.01835666666667
2025-08-08T15:57:00Z,30.015483333333336
2025-08-08T15:58:00Z,30.012883333333335
2025-08-08T15:59:00Z,30.009853333333332
2025-08-08T16:00:00Z,30.00584
2025-08-08T16:01:00Z,29.989596666666667
2025-08-08T16:02:00Z,29.966155
2025-08-08T16:03:00Z,29.944818333333334
2025-08-08T16:04:00Z,29.92602
2025-08-08T16:05:00Z,29.913376666666665
2025-08-08T16:06:00Z,29.905955000000002
2025-08-08T16:07:00Z,29.903278333333333
2025-08-08T16:08:00Z,29.899868333333334
2025-08-08T16:09:00Z,29.896613333333335
2025-08-08T16:10:00Z,29.89562666666667
2025-08-08T16:11:00Z,29.89523
2025-08-08T16:12:00Z,29.902266666666666
2025-08-08T16:13:00Z,29.910236666666666
2025-08-08T16:14:00Z,29.91200333333333
2025-08-08T16:15:00Z,29.914926666666666
2025-08-08T16:16:00Z,29.918503333333334
2025-08-08T16:17:00Z,29.9223
2025-08-08T16:18:00Z,29.927366666666668
2025-08-08T16:19:00Z,29.933315
2025-08-08T16:20:00Z,29.940706666666667
2025-08-08T16:21:00Z,29.948931666666667
2025-08-08T16:22:00Z,29.957485000000002
2025-08-08T16:23:00Z,29.965163333333333
2025-08-08T16:24:00Z,29.97258
2025-08-08T16:25:00Z,29.976526666666665
2025-08-08T16:26:00Z,29.981316666666668
2025-08-08T16:27:00Z,29.986195000000002
2025-08-08T16:28:00Z,29.990981666666666
2025-08-08T16:29:00Z,29.99450666666667
2025-08-08T16:30:00Z,29.996728333333333
2025-08-08T16:31:00Z,29.997111666666665
2025-08-08T16:32:00Z,29.995990000000003
2025-08-08T16:33:00Z,29.996078333333333
2025-08-08T16:34:00Z,29.997136666666666
2025-08-08T16:35:00Z,29.999435
2025-08-08T16:36:00Z,30.00400833333333
2025-08-08T16:37:00Z,30.01152
2025-08-08T16:38:00Z,30.02242
2025-08-08T16:39:00Z,30.031506666666665
2025-08-08T16:40:00Z,30.038753333333332
2025-08-08T16:41:00Z,30.044965
2025-08-08T16:42:00Z,30.05127166666667
2025-08-08T16:43:00Z,30.051678333333335
2025-08-08T16:44:00Z,30.04504
2025-08-08T16:45:00Z,30.032564999999998
2025-08-08T16:46:00Z,30.0214
2025-08-08T16:47:00Z,30.009571666666666
2025-08-08T16:48:00Z,29.991365000000002
2025-08-08T16:49:00Z,29.978048333333334
2025-08-08T16:50:00Z,29.965295
2025-08-08T16:51:00Z,29.956176666666668
2025-08-08T16:52:00Z,29.952238333333334
2025-08-08T16:53:00Z,29.954608333333333
2025-08-08T16:54:00Z,29.96609
2025-08-08T16:55:00Z,29.975996666666667
2025-08-08T16:56:00Z,29.985518333333335
2025-08-08T16:57:00Z,29.993930000000002
2025-08-08T16:58:00Z,29.99921833333333
2025-08-08T16:59:00Z,30.003306666666667
2025-08-08T17:00:00Z,30.005501666666667
2025-08-08T17:01:00Z,30.004321666666666
2025-08-08T17:02:00Z,30.00047
2025-08-08T17:03:00Z,29.993325000000002
2025-08-08T17:04:00Z,29.983751666666667
2025-08-08T17:05:00Z,29.971066666666665
2025-08-08T17:06:00Z,29.953181666666666
2025-08-08T17:07:00Z,29.935998333333334
2025-08-08T17:08:00Z,29.923018333333335
2025-08-08T17:09:00Z,29.914541666666665
2025-08-08T17:10:00Z,29.90872
2025-08-08T17:11:00Z,29.907675
2025-08-08T17:12:00Z,29.909583333333334
2025-08-08T17:13:00Z,29.912734999999998
2025-08-08T17:14:00Z,29.91781
2025-08-08T17:15:00Z,29.92344
2025-08-08T17:16:00Z,29.930766666666667
2025-08-08T17:17:00Z,29.939928333333334
2025-08-08T17:18:00Z,29.949825
2025-08-08T17:19:00Z,29.95671666666667
2025-08-08T17:20:00Z,29.963718333333333
2025-08-08T17:21:00Z,29.97167
2025-08-08T17:22:00Z,29.97822
2025-08-08T17:23:00Z,29.98053833333333
2025-08-08T17:24:00Z,29.981436666666667
2025-08-08T17:25:00Z,29.984016666666665
2025-08-08T17:26:00Z,29.98827
2025-08-08T17:27:00Z,29.994708333333335
2025-08-08T17:28:00Z,30.000843333333332
2025-08-08T17:29:00Z,30.008781666666668
2025-08-08T17:30:00Z,30.018963333333335
2025-08-08T17:31:00Z,30.025436666666668
2025-08-08T17:32:00Z,30.030829999999998
2025-08-08T17:33:00Z,30.03389333333333
2025-08-08T17:34:00Z,30.03264
2025-08-08T17:35:00Z,30.038896666666666
2025-08-08T17:36:00Z,30.047385000000002
2025-08-08T17:37:00Z,30.056998333333333
2025-08-08T17:38:00Z,30.074135000000002
2025-08-08T17:39:00Z,30.089893333333332
2025-08-08T17:40:00Z,30.107203333333334
2025-08-08T17:41:00Z,30.126145
2025-08-08T17:42:00Z,30.14557333333333
2025-08-08T17:43:00Z,30.157295
2025-08-08T17:44:00Z,30.150223333333333
2025-08-08T17:45:00Z,30.141176666666667
2025-08-08T17:46:00Z,30.139968333333336
2025-08-08T17:47:00Z,30.14011166666667
2025-08-08T17:48:00Z,30.148725
2025-08-08T17:49:00Z,30.168628333333334
2025-08-08T17:50:00Z,30.179338333333334
2025-08-08T17:51:00Z,30.19217
2025-08-08T17:52:00Z,30.203431666666667
2025-08-08T17:53:00Z,30.21459833333333
2025-08-08T17:54:00Z,30.226866666666666
2025-08-08T17:55:00Z,30.23591
2025-08-08T17:56:00Z,30.243901666666666
2025-08-08T17:57:00Z,30.252251666666666
2025-08-08T17:58:00Z,30.25844
2025-08-08T17:59:00Z,30.260270000000002
2025-08-08T18:00:00Z,30.25955
2025-08-08T18:01:00Z,30.258245000000002
2025-08-08T18:02:00Z,30.255201666666668
2025-08-08T18:03:00Z,30.255633333333332
2025-08-08T18:04:00Z,30.253485
2025-08-08T18:05:00Z,30.252321666666667
2025-08-08T18:06:00Z,30.252306666666666
2025-08-08T18:07:00Z,30.253313333333335
2025-08-08T18:08:00Z,30.253798333333332
2025-08-08T18:09:00Z,30.25513
2025-08-08T18:10:00Z,30.256676666666667
2025-08-08T18:11:00Z,30.259096666666668
2025-08-08T18:12:00Z,30.261965
2025-08-08T18:13:00Z,30.26215666666667
2025-08-08T18:14:00Z,30.265105000000002
2025-08-08T18:15:00Z,30.26663
2025-08-08T18:16:00Z,30.266976666666668
2025-08-08T18:17:00Z,30.267329999999998
2025-08-08T18:18:00Z,30.267091666666666
2025-08-08T18:19:00Z,30.266483333333333
2025-08-08T18:20:00Z,30.266511666666666
2025-08-08T18:21:00Z,30.266605
2025-08-08T18:22:00Z,30.266921666666665
2025-08-08T18:23:00Z,30.265251666666668
2025-08-08T18:24:00Z,30.26474166666667
2025-08-08T18:25:00Z,30.26455166666667
2025-08-08T18:26:00Z,30.264473333333335
2025-08-08T18:27:00Z,30.26438166666667
2025-08-08T18:28:00Z,30.264183333333335
2025-08-08T18:29:00Z,30.264043333333333
2025-08-08T18:30:00Z,30.26351166666667
2025-08-08T18:31:00Z,30.263761666666667
2025-08-08T18:32:00Z,30.263075
2025-08-08T18:33:00Z,30.262741666666667
2025-08-08T18:34:00Z,30.262473333333336
2025-08-08T18:35:00Z,30.262738333333335
2025-08-08T18:36:00Z,30.262763333333336
2025-08-08T18:37:00Z,30.262745000000002
2025-08-08T18:38:00Z,30.262308333333333
2025-08-08T18:39:00Z,30.261791666666667
2025-08-08T18:40:00Z,30.26155166666667
2025-08-08T18:41:00Z,30.260641666666668
2025-08-08T18:42:00Z,30.259990000000002
2025-08-08T18:43:00Z,30.259288333333334
2025-08-08T18:44:00Z,30.25860666666667
2025-08-08T18:45:00Z,30.258465
2025-08-08T18:46:00Z,30.257595000000002
2025-08-08T18:47:00Z,30.255341666666666
2025-08-08T18:48:00Z,30.252633333333332
2025-08-08T18:49:00Z,30.251186666666666
2025-08-08T18:50:00Z,30.24992
2025-08-08T18:51:00Z,30.249088333333333
2025-08-08T18:52:00Z,30.24964
2025-08-08T18:53:00Z,30.25092
2025-08-08T18:54:00Z,30.25242
2025-08-08T18:55:00Z,30.253536666666665
2025-08-08T18:56:00Z,30.253555
2025-08-08T18:57:00Z,30.25336
2025-08-08T18:58:00Z,30.253285
2025-08-08T18:59:00Z,30.253388333333334
2025-08-08T19:00:00Z,30.254141666666666
2025-08-08T19:01:00Z,30.254551666666668
2025-08-08T19:02:00Z,30.254768333333335
2025-08-08T19:03:00Z,30.255365
2025-08-08T19:04:00Z,30.255276666666667
2025-08-08T19:05:00Z,30.255076666666668
2025-08-08T19:06:00Z,30.254813333333335
2025-08-08T19:07:00Z,30.254375
2025-08-08T19:08:00Z,30.25423
2025-08-08T19:09:00Z,30.253961666666665
2025-08-08T19:10:00Z,30.253896666666666
2025-08-08T19:11:00Z,30.253383333333332
2025-08-08T19:12:00Z,30.252355
2025-08-08T19:13:00Z,30.25196
2025-08-08T19:14:00Z,30.251141666666665
2025-08-08T19:15:00Z,30.250216666666667
2025-08-08T19:16:00Z,30.250078333333335
2025-08-08T19:17:00Z,30.249221666666667
2025-08-08T19:18:00Z,30.249758333333332
2025-08-08T19:19:00Z,30.250173333333333
2025-08-08T19:20:00Z,30.250153333333333
2025-08-08T19:21:00Z,30.250146666666666
2025-08-08T19:22:00Z,30.25015
2025-08-08T19:23:00Z,30.250561666666666
2025-08-08T19:24:00Z,30.251549999999998
2025-08-08T19:25:00Z,30.251016666666665
2025-08-08T19:26:00Z,30.250541666666667
2025-08-08T19:27:00Z,30.249711666666666
2025-08-08T19:28:00Z,30.249325
2025-08-08T19:29:00Z,30.248503333333332
2025-08-08T19:30:00Z,30.248286666666665
2025-08-08T19:31:00Z,30.248111666666667
2025-08-08T19:32:00Z,30.247426666666666
2025-08-08T19:33:00Z,30.247621666666667
2025-08-08T19:34:00Z,30.247321666666664
2025-08-08T19:35:00Z,30.24702333333333
2025-08-08T19:36:00Z,30.246
2025-08-08T19:37:00Z,30.245311666666666
2025-08-08T19:38:00Z,30.244564999999998
2025-08-08T19:39:00Z,30.24320833333333
2025-08-08T19:40:00Z,30.242193333333333
2025-08-08T19:41:00Z,30.241418333333332
2025-08-08T19:42:00Z,30.24069833333333
2025-08-08T19:43:00Z,30.24023833333333
2025-08-08T19:44:00Z,30.239123333333332
2025-08-08T19:45:00Z,30.238478333333333
2025-08-08T19:46:00Z,30.237924999999997
2025-08-08T19:47:00Z,30.237336666666664
2025-08-08T19:48:00Z,30.237166666666667
2025-08-08T19:49:00Z,30.237
2025-08-08T19:50:00Z,30.236901666666665
2025-08-08T19:51:00Z,30.236176666666665
2025-08-08T19:52:00Z,30.236086666666665
2025-08-08T19:53:00Z,30.23589
2025-08-08T19:54:00Z,30.23594
2025-08-08T19:55:00Z,30.235496666666666
2025-08-08T19:56:00Z,30.235625
2025-08-08T19:57:00Z,30.235556666666668
2025-08-08T19:58:00Z,30.235385
2025-08-08T19:59:00Z,30.235311666666668
2025-08-08T20:00:00Z,30.23482166666667
2025-08-08T20:01:00Z,30.234533333333335
2025-08-08T20:02:00Z,30.23449
2025-08-08T20:03:00Z,30.234291666666667
2025-08-08T20:04:00Z,30.234075
2025-08-08T20:05:00Z,30.233685
2025-08-08T20:06:00Z,30.233810000000002
2025-08-08T20:07:00Z,30.233666666666668
2025-08-08T20:08:00Z,30.23311166666667
2025-08-08T20:09:00Z,30.23272
2025-08-08T20:10:00Z,30.23246166666667
2025-08-08T20:11:00Z,30.232118333333336
2025-08-08T20:12:00Z,30.231195
2025-08-08T20:13:00Z,30.230016666666668
2025-08-08T20:14:00Z,30.22944
2025-08-08T20:15:00Z,30.228718333333333
2025-08-08T20:16:00Z,30.228053333333335
2025-08-08T20:17:00Z,30.227458333333335
2025-08-08T20:18:00Z,30.227018333333334
2025-08-08T20:19:00Z,30.226390000000002
2025-08-08T20:20:00Z,30.225425
2025-08-08T20:21:00Z,30.225253333333335
2025-08-08T20:22:00Z,30.224578333333334
2025-08-08T20:23:00Z,30.224578333333334
2025-08-08T20:24:00Z,30.223976666666665
2025-08-08T20:25:00Z,30.223755
2025-08-08T20:26:00Z,30.223488333333332
2025-08-08T20:27:00Z,30.223653333333335
2025-08-08T20:28:00Z,30.22359
2025-08-08T20:29:00Z,30.22287
2025-08-08T20:30:00Z,30.223455
2025-08-08T20:31:00Z,30.223875
2025-08-08T20:32:00Z,30.224361666666667
2025-08-08T20:33:00Z,30.224598333333333
2025-08-08T20:34:00Z,30.225088333333332
2025-08-08T20:35:00Z,30.224746666666668
2025-08-08T20:36:00Z,30.224988333333332
2025-08-08T20:37:00Z,30.225015
2025-08-08T20:38:00Z,30.225131666666666
2025-08-08T20:39:00Z,30.227718333333335
2025-08-08T20:40:00Z,30.22726
2025-08-08T20:41:00Z,30.227046666666666
2025-08-08T20:42:00Z,30.226198333333333
2025-08-08T20:43:00Z,30.225305
2025-08-08T20:44:00Z,30.223455
2025-08-08T20:45:00Z,30.221765
2025-08-08T20:46:00Z,30.220423333333333
2025-08-08T20:47:00Z,30.219208333333334
2025-08-08T20:48:00Z,30.217865
2025-08-08T20:49:00Z,30.216459999999998
2025-08-08T20:50:00Z,30.216601666666666
2025-08-08T20:51:00Z,30.216498333333334
2025-08-08T20:52:00Z,30.216116666666665
2025-08-08T20:53:00Z,30.216796666666667
2025-08-08T20:54:00Z,30.216673333333333
2025-08-08T20:55:00Z,30.217395
2025-08-08T20:56:00Z,30.218295
2025-08-08T20:57:00Z,30.218513333333334
2025-08-08T20:58:00Z,30.219553333333334
2025-08-08T20:59:00Z,30.220086666666667
2025-08-08T21:00:00Z,30.220615
2025-08-08T21:01:00Z,30.221
2025-08-08T21:02:00Z,30.220663333333334
2025-08-08T21:03:00Z,30.221153333333334
2025-08-08T21:04:00Z,30.221396666666667
2025-08-08T21:05:00Z,30.221583333333335
2025-08-08T21:06:00Z,30.221595
2025-08-08T21:07:00Z,30.221475
2025-08-08T21:08:00Z,30.221051666666668
2025-08-08T21:09:00Z,30.221026666666667
2025-08-08T21:10:00Z,30.220853333333334
2025-08-08T21:11:00Z,30.220618333333334
2025-08-08T21:12:00Z,30.220545
2025-08-08T21:13:00Z,30.220425
2025-08-08T21:14:00Z,30.220021666666668
2025-08-08T21:15:00Z,30.220128333333335
2025-08-08T21:16:00Z,30.220008333333332
2025-08-08T21:17:00Z,30.219718333333333
2025-08-08T21:18:00Z,30.21999
2025-08-08T21:19:00Z,30.220035
2025-08-08T21:20:00Z,30.219943333333333
2025-08-08T21:21:00Z,30.22004
2025-08-08T21:22:00Z,30.219941666666667
2025-08-08T21:23:00Z,30.21946
2025-08-08T21:24:00Z,30.219243333333335
2025-08-08T21:25:00Z,30.218844999999998
2025-08-08T21:26:00Z,30.218028333333333
2025-08-08T21:27:00Z,30.217538333333334
2025-08-08T21:28:00Z,30.21648
2025-08-08T21:29:00Z,30.216631666666665
2025-08-08T21:30:00Z,30.21585
2025-08-08T21:31:00Z,30.215708333333332
2025-08-08T21:32:00Z,30.21514833333333
2025-08-08T21:33:00Z,30.21414
2025-08-08T21:34:00Z,30.213653333333333
2025-08-08T21:35:00Z,30.212901666666667
2025-08-08T21:36:00Z,30.212758333333333
2025-08-08T21:37:00Z,30.212155
2025-08-08T21:38:00Z,30.211406666666665
2025-08-08T21:39:00Z,30.21075833333333
2025-08-08T21:40:00Z,30.209329999999998
2025-08-08T21:41:00Z,30.20921
2025-08-08T21:42:00Z,30.209401666666665
2025-08-08T21:43:00Z,30.20845
2025-08-08T21:44:00Z,30.208721666666666
2025-08-08T21:45:00Z,30.20819
2025-08-08T21:46:00Z,30.208098333333332
2025-08-08T21:47:00Z,30.207615
2025-08-08T21:48:00Z,30.207586666666664
2025-08-08T21:49:00Z,30.206913333333333
2025-08-08T21:50:00Z,30.206525
2025-08-08T21:51:00Z,30.206018333333333
2025-08-08T21:52:00Z,30.205801666666666
2025-08-08T21:53:00Z,30.207539999999998
2025-08-08T21:54:00Z,30.208121666666667
2025-08-08T21:55:00Z,30.207561666666667
2025-08-08T21:56:00Z,30.207318333333333
2025-08-08T21:57:00Z,30.206263333333332
2025-08-08T21:58:00Z,30.206184999999998
2025-08-08T21:59:00Z,30.205778333333335
2025-08-08T22:00:00Z,30.20449166666667
2025-08-08T22:01:00Z,30.20445
2025-08-08T22:02:00Z,30.203858333333333
2025-08-08T22:03:00Z,30.203431666666667
2025-08-08T22:04:00Z,30.203331666666667
2025-08-08T22:05:00Z,30.202920000000002
2025-08-08T22:06:00Z,30.20239666666667
2025-08-08T22:07:00Z,30.20203
2025-08-08T22:08:00Z,30.20179166666667
2025-08-08T22:09:00Z,30.201133333333335
2025-08-08T22:10:00Z,30.199475
2025-08-08T22:11:00Z,30.197850000000003
2025-08-08T22:12:00Z,30.196276666666666
2025-08-08T22:13:00Z,30.19539
2025-08-08T22:14:00Z,30.19461666666667
2025-08-08T22:15:00Z,30.193975000000002
2025-08-08T22:16:00Z,30.193936666666666
2025-08-08T22:17:00Z,30.193553333333334
2025-08-08T22:18:00Z,30.192955
2025-08-08T22:19:00Z,30.192931666666667
2025-08-08T22:20:00Z,30.192958333333333
2025-08-08T22:21:00Z,30.192738333333335
2025-08-08T22:22:00Z,30.192273333333333
2025-08-08T22:23:00Z,30.1922
2025-08-08T22:24:00Z,30.19237
2025-08-08T22:25:00Z,30.192025
2025-08-08T22:26:00Z,30.191111666666668
2025-08-08T22:27:00Z,30.190288333333335
2025-08-08T22:28:00Z,30.190415
2025-08-08T22:29:00Z,30.189898333333332
2025-08-08T22:30:00Z,30.189049999999998
2025-08-08T22:31:00Z,30.187871666666666
2025-08-08T22:32:00Z,30.187578333333335
2025-08-08T22:33:00Z,30.186803333333334
2025-08-08T22:34:00Z,30.186036666666666
2025-08-08T22:35:00Z,30.186178333333334
2025-08-08T22:36:00Z,30.185573333333334
2025-08-08T22:37:00Z,30.185138333333335
2025-08-08T22:38:00Z,30.184438333333333
2025-08-08T22:39:00Z,30.183976666666666
2025-08-08T22:40:00Z,30.183516666666666
2025-08-08T22:41:00Z,30.1833
2025-08-08T22:42:00Z,30.182885
2025-08-08T22:43:00Z,30.18279833333333
2025-08-08T22:44:00Z,30.18249833333333
2025-08-08T22:45:00Z,30.182136666666665
2025-08-08T22:46:00Z,30.181898333333333
2025-08-08T22:47:00Z,30.181915
2025-08-08T22:48:00Z,30.181701666666665
2025-08-08T22:49:00Z,30.18148833333333
2025-08-08T22:50:00Z,30.180468333333334
2025-08-08T22:51:00Z,30.18008
2025-08-08T22:52:00Z,30.17972333333333
2025-08-08T22:53:00Z,30.179261666666665
2025-08-08T22:54:00Z,30.17907
2025-08-08T22:55:00Z,30.178563333333333
2025-08-08T22:56:00Z,30.176818333333333
2025-08-08T22:57:00Z,30.176703333333332
2025-08-08T22:58:00Z,30.176148333333334
2025-08-08T22:59:00Z,30.175829999999998
2025-08-08T23:00:00Z,30.175298333333334
2025-08-08T23:01:00Z,30.174866666666667
2025-08-08T23:02:00Z,30.17380166666667
2025-08-08T23:03:00Z,30.173225000000002
2025-08-08T23:04:00Z,30.172933333333333
2025-08-08T23:05:00Z,30.172155
2025-08-08T23:06:00Z,30.171388333333333
2025-08-08T23:07:00Z,30.171898333333335
2025-08-08T23:08:00Z,30.173613333333336
2025-08-08T23:09:00Z,30.173366666666666
2025-08-08T23:10:00Z,30.17240166666667
2025-08-08T23:11:00Z,30.171048333333335
2025-08-08T23:12:00Z,30.170198333333335
2025-08-08T23:13:00Z,30.16916666666667
2025-08-08T23:14:00Z,30.16870666666667
2025-08-08T23:15:00Z,30.16822666666667
2025-08-08T23:16:00Z,30.16747
2025-08-08T23:17:00Z,30.166765
2025-08-08T23:18:00Z,30.165903333333333
2025-08-08T23:19:00Z,30.165123333333334
2025-08-08T23:20:00Z,30.163793333333334
2025-08-08T23:21:00Z,30.163551666666667
2025-08-08T23:22:00Z,30.162931666666665
2025-08-08T23:23:00Z,30.16244
2025-08-08T23:24:00Z,30.162586666666666
2025-08-08T23:25:00Z,30.161326666666668
2025-08-08T23:26:00Z,30.160228333333333
2025-08-08T23:27:00Z,30.158665
2025-08-08T23:28:00Z,30.158761666666667
2025-08-08T23:29:00Z,30.157971666666665
2025-08-08T23:30:00Z,30.157731666666667
2025-08-08T23:31:00Z,30.157541666666667
2025-08-08T23:32:00Z,30.157486666666667
2025-08-08T23:33:00Z,30.156473333333334
2025-08-08T23:34:00Z,30.155996666666667
2025-08-08T23:35:00Z,30.155551666666668
2025-08-08T23:36:00Z,30.155646666666666
2025-08-08T23:37:00Z,30.15491
2025-08-08T23:38:00Z,30.154466666666664
2025-08-08T23:39:00Z,30.15420333333333
2025-08-08T23:40:00Z,30.154243333333334
2025-08-08T23:41:00Z,30.15444833333333
2025-08-08T23:42:00Z,30.154223333333334
2025-08-08T23:43:00Z,30.15419
2025-08-08T23:44:00Z,30.15435
2025-08-08T23:45:00Z,30.153981666666667
2025-08-08T23:46:00Z,30.154561666666666
2025-08-08T23:47:00Z,30.154245
2025-08-08T23:48:00Z,30.154273333333332
2025-08-08T23:49:00Z,30.153286666666666
2025-08-08T23:50:00Z,30.15313
2025-08-08T23:51:00Z,30.1529
2025-08-08T23:52:00Z,30.152476666666665
2025-08-08T23:53:00Z,30.151836666666664
2025-08-08T23:54:00Z,30.151501666666665
2025-08-08T23:55:00Z,30.151445
2025-08-08T23:56:00Z,30.151249999999997
2025-08-08T23:57:00Z,30.15084333333333
2025-08-08T23:58:00Z,30.150001666666665
2025-08-08T23:59:00Z,30.14938833333333
2025-08-09T00:00:00Z,30.149003333333333
2025-08-09T00:01:00Z,30.14847
2025-08-09T00:02:00Z,30.14866333333333
2025-08-09T00:03:00Z,30.149684999999998
2025-08-09T00:04:00Z,30.149905
2025-08-09T00:05:00Z,30.150456666666667
2025-08-09T00:06:00Z,30.151108333333333
2025-08-09T00:07:00Z,30.150354999999998
2025-08-09T00:08:00Z,30.15053
2025-08-09T00:09:00Z,30.150423333333332
2025-08-09T00:10:00Z,30.149896666666667
2025-08-09T00:11:00Z,30.148965
2025-08-09T00:12:00Z,30.147
2025-08-09T00:13:00Z,30.145211666666665
2025-08-09T00:14:00Z,30.14284
2025-08-09T00:15:00Z,30.141398333333335
2025-08-09T00:16:00Z,30.139288333333333
2025-08-09T00:17:00Z,30.136948333333333
2025-08-09T00:18:00Z,30.134168333333335
2025-08-09T00:19:00Z,30.132036666666668
2025-08-09T00:20:00Z,30.130683333333334
2025-08-09T00:21:00Z,30.12982
2025-08-09T00:22:00Z,30.129095
2025-08-09T00:23:00Z,30.13131
2025-08-09T00:24:00Z,30.130588333333332
2025-08-09T00:25:00Z,30.128656666666668
2025-08-09T00:26:00Z,30.124113333333334
2025-08-09T00:27:00Z,30.11995
2025-08-09T00:28:00Z,30.1158
2025-08-09T00:29:00Z,30.108283333333333
2025-08-09T00:30:00Z,30.102291666666666
2025-08-09T00:31:00Z,30.09564333333333
2025-08-09T00:32:00Z,30.089795
2025-08-09T00:33:00Z,30.083285
2025-08-09T00:34:00Z,30.07875
2025-08-09T00:35:00Z,30.072968333333336
2025-08-09T00:36:00Z,30.068365
2025-08-09T00:37:00Z,30.064571666666666
2025-08-09T00:38:00Z,30.05869333333333
2025-08-09T00:39:00Z,30.052818333333335
2025-08-09T00:40:00Z,30.047723333333334
2025-08-09T00:41:00Z,30.043418333333335
2025-08-09T00:42:00Z,30.041026666666667
2025-08-09T00:43:00Z,30.03931
2025-08-09T00:44:00Z,30.037618333333334
2025-08-09T00:45:00Z,30.032526666666666
2025-08-09T00:46:00Z,30.028243333333332
2025-08-09T00:47:00Z,30.024446666666666
2025-08-09T00:48:00Z,30.020415
2025-08-09T00:49:00Z,30.017293333333335
2025-08-09T00:50:00Z,30.009241666666668
2025-08-09T00:51:00Z,30.000063333333333
2025-08-09T00:52:00Z,29.992553333333333
2025-08-09T00:53:00Z,29.983368333333335
2025-08-09T00:54:00Z,29.97348
2025-08-09T00:55:00Z,29.963916666666666
2025-08-09T00:56:00Z,29.95666166666667
2025-08-09T00:57:00Z,29.95089
2025-08-09T00:58:00Z,29.947691666666667
2025-08-09T00:59:00Z,29.945161666666667
2025-08-09T01:00:00Z,29.943315
2025-08-09T01:01:00Z,29.9412
2025-08-09T01:02:00Z,29.939845
2025-08-09T01:03:00Z,29.937813333333334
2025-08-09T01:04:00Z,29.93644
2025-08-09T01:05:00Z,29.933875
2025-08-09T01:06:00Z,29.932211666666667
2025-08-09T01:07:00Z,29.931461666666667
2025-08-09T01:08:00Z,29.930803333333333
2025-08-09T01:09:00Z,29.930395
2025-08-09T01:10:00Z,29.929253333333335
2025-08-09T01:11:00Z,29.926411666666667
2025-08-09T01:12:00Z,29.924476666666667
2025-08-09T01:13:00Z,29.924306666666666
2025-08-09T01:14:00Z,29.922835
2025-08-09T01:15:00Z,29.922953333333332
2025-08-09T01:16:00Z,29.923385
2025-08-09T01:17:00Z,29.923603333333332
2025-08-09T01:18:00Z,29.924088333333334
2025-08-09T01:19:00Z,29.92346
2025-08-09T01:20:00Z,29.9236
2025-08-09T01:21:00Z,29.923313333333333
2025-08-09T01:22:00Z,29.922321666666665
2025-08-09T01:23:00Z,29.921551666666666
2025-08-09T01:24:00Z,29.921405
2025-08-09T01:25:00Z,29.920653333333334
2025-08-09T01:26:00Z,29.92005
2025-08-09T01:27:00Z,29.919808333333332
2025-08-09T01:28:00Z,29.919425
2025-08-09T01:29:00Z,29.919571666666666
2025-08-09T01:30:00Z,29.920006666666666
2025-08-09T01:31:00Z,29.920053333333332
2025-08-09T01:32:00Z,29.920125
2025-08-09T01:33:00Z,29.920563333333334
2025-08-09T01:34:00Z,29.919691666666665
2025-08-09T01:35:00Z,29.919204999999998
2025-08-09T01:36:00Z,29.918553333333332
2025-08-09T01:37:00Z,29.920461666666668
2025-08-09T01:38:00Z,29.921336666666665
2025-08-09T01:39:00Z,29.921363333333332
2025-08-09T01:40:00Z,29.921166666666668
2025-08-09T01:41:00Z,29.920506666666668
2025-08-09T01:42:00Z,29.919881666666665
2025-08-09T01:43:00Z,29.919383333333332
2025-08-09T01:44:00Z,29.918478333333333
2025-08-09T01:45:00Z,29.91829
2025-08-09T01:46:00Z,29.918576666666667
2025-08-09T01:47:00Z,29.918268333333334
2025-08-09T01:48:00Z,29.918501666666668
2025-08-09T01:49:00Z,29.918241666666667
2025-08-09T01:50:00Z,29.918143333333333
2025-08-09T01:51:00Z,29.917611666666666
2025-08-09T01:52:00Z,29.917438333333333
2025-08-09T01:53:00Z,29.917105
2025-08-09T01:54:00Z,29.916618333333332
2025-08-09T01:55:00Z,29.91625833333333
2025-08-09T01:56:00Z,29.915751666666665
2025-08-09T01:57:00Z,29.915533333333332
2025-08-09T01:58:00Z,29.91539
2025-08-09T01:59:00Z,29.915343333333333
2025-08-09T02:00:00Z,29.91478
2025-08-09T02:01:00Z,29.914225
2025-08-09T02:02:00Z,29.914006666666666
2025-08-09T02:03:00Z,29.914015
2025-08-09T02:04:00Z,29.914061666666665
2025-08-09T02:05:00Z,29.914344999999997
2025-08-09T02:06:00Z,29.913771666666666
2025-08-09T02:07:00Z,29.914015
2025-08-09T02:08:00Z,29.914054999999998
2025-08-09T02:09:00Z,29.913623333333334
2025-08-09T02:10:00Z,29.913481666666666
2025-08-09T02:11:00Z,29.913601666666665
2025-08-09T02:12:00Z,29.913546666666665
2025-08-09T02:13:00Z,29.912995
2025-08-09T02:14:00Z,29.912558333333333
2025-08-09T02:15:00Z,29.912654999999997
2025-08-09T02:16:00Z,29.91246333333333
2025-08-09T02:17:00Z,29.912826666666664
2025-08-09T02:18:00Z,29.912538333333334
2025-08-09T02:19:00Z,29.913163333333333
2025-08-09T02:20:00Z,29.912991666666667
2025-08-09T02:21:00Z,29.912948333333333
2025-08-09T02:22:00Z,29.912826666666664
2025-08-09T02:23:00Z,29.912345
2025-08-09T02:24:00Z,29.912156666666665
2025-08-09T02:25:00Z,29.911785
2025-08-09T02:26:00Z,29.911471666666664
2025-08-09T02:27:00Z,29.911445
2025-08-09T02:28:00Z,29.910968333333333
2025-08-09T02:29:00Z,29.910623333333334
2025-08-09T02:30:00Z,29.910578333333333
2025-08-09T02:31:00Z,29.910754999999998
2025-08-09T02:32:00Z,29.91070333333333
2025-08-09T02:33:00Z,29.91085
2025-08-09T02:34:00Z,29.91067333333333
2025-08-09T02:35:00Z,29.910745
2025-08-09T02:36:00Z,29.910361666666667
2025-08-09T02:37:00Z,29.910435
2025-08-09T02:38:00Z,29.91067333333333
2025-08-09T02:39:00Z,29.910563333333332
2025-08-09T02:40:00Z,29.910941666666666
2025-08-09T02:41:00Z,29.91149833333333
2025-08-09T02:42:00Z,29.911088333333332
2025-08-09T02:43:00Z,29.91135333333333
2025-08-09T02:44:00Z,29.91106333333333
2025-08-09T02:45:00Z,29.911111666666667
2025-08-09T02:46:00Z,29.911624999999997
2025-08-09T02:47:00Z,29.911884999999998
2025-08-09T02:48:00Z,29.911759999999997
2025-08-09T02:49:00Z,29.91149833333333
2025-08-09T02:50:00Z,29.91178833333333
2025-08-09T02:51:00Z,29.911596666666664
2025-08-09T02:52:00Z,29.911405
2025-08-09T02:53:00Z,29.911928333333332
2025-08-09T02:54:00Z,29.911811666666665
2025-08-09T02:55:00Z,29.911808333333333
2025-08-09T02:56:00Z,29.911831666666664
2025-08-09T02:57:00Z,29.913071666666667
2025-08-09T02:58:00Z,29.914423333333332
2025-08-09T02:59:00Z,29.913911666666667
2025-08-09T03:00:00Z,29.913283333333332
2025-08-09T03:01:00Z,29.9121
2025-08-09T03:02:00Z,29.911666666666665
2025-08-09T03:03:00Z,29.911738333333332
2025-08-09T03:04:00Z,29.911086666666666
2025-08-09T03:05:00Z,29.911546666666666
2025-08-09T03:06:00Z,29.911236666666664
2025-08-09T03:07:00Z,29.911469999999998
2025-08-09T03:08:00Z,29.91159833333333
2025-08-09T03:09:00Z,29.911109999999997
2025-08-09T03:10:00Z,29.911089999999998
2025-08-09T03:11:00Z,29.91137833333333
2025-08-09T03:12:00Z,29.911465
2025-08-09T03:13:00Z,29.91171333333333
2025-08-09T03:14:00Z,29.911915
2025-08-09T03:15:00Z,29.91198
2025-08-09T03:16:00Z,29.9122
2025-08-09T03:17:00Z,29.912971666666664
2025-08-09T03:18:00Z,29.91311333333333
2025-08-09T03:19:00Z,29.913526666666666
2025-08-09T03:20:00Z,29.914565
2025-08-09T03:21:00Z,29.914973333333332
2025-08-09T03:22:00Z,29.91555333333333
2025-08-09T03:23:00Z,29.916528333333332
2025-08-09T03:24:00Z,29.916953333333332
2025-08-09T03:25:00Z,29.91737
2025-08-09T03:26:00Z,29.917511666666666
2025-08-09T03:27:00Z,29.917996666666667
2025-08-09T03:28:00Z,29.918021666666665
2025-08-09T03:29:00Z,29.918505
2025-08-09T03:30:00Z,29.918776666666666
2025-08-09T03:31:00Z,29.918871666666668
2025-08-09T03:32:00Z,29.919233333333334
2025-08-09T03:33:00Z,29.91889833333333
2025-08-09T03:34:00Z,29.918656666666667
2025-08-09T03:35:00Z,29.918503333333334
2025-08-09T03:36:00Z,29.91888833333333
2025-08-09T03:37:00Z,29.919806666666666
2025-08-09T03:38:00Z,29.919958333333334
2025-08-09T03:39:00Z,29.92046
2025-08-09T03:40:00Z,29.920413333333332
2025-08-09T03:41:00Z,29.920758333333332
2025-08-09T03:42:00Z,29.92143
2025-08-09T03:43:00Z,29.921803333333333
2025-08-09T03:44:00Z,29.922226666666667
2025-08-09T03:45:00Z,29.922255
2025-08-09T03:46:00Z,29.922875
2025-08-09T03:47:00Z,29.922738333333335
2025-08-09T03:48:00Z,29.922971666666665
2025-08-09T03:49:00Z,29.923268333333333
2025-08-09T03:50:00Z,29.923311666666667
2025-08-09T03:51:00Z,29.923866666666665
2025-08-09T03:52:00Z,29.923968333333335
2025-08-09T03:53:00Z,29.923991666666666
2025-08-09T03:54:00Z,29.92494
2025-08-09T03:55:00Z,29.925435
2025-08-09T03:56:00Z,29.925785
2025-08-09T03:57:00Z,29.925925
2025-08-09T03:58:00Z,29.926116666666665
2025-08-09T03:59:00Z,29.926408333333335
2025-08-09T04:00:00Z,29.925898333333333
2025-08-09T04:01:00Z,29.92745
2025-08-09T04:02:00Z,29.927765
2025-08-09T04:03:00Z,29.928315
2025-08-09T04:04:00Z,29.929163333333335
2025-08-09T04:05:00Z,29.930466666666668
2025-08-09T04:06:00Z,29.931216666666668
2025-08-09T04:07:00Z,29.93187
2025-08-09T04:08:00Z,29.931523333333335
2025-08-09T04:09:00Z,29.931413333333335
2025-08-09T04:10:00Z,29.931648333333335
2025-08-09T04:11:00Z,29.932375
2025-08-09T04:12:00Z,29.934963333333336
2025-08-09T04:13:00Z,29.93588
2025-08-09T04:14:00Z,29.936315
2025-08-09T04:15:00Z,29.937261666666668
2025-08-09T04:16:00Z,29.93769
2025-08-09T04:17:00Z,29.938976666666665
2025-08-09T04:18:00Z,29.93998333333333
2025-08-09T04:19:00Z,29.93987
2025-08-09T04:20:00Z,29.940563333333333
2025-08-09T04:21:00Z,29.940013333333333
2025-08-09T04:22:00Z,29.94004
2025-08-09T04:23:00Z,29.94006333333333
2025-08-09T04:24:00Z,29.940426666666664
2025-08-09T04:25:00Z,29.940131666666666
2025-08-09T04:26:00Z,29.940466666666666
2025-08-09T04:27:00Z,29.940784999999998
2025-08-09T04:28:00Z,29.941828333333333
2025-08-09T04:29:00Z,29.941995
2025-08-09T04:30:00Z,29.943293333333333
2025-08-09T04:31:00Z,29.944018333333332
2025-08-09T04:32:00Z,29.944164999999998
2025-08-09T04:33:00Z,29.944836666666667
2025-08-09T04:34:00Z,29.945136666666667
2025-08-09T04:35:00Z,29.945809999999998
2025-08-09T04:36:00Z,29.946658333333332
2025-08-09T04:37:00Z,29.946681666666667
2025-08-09T04:38:00Z,29.947236666666665
2025-08-09T04:39:00Z,29.94686
2025-08-09T04:40:00Z,29.946703333333332
2025-08-09T04:41:00Z,29.946808333333333
2025-08-09T04:42:00Z,29.94729
2025-08-09T04:43:00Z,29.947361666666666
2025-08-09T04:44:00Z,29.947648333333333
2025-08-09T04:45:00Z,29.9482
2025-08-09T04:46:00Z,29.949076666666667
2025-08-09T04:47:00Z,29.9498
2025-08-09T04:48:00Z,29.950793333333333
2025-08-09T04:49:00Z,29.95229
2025-08-09T04:50:00Z,29.953595
2025-08-09T04:51:00Z,29.955405
2025-08-09T04:52:00Z,29.95676166666667
2025-08-09T04:53:00Z,29.958066666666667
2025-08-09T04:54:00Z,29.958691666666667
2025-08-09T04:55:00Z,29.959298333333333
2025-08-09T04:56:00Z,29.960018333333334
2025-08-09T04:57:00Z,29.960118333333334
2025-08-09T04:58:00Z,29.959655
2025-08-09T04:59:00Z,29.959296666666667
2025-08-09T05:00:00Z,29.95944
2025-08-09T05:01:00Z,29.96014166666667
2025-08-09T05:02:00Z,29.960875
2025-08-09T05:03:00Z,29.961158333333334
2025-08-09T05:04:00Z,29.960895
2025-08-09T05:05:00Z,29.96144
2025-08-09T05:06:00Z,29.961373333333334
2025-08-09T05:07:00Z,29.962343333333333
2025-08-09T05:08:00Z,29.96532
2025-08-09T05:09:00Z,29.967485
2025-08-09T05:10:00Z,29.96975833333333
2025-08-09T05:11:00Z,29.971114999999998
2025-08-09T05:12:00Z,29.972636666666666
2025-08-09T05:13:00Z,29.973171666666666
2025-08-09T05:14:00Z,29.973506666666665
2025-08-09T05:15:00Z,29.973554999999998
2025-08-09T05:16:00Z,29.974498333333333
2025-08-09T05:17:00Z,29.97554
2025-08-09T05:18:00Z,29.976741666666666
2025-08-09T05:19:00Z,29.978826666666667
2025-08-09T05:20:00Z,29.978871666666667
2025-08-09T05:21:00Z,29.979471666666665
2025-08-09T05:22:00Z,29.98073
2025-08-09T05:23:00Z,29.980706666666666
2025-08-09T05:24:00Z,29.981485
2025-08-09T05:25:00Z,29.98252
2025-08-09T05:26:00Z,29.984338333333334
2025-08-09T05:27:00Z,29.987231666666666
2025-08-09T05:28:00Z,29.987426666666668
2025-08-09T05:29:00Z,29.987041666666666
2025-08-09T05:30:00Z,29.986925
2025-08-09T05:31:00Z,29.986413333333335
2025-08-09T05:32:00Z,29.986435
2025-08-09T05:33:00Z,29.985711666666667
2025-08-09T05:34:00Z,29.985541666666666
2025-08-09T05:35:00Z,29.985805
2025-08-09T05:36:00Z,29.985183333333335
2025-08-09T05:37:00Z,29.985466666666667
2025-08-09T05:38:00Z,29.985418333333335
2025-08-09T05:39:00Z,29.984981666666666
2025-08-09T05:40:00Z,29.984985000000002
2025-08-09T05:41:00Z,29.98532
2025-08-09T05:42:00Z,29.985543333333332
2025-08-09T05:43:00Z,29.985441666666667
2025-08-09T05:44:00Z,29.98646
2025-08-09T05:45:00Z,29.98651
2025-08-09T05:46:00Z,29.98757
2025-08-09T05:47:00Z,29.987806666666668
2025-08-09T05:48:00Z,29.98894166666667
2025-08-09T05:49:00Z,29.989313333333335
2025-08-09T05:50:00Z,29.989665000000002
2025-08-09T05:51:00Z,29.9906
2025-08-09T05:52:00Z,29.991295
2025-08-09T05:53:00Z,29.990930000000002
2025-08-09T05:54:00Z,29.991846666666667
2025-08-09T05:55:00Z,29.99241
2025-08-09T05:56:00Z,29.992523333333335
2025-08-09T05:57:00Z,29.992525
2025-08-09T05:58:00Z,29.992865000000002
2025-08-09T05:59:00Z,29.992721666666668
2025-08-09T06:00:00Z,29.991678333333336
2025-08-09T06:01:00Z,29.992230000000003
2025-08-09T06:02:00Z,29.991775
2025-08-09T06:03:00Z,29.991703333333334
2025-08-09T06:04:00Z,29.991388333333333
2025-08-09T06:05:00Z,29.991776666666667
2025-08-09T06:06:00Z,29.99151
2025-08-09T06:07:00Z,29.991846666666667
2025-08-09T06:08:00Z,29.991913333333336
2025-08-09T06:09:00Z,29.99151
2025-08-09T06:10:00Z,29.991585
2025-08-09T06:11:00Z,29.991705
2025-08-09T06:12:00Z,29.99194
2025-08-09T06:13:00Z,29.992185000000003
2025-08-09T06:14:00Z,29.992138333333333
2025-08-09T06:15:00Z,29.992133333333335
2025-08-09T06:16:00Z,29.992620000000002
2025-08-09T06:17:00Z,29.99240166666667
2025-08-09T06:18:00Z,29.992358333333335
2025-08-09T06:19:00Z,29.992358333333335
2025-08-09T06:20:00Z,29.992668333333334
2025-08-09T06:21:00Z,29.992865000000002
2025-08-09T06:22:00Z,29.992530000000002
2025-08-09T06:23:00Z,29.992605
2025-08-09T06:24:00Z,29.991456666666668
2025-08-09T06:25:00Z,29.991656666666668
2025-08-09T06:26:00Z,29.990905
2025-08-09T06:27:00Z,29.990715
2025-08-09T06:28:00Z,29.98968166666667
2025-08-09T06:29:00Z,29.988728333333334
2025-08-09T06:30:00Z,29.988275
2025-08-09T06:31:00Z,29.987865
2025-08-09T06:32:00Z,29.987453333333335
2025-08-09T06:33:00Z,29.98748
2025-08-09T06:34:00Z,29.986458333333335
2025-08-09T06:35:00Z,29.986871666666666
2025-08-09T06:36:00Z,29.986986666666667
2025-08-09T06:37:00Z,29.987598333333334
2025-08-09T06:38:00Z,29.987403333333333
2025-08-09T06:39:00Z,29.987758333333336
2025-08-09T06:40:00Z,29.987813333333335
2025-08-09T06:41:00Z,29.990303333333333
2025-08-09T06:42:00Z,29.991995000000003
2025-08-09T06:43:00Z,29.99267
2025-08-09T06:44:00Z,29.992643333333334
2025-08-09T06:45:00Z,29.992696666666667
2025-08-09T06:46:00Z,29.992111666666666
2025-08-09T06:47:00Z,29.993055000000002
2025-08-09T06:48:00Z,29.993056666666668
2025-08-09T06:49:00Z,29.993255
2025-08-09T06:50:00Z,29.993525
2025-08-09T06:51:00Z,29.9939
2025-08-09T06:52:00Z,29.993993333333336
2025-08-09T06:53:00Z,29.993543333333335
2025-08-09T06:54:00Z,29.993398333333335
2025-08-09T06:55:00Z,29.993928333333336
2025-08-09T06:56:00Z,29.994388333333333
2025-08-09T06:57:00Z,29.994151666666667
2025-08-09T06:58:00Z,29.993858333333336
2025-08-09T06:59:00Z,29.994313333333334
2025-08-09T07:00:00Z,29.993255
2025-08-09T07:01:00Z,29.992985
2025-08-09T07:02:00Z,29.993080000000003
2025-08-09T07:03:00Z,29.993491666666667
2025-08-09T07:04:00Z,29.993398333333335
2025-08-09T07:05:00Z,29.991676666666667
2025-08-09T07:06:00Z,29.989623333333334
2025-08-09T07:07:00Z,29.9881
2025-08-09T07:08:00Z,29.98707
2025-08-09T07:09:00Z,29.986800000000002
2025-08-09T07:10:00Z,29.985448333333334
2025-08-09T07:11:00Z,29.985516666666665
2025-08-09T07:12:00Z,29.985253333333333
2025-08-09T07:13:00Z,29.98378
2025-08-09T07:14:00Z,29.98249
2025-08-09T07:15:00Z,29.981046666666668
2025-08-09T07:16:00Z,29.98015
2025-08-09T07:17:00Z,29.979448333333334
2025-08-09T07:18:00Z,29.978656666666666
2025-08-09T07:19:00Z,29.977565
2025-08-09T07:20:00Z,29.977641666666667
2025-08-09T07:21:00Z,29.977854999999998
2025-08-09T07:22:00Z,29.978293333333333
2025-08-09T07:23:00Z,29.978875
2025-08-09T07:24:00Z,29.979305
2025-08-09T07:25:00Z,29.979421666666667
2025-08-09T07:26:00Z,29.98061
2025-08-09T07:27:00Z,29.980565
2025-08-09T07:28:00Z,29.980488333333334
2025-08-09T07:29:00Z,29.979378333333333
2025-08-09T07:30:00Z,29.97846
2025-08-09T07:31:00Z,29.977375
2025-08-09T07:32:00Z,29.97602
2025-08-09T07:33:00Z,29.97508
2025-08-09T07:34:00Z,29.975031666666666
2025-08-09T07:35:00Z,29.975946666666665
2025-08-09T07:36:00Z,29.97786
2025-08-09T07:37:00Z,29.979913333333332
2025-08-09T07:38:00Z,29.981338333333333
2025-08-09T07:39:00Z,29.982668333333333
2025-08-09T07:40:00Z,29.983266666666665
2025-08-09T07:41:00Z,29.984333333333332
2025-08-09T07:42:00Z,29.984695000000002
2025-08-09T07:43:00Z,29.985785
2025-08-09T07:44:00Z,29.986703333333335
2025-08-09T07:45:00Z,29.98759666666667
2025-08-09T07:46:00Z,29.988345000000002
2025-08-09T07:47:00Z,29.99013
2025-08-09T07:48:00Z,29.991921666666666
2025-08-09T07:49:00Z,29.993105
2025-08-09T07:50:00Z,29.993568333333336
2025-08-09T07:51:00Z,29.99510666666667
2025-08-09T07:52:00Z,29.99641666666667
2025-08-09T07:53:00Z,29.997356666666665
2025-08-09T07:54:00Z,29.998421666666665
2025-08-09T07:55:00Z,29.99663
2025-08-09T07:56:00Z,29.99547666666667
2025-08-09T07:57:00Z,29.994818333333335
2025-08-09T07:58:00Z,29.99315166666667
2025-08-09T07:59:00Z,29.991728333333334
2025-08-09T08:00:00Z,29.989990000000002
2025-08-09T08:01:00Z,29.989751666666667
2025-08-09T08:02:00Z,29.991293333333335
2025-08-09T08:03:00Z,29.99552166666667
2025-08-09T08:04:00Z,29.99859
2025-08-09T08:05:00Z,30.00301333333333
2025-08-09T08:06:00Z,30.005868333333332
2025-08-09T08:07:00Z,30.007898333333333
2025-08-09T08:08:00Z,30.008261666666666
2025-08-09T08:09:00Z,30.008573333333334
2025-08-09T08:10:00Z,30.009295
2025-08-09T08:11:00Z,30.009876666666667
2025-08-09T08:12:00Z,30.009563333333332
2025-08-09T08:13:00Z,30.010281666666668
2025-08-09T08:14:00Z,30.01002
2025-08-09T08:15:00Z,30.008601666666667
2025-08-09T08:16:00Z,30.009008333333334
2025-08-09T08:17:00Z,30.010263333333334
2025-08-09T08:18:00Z,30.01165
2025-08-09T08:19:00Z,30.012026666666667
2025-08-09T08:20:00Z,30.012761666666666
2025-08-09T08:21:00Z,30.014686666666666
2025-08-09T08:22:00Z,30.016091666666668
2025-08-09T08:23:00Z,30.01749166666667
2025-08-09T08:24:00Z,30.018046666666667
2025-08-09T08:25:00Z,30.019103333333334
2025-08-09T08:26:00Z,30.020870000000002
2025-08-09T08:27:00Z,30.023138333333335
2025-08-09T08:28:00Z,30.024593333333332
2025-08-09T08:29:00Z,30.025896666666664
2025-08-09T08:30:00Z,30.02652833333333
2025-08-09T08:31:00Z,30.02433
2025-08-09T08:32:00Z,30.025388333333332
2025-08-09T08:33:00Z,30.026933333333332
2025-08-09T08:34:00Z,30.027801666666665
2025-08-09T08:35:00Z,30.02765833333333
2025-08-09T08:36:00Z,30.025971666666667
2025-08-09T08:37:00Z,30.025033333333333
2025-08-09T08:38:00Z,30.02658
2025-08-09T08:39:00Z,30.030105
2025-08-09T08:40:00Z,30.032615
2025-08-09T08:41:00Z,30.034693333333333
2025-08-09T08:42:00Z,30.030943333333333
2025-08-09T08:43:00Z,30.028611666666666
2025-08-09T08:44:00Z,30.025776666666665
2025-08-09T08:45:00Z,30.025293333333334
2025-08-09T08:46:00Z,30.027321666666666
2025-08-09T08:47:00Z,30.028366666666667
2025-08-09T08:48:00Z,30.02899
2025-08-09T08:49:00Z,30.031216666666666
2025-08-09T08:50:00Z,30.034335
2025-08-09T08:51:00Z,30.038151666666668
2025-08-09T08:52:00Z,30.038606666666666
2025-08-09T08:53:00Z,30.040328333333335
2025-08-09T08:54:00Z,30.041805
2025-08-09T08:55:00Z,30.043108333333333
2025-08-09T08:56:00Z,30.043928333333334
2025-08-09T08:57:00Z,30.045693333333332
2025-08-09T08:58:00Z,30.046461666666666
2025-08-09T08:59:00Z,30.04671
2025-08-09T09:00:00Z,30.047435
2025-08-09T09:01:00Z,30.04871166666667
2025-08-09T09:02:00Z,30.05009
2025-08-09T09:03:00Z,30.05009
2025-08-09T09:04:00Z,30.047088333333335
2025-08-09T09:05:00Z,30.04436
2025-08-09T09:06:00Z,30.044990000000002
2025-08-09T09:07:00Z,30.04764666666667
2025-08-09T09:08:00Z,30.050815
2025-08-09T09:09:00Z,30.055139999999998
2025-08-09T09:10:00Z,30.057436666666664
2025-08-09T09:11:00Z,30.06043
2025-08-09T09:12:00Z,30.061976666666666
2025-08-09T09:13:00Z,30.062263333333334
2025-08-09T09:14:00Z,30.06154833333333
2025-08-09T09:15:00Z,30.061878333333333
2025-08-09T09:16:00Z,30.06292
2025-08-09T09:17:00Z,30.063793333333333
2025-08-09T09:18:00Z,30.064328333333332
2025-08-09T09:19:00Z,30.064948333333334
2025-08-09T09:20:00Z,30.06681
2025-08-09T09:21:00Z,30.067993333333334
2025-08-09T09:22:00Z,30.06978
2025-08-09T09:23:00Z,30.070338333333332
2025-08-09T09:24:00Z,30.071405
2025-08-09T09:25:00Z,30.071085
2025-08-09T09:26:00Z,30.068431666666665
2025-08-09T09:27:00Z,30.066908333333334
2025-08-09T09:28:00Z,30.064948333333334
2025-08-09T09:29:00Z,30.065546666666666
2025-08-09T09:30:00Z,30.063215
2025-08-09T09:31:00Z,30.063601666666667
2025-08-09T09:32:00Z,30.06369
2025-08-09T09:33:00Z,30.06374
2025-08-09T09:34:00Z,30.066113333333334
2025-08-09T09:35:00Z,30.068693333333332
2025-08-09T09:36:00Z,30.069135
2025-08-09T09:37:00Z,30.069686666666666
2025-08-09T09:38:00Z,30.069856666666666
2025-08-09T09:39:00Z,30.068575
2025-08-09T09:40:00Z,30.068363333333334
2025-08-09T09:41:00Z,30.068043333333332
2025-08-09T09:42:00Z,30.06908333333333
2025-08-09T09:43:00Z,30.070221666666665
2025-08-09T09:44:00Z,30.071086666666666
2025-08-09T09:45:00Z,30.073
2025-08-09T09:46:00Z,30.074808333333333
2025-08-09T09:47:00Z,30.07346
2025-08-09T09:48:00Z,30.072278333333333
2025-08-09T09:49:00Z,30.07317
2025-08-09T09:50:00Z,30.072298333333332
2025-08-09T09:51:00Z,30.072588333333332
2025-08-09T09:52:00Z,30.073313333333335
2025-08-09T09:53:00Z,30.072666666666667
2025-08-09T09:54:00Z,30.074041666666666
2025-08-09T09:55:00Z,30.075678333333332
2025-08-09T09:56:00Z,30.077908333333333
2025-08-09T09:57:00Z,30.079061666666668
2025-08-09T09:58:00Z,30.079178333333335
2025-08-09T09:59:00Z,30.077998333333333
2025-08-09T10:00:00Z,30.077471666666668
2025-08-09T10:01:00Z,30.077278333333336
2025-08-09T10:02:00Z,30.077201666666667
2025-08-09T10:03:00Z,30.075341666666667
2025-08-09T10:04:00Z,30.068263333333334
2025-08-09T10:05:00Z,30.063185
2025-08-09T10:06:00Z,30.05995
2025-08-09T10:07:00Z,30.05801333333333
2025-08-09T10:08:00Z,30.057993333333332
2025-08-09T10:09:00Z,30.059873333333332
2025-08-09T10:10:00Z,30.06014
2025-08-09T10:11:00Z,30.062939999999998
2025-08-09T10:12:00Z,30.061396666666667
2025-08-09T10:13:00Z,30.056351666666664
2025-08-09T10:14:00Z,30.053565
2025-08-09T10:15:00Z,30.054341666666666
2025-08-09T10:16:00Z,30.056449999999998
2025-08-09T10:17:00Z,30.05965833333333
2025-08-09T10:18:00Z,30.06105833333333
2025-08-09T10:19:00Z,30.062101666666667
2025-08-09T10:20:00Z,30.063858333333332
2025-08-09T10:21:00Z,30.063793333333333
2025-08-09T10:22:00Z,30.057693333333333
2025-08-09T10:23:00Z,30.053381666666667
2025-08-09T10:24:00Z,30.05188
2025-08-09T10:25:00Z,30.049315
2025-08-09T10:26:00Z,30.048833333333334
2025-08-09T10:27:00Z,30.04137
2025-08-09T10:28:00Z,30.039286666666666
2025-08-09T10:29:00Z,30.041873333333335
2025-08-09T10:30:00Z,30.045373333333334
2025-08-09T10:31:00Z,30.049431666666667
2025-08-09T10:32:00Z,30.05506833333333
2025-08-09T10:33:00Z,30.05772
2025-08-09T10:34:00Z,30.060091666666665
2025-08-09T10:35:00Z,30.06345333333333
2025-08-09T10:36:00Z,30.065413333333332
2025-08-09T10:37:00Z,30.067998333333332
2025-08-09T10:38:00Z,30.072495
2025-08-09T10:39:00Z,30.073415
2025-08-09T10:40:00Z,30.07588
2025-08-09T10:41:00Z,30.079238333333336
2025-08-09T10:42:00Z,30.08087666666667
2025-08-09T10:43:00Z,30.080706666666668
2025-08-09T10:44:00Z,30.077736666666667
2025-08-09T10:45:00Z,30.075491666666668
2025-08-09T10:46:00Z,30.075968333333336
2025-08-09T10:47:00Z,30.076633333333334
2025-08-09T10:48:00Z,30.07817
2025-08-09T10:49:00Z,30.08119166666667
2025-08-09T10:50:00Z,30.086433333333332
2025-08-09T10:51:00Z,30.090813333333333
2025-08-09T10:52:00Z,30.093081666666667
2025-08-09T10:53:00Z,30.096563333333332
2025-08-09T10:54:00Z,30.100236666666667
2025-08-09T10:55:00Z,30.103621666666665
2025-08-09T10:56:00Z,30.104733333333336
2025-08-09T10:57:00Z,30.105798333333333
2025-08-09T10:58:00Z,30.10780666666667
2025-08-09T10:59:00Z,30.110096666666667
2025-08-09T11:00:00Z,30.112783333333336
2025-08-09T11:01:00Z,30.11677
2025-08-09T11:02:00Z,30.116525
2025-08-09T11:03:00Z,30.118796666666665
2025-08-09T11:04:00Z,30.1216
2025-08-09T11:05:00Z,30.12273833333333
2025-08-09T11:06:00Z,30.123313333333332
2025-08-09T11:07:00Z,30.125243333333334
2025-08-09T11:08:00Z,30.127495
2025-08-09T11:09:00Z,30.129651666666668
2025-08-09T11:10:00Z,30.134168333333335
2025-08-09T11:11:00Z,30.137648333333335
2025-08-09T11:12:00Z,30.141930000000002
2025-08-09T11:13:00Z,30.14644
2025-08-09T11:14:00Z,30.151356666666665
2025-08-09T11:15:00Z,30.153953333333334
2025-08-09T11:16:00Z,30.156738333333333
2025-08-09T11:17:00Z,30.15749333333333
2025-08-09T11:18:00Z,30.157656666666668
2025-08-09T11:19:00Z,30.160946666666668
2025-08-09T11:20:00Z,30.163415
2025-08-09T11:21:00Z,30.16578
2025-08-09T11:22:00Z,30.16641
2025-08-09T11:23:00Z,30.168631666666666
2025-08-09T11:24:00Z,30.171120000000002
2025-08-09T11:25:00Z,30.17452666666667
2025-08-09T11:26:00Z,30.177411666666664
2025-08-09T11:27:00Z,30.17776333333333
2025-08-09T11:28:00Z,30.178391666666666
2025-08-09T11:29:00Z,30.179551666666665
2025-08-09T11:30:00Z,30.181146666666667
2025-08-09T11:31:00Z,30.18334833333333
2025-08-09T11:32:00Z,30.18618
2025-08-09T11:33:00Z,30.188695
2025-08-09T11:34:00Z,30.192123333333335
2025-08-09T11:35:00Z,30.194126666666666
2025-08-09T11:36:00Z,30.19831
2025-08-09T11:37:00Z,30.195506666666667
2025-08-09T11:38:00Z,30.190418333333334
2025-08-09T11:39:00Z,30.187145
2025-08-09T11:40:00Z,30.185091666666665
2025-08-09T11:41:00Z,30.186978333333332
2025-08-09T11:42:00Z,30.187
2025-08-09T11:43:00Z,30.187795
2025-08-09T11:44:00Z,30.18893
2025-08-09T11:45:00Z,30.189441666666667
2025-08-09T11:46:00Z,30.186418333333332
2025-08-09T11:47:00Z,30.18053833333333
2025-08-09T11:48:00Z,30.175785
2025-08-09T11:49:00Z,30.172133333333335
2025-08-09T11:50:00Z,30.17044166666667
2025-08-09T11:51:00Z,30.167786666666668
2025-08-09T11:52:00Z,30.165685
2025-08-09T11:53:00Z,30.162826666666668
2025-08-09T11:54:00Z,30.158868333333334
2025-08-09T11:55:00Z,30.156603333333333
2025-08-09T11:56:00Z,30.154756666666668
2025-08-09T11:57:00Z,30.15502
2025-08-09T11:58:00Z,30.156381666666665
2025-08-09T11:59:00Z,30.156886666666665
2025-08-09T12:00:00Z,30.151531666666667
2025-08-09T12:01:00Z,30.146515
2025-08-09T12:02:00Z,30.14303166666667
2025-08-09T12:03:00Z,30.141810000000003
2025-08-09T12:04:00Z,30.140308333333333
2025-08-09T12:05:00Z,30.141413333333336
2025-08-09T12:06:00Z,30.14429
2025-08-09T12:07:00Z,30.147773333333333
2025-08-09T12:08:00Z,30.149661666666667
2025-08-09T12:09:00Z,30.15139333333333
2025-08-09T12:10:00Z,30.152998333333333
2025-08-09T12:11:00Z,30.152731666666664
2025-08-09T12:12:00Z,30.15342
2025-08-09T12:13:00Z,30.15263
2025-08-09T12:14:00Z,30.152181666666667
2025-08-09T12:15:00Z,30.152081666666668
2025-08-09T12:16:00Z,30.15672
2025-08-09T12:17:00Z,30.158796666666667
2025-08-09T12:18:00Z,30.161326666666668
2025-08-09T12:19:00Z,30.161595
2025-08-09T12:20:00Z,30.161283333333333
2025-08-09T12:21:00Z,30.160626666666666
2025-08-09T12:22:00Z,30.15886666666667
2025-08-09T12:23:00Z,30.156568333333333
2025-08-09T12:24:00Z,30.155071666666664
2025-08-09T12:25:00Z,30.157398333333333
2025-08-09T12:26:00Z,30.160313333333335
2025-08-09T12:27:00Z,30.160213333333335
2025-08-09T12:28:00Z,30.157343333333333
2025-08-09T12:29:00Z,30.156326666666665
2025-08-09T12:30:00Z,30.157035
2025-08-09T12:31:00Z,30.156763333333334
2025-08-09T12:32:00Z,30.155211666666666
2025-08-09T12:33:00Z,30.150821666666666
2025-08-09T12:34:00Z,30.147141666666666
2025-08-09T12:35:00Z,30.143251666666668
2025-08-09T12:36:00Z,30.13895
2025-08-09T12:37:00Z,30.137765
2025-08-09T12:38:00Z,30.136950000000002
2025-08-09T12:39:00Z,30.137890000000002
2025-08-09T12:40:00Z,30.137671666666666
2025-08-09T12:41:00Z,30.13789166666667
2025-08-09T12:42:00Z,30.139558333333333
2025-08-09T12:43:00Z,30.141875000000002
2025-08-09T12:44:00Z,30.144946666666666
2025-08-09T12:45:00Z,30.145986666666666
2025-08-09T12:46:00Z,30.14717333333333
2025-08-09T12:47:00Z,30.148811666666667
2025-08-09T12:48:00Z,30.148474999999998
2025-08-09T12:49:00Z,30.14842833333333
2025-08-09T12:50:00Z,30.148419999999998
2025-08-09T12:51:00Z,30.14861833333333
2025-08-09T12:52:00Z,30.149561666666667
2025-08-09T12:53:00Z,30.150241666666666
2025-08-09T12:54:00Z,30.152753333333333
2025-08-09T12:55:00Z,30.15422
2025-08-09T12:56:00Z,30.15366
2025-08-09T12:57:00Z,30.153591666666667
2025-08-09T12:58:00Z,30.153221666666667
2025-08-09T12:59:00Z,30.15393
2025-08-09T13:00:00Z,30.155091666666667
2025-08-09T13:01:00Z,30.157051666666668
2025-08-09T13:02:00Z,30.15879
2025-08-09T13:03:00Z,30.160033333333335
2025-08-09T13:04:00Z,30.158891666666666
2025-08-09T13:05:00Z,30.157626666666665
2025-08-09T13:06:00Z,30.158258333333333
2025-08-09T13:07:00Z,30.158603333333332
2025-08-09T13:08:00Z,30.16056
2025-08-09T13:09:00Z,30.164425
2025-08-09T13:10:00Z,30.167083333333334
2025-08-09T13:11:00Z,30.168803333333333
2025-08-09T13:12:00Z,30.173443333333335
2025-08-09T13:13:00Z,30.178518333333333
2025-08-09T13:14:00Z,30.18255
2025-08-09T13:15:00Z,30.184428333333333
2025-08-09T13:16:00Z,30.185091666666665
2025-08-09T13:17:00Z,30.18279
2025-08-09T13:18:00Z,30.17969833333333
2025-08-09T13:19:00Z,30.178173333333334
2025-08-09T13:20:00Z,30.177958333333333
2025-08-09T13:21:00Z,30.17829833333333
2025-08-09T13:22:00Z,30.17940833333333
2025-08-09T13:23:00Z,30.180643333333332
2025-08-09T13:24:00Z,30.181026666666664
2025-08-09T13:25:00Z,30.181798333333333
2025-08-09T13:26:00Z,30.184026666666664
2025-08-09T13:27:00Z,30.185306666666666
2025-08-09T13:28:00Z,30.185981666666667
2025-08-09T13:29:00Z,30.188565
2025-08-09T13:30:00Z,30.192098333333334
2025-08-09T13:31:00Z,30.195123333333335
2025-08-09T13:32:00Z,30.195993333333334
2025-08-09T13:33:00Z,30.194950000000002
2025-08-09T13:34:00Z,30.191411666666667
2025-08-09T13:35:00Z,30.188668333333332
2025-08-09T13:36:00Z,30.186995
2025-08-09T13:37:00Z,30.18547
2025-08-09T13:38:00Z,30.18402
2025-08-09T13:39:00Z,30.183266666666665
2025-08-09T13:40:00Z,30.181995
2025-08-09T13:41:00Z,30.18078333333333
2025-08-09T13:42:00Z,30.17993333333333
2025-08-09T13:43:00Z,30.180226666666666
2025-08-09T13:44:00Z,30.180088333333334
2025-08-09T13:45:00Z,30.180956666666667
2025-08-09T13:46:00Z,30.18155833333333
2025-08-09T13:47:00Z,30.180615
2025-08-09T13:48:00Z,30.181365
2025-08-09T13:49:00Z,30.183301666666665
2025-08-09T13:50:00Z,30.186123333333335
2025-08-09T13:51:00Z,30.188033333333333
2025-08-09T13:52:00Z,30.186395
2025-08-09T13:53:00Z,30.18545
2025-08-09T13:54:00Z,30.184293333333333
2025-08-09T13:55:00Z,30.181221666666666
2025-08-09T13:56:00Z,30.179454999999997
2025-08-09T13:57:00Z,30.17842
2025-08-09T13:58:00Z,30.178148333333333
2025-08-09T13:59:00Z,30.179358333333333
2025-08-09T14:00:00Z,30.18005833333333
2025-08-09T14:01:00Z,30.180756666666667
2025-08-09T14:02:00Z,30.182645
2025-08-09T14:03:00Z,30.182965
2025-08-09T14:04:00Z,30.18424333333333
2025-08-09T14:05:00Z,30.186155
2025-08-09T14:06:00Z,30.187961666666666
2025-08-09T14:07:00Z,30.188786666666665
2025-08-09T14:08:00Z,30.188033333333333
2025-08-09T14:09:00Z,30.18646
2025-08-09T14:10:00Z,30.187428333333333
2025-08-09T14:11:00Z,30.186903333333333
2025-08-09T14:12:00Z,30.185233333333333
2025-08-09T14:13:00Z,30.181865
2025-08-09T14:14:00Z,30.180876666666666
2025-08-09T14:15:00Z,30.178926666666666
2025-08-09T14:16:00Z,30.178295
2025-08-09T14:17:00Z,30.178539999999998
2025-08-09T14:18:00Z,30.17776333333333
2025-08-09T14:19:00Z,30.176991666666666
2025-08-09T14:20:00Z,30.177426666666666
2025-08-09T14:21:00Z,30.178054999999997
2025-08-09T14:22:00Z,30.178641666666664
2025-08-09T14:23:00Z,30.176388333333332
2025-08-09T14:24:00Z,30.174038333333336
2025-08-09T14:25:00Z,30.171556666666667
2025-08-09T14:26:00Z,30.169523333333334
2025-08-09T14:27:00Z,30.167908333333333
2025-08-09T14:28:00Z,30.16411
2025-08-09T14:29:00Z,30.15969
2025-08-09T14:30:00Z,30.15763
2025-08-09T14:31:00Z,30.150615
2025-08-09T14:32:00Z,30.142983333333333
2025-08-09T14:33:00Z,30.13158
2025-08-09T14:34:00Z,30.121808333333334
2025-08-09T14:35:00Z,30.115101666666668
2025-08-09T14:36:00Z,30.108336666666666
2025-08-09T14:37:00Z,30.103615
2025-08-09T14:38:00Z,30.098235
2025-08-09T14:39:00Z,30.092966666666666
2025-08-09T14:40:00Z,30.087346666666665
2025-08-09T14:41:00Z,30.082745
2025-08-09T14:42:00Z,30.081363333333336
2025-08-09T14:43:00Z,30.078675
2025-08-09T14:44:00Z,30.075176666666668
2025-08-09T14:45:00Z,30.0701
2025-08-09T14:46:00Z,30.067436666666666
2025-08-09T14:47:00Z,30.065578333333335
2025-08-09T14:48:00Z,30.064666666666668
2025-08-09T14:49:00Z,30.063476666666666
2025-08-09T14:50:00Z,30.062826666666666
2025-08-09T14:51:00Z,30.06046
2025-08-09T14:52:00Z,30.060195
2025-08-09T14:53:00Z,30.060185
2025-08-09T14:54:00Z,30.061615
2025-08-09T14:55:00Z,30.063018333333332
2025-08-09T14:56:00Z,30.065891666666666
2025-08-09T14:57:00Z,30.069201666666668
2025-08-09T14:58:00Z,30.072298333333332
2025-08-09T14:59:00Z,30.07425
2025-08-09T15:00:00Z,30.07539166666667
2025-08-09T15:01:00Z,30.076743333333333
2025-08-09T15:02:00Z,30.078413333333334
2025-08-09T15:03:00Z,30.079333333333334
2025-08-09T15:04:00Z,30.080303333333333
2025-08-09T15:05:00Z,30.081866666666667
2025-08-09T15:06:00Z,30.08469
2025-08-09T15:07:00Z,30.086893333333332
2025-08-09T15:08:00Z,30.08909333333333
2025-08-09T15:09:00Z,30.09194833333333
2025-08-09T15:10:00Z,30.094073333333334
2025-08-09T15:11:00Z,30.09588
2025-08-09T15:12:00Z,30.098056666666665
2025-08-09T15:13:00Z,30.101133333333333
2025-08-09T15:14:00Z,30.105603333333335
2025-08-09T15:15:00Z,30.111085000000003
2025-08-09T15:16:00Z,30.115563333333334
2025-08-09T15:17:00Z,30.118895
2025-08-09T15:18:00Z,30.121481666666664
2025-08-09T15:19:00Z,30.123318333333334
2025-08-09T15:20:00Z,30.124715
2025-08-09T15:21:00Z,30.12651
2025-08-09T15:22:00Z,30.127836666666667
2025-08-09T15:23:00Z,30.129386666666665
2025-08-09T15:24:00Z,30.131508333333333
2025-08-09T15:25:00Z,30.134173333333333
2025-08-09T15:26:00Z,30.136103333333335
2025-08-09T15:27:00Z,30.138275
2025-08-09T15:28:00Z,30.139701666666667
2025-08-09T15:29:00Z,30.140965
2025-08-09T15:30:00Z,30.143155
2025-08-09T15:31:00Z,30.145768333333333
2025-08-09T15:32:00Z,30.145883333333334
2025-08-09T15:33:00Z,30.141103333333334
2025-08-09T15:34:00Z,30.135108333333335
2025-08-09T15:35:00Z,30.129526666666667
2025-08-09T15:36:00Z,30.122053333333334
2025-08-09T15:37:00Z,30.113338333333335
2025-08-09T15:38:00Z,30.104735
2025-08-09T15:39:00Z,30.097456666666666
2025-08-09T15:40:00Z,30.092021666666664
2025-08-09T15:41:00Z,30.08803
2025-08-09T15:42:00Z,30.083421666666666
2025-08-09T15:43:00Z,30.080735
2025-08-09T15:44:00Z,30.07716
2025-08-09T15:45:00Z,30.074450000000002
2025-08-09T15:46:00Z,30.073581666666666
2025-08-09T15:47:00Z,30.073150000000002
2025-08-09T15:48:00Z,30.073741666666667
2025-08-09T15:49:00Z,30.073025
2025-08-09T15:50:00Z,30.070971666666665
2025-08-09T15:51:00Z,30.069005
2025-08-09T15:52:00Z,30.067683333333335
2025-08-09T15:53:00Z,30.066888333333335
2025-08-09T15:54:00Z,30.066425
2025-08-09T15:55:00Z,30.066936666666667
2025-08-09T15:56:00Z,30.067513333333334
2025-08-09T15:57:00Z,30.069281666666665
2025-08-09T15:58:00Z,30.072175
2025-08-09T15:59:00Z,30.07621166666667
2025-08-09T16:00:00Z,30.080226666666668
2025-08-09T16:01:00Z,30.085066666666666
2025-08-09T16:02:00Z,30.092581666666664
2025-08-09T16:03:00Z,30.098955
2025-08-09T16:04:00Z,30.10638
2025-08-09T16:05:00Z,30.115605000000002
2025-08-09T16:06:00Z,30.121618333333334
2025-08-09T16:07:00Z,30.126383333333333
2025-08-09T16:08:00Z,30.131803333333334
2025-08-09T16:09:00Z,30.135688333333334
2025-08-09T16:10:00Z,30.13868666666667
2025-08-09T16:11:00Z,30.14166
2025-08-09T16:12:00Z,30.14584
2025-08-09T16:13:00Z,30.147626666666664
2025-08-09T16:14:00Z,30.142171666666666
2025-08-09T16:15:00Z,30.125923333333333
2025-08-09T16:16:00Z,30.109176666666666
2025-08-09T16:17:00Z,30.08765
2025-08-09T16:18:00Z,30.066423333333333
2025-08-09T16:19:00Z,30.045253333333335
2025-08-09T16:20:00Z,30.025483333333334
2025-08-09T16:21:00Z,30.004625
2025-08-09T16:22:00Z,29.98655
2025-08-09T16:23:00Z,29.972545
2025-08-09T16:24:00Z,29.935765
2025-08-09T16:25:00Z,29.867725
2025-08-09T16:26:00Z,29.789195
2025-08-09T16:27:00Z,29.699718333333333
2025-08-09T16:28:00Z,29.60161666666667
2025-08-09T16:29:00Z,29.501013333333333
2025-08-09T16:30:00Z,29.420855
2025-08-09T16:31:00Z,29.35547
2025-08-09T16:32:00Z,29.301433333333332
2025-08-09T16:33:00Z,29.262683333333335
2025-08-09T16:34:00Z,29.239021666666666
2025-08-09T16:35:00Z,29.226121666666668
2025-08-09T16:36:00Z,29.222525
2025-08-09T16:37:00Z,29.237003333333334
2025-08-09T16:38:00Z,29.282608333333332
2025-08-09T16:39:00Z,29.333156666666667
2025-08-09T16:40:00Z,29.360463333333332
2025-08-09T16:41:00Z,29.418353333333332
2025-08-09T16:42:00Z,29.489718333333332
2025-08-09T16:43:00Z,29.541708333333332
2025-08-09T16:44:00Z,29.547811666666668
2025-08-09T16:45:00Z,29.530623333333335
2025-08-09T16:46:00Z,29.50344
2025-08-09T16:47:00Z,29.482335
2025-08-09T16:48:00Z,29.46375
2025-08-09T16:49:00Z,29.447941666666665
2025-08-09T16:50:00Z,29.437036666666668
2025-08-09T16:51:00Z,29.453855
2025-08-09T16:52:00Z,29.46718333333333
2025-08-09T16:53:00Z,29.46761
2025-08-09T16:54:00Z,29.46310666666667
2025-08-09T16:55:00Z,29.462406666666666
2025-08-09T16:56:00Z,29.466196666666665
2025-08-09T16:57:00Z,29.473538333333334
2025-08-09T16:58:00Z,29.479206666666666
2025-08-09T16:59:00Z,29.484650000000002
2025-08-09T17:00:00Z,29.492691666666666
2025-08-09T17:01:00Z,29.49993
2025-08-09T17:02:00Z,29.507211666666667
2025-08-09T17:03:00Z,29.519478333333332
2025-08-09T17:04:00Z,29.546613333333333
2025-08-09T17:05:00Z,29.586815
2025-08-09T17:06:00Z,29.649161666666668
2025-08-09T17:07:00Z,29.711246666666668
2025-08-09T17:08:00Z,29.749873333333333
2025-08-09T17:09:00Z,29.77143
2025-08-09T17:10:00Z,29.792121666666667
2025-08-09T17:11:00Z,29.816506666666665
2025-08-09T17:12:00Z,29.866275
2025-08-09T17:13:00Z,29.91544
2025-08-09T17:14:00Z,29.950305
2025-08-09T17:15:00Z,29.99586
2025-08-09T17:16:00Z,30.022055
2025-08-09T17:17:00Z,30.051661666666668
2025-08-09T17:18:00Z,30.083343333333332
2025-08-09T17:19:00Z,30.10913
2025-08-09T17:20:00Z,30.121358333333333
2025-08-09T17:21:00Z,30.113
2025-08-09T17:22:00Z,30.098011666666668
2025-08-09T17:23:00Z,30.085356666666666
2025-08-09T17:24:00Z,30.067013333333332
2025-08-09T17:25:00Z,30.05388
2025-08-09T17:26:00Z,30.048345
2025-08-09T17:27:00Z,30.036775
2025-08-09T17:28:00Z,30.017546666666668
2025-08-09T17:29:00Z,29.999021666666668
2025-08-09T17:30:00Z,29.984208333333335
2025-08-09T17:31:00Z,29.970465
2025-08-09T17:32:00Z,29.931111666666666
2025-08-09T17:33:00Z,29.872286666666668
2025-08-09T17:34:00Z,29.809918333333332
2025-08-09T17:35:00Z,29.762145
2025-08-09T17:36:00Z,29.727871666666665
2025-08-09T17:37:00Z,29.707763333333332
2025-08-09T17:38:00Z,29.700785
2025-08-09T17:39:00Z,29.698775
2025-08-09T17:40:00Z,29.694388333333332
2025-08-09T17:41:00Z,29.688914999999998
2025-08-09T17:42:00Z,29.685556666666667
2025-08-09T17:43:00Z,29.68553
2025-08-09T17:44:00Z,29.699258333333333
2025-08-09T17:45:00Z,29.726426666666665
2025-08-09T17:46:00Z,29.75411
2025-08-09T17:47:00Z,29.781085
2025-08-09T17:48:00Z,29.810746666666667
2025-08-09T17:49:00Z,29.836248333333334
2025-08-09T17:50:00Z,29.853279999999998
2025-08-09T17:51:00Z,29.864595
2025-08-09T17:52:00Z,29.874405
2025-08-09T17:53:00Z,29.891896666666668
2025-08-09T17:54:00Z,29.897575
2025-08-09T17:55:00Z,29.920025
2025-08-09T17:56:00Z,29.948318333333333
2025-08-09T17:57:00Z,29.982646666666668
2025-08-09T17:58:00Z,30.004663333333333
2025-08-09T17:59:00Z,30.019453333333335
2025-08-09T18:00:00Z,30.0425
2025-08-09T18:01:00Z,30.06234
2025-08-09T18:02:00Z,30.079176666666665
2025-08-09T18:03:00Z,30.10347
2025-08-09T18:04:00Z,30.143076666666666
2025-08-09T18:05:00Z,30.167806666666667
2025-08-09T18:06:00Z,30.175753333333333
2025-08-09T18:07:00Z,30.183345
2025-08-09T18:08:00Z,30.194598333333335
2025-08-09T18:09:00Z,30.211865
2025-08-09T18:10:00Z,30.226673333333334
2025-08-09T18:11:00Z,30.229485
2025-08-09T18:12:00Z,30.228661666666667
2025-08-09T18:13:00Z,30.227865
2025-08-09T18:14:00Z,30.222868333333334
2025-08-09T18:15:00Z,30.23026
2025-08-09T18:16:00Z,30.236515
2025-08-09T18:17:00Z,30.246178333333333
2025-08-09T18:18:00Z,30.248625
2025-08-09T18:19:00Z,30.235936666666667
2025-08-09T18:20:00Z,30.226708333333335
2025-08-09T18:21:00Z,30.228546666666666
2025-08-09T18:22:00Z,30.23635
2025-08-09T18:23:00Z,30.240795
2025-08-09T18:24:00Z,30.234553333333334
2025-08-09T18:25:00Z,30.228658333333335
2025-08-09T18:26:00Z,30.233425
2025-08-09T18:27:00Z,30.245596666666668
2025-08-09T18:28:00Z,30.260785000000002
2025-08-09T18:29:00Z,30.276153333333333
2025-08-09T18:30:00Z,30.289543333333334
2025-08-09T18:31:00Z,30.293823333333336
2025-08-09T18:32:00Z,30.29263166666667
2025-08-09T18:33:00Z,30.292546666666667
2025-08-09T18:34:00Z,30.29215
2025-08-09T18:35:00Z,30.29116666666667
2025-08-09T18:36:00Z,30.29314666666667
2025-08-09T18:37:00Z,30.296598333333336
2025-08-09T18:38:00Z,30.300584999999998
2025-08-09T18:39:00Z,30.298703333333332
2025-08-09T18:40:00Z,30.295973333333336
2025-08-09T18:41:00Z,30.297295000000002
2025-08-09T18:42:00Z,30.297523333333334
2025-08-09T18:43:00Z,30.3001
2025-08-09T18:44:00Z,30.303681666666666
2025-08-09T18:45:00Z,30.30605333333333
2025-08-09T18:46:00Z,30.30351333333333
2025-08-09T18:47:00Z,30.30446
2025-08-09T18:48:00Z,30.310281666666665
2025-08-09T18:49:00Z,30.313956666666666
2025-08-09T18:50:00Z,30.318716666666667
2025-08-09T18:51:00Z,30.320528333333336
2025-08-09T18:52:00Z,30.32181
2025-08-09T18:53:00Z,30.322608333333335
2025-08-09T18:54:00Z,30.322096666666667
2025-08-09T18:55:00Z,30.321540000000002
2025-08-09T18:56:00Z,30.32072
2025-08-09T18:57:00Z,30.32074666666667
2025-08-09T18:58:00Z,30.318498333333334
2025-08-09T18:59:00Z,30.317896666666666
2025-08-09T19:00:00Z,30.31983
2025-08-09T19:01:00Z,30.320196666666668
2025-08-09T19:02:00Z,30.32021166666667
2025-08-09T19:03:00Z,30.32149
2025-08-09T19:04:00Z,30.322511666666667
2025-08-09T19:05:00Z,30.323815
2025-08-09T19:06:00Z,30.324243333333335
2025-08-09T19:07:00Z,30.32467
2025-08-09T19:08:00Z,30.324718333333333
2025-08-09T19:09:00Z,30.324128333333334
2025-08-09T19:10:00Z,30.32412666666667
2025-08-09T19:11:00Z,30.323813333333334
2025-08-09T19:12:00Z,30.324543333333335
2025-08-09T19:13:00Z,30.324985
2025-08-09T19:14:00Z,30.325801666666667
2025-08-09T19:15:00Z,30.32538166666667
2025-08-09T19:16:00Z,30.325251666666666
2025-08-09T19:17:00Z,30.324058333333333
2025-08-09T19:18:00Z,30.322875
2025-08-09T19:19:00Z,30.324883333333336
2025-08-09T19:20:00Z,30.325053333333333
2025-08-09T19:21:00Z,30.325131666666667
2025-08-09T19:22:00Z,30.32491166666667
2025-08-09T19:23:00Z,30.324158333333333
2025-08-09T19:24:00Z,30.32344666666667
2025-08-09T19:25:00Z,30.32417166666667
2025-08-09T19:26:00Z,30.324665
2025-08-09T19:27:00Z,30.325333333333333
2025-08-09T19:28:00Z,30.32548166666667
2025-08-09T19:29:00Z,30.32592166666667
2025-08-09T19:30:00Z,30.32602
2025-08-09T19:31:00Z,30.325675
2025-08-09T19:32:00Z,30.325746666666667
2025-08-09T19:33:00Z,30.32433166666667
2025-08-09T19:34:00Z,30.32208
2025-08-09T19:35:00Z,30.319533333333332
2025-08-09T19:36:00Z,30.317241666666668
2025-08-09T19:37:00Z,30.31673
2025-08-09T19:38:00Z,30.317121666666665
2025-08-09T19:39:00Z,30.317748333333334
2025-08-09T19:40:00Z,30.317626666666666
2025-08-09T19:41:00Z,30.31941666666667
2025-08-09T19:42:00Z,30.320016666666668
2025-08-09T19:43:00Z,30.320598333333333
2025-08-09T19:44:00Z,30.321436666666667
2025-08-09T19:45:00Z,30.321540000000002
2025-08-09T19:46:00Z,30.3211
2025-08-09T19:47:00Z,30.320841666666666
2025-08-09T19:48:00Z,30.32048
2025-08-09T19:49:00Z,30.31976166666667
2025-08-09T19:50:00Z,30.319441666666666
2025-08-09T19:51:00Z,30.319613333333333
2025-08-09T19:52:00Z,30.31932
2025-08-09T19:53:00Z,30.319173333333335
2025-08-09T19:54:00Z,30.318513333333335
2025-08-09T19:55:00Z,30.3176
2025-08-09T19:56:00Z,30.317516666666666
2025-08-09T19:57:00Z,30.317193333333332
2025-08-09T19:58:00Z,30.317048333333332
2025-08-09T19:59:00Z,30.316296666666666
2025-08-09T20:00:00Z,30.315738333333332
2025-08-09T20:01:00Z,30.315205
2025-08-09T20:02:00Z,30.31506
2025-08-09T20:03:00Z,30.315043333333332
2025-08-09T20:04:00Z,30.314698333333332
2025-08-09T20:05:00Z,30.31456
2025-08-09T20:06:00Z,30.314048333333332
2025-08-09T20:07:00Z,30.31424
2025-08-09T20:08:00Z,30.31417
2025-08-09T20:09:00Z,30.313344999999998
2025-08-09T20:10:00Z,30.313078333333333
2025-08-09T20:11:00Z,30.313208333333332
2025-08-09T20:12:00Z,30.31296
2025-08-09T20:13:00Z,30.313015
2025-08-09T20:14:00Z,30.312581666666667
2025-08-09T20:15:00Z,30.312405
2025-08-09T20:16:00Z,30.311678333333333
2025-08-09T20:17:00Z,30.311609999999998
2025-08-09T20:18:00Z,30.311213333333335
2025-08-09T20:19:00Z,30.310976666666665
2025-08-09T20:20:00Z,30.310489999999998
2025-08-09T20:21:00Z,30.309974999999998
2025-08-09T20:22:00Z,30.309996666666667
2025-08-09T20:23:00Z,30.30952333333333
2025-08-09T20:24:00Z,30.309381666666667
2025-08-09T20:25:00Z,30.308911666666667
2025-08-09T20:26:00Z,30.308788333333332
2025-08-09T20:27:00Z,30.30869
2025-08-09T20:28:00Z,30.308004999999998
2025-08-09T20:29:00Z,30.30774333333333
2025-08-09T20:30:00Z,30.306531666666665
2025-08-09T20:31:00Z,30.305661666666666
2025-08-09T20:32:00Z,30.304086666666667
2025-08-09T20:33:00Z,30.303688333333334
2025-08-09T20:34:00Z,30.303093333333333
2025-08-09T20:35:00Z,30.30259333333333
2025-08-09T20:36:00Z,30.301693333333333
2025-08-09T20:37:00Z,30.30136
2025-08-09T20:38:00Z,30.300346666666666
2025-08-09T20:39:00Z,30.301821666666665
2025-08-09T20:40:00Z,30.302401666666665
2025-08-09T20:41:00Z,30.301116666666665
2025-08-09T20:42:00Z,30.300373333333333
2025-08-09T20:43:00Z,30.299979999999998
2025-08-09T20:44:00Z,30.299421666666667
2025-08-09T20:45:00Z,30.298703333333332
2025-08-09T20:46:00Z,30.297615
2025-08-09T20:47:00Z,30.29737666666667
2025-08-09T20:48:00Z,30.29657166666667
2025-08-09T20:49:00Z,30.29643
2025-08-09T20:50:00Z,30.296845
2025-08-09T20:51:00Z,30.297178333333335
2025-08-09T20:52:00Z,30.298168333333333
2025-08-09T20:53:00Z,30.296331666666667
2025-08-09T20:54:00Z,30.29491
2025-08-09T20:55:00Z,30.293555
2025-08-09T20:56:00Z,30.292515
2025-08-09T20:57:00Z,30.292273333333334
2025-08-09T20:58:00Z,30.29125
2025-08-09T20:59:00Z,30.2909
2025-08-09T21:00:00Z,30.289938333333335
2025-08-09T21:01:00Z,30.290010000000002
2025-08-09T21:02:00Z,30.290015
2025-08-09T21:03:00Z,30.28935166666667
2025-08-09T21:04:00Z,30.288891666666668
2025-08-09T21:05:00Z,30.287486666666666
2025-08-09T21:06:00Z,30.287010000000002
2025-08-09T21:07:00Z,30.286465
2025-08-09T21:08:00Z,30.286740000000002
2025-08-09T21:09:00Z,30.285768333333333
2025-08-09T21:10:00Z,30.284518333333335
2025-08-09T21:11:00Z,30.284300000000002
2025-08-09T21:12:00Z,30.283941666666667
2025-08-09T21:13:00Z,30.282805
2025-08-09T21:14:00Z,30.28241
2025-08-09T21:15:00Z,30.281956666666666
2025-08-09T21:16:00Z,30.281471666666665
2025-08-09T21:17:00Z,30.280965
2025-08-09T21:18:00Z,30.280666666666665
2025-08-09T21:19:00Z,30.280576666666665
2025-08-09T21:20:00Z,30.279676666666667
2025-08-09T21:21:00Z,30.279149999999998
2025-08-09T21:22:00Z,30.277431666666665
2025-08-09T21:23:00Z,30.276368333333334
2025-08-09T21:24:00Z,30.275333333333332
2025-08-09T21:25:00Z,30.274755
2025-08-09T21:26:00Z,30.27390833333333
2025-08-09T21:27:00Z,30.273276666666664
2025-08-09T21:28:00Z,30.273181666666666
2025-08-09T21:29:00Z,30.273133333333334
2025-08-09T21:30:00Z,30.271756666666665
2025-08-09T21:31:00Z,30.270854999999997
2025-08-09T21:32:00Z,30.269636666666663
2025-08-09T21:33:00Z,30.269029999999997
2025-08-09T21:34:00Z,30.268211666666666
2025-08-09T21:35:00Z,30.26797
2025-08-09T21:36:00Z,30.267698333333332
2025-08-09T21:37:00Z,30.267405
2025-08-09T21:38:00Z,30.266945
2025-08-09T21:39:00Z,30.266753333333334
2025-08-09T21:40:00Z,30.266776666666665
2025-08-09T21:41:00Z,30.266608333333334
2025-08-09T21:42:00Z,30.266703333333332
2025-08-09T21:43:00Z,30.268069999999998
2025-08-09T21:44:00Z,30.268113333333332
2025-08-09T21:45:00Z,30.267681666666665
2025-08-09T21:46:00Z,30.268086666666665
2025-08-09T21:47:00Z,30.267815
2025-08-09T21:48:00Z,30.268086666666665
2025-08-09T21:49:00Z,30.26736
2025-08-09T21:50:00Z,30.26738
2025-08-09T21:51:00Z,30.26625166666667
2025-08-09T21:52:00Z,30.26617166666667
2025-08-09T21:53:00Z,30.266225000000002
2025-08-09T21:54:00Z,30.26639
2025-08-09T21:55:00Z,30.266053333333335
2025-08-09T21:56:00Z,30.266006666666666
2025-08-09T21:57:00Z,30.2668
2025-08-09T21:58:00Z,30.268556666666665
2025-08-09T21:59:00Z,30.271028333333334
2025-08-09T22:00:00Z,30.27230833333333
2025-08-09T22:01:00Z,30.272096666666666
2025-08-09T22:02:00Z,30.271759999999997
2025-08-09T22:03:00Z,30.271221666666666
2025-08-09T22:04:00Z,30.271001666666667
2025-08-09T22:05:00Z,30.271269999999998
2025-08-09T22:06:00Z,30.270758333333333
2025-08-09T22:07:00Z,30.270304999999997
2025-08-09T22:08:00Z,30.2702
2025-08-09T22:09:00Z,30.269614999999998
2025-08-09T22:10:00Z,30.269275
2025-08-09T22:11:00Z,30.268806666666666
2025-08-09T22:12:00Z,30.268731666666664
2025-08-09T22:13:00Z,30.268363333333333
2025-08-09T22:14:00Z,30.267968333333332
2025-08-09T22:15:00Z,30.268261666666664
2025-08-09T22:16:00Z,30.268138333333333
2025-08-09T22:17:00Z,30.26797
2025-08-09T22:18:00Z,30.267596666666666
2025-08-09T22:19:00Z,30.26762833333333
2025-08-09T22:20:00Z,30.268134999999997
2025-08-09T22:21:00Z,30.268231666666665
2025-08-09T22:22:00Z,30.268021666666666
2025-08-09T22:23:00Z,30.267821666666666
2025-08-09T22:24:00Z,30.26797
2025-08-09T22:25:00Z,30.267891666666664
2025-08-09T22:26:00Z,30.26777
2025-08-09T22:27:00Z,30.26753
2025-08-09T22:28:00Z,30.266826666666667
2025-08-09T22:29:00Z,30.266173333333334
2025-08-09T22:30:00Z,30.264991666666667
2025-08-09T22:31:00Z,30.2639
2025-08-09T22:32:00Z,30.263153333333335
2025-08-09T22:33:00Z,30.263128333333334
2025-08-09T22:34:00Z,30.26225666666667
2025-08-09T22:35:00Z,30.26199
2025-08-09T22:36:00Z,30.262430000000002
2025-08-09T22:37:00Z,30.261776666666666
2025-08-09T22:38:00Z,30.26173
2025-08-09T22:39:00Z,30.26163
2025-08-09T22:40:00Z,30.26098
2025-08-09T22:41:00Z,30.260063333333335
2025-08-09T22:42:00Z,30.258968333333335
2025-08-09T22:43:00Z,30.258338333333334
2025-08-09T22:44:00Z,30.257953333333333
2025-08-09T22:45:00Z,30.256943333333332
2025-08-09T22:46:00Z,30.2574
2025-08-09T22:47:00Z,30.25716166666667
2025-08-09T22:48:00Z,30.256675
2025-08-09T22:49:00Z,30.256675
2025-08-09T22:50:00Z,30.256841666666666
2025-08-09T22:51:00Z,30.256531666666667
2025-08-09T22:52:00Z,30.256845000000002
2025-08-09T22:53:00Z,30.256743333333333
2025-08-09T22:54:00Z,30.25675
2025-08-09T22:55:00Z,30.256435
2025-08-09T22:56:00Z,30.256403333333335
2025-08-09T22:57:00Z,30.25686
2025-08-09T22:58:00Z,30.255711666666667
2025-08-09T22:59:00Z,30.254648333333332
2025-08-09T23:00:00Z,30.253288333333334
2025-08-09T23:01:00Z,30.25259
2025-08-09T23:02:00Z,30.250991666666668
2025-08-09T23:03:00Z,30.25268833333333
2025-08-09T23:04:00Z,30.253238333333332
2025-08-09T23:05:00Z,30.253315
2025-08-09T23:06:00Z,30.25317
2025-08-09T23:07:00Z,30.252535
2025-08-09T23:08:00Z,30.252153333333332
2025-08-09T23:09:00Z,30.251913333333334
2025-08-09T23:10:00Z,30.251166666666666
2025-08-09T23:11:00Z,30.250368333333334
2025-08-09T23:12:00Z,30.249766666666666
2025-08-09T23:13:00Z,30.24981
2025-08-09T23:14:00Z,30.24914
2025-08-09T23:15:00Z,30.249373333333335
2025-08-09T23:16:00Z,30.248945
2025-08-09T23:17:00Z,30.249088333333333
2025-08-09T23:18:00Z,30.248235
2025-08-09T23:19:00Z,30.247765
2025-08-09T23:20:00Z,30.247715
2025-08-09T23:21:00Z,30.247374999999998
2025-08-09T23:22:00Z,30.24553
2025-08-09T23:23:00Z,30.245076666666666
2025-08-09T23:24:00Z,30.244543333333333
2025-08-09T23:25:00Z,30.243816666666667
2025-08-09T23:26:00Z,30.24349833333333
2025-08-09T23:27:00Z,30.245345
2025-08-09T23:28:00Z,30.247696666666666
2025-08-09T23:29:00Z,30.248016666666665
2025-08-09T23:30:00Z,30.248301666666666
2025-08-09T23:31:00Z,30.248134999999998
2025-08-09T23:32:00Z,30.2474
2025-08-09T23:33:00Z,30.24747
2025-08-09T23:34:00Z,30.246976666666665
2025-08-09T23:35:00Z,30.246956666666666
2025-08-09T23:36:00Z,30.245926666666666
2025-08-09T23:37:00Z,30.245268333333332
2025-08-09T23:38:00Z,30.244413333333334
2025-08-09T23:39:00Z,30.2437
2025-08-09T23:40:00Z,30.24332833333333
2025-08-09T23:41:00Z,30.242706666666667
2025-08-09T23:42:00Z,30.241616666666665
2025-08-09T23:43:00Z,30.240045
2025-08-09T23:44:00Z,30.238791666666664
2025-08-09T23:45:00Z,30.238111666666665
2025-08-09T23:46:00Z,30.236926666666665
2025-08-09T23:47:00Z,30.23607833333333
2025-08-09T23:48:00Z,30.234848333333336
2025-08-09T23:49:00Z,30.233615
2025-08-09T23:50:00Z,30.231830000000002
2025-08-09T23:51:00Z,30.230238333333336
2025-08-09T23:52:00Z,30.229273333333335
2025-08-09T23:53:00Z,30.228466666666666
2025-08-09T23:54:00Z,30.22787166666667
2025-08-09T23:55:00Z,30.227331666666668
2025-08-09T23:56:00Z,30.226586666666666
2025-08-09T23:57:00Z,30.22614666666667
2025-08-09T23:58:00Z,30.224718333333335
2025-08-09T23:59:00Z,30.222648333333332
2025-08-10T00:00:00Z,30.22159
2025-08-10T00:01:00Z,30.220516666666665
2025-08-10T00:02:00Z,30.219603333333332
2025-08-10T00:03:00Z,30.218976666666666
2025-08-10T00:04:00Z,30.218435
2025-08-10T00:05:00Z,30.218561666666666
2025-08-10T00:06:00Z,30.218173333333333
2025-08-10T00:07:00Z,30.21788
2025-08-10T00:08:00Z,30.217306666666666
2025-08-10T00:09:00Z,30.21655833333333
2025-08-10T00:10:00Z,30.216265
2025-08-10T00:11:00Z,30.215948333333333
2025-08-10T00:12:00Z,30.214835
2025-08-10T00:13:00Z,30.214693333333333
2025-08-10T00:14:00Z,30.214455
2025-08-10T00:15:00Z,30.214301666666668
2025-08-10T00:16:00Z,30.214506666666665
2025-08-10T00:17:00Z,30.214526666666664
2025-08-10T00:18:00Z,30.21459833333333
2025-08-10T00:19:00Z,30.214645
2025-08-10T00:20:00Z,30.2145
2025-08-10T00:21:00Z,30.214713333333332
2025-08-10T00:22:00Z,30.214399999999998
2025-08-10T00:23:00Z,30.214666666666666
2025-08-10T00:24:00Z,30.215145
2025-08-10T00:25:00Z,30.214544999999998
2025-08-10T00:26:00Z,30.214164999999998
2025-08-10T00:27:00Z,30.213341666666665
2025-08-10T00:28:00Z,30.21288
2025-08-10T00:29:00Z,30.21544
2025-08-10T00:30:00Z,30.214863333333334
2025-08-10T00:31:00Z,30.214256666666667
2025-08-10T00:32:00Z,30.213218333333334
2025-08-10T00:33:00Z,30.212108333333333
2025-08-10T00:34:00Z,30.210951666666666
2025-08-10T00:35:00Z,30.209886666666666
2025-08-10T00:36:00Z,30.20961833333333
2025-08-10T00:37:00Z,30.209661666666666
2025-08-10T00:38:00Z,30.209494999999997
2025-08-10T00:39:00Z,30.208816666666664
2025-08-10T00:40:00Z,30.20908
2025-08-10T00:41:00Z,30.208673333333333
2025-08-10T00:42:00Z,30.208026666666665
2025-08-10T00:43:00Z,30.20780333333333
2025-08-10T00:44:00Z,30.206865
2025-08-10T00:45:00Z,30.206551666666666
2025-08-10T00:46:00Z,30.20594
2025-08-10T00:47:00Z,30.205635
2025-08-10T00:48:00Z,30.205653333333334
2025-08-10T00:49:00Z,30.205585
2025-08-10T00:50:00Z,30.205383333333334
2025-08-10T00:51:00Z,30.205218333333335
2025-08-10T00:52:00Z,30.205291666666668
2025-08-10T00:53:00Z,30.204855000000002
2025-08-10T00:54:00Z,30.205123333333333
2025-08-10T00:55:00Z,30.205053333333336
2025-08-10T00:56:00Z,30.204518333333333
2025-08-10T00:57:00Z,30.204428333333336
2025-08-10T00:58:00Z,30.20403166666667
2025-08-10T00:59:00Z,30.203818333333334
2025-08-10T01:00:00Z,30.203478333333333
2025-08-10T01:01:00Z,30.203576666666667
2025-08-10T01:02:00Z,30.203331666666667
2025-08-10T01:03:00Z,30.203650000000003
2025-08-10T01:04:00Z,30.203678333333336
2025-08-10T01:05:00Z,30.203383333333335
2025-08-10T01:06:00Z,30.203570000000003
2025-08-10T01:07:00Z,30.202778333333335
2025-08-10T01:08:00Z,30.201868333333334
2025-08-10T01:09:00Z,30.201135
2025-08-10T01:10:00Z,30.200503333333334
2025-08-10T01:11:00Z,30.200051666666667
2025-08-10T01:12:00Z,30.199753333333334
2025-08-10T01:13:00Z,30.200051666666667
2025-08-10T01:14:00Z,30.20092
2025-08-10T01:15:00Z,30.202293333333333
2025-08-10T01:16:00Z,30.202923333333334
2025-08-10T01:17:00Z,30.203553333333335
2025-08-10T01:18:00Z,30.204133333333335
2025-08-10T01:19:00Z,30.20432166666667
2025-08-10T01:20:00Z,30.204471666666667
2025-08-10T01:21:00Z,30.204105000000002
2025-08-10T01:22:00Z,30.204443333333334
2025-08-10T01:23:00Z,30.20457
2025-08-10T01:24:00Z,30.205196666666666
2025-08-10T01:25:00Z,30.205418333333334
2025-08-10T01:26:00Z,30.206226666666666
2025-08-10T01:27:00Z,30.207128333333333
2025-08-10T01:28:00Z,30.20715
2025-08-10T01:29:00Z,30.20757
2025-08-10T01:30:00Z,30.207808333333332
2025-08-10T01:31:00Z,30.207735
2025-08-10T01:32:00Z,30.207445
2025-08-10T01:33:00Z,30.20727833333333
2025-08-10T01:34:00Z,30.207205
2025-08-10T01:35:00Z,30.206838333333334
2025-08-10T01:36:00Z,30.20614
2025-08-10T01:37:00Z,30.205971666666667
2025-08-10T01:38:00Z,30.207655
2025-08-10T01:39:00Z,30.208744999999997
2025-08-10T01:40:00Z,30.20829333333333
2025-08-10T01:41:00Z,30.207641666666664
2025-08-10T01:42:00Z,30.20705333333333
2025-08-10T01:43:00Z,30.206285
2025-08-10T01:44:00Z,30.205993333333332
2025-08-10T01:45:00Z,30.205751666666668
2025-08-10T01:46:00Z,30.204805
2025-08-10T01:47:00Z,30.204226666666667
2025-08-10T01:48:00Z,30.20384166666667
2025-08-10T01:49:00Z,30.203860000000002
2025-08-10T01:50:00Z,30.203358333333334
2025-08-10T01:51:00Z,30.203120000000002
2025-08-10T01:52:00Z,30.202663333333334
2025-08-10T01:53:00Z,30.202633333333335
2025-08-10T01:54:00Z,30.20277666666667
2025-08-10T01:55:00Z,30.202443333333335
2025-08-10T01:56:00Z,30.202636666666667
2025-08-10T01:57:00Z,30.202605000000002
2025-08-10T01:58:00Z,30.202683333333336
2025-08-10T01:59:00Z,30.20324
2025-08-10T02:00:00Z,30.204060000000002
2025-08-10T02:01:00Z,30.205096666666666
2025-08-10T02:02:00Z,30.205053333333336
2025-08-10T02:03:00Z,30.204851666666666
2025-08-10T02:04:00Z,30.204618333333336
2025-08-10T02:05:00Z,30.20411
2025-08-10T02:06:00Z,30.205000000000002
2025-08-10T02:07:00Z,30.205436666666667
2025-08-10T02:08:00Z,30.205721666666665
2025-08-10T02:09:00Z,30.20591333333333
2025-08-10T02:10:00Z,30.206258333333334
2025-08-10T02:11:00Z,30.207055
2025-08-10T02:12:00Z,30.207761666666666
2025-08-10T02:13:00Z,30.208289999999998
2025-08-10T02:14:00Z,30.208554999999997
2025-08-10T02:15:00Z,30.20898833333333
2025-08-10T02:16:00Z,30.209785
2025-08-10T02:17:00Z,30.210704999999997
2025-08-10T02:18:00Z,30.21119333333333
2025-08-10T02:19:00Z,30.211361666666665
2025-08-10T02:20:00Z,30.211389999999998
2025-08-10T02:21:00Z,30.211219999999997
2025-08-10T02:22:00Z,30.21130833333333
2025-08-10T02:23:00Z,30.211795
2025-08-10T02:24:00Z,30.212441666666667
2025-08-10T02:25:00Z,30.212664999999998
2025-08-10T02:26:00Z,30.212901666666667
2025-08-10T02:27:00Z,30.21334333333333
2025-08-10T02:28:00Z,30.213555
2025-08-10T02:29:00Z,30.213874999999998
2025-08-10T02:30:00Z,30.21407333333333
2025-08-10T02:31:00Z,30.214356666666667
2025-08-10T02:32:00Z,30.214206666666666
2025-08-10T02:33:00Z,30.214691666666667
2025-08-10T02:34:00Z,30.214618333333334
2025-08-10T02:35:00Z,30.215004999999998
2025-08-10T02:36:00Z,30.214808333333334
2025-08-10T02:37:00Z,30.215003333333332
2025-08-10T02:38:00Z,30.21399
2025-08-10T02:39:00Z,30.213826666666666
2025-08-10T02:40:00Z,30.213706666666667
2025-08-10T02:41:00Z,30.21331
2025-08-10T02:42:00Z,30.21324333333333
2025-08-10T02:43:00Z,30.212933333333332
2025-08-10T02:44:00Z,30.212616666666666
2025-08-10T02:45:00Z,30.21291
2025-08-10T02:46:00Z,30.212733333333333
2025-08-10T02:47:00Z,30.212519999999998
2025-08-10T02:48:00Z,30.212636666666665
2025-08-10T02:49:00Z,30.212421666666664
2025-08-10T02:50:00Z,30.212246666666665
2025-08-10T02:51:00Z,30.210898333333333
2025-08-10T02:52:00Z,30.209278333333334
2025-08-10T02:53:00Z,30.207976666666664
2025-08-10T02:54:00Z,30.206596666666666
2025-08-10T02:55:00Z,30.20572333333333
2025-08-10T02:56:00Z,30.204758333333334
2025-08-10T02:57:00Z,30.204013333333336
2025-08-10T02:58:00Z,30.204620000000002
2025-08-10T02:59:00Z,30.204156666666666
2025-08-10T03:00:00Z,30.203333333333333
2025-08-10T03:01:00Z,30.202536666666667
2025-08-10T03:02:00Z,30.20201
2025-08-10T03:03:00Z,30.201568333333334
2025-08-10T03:04:00Z,30.202128333333334
2025-08-10T03:05:00Z,30.201866666666668
2025-08-10T03:06:00Z,30.20196166666667
2025-08-10T03:07:00Z,30.201955
2025-08-10T03:08:00Z,30.201715
2025-08-10T03:09:00Z,30.201935000000002
2025-08-10T03:10:00Z,30.201863333333336
2025-08-10T03:11:00Z,30.202363333333334
2025-08-10T03:12:00Z,30.201985
2025-08-10T03:13:00Z,30.202226666666668
2025-08-10T03:14:00Z,30.202393333333333
2025-08-10T03:15:00Z,30.202446666666667
2025-08-10T03:16:00Z,30.202395000000003
2025-08-10T03:17:00Z,30.20248666666667
2025-08-10T03:18:00Z,30.20244166666667
2025-08-10T03:19:00Z,30.202513333333336
2025-08-10T03:20:00Z,30.202565
2025-08-10T03:21:00Z,30.202350000000003
2025-08-10T03:22:00Z,30.20225166666667
2025-08-10T03:23:00Z,30.202155
2025-08-10T03:24:00Z,30.20198166666667
2025-08-10T03:25:00Z,30.201935000000002
2025-08-10T03:26:00Z,30.202533333333335
2025-08-10T03:27:00Z,30.202733333333335
2025-08-10T03:28:00Z,30.202678333333335
2025-08-10T03:29:00Z,30.20292166666667
2025-08-10T03:30:00Z,30.202805
2025-08-10T03:31:00Z,30.20296666666667
2025-08-10T03:32:00Z,30.203023333333334
2025-08-10T03:33:00Z,30.203725000000002
2025-08-10T03:34:00Z,30.203936666666667
2025-08-10T03:35:00Z,30.20454666666667
2025-08-10T03:36:00Z,30.205021666666667
2025-08-10T03:37:00Z,30.205003333333334
2025-08-10T03:38:00Z,30.20502666666667
2025-08-10T03:39:00Z,30.205051666666666
2025-08-10T03:40:00Z,30.204861666666666
2025-08-10T03:41:00Z,30.2052
2025-08-10T03:42:00Z,30.204838333333335
2025-08-10T03:43:00Z,30.204905
2025-08-10T03:44:00Z,30.20442166666667
2025-08-10T03:45:00Z,30.204933333333333
2025-08-10T03:46:00Z,30.204885
2025-08-10T03:47:00Z,30.204395
2025-08-10T03:48:00Z,30.20348166666667
2025-08-10T03:49:00Z,30.203235
2025-08-10T03:50:00Z,30.202685000000002
2025-08-10T03:51:00Z,30.202581666666667
2025-08-10T03:52:00Z,30.202465
2025-08-10T03:53:00Z,30.20222
2025-08-10T03:54:00Z,30.202125000000002
2025-08-10T03:55:00Z,30.201741666666667
2025-08-10T03:56:00Z,30.201451666666667
2025-08-10T03:57:00Z,30.200648333333334
2025-08-10T03:58:00Z,30.200411666666668
2025-08-10T03:59:00Z,30.199585000000003
2025-08-10T04:00:00Z,30.199425
2025-08-10T04:01:00Z,30.199348333333333
2025-08-10T04:02:00Z,30.199416666666668
2025-08-10T04:03:00Z,30.199371666666668
2025-08-10T04:04:00Z,30.19904
2025-08-10T04:05:00Z,30.198236666666666
2025-08-10T04:06:00Z,30.19804166666667
2025-08-10T04:07:00Z,30.198398333333333
2025-08-10T04:08:00Z,30.198330000000002
2025-08-10T04:09:00Z,30.198208333333334
2025-08-10T04:10:00Z,30.198285000000002
2025-08-10T04:11:00Z,30.197703333333333
2025-08-10T04:12:00Z,30.19722666666667
2025-08-10T04:13:00Z,30.198575
2025-08-10T04:14:00Z,30.197680000000002
2025-08-10T04:15:00Z,30.19729166666667
2025-08-10T04:16:00Z,30.195845000000002
2025-08-10T04:17:00Z,30.195485
2025-08-10T04:18:00Z,30.19509
2025-08-10T04:19:00Z,30.195068333333335
2025-08-10T04:20:00Z,30.19425
2025-08-10T04:21:00Z,30.193735
2025-08-10T04:22:00Z,30.19339666666667
2025-08-10T04:23:00Z,30.193058333333333
2025-08-10T04:24:00Z,30.193058333333333
2025-08-10T04:25:00Z,30.192273333333333
2025-08-10T04:26:00Z,30.192328333333332
2025-08-10T04:27:00Z,30.192323333333334
2025-08-10T04:28:00Z,30.191265
2025-08-10T04:29:00Z,30.189968333333333
2025-08-10T04:30:00Z,30.189485
2025-08-10T04:31:00Z,30.188903333333332
2025-08-10T04:32:00Z,30.187911666666665
2025-08-10T04:33:00Z,30.186828333333334
2025-08-10T04:34:00Z,30.186126666666667
2025-08-10T04:35:00Z,30.185085
2025-08-10T04:36:00Z,30.184025
2025-08-10T04:37:00Z,30.183519999999998
2025-08-10T04:38:00Z,30.182718333333334
2025-08-10T04:39:00Z,30.182305
2025-08-10T04:40:00Z,30.18207
2025-08-10T04:41:00Z,30.181725
2025-08-10T04:42:00Z,30.180976666666666
2025-08-10T04:43:00Z,30.179651666666665
2025-08-10T04:44:00Z,30.17849
2025-08-10T04:45:00Z,30.176706666666664
2025-08-10T04:46:00Z,30.17588
2025-08-10T04:47:00Z,30.17486
2025-08-10T04:48:00Z,30.173953333333333
2025-08-10T04:49:00Z,30.173275
2025-08-10T04:50:00Z,30.173556666666666
2025-08-10T04:51:00Z,30.173606666666668
2025-08-10T04:52:00Z,30.173681666666667
2025-08-10T04:53:00Z,30.173293333333334
2025-08-10T04:54:00Z,30.172525
2025-08-10T04:55:00Z,30.172813333333334
2025-08-10T04:56:00Z,30.172663333333336
2025-08-10T04:57:00Z,30.173175
2025-08-10T04:58:00Z,30.173001666666668
2025-08-10T04:59:00Z,30.17361
2025-08-10T05:00:00Z,30.17348666666667
2025-08-10T05:01:00Z,30.173483333333333
2025-08-10T05:02:00Z,30.173265
2025-08-10T05:03:00Z,30.173295000000003
2025-08-10T05:04:00Z,30.173725
2025-08-10T05:05:00Z,30.173703333333336
2025-08-10T05:06:00Z,30.174265000000002
2025-08-10T05:07:00Z,30.174238333333335
2025-08-10T05:08:00Z,30.17453
2025-08-10T05:09:00Z,30.17484
2025-08-10T05:10:00Z,30.174428333333335
2025-08-10T05:11:00Z,30.174093333333335
2025-08-10T05:12:00Z,30.173533333333335
2025-08-10T05:13:00Z,30.17319
2025-08-10T05:14:00Z,30.173416666666668
2025-08-10T05:15:00Z,30.17373166666667
2025-08-10T05:16:00Z,30.17394666666667
2025-08-10T05:17:00Z,30.174431666666667
2025-08-10T05:18:00Z,30.174145000000003
2025-08-10T05:19:00Z,30.174528333333335
2025-08-10T05:20:00Z,30.174985
2025-08-10T05:21:00Z,30.175295
2025-08-10T05:22:00Z,30.176
2025-08-10T05:23:00Z,30.176386666666666
2025-08-10T05:24:00Z,30.176558333333332
2025-08-10T05:25:00Z,30.176116666666665
2025-08-10T05:26:00Z,30.175951666666666
2025-08-10T05:27:00Z,30.175631666666668
2025-08-10T05:28:00Z,30.175611666666665
2025-08-10T05:29:00Z,30.174698333333335
2025-08-10T05:30:00Z,30.175151666666668
2025-08-10T05:31:00Z,30.174965
2025-08-10T05:32:00Z,30.1753
2025-08-10T05:33:00Z,30.177571666666665
2025-08-10T05:34:00Z,30.177768333333333
2025-08-10T05:35:00Z,30.177526666666665
2025-08-10T05:36:00Z,30.17665333333333
2025-08-10T05:37:00Z,30.176048333333334
2025-08-10T05:38:00Z,30.175401666666666
2025-08-10T05:39:00Z,30.1746
2025-08-10T05:40:00Z,30.174505
2025-08-10T05:41:00Z,30.174211666666668
2025-08-10T05:42:00Z,30.1739
2025-08-10T05:43:00Z,30.173563333333334
2025-08-10T05:44:00Z,30.173000000000002
2025-08-10T05:45:00Z,30.17317166666667
2025-08-10T05:46:00Z,30.172956666666668
2025-08-10T05:47:00Z,30.172686666666667
2025-08-10T05:48:00Z,30.172806666666666
2025-08-10T05:49:00Z,30.172618333333336
2025-08-10T05:50:00Z,30.171895000000003
2025-08-10T05:51:00Z,30.171503333333334
2025-08-10T05:52:00Z,30.170878333333334
2025-08-10T05:53:00Z,30.17029666666667
2025-08-10T05:54:00Z,30.169675
2025-08-10T05:55:00Z,30.170080000000002
2025-08-10T05:56:00Z,30.169621666666668
2025-08-10T05:57:00Z,30.16921166666667
2025-08-10T05:58:00Z,30.169308333333333
2025-08-10T05:59:00Z,30.169788333333333
2025-08-10T06:00:00Z,30.169576666666668
2025-08-10T06:01:00Z,30.169145
2025-08-10T06:02:00Z,30.169373333333333
2025-08-10T06:03:00Z,30.169083333333333
2025-08-10T06:04:00Z,30.169496666666667
2025-08-10T06:05:00Z,30.169813333333334
2025-08-10T06:06:00Z,30.170076666666667
2025-08-10T06:07:00Z,30.170465
2025-08-10T06:08:00Z,30.17042166666667
2025-08-10T06:09:00Z,30.17073166666667
2025-08-10T06:10:00Z,30.170516666666668
2025-08-10T06:11:00Z,30.170978333333334
2025-08-10T06:12:00Z,30.17051
2025-08-10T06:13:00Z,30.170783333333336
2025-08-10T06:14:00Z,30.17095
2025-08-10T06:15:00Z,30.170683333333333
2025-08-10T06:16:00Z,30.170851666666668
2025-08-10T06:17:00Z,30.171501666666668
2025-08-10T06:18:00Z,30.171043333333333
2025-08-10T06:19:00Z,30.171115
2025-08-10T06:20:00Z,30.171065000000002
2025-08-10T06:21:00Z,30.17087666666667
2025-08-10T06:22:00Z,30.170878333333334
2025-08-10T06:23:00Z,30.170805
2025-08-10T06:24:00Z,30.170655
2025-08-10T06:25:00Z,30.170905
2025-08-10T06:26:00Z,30.170635
2025-08-10T06:27:00Z,30.16957
2025-08-10T06:28:00Z,30.169236666666666
2025-08-10T06:29:00Z,30.168873333333334
2025-08-10T06:30:00Z,30.168893333333333
2025-08-10T06:31:00Z,30.168556666666667
2025-08-10T06:32:00Z,30.168558333333333
2025-08-10T06:33:00Z,30.168680000000002
2025-08-10T06:34:00Z,30.168921666666666
2025-08-10T06:35:00Z,30.168850000000003
2025-08-10T06:36:00Z,30.1688
2025-08-10T06:37:00Z,30.16945
2025-08-10T06:38:00Z,30.16937666666667
2025-08-10T06:39:00Z,30.169040000000003
2025-08-10T06:40:00Z,30.168991666666667
2025-08-10T06:41:00Z,30.168725000000002
2025-08-10T06:42:00Z,30.168850000000003
2025-08-10T06:43:00Z,30.16865166666667
2025-08-10T06:44:00Z,30.168698333333335
2025-08-10T06:45:00Z,30.16889666666667
2025-08-10T06:46:00Z,30.169333333333334
2025-08-10T06:47:00Z,30.170736666666667
2025-08-10T06:48:00Z,30.17237666666667
2025-08-10T06:49:00Z,30.172061666666668
2025-08-10T06:50:00Z,30.171725000000002
2025-08-10T06:51:00Z,30.171288333333333
2025-08-10T06:52:00Z,30.17141666666667
2025-08-10T06:53:00Z,30.170875000000002
2025-08-10T06:54:00Z,30.17098
2025-08-10T06:55:00Z,30.17044166666667
2025-08-10T06:56:00Z,30.170128333333334
2025-08-10T06:57:00Z,30.16926
2025-08-10T06:58:00Z,30.169645000000003
2025-08-10T06:59:00Z,30.16984
2025-08-10T07:00:00Z,30.169403333333335
2025-08-10T07:01:00Z,30.170315000000002
2025-08-10T07:02:00Z,30.17088
2025-08-10T07:03:00Z,30.17119166666667
2025-08-10T07:04:00Z,30.171608333333335
2025-08-10T07:05:00Z,30.17302666666667
2025-08-10T07:06:00Z,30.174016666666667
2025-08-10T07:07:00Z,30.175085
2025-08-10T07:08:00Z,30.17578333333333
2025-08-10T07:09:00Z,30.175833333333333
2025-08-10T07:10:00Z,30.175829999999998
2025-08-10T07:11:00Z,30.176164999999997
2025-08-10T07:12:00Z,30.17592833333333
2025-08-10T07:13:00Z,30.176051666666666
2025-08-10T07:14:00Z,30.177091666666666
2025-08-10T07:15:00Z,30.17747
2025-08-10T07:16:00Z,30.178296666666665
2025-08-10T07:17:00Z,30.179556666666667
2025-08-10T07:18:00Z,30.180215
2025-08-10T07:19:00Z,30.179703333333332
2025-08-10T07:20:00Z,30.180039999999998
2025-08-10T07:21:00Z,30.179436666666664
2025-08-10T07:22:00Z,30.17972
2025-08-10T07:23:00Z,30.179991666666666
2025-08-10T07:24:00Z,30.18059
2025-08-10T07:25:00Z,30.181076666666666
2025-08-10T07:26:00Z,30.180616666666666
2025-08-10T07:27:00Z,30.180281666666666
2025-08-10T07:28:00Z,30.180374999999998
2025-08-10T07:29:00Z,30.180764999999997
2025-08-10T07:30:00Z,30.181829999999998
2025-08-10T07:31:00Z,30.183256666666665
2025-08-10T07:32:00Z,30.184338333333333
2025-08-10T07:33:00Z,30.183413333333334
2025-08-10T07:34:00Z,30.183831666666666
2025-08-10T07:35:00Z,30.183756666666667
2025-08-10T07:36:00Z,30.183709999999998
2025-08-10T07:37:00Z,30.182914999999998
2025-08-10T07:38:00Z,30.182231666666667
2025-08-10T07:39:00Z,30.181105
2025-08-10T07:40:00Z,30.180785
2025-08-10T07:41:00Z,30.180883333333334
2025-08-10T07:42:00Z,30.17998833333333
2025-08-10T07:43:00Z,30.178951666666666
2025-08-10T07:44:00Z,30.177621666666667
2025-08-10T07:45:00Z,30.176311666666667
2025-08-10T07:46:00Z,30.17602833333333
2025-08-10T07:47:00Z,30.176289999999998
2025-08-10T07:48:00Z,30.176993333333332
2025-08-10T07:49:00Z,30.175515
2025-08-10T07:50:00Z,30.17387666666667
2025-08-10T07:51:00Z,30.17321666666667
2025-08-10T07:52:00Z,30.171723333333336
2025-08-10T07:53:00Z,30.17029666666667
2025-08-10T07:54:00Z,30.16991
2025-08-10T07:55:00Z,30.169115
2025-08-10T07:56:00Z,30.169331666666668
2025-08-10T07:57:00Z,30.16991
2025-08-10T07:58:00Z,30.170083333333334
2025-08-10T07:59:00Z,30.17136166666667
2025-08-10T08:00:00Z,30.171435000000002
2025-08-10T08:01:00Z,30.171676666666666
2025-08-10T08:02:00Z,30.171868333333336
2025-08-10T08:03:00Z,30.172666666666668
2025-08-10T08:04:00Z,30.175273333333333
2025-08-10T08:05:00Z,30.176456666666667
2025-08-10T08:06:00Z,30.176336666666664
2025-08-10T08:07:00Z,30.176576666666666
2025-08-10T08:08:00Z,30.176676666666665
2025-08-10T08:09:00Z,30.17767
2025-08-10T08:10:00Z,30.178778333333334
2025-08-10T08:11:00Z,30.179963333333333
2025-08-10T08:12:00Z,30.18013
2025-08-10T08:13:00Z,30.178831666666664
2025-08-10T08:14:00Z,30.17731
2025-08-10T08:15:00Z,30.175225
2025-08-10T08:16:00Z,30.174886666666666
2025-08-10T08:17:00Z,30.174403333333334
2025-08-10T08:18:00Z,30.174285
2025-08-10T08:19:00Z,30.174308333333336
2025-08-10T08:20:00Z,30.172953333333336
2025-08-10T08:21:00Z,30.172663333333336
2025-08-10T08:22:00Z,30.173011666666667
2025-08-10T08:23:00Z,30.174818333333334
2025-08-10T08:24:00Z,30.17457
2025-08-10T08:25:00Z,30.172228333333333
2025-08-10T08:26:00Z,30.168921666666666
2025-08-10T08:27:00Z,30.166485
2025-08-10T08:28:00Z,30.162155
2025-08-10T08:29:00Z,30.157781666666665
2025-08-10T08:30:00Z,30.154091666666666
2025-08-10T08:31:00Z,30.150814999999998
2025-08-10T08:32:00Z,30.148184999999998
2025-08-10T08:33:00Z,30.146414999999998
2025-08-10T08:34:00Z,30.145158333333335
2025-08-10T08:35:00Z,30.144341666666666
2025-08-10T08:36:00Z,30.144213333333333
2025-08-10T08:37:00Z,30.144148333333334
2025-08-10T08:38:00Z,30.145088333333334
2025-08-10T08:39:00Z,30.14555
2025-08-10T08:40:00Z,30.14851833333333
2025-08-10T08:41:00Z,30.150718333333334
2025-08-10T08:42:00Z,30.151063333333333
2025-08-10T08:43:00Z,30.151965
2025-08-10T08:44:00Z,30.154511666666664
2025-08-10T08:45:00Z,30.154851666666666
2025-08-10T08:46:00Z,30.15599
2025-08-10T08:47:00Z,30.15775
2025-08-10T08:48:00Z,30.159493333333334
2025-08-10T08:49:00Z,30.160486666666667
2025-08-10T08:50:00Z,30.16118833333333
2025-08-10T08:51:00Z,30.160048333333332
2025-08-10T08:52:00Z,30.159081666666665
2025-08-10T08:53:00Z,30.157466666666668
2025-08-10T08:54:00Z,30.153264999999998
2025-08-10T08:55:00Z,30.151468333333334
2025-08-10T08:56:00Z,30.151595
2025-08-10T08:57:00Z,30.152749999999997
2025-08-10T08:58:00Z,30.154799999999998
2025-08-10T08:59:00Z,30.15701
2025-08-10T09:00:00Z,30.158021666666667
2025-08-10T09:01:00Z,30.158745
2025-08-10T09:02:00Z,30.159595
2025-08-10T09:03:00Z,30.15877
2025-08-10T09:04:00Z,30.159641666666666
2025-08-10T09:05:00Z,30.161066666666667
2025-08-10T09:06:00Z,30.160288333333334
2025-08-10T09:07:00Z,30.16259
2025-08-10T09:08:00Z,30.16373
2025-08-10T09:09:00Z,30.1636
2025-08-10T09:10:00Z,30.161163333333334
2025-08-10T09:11:00Z,30.158045
2025-08-10T09:12:00Z,30.15421333333333
2025-08-10T09:13:00Z,30.14959
2025-08-10T09:14:00Z,30.1471
2025-08-10T09:15:00Z,30.147343333333332
2025-08-10T09:16:00Z,30.147776666666665
2025-08-10T09:17:00Z,30.150331666666666
2025-08-10T09:18:00Z,30.15103
2025-08-10T09:19:00Z,30.149976666666667
2025-08-10T09:20:00Z,30.14603333333333
2025-08-10T09:21:00Z,30.14221666666667
2025-08-10T09:22:00Z,30.13905
2025-08-10T09:23:00Z,30.134913333333333
2025-08-10T09:24:00Z,30.132093333333334
2025-08-10T09:25:00Z,30.131091666666666
2025-08-10T09:26:00Z,30.132165
2025-08-10T09:27:00Z,30.131291666666666
2025-08-10T09:28:00Z,30.13069
2025-08-10T09:29:00Z,30.130953333333334
2025-08-10T09:30:00Z,30.13178
2025-08-10T09:31:00Z,30.132503333333332
2025-08-10T09:32:00Z,30.13295666666667
2025-08-10T09:33:00Z,30.134365
2025-08-10T09:34:00Z,30.134551666666667
2025-08-10T09:35:00Z,30.132378333333335
2025-08-10T09:36:00Z,30.130543333333332
2025-08-10T09:37:00Z,30.129841666666668
2025-08-10T09:38:00Z,30.12595
2025-08-10T09:39:00Z,30.125606666666666
2025-08-10T09:40:00Z,30.125751666666666
2025-08-10T09:41:00Z,30.124748333333333
2025-08-10T09:42:00Z,30.124621666666666
2025-08-10T09:43:00Z,30.12497833333333
2025-08-10T09:44:00Z,30.124961666666668
2025-08-10T09:45:00Z,30.123656666666665
2025-08-10T09:46:00Z,30.123775
2025-08-10T09:47:00Z,30.123773333333332
2025-08-10T09:48:00Z,30.120365
2025-08-10T09:49:00Z,30.116816666666665
2025-08-10T09:50:00Z,30.113605
2025-08-10T09:51:00Z,30.10944166666667
2025-08-10T09:52:00Z,30.105216666666667
2025-08-10T09:53:00Z,30.10335166666667
2025-08-10T09:54:00Z,30.102141666666668
2025-08-10T09:55:00Z,30.101886666666665
2025-08-10T09:56:00Z,30.102123333333335
2025-08-10T09:57:00Z,30.101348333333334
2025-08-10T09:58:00Z,30.099075
2025-08-10T09:59:00Z,30.09722
2025-08-10T10:00:00Z,30.095206666666666
2025-08-10T10:01:00Z,30.09434
2025-08-10T10:02:00Z,30.094193333333333
2025-08-10T10:03:00Z,30.09274333333333
2025-08-10T10:04:00Z,30.092841666666665
2025-08-10T10:05:00Z,30.09434
2025-08-10T10:06:00Z,30.09672833333333
2025-08-10T10:07:00Z,30.096251666666667
2025-08-10T10:08:00Z,30.095473333333334
2025-08-10T10:09:00Z,30.09509
2025-08-10T10:10:00Z,30.095331666666667
2025-08-10T10:11:00Z,30.095303333333334
2025-08-10T10:12:00Z,30.093856666666667
2025-08-10T10:13:00Z,30.091849999999997
2025-08-10T10:14:00Z,30.086916666666664
2025-08-10T10:15:00Z,30.083401666666667
2025-08-10T10:16:00Z,30.081261666666666
2025-08-10T10:17:00Z,30.081916666666668
2025-08-10T10:18:00Z,30.084058333333335
2025-08-10T10:19:00Z,30.084699999999998
2025-08-10T10:20:00Z,30.087423333333334
2025-08-10T10:21:00Z,30.091179999999998
2025-08-10T10:22:00Z,30.094846666666665
2025-08-10T10:23:00Z,30.093204999999998
2025-08-10T10:24:00Z,30.08809833333333
2025-08-10T10:25:00Z,30.08156
2025-08-10T10:26:00Z,30.074785000000002
2025-08-10T10:27:00Z,30.06838
2025-08-10T10:28:00Z,30.064445
2025-08-10T10:29:00Z,30.062945
2025-08-10T10:30:00Z,30.06232
2025-08-10T10:31:00Z,30.058768333333333
2025-08-10T10:32:00Z,30.055121666666665
2025-08-10T10:33:00Z,30.05424
2025-08-10T10:34:00Z,30.05108166666667
2025-08-10T10:35:00Z,30.049223333333334
2025-08-10T10:36:00Z,30.049533333333336
2025-08-10T10:37:00Z,30.050811666666668
2025-08-10T10:38:00Z,30.052285
2025-08-10T10:39:00Z,30.055813333333333
2025-08-10T10:40:00Z,30.057411666666667
2025-08-10T10:41:00Z,30.05804333333333
2025-08-10T10:42:00Z,30.056083333333333
2025-08-10T10:43:00Z,30.054343333333332
2025-08-10T10:44:00Z,30.051176666666667
2025-08-10T10:45:00Z,30.048878333333334
2025-08-10T10:46:00Z,30.046636666666668
2025-08-10T10:47:00Z,30.04520666666667
2025-08-10T10:48:00Z,30.045935
2025-08-10T10:49:00Z,30.046538333333334
2025-08-10T10:50:00Z,30.047623333333334
2025-08-10T10:51:00Z,30.04871
2025-08-10T10:52:00Z,30.051946666666666
2025-08-10T10:53:00Z,30.055864999999997
2025-08-10T10:54:00Z,30.06084
2025-08-10T10:55:00Z,30.066019999999998
2025-08-10T10:56:00Z,30.07015
2025-08-10T10:57:00Z,30.07322
2025-08-10T10:58:00Z,30.076621666666668
2025-08-10T10:59:00Z,30.079573333333336
2025-08-10T11:00:00Z,30.082085000000003
2025-08-10T11:01:00Z,30.08657333333333
2025-08-10T11:02:00Z,30.090788333333332
2025-08-10T11:03:00Z,30.09242833333333
2025-08-10T11:04:00Z,30.093106666666667
2025-08-10T11:05:00Z,30.09301333333333
2025-08-10T11:06:00Z,30.0948
2025-08-10T11:07:00Z,30.09649
2025-08-10T11:08:00Z,30.098588333333332
2025-08-10T11:09:00Z,30.102045
2025-08-10T11:10:00Z,30.104636666666668
2025-08-10T11:11:00Z,30.10765166666667
2025-08-10T11:12:00Z,30.111253333333334
2025-08-10T11:13:00Z,30.116816666666665
2025-08-10T11:14:00Z,30.121746666666667
2025-08-10T11:15:00Z,30.126868333333334
2025-08-10T11:16:00Z,30.131318333333333
2025-08-10T11:17:00Z,30.135395
2025-08-10T11:18:00Z,30.141055
2025-08-10T11:19:00Z,30.145956666666667
2025-08-10T11:20:00Z,30.149081666666664
2025-08-10T11:21:00Z,30.153245
2025-08-10T11:22:00Z,30.156906666666668
2025-08-10T11:23:00Z,30.16133
2025-08-10T11:24:00Z,30.16505
2025-08-10T11:25:00Z,30.167391666666667
2025-08-10T11:26:00Z,30.169408333333333
2025-08-10T11:27:00Z,30.171358333333334
2025-08-10T11:28:00Z,30.174215
2025-08-10T11:29:00Z,30.176606666666665
2025-08-10T11:30:00Z,30.178806666666667
2025-08-10T11:31:00Z,30.181485
2025-08-10T11:32:00Z,30.185376666666667
2025-08-10T11:33:00Z,30.187166666666666
2025-08-10T11:34:00Z,30.1876
2025-08-10T11:35:00Z,30.189198333333334
2025-08-10T11:36:00Z,30.192516666666666
2025-08-10T11:37:00Z,30.192541666666667
2025-08-10T11:38:00Z,30.19454
2025-08-10T11:39:00Z,30.19779666666667
2025-08-10T11:40:00Z,30.199563333333334
2025-08-10T11:41:00Z,30.201975
2025-08-10T11:42:00Z,30.205246666666667
2025-08-10T11:43:00Z,30.208241666666666
2025-08-10T11:44:00Z,30.211091666666665
2025-08-10T11:45:00Z,30.213314999999998
2025-08-10T11:46:00Z,30.212688333333332
2025-08-10T11:47:00Z,30.208048333333334
2025-08-10T11:48:00Z,30.202920000000002
2025-08-10T11:49:00Z,30.198743333333333
2025-08-10T11:50:00Z,30.197126666666666
2025-08-10T11:51:00Z,30.197856666666667
2025-08-10T11:52:00Z,30.198865
2025-08-10T11:53:00Z,30.200465
2025-08-10T11:54:00Z,30.20203
2025-08-10T11:55:00Z,30.203943333333335
2025-08-10T11:56:00Z,30.204905
2025-08-10T11:57:00Z,30.208483333333334
2025-08-10T11:58:00Z,30.21199
2025-08-10T11:59:00Z,30.21357833333333
2025-08-10T12:00:00Z,30.214735
2025-08-10T12:01:00Z,30.21424
2025-08-10T12:02:00Z,30.21289833333333
2025-08-10T12:03:00Z,30.21341333333333
2025-08-10T12:04:00Z,30.213633333333334
2025-08-10T12:05:00Z,30.211311666666667
2025-08-10T12:06:00Z,30.209353333333333
2025-08-10T12:07:00Z,30.206765
2025-08-10T12:08:00Z,30.20450166666667
2025-08-10T12:09:00Z,30.203113333333334
2025-08-10T12:10:00Z,30.200993333333333
2025-08-10T12:11:00Z,30.197388333333333
2025-08-10T12:12:00Z,30.196808333333333
2025-08-10T12:13:00Z,30.193076666666666
2025-08-10T12:14:00Z,30.18997
2025-08-10T12:15:00Z,30.185181666666665
2025-08-10T12:16:00Z,30.180495
2025-08-10T12:17:00Z,30.178296666666665
2025-08-10T12:18:00Z,30.171943333333335
2025-08-10T12:19:00Z,30.16667
2025-08-10T12:20:00Z,30.163866666666667
2025-08-10T12:21:00Z,30.161901666666665
2025-08-10T12:22:00Z,30.16036666666667
2025-08-10T12:23:00Z,30.15739333333333
2025-08-10T12:24:00Z,30.156525
2025-08-10T12:25:00Z,30.155455
2025-08-10T12:26:00Z,30.154273333333332
2025-08-10T12:27:00Z,30.152183333333333
2025-08-10T12:28:00Z,30.15186333333333
2025-08-10T12:29:00Z,30.15309333333333
2025-08-10T12:30:00Z,30.155438333333333
2025-08-10T12:31:00Z,30.157898333333332
2025-08-10T12:32:00Z,30.15957
2025-08-10T12:33:00Z,30.163195
2025-08-10T12:34:00Z,30.16293
2025-08-10T12:35:00Z,30.159566666666667
2025-08-10T12:36:00Z,30.157578333333333
2025-08-10T12:37:00Z,30.156956666666666
2025-08-10T12:38:00Z,30.15674
2025-08-10T12:39:00Z,30.15707
2025-08-10T12:40:00Z,30.15739333333333
2025-08-10T12:41:00Z,30.157631666666667
2025-08-10T12:42:00Z,30.158213333333332
2025-08-10T12:43:00Z,30.158308333333334
2025-08-10T12:44:00Z,30.157388333333333
2025-08-10T12:45:00Z,30.157225
2025-08-10T12:46:00Z,30.1584
2025-08-10T12:47:00Z,30.160028333333333
2025-08-10T12:48:00Z,30.16313
2025-08-10T12:49:00Z,30.165055
2025-08-10T12:50:00Z,30.16660166666667
2025-08-10T12:51:00Z,30.16798
2025-08-10T12:52:00Z,30.168441666666666
2025-08-10T12:53:00Z,30.168466666666667
2025-08-10T12:54:00Z,30.168971666666668
2025-08-10T12:55:00Z,30.170416666666668
2025-08-10T12:56:00Z,30.171483333333335
2025-08-10T12:57:00Z,30.174573333333335
2025-08-10T12:58:00Z,30.176773333333333
2025-08-10T12:59:00Z,30.175231666666665
2025-08-10T13:00:00Z,30.17346666666667
2025-08-10T13:01:00Z,30.17663
2025-08-10T13:02:00Z,30.178608333333333
2025-08-10T13:03:00Z,30.180446666666665
2025-08-10T13:04:00Z,30.180229999999998
2025-08-10T13:05:00Z,30.177883333333334
2025-08-10T13:06:00Z,30.173555
2025-08-10T13:07:00Z,30.17283666666667
2025-08-10T13:08:00Z,30.172496666666667
2025-08-10T13:09:00Z,30.171843333333335
2025-08-10T13:10:00Z,30.17218666666667
2025-08-10T13:11:00Z,30.17227666666667
2025-08-10T13:12:00Z,30.172738333333335
2025-08-10T13:13:00Z,30.17426
2025-08-10T13:14:00Z,30.174938333333333
2025-08-10T13:15:00Z,30.175443333333334
2025-08-10T13:16:00Z,30.176483333333334
2025-08-10T13:17:00Z,30.179164999999998
2025-08-10T13:18:00Z,30.177933333333332
2025-08-10T13:19:00Z,30.176191666666664
2025-08-10T13:20:00Z,30.175833333333333
2025-08-10T13:21:00Z,30.177938333333334
2025-08-10T13:22:00Z,30.181583333333332
2025-08-10T13:23:00Z,30.186536666666665
2025-08-10T13:24:00Z,30.191373333333335
2025-08-10T13:25:00Z,30.195790000000002
2025-08-10T13:26:00Z,30.199755
2025-08-10T13:27:00Z,30.203186666666667
2025-08-10T13:28:00Z,30.205896666666668
2025-08-10T13:29:00Z,30.207246666666666
2025-08-10T13:30:00Z,30.208045
2025-08-10T13:31:00Z,30.209063333333333
2025-08-10T13:32:00Z,30.21208
2025-08-10T13:33:00Z,30.212055
2025-08-10T13:34:00Z,30.211724999999998
2025-08-10T13:35:00Z,30.21269
2025-08-10T13:36:00Z,30.212181666666666
2025-08-10T13:37:00Z,30.21048
2025-08-10T13:38:00Z,30.207466666666665
2025-08-10T13:39:00Z,30.20505
2025-08-10T13:40:00Z,30.203935
2025-08-10T13:41:00Z,30.205505
2025-08-10T13:42:00Z,30.208338333333334
2025-08-10T13:43:00Z,30.210855
2025-08-10T13:44:00Z,30.212856666666667
2025-08-10T13:45:00Z,30.214041666666667
2025-08-10T13:46:00Z,30.214523333333332
2025-08-10T13:47:00Z,30.214358333333333
2025-08-10T13:48:00Z,30.21430833333333
2025-08-10T13:49:00Z,30.21339
2025-08-10T13:50:00Z,30.212826666666665
2025-08-10T13:51:00Z,30.21239333333333
2025-08-10T13:52:00Z,30.211476666666666
2025-08-10T13:53:00Z,30.210221666666666
2025-08-10T13:54:00Z,30.20865
2025-08-10T13:55:00Z,30.206474999999998
2025-08-10T13:56:00Z,30.20592
2025-08-10T13:57:00Z,30.205266666666667
2025-08-10T13:58:00Z,30.205341666666666
2025-08-10T13:59:00Z,30.204275000000003
2025-08-10T14:00:00Z,30.202973333333336
2025-08-10T14:01:00Z,30.20333
2025-08-10T14:02:00Z,30.2051
2025-08-10T14:03:00Z,30.207326666666667
2025-08-10T14:04:00Z,30.210291666666667
2025-08-10T14:05:00Z,30.212251666666667
2025-08-10T14:06:00Z,30.213046666666667
2025-08-10T14:07:00Z,30.214188333333333
2025-08-10T14:08:00Z,30.2152
2025-08-10T14:09:00Z,30.217421666666667
2025-08-10T14:10:00Z,30.218266666666665
2025-08-10T14:11:00Z,30.21851
2025-08-10T14:12:00Z,30.219065
2025-08-10T14:13:00Z,30.219168333333332
2025-08-10T14:14:00Z,30.218825
2025-08-10T14:15:00Z,30.219028333333334
2025-08-10T14:16:00Z,30.220403333333334
2025-08-10T14:17:00Z,30.222113333333333
2025-08-10T14:18:00Z,30.22451
2025-08-10T14:19:00Z,30.225931666666668
2025-08-10T14:20:00Z,30.227071666666667
2025-08-10T14:21:00Z,30.228076666666666
2025-08-10T14:22:00Z,30.229635000000002
2025-08-10T14:23:00Z,30.229531666666666
2025-08-10T14:24:00Z,30.23083666666667
2025-08-10T14:25:00Z,30.231393333333333
2025-08-10T14:26:00Z,30.232433333333333
2025-08-10T14:27:00Z,30.233711666666668
2025-08-10T14:28:00Z,30.23282
2025-08-10T14:29:00Z,30.231223333333336
2025-08-10T14:30:00Z,30.23002
2025-08-10T14:31:00Z,30.228015
2025-08-10T14:32:00Z,30.227645
2025-08-10T14:33:00Z,30.227815
2025-08-10T14:34:00Z,30.226733333333335
2025-08-10T14:35:00Z,30.2256
2025-08-10T14:36:00Z,30.224481666666666
2025-08-10T14:37:00Z,30.223316666666665
2025-08-10T14:38:00Z,30.224213333333335
2025-08-10T14:39:00Z,30.224141666666668
2025-08-10T14:40:00Z,30.223775
2025-08-10T14:41:00Z,30.223478333333333
2025-08-10T14:42:00Z,30.22421
2025-08-10T14:43:00Z,30.225883333333332
2025-08-10T14:44:00Z,30.226228333333335
2025-08-10T14:45:00Z,30.227408333333333
2025-08-10T14:46:00Z,30.229633333333336
2025-08-10T14:47:00Z,30.231005
2025-08-10T14:48:00Z,30.232385
2025-08-10T14:49:00Z,30.232770000000002
2025-08-10T14:50:00Z,30.234176666666666
2025-08-10T14:51:00Z,30.234583333333333
2025-08-10T14:52:00Z,30.235621666666667
2025-08-10T14:53:00Z,30.236131666666665
2025-08-10T14:54:00Z,30.23695
2025-08-10T14:55:00Z,30.237848333333332
2025-08-10T14:56:00Z,30.23906
2025-08-10T14:57:00Z,30.240626666666664
2025-08-10T14:58:00Z,30.241833333333332
2025-08-10T14:59:00Z,30.242943333333333
2025-08-10T15:00:00Z,30.24517833333333
2025-08-10T15:01:00Z,30.247721666666667
2025-08-10T15:02:00Z,30.249881666666667
2025-08-10T15:03:00Z,30.252081666666665
2025-08-10T15:04:00Z,30.254231666666666
2025-08-10T15:05:00Z,30.256188333333334
2025-08-10T15:06:00Z,30.257855
2025-08-10T15:07:00Z,30.260368333333336
2025-08-10T15:08:00Z,30.26300666666667
2025-08-10T15:09:00Z,30.263755
2025-08-10T15:10:00Z,30.265253333333334
2025-08-10T15:11:00Z,30.267095
2025-08-10T15:12:00Z,30.267993333333333
2025-08-10T15:13:00Z,30.267801666666667
2025-08-10T15:14:00Z,30.268583333333332
2025-08-10T15:15:00Z,30.269026666666665
2025-08-10T15:16:00Z,30.269019999999998
2025-08-10T15:17:00Z,30.269395
2025-08-10T15:18:00Z,30.269486666666666
2025-08-10T15:19:00Z,30.269346666666664
2025-08-10T15:20:00Z,30.2703
2025-08-10T15:21:00Z,30.271316666666664
2025-08-10T15:22:00Z,30.27386
2025-08-10T15:23:00Z,30.27699833333333
2025-08-10T15:24:00Z,30.28101
2025-08-10T15:25:00Z,30.283211666666666
2025-08-10T15:26:00Z,30.285478333333334
2025-08-10T15:27:00Z,30.286375
2025-08-10T15:28:00Z,30.286616666666667
2025-08-10T15:29:00Z,30.28623
2025-08-10T15:30:00Z,30.285613333333334
2025-08-10T15:31:00Z,30.285388333333334
2025-08-10T15:32:00Z,30.285725
2025-08-10T15:33:00Z,30.285890000000002
2025-08-10T15:34:00Z,30.287395
2025-08-10T15:35:00Z,30.288241666666668
2025-08-10T15:36:00Z,30.28928
2025-08-10T15:37:00Z,30.290846666666667
2025-08-10T15:38:00Z,30.292145
2025-08-10T15:39:00Z,30.293525000000002
2025-08-10T15:40:00Z,30.294668333333334
2025-08-10T15:41:00Z,30.296533333333336
2025-08-10T15:42:00Z,30.29805
2025-08-10T15:43:00Z,30.299015
2025-08-10T15:44:00Z,30.30003333333333
2025-08-10T15:45:00Z,30.301386666666666
2025-08-10T15:46:00Z,30.30421833333333
2025-08-10T15:47:00Z,30.306581666666666
2025-08-10T15:48:00Z,30.307525
2025-08-10T15:49:00Z,30.308471666666666
2025-08-10T15:50:00Z,30.310025
2025-08-10T15:51:00Z,30.310808333333334
2025-08-10T15:52:00Z,30.310435
2025-08-10T15:53:00Z,30.310585
2025-08-10T15:54:00Z,30.31048
2025-08-10T15:55:00Z,30.310851666666665
2025-08-10T15:56:00Z,30.310945
2025-08-10T15:57:00Z,30.310904999999998
2025-08-10T15:58:00Z,30.311198333333333
2025-08-10T15:59:00Z,30.311898333333332
2025-08-10T16:00:00Z,30.31233333333333
2025-08-10T16:01:00Z,30.313466666666667
2025-08-10T16:02:00Z,30.314533333333333
2025-08-10T16:03:00Z,30.31576
2025-08-10T16:04:00Z,30.316638333333334
2025-08-10T16:05:00Z,30.317823333333333
2025-08-10T16:06:00Z,30.318423333333335
2025-08-10T16:07:00Z,30.319151666666667
2025-08-10T16:08:00Z,30.320553333333333
2025-08-10T16:09:00Z,30.322486666666666
2025-08-10T16:10:00Z,30.324155
2025-08-10T16:11:00Z,30.325875
2025-08-10T16:12:00Z,30.327558333333336
2025-08-10T16:13:00Z,30.329301666666666
2025-08-10T16:14:00Z,30.33133
2025-08-10T16:15:00Z,30.333556666666667
2025-08-10T16:16:00Z,30.3358
2025-08-10T16:17:00Z,30.33805
2025-08-10T16:18:00Z,30.339959999999998
2025-08-10T16:19:00Z,30.34118833333333
2025-08-10T16:20:00Z,30.342016666666666
2025-08-10T16:21:00Z,30.342928333333333
2025-08-10T16:22:00Z,30.343813333333333
2025-08-10T16:23:00Z,30.345611666666667
2025-08-10T16:24:00Z,30.347115
2025-08-10T16:25:00Z,30.348565
2025-08-10T16:26:00Z,30.349408333333333
2025-08-10T16:27:00Z,30.349481666666666
2025-08-10T16:28:00Z,30.35035166666667
2025-08-10T16:29:00Z,30.35058666666667
2025-08-10T16:30:00Z,30.351301666666668
2025-08-10T16:31:00Z,30.351733333333335
2025-08-10T16:32:00Z,30.352286666666668
2025-08-10T16:33:00Z,30.352958333333333
2025-08-10T16:34:00Z,30.354173333333335
2025-08-10T16:35:00Z,30.355095000000002
2025-08-10T16:36:00Z,30.35625166666667
2025-08-10T16:37:00Z,30.357085
2025-08-10T16:38:00Z,30.358265000000003
2025-08-10T16:39:00Z,30.35912666666667
2025-08-10T16:40:00Z,30.360210000000002
2025-08-10T16:41:00Z,30.360233333333333
2025-08-10T16:42:00Z,30.360838333333334
2025-08-10T16:43:00Z,30.36130166666667
2025-08-10T16:44:00Z,30.36178166666667
2025-08-10T16:45:00Z,30.36319
2025-08-10T16:46:00Z,30.362938333333332
2025-08-10T16:47:00Z,30.362775
2025-08-10T16:48:00Z,30.363285
2025-08-10T16:49:00Z,30.364201666666666
2025-08-10T16:50:00Z,30.36673833333333
2025-08-10T16:51:00Z,30.369273333333332
2025-08-10T16:52:00Z,30.370806666666667
2025-08-10T16:53:00Z,30.371646666666667
2025-08-10T16:54:00Z,30.372014999999998
2025-08-10T16:55:00Z,30.372108333333333
2025-08-10T16:56:00Z,30.372178333333334
2025-08-10T16:57:00Z,30.372616666666666
2025-08-10T16:58:00Z,30.374048333333334
2025-08-10T16:59:00Z,30.37527
2025-08-10T17:00:00Z,30.376291666666667
2025-08-10T17:01:00Z,30.378971666666665
2025-08-10T17:02:00Z,30.380883333333333
2025-08-10T17:03:00Z,30.380956666666666
2025-08-10T17:04:00Z,30.380558333333333
2025-08-10T17:05:00Z,30.38010166666667
2025-08-10T17:06:00Z,30.38018
2025-08-10T17:07:00Z,30.38083
2025-08-10T17:08:00Z,30.381263333333333
2025-08-10T17:09:00Z,30.380898333333334
2025-08-10T17:10:00Z,30.381535
2025-08-10T17:11:00Z,30.381265
2025-08-10T17:12:00Z,30.38165
2025-08-10T17:13:00Z,30.381461666666667
2025-08-10T17:14:00Z,30.38201
2025-08-10T17:15:00Z,30.380855
2025-08-10T17:16:00Z,30.378635
2025-08-10T17:17:00Z,30.374045
2025-08-10T17:18:00Z,30.361868333333334
2025-08-10T17:19:00Z,30.33806
2025-08-10T17:20:00Z,30.312168333333332
2025-08-10T17:21:00Z,30.292381666666667
2025-08-10T17:22:00Z,30.274263333333334
2025-08-10T17:23:00Z,30.25875166666667
2025-08-10T17:24:00Z,30.242543333333334
2025-08-10T17:25:00Z,30.227418333333333
2025-08-10T17:26:00Z,30.213633333333334
2025-08-10T17:27:00Z,30.204571666666666
2025-08-10T17:28:00Z,30.198838333333335
2025-08-10T17:29:00Z,30.19729166666667
2025-08-10T17:30:00Z,30.197533333333332
2025-08-10T17:31:00Z,30.198835000000003
2025-08-10T17:32:00Z,30.20024
2025-08-10T17:33:00Z,30.203186666666667
2025-08-10T17:34:00Z,30.203458333333334
2025-08-10T17:35:00Z,30.19816
2025-08-10T17:36:00Z,30.186598333333333
2025-08-10T17:37:00Z,30.179554999999997
2025-08-10T17:38:00Z,30.176653333333334
2025-08-10T17:39:00Z,30.172788333333333
2025-08-10T17:40:00Z,30.169908333333336
2025-08-10T17:41:00Z,30.164208333333335
2025-08-10T17:42:00Z,30.160343333333334
2025-08-10T17:43:00Z,30.157781666666665
2025-08-10T17:44:00Z,30.156356666666667
2025-08-10T17:45:00Z,30.154876666666667
2025-08-10T17:46:00Z,30.153095
2025-08-10T17:47:00Z,30.152283333333333
2025-08-10T17:48:00Z,30.152261666666664
2025-08-10T17:49:00Z,30.153145
2025-08-10T17:50:00Z,30.154221666666665
2025-08-10T17:51:00Z,30.15577
2025-08-10T17:52:00Z,30.157561666666666
2025-08-10T17:53:00Z,30.16126
2025-08-10T17:54:00Z,30.166233333333334
2025-08-10T17:55:00Z,30.172283333333333
2025-08-10T17:56:00Z,30.181175
2025-08-10T17:57:00Z,30.188985
2025-08-10T17:58:00Z,30.197076666666668
2025-08-10T17:59:00Z,30.203770000000002
2025-08-10T18:00:00Z,30.207081666666667
2025-08-10T18:01:00Z,30.210028333333334
2025-08-10T18:02:00Z,30.210633333333334
2025-08-10T18:03:00Z,30.209156666666665
2025-08-10T18:04:00Z,30.207881666666665
2025-08-10T18:05:00Z,30.207349999999998
2025-08-10T18:06:00Z,30.207736666666666
2025-08-10T18:07:00Z,30.2087
2025-08-10T18:08:00Z,30.20959333333333
2025-08-10T18:09:00Z,30.211651666666665
2025-08-10T18:10:00Z,30.217105
2025-08-10T18:11:00Z,30.222916666666666
2025-08-10T18:12:00Z,30.226425
2025-08-10T18:13:00Z,30.228661666666667
2025-08-10T18:14:00Z,30.228463333333334
2025-08-10T18:15:00Z,30.232168333333334
2025-08-10T18:16:00Z,30.234270000000002
2025-08-10T18:17:00Z,30.233183333333336
2025-08-10T18:18:00Z,30.23154166666667
2025-08-10T18:19:00Z,30.229653333333335
2025-08-10T18:20:00Z,30.229531666666666
2025-08-10T18:21:00Z,30.229490000000002
2025-08-10T18:22:00Z,30.23139666666667
2025-08-10T18:23:00Z,30.234408333333334
2025-08-10T18:24:00Z,30.239491666666666
2025-08-10T18:25:00Z,30.24710333333333
2025-08-10T18:26:00Z,30.251646666666666
2025-08-10T18:27:00Z,30.253046666666666
2025-08-10T18:28:00Z,30.252541666666666
2025-08-10T18:29:00Z,30.252683333333334
2025-08-10T18:30:00Z,30.251506666666668
2025-08-10T18:31:00Z,30.251571666666667
2025-08-10T18:32:00Z,30.250631666666667
2025-08-10T18:33:00Z,30.250416666666666
2025-08-10T18:34:00Z,30.249814999999998
2025-08-10T18:35:00Z,30.248408333333334
2025-08-10T18:36:00Z,30.247351666666667
2025-08-10T18:37:00Z,30.247353333333333
2025-08-10T18:38:00Z,30.246953333333334
2025-08-10T18:39:00Z,30.247178333333334
2025-08-10T18:40:00Z,30.2469
2025-08-10T18:41:00Z,30.245455
2025-08-10T18:42:00Z,30.243693333333333
2025-08-10T18:43:00Z,30.238713333333333
2025-08-10T18:44:00Z,30.23194666666667
2025-08-10T18:45:00Z,30.224518333333332
2025-08-10T18:46:00Z,30.21912
2025-08-10T18:47:00Z,30.213918333333332
2025-08-10T18:48:00Z,30.207806666666666
2025-08-10T18:49:00Z,30.201695
2025-08-10T18:50:00Z,30.196565
2025-08-10T18:51:00Z,30.18840833333333
2025-08-10T18:52:00Z,30.1769
2025-08-10T18:53:00Z,30.160148333333332
2025-08-10T18:54:00Z,30.147195
2025-08-10T18:55:00Z,30.139120000000002
2025-08-10T18:56:00Z,30.13325
2025-08-10T18:57:00Z,30.123749999999998
2025-08-10T18:58:00Z,30.114085
2025-08-10T18:59:00Z,30.104366666666667
2025-08-10T19:00:00Z,30.09602333333333
2025-08-10T19:01:00Z,30.0919
2025-08-10T19:02:00Z,30.09144333333333
2025-08-10T19:03:00Z,30.089985
2025-08-10T19:04:00Z,30.089891666666666
2025-08-10T19:05:00Z,30.089793333333333
2025-08-10T19:06:00Z,30.089723333333332
2025-08-10T19:07:00Z,30.08868
2025-08-10T19:08:00Z,30.089748333333333
2025-08-10T19:09:00Z,30.089454999999997
2025-08-10T19:10:00Z,30.08771833333333
2025-08-10T19:11:00Z,30.08776
2025-08-10T19:12:00Z,30.086751666666665
2025-08-10T19:13:00Z,30.086821666666665
2025-08-10T19:14:00Z,30.089046666666665
2025-08-10T19:15:00Z,30.092475
2025-08-10T19:16:00Z,30.095814999999998
2025-08-10T19:17:00Z,30.098638333333334
2025-08-10T19:18:00Z,30.10091
2025-08-10T19:19:00Z,30.10164
2025-08-10T19:20:00Z,30.101371666666665
2025-08-10T19:21:00Z,30.10357
2025-08-10T19:22:00Z,30.111178333333335
2025-08-10T19:23:00Z,30.112588333333335
2025-08-10T19:24:00Z,30.112826666666667
2025-08-10T19:25:00Z,30.11326166666667
2025-08-10T19:26:00Z,30.11534
2025-08-10T19:27:00Z,30.128346666666665
2025-08-10T19:28:00Z,30.161338333333333
2025-08-10T19:29:00Z,30.200768333333333
2025-08-10T19:30:00Z,30.208068333333333
2025-08-10T19:31:00Z,30.20092
2025-08-10T19:32:00Z,30.20947333333333
2025-08-10T19:33:00Z,30.208409999999997
2025-08-10T19:34:00Z,30.204375000000002
2025-08-10T19:35:00Z,30.203231666666667
2025-08-10T19:36:00Z,30.210676666666664
2025-08-10T19:37:00Z,30.214671666666668
2025-08-10T19:38:00Z,30.219993333333335
2025-08-10T19:39:00Z,30.22975
2025-08-10T19:40:00Z,30.233520000000002
2025-08-10T19:41:00Z,30.244895
2025-08-10T19:42:00Z,30.260561666666668
2025-08-10T19:43:00Z,30.275231666666667
2025-08-10T19:44:00Z,30.293785
2025-08-10T19:45:00Z,30.311378333333334
2025-08-10T19:46:00Z,30.29996166666667
2025-08-10T19:47:00Z,30.294278333333335
2025-08-10T19:48:00Z,30.294283333333336
2025-08-10T19:49:00Z,30.296213333333334
2025-08-10T19:50:00Z,30.299186666666667
2025-08-10T19:51:00Z,30.302909999999997
2025-08-10T19:52:00Z,30.305564999999998
2025-08-10T19:53:00Z,30.307641666666665
2025-08-10T19:54:00Z,30.307523333333332
2025-08-10T19:55:00Z,30.30786833333333
2025-08-10T19:56:00Z,30.309426666666667
2025-08-10T19:57:00Z,30.311175
2025-08-10T19:58:00Z,30.308844999999998
2025-08-10T19:59:00Z,30.307769999999998
2025-08-10T20:00:00Z,30.307428333333334
2025-08-10T20:01:00Z,30.306145
2025-08-10T20:02:00Z,30.305513333333334
2025-08-10T20:03:00Z,30.305296666666667
2025-08-10T20:04:00Z,30.307161666666666
2025-08-10T20:05:00Z,30.308696666666666
2025-08-10T20:06:00Z,30.311166666666665
2025-08-10T20:07:00Z,30.313613333333333
2025-08-10T20:08:00Z,30.312285
2025-08-10T20:09:00Z,30.312921666666668
2025-08-10T20:10:00Z,30.315018333333335
2025-08-10T20:11:00Z,30.320091666666666
2025-08-10T20:12:00Z,30.32528
2025-08-10T20:13:00Z,30.331938333333333
2025-08-10T20:14:00Z,30.337571666666665
2025-08-10T20:15:00Z,30.33954333333333
2025-08-10T20:16:00Z,30.339716666666664
2025-08-10T20:17:00Z,30.339741666666665
2025-08-10T20:18:00Z,30.33925
2025-08-10T20:19:00Z,30.336064999999998
2025-08-10T20:20:00Z,30.3315
2025-08-10T20:21:00Z,30.32874166666667
2025-08-10T20:22:00Z,30.329615
2025-08-10T20:23:00Z,30.333286666666666
2025-08-10T20:24:00Z,30.337836666666664
2025-08-10T20:25:00Z,30.340903333333333
2025-08-10T20:26:00Z,30.34249833333333
2025-08-10T20:27:00Z,30.341846666666665
2025-08-10T20:28:00Z,30.34332
2025-08-10T20:29:00Z,30.345728333333334
2025-08-10T20:30:00Z,30.346845
2025-08-10T20:31:00Z,30.348155
2025-08-10T20:32:00Z,30.347593333333332
2025-08-10T20:33:00Z,30.349551666666667
2025-08-10T20:34:00Z,30.353135
2025-08-10T20:35:00Z,30.355383333333336
2025-08-10T20:36:00Z,30.356595000000002
2025-08-10T20:37:00Z,30.357556666666667
2025-08-10T20:38:00Z,30.35706
2025-08-10T20:39:00Z,30.355553333333333
2025-08-10T20:40:00Z,30.354033333333334
2025-08-10T20:41:00Z,30.352598333333333
2025-08-10T20:42:00Z,30.35157166666667
2025-08-10T20:43:00Z,30.352015
2025-08-10T20:44:00Z,30.352693333333335
2025-08-10T20:45:00Z,30.354198333333333
2025-08-10T20:46:00Z,30.355618333333336
2025-08-10T20:47:00Z,30.357773333333334
2025-08-10T20:48:00Z,30.359293333333333
2025-08-10T20:49:00Z,30.359438333333333
2025-08-10T20:50:00Z,30.36072
2025-08-10T20:51:00Z,30.362143333333332
2025-08-10T20:52:00Z,30.361838333333335
2025-08-10T20:53:00Z,30.360821666666666
2025-08-10T20:54:00Z,30.358583333333335
2025-08-10T20:55:00Z,30.355896666666666
2025-08-10T20:56:00Z,30.353375
2025-08-10T20:57:00Z,30.349895
2025-08-10T20:58:00Z,30.346726666666665
2025-08-10T20:59:00Z,30.344208333333334
2025-08-10T21:00:00Z,30.342591666666667
2025-08-10T21:01:00Z,30.340128333333332
2025-08-10T21:02:00Z,30.33768333333333
2025-08-10T21:03:00Z,30.333213333333333
2025-08-10T21:04:00Z,30.325476666666667
2025-08-10T21:05:00Z,30.319875
2025-08-10T21:06:00Z,30.313711666666666
2025-08-10T21:07:00Z,30.307145
2025-08-10T21:08:00Z,30.302476666666664
2025-08-10T21:09:00Z,30.29879
2025-08-10T21:10:00Z,30.295226666666668
2025-08-10T21:11:00Z,30.292440000000003
2025-08-10T21:12:00Z,30.291046666666666
2025-08-10T21:13:00Z,30.290846666666667
2025-08-10T21:14:00Z,30.290585
2025-08-10T21:15:00Z,30.29060666666667
2025-08-10T21:16:00Z,30.290256666666668
2025-08-10T21:17:00Z,30.290378333333333
2025-08-10T21:18:00Z,30.290016666666666
2025-08-10T21:19:00Z,30.289201666666667
2025-08-10T21:20:00Z,30.289011666666667
2025-08-10T21:21:00Z,30.288938333333334
2025-08-10T21:22:00Z,30.289433333333335
2025-08-10T21:23:00Z,30.29015
2025-08-10T21:24:00Z,30.292221666666666
2025-08-10T21:25:00Z,30.29418666666667
2025-08-10T21:26:00Z,30.295123333333336
2025-08-10T21:27:00Z,30.294938333333334
2025-08-10T21:28:00Z,30.29515
2025-08-10T21:29:00Z,30.295898333333334
2025-08-10T21:30:00Z,30.296693333333334
2025-08-10T21:31:00Z,30.296245000000003
2025-08-10T21:32:00Z,30.296403333333334
2025-08-10T21:33:00Z,30.297808333333336
2025-08-10T21:34:00Z,30.299688333333332
2025-08-10T21:35:00Z,30.30075833333333
2025-08-10T21:36:00Z,30.301621666666666
2025-08-10T21:37:00Z,30.302743333333332
2025-08-10T21:38:00Z,30.303418333333333
2025-08-10T21:39:00Z,30.304336666666664
2025-08-10T21:40:00Z,30.30674833333333
2025-08-10T21:41:00Z,30.309923333333334
2025-08-10T21:42:00Z,30.314073333333333
2025-08-10T21:43:00Z,30.319128333333335
2025-08-10T21:44:00Z,30.324133333333336
2025-08-10T21:45:00Z,30.328120000000002
2025-08-10T21:46:00Z,30.333916666666667
2025-08-10T21:47:00Z,30.343993333333334
2025-08-10T21:48:00Z,30.35199666666667
2025-08-10T21:49:00Z,30.35760666666667
2025-08-10T21:50:00Z,30.360983333333333
2025-08-10T21:51:00Z,30.364545
2025-08-10T21:52:00Z,30.367363333333333
2025-08-10T21:53:00Z,30.36947
2025-08-10T21:54:00Z,30.374185
2025-08-10T21:55:00Z,30.378726666666665
2025-08-10T21:56:00Z,30.384506666666667
2025-08-10T21:57:00Z,30.389745
2025-08-10T21:58:00Z,30.393935
2025-08-10T21:59:00Z,30.397924999999997
2025-08-10T22:00:00Z,30.402095
2025-08-10T22:01:00Z,30.40547833333333
2025-08-10T22:02:00Z,30.409708333333334
2025-08-10T22:03:00Z,30.412831666666666
2025-08-10T22:04:00Z,30.416388333333334
2025-08-10T22:05:00Z,30.420423333333336
2025-08-10T22:06:00Z,30.423825
2025-08-10T22:07:00Z,30.424405
2025-08-10T22:08:00Z,30.424311666666668
2025-08-10T22:09:00Z,30.423943333333334
2025-08-10T22:10:00Z,30.423706666666668
2025-08-10T22:11:00Z,30.422790000000003
2025-08-10T22:12:00Z,30.422596666666667
2025-08-10T22:13:00Z,30.421553333333335
2025-08-10T22:14:00Z,30.421071666666666
2025-08-10T22:15:00Z,30.420183333333334
2025-08-10T22:16:00Z,30.419305
2025-08-10T22:17:00Z,30.419063333333334
2025-08-10T22:18:00Z,30.417898333333333
2025-08-10T22:19:00Z,30.41701
2025-08-10T22:20:00Z,30.41602
2025-08-10T22:21:00Z,30.415456666666667
2025-08-10T22:22:00Z,30.41477
2025-08-10T22:23:00Z,30.41366
2025-08-10T22:24:00Z,30.412546666666668
2025-08-10T22:25:00Z,30.411475
2025-08-10T22:26:00Z,30.410633333333333
2025-08-10T22:27:00Z,30.40887
2025-08-10T22:28:00Z,30.407723333333333
2025-08-10T22:29:00Z,30.406405
2025-08-10T22:30:00Z,30.404805
2025-08-10T22:31:00Z,30.402874999999998
2025-08-10T22:32:00Z,30.400695
2025-08-10T22:33:00Z,30.398545
2025-08-10T22:34:00Z,30.396806666666667
2025-08-10T22:35:00Z,30.39603
2025-08-10T22:36:00Z,30.39446
2025-08-10T22:37:00Z,30.393543333333334
2025-08-10T22:38:00Z,30.39284166666667
2025-08-10T22:39:00Z,30.391658333333336
2025-08-10T22:40:00Z,30.390785
2025-08-10T22:41:00Z,30.389601666666668
2025-08-10T22:42:00Z,30.388511666666666
2025-08-10T22:43:00Z,30.38803
2025-08-10T22:44:00Z,30.386998333333334
2025-08-10T22:45:00Z,30.386628333333334
2025-08-10T22:46:00Z,30.385838333333336
2025-08-10T22:47:00Z,30.38535166666667
2025-08-10T22:48:00Z,30.385348333333333
2025-08-10T22:49:00Z,30.384526666666666
2025-08-10T22:50:00Z,30.384235
2025-08-10T22:51:00Z,30.383485
2025-08-10T22:52:00Z,30.383755
2025-08-10T22:53:00Z,30.38324666666667
2025-08-10T22:54:00Z,30.38303
2025-08-10T22:55:00Z,30.382446666666667
2025-08-10T22:56:00Z,30.382348333333333
2025-08-10T22:57:00Z,30.382058333333333
2025-08-10T22:58:00Z,30.382068333333333
2025-08-10T22:59:00Z,30.381726666666665
2025-08-10T23:00:00Z,30.381091666666666
2025-08-10T23:01:00Z,30.380991666666667
2025-08-10T23:02:00Z,30.38054
2025-08-10T23:03:00Z,30.379111666666667
2025-08-10T23:04:00Z,30.379045
2025-08-10T23:05:00Z,30.378365
2025-08-10T23:06:00Z,30.377738333333333
2025-08-10T23:07:00Z,30.377671666666668
2025-08-10T23:08:00Z,30.37716
2025-08-10T23:09:00Z,30.376836666666666
2025-08-10T23:10:00Z,30.376045
2025-08-10T23:11:00Z,30.374883333333333
2025-08-10T23:12:00Z,30.374266666666667
2025-08-10T23:13:00Z,30.373971666666666
2025-08-10T23:14:00Z,30.373428333333333
2025-08-10T23:15:00Z,30.373726666666666
2025-08-10T23:16:00Z,30.373555
2025-08-10T23:17:00Z,30.373185
2025-08-10T23:18:00Z,30.373258333333332
2025-08-10T23:19:00Z,30.372868333333333
2025-08-10T23:20:00Z,30.37281833333333
2025-08-10T23:21:00Z,30.37255
2025-08-10T23:22:00Z,30.372788333333332
2025-08-10T23:23:00Z,30.372691666666665
2025-08-10T23:24:00Z,30.372886666666666
2025-08-10T23:25:00Z,30.374313333333333
2025-08-10T23:26:00Z,30.375853333333332
2025-08-10T23:27:00Z,30.375661666666666
2025-08-10T23:28:00Z,30.375001666666666
2025-08-10T23:29:00Z,30.374585
2025-08-10T23:30:00Z,30.37377
2025-08-10T23:31:00Z,30.373211666666666
2025-08-10T23:32:00Z,30.371576666666666
2025-08-10T23:33:00Z,30.36978333333333
2025-08-10T23:34:00Z,30.36809333333333
2025-08-10T23:35:00Z,30.367058333333333
2025-08-10T23:36:00Z,30.366351666666667
2025-08-10T23:37:00Z,30.364921666666664
2025-08-10T23:38:00Z,30.36434333333333
2025-08-10T23:39:00Z,30.362988333333334
2025-08-10T23:40:00Z,30.361983333333335
2025-08-10T23:41:00Z,30.361396666666668
2025-08-10T23:42:00Z,30.359851666666668
2025-08-10T23:43:00Z,30.359093333333334
2025-08-10T23:44:00Z,30.358880000000003
2025-08-10T23:45:00Z,30.358118333333334
2025-08-10T23:46:00Z,30.357525000000003
2025-08-10T23:47:00Z,30.357115
2025-08-10T23:48:00Z,30.35740666666667
2025-08-10T23:49:00Z,30.35753
2025-08-10T23:50:00Z,30.357670000000002
2025-08-10T23:51:00Z,30.358145
2025-08-10T23:52:00Z,30.35763
2025-08-10T23:53:00Z,30.357035
2025-08-10T23:54:00Z,30.35545666666667
2025-08-10T23:55:00Z,30.3546
2025-08-10T23:56:00Z,30.35381166666667
2025-08-10T23:57:00Z,30.35300666666667
2025-08-10T23:58:00Z,30.352985
2025-08-10T23:59:00Z,30.352866666666667
2025-08-11T00:00:00Z,30.35156
2025-08-11T00:01:00Z,30.349116666666667
2025-08-11T00:02:00Z,30.346798333333332
2025-08-11T00:03:00Z,30.3445
2025-08-11T00:04:00Z,30.342301666666668
2025-08-11T00:05:00Z,30.341068333333332
2025-08-11T00:06:00Z,30.34089833333333
2025-08-11T00:07:00Z,30.340268333333334
2025-08-11T00:08:00Z,30.340361666666666
2025-08-11T00:09:00Z,30.341068333333332
2025-08-11T00:10:00Z,30.34203833333333
2025-08-11T00:11:00Z,30.342521666666666
2025-08-11T00:12:00Z,30.342185
2025-08-11T00:13:00Z,30.341888333333333
2025-08-11T00:14:00Z,30.341046666666667
2025-08-11T00:15:00Z,30.340495
2025-08-11T00:16:00Z,30.339641666666665
2025-08-11T00:17:00Z,30.338291666666667
2025-08-11T00:18:00Z,30.33764
2025-08-11T00:19:00Z,30.336573333333334
2025-08-11T00:20:00Z,30.33609333333333
2025-08-11T00:21:00Z,30.335124999999998
2025-08-11T00:22:00Z,30.334656666666664
2025-08-11T00:23:00Z,30.334761666666665
2025-08-11T00:24:00Z,30.33357833333333
2025-08-11T00:25:00Z,30.333726666666664
2025-08-11T00:26:00Z,30.333101666666664
2025-08-11T00:27:00Z,30.333221666666667
2025-08-11T00:28:00Z,30.332811666666665
2025-08-11T00:29:00Z,30.333531666666666
2025-08-11T00:30:00Z,30.33405833333333
2025-08-11T00:31:00Z,30.333916666666667
2025-08-11T00:32:00Z,30.333143333333332
2025-08-11T00:33:00Z,30.333026666666665
2025-08-11T00:34:00Z,30.333125
2025-08-11T00:35:00Z,30.335369999999998
2025-08-11T00:36:00Z,30.335538333333332
2025-08-11T00:37:00Z,30.335561666666667
2025-08-11T00:38:00Z,30.33503333333333
2025-08-11T00:39:00Z,30.334208333333333
2025-08-11T00:40:00Z,30.333748333333332
2025-08-11T00:41:00Z,30.333506666666665
2025-08-11T00:42:00Z,30.33324
2025-08-11T00:43:00Z,30.333119999999997
2025-08-11T00:44:00Z,30.332784999999998
2025-08-11T00:45:00Z,30.33242
2025-08-11T00:46:00Z,30.332465
2025-08-11T00:47:00Z,30.332591666666666
2025-08-11T00:48:00Z,30.332205
2025-08-11T00:49:00Z,30.332466666666665
2025-08-11T00:50:00Z,30.33307333333333
2025-08-11T00:51:00Z,30.33275833333333
2025-08-11T00:52:00Z,30.333246666666664
2025-08-11T00:53:00Z,30.332561666666667
2025-08-11T00:54:00Z,30.33275833333333
2025-08-11T00:55:00Z,30.332735
2025-08-11T00:56:00Z,30.332346666666666
2025-08-11T00:57:00Z,30.332103333333333
2025-08-11T00:58:00Z,30.331743333333332
2025-08-11T00:59:00Z,30.330706666666668
2025-08-11T01:00:00Z,30.329208333333334
2025-08-11T01:01:00Z,30.328286666666667
2025-08-11T01:02:00Z,30.327733333333335
2025-08-11T01:03:00Z,30.327053333333335
2025-08-11T01:04:00Z,30.325995000000002
2025-08-11T01:05:00Z,30.32557166666667
2025-08-11T01:06:00Z,30.32542666666667
2025-08-11T01:07:00Z,30.32491166666667
2025-08-11T01:08:00Z,30.324645
2025-08-11T01:09:00Z,30.324840000000002
2025-08-11T01:10:00Z,30.325158333333334
2025-08-11T01:11:00Z,30.325233333333333
2025-08-11T01:12:00Z,30.324646666666666
2025-08-11T01:13:00Z,30.324450000000002
2025-08-11T01:14:00Z,30.323785
2025-08-11T01:15:00Z,30.323600000000003
2025-08-11T01:16:00Z,30.323331666666668
2025-08-11T01:17:00Z,30.322991666666667
2025-08-11T01:18:00Z,30.322366666666667
2025-08-11T01:19:00Z,30.321885
2025-08-11T01:20:00Z,30.320405
2025-08-11T01:21:00Z,30.319168333333334
2025-08-11T01:22:00Z,30.318083333333334
2025-08-11T01:23:00Z,30.317105
2025-08-11T01:24:00Z,30.315733333333334
2025-08-11T01:25:00Z,30.314896666666666
2025-08-11T01:26:00Z,30.314415
2025-08-11T01:27:00Z,30.313808333333334
2025-08-11T01:28:00Z,30.313496666666666
2025-08-11T01:29:00Z,30.313441666666666
2025-08-11T01:30:00Z,30.31325
2025-08-11T01:31:00Z,30.312743333333334
2025-08-11T01:32:00Z,30.31237833333333
2025-08-11T01:33:00Z,30.311726666666665
2025-08-11T01:34:00Z,30.310976666666665
2025-08-11T01:35:00Z,30.31007
2025-08-11T01:36:00Z,30.308638333333334
2025-08-11T01:37:00Z,30.30666
2025-08-11T01:38:00Z,30.304501666666667
2025-08-11T01:39:00Z,30.301965
2025-08-11T01:40:00Z,30.30032333333333
2025-08-11T01:41:00Z,30.298971666666667
2025-08-11T01:42:00Z,30.29659666666667
2025-08-11T01:43:00Z,30.295635
2025-08-11T01:44:00Z,30.29539
2025-08-11T01:45:00Z,30.295053333333335
2025-08-11T01:46:00Z,30.294738333333335
2025-08-11T01:47:00Z,30.294406666666667
2025-08-11T01:48:00Z,30.294225
2025-08-11T01:49:00Z,30.2943
2025-08-11T01:50:00Z,30.29462666666667
2025-08-11T01:51:00Z,30.29351
2025-08-11T01:52:00Z,30.291483333333336
2025-08-11T01:53:00Z,30.287076666666668
2025-08-11T01:54:00Z,30.282701666666668
2025-08-11T01:55:00Z,30.282558333333334
2025-08-11T01:56:00Z,30.281038333333335
2025-08-11T01:57:00Z,30.279881666666665
2025-08-11T01:58:00Z,30.27891
2025-08-11T01:59:00Z,30.277553333333334
2025-08-11T02:00:00Z,30.277504999999998
2025-08-11T02:01:00Z,30.277245
2025-08-11T02:02:00Z,30.278351666666666
2025-08-11T02:03:00Z,30.279049999999998
2025-08-11T02:04:00Z,30.279656666666668
2025-08-11T02:05:00Z,30.280451666666668
2025-08-11T02:06:00Z,30.280715
2025-08-11T02:07:00Z,30.279345
2025-08-11T02:08:00Z,30.27189
2025-08-11T02:09:00Z,30.259453333333333
2025-08-11T02:10:00Z,30.248263333333334
2025-08-11T02:11:00Z,30.234781666666667
2025-08-11T02:12:00Z,30.220488333333332
2025-08-11T02:13:00Z,30.205746666666666
2025-08-11T02:14:00Z,30.19253
2025-08-11T02:15:00Z,30.180036666666666
2025-08-11T02:16:00Z,30.170231666666666
2025-08-11T02:17:00Z,30.159855
2025-08-11T02:18:00Z,30.146855
2025-08-11T02:19:00Z,30.13535166666667
2025-08-11T02:20:00Z,30.127883333333333
2025-08-11T02:21:00Z,30.122764999999998
2025-08-11T02:22:00Z,30.120804999999997
2025-08-11T02:23:00Z,30.119331666666664
2025-08-11T02:24:00Z,30.122346666666665
2025-08-11T02:25:00Z,30.125925
2025-08-11T02:26:00Z,30.128658333333334
2025-08-11T02:27:00Z,30.130566666666667
2025-08-11T02:28:00Z,30.13209
2025-08-11T02:29:00Z,30.127808333333334
2025-08-11T02:30:00Z,30.121865
2025-08-11T02:31:00Z,30.114325
2025-08-11T02:32:00Z,30.105408333333333
2025-08-11T02:33:00Z,30.096731666666667
2025-08-11T02:34:00Z,30.089746666666667
2025-08-11T02:35:00Z,30.08102166666667
2025-08-11T02:36:00Z,30.074421666666666
2025-08-11T02:37:00Z,30.065411666666666
2025-08-11T02:38:00Z,30.057626666666664
2025-08-11T02:39:00Z,30.054125
2025-08-11T02:40:00Z,30.051250000000003
2025-08-11T02:41:00Z,30.049583333333334
2025-08-11T02:42:00Z,30.04733166666667
2025-08-11T02:43:00Z,30.045981666666666
2025-08-11T02:44:00Z,30.04585666666667
2025-08-11T02:45:00Z,30.046078333333334
2025-08-11T02:46:00Z,30.047628333333336
2025-08-11T02:47:00Z,30.04764666666667
2025-08-11T02:48:00Z,30.048471666666668
2025-08-11T02:49:00Z,30.048563333333334
2025-08-11T02:50:00Z,30.048368333333336
2025-08-11T02:51:00Z,30.048830000000002
2025-08-11T02:52:00Z,30.04963
2025-08-11T02:53:00Z,30.051173333333335
2025-08-11T02:54:00Z,30.054176666666667
2025-08-11T02:55:00Z,30.055896666666666
2025-08-11T02:56:00Z,30.056301666666666
2025-08-11T02:57:00Z,30.0556
2025-08-11T02:58:00Z,30.054221666666667
2025-08-11T02:59:00Z,30.054116666666665
2025-08-11T03:00:00Z,30.053376666666665
2025-08-11T03:01:00Z,30.052503333333334
2025-08-11T03:02:00Z,30.051343333333335
2025-08-11T03:03:00Z,30.050818333333336
2025-08-11T03:04:00Z,30.052025
2025-08-11T03:05:00Z,30.05031
2025-08-11T03:06:00Z,30.044386666666668
2025-08-11T03:07:00Z,30.038995
2025-08-11T03:08:00Z,30.034235
2025-08-11T03:09:00Z,30.031045
2025-08-11T03:10:00Z,30.02761333333333
2025-08-11T03:11:00Z,30.024931666666667
2025-08-11T03:12:00Z,30.022418333333334
2025-08-11T03:13:00Z,30.022376666666666
2025-08-11T03:14:00Z,30.022270000000002
2025-08-11T03:15:00Z,30.021091666666667
2025-08-11T03:16:00Z,30.019951666666667
2025-08-11T03:17:00Z,30.01971
2025-08-11T03:18:00Z,30.018486666666668
2025-08-11T03:19:00Z,30.017316666666666
2025-08-11T03:20:00Z,30.016618333333334
2025-08-11T03:21:00Z,30.016255
2025-08-11T03:22:00Z,30.01589166666667
2025-08-11T03:23:00Z,30.01603666666667
2025-08-11T03:24:00Z,30.016418333333334
2025-08-11T03:25:00Z,30.01686
2025-08-11T03:26:00Z,30.017193333333335
2025-08-11T03:27:00Z,30.017711666666667
2025-08-11T03:28:00Z,30.017775
2025-08-11T03:29:00Z,30.017780000000002
2025-08-11T03:30:00Z,30.018745000000003
2025-08-11T03:31:00Z,30.019298333333335
2025-08-11T03:32:00Z,30.02024
2025-08-11T03:33:00Z,30.02067166666667
2025-08-11T03:34:00Z,30.020773333333334
2025-08-11T03:35:00Z,30.021288333333334
2025-08-11T03:36:00Z,30.02159166666667
2025-08-11T03:37:00Z,30.022178333333336
2025-08-11T03:38:00Z,30.022275
2025-08-11T03:39:00Z,30.023020000000002
2025-08-11T03:40:00Z,30.02302166666667
2025-08-11T03:41:00Z,30.02271
2025-08-11T03:42:00Z,30.022366666666667
2025-08-11T03:43:00Z,30.022243333333336
2025-08-11T03:44:00Z,30.022325000000002
2025-08-11T03:45:00Z,30.022561666666668
2025-08-11T03:46:00Z,30.023143333333334
2025-08-11T03:47:00Z,30.023841666666666
2025-08-11T03:48:00Z,30.023941666666666
2025-08-11T03:49:00Z,30.024615
2025-08-11T03:50:00Z,30.024908333333332
2025-08-11T03:51:00Z,30.024736666666666
2025-08-11T03:52:00Z,30.024925
2025-08-11T03:53:00Z,30.025205
2025-08-11T03:54:00Z,30.025853333333334
2025-08-11T03:55:00Z,30.02566
2025-08-11T03:56:00Z,30.02638333333333
2025-08-11T03:57:00Z,30.027371666666664
2025-08-11T03:58:00Z,30.02742333333333
2025-08-11T03:59:00Z,30.027901666666665
2025-08-11T04:00:00Z,30.028468333333333
2025-08-11T04:01:00Z,30.028993333333332
2025-08-11T04:02:00Z,30.02954833333333
2025-08-11T04:03:00Z,30.029596666666666
2025-08-11T04:04:00Z,30.030028333333334
2025-08-11T04:05:00Z,30.030173333333334
2025-08-11T04:06:00Z,30.030485
2025-08-11T04:07:00Z,30.031556666666667
2025-08-11T04:08:00Z,30.0322
2025-08-11T04:09:00Z,30.033681666666666
2025-08-11T04:10:00Z,30.034499999999998
2025-08-11T04:11:00Z,30.035596666666667
2025-08-11T04:12:00Z,30.03624333333333
2025-08-11T04:13:00Z,30.03614333333333
2025-08-11T04:14:00Z,30.036698333333334
2025-08-11T04:15:00Z,30.03662333333333
2025-08-11T04:16:00Z,30.03704
2025-08-11T04:17:00Z,30.037203333333334
2025-08-11T04:18:00Z,30.037716666666668
2025-08-11T04:19:00Z,30.038371666666666
2025-08-11T04:20:00Z,30.038488333333333
2025-08-11T04:21:00Z,30.03839333333333
2025-08-11T04:22:00Z,30.038581666666666
2025-08-11T04:23:00Z,30.039765
2025-08-11T04:24:00Z,30.042616666666667
2025-08-11T04:25:00Z,30.042668333333335
2025-08-11T04:26:00Z,30.043568333333333
2025-08-11T04:27:00Z,30.0432
2025-08-11T04:28:00Z,30.042671666666667
2025-08-11T04:29:00Z,30.042818333333333
2025-08-11T04:30:00Z,30.04342
2025-08-11T04:31:00Z,30.042793333333332
2025-08-11T04:32:00Z,30.043326666666665
2025-08-11T04:33:00Z,30.043543333333332
2025-08-11T04:34:00Z,30.043591666666668
2025-08-11T04:35:00Z,30.04399666666667
2025-08-11T04:36:00Z,30.04455
2025-08-11T04:37:00Z,30.04429
2025-08-11T04:38:00Z,30.044818333333335
2025-08-11T04:39:00Z,30.044603333333335
2025-08-11T04:40:00Z,30.044868333333334
2025-08-11T04:41:00Z,30.045346666666667
2025-08-11T04:42:00Z,30.04535
2025-08-11T04:43:00Z,30.045718333333333
2025-08-11T04:44:00Z,30.046025
2025-08-11T04:45:00Z,30.04591166666667
2025-08-11T04:46:00Z,30.045913333333335
2025-08-11T04:47:00Z,30.045841666666668
2025-08-11T04:48:00Z,30.046321666666667
2025-08-11T04:49:00Z,30.046490000000002
2025-08-11T04:50:00Z,30.046708333333335
2025-08-11T04:51:00Z,30.04718666666667
2025-08-11T04:52:00Z,30.04728666666667
2025-08-11T04:53:00Z,30.047483333333336
2025-08-11T04:54:00Z,30.04728666666667
2025-08-11T04:55:00Z,30.047795
2025-08-11T04:56:00Z,30.048105
2025-08-11T04:57:00Z,30.048518333333334
2025-08-11T04:58:00Z,30.04975166666667
2025-08-11T04:59:00Z,30.05033166666667
2025-08-11T05:00:00Z,30.050911666666668
2025-08-11T05:01:00Z,30.051658333333336
2025-08-11T05:02:00Z,30.051785000000002
2025-08-11T05:03:00Z,30.052553333333336
2025-08-11T05:04:00Z,30.053185
2025-08-11T05:05:00Z,30.053665
2025-08-11T05:06:00Z,30.053951666666666
2025-08-11T05:07:00Z,30.053976666666667
2025-08-11T05:08:00Z,30.054216666666665
2025-08-11T05:09:00Z,30.054195
2025-08-11T05:10:00Z,30.054516666666665
2025-08-11T05:11:00Z,30.054658333333332
2025-08-11T05:12:00Z,30.055071666666667
2025-08-11T05:13:00Z,30.055335
2025-08-11T05:14:00Z,30.056273333333333
2025-08-11T05:15:00Z,30.056251666666665
2025-08-11T05:16:00Z,30.05665833333333
2025-08-11T05:17:00Z,30.056949999999997
2025-08-11T05:18:00Z,30.057023333333333
2025-08-11T05:19:00Z,30.057773333333333
2025-08-11T05:20:00Z,30.05831
2025-08-11T05:21:00Z,30.058835
2025-08-11T05:22:00Z,30.05905
2025-08-11T05:23:00Z,30.058906666666665
2025-08-11T05:24:00Z,30.05905333333333
2025-08-11T05:25:00Z,30.05949
2025-08-11T05:26:00Z,30.059366666666666
2025-08-11T05:27:00Z,30.059414999999998
2025-08-11T05:28:00Z,30.06050833333333
2025-08-11T05:29:00Z,30.061406666666667
2025-08-11T05:30:00Z,30.061786666666666
2025-08-11T05:31:00Z,30.0621
2025-08-11T05:32:00Z,30.062336666666667
2025-08-11T05:33:00Z,30.062626666666667
2025-08-11T05:34:00Z,30.061478333333334
2025-08-11T05:35:00Z,30.058836666666664
2025-08-11T05:36:00Z,30.05709333333333
2025-08-11T05:37:00Z,30.055646666666664
2025-08-11T05:38:00Z,30.05466
2025-08-11T05:39:00Z,30.05567333333333
2025-08-11T05:40:00Z,30.054949999999998
2025-08-11T05:41:00Z,30.051996666666668
2025-08-11T05:42:00Z,30.048761666666667
2025-08-11T05:43:00Z,30.046176666666668
2025-08-11T05:44:00Z,30.044818333333335
2025-08-11T05:45:00Z,30.044046666666667
2025-08-11T05:46:00Z,30.043713333333333
2025-08-11T05:47:00Z,30.043413333333334
2025-08-11T05:48:00Z,30.042091666666668
2025-08-11T05:49:00Z,30.041898333333332
2025-08-11T05:50:00Z,30.041823333333333
2025-08-11T05:51:00Z,30.0417
2025-08-11T05:52:00Z,30.04271
2025-08-11T05:53:00Z,30.042931666666668
2025-08-11T05:54:00Z,30.043636666666668
2025-08-11T05:55:00Z,30.043881666666667
2025-08-11T05:56:00Z,30.044626666666666
2025-08-11T05:57:00Z,30.04600166666667
2025-08-11T05:58:00Z,30.047263333333333
2025-08-11T05:59:00Z,30.04779166666667
2025-08-11T06:00:00Z,30.048253333333335
2025-08-11T06:01:00Z,30.049746666666667
2025-08-11T06:02:00Z,30.052888333333332
2025-08-11T06:03:00Z,30.05489833333333
2025-08-11T06:04:00Z,30.055574999999997
2025-08-11T06:05:00Z,30.055843333333332
2025-08-11T06:06:00Z,30.056403333333332
2025-08-11T06:07:00Z,30.057216666666665
2025-08-11T06:08:00Z,30.058471666666666
2025-08-11T06:09:00Z,30.0598
2025-08-11T06:10:00Z,30.060748333333333
2025-08-11T06:11:00Z,30.061881666666665
2025-08-11T06:12:00Z,30.06241
2025-08-11T06:13:00Z,30.06418
2025-08-11T06:14:00Z,30.06495
2025-08-11T06:15:00Z,30.065941666666667
2025-08-11T06:16:00Z,30.067658333333334
2025-08-11T06:17:00Z,30.069521666666667
2025-08-11T06:18:00Z,30.07184
2025-08-11T06:19:00Z,30.074208333333335
2025-08-11T06:20:00Z,30.077203333333333
2025-08-11T06:21:00Z,30.07940166666667
2025-08-11T06:22:00Z,30.08107
2025-08-11T06:23:00Z,30.081683333333334
2025-08-11T06:24:00Z,30.07514666666667
2025-08-11T06:25:00Z,30.05335
2025-08-11T06:26:00Z,30.02826333333333
2025-08-11T06:27:00Z,30.00151
2025-08-11T06:28:00Z,29.971526666666666
2025-08-11T06:29:00Z,29.941588333333332
2025-08-11T06:30:00Z,29.91790333333333
2025-08-11T06:31:00Z,29.899675000000002
2025-08-11T06:32:00Z,29.886993333333333
2025-08-11T06:33:00Z,29.879206666666665
2025-08-11T06:34:00Z,29.872608333333336
2025-08-11T06:35:00Z,29.867635
2025-08-11T06:36:00Z,29.864976666666667
2025-08-11T06:37:00Z,29.861935
2025-08-11T06:38:00Z,29.86009333333333
2025-08-11T06:39:00Z,29.85804333333333
2025-08-11T06:40:00Z,29.859756666666666
2025-08-11T06:41:00Z,29.859035
2025-08-11T06:42:00Z,29.857826666666664
2025-08-11T06:43:00Z,29.856596666666665
2025-08-11T06:44:00Z,29.851216666666666
2025-08-11T06:45:00Z,29.828936666666667
2025-08-11T06:46:00Z,29.791188333333334
2025-08-11T06:47:00Z,29.752316666666665
2025-08-11T06:48:00Z,29.722795
2025-08-11T06:49:00Z,29.70405
2025-08-11T06:50:00Z,29.687845
2025-08-11T06:51:00Z,29.670278333333332
2025-08-11T06:52:00Z,29.65378
2025-08-11T06:53:00Z,29.642575
2025-08-11T06:54:00Z,29.63539833333333
2025-08-11T06:55:00Z,29.633291666666665
2025-08-11T06:56:00Z,29.639128333333332
2025-08-11T06:57:00Z,29.644723333333335
2025-08-11T06:58:00Z,29.651978333333332
2025-08-11T06:59:00Z,29.659076666666664
2025-08-11T07:00:00Z,29.663396666666667
2025-08-11T07:01:00Z,29.668243333333333
2025-08-11T07:02:00Z,29.67169
2025-08-11T07:03:00Z,29.675118333333334
2025-08-11T07:04:00Z,29.683223333333334
2025-08-11T07:05:00Z,29.695386666666668
2025-08-11T07:06:00Z,29.711096666666666
2025-08-11T07:07:00Z,29.728513333333336
2025-08-11T07:08:00Z,29.746648333333333
2025-08-11T07:09:00Z,29.768276666666665
2025-08-11T07:10:00Z,29.792981666666666
2025-08-11T07:11:00Z,29.814508333333333
2025-08-11T07:12:00Z,29.826121666666666
2025-08-11T07:13:00Z,29.83446
2025-08-11T07:14:00Z,29.844630000000002
2025-08-11T07:15:00Z,29.84100666666667
2025-08-11T07:16:00Z,29.834843333333332
2025-08-11T07:17:00Z,29.833631666666665
2025-08-11T07:18:00Z,29.831818333333334
2025-08-11T07:19:00Z,29.831768333333333
2025-08-11T07:20:00Z,29.831218333333332
2025-08-11T07:21:00Z,29.832768333333334
2025-08-11T07:22:00Z,29.834631666666667
2025-08-11T07:23:00Z,29.835061666666668
2025-08-11T07:24:00Z,29.838465
2025-08-11T07:25:00Z,29.846510000000002
2025-08-11T07:26:00Z,29.853983333333332
2025-08-11T07:27:00Z,29.858404999999998
2025-08-11T07:28:00Z,29.853606666666668
2025-08-11T07:29:00Z,29.83941666666667
2025-08-11T07:30:00Z,29.812496666666668
2025-08-11T07:31:00Z,29.751598333333334
2025-08-11T07:32:00Z,29.682793333333333
2025-08-11T07:33:00Z,29.613808333333335
2025-08-11T07:34:00Z,29.552408333333332
2025-08-11T07:35:00Z,29.483785
2025-08-11T07:36:00Z,29.393731666666667
2025-08-11T07:37:00Z,29.291741666666667
2025-08-11T07:38:00Z,29.195096666666668
2025-08-11T07:39:00Z,29.114228333333333
2025-08-11T07:40:00Z,29.055046666666666
2025-08-11T07:41:00Z,29.010188333333332
2025-08-11T07:42:00Z,28.98795833333333
2025-08-11T07:43:00Z,28.978213333333333
2025-08-11T07:44:00Z,28.984975
2025-08-11T07:45:00Z,29.01655
2025-08-11T07:46:00Z,29.05540166666667
2025-08-11T07:47:00Z,29.097618333333333
2025-08-11T07:48:00Z,29.173531666666666
2025-08-11T07:49:00Z,29.267455000000002
2025-08-11T07:50:00Z,29.346063333333333
2025-08-11T07:51:00Z,29.41154
2025-08-11T07:52:00Z,29.48166833333333
2025-08-11T07:53:00Z,29.53248
2025-08-11T07:54:00Z,29.54217166666667
2025-08-11T07:55:00Z,29.553363333333333
2025-08-11T07:56:00Z,29.580106666666666
2025-08-11T07:57:00Z,29.611285
2025-08-11T07:58:00Z,29.646101666666667
2025-08-11T07:59:00Z,29.69293
2025-08-11T08:00:00Z,29.739501666666666
2025-08-11T08:01:00Z,29.780055
2025-08-11T08:02:00Z,29.809426666666667
2025-08-11T08:03:00Z,29.833226666666665
2025-08-11T08:04:00Z,29.85048
2025-08-11T08:05:00Z,29.860973333333334
2025-08-11T08:06:00Z,29.86882
2025-08-11T08:07:00Z,29.874213333333334
2025-08-11T08:08:00Z,29.869040000000002
2025-08-11T08:09:00Z,29.869928333333334
2025-08-11T08:10:00Z,29.876566666666665
2025-08-11T08:11:00Z,29.879868333333334
2025-08-11T08:12:00Z,29.88105
2025-08-11T08:13:00Z,29.885931666666664
2025-08-11T08:14:00Z,29.891053333333332
2025-08-11T08:15:00Z,29.900135000000002
2025-08-11T08:16:00Z,29.91162
2025-08-11T08:17:00Z,29.919208333333334
2025-08-11T08:18:00Z,29.923048333333334
2025-08-11T08:19:00Z,29.92650666666667
2025-08-11T08:20:00Z,29.9293
2025-08-11T08:21:00Z,29.927833333333332
2025-08-11T08:22:00Z,29.93083
2025-08-11T08:23:00Z,29.930758333333333
2025-08-11T08:24:00Z,29.92324
2025-08-11T08:25:00Z,29.927063333333333
2025-08-11T08:26:00Z,29.932503333333333
2025-08-11T08:27:00Z,29.93472666666667
2025-08-11T08:28:00Z,29.93503666666667
2025-08-11T08:29:00Z,29.939025
2025-08-11T08:30:00Z,29.943516666666667
2025-08-11T08:31:00Z,29.947965
2025-08-11T08:32:00Z,29.952236666666668
2025-08-11T08:33:00Z,29.95246
2025-08-11T08:34:00Z,29.947055
2025-08-11T08:35:00Z,29.93327
2025-08-11T08:36:00Z,29.896208333333334
2025-08-11T08:37:00Z,29.851208333333332
2025-08-11T08:38:00Z,29.800186666666665
2025-08-11T08:39:00Z,29.752271666666665
2025-08-11T08:40:00Z,29.712546666666665
2025-08-11T08:41:00Z,29.68714333333333
2025-08-11T08:42:00Z,29.672985
2025-08-11T08:43:00Z,29.670656666666666
2025-08-11T08:44:00Z,29.64059333333333
2025-08-11T08:45:00Z,29.58862
2025-08-11T08:46:00Z,29.543558333333333
2025-08-11T08:47:00Z,29.506656666666668
2025-08-11T08:48:00Z,29.482418333333335
2025-08-11T08:49:00Z,29.466653333333333
2025-08-11T08:50:00Z,29.456285
2025-08-11T08:51:00Z,29.450546666666668
2025-08-11T08:52:00Z,29.449651666666668
2025-08-11T08:53:00Z,29.467161666666666
2025-08-11T08:54:00Z,29.485078333333334
2025-08-11T08:55:00Z,29.552215
2025-08-11T08:56:00Z,29.614291666666666
2025-08-11T08:57:00Z,29.656726666666668
2025-08-11T08:58:00Z,29.711423333333332
2025-08-11T08:59:00Z,29.767475
2025-08-11T09:00:00Z,29.81533
2025-08-11T09:01:00Z,29.86032
2025-08-11T09:02:00Z,29.89366
2025-08-11T09:03:00Z,29.904136666666666
2025-08-11T09:04:00Z,29.910476666666664
2025-08-11T09:05:00Z,29.9202
2025-08-11T09:06:00Z,29.923556666666666
2025-08-11T09:07:00Z,29.927595
2025-08-11T09:08:00Z,29.94345
2025-08-11T09:09:00Z,29.962416666666666
2025-08-11T09:10:00Z,29.974183333333333
2025-08-11T09:11:00Z,29.980346666666666
2025-08-11T09:12:00Z,29.990471666666668
2025-08-11T09:13:00Z,29.998801666666665
2025-08-11T09:14:00Z,30.008211666666668
2025-08-11T09:15:00Z,30.014448333333334
2025-08-11T09:16:00Z,30.018383333333336
2025-08-11T09:17:00Z,30.024911666666668
2025-08-11T09:18:00Z,30.027545
2025-08-11T09:19:00Z,30.026819999999997
2025-08-11T09:20:00Z,30.026933333333332
2025-08-11T09:21:00Z,30.028125
2025-08-11T09:22:00Z,30.02913333333333
2025-08-11T09:23:00Z,30.033025
2025-08-11T09:24:00Z,30.034335
2025-08-11T09:25:00Z,30.038753333333332
2025-08-11T09:26:00Z,30.043176666666668
2025-08-11T09:27:00Z,30.044965
2025-08-11T09:28:00Z,30.051273333333334
2025-08-11T09:29:00Z,30.057195
2025-08-11T09:30:00Z,30.060045
2025-08-11T09:31:00Z,30.058014999999997
2025-08-11T09:32:00Z,30.056154999999997
2025-08-11T09:33:00Z,30.052535
2025-08-11T09:34:00Z,30.047308333333334
2025-08-11T09:35:00Z,30.044921666666667
2025-08-11T09:36:00Z,30.044093333333333
2025-08-11T09:37:00Z,30.047941666666667
2025-08-11T09:38:00Z,30.05557333333333
2025-08-11T09:39:00Z,30.063136666666665
2025-08-11T09:40:00Z,30.06645
2025-08-11T09:41:00Z,30.069283333333335
2025-08-11T09:42:00Z,30.073146666666666
2025-08-11T09:43:00Z,30.07759
2025-08-11T09:44:00Z,30.079088333333335
2025-08-11T09:45:00Z,30.08008166666667
2025-08-11T09:46:00Z,30.080585000000003
2025-08-11T09:47:00Z,30.076046666666667
2025-08-11T09:48:00Z,30.074883333333332
2025-08-11T09:49:00Z,30.077445
2025-08-11T09:50:00Z,30.083326666666668
2025-08-11T09:51:00Z,30.087455
2025-08-11T09:52:00Z,30.094175
2025-08-11T09:53:00Z,30.10101
2025-08-11T09:54:00Z,30.107338333333335
2025-08-11T09:55:00Z,30.110968333333336
2025-08-11T09:56:00Z,30.10983166666667
2025-08-11T09:57:00Z,30.107195
2025-08-11T09:58:00Z,30.105265
2025-08-11T09:59:00Z,30.10391
2025-08-11T10:00:00Z,30.103675
2025-08-11T10:01:00Z,30.103426666666667
2025-08-11T10:02:00Z,30.104075
2025-08-11T10:03:00Z,30.104846666666667
2025-08-11T10:04:00Z,30.105505
2025-08-11T10:05:00Z,30.106525
2025-08-11T10:06:00Z,30.105358333333335
2025-08-11T10:07:00Z,30.105430000000002
2025-08-11T10:08:00Z,30.109053333333335
2025-08-11T10:09:00Z,30.114715
2025-08-11T10:10:00Z,30.119061666666667
2025-08-11T10:11:00Z,30.12290833333333
2025-08-11T10:12:00Z,30.123825
2025-08-11T10:13:00Z,30.121499999999997
2025-08-11T10:14:00Z,30.11829
2025-08-11T10:15:00Z,30.11550666666667
2025-08-11T10:16:00Z,30.113163333333336
2025-08-11T10:17:00Z,30.11111166666667
2025-08-11T10:18:00Z,30.111063333333334
2025-08-11T10:19:00Z,30.11176
2025-08-11T10:20:00Z,30.110648333333334
2025-08-11T10:21:00Z,30.10956666666667
2025-08-11T10:22:00Z,30.108303333333335
2025-08-11T10:23:00Z,30.107051666666667
2025-08-11T10:24:00Z,30.106446666666667
2025-08-11T10:25:00Z,30.105843333333333
2025-08-11T10:26:00Z,30.106180000000002
2025-08-11T10:27:00Z,30.108716666666666
2025-08-11T10:28:00Z,30.112325000000002
2025-08-11T10:29:00Z,30.115895
2025-08-11T10:30:00Z,30.120078333333332
2025-08-11T10:31:00Z,30.123366666666666
2025-08-11T10:32:00Z,30.125056666666666
2025-08-11T10:33:00Z,30.124548333333333
2025-08-11T10:34:00Z,30.121814999999998
2025-08-11T10:35:00Z,30.119965
2025-08-11T10:36:00Z,30.11778
2025-08-11T10:37:00Z,30.11775833333333
2025-08-11T10:38:00Z,30.119613333333334
2025-08-11T10:39:00Z,30.120731666666664
2025-08-11T10:40:00Z,30.120044999999998
2025-08-11T10:41:00Z,30.119858333333333
2025-08-11T10:42:00Z,30.118744999999997
2025-08-11T10:43:00Z,30.118911666666666
2025-08-11T10:44:00Z,30.118554999999997
2025-08-11T10:45:00Z,30.119643333333332
2025-08-11T10:46:00Z,30.122041666666664
2025-08-11T10:47:00Z,30.124016666666666
2025-08-11T10:48:00Z,30.125053333333334
2025-08-11T10:49:00Z,30.12735
2025-08-11T10:50:00Z,30.129215
2025-08-11T10:51:00Z,30.132736666666666
2025-08-11T10:52:00Z,30.136265
2025-08-11T10:53:00Z,30.138225000000002
2025-08-11T10:54:00Z,30.138948333333335
2025-08-11T10:55:00Z,30.13956
2025-08-11T10:56:00Z,30.14050166666667
2025-08-11T10:57:00Z,30.14206666666667
2025-08-11T10:58:00Z,30.14444
2025-08-11T10:59:00Z,30.146873333333332
2025-08-11T11:00:00Z,30.150316666666665
2025-08-11T11:01:00Z,30.154046666666666
2025-08-11T11:02:00Z,30.15558
2025-08-11T11:03:00Z,30.151166666666665
2025-08-11T11:04:00Z,30.144148333333334
2025-08-11T11:05:00Z,30.137745000000002
2025-08-11T11:06:00Z,30.133701666666667
2025-08-11T11:07:00Z,30.130518333333335
2025-08-11T11:08:00Z,30.128556666666668
2025-08-11T11:09:00Z,30.12986666666667
2025-08-11T11:10:00Z,30.132525
2025-08-11T11:11:00Z,30.135763333333333
2025-08-11T11:12:00Z,30.139486666666667
2025-08-11T11:13:00Z,30.139310000000002
2025-08-11T11:14:00Z,30.135615
2025-08-11T11:15:00Z,30.13568666666667
2025-08-11T11:16:00Z,30.139918333333334
2025-08-11T11:17:00Z,30.14501333333333
2025-08-11T11:18:00Z,30.146908333333332
2025-08-11T11:19:00Z,30.15167333333333
2025-08-11T11:20:00Z,30.156344999999998
2025-08-11T11:21:00Z,30.160825
2025-08-11T11:22:00Z,30.165441666666666
2025-08-11T11:23:00Z,30.168413333333334
2025-08-11T11:24:00Z,30.169693333333335
2025-08-11T11:25:00Z,30.172645000000003
2025-08-11T11:26:00Z,30.175415
2025-08-11T11:27:00Z,30.176053333333332
2025-08-11T11:28:00Z,30.17377666666667
2025-08-11T11:29:00Z,30.168993333333333
2025-08-11T11:30:00Z,30.165438333333334
2025-08-11T11:31:00Z,30.163748333333334
2025-08-11T11:32:00Z,30.165073333333336
2025-08-11T11:33:00Z,30.170323333333336
2025-08-11T11:34:00Z,30.174678333333333
2025-08-11T11:35:00Z,30.177016666666667
2025-08-11T11:36:00Z,30.1804
2025-08-11T11:37:00Z,30.1861
2025-08-11T11:38:00Z,30.19095666666667
2025-08-11T11:39:00Z,30.193056666666667
2025-08-11T11:40:00Z,30.192715
2025-08-11T11:41:00Z,30.19037
2025-08-11T11:42:00Z,30.187916666666666
2025-08-11T11:43:00Z,30.185045
2025-08-11T11:44:00Z,30.183226666666666
2025-08-11T11:45:00Z,30.183518333333332
2025-08-11T11:46:00Z,30.183128333333332
2025-08-11T11:47:00Z,30.186903333333333
2025-08-11T11:48:00Z,30.19078
2025-08-11T11:49:00Z,30.193418333333334
2025-08-11T11:50:00Z,30.195528333333336
2025-08-11T11:51:00Z,30.199440000000003
2025-08-11T11:52:00Z,30.203573333333335
2025-08-11T11:53:00Z,30.206958333333333
2025-08-11T11:54:00Z,30.207521666666665
2025-08-11T11:55:00Z,30.204926666666665
2025-08-11T11:56:00Z,30.203116666666666
2025-08-11T11:57:00Z,30.20232
2025-08-11T11:58:00Z,30.201575000000002
2025-08-11T11:59:00Z,30.201835000000003
2025-08-11T12:00:00Z,30.201500000000003
2025-08-11T12:01:00Z,30.201425
2025-08-11T12:02:00Z,30.203068333333334
2025-08-11T12:03:00Z,30.203500000000002
2025-08-11T12:04:00Z,30.203646666666668
2025-08-11T12:05:00Z,30.203121666666668
2025-08-11T12:06:00Z,30.203403333333334
2025-08-11T12:07:00Z,30.199781666666667
2025-08-11T12:08:00Z,30.193195
2025-08-11T12:09:00Z,30.184945
2025-08-11T12:10:00Z,30.177521666666667
2025-08-11T12:11:00Z,30.174018333333333
2025-08-11T12:12:00Z,30.177793333333334
2025-08-11T12:13:00Z,30.187549999999998
2025-08-11T12:14:00Z,30.19526
2025-08-11T12:15:00Z,30.198185000000002
2025-08-11T12:16:00Z,30.20108666666667
2025-08-11T12:17:00Z,30.205366666666666
2025-08-11T12:18:00Z,30.206235
2025-08-11T12:19:00Z,30.20930333333333
2025-08-11T12:20:00Z,30.21195833333333
2025-08-11T12:21:00Z,30.214716666666664
2025-08-11T12:22:00Z,30.215511666666664
2025-08-11T12:23:00Z,30.214015
2025-08-11T12:24:00Z,30.212198333333333
2025-08-11T12:25:00Z,30.21155
2025-08-11T12:26:00Z,30.211935
2025-08-11T12:27:00Z,30.212004999999998
2025-08-11T12:28:00Z,30.205221666666667
2025-08-11T12:29:00Z,30.191701666666667
2025-08-11T12:30:00Z,30.18005833333333
2025-08-11T12:31:00Z,30.167740000000002
2025-08-11T12:32:00Z,30.156783333333333
2025-08-11T12:33:00Z,30.1484
2025-08-11T12:34:00Z,30.144875
2025-08-11T12:35:00Z,30.143396666666668
2025-08-11T12:36:00Z,30.144708333333334
2025-08-11T12:37:00Z,30.147501666666667
2025-08-11T12:38:00Z,30.150525
2025-08-11T12:39:00Z,30.152733333333334
2025-08-11T12:40:00Z,30.156425
2025-08-11T12:41:00Z,30.159253333333332
2025-08-11T12:42:00Z,30.164036666666668
2025-08-11T12:43:00Z,30.167591666666667
2025-08-11T12:44:00Z,30.17230166666667
2025-08-11T12:45:00Z,30.177419999999998
2025-08-11T12:46:00Z,30.179496666666665
2025-08-11T12:47:00Z,30.180331666666664
2025-08-11T12:48:00Z,30.181171666666664
2025-08-11T12:49:00Z,30.182841666666665
2025-08-11T12:50:00Z,30.185064999999998
2025-08-11T12:51:00Z,30.188448333333334
2025-08-11T12:52:00Z,30.190428333333333
2025-08-11T12:53:00Z,30.193228333333334
2025-08-11T12:54:00Z,30.193153333333335
2025-08-11T12:55:00Z,30.192788333333333
2025-08-11T12:56:00Z,30.192885
2025-08-11T12:57:00Z,30.193425
2025-08-11T12:58:00Z,30.195886666666667
2025-08-11T12:59:00Z,30.20053
2025-08-11T13:00:00Z,30.206186666666667
2025-08-11T13:01:00Z,30.211621666666666
2025-08-11T13:02:00Z,30.215611666666668
2025-08-11T13:03:00Z,30.218155
2025-08-11T13:04:00Z,30.219216666666668
2025-08-11T13:05:00Z,30.218805
2025-08-11T13:06:00Z,30.217375
2025-08-11T13:07:00Z,30.218556666666668
2025-08-11T13:08:00Z,30.214814999999998
2025-08-11T13:09:00Z,30.210926666666666
2025-08-11T13:10:00Z,30.207608333333333
2025-08-11T13:11:00Z,30.204783333333335
2025-08-11T13:12:00Z,30.202658333333336
2025-08-11T13:13:00Z,30.201065
2025-08-11T13:14:00Z,30.198913333333333
2025-08-11T13:15:00Z,30.198331666666668
2025-08-11T13:16:00Z,30.19818666666667
2025-08-11T13:17:00Z,30.198915
2025-08-11T13:18:00Z,30.201985
2025-08-11T13:19:00Z,30.204831666666667
2025-08-11T13:20:00Z,30.208701666666666
2025-08-11T13:21:00Z,30.212106666666667
2025-08-11T13:22:00Z,30.21445333333333
2025-08-11T13:23:00Z,30.216556666666666
2025-08-11T13:24:00Z,30.220211666666668
2025-08-11T13:25:00Z,30.224763333333335
2025-08-11T13:26:00Z,30.228543333333334
2025-08-11T13:27:00Z,30.229295
2025-08-11T13:28:00Z,30.23154166666667
2025-08-11T13:29:00Z,30.2334
2025-08-11T13:30:00Z,30.235696666666666
2025-08-11T13:31:00Z,30.238331666666664
2025-08-11T13:32:00Z,30.23902833333333
2025-08-11T13:33:00Z,30.23876333333333
2025-08-11T13:34:00Z,30.239023333333332
2025-08-11T13:35:00Z,30.239704999999997
2025-08-11T13:36:00Z,30.23514
2025-08-11T13:37:00Z,30.22478
2025-08-11T13:38:00Z,30.210416666666667
2025-08-11T13:39:00Z,30.196123333333333
2025-08-11T13:40:00Z,30.180876666666666
2025-08-11T13:41:00Z,30.157326666666666
2025-08-11T13:42:00Z,30.126651666666667
2025-08-11T13:43:00Z,30.096626666666666
2025-08-11T13:44:00Z,30.068406666666668
2025-08-11T13:45:00Z,30.043945
2025-08-11T13:46:00Z,30.022946666666666
2025-08-11T13:47:00Z,30.006676666666667
2025-08-11T13:48:00Z,29.980058333333332
2025-08-11T13:49:00Z,29.935476666666666
2025-08-11T13:50:00Z,29.887221666666665
2025-08-11T13:51:00Z,29.845463333333335
2025-08-11T13:52:00Z,29.807873333333333
2025-08-11T13:53:00Z,29.76790666666667
2025-08-11T13:54:00Z,29.737145
2025-08-11T13:55:00Z,29.715149999999998
2025-08-11T13:56:00Z,29.702560000000002
2025-08-11T13:57:00Z,29.695251666666667
2025-08-11T13:58:00Z,29.695104999999998
2025-08-11T13:59:00Z,29.70109
2025-08-11T14:00:00Z,29.718066666666665
2025-08-11T14:01:00Z,29.809215000000002
2025-08-11T14:02:00Z,29.91182166666667
2025-08-11T14:03:00Z,30.007831666666668
2025-08-11T14:04:00Z,30.081453333333332
2025-08-11T14:05:00Z,30.137241666666668
2025-08-11T14:06:00Z,30.176803333333332
2025-08-11T14:07:00Z,30.211511666666667
2025-08-11T14:08:00Z,30.240833333333335
2025-08-11T14:09:00Z,30.263626666666667
2025-08-11T14:10:00Z,30.283456666666666
2025-08-11T14:11:00Z,30.298315
2025-08-11T14:12:00Z,30.30688
2025-08-11T14:13:00Z,30.312591666666666
2025-08-11T14:14:00Z,30.31664
2025-08-11T14:15:00Z,30.319245000000002
2025-08-11T14:16:00Z,30.315261666666668
2025-08-11T14:17:00Z,30.305675
2025-08-11T14:18:00Z,30.291525
2025-08-11T14:19:00Z,30.28099
2025-08-11T14:20:00Z,30.272936666666666
2025-08-11T14:21:00Z,30.262816666666666
2025-08-11T14:22:00Z,30.252463333333335
2025-08-11T14:23:00Z,30.239538333333332
2025-08-11T14:24:00Z,30.229680000000002
2025-08-11T14:25:00Z,30.22537
2025-08-11T14:26:00Z,30.225063333333335
2025-08-11T14:27:00Z,30.22511
2025-08-11T14:28:00Z,30.22
2025-08-11T14:29:00Z,30.214135
2025-08-11T14:30:00Z,30.21036833333333
2025-08-11T14:31:00Z,30.207055
2025-08-11T14:32:00Z,30.205673333333333
2025-08-11T14:33:00Z,30.202291666666667
2025-08-11T14:34:00Z,30.198795
2025-08-11T14:35:00Z,30.195893333333334
2025-08-11T14:36:00Z,30.19344166666667
2025-08-11T14:37:00Z,30.192363333333333
2025-08-11T14:38:00Z,30.192475
2025-08-11T14:39:00Z,30.193905
2025-08-11T14:40:00Z,30.19826
2025-08-11T14:41:00Z,30.20290166666667
2025-08-11T14:42:00Z,30.20613833333333
2025-08-11T14:43:00Z,30.207901666666665
2025-08-11T14:44:00Z,30.209016666666667
2025-08-11T14:45:00Z,30.210075
2025-08-11T14:46:00Z,30.210906666666666
2025-08-11T14:47:00Z,30.212321666666664
2025-08-11T14:48:00Z,30.212716666666665
2025-08-11T14:49:00Z,30.215004999999998
2025-08-11T14:50:00Z,30.218291666666666
2025-08-11T14:51:00Z,30.221473333333332
2025-08-11T14:52:00Z,30.224648333333334
2025-08-11T14:53:00Z,30.227111666666666
2025-08-11T14:54:00Z,30.229871666666668
2025-08-11T14:55:00Z,30.232718333333334
2025-08-11T14:56:00Z,30.2358
2025-08-11T14:57:00Z,30.23838
2025-08-11T14:58:00Z,30.240119999999997
2025-08-11T14:59:00Z,30.247585
2025-08-11T15:00:00Z,30.256988333333332
2025-08-11T15:01:00Z,30.264938333333333
2025-08-11T15:02:00Z,30.27078333333333
2025-08-11T15:03:00Z,30.275499999999997
2025-08-11T15:04:00Z,30.279328333333332
2025-08-11T15:05:00Z,30.282893333333334
2025-08-11T15:06:00Z,30.284251666666666
2025-08-11T15:07:00Z,30.284951666666668
2025-08-11T15:08:00Z,30.283306666666668
2025-08-11T15:09:00Z,30.280359999999998
2025-08-11T15:10:00Z,30.276086666666664
2025-08-11T15:11:00Z,30.274511666666665
2025-08-11T15:12:00Z,30.272271666666665
2025-08-11T15:13:00Z,30.265696666666667
2025-08-11T15:14:00Z,30.257786666666668
2025-08-11T15:15:00Z,30.250635
2025-08-11T15:16:00Z,30.244305
2025-08-11T15:17:00Z,30.239511666666665
2025-08-11T15:18:00Z,30.23649
2025-08-11T15:19:00Z,30.23533
2025-08-11T15:20:00Z,30.234725
2025-08-11T15:21:00Z,30.235646666666668
2025-08-11T15:22:00Z,30.236731666666667
2025-08-11T15:23:00Z,30.23838
2025-08-11T15:24:00Z,30.24130333333333
2025-08-11T15:25:00Z,30.243285
2025-08-11T15:26:00Z,30.244131666666664
2025-08-11T15:27:00Z,30.243745
2025-08-11T15:28:00Z,30.241476666666664
2025-08-11T15:29:00Z,30.237433333333332
2025-08-11T15:30:00Z,30.234013333333333
2025-08-11T15:31:00Z,30.233521666666668
2025-08-11T15:32:00Z,30.23250666666667
2025-08-11T15:33:00Z,30.233686666666667
2025-08-11T15:34:00Z,30.233855000000002
2025-08-11T15:35:00Z,30.233668333333334
2025-08-11T15:36:00Z,30.234273333333334
2025-08-11T15:37:00Z,30.231663333333334
2025-08-11T15:38:00Z,30.22825166666667
2025-08-11T15:39:00Z,30.22385
2025-08-11T15:40:00Z,30.220983333333333
2025-08-11T15:41:00Z,30.218271666666666
2025-08-11T15:42:00Z,30.21675
2025-08-11T15:43:00Z,30.216458333333332
2025-08-11T15:44:00Z,30.21614
2025-08-11T15:45:00Z,30.214185
2025-08-11T15:46:00Z,30.211358333333333
2025-08-11T15:47:00Z,30.208673333333333
2025-08-11T15:48:00Z,30.207686666666664
2025-08-11T15:49:00Z,30.206346666666665
2025-08-11T15:50:00Z,30.205681666666667
2025-08-11T15:51:00Z,30.204018333333334
2025-08-11T15:52:00Z,30.202755
2025-08-11T15:53:00Z,30.202301666666667
2025-08-11T15:54:00Z,30.200746666666667
2025-08-11T15:55:00Z,30.200211666666668
2025-08-11T15:56:00Z,30.19939666666667
2025-08-11T15:57:00Z,30.197435000000002
2025-08-11T15:58:00Z,30.195965
2025-08-11T15:59:00Z,30.195628333333335
2025-08-11T16:00:00Z,30.195790000000002
2025-08-11T16:01:00Z,30.19615166666667
2025-08-11T16:02:00Z,30.196248333333333
2025-08-11T16:03:00Z,30.19722
2025-08-11T16:04:00Z,30.199515
2025-08-11T16:05:00Z,30.202458333333336
2025-08-11T16:06:00Z,30.204711666666668
2025-08-11T16:07:00Z,30.204806666666666
2025-08-11T16:08:00Z,30.20336
2025-08-11T16:09:00Z,30.203865
2025-08-11T16:10:00Z,30.204185000000003
2025-08-11T16:11:00Z,30.20029166666667
2025-08-11T16:12:00Z,30.197946666666667
2025-08-11T16:13:00Z,30.194798333333335
2025-08-11T16:14:00Z,30.192633333333333
2025-08-11T16:15:00Z,30.190971666666666
2025-08-11T16:16:00Z,30.187963333333332
2025-08-11T16:17:00Z,30.185256666666668
2025-08-11T16:18:00Z,30.185064999999998
2025-08-11T16:19:00Z,30.186055
2025-08-11T16:20:00Z,30.18743
2025-08-11T16:21:00Z,30.188405
2025-08-11T16:22:00Z,30.189463333333332
2025-08-11T16:23:00Z,30.188493333333334
2025-08-11T16:24:00Z,30.186341666666667
2025-08-11T16:25:00Z,30.184316666666668
2025-08-11T16:26:00Z,30.18314833333333
2025-08-11T16:27:00Z,30.182983333333333
2025-08-11T16:28:00Z,30.183253333333333
2025-08-11T16:29:00Z,30.185163333333332
2025-08-11T16:30:00Z,30.186878333333333
2025-08-11T16:31:00Z,30.188586666666666
2025-08-11T16:32:00Z,30.189196666666668
2025-08-11T16:33:00Z,30.188273333333335
2025-08-11T16:34:00Z,30.187746666666666
2025-08-11T16:35:00Z,30.187195
2025-08-11T16:36:00Z,30.187525
2025-08-11T16:37:00Z,30.187218333333334
2025-08-11T16:38:00Z,30.18697
2025-08-11T16:39:00Z,30.186993333333334
2025-08-11T16:40:00Z,30.186443333333333
2025-08-11T16:41:00Z,30.186108333333333
2025-08-11T16:42:00Z,30.185723333333332
2025-08-11T16:43:00Z,30.18464833333333
2025-08-11T16:44:00Z,30.184026666666664
2025-08-11T16:45:00Z,30.183396666666667
2025-08-11T16:46:00Z,30.183645
2025-08-11T16:47:00Z,30.183255
2025-08-11T16:48:00Z,30.176315
2025-08-11T16:49:00Z,30.16563
2025-08-11T16:50:00Z,30.1536
2025-08-11T16:51:00Z,30.142576666666667
2025-08-11T16:52:00Z,30.133585
2025-08-11T16:53:00Z,30.12413833333333
2025-08-11T16:54:00Z,30.108576666666668
2025-08-11T16:55:00Z,30.09792
2025-08-11T16:56:00Z,30.087833333333332
2025-08-11T16:57:00Z,30.079091666666667
2025-08-11T16:58:00Z,30.073293333333332
2025-08-11T16:59:00Z,30.069351666666666
2025-08-11T17:00:00Z,30.066473333333334
2025-08-11T17:01:00Z,30.063483333333334
2025-08-11T17:02:00Z,30.053961666666666
2025-08-11T17:03:00Z,30.035806666666666
2025-08-11T17:04:00Z,30.016101666666668
2025-08-11T17:05:00Z,29.991275
2025-08-11T17:06:00Z,29.963503333333332
2025-08-11T17:07:00Z,29.936521666666668
2025-08-11T17:08:00Z,29.90782
2025-08-11T17:09:00Z,29.884993333333334
2025-08-11T17:10:00Z,29.857788333333332
2025-08-11T17:11:00Z,29.832098333333334
2025-08-11T17:12:00Z,29.808833333333332
2025-08-11T17:13:00Z,29.787770000000002
2025-08-11T17:14:00Z,29.76936
2025-08-11T17:15:00Z,29.756341666666668
2025-08-11T17:16:00Z,29.74443833333333
2025-08-11T17:17:00Z,29.73691
2025-08-11T17:18:00Z,29.725793333333332
2025-08-11T17:19:00Z,29.713176666666666
2025-08-11T17:20:00Z,29.705881666666667
2025-08-11T17:21:00Z,29.699476666666666
2025-08-11T17:22:00Z,29.694863333333334
2025-08-11T17:23:00Z,29.691538333333334
2025-08-11T17:24:00Z,29.68839
2025-08-11T17:25:00Z,29.68723333333333
2025-08-11T17:26:00Z,29.683191666666666
2025-08-11T17:27:00Z,29.680331666666667
2025-08-11T17:28:00Z,29.67681166666667
2025-08-11T17:29:00Z,29.670215
2025-08-11T17:30:00Z,29.663923333333333
2025-08-11T17:31:00Z,29.658541666666665
2025-08-11T17:32:00Z,29.655241666666665
2025-08-11T17:33:00Z,29.653446666666667
2025-08-11T17:34:00Z,29.651611666666668
2025-08-11T17:35:00Z,29.65022666666667
2025-08-11T17:36:00Z,29.648881666666668
2025-08-11T17:37:00Z,29.64764
2025-08-11T17:38:00Z,29.644051666666666
2025-08-11T17:39:00Z,29.641495
2025-08-11T17:40:00Z,29.63843333333333
2025-08-11T17:41:00Z,29.634383333333332
2025-08-11T17:42:00Z,29.633315
2025-08-11T17:43:00Z,29.63187
2025-08-11T17:44:00Z,29.632808333333333
2025-08-11T17:45:00Z,29.634518333333332
2025-08-11T17:46:00Z,29.637401666666666
2025-08-11T17:47:00Z,29.640208333333334
2025-08-11T17:48:00Z,29.642358333333334
2025-08-11T17:49:00Z,29.644818333333333
2025-08-11T17:50:00Z,29.646631666666668
2025-08-11T17:51:00Z,29.650348333333334
2025-08-11T17:52:00Z,29.65363333333333
2025-08-11T17:53:00Z,29.655495
2025-08-11T17:54:00Z,29.658201666666667
2025-08-11T17:55:00Z,29.659993333333333
2025-08-11T17:56:00Z,29.662791666666667
2025-08-11T17:57:00Z,29.666656666666665
2025-08-11T17:58:00Z,29.669541666666667
2025-08-11T17:59:00Z,29.672536666666666
2025-08-11T18:00:00Z,29.674708333333335
2025-08-11T18:01:00Z,29.674031666666668
2025-08-11T18:02:00Z,29.669995
2025-08-11T18:03:00Z,29.664796666666668
2025-08-11T18:04:00Z,29.662848333333333
2025-08-11T18:05:00Z,29.662091666666665
2025-08-11T18:06:00Z,29.664218333333334
2025-08-11T18:07:00Z,29.6662
2025-08-11T18:08:00Z,29.667711666666666
2025-08-11T18:09:00Z,29.66814
2025-08-11T18:10:00Z,29.668396666666666
2025-08-11T18:11:00Z,29.668956666666666
2025-08-11T18:12:00Z,29.668596666666666
2025-08-11T18:13:00Z,29.668093333333335
2025-08-11T18:14:00Z,29.670673333333333
2025-08-11T18:15:00Z,29.674203333333335
2025-08-11T18:16:00Z,29.677143333333333
2025-08-11T18:17:00Z,29.679633333333335
2025-08-11T18:18:00Z,29.68157
2025-08-11T18:19:00Z,29.68491
2025-08-11T18:20:00Z,29.68898833333333
2025-08-11T18:21:00Z,29.69712
2025-08-11T18:22:00Z,29.706651666666666
2025-08-11T18:23:00Z,29.717086666666667
2025-08-11T18:24:00Z,29.733308333333333
2025-08-11T18:25:00Z,29.7445
2025-08-11T18:26:00Z,29.747706666666666
2025-08-11T18:27:00Z,29.745941666666667
2025-08-11T18:28:00Z,29.740289999999998
2025-08-11T18:29:00Z,29.734893333333336
2025-08-11T18:30:00Z,29.731615
2025-08-11T18:31:00Z,29.73093666666667
2025-08-11T18:32:00Z,29.730431666666668
2025-08-11T18:33:00Z,29.731375
2025-08-11T18:34:00Z,29.734675000000003
2025-08-11T18:35:00Z,29.739901666666665
2025-08-11T18:36:00Z,29.745798333333333
2025-08-11T18:37:00Z,29.75106
2025-08-11T18:38:00Z,29.757645
2025-08-11T18:39:00Z,29.766248333333333
2025-08-11T18:40:00Z,29.772846666666666
2025-08-11T18:41:00Z,29.782921666666667
2025-08-11T18:42:00Z,29.793963333333334
2025-08-11T18:43:00Z,29.803013333333332
2025-08-11T18:44:00Z,29.81549
2025-08-11T18:45:00Z,29.825256666666665
2025-08-11T18:46:00Z,29.825636666666664
2025-08-11T18:47:00Z,29.819428333333335
2025-08-11T18:48:00Z,29.813053333333333
2025-08-11T18:49:00Z,29.806181666666667
2025-08-11T18:50:00Z,29.799806666666665
2025-08-11T18:51:00Z,29.791685
2025-08-11T18:52:00Z,29.782461666666666
2025-08-11T18:53:00Z,29.773325
2025-08-11T18:54:00Z,29.765468333333335
2025-08-11T18:55:00Z,29.760556666666666
2025-08-11T18:56:00Z,29.757931666666668
2025-08-11T18:57:00Z,29.758455
2025-08-11T18:58:00Z,29.759065
2025-08-11T18:59:00Z,29.761581666666668
2025-08-11T19:00:00Z,29.764473333333335
2025-08-11T19:01:00Z,29.76743833333333
2025-08-11T19:02:00Z,29.774318333333333
2025-08-11T19:03:00Z,29.779943333333332
2025-08-11T19:04:00Z,29.782165
2025-08-11T19:05:00Z,29.783538333333333
2025-08-11T19:06:00Z,29.780653333333333
2025-08-11T19:07:00Z,29.77924
2025-08-11T19:08:00Z,29.779053333333334
2025-08-11T19:09:00Z,29.781318333333335
2025-08-11T19:10:00Z,29.7818
2025-08-11T19:11:00Z,29.781253333333332
2025-08-11T19:12:00Z,29.781338333333334
2025-08-11T19:13:00Z,29.782261666666667
2025-08-11T19:14:00Z,29.786533333333335
2025-08-11T19:15:00Z,29.790405
2025-08-11T19:16:00Z,29.791420000000002
2025-08-11T19:17:00Z,29.791275000000002
2025-08-11T19:18:00Z,29.791278333333334
2025-08-11T19:19:00Z,29.789876666666668
2025-08-11T19:20:00Z,29.78893
2025-08-11T19:21:00Z,29.789630000000002
2025-08-11T19:22:00Z,29.790963333333334
2025-08-11T19:23:00Z,29.795675
2025-08-11T19:24:00Z,29.80089
2025-08-11T19:25:00Z,29.802443333333333
2025-08-11T19:26:00Z,29.800168333333332
2025-08-11T19:27:00Z,29.798043333333332
2025-08-11T19:28:00Z,29.795941666666664
2025-08-11T19:29:00Z,29.793548333333334
2025-08-11T19:30:00Z,29.79221666666667
2025-08-11T19:31:00Z,29.792095
2025-08-11T19:32:00Z,29.791855
2025-08-11T19:33:00Z,29.79030666666667
2025-08-11T19:34:00Z,29.78867
2025-08-11T19:35:00Z,29.785903333333334
2025-08-11T19:36:00Z,29.782063333333333
2025-08-11T19:37:00Z,29.779478333333333
2025-08-11T19:38:00Z,29.777455
2025-08-11T19:39:00Z,29.775444999999998
2025-08-11T19:40:00Z,29.772213333333333
2025-08-11T19:41:00Z,29.77017
2025-08-11T19:42:00Z,29.769233333333332
2025-08-11T19:43:00Z,29.7638
2025-08-11T19:44:00Z,29.75546166666667
2025-08-11T19:45:00Z,29.748251666666665
2025-08-11T19:46:00Z,29.744276666666664
2025-08-11T19:47:00Z,29.741208333333333
2025-08-11T19:48:00Z,29.73956833333333
2025-08-11T19:49:00Z,29.740368333333333
2025-08-11T19:50:00Z,29.74232
2025-08-11T19:51:00Z,29.74529833333333
2025-08-11T19:52:00Z,29.749048333333334
2025-08-11T19:53:00Z,29.753866666666667
2025-08-11T19:54:00Z,29.759183333333333
2025-08-11T19:55:00Z,29.76642
2025-08-11T19:56:00Z,29.774771666666666
2025-08-11T19:57:00Z,29.775996666666668
2025-08-11T19:58:00Z,29.778523333333332
2025-08-11T19:59:00Z,29.78422666666667
2025-08-11T20:00:00Z,29.790788333333335
2025-08-11T20:01:00Z,29.796063333333333
2025-08-11T20:02:00Z,29.79765833333333
2025-08-11T20:03:00Z,29.799061666666667
2025-08-11T20:04:00Z,29.799326666666666
2025-08-11T20:05:00Z,29.798215
2025-08-11T20:06:00Z,29.796543333333332
2025-08-11T20:07:00Z,29.796233333333333
2025-08-11T20:08:00Z,29.79615833333333
2025-08-11T20:09:00Z,29.795626666666667
2025-08-11T20:10:00Z,29.79164
2025-08-11T20:11:00Z,29.786045
2025-08-11T20:12:00Z,29.780786666666668
2025-08-11T20:13:00Z,29.776903333333333
2025-08-11T20:14:00Z,29.770435
2025-08-11T20:15:00Z,29.7618
2025-08-11T20:16:00Z,29.75279
2025-08-11T20:17:00Z,29.743018333333332
2025-08-11T20:18:00Z,29.735086666666668
2025-08-11T20:19:00Z,29.728456666666666
2025-08-11T20:20:00Z,29.723983333333333
2025-08-11T20:21:00Z,29.720483333333334
2025-08-11T20:22:00Z,29.717358333333333
2025-08-11T20:23:00Z,29.714845
2025-08-11T20:24:00Z,29.712426666666666
2025-08-11T20:25:00Z,29.711244999999998
2025-08-11T20:26:00Z,29.711921666666665
2025-08-11T20:27:00Z,29.71298333333333
2025-08-11T20:28:00Z,29.715785
2025-08-11T20:29:00Z,29.717338333333334
2025-08-11T20:30:00Z,29.720488333333332
2025-08-11T20:31:00Z,29.724723333333333
2025-08-11T20:32:00Z,29.730765
2025-08-11T20:33:00Z,29.738743333333332
2025-08-11T20:34:00Z,29.746836666666667
2025-08-11T20:35:00Z,29.75336666666667
2025-08-11T20:36:00Z,29.75993
2025-08-11T20:37:00Z,29.765008333333334
2025-08-11T20:38:00Z,29.769115
2025-08-11T20:39:00Z,29.77264333333333
2025-08-11T20:40:00Z,29.776171666666666
2025-08-11T20:41:00Z,29.778438333333334
2025-08-11T20:42:00Z,29.7798
2025-08-11T20:43:00Z,29.780471666666667
2025-08-11T20:44:00Z,29.781075
2025-08-11T20:45:00Z,29.782526666666666
2025-08-11T20:46:00Z,29.786673333333333
2025-08-11T20:47:00Z,29.792218333333334
2025-08-11T20:48:00Z,29.798136666666664
2025-08-11T20:49:00Z,29.80393833333333
2025-08-11T20:50:00Z,29.808846666666668
2025-08-11T20:51:00Z,29.812176666666666
2025-08-11T20:52:00Z,29.819283333333335
2025-08-11T20:53:00Z,29.828791666666667
2025-08-11T20:54:00Z,29.838515
2025-08-11T20:55:00Z,29.846105
2025-08-11T20:56:00Z,29.854291666666665
2025-08-11T20:57:00Z,29.86271
2025-08-11T20:58:00Z,29.872886666666666
2025-08-11T20:59:00Z,29.882206666666665
2025-08-11T21:00:00Z,29.889868333333332
2025-08-11T21:01:00Z,29.897236666666668
2025-08-11T21:02:00Z,29.90444
2025-08-11T21:03:00Z,29.909683333333334
2025-08-11T21:04:00Z,29.914181666666664
2025-08-11T21:05:00Z,29.916545
2025-08-11T21:06:00Z,29.917441666666665
2025-08-11T21:07:00Z,29.915485
2025-08-11T21:08:00Z,29.903205
2025-08-11T21:09:00Z,29.875948333333334
2025-08-11T21:10:00Z,29.843895
2025-08-11T21:11:00Z,29.819655
2025-08-11T21:12:00Z,29.792685
2025-08-11T21:13:00Z,29.75738
2025-08-11T21:14:00Z,29.723728333333334
2025-08-11T21:15:00Z,29.69254
2025-08-11T21:16:00Z,29.664951666666667
2025-08-11T21:17:00Z,29.633948333333333
2025-08-11T21:18:00Z,29.60572833333333
2025-08-11T21:19:00Z,29.584748333333334
2025-08-11T21:20:00Z,29.568588333333334
2025-08-11T21:21:00Z,29.555936666666668
2025-08-11T21:22:00Z,29.54507
2025-08-11T21:23:00Z,29.536393333333333
2025-08-11T21:24:00Z,29.520333333333333
2025-08-11T21:25:00Z,29.505341666666666
2025-08-11T21:26:00Z,29.492193333333333
2025-08-11T21:27:00Z,29.47729
2025-08-11T21:28:00Z,29.466028333333334
2025-08-11T21:29:00Z,29.45741
2025-08-11T21:30:00Z,29.450271666666666
2025-08-11T21:31:00Z,29.4465
2025-08-11T21:32:00Z,29.443328333333334
2025-08-11T21:33:00Z,29.441589999999998
2025-08-11T21:34:00Z,29.439118333333333
2025-08-11T21:35:00Z,29.43712166666667
2025-08-11T21:36:00Z,29.43603166666667
2025-08-11T21:37:00Z,29.435211666666667
2025-08-11T21:38:00Z,29.435305
2025-08-11T21:39:00Z,29.435428333333334
2025-08-11T21:40:00Z,29.436733333333336
2025-08-11T21:41:00Z,29.438936666666667
2025-08-11T21:42:00Z,29.440751666666667
2025-08-11T21:43:00Z,29.443431666666665
2025-08-11T21:44:00Z,29.448586666666667
2025-08-11T21:45:00Z,29.463866666666668
2025-08-11T21:46:00Z,29.485703333333333
2025-08-11T21:47:00Z,29.498756666666665
2025-08-11T21:48:00Z,29.515451666666667
2025-08-11T21:49:00Z,29.540766666666666
2025-08-11T21:50:00Z,29.575315
2025-08-11T21:51:00Z,29.608761666666666
2025-08-11T21:52:00Z,29.636455
2025-08-11T21:53:00Z,29.66391833333333
2025-08-11T21:54:00Z,29.665223333333333
2025-08-11T21:55:00Z,29.681613333333335
2025-08-11T21:56:00Z,29.701728333333335
2025-08-11T21:57:00Z,29.721055
2025-08-11T21:58:00Z,29.742918333333332
2025-08-11T21:59:00Z,29.769936666666666
2025-08-11T22:00:00Z,29.796515
2025-08-11T22:01:00Z,29.81622
2025-08-11T22:02:00Z,29.819668333333333
2025-08-11T22:03:00Z,29.822499999999998
2025-08-11T22:04:00Z,29.823079999999997
2025-08-11T22:05:00Z,29.824708333333334
2025-08-11T22:06:00Z,29.831995
2025-08-11T22:07:00Z,29.842385
2025-08-11T22:08:00Z,29.85165333333333
2025-08-11T22:09:00Z,29.856693333333332
2025-08-11T22:10:00Z,29.862541666666665
2025-08-11T22:11:00Z,29.87616
2025-08-11T22:12:00Z,29.883445
2025-08-11T22:13:00Z,29.891196666666666
2025-08-11T22:14:00Z,29.89509
2025-08-11T22:15:00Z,29.899395000000002
2025-08-11T22:16:00Z,29.904613333333334
2025-08-11T22:17:00Z,29.908283333333333
2025-08-11T22:18:00Z,29.903233333333333
2025-08-11T22:19:00Z,29.900038333333335
2025-08-11T22:20:00Z,29.896903333333334
2025-08-11T22:21:00Z,29.894141666666666
2025-08-11T22:22:00Z,29.892286666666667
2025-08-11T22:23:00Z,29.890785
2025-08-11T22:24:00Z,29.888591666666667
2025-08-11T22:25:00Z,29.891515
2025-08-11T22:26:00Z,29.897311666666667
2025-08-11T22:27:00Z,29.90014
2025-08-11T22:28:00Z,29.90331666666667
2025-08-11T22:29:00Z,29.908573333333333
2025-08-11T22:30:00Z,29.913819999999998
2025-08-11T22:31:00Z,29.91869833333333
2025-08-11T22:32:00Z,29.925073333333334
2025-08-11T22:33:00Z,29.929428333333334
2025-08-11T22:34:00Z,29.930975
2025-08-11T22:35:00Z,29.93433166666667
2025-08-11T22:36:00Z,29.941983333333333
2025-08-11T22:37:00Z,29.951155
2025-08-11T22:38:00Z,29.961905
2025-08-11T22:39:00Z,29.967435
2025-08-11T22:40:00Z,29.971336666666666
2025-08-11T22:41:00Z,29.973938333333333
2025-08-11T22:42:00Z,29.97713
2025-08-11T22:43:00Z,29.981046666666668
2025-08-11T22:44:00Z,29.981648333333332
2025-08-11T22:45:00Z,29.980008333333334
2025-08-11T22:46:00Z,29.983150000000002
2025-08-11T22:47:00Z,29.987528333333334
2025-08-11T22:48:00Z,29.989528333333336
2025-08-11T22:49:00Z,29.992478333333334
2025-08-11T22:50:00Z,29.994188333333334
2025-08-11T22:51:00Z,29.986218333333333
2025-08-11T22:52:00Z,29.97894833333333
2025-08-11T22:53:00Z,29.969706666666667
2025-08-11T22:54:00Z,29.960911666666668
2025-08-11T22:55:00Z,29.951176666666665
2025-08-11T22:56:00Z,29.94294
2025-08-11T22:57:00Z,29.931796666666667
2025-08-11T22:58:00Z,29.925131666666665
2025-08-11T22:59:00Z,29.922686666666667
2025-08-11T23:00:00Z,29.92228
2025-08-11T23:01:00Z,29.92486
2025-08-11T23:02:00Z,29.929725
2025-08-11T23:03:00Z,29.94136
2025-08-11T23:04:00Z,29.95292
2025-08-11T23:05:00Z,29.964518333333334
2025-08-11T23:06:00Z,29.972971666666666
2025-08-11T23:07:00Z,29.971069999999997
2025-08-11T23:08:00Z,29.964178333333333
2025-08-11T23:09:00Z,29.956468333333333
2025-08-11T23:10:00Z,29.94313
2025-08-11T23:11:00Z,29.92038833333333
2025-08-11T23:12:00Z,29.896651666666667
2025-08-11T23:13:00Z,29.87228
2025-08-11T23:14:00Z,29.855105
2025-08-11T23:15:00Z,29.841785
2025-08-11T23:16:00Z,29.83133833333333
2025-08-11T23:17:00Z,29.82331
2025-08-11T23:18:00Z,29.823825
2025-08-11T23:19:00Z,29.824708333333334
2025-08-11T23:20:00Z,29.824898333333334
2025-08-11T23:21:00Z,29.824565
2025-08-11T23:22:00Z,29.823298333333334
2025-08-11T23:23:00Z,29.821173333333334
2025-08-11T23:24:00Z,29.82025
2025-08-11T23:25:00Z,29.82022166666667
2025-08-11T23:26:00Z,29.82223
2025-08-11T23:27:00Z,29.82818333333333
2025-08-11T23:28:00Z,29.834268333333334
2025-08-11T23:29:00Z,29.838643333333334
2025-08-11T23:30:00Z,29.84680666666667
2025-08-11T23:31:00Z,29.851326666666665
2025-08-11T23:32:00Z,29.850853333333333
2025-08-11T23:33:00Z,29.852195
2025-08-11T23:34:00Z,29.856206666666665
2025-08-11T23:35:00Z,29.857728333333334
2025-08-11T23:36:00Z,29.85509
2025-08-11T23:37:00Z,29.8521
2025-08-11T23:38:00Z,29.850995
2025-08-11T23:39:00Z,29.851836666666667
2025-08-11T23:40:00Z,29.853113333333333
2025-08-11T23:41:00Z,29.85439333333333
2025-08-11T23:42:00Z,29.858048333333333
2025-08-11T23:43:00Z,29.863698333333332
2025-08-11T23:44:00Z,29.87084666666667
2025-08-11T23:45:00Z,29.879598333333334
2025-08-11T23:46:00Z,29.889313333333334
2025-08-11T23:47:00Z,29.902733333333334
2025-08-11T23:48:00Z,29.913819999999998
2025-08-11T23:49:00Z,29.926915
2025-08-11T23:50:00Z,29.94132833333333
2025-08-11T23:51:00Z,29.959396666666667
2025-08-11T23:52:00Z,29.976721666666666
2025-08-11T23:53:00Z,29.98223
2025-08-11T23:54:00Z,29.983965
2025-08-11T23:55:00Z,29.97978833333333
2025-08-11T23:56:00Z,29.971786666666667
2025-08-11T23:57:00Z,29.971136666666666
2025-08-11T23:58:00Z,29.970681666666664
2025-08-11T23:59:00Z,29.971598333333333
2025-08-12T00:00:00Z,29.974953333333332
2025-08-12T00:01:00Z,29.979563333333335
2025-08-12T00:02:00Z,29.984773333333333
2025-08-12T00:03:00Z,29.990713333333336
2025-08-12T00:04:00Z,29.997115
2025-08-12T00:05:00Z,30.006373333333332
2025-08-12T00:06:00Z,30.01513
2025-08-12T00:07:00Z,30.023333333333333
2025-08-12T00:08:00Z,30.031554999999997
2025-08-12T00:09:00Z,30.039093333333334
2025-08-12T00:10:00Z,30.04683
2025-08-12T00:11:00Z,30.050621666666668
2025-08-12T00:12:00Z,30.052068333333334
2025-08-12T00:13:00Z,30.052895
2025-08-12T00:14:00Z,30.053684999999998
2025-08-12T00:15:00Z,30.054465
2025-08-12T00:16:00Z,30.052746666666668
2025-08-12T00:17:00Z,30.049366666666668
2025-08-12T00:18:00Z,30.04803666666667
2025-08-12T00:19:00Z,30.046631666666666
2025-08-12T00:20:00Z,30.044943333333332
2025-08-12T00:21:00Z,30.044021666666666
2025-08-12T00:22:00Z,30.047213333333335
2025-08-12T00:23:00Z,30.050763333333336
2025-08-12T00:24:00Z,30.05611
2025-08-12T00:25:00Z,30.060821666666666
2025-08-12T00:26:00Z,30.06157333333333
2025-08-12T00:27:00Z,30.063836666666667
2025-08-12T00:28:00Z,30.069298333333332
2025-08-12T00:29:00Z,30.074885000000002
2025-08-12T00:30:00Z,30.07638
2025-08-12T00:31:00Z,30.074615
2025-08-12T00:32:00Z,30.0787
2025-08-12T00:33:00Z,30.084551666666666
2025-08-12T00:34:00Z,30.093906666666665
2025-08-12T00:35:00Z,30.10357
2025-08-12T00:36:00Z,30.114781666666666
2025-08-12T00:37:00Z,30.121773333333334
2025-08-12T00:38:00Z,30.12788
2025-08-12T00:39:00Z,30.133218333333335
2025-08-12T00:40:00Z,30.134596666666667
2025-08-12T00:41:00Z,30.132783333333332
2025-08-12T00:42:00Z,30.130735
2025-08-12T00:43:00Z,30.130885
2025-08-12T00:44:00Z,30.13141
2025-08-12T00:45:00Z,30.133223333333333
2025-08-12T00:46:00Z,30.13670666666667
2025-08-12T00:47:00Z,30.139601666666668
2025-08-12T00:48:00Z,30.14180166666667
2025-08-12T00:49:00Z,30.141705
2025-08-12T00:50:00Z,30.142093333333335
2025-08-12T00:51:00Z,30.142623333333336
2025-08-12T00:52:00Z,30.141826666666667
2025-08-12T00:53:00Z,30.139288333333333
2025-08-12T00:54:00Z,30.137096666666668
2025-08-12T00:55:00Z,30.13146
2025-08-12T00:56:00Z,30.11904
2025-08-12T00:57:00Z,30.100643333333334
2025-08-12T00:58:00Z,30.079954999999998
2025-08-12T00:59:00Z,30.057313333333333
2025-08-12T01:00:00Z,30.037133333333333
2025-08-12T01:01:00Z,30.019188333333332
2025-08-12T01:02:00Z,30.004176666666666
2025-08-12T01:03:00Z,29.992285000000003
2025-08-12T01:04:00Z,29.980618333333332
2025-08-12T01:05:00Z,29.968406666666667
2025-08-12T01:06:00Z,29.955625
2025-08-12T01:07:00Z,29.94573833333333
2025-08-12T01:08:00Z,29.937666666666665
2025-08-12T01:09:00Z,29.92718
2025-08-12T01:10:00Z,29.915053333333333
2025-08-12T01:11:00Z,29.90576
2025-08-12T01:12:00Z,29.900940000000002
2025-08-12T01:13:00Z,29.899293333333333
2025-08-12T01:14:00Z,29.89598
2025-08-12T01:15:00Z,29.893925
2025-08-12T01:16:00Z,29.890906666666666
2025-08-12T01:17:00Z,29.887551666666667
2025-08-12T01:18:00Z,29.877911666666666
2025-08-12T01:19:00Z,29.86745
2025-08-12T01:20:00Z,29.858311666666665
2025-08-12T01:21:00Z,29.853616666666664
2025-08-12T01:22:00Z,29.850468333333332
2025-08-12T01:23:00Z,29.847726666666667
2025-08-12T01:24:00Z,29.845405
2025-08-12T01:25:00Z,29.841605
2025-08-12T01:26:00Z,29.83356
2025-08-12T01:27:00Z,29.823933333333333
2025-08-12T01:28:00Z,29.81619166666667
2025-08-12T01:29:00Z,29.809815
2025-08-12T01:30:00Z,29.805493333333335
2025-08-12T01:31:00Z,29.80085
2025-08-12T01:32:00Z,29.797261666666664
2025-08-12T01:33:00Z,29.793161666666666
2025-08-12T01:34:00Z,29.790095
2025-08-12T01:35:00Z,29.787916666666668
2025-08-12T01:36:00Z,29.785946666666668
2025-08-12T01:37:00Z,29.784445
2025-08-12T01:38:00Z,29.782525
2025-08-12T01:39:00Z,29.781005
2025-08-12T01:40:00Z,29.77898
2025-08-12T01:41:00Z,29.778035
2025-08-12T01:42:00Z,29.777841666666667
2025-08-12T01:43:00Z,29.778478333333332
2025-08-12T01:44:00Z,29.781588333333332
2025-08-12T01:45:00Z,29.787290000000002
2025-08-12T01:46:00Z,29.793503333333334
2025-08-12T01:47:00Z,29.798306666666665
2025-08-12T01:48:00Z,29.801501666666667
2025-08-12T01:49:00Z,29.804776666666665
2025-08-12T01:50:00Z,29.81022666666667
2025-08-12T01:51:00Z,29.816476666666667
2025-08-12T01:52:00Z,29.821845
2025-08-12T01:53:00Z,29.827051666666666
2025-08-12T01:54:00Z,29.834146666666665
2025-08-12T01:55:00Z,29.841638333333336
2025-08-12T01:56:00Z,29.85211
2025-08-12T01:57:00Z,29.865366666666667
2025-08-12T01:58:00Z,29.879391666666667
2025-08-12T01:59:00Z,29.888683333333333
2025-08-12T02:00:00Z,29.89436166666667
2025-08-12T02:01:00Z,29.899395000000002
2025-08-12T02:02:00Z,29.901510000000002
2025-08-12T02:03:00Z,29.904093333333336
2025-08-12T02:04:00Z,29.907656666666668
2025-08-12T02:05:00Z,29.910363333333333
2025-08-12T02:06:00Z,29.92532
2025-08-12T02:07:00Z,29.939796666666666
2025-08-12T02:08:00Z,29.948091666666667
2025-08-12T02:09:00Z,29.941956666666666
2025-08-12T02:10:00Z,29.941391666666664
2025-08-12T02:11:00Z,29.944313333333334
2025-08-12T02:12:00Z,29.941381666666665
2025-08-12T02:13:00Z,29.927876666666666
2025-08-12T02:14:00Z,29.914258333333333
2025-08-12T02:15:00Z,29.893153333333334
2025-08-12T02:16:00Z,29.859616666666668
2025-08-12T02:17:00Z,29.818746666666666
2025-08-12T02:18:00Z,29.781281666666665
2025-08-12T02:19:00Z,29.753046666666666
2025-08-12T02:20:00Z,29.716471666666667
2025-08-12T02:21:00Z,29.673878333333334
2025-08-12T02:22:00Z,29.63462
2025-08-12T02:23:00Z,29.604143333333333
2025-08-12T02:24:00Z,29.579095
2025-08-12T02:25:00Z,29.56004666666667
2025-08-12T02:26:00Z,29.532768333333333
2025-08-12T02:27:00Z,29.502115
2025-08-12T02:28:00Z,29.476676666666666
2025-08-12T02:29:00Z,29.455656666666666
2025-08-12T02:30:00Z,29.437056666666667
2025-08-12T02:31:00Z,29.420003333333334
2025-08-12T02:32:00Z,29.403085
2025-08-12T02:33:00Z,29.387581666666666
2025-08-12T02:34:00Z,29.370035
2025-08-12T02:35:00Z,29.348651666666665
2025-08-12T02:36:00Z,29.32424333333333
2025-08-12T02:37:00Z,29.299733333333332
2025-08-12T02:38:00Z,29.278701666666667
2025-08-12T02:39:00Z,29.262483333333332
2025-08-12T02:40:00Z,29.252750000000002
2025-08-12T02:41:00Z,29.24616
2025-08-12T02:42:00Z,29.240396666666665
2025-08-12T02:43:00Z,29.234724999999997
2025-08-12T02:44:00Z,29.230023333333335
2025-08-12T02:45:00Z,29.221523333333334
2025-08-12T02:46:00Z,29.212126666666666
2025-08-12T02:47:00Z,29.202448333333333
2025-08-12T02:48:00Z,29.197401666666668
2025-08-12T02:49:00Z,29.191591666666667
2025-08-12T02:50:00Z,29.185828333333333
2025-08-12T02:51:00Z,29.181453333333334
2025-08-12T02:52:00Z,29.180016666666667
2025-08-12T02:53:00Z,29.181625
2025-08-12T02:54:00Z,29.188866666666666
2025-08-12T02:55:00Z,29.203223333333334
2025-08-12T02:56:00Z,29.22713
2025-08-12T02:57:00Z,29.254433333333335
2025-08-12T02:58:00Z,29.270591666666668
2025-08-12T02:59:00Z,29.27524
2025-08-12T03:00:00Z,29.276553333333332
2025-08-12T03:01:00Z,29.275306666666665
2025-08-12T03:02:00Z,29.274125
2025-08-12T03:03:00Z,29.273453333333332
2025-08-12T03:04:00Z,29.272921666666665
2025-08-12T03:05:00Z,29.273018333333333
2025-08-12T03:06:00Z,29.273428333333335
2025-08-12T03:07:00Z,29.274583333333332
2025-08-12T03:08:00Z,29.27415
2025-08-12T03:09:00Z,29.277468333333335
2025-08-12T03:10:00Z,29.286386666666665
2025-08-12T03:11:00Z,29.294626666666666
2025-08-12T03:12:00Z,29.30362166666667
2025-08-12T03:13:00Z,29.3063
2025-08-12T03:14:00Z,29.303858333333334
2025-08-12T03:15:00Z,29.30101
2025-08-12T03:16:00Z,29.298556666666666
2025-08-12T03:17:00Z,29.297296666666668
2025-08-12T03:18:00Z,29.297416666666667
2025-08-12T03:19:00Z,29.300635
2025-08-12T03:20:00Z,29.304001666666668
2025-08-12T03:21:00Z,29.306686666666668
2025-08-12T03:22:00Z,29.308486666666667
2025-08-12T03:23:00Z,29.31117
2025-08-12T03:24:00Z,29.317596666666667
2025-08-12T03:25:00Z,29.321628333333333
2025-08-12T03:26:00Z,29.32196
2025-08-12T03:27:00Z,29.321533333333335
2025-08-12T03:28:00Z,29.321324999999998
2025-08-12T03:29:00Z,29.321348333333333
2025-08-12T03:30:00Z,29.32278833333333
2025-08-12T03:31:00Z,29.32532
2025-08-12T03:32:00Z,29.328496666666666
2025-08-12T03:33:00Z,29.332408333333333
2025-08-12T03:34:00Z,29.335263333333334
2025-08-12T03:35:00Z,29.33376
2025-08-12T03:36:00Z,29.33279166666667
2025-08-12T03:37:00Z,29.330768333333335
2025-08-12T03:38:00Z,29.326548333333335
2025-08-12T03:39:00Z,29.31889
2025-08-12T03:40:00Z,29.312843333333333
2025-08-12T03:41:00Z,29.30847
2025-08-12T03:42:00Z,29.304983333333336
2025-08-12T03:43:00Z,29.30214
2025-08-12T03:44:00Z,29.299786666666666
2025-08-12T03:45:00Z,29.299665
2025-08-12T03:46:00Z,29.302118333333333
2025-08-12T03:47:00Z,29.303810000000002
2025-08-12T03:48:00Z,29.30687
2025-08-12T03:49:00Z,29.308963333333335
2025-08-12T03:50:00Z,29.312686666666664
2025-08-12T03:51:00Z,29.316768333333332
2025-08-12T03:52:00Z,29.321241666666666
2025-08-12T03:53:00Z,29.327103333333334
2025-08-12T03:54:00Z,29.339768333333332
2025-08-12T03:55:00Z,29.349993333333334
2025-08-12T03:56:00Z,29.356460000000002
2025-08-12T03:57:00Z,29.362025
2025-08-12T03:58:00Z,29.371596666666665
2025-08-12T03:59:00Z,29.383545
2025-08-12T04:00:00Z,29.392545
2025-08-12T04:01:00Z,29.402821666666668
2025-08-12T04:02:00Z,29.417006666666666
2025-08-12T04:03:00Z,29.422428333333333
2025-08-12T04:04:00Z,29.419555
2025-08-12T04:05:00Z,29.419526666666666
2025-08-12T04:06:00Z,29.417333333333332
2025-08-12T04:07:00Z,29.415921666666666
2025-08-12T04:08:00Z,29.414606666666668
2025-08-12T04:09:00Z,29.412685
2025-08-12T04:10:00Z,29.409608333333335
2025-08-12T04:11:00Z,29.40726666666667
2025-08-12T04:12:00Z,29.40968
2025-08-12T04:13:00Z,29.41432
2025-08-12T04:14:00Z,29.414846666666666
2025-08-12T04:15:00Z,29.412018333333336
2025-08-12T04:16:00Z,29.40466
2025-08-12T04:17:00Z,29.395239999999998
2025-08-12T04:18:00Z,29.38024
2025-08-12T04:19:00Z,29.35662
2025-08-12T04:20:00Z,29.337441666666667
2025-08-12T04:21:00Z,29.296981666666667
2025-08-12T04:22:00Z,29.241445
2025-08-12T04:23:00Z,29.167878333333334
2025-08-12T04:24:00Z,29.096588333333333
2025-08-12T04:25:00Z,29.031605
2025-08-12T04:26:00Z,28.97814
2025-08-12T04:27:00Z,28.935281666666665
2025-08-12T04:28:00Z,28.900931666666665
2025-08-12T04:29:00Z,28.873376666666665
2025-08-12T04:30:00Z,28.851731666666666
2025-08-12T04:31:00Z,28.837573333333335
2025-08-12T04:32:00Z,28.828071666666666
2025-08-12T04:33:00Z,28.823768333333334
2025-08-12T04:34:00Z,28.825106666666667
2025-08-12T04:35:00Z,28.834728333333334
2025-08-12T04:36:00Z,28.858401666666666
2025-08-12T04:37:00Z,28.884225
2025-08-12T04:38:00Z,28.907766666666667
2025-08-12T04:39:00Z,28.924123333333334
2025-08-12T04:40:00Z,28.938103333333334
2025-08-12T04:41:00Z,28.942871666666665
2025-08-12T04:42:00Z,28.94413833333333
2025-08-12T04:43:00Z,28.958605
2025-08-12T04:44:00Z,28.99359
2025-08-12T04:45:00Z,29.042148333333333
2025-08-12T04:46:00Z,29.096093333333332
2025-08-12T04:47:00Z,29.136111666666668
2025-08-12T04:48:00Z,29.15546833333333
2025-08-12T04:49:00Z,29.173653333333334
2025-08-12T04:50:00Z,29.20413
2025-08-12T04:51:00Z,29.243791666666667
2025-08-12T04:52:00Z,29.283375
2025-08-12T04:53:00Z,29.31680666666667
2025-08-12T04:54:00Z,29.343708333333332
2025-08-12T04:55:00Z,29.368626666666668
2025-08-12T04:56:00Z,29.388848333333332
2025-08-12T04:57:00Z,29.405938333333335
2025-08-12T04:58:00Z,29.419456666666665
2025-08-12T04:59:00Z,29.435961666666667
2025-08-12T05:00:00Z,29.44258
2025-08-12T05:01:00Z,29.445633333333333
2025-08-12T05:02:00Z,29.444938333333333
2025-08-12T05:03:00Z,29.4387
2025-08-12T05:04:00Z,29.437863333333336
2025-08-12T05:05:00Z,29.44455
2025-08-12T05:06:00Z,29.456983333333334
2025-08-12T05:07:00Z,29.471326666666666
2025-08-12T05:08:00Z,29.480883333333335
2025-08-12T05:09:00Z,29.4888
2025-08-12T05:10:00Z,29.49731
2025-08-12T05:11:00Z,29.507753333333334
2025-08-12T05:12:00Z,29.517253333333333
2025-08-12T05:13:00Z,29.52540833333333
2025-08-12T05:14:00Z,29.53034
2025-08-12T05:15:00Z,29.53391166666667
2025-08-12T05:16:00Z,29.538508333333333
2025-08-12T05:17:00Z,29.542665
2025-08-12T05:18:00Z,29.546158333333334
2025-08-12T05:19:00Z,29.544293333333336
2025-08-12T05:20:00Z,29.544273333333336
2025-08-12T05:21:00Z,29.542748333333336
2025-08-12T05:22:00Z,29.539278333333336
2025-08-12T05:23:00Z,29.537853333333334
2025-08-12T05:24:00Z,29.539421666666666
2025-08-12T05:25:00Z,29.544240000000002
2025-08-12T05:26:00Z,29.548358333333333
2025-08-12T05:27:00Z,29.546643333333332
2025-08-12T05:28:00Z,29.54176
2025-08-12T05:29:00Z,29.53349
2025-08-12T05:30:00Z,29.5218
2025-08-12T05:31:00Z,29.51348666666667
2025-08-12T05:32:00Z,29.506958333333333
2025-08-12T05:33:00Z,29.50091833333333
2025-08-12T05:34:00Z,29.49050666666667
2025-08-12T05:35:00Z,29.468958333333333
2025-08-12T05:36:00Z,29.435135
2025-08-12T05:37:00Z,29.391706666666668
2025-08-12T05:38:00Z,29.35143
2025-08-12T05:39:00Z,29.319608333333335
2025-08-12T05:40:00Z,29.297203333333332
2025-08-12T05:41:00Z,29.283728333333332
2025-08-12T05:42:00Z,29.276281666666666
2025-08-12T05:43:00Z,29.272555
2025-08-12T05:44:00Z,29.271215
2025-08-12T05:45:00Z,29.274536666666666
2025-08-12T05:46:00Z,29.275241666666666
2025-08-12T05:47:00Z,29.274323333333335
2025-08-12T05:48:00Z,29.250958333333333
2025-08-12T05:49:00Z,29.202498333333335
2025-08-12T05:50:00Z,29.144138333333334
2025-08-12T05:51:00Z,29.090128333333332
2025-08-12T05:52:00Z,29.034636666666668
2025-08-12T05:53:00Z,28.985795
2025-08-12T05:54:00Z,28.952625
2025-08-12T05:55:00Z,28.941613333333333
2025-08-12T05:56:00Z,28.93478
2025-08-12T05:57:00Z,28.92888166666667
2025-08-12T05:58:00Z,28.921371666666666
2025-08-12T05:59:00Z,28.909508333333335
2025-08-12T06:00:00Z,28.890515
2025-08-12T06:01:00Z,28.874223333333333
2025-08-12T06:02:00Z,28.855975
2025-08-12T06:03:00Z,28.841108333333334
2025-08-12T06:04:00Z,28.828736666666668
2025-08-12T06:05:00Z,28.817123333333335
2025-08-12T06:06:00Z,28.796931666666666
2025-08-12T06:07:00Z,28.768271666666667
2025-08-12T06:08:00Z,28.740648333333333
2025-08-12T06:09:00Z,28.714625
2025-08-12T06:10:00Z,28.694735
2025-08-12T06:11:00Z,28.678365
2025-08-12T06:12:00Z,28.670603333333336
2025-08-12T06:13:00Z,28.667093333333334
2025-08-12T06:14:00Z,28.664168333333333
2025-08-12T06:15:00Z,28.660318333333333
2025-08-12T06:16:00Z,28.65637333333333
2025-08-12T06:17:00Z,28.653575
2025-08-12T06:18:00Z,28.650693333333336
2025-08-12T06:19:00Z,28.65041666666667
2025-08-12T06:20:00Z,28.65119
2025-08-12T06:21:00Z,28.64845
2025-08-12T06:22:00Z,28.639706666666665
2025-08-12T06:23:00Z,28.62881833333333
2025-08-12T06:24:00Z,28.611964999999998
2025-08-12T06:25:00Z,28.596291666666666
2025-08-12T06:26:00Z,28.582475
2025-08-12T06:27:00Z,28.569925
2025-08-12T06:28:00Z,28.557028333333335
2025-08-12T06:29:00Z,28.54505
2025-08-12T06:30:00Z,28.534843333333335
2025-08-12T06:31:00Z,28.526701666666668
2025-08-12T06:32:00Z,28.521625
2025-08-12T06:33:00Z,28.518615
2025-08-12T06:34:00Z,28.51763833333333
2025-08-12T06:35:00Z,28.51641
2025-08-12T06:36:00Z,28.51367666666667
2025-08-12T06:37:00Z,28.509026666666667
2025-08-12T06:38:00Z,28.502536666666668
2025-08-12T06:39:00Z,28.495964999999998
2025-08-12T06:40:00Z,28.492453333333334
2025-08-12T06:41:00Z,28.493533333333332
2025-08-12T06:42:00Z,28.494921666666666
2025-08-12T06:43:00Z,28.495336666666667
2025-08-12T06:44:00Z,28.495161666666665
2025-08-12T06:45:00Z,28.494351666666667
2025-08-12T06:46:00Z,28.490421666666666
2025-08-12T06:47:00Z,28.48553666666667
2025-08-12T06:48:00Z,28.481703333333332
2025-08-12T06:49:00Z,28.477028333333333
2025-08-12T06:50:00Z,28.47305833333333
2025-08-12T06:51:00Z,28.467548333333333
2025-08-12T06:52:00Z,28.462886666666666
2025-08-12T06:53:00Z,28.459373333333332
2025-08-12T06:54:00Z,28.457765
2025-08-12T06:55:00Z,28.45762
2025-08-12T06:56:00Z,28.456803333333333
2025-08-12T06:57:00Z,28.454966666666667
2025-08-12T06:58:00Z,28.452631666666665
2025-08-12T06:59:00Z,28.45043833333333
2025-08-12T07:00:00Z,28.449581666666667
2025-08-12T07:01:00Z,28.449536666666667
2025-08-12T07:02:00Z,28.450435
2025-08-12T07:03:00Z,28.451456666666665
2025-08-12T07:04:00Z,28.452596666666665
2025-08-12T07:05:00Z,28.456831666666666
2025-08-12T07:06:00Z,28.45892
2025-08-12T07:07:00Z,28.45771166666667
2025-08-12T07:08:00Z,28.454729999999998
2025-08-12T07:09:00Z,28.45098833333333
2025-08-12T07:10:00Z,28.448365
2025-08-12T07:11:00Z,28.44699
2025-08-12T07:12:00Z,28.445598333333333
2025-08-12T07:13:00Z,28.44407
2025-08-12T07:14:00Z,28.44324166666667
2025-08-12T07:15:00Z,28.441911666666666
2025-08-12T07:16:00Z,28.439641666666667
2025-08-12T07:17:00Z,28.437703333333335
2025-08-12T07:18:00Z,28.43701666666667
2025-08-12T07:19:00Z,28.437205
2025-08-12T07:20:00Z,28.43847166666667
2025-08-12T07:21:00Z,28.442085000000002
2025-08-12T07:22:00Z,28.445128333333333
2025-08-12T07:23:00Z,28.449793333333332
2025-08-12T07:24:00Z,28.45361833333333
2025-08-12T07:25:00Z,28.45588
2025-08-12T07:26:00Z,28.458861666666667
2025-08-12T07:27:00Z,28.463988333333333
2025-08-12T07:28:00Z,28.468046666666666
2025-08-12T07:29:00Z,28.462725000000002
2025-08-12T07:30:00Z,28.442876666666667
2025-08-12T07:31:00Z,28.41947
2025-08-12T07:32:00Z,28.398421666666668
2025-08-12T07:33:00Z,28.38107
2025-08-12T07:34:00Z,28.372603333333334
2025-08-12T07:35:00Z,28.367578333333334
2025-08-12T07:36:00Z,28.362851666666664
2025-08-12T07:37:00Z,28.357848333333333
2025-08-12T07:38:00Z,28.348845
2025-08-12T07:39:00Z,28.335205
2025-08-12T07:40:00Z,28.318818333333333
2025-08-12T07:41:00Z,28.300625
2025-08-12T07:42:00Z,28.283831666666668
2025-08-12T07:43:00Z,28.271485
2025-08-12T07:44:00Z,28.260035000000002
2025-08-12T07:45:00Z,28.247345
2025-08-12T07:46:00Z,28.234981666666666
2025-08-12T07:47:00Z,28.22918333333333
2025-08-12T07:48:00Z,28.222536666666667
2025-08-12T07:49:00Z,28.216166666666666
2025-08-12T07:50:00Z,28.21071
2025-08-12T07:51:00Z,28.20266
2025-08-12T07:52:00Z,28.19555
2025-08-12T07:53:00Z,28.19072
2025-08-12T07:54:00Z,28.189391666666666
2025-08-12T07:55:00Z,28.185299999999998
2025-08-12T07:56:00Z,28.182855
2025-08-12T07:57:00Z,28.181196666666665
2025-08-12T07:58:00Z,28.18072666666667
2025-08-12T07:59:00Z,28.181768333333334
2025-08-12T08:00:00Z,28.183014999999997
2025-08-12T08:01:00Z,28.18684
2025-08-12T08:02:00Z,28.190343333333335
2025-08-12T08:03:00Z,28.193463333333334
2025-08-12T08:04:00Z,28.196326666666668
2025-08-12T08:05:00Z,28.197193333333335
2025-08-12T08:06:00Z,28.195851666666666
2025-08-12T08:07:00Z,28.197518333333335
2025-08-12T08:08:00Z,28.199275
2025-08-12T08:09:00Z,28.203765
2025-08-12T08:10:00Z,28.206744999999998
2025-08-12T08:11:00Z,28.20504
2025-08-12T08:12:00Z,28.202825
2025-08-12T08:13:00Z,28.199726666666667
2025-08-12T08:14:00Z,28.196086666666666
2025-08-12T08:15:00Z,28.19415
2025-08-12T08:16:00Z,28.195525
2025-08-12T08:17:00Z,28.196198333333335
2025-08-12T08:18:00Z,28.19731
2025-08-12T08:19:00Z,28.199595000000002
2025-08-12T08:20:00Z,28.201973333333335
2025-08-12T08:21:00Z,28.200303333333334
2025-08-12T08:22:00Z,28.197635000000002
2025-08-12T08:23:00Z,28.196066666666667
2025-08-12T08:24:00Z,28.197988333333335
2025-08-12T08:25:00Z,28.200296666666667
2025-08-12T08:26:00Z,28.20505
2025-08-12T08:27:00Z,28.205431666666666
2025-08-12T08:28:00Z,28.201665000000002
2025-08-12T08:29:00Z,28.198593333333335
2025-08-12T08:30:00Z,28.195048333333332
2025-08-12T08:31:00Z,28.19578166666667
2025-08-12T08:32:00Z,28.196398333333335
2025-08-12T08:33:00Z,28.199091666666668
2025-08-12T08:34:00Z,28.199823333333335
2025-08-12T08:35:00Z,28.200361666666666
2025-08-12T08:36:00Z,28.200225
2025-08-12T08:37:00Z,28.19822
2025-08-12T08:38:00Z,28.197215
2025-08-12T08:39:00Z,28.196865
2025-08-12T08:40:00Z,28.201298333333334
2025-08-12T08:41:00Z,28.208581666666667
2025-08-12T08:42:00Z,28.210061666666665
2025-08-12T08:43:00Z,28.20957333333333
2025-08-12T08:44:00Z,28.208676666666666
2025-08-12T08:45:00Z,28.20794
2025-08-12T08:46:00Z,28.20710833333333
2025-08-12T08:47:00Z,28.206568333333333
2025-08-12T08:48:00Z,28.213605
2025-08-12T08:49:00Z,28.226615
2025-08-12T08:50:00Z,28.231873333333333
2025-08-12T08:51:00Z,28.231189999999998
2025-08-12T08:52:00Z,28.22674
2025-08-12T08:53:00Z,28.223195
2025-08-12T08:54:00Z,28.220336666666668
2025-08-12T08:55:00Z,28.22005
2025-08-12T08:56:00Z,28.225528333333333
2025-08-12T08:57:00Z,28.234746666666666
2025-08-12T08:58:00Z,28.242693333333335
2025-08-12T08:59:00Z,28.248471666666667
2025-08-12T09:00:00Z,28.249726666666664
2025-08-12T09:01:00Z,28.245956666666668
2025-08-12T09:02:00Z,28.24467
2025-08-12T09:03:00Z,28.257871666666666
2025-08-12T09:04:00Z,28.275306666666665
2025-08-12T09:05:00Z,28.295558333333332
2025-08-12T09:06:00Z,28.312313333333332
2025-08-12T09:07:00Z,28.324043333333332
2025-08-12T09:08:00Z,28.33066666666667
2025-08-12T09:09:00Z,28.326955
2025-08-12T09:10:00Z,28.326761666666666
2025-08-12T09:11:00Z,28.326835
2025-08-12T09:12:00Z,28.326695
2025-08-12T09:13:00Z,28.32501
2025-08-12T09:14:00Z,28.331196666666667
2025-08-12T09:15:00Z,28.341445
2025-08-12T09:16:00Z,28.349831666666667
2025-08-12T09:17:00Z,28.360716666666665
2025-08-12T09:18:00Z,28.36588
2025-08-12T09:19:00Z,28.370438333333333
2025-08-12T09:20:00Z,28.37956833333333
2025-08-12T09:21:00Z,28.3874
2025-08-12T09:22:00Z,28.39276
2025-08-12T09:23:00Z,28.39498
2025-08-12T09:24:00Z,28.398120000000002
2025-08-12T09:25:00Z,28.40281166666667
2025-08-12T09:26:00Z,28.410498333333333
2025-08-12T09:27:00Z,28.41739
2025-08-12T09:28:00Z,28.42582
2025-08-12T09:29:00Z,28.440805
2025-08-12T09:30:00Z,28.453628333333334
2025-08-12T09:31:00Z,28.465568333333334
2025-08-12T09:32:00Z,28.47552333333333
2025-08-12T09:33:00Z,28.481853333333333
2025-08-12T09:34:00Z,28.491093333333332
2025-08-12T09:35:00Z,28.497706666666666
2025-08-12T09:36:00Z,28.49501833333333
2025-08-12T09:37:00Z,28.496624999999998
2025-08-12T09:38:00Z,28.50052833333333
2025-08-12T09:39:00Z,28.503386666666668
2025-08-12T09:40:00Z,28.506621666666668
2025-08-12T09:41:00Z,28.519116666666665
2025-08-12T09:42:00Z,28.539658333333332
2025-08-12T09:43:00Z,28.5484
2025-08-12T09:44:00Z,28.560746666666667
2025-08-12T09:45:00Z,28.584638333333334
2025-08-12T09:46:00Z,28.608605
2025-08-12T09:47:00Z,28.619403333333334
2025-08-12T09:48:00Z,28.631755
2025-08-12T09:49:00Z,28.648795
2025-08-12T09:50:00Z,28.653193333333334
2025-08-12T09:51:00Z,28.654508333333332
2025-08-12T09:52:00Z,28.653026666666666
2025-08-12T09:53:00Z,28.658538333333333
2025-08-12T09:54:00Z,28.672795
2025-08-12T09:55:00Z,28.699523333333335
2025-08-12T09:56:00Z,28.733285
2025-08-12T09:57:00Z,28.75129
2025-08-12T09:58:00Z,28.81038
2025-08-12T09:59:00Z,28.859218333333335
2025-08-12T10:00:00Z,28.89577166666667
2025-08-12T10:01:00Z,28.917828333333333
2025-08-12T10:02:00Z,28.930406666666666
2025-08-12T10:03:00Z,28.949256666666667
2025-08-12T10:04:00Z,28.93507
2025-08-12T10:05:00Z,28.920131666666666
2025-08-12T10:06:00Z,28.898091666666666
2025-08-12T10:07:00Z,28.865736666666667
2025-08-12T10:08:00Z,28.839411666666667
2025-08-12T10:09:00Z,28.816653333333335
2025-08-12T10:10:00Z,28.80141
2025-08-12T10:11:00Z,28.809665
2025-08-12T10:12:00Z,28.814563333333336
2025-08-12T10:13:00Z,28.81354
2025-08-12T10:14:00Z,28.807996666666668
2025-08-12T10:15:00Z,28.797195
2025-08-12T10:16:00Z,28.78914
2025-08-12T10:17:00Z,28.779255
2025-08-12T10:18:00Z,28.769558333333332
2025-08-12T10:19:00Z,28.756881666666665
2025-08-12T10:20:00Z,28.75181333333333
2025-08-12T10:21:00Z,28.751516666666667
2025-08-12T10:22:00Z,28.753098333333334
2025-08-12T10:23:00Z,28.757335
2025-08-12T10:24:00Z,28.753621666666668
2025-08-12T10:25:00Z,28.745575
2025-08-12T10:26:00Z,28.737651666666668
2025-08-12T10:27:00Z,28.731943333333334
2025-08-12T10:28:00Z,28.728075
2025-08-12T10:29:00Z,28.72731333333333
2025-08-12T10:30:00Z,28.729358333333334
2025-08-12T10:31:00Z,28.72554333333333
2025-08-12T10:32:00Z,28.72305
2025-08-12T10:33:00Z,28.716886666666667
2025-08-12T10:34:00Z,28.713126666666668
2025-08-12T10:35:00Z,28.709506666666666
2025-08-12T10:36:00Z,28.705106666666666
2025-08-12T10:37:00Z,28.704301666666666
2025-08-12T10:38:00Z,28.70543
2025-08-12T10:39:00Z,28.701605
2025-08-12T10:40:00Z,28.692683333333335
2025-08-12T10:41:00Z,28.677738333333334
2025-08-12T10:42:00Z,28.67104666666667
2025-08-12T10:43:00Z,28.665513333333333
2025-08-12T10:44:00Z,28.659544999999998
2025-08-12T10:45:00Z,28.656803333333333
2025-08-12T10:46:00Z,28.66059333333333
2025-08-12T10:47:00Z,28.66299
2025-08-12T10:48:00Z,28.665418333333335
2025-08-12T10:49:00Z,28.666423333333334
2025-08-12T10:50:00Z,28.658353333333334
2025-08-12T10:51:00Z,28.648293333333335
2025-08-12T10:52:00Z,28.63721
2025-08-12T10:53:00Z,28.617185
2025-08-12T10:54:00Z,28.598593333333334
2025-08-12T10:55:00Z,28.583718333333334
2025-08-12T10:56:00Z,28.566556666666667
2025-08-12T10:57:00Z,28.552388333333333
2025-08-12T10:58:00Z,28.537608333333335
2025-08-12T10:59:00Z,28.519718333333334
2025-08-12T11:00:00Z,28.499153333333332
2025-08-12T11:01:00Z,28.473306666666666
2025-08-12T11:02:00Z,28.433858333333333
2025-08-12T11:03:00Z,28.39387333333333
2025-08-12T11:04:00Z,28.359056666666667
2025-08-12T11:05:00Z,28.3264
2025-08-12T11:06:00Z,28.297646666666665
2025-08-12T11:07:00Z,28.270393333333335
2025-08-12T11:08:00Z,28.249306666666666
2025-08-12T11:09:00Z,28.229353333333332
2025-08-12T11:10:00Z,28.213888333333333
2025-08-12T11:11:00Z,28.203409999999998
2025-08-12T11:12:00Z,28.193478333333335
2025-08-12T11:13:00Z,28.17817
2025-08-12T11:14:00Z,28.161076666666666
2025-08-12T11:15:00Z,28.14338
2025-08-12T11:16:00Z,28.131813333333334
2025-08-12T11:17:00Z,28.124686666666666
2025-08-12T11:18:00Z,28.11661833333333
2025-08-12T11:19:00Z,28.11111
2025-08-12T11:20:00Z,28.109201666666667
2025-08-12T11:21:00Z,28.104461666666666
2025-08-12T11:22:00Z,28.095876666666665
2025-08-12T11:23:00Z,28.08939
2025-08-12T11:24:00Z,28.083515
2025-08-12T11:25:00Z,28.075556666666664
2025-08-12T11:26:00Z,28.072178333333333
2025-08-12T11:27:00Z,28.070561666666666
2025-08-12T11:28:00Z,28.068825
2025-08-12T11:29:00Z,28.070165
2025-08-12T11:30:00Z,28.070631666666667
2025-08-12T11:31:00Z,28.06886
2025-08-12T11:32:00Z,28.064486666666667
2025-08-12T11:33:00Z,28.061346666666665
2025-08-12T11:34:00Z,28.060338333333334
2025-08-12T11:35:00Z,28.061225
2025-08-12T11:36:00Z,28.065451666666668
2025-08-12T11:37:00Z,28.064323333333334
2025-08-12T11:38:00Z,28.063945
2025-08-12T11:39:00Z,28.061635
2025-08-12T11:40:00Z,28.060013333333334
2025-08-12T11:41:00Z,28.057745
2025-08-12T11:42:00Z,28.056099999999997
2025-08-12T11:43:00Z,28.05641333333333
2025-08-12T11:44:00Z,28.057676666666666
2025-08-12T11:45:00Z,28.061871666666665
2025-08-12T11:46:00Z,28.067975
2025-08-12T11:47:00Z,28.076975
2025-08-12T11:48:00Z,28.08479
2025-08-12T11:49:00Z,28.091491666666666
2025-08-12T11:50:00Z,28.09704
2025-08-12T11:51:00Z,28.097745
2025-08-12T11:52:00Z,28.095098333333333
2025-08-12T11:53:00Z,28.092378333333336
2025-08-12T11:54:00Z,28.09198166666667
2025-08-12T11:55:00Z,28.088686666666668
2025-08-12T11:56:00Z,28.084335
2025-08-12T11:57:00Z,28.081471666666665
2025-08-12T11:58:00Z,28.079756666666665
2025-08-12T11:59:00Z,28.080825
2025-08-12T12:00:00Z,28.08574
2025-08-12T12:01:00Z,28.089296666666666
2025-08-12T12:02:00Z,28.091810000000002
2025-08-12T12:03:00Z,28.096045
2025-08-12T12:04:00Z,28.100196666666665
2025-08-12T12:05:00Z,28.103186666666666
2025-08-12T12:06:00Z,28.097966666666665
2025-08-12T12:07:00Z,28.095103333333334
2025-08-12T12:08:00Z,28.09358166666667
2025-08-12T12:09:00Z,28.09339
2025-08-12T12:10:00Z,28.095580000000002
2025-08-12T12:11:00Z,28.093631666666667
2025-08-12T12:12:00Z,28.09103
2025-08-12T12:13:00Z,28.09352666666667
2025-08-12T12:14:00Z,28.09752
2025-08-12T12:15:00Z,28.097965
2025-08-12T12:16:00Z,28.097845
2025-08-12T12:17:00Z,28.098966666666666
2025-08-12T12:18:00Z,28.102508333333333
2025-08-12T12:19:00Z,28.108426666666666
2025-08-12T12:20:00Z,28.11085166666667
2025-08-12T12:21:00Z,28.11033
2025-08-12T12:22:00Z,28.110478333333333
2025-08-12T12:23:00Z,28.112185
2025-08-12T12:24:00Z,28.111095000000002
2025-08-12T12:25:00Z,28.11324
2025-08-12T12:26:00Z,28.118686666666665
2025-08-12T12:27:00Z,28.123991666666665
2025-08-12T12:28:00Z,28.129895
2025-08-12T12:29:00Z,28.135831666666668
2025-08-12T12:30:00Z,28.14088333333333
2025-08-12T12:31:00Z,28.14632
2025-08-12T12:32:00Z,28.15178166666667
2025-08-12T12:33:00Z,28.154576666666667
2025-08-12T12:34:00Z,28.157893333333334
2025-08-12T12:35:00Z,28.16454333333333
2025-08-12T12:36:00Z,28.169935
2025-08-12T12:37:00Z,28.17903
2025-08-12T12:38:00Z,28.194906666666668
2025-08-12T12:39:00Z,28.20792833333333
2025-08-12T12:40:00Z,28.2164
2025-08-12T12:41:00Z,28.222435
2025-08-12T12:42:00Z,28.228973333333332
2025-08-12T12:43:00Z,28.234721666666665
2025-08-12T12:44:00Z,28.243788333333335
2025-08-12T12:45:00Z,28.25438833333333
2025-08-12T12:46:00Z,28.264051666666667
2025-08-12T12:47:00Z,28.274953333333332
2025-08-12T12:48:00Z,28.28397
2025-08-12T12:49:00Z,28.290748333333333
2025-08-12T12:50:00Z,28.29929
2025-08-12T12:51:00Z,28.311128333333333
2025-08-12T12:52:00Z,28.326773333333332
2025-08-12T12:53:00Z,28.348548333333333
2025-08-12T12:54:00Z,28.36766666666667
2025-08-12T12:55:00Z,28.383525
2025-08-12T12:56:00Z,28.387764999999998
2025-08-12T12:57:00Z,28.387425
2025-08-12T12:58:00Z,28.389541666666666
2025-08-12T12:59:00Z,28.402648333333335
2025-08-12T13:00:00Z,28.417658333333335
2025-08-12T13:01:00Z,28.419568333333334
2025-08-12T13:02:00Z,28.426064999999998
2025-08-12T13:03:00Z,28.430253333333333
2025-08-12T13:04:00Z,28.433443333333333
2025-08-12T13:05:00Z,28.437985
2025-08-12T13:06:00Z,28.443183333333334
2025-08-12T13:07:00Z,28.447246666666665
2025-08-12T13:08:00Z,28.454411666666665
2025-08-12T13:09:00Z,28.462923333333332
2025-08-12T13:10:00Z,28.47009
2025-08-12T13:11:00Z,28.476141666666667
2025-08-12T13:12:00Z,28.476758333333333
2025-08-12T13:13:00Z,28.477906666666666
2025-08-12T13:14:00Z,28.483966666666667
2025-08-12T13:15:00Z,28.49682
2025-08-12T13:16:00Z,28.508408333333335
2025-08-12T13:17:00Z,28.517073333333332
2025-08-12T13:18:00Z,28.522961666666667
2025-08-12T13:19:00Z,28.526318333333332
2025-08-12T13:20:00Z,28.52837
2025-08-12T13:21:00Z,28.530003333333333
2025-08-12T13:22:00Z,28.527473333333333
2025-08-12T13:23:00Z,28.525661666666668
2025-08-12T13:24:00Z,28.52339
2025-08-12T13:25:00Z,28.518736666666666
2025-08-12T13:26:00Z,28.512778333333333
2025-08-12T13:27:00Z,28.506078333333335
2025-08-12T13:28:00Z,28.500886666666666
2025-08-12T13:29:00Z,28.498818333333332
2025-08-12T13:30:00Z,28.49730333333333
2025-08-12T13:31:00Z,28.496951666666664
2025-08-12T13:32:00Z,28.49797
2025-08-12T13:33:00Z,28.49567833333333
2025-08-12T13:34:00Z,28.492246666666666
2025-08-12T13:35:00Z,28.490241666666666
2025-08-12T13:36:00Z,28.48843666666667
2025-08-12T13:37:00Z,28.48463
2025-08-12T13:38:00Z,28.481276666666666
2025-08-12T13:39:00Z,28.477688333333333
2025-08-12T13:40:00Z,28.473606666666665
2025-08-12T13:41:00Z,28.47115833333333
2025-08-12T13:42:00Z,28.470851666666665
2025-08-12T13:43:00Z,28.469455
2025-08-12T13:44:00Z,28.469011666666667
2025-08-12T13:45:00Z,28.471138333333332
2025-08-12T13:46:00Z,28.477381666666666
2025-08-12T13:47:00Z,28.483653333333333
2025-08-12T13:48:00Z,28.489856666666668
2025-08-12T13:49:00Z,28.494541666666667
2025-08-12T13:50:00Z,28.49674
2025-08-12T13:51:00Z,28.49546833333333
2025-08-12T13:52:00Z,28.49209833333333
2025-08-12T13:53:00Z,28.489071666666668
2025-08-12T13:54:00Z,28.487021666666667
2025-08-12T13:55:00Z,28.485158333333334
2025-08-12T13:56:00Z,28.48411
2025-08-12T13:57:00Z,28.482266666666668
2025-08-12T13:58:00Z,28.480595
2025-08-12T13:59:00Z,28.479226666666666
2025-08-12T14:00:00Z,28.4805
2025-08-12T14:01:00Z,28.48186666666667
2025-08-12T14:02:00Z,28.483011666666666
2025-08-12T14:03:00Z,28.483488333333334
2025-08-12T14:04:00Z,28.486060000000002
2025-08-12T14:05:00Z,28.48580666666667
2025-08-12T14:06:00Z,28.485306666666666
2025-08-12T14:07:00Z,28.485998333333335
2025-08-12T14:08:00Z,28.48757
2025-08-12T14:09:00Z,28.49026
2025-08-12T14:10:00Z,28.491251666666667
2025-08-12T14:11:00Z,28.493873333333333
2025-08-12T14:12:00Z,28.494059999999998
2025-08-12T14:13:00Z,28.493145
2025-08-12T14:14:00Z,28.494588333333333
2025-08-12T14:15:00Z,28.497898333333332
2025-08-12T14:16:00Z,28.501415
2025-08-12T14:17:00Z,28.504045
2025-08-12T14:18:00Z,28.506318333333333
2025-08-12T14:19:00Z,28.507303333333333
2025-08-12T14:20:00Z,28.50681
2025-08-12T14:21:00Z,28.50909
2025-08-12T14:22:00Z,28.511096666666667
2025-08-12T14:23:00Z,28.511813333333336
2025-08-12T14:24:00Z,28.51233666666667
2025-08-12T14:25:00Z,28.515346666666666
2025-08-12T14:26:00Z,28.51737333333333
2025-08-12T14:27:00Z,28.518941666666667
2025-08-12T14:28:00Z,28.521316666666667
2025-08-12T14:29:00Z,28.52332
2025-08-12T14:30:00Z,28.525868333333335
2025-08-12T14:31:00Z,28.528713333333332
2025-08-12T14:32:00Z,28.531245000000002
2025-08-12T14:33:00Z,28.532295
2025-08-12T14:34:00Z,28.533748333333335
2025-08-12T14:35:00Z,28.53717
2025-08-12T14:36:00Z,28.542366666666666
2025-08-12T14:37:00Z,28.54533
2025-08-12T14:38:00Z,28.547473333333333
2025-08-12T14:39:00Z,28.549905
2025-08-12T14:40:00Z,28.550693333333335
2025-08-12T14:41:00Z,28.555371666666666
2025-08-12T14:42:00Z,28.559063333333334
2025-08-12T14:43:00Z,28.563219999999998
2025-08-12T14:44:00Z,28.563225
2025-08-12T14:45:00Z,28.563948333333332
2025-08-12T14:46:00Z,28.567851666666666
2025-08-12T14:47:00Z,28.57816
2025-08-12T14:48:00Z,28.591345
2025-08-12T14:49:00Z,28.603653333333334
2025-08-12T14:50:00Z,28.61662
2025-08-12T14:51:00Z,28.626215000000002
2025-08-12T14:52:00Z,28.62942
2025-08-12T14:53:00Z,28.63106833333333
2025-08-12T14:54:00Z,28.634371666666667
2025-08-12T14:55:00Z,28.641403333333333
2025-08-12T14:56:00Z,28.645153333333333
2025-08-12T14:57:00Z,28.643056666666666
2025-08-12T14:58:00Z,28.6387
2025-08-12T14:59:00Z,28.6347
2025-08-12T15:00:00Z,28.630213333333334
2025-08-12T15:01:00Z,28.627013333333334
2025-08-12T15:02:00Z,28.62421666666667
2025-08-12T15:03:00Z,28.625215
2025-08-12T15:04:00Z,28.625523333333334
2025-08-12T15:05:00Z,28.626338333333333
2025-08-12T15:06:00Z,28.628471666666666
2025-08-12T15:07:00Z,28.628896666666666
2025-08-12T15:08:00Z,28.629959999999997
2025-08-12T15:09:00Z,28.629863333333333
2025-08-12T15:10:00Z,28.629943333333333
2025-08-12T15:11:00Z,28.630378333333333
2025-08-12T15:12:00Z,28.630771666666664
2025-08-12T15:13:00Z,28.630713333333333
2025-08-12T15:14:00Z,28.632071666666665
2025-08-12T15:15:00Z,28.634505
2025-08-12T15:16:00Z,28.635953333333333
2025-08-12T15:17:00Z,28.639636666666668
2025-08-12T15:18:00Z,28.64213
2025-08-12T15:19:00Z,28.643221666666665
2025-08-12T15:20:00Z,28.643671666666666
2025-08-12T15:21:00Z,28.643335
2025-08-12T15:22:00Z,28.64239
2025-08-12T15:23:00Z,28.64253
2025-08-12T15:24:00Z,28.641073333333335
2025-08-12T15:25:00Z,28.64056666666667
2025-08-12T15:26:00Z,28.642341666666667
2025-08-12T15:27:00Z,28.646065
2025-08-12T15:28:00Z,28.64914166666667
2025-08-12T15:29:00Z,28.651258333333335
2025-08-12T15:30:00Z,28.650783333333333
2025-08-12T15:31:00Z,28.652005
2025-08-12T15:32:00Z,28.65475
2025-08-12T15:33:00Z,28.657014999999998
2025-08-12T15:34:00Z,28.659026666666666
2025-08-12T15:35:00Z,28.658945
2025-08-12T15:36:00Z,28.661716666666667
2025-08-12T15:37:00Z,28.665856666666667
2025-08-12T15:38:00Z,28.66831
2025-08-12T15:39:00Z,28.67301666666667
2025-08-12T15:40:00Z,28.678435
2025-08-12T15:41:00Z,28.680598333333332
2025-08-12T15:42:00Z,28.684021666666666
2025-08-12T15:43:00Z,28.68392
2025-08-12T15:44:00Z,28.68559
2025-08-12T15:45:00Z,28.687695
2025-08-12T15:46:00Z,28.68909
2025-08-12T15:47:00Z,28.69071
2025-08-12T15:48:00Z,28.695315
2025-08-12T15:49:00Z,28.696070000000002
2025-08-12T15:50:00Z,28.696981666666666
2025-08-12T15:51:00Z,28.699485
2025-08-12T15:52:00Z,28.70075
2025-08-12T15:53:00Z,28.702978333333334
2025-08-12T15:54:00Z,28.703126666666666
2025-08-12T15:55:00Z,28.702471666666664
2025-08-12T15:56:00Z,28.70473833333333
2025-08-12T15:57:00Z,28.705698333333334
2025-08-12T15:58:00Z,28.709258333333334
2025-08-12T15:59:00Z,28.710095
2025-08-12T16:00:00Z,28.707345
2025-08-12T16:01:00Z,28.704146666666666
2025-08-12T16:02:00Z,28.702109999999998
2025-08-12T16:03:00Z,28.701986666666667
2025-08-12T16:04:00Z,28.704438333333332
2025-08-12T16:05:00Z,28.705545
2025-08-12T16:06:00Z,28.705928333333333
2025-08-12T16:07:00Z,28.705759999999998
2025-08-12T16:08:00Z,28.706603333333334
2025-08-12T16:09:00Z,28.707475
2025-08-12T16:10:00Z,28.70866
2025-08-12T16:11:00Z,28.710066666666666
2025-08-12T16:12:00Z,28.71223
2025-08-12T16:13:00Z,28.712746666666668
2025-08-12T16:14:00Z,28.713865000000002
2025-08-12T16:15:00Z,28.715345
2025-08-12T16:16:00Z,28.71463
2025-08-12T16:17:00Z,28.712481666666665
2025-08-12T16:18:00Z,28.709038333333332
2025-08-12T16:19:00Z,28.70502833333333
2025-08-12T16:20:00Z,28.704081666666667
2025-08-12T16:21:00Z,28.704034999999998
2025-08-12T16:22:00Z,28.706191666666665
2025-08-12T16:23:00Z,28.707271666666667
2025-08-12T16:24:00Z,28.70675
2025-08-12T16:25:00Z,28.706413333333334
2025-08-12T16:26:00Z,28.70769
2025-08-12T16:27:00Z,28.708875
2025-08-12T16:28:00Z,28.710513333333335
2025-08-12T16:29:00Z,28.710326666666667
2025-08-12T16:30:00Z,28.706508333333332
2025-08-12T16:31:00Z,28.703603333333334
2025-08-12T16:32:00Z,28.701385
2025-08-12T16:33:00Z,28.70059
2025-08-12T16:34:00Z,28.695965
2025-08-12T16:35:00Z,28.690851666666667
2025-08-12T16:36:00Z,28.686428333333332
2025-08-12T16:37:00Z,28.68225
2025-08-12T16:38:00Z,28.678483333333332
2025-08-12T16:39:00Z,28.676495
2025-08-12T16:40:00Z,28.675338333333332
2025-08-12T16:41:00Z,28.67243666666667
2025-08-12T16:42:00Z,28.669330000000002
2025-08-12T16:43:00Z,28.66938
2025-08-12T16:44:00Z,28.669956666666668
2025-08-12T16:45:00Z,28.669913333333334
2025-08-12T16:46:00Z,28.669428333333336
2025-08-12T16:47:00Z,28.669955
2025-08-12T16:48:00Z,28.670826666666667
2025-08-12T16:49:00Z,28.671771666666668
2025-08-12T16:50:00Z,28.672433333333334
2025-08-12T16:51:00Z,28.673465
2025-08-12T16:52:00Z,28.675741666666667
2025-08-12T16:53:00Z,28.677241666666667
2025-08-12T16:54:00Z,28.679961666666667
2025-08-12T16:55:00Z,28.681728333333332
2025-08-12T16:56:00Z,28.680318333333332
2025-08-12T16:57:00Z,28.679158333333334
2025-08-12T16:58:00Z,28.677936666666664
2025-08-12T16:59:00Z,28.676406666666665
2025-08-12T17:00:00Z,28.675475
2025-08-12T17:01:00Z,28.673975000000002
2025-08-12T17:02:00Z,28.673076666666667
2025-08-12T17:03:00Z,28.67241166666667
2025-08-12T17:04:00Z,28.672225
2025-08-12T17:05:00Z,28.670986666666668
2025-08-12T17:06:00Z,28.669595
2025-08-12T17:07:00Z,28.667661666666667
2025-08-12T17:08:00Z,28.666575
2025-08-12T17:09:00Z,28.66525
2025-08-12T17:10:00Z,28.665785
2025-08-12T17:11:00Z,28.666283333333332
2025-08-12T17:12:00Z,28.666668333333334
2025-08-12T17:13:00Z,28.666281666666666
2025-08-12T17:14:00Z,28.666168333333335
2025-08-12T17:15:00Z,28.664408333333334
2025-08-12T17:16:00Z,28.663265
2025-08-12T17:17:00Z,28.662399999999998
2025-08-12T17:18:00Z,28.661698333333334
2025-08-12T17:19:00Z,28.66266
2025-08-12T17:20:00Z,28.663623333333334
2025-08-12T17:21:00Z,28.66467
2025-08-12T17:22:00Z,28.665776666666666
2025-08-12T17:23:00Z,28.666545
2025-08-12T17:24:00Z,28.66766
2025-08-12T17:25:00Z,28.668543333333336
2025-08-12T17:26:00Z,28.671511666666667
2025-08-12T17:27:00Z,28.673948333333335
2025-08-12T17:28:00Z,28.67643
2025-08-12T17:29:00Z,28.680715
2025-08-12T17:30:00Z,28.684228333333333
2025-08-12T17:31:00Z,28.68997
2025-08-12T17:32:00Z,28.694626666666668
2025-08-12T17:33:00Z,28.697375
2025-08-12T17:34:00Z,28.69818666666667
2025-08-12T17:35:00Z,28.698711666666668
2025-08-12T17:36:00Z,28.699881666666666
2025-08-12T17:37:00Z,28.70149
2025-08-12T17:38:00Z,28.703956666666667
2025-08-12T17:39:00Z,28.706728333333334
2025-08-12T17:40:00Z,28.71009
2025-08-12T17:41:00Z,28.713486666666668
2025-08-12T17:42:00Z,28.715400000000002
2025-08-12T17:43:00Z,28.717543333333335
2025-08-12T17:44:00Z,28.719613333333335
2025-08-12T17:45:00Z,28.720663333333334
2025-08-12T17:46:00Z,28.721486666666667
2025-08-12T17:47:00Z,28.72327
2025-08-12T17:48:00Z,28.726015
2025-08-12T17:49:00Z,28.73029
2025-08-12T17:50:00Z,28.734308333333335
2025-08-12T17:51:00Z,28.73815
2025-08-12T17:52:00Z,28.741521666666667
2025-08-12T17:53:00Z,28.745338333333333
2025-08-12T17:54:00Z,28.748083333333334
2025-08-12T17:55:00Z,28.75121
2025-08-12T17:56:00Z,28.75434
2025-08-12T17:57:00Z,28.756826666666665
2025-08-12T17:58:00Z,28.759541666666667
2025-08-12T17:59:00Z,28.7623
2025-08-12T18:00:00Z,28.76511
2025-08-12T18:01:00Z,28.766243333333335
2025-08-12T18:02:00Z,28.768603333333335
2025-08-12T18:03:00Z,28.771516666666667
2025-08-12T18:04:00Z,28.774186666666665
2025-08-12T18:05:00Z,28.776625
2025-08-12T18:06:00Z,28.779101666666666
2025-08-12T18:07:00Z,28.781445
2025-08-12T18:08:00Z,28.784838333333333
2025-08-12T18:09:00Z,28.788351666666667
2025-08-12T18:10:00Z,28.794864999999998
2025-08-12T18:11:00Z,28.801606666666665
2025-08-12T18:12:00Z,28.805143333333334
2025-08-12T18:13:00Z,28.80656
2025-08-12T18:14:00Z,28.808421666666668
2025-08-12T18:15:00Z,28.81082
2025-08-12T18:16:00Z,28.81161
2025-08-12T18:17:00Z,28.813755
2025-08-12T18:18:00Z,28.815185
2025-08-12T18:19:00Z,28.81428
2025-08-12T18:20:00Z,28.813633333333335
2025-08-12T18:21:00Z,28.814948333333334
2025-08-12T18:22:00Z,28.815648333333332
2025-08-12T18:23:00Z,28.817271666666667
2025-08-12T18:24:00Z,28.817225
2025-08-12T18:25:00Z,28.816951666666665
2025-08-12T18:26:00Z,28.816461666666665
2025-08-12T18:27:00Z,28.81696833333333
2025-08-12T18:28:00Z,28.819223333333333
2025-08-12T18:29:00Z,28.819276666666667
2025-08-12T18:30:00Z,28.819661666666665
2025-08-12T18:31:00Z,28.820449999999997
2025-08-12T18:32:00Z,28.821541666666665
2025-08-12T18:33:00Z,28.822926666666667
2025-08-12T18:34:00Z,28.825773333333334
2025-08-12T18:35:00Z,28.826413333333335
2025-08-12T18:36:00Z,28.826251666666668
2025-08-12T18:37:00Z,28.828143333333333
2025-08-12T18:38:00Z,28.829736666666665
2025-08-12T18:39:00Z,28.831888333333335
2025-08-12T18:40:00Z,28.83265
2025-08-12T18:41:00Z,28.83425666666667
2025-08-12T18:42:00Z,28.83639666666667
2025-08-12T18:43:00Z,28.837155000000003
2025-08-12T18:44:00Z,28.84032
2025-08-12T18:45:00Z,28.844646666666666
2025-08-12T18:46:00Z,28.848423333333333
2025-08-12T18:47:00Z,28.853728333333333
2025-08-12T18:48:00Z,28.858433333333334
2025-08-12T18:49:00Z,28.863423333333333
2025-08-12T18:50:00Z,28.86623833333333
2025-08-12T18:51:00Z,28.865093333333334
2025-08-12T18:52:00Z,28.862558333333336
2025-08-12T18:53:00Z,28.861040000000003
2025-08-12T18:54:00Z,28.859218333333335
2025-08-12T18:55:00Z,28.85826
2025-08-12T18:56:00Z,28.857210000000002
2025-08-12T18:57:00Z,28.856965000000002
2025-08-12T18:58:00Z,28.855848333333334
2025-08-12T18:59:00Z,28.85606166666667
2025-08-12T19:00:00Z,28.856348333333333
2025-08-12T19:01:00Z,28.855401666666666
2025-08-12T19:02:00Z,28.855111666666666
2025-08-12T19:03:00Z,28.854255000000002
2025-08-12T19:04:00Z,28.854128333333335
2025-08-12T19:05:00Z,28.852771666666666
2025-08-12T19:06:00Z,28.85231
2025-08-12T19:07:00Z,28.852213333333335
2025-08-12T19:08:00Z,28.851695
2025-08-12T19:09:00Z,28.851745
2025-08-12T19:10:00Z,28.851338333333334
2025-08-12T19:11:00Z,28.851161666666666
2025-08-12T19:12:00Z,28.850188333333332
2025-08-12T19:13:00Z,28.849783333333335
2025-08-12T19:14:00Z,28.84930333333333
2025-08-12T19:15:00Z,28.849781666666665
2025-08-12T19:16:00Z,28.850735
2025-08-12T19:17:00Z,28.851488333333332
2025-08-12T19:18:00Z,28.853123333333333
2025-08-12T19:19:00Z,28.85537
2025-08-12T19:20:00Z,28.858693333333335
2025-08-12T19:21:00Z,28.862466666666666
2025-08-12T19:22:00Z,28.862898333333334
2025-08-12T19:23:00Z,28.861845000000002
2025-08-12T19:24:00Z,28.861295000000002
2025-08-12T19:25:00Z,28.862875000000003
2025-08-12T19:26:00Z,28.864523333333334
2025-08-12T19:27:00Z,28.866711666666667
2025-08-12T19:28:00Z,28.868153333333332
2025-08-12T19:29:00Z,28.869346666666665
2025-08-12T19:30:00Z,28.870873333333332
2025-08-12T19:31:00Z,28.871288333333332
2025-08-12T19:32:00Z,28.872123333333334
2025-08-12T19:33:00Z,28.87217
2025-08-12T19:34:00Z,28.872153333333333
2025-08-12T19:35:00Z,28.873361666666668
2025-08-12T19:36:00Z,28.873433333333335
2025-08-12T19:37:00Z,28.875006666666668
2025-08-12T19:38:00Z,28.876523333333335
2025-08-12T19:39:00Z,28.87697
2025-08-12T19:40:00Z,28.87745
2025-08-12T19:41:00Z,28.87759
2025-08-12T19:42:00Z,28.877523333333333
2025-08-12T19:43:00Z,28.880335000000002
2025-08-12T19:44:00Z,28.88055
2025-08-12T19:45:00Z,28.880293333333334
2025-08-12T19:46:00Z,28.879896666666667
2025-08-12T19:47:00Z,28.87906166666667
2025-08-12T19:48:00Z,28.879735
2025-08-12T19:49:00Z,28.87952
2025-08-12T19:50:00Z,28.87904
2025-08-12T19:51:00Z,28.878778333333333
2025-08-12T19:52:00Z,28.878425
2025-08-12T19:53:00Z,28.877193333333334
2025-08-12T19:54:00Z,28.875861666666665
2025-08-12T19:55:00Z,28.87448
2025-08-12T19:56:00Z,28.872526666666666
2025-08-12T19:57:00Z,28.871403333333333
2025-08-12T19:58:00Z,28.868846666666666
2025-08-12T19:59:00Z,28.864378333333335
2025-08-12T20:00:00Z,28.859718333333333
2025-08-12T20:01:00Z,28.856086666666666
2025-08-12T20:02:00Z,28.853293333333333
2025-08-12T20:03:00Z,28.851388333333333
2025-08-12T20:04:00Z,28.849948333333334
2025-08-12T20:05:00Z,28.84854
2025-08-12T20:06:00Z,28.84808333333333
2025-08-12T20:07:00Z,28.847778333333334
2025-08-12T20:08:00Z,28.847581666666667
2025-08-12T20:09:00Z,28.847963333333333
2025-08-12T20:10:00Z,28.84818
2025-08-12T20:11:00Z,28.848251666666666
2025-08-12T20:12:00Z,28.849253333333333
2025-08-12T20:13:00Z,28.849856666666668
2025-08-12T20:14:00Z,28.850603333333332
2025-08-12T20:15:00Z,28.852025
2025-08-12T20:16:00Z,28.854016666666666
2025-08-12T20:17:00Z,28.856063333333335
2025-08-12T20:18:00Z,28.85666
2025-08-12T20:19:00Z,28.856643333333334
2025-08-12T20:20:00Z,28.855806666666666
2025-08-12T20:21:00Z,28.856045
2025-08-12T20:22:00Z,28.856253333333335
2025-08-12T20:23:00Z,28.856303333333333
2025-08-12T20:24:00Z,28.856831666666668
2025-08-12T20:25:00Z,28.856853333333333
2025-08-12T20:26:00Z,28.856703333333336
2025-08-12T20:27:00Z,28.857038333333335
2025-08-12T20:28:00Z,28.857066666666668
2025-08-12T20:29:00Z,28.856993333333335
2025-08-12T20:30:00Z,28.85747
2025-08-12T20:31:00Z,28.857566666666667
2025-08-12T20:32:00Z,28.857733333333336
2025-08-12T20:33:00Z,28.857615000000003
2025-08-12T20:34:00Z,28.857403333333334
2025-08-12T20:35:00Z,28.85706
2025-08-12T20:36:00Z,28.85616166666667
2025-08-12T20:37:00Z,28.855405
2025-08-12T20:38:00Z,28.854926666666668
2025-08-12T20:39:00Z,28.854491666666668
2025-08-12T20:40:00Z,28.854203333333334
2025-08-12T20:41:00Z,28.854681666666668
2025-08-12T20:42:00Z,28.855596666666667
2025-08-12T20:43:00Z,28.855823333333333
2025-08-12T20:44:00Z,28.857451666666666
2025-08-12T20:45:00Z,28.857703333333333
2025-08-12T20:46:00Z,28.858551666666667
2025-08-12T20:47:00Z,28.85891
2025-08-12T20:48:00Z,28.859393333333333
2025-08-12T20:49:00Z,28.859268333333336
2025-08-12T20:50:00Z,28.85891
2025-08-12T20:51:00Z,28.857826666666668
2025-08-12T20:52:00Z,28.854988333333335
2025-08-12T20:53:00Z,28.851595
2025-08-12T20:54:00Z,28.848723333333332
2025-08-12T20:55:00Z,28.84696
2025-08-12T20:56:00Z,28.845625
2025-08-12T20:57:00Z,28.845985
2025-08-12T20:58:00Z,28.847093333333333
2025-08-12T20:59:00Z,28.846778333333333
2025-08-12T21:00:00Z,28.846685
2025-08-12T21:01:00Z,28.846895
2025-08-12T21:02:00Z,28.84797
2025-08-12T21:03:00Z,28.848996666666665
2025-08-12T21:04:00Z,28.849131666666665
2025-08-12T21:05:00Z,28.848724999999998
2025-08-12T21:06:00Z,28.8482
2025-08-12T21:07:00Z,28.847588333333334
2025-08-12T21:08:00Z,28.84649
2025-08-12T21:09:00Z,28.844956666666665
2025-08-12T21:10:00Z,28.844833333333334
2025-08-12T21:11:00Z,28.844591666666666
2025-08-12T21:12:00Z,28.844571666666667
2025-08-12T21:13:00Z,28.84464
2025-08-12T21:14:00Z,28.844234999999998
2025-08-12T21:15:00Z,28.844403333333332
2025-08-12T21:16:00Z,28.844571666666667
2025-08-12T21:17:00Z,28.844741666666664
2025-08-12T21:18:00Z,28.845101666666665
2025-08-12T21:19:00Z,28.845288333333333
2025-08-12T21:20:00Z,28.846706666666666
2025-08-12T21:21:00Z,28.847369999999998
2025-08-12T21:22:00Z,28.84793833333333
2025-08-12T21:23:00Z,28.848626666666668
2025-08-12T21:24:00Z,28.848556666666667
2025-08-12T21:25:00Z,28.84841833333333
2025-08-12T21:26:00Z,28.848628333333334
2025-08-12T21:27:00Z,28.848941666666665
2025-08-12T21:28:00Z,28.848395
2025-08-12T21:29:00Z,28.848223333333333
2025-08-12T21:30:00Z,28.84827333333333
2025-08-12T21:31:00Z,28.847915
2025-08-12T21:32:00Z,28.847373333333334
2025-08-12T21:33:00Z,28.846943333333332
2025-08-12T21:34:00Z,28.845845
2025-08-12T21:35:00Z,28.845388333333332
2025-08-12T21:36:00Z,28.84504833333333
2025-08-12T21:37:00Z,28.844881666666666
2025-08-12T21:38:00Z,28.844736666666666
2025-08-12T21:39:00Z,28.845031666666667
2025-08-12T21:40:00Z,28.845413333333333
2025-08-12T21:41:00Z,28.84519333333333
2025-08-12T21:42:00Z,28.845095
2025-08-12T21:43:00Z,28.84504833333333
2025-08-12T21:44:00Z,28.844594999999998
2025-08-12T21:45:00Z,28.84430833333333
2025-08-12T21:46:00Z,28.844856666666665
2025-08-12T21:47:00Z,28.845053333333333
2025-08-12T21:48:00Z,28.844665
2025-08-12T21:49:00Z,28.845121666666667
2025-08-12T21:50:00Z,28.845213333333334
2025-08-12T21:51:00Z,28.845163333333332
2025-08-12T21:52:00Z,28.845891666666667
2025-08-12T21:53:00Z,28.845793333333333
2025-08-12T21:54:00Z,28.846318333333333
2025-08-12T21:55:00Z,28.846655
2025-08-12T21:56:00Z,28.846895
2025-08-12T21:57:00Z,28.846798333333332
2025-08-12T21:58:00Z,28.847088333333332
2025-08-12T21:59:00Z,28.84711
2025-08-12T22:00:00Z,28.846968333333333
2025-08-12T22:01:00Z,28.847105
2025-08-12T22:02:00Z,28.84681833333333
2025-08-12T22:03:00Z,28.847133333333332
2025-08-12T22:04:00Z,28.847916666666666
2025-08-12T22:05:00Z,28.847463333333334
2025-08-12T22:06:00Z,28.84813833333333
2025-08-12T22:07:00Z,28.848845
2025-08-12T22:08:00Z,28.849428333333332
2025-08-12T22:09:00Z,28.84995
2025-08-12T22:10:00Z,28.850746666666666
2025-08-12T22:11:00Z,28.851881666666667
2025-08-12T22:12:00Z,28.852528333333332
2025-08-12T22:13:00Z,28.85348
2025-08-12T22:14:00Z,28.854321666666667
2025-08-12T22:15:00Z,28.854271666666666
2025-08-12T22:16:00Z,28.855083333333333
2025-08-12T22:17:00Z,28.856376666666666
2025-08-12T22:18:00Z,28.85831
2025-08-12T22:19:00Z,28.858191666666666
2025-08-12T22:20:00Z,28.857585
2025-08-12T22:21:00Z,28.857805000000003
2025-08-12T22:22:00Z,28.857688333333336
2025-08-12T22:23:00Z,28.857301666666668
2025-08-12T22:24:00Z,28.857466666666667
2025-08-12T22:25:00Z,28.857518333333335
2025-08-12T22:26:00Z,28.857373333333335
2025-08-12T22:27:00Z,28.857590000000002
2025-08-12T22:28:00Z,28.85761666666667
2025-08-12T22:29:00Z,28.857255000000002
2025-08-12T22:30:00Z,28.857731666666666
2025-08-12T22:31:00Z,28.857565
2025-08-12T22:32:00Z,28.857258333333334
2025-08-12T22:33:00Z,28.85704
2025-08-12T22:34:00Z,28.857355000000002
2025-08-12T22:35:00Z,28.857105
2025-08-12T22:36:00Z,28.85776166666667
2025-08-12T22:37:00Z,28.857755
2025-08-12T22:38:00Z,28.857575
2025-08-12T22:39:00Z,28.857663333333335
2025-08-12T22:40:00Z,28.858403333333335
2025-08-12T22:41:00Z,28.859515000000002
2025-08-12T22:42:00Z,28.8607
2025-08-12T22:43:00Z,28.86150166666667
2025-08-12T22:44:00Z,28.862558333333336
2025-08-12T22:45:00Z,28.862558333333336
2025-08-12T22:46:00Z,28.86462
2025-08-12T22:47:00Z,28.866451666666666
2025-08-12T22:48:00Z,28.86507
2025-08-12T22:49:00Z,28.863976666666666
2025-08-12T22:50:00Z,28.862895
2025-08-12T22:51:00Z,28.862958333333335
2025-08-12T22:52:00Z,28.862925
2025-08-12T22:53:00Z,28.864288333333334
2025-08-12T22:54:00Z,28.866045
2025-08-12T22:55:00Z,28.867031666666666
2025-08-12T22:56:00Z,28.868705
2025-08-12T22:57:00Z,28.870055
2025-08-12T22:58:00Z,28.870536666666666
2025-08-12T22:59:00Z,28.87051333333333
2025-08-12T23:00:00Z,28.871401666666667
2025-08-12T23:01:00Z,28.872143333333334
2025-08-12T23:02:00Z,28.871861666666668
2025-08-12T23:03:00Z,28.872073333333333
2025-08-12T23:04:00Z,28.872246666666666
2025-08-12T23:05:00Z,28.874438333333334
2025-08-12T23:06:00Z,28.87869166666667
2025-08-12T23:07:00Z,28.882886666666668
2025-08-12T23:08:00Z,28.885550000000002
2025-08-12T23:09:00Z,28.88900333333333
2025-08-12T23:10:00Z,28.89270833333333
2025-08-12T23:11:00Z,28.896193333333333
2025-08-12T23:12:00Z,28.89842
2025-08-12T23:13:00Z,28.899683333333332
2025-08-12T23:14:00Z,28.90121
2025-08-12T23:15:00Z,28.902105
2025-08-12T23:16:00Z,28.904228333333332
2025-08-12T23:17:00Z,28.905826666666666
2025-08-12T23:18:00Z,28.907506666666666
2025-08-12T23:19:00Z,28.910458333333334
2025-08-12T23:20:00Z,28.913991666666664
2025-08-12T23:21:00Z,28.919036666666667
2025-08-12T23:22:00Z,28.92431
2025-08-12T23:23:00Z,28.928883333333335
2025-08-12T23:24:00Z,28.930305
2025-08-12T23:25:00Z,28.931483333333336
2025-08-12T23:26:00Z,28.931023333333336
2025-08-12T23:27:00Z,28.93235166666667
2025-08-12T23:28:00Z,28.932611666666666
2025-08-12T23:29:00Z,28.933471666666666
2025-08-12T23:30:00Z,28.93249
2025-08-12T23:31:00Z,28.933590000000002
2025-08-12T23:32:00Z,28.94125
2025-08-12T23:33:00Z,28.952055
2025-08-12T23:34:00Z,28.96277
2025-08-12T23:35:00Z,28.968948333333334
2025-08-12T23:36:00Z,28.970531666666666
2025-08-12T23:37:00Z,28.972865
2025-08-12T23:38:00Z,28.974528333333332
2025-08-12T23:39:00Z,28.974763333333335
2025-08-12T23:40:00Z,28.975213333333333
2025-08-12T23:41:00Z,28.978003333333334
2025-08-12T23:42:00Z,28.981538333333333
2025-08-12T23:43:00Z,28.982373333333335
2025-08-12T23:44:00Z,28.983056666666666
2025-08-12T23:45:00Z,28.982405
2025-08-12T23:46:00Z,28.980298333333334
2025-08-12T23:47:00Z,28.977761666666666
2025-08-12T23:48:00Z,28.975378333333335
2025-08-12T23:49:00Z,28.974696666666667
2025-08-12T23:50:00Z,28.974316666666667
2025-08-12T23:51:00Z,28.976368333333333
2025-08-12T23:52:00Z,28.97800666666667
2025-08-12T23:53:00Z,28.979605
2025-08-12T23:54:00Z,28.980128333333333
2025-08-12T23:55:00Z,28.979488333333336
2025-08-12T23:56:00Z,28.979755
2025-08-12T23:57:00Z,28.980463333333333
2025-08-12T23:58:00Z,28.980988333333336
2025-08-12T23:59:00Z,28.981578333333335
2025-08-13T00:00:00Z,28.981948333333335
2025-08-13T00:01:00Z,28.983956666666668
2025-08-13T00:02:00Z,28.986913333333334
2025-08-13T00:03:00Z,28.989919999999998
2025-08-13T00:04:00Z,28.995915
2025-08-13T00:05:00Z,29.000545
2025-08-13T00:06:00Z,29.001491666666666
2025-08-13T00:07:00Z,29.001271666666668
2025-08-13T00:08:00Z,29.002458333333333
2025-08-13T00:09:00Z,29.002141666666667
2025-08-13T00:10:00Z,29.00226
2025-08-13T00:11:00Z,29.002791666666667
2025-08-13T00:12:00Z,29.003506666666667
2025-08-13T00:13:00Z,29.004763333333333
2025-08-13T00:14:00Z,29.007565
2025-08-13T00:15:00Z,29.013383333333334
2025-08-13T00:16:00Z,29.022458333333333
2025-08-13T00:17:00Z,29.031485
2025-08-13T00:18:00Z,29.040613333333333
2025-08-13T00:19:00Z,29.047903333333334
2025-08-13T00:20:00Z,29.051371666666668
2025-08-13T00:21:00Z,29.05416166666667
2025-08-13T00:22:00Z,29.055795
2025-08-13T00:23:00Z,29.057916666666667
2025-08-13T00:24:00Z,29.061091666666666
2025-08-13T00:25:00Z,29.063676666666666
2025-08-13T00:26:00Z,29.064446666666665
2025-08-13T00:27:00Z,29.06468
2025-08-13T00:28:00Z,29.064106666666667
2025-08-13T00:29:00Z,29.061616666666666
2025-08-13T00:30:00Z,29.058991666666667
2025-08-13T00:31:00Z,29.05662166666667
2025-08-13T00:32:00Z,29.05555166666667
2025-08-13T00:33:00Z,29.055151666666667
2025-08-13T00:34:00Z,29.053298333333334
2025-08-13T00:35:00Z,29.052518333333335
2025-08-13T00:36:00Z,29.051733333333335
2025-08-13T00:37:00Z,29.050961666666666
2025-08-13T00:38:00Z,29.050048333333333
2025-08-13T00:39:00Z,29.050021666666666
2025-08-13T00:40:00Z,29.05055666666667
2025-08-13T00:41:00Z,29.05065
2025-08-13T00:42:00Z,29.051563333333334
2025-08-13T00:43:00Z,29.051475
2025-08-13T00:44:00Z,29.051280000000002
2025-08-13T00:45:00Z,29.050195000000002
2025-08-13T00:46:00Z,29.049251666666667
2025-08-13T00:47:00Z,29.051756666666666
2025-08-13T00:48:00Z,29.05308666666667
2025-08-13T00:49:00Z,29.05415166666667
2025-08-13T00:50:00Z,29.055113333333335
2025-08-13T00:51:00Z,29.05624166666667
2025-08-13T00:52:00Z,29.057955
2025-08-13T00:53:00Z,29.059328333333333
2025-08-13T00:54:00Z,29.061124999999997
2025-08-13T00:55:00Z,29.063129999999997
2025-08-13T00:56:00Z,29.063935
2025-08-13T00:57:00Z,29.064106666666667
2025-08-13T00:58:00Z,29.064541666666667
2025-08-13T00:59:00Z,29.067014999999998
2025-08-13T01:00:00Z,29.070345
2025-08-13T01:01:00Z,29.071981666666666
2025-08-13T01:02:00Z,29.072928333333333
2025-08-13T01:03:00Z,29.072223333333334
2025-08-13T01:04:00Z,29.07223666666667
2025-08-13T01:05:00Z,29.07238166666667
2025-08-13T01:06:00Z,29.072358333333334
2025-08-13T01:07:00Z,29.072666666666667
2025-08-13T01:08:00Z,29.07280666666667
2025-08-13T01:09:00Z,29.073376666666668
2025-08-13T01:10:00Z,29.072408333333335
2025-08-13T01:11:00Z,29.074115
2025-08-13T01:12:00Z,29.0763
2025-08-13T01:13:00Z,29.080408333333335
2025-08-13T01:14:00Z,29.088425
2025-08-13T01:15:00Z,29.095946666666666
2025-08-13T01:16:00Z,29.102873333333335
2025-08-13T01:17:00Z,29.105251666666668
2025-08-13T01:18:00Z,29.105976666666667
2025-08-13T01:19:00Z,29.105780000000003
2025-08-13T01:20:00Z,29.10574
2025-08-13T01:21:00Z,29.105325
2025-08-13T01:22:00Z,29.104456666666668
2025-08-13T01:23:00Z,29.102561666666666
2025-08-13T01:24:00Z,29.101368333333333
2025-08-13T01:25:00Z,29.101415
2025-08-13T01:26:00Z,29.101393333333334
2025-08-13T01:27:00Z,29.100826666666666
2025-08-13T01:28:00Z,29.100080000000002
2025-08-13T01:29:00Z,29.099743333333333
2025-08-13T01:30:00Z,29.099938333333334
2025-08-13T01:31:00Z,29.098760000000002
2025-08-13T01:32:00Z,29.097306666666668
2025-08-13T01:33:00Z,29.09692666666667
2025-08-13T01:34:00Z,29.096615
2025-08-13T01:35:00Z,29.096233333333334
2025-08-13T01:36:00Z,29.096233333333334
2025-08-13T01:37:00Z,29.096406666666667
2025-08-13T01:38:00Z,29.096211666666665
2025-08-13T01:39:00Z,29.096873333333335
2025-08-13T01:40:00Z,29.098016666666666
2025-08-13T01:41:00Z,29.099206666666667
2025-08-13T01:42:00Z,29.100533333333335
2025-08-13T01:43:00Z,29.101580000000002
2025-08-13T01:44:00Z,29.102553333333333
2025-08-13T01:45:00Z,29.102578333333334
2025-08-13T01:46:00Z,29.102315
2025-08-13T01:47:00Z,29.10134
2025-08-13T01:48:00Z,29.100606666666668
2025-08-13T01:49:00Z,29.099413333333334
2025-08-13T01:50:00Z,29.098398333333336
2025-08-13T01:51:00Z,29.098015
2025-08-13T01:52:00Z,29.097073333333334
2025-08-13T01:53:00Z,29.097158333333333
2025-08-13T01:54:00Z,29.097376666666666
2025-08-13T01:55:00Z,29.097236666666667
2025-08-13T01:56:00Z,29.097115
2025-08-13T01:57:00Z,29.096995
2025-08-13T01:58:00Z,29.09709
2025-08-13T01:59:00Z,29.096303333333335
2025-08-13T02:00:00Z,29.096336666666666
2025-08-13T02:01:00Z,29.09833
2025-08-13T02:02:00Z,29.100538333333333
2025-08-13T02:03:00Z,29.099938333333334
2025-08-13T02:04:00Z,29.099866666666667
2025-08-13T02:05:00Z,29.09984
2025-08-13T02:06:00Z,29.098998333333334
2025-08-13T02:07:00Z,29.099116666666667
2025-08-13T02:08:00Z,29.09880666666667
2025-08-13T02:09:00Z,29.09821
2025-08-13T02:10:00Z,29.097945
2025-08-13T02:11:00Z,29.097463333333334
2025-08-13T02:12:00Z,29.09816
2025-08-13T02:13:00Z,29.09807
2025-08-13T02:14:00Z,29.09806
2025-08-13T02:15:00Z,29.09861
2025-08-13T02:16:00Z,29.098588333333335
2025-08-13T02:17:00Z,29.099855
2025-08-13T02:18:00Z,29.104601666666667
2025-08-13T02:19:00Z,29.108348333333332
2025-08-13T02:20:00Z,29.108496666666667
2025-08-13T02:21:00Z,29.105665000000002
2025-08-13T02:22:00Z,29.103535
2025-08-13T02:23:00Z,29.102535
2025-08-13T02:24:00Z,29.102605
2025-08-13T02:25:00Z,29.10455
2025-08-13T02:26:00Z,29.107276666666667
2025-08-13T02:27:00Z,29.110181666666666
2025-08-13T02:28:00Z,29.114106666666665
2025-08-13T02:29:00Z,29.117195
2025-08-13T02:30:00Z,29.120418333333333
2025-08-13T02:31:00Z,29.123403333333332
2025-08-13T02:32:00Z,29.126465
2025-08-13T02:33:00Z,29.128690000000002
2025-08-13T02:34:00Z,29.131175000000002
2025-08-13T02:35:00Z,29.13323
2025-08-13T02:36:00Z,29.135271666666664
2025-08-13T02:37:00Z,29.137484999999998
2025-08-13T02:38:00Z,29.139241666666667
2025-08-13T02:39:00Z,29.140093333333333
2025-08-13T02:40:00Z,29.13990833333333
2025-08-13T02:41:00Z,29.139211666666665
2025-08-13T02:42:00Z,29.13816
2025-08-13T02:43:00Z,29.137096666666665
2025-08-13T02:44:00Z,29.136435
2025-08-13T02:45:00Z,29.13627
2025-08-13T02:46:00Z,29.13624833333333
2025-08-13T02:47:00Z,29.135845
2025-08-13T02:48:00Z,29.135724999999997
2025-08-13T02:49:00Z,29.1347
2025-08-13T02:50:00Z,29.1333
2025-08-13T02:51:00Z,29.132576666666665
2025-08-13T02:52:00Z,29.133325
2025-08-13T02:53:00Z,29.133901666666667
2025-08-13T02:54:00Z,29.134316666666667
2025-08-13T02:55:00Z,29.133711666666667
2025-08-13T02:56:00Z,29.133689999999998
2025-08-13T02:57:00Z,29.133566666666667
2025-08-13T02:58:00Z,29.133085
2025-08-13T02:59:00Z,29.133615
2025-08-13T03:00:00Z,29.134431666666664
2025-08-13T03:01:00Z,29.135221666666666
2025-08-13T03:02:00Z,29.135986666666664
2025-08-13T03:03:00Z,29.138203333333333
2025-08-13T03:04:00Z,29.139591666666664
2025-08-13T03:05:00Z,29.139976666666666
2025-08-13T03:06:00Z,29.140406666666667
2025-08-13T03:07:00Z,29.140643333333333
2025-08-13T03:08:00Z,29.140946666666665
2025-08-13T03:09:00Z,29.141303333333333
2025-08-13T03:10:00Z,29.141618333333334
2025-08-13T03:11:00Z,29.141806666666668
2025-08-13T03:12:00Z,29.142648333333334
2025-08-13T03:13:00Z,29.143751666666667
2025-08-13T03:14:00Z,29.14425333333333
2025-08-13T03:15:00Z,29.145056666666665
2025-08-13T03:16:00Z,29.147653333333334
2025-08-13T03:17:00Z,29.149726666666666
2025-08-13T03:18:00Z,29.150905
2025-08-13T03:19:00Z,29.153965000000003
2025-08-13T03:20:00Z,29.15718
2025-08-13T03:21:00Z,29.158471666666667
2025-08-13T03:22:00Z,29.158258333333333
2025-08-13T03:23:00Z,29.158256666666666
2025-08-13T03:24:00Z,29.15929333333333
2025-08-13T03:25:00Z,29.161103333333333
2025-08-13T03:26:00Z,29.161828333333332
2025-08-13T03:27:00Z,29.162806666666665
2025-08-13T03:28:00Z,29.162876666666666
2025-08-13T03:29:00Z,29.16312
2025-08-13T03:30:00Z,29.164334999999998
2025-08-13T03:31:00Z,29.164794999999998
2025-08-13T03:32:00Z,29.165533333333332
2025-08-13T03:33:00Z,29.166253333333334
2025-08-13T03:34:00Z,29.16734333333333
2025-08-13T03:35:00Z,29.168108333333333
2025-08-13T03:36:00Z,29.169543333333333
2025-08-13T03:37:00Z,29.173108333333335
2025-08-13T03:38:00Z,29.184528333333333
2025-08-13T03:39:00Z,29.196153333333335
2025-08-13T03:40:00Z,29.209565
2025-08-13T03:41:00Z,29.222693333333332
2025-08-13T03:42:00Z,29.233893333333334
2025-08-13T03:43:00Z,29.24249
2025-08-13T03:44:00Z,29.248201666666667
2025-08-13T03:45:00Z,29.248736666666666
2025-08-13T03:46:00Z,29.246538333333334
2025-08-13T03:47:00Z,29.24426
2025-08-13T03:48:00Z,29.241031666666665
2025-08-13T03:49:00Z,29.237058333333334
2025-08-13T03:50:00Z,29.231225000000002
2025-08-13T03:51:00Z,29.225391666666667
2025-08-13T03:52:00Z,29.217803333333332
2025-08-13T03:53:00Z,29.211605
2025-08-13T03:54:00Z,29.20563166666667
2025-08-13T03:55:00Z,29.19905
2025-08-13T03:56:00Z,29.190278333333332
2025-08-13T03:57:00Z,29.183313333333334
2025-08-13T03:58:00Z,29.17682
2025-08-13T03:59:00Z,29.171306666666666
2025-08-13T04:00:00Z,29.165506666666666
2025-08-13T04:01:00Z,29.162498333333332
2025-08-13T04:02:00Z,29.159411666666667
2025-08-13T04:03:00Z,29.157115
2025-08-13T04:04:00Z,29.155468333333335
2025-08-13T04:05:00Z,29.156368333333333
2025-08-13T04:06:00Z,29.155416666666667
2025-08-13T04:07:00Z,29.153305
2025-08-13T04:08:00Z,29.150523333333336
2025-08-13T04:09:00Z,29.148931666666666
2025-08-13T04:10:00Z,29.148883333333334
2025-08-13T04:11:00Z,29.14968
2025-08-13T04:12:00Z,29.1496
2025-08-13T04:13:00Z,29.149193333333333
2025-08-13T04:14:00Z,29.149561666666667
2025-08-13T04:15:00Z,29.148903333333333
2025-08-13T04:16:00Z,29.152353333333334
2025-08-13T04:17:00Z,29.153785000000003
2025-08-13T04:18:00Z,29.15209
2025-08-13T04:19:00Z,29.148908333333335
2025-08-13T04:20:00Z,29.1457
2025-08-13T04:21:00Z,29.142101666666665
2025-08-13T04:22:00Z,29.139498333333332
2025-08-13T04:23:00Z,29.132603333333332
2025-08-13T04:24:00Z,29.12594
2025-08-13T04:25:00Z,29.118673333333334
2025-08-13T04:26:00Z,29.111663333333333
2025-08-13T04:27:00Z,29.10367
2025-08-13T04:28:00Z,29.09706166666667
2025-08-13T04:29:00Z,29.091706666666667
2025-08-13T04:30:00Z,29.087858333333333
2025-08-13T04:31:00Z,29.088436666666666
2025-08-13T04:32:00Z,29.087233333333334
2025-08-13T04:33:00Z,29.084066666666665
2025-08-13T04:34:00Z,29.08113
2025-08-13T04:35:00Z,29.079165
2025-08-13T04:36:00Z,29.077913333333335
2025-08-13T04:37:00Z,29.076493333333335
2025-08-13T04:38:00Z,29.076013333333336
2025-08-13T04:39:00Z,29.075513333333333
2025-08-13T04:40:00Z,29.075441666666666
2025-08-13T04:41:00Z,29.076371666666667
2025-08-13T04:42:00Z,29.077778333333335
2025-08-13T04:43:00Z,29.080056666666668
2025-08-13T04:44:00Z,29.082651666666667
2025-08-13T04:45:00Z,29.085073333333334
2025-08-13T04:46:00Z,29.08662
2025-08-13T04:47:00Z,29.08740333333333
2025-08-13T04:48:00Z,29.087883333333334
2025-08-13T04:49:00Z,29.087161666666667
2025-08-13T04:50:00Z,29.08764
2025-08-13T04:51:00Z,29.088704999999997
2025-08-13T04:52:00Z,29.090876666666666
2025-08-13T04:53:00Z,29.092671666666668
2025-08-13T04:54:00Z,29.094123333333332
2025-08-13T04:55:00Z,29.094865
2025-08-13T04:56:00Z,29.095738333333333
2025-08-13T04:57:00Z,29.096498333333333
2025-08-13T04:58:00Z,29.097473333333333
2025-08-13T04:59:00Z,29.09832
2025-08-13T05:00:00Z,29.096405
2025-08-13T05:01:00Z,29.094656666666666
2025-08-13T05:02:00Z,29.092433333333332
2025-08-13T05:03:00Z,29.09208
2025-08-13T05:04:00Z,29.090221666666665
2025-08-13T05:05:00Z,29.088245
2025-08-13T05:06:00Z,29.08654
2025-08-13T05:07:00Z,29.085781666666666
2025-08-13T05:08:00Z,29.08489833333333
2025-08-13T05:09:00Z,29.083771666666667
2025-08-13T05:10:00Z,29.083291666666664
2025-08-13T05:11:00Z,29.082505
2025-08-13T05:12:00Z,29.082476666666665
2025-08-13T05:13:00Z,29.082338333333333
2025-08-13T05:14:00Z,29.082696666666667
2025-08-13T05:15:00Z,29.082903333333334
2025-08-13T05:16:00Z,29.083078333333333
2025-08-13T05:17:00Z,29.083248333333334
2025-08-13T05:18:00Z,29.082595
2025-08-13T05:19:00Z,29.08281
2025-08-13T05:20:00Z,29.082646666666665
2025-08-13T05:21:00Z,29.082623333333334
2025-08-13T05:22:00Z,29.08239
2025-08-13T05:23:00Z,29.08186166666667
2025-08-13T05:24:00Z,29.082455
2025-08-13T05:25:00Z,29.082666666666665
2025-08-13T05:26:00Z,29.08228666666667
2025-08-13T05:27:00Z,29.082453333333333
2025-08-13T05:28:00Z,29.08277
2025-08-13T05:29:00Z,29.08243166666667
2025-08-13T05:30:00Z,29.082498333333334
2025-08-13T05:31:00Z,29.082433333333334
2025-08-13T05:32:00Z,29.082308333333334
2025-08-13T05:33:00Z,29.081863333333335
2025-08-13T05:34:00Z,29.082386666666668
2025-08-13T05:35:00Z,29.082891666666665
2025-08-13T05:36:00Z,29.08289
2025-08-13T05:37:00Z,29.082596666666667
2025-08-13T05:38:00Z,29.08283833333333
2025-08-13T05:39:00Z,29.082643333333333
2025-08-13T05:40:00Z,29.083056666666668
2025-08-13T05:41:00Z,29.084155
2025-08-13T05:42:00Z,29.084925
2025-08-13T05:43:00Z,29.085136666666667
2025-08-13T05:44:00Z,29.084776666666667
2025-08-13T05:45:00Z,29.08628
2025-08-13T05:46:00Z,29.087301666666665
2025-08-13T05:47:00Z,29.087646666666664
2025-08-13T05:48:00Z,29.086756666666666
2025-08-13T05:49:00Z,29.086021666666664
2025-08-13T05:50:00Z,29.08556833333333
2025-08-13T05:51:00Z,29.08512
2025-08-13T05:52:00Z,29.08447
2025-08-13T05:53:00Z,29.08403333333333
2025-08-13T05:54:00Z,29.083891666666666
2025-08-13T05:55:00Z,29.083585
2025-08-13T05:56:00Z,29.084036666666666
2025-08-13T05:57:00Z,29.083896666666664
2025-08-13T05:58:00Z,29.084374999999998
2025-08-13T05:59:00Z,29.084421666666664
2025-08-13T06:00:00Z,29.083991666666666
2025-08-13T06:01:00Z,29.084278333333334
2025-08-13T06:02:00Z,29.083871666666667
2025-08-13T06:03:00Z,29.084301666666665
2025-08-13T06:04:00Z,29.08495
2025-08-13T06:05:00Z,29.084736666666664
2025-08-13T06:06:00Z,29.08556833333333
2025-08-13T06:07:00Z,29.085185
2025-08-13T06:08:00Z,29.084778333333333
2025-08-13T06:09:00Z,29.08401
2025-08-13T06:10:00Z,29.083581666666667
2025-08-13T06:11:00Z,29.083586666666665
2025-08-13T06:12:00Z,29.082763333333332
2025-08-13T06:13:00Z,29.083531666666666
2025-08-13T06:14:00Z,29.08283833333333
2025-08-13T06:15:00Z,29.083126666666665
2025-08-13T06:16:00Z,29.083766666666666
2025-08-13T06:17:00Z,29.083558333333333
2025-08-13T06:18:00Z,29.08425833333333
2025-08-13T06:19:00Z,29.08369833333333
2025-08-13T06:20:00Z,29.08428
2025-08-13T06:21:00Z,29.08449
2025-08-13T06:22:00Z,29.084374999999998
2025-08-13T06:23:00Z,29.084176666666664
2025-08-13T06:24:00Z,29.082553333333333
2025-08-13T06:25:00Z,29.07889666666667
2025-08-13T06:26:00Z,29.074076666666667
2025-08-13T06:27:00Z,29.070363333333333
2025-08-13T06:28:00Z,29.067635
2025-08-13T06:29:00Z,29.06568
2025-08-13T06:30:00Z,29.064201666666666
2025-08-13T06:31:00Z,29.062781666666666
2025-08-13T06:32:00Z,29.06197333333333
2025-08-13T06:33:00Z,29.061453333333333
2025-08-13T06:34:00Z,29.061021666666665
2025-08-13T06:35:00Z,29.059906666666667
2025-08-13T06:36:00Z,29.05708
2025-08-13T06:37:00Z,29.049500000000002
2025-08-13T06:38:00Z,29.041471666666666
2025-08-13T06:39:00Z,29.031173333333335
2025-08-13T06:40:00Z,29.02072666666667
2025-08-13T06:41:00Z,29.011458333333334
2025-08-13T06:42:00Z,29.00412
2025-08-13T06:43:00Z,28.999723333333336
2025-08-13T06:44:00Z,28.995015
2025-08-13T06:45:00Z,28.990908333333334
2025-08-13T06:46:00Z,28.987395
2025-08-13T06:47:00Z,28.984571666666668
2025-08-13T06:48:00Z,28.982960000000002
2025-08-13T06:49:00Z,28.980913333333334
2025-08-13T06:50:00Z,28.978203333333333
2025-08-13T06:51:00Z,28.976251666666666
2025-08-13T06:52:00Z,28.975706666666667
2025-08-13T06:53:00Z,28.97605666666667
2025-08-13T06:54:00Z,28.975473333333333
2025-08-13T06:55:00Z,28.97618
2025-08-13T06:56:00Z,28.976515
2025-08-13T06:57:00Z,28.976635
2025-08-13T06:58:00Z,28.97449
2025-08-13T06:59:00Z,28.971966666666667
2025-08-13T07:00:00Z,28.970578333333332
2025-08-13T07:01:00Z,28.970225
2025-08-13T07:02:00Z,28.967443333333332
2025-08-13T07:03:00Z,28.96492
2025-08-13T07:04:00Z,28.963471666666667
2025-08-13T07:05:00Z,28.962626666666665
2025-08-13T07:06:00Z,28.961969999999997
2025-08-13T07:07:00Z,28.96206833333333
2025-08-13T07:08:00Z,28.961479999999998
2025-08-13T07:09:00Z,28.961025
2025-08-13T07:10:00Z,28.960553333333333
2025-08-13T07:11:00Z,28.960766666666665
2025-08-13T07:12:00Z,28.962455
2025-08-13T07:13:00Z,28.96699
2025-08-13T07:14:00Z,28.975373333333334
2025-08-13T07:15:00Z,28.983283333333333
2025-08-13T07:16:00Z,28.985815
2025-08-13T07:17:00Z,28.98847333333333
2025-08-13T07:18:00Z,28.991625
2025-08-13T07:19:00Z,28.991311666666665
2025-08-13T07:20:00Z,28.992211666666666
2025-08-13T07:21:00Z,28.996706666666668
2025-08-13T07:22:00Z,29.000016666666667
2025-08-13T07:23:00Z,28.999966666666666
2025-08-13T07:24:00Z,29.000183333333332
2025-08-13T07:25:00Z,29.000478333333334
2025-08-13T07:26:00Z,28.99994166666667
2025-08-13T07:27:00Z,28.998473333333333
2025-08-13T07:28:00Z,28.99768166666667
2025-08-13T07:29:00Z,28.998166666666666
2025-08-13T07:30:00Z,29.00277666666667
2025-08-13T07:31:00Z,29.009021666666666
2025-08-13T07:32:00Z,29.01498833333333
2025-08-13T07:33:00Z,29.022765
2025-08-13T07:34:00Z,29.029891666666668
2025-08-13T07:35:00Z,29.036904999999997
2025-08-13T07:36:00Z,29.044725
2025-08-13T07:37:00Z,29.052248333333335
2025-08-13T07:38:00Z,29.054785000000003
2025-08-13T07:39:00Z,29.056535
2025-08-13T07:40:00Z,29.058751666666666
2025-08-13T07:41:00Z,29.063221666666667
2025-08-13T07:42:00Z,29.07117
2025-08-13T07:43:00Z,29.078916666666668
2025-08-13T07:44:00Z,29.086548333333333
2025-08-13T07:45:00Z,29.092761666666668
2025-08-13T07:46:00Z,29.09326
2025-08-13T07:47:00Z,29.08919
2025-08-13T07:48:00Z,29.086848333333332
2025-08-13T07:49:00Z,29.085168333333332
2025-08-13T07:50:00Z,29.086924999999997
2025-08-13T07:51:00Z,29.090059999999998
2025-08-13T07:52:00Z,29.089426666666665
2025-08-13T07:53:00Z,29.086425
2025-08-13T07:54:00Z,29.082938333333335
2025-08-13T07:55:00Z,29.079765000000002
2025-08-13T07:56:00Z,29.07758666666667
2025-08-13T07:57:00Z,29.076281666666667
2025-08-13T07:58:00Z,29.07553
2025-08-13T07:59:00Z,29.075631666666666
2025-08-13T08:00:00Z,29.077746666666666
2025-08-13T08:01:00Z,29.080815
2025-08-13T08:02:00Z,29.086768333333332
2025-08-13T08:03:00Z,29.092623333333332
2025-08-13T08:04:00Z,29.09981666666667
2025-08-13T08:05:00Z,29.106978333333334
2025-08-13T08:06:00Z,29.113801666666667
2025-08-13T08:07:00Z,29.118168333333333
2025-08-13T08:08:00Z,29.121316666666665
2025-08-13T08:09:00Z,29.125968333333333
2025-08-13T08:10:00Z,29.130313333333334
2025-08-13T08:11:00Z,29.133856666666667
2025-08-13T08:12:00Z,29.138038333333334
2025-08-13T08:13:00Z,29.141188333333332
2025-08-13T08:14:00Z,29.142195
2025-08-13T08:15:00Z,29.146353333333334
2025-08-13T08:16:00Z,29.144156666666667
2025-08-13T08:17:00Z,29.141506666666665
2025-08-13T08:18:00Z,29.136316666666666
2025-08-13T08:19:00Z,29.12751666666667
2025-08-13T08:20:00Z,29.11676333333333
2025-08-13T08:21:00Z,29.103146666666667
2025-08-13T08:22:00Z,29.088565
2025-08-13T08:23:00Z,29.07485666666667
2025-08-13T08:24:00Z,29.061355
2025-08-13T08:25:00Z,29.044121666666666
2025-08-13T08:26:00Z,29.02581
2025-08-13T08:27:00Z,28.985585
2025-08-13T08:28:00Z,28.931581666666666
2025-08-13T08:29:00Z,28.86964
2025-08-13T08:30:00Z,28.794866666666667
2025-08-13T08:31:00Z,28.716393333333333
2025-08-13T08:32:00Z,28.641073333333335
2025-08-13T08:33:00Z,28.563845
2025-08-13T08:34:00Z,28.496253333333332
2025-08-13T08:35:00Z,28.435066666666668
2025-08-13T08:36:00Z,28.381075
2025-08-13T08:37:00Z,28.328511666666667
2025-08-13T08:38:00Z,28.283935
2025-08-13T08:39:00Z,28.247895
2025-08-13T08:40:00Z,28.219806666666667
2025-08-13T08:41:00Z,28.197753333333335
2025-08-13T08:42:00Z,28.180956666666667
2025-08-13T08:43:00Z,28.159628333333334
2025-08-13T08:44:00Z,28.13718
2025-08-13T08:45:00Z,28.113483333333335
2025-08-13T08:46:00Z,28.085406666666668
2025-08-13T08:47:00Z,28.059458333333335
2025-08-13T08:48:00Z,28.034755
2025-08-13T08:49:00Z,28.014415
2025-08-13T08:50:00Z,27.996098333333332
2025-08-13T08:51:00Z,27.984836666666666
2025-08-13T08:52:00Z,27.97833333333333
2025-08-13T08:53:00Z,27.977976666666667
2025-08-13T08:54:00Z,27.975508333333334
2025-08-13T08:55:00Z,27.972685
2025-08-13T08:56:00Z,27.972683333333332
2025-08-13T08:57:00Z,27.973423333333333
2025-08-13T08:58:00Z,27.974231666666665
2025-08-13T08:59:00Z,27.97618333333333
2025-08-13T09:00:00Z,27.981601666666666
2025-08-13T09:01:00Z,27.991876666666666
2025-08-13T09:02:00Z,28.004011666666667
2025-08-13T09:03:00Z,28.00796666666667
2025-08-13T09:04:00Z,28.013636666666667
2025-08-13T09:05:00Z,28.01898
2025-08-13T09:06:00Z,28.026833333333336
2025-08-13T09:07:00Z,28.033666666666665
2025-08-13T09:08:00Z,28.042855
2025-08-13T09:09:00Z,28.050498333333334
2025-08-13T09:10:00Z,28.053305
2025-08-13T09:11:00Z,28.056251666666665
2025-08-13T09:12:00Z,28.05772
2025-08-13T09:13:00Z,28.082391666666666
2025-08-13T09:14:00Z,28.130515
2025-08-13T09:15:00Z,28.158066666666667
2025-08-13T09:16:00Z,28.182975
2025-08-13T09:17:00Z,28.211301666666667
2025-08-13T09:18:00Z,28.250535
2025-08-13T09:19:00Z,28.280551666666668
2025-08-13T09:20:00Z,28.291888333333333
2025-08-13T09:21:00Z,28.306181666666667
2025-08-13T09:22:00Z,28.29858
2025-08-13T09:23:00Z,28.284586666666666
2025-08-13T09:24:00Z,28.274046666666667
2025-08-13T09:25:00Z,28.284546666666667
2025-08-13T09:26:00Z,28.298883333333333
2025-08-13T09:27:00Z,28.317585
2025-08-13T09:28:00Z,28.329666666666668
2025-08-13T09:29:00Z,28.337539999999997
2025-08-13T09:30:00Z,28.348621666666666
2025-08-13T09:31:00Z,28.365478333333332
2025-08-13T09:32:00Z,28.372606666666666
2025-08-13T09:33:00Z,28.382756666666666
2025-08-13T09:34:00Z,28.385973333333332
2025-08-13T09:35:00Z,28.386156666666665
2025-08-13T09:36:00Z,28.388608333333334
2025-08-13T09:37:00Z,28.388043333333332
2025-08-13T09:38:00Z,28.386924999999998
2025-08-13T09:39:00Z,28.385206666666665
2025-08-13T09:40:00Z,28.380758333333333
2025-08-13T09:41:00Z,28.376456666666666
2025-08-13T09:42:00Z,28.370338333333333
2025-08-13T09:43:00Z,28.366795
2025-08-13T09:44:00Z,28.35461
2025-08-13T09:45:00Z,28.352185000000002
2025-08-13T09:46:00Z,28.354731666666666
2025-08-13T09:47:00Z,28.355535
2025-08-13T09:48:00Z,28.35428166666667
2025-08-13T09:49:00Z,28.35216
2025-08-13T09:50:00Z,28.350098333333335
2025-08-13T09:51:00Z,28.346800000000002
2025-08-13T09:52:00Z,28.347041666666666
2025-08-13T09:53:00Z,28.346795
2025-08-13T09:54:00Z,28.343664999999998
2025-08-13T09:55:00Z,28.346793333333334
2025-08-13T09:56:00Z,28.351258333333334
2025-08-13T09:57:00Z,28.360575
2025-08-13T09:58:00Z,28.374183333333335
2025-08-13T09:59:00Z,28.392585
2025-08-13T10:00:00Z,28.403246666666664
2025-08-13T10:01:00Z,28.406578333333332
2025-08-13T10:02:00Z,28.40864
2025-08-13T10:03:00Z,28.408846666666665
2025-08-13T10:04:00Z,28.408473333333333
2025-08-13T10:05:00Z,28.408076666666666
2025-08-13T10:06:00Z,28.404173333333333
2025-08-13T10:07:00Z,28.411781666666666
2025-08-13T10:08:00Z,28.425151666666665
2025-08-13T10:09:00Z,28.434955
2025-08-13T10:10:00Z,28.437941666666667
2025-08-13T10:11:00Z,28.435808333333334
2025-08-13T10:12:00Z,28.440601666666666
2025-08-13T10:13:00Z,28.443043333333335
2025-08-13T10:14:00Z,28.43897666666667
2025-08-13T10:15:00Z,28.433805
2025-08-13T10:16:00Z,28.433238333333332
2025-08-13T10:17:00Z,28.434933333333333
2025-08-13T10:18:00Z,28.43827166666667
2025-08-13T10:19:00Z,28.442326666666666
2025-08-13T10:20:00Z,28.448339999999998
2025-08-13T10:21:00Z,28.455453333333335
2025-08-13T10:22:00Z,28.461955
2025-08-13T10:23:00Z,28.467695000000003
2025-08-13T10:24:00Z,28.472915
2025-08-13T10:25:00Z,28.475973333333332
2025-08-13T10:26:00Z,28.475524999999998
2025-08-13T10:27:00Z,28.472996666666667
2025-08-13T10:28:00Z,28.463398333333334
2025-08-13T10:29:00Z,28.45791
2025-08-13T10:30:00Z,28.45716
2025-08-13T10:31:00Z,28.45764
2025-08-13T10:32:00Z,28.455244999999998
2025-08-13T10:33:00Z,28.454073333333334
2025-08-13T10:34:00Z,28.453408333333332
2025-08-13T10:35:00Z,28.45274
2025-08-13T10:36:00Z,28.452593333333333
2025-08-13T10:37:00Z,28.447351666666666
2025-08-13T10:38:00Z,28.446188333333335
2025-08-13T10:39:00Z,28.448535
2025-08-13T10:40:00Z,28.450128333333332
2025-08-13T10:41:00Z,28.452445
2025-08-13T10:42:00Z,28.452045
2025-08-13T10:43:00Z,28.447045
2025-08-13T10:44:00Z,28.44799833333333
2025-08-13T10:45:00Z,28.448529999999998
2025-08-13T10:46:00Z,28.45428
2025-08-13T10:47:00Z,28.461926666666667
2025-08-13T10:48:00Z,28.465926666666668
2025-08-13T10:49:00Z,28.465760000000003
2025-08-13T10:50:00Z,28.466233333333335
2025-08-13T10:51:00Z,28.462203333333335
2025-08-13T10:52:00Z,28.458388333333332
2025-08-13T10:53:00Z,28.45581
2025-08-13T10:54:00Z,28.454145
2025-08-13T10:55:00Z,28.454658333333334
2025-08-13T10:56:00Z,28.458545
2025-08-13T10:57:00Z,28.464066666666668
2025-08-13T10:58:00Z,28.467135000000003
2025-08-13T10:59:00Z,28.46687
2025-08-13T11:00:00Z,28.465383333333335
2025-08-13T11:01:00Z,28.463028333333334
2025-08-13T11:02:00Z,28.461481666666668
2025-08-13T11:03:00Z,28.46628
2025-08-13T11:04:00Z,28.474796666666666
2025-08-13T11:05:00Z,28.479598333333332
2025-08-13T11:06:00Z,28.485283333333335
2025-08-13T11:07:00Z,28.48881666666667
2025-08-13T11:08:00Z,28.49097
2025-08-13T11:09:00Z,28.492863333333332
2025-08-13T11:10:00Z,28.4961
2025-08-13T11:11:00Z,28.501863333333333
2025-08-13T11:12:00Z,28.502053333333333
2025-08-13T11:13:00Z,28.494391666666665
2025-08-13T11:14:00Z,28.487023333333333
2025-08-13T11:15:00Z,28.482816666666668
2025-08-13T11:16:00Z,28.480643333333333
2025-08-13T11:17:00Z,28.485873333333334
2025-08-13T11:18:00Z,28.491991666666667
2025-08-13T11:19:00Z,28.494568333333333
2025-08-13T11:20:00Z,28.490098333333332
2025-08-13T11:21:00Z,28.484086666666666
2025-08-13T11:22:00Z,28.47990666666667
2025-08-13T11:23:00Z,28.47717
2025-08-13T11:24:00Z,28.47306
2025-08-13T11:25:00Z,28.469815
2025-08-13T11:26:00Z,28.466778333333334
2025-08-13T11:27:00Z,28.465688333333336
2025-08-13T11:28:00Z,28.465378333333334
2025-08-13T11:29:00Z,28.465385
2025-08-13T11:30:00Z,28.46623166666667
2025-08-13T11:31:00Z,28.468243333333334
2025-08-13T11:32:00Z,28.470096666666667
2025-08-13T11:33:00Z,28.474036666666667
2025-08-13T11:34:00Z,28.479595
2025-08-13T11:35:00Z,28.483533333333334
2025-08-13T11:36:00Z,28.486900000000002
2025-08-13T11:37:00Z,28.488583333333334
2025-08-13T11:38:00Z,28.48890666666667
2025-08-13T11:39:00Z,28.487623333333335
2025-08-13T11:40:00Z,28.482805
2025-08-13T11:41:00Z,28.473399999999998
2025-08-13T11:42:00Z,28.465633333333333
2025-08-13T11:43:00Z,28.462096666666667
2025-08-13T11:44:00Z,28.46163
2025-08-13T11:45:00Z,28.456975
2025-08-13T11:46:00Z,28.455223333333333
2025-08-13T11:47:00Z,28.453668333333333
2025-08-13T11:48:00Z,28.453286666666667
2025-08-13T11:49:00Z,28.451583333333332
2025-08-13T11:50:00Z,28.452248333333333
2025-08-13T11:51:00Z,28.451421666666665
2025-08-13T11:52:00Z,28.44587166666667
2025-08-13T11:53:00Z,28.443335
2025-08-13T11:54:00Z,28.442013333333335
2025-08-13T11:55:00Z,28.441828333333333
2025-08-13T11:56:00Z,28.443333333333335
2025-08-13T11:57:00Z,28.446956666666665
2025-08-13T11:58:00Z,28.453226666666666
2025-08-13T11:59:00Z,28.46151
2025-08-13T12:00:00Z,28.465135
2025-08-13T12:01:00Z,28.468413333333334
2025-08-13T12:02:00Z,28.472996666666667
2025-08-13T12:03:00Z,28.477185
2025-08-13T12:04:00Z,28.480473333333332
2025-08-13T12:05:00Z,28.482768333333333
2025-08-13T12:06:00Z,28.481893333333332
2025-08-13T12:07:00Z,28.48227
2025-08-13T12:08:00Z,28.480995
2025-08-13T12:09:00Z,28.484658333333336
2025-08-13T12:10:00Z,28.490376666666666
2025-08-13T12:11:00Z,28.49589
2025-08-13T12:12:00Z,28.500571666666666
2025-08-13T12:13:00Z,28.50191
2025-08-13T12:14:00Z,28.49698
2025-08-13T12:15:00Z,28.492406666666664
2025-08-13T12:16:00Z,28.492428333333333
2025-08-13T12:17:00Z,28.493121666666667
2025-08-13T12:18:00Z,28.494008333333333
2025-08-13T12:19:00Z,28.496409999999997
2025-08-13T12:20:00Z,28.49974
2025-08-13T12:21:00Z,28.500001666666666
2025-08-13T12:22:00Z,28.491801666666667
2025-08-13T12:23:00Z,28.483228333333333
2025-08-13T12:24:00Z,28.477764999999998
2025-08-13T12:25:00Z,28.477206666666667
2025-08-13T12:26:00Z,28.474345
2025-08-13T12:27:00Z,28.4709
2025-08-13T12:28:00Z,28.472195
2025-08-13T12:29:00Z,28.469829999999998
2025-08-13T12:30:00Z,28.461041666666667
2025-08-13T12:31:00Z,28.455976666666665
2025-08-13T12:32:00Z,28.4564
2025-08-13T12:33:00Z,28.457115
2025-08-13T12:34:00Z,28.45536
2025-08-13T12:35:00Z,28.452975
2025-08-13T12:36:00Z,28.453553333333332
2025-08-13T12:37:00Z,28.451781666666665
2025-08-13T12:38:00Z,28.449195
2025-08-13T12:39:00Z,28.450871666666664
2025-08-13T12:40:00Z,28.4548
2025-08-13T12:41:00Z,28.460065
2025-08-13T12:42:00Z,28.462786666666666
2025-08-13T12:43:00Z,28.463631666666668
2025-08-13T12:44:00Z,28.460328333333333
2025-08-13T12:45:00Z,28.455436666666667
2025-08-13T12:46:00Z,28.452276666666666
2025-08-13T12:47:00Z,28.448741666666667
2025-08-13T12:48:00Z,28.443495000000002
2025-08-13T12:49:00Z,28.442663333333336
2025-08-13T12:50:00Z,28.443288333333335
2025-08-13T12:51:00Z,28.440540000000002
2025-08-13T12:52:00Z,28.437295
2025-08-13T12:53:00Z,28.432806666666668
2025-08-13T12:54:00Z,28.427771666666665
2025-08-13T12:55:00Z,28.424271666666666
2025-08-13T12:56:00Z,28.422811666666668
2025-08-13T12:57:00Z,28.422483333333336
2025-08-13T12:58:00Z,28.42475
2025-08-13T12:59:00Z,28.429048333333334
2025-08-13T13:00:00Z,28.431751666666667
2025-08-13T13:01:00Z,28.434593333333332
2025-08-13T13:02:00Z,28.440160000000002
2025-08-13T13:03:00Z,28.445435
2025-08-13T13:04:00Z,28.45106
2025-08-13T13:05:00Z,28.45605
2025-08-13T13:06:00Z,28.459736666666668
2025-08-13T13:07:00Z,28.46421
2025-08-13T13:08:00Z,28.464616666666668
2025-08-13T13:09:00Z,28.461798333333334
2025-08-13T13:10:00Z,28.462013333333335
2025-08-13T13:11:00Z,28.465231666666668
2025-08-13T13:12:00Z,28.468363333333336
2025-08-13T13:13:00Z,28.47115833333333
2025-08-13T13:14:00Z,28.47635
2025-08-13T13:15:00Z,28.479791666666667
2025-08-13T13:16:00Z,28.481775
2025-08-13T13:17:00Z,28.485308333333336
2025-08-13T13:18:00Z,28.489613333333335
2025-08-13T13:19:00Z,28.494909999999997
2025-08-13T13:20:00Z,28.500985
2025-08-13T13:21:00Z,28.505833333333335
2025-08-13T13:22:00Z,28.510288333333335
2025-08-13T13:23:00Z,28.512743333333336
2025-08-13T13:24:00Z,28.514235
2025-08-13T13:25:00Z,28.51403666666667
2025-08-13T13:26:00Z,28.513485000000003
2025-08-13T13:27:00Z,28.513415000000002
2025-08-13T13:28:00Z,28.514565
2025-08-13T13:29:00Z,28.511308333333336
2025-08-13T13:30:00Z,28.507168333333333
2025-08-13T13:31:00Z,28.502798333333335
2025-08-13T13:32:00Z,28.50122
2025-08-13T13:33:00Z,28.505603333333333
2025-08-13T13:34:00Z,28.511145000000003
2025-08-13T13:35:00Z,28.517621666666667
2025-08-13T13:36:00Z,28.521646666666665
2025-08-13T13:37:00Z,28.52535
2025-08-13T13:38:00Z,28.528205
2025-08-13T13:39:00Z,28.53072166666667
2025-08-13T13:40:00Z,28.53046
2025-08-13T13:41:00Z,28.528323333333333
2025-08-13T13:42:00Z,28.526641666666666
2025-08-13T13:43:00Z,28.522215
2025-08-13T13:44:00Z,28.517854999999997
2025-08-13T13:45:00Z,28.516576666666666
2025-08-13T13:46:00Z,28.51901833333333
2025-08-13T13:47:00Z,28.521006666666665
2025-08-13T13:48:00Z,28.525668333333332
2025-08-13T13:49:00Z,28.52599
2025-08-13T13:50:00Z,28.52382
2025-08-13T13:51:00Z,28.523221666666668
2025-08-13T13:52:00Z,28.522053333333332
2025-08-13T13:53:00Z,28.522031666666667
2025-08-13T13:54:00Z,28.52738666666667
2025-08-13T13:55:00Z,28.531525000000002
2025-08-13T13:56:00Z,28.530886666666667
2025-08-13T13:57:00Z,28.529956666666667
2025-08-13T13:58:00Z,28.53286166666667
2025-08-13T13:59:00Z,28.534996666666668
2025-08-13T14:00:00Z,28.535115
2025-08-13T14:01:00Z,28.534346666666668
2025-08-13T14:02:00Z,28.53210166666667
2025-08-13T14:03:00Z,28.530675000000002
2025-08-13T14:04:00Z,28.52933
2025-08-13T14:05:00Z,28.530668333333335
2025-08-13T14:06:00Z,28.533623333333335
2025-08-13T14:07:00Z,28.539931666666664
2025-08-13T14:08:00Z,28.545041666666666
2025-08-13T14:09:00Z,28.546223333333334
2025-08-13T14:10:00Z,28.547656666666665
2025-08-13T14:11:00Z,28.54568
2025-08-13T14:12:00Z,28.544185
2025-08-13T14:13:00Z,28.541696666666667
2025-08-13T14:14:00Z,28.540121666666664
2025-08-13T14:15:00Z,28.543746666666667
2025-08-13T14:16:00Z,28.549998333333335
2025-08-13T14:17:00Z,28.554471666666668
2025-08-13T14:18:00Z,28.55435
2025-08-13T14:19:00Z,28.554090000000002
2025-08-13T14:20:00Z,28.553733333333334
2025-08-13T14:21:00Z,28.552383333333335
2025-08-13T14:22:00Z,28.552315
2025-08-13T14:23:00Z,28.558045
2025-08-13T14:24:00Z,28.557895000000002
2025-08-13T14:25:00Z,28.55460666666667
2025-08-13T14:26:00Z,28.55148
2025-08-13T14:27:00Z,28.552831666666666
2025-08-13T14:28:00Z,28.55476
2025-08-13T14:29:00Z,28.555376666666668
2025-08-13T14:30:00Z,28.555216666666666
2025-08-13T14:31:00Z,28.554566666666666
2025-08-13T14:32:00Z,28.558241666666667
2025-08-13T14:33:00Z,28.565593333333332
2025-08-13T14:34:00Z,28.571481666666667
2025-08-13T14:35:00Z,28.572405
2025-08-13T14:36:00Z,28.57257166666667
2025-08-13T14:37:00Z,28.57360166666667
2025-08-13T14:38:00Z,28.574065
2025-08-13T14:39:00Z,28.575431666666667
2025-08-13T14:40:00Z,28.574853333333333
2025-08-13T14:41:00Z,28.569353333333332
2025-08-13T14:42:00Z,28.564321666666665
2025-08-13T14:43:00Z,28.559183333333333
2025-08-13T14:44:00Z,28.555778333333336
2025-08-13T14:45:00Z,28.554058333333334
2025-08-13T14:46:00Z,28.55229
2025-08-13T14:47:00Z,28.5511
2025-08-13T14:48:00Z,28.550868333333334
2025-08-13T14:49:00Z,28.551363333333335
2025-08-13T14:50:00Z,28.552196666666667
2025-08-13T14:51:00Z,28.55242
2025-08-13T14:52:00Z,28.554771666666667
2025-08-13T14:53:00Z,28.558785
2025-08-13T14:54:00Z,28.56492
2025-08-13T14:55:00Z,28.57188
2025-08-13T14:56:00Z,28.577095
2025-08-13T14:57:00Z,28.579245
2025-08-13T14:58:00Z,28.58161
2025-08-13T14:59:00Z,28.58466
2025-08-13T15:00:00Z,28.58841333333333
2025-08-13T15:01:00Z,28.59077
2025-08-13T15:02:00Z,28.593668333333333
2025-08-13T15:03:00Z,28.596765
2025-08-13T15:04:00Z,28.599700000000002
2025-08-13T15:05:00Z,28.601078333333334
2025-08-13T15:06:00Z,28.603923333333334
2025-08-13T15:07:00Z,28.606189999999998
2025-08-13T15:08:00Z,28.60399
2025-08-13T15:09:00Z,28.599073333333333
2025-08-13T15:10:00Z,28.593918333333335
2025-08-13T15:11:00Z,28.590555
2025-08-13T15:12:00Z,28.589795
2025-08-13T15:13:00Z,28.593665
2025-08-13T15:14:00Z,28.596543333333333
2025-08-13T15:15:00Z,28.597403333333332
2025-08-13T15:16:00Z,28.599035
2025-08-13T15:17:00Z,28.601175
2025-08-13T15:18:00Z,28.603898333333333
2025-08-13T15:19:00Z,28.608645
2025-08-13T15:20:00Z,28.61321
2025-08-13T15:21:00Z,28.618546666666667
2025-08-13T15:22:00Z,28.61882
2025-08-13T15:23:00Z,28.613358333333334
2025-08-13T15:24:00Z,28.609216666666665
2025-08-13T15:25:00Z,28.605768333333334
2025-08-13T15:26:00Z,28.603763333333333
2025-08-13T15:27:00Z,28.601580000000002
2025-08-13T15:28:00Z,28.59994
2025-08-13T15:29:00Z,28.60032
2025-08-13T15:30:00Z,28.599773333333335
2025-08-13T15:31:00Z,28.600053333333335
2025-08-13T15:32:00Z,28.602896666666666
2025-08-13T15:33:00Z,28.60793
2025-08-13T15:34:00Z,28.610701666666667
2025-08-13T15:35:00Z,28.610975
2025-08-13T15:36:00Z,28.610341666666667
2025-08-13T15:37:00Z,28.609035
2025-08-13T15:38:00Z,28.610176666666664
2025-08-13T15:39:00Z,28.60965333333333
2025-08-13T15:40:00Z,28.607685
2025-08-13T15:41:00Z,28.605293333333332
2025-08-13T15:42:00Z,28.6032
2025-08-13T15:43:00Z,28.603930000000002
2025-08-13T15:44:00Z,28.603903333333335
2025-08-13T15:45:00Z,28.605788333333333
2025-08-13T15:46:00Z,28.606638333333333
2025-08-13T15:47:00Z,28.605764999999998
2025-08-13T15:48:00Z,28.604803333333333
2025-08-13T15:49:00Z,28.604211666666668
2025-08-13T15:50:00Z,28.604093333333335
2025-08-13T15:51:00Z,28.60278166666667
2025-08-13T15:52:00Z,28.600698333333334
2025-08-13T15:53:00Z,28.599175000000002
2025-08-13T15:54:00Z,28.598655
2025-08-13T15:55:00Z,28.599843333333336
2025-08-13T15:56:00Z,28.60323
2025-08-13T15:57:00Z,28.6068
2025-08-13T15:58:00Z,28.606618333333333
2025-08-13T15:59:00Z,28.60508
2025-08-13T16:00:00Z,28.603450000000002
2025-08-13T16:01:00Z,28.604041666666667
2025-08-13T16:02:00Z,28.604846666666667
2025-08-13T16:03:00Z,28.60749333333333
2025-08-13T16:04:00Z,28.609178333333332
2025-08-13T16:05:00Z,28.611676666666664
2025-08-13T16:06:00Z,28.61112333333333
2025-08-13T16:07:00Z,28.609033333333333
2025-08-13T16:08:00Z,28.60506
2025-08-13T16:09:00Z,28.603336666666667
2025-08-13T16:10:00Z,28.603548333333336
2025-08-13T16:11:00Z,28.60333
2025-08-13T16:12:00Z,28.603428333333333
2025-08-13T16:13:00Z,28.606021666666667
2025-08-13T16:14:00Z,28.60479
2025-08-13T16:15:00Z,28.598215
2025-08-13T16:16:00Z,28.593283333333332
2025-08-13T16:17:00Z,28.589935
2025-08-13T16:18:00Z,28.58908
2025-08-13T16:19:00Z,28.588771666666666
2025-08-13T16:20:00Z,28.586855
2025-08-13T16:21:00Z,28.584733333333332
2025-08-13T16:22:00Z,28.580545
2025-08-13T16:23:00Z,28.575608333333335
2025-08-13T16:24:00Z,28.571016666666665
2025-08-13T16:25:00Z,28.570175
2025-08-13T16:26:00Z,28.57069
2025-08-13T16:27:00Z,28.570333333333334
2025-08-13T16:28:00Z,28.566333333333333
2025-08-13T16:29:00Z,28.559806666666667
2025-08-13T16:30:00Z,28.554101666666668
2025-08-13T16:31:00Z,28.54784
2025-08-13T16:32:00Z,28.540716666666665
2025-08-13T16:33:00Z,28.532338333333335
2025-08-13T16:34:00Z,28.525888333333334
2025-08-13T16:35:00Z,28.52193
2025-08-13T16:36:00Z,28.517596666666666
2025-08-13T16:37:00Z,28.514110000000002
2025-08-13T16:38:00Z,28.51321666666667
2025-08-13T16:39:00Z,28.51559
2025-08-13T16:40:00Z,28.517781666666664
2025-08-13T16:41:00Z,28.520356666666665
2025-08-13T16:42:00Z,28.521908333333332
2025-08-13T16:43:00Z,28.522956666666666
2025-08-13T16:44:00Z,28.52375
2025-08-13T16:45:00Z,28.52462
2025-08-13T16:46:00Z,28.524446666666666
2025-08-13T16:47:00Z,28.523105
2025-08-13T16:48:00Z,28.519283333333334
2025-08-13T16:49:00Z,28.515535
2025-08-13T16:50:00Z,28.51351166666667
2025-08-13T16:51:00Z,28.513225000000002
2025-08-13T16:52:00Z,28.512425
2025-08-13T16:53:00Z,28.511838333333333
2025-08-13T16:54:00Z,28.508781666666668
2025-08-13T16:55:00Z,28.50394
2025-08-13T16:56:00Z,28.501508333333334
2025-08-13T16:57:00Z,28.499275
2025-08-13T16:58:00Z,28.496951666666664
2025-08-13T16:59:00Z,28.49508833333333
2025-08-13T17:00:00Z,28.493035
2025-08-13T17:01:00Z,28.48797666666667
2025-08-13T17:02:00Z,28.48308
2025-08-13T17:03:00Z,28.482966666666666
2025-08-13T17:04:00Z,28.482306666666666
2025-08-13T17:05:00Z,28.481723333333335
2025-08-13T17:06:00Z,28.48015
2025-08-13T17:07:00Z,28.478535
2025-08-13T17:08:00Z,28.47786
2025-08-13T17:09:00Z,28.477636666666665
2025-08-13T17:10:00Z,28.476111666666664
2025-08-13T17:11:00Z,28.47567
2025-08-13T17:12:00Z,28.474641666666667
2025-08-13T17:13:00Z,28.473683333333334
2025-08-13T17:14:00Z,28.47271
2025-08-13T17:15:00Z,28.47184
2025-08-13T17:16:00Z,28.471038333333333
2025-08-13T17:17:00Z,28.470454999999998
2025-08-13T17:18:00Z,28.471345
2025-08-13T17:19:00Z,28.472551666666664
2025-08-13T17:20:00Z,28.473171666666666
2025-08-13T17:21:00Z,28.473678333333332
2025-08-13T17:22:00Z,28.47379833333333
2025-08-13T17:23:00Z,28.47414
2025-08-13T17:24:00Z,28.47514
2025-08-13T17:25:00Z,28.476275
2025-08-13T17:26:00Z,28.476341666666666
2025-08-13T17:27:00Z,28.476536666666664
2025-08-13T17:28:00Z,28.477566666666668
2025-08-13T17:29:00Z,28.476591666666668
2025-08-13T17:30:00Z,28.474565
2025-08-13T17:31:00Z,28.472648333333332
2025-08-13T17:32:00Z,28.47073333333333
2025-08-13T17:33:00Z,28.469196666666665
2025-08-13T17:34:00Z,28.468575
2025-08-13T17:35:00Z,28.46797666666667
2025-08-13T17:36:00Z,28.467276666666667
2025-08-13T17:37:00Z,28.46701666666667
2025-08-13T17:38:00Z,28.467038333333335
2025-08-13T17:39:00Z,28.46647
2025-08-13T17:40:00Z,28.46701666666667
2025-08-13T17:41:00Z,28.467185
2025-08-13T17:42:00Z,28.468316666666666
2025-08-13T17:43:00Z,28.469246666666667
2025-08-13T17:44:00Z,28.470896666666665
2025-08-13T17:45:00Z,28.47123
2025-08-13T17:46:00Z,28.472741666666664
2025-08-13T17:47:00Z,28.47497333333333
2025-08-13T17:48:00Z,28.477088333333334
2025-08-13T17:49:00Z,28.479271666666666
2025-08-13T17:50:00Z,28.481703333333332
2025-08-13T17:51:00Z,28.483291666666666
2025-08-13T17:52:00Z,28.484561666666668
2025-08-13T17:53:00Z,28.484925
2025-08-13T17:54:00Z,28.48530166666667
2025-08-13T17:55:00Z,28.485976666666666
2025-08-13T17:56:00Z,28.484716666666667
2025-08-13T17:57:00Z,28.483223333333335
2025-08-13T17:58:00Z,28.481583333333333
2025-08-13T17:59:00Z,28.480356666666665
2025-08-13T18:00:00Z,28.479775
2025-08-13T18:01:00Z,28.479583333333334
2025-08-13T18:02:00Z,28.479585
2025-08-13T18:03:00Z,28.479938333333333
2025-08-13T18:04:00Z,28.480313333333335
2025-08-13T18:05:00Z,28.480546666666665
2025-08-13T18:06:00Z,28.480453333333333
2025-08-13T18:07:00Z,28.48125
2025-08-13T18:08:00Z,28.479025
2025-08-13T18:09:00Z,28.47478
2025-08-13T18:10:00Z,28.47123
2025-08-13T18:11:00Z,28.46783
2025-08-13T18:12:00Z,28.466133333333335
2025-08-13T18:13:00Z,28.46599666666667
2025-08-13T18:14:00Z,28.463671666666666
2025-08-13T18:15:00Z,28.461768333333335
2025-08-13T18:16:00Z,28.459676666666667
2025-08-13T18:17:00Z,28.457786666666667
2025-08-13T18:18:00Z,28.456993333333333
2025-08-13T18:19:00Z,28.455524999999998
2025-08-13T18:20:00Z,28.4524
2025-08-13T18:21:00Z,28.448958333333334
2025-08-13T18:22:00Z,28.44477666666667
2025-08-13T18:23:00Z,28.439975
2025-08-13T18:24:00Z,28.436985
2025-08-13T18:25:00Z,28.434546666666666
2025-08-13T18:26:00Z,28.430991666666667
2025-08-13T18:27:00Z,28.427771666666665
2025-08-13T18:28:00Z,28.424558333333334
2025-08-13T18:29:00Z,28.421158333333334
2025-08-13T18:30:00Z,28.418490000000002
2025-08-13T18:31:00Z,28.417371666666668
2025-08-13T18:32:00Z,28.416388333333334
2025-08-13T18:33:00Z,28.41411
2025-08-13T18:34:00Z,28.41172
2025-08-13T18:35:00Z,28.40871333333333
2025-08-13T18:36:00Z,28.407036666666666
2025-08-13T18:37:00Z,28.40558833333333
2025-08-13T18:38:00Z,28.403691666666667
2025-08-13T18:39:00Z,28.403125
2025-08-13T18:40:00Z,28.40244
2025-08-13T18:41:00Z,28.40181666666667
2025-08-13T18:42:00Z,28.40022666666667
2025-08-13T18:43:00Z,28.4003
2025-08-13T18:44:00Z,28.400635
2025-08-13T18:45:00Z,28.401071666666667
2025-08-13T18:46:00Z,28.40225
2025-08-13T18:47:00Z,28.402956666666665
2025-08-13T18:48:00Z,28.402671666666667
2025-08-13T18:49:00Z,28.4022
2025-08-13T18:50:00Z,28.400826666666667
2025-08-13T18:51:00Z,28.398643333333336
2025-08-13T18:52:00Z,28.396565000000002
2025-08-13T18:53:00Z,28.39430666666667
2025-08-13T18:54:00Z,28.392165
2025-08-13T18:55:00Z,28.390563333333333
2025-08-13T18:56:00Z,28.389601666666668
2025-08-13T18:57:00Z,28.38969
2025-08-13T18:58:00Z,28.390278333333335
2025-08-13T18:59:00Z,28.391086666666666
2025-08-13T19:00:00Z,28.39233
2025-08-13T19:01:00Z,28.392378333333333
2025-08-13T19:02:00Z,28.391973333333333
2025-08-13T19:03:00Z,28.391056666666667
2025-08-13T19:04:00Z,28.389428333333335
2025-08-13T19:05:00Z,28.388746666666666
2025-08-13T19:06:00Z,28.38791833333333
2025-08-13T19:07:00Z,28.386043333333333
2025-08-13T19:08:00Z,28.38443
2025-08-13T19:09:00Z,28.382278333333332
2025-08-13T19:10:00Z,28.3791
2025-08-13T19:11:00Z,28.375238333333336
2025-08-13T19:12:00Z,28.373253333333334
2025-08-13T19:13:00Z,28.372056666666666
2025-08-13T19:14:00Z,28.370461666666667
2025-08-13T19:15:00Z,28.36971
2025-08-13T19:16:00Z,28.369615
2025-08-13T19:17:00Z,28.37008
2025-08-13T19:18:00Z,28.369803333333333
2025-08-13T19:19:00Z,28.369441666666667
2025-08-13T19:20:00Z,28.369205
2025-08-13T19:21:00Z,28.368563333333334
2025-08-13T19:22:00Z,28.368395
2025-08-13T19:23:00Z,28.367981666666665
2025-08-13T19:24:00Z,28.368075
2025-08-13T19:25:00Z,28.3681
2025-08-13T19:26:00Z,28.368126666666665
2025-08-13T19:27:00Z,28.369016666666667
2025-08-13T19:28:00Z,28.369185
2025-08-13T19:29:00Z,28.36949166666667
2025-08-13T19:30:00Z,28.368971666666667
2025-08-13T19:31:00Z,28.366286666666667
2025-08-13T19:32:00Z,28.364398333333334
2025-08-13T19:33:00Z,28.364888333333333
2025-08-13T19:34:00Z,28.363948333333333
2025-08-13T19:35:00Z,28.362648333333333
2025-08-13T19:36:00Z,28.361706666666667
2025-08-13T19:37:00Z,28.361845
2025-08-13T19:38:00Z,28.36114
2025-08-13T19:39:00Z,28.361046666666667
2025-08-13T19:40:00Z,28.36018
2025-08-13T19:41:00Z,28.360196666666667
2025-08-13T19:42:00Z,28.359136666666664
2025-08-13T19:43:00Z,28.358391666666666
2025-08-13T19:44:00Z,28.357456666666668
2025-08-13T19:45:00Z,28.356783333333333
2025-08-13T19:46:00Z,28.356145
2025-08-13T19:47:00Z,28.35555666666667
2025-08-13T19:48:00Z,28.35504166666667
2025-08-13T19:49:00Z,28.35574666666667
2025-08-13T19:50:00Z,28.35534666666667
2025-08-13T19:51:00Z,28.355508333333333
2025-08-13T19:52:00Z,28.35558
2025-08-13T19:53:00Z,28.355933333333333
2025-08-13T19:54:00Z,28.35584
2025-08-13T19:55:00Z,28.356193333333334
2025-08-13T19:56:00Z,28.356266666666667
2025-08-13T19:57:00Z,28.356998333333333
2025-08-13T19:58:00Z,28.357326666666665
2025-08-13T19:59:00Z,28.357765
2025-08-13T20:00:00Z,28.358863333333332
2025-08-13T20:01:00Z,28.35914
2025-08-13T20:02:00Z,28.359491666666667
2025-08-13T20:03:00Z,28.35935
2025-08-13T20:04:00Z,28.359321666666666
2025-08-13T20:05:00Z,28.35816833333333
2025-08-13T20:06:00Z,28.35757
2025-08-13T20:07:00Z,28.356951666666667
2025-08-13T20:08:00Z,28.3566
2025-08-13T20:09:00Z,28.35624
2025-08-13T20:10:00Z,28.355136666666667
2025-08-13T20:11:00Z,28.354480000000002
2025-08-13T20:12:00Z,28.353763333333333
2025-08-13T20:13:00Z,28.353763333333333
2025-08-13T20:14:00Z,28.354363333333335
2025-08-13T20:15:00Z,28.355251666666668
2025-08-13T20:16:00Z,28.355838333333335
2025-08-13T20:17:00Z,28.355415
2025-08-13T20:18:00Z,28.35481
2025-08-13T20:19:00Z,28.354005
2025-08-13T20:20:00Z,28.354071666666666
2025-08-13T20:21:00Z,28.354455
2025-08-13T20:22:00Z,28.354598333333335
2025-08-13T20:23:00Z,28.354073333333336
2025-08-13T20:24:00Z,28.35408
2025-08-13T20:25:00Z,28.353078333333336
2025-08-13T20:26:00Z,28.352600000000002
2025-08-13T20:27:00Z,28.35218
2025-08-13T20:28:00Z,28.352306666666667
2025-08-13T20:29:00Z,28.352065
2025-08-13T20:30:00Z,28.3518
2025-08-13T20:31:00Z,28.351223333333333
2025-08-13T20:32:00Z,28.351345000000002
2025-08-13T20:33:00Z,28.351583333333334
2025-08-13T20:34:00Z,28.350656666666666
2025-08-13T20:35:00Z,28.350465
2025-08-13T20:36:00Z,28.349998333333335
2025-08-13T20:37:00Z,28.349998333333335
2025-08-13T20:38:00Z,28.350118333333334
2025-08-13T20:39:00Z,28.34988166666667
2025-08-13T20:40:00Z,28.350728333333333
2025-08-13T20:41:00Z,28.350913333333335
2025-08-13T20:42:00Z,28.353265
2025-08-13T20:43:00Z,28.354308333333336
2025-08-13T20:44:00Z,28.35436166666667
2025-08-13T20:45:00Z,28.353843333333334
2025-08-13T20:46:00Z,28.35290666666667
2025-08-13T20:47:00Z,28.353295000000003
2025-08-13T20:48:00Z,28.352765
2025-08-13T20:49:00Z,28.352251666666668
2025-08-13T20:50:00Z,28.352205
2025-08-13T20:51:00Z,28.352140000000002
2025-08-13T20:52:00Z,28.35170666666667
2025-08-13T20:53:00Z,28.351703333333333
2025-08-13T20:54:00Z,28.351296666666666
2025-08-13T20:55:00Z,28.352088333333334
2025-08-13T20:56:00Z,28.351778333333336
2025-08-13T20:57:00Z,28.351781666666668
2025-08-13T20:58:00Z,28.35211166666667
2025-08-13T20:59:00Z,28.352323333333334
2025-08-13T21:00:00Z,28.353288333333335
2025-08-13T21:01:00Z,28.353438333333333
2025-08-13T21:02:00Z,28.35357666666667
2025-08-13T21:03:00Z,28.353575000000003
2025-08-13T21:04:00Z,28.35422
2025-08-13T21:05:00Z,28.354155000000002
2025-08-13T21:06:00Z,28.353555
2025-08-13T21:07:00Z,28.354105
2025-08-13T21:08:00Z,28.353841666666668
2025-08-13T21:09:00Z,28.353745
2025-08-13T21:10:00Z,28.353820000000002
2025-08-13T21:11:00Z,28.354241666666667
2025-08-13T21:12:00Z,28.354758333333333
2025-08-13T21:13:00Z,28.355088333333335
2025-08-13T21:14:00Z,28.355931666666667
2025-08-13T21:15:00Z,28.355980000000002
2025-08-13T21:16:00Z,28.355863333333335
2025-08-13T21:17:00Z,28.355858333333334
2025-08-13T21:18:00Z,28.355043333333334
2025-08-13T21:19:00Z,28.354573333333335
2025-08-13T21:20:00Z,28.354028333333336
2025-08-13T21:21:00Z,28.354148333333335
2025-08-13T21:22:00Z,28.353723333333335
2025-08-13T21:23:00Z,28.35339666666667
2025-08-13T21:24:00Z,28.35396
2025-08-13T21:25:00Z,28.35440666666667
2025-08-13T21:26:00Z,28.355206666666668
2025-08-13T21:27:00Z,28.35584
2025-08-13T21:28:00Z,28.356008333333335
2025-08-13T21:29:00Z,28.356615
2025-08-13T21:30:00Z,28.35653
2025-08-13T21:31:00Z,28.35693
2025-08-13T21:32:00Z,28.357286666666667
2025-08-13T21:33:00Z,28.357544999999998
2025-08-13T21:34:00Z,28.357408333333332
2025-08-13T21:35:00Z,28.356906666666667
2025-08-13T21:36:00Z,28.357453333333332
2025-08-13T21:37:00Z,28.35751833333333
2025-08-13T21:38:00Z,28.35847833333333
2025-08-13T21:39:00Z,28.358943333333333
2025-08-13T21:40:00Z,28.359201666666664
2025-08-13T21:41:00Z,28.359491666666667
2025-08-13T21:42:00Z,28.359821666666665
2025-08-13T21:43:00Z,28.360696666666666
2025-08-13T21:44:00Z,28.361003333333333
2025-08-13T21:45:00Z,28.360883333333334
2025-08-13T21:46:00Z,28.361216666666664
2025-08-13T21:47:00Z,28.360928333333334
2025-08-13T21:48:00Z,28.361396666666664
2025-08-13T21:49:00Z,28.362054999999998
2025-08-13T21:50:00Z,28.36236333333333
2025-08-13T21:51:00Z,28.3627
2025-08-13T21:52:00Z,28.36272333333333
2025-08-13T21:53:00Z,28.363318333333332
2025-08-13T21:54:00Z,28.363246666666665
2025-08-13T21:55:00Z,28.363991666666667
2025-08-13T21:56:00Z,28.363656666666667
2025-08-13T21:57:00Z,28.363801666666667
2025-08-13T21:58:00Z,28.364186666666665
2025-08-13T21:59:00Z,28.363705
2025-08-13T22:00:00Z,28.364236666666667
2025-08-13T22:01:00Z,28.364255
2025-08-13T22:02:00Z,28.36634
2025-08-13T22:03:00Z,28.36762166666667
2025-08-13T22:04:00Z,28.367981666666665
2025-08-13T22:05:00Z,28.367308333333334
2025-08-13T22:06:00Z,28.36731
2025-08-13T22:07:00Z,28.367123333333332
2025-08-13T22:08:00Z,28.367208333333334
2025-08-13T22:09:00Z,28.367335
2025-08-13T22:10:00Z,28.366875
2025-08-13T22:11:00Z,28.366903333333333
2025-08-13T22:12:00Z,28.36664
2025-08-13T22:13:00Z,28.366235
2025-08-13T22:14:00Z,28.366026666666667
2025-08-13T22:15:00Z,28.366231666666668
2025-08-13T22:16:00Z,28.366233333333334
2025-08-13T22:17:00Z,28.366966666666666
2025-08-13T22:18:00Z,28.366998333333335
2025-08-13T22:19:00Z,28.367136666666667
2025-08-13T22:20:00Z,28.367143333333335
2025-08-13T22:21:00Z,28.367978333333333
2025-08-13T22:22:00Z,28.367768333333334
2025-08-13T22:23:00Z,28.367516666666667
2025-08-13T22:24:00Z,28.367403333333332
2025-08-13T22:25:00Z,28.367431666666665
2025-08-13T22:26:00Z,28.366211666666665
2025-08-13T22:27:00Z,28.36659
2025-08-13T22:28:00Z,28.366456666666668
2025-08-13T22:29:00Z,28.366211666666665
2025-08-13T22:30:00Z,28.366261666666666
2025-08-13T22:31:00Z,28.366711666666667
2025-08-13T22:32:00Z,28.366731666666666
2025-08-13T22:33:00Z,28.366993333333333
2025-08-13T22:34:00Z,28.367381666666667
2025-08-13T22:35:00Z,28.367336666666667
2025-08-13T22:36:00Z,28.367695
2025-08-13T22:37:00Z,28.36762
2025-08-13T22:38:00Z,28.36817
2025-08-13T22:39:00Z,28.368143333333332
2025-08-13T22:40:00Z,28.368635
2025-08-13T22:41:00Z,28.368805000000002
2025-08-13T22:42:00Z,28.369183333333332
2025-08-13T22:43:00Z,28.369635
2025-08-13T22:44:00Z,28.369708333333335
2025-08-13T22:45:00Z,28.370245
2025-08-13T22:46:00Z,28.370295
2025-08-13T22:47:00Z,28.370813333333334
2025-08-13T22:48:00Z,28.370838333333335
2025-08-13T22:49:00Z,28.371376666666666
2025-08-13T22:50:00Z,28.372220000000002
2025-08-13T22:51:00Z,28.372193333333335
2025-08-13T22:52:00Z,28.371965
2025-08-13T22:53:00Z,28.372036666666666
2025-08-13T22:54:00Z,28.372198333333333
2025-08-13T22:55:00Z,28.37196666666667
2025-08-13T22:56:00Z,28.37248166666667
2025-08-13T22:57:00Z,28.372600000000002
2025-08-13T22:58:00Z,28.372486666666667
2025-08-13T22:59:00Z,28.372866666666667
2025-08-13T23:00:00Z,28.372506666666666
2025-08-13T23:01:00Z,28.372271666666666
2025-08-13T23:02:00Z,28.372456666666668
2025-08-13T23:03:00Z,28.372725
2025-08-13T23:04:00Z,28.373111666666667
2025-08-13T23:05:00Z,28.373148333333333
2025-08-13T23:06:00Z,28.373948333333335
2025-08-13T23:07:00Z,28.373873333333336
2025-08-13T23:08:00Z,28.374276666666667
2025-08-13T23:09:00Z,28.37479
2025-08-13T23:10:00Z,28.374713333333336
2025-08-13T23:11:00Z,28.375641666666667
2025-08-13T23:12:00Z,28.375615
2025-08-13T23:13:00Z,28.376205000000002
2025-08-13T23:14:00Z,28.376485000000002
2025-08-13T23:15:00Z,28.376630000000002
2025-08-13T23:16:00Z,28.378025
2025-08-13T23:17:00Z,28.380251666666666
2025-08-13T23:18:00Z,28.380846666666667
2025-08-13T23:19:00Z,28.381201666666666
2025-08-13T23:20:00Z,28.38049333333333
2025-08-13T23:21:00Z,28.38047333333333
2025-08-13T23:22:00Z,28.380391666666664
2025-08-13T23:23:00Z,28.38073
2025-08-13T23:24:00Z,28.380893333333333
2025-08-13T23:25:00Z,28.380703333333333
2025-08-13T23:26:00Z,28.381246666666666
2025-08-13T23:27:00Z,28.381486666666664
2025-08-13T23:28:00Z,28.38177
2025-08-13T23:29:00Z,28.382283333333334
2025-08-13T23:30:00Z,28.382423333333332
2025-08-13T23:31:00Z,28.383125
2025-08-13T23:32:00Z,28.382963333333333
2025-08-13T23:33:00Z,28.383216666666666
2025-08-13T23:34:00Z,28.383006666666667
2025-08-13T23:35:00Z,28.382936666666666
2025-08-13T23:36:00Z,28.38353
2025-08-13T23:37:00Z,28.383806666666665
2025-08-13T23:38:00Z,28.384335
2025-08-13T23:39:00Z,28.38504
2025-08-13T23:40:00Z,28.385871666666667
2025-08-13T23:41:00Z,28.387185
2025-08-13T23:42:00Z,28.388151666666666
2025-08-13T23:43:00Z,28.389548333333334
2025-08-13T23:44:00Z,28.390323333333335
2025-08-13T23:45:00Z,28.390776666666667
2025-08-13T23:46:00Z,28.391456666666667
2025-08-13T23:47:00Z,28.392093333333335
2025-08-13T23:48:00Z,28.392543333333332
2025-08-13T23:49:00Z,28.39273
2025-08-13T23:50:00Z,28.39348
2025-08-13T23:51:00Z,28.39331
2025-08-13T23:52:00Z,28.393571666666666
2025-08-13T23:53:00Z,28.39393
2025-08-13T23:54:00Z,28.394473333333334
2025-08-13T23:55:00Z,28.395345000000002
2025-08-13T23:56:00Z,28.395371666666666
2025-08-13T23:57:00Z,28.39542
2025-08-13T23:58:00Z,28.39647
2025-08-13T23:59:00Z,28.397701666666666
2025-08-14T00:00:00Z,28.398926666666668
2025-08-14T00:01:00Z,28.400058333333334
2025-08-14T00:02:00Z,28.400615000000002
2025-08-14T00:03:00Z,28.401025
2025-08-14T00:04:00Z,28.401118333333333
2025-08-14T00:05:00Z,28.401116666666667
2025-08-14T00:06:00Z,28.401020000000003
2025-08-14T00:07:00Z,28.401220000000002
2025-08-14T00:08:00Z,28.400928333333333
2025-08-14T00:09:00Z,28.40135666666667
2025-08-14T00:10:00Z,28.402078333333336
2025-08-14T00:11:00Z,28.402411666666666
2025-08-14T00:12:00Z,28.403381666666665
2025-08-14T00:13:00Z,28.403858333333332
2025-08-14T00:14:00Z,28.40359833333333
2025-08-14T00:15:00Z,28.404259999999997
2025-08-14T00:16:00Z,28.404006666666664
2025-08-14T00:17:00Z,28.404386666666667
2025-08-14T00:18:00Z,28.40521
2025-08-14T00:19:00Z,28.406568333333333
2025-08-14T00:20:00Z,28.40711
2025-08-14T00:21:00Z,28.407278333333334
2025-08-14T00:22:00Z,28.40786333333333
2025-08-14T00:23:00Z,28.407796666666666
2025-08-14T00:24:00Z,28.40843
2025-08-14T00:25:00Z,28.409065
2025-08-14T00:26:00Z,28.409495
2025-08-14T00:27:00Z,28.409656666666667
2025-08-14T00:28:00Z,28.409826666666667
2025-08-14T00:29:00Z,28.410305
2025-08-14T00:30:00Z,28.410185
2025-08-14T00:31:00Z,28.410588333333333
2025-08-14T00:32:00Z,28.413118333333333
2025-08-14T00:33:00Z,28.413773333333335
2025-08-14T00:34:00Z,28.414808333333333
2025-08-14T00:35:00Z,28.414625
2025-08-14T00:36:00Z,28.414028333333334
2025-08-14T00:37:00Z,28.413705
2025-08-14T00:38:00Z,28.41319
2025-08-14T00:39:00Z,28.413306666666667
2025-08-14T00:40:00Z,28.412958333333332
2025-08-14T00:41:00Z,28.412905
2025-08-14T00:42:00Z,28.412813333333332
2025-08-14T00:43:00Z,28.413236666666666
2025-08-14T00:44:00Z,28.41377
2025-08-14T00:45:00Z,28.41356
2025-08-14T00:46:00Z,28.414528333333333
2025-08-14T00:47:00Z,28.41439
2025-08-14T00:48:00Z,28.415428333333335
2025-08-14T00:49:00Z,28.415575
2025-08-14T00:50:00Z,28.415908333333334
2025-08-14T00:51:00Z,28.416418333333333
2025-08-14T00:52:00Z,28.417223333333332
2025-08-14T00:53:00Z,28.417968333333334
2025-08-14T00:54:00Z,28.418586666666666
2025-08-14T00:55:00Z,28.41925
2025-08-14T00:56:00Z,28.42008166666667
2025-08-14T00:57:00Z,28.420195
2025-08-14T00:58:00Z,28.42046666666667
2025-08-14T00:59:00Z,28.420180000000002
2025-08-14T01:00:00Z,28.421121666666668
2025-08-14T01:01:00Z,28.421086666666667
2025-08-14T01:02:00Z,28.420783333333336
2025-08-14T01:03:00Z,28.42115
2025-08-14T01:04:00Z,28.421021666666668
2025-08-14T01:05:00Z,28.421433333333333
2025-08-14T01:06:00Z,28.421746666666667
2025-08-14T01:07:00Z,28.421938333333333
2025-08-14T01:08:00Z,28.422931666666667
2025-08-14T01:09:00Z,28.423638333333333
2025-08-14T01:10:00Z,28.425
2025-08-14T01:11:00Z,28.427008333333333
2025-08-14T01:12:00Z,28.428443333333334
2025-08-14T01:13:00Z,28.430184999999998
2025-08-14T01:14:00Z,28.431946666666665
2025-08-14T01:15:00Z,28.434026666666668
2025-08-14T01:16:00Z,28.435165
2025-08-14T01:17:00Z,28.43633833333333
2025-08-14T01:18:00Z,28.437153333333335
2025-08-14T01:19:00Z,28.437685000000002
2025-08-14T01:20:00Z,28.438468333333333
2025-08-14T01:21:00Z,28.438465
2025-08-14T01:22:00Z,28.439078333333335
2025-08-14T01:23:00Z,28.439588333333333
2025-08-14T01:24:00Z,28.439141666666668
2025-08-14T01:25:00Z,28.439261666666667
2025-08-14T01:26:00Z,28.43889
2025-08-14T01:27:00Z,28.438863333333334
2025-08-14T01:28:00Z,28.43887
2025-08-14T01:29:00Z,28.438798333333335
2025-08-14T01:30:00Z,28.43922
2025-08-14T01:31:00Z,28.439875
2025-08-14T01:32:00Z,28.44099
2025-08-14T01:33:00Z,28.44208666666667
2025-08-14T01:34:00Z,28.443021666666667
2025-08-14T01:35:00Z,28.443673333333333
2025-08-14T01:36:00Z,28.44414666666667
2025-08-14T01:37:00Z,28.444945
2025-08-14T01:38:00Z,28.44492
2025-08-14T01:39:00Z,28.44525
2025-08-14T01:40:00Z,28.445973333333335
2025-08-14T01:41:00Z,28.446371666666668
2025-08-14T01:42:00Z,28.446946666666665
2025-08-14T01:43:00Z,28.446186666666666
2025-08-14T01:44:00Z,28.44645
2025-08-14T01:45:00Z,28.446513333333332
2025-08-14T01:46:00Z,28.446941666666667
2025-08-14T01:47:00Z,28.448069999999998
2025-08-14T01:48:00Z,28.44880333333333
2025-08-14T01:49:00Z,28.449299999999997
2025-08-14T01:50:00Z,28.449413333333332
2025-08-14T01:51:00Z,28.450558333333333
2025-08-14T01:52:00Z,28.452716666666667
2025-08-14T01:53:00Z,28.452391666666667
2025-08-14T01:54:00Z,28.452518333333334
2025-08-14T01:55:00Z,28.45242
2025-08-14T01:56:00Z,28.45264333333333
2025-08-14T01:57:00Z,28.453094999999998
2025-08-14T01:58:00Z,28.453216666666666
2025-08-14T01:59:00Z,28.4531
2025-08-14T02:00:00Z,28.453761666666665
2025-08-14T02:01:00Z,28.454308333333334
2025-08-14T02:02:00Z,28.45527
2025-08-14T02:03:00Z,28.455759999999998
2025-08-14T02:04:00Z,28.455806666666668
2025-08-14T02:05:00Z,28.455691666666667
2025-08-14T02:06:00Z,28.456276666666668
2025-08-14T02:07:00Z,28.456301666666665
2025-08-14T02:08:00Z,28.456516666666666
2025-08-14T02:09:00Z,28.456756666666667
2025-08-14T02:10:00Z,28.456586666666666
2025-08-14T02:11:00Z,28.456985
2025-08-14T02:12:00Z,28.457081666666667
2025-08-14T02:13:00Z,28.456943333333335
2025-08-14T02:14:00Z,28.457405
2025-08-14T02:15:00Z,28.457398333333334
2025-08-14T02:16:00Z,28.457135
2025-08-14T02:17:00Z,28.457251666666668
2025-08-14T02:18:00Z,28.456965
2025-08-14T02:19:00Z,28.457088333333335
2025-08-14T02:20:00Z,28.456891666666667
2025-08-14T02:21:00Z,28.45723
2025-08-14T02:22:00Z,28.457805
2025-08-14T02:23:00Z,28.457716666666666
2025-08-14T02:24:00Z,28.458095
2025-08-14T02:25:00Z,28.458463333333334
2025-08-14T02:26:00Z,28.459081666666666
2025-08-14T02:27:00Z,28.458605
2025-08-14T02:28:00Z,28.458143333333332
2025-08-14T02:29:00Z,28.45735
2025-08-14T02:30:00Z,28.45675
2025-08-14T02:31:00Z,28.45635
2025-08-14T02:32:00Z,28.456043333333334
2025-08-14T02:33:00Z,28.456445
2025-08-14T02:34:00Z,28.456398333333333
2025-08-14T02:35:00Z,28.45651833333333
2025-08-14T02:36:00Z,28.456675
2025-08-14T02:37:00Z,28.456398333333333
2025-08-14T02:38:00Z,28.456181666666666
2025-08-14T02:39:00Z,28.454518333333333
2025-08-14T02:40:00Z,28.453885
2025-08-14T02:41:00Z,28.453503333333334
2025-08-14T02:42:00Z,28.453145
2025-08-14T02:43:00Z,28.452785
2025-08-14T02:44:00Z,28.45269
2025-08-14T02:45:00Z,28.452371666666664
2025-08-14T02:46:00Z,28.452231666666666
2025-08-14T02:47:00Z,28.452496666666665
2025-08-14T02:48:00Z,28.452036666666665
2025-08-14T02:49:00Z,28.45090833333333
2025-08-14T02:50:00Z,28.45081833333333
2025-08-14T02:51:00Z,28.449986666666664
2025-08-14T02:52:00Z,28.448995
2025-08-14T02:53:00Z,28.448531666666664
2025-08-14T02:54:00Z,28.447886666666665
2025-08-14T02:55:00Z,28.447258333333334
2025-08-14T02:56:00Z,28.447181666666665
2025-08-14T02:57:00Z,28.44752
2025-08-14T02:58:00Z,28.447231666666667
2025-08-14T02:59:00Z,28.446688333333334
2025-08-14T03:00:00Z,28.44579166666667
2025-08-14T03:01:00Z,28.445081666666667
2025-08-14T03:02:00Z,28.444636666666668
2025-08-14T03:03:00Z,28.444211666666668
2025-08-14T03:04:00Z,28.444376666666667
2025-08-14T03:05:00Z,28.444803333333336
2025-08-14T03:06:00Z,28.44671333333333
2025-08-14T03:07:00Z,28.4481
2025-08-14T03:08:00Z,28.44799833333333
2025-08-14T03:09:00Z,28.44783333333333
2025-08-14T03:10:00Z,28.447548333333334
2025-08-14T03:11:00Z,28.447641666666666
2025-08-14T03:12:00Z,28.447763333333334
2025-08-14T03:13:00Z,28.447564999999997
2025-08-14T03:14:00Z,28.447668333333333
2025-08-14T03:15:00Z,28.447421666666667
2025-08-14T03:16:00Z,28.447831666666666
2025-08-14T03:17:00Z,28.447793333333333
2025-08-14T03:18:00Z,28.448005
2025-08-14T03:19:00Z,28.448318333333333
2025-08-14T03:20:00Z,28.44868
2025-08-14T03:21:00Z,28.448943333333332
2025-08-14T03:22:00Z,28.448746666666665
2025-08-14T03:23:00Z,28.449346666666667
2025-08-14T03:24:00Z,28.44934
2025-08-14T03:25:00Z,28.448819999999998
2025-08-14T03:26:00Z,28.448536666666666
2025-08-14T03:27:00Z,28.447541666666666
2025-08-14T03:28:00Z,28.44581
2025-08-14T03:29:00Z,28.443260000000002
2025-08-14T03:30:00Z,28.441225
2025-08-14T03:31:00Z,28.438601666666667
2025-08-14T03:32:00Z,28.436145
2025-08-14T03:33:00Z,28.434523333333335
2025-08-14T03:34:00Z,28.43357333333333
2025-08-14T03:35:00Z,28.432423333333332
2025-08-14T03:36:00Z,28.43220833333333
2025-08-14T03:37:00Z,28.43179333333333
2025-08-14T03:38:00Z,28.431694999999998
2025-08-14T03:39:00Z,28.431723333333334
2025-08-14T03:40:00Z,28.43062833333333
2025-08-14T03:41:00Z,28.428725
2025-08-14T03:42:00Z,28.424726666666665
2025-08-14T03:43:00Z,28.420038333333334
2025-08-14T03:44:00Z,28.417465
2025-08-14T03:45:00Z,28.415305
2025-08-14T03:46:00Z,28.412311666666668
2025-08-14T03:47:00Z,28.409443333333332
2025-08-14T03:48:00Z,28.40758333333333
2025-08-14T03:49:00Z,28.406895
2025-08-14T03:50:00Z,28.405561666666667
2025-08-14T03:51:00Z,28.40465
2025-08-14T03:52:00Z,28.404053333333334
2025-08-14T03:53:00Z,28.404073333333333
2025-08-14T03:54:00Z,28.403996666666664
2025-08-14T03:55:00Z,28.403386666666666
2025-08-14T03:56:00Z,28.402343333333334
2025-08-14T03:57:00Z,28.401553333333336
2025-08-14T03:58:00Z,28.403098333333332
2025-08-14T03:59:00Z,28.404384999999998
2025-08-14T04:00:00Z,28.405686666666664
2025-08-14T04:01:00Z,28.408099999999997
2025-08-14T04:02:00Z,28.407956666666667
2025-08-14T04:03:00Z,28.407629999999997
2025-08-14T04:04:00Z,28.406903333333332
2025-08-14T04:05:00Z,28.405973333333332
2025-08-14T04:06:00Z,28.405784999999998
2025-08-14T04:07:00Z,28.40523333333333
2025-08-14T04:08:00Z,28.405131666666666
2025-08-14T04:09:00Z,28.404696666666666
2025-08-14T04:10:00Z,28.404076666666665
2025-08-14T04:11:00Z,28.404233333333334
2025-08-14T04:12:00Z,28.404405
2025-08-14T04:13:00Z,28.403976666666665
2025-08-14T04:14:00Z,28.40409
2025-08-14T04:15:00Z,28.403578333333332
2025-08-14T04:16:00Z,28.403505
2025-08-14T04:17:00Z,28.403051666666666
2025-08-14T04:18:00Z,28.402506666666667
2025-08-14T04:19:00Z,28.40289
2025-08-14T04:20:00Z,28.40302833333333
2025-08-14T04:21:00Z,28.403386666666666
2025-08-14T04:22:00Z,28.403496666666666
2025-08-14T04:23:00Z,28.403403333333333
2025-08-14T04:24:00Z,28.403376666666666
2025-08-14T04:25:00Z,28.403476666666666
2025-08-14T04:26:00Z,28.404225
2025-08-14T04:27:00Z,28.405661666666667
2025-08-14T04:28:00Z,28.405925
2025-08-14T04:29:00Z,28.405303333333332
2025-08-14T04:30:00Z,28.405201666666667
2025-08-14T04:31:00Z,28.405248333333333
2025-08-14T04:32:00Z,28.40549
2025-08-14T04:33:00Z,28.405228333333334
2025-08-14T04:34:00Z,28.405085
2025-08-14T04:35:00Z,28.405244999999997
2025-08-14T04:36:00Z,28.405106666666665
2025-08-14T04:37:00Z,28.405156666666667
2025-08-14T04:38:00Z,28.405391666666667
2025-08-14T04:39:00Z,28.40510833333333
2025-08-14T04:40:00Z,28.4053
2025-08-14T04:41:00Z,28.405106666666665
2025-08-14T04:42:00Z,28.40573333333333
2025-08-14T04:43:00Z,28.4059
2025-08-14T04:44:00Z,28.406803333333333
2025-08-14T04:45:00Z,28.407746666666664
2025-08-14T04:46:00Z,28.407933333333332
2025-08-14T04:47:00Z,28.409158333333334
2025-08-14T04:48:00Z,28.409873333333334
2025-08-14T04:49:00Z,28.41086
2025-08-14T04:50:00Z,28.411961666666667
2025-08-14T04:51:00Z,28.41252666666667
2025-08-14T04:52:00Z,28.413423333333334
2025-08-14T04:53:00Z,28.413941666666666
2025-08-14T04:54:00Z,28.414105
2025-08-14T04:55:00Z,28.413895
2025-08-14T04:56:00Z,28.413776666666667
2025-08-14T04:57:00Z,28.413728333333335
2025-08-14T04:58:00Z,28.413471666666666
2025-08-14T04:59:00Z,28.412955
2025-08-14T05:00:00Z,28.412718333333334
2025-08-14T05:01:00Z,28.41265
2025-08-14T05:02:00Z,28.41276166666667
2025-08-14T05:03:00Z,28.412906666666668
2025-08-14T05:04:00Z,28.413211666666665
2025-08-14T05:05:00Z,28.412815
2025-08-14T05:06:00Z,28.411905
2025-08-14T05:07:00Z,28.411836666666666
2025-08-14T05:08:00Z,28.411291666666667
2025-08-14T05:09:00Z,28.41182
2025-08-14T05:10:00Z,28.412023333333334
2025-08-14T05:11:00Z,28.412075
2025-08-14T05:12:00Z,28.41231
2025-08-14T05:13:00Z,28.412525
2025-08-14T05:14:00Z,28.412338333333334
2025-08-14T05:15:00Z,28.412745
2025-08-14T05:16:00Z,28.4125
2025-08-14T05:17:00Z,28.412568333333333
2025-08-14T05:18:00Z,28.41217333333333
2025-08-14T05:19:00Z,28.41167
2025-08-14T05:20:00Z,28.410643333333333
2025-08-14T05:21:00Z,28.410343333333334
2025-08-14T05:22:00Z,28.40972
2025-08-14T05:23:00Z,28.409583333333334
2025-08-14T05:24:00Z,28.409606666666665
2025-08-14T05:25:00Z,28.409471666666665
2025-08-14T05:26:00Z,28.409796666666665
2025-08-14T05:27:00Z,28.410086666666665
2025-08-14T05:28:00Z,28.410108333333334
2025-08-14T05:29:00Z,28.409063333333332
2025-08-14T05:30:00Z,28.409205
2025-08-14T05:31:00Z,28.40899333333333
2025-08-14T05:32:00Z,28.407791666666665
2025-08-14T05:33:00Z,28.407936666666664
2025-08-14T05:34:00Z,28.407958333333333
2025-08-14T05:35:00Z,28.407631666666667
2025-08-14T05:36:00Z,28.407326666666666
2025-08-14T05:37:00Z,28.406118333333332
2025-08-14T05:38:00Z,28.40544333333333
2025-08-14T05:39:00Z,28.405056666666667
2025-08-14T05:40:00Z,28.405076666666666
2025-08-14T05:41:00Z,28.40739333333333
2025-08-14T05:42:00Z,28.406924999999998
2025-08-14T05:43:00Z,28.406336666666665
2025-08-14T05:44:00Z,28.40486333333333
2025-08-14T05:45:00Z,28.403883333333333
2025-08-14T05:46:00Z,28.40195
2025-08-14T05:47:00Z,28.399326666666667
2025-08-14T05:48:00Z,28.39718166666667
2025-08-14T05:49:00Z,28.39520166666667
2025-08-14T05:50:00Z,28.39416166666667
2025-08-14T05:51:00Z,28.39367
2025-08-14T05:52:00Z,28.392705
2025-08-14T05:53:00Z,28.39207
2025-08-14T05:54:00Z,28.39179
2025-08-14T05:55:00Z,28.39144
2025-08-14T05:56:00Z,28.390941666666667
2025-08-14T05:57:00Z,28.390701666666665
2025-08-14T05:58:00Z,28.390803333333334
2025-08-14T05:59:00Z,28.390445
2025-08-14T06:00:00Z,28.39044833333333
2025-08-14T06:01:00Z,28.3904
2025-08-14T06:02:00Z,28.390103333333332
2025-08-14T06:03:00Z,28.389695
2025-08-14T06:04:00Z,28.389213333333334
2025-08-14T06:05:00Z,28.389236666666665
2025-08-14T06:06:00Z,28.390273333333333
2025-08-14T06:07:00Z,28.39080166666667
2025-08-14T06:08:00Z,28.390966666666667
2025-08-14T06:09:00Z,28.391043333333332
2025-08-14T06:10:00Z,28.390895
2025-08-14T06:11:00Z,28.39061
2025-08-14T06:12:00Z,28.390266666666665
2025-08-14T06:13:00Z,28.390276666666665
2025-08-14T06:14:00Z,28.390395
2025-08-14T06:15:00Z,28.390296666666668
2025-08-14T06:16:00Z,28.39045
2025-08-14T06:17:00Z,28.391293333333333
2025-08-14T06:18:00Z,28.39143333333333
2025-08-14T06:19:00Z,28.391766666666665
2025-08-14T06:20:00Z,28.39144
2025-08-14T06:21:00Z,28.391393333333333
2025-08-14T06:22:00Z,28.39108166666667
2025-08-14T06:23:00Z,28.39087
2025-08-14T06:24:00Z,28.388516666666668
2025-08-14T06:25:00Z,28.385423333333332
2025-08-14T06:26:00Z,28.382401666666667
2025-08-14T06:27:00Z,28.379213333333333
2025-08-14T06:28:00Z,28.376138333333333
2025-08-14T06:29:00Z,28.37428166666667
2025-08-14T06:30:00Z,28.371848333333332
2025-08-14T06:31:00Z,28.37067
2025-08-14T06:32:00Z,28.368531666666666
2025-08-14T06:33:00Z,28.365326666666665
2025-08-14T06:34:00Z,28.3627
2025-08-14T06:35:00Z,28.36074
2025-08-14T06:36:00Z,28.359161666666665
2025-08-14T06:37:00Z,28.35884833333333
2025-08-14T06:38:00Z,28.359323333333332
2025-08-14T06:39:00Z,28.359611666666666
2025-08-14T06:40:00Z,28.359606666666664
2025-08-14T06:41:00Z,28.359181666666665
2025-08-14T06:42:00Z,28.358245
2025-08-14T06:43:00Z,28.358024999999998
2025-08-14T06:44:00Z,28.357831666666666
2025-08-14T06:45:00Z,28.357803333333333
2025-08-14T06:46:00Z,28.358195
2025-08-14T06:47:00Z,28.358318333333333
2025-08-14T06:48:00Z,28.359568333333332
2025-08-14T06:49:00Z,28.360271666666666
2025-08-14T06:50:00Z,28.361895
2025-08-14T06:51:00Z,28.363206666666667
2025-08-14T06:52:00Z,28.36437833333333
2025-08-14T06:53:00Z,28.36519
2025-08-14T06:54:00Z,28.366786666666666
2025-08-14T06:55:00Z,28.36815
2025-08-14T06:56:00Z,28.371798333333334
2025-08-14T06:57:00Z,28.368791666666667
2025-08-14T06:58:00Z,28.362596666666665
2025-08-14T06:59:00Z,28.357295
2025-08-14T07:00:00Z,28.352735000000003
2025-08-14T07:01:00Z,28.34897
2025-08-14T07:02:00Z,28.346271666666667
2025-08-14T07:03:00Z,28.34461333333333
2025-08-14T07:04:00Z,28.34297833333333
2025-08-14T07:05:00Z,28.3417
2025-08-14T07:06:00Z,28.340545
2025-08-14T07:07:00Z,28.340038333333332
2025-08-14T07:08:00Z,28.3399
2025-08-14T07:09:00Z,28.340948333333333
2025-08-14T07:10:00Z,28.337513333333334
2025-08-14T07:11:00Z,28.334255
2025-08-14T07:12:00Z,28.32905166666667
2025-08-14T07:13:00Z,28.321785
2025-08-14T07:14:00Z,28.31457
2025-08-14T07:15:00Z,28.306565
2025-08-14T07:16:00Z,28.298346666666667
2025-08-14T07:17:00Z,28.293646666666667
2025-08-14T07:18:00Z,28.28374
2025-08-14T07:19:00Z,28.27136833333333
2025-08-14T07:20:00Z,28.260538333333333
2025-08-14T07:21:00Z,28.249183333333335
2025-08-14T07:22:00Z,28.241295
2025-08-14T07:23:00Z,28.237215
2025-08-14T07:24:00Z,28.234526666666667
2025-08-14T07:25:00Z,28.233218333333333
2025-08-14T07:26:00Z,28.232838333333333
2025-08-14T07:27:00Z,28.232651666666666
2025-08-14T07:28:00Z,28.234335
2025-08-14T07:29:00Z,28.23811
2025-08-14T07:30:00Z,28.242825
2025-08-14T07:31:00Z,28.245355
2025-08-14T07:32:00Z,28.24857
2025-08-14T07:33:00Z,28.25026833333333
2025-08-14T07:34:00Z,28.25059333333333
2025-08-14T07:35:00Z,28.252385
2025-08-14T07:36:00Z,28.253418333333332
2025-08-14T07:37:00Z,28.254436666666667
2025-08-14T07:38:00Z,28.25887
2025-08-14T07:39:00Z,28.263548333333333
2025-08-14T07:40:00Z,28.26949
2025-08-14T07:41:00Z,28.271113333333332
2025-08-14T07:42:00Z,28.27345
2025-08-14T07:43:00Z,28.27562
2025-08-14T07:44:00Z,28.277568333333335
2025-08-14T07:45:00Z,28.280931666666667
2025-08-14T07:46:00Z,28.283995
2025-08-14T07:47:00Z,28.288903333333334
2025-08-14T07:48:00Z,28.293026666666666
2025-08-14T07:49:00Z,28.300721666666668
2025-08-14T07:50:00Z,28.31264
2025-08-14T07:51:00Z,28.32214
2025-08-14T07:52:00Z,28.328845
2025-08-14T07:53:00Z,28.339771666666667
2025-08-14T07:54:00Z,28.353876666666668
2025-08-14T07:55:00Z,28.37101
2025-08-14T07:56:00Z,28.387778333333333
2025-08-14T07:57:00Z,28.399485000000002
2025-08-14T07:58:00Z,28.400763333333334
2025-08-14T07:59:00Z,28.40246
2025-08-14T08:00:00Z,28.40432
2025-08-14T08:01:00Z,28.407346666666665
2025-08-14T08:02:00Z,28.41001
2025-08-14T08:03:00Z,28.41119
2025-08-14T08:04:00Z,28.411858333333335
2025-08-14T08:05:00Z,28.411546666666666
2025-08-14T08:06:00Z,28.410108333333334
2025-08-14T08:07:00Z,28.409466666666667
2025-08-14T08:08:00Z,28.40789
2025-08-14T08:09:00Z,28.407913333333333
2025-08-14T08:10:00Z,28.40847833333333
2025-08-14T08:11:00Z,28.409275
2025-08-14T08:12:00Z,28.408686666666664
2025-08-14T08:13:00Z,28.40805
2025-08-14T08:14:00Z,28.407775
2025-08-14T08:15:00Z,28.406995
2025-08-14T08:16:00Z,28.407138333333332
2025-08-14T08:17:00Z,28.407603333333334
2025-08-14T08:18:00Z,28.407466666666664
2025-08-14T08:19:00Z,28.407465
2025-08-14T08:20:00Z,28.40627333333333
2025-08-14T08:21:00Z,28.396775
2025-08-14T08:22:00Z,28.382856666666665
2025-08-14T08:23:00Z,28.369641666666666
2025-08-14T08:24:00Z,28.357086666666667
2025-08-14T08:25:00Z,28.347938333333335
2025-08-14T08:26:00Z,28.34030333333333
2025-08-14T08:27:00Z,28.338611666666665
2025-08-14T08:28:00Z,28.342385
2025-08-14T08:29:00Z,28.349313333333335
2025-08-14T08:30:00Z,28.353378333333335
2025-08-14T08:31:00Z,28.355906666666666
2025-08-14T08:32:00Z,28.35943
2025-08-14T08:33:00Z,28.362555
2025-08-14T08:34:00Z,28.36493
2025-08-14T08:35:00Z,28.372328333333336
2025-08-14T08:36:00Z,28.383973333333333
2025-08-14T08:37:00Z,28.393941666666667
2025-08-14T08:38:00Z,28.40305
2025-08-14T08:39:00Z,28.408694999999998
2025-08-14T08:40:00Z,28.412745
2025-08-14T08:41:00Z,28.409141666666667
2025-08-14T08:42:00Z,28.400075
2025-08-14T08:43:00Z,28.390776666666667
2025-08-14T08:44:00Z,28.384011666666666
2025-08-14T08:45:00Z,28.380681666666664
2025-08-14T08:46:00Z,28.379071666666665
2025-08-14T08:47:00Z,28.374565
2025-08-14T08:48:00Z,28.368335
2025-08-14T08:49:00Z,28.358266666666665
2025-08-14T08:50:00Z,28.344471666666667
2025-08-14T08:51:00Z,28.33768333333333
2025-08-14T08:52:00Z,28.325663333333335
2025-08-14T08:53:00Z,28.310413333333333
2025-08-14T08:54:00Z,28.297335
2025-08-14T08:55:00Z,28.286393333333333
2025-08-14T08:56:00Z,28.285035
2025-08-14T08:57:00Z,28.285585
2025-08-14T08:58:00Z,28.287388333333336
2025-08-14T08:59:00Z,28.286005
2025-08-14T09:00:00Z,28.28623
2025-08-14T09:01:00Z,28.28654166666667
2025-08-14T09:02:00Z,28.288803333333334
2025-08-14T09:03:00Z,28.29308
2025-08-14T09:04:00Z,28.2957
2025-08-14T09:05:00Z,28.297183333333333
2025-08-14T09:06:00Z,28.297211666666666
2025-08-14T09:07:00Z,28.292428333333334
2025-08-14T09:08:00Z,28.289916666666667
2025-08-14T09:09:00Z,28.284660000000002
2025-08-14T09:10:00Z,28.284575
2025-08-14T09:11:00Z,28.29243333333333
2025-08-14T09:12:00Z,28.29838833333333
2025-08-14T09:13:00Z,28.301948333333332
2025-08-14T09:14:00Z,28.30552
2025-08-14T09:15:00Z,28.30948666666667
2025-08-14T09:16:00Z,28.31091
2025-08-14T09:17:00Z,28.314625
2025-08-14T09:18:00Z,28.31762833333333
2025-08-14T09:19:00Z,28.313903333333332
2025-08-14T09:20:00Z,28.313141666666667
2025-08-14T09:21:00Z,28.315686666666664
2025-08-14T09:22:00Z,28.316108333333332
2025-08-14T09:23:00Z,28.320795
2025-08-14T09:24:00Z,28.326448333333335
2025-08-14T09:25:00Z,28.330771666666667
2025-08-14T09:26:00Z,28.330783333333333
2025-08-14T09:27:00Z,28.331073333333336
2025-08-14T09:28:00Z,28.332203333333336
2025-08-14T09:29:00Z,28.334533333333333
2025-08-14T09:30:00Z,28.335815
2025-08-14T09:31:00Z,28.341196666666665
2025-08-14T09:32:00Z,28.344096666666665
2025-08-14T09:33:00Z,28.34721
2025-08-14T09:34:00Z,28.350293333333333
2025-08-14T09:35:00Z,28.355565
2025-08-14T09:36:00Z,28.359893333333332
2025-08-14T09:37:00Z,28.361353333333334
2025-08-14T09:38:00Z,28.358003333333333
2025-08-14T09:39:00Z,28.359031666666667
2025-08-14T09:40:00Z,28.360135
2025-08-14T09:41:00Z,28.359483333333333
2025-08-14T09:42:00Z,28.360789999999998
2025-08-14T09:43:00Z,28.363588333333333
2025-08-14T09:44:00Z,28.365956666666666
2025-08-14T09:45:00Z,28.368335
2025-08-14T09:46:00Z,28.371475
2025-08-14T09:47:00Z,28.371633333333335
2025-08-14T09:48:00Z,28.371398333333335
2025-08-14T09:49:00Z,28.370221666666666
2025-08-14T09:50:00Z,28.36519
2025-08-14T09:51:00Z,28.358286666666665
2025-08-14T09:52:00Z,28.358218333333333
2025-08-14T09:53:00Z,28.355228333333333
2025-08-14T09:54:00Z,28.351848333333333
2025-08-14T09:55:00Z,28.354023333333334
2025-08-14T09:56:00Z,28.358418333333333
2025-08-14T09:57:00Z,28.360716666666665
2025-08-14T09:58:00Z,28.361421666666665
2025-08-14T09:59:00Z,28.361611666666665
2025-08-14T10:00:00Z,28.363276666666668
2025-08-14T10:01:00Z,28.364428333333333
2025-08-14T10:02:00Z,28.365146666666668
2025-08-14T10:03:00Z,28.361331666666665
2025-08-14T10:04:00Z,28.329606666666667
2025-08-14T10:05:00Z,28.28555
2025-08-14T10:06:00Z,28.243671666666668
2025-08-14T10:07:00Z,28.201053333333334
2025-08-14T10:08:00Z,28.161196666666665
2025-08-14T10:09:00Z,28.12622
2025-08-14T10:10:00Z,28.097571666666667
2025-08-14T10:11:00Z,28.07807
2025-08-14T10:12:00Z,28.065360000000002
2025-08-14T10:13:00Z,28.056829999999998
2025-08-14T10:14:00Z,28.058933333333332
2025-08-14T10:15:00Z,28.06633666666667
2025-08-14T10:16:00Z,28.078873333333334
2025-08-14T10:17:00Z,28.093893333333334
2025-08-14T10:18:00Z,28.105563333333333
2025-08-14T10:19:00Z,28.114326666666667
2025-08-14T10:20:00Z,28.116554999999998
2025-08-14T10:21:00Z,28.11224
2025-08-14T10:22:00Z,28.096241666666668
2025-08-14T10:23:00Z,28.07511166666667
2025-08-14T10:24:00Z,28.05132
2025-08-14T10:25:00Z,28.03127
2025-08-14T10:26:00Z,28.013658333333332
2025-08-14T10:27:00Z,28.000543333333333
2025-08-14T10:28:00Z,27.99490833333333
2025-08-14T10:29:00Z,27.991813333333333
2025-08-14T10:30:00Z,27.992586666666664
2025-08-14T10:31:00Z,27.993783333333333
2025-08-14T10:32:00Z,27.99495333333333
2025-08-14T10:33:00Z,27.992966666666664
2025-08-14T10:34:00Z,27.997753333333332
2025-08-14T10:35:00Z,28.008248333333334
2025-08-14T10:36:00Z,28.018511666666665
2025-08-14T10:37:00Z,28.023715
2025-08-14T10:38:00Z,28.028728333333333
2025-08-14T10:39:00Z,28.039183333333334
2025-08-14T10:40:00Z,28.052738333333334
2025-08-14T10:41:00Z,28.062986666666667
2025-08-14T10:42:00Z,28.078
2025-08-14T10:43:00Z,28.093908333333335
2025-08-14T10:44:00Z,28.104388333333333
2025-08-14T10:45:00Z,28.115518333333334
2025-08-14T10:46:00Z,28.127933333333335
2025-08-14T10:47:00Z,28.138865
2025-08-14T10:48:00Z,28.148405
2025-08-14T10:49:00Z,28.157658333333334
2025-08-14T10:50:00Z,28.163941666666666
2025-08-14T10:51:00Z,28.166941666666666
2025-08-14T10:52:00Z,28.173656666666666
2025-08-14T10:53:00Z,28.180141666666668
2025-08-14T10:54:00Z,28.187791666666666
2025-08-14T10:55:00Z,28.195061666666668
2025-08-14T10:56:00Z,28.19771
2025-08-14T10:57:00Z,28.20769333333333
2025-08-14T10:58:00Z,28.219066666666667
2025-08-14T10:59:00Z,28.228663333333333
2025-08-14T11:00:00Z,28.242910000000002
2025-08-14T11:01:00Z,28.256736666666665
2025-08-14T11:02:00Z,28.268998333333332
2025-08-14T11:03:00Z,28.277873333333332
2025-08-14T11:04:00Z,28.287795
2025-08-14T11:05:00Z,28.295348333333333
2025-08-14T11:06:00Z,28.299161666666667
2025-08-14T11:07:00Z,28.297991666666665
2025-08-14T11:08:00Z,28.295441666666665
2025-08-14T11:09:00Z,28.293025
2025-08-14T11:10:00Z,28.289675000000003
2025-08-14T11:11:00Z,28.285856666666668
2025-08-14T11:12:00Z,28.281013333333334
2025-08-14T11:13:00Z,28.275595
2025-08-14T11:14:00Z,28.271583333333332
2025-08-14T11:15:00Z,28.268411666666665
2025-08-14T11:16:00Z,28.266783333333336
2025-08-14T11:17:00Z,28.266615
2025-08-14T11:18:00Z,28.267635000000002
2025-08-14T11:19:00Z,28.269558333333332
2025-08-14T11:20:00Z,28.273098333333333
2025-08-14T11:21:00Z,28.276053333333333
2025-08-14T11:22:00Z,28.272333333333332
2025-08-14T11:23:00Z,28.26868
2025-08-14T11:24:00Z,28.26789
2025-08-14T11:25:00Z,28.266428333333334
2025-08-14T11:26:00Z,28.267605
2025-08-14T11:27:00Z,28.269585
2025-08-14T11:28:00Z,28.27142
2025-08-14T11:29:00Z,28.273563333333332
2025-08-14T11:30:00Z,28.27126833333333
2025-08-14T11:31:00Z,28.272693333333333
2025-08-14T11:32:00Z,28.27312
2025-08-14T11:33:00Z,28.275661666666664
2025-08-14T11:34:00Z,28.278861666666668
2025-08-14T11:35:00Z,28.277183333333333
2025-08-14T11:36:00Z,28.273071666666667
2025-08-14T11:37:00Z,28.2697
2025-08-14T11:38:00Z,28.268058333333332
2025-08-14T11:39:00Z,28.26718166666667
2025-08-14T11:40:00Z,28.26662166666667
2025-08-14T11:41:00Z,28.270423333333333
2025-08-14T11:42:00Z,28.272361666666665
2025-08-14T11:43:00Z,28.27101833333333
2025-08-14T11:44:00Z,28.268911666666668
2025-08-14T11:45:00Z,28.26743666666667
2025-08-14T11:46:00Z,28.267438333333335
2025-08-14T11:47:00Z,28.266875000000002
2025-08-14T11:48:00Z,28.26600666666667
2025-08-14T11:49:00Z,28.263238333333334
2025-08-14T11:50:00Z,28.261148333333335
2025-08-14T11:51:00Z,28.260231666666666
2025-08-14T11:52:00Z,28.25615833333333
2025-08-14T11:53:00Z,28.2532
2025-08-14T11:54:00Z,28.252286666666667
2025-08-14T11:55:00Z,28.25320333333333
2025-08-14T11:56:00Z,28.247615
2025-08-14T11:57:00Z,28.240278333333332
2025-08-14T11:58:00Z,28.233958333333334
2025-08-14T11:59:00Z,28.229589999999998
2025-08-14T12:00:00Z,28.22843333333333
2025-08-14T12:01:00Z,28.227753333333332
2025-08-14T12:02:00Z,28.227445
2025-08-14T12:03:00Z,28.228036666666664
2025-08-14T12:04:00Z,28.228151666666665
2025-08-14T12:05:00Z,28.228226666666664
2025-08-14T12:06:00Z,28.22827
2025-08-14T12:07:00Z,28.226996666666665
2025-08-14T12:08:00Z,28.225748333333332
2025-08-14T12:09:00Z,28.22468
2025-08-14T12:10:00Z,28.224963333333335
2025-08-14T12:11:00Z,28.227819999999998
2025-08-14T12:12:00Z,28.228413333333332
2025-08-14T12:13:00Z,28.230061666666664
2025-08-14T12:14:00Z,28.231988333333334
2025-08-14T12:15:00Z,28.23588
2025-08-14T12:16:00Z,28.23987
2025-08-14T12:17:00Z,28.242993333333335
2025-08-14T12:18:00Z,28.246383333333334
2025-08-14T12:19:00Z,28.24998833333333
2025-08-14T12:20:00Z,28.253933333333332
2025-08-14T12:21:00Z,28.257943333333333
2025-08-14T12:22:00Z,28.262486666666668
2025-08-14T12:23:00Z,28.265955
2025-08-14T12:24:00Z,28.267511666666667
2025-08-14T12:25:00Z,28.26832
2025-08-14T12:26:00Z,28.270916666666665
2025-08-14T12:27:00Z,28.2744
2025-08-14T12:28:00Z,28.275586666666666
2025-08-14T12:29:00Z,28.277261666666668
2025-08-14T12:30:00Z,28.279358333333334
2025-08-14T12:31:00Z,28.281461666666665
2025-08-14T12:32:00Z,28.283385
2025-08-14T12:33:00Z,28.28254
2025-08-14T12:34:00Z,28.282466666666668
2025-08-14T12:35:00Z,28.2818
2025-08-14T12:36:00Z,28.27816
2025-08-14T12:37:00Z,28.275141666666666
2025-08-14T12:38:00Z,28.272054999999998
2025-08-14T12:39:00Z,28.268138333333333
2025-08-14T12:40:00Z,28.26472
2025-08-14T12:41:00Z,28.264653333333335
2025-08-14T12:42:00Z,28.261585
2025-08-14T12:43:00Z,28.254976666666668
2025-08-14T12:44:00Z,28.248923333333334
2025-08-14T12:45:00Z,28.24436
2025-08-14T12:46:00Z,28.23663833333333
2025-08-14T12:47:00Z,28.227523333333334
2025-08-14T12:48:00Z,28.21939666666667
2025-08-14T12:49:00Z,28.213251666666668
2025-08-14T12:50:00Z,28.207146666666667
2025-08-14T12:51:00Z,28.20223
2025-08-14T12:52:00Z,28.197916666666668
2025-08-14T12:53:00Z,28.193481666666667
2025-08-14T12:54:00Z,28.189406666666667
2025-08-14T12:55:00Z,28.185554999999997
2025-08-14T12:56:00Z,28.182085
2025-08-14T12:57:00Z,28.179223333333333
2025-08-14T12:58:00Z,28.174081666666666
2025-08-14T12:59:00Z,28.168485
2025-08-14T13:00:00Z,28.164548333333332
2025-08-14T13:01:00Z,28.165221666666667
2025-08-14T13:02:00Z,28.171238333333335
2025-08-14T13:03:00Z,28.177033333333334
2025-08-14T13:04:00Z,28.18325
2025-08-14T13:05:00Z,28.188215
2025-08-14T13:06:00Z,28.190341666666665
2025-08-14T13:07:00Z,28.191796666666665
2025-08-14T13:08:00Z,28.192266666666665
2025-08-14T13:09:00Z,28.190576666666665
2025-08-14T13:10:00Z,28.186889999999998
2025-08-14T13:11:00Z,28.183905
2025-08-14T13:12:00Z,28.182351666666666
2025-08-14T13:13:00Z,28.183166666666665
2025-08-14T13:14:00Z,28.182779999999998
2025-08-14T13:15:00Z,28.182565
2025-08-14T13:16:00Z,28.177998333333335
2025-08-14T13:17:00Z,28.166553333333333
2025-08-14T13:18:00Z,28.158256666666666
2025-08-14T13:19:00Z,28.148195
2025-08-14T13:20:00Z,28.14233833333333
2025-08-14T13:21:00Z,28.139498333333332
2025-08-14T13:22:00Z,28.13576
2025-08-14T13:23:00Z,28.131053333333334
2025-08-14T13:24:00Z,28.128615
2025-08-14T13:25:00Z,28.131146666666666
2025-08-14T13:26:00Z,28.130455
2025-08-14T13:27:00Z,28.1297
2025-08-14T13:28:00Z,28.125541666666667
2025-08-14T13:29:00Z,28.120746666666665
2025-08-14T13:30:00Z,28.117493333333332
2025-08-14T13:31:00Z,28.11761
2025-08-14T13:32:00Z,28.119055
2025-08-14T13:33:00Z,28.120458333333332
2025-08-14T13:34:00Z,28.120221666666666
2025-08-14T13:35:00Z,28.11947333333333
2025-08-14T13:36:00Z,28.12088
2025-08-14T13:37:00Z,28.124571666666665
2025-08-14T13:38:00Z,28.127943333333334
2025-08-14T13:39:00Z,28.13269
2025-08-14T13:40:00Z,28.137698333333333
2025-08-14T13:41:00Z,28.141068333333333
2025-08-14T13:42:00Z,28.142364999999998
2025-08-14T13:43:00Z,28.144023333333333
2025-08-14T13:44:00Z,28.14603333333333
2025-08-14T13:45:00Z,28.149583333333332
2025-08-14T13:46:00Z,28.152166666666666
2025-08-14T13:47:00Z,28.154355000000002
2025-08-14T13:48:00Z,28.156196666666666
2025-08-14T13:49:00Z,28.15727
2025-08-14T13:50:00Z,28.157908333333335
2025-08-14T13:51:00Z,28.157715000000003
2025-08-14T13:52:00Z,28.158185000000003
2025-08-14T13:53:00Z,28.158875000000002
2025-08-14T13:54:00Z,28.15903666666667
2025-08-14T13:55:00Z,28.158260000000002
2025-08-14T13:56:00Z,28.158211666666666
2025-08-14T13:57:00Z,28.159333333333333
2025-08-14T13:58:00Z,28.160745
2025-08-14T13:59:00Z,28.161491666666667
2025-08-14T14:00:00Z,28.160629999999998
2025-08-14T14:01:00Z,28.160653333333332
2025-08-14T14:02:00Z,28.160911666666667
2025-08-14T14:03:00Z,28.16285
2025-08-14T14:04:00Z,28.164078333333332
2025-08-14T14:05:00Z,28.165316666666666
2025-08-14T14:06:00Z,28.165461666666666
2025-08-14T14:07:00Z,28.162975
2025-08-14T14:08:00Z,28.15756
2025-08-14T14:09:00Z,28.150075
2025-08-14T14:10:00Z,28.143475
2025-08-14T14:11:00Z,28.138845
2025-08-14T14:12:00Z,28.134888333333336
2025-08-14T14:13:00Z,28.133376666666667
2025-08-14T14:14:00Z,28.131975
2025-08-14T14:15:00Z,28.125723333333333
2025-08-14T14:16:00Z,28.11633833333333
2025-08-14T14:17:00Z,28.106011666666667
2025-08-14T14:18:00Z,28.095743333333335
2025-08-14T14:19:00Z,28.084628333333335
2025-08-14T14:20:00Z,28.07438833333333
2025-08-14T14:21:00Z,28.067316666666667
2025-08-14T14:22:00Z,28.062106666666665
2025-08-14T14:23:00Z,28.05615
2025-08-14T14:24:00Z,28.050838333333335
2025-08-14T14:25:00Z,28.045080000000002
2025-08-14T14:26:00Z,28.041586666666667
2025-08-14T14:27:00Z,28.04036
2025-08-14T14:28:00Z,28.040735
2025-08-14T14:29:00Z,28.041371666666667
2025-08-14T14:30:00Z,28.044453333333333
2025-08-14T14:31:00Z,28.04745
2025-08-14T14:32:00Z,28.050083333333333
2025-08-14T14:33:00Z,28.05252666666667
2025-08-14T14:34:00Z,28.05712833333333
2025-08-14T14:35:00Z,28.060436666666668
2025-08-14T14:36:00Z,28.057048333333334
2025-08-14T14:37:00Z,28.049885
2025-08-14T14:38:00Z,28.044458333333335
2025-08-14T14:39:00Z,28.041928333333335
2025-08-14T14:40:00Z,28.034588333333332
2025-08-14T14:41:00Z,28.027491666666666
2025-08-14T14:42:00Z,28.02235
2025-08-14T14:43:00Z,28.019373333333334
2025-08-14T14:44:00Z,28.01556833333333
2025-08-14T14:45:00Z,28.01373
2025-08-14T14:46:00Z,28.00899
2025-08-14T14:47:00Z,28.002063333333332
2025-08-14T14:48:00Z,27.996586666666666
2025-08-14T14:49:00Z,27.993714999999998
2025-08-14T14:50:00Z,27.989508333333333
2025-08-14T14:51:00Z,27.98766666666667
2025-08-14T14:52:00Z,27.98608
2025-08-14T14:53:00Z,27.985743333333335
2025-08-14T14:54:00Z,27.984736666666667
2025-08-14T14:55:00Z,27.982743333333335
2025-08-14T14:56:00Z,27.982458333333334
2025-08-14T14:57:00Z,27.985121666666668
2025-08-14T14:58:00Z,27.987358333333333
2025-08-14T14:59:00Z,27.989793333333335
2025-08-14T15:00:00Z,27.99251
2025-08-14T15:01:00Z,27.998416666666667
2025-08-14T15:02:00Z,28.003686666666667
2025-08-14T15:03:00Z,28.007945
2025-08-14T15:04:00Z,28.012951666666666
2025-08-14T15:05:00Z,28.017276666666667
2025-08-14T15:06:00Z,28.020741666666666
2025-08-14T15:07:00Z,28.021611666666665
2025-08-14T15:08:00Z,28.026268333333334
2025-08-14T15:09:00Z,28.031051666666666
2025-08-14T15:10:00Z,28.034174999999998
2025-08-14T15:11:00Z,28.03711
2025-08-14T15:12:00Z,28.039916666666667
2025-08-14T15:13:00Z,28.040243333333333
2025-08-14T15:14:00Z,28.038341666666668
2025-08-14T15:15:00Z,28.036395
2025-08-14T15:16:00Z,28.03861
2025-08-14T15:17:00Z,28.042158333333333
2025-08-14T15:18:00Z,28.044958333333334
2025-08-14T15:19:00Z,28.046013333333335
2025-08-14T15:20:00Z,28.048618333333334
2025-08-14T15:21:00Z,28.052225
2025-08-14T15:22:00Z,28.056148333333333
2025-08-14T15:23:00Z,28.059258333333332
2025-08-14T15:24:00Z,28.062183333333333
2025-08-14T15:25:00Z,28.064178333333334
2025-08-14T15:26:00Z,28.065640000000002
2025-08-14T15:27:00Z,28.06632666666667
2025-08-14T15:28:00Z,28.065076666666666
2025-08-14T15:29:00Z,28.062116666666668
2025-08-14T15:30:00Z,28.06050833333333
2025-08-14T15:31:00Z,28.061205
2025-08-14T15:32:00Z,28.063355
2025-08-14T15:33:00Z,28.068171666666668
2025-08-14T15:34:00Z,28.071008333333335
2025-08-14T15:35:00Z,28.075239999999997
2025-08-14T15:36:00Z,28.080791666666666
2025-08-14T15:37:00Z,28.08849
2025-08-14T15:38:00Z,28.091788333333334
2025-08-14T15:39:00Z,28.093583333333335
2025-08-14T15:40:00Z,28.094628333333333
2025-08-14T15:41:00Z,28.09666
2025-08-14T15:42:00Z,28.100166666666667
2025-08-14T15:43:00Z,28.101416666666665
2025-08-14T15:44:00Z,28.103185
2025-08-14T15:45:00Z,28.107118333333332
2025-08-14T15:46:00Z,28.10932
2025-08-14T15:47:00Z,28.112283333333334
2025-08-14T15:48:00Z,28.114663333333333
2025-08-14T15:49:00Z,28.11643833333333
2025-08-14T15:50:00Z,28.117925
2025-08-14T15:51:00Z,28.11797333333333
2025-08-14T15:52:00Z,28.11838333333333
2025-08-14T15:53:00Z,28.118791666666667
2025-08-14T15:54:00Z,28.119609999999998
2025-08-14T15:55:00Z,28.121045
2025-08-14T15:56:00Z,28.12290833333333
2025-08-14T15:57:00Z,28.125103333333332
2025-08-14T15:58:00Z,28.128050000000002
2025-08-14T15:59:00Z,28.13219666666667
2025-08-14T16:00:00Z,28.135081666666668
2025-08-14T16:01:00Z,28.137353333333333
2025-08-14T16:02:00Z,28.138673333333333
2025-08-14T16:03:00Z,28.140546666666665
2025-08-14T16:04:00Z,28.145511666666668
2025-08-14T16:05:00Z,28.149198333333334
2025-08-14T16:06:00Z,28.152418333333333
2025-08-14T16:07:00Z,28.154838333333334
2025-08-14T16:08:00Z,28.156738333333333
2025-08-14T16:09:00Z,28.159521666666667
2025-08-14T16:10:00Z,28.160764999999998
2025-08-14T16:11:00Z,28.162636666666664
2025-08-14T16:12:00Z,28.163655
2025-08-14T16:13:00Z,28.164536666666667
2025-08-14T16:14:00Z,28.165845
2025-08-14T16:15:00Z,28.16678333333333
2025-08-14T16:16:00Z,28.168436666666665
2025-08-14T16:17:00Z,28.16935
2025-08-14T16:18:00Z,28.171328333333335
2025-08-14T16:19:00Z,28.173855
2025-08-14T16:20:00Z,28.18264333333333
2025-08-14T16:21:00Z,28.19354
2025-08-14T16:22:00Z,28.20062
2025-08-14T16:23:00Z,28.204575
2025-08-14T16:24:00Z,28.20526333333333
2025-08-14T16:25:00Z,28.205921666666665
2025-08-14T16:26:00Z,28.205661666666664
2025-08-14T16:27:00Z,28.20602
2025-08-14T16:28:00Z,28.20558833333333
2025-08-14T16:29:00Z,28.206161666666667
2025-08-14T16:30:00Z,28.20661833333333
2025-08-14T16:31:00Z,28.207265
2025-08-14T16:32:00Z,28.208511666666666
2025-08-14T16:33:00Z,28.209636666666665
2025-08-14T16:34:00Z,28.211243333333332
2025-08-14T16:35:00Z,28.212725
2025-08-14T16:36:00Z,28.213756666666665
2025-08-14T16:37:00Z,28.213371666666667
2025-08-14T16:38:00Z,28.211981666666667
2025-08-14T16:39:00Z,28.211385
2025-08-14T16:40:00Z,28.210741666666667
2025-08-14T16:41:00Z,28.210956666666664
2025-08-14T16:42:00Z,28.210931666666667
2025-08-14T16:43:00Z,28.212011666666665
2025-08-14T16:44:00Z,28.211833333333335
2025-08-14T16:45:00Z,28.212916666666665
2025-08-14T16:46:00Z,28.211935
2025-08-14T16:47:00Z,28.21115
2025-08-14T16:48:00Z,28.211048333333334
2025-08-14T16:49:00Z,28.21121833333333
2025-08-14T16:50:00Z,28.212366666666668
2025-08-14T16:51:00Z,28.212875
2025-08-14T16:52:00Z,28.212385
2025-08-14T16:53:00Z,28.212201666666665
2025-08-14T16:54:00Z,28.212271666666666
2025-08-14T16:55:00Z,28.212681666666665
2025-08-14T16:56:00Z,28.212723333333333
2025-08-14T16:57:00Z,28.212555
2025-08-14T16:58:00Z,28.211751666666665
2025-08-14T16:59:00Z,28.211386666666666
2025-08-14T17:00:00Z,28.210955
2025-08-14T17:01:00Z,28.211168333333333
2025-08-14T17:02:00Z,28.212175
2025-08-14T17:03:00Z,28.214231666666667
2025-08-14T17:04:00Z,28.215695
2025-08-14T17:05:00Z,28.217538333333334
2025-08-14T17:06:00Z,28.219005
2025-08-14T17:07:00Z,28.21995666666667
2025-08-14T17:08:00Z,28.220688333333335
2025-08-14T17:09:00Z,28.222238333333333
2025-08-14T17:10:00Z,28.223311666666667
2025-08-14T17:11:00Z,28.222031666666666
2025-08-14T17:12:00Z,28.215696666666666
2025-08-14T17:13:00Z,28.207071666666664
2025-08-14T17:14:00Z,28.198158333333335
2025-08-14T17:15:00Z,28.19328
2025-08-14T17:16:00Z,28.18541833333333
2025-08-14T17:17:00Z,28.178408333333334
2025-08-14T17:18:00Z,28.172048333333333
2025-08-14T17:19:00Z,28.16515833333333
2025-08-14T17:20:00Z,28.161001666666667
2025-08-14T17:21:00Z,28.156238333333334
2025-08-14T17:22:00Z,28.14886
2025-08-14T17:23:00Z,28.13996
2025-08-14T17:24:00Z,28.130505
2025-08-14T17:25:00Z,28.121746666666667
2025-08-14T17:26:00Z,28.111606666666667
2025-08-14T17:27:00Z,28.100796666666668
2025-08-14T17:28:00Z,28.090763333333335
2025-08-14T17:29:00Z,28.08332
2025-08-14T17:30:00Z,28.076023333333332
2025-08-14T17:31:00Z,28.06858666666667
2025-08-14T17:32:00Z,28.060946666666666
2025-08-14T17:33:00Z,28.053755
2025-08-14T17:34:00Z,28.046300000000002
2025-08-14T17:35:00Z,28.040878333333332
2025-08-14T17:36:00Z,28.035843333333332
2025-08-14T17:37:00Z,28.029786666666666
2025-08-14T17:38:00Z,28.023923333333332
2025-08-14T17:39:00Z,28.018605
2025-08-14T17:40:00Z,28.014901666666667
2025-08-14T17:41:00Z,28.013215
2025-08-14T17:42:00Z,28.01161833333333
2025-08-14T17:43:00Z,28.010718333333333
2025-08-14T17:44:00Z,28.009595
2025-08-14T17:45:00Z,28.008928333333333
2025-08-14T17:46:00Z,28.008715
2025-08-14T17:47:00Z,28.007775000000002
2025-08-14T17:48:00Z,28.00735166666667
2025-08-14T17:49:00Z,28.006435
2025-08-14T17:50:00Z,28.0061
2025-08-14T17:51:00Z,28.005858333333336
2025-08-14T17:52:00Z,28.006685
2025-08-14T17:53:00Z,28.007146666666667
2025-08-14T17:54:00Z,28.007095
2025-08-14T17:55:00Z,28.004688333333334
2025-08-14T17:56:00Z,28.003348333333335
2025-08-14T17:57:00Z,28.001725
2025-08-14T17:58:00Z,27.999875
2025-08-14T17:59:00Z,27.998161666666668
2025-08-14T18:00:00Z,27.997878333333333
2025-08-14T18:01:00Z,27.996418333333335
2025-08-14T18:02:00Z,27.993948333333332
2025-08-14T18:03:00Z,27.992296666666665
2025-08-14T18:04:00Z,27.989148333333333
2025-08-14T18:05:00Z,27.98747666666667
2025-08-14T18:06:00Z,27.986326666666667
2025-08-14T18:07:00Z,27.985766666666667
2025-08-14T18:08:00Z,27.985411666666668
2025-08-14T18:09:00Z,27.985028333333336
2025-08-14T18:10:00Z,27.984585000000003
2025-08-14T18:11:00Z,27.983710000000002
2025-08-14T18:12:00Z,27.98302
2025-08-14T18:13:00Z,27.982833333333335
2025-08-14T18:14:00Z,27.984673333333333
2025-08-14T18:15:00Z,27.989435
2025-08-14T18:16:00Z,27.993313333333333
2025-08-14T18:17:00Z,27.995025
2025-08-14T18:18:00Z,27.995493333333332
2025-08-14T18:19:00Z,27.994556666666664
2025-08-14T18:20:00Z,27.99415833333333
2025-08-14T18:21:00Z,27.994135
2025-08-14T18:22:00Z,27.996226666666665
2025-08-14T18:23:00Z,28.000651666666666
2025-08-14T18:24:00Z,28.008771666666668
2025-08-14T18:25:00Z,28.017395
2025-08-14T18:26:00Z,28.026233333333334
2025-08-14T18:27:00Z,28.035816666666665
2025-08-14T18:28:00Z,28.043113333333334
2025-08-14T18:29:00Z,28.047800000000002
2025-08-14T18:30:00Z,28.052155000000003
2025-08-14T18:31:00Z,28.05267
2025-08-14T18:32:00Z,28.05274
2025-08-14T18:33:00Z,28.05344
2025-08-14T18:34:00Z,28.05379333333333
2025-08-14T18:35:00Z,28.055331666666664
2025-08-14T18:36:00Z,28.057396666666666
2025-08-14T18:37:00Z,28.060138333333335
2025-08-14T18:38:00Z,28.06342666666667
2025-08-14T18:39:00Z,28.067258333333335
2025-08-14T18:40:00Z,28.072021666666668
2025-08-14T18:41:00Z,28.076976666666667
2025-08-14T18:42:00Z,28.082038333333333
2025-08-14T18:43:00Z,28.084731666666666
2025-08-14T18:44:00Z,28.088708333333333
2025-08-14T18:45:00Z,28.094255
2025-08-14T18:46:00Z,28.10155333333333
2025-08-14T18:47:00Z,28.106571666666667
2025-08-14T18:48:00Z,28.108615
2025-08-14T18:49:00Z,28.111863333333336
2025-08-14T18:50:00Z,28.113106666666667
2025-08-14T18:51:00Z,28.11373
2025-08-14T18:52:00Z,28.113583333333334
2025-08-14T18:53:00Z,28.11273166666667
2025-08-14T18:54:00Z,28.114761666666666
2025-08-14T18:55:00Z,28.118116666666666
2025-08-14T18:56:00Z,28.120696666666664
2025-08-14T18:57:00Z,28.123386666666665
2025-08-14T18:58:00Z,28.124109999999998
2025-08-14T18:59:00Z,28.125618333333332
2025-08-14T19:00:00Z,28.128195
2025-08-14T19:01:00Z,28.130615
2025-08-14T19:02:00Z,28.133143333333333
2025-08-14T19:03:00Z,28.135591666666667
2025-08-14T19:04:00Z,28.13782666666667
2025-08-14T19:05:00Z,28.141331666666666
2025-08-14T19:06:00Z,28.14613
2025-08-14T19:07:00Z,28.150336666666668
2025-08-14T19:08:00Z,28.153308333333335
2025-08-14T19:09:00Z,28.157086666666668
2025-08-14T19:10:00Z,28.158235
2025-08-14T19:11:00Z,28.15668666666667
2025-08-14T19:12:00Z,28.156010000000002
2025-08-14T19:13:00Z,28.156125
2025-08-14T19:14:00Z,28.157795
2025-08-14T19:15:00Z,28.161878333333334
2025-08-14T19:16:00Z,28.165143333333333
2025-08-14T19:17:00Z,28.168483333333334
2025-08-14T19:18:00Z,28.171688333333332
2025-08-14T19:19:00Z,28.177358333333334
2025-08-14T19:20:00Z,28.182805
2025-08-14T19:21:00Z,28.186596666666667
2025-08-14T19:22:00Z,28.188544999999998
2025-08-14T19:23:00Z,28.192126666666667
2025-08-14T19:24:00Z,28.193881666666666
2025-08-14T19:25:00Z,28.194588333333332
2025-08-14T19:26:00Z,28.195045
2025-08-14T19:27:00Z,28.195383333333332
2025-08-14T19:28:00Z,28.195123333333335
2025-08-14T19:29:00Z,28.193791666666666
2025-08-14T19:30:00Z,28.19156
2025-08-14T19:31:00Z,28.190743333333334
2025-08-14T19:32:00Z,28.190978333333334
2025-08-14T19:33:00Z,28.194058333333334
2025-08-14T19:34:00Z,28.197893333333333
2025-08-14T19:35:00Z,28.201595
2025-08-14T19:36:00Z,28.202875
2025-08-14T19:37:00Z,28.205238333333334
2025-08-14T19:38:00Z,28.211728333333333
2025-08-14T19:39:00Z,28.220245000000002
2025-08-14T19:40:00Z,28.227665
2025-08-14T19:41:00Z,28.234363333333334
2025-08-14T19:42:00Z,28.240135000000002
2025-08-14T19:43:00Z,28.245188333333335
2025-08-14T19:44:00Z,28.249893333333333
2025-08-14T19:45:00Z,28.254296666666665
2025-08-14T19:46:00Z,28.25553
2025-08-14T19:47:00Z,28.254085
2025-08-14T19:48:00Z,28.254115
2025-08-14T19:49:00Z,28.25367333333333
2025-08-14T19:50:00Z,28.253616666666666
2025-08-14T19:51:00Z,28.253338333333332
2025-08-14T19:52:00Z,28.25391833333333
2025-08-14T19:53:00Z,28.254465
2025-08-14T19:54:00Z,28.25623
2025-08-14T19:55:00Z,28.258763333333334
2025-08-14T19:56:00Z,28.260706666666668
2025-08-14T19:57:00Z,28.262165
2025-08-14T19:58:00Z,28.262281666666667
2025-08-14T19:59:00Z,28.260443333333335
2025-08-14T20:00:00Z,28.259336666666666
2025-08-14T20:01:00Z,28.260023333333333
2025-08-14T20:02:00Z,28.261645
2025-08-14T20:03:00Z,28.262441666666668
2025-08-14T20:04:00Z,28.262541666666667
2025-08-14T20:05:00Z,28.262996666666666
2025-08-14T20:06:00Z,28.263376666666666
2025-08-14T20:07:00Z,28.26367666666667
2025-08-14T20:08:00Z,28.263475
2025-08-14T20:09:00Z,28.262520000000002
2025-08-14T20:10:00Z,28.262185000000002
2025-08-14T20:11:00Z,28.26148166666667
2025-08-14T20:12:00Z,28.26127
2025-08-14T20:13:00Z,28.261363333333335
2025-08-14T20:14:00Z,28.261715000000002
2025-08-14T20:15:00Z,28.26235666666667
2025-08-14T20:16:00Z,28.263761666666667
2025-08-14T20:17:00Z,28.265056666666666
2025-08-14T20:18:00Z,28.265866666666668
2025-08-14T20:19:00Z,28.266056666666667
2025-08-14T20:20:00Z,28.266993333333335
2025-08-14T20:21:00Z,28.267393333333334
2025-08-14T20:22:00Z,28.268843333333333
2025-08-14T20:23:00Z,28.27005833333333
2025-08-14T20:24:00Z,28.272623333333332
2025-08-14T20:25:00Z,28.27408833333333
2025-08-14T20:26:00Z,28.275285
2025-08-14T20:27:00Z,28.275763333333334
2025-08-14T20:28:00Z,28.276315
2025-08-14T20:29:00Z,28.276911666666667
2025-08-14T20:30:00Z,28.277598333333334
2025-08-14T20:31:00Z,28.278109999999998
2025-08-14T20:32:00Z,28.278344999999998
2025-08-14T20:33:00Z,28.27795
2025-08-14T20:34:00Z,28.278395
2025-08-14T20:35:00Z,28.278083333333335
2025-08-14T20:36:00Z,28.278106666666666
2025-08-14T20:37:00Z,28.278016666666666
2025-08-14T20:38:00Z,28.277825
2025-08-14T20:39:00Z,28.277971666666666
2025-08-14T20:40:00Z,28.278016666666666
2025-08-14T20:41:00Z,28.27832
2025-08-14T20:42:00Z,28.278931666666665
2025-08-14T20:43:00Z,28.28
2025-08-14T20:44:00Z,28.281173333333335
2025-08-14T20:45:00Z,28.28096
2025-08-14T20:46:00Z,28.28151666666667
2025-08-14T20:47:00Z,28.28201
2025-08-14T20:48:00Z,28.282633333333333
2025-08-14T20:49:00Z,28.283596666666668
2025-08-14T20:50:00Z,28.285061666666667
2025-08-14T20:51:00Z,28.287195
2025-08-14T20:52:00Z,28.288548333333335
2025-08-14T20:53:00Z,28.290383333333335
2025-08-14T20:54:00Z,28.291541666666667
2025-08-14T20:55:00Z,28.292356666666667
2025-08-14T20:56:00Z,28.293486666666666
2025-08-14T20:57:00Z,28.294649999999997
2025-08-14T20:58:00Z,28.29656
2025-08-14T20:59:00Z,28.299231666666667
2025-08-14T21:00:00Z,28.301015
2025-08-14T21:01:00Z,28.303815
2025-08-14T21:02:00Z,28.30615166666667
2025-08-14T21:03:00Z,28.308583333333335
2025-08-14T21:04:00Z,28.310906666666668
2025-08-14T21:05:00Z,28.31288
2025-08-14T21:06:00Z,28.31335
2025-08-14T21:07:00Z,28.311993333333334
2025-08-14T21:08:00Z,28.310625
2025-08-14T21:09:00Z,28.310321666666667
2025-08-14T21:10:00Z,28.310315000000003
2025-08-14T21:11:00Z,28.311148333333335
2025-08-14T21:12:00Z,28.312183333333333
2025-08-14T21:13:00Z,28.313658333333333
2025-08-14T21:14:00Z,28.316936666666667
2025-08-14T21:15:00Z,28.319028333333332
2025-08-14T21:16:00Z,28.322498333333332
2025-08-14T21:17:00Z,28.325305
2025-08-14T21:18:00Z,28.327136666666668
2025-08-14T21:19:00Z,28.326931666666667
2025-08-14T21:20:00Z,28.327615
2025-08-14T21:21:00Z,28.328808333333335
2025-08-14T21:22:00Z,28.32907
2025-08-14T21:23:00Z,28.330233333333336
2025-08-14T21:24:00Z,28.33049
2025-08-14T21:25:00Z,28.331173333333336
2025-08-14T21:26:00Z,28.332038333333333
2025-08-14T21:27:00Z,28.33308166666667
2025-08-14T21:28:00Z,28.333853333333334
2025-08-14T21:29:00Z,28.333075
2025-08-14T21:30:00Z,28.334346666666665
2025-08-14T21:31:00Z,28.336556666666667
2025-08-14T21:32:00Z,28.338991666666665
2025-08-14T21:33:00Z,28.341101666666667
2025-08-14T21:34:00Z,28.341363333333334
2025-08-14T21:35:00Z,28.340273333333332
2025-08-14T21:36:00Z,28.339018333333332
2025-08-14T21:37:00Z,28.337729999999997
2025-08-14T21:38:00Z,28.336941666666664
2025-08-14T21:39:00Z,28.33665
2025-08-14T21:40:00Z,28.33673
2025-08-14T21:41:00Z,28.336481666666664
2025-08-14T21:42:00Z,28.336963333333333
2025-08-14T21:43:00Z,28.33801833333333
2025-08-14T21:44:00Z,28.340265
2025-08-14T21:45:00Z,28.343031666666665
2025-08-14T21:46:00Z,28.345491666666668
2025-08-14T21:47:00Z,28.34854
2025-08-14T21:48:00Z,28.350398333333334
2025-08-14T21:49:00Z,28.351178333333333
2025-08-14T21:50:00Z,28.352428333333336
2025-08-14T21:51:00Z,28.352711666666668
2025-08-14T21:52:00Z,28.353271666666668
2025-08-14T21:53:00Z,28.353558333333336
2025-08-14T21:54:00Z,28.353931666666668
2025-08-14T21:55:00Z,28.354738333333334
2025-08-14T21:56:00Z,28.354688333333335
2025-08-14T21:57:00Z,28.354783333333334
2025-08-14T21:58:00Z,28.355323333333335
2025-08-14T21:59:00Z,28.35555666666667
2025-08-14T22:00:00Z,28.356173333333334
2025-08-14T22:01:00Z,28.356173333333334
2025-08-14T22:02:00Z,28.35712
2025-08-14T22:03:00Z,28.3574
2025-08-14T22:04:00Z,28.358821666666664
2025-08-14T22:05:00Z,28.359565
2025-08-14T22:06:00Z,28.36093
2025-08-14T22:07:00Z,28.36246333333333
2025-08-14T22:08:00Z,28.363875
2025-08-14T22:09:00Z,28.364978333333333
2025-08-14T22:10:00Z,28.366543333333333
2025-08-14T22:11:00Z,28.367958333333334
2025-08-14T22:12:00Z,28.368936666666666
2025-08-14T22:13:00Z,28.369136666666666
2025-08-14T22:14:00Z,28.369558333333334
2025-08-14T22:15:00Z,28.369348333333335
2025-08-14T22:16:00Z,28.369611666666668
2025-08-14T22:17:00Z,28.369611666666668
2025-08-14T22:18:00Z,28.369658333333334
2025-08-14T22:19:00Z,28.372555000000002
2025-08-14T22:20:00Z,28.37342166666667
2025-08-14T22:21:00Z,28.373553333333334
2025-08-14T22:22:00Z,28.373433333333335
2025-08-14T22:23:00Z,28.373268333333336
2025-08-14T22:24:00Z,28.373926666666666
2025-08-14T22:25:00Z,28.373895
2025-08-14T22:26:00Z,28.374286666666666
2025-08-14T22:27:00Z,28.37393
2025-08-14T22:28:00Z,28.373875
2025-08-14T22:29:00Z,28.373533333333334
2025-08-14T22:30:00Z,28.373363333333334
2025-08-14T22:31:00Z,28.37356
2025-08-14T22:32:00Z,28.373133333333335
2025-08-14T22:33:00Z,28.373461666666667
2025-08-14T22:34:00Z,28.37272
2025-08-14T22:35:00Z,28.372773333333335
2025-08-14T22:36:00Z,28.372791666666668
2025-08-14T22:37:00Z,28.372510000000002
2025-08-14T22:38:00Z,28.372588333333333
2025-08-14T22:39:00Z,28.371965
2025-08-14T22:40:00Z,28.371911666666666
2025-08-14T22:41:00Z,28.371748333333333
2025-08-14T22:42:00Z,28.37114
2025-08-14T22:43:00Z,28.369798333333332
2025-08-14T22:44:00Z,28.367571666666667
2025-08-14T22:45:00Z,28.365378333333332
2025-08-14T22:46:00Z,28.364385
2025-08-14T22:47:00Z,28.36408833333333
2025-08-14T22:48:00Z,28.363676666666667
2025-08-14T22:49:00Z,28.364285
2025-08-14T22:50:00Z,28.364136666666667
2025-08-14T22:51:00Z,28.363968333333332
2025-08-14T22:52:00Z,28.364446666666666
2025-08-14T22:53:00Z,28.365624999999998
2025-08-14T22:54:00Z,28.366401666666665
2025-08-14T22:55:00Z,28.367741666666667
2025-08-14T22:56:00Z,28.368368333333333
2025-08-14T22:57:00Z,28.368748333333333
2025-08-14T22:58:00Z,28.368483333333334
2025-08-14T22:59:00Z,28.367666666666665
2025-08-14T23:00:00Z,28.368276666666667
2025-08-14T23:01:00Z,28.369153333333333
2025-08-14T23:02:00Z,28.37072
2025-08-14T23:03:00Z,28.373588333333334
2025-08-14T23:04:00Z,28.377288333333333
2025-08-14T23:05:00Z,28.380198333333333
2025-08-14T23:06:00Z,28.381345
2025-08-14T23:07:00Z,28.382656666666666
2025-08-14T23:08:00Z,28.38377
2025-08-14T23:09:00Z,28.385996666666667
2025-08-14T23:10:00Z,28.389166666666668
2025-08-14T23:11:00Z,28.391103333333334
2025-08-14T23:12:00Z,28.391718333333333
2025-08-14T23:13:00Z,28.39191
2025-08-14T23:14:00Z,28.392026666666666
2025-08-14T23:15:00Z,28.392001666666665
2025-08-14T23:16:00Z,28.392583333333334
2025-08-14T23:17:00Z,28.394266666666667
2025-08-14T23:18:00Z,28.395845
2025-08-14T23:19:00Z,28.397771666666667
2025-08-14T23:20:00Z,28.399038333333333
2025-08-14T23:21:00Z,28.399993333333335
2025-08-14T23:22:00Z,28.400878333333335
2025-08-14T23:23:00Z,28.401263333333333
2025-08-14T23:24:00Z,28.402076666666666
2025-08-14T23:25:00Z,28.402505
2025-08-14T23:26:00Z,28.403361666666665
2025-08-14T23:27:00Z,28.403668333333332
2025-08-14T23:28:00Z,28.40541
2025-08-14T23:29:00Z,28.40777333333333
2025-08-14T23:30:00Z,28.409778333333332
2025-08-14T23:31:00Z,28.41083
2025-08-14T23:32:00Z,28.411238333333333
2025-08-14T23:33:00Z,28.412381666666665
2025-08-14T23:34:00Z,28.413565
2025-08-14T23:35:00Z,28.41359
2025-08-14T23:36:00Z,28.412546666666668
2025-08-14T23:37:00Z,28.412031666666667
2025-08-14T23:38:00Z,28.411436666666667
2025-08-14T23:39:00Z,28.412021666666668
2025-08-14T23:40:00Z,28.412393333333334
2025-08-14T23:41:00Z,28.412171666666666
2025-08-14T23:42:00Z,28.412198333333333
2025-08-14T23:43:00Z,28.411813333333335
2025-08-14T23:44:00Z,28.411601666666666
2025-08-14T23:45:00Z,28.41177
2025-08-14T23:46:00Z,28.412223333333333
2025-08-14T23:47:00Z,28.412573333333334
2025-08-14T23:48:00Z,28.41255333333333
2025-08-14T23:49:00Z,28.413795
2025-08-14T23:50:00Z,28.414623333333335
2025-08-14T23:51:00Z,28.414883333333332
2025-08-14T23:52:00Z,28.415491666666668
2025-08-14T23:53:00Z,28.41548
2025-08-14T23:54:00Z,28.415505
2025-08-14T23:55:00Z,28.415206666666666
2025-08-14T23:56:00Z,28.415216666666666
2025-08-14T23:57:00Z,28.414981666666666
2025-08-14T23:58:00Z,28.414673333333333
2025-08-14T23:59:00Z,28.414743333333334
2025-08-15T00:00:00Z,28.41476
2025-08-15T00:01:00Z,28.414908333333333
2025-08-15T00:02:00Z,28.414813333333335
2025-08-15T00:03:00Z,28.414858333333335
2025-08-15T00:04:00Z,28.414761666666667
2025-08-15T00:05:00Z,28.4146
2025-08-15T00:06:00Z,28.414738333333332
2025-08-15T00:07:00Z,28.414811666666665
2025-08-15T00:08:00Z,28.415385
2025-08-15T00:09:00Z,28.416628333333335
2025-08-15T00:10:00Z,28.417803333333335
2025-08-15T00:11:00Z,28.420036666666668
2025-08-15T00:12:00Z,28.421243333333333
2025-08-15T00:13:00Z,28.422486666666668
2025-08-15T00:14:00Z,28.423168333333333
2025-08-15T00:15:00Z,28.4242
2025-08-15T00:16:00Z,28.42542
2025-08-15T00:17:00Z,28.425829999999998
2025-08-15T00:18:00Z,28.426303333333333
2025-08-15T00:19:00Z,28.426795
2025-08-15T00:20:00Z,28.427256666666665
2025-08-15T00:21:00Z,28.42799833333333
2025-08-15T00:22:00Z,28.428373333333333
2025-08-15T00:23:00Z,28.428566666666665
2025-08-15T00:24:00Z,28.429054999999998
2025-08-15T00:25:00Z,28.429289999999998
2025-08-15T00:26:00Z,28.429993333333332
2025-08-15T00:27:00Z,28.43011
2025-08-15T00:28:00Z,28.430418333333332
2025-08-15T00:29:00Z,28.430861666666665
2025-08-15T00:30:00Z,28.431461666666667
2025-08-15T00:31:00Z,28.431746666666665
2025-08-15T00:32:00Z,28.432568333333332
2025-08-15T00:33:00Z,28.43338
2025-08-15T00:34:00Z,28.4335
2025-08-15T00:35:00Z,28.43376
2025-08-15T00:36:00Z,28.433453333333333
2025-08-15T00:37:00Z,28.433531666666667
2025-08-15T00:38:00Z,28.43369
2025-08-15T00:39:00Z,28.43298
2025-08-15T00:40:00Z,28.432611666666666
2025-08-15T00:41:00Z,28.432446666666667
2025-08-15T00:42:00Z,28.432305
2025-08-15T00:43:00Z,28.432635
2025-08-15T00:44:00Z,28.43165
2025-08-15T00:45:00Z,28.431151666666665
2025-08-15T00:46:00Z,28.429804999999998
2025-08-15T00:47:00Z,28.42868
2025-08-15T00:48:00Z,28.427751666666666
2025-08-15T00:49:00Z,28.427686666666666
2025-08-15T00:50:00Z,28.428238333333333
2025-08-15T00:51:00Z,28.42788
2025-08-15T00:52:00Z,28.428491666666666
2025-08-15T00:53:00Z,28.430329999999998
2025-08-15T00:54:00Z,28.432953333333334
2025-08-15T00:55:00Z,28.433025
2025-08-15T00:56:00Z,28.431461666666667
2025-08-15T00:57:00Z,28.42985
2025-08-15T00:58:00Z,28.42749333333333
2025-08-15T00:59:00Z,28.427899999999998
2025-08-15T01:00:00Z,28.428465
2025-08-15T01:01:00Z,28.429711666666666
2025-08-15T01:02:00Z,28.431471666666667
2025-08-15T01:03:00Z,28.434003333333333
2025-08-15T01:04:00Z,28.436003333333332
2025-08-15T01:05:00Z,28.436885
2025-08-15T01:06:00Z,28.437611666666665
2025-08-15T01:07:00Z,28.438443333333336
2025-08-15T01:08:00Z,28.43903
2025-08-15T01:09:00Z,28.439573333333335
2025-08-15T01:10:00Z,28.440603333333335
2025-08-15T01:11:00Z,28.44089
2025-08-15T01:12:00Z,28.442371666666666
2025-08-15T01:13:00Z,28.444258333333334
2025-08-15T01:14:00Z,28.446
2025-08-15T01:15:00Z,28.447406666666666
2025-08-15T01:16:00Z,28.449195
2025-08-15T01:17:00Z,28.450956666666666
2025-08-15T01:18:00Z,28.453023333333334
2025-08-15T01:19:00Z,28.455013333333333
2025-08-15T01:20:00Z,28.456655
2025-08-15T01:21:00Z,28.45781
2025-08-15T01:22:00Z,28.458781666666667
2025-08-15T01:23:00Z,28.459823333333333
2025-08-15T01:24:00Z,28.46062
2025-08-15T01:25:00Z,28.460358333333335
2025-08-15T01:26:00Z,28.461366666666667
2025-08-15T01:27:00Z,28.463630000000002
2025-08-15T01:28:00Z,28.46488
2025-08-15T01:29:00Z,28.46623166666667
2025-08-15T01:30:00Z,28.46819
2025-08-15T01:31:00Z,28.470991666666666
2025-08-15T01:32:00Z,28.47375
2025-08-15T01:33:00Z,28.476035
2025-08-15T01:34:00Z,28.478101666666667
2025-08-15T01:35:00Z,28.480685
2025-08-15T01:36:00Z,28.482601666666667
2025-08-15T01:37:00Z,28.483240000000002
2025-08-15T01:38:00Z,28.483951666666666
2025-08-15T01:39:00Z,28.484873333333333
2025-08-15T01:40:00Z,28.48611
2025-08-15T01:41:00Z,28.487218333333335
2025-08-15T01:42:00Z,28.490755
2025-08-15T01:43:00Z,28.497601666666664
2025-08-15T01:44:00Z,28.50486
2025-08-15T01:45:00Z,28.512413333333335
2025-08-15T01:46:00Z,28.519378333333332
2025-08-15T01:47:00Z,28.525603333333333
2025-08-15T01:48:00Z,28.530851666666667
2025-08-15T01:49:00Z,28.535913333333333
2025-08-15T01:50:00Z,28.540143333333333
2025-08-15T01:51:00Z,28.545561666666668
2025-08-15T01:52:00Z,28.549288333333333
2025-08-15T01:53:00Z,28.553103333333333
2025-08-15T01:54:00Z,28.55582666666667
2025-08-15T01:55:00Z,28.557303333333333
2025-08-15T01:56:00Z,28.558703333333334
2025-08-15T01:57:00Z,28.560505
2025-08-15T01:58:00Z,28.561906666666665
2025-08-15T01:59:00Z,28.562571666666667
2025-08-15T02:00:00Z,28.56329
2025-08-15T02:01:00Z,28.56343833333333
2025-08-15T02:02:00Z,28.563123333333333
2025-08-15T02:03:00Z,28.563818333333334
2025-08-15T02:04:00Z,28.563123333333333
2025-08-15T02:05:00Z,28.562144999999997
2025-08-15T02:06:00Z,28.560196666666666
2025-08-15T02:07:00Z,28.559668333333335
2025-08-15T02:08:00Z,28.559231666666665
2025-08-15T02:09:00Z,28.560125
2025-08-15T02:10:00Z,28.56160333333333
2025-08-15T02:11:00Z,28.562939999999998
2025-08-15T02:12:00Z,28.56314833333333
2025-08-15T02:13:00Z,28.563751666666665
2025-08-15T02:14:00Z,28.563748333333333
2025-08-15T02:15:00Z,28.563121666666664
2025-08-15T02:16:00Z,28.563415
2025-08-15T02:17:00Z,28.56485
2025-08-15T02:18:00Z,28.565925
2025-08-15T02:19:00Z,28.565571666666667
2025-08-15T02:20:00Z,28.565828333333332
2025-08-15T02:21:00Z,28.564898333333332
2025-08-15T02:22:00Z,28.563995
2025-08-15T02:23:00Z,28.562933333333334
2025-08-15T02:24:00Z,28.561885
2025-08-15T02:25:00Z,28.560583333333334
2025-08-15T02:26:00Z,28.559696666666667
2025-08-15T02:27:00Z,28.557075
2025-08-15T02:28:00Z,28.55483166666667
2025-08-15T02:29:00Z,28.55229
2025-08-15T02:30:00Z,28.550726666666666
2025-08-15T02:31:00Z,28.548828333333333
2025-08-15T02:32:00Z,28.547443333333334
2025-08-15T02:33:00Z,28.546153333333333
2025-08-15T02:34:00Z,28.545113333333333
2025-08-15T02:35:00Z,28.54019
2025-08-15T02:36:00Z,28.534536666666668
2025-08-15T02:37:00Z,28.527978333333333
2025-08-15T02:38:00Z,28.52246
2025-08-15T02:39:00Z,28.519186666666666
2025-08-15T02:40:00Z,28.517118333333332
2025-08-15T02:41:00Z,28.515848333333334
2025-08-15T02:42:00Z,28.514903333333333
2025-08-15T02:43:00Z,28.516086666666666
2025-08-15T02:44:00Z,28.519041666666666
2025-08-15T02:45:00Z,28.525815
2025-08-15T02:46:00Z,28.531916666666667
2025-08-15T02:47:00Z,28.537025
2025-08-15T02:48:00Z,28.540715
2025-08-15T02:49:00Z,28.542859999999997
2025-08-15T02:50:00Z,28.541436666666666
2025-08-15T02:51:00Z,28.53827833333333
2025-08-15T02:52:00Z,28.53544
2025-08-15T02:53:00Z,28.525718333333334
2025-08-15T02:54:00Z,28.511813333333333
2025-08-15T02:55:00Z,28.496056666666668
2025-08-15T02:56:00Z,28.47904
2025-08-15T02:57:00Z,28.46209
2025-08-15T02:58:00Z,28.447801666666667
2025-08-15T02:59:00Z,28.436623333333333
2025-08-15T03:00:00Z,28.429971666666667
2025-08-15T03:01:00Z,28.425201666666666
2025-08-15T03:02:00Z,28.42127
2025-08-15T03:03:00Z,28.41794666666667
2025-08-15T03:04:00Z,28.417203333333333
2025-08-15T03:05:00Z,28.41756
2025-08-15T03:06:00Z,28.41965666666667
2025-08-15T03:07:00Z,28.421578333333336
2025-08-15T03:08:00Z,28.422816666666666
2025-08-15T03:09:00Z,28.424815
2025-08-15T03:10:00Z,28.428103333333333
2025-08-15T03:11:00Z,28.431155
2025-08-15T03:12:00Z,28.433046666666666
2025-08-15T03:13:00Z,28.436596666666667
2025-08-15T03:14:00Z,28.439566666666668
2025-08-15T03:15:00Z,28.437528333333333
2025-08-15T03:16:00Z,28.434169999999998
2025-08-15T03:17:00Z,28.432953333333334
2025-08-15T03:18:00Z,28.432299999999998
2025-08-15T03:19:00Z,28.432011666666668
2025-08-15T03:20:00Z,28.432545
2025-08-15T03:21:00Z,28.43314833333333
2025-08-15T03:22:00Z,28.434096666666665
2025-08-15T03:23:00Z,28.437536666666666
2025-08-15T03:24:00Z,28.438393333333334
2025-08-15T03:25:00Z,28.439006666666668
2025-08-15T03:26:00Z,28.43948
2025-08-15T03:27:00Z,28.440391666666667
2025-08-15T03:28:00Z,28.441085
2025-08-15T03:29:00Z,28.440506666666668
2025-08-15T03:30:00Z,28.440225
2025-08-15T03:31:00Z,28.43997166666667
2025-08-15T03:32:00Z,28.439665
2025-08-15T03:33:00Z,28.440205000000002
2025-08-15T03:34:00Z,28.441370000000003
2025-08-15T03:35:00Z,28.4435
2025-08-15T03:36:00Z,28.446571666666667
2025-08-15T03:37:00Z,28.44840333333333
2025-08-15T03:38:00Z,28.44948833333333
2025-08-15T03:39:00Z,28.449003333333334
2025-08-15T03:40:00Z,28.449658333333332
2025-08-15T03:41:00Z,28.450075
2025-08-15T03:42:00Z,28.450533333333333
2025-08-15T03:43:00Z,28.450644999999998
2025-08-15T03:44:00Z,28.450811666666667
2025-08-15T03:45:00Z,28.45058
2025-08-15T03:46:00Z,28.450548333333334
2025-08-15T03:47:00Z,28.450364999999998
2025-08-15T03:48:00Z,28.450196666666667
2025-08-15T03:49:00Z,28.450081666666666
2025-08-15T03:50:00Z,28.450811666666667
2025-08-15T03:51:00Z,28.451001666666667
2025-08-15T03:52:00Z,28.451311666666665
2025-08-15T03:53:00Z,28.451773333333332
2025-08-15T03:54:00Z,28.452951666666667
2025-08-15T03:55:00Z,28.454568333333334
2025-08-15T03:56:00Z,28.456353333333333
2025-08-15T03:57:00Z,28.45808
2025-08-15T03:58:00Z,28.458558333333333
2025-08-15T03:59:00Z,28.458195
2025-08-15T04:00:00Z,28.457978333333333
2025-08-15T04:01:00Z,28.45786
2025-08-15T04:02:00Z,28.458558333333333
2025-08-15T04:03:00Z,28.459225
2025-08-15T04:04:00Z,28.45943666666667
2025-08-15T04:05:00Z,28.45982
2025-08-15T04:06:00Z,28.46071
2025-08-15T04:07:00Z,28.462938333333334
2025-08-15T04:08:00Z,28.464901666666666
2025-08-15T04:09:00Z,28.468793333333334
2025-08-15T04:10:00Z,28.47196333333333
2025-08-15T04:11:00Z,28.474921666666667
2025-08-15T04:12:00Z,28.476728333333334
2025-08-15T04:13:00Z,28.47647
2025-08-15T04:14:00Z,28.476116666666666
2025-08-15T04:15:00Z,28.47514
2025-08-15T04:16:00Z,28.473893333333333
2025-08-15T04:17:00Z,28.473056666666665
2025-08-15T04:18:00Z,28.471249999999998
2025-08-15T04:19:00Z,28.471063333333333
2025-08-15T04:20:00Z,28.471086666666665
2025-08-15T04:21:00Z,28.47104
2025-08-15T04:22:00Z,28.471226666666666
2025-08-15T04:23:00Z,28.471721666666667
2025-08-15T04:24:00Z,28.472026666666665
2025-08-15T04:25:00Z,28.473056666666665
2025-08-15T04:26:00Z,28.48107
2025-08-15T04:27:00Z,28.492898333333333
2025-08-15T04:28:00Z,28.503481666666666
2025-08-15T04:29:00Z,28.511148333333335
2025-08-15T04:30:00Z,28.51724
2025-08-15T04:31:00Z,28.523671666666665
2025-08-15T04:32:00Z,28.53079166666667
2025-08-15T04:33:00Z,28.537119999999998
2025-08-15T04:34:00Z,28.540671666666665
2025-08-15T04:35:00Z,28.541723333333334
2025-08-15T04:36:00Z,28.542791666666666
2025-08-15T04:37:00Z,28.54418
2025-08-15T04:38:00Z,28.544381666666666
2025-08-15T04:39:00Z,28.54440333333333
2025-08-15T04:40:00Z,28.543789999999998
2025-08-15T04:41:00Z,28.543101666666665
2025-08-15T04:42:00Z,28.542458333333332
2025-08-15T04:43:00Z,28.542361666666665
2025-08-15T04:44:00Z,28.542026666666665
2025-08-15T04:45:00Z,28.540268333333334
2025-08-15T04:46:00Z,28.53291666666667
2025-08-15T04:47:00Z,28.523265
2025-08-15T04:48:00Z,28.511623333333333
2025-08-15T04:49:00Z,28.503083333333333
2025-08-15T04:50:00Z,28.49691
2025-08-15T04:51:00Z,28.493323333333333
2025-08-15T04:52:00Z,28.490846666666666
2025-08-15T04:53:00Z,28.487523333333336
2025-08-15T04:54:00Z,28.484628333333333
2025-08-15T04:55:00Z,28.48123
2025-08-15T04:56:00Z,28.47796
2025-08-15T04:57:00Z,28.475761666666667
2025-08-15T04:58:00Z,28.473705
2025-08-15T04:59:00Z,28.47243
2025-08-15T05:00:00Z,28.47212
2025-08-15T05:01:00Z,28.47151333333333
2025-08-15T05:02:00Z,28.4709
2025-08-15T05:03:00Z,28.470971666666667
2025-08-15T05:04:00Z,28.470126666666665
2025-08-15T05:05:00Z,28.470264999999998
2025-08-15T05:06:00Z,28.470285
2025-08-15T05:07:00Z,28.470431666666666
2025-08-15T05:08:00Z,28.470665
2025-08-15T05:09:00Z,28.470873333333333
2025-08-15T05:10:00Z,28.47146
2025-08-15T05:11:00Z,28.47217333333333
2025-08-15T05:12:00Z,28.4725
2025-08-15T05:13:00Z,28.473773333333334
2025-08-15T05:14:00Z,28.474449999999997
2025-08-15T05:15:00Z,28.47530833333333
2025-08-15T05:16:00Z,28.475303333333333
2025-08-15T05:17:00Z,28.47533333333333
2025-08-15T05:18:00Z,28.475661666666667
2025-08-15T05:19:00Z,28.47616
2025-08-15T05:20:00Z,28.476873333333334
2025-08-15T05:21:00Z,28.478836666666666
2025-08-15T05:22:00Z,28.480523333333334
2025-08-15T05:23:00Z,28.481255
2025-08-15T05:24:00Z,28.482165000000002
2025-08-15T05:25:00Z,28.483293333333332
2025-08-15T05:26:00Z,28.483751666666667
2025-08-15T05:27:00Z,28.483536666666666
2025-08-15T05:28:00Z,28.483866666666668
2025-08-15T05:29:00Z,28.484045000000002
2025-08-15T05:30:00Z,28.483703333333334
2025-08-15T05:31:00Z,28.48447
2025-08-15T05:32:00Z,28.484398333333335
2025-08-15T05:33:00Z,28.485045
2025-08-15T05:34:00Z,28.485406666666666
2025-08-15T05:35:00Z,28.48663666666667
2025-08-15T05:36:00Z,28.487615
2025-08-15T05:37:00Z,28.488695
2025-08-15T05:38:00Z,28.48984666666667
2025-08-15T05:39:00Z,28.490641666666665
2025-08-15T05:40:00Z,28.491606666666666
2025-08-15T05:41:00Z,28.492908333333332
2025-08-15T05:42:00Z,28.495134999999998
2025-08-15T05:43:00Z,28.49653
2025-08-15T05:44:00Z,28.499185
2025-08-15T05:45:00Z,28.501963333333332
2025-08-15T05:46:00Z,28.505658333333333
2025-08-15T05:47:00Z,28.509375000000002
2025-08-15T05:48:00Z,28.511311666666668
2025-08-15T05:49:00Z,28.51336666666667
2025-08-15T05:50:00Z,28.514705
2025-08-15T05:51:00Z,28.514946666666667
2025-08-15T05:52:00Z,28.516176666666667
2025-08-15T05:53:00Z,28.519738333333333
2025-08-15T05:54:00Z,28.520335
2025-08-15T05:55:00Z,28.5211
2025-08-15T05:56:00Z,28.52105
2025-08-15T05:57:00Z,28.521788333333333
2025-08-15T05:58:00Z,28.522743333333334
2025-08-15T05:59:00Z,28.522645
2025-08-15T06:00:00Z,28.523536666666665
2025-08-15T06:01:00Z,28.523991666666667
2025-08-15T06:02:00Z,28.524736666666666
2025-08-15T06:03:00Z,28.525701666666667
2025-08-15T06:04:00Z,28.526221666666668
2025-08-15T06:05:00Z,28.525755
2025-08-15T06:06:00Z,28.526033333333334
2025-08-15T06:07:00Z,28.527188333333335
2025-08-15T06:08:00Z,28.527301666666666
2025-08-15T06:09:00Z,28.528088333333333
2025-08-15T06:10:00Z,28.529525
2025-08-15T06:11:00Z,28.530573333333333
2025-08-15T06:12:00Z,28.531835
2025-08-15T06:13:00Z,28.533921666666668
2025-08-15T06:14:00Z,28.53481
2025-08-15T06:15:00Z,28.53610666666667
2025-08-15T06:16:00Z,28.538036666666667
2025-08-15T06:17:00Z,28.53998
2025-08-15T06:18:00Z,28.542341666666665
2025-08-15T06:19:00Z,28.544396666666668
2025-08-15T06:20:00Z,28.545351666666665
2025-08-15T06:21:00Z,28.547565
2025-08-15T06:22:00Z,28.549693333333334
2025-08-15T06:23:00Z,28.550635
2025-08-15T06:24:00Z,28.550743333333333
2025-08-15T06:25:00Z,28.549981666666667
2025-08-15T06:26:00Z,28.54967
2025-08-15T06:27:00Z,28.549548333333334
2025-08-15T06:28:00Z,28.549915
2025-08-15T06:29:00Z,28.551101666666668
2025-08-15T06:30:00Z,28.552793333333334
2025-08-15T06:31:00Z,28.554835
2025-08-15T06:32:00Z,28.557661666666668
2025-08-15T06:33:00Z,28.559931666666667
2025-08-15T06:34:00Z,28.561505
2025-08-15T06:35:00Z,28.564275
2025-08-15T06:36:00Z,28.568145
2025-08-15T06:37:00Z,28.571325
2025-08-15T06:38:00Z,28.573623333333334
2025-08-15T06:39:00Z,28.57511166666667
2025-08-15T06:40:00Z,28.575953333333334
2025-08-15T06:41:00Z,28.576328333333333
2025-08-15T06:42:00Z,28.575133333333333
2025-08-15T06:43:00Z,28.574808333333333
2025-08-15T06:44:00Z,28.57375
2025-08-15T06:45:00Z,28.573673333333335
2025-08-15T06:46:00Z,28.573413333333335
2025-08-15T06:47:00Z,28.572836666666667
2025-08-15T06:48:00Z,28.57327
2025-08-15T06:49:00Z,28.573605
2025-08-15T06:50:00Z,28.573875
2025-08-15T06:51:00Z,28.574605000000002
2025-08-15T06:52:00Z,28.5786
2025-08-15T06:53:00Z,28.58213
2025-08-15T06:54:00Z,28.585206666666664
2025-08-15T06:55:00Z,28.588815
2025-08-15T06:56:00Z,28.590558333333334
2025-08-15T06:57:00Z,28.592641666666665
2025-08-15T06:58:00Z,28.594823333333334
2025-08-15T06:59:00Z,28.596140000000002
2025-08-15T07:00:00Z,28.59688
2025-08-15T07:01:00Z,28.598746666666667
2025-08-15T07:02:00Z,28.6024
2025-08-15T07:03:00Z,28.604233333333333
2025-08-15T07:04:00Z,28.604286666666667
2025-08-15T07:05:00Z,28.597978333333334
2025-08-15T07:06:00Z,28.585955
2025-08-15T07:07:00Z,28.572733333333332
2025-08-15T07:08:00Z,28.56291
2025-08-15T07:09:00Z,28.555963333333334
2025-08-15T07:10:00Z,28.549405
2025-08-15T07:11:00Z,28.54515
2025-08-15T07:12:00Z,28.542285
2025-08-15T07:13:00Z,28.53985833333333
2025-08-15T07:14:00Z,28.538826666666665
2025-08-15T07:15:00Z,28.538058333333332
2025-08-15T07:16:00Z,28.536766666666665
2025-08-15T07:17:00Z,28.536505
2025-08-15T07:18:00Z,28.535641666666667
2025-08-15T07:19:00Z,28.536013333333333
2025-08-15T07:20:00Z,28.53662
2025-08-15T07:21:00Z,28.53811
2025-08-15T07:22:00Z,28.540121666666664
2025-08-15T07:23:00Z,28.538753333333332
2025-08-15T07:24:00Z,28.538138333333332
2025-08-15T07:25:00Z,28.535605
2025-08-15T07:26:00Z,28.532145
2025-08-15T07:27:00Z,28.52833
2025-08-15T07:28:00Z,28.526435
2025-08-15T07:29:00Z,28.526128333333332
2025-08-15T07:30:00Z,28.524853333333333
2025-08-15T07:31:00Z,28.52293
2025-08-15T07:32:00Z,28.520191666666665
2025-08-15T07:33:00Z,28.517516666666666
2025-08-15T07:34:00Z,28.516248333333333
2025-08-15T07:35:00Z,28.515825
2025-08-15T07:36:00Z,28.516291666666667
2025-08-15T07:37:00Z,28.51674
2025-08-15T07:38:00Z,28.516696666666665
2025-08-15T07:39:00Z,28.517143333333333
2025-08-15T07:40:00Z,28.516718333333333
2025-08-15T07:41:00Z,28.516928333333333
2025-08-15T07:42:00Z,28.51665
2025-08-15T07:43:00Z,28.517206666666667
2025-08-15T07:44:00Z,28.518698333333333
2025-08-15T07:45:00Z,28.521481666666666
2025-08-15T07:46:00Z,28.526413333333334
2025-08-15T07:47:00Z,28.534405
2025-08-15T07:48:00Z,28.53492
2025-08-15T07:49:00Z,28.532766666666667
2025-08-15T07:50:00Z,28.530498333333334
2025-08-15T07:51:00Z,28.52859
2025-08-15T07:52:00Z,28.527658333333335
2025-08-15T07:53:00Z,28.527778333333334
2025-08-15T07:54:00Z,28.52766
2025-08-15T07:55:00Z,28.528458333333333
2025-08-15T07:56:00Z,28.530335
2025-08-15T07:57:00Z,28.532843333333336
2025-08-15T07:58:00Z,28.535985
2025-08-15T07:59:00Z,28.539521666666666
2025-08-15T08:00:00Z,28.544228333333333
2025-08-15T08:01:00Z,28.55024166666667
2025-08-15T08:02:00Z,28.554986666666668
2025-08-15T08:03:00Z,28.559516666666667
2025-08-15T08:04:00Z,28.563578333333332
2025-08-15T08:05:00Z,28.565496666666665
2025-08-15T08:06:00Z,28.565973333333332
2025-08-15T08:07:00Z,28.56600333333333
2025-08-15T08:08:00Z,28.565571666666667
2025-08-15T08:09:00Z,28.563174999999998
2025-08-15T08:10:00Z,28.562836666666666
2025-08-15T08:11:00Z,28.563164999999998
2025-08-15T08:12:00Z,28.56308
2025-08-15T08:13:00Z,28.564136666666666
2025-08-15T08:14:00Z,28.565196666666665
2025-08-15T08:15:00Z,28.56676
2025-08-15T08:16:00Z,28.569666666666667
2025-08-15T08:17:00Z,28.570663333333332
2025-08-15T08:18:00Z,28.572148333333335
2025-08-15T08:19:00Z,28.573631666666667
2025-08-15T08:20:00Z,28.572843333333335
2025-08-15T08:21:00Z,28.573718333333332
2025-08-15T08:22:00Z,28.575798333333335
2025-08-15T08:23:00Z,28.57589666666667
2025-08-15T08:24:00Z,28.57476
2025-08-15T08:25:00Z,28.57406
2025-08-15T08:26:00Z,28.574953333333333
2025-08-15T08:27:00Z,28.575590000000002
2025-08-15T08:28:00Z,28.576521666666668
2025-08-15T08:29:00Z,28.579386666666668
2025-08-15T08:30:00Z,28.581321666666668
2025-08-15T08:31:00Z,28.583489999999998
2025-08-15T08:32:00Z,28.584948333333333
2025-08-15T08:33:00Z,28.587231666666664
2025-08-15T08:34:00Z,28.589795
2025-08-15T08:35:00Z,28.592785
2025-08-15T08:36:00Z,28.594678333333334
2025-08-15T08:37:00Z,28.595646666666667
2025-08-15T08:38:00Z,28.59527
2025-08-15T08:39:00Z,28.594071666666668
2025-08-15T08:40:00Z,28.59321
2025-08-15T08:41:00Z,28.5948
2025-08-15T08:42:00Z,28.59683
2025-08-15T08:43:00Z,28.598625000000002
2025-08-15T08:44:00Z,28.598026666666666
2025-08-15T08:45:00Z,28.597288333333335
2025-08-15T08:46:00Z,28.5973
