sample_ID,Intercept,umol.L.sec,Temp.C,Light_level,Light_value,run_block
A01_PI,113.4344120234604,0.1148922287390031,25.221907407407407,1,0,RUN7
A01_PI,121.24644497145371,0.12425415019762792,25.042666666666666,2,150,RUN7
A01_PI,129.49680769230775,0.12688133208255095,24.93848148148148,3,250,RUN7
Blank_Run1_PI,134.20347963800907,-0.0209353709553489,27.352425925925925,1,0,RUN7
Blank_Run1_PI,132.81979784075565,-0.019335829959512812,27.27,2,150,RUN7
Blank_Run1_PI,131.6006872743189,-0.021923733450049953,27.206666666666667,3,250,RUN7
